date,T2M,T2M_MAX,T2M_MIN,RH2M,PRECTOTCORR,WS2M,ALLSKY_SFC_SW_DWN,PS,CLOUD_AMT,T2MDEW,station,latitude,longitude,climate,source,et0_mm_day,rn_mj_m2_day,g_vapour_kpa,vapour_pressure_source,elevation_m,ra_mj_m2_day
2015-01-01,14.45,23.31,7.17,40.6,0.0,1.21,11.76,98.94,24.11,0.74,PNJ,29.39,76.96,semi_arid_subtropical,NASA_POWER_daily_ag,2.071,3.756,0.6445,dewpoint,247.4,20.355
2015-01-02,15.61,22.58,11.05,54.1,3.77,1.2,3.67,99.02,81.55,5.78,PNJ,29.39,76.96,semi_arid_subtropical,NASA_POWER_daily_ag,1.698,3.028,0.921,dewpoint,239.0,20.407
2015-01-03,13.46,17.86,10.15,76.13,6.74,0.7,4.48,99.03,69.42,9.17,PNJ,29.39,76.96,semi_arid_subtropical,NASA_POWER_daily_ag,1.022,3.187,1.1613,dewpoint,238.0,20.463
2015-01-04,12.45,20.81,6.68,60.93,0.0,2.38,8.99,99.1,53.11,3.82,PNJ,29.39,76.96,semi_arid_subtropical,NASA_POWER_daily_ag,2.173,3.82,0.803,dewpoint,230.7,20.523
2015-01-05,12.36,21.52,6.13,43.27,0.0,3.81,12.19,98.83,17.02,-0.66,PNJ,29.39,76.96,semi_arid_subtropical,NASA_POWER_daily_ag,3.358,3.868,0.5821,dewpoint,258.9,20.587
2015-01-06,13.07,22.09,7.83,49.44,0.0,2.56,5.97,98.63,49.63,2.09,PNJ,29.39,76.96,semi_arid_subtropical,NASA_POWER_daily_ag,2.506,3.344,0.7102,dewpoint,279.9,20.655
2015-01-07,12.13,21.27,6.01,51.14,0.0,2.07,7.87,98.72,59.23,1.61,PNJ,29.39,76.96,semi_arid_subtropical,NASA_POWER_daily_ag,2.193,3.608,0.6862,dewpoint,270.5,20.727
2015-01-08,11.97,21.82,4.84,45.0,0.0,2.0,6.37,98.94,47.77,-0.52,PNJ,29.39,76.96,semi_arid_subtropical,NASA_POWER_daily_ag,2.29,3.379,0.5881,dewpoint,247.4,20.803
2015-01-09,10.95,20.48,4.23,40.73,0.0,1.65,7.85,99.07,66.23,-2.62,PNJ,29.39,76.96,semi_arid_subtropical,NASA_POWER_daily_ag,2.116,3.504,0.5037,dewpoint,233.8,20.883
2015-01-10,10.81,21.13,3.67,38.34,0.0,2.41,9.65,98.98,60.41,-3.83,PNJ,29.39,76.96,semi_arid_subtropical,NASA_POWER_daily_ag,2.661,3.63,0.4601,dewpoint,243.2,20.966
2015-01-11,11.7,23.27,3.96,34.33,0.0,2.4,7.99,98.97,87.48,-4.83,PNJ,29.39,76.96,semi_arid_subtropical,NASA_POWER_daily_ag,2.854,3.425,0.4266,dewpoint,244.3,21.054
2015-01-12,12.56,23.87,4.46,33.27,0.0,1.63,7.73,98.97,47.55,-4.27,PNJ,29.39,76.96,semi_arid_subtropical,NASA_POWER_daily_ag,2.403,3.432,0.4451,dewpoint,244.3,21.145
2015-01-13,12.45,21.99,5.48,38.12,0.0,1.9,10.22,98.81,49.64,-2.27,PNJ,29.39,76.96,semi_arid_subtropical,NASA_POWER_daily_ag,2.522,3.794,0.517,dewpoint,261.0,21.241
2015-01-14,10.88,16.67,6.8,61.15,3.68,1.87,4.67,98.88,61.24,3.11,PNJ,29.39,76.96,semi_arid_subtropical,NASA_POWER_daily_ag,1.683,3.305,0.7637,dewpoint,253.7,21.339
2015-01-15,11.39,19.8,4.87,71.9,0.0,1.43,12.75,99.1,5.34,5.76,PNJ,29.39,76.96,semi_arid_subtropical,NASA_POWER_daily_ag,1.656,5.014,0.9197,dewpoint,230.7,21.442
2015-01-16,12.6,21.82,5.45,66.34,0.0,1.61,14.09,99.06,5.48,5.49,PNJ,29.39,76.96,semi_arid_subtropical,NASA_POWER_daily_ag,1.967,5.194,0.9026,dewpoint,234.9,21.548
2015-01-17,12.86,22.59,6.3,51.0,0.0,2.14,11.63,99.08,22.34,1.89,PNJ,29.39,76.96,semi_arid_subtropical,NASA_POWER_daily_ag,2.47,4.368,0.7001,dewpoint,232.8,21.658
2015-01-18,12.55,22.73,4.98,46.06,0.0,2.09,12.26,98.98,16.64,0.17,PNJ,29.39,76.96,semi_arid_subtropical,NASA_POWER_daily_ag,2.563,4.385,0.6184,dewpoint,243.2,21.771
2015-01-19,13.41,22.24,6.3,43.43,0.0,1.51,10.27,99.01,38.93,0.44,PNJ,29.39,76.96,semi_arid_subtropical,NASA_POWER_daily_ag,2.267,4.145,0.6306,dewpoint,240.1,21.888
2015-01-20,11.91,20.78,6.15,43.16,0.0,1.15,6.21,99.12,57.46,-0.9,PNJ,29.39,76.96,semi_arid_subtropical,NASA_POWER_daily_ag,1.803,3.578,0.5719,dewpoint,228.6,22.009
2015-01-21,12.42,19.31,6.37,46.37,1.29,1.64,5.21,99.29,98.95,0.55,PNJ,29.39,76.96,semi_arid_subtropical,NASA_POWER_daily_ag,2.073,3.475,0.6357,dewpoint,210.8,22.132
2015-01-22,12.56,16.86,9.38,79.44,5.25,1.7,4.23,99.24,91.26,8.93,PNJ,29.39,76.96,semi_arid_subtropical,NASA_POWER_daily_ag,1.201,3.319,1.1426,dewpoint,216.0,22.259
2015-01-23,12.76,20.51,8.17,72.43,1.16,1.13,7.09,99.16,69.64,7.14,PNJ,29.39,76.96,semi_arid_subtropical,NASA_POWER_daily_ag,1.419,4.01,1.0115,dewpoint,224.4,22.39
2015-01-24,13.04,21.51,5.97,58.9,0.0,1.81,8.26,99.14,77.19,4.19,PNJ,29.39,76.96,semi_arid_subtropical,NASA_POWER_daily_ag,2.062,4.185,0.8242,dewpoint,226.5,22.523
2015-01-25,12.09,20.48,5.97,48.2,0.0,1.61,6.83,99.2,49.61,0.51,PNJ,29.39,76.96,semi_arid_subtropical,NASA_POWER_daily_ag,2.08,3.826,0.6338,dewpoint,220.2,22.66
2015-01-26,12.08,20.22,6.76,52.28,2.07,0.79,7.37,99.14,41.62,1.97,PNJ,29.39,76.96,semi_arid_subtropical,NASA_POWER_daily_ag,1.514,3.987,0.7041,dewpoint,226.5,22.8
2015-01-27,11.45,19.15,6.51,53.37,0.03,1.89,10.66,99.09,15.85,1.76,PNJ,29.39,76.96,semi_arid_subtropical,NASA_POWER_daily_ag,2.176,4.672,0.6936,dewpoint,231.7,22.943
2015-01-28,10.41,19.15,4.76,50.92,0.0,2.14,12.14,98.94,15.55,-0.05,PNJ,29.39,76.96,semi_arid_subtropical,NASA_POWER_daily_ag,2.33,4.917,0.6086,dewpoint,247.4,23.088
2015-01-29,10.1,19.06,3.29,41.74,0.0,2.13,13.28,99.05,12.91,-3.4,PNJ,29.39,76.96,semi_arid_subtropical,NASA_POWER_daily_ag,2.581,4.956,0.4752,dewpoint,235.9,23.237
2015-01-30,11.34,20.77,3.81,41.65,0.0,2.88,16.38,99.18,5.6,-2.4,PNJ,29.39,76.96,semi_arid_subtropical,NASA_POWER_daily_ag,3.189,5.524,0.512,dewpoint,222.3,23.389
2015-01-31,12.75,23.23,4.75,39.02,0.0,2.44,15.65,98.93,13.74,-2.05,PNJ,29.39,76.96,semi_arid_subtropical,NASA_POWER_daily_ag,3.179,5.341,0.5255,dewpoint,248.5,23.543
2015-02-01,14.53,23.21,7.19,39.03,0.0,1.26,12.87,98.93,48.69,-0.02,PNJ,29.39,76.96,semi_arid_subtropical,NASA_POWER_daily_ag,2.442,5.031,0.6099,dewpoint,248.5,23.7
2015-02-02,15.46,23.92,8.51,43.04,0.82,1.76,10.78,98.96,77.89,2.14,PNJ,29.39,76.96,semi_arid_subtropical,NASA_POWER_daily_ag,2.743,4.793,0.7127,dewpoint,245.3,23.86
2015-02-03,14.82,22.03,10.34,59.77,5.59,2.66,9.8,99.17,47.83,6.35,PNJ,29.39,76.96,semi_arid_subtropical,NASA_POWER_daily_ag,2.629,4.889,0.958,dewpoint,223.4,24.022
2015-02-04,14.0,23.35,7.85,63.89,0.32,2.24,10.31,99.36,31.5,6.1,PNJ,29.39,76.96,semi_arid_subtropical,NASA_POWER_daily_ag,2.356,5.051,0.9416,dewpoint,203.5,24.187
2015-02-05,13.47,24.01,5.49,48.91,0.0,2.09,16.5,99.08,8.37,1.35,PNJ,29.39,76.96,semi_arid_subtropical,NASA_POWER_daily_ag,2.945,6.127,0.6735,dewpoint,232.8,24.354
2015-02-06,13.86,23.22,7.5,44.19,0.0,1.27,16.41,99.04,21.49,0.47,PNJ,29.39,76.96,semi_arid_subtropical,NASA_POWER_daily_ag,2.55,6.026,0.632,dewpoint,236.9,24.524
2015-02-07,15.64,24.01,9.13,41.04,0.0,1.13,16.02,98.9,11.94,1.81,PNJ,29.39,76.96,semi_arid_subtropical,NASA_POWER_daily_ag,2.598,6.066,0.6961,dewpoint,251.6,24.695
2015-02-08,16.64,25.11,11.42,43.68,0.0,2.01,16.01,98.94,25.8,3.52,PNJ,29.39,76.96,semi_arid_subtropical,NASA_POWER_daily_ag,3.285,6.191,0.7862,dewpoint,247.4,24.869
2015-02-09,15.69,25.22,8.66,49.76,0.0,2.06,16.99,99.14,11.04,3.86,PNJ,29.39,76.96,semi_arid_subtropical,NASA_POWER_daily_ag,3.192,6.621,0.8053,dewpoint,226.5,25.045
2015-02-10,15.08,24.6,7.53,41.0,0.0,1.99,17.04,99.18,33.11,0.46,PNJ,29.39,76.96,semi_arid_subtropical,NASA_POWER_daily_ag,3.303,6.345,0.6316,dewpoint,222.3,25.223
2015-02-11,14.58,23.3,7.82,39.36,0.0,1.57,15.24,98.91,29.83,0.0,PNJ,29.39,76.96,semi_arid_subtropical,NASA_POWER_daily_ag,2.897,6.033,0.6108,dewpoint,250.6,25.403
2015-02-12,14.59,25.32,6.68,37.3,0.0,2.09,15.98,98.79,5.14,-0.98,PNJ,29.39,76.96,semi_arid_subtropical,NASA_POWER_daily_ag,3.354,6.107,0.5686,dewpoint,263.1,25.585
2015-02-13,15.85,26.08,6.62,35.27,0.0,2.22,16.78,98.48,4.96,-0.65,PNJ,29.39,76.96,semi_arid_subtropical,NASA_POWER_daily_ag,3.695,6.348,0.5825,dewpoint,295.7,25.768
2015-02-14,19.47,29.67,12.79,37.07,0.0,1.3,16.47,98.25,12.57,3.43,PNJ,29.39,76.96,semi_arid_subtropical,NASA_POWER_daily_ag,3.217,6.419,0.7812,dewpoint,319.8,25.954
2015-02-15,20.15,28.91,12.7,37.88,0.0,1.25,15.79,98.42,48.62,3.99,PNJ,29.39,76.96,semi_arid_subtropical,NASA_POWER_daily_ag,3.225,6.429,0.8127,dewpoint,302.0,26.14
2015-02-16,18.64,27.37,11.79,39.8,0.06,2.07,12.25,98.64,70.86,3.61,PNJ,29.39,76.96,semi_arid_subtropical,NASA_POWER_daily_ag,3.576,5.682,0.7912,dewpoint,278.9,26.329
2015-02-17,19.57,27.85,12.15,46.55,0.0,1.04,15.26,98.47,14.11,6.76,PNJ,29.39,76.96,semi_arid_subtropical,NASA_POWER_daily_ag,2.88,6.796,0.9855,dewpoint,296.7,26.518
2015-02-18,20.42,28.1,13.69,42.29,0.0,1.19,13.19,98.41,26.83,6.33,PNJ,29.39,76.96,semi_arid_subtropical,NASA_POWER_daily_ag,2.993,6.183,0.9567,dewpoint,303.0,26.709
2015-02-19,21.07,29.39,12.99,40.23,0.01,1.62,12.32,98.45,56.07,6.29,PNJ,29.39,76.96,semi_arid_subtropical,NASA_POWER_daily_ag,3.432,5.97,0.9541,dewpoint,298.8,26.902
2015-02-20,20.46,29.06,14.06,47.01,3.89,1.55,13.7,98.61,27.3,8.07,PNJ,29.39,76.96,semi_arid_subtropical,NASA_POWER_daily_ag,3.261,6.549,1.0779,dewpoint,282.0,27.095
2015-02-21,21.19,30.28,12.98,43.55,0.01,2.72,18.38,98.7,15.05,7.12,PNJ,29.39,76.96,semi_arid_subtropical,NASA_POWER_daily_ag,4.685,7.821,1.0101,dewpoint,272.6,27.29
2015-02-22,21.35,31.14,13.6,46.43,0.0,3.24,18.75,98.53,37.53,8.07,PNJ,29.39,76.96,semi_arid_subtropical,NASA_POWER_daily_ag,4.987,8.082,1.0779,dewpoint,290.4,27.485
2015-02-23,20.73,27.77,14.33,44.7,0.0,1.22,14.07,98.67,64.13,7.59,PNJ,29.39,76.96,semi_arid_subtropical,NASA_POWER_daily_ag,3.125,6.781,1.0432,dewpoint,275.7,27.681
2015-02-24,20.78,27.52,16.47,41.17,0.0,1.31,9.45,98.37,99.17,6.69,PNJ,29.39,76.96,semi_arid_subtropical,NASA_POWER_daily_ag,2.92,5.36,0.9807,dewpoint,307.2,27.878
2015-02-25,19.16,26.31,11.14,47.34,2.72,2.02,10.79,98.13,65.41,7.22,PNJ,29.39,76.96,semi_arid_subtropical,NASA_POWER_daily_ag,3.311,5.924,1.0171,dewpoint,332.5,28.076
2015-02-26,14.88,24.94,7.19,27.92,0.0,1.53,19.69,98.21,2.6,-5.46,PNJ,29.39,76.96,semi_arid_subtropical,NASA_POWER_daily_ag,3.516,7.439,0.4067,dewpoint,324.1,28.275
2015-02-27,15.35,25.43,8.36,29.37,0.35,1.49,19.89,98.49,7.04,-4.1,PNJ,29.39,76.96,semi_arid_subtropical,NASA_POWER_daily_ag,3.521,7.613,0.4509,dewpoint,294.6,28.473
2015-02-28,16.87,25.83,9.76,36.68,0.31,1.1,15.48,98.57,94.14,0.24,PNJ,29.39,76.96,semi_arid_subtropical,NASA_POWER_daily_ag,3.002,6.939,0.6216,dewpoint,286.2,28.673
2015-03-01,15.89,18.57,12.7,83.62,34.1,4.5,1.92,98.35,99.89,13.06,PNJ,29.39,76.96,semi_arid_subtropical,NASA_POWER_daily_ag,1.456,2.807,1.5037,dewpoint,309.3,28.872
2015-03-02,15.42,18.1,11.92,87.28,34.99,2.86,8.85,98.49,78.88,13.22,PNJ,29.39,76.96,semi_arid_subtropical,NASA_POWER_daily_ag,1.648,5.717,1.5195,dewpoint,294.6,29.072
2015-03-03,15.43,22.6,10.19,66.65,2.54,1.31,16.54,98.62,28.98,8.16,PNJ,29.39,76.96,semi_arid_subtropical,NASA_POWER_daily_ag,2.705,8.309,1.0845,dewpoint,281.0,29.272
2015-03-04,15.19,23.4,7.9,58.67,0.0,2.06,20.36,98.56,3.86,6.21,PNJ,29.39,76.96,semi_arid_subtropical,NASA_POWER_daily_ag,3.41,9.51,0.9488,dewpoint,287.3,29.472
2015-03-05,16.76,25.91,9.86,53.01,0.0,1.41,20.31,98.74,19.06,5.89,PNJ,29.39,76.96,semi_arid_subtropical,NASA_POWER_daily_ag,3.399,9.308,0.928,dewpoint,268.4,29.672
2015-03-06,17.62,26.54,10.81,59.93,0.47,1.8,20.54,98.84,24.4,8.36,PNJ,29.39,76.96,semi_arid_subtropical,NASA_POWER_daily_ag,3.609,9.748,1.0994,dewpoint,257.9,29.872
2015-03-07,18.72,27.11,11.33,60.18,4.52,1.37,14.37,98.61,36.35,10.02,PNJ,29.39,76.96,semi_arid_subtropical,NASA_POWER_daily_ag,2.954,7.716,1.2296,dewpoint,282.0,30.072
2015-03-08,18.98,25.47,13.48,60.63,2.05,1.88,15.46,98.68,46.37,10.57,PNJ,29.39,76.96,semi_arid_subtropical,NASA_POWER_daily_ag,3.307,8.216,1.2757,dewpoint,274.7,30.272
2015-03-09,14.82,23.32,7.11,53.04,2.4,2.28,20.92,99.22,8.36,3.7,PNJ,29.39,76.96,semi_arid_subtropical,NASA_POWER_daily_ag,3.752,9.67,0.7962,dewpoint,218.1,30.471
2015-03-10,16.59,26.42,8.46,52.15,0.0,2.38,21.86,99.14,5.25,5.43,PNJ,29.39,76.96,semi_arid_subtropical,NASA_POWER_daily_ag,4.08,10.088,0.8988,dewpoint,226.5,30.67
2015-03-11,18.05,28.21,9.73,44.21,0.0,1.61,22.05,98.97,28.6,4.3,PNJ,29.39,76.96,semi_arid_subtropical,NASA_POWER_daily_ag,4.018,9.902,0.8306,dewpoint,244.3,30.868
2015-03-12,19.68,29.49,12.52,42.85,0.0,1.78,18.54,98.93,63.02,5.48,PNJ,29.39,76.96,semi_arid_subtropical,NASA_POWER_daily_ag,4.08,8.797,0.902,dewpoint,248.5,31.065
2015-03-13,21.77,30.13,14.27,41.92,0.0,1.15,16.9,98.65,58.96,7.57,PNJ,29.39,76.96,semi_arid_subtropical,NASA_POWER_daily_ag,3.635,8.464,1.0418,dewpoint,277.8,31.262
2015-03-14,20.88,27.13,15.83,56.19,0.19,1.23,12.97,98.74,96.44,11.36,PNJ,29.39,76.96,semi_arid_subtropical,NASA_POWER_daily_ag,3.017,7.442,1.3445,dewpoint,268.4,31.458
2015-03-15,19.11,25.63,14.81,67.74,6.32,3.29,13.84,98.71,84.14,12.56,PNJ,29.39,76.96,semi_arid_subtropical,NASA_POWER_daily_ag,3.438,7.97,1.4552,dewpoint,271.5,31.654
2015-03-16,18.55,23.92,13.84,74.13,5.83,2.2,14.92,98.91,57.31,13.52,PNJ,29.39,76.96,semi_arid_subtropical,NASA_POWER_daily_ag,2.941,8.601,1.5495,dewpoint,250.6,31.848
2015-03-17,19.3,26.54,12.22,61.99,0.0,2.36,21.45,98.86,12.28,10.9,PNJ,29.39,76.96,semi_arid_subtropical,NASA_POWER_daily_ag,4.162,11.019,1.304,dewpoint,255.8,32.041
2015-03-18,19.18,27.74,11.98,56.63,0.0,2.95,22.69,98.55,8.43,9.25,PNJ,29.39,76.96,semi_arid_subtropical,NASA_POWER_daily_ag,4.686,11.255,1.1676,dewpoint,288.3,32.233
2015-03-19,20.06,29.19,10.89,48.55,0.0,1.96,21.45,98.65,47.39,7.6,PNJ,29.39,76.96,semi_arid_subtropical,NASA_POWER_daily_ag,4.476,10.544,1.0439,dewpoint,277.8,32.424
2015-03-20,21.56,31.36,12.97,42.33,0.0,1.89,19.3,98.72,37.31,6.84,PNJ,29.39,76.96,semi_arid_subtropical,NASA_POWER_daily_ag,4.571,9.536,0.9909,dewpoint,270.5,32.614
2015-03-21,23.05,32.12,15.29,46.34,0.0,1.93,22.41,98.76,7.88,9.94,PNJ,29.39,76.96,semi_arid_subtropical,NASA_POWER_daily_ag,4.962,11.084,1.223,dewpoint,266.3,32.803
2015-03-22,24.25,33.48,16.2,47.51,0.0,2.72,22.72,98.5,33.58,11.23,PNJ,29.39,76.96,semi_arid_subtropical,NASA_POWER_daily_ag,5.718,11.395,1.3329,dewpoint,293.6,32.99
2015-03-23,24.49,34.04,15.9,46.81,0.0,2.42,23.43,98.26,16.52,10.78,PNJ,29.39,76.96,semi_arid_subtropical,NASA_POWER_daily_ag,5.689,11.631,1.2936,dewpoint,318.8,33.176
2015-03-24,26.08,35.55,16.41,35.74,0.0,1.41,22.71,98.28,61.68,8.22,PNJ,29.39,76.96,semi_arid_subtropical,NASA_POWER_daily_ag,5.127,10.86,1.0889,dewpoint,316.7,33.36
2015-03-25,27.2,36.01,20.71,34.12,0.0,1.16,21.52,98.49,34.66,9.0,PNJ,29.39,76.96,semi_arid_subtropical,NASA_POWER_daily_ag,4.819,10.419,1.1481,dewpoint,294.6,33.543
2015-03-26,26.7,36.2,18.71,39.67,0.0,1.56,21.52,98.59,42.17,10.31,PNJ,29.39,76.96,semi_arid_subtropical,NASA_POWER_daily_ag,5.203,10.745,1.2537,dewpoint,284.1,33.724
2015-03-27,27.11,36.54,20.01,37.93,0.0,2.25,23.18,98.54,24.47,9.68,PNJ,29.39,76.96,semi_arid_subtropical,NASA_POWER_daily_ag,6.196,11.241,1.2019,dewpoint,289.4,33.904
2015-03-28,26.47,36.56,17.5,33.38,0.0,1.93,23.82,98.27,26.8,7.36,PNJ,29.39,76.96,semi_arid_subtropical,NASA_POWER_daily_ag,5.941,11.219,1.0269,dewpoint,317.7,34.082
2015-03-29,22.52,30.33,17.7,49.66,2.97,2.88,13.59,98.13,90.51,10.21,PNJ,29.39,76.96,semi_arid_subtropical,NASA_POWER_daily_ag,4.701,7.943,1.2454,dewpoint,332.5,34.258
2015-03-30,20.86,25.91,17.2,71.86,7.43,3.22,18.1,98.35,66.95,15.37,PNJ,29.39,76.96,semi_arid_subtropical,NASA_POWER_daily_ag,3.871,10.559,1.7464,dewpoint,309.3,34.432
2015-03-31,24.19,31.14,17.12,54.26,0.0,1.44,21.81,98.36,34.32,13.69,PNJ,29.39,76.96,semi_arid_subtropical,NASA_POWER_daily_ag,4.639,11.886,1.5667,dewpoint,308.3,34.604
2015-04-01,25.78,32.79,19.71,48.67,0.86,1.25,16.97,98.08,75.39,13.36,PNJ,29.39,76.96,semi_arid_subtropical,NASA_POWER_daily_ag,4.184,9.639,1.5334,dewpoint,337.7,34.775
2015-04-02,25.86,33.86,18.23,48.5,0.27,1.36,21.85,97.77,67.03,13.04,PNJ,29.39,76.96,semi_arid_subtropical,NASA_POWER_daily_ag,4.902,11.744,1.5017,dewpoint,370.5,34.943
2015-04-03,23.79,29.05,20.06,56.77,17.42,1.92,17.65,97.64,82.41,14.45,PNJ,29.39,76.96,semi_arid_subtropical,NASA_POWER_daily_ag,4.324,10.215,1.6459,dewpoint,384.2,35.11
2015-04-04,21.41,25.15,16.99,70.62,8.07,1.16,18.93,97.74,57.53,15.62,PNJ,29.39,76.96,semi_arid_subtropical,NASA_POWER_daily_ag,3.603,11.152,1.7746,dewpoint,373.6,35.274
2015-04-05,22.61,31.28,14.56,57.79,0.01,1.39,23.87,98.0,12.0,12.27,PNJ,29.39,76.96,semi_arid_subtropical,NASA_POWER_daily_ag,4.699,12.813,1.4277,dewpoint,346.2,35.437
2015-04-06,23.64,32.13,15.83,47.46,0.0,1.78,23.69,98.07,41.37,10.63,PNJ,29.39,76.96,semi_arid_subtropical,NASA_POWER_daily_ag,5.231,12.405,1.2808,dewpoint,338.8,35.597
2015-04-07,24.25,30.75,18.14,45.96,0.42,1.4,15.81,98.24,64.5,10.99,PNJ,29.39,76.96,semi_arid_subtropical,NASA_POWER_daily_ag,4.144,9.131,1.3118,dewpoint,320.9,35.755
2015-04-08,24.23,31.71,18.71,47.32,1.41,1.55,24.23,98.45,10.89,11.49,PNJ,29.39,76.96,semi_arid_subtropical,NASA_POWER_daily_ag,5.18,12.761,1.3561,dewpoint,298.8,35.911
2015-04-09,24.18,33.07,15.91,47.88,0.07,2.43,26.26,98.29,2.8,10.98,PNJ,29.39,76.96,semi_arid_subtropical,NASA_POWER_daily_ag,6.08,13.619,1.311,dewpoint,315.6,36.064
2015-04-10,25.45,34.87,16.45,44.94,0.0,2.28,26.36,98.14,17.18,11.29,PNJ,29.39,76.96,semi_arid_subtropical,NASA_POWER_daily_ag,6.264,13.656,1.3382,dewpoint,331.4,36.216
2015-04-11,28.06,36.48,20.56,35.27,0.0,1.06,24.67,98.17,40.94,9.86,PNJ,29.39,76.96,semi_arid_subtropical,NASA_POWER_daily_ag,5.354,12.483,1.2165,dewpoint,328.3,36.365
2015-04-12,25.99,32.03,19.98,45.03,1.12,0.96,9.9,98.52,97.73,12.2,PNJ,29.39,76.96,semi_arid_subtropical,NASA_POWER_daily_ag,3.189,6.708,1.4212,dewpoint,291.5,36.512
2015-04-13,26.22,32.92,20.74,48.2,0.68,1.14,21.65,98.65,57.41,13.74,PNJ,29.39,76.96,semi_arid_subtropical,NASA_POWER_daily_ag,4.797,12.053,1.5718,dewpoint,277.8,36.656
2015-04-14,25.59,32.33,19.05,56.0,2.19,1.1,20.87,98.64,41.36,15.43,PNJ,29.39,76.96,semi_arid_subtropical,NASA_POWER_daily_ag,4.526,12.047,1.7531,dewpoint,278.9,36.798
2015-04-15,27.06,33.34,20.61,50.5,5.41,0.84,22.43,98.58,42.62,15.26,PNJ,29.39,76.96,semi_arid_subtropical,NASA_POWER_daily_ag,4.735,12.709,1.7341,dewpoint,285.2,36.938
2015-04-16,26.38,33.16,20.26,53.19,1.49,1.56,9.21,98.69,77.25,15.39,PNJ,29.39,76.96,semi_arid_subtropical,NASA_POWER_daily_ag,3.492,6.514,1.7486,dewpoint,273.6,37.075
2015-04-17,26.75,35.3,18.64,49.1,1.52,3.16,24.8,98.1,24.64,13.91,PNJ,29.39,76.96,semi_arid_subtropical,NASA_POWER_daily_ag,6.839,13.613,1.5893,dewpoint,335.6,37.21
2015-04-18,29.28,38.41,20.63,42.7,0.0,2.79,24.76,97.56,20.71,13.69,PNJ,29.39,76.96,semi_arid_subtropical,NASA_POWER_daily_ag,7.29,13.401,1.5667,dewpoint,392.7,37.343
2015-04-19,31.44,40.5,22.45,35.66,0.0,1.73,24.91,97.68,22.88,12.84,PNJ,29.39,76.96,semi_arid_subtropical,NASA_POWER_daily_ag,6.701,13.174,1.4822,dewpoint,380.0,37.473
2015-04-20,30.41,39.35,22.06,35.49,0.14,2.66,23.51,97.9,43.34,11.93,PNJ,29.39,76.96,semi_arid_subtropical,NASA_POWER_daily_ag,7.467,12.494,1.3961,dewpoint,356.7,37.6
2015-04-21,29.41,38.68,22.61,33.98,0.0,2.28,24.73,97.84,34.45,10.57,PNJ,29.39,76.96,semi_arid_subtropical,NASA_POWER_daily_ag,7.053,12.797,1.2757,dewpoint,363.1,37.726
2015-04-22,28.95,38.95,20.3,30.11,0.0,2.72,28.18,97.63,17.35,7.2,PNJ,29.39,76.96,semi_arid_subtropical,NASA_POWER_daily_ag,8.018,13.648,1.0157,dewpoint,385.3,37.848
2015-04-23,30.62,39.58,21.23,26.01,0.0,1.59,27.17,97.73,27.99,6.97,PNJ,29.39,76.96,semi_arid_subtropical,NASA_POWER_daily_ag,6.805,13.173,0.9998,dewpoint,374.7,37.969
2015-04-24,32.67,39.99,25.32,19.59,0.0,1.09,27.27,97.8,17.26,5.34,PNJ,29.39,76.96,semi_arid_subtropical,NASA_POWER_daily_ag,6.23,12.719,0.8932,dewpoint,367.3,38.086
2015-04-25,32.21,40.09,25.17,21.84,0.0,1.44,26.69,97.83,18.58,6.5,PNJ,29.39,76.96,semi_arid_subtropical,NASA_POWER_daily_ag,6.718,12.759,0.968,dewpoint,364.1,38.202
2015-04-26,28.5,35.81,21.28,43.53,0.14,2.95,24.89,98.15,17.81,13.94,PNJ,29.39,76.96,semi_arid_subtropical,NASA_POWER_daily_ag,7.267,13.778,1.5924,dewpoint,330.4,38.315
2015-04-27,29.82,37.8,22.22,40.53,0.0,2.74,23.06,98.03,65.35,13.98,PNJ,29.39,76.96,semi_arid_subtropical,NASA_POWER_daily_ag,7.214,12.87,1.5965,dewpoint,343.0,38.425
2015-04-28,31.26,39.14,23.87,40.73,1.63,1.57,23.25,97.8,66.94,15.04,PNJ,29.39,76.96,semi_arid_subtropical,NASA_POWER_daily_ag,6.25,13.074,1.7097,dewpoint,367.3,38.533
2015-04-29,31.12,38.51,23.61,32.93,0.58,1.35,25.06,97.81,45.12,11.16,PNJ,29.39,76.96,semi_arid_subtropical,NASA_POWER_daily_ag,6.3,13.223,1.3267,dewpoint,366.2,38.639
2015-04-30,31.01,39.6,22.78,32.34,0.0,2.05,24.22,97.8,46.35,11.14,PNJ,29.39,76.96,semi_arid_subtropical,NASA_POWER_daily_ag,7.086,12.872,1.325,dewpoint,367.3,38.742
2015-05-01,29.73,37.78,21.56,40.22,4.1,1.36,26.31,97.89,14.98,13.03,PNJ,29.39,76.96,semi_arid_subtropical,NASA_POWER_daily_ag,6.272,14.274,1.5007,dewpoint,357.8,38.842
2015-05-02,30.28,38.13,23.17,30.47,0.05,1.99,27.75,97.92,26.21,9.26,PNJ,29.39,76.96,semi_arid_subtropical,NASA_POWER_daily_ag,7.38,14.085,1.1684,dewpoint,354.6,38.941
2015-05-03,30.75,39.55,22.38,24.54,0.0,1.54,28.01,98.0,19.2,6.26,PNJ,29.39,76.96,semi_arid_subtropical,NASA_POWER_daily_ag,6.921,13.598,0.9521,dewpoint,346.2,39.036
2015-05-04,31.67,40.45,22.94,21.87,0.0,1.65,27.71,98.0,23.08,5.64,PNJ,29.39,76.96,semi_arid_subtropical,NASA_POWER_daily_ag,7.183,13.321,0.9121,dewpoint,346.2,39.13
2015-05-05,31.85,41.29,22.89,24.03,0.0,1.79,26.66,97.78,16.01,6.83,PNJ,29.39,76.96,semi_arid_subtropical,NASA_POWER_daily_ag,7.294,13.128,0.9902,dewpoint,369.4,39.221
2015-05-06,32.61,42.54,24.07,22.39,0.0,2.35,25.83,97.51,24.62,6.15,PNJ,29.39,76.96,semi_arid_subtropical,NASA_POWER_daily_ag,8.156,12.615,0.9449,dewpoint,398.0,39.309
2015-05-07,33.03,43.3,23.36,21.25,0.0,2.83,25.72,97.65,29.57,6.43,PNJ,29.39,76.96,semi_arid_subtropical,NASA_POWER_daily_ag,8.924,12.631,0.9633,dewpoint,383.1,39.395
2015-05-08,33.83,43.1,24.85,19.24,0.0,3.08,24.4,97.62,61.83,5.8,PNJ,29.39,76.96,semi_arid_subtropical,NASA_POWER_daily_ag,9.351,12.016,0.9222,dewpoint,386.3,39.479
2015-05-09,34.25,41.92,25.57,26.6,0.0,1.33,23.78,97.53,41.32,10.91,PNJ,29.39,76.96,semi_arid_subtropical,NASA_POWER_daily_ag,6.547,12.641,1.3049,dewpoint,395.8,39.561
2015-05-10,34.96,42.51,26.97,25.57,0.0,1.94,21.82,97.5,76.71,11.4,PNJ,29.39,76.96,semi_arid_subtropical,NASA_POWER_daily_ag,7.341,11.853,1.348,dewpoint,399.0,39.64
2015-05-11,35.09,42.19,27.32,27.08,0.82,1.83,22.11,97.67,72.67,12.26,PNJ,29.39,76.96,semi_arid_subtropical,NASA_POWER_daily_ag,7.21,12.119,1.4268,dewpoint,381.0,39.717
2015-05-12,33.75,39.67,28.13,29.98,0.86,1.34,23.49,97.81,49.54,12.93,PNJ,29.39,76.96,semi_arid_subtropical,NASA_POWER_daily_ag,6.456,12.901,1.4909,dewpoint,366.2,39.791
2015-05-13,33.28,40.46,25.66,27.31,0.06,1.93,14.96,97.85,71.86,10.92,PNJ,29.39,76.96,semi_arid_subtropical,NASA_POWER_daily_ag,6.242,9.034,1.3057,dewpoint,362.0,39.863
2015-05-14,32.03,38.26,25.34,32.26,1.31,1.46,25.99,98.02,32.16,12.67,PNJ,29.39,76.96,semi_arid_subtropical,NASA_POWER_daily_ag,6.758,14.134,1.4657,dewpoint,344.1,39.933
2015-05-15,32.59,39.14,25.67,33.64,0.0,2.28,18.41,97.95,50.34,13.63,PNJ,29.39,76.96,semi_arid_subtropical,NASA_POWER_daily_ag,6.862,10.844,1.5606,dewpoint,351.5,40.001
2015-05-16,33.56,40.19,26.6,27.71,0.83,1.46,27.3,97.7,25.18,11.29,PNJ,29.39,76.96,semi_arid_subtropical,NASA_POWER_daily_ag,7.152,14.339,1.3382,dewpoint,377.9,40.067
2015-05-17,34.21,40.96,25.77,22.82,0.0,1.56,26.6,97.49,19.97,9.31,PNJ,29.39,76.96,semi_arid_subtropical,NASA_POWER_daily_ag,7.323,13.684,1.1723,dewpoint,400.1,40.13
2015-05-18,36.79,43.89,28.1,20.56,0.0,1.45,25.41,97.38,27.27,9.56,PNJ,29.39,76.96,semi_arid_subtropical,NASA_POWER_daily_ag,7.28,13.039,1.1922,dewpoint,411.7,40.191
2015-05-19,36.99,44.76,28.7,21.31,0.02,2.45,10.65,97.41,64.13,10.48,PNJ,29.39,76.96,semi_arid_subtropical,NASA_POWER_daily_ag,7.187,7.198,1.268,dewpoint,408.5,40.25
2015-05-20,35.47,43.47,27.32,15.6,0.27,3.9,27.76,97.51,46.73,3.75,PNJ,29.39,76.96,semi_arid_subtropical,NASA_POWER_daily_ag,11.416,12.97,0.7991,dewpoint,398.0,40.307
2015-05-21,35.51,44.66,25.93,15.85,0.0,3.67,29.24,97.37,23.4,3.48,PNJ,29.39,76.96,semi_arid_subtropical,NASA_POWER_daily_ag,11.236,13.453,0.784,dewpoint,412.8,40.361
2015-05-22,36.26,45.19,26.57,13.9,0.0,3.47,28.81,97.18,33.63,2.85,PNJ,29.39,76.96,semi_arid_subtropical,NASA_POWER_daily_ag,11.072,13.148,0.7497,dewpoint,432.9,40.414
2015-05-23,36.53,45.85,26.45,11.01,0.0,3.5,27.09,96.99,30.49,0.36,PNJ,29.39,76.96,semi_arid_subtropical,NASA_POWER_daily_ag,11.065,12.163,0.627,dewpoint,453.1,40.464
2015-05-24,36.92,46.0,27.0,10.8,0.0,2.57,26.27,97.04,51.66,0.73,PNJ,29.39,76.96,semi_arid_subtropical,NASA_POWER_daily_ag,9.443,11.936,0.644,dewpoint,447.8,40.513
2015-05-25,37.04,46.23,27.31,10.66,0.0,2.65,25.05,97.04,37.95,0.16,PNJ,29.39,76.96,semi_arid_subtropical,NASA_POWER_daily_ag,9.494,11.458,0.6179,dewpoint,447.8,40.559
2015-05-26,36.17,45.52,27.04,10.54,0.0,3.62,26.53,97.2,40.62,-0.97,PNJ,29.39,76.96,semi_arid_subtropical,NASA_POWER_daily_ag,11.171,11.818,0.569,dewpoint,430.8,40.603
2015-05-27,34.69,44.22,23.82,7.83,0.01,3.18,29.4,97.44,31.67,-5.47,PNJ,29.39,76.96,semi_arid_subtropical,NASA_POWER_daily_ag,10.482,12.301,0.4064,dewpoint,405.4,40.645
2015-05-28,35.27,43.71,25.35,9.59,0.0,2.8,27.5,97.34,54.97,-2.9,PNJ,29.39,76.96,semi_arid_subtropical,NASA_POWER_daily_ag,9.766,12.064,0.4933,dewpoint,416.0,40.686
2015-05-29,36.41,44.55,27.32,19.68,0.1,3.14,20.8,97.44,57.45,7.93,PNJ,29.39,76.96,semi_arid_subtropical,NASA_POWER_daily_ag,9.584,11.102,1.0677,dewpoint,405.4,40.724
2015-05-30,36.57,43.99,27.96,18.88,0.0,2.93,26.34,97.53,26.84,8.09,PNJ,29.39,76.96,semi_arid_subtropical,NASA_POWER_daily_ag,9.915,13.275,1.0794,dewpoint,395.8,40.76
2015-05-31,36.3,43.44,28.97,18.5,0.0,2.01,23.39,97.39,68.36,8.22,PNJ,29.39,76.96,semi_arid_subtropical,NASA_POWER_daily_ag,7.993,12.149,1.0889,dewpoint,410.7,40.794
2015-06-01,36.12,42.42,29.98,16.73,0.45,1.81,23.4,97.35,68.04,6.2,PNJ,29.39,76.96,semi_arid_subtropical,NASA_POWER_daily_ag,7.642,11.871,0.9481,dewpoint,414.9,40.827
2015-06-02,34.42,41.27,27.36,27.08,0.67,2.31,23.04,97.62,69.59,11.62,PNJ,29.39,76.96,semi_arid_subtropical,NASA_POWER_daily_ag,8.017,12.668,1.3678,dewpoint,386.3,40.857
2015-06-03,34.58,41.17,26.82,24.23,0.23,1.27,13.37,97.68,85.93,10.36,PNJ,29.39,76.96,semi_arid_subtropical,NASA_POWER_daily_ag,5.207,8.431,1.2579,dewpoint,380.0,40.886
2015-06-04,35.05,41.07,29.56,25.02,0.21,2.28,24.94,97.77,50.15,11.47,PNJ,29.39,76.96,semi_arid_subtropical,NASA_POWER_daily_ag,8.336,13.402,1.3543,dewpoint,370.5,40.913
2015-06-05,34.39,41.0,26.97,28.85,2.85,2.03,25.68,97.72,29.14,12.47,PNJ,29.39,76.96,semi_arid_subtropical,NASA_POWER_daily_ag,7.933,14.005,1.4466,dewpoint,375.7,40.938
2015-06-06,34.84,41.75,27.62,24.93,0.0,2.55,27.27,97.46,9.19,10.97,PNJ,29.39,76.96,semi_arid_subtropical,NASA_POWER_daily_ag,9.006,14.363,1.3101,dewpoint,403.2,40.961
2015-06-07,36.09,43.27,28.02,21.36,0.0,2.41,28.08,97.31,15.22,9.86,PNJ,29.39,76.96,semi_arid_subtropical,NASA_POWER_daily_ag,9.171,14.399,1.2165,dewpoint,419.1,40.982
2015-06-08,37.71,45.46,29.13,17.42,0.0,2.54,27.6,97.24,29.31,7.77,PNJ,29.39,76.96,semi_arid_subtropical,NASA_POWER_daily_ag,9.639,13.645,1.0561,dewpoint,426.6,41.001
2015-06-09,38.39,45.6,29.52,18.23,0.0,3.9,25.47,97.18,55.57,9.1,PNJ,29.39,76.96,semi_arid_subtropical,NASA_POWER_daily_ag,11.703,13.048,1.1558,dewpoint,432.9,41.019
2015-06-10,36.52,41.75,31.48,30.78,0.0,5.37,18.05,97.29,77.53,16.05,PNJ,29.39,76.96,semi_arid_subtropical,NASA_POWER_daily_ag,11.267,10.943,1.8241,dewpoint,421.3,41.034
2015-06-11,37.57,43.72,31.03,26.65,0.0,4.39,25.28,97.31,24.56,14.39,PNJ,29.39,76.96,semi_arid_subtropical,NASA_POWER_daily_ag,11.674,13.983,1.6395,dewpoint,419.1,41.048
2015-06-12,37.29,43.79,29.94,28.6,0.0,4.05,25.87,97.19,32.6,15.13,PNJ,29.39,76.96,semi_arid_subtropical,NASA_POWER_daily_ag,11.149,14.44,1.7197,dewpoint,431.9,41.061
2015-06-13,35.56,40.29,30.13,34.31,11.7,3.28,16.28,97.12,78.13,16.98,PNJ,29.39,76.96,semi_arid_subtropical,NASA_POWER_daily_ag,8.165,10.244,1.9353,dewpoint,439.3,41.071
2015-06-14,32.46,37.45,27.98,44.74,4.23,2.53,12.3,97.26,86.6,18.26,PNJ,29.39,76.96,semi_arid_subtropical,NASA_POWER_daily_ag,5.776,8.392,2.098,dewpoint,424.4,41.08
2015-06-15,33.51,39.68,27.64,44.16,0.01,1.63,20.68,97.29,67.05,18.75,PNJ,29.39,76.96,semi_arid_subtropical,NASA_POWER_daily_ag,6.249,12.736,2.1634,dewpoint,421.3,41.087
2015-06-16,34.33,40.35,27.68,39.39,0.31,2.14,24.92,97.28,38.12,17.65,PNJ,29.39,76.96,semi_arid_subtropical,NASA_POWER_daily_ag,7.708,14.685,2.019,dewpoint,422.3,41.092
2015-06-17,35.08,41.9,28.08,33.47,0.02,2.53,25.73,97.16,25.47,15.47,PNJ,29.39,76.96,semi_arid_subtropical,NASA_POWER_daily_ag,8.593,14.581,1.7576,dewpoint,435.1,41.095
2015-06-18,36.14,42.78,29.44,31.0,0.78,1.69,24.78,97.09,30.14,15.41,PNJ,29.39,76.96,semi_arid_subtropical,NASA_POWER_daily_ag,7.507,14.05,1.7509,dewpoint,442.5,41.097
2015-06-19,37.64,44.15,31.08,26.47,0.0,1.78,21.94,97.01,33.45,14.23,PNJ,29.39,76.96,semi_arid_subtropical,NASA_POWER_daily_ag,7.483,12.449,1.6226,dewpoint,451.0,41.097
2015-06-20,36.05,41.54,29.77,34.91,3.21,2.01,21.18,97.11,28.8,17.49,PNJ,29.39,76.96,semi_arid_subtropical,NASA_POWER_daily_ag,7.327,12.709,1.9987,dewpoint,440.4,41.095
2015-06-21,35.35,40.17,30.19,44.23,9.75,0.96,18.58,97.1,51.57,20.47,PNJ,29.39,76.96,semi_arid_subtropical,NASA_POWER_daily_ag,5.295,11.83,2.4072,dewpoint,441.4,41.092
2015-06-22,34.62,40.02,28.18,45.8,5.82,0.91,25.54,96.91,13.67,20.18,PNJ,29.39,76.96,semi_arid_subtropical,NASA_POWER_daily_ag,6.35,15.54,2.3645,dewpoint,461.6,41.086
2015-06-23,36.06,42.29,29.63,36.8,0.04,1.28,18.67,96.82,53.53,18.13,PNJ,29.39,76.96,semi_arid_subtropical,NASA_POWER_daily_ag,5.891,11.539,2.0809,dewpoint,471.2,41.079
2015-06-24,32.27,38.32,27.46,56.29,18.79,1.99,16.93,96.93,86.7,21.59,PNJ,29.39,76.96,semi_arid_subtropical,NASA_POWER_daily_ag,5.489,11.135,2.5786,dewpoint,459.5,41.071
2015-06-25,30.68,34.64,26.44,58.85,14.27,1.02,19.36,96.85,48.96,21.23,PNJ,29.39,76.96,semi_arid_subtropical,NASA_POWER_daily_ag,4.882,12.509,2.5224,dewpoint,468.0,41.06
2015-06-26,32.58,39.38,25.19,41.96,0.06,3.72,25.21,96.82,22.91,16.78,PNJ,29.39,76.96,semi_arid_subtropical,NASA_POWER_daily_ag,8.958,14.76,1.9109,dewpoint,471.2,41.048
2015-06-27,33.14,39.8,26.22,50.36,0.35,3.79,25.63,96.97,14.64,20.05,PNJ,29.39,76.96,semi_arid_subtropical,NASA_POWER_daily_ag,8.725,15.606,2.3455,dewpoint,455.2,41.035
2015-06-28,34.15,41.54,26.68,44.61,0.0,3.05,24.21,97.31,15.38,18.96,PNJ,29.39,76.96,semi_arid_subtropical,NASA_POWER_daily_ag,8.386,14.563,2.1919,dewpoint,419.1,41.019
2015-06-29,33.48,39.61,26.74,48.69,10.46,2.11,22.75,97.61,47.49,20.11,PNJ,29.39,76.96,semi_arid_subtropical,NASA_POWER_daily_ag,6.964,14.057,2.3543,dewpoint,387.4,41.002
2015-06-30,32.8,38.15,26.53,51.05,8.53,0.96,17.88,97.58,73.36,20.46,PNJ,29.39,76.96,semi_arid_subtropical,NASA_POWER_daily_ag,4.882,11.521,2.4057,dewpoint,390.5,40.983
2015-07-01,33.54,39.2,27.53,45.54,0.03,1.64,24.19,97.51,43.6,19.42,PNJ,29.39,76.96,semi_arid_subtropical,NASA_POWER_daily_ag,6.781,14.677,2.2556,dewpoint,398.0,40.962
2015-07-02,33.39,38.73,27.8,45.68,0.46,1.74,23.5,97.5,48.2,19.43,PNJ,29.39,76.96,semi_arid_subtropical,NASA_POWER_daily_ag,6.745,14.319,2.257,dewpoint,399.0,40.94
2015-07-03,34.53,40.98,28.22,45.21,1.45,3.53,21.93,97.32,52.96,20.14,PNJ,29.39,76.96,semi_arid_subtropical,NASA_POWER_daily_ag,8.44,13.556,2.3586,dewpoint,418.1,40.916
2015-07-04,35.17,40.94,29.49,44.81,0.28,3.74,22.17,97.12,50.64,20.66,PNJ,29.39,76.96,semi_arid_subtropical,NASA_POWER_daily_ag,8.79,13.753,2.4355,dewpoint,439.3,40.89
2015-07-05,34.65,39.54,30.09,49.69,13.74,2.9,19.6,96.87,79.15,22.07,PNJ,29.39,76.96,semi_arid_subtropical,NASA_POWER_daily_ag,7.231,12.607,2.6552,dewpoint,465.9,40.862
2015-07-06,31.93,36.02,28.35,62.81,24.78,2.02,14.27,96.99,97.23,23.73,PNJ,29.39,76.96,semi_arid_subtropical,NASA_POWER_daily_ag,4.69,9.828,2.9359,dewpoint,453.1,40.833
2015-07-07,30.57,33.1,28.12,65.38,13.4,1.03,14.04,97.12,95.34,23.15,PNJ,29.39,76.96,semi_arid_subtropical,NASA_POWER_daily_ag,3.831,9.669,2.835,dewpoint,439.3,40.801
2015-07-08,32.24,36.31,28.18,57.36,3.68,0.57,20.27,97.16,86.26,22.41,PNJ,29.39,76.96,semi_arid_subtropical,NASA_POWER_daily_ag,4.822,13.108,2.7107,dewpoint,435.1,40.768
2015-07-09,32.19,36.07,28.16,57.18,5.63,1.68,14.4,97.14,87.91,22.34,PNJ,29.39,76.96,semi_arid_subtropical,NASA_POWER_daily_ag,4.713,9.78,2.6992,dewpoint,437.2,40.733
2015-07-10,30.12,33.88,26.87,68.95,35.43,1.9,14.29,97.11,88.92,23.55,PNJ,29.39,76.96,semi_arid_subtropical,NASA_POWER_daily_ag,4.22,9.843,2.9043,dewpoint,440.4,40.697
2015-07-11,28.16,31.51,26.18,80.75,54.58,1.53,5.79,97.35,97.96,24.43,PNJ,29.39,76.96,semi_arid_subtropical,NASA_POWER_daily_ag,2.062,4.832,3.0618,dewpoint,414.9,40.658
2015-07-12,28.38,32.33,25.59,81.09,30.44,2.09,4.52,97.33,98.16,24.68,PNJ,29.39,76.96,semi_arid_subtropical,NASA_POWER_daily_ag,2.021,4.059,3.1079,dewpoint,417.0,40.618
2015-07-13,29.01,32.4,25.59,78.45,11.15,0.59,20.44,97.4,45.37,24.66,PNJ,29.39,76.96,semi_arid_subtropical,NASA_POWER_daily_ag,4.502,13.651,3.1042,dewpoint,409.6,40.576
2015-07-14,29.91,34.31,25.48,73.61,0.89,2.07,24.32,97.18,22.97,24.36,PNJ,29.39,76.96,semi_arid_subtropical,NASA_POWER_daily_ag,5.779,15.887,3.049,dewpoint,432.9,40.532
2015-07-15,30.62,36.05,26.25,68.62,1.22,3.37,24.06,96.75,21.33,23.74,PNJ,29.39,76.96,semi_arid_subtropical,NASA_POWER_daily_ag,6.503,15.551,2.9377,dewpoint,478.7,40.486
2015-07-16,30.39,35.49,25.44,70.26,1.83,2.79,19.99,96.69,73.62,24.1,PNJ,29.39,76.96,semi_arid_subtropical,NASA_POWER_daily_ag,5.496,13.243,3.0019,dewpoint,485.0,40.438
2015-07-17,30.31,34.37,25.74,73.1,15.19,1.14,20.56,97.0,75.41,24.61,PNJ,29.39,76.96,semi_arid_subtropical,NASA_POWER_daily_ag,4.888,13.672,3.0949,dewpoint,452.1,40.389
2015-07-18,29.97,34.26,26.35,76.1,8.85,1.44,16.54,97.15,83.03,25.0,PNJ,29.39,76.96,semi_arid_subtropical,NASA_POWER_daily_ag,4.173,11.301,3.1678,dewpoint,436.1,40.337
2015-07-19,30.22,33.57,26.08,74.26,1.37,1.01,18.55,97.12,72.05,24.85,PNJ,29.39,76.96,semi_arid_subtropical,NASA_POWER_daily_ag,4.443,12.499,3.1396,dewpoint,439.3,40.283
2015-07-20,30.29,33.38,26.33,71.38,3.83,0.79,20.39,97.19,78.14,24.29,PNJ,29.39,76.96,semi_arid_subtropical,NASA_POWER_daily_ag,4.726,13.507,3.0363,dewpoint,431.9,40.228
2015-07-21,30.84,34.76,26.3,71.65,6.41,0.88,23.1,97.37,62.69,24.84,PNJ,29.39,76.96,semi_arid_subtropical,NASA_POWER_daily_ag,5.313,15.198,3.1377,dewpoint,412.8,40.171
2015-07-22,29.69,32.76,26.52,78.75,3.1,1.49,19.94,97.46,64.27,25.43,PNJ,29.39,76.96,semi_arid_subtropical,NASA_POWER_daily_ag,4.672,13.419,3.2498,dewpoint,403.2,40.111
2015-07-23,29.75,33.91,26.27,79.33,1.16,1.61,21.98,97.54,42.38,25.55,PNJ,29.39,76.96,semi_arid_subtropical,NASA_POWER_daily_ag,5.05,14.666,3.2731,dewpoint,394.8,40.05
2015-07-24,29.21,32.64,25.86,77.88,0.12,1.39,22.64,97.51,52.99,24.77,PNJ,29.39,76.96,semi_arid_subtropical,NASA_POWER_daily_ag,5.084,14.933,3.1246,dewpoint,398.0,39.986
2015-07-25,29.67,33.26,26.24,76.35,12.43,1.33,23.86,97.31,29.31,24.87,PNJ,29.39,76.96,semi_arid_subtropical,NASA_POWER_daily_ag,5.373,15.665,3.1433,dewpoint,419.1,39.921
2015-07-26,28.91,33.1,25.73,78.93,2.18,3.33,22.94,97.26,57.63,24.68,PNJ,29.39,76.96,semi_arid_subtropical,NASA_POWER_daily_ag,5.377,15.078,3.1079,dewpoint,424.4,39.853
2015-07-27,28.86,33.24,24.94,79.14,3.97,3.08,24.12,97.31,41.91,24.62,PNJ,29.39,76.96,semi_arid_subtropical,NASA_POWER_daily_ag,5.521,15.775,3.0968,dewpoint,419.1,39.784
2015-07-28,28.64,33.64,24.25,73.16,0.08,2.62,23.53,97.34,34.79,22.95,PNJ,29.39,76.96,semi_arid_subtropical,NASA_POWER_daily_ag,5.621,15.071,2.801,dewpoint,416.0,39.712
2015-07-29,28.32,33.04,23.58,75.06,0.0,3.18,20.5,97.13,47.96,23.21,PNJ,29.39,76.96,semi_arid_subtropical,NASA_POWER_daily_ag,5.133,13.384,2.8453,dewpoint,438.2,39.638
2015-07-30,29.66,34.35,25.03,72.27,0.35,2.46,18.99,97.09,62.11,23.75,PNJ,29.39,76.96,semi_arid_subtropical,NASA_POWER_daily_ag,5.034,12.541,2.9394,dewpoint,442.5,39.562
2015-07-31,29.12,33.7,25.16,75.54,8.99,2.46,14.94,97.18,82.51,24.07,PNJ,29.39,76.96,semi_arid_subtropical,NASA_POWER_daily_ag,4.155,10.204,2.9965,dewpoint,432.9,39.484
2015-08-01,29.0,33.23,25.0,74.94,3.55,2.15,14.36,97.51,91.92,23.82,PNJ,29.39,76.96,semi_arid_subtropical,NASA_POWER_daily_ag,3.977,9.838,2.9518,dewpoint,398.0,39.404
2015-08-02,28.82,32.99,25.3,75.19,0.71,1.4,14.81,97.71,85.42,23.66,PNJ,29.39,76.96,semi_arid_subtropical,NASA_POWER_daily_ag,3.768,10.079,2.9236,dewpoint,376.8,39.322
2015-08-03,28.95,33.01,24.76,74.13,0.03,1.1,22.81,97.59,34.71,23.6,PNJ,29.39,76.96,semi_arid_subtropical,NASA_POWER_daily_ag,5.055,14.733,2.913,dewpoint,389.5,39.237
2015-08-04,31.11,36.1,25.34,65.01,0.13,1.31,21.17,97.36,51.71,23.29,PNJ,29.39,76.96,semi_arid_subtropical,NASA_POWER_daily_ag,5.273,13.65,2.8591,dewpoint,413.8,39.15
2015-08-05,31.63,36.57,26.99,64.77,4.37,1.42,14.06,97.17,92.34,23.74,PNJ,29.39,76.96,semi_arid_subtropical,NASA_POWER_daily_ag,4.166,9.592,2.9377,dewpoint,434.0,39.062
2015-08-06,31.59,36.43,26.97,65.69,11.86,1.89,16.34,97.09,83.24,23.98,PNJ,29.39,76.96,semi_arid_subtropical,NASA_POWER_daily_ag,4.805,10.931,2.9803,dewpoint,442.5,38.97
2015-08-07,30.22,34.22,26.64,73.51,8.13,1.2,13.89,97.27,95.76,24.74,PNJ,29.39,76.96,semi_arid_subtropical,NASA_POWER_daily_ag,3.661,9.59,3.119,dewpoint,423.4,38.877
2015-08-08,29.93,34.35,26.11,75.59,29.64,2.03,13.64,97.41,97.89,24.87,PNJ,29.39,76.96,semi_arid_subtropical,NASA_POWER_daily_ag,3.858,9.448,3.1433,dewpoint,408.5,38.782
2015-08-09,30.18,34.88,25.78,72.96,12.94,1.6,7.98,97.23,94.55,24.4,PNJ,29.39,76.96,semi_arid_subtropical,NASA_POWER_daily_ag,2.857,6.077,3.0563,dewpoint,427.6,38.684
2015-08-10,30.56,35.23,25.58,68.11,4.92,0.85,17.41,97.31,85.17,23.5,PNJ,29.39,76.96,semi_arid_subtropical,NASA_POWER_daily_ag,4.24,11.482,2.8955,dewpoint,419.1,38.584
2015-08-11,29.0,32.34,26.34,74.38,3.91,0.99,11.76,97.63,93.45,23.77,PNJ,29.39,76.96,semi_arid_subtropical,NASA_POWER_daily_ag,3.09,8.258,2.943,dewpoint,385.3,38.481
2015-08-12,28.97,32.46,25.54,81.31,17.28,1.16,18.79,97.68,62.1,25.27,PNJ,29.39,76.96,semi_arid_subtropical,NASA_POWER_daily_ag,4.229,12.57,3.2191,dewpoint,380.0,38.377
2015-08-13,29.89,33.54,26.13,74.9,6.38,0.87,20.09,97.6,64.07,24.74,PNJ,29.39,76.96,semi_arid_subtropical,NASA_POWER_daily_ag,4.569,13.224,3.119,dewpoint,388.4,38.27
2015-08-14,29.79,33.07,26.61,78.35,1.56,1.22,12.56,97.53,88.27,25.47,PNJ,29.39,76.96,semi_arid_subtropical,NASA_POWER_daily_ag,3.266,8.818,3.2576,dewpoint,395.8,38.161
2015-08-15,29.64,32.7,26.96,79.4,9.77,1.37,7.71,97.56,98.76,25.56,PNJ,29.39,76.96,semi_arid_subtropical,NASA_POWER_daily_ag,2.418,5.897,3.275,dewpoint,392.7,38.049
2015-08-16,28.79,31.98,25.98,81.95,3.72,1.25,18.03,97.63,70.33,25.25,PNJ,29.39,76.96,semi_arid_subtropical,NASA_POWER_daily_ag,4.068,12.076,3.2153,dewpoint,385.3,37.935
2015-08-17,29.44,33.7,25.16,76.1,6.84,1.83,21.35,97.48,34.76,24.53,PNJ,29.39,76.96,semi_arid_subtropical,NASA_POWER_daily_ag,4.988,13.896,3.0802,dewpoint,401.1,37.819
2015-08-18,29.92,34.56,25.57,74.33,5.32,1.86,21.15,97.51,49.65,24.58,PNJ,29.39,76.96,semi_arid_subtropical,NASA_POWER_daily_ag,5.073,13.755,3.0894,dewpoint,398.0,37.701
2015-08-19,29.26,34.18,25.14,73.48,1.29,2.5,21.9,97.53,40.97,23.76,PNJ,29.39,76.96,semi_arid_subtropical,NASA_POWER_daily_ag,5.318,14.026,2.9412,dewpoint,395.8,37.58
2015-08-20,28.53,33.3,24.5,75.85,19.45,2.71,19.67,97.44,52.65,23.66,PNJ,29.39,76.96,semi_arid_subtropical,NASA_POWER_daily_ag,4.809,12.74,2.9236,dewpoint,405.4,37.457
2015-08-21,28.55,33.35,24.11,75.28,6.63,2.23,20.0,97.42,47.17,23.55,PNJ,29.39,76.96,semi_arid_subtropical,NASA_POWER_daily_ag,4.767,12.902,2.9043,dewpoint,407.5,37.332
2015-08-22,28.53,32.03,24.4,74.05,14.77,1.71,16.53,97.38,52.56,23.22,PNJ,29.39,76.96,semi_arid_subtropical,NASA_POWER_daily_ag,4.111,10.875,2.847,dewpoint,411.7,37.205
2015-08-23,28.31,32.38,24.35,77.24,18.16,1.59,21.12,97.42,34.73,23.73,PNJ,29.39,76.96,semi_arid_subtropical,NASA_POWER_daily_ag,4.694,13.564,2.9359,dewpoint,407.5,37.075
2015-08-24,28.12,32.79,24.06,77.87,7.34,2.19,22.71,97.51,18.4,23.67,PNJ,29.39,76.96,semi_arid_subtropical,NASA_POWER_daily_ag,5.018,14.445,2.9253,dewpoint,398.0,36.943
2015-08-25,28.3,33.99,23.56,72.96,0.0,2.58,24.29,97.44,9.83,22.64,PNJ,29.39,76.96,semi_arid_subtropical,NASA_POWER_daily_ag,5.569,15.069,2.7488,dewpoint,405.4,36.809
2015-08-26,28.46,34.43,22.95,71.93,0.02,2.25,22.97,97.45,17.13,22.58,PNJ,29.39,76.96,semi_arid_subtropical,NASA_POWER_daily_ag,5.337,14.305,2.7389,dewpoint,404.3,36.672
2015-08-27,29.45,34.5,23.5,66.94,0.47,1.47,22.35,97.53,12.11,22.28,PNJ,29.39,76.96,semi_arid_subtropical,NASA_POWER_daily_ag,5.217,13.865,2.6894,dewpoint,395.8,36.533
2015-08-28,29.26,34.84,23.52,69.81,2.41,1.68,20.43,97.59,27.86,22.74,PNJ,29.39,76.96,semi_arid_subtropical,NASA_POWER_daily_ag,4.915,12.871,2.7656,dewpoint,389.5,36.392
2015-08-29,29.74,35.28,24.6,69.54,1.64,1.74,22.3,97.47,7.8,23.08,PNJ,29.39,76.96,semi_arid_subtropical,NASA_POWER_daily_ag,5.302,13.932,2.8231,dewpoint,402.2,36.249
2015-08-30,29.46,35.38,24.41,67.48,0.44,2.36,22.81,97.45,16.47,22.38,PNJ,29.39,76.96,semi_arid_subtropical,NASA_POWER_daily_ag,5.648,14.04,2.7058,dewpoint,404.3,36.104
2015-08-31,28.32,35.18,22.39,64.27,3.66,2.55,23.24,97.53,12.98,20.36,PNJ,29.39,76.96,semi_arid_subtropical,NASA_POWER_daily_ag,5.758,13.85,2.3909,dewpoint,395.8,35.956
2015-09-01,28.36,34.98,22.56,60.93,0.11,2.91,22.42,97.39,25.2,19.53,PNJ,29.39,76.96,semi_arid_subtropical,NASA_POWER_daily_ag,5.962,13.232,2.2711,dewpoint,410.7,35.807
2015-09-02,28.16,35.32,22.12,58.61,0.22,2.58,21.47,97.45,14.7,18.55,PNJ,29.39,76.96,semi_arid_subtropical,NASA_POWER_daily_ag,5.746,12.539,2.1365,dewpoint,404.3,35.655
2015-09-03,28.08,35.36,21.36,59.76,3.86,1.87,21.59,97.81,7.2,18.79,PNJ,29.39,76.96,semi_arid_subtropical,NASA_POWER_daily_ag,5.287,12.63,2.1688,dewpoint,366.2,35.501
2015-09-04,27.77,35.79,20.87,55.64,0.13,2.05,22.75,98.12,4.11,17.06,PNJ,29.39,76.96,semi_arid_subtropical,NASA_POWER_daily_ag,5.642,12.819,1.9451,dewpoint,333.5,35.345
2015-09-05,27.52,35.5,19.9,52.15,0.0,2.46,23.3,98.06,6.86,16.08,PNJ,29.39,76.96,semi_arid_subtropical,NASA_POWER_daily_ag,6.03,12.887,1.8276,dewpoint,339.9,35.187
2015-09-06,28.26,35.76,21.51,51.5,0.0,2.57,23.02,97.97,11.23,16.62,PNJ,29.39,76.96,semi_arid_subtropical,NASA_POWER_daily_ag,6.19,12.779,1.8916,dewpoint,349.3,35.027
2015-09-07,28.5,36.06,21.52,51.95,0.0,2.4,23.24,97.89,10.4,16.85,PNJ,29.39,76.96,semi_arid_subtropical,NASA_POWER_daily_ag,6.125,12.887,1.9194,dewpoint,357.8,34.865
2015-09-08,28.68,36.55,21.84,51.38,0.0,2.83,23.3,97.88,3.32,16.85,PNJ,29.39,76.96,semi_arid_subtropical,NASA_POWER_daily_ag,6.472,12.853,1.9194,dewpoint,358.8,34.701
2015-09-09,28.95,37.52,21.45,50.34,0.0,2.58,23.5,97.85,6.17,16.78,PNJ,29.39,76.96,semi_arid_subtropical,NASA_POWER_daily_ag,6.388,12.873,1.9109,dewpoint,362.0,34.535
2015-09-10,28.66,37.11,20.97,48.07,0.0,2.17,23.75,98.0,12.25,15.55,PNJ,29.39,76.96,semi_arid_subtropical,NASA_POWER_daily_ag,6.138,12.709,1.7667,dewpoint,346.2,34.368
2015-09-11,28.84,37.26,20.78,47.91,0.0,1.83,23.16,97.94,20.93,15.74,PNJ,29.39,76.96,semi_arid_subtropical,NASA_POWER_daily_ag,5.791,12.452,1.7883,dewpoint,352.5,34.198
2015-09-12,30.56,37.69,24.33,42.08,0.0,0.84,21.6,97.94,4.89,15.42,PNJ,29.39,76.96,semi_arid_subtropical,NASA_POWER_daily_ag,4.805,11.541,1.752,dewpoint,352.5,34.027
2015-09-13,30.19,36.82,23.5,42.05,0.0,0.88,20.56,97.98,7.77,15.13,PNJ,29.39,76.96,semi_arid_subtropical,NASA_POWER_daily_ag,4.68,11.059,1.7197,dewpoint,348.3,33.854
2015-09-14,30.76,38.29,23.55,41.23,0.0,1.21,20.13,97.72,18.02,15.26,PNJ,29.39,76.96,semi_arid_subtropical,NASA_POWER_daily_ag,5.063,10.818,1.7341,dewpoint,375.7,33.68
2015-09-15,31.02,38.18,24.76,40.32,0.0,0.94,17.97,97.71,12.05,15.09,PNJ,29.39,76.96,semi_arid_subtropical,NASA_POWER_daily_ag,4.473,9.818,1.7153,dewpoint,376.8,33.503
2015-09-16,30.41,37.66,23.61,42.96,1.56,0.83,16.28,97.71,21.15,15.5,PNJ,29.39,76.96,semi_arid_subtropical,NASA_POWER_daily_ag,4.048,9.172,1.761,dewpoint,376.8,33.326
2015-09-17,30.85,37.35,24.61,41.86,0.0,0.64,18.13,97.8,8.45,15.69,PNJ,29.39,76.96,semi_arid_subtropical,NASA_POWER_daily_ag,4.079,9.936,1.7826,dewpoint,367.3,33.146
2015-09-18,29.83,36.07,24.19,48.82,5.05,1.11,13.3,97.89,86.98,17.05,PNJ,29.39,76.96,semi_arid_subtropical,NASA_POWER_daily_ag,3.85,8.017,1.9439,dewpoint,357.8,32.966
2015-09-19,28.04,34.44,23.13,70.17,8.35,1.43,13.31,97.78,93.08,21.67,PNJ,29.39,76.96,semi_arid_subtropical,NASA_POWER_daily_ag,3.461,8.499,2.5912,dewpoint,369.4,32.783
2015-09-20,29.22,34.21,24.66,70.27,14.28,0.98,12.9,97.63,57.2,22.93,PNJ,29.39,76.96,semi_arid_subtropical,NASA_POWER_daily_ag,3.242,8.386,2.7976,dewpoint,385.3,32.6
2015-09-21,30.26,35.79,24.81,62.87,0.79,0.8,16.72,97.57,50.99,21.76,PNJ,29.39,76.96,semi_arid_subtropical,NASA_POWER_daily_ag,3.906,10.172,2.6055,dewpoint,391.6,32.415
2015-09-22,29.83,34.64,25.85,62.52,5.24,2.5,15.2,97.53,63.29,21.59,PNJ,29.39,76.96,semi_arid_subtropical,NASA_POWER_daily_ag,4.715,9.356,2.5786,dewpoint,395.8,32.229
2015-09-23,27.07,33.2,22.47,66.07,1.03,2.44,18.73,97.92,42.25,19.56,PNJ,29.39,76.96,semi_arid_subtropical,NASA_POWER_daily_ag,4.707,10.826,2.2753,dewpoint,354.6,32.042
2015-09-24,26.76,34.0,21.11,53.6,0.0,2.59,20.96,97.8,10.06,15.48,PNJ,29.39,76.96,semi_arid_subtropical,NASA_POWER_daily_ag,5.529,11.033,1.7588,dewpoint,367.3,31.854
2015-09-25,26.7,34.34,19.93,49.6,0.0,1.86,20.59,97.67,6.7,14.46,PNJ,29.39,76.96,semi_arid_subtropical,NASA_POWER_daily_ag,5.031,10.667,1.647,dewpoint,381.0,31.664
2015-09-26,28.08,35.07,20.72,46.36,0.3,1.4,20.67,97.8,3.0,14.85,PNJ,29.39,76.96,semi_arid_subtropical,NASA_POWER_daily_ag,4.847,10.674,1.6889,dewpoint,367.3,31.474
2015-09-27,28.31,34.9,22.68,47.68,0.48,1.36,18.77,98.01,19.6,15.61,PNJ,29.39,76.96,semi_arid_subtropical,NASA_POWER_daily_ag,4.565,9.935,1.7735,dewpoint,345.1,31.283
2015-09-28,27.08,35.33,20.27,50.03,0.17,1.81,20.98,98.16,5.13,14.69,PNJ,29.39,76.96,semi_arid_subtropical,NASA_POWER_daily_ag,5.045,10.672,1.6716,dewpoint,329.3,31.091
2015-09-29,26.81,35.4,19.26,46.67,0.0,2.09,21.13,98.33,5.17,13.3,PNJ,29.39,76.96,semi_arid_subtropical,NASA_POWER_daily_ag,5.334,10.433,1.5274,dewpoint,311.4,30.898
2015-09-30,26.43,35.58,19.18,46.12,0.0,2.75,21.53,98.43,11.79,12.77,PNJ,29.39,76.96,semi_arid_subtropical,NASA_POWER_daily_ag,5.854,10.418,1.4754,dewpoint,300.9,30.705
2015-10-01,26.62,36.08,18.28,43.35,0.0,1.82,21.76,98.48,15.76,11.72,PNJ,29.39,76.96,semi_arid_subtropical,NASA_POWER_daily_ag,5.184,10.246,1.3769,dewpoint,295.7,30.511
2015-10-02,26.93,36.61,18.81,43.02,0.0,1.9,21.52,98.39,21.24,11.86,PNJ,29.39,76.96,semi_arid_subtropical,NASA_POWER_daily_ag,5.264,10.088,1.3897,dewpoint,305.1,30.316
2015-10-03,27.52,36.29,19.12,40.06,0.0,1.75,20.92,98.12,11.11,11.3,PNJ,29.39,76.96,semi_arid_subtropical,NASA_POWER_daily_ag,5.177,9.72,1.3391,dewpoint,333.5,30.121
2015-10-04,28.2,36.7,21.42,37.64,0.0,0.85,19.69,98.22,14.73,11.26,PNJ,29.39,76.96,semi_arid_subtropical,NASA_POWER_daily_ag,4.049,9.13,1.3356,dewpoint,323.0,29.926
2015-10-05,28.28,37.25,20.38,41.49,0.0,1.01,19.04,98.26,18.84,12.7,PNJ,29.39,76.96,semi_arid_subtropical,NASA_POWER_daily_ag,4.177,9.128,1.4686,dewpoint,318.8,29.73
2015-10-06,27.58,35.65,21.51,43.04,0.0,1.48,18.9,98.2,8.29,13.07,PNJ,29.39,76.96,semi_arid_subtropical,NASA_POWER_daily_ag,4.571,9.119,1.5046,dewpoint,325.1,29.535
2015-10-07,27.54,36.33,20.26,46.59,0.0,1.87,18.98,98.23,13.68,14.15,PNJ,29.39,76.96,semi_arid_subtropical,NASA_POWER_daily_ag,4.885,9.311,1.6142,dewpoint,321.9,29.339
2015-10-08,27.45,36.28,20.2,45.01,0.0,2.05,19.37,98.1,14.46,13.39,PNJ,29.39,76.96,semi_arid_subtropical,NASA_POWER_daily_ag,5.111,9.262,1.5364,dewpoint,335.6,29.143
2015-10-09,27.86,37.18,20.36,41.41,0.0,1.88,19.51,97.76,15.54,12.08,PNJ,29.39,76.96,semi_arid_subtropical,NASA_POWER_daily_ag,5.09,8.967,1.41,dewpoint,371.5,28.947
2015-10-10,28.32,36.95,20.15,37.56,0.0,1.53,19.38,97.76,21.7,11.33,PNJ,29.39,76.96,semi_arid_subtropical,NASA_POWER_daily_ag,4.785,8.743,1.3418,dewpoint,371.5,28.751
2015-10-11,28.93,36.77,20.67,38.76,0.0,1.02,18.57,98.08,27.4,12.82,PNJ,29.39,76.96,semi_arid_subtropical,NASA_POWER_daily_ag,4.126,8.678,1.4802,dewpoint,337.7,28.556
2015-10-12,29.25,35.45,23.0,45.03,0.0,0.61,16.86,98.29,12.82,15.74,PNJ,29.39,76.96,semi_arid_subtropical,NASA_POWER_daily_ag,3.462,8.517,1.7883,dewpoint,315.6,28.36
2015-10-13,28.3,34.27,23.78,50.41,2.08,0.88,14.67,98.38,8.95,16.53,PNJ,29.39,76.96,semi_arid_subtropical,NASA_POWER_daily_ag,3.396,7.78,1.8808,dewpoint,306.2,28.165
2015-10-14,26.46,33.65,20.64,51.16,2.56,1.16,12.8,98.59,34.84,14.68,PNJ,29.39,76.96,semi_arid_subtropical,NASA_POWER_daily_ag,3.32,6.883,1.6705,dewpoint,284.1,27.971
2015-10-15,26.51,33.34,20.83,51.3,0.26,0.92,15.56,98.68,14.08,14.73,PNJ,29.39,76.96,semi_arid_subtropical,NASA_POWER_daily_ag,3.371,7.853,1.6759,dewpoint,274.7,27.777
2015-10-16,26.72,34.67,19.91,46.68,0.0,1.2,15.83,98.65,15.9,13.35,PNJ,29.39,76.96,semi_arid_subtropical,NASA_POWER_daily_ag,3.726,7.675,1.5324,dewpoint,277.8,27.584
2015-10-17,26.68,33.65,20.2,46.73,0.0,1.39,14.87,98.55,15.62,13.58,PNJ,29.39,76.96,semi_arid_subtropical,NASA_POWER_daily_ag,3.804,7.363,1.5556,dewpoint,288.3,27.392
2015-10-18,27.73,34.21,21.44,40.7,0.0,0.85,14.97,98.59,10.73,12.49,PNJ,29.39,76.96,semi_arid_subtropical,NASA_POWER_daily_ag,3.355,7.145,1.4485,dewpoint,284.1,27.2
2015-10-19,27.83,35.54,21.24,39.36,0.0,1.16,14.62,98.51,16.48,11.95,PNJ,29.39,76.96,semi_arid_subtropical,NASA_POWER_daily_ag,3.701,6.88,1.3979,dewpoint,292.5,27.009
2015-10-20,27.17,35.12,22.04,42.08,0.0,1.49,15.35,98.31,22.14,12.29,PNJ,29.39,76.96,semi_arid_subtropical,NASA_POWER_daily_ag,4.022,7.094,1.4296,dewpoint,313.5,26.82
2015-10-21,24.45,32.62,18.56,44.1,0.0,1.66,16.33,98.41,16.39,10.46,PNJ,29.39,76.96,semi_arid_subtropical,NASA_POWER_daily_ag,3.967,7.248,1.2663,dewpoint,303.0,26.631
2015-10-22,23.14,32.87,15.77,37.25,0.0,1.79,18.15,98.47,14.94,6.14,PNJ,29.39,76.96,semi_arid_subtropical,NASA_POWER_daily_ag,4.223,7.083,0.9442,dewpoint,296.7,26.443
2015-10-23,23.44,32.98,15.09,35.61,0.0,1.92,18.26,98.44,28.99,6.07,PNJ,29.39,76.96,semi_arid_subtropical,NASA_POWER_daily_ag,4.406,7.053,0.9397,dewpoint,299.9,26.257
2015-10-24,25.25,32.97,17.52,31.89,0.0,1.1,16.45,98.38,54.01,6.08,PNJ,29.39,76.96,semi_arid_subtropical,NASA_POWER_daily_ag,3.555,6.476,0.9403,dewpoint,306.2,26.072
2015-10-25,24.94,33.49,16.93,32.7,0.0,1.48,15.6,98.59,22.46,6.38,PNJ,29.39,76.96,semi_arid_subtropical,NASA_POWER_daily_ag,3.922,6.26,0.96,dewpoint,284.1,25.889
2015-10-26,23.85,31.94,17.16,39.77,1.14,1.26,15.36,98.75,36.13,8.29,PNJ,29.39,76.96,semi_arid_subtropical,NASA_POWER_daily_ag,3.445,6.456,1.0941,dewpoint,267.3,25.707
2015-10-27,22.27,30.19,15.88,48.09,2.17,1.72,14.88,98.74,30.0,9.88,PNJ,29.39,76.96,semi_arid_subtropical,NASA_POWER_daily_ag,3.536,6.598,1.2181,dewpoint,268.4,25.527
2015-10-28,18.64,24.24,15.78,58.3,0.33,1.16,8.82,98.82,66.76,10.13,PNJ,29.39,76.96,semi_arid_subtropical,NASA_POWER_daily_ag,2.154,4.975,1.2387,dewpoint,260.0,25.348
2015-10-29,20.8,29.19,13.09,54.37,0.0,1.05,14.35,98.92,9.8,9.95,PNJ,29.39,76.96,semi_arid_subtropical,NASA_POWER_daily_ag,2.745,6.471,1.2239,dewpoint,249.5,25.171
2015-10-30,21.04,29.35,14.66,46.77,0.07,1.46,14.95,98.96,13.05,8.18,PNJ,29.39,76.96,semi_arid_subtropical,NASA_POWER_daily_ag,3.208,6.294,1.086,dewpoint,245.3,24.996
2015-10-31,21.98,30.84,15.34,40.31,0.0,1.37,14.81,98.89,22.14,7.09,PNJ,29.39,76.96,semi_arid_subtropical,NASA_POWER_daily_ag,3.271,5.983,1.0081,dewpoint,252.7,24.823
2015-11-01,22.48,29.99,17.38,40.06,0.0,0.72,13.61,98.92,15.82,7.67,PNJ,29.39,76.96,semi_arid_subtropical,NASA_POWER_daily_ag,2.531,5.697,1.0489,dewpoint,249.5,24.652
2015-11-02,22.89,29.87,16.89,42.16,0.0,0.92,11.65,98.88,27.61,8.9,PNJ,29.39,76.96,semi_arid_subtropical,NASA_POWER_daily_ag,2.633,5.343,1.1403,dewpoint,253.7,24.483
2015-11-03,23.05,29.7,17.86,43.57,0.0,1.24,10.59,98.74,25.77,9.59,PNJ,29.39,76.96,semi_arid_subtropical,NASA_POWER_daily_ag,2.866,5.094,1.1946,dewpoint,268.4,24.316
2015-11-04,23.39,30.13,17.78,42.85,0.0,0.96,9.63,98.52,31.57,9.65,PNJ,29.39,76.96,semi_arid_subtropical,NASA_POWER_daily_ag,2.542,4.825,1.1995,dewpoint,291.5,24.151
2015-11-05,23.94,30.13,17.64,44.06,2.14,1.08,12.05,98.49,51.39,10.38,PNJ,29.39,76.96,semi_arid_subtropical,NASA_POWER_daily_ag,2.851,5.449,1.2596,dewpoint,294.6,23.989
2015-11-06,22.13,29.63,17.46,39.79,0.01,1.2,11.87,98.54,33.14,7.04,PNJ,29.39,76.96,semi_arid_subtropical,NASA_POWER_daily_ag,2.874,5.034,1.0046,dewpoint,289.4,23.829
2015-11-07,20.95,28.6,15.03,39.05,0.0,1.14,10.14,98.75,50.52,5.91,PNJ,29.39,76.96,semi_arid_subtropical,NASA_POWER_daily_ag,2.643,4.635,0.9293,dewpoint,267.3,23.671
2015-11-08,21.56,28.53,16.64,43.71,0.42,0.94,7.35,98.9,52.26,8.39,PNJ,29.39,76.96,semi_arid_subtropical,NASA_POWER_daily_ag,2.229,4.144,1.1016,dewpoint,251.6,23.517
2015-11-09,22.84,30.26,17.64,44.03,0.0,1.13,10.83,98.78,30.34,9.46,PNJ,29.39,76.96,semi_arid_subtropical,NASA_POWER_daily_ag,2.689,4.899,1.1842,dewpoint,264.2,23.364
2015-11-10,22.35,29.42,18.26,44.62,0.0,1.45,11.01,98.64,28.53,9.27,PNJ,29.39,76.96,semi_arid_subtropical,NASA_POWER_daily_ag,2.944,4.891,1.1692,dewpoint,278.9,23.215
2015-11-11,21.29,29.97,15.15,42.32,0.0,2.91,14.71,98.68,7.21,7.06,PNJ,29.39,76.96,semi_arid_subtropical,NASA_POWER_daily_ag,4.314,5.396,1.006,dewpoint,274.7,23.068
2015-11-12,21.08,30.16,14.16,45.38,0.0,2.46,14.92,98.75,5.2,7.89,PNJ,29.39,76.96,semi_arid_subtropical,NASA_POWER_daily_ag,3.852,5.532,1.0648,dewpoint,267.3,22.924
2015-11-13,22.12,30.39,15.41,44.91,0.0,2.65,12.63,98.7,28.36,8.95,PNJ,29.39,76.96,semi_arid_subtropical,NASA_POWER_daily_ag,3.988,5.116,1.1442,dewpoint,272.6,22.783
2015-11-14,22.71,30.56,17.39,49.46,0.0,2.42,12.92,98.47,9.48,10.92,PNJ,29.39,76.96,semi_arid_subtropical,NASA_POWER_daily_ag,3.717,5.332,1.3057,dewpoint,296.7,22.644
2015-11-15,22.35,30.7,15.8,38.8,0.0,1.52,13.19,98.46,20.47,6.97,PNJ,29.39,76.96,semi_arid_subtropical,NASA_POWER_daily_ag,3.194,4.864,0.9998,dewpoint,297.8,22.509
2015-11-16,20.94,28.97,15.48,40.12,0.1,2.48,13.12,98.53,27.93,5.95,PNJ,29.39,76.96,semi_arid_subtropical,NASA_POWER_daily_ag,3.899,4.754,0.9319,dewpoint,290.4,22.377
2015-11-17,18.74,28.89,11.09,30.89,0.0,2.23,15.87,98.56,7.63,-0.09,PNJ,29.39,76.96,semi_arid_subtropical,NASA_POWER_daily_ag,3.78,4.449,0.6068,dewpoint,287.3,22.248
2015-11-18,18.21,28.42,10.52,31.83,0.0,1.82,14.86,98.83,15.89,0.02,PNJ,29.39,76.96,semi_arid_subtropical,NASA_POWER_daily_ag,3.282,4.352,0.6117,dewpoint,258.9,22.123
2015-11-19,18.63,28.06,12.05,30.4,0.0,1.34,13.99,99.0,9.42,-0.19,PNJ,29.39,76.96,semi_arid_subtropical,NASA_POWER_daily_ag,2.814,4.142,0.6024,dewpoint,241.1,22.0
2015-11-20,19.17,28.45,13.53,31.84,0.0,1.15,13.79,98.87,9.79,1.11,PNJ,29.39,76.96,semi_arid_subtropical,NASA_POWER_daily_ag,2.599,4.147,0.6619,dewpoint,254.7,21.881
2015-11-21,19.22,28.68,12.11,36.8,0.0,1.2,14.04,98.76,13.46,3.11,PNJ,29.39,76.96,semi_arid_subtropical,NASA_POWER_daily_ag,2.618,4.417,0.7637,dewpoint,266.3,21.765
2015-11-22,18.91,28.7,11.85,35.56,0.0,1.5,13.35,98.72,17.64,2.24,PNJ,29.39,76.96,semi_arid_subtropical,NASA_POWER_daily_ag,2.883,4.199,0.7179,dewpoint,270.5,21.653
2015-11-23,18.87,27.81,13.3,34.13,0.0,1.33,12.55,98.81,31.34,1.87,PNJ,29.39,76.96,semi_arid_subtropical,NASA_POWER_daily_ag,2.687,4.019,0.6991,dewpoint,261.0,21.544
2015-11-24,18.92,28.36,11.71,33.01,0.0,2.16,13.29,98.82,9.27,1.37,PNJ,29.39,76.96,semi_arid_subtropical,NASA_POWER_daily_ag,3.536,4.022,0.6745,dewpoint,260.0,21.439
2015-11-25,19.17,29.26,12.41,30.47,0.0,2.74,12.81,98.7,53.25,0.39,PNJ,29.39,76.96,semi_arid_subtropical,NASA_POWER_daily_ag,4.13,3.77,0.6284,dewpoint,272.6,21.337
2015-11-26,19.72,27.51,13.98,36.14,0.36,1.41,9.49,98.56,44.91,3.73,PNJ,29.39,76.96,semi_arid_subtropical,NASA_POWER_daily_ag,2.695,3.772,0.7979,dewpoint,287.3,21.238
2015-11-27,20.09,27.39,14.53,52.64,0.36,1.15,10.24,98.38,22.37,9.03,PNJ,29.39,76.96,semi_arid_subtropical,NASA_POWER_daily_ag,2.25,4.29,1.1504,dewpoint,306.2,21.144
2015-11-28,20.06,27.31,15.21,48.63,0.25,1.84,8.65,98.74,34.79,8.19,PNJ,29.39,76.96,semi_arid_subtropical,NASA_POWER_daily_ag,2.774,3.906,1.0867,dewpoint,268.4,21.053
2015-11-29,18.57,26.88,11.56,43.01,0.0,1.33,9.43,99.04,29.08,4.72,PNJ,29.39,76.96,semi_arid_subtropical,NASA_POWER_daily_ag,2.421,3.819,0.8554,dewpoint,236.9,20.966
2015-11-30,19.43,28.19,14.89,39.82,0.0,1.1,10.56,98.99,28.65,4.51,PNJ,29.39,76.96,semi_arid_subtropical,NASA_POWER_daily_ag,2.304,3.783,0.8429,dewpoint,242.2,20.883
2015-12-01,19.04,28.28,12.85,43.48,0.0,1.56,11.59,98.78,29.83,5.43,PNJ,29.39,76.96,semi_arid_subtropical,NASA_POWER_daily_ag,2.678,4.019,0.8988,dewpoint,264.2,20.803
2015-12-02,17.48,25.11,12.25,42.52,0.01,1.62,10.7,98.84,10.58,4.1,PNJ,29.39,76.96,semi_arid_subtropical,NASA_POWER_daily_ag,2.58,3.88,0.819,dewpoint,257.9,20.728
2015-12-03,17.72,26.73,11.34,41.89,0.0,2.67,11.94,98.84,8.94,3.69,PNJ,29.39,76.96,semi_arid_subtropical,NASA_POWER_daily_ag,3.451,3.918,0.7957,dewpoint,257.9,20.656
2015-12-04,17.39,26.73,10.39,34.71,0.0,2.32,12.7,98.67,7.62,0.84,PNJ,29.39,76.96,semi_arid_subtropical,NASA_POWER_daily_ag,3.374,3.682,0.6492,dewpoint,275.7,20.588
2015-12-05,18.02,26.88,12.36,28.87,0.0,1.33,12.03,98.77,11.6,-1.21,PNJ,29.39,76.96,semi_arid_subtropical,NASA_POWER_daily_ag,2.59,3.327,0.5591,dewpoint,265.2,20.524
2015-12-06,18.23,25.93,11.66,28.04,0.0,0.82,10.6,98.82,19.24,-1.5,PNJ,29.39,76.96,semi_arid_subtropical,NASA_POWER_daily_ag,2.015,3.294,0.5473,dewpoint,260.0,20.464
2015-12-07,18.5,26.08,10.97,27.26,0.0,1.07,8.74,98.91,73.06,-1.35,PNJ,29.39,76.96,semi_arid_subtropical,NASA_POWER_daily_ag,2.325,3.236,0.5533,dewpoint,250.6,20.408
2015-12-08,18.54,27.49,12.97,28.8,0.0,1.13,8.28,98.78,80.79,-0.75,PNJ,29.39,76.96,semi_arid_subtropical,NASA_POWER_daily_ag,2.357,3.165,0.5783,dewpoint,264.2,20.356
2015-12-09,16.85,25.63,9.73,35.6,0.0,2.22,5.47,98.77,69.16,0.61,PNJ,29.39,76.96,semi_arid_subtropical,NASA_POWER_daily_ag,3.108,3.155,0.6385,dewpoint,265.2,20.309
2015-12-10,18.59,27.22,12.85,33.92,0.02,1.78,7.25,98.49,58.45,1.64,PNJ,29.39,76.96,semi_arid_subtropical,NASA_POWER_daily_ag,2.926,3.23,0.6877,dewpoint,294.6,20.265
2015-12-11,16.95,23.91,12.14,41.32,1.42,1.55,7.54,98.31,43.86,3.34,PNJ,29.39,76.96,semi_arid_subtropical,NASA_POWER_daily_ag,2.397,3.391,0.7762,dewpoint,313.5,20.225
2015-12-12,14.61,22.26,8.98,42.46,0.01,2.19,8.93,98.55,20.7,1.59,PNJ,29.39,76.96,semi_arid_subtropical,NASA_POWER_daily_ag,2.673,3.502,0.6852,dewpoint,288.3,20.19
2015-12-13,13.32,21.73,6.79,30.05,0.0,1.82,11.72,98.74,2.88,-4.32,PNJ,29.39,76.96,semi_arid_subtropical,NASA_POWER_daily_ag,2.634,3.311,0.4434,dewpoint,268.4,20.158
2015-12-14,12.76,21.76,6.99,29.93,0.0,2.57,11.76,98.88,1.3,-5.47,PNJ,29.39,76.96,semi_arid_subtropical,NASA_POWER_daily_ag,3.159,3.196,0.4064,dewpoint,253.7,20.131
2015-12-15,12.5,23.19,5.12,26.69,0.0,2.42,13.07,98.76,1.95,-6.72,PNJ,29.39,76.96,semi_arid_subtropical,NASA_POWER_daily_ag,3.08,3.109,0.3692,dewpoint,266.3,20.108
2015-12-16,14.85,23.53,7.22,20.67,0.0,0.93,12.52,98.75,3.42,-8.31,PNJ,29.39,76.96,semi_arid_subtropical,NASA_POWER_daily_ag,1.982,2.858,0.3264,dewpoint,267.3,20.089
2015-12-17,13.58,22.07,7.83,23.13,0.0,1.23,9.87,98.83,35.08,-7.69,PNJ,29.39,76.96,semi_arid_subtropical,NASA_POWER_daily_ag,2.215,2.972,0.3425,dewpoint,258.9,20.074
2015-12-18,12.22,22.03,5.38,27.61,0.0,2.44,12.61,98.99,1.89,-6.64,PNJ,29.39,76.96,semi_arid_subtropical,NASA_POWER_daily_ag,3.048,3.132,0.3715,dewpoint,242.2,20.063
2015-12-19,13.08,22.79,4.74,25.13,0.0,1.98,13.39,99.04,11.35,-7.21,PNJ,29.39,76.96,semi_arid_subtropical,NASA_POWER_daily_ag,2.853,3.072,0.3555,dewpoint,236.9,20.057
2015-12-20,13.14,21.87,7.34,27.51,0.0,1.09,11.86,99.04,5.41,-5.76,PNJ,29.39,76.96,semi_arid_subtropical,NASA_POWER_daily_ag,1.996,3.119,0.3975,dewpoint,236.9,20.055
2015-12-21,12.5,21.13,5.1,30.61,0.0,1.39,12.56,99.05,4.75,-5.07,PNJ,29.39,76.96,semi_arid_subtropical,NASA_POWER_daily_ag,2.218,3.317,0.4189,dewpoint,235.9,20.057
2015-12-22,12.96,20.38,7.12,30.82,0.0,0.98,9.75,99.24,16.21,-4.26,PNJ,29.39,76.96,semi_arid_subtropical,NASA_POWER_daily_ag,1.844,3.236,0.4454,dewpoint,216.0,20.063
2015-12-23,11.57,19.73,6.01,28.41,0.0,1.76,9.63,99.22,17.44,-6.64,PNJ,29.39,76.96,semi_arid_subtropical,NASA_POWER_daily_ag,2.454,3.15,0.3715,dewpoint,218.1,20.073
2015-12-24,11.46,19.97,6.12,33.15,0.0,2.91,12.52,99.29,5.11,-5.2,PNJ,29.39,76.96,semi_arid_subtropical,NASA_POWER_daily_ag,3.132,3.326,0.4148,dewpoint,210.8,20.088
2015-12-25,10.55,20.78,2.79,24.55,0.0,2.21,13.15,99.33,10.37,-9.53,PNJ,29.39,76.96,semi_arid_subtropical,NASA_POWER_daily_ag,2.79,3.086,0.2965,dewpoint,206.6,20.107
2015-12-26,13.81,24.96,6.17,18.34,0.0,2.89,12.84,99.17,6.72,-10.7,PNJ,29.39,76.96,semi_arid_subtropical,NASA_POWER_daily_ag,3.827,2.636,0.2702,dewpoint,223.4,20.13
2015-12-27,15.89,24.69,8.88,24.34,0.0,2.51,11.97,99.21,39.82,-5.01,PNJ,29.39,76.96,semi_arid_subtropical,NASA_POWER_daily_ag,3.607,3.036,0.4209,dewpoint,219.2,20.157
2015-12-28,17.09,25.42,11.72,37.1,0.0,2.83,11.67,99.24,61.95,1.68,PNJ,29.39,76.96,semi_arid_subtropical,NASA_POWER_daily_ag,3.587,3.529,0.6896,dewpoint,216.0,20.188
2015-12-29,16.66,26.54,10.98,35.03,0.0,2.91,13.53,99.0,16.52,-0.12,PNJ,29.39,76.96,semi_arid_subtropical,NASA_POWER_daily_ag,3.725,3.424,0.6055,dewpoint,241.1,20.224
2015-12-30,15.54,25.48,8.36,30.33,0.0,1.7,13.4,98.95,7.09,-2.93,PNJ,29.39,76.96,semi_arid_subtropical,NASA_POWER_daily_ag,2.748,3.293,0.4922,dewpoint,246.4,20.263
2015-12-31,15.18,25.34,7.7,31.51,0.0,1.63,13.62,99.2,35.55,-3.22,PNJ,29.39,76.96,semi_arid_subtropical,NASA_POWER_daily_ag,2.66,3.319,0.4816,dewpoint,220.2,20.307
2016-01-01,15.29,23.48,8.52,25.31,0.0,1.45,13.49,99.31,37.27,-5.2,PNJ,29.39,76.96,semi_arid_subtropical,NASA_POWER_daily_ag,2.573,3.196,0.4148,dewpoint,208.7,20.355
2016-01-02,14.99,23.87,9.87,21.11,0.0,1.57,12.48,99.3,16.93,-7.64,PNJ,29.39,76.96,semi_arid_subtropical,NASA_POWER_daily_ag,2.709,2.923,0.3439,dewpoint,209.8,20.407
2016-01-03,14.95,25.17,7.15,23.09,0.0,2.11,11.59,99.03,16.06,-6.4,PNJ,29.39,76.96,semi_arid_subtropical,NASA_POWER_daily_ag,3.202,3.108,0.3785,dewpoint,238.0,20.463
2016-01-04,16.11,23.29,10.77,28.69,0.0,0.82,9.91,99.11,55.28,-2.41,PNJ,29.39,76.96,semi_arid_subtropical,NASA_POWER_daily_ag,1.894,3.333,0.5116,dewpoint,229.6,20.523
2016-01-05,18.64,26.92,13.28,29.1,0.0,0.9,10.93,98.95,42.72,-0.2,PNJ,29.39,76.96,semi_arid_subtropical,NASA_POWER_daily_ag,2.121,3.37,0.602,dewpoint,246.4,20.587
2016-01-06,17.62,24.82,12.67,36.9,0.0,1.13,8.76,98.91,61.92,2.06,PNJ,29.39,76.96,semi_arid_subtropical,NASA_POWER_daily_ag,2.212,3.508,0.7087,dewpoint,250.6,20.655
2016-01-07,17.25,24.84,12.47,39.64,0.03,1.04,8.39,99.06,49.36,2.78,PNJ,29.39,76.96,semi_arid_subtropical,NASA_POWER_daily_ag,2.057,3.539,0.746,dewpoint,234.9,20.727
2016-01-08,15.95,24.0,9.55,42.79,0.0,2.31,9.09,98.97,22.94,2.66,PNJ,29.39,76.96,semi_arid_subtropical,NASA_POWER_daily_ag,2.928,3.705,0.7397,dewpoint,244.3,20.803
2016-01-09,14.42,23.34,7.4,40.77,0.0,3.04,13.81,98.74,9.76,0.08,PNJ,29.39,76.96,semi_arid_subtropical,NASA_POWER_daily_ag,3.421,4.095,0.6144,dewpoint,268.4,20.883
2016-01-10,15.3,24.3,7.06,35.18,0.0,1.53,13.17,98.89,13.62,-0.78,PNJ,29.39,76.96,semi_arid_subtropical,NASA_POWER_daily_ag,2.573,3.943,0.577,dewpoint,252.7,20.966
2016-01-11,16.9,24.07,9.91,34.44,0.0,0.76,11.98,98.96,18.19,0.52,PNJ,29.39,76.96,semi_arid_subtropical,NASA_POWER_daily_ag,1.928,3.905,0.6343,dewpoint,245.3,21.054
2016-01-12,16.4,25.11,9.93,32.69,0.0,1.69,11.48,98.73,19.18,-0.94,PNJ,29.39,76.96,semi_arid_subtropical,NASA_POWER_daily_ag,2.826,3.732,0.5703,dewpoint,269.4,21.145
2016-01-13,15.24,23.63,10.3,36.28,0.22,1.23,9.37,98.7,41.29,-0.04,PNJ,29.39,76.96,semi_arid_subtropical,NASA_POWER_daily_ag,2.205,3.69,0.609,dewpoint,272.6,21.241
2016-01-14,13.28,18.77,9.27,42.14,0.01,1.24,6.47,98.82,75.08,0.33,PNJ,29.39,76.96,semi_arid_subtropical,NASA_POWER_daily_ag,1.934,3.512,0.6256,dewpoint,260.0,21.339
2016-01-15,12.77,21.83,6.61,47.24,0.0,1.71,6.46,98.79,53.27,0.96,PNJ,29.39,76.96,semi_arid_subtropical,NASA_POWER_daily_ag,2.143,3.539,0.6548,dewpoint,263.1,21.442
2016-01-16,12.7,22.31,6.0,45.65,0.0,2.3,7.23,98.59,50.67,0.13,PNJ,29.39,76.96,semi_arid_subtropical,NASA_POWER_daily_ag,2.57,3.641,0.6166,dewpoint,284.1,21.548
2016-01-17,13.27,21.81,6.46,35.28,0.0,0.98,10.92,98.73,26.61,-2.48,PNJ,29.39,76.96,semi_arid_subtropical,NASA_POWER_daily_ag,1.96,3.969,0.509,dewpoint,269.4,21.658
2016-01-18,12.93,21.45,7.75,32.07,0.0,1.34,7.97,98.69,43.72,-4.13,PNJ,29.39,76.96,semi_arid_subtropical,NASA_POWER_daily_ag,2.237,3.612,0.4498,dewpoint,273.6,21.771
2016-01-19,12.41,21.08,6.51,30.37,0.0,1.42,8.11,98.68,42.87,-5.19,PNJ,29.39,76.96,semi_arid_subtropical,NASA_POWER_daily_ag,2.303,3.643,0.4151,dewpoint,274.7,21.888
2016-01-20,11.44,20.36,4.89,39.39,0.0,1.89,6.88,98.93,51.38,-2.83,PNJ,29.39,76.96,semi_arid_subtropical,NASA_POWER_daily_ag,2.377,3.64,0.4959,dewpoint,248.5,22.009
2016-01-21,10.9,20.96,3.19,28.5,0.0,1.93,10.21,99.09,36.04,-7.87,PNJ,29.39,76.96,semi_arid_subtropical,NASA_POWER_daily_ag,2.684,3.849,0.3378,dewpoint,231.7,22.132
2016-01-22,12.18,21.14,3.96,21.12,0.0,1.27,7.66,99.05,45.06,-9.85,PNJ,29.39,76.96,semi_arid_subtropical,NASA_POWER_daily_ag,2.318,3.589,0.2891,dewpoint,235.9,22.259
2016-01-23,12.64,21.8,7.47,20.71,0.0,1.28,7.36,99.16,44.7,-9.39,PNJ,29.39,76.96,semi_arid_subtropical,NASA_POWER_daily_ag,2.352,3.55,0.2998,dewpoint,224.4,22.39
2016-01-24,11.26,20.91,5.65,23.62,0.0,1.5,5.79,99.07,68.13,-9.08,PNJ,29.39,76.96,semi_arid_subtropical,NASA_POWER_daily_ag,2.384,3.503,0.3073,dewpoint,233.8,22.523
2016-01-25,10.51,20.12,2.57,22.8,0.0,1.47,7.69,98.91,47.53,-10.36,PNJ,29.39,76.96,semi_arid_subtropical,NASA_POWER_daily_ag,2.362,3.713,0.2777,dewpoint,250.6,22.66
2016-01-26,14.97,23.9,7.74,19.74,0.0,0.74,10.91,98.76,67.89,-8.79,PNJ,29.39,76.96,semi_arid_subtropical,NASA_POWER_daily_ag,1.999,3.862,0.3143,dewpoint,266.3,22.8
2016-01-27,15.04,23.71,9.4,21.7,0.0,1.15,11.34,98.69,36.92,-7.06,PNJ,29.39,76.96,semi_arid_subtropical,NASA_POWER_daily_ag,2.473,3.998,0.3597,dewpoint,273.6,22.943
2016-01-28,15.71,25.84,7.57,34.09,0.0,2.15,13.37,98.72,18.84,-1.11,PNJ,29.39,76.96,semi_arid_subtropical,NASA_POWER_daily_ag,3.318,4.692,0.5632,dewpoint,270.5,23.088
2016-01-29,18.1,25.0,12.29,34.66,0.02,0.98,10.85,98.84,66.8,1.13,PNJ,29.39,76.96,semi_arid_subtropical,NASA_POWER_daily_ag,2.377,4.449,0.6629,dewpoint,257.9,23.237
2016-01-30,18.83,26.93,13.3,36.6,0.09,1.1,11.41,98.76,29.54,3.35,PNJ,29.39,76.96,semi_arid_subtropical,NASA_POWER_daily_ag,2.522,4.672,0.7768,dewpoint,266.3,23.389
2016-01-31,16.63,24.91,10.92,39.17,0.0,2.28,10.05,98.79,49.43,1.43,PNJ,29.39,76.96,semi_arid_subtropical,NASA_POWER_daily_ag,3.312,4.46,0.6774,dewpoint,263.1,23.543
2016-02-01,14.2,24.42,6.54,30.26,0.0,1.99,17.07,98.95,5.2,-5.2,PNJ,29.39,76.96,semi_arid_subtropical,NASA_POWER_daily_ag,3.315,5.123,0.4148,dewpoint,246.4,23.7
2016-02-02,13.12,22.99,5.58,31.03,0.0,1.81,16.3,98.97,14.36,-4.76,PNJ,29.39,76.96,semi_arid_subtropical,NASA_POWER_daily_ag,3.01,5.266,0.4289,dewpoint,244.3,23.86
2016-02-03,13.68,24.23,5.89,31.28,0.0,2.66,16.65,98.94,7.68,-4.57,PNJ,29.39,76.96,semi_arid_subtropical,NASA_POWER_daily_ag,3.708,5.323,0.4351,dewpoint,247.4,24.022
2016-02-04,14.2,25.48,5.78,27.74,0.0,2.02,16.27,98.88,37.14,-5.34,PNJ,29.39,76.96,semi_arid_subtropical,NASA_POWER_daily_ag,3.363,5.198,0.4104,dewpoint,253.7,24.187
2016-02-05,15.06,26.35,6.18,25.5,0.0,1.65,16.08,98.76,15.33,-6.08,PNJ,29.39,76.96,semi_arid_subtropical,NASA_POWER_daily_ag,3.188,5.109,0.3879,dewpoint,266.3,24.354
2016-02-06,16.53,26.3,8.82,21.05,0.0,1.47,14.0,98.49,31.81,-6.7,PNJ,29.39,76.96,semi_arid_subtropical,NASA_POWER_daily_ag,3.145,4.771,0.3698,dewpoint,294.6,24.524
2016-02-07,15.2,23.02,10.23,40.05,2.73,1.47,11.05,98.71,42.89,0.16,PNJ,29.39,76.96,semi_arid_subtropical,NASA_POWER_daily_ag,2.661,4.923,0.6179,dewpoint,271.5,24.695
2016-02-08,14.96,23.83,8.86,59.6,0.0,1.27,16.11,98.9,4.17,5.49,PNJ,29.39,76.96,semi_arid_subtropical,NASA_POWER_daily_ag,2.475,6.619,0.9026,dewpoint,251.6,24.869
2016-02-09,15.94,25.6,8.31,48.18,0.0,1.71,16.48,98.68,8.46,3.58,PNJ,29.39,76.96,semi_arid_subtropical,NASA_POWER_daily_ag,3.019,6.473,0.7895,dewpoint,274.7,25.045
2016-02-10,16.63,25.66,8.88,32.25,0.0,1.28,12.45,98.44,30.88,-1.45,PNJ,29.39,76.96,semi_arid_subtropical,NASA_POWER_daily_ag,2.821,5.185,0.5493,dewpoint,299.9,25.223
2016-02-11,15.51,25.98,9.26,24.24,0.0,2.43,14.85,98.29,23.79,-6.01,PNJ,29.39,76.96,semi_arid_subtropical,NASA_POWER_daily_ag,3.971,5.265,0.3899,dewpoint,315.6,25.403
2016-02-12,14.55,24.79,6.33,20.65,0.0,1.49,15.88,98.52,18.66,-9.07,PNJ,29.39,76.96,semi_arid_subtropical,NASA_POWER_daily_ag,3.151,5.405,0.3075,dewpoint,291.5,25.585
2016-02-13,15.86,24.8,9.09,23.63,0.04,1.28,7.28,98.69,58.92,-5.56,PNJ,29.39,76.96,semi_arid_subtropical,NASA_POWER_daily_ag,2.702,4.25,0.4036,dewpoint,273.6,25.768
2016-02-14,14.88,25.08,7.34,34.88,0.85,1.56,16.97,98.89,6.84,-2.04,PNJ,29.39,76.96,semi_arid_subtropical,NASA_POWER_daily_ag,3.124,6.314,0.5259,dewpoint,252.7,25.954
2016-02-15,14.05,23.66,6.48,28.43,0.0,1.41,16.01,99.04,30.91,-5.21,PNJ,29.39,76.96,semi_arid_subtropical,NASA_POWER_daily_ag,2.981,5.991,0.4145,dewpoint,236.9,26.14
2016-02-16,14.81,25.45,6.3,27.06,0.0,1.47,17.73,99.15,13.74,-5.65,PNJ,29.39,76.96,semi_arid_subtropical,NASA_POWER_daily_ag,3.21,6.25,0.4008,dewpoint,225.4,26.329
2016-02-17,17.98,27.93,7.9,23.91,0.0,1.4,16.19,99.14,29.58,-4.16,PNJ,29.39,76.96,semi_arid_subtropical,NASA_POWER_daily_ag,3.424,5.988,0.4488,dewpoint,226.5,26.518
2016-02-18,21.55,30.09,15.36,29.41,0.54,1.75,9.75,98.91,88.85,2.5,PNJ,29.39,76.96,semi_arid_subtropical,NASA_POWER_daily_ag,3.691,4.992,0.7313,dewpoint,250.6,26.709
2016-02-19,22.82,28.78,17.65,34.33,0.03,1.07,9.33,98.74,99.37,5.81,PNJ,29.39,76.96,semi_arid_subtropical,NASA_POWER_daily_ag,2.892,5.082,0.9229,dewpoint,268.4,26.902
2016-02-20,21.96,29.24,16.86,47.39,0.77,1.77,15.56,98.7,28.38,9.79,PNJ,29.39,76.96,semi_arid_subtropical,NASA_POWER_daily_ag,3.684,7.222,1.2108,dewpoint,272.6,27.095
2016-02-21,19.77,29.16,12.76,37.82,0.0,3.61,19.36,98.68,4.54,1.9,PNJ,29.39,76.96,semi_arid_subtropical,NASA_POWER_daily_ag,5.528,7.37,0.7006,dewpoint,274.7,27.29
2016-02-22,19.5,31.05,10.62,24.46,0.0,3.41,20.52,98.61,5.72,-3.97,PNJ,29.39,76.96,semi_arid_subtropical,NASA_POWER_daily_ag,5.814,6.888,0.4553,dewpoint,282.0,27.485
2016-02-23,19.28,31.46,9.56,19.91,0.0,2.02,20.15,98.47,6.81,-6.58,PNJ,29.39,76.96,semi_arid_subtropical,NASA_POWER_daily_ag,4.547,6.626,0.3732,dewpoint,296.7,27.681
2016-02-24,21.4,32.61,11.88,14.97,0.0,1.03,19.36,98.46,9.01,-7.64,PNJ,29.39,76.96,semi_arid_subtropical,NASA_POWER_daily_ag,3.493,6.272,0.3439,dewpoint,297.8,27.878
2016-02-25,21.04,29.98,10.68,14.51,0.0,1.11,18.5,98.75,30.22,-7.73,PNJ,29.39,76.96,semi_arid_subtropical,NASA_POWER_daily_ag,3.618,6.421,0.3415,dewpoint,267.3,28.076
2016-02-26,21.02,30.86,12.57,16.63,0.0,1.44,18.02,99.03,10.09,-6.21,PNJ,29.39,76.96,semi_arid_subtropical,NASA_POWER_daily_ag,4.03,6.417,0.384,dewpoint,238.0,28.275
2016-02-27,21.34,30.6,13.76,15.8,0.0,0.95,16.9,99.05,9.85,-6.35,PNJ,29.39,76.96,semi_arid_subtropical,NASA_POWER_daily_ag,3.335,6.245,0.3799,dewpoint,235.9,28.473
2016-02-28,22.11,30.01,15.19,15.71,0.0,0.75,16.2,99.1,6.66,-5.69,PNJ,29.39,76.96,semi_arid_subtropical,NASA_POWER_daily_ag,3.072,6.216,0.3996,dewpoint,230.7,28.673
2016-02-29,22.34,31.11,15.32,16.37,0.0,0.96,16.34,99.08,9.2,-5.01,PNJ,29.39,76.96,semi_arid_subtropical,NASA_POWER_daily_ag,3.426,6.311,0.4209,dewpoint,232.8,28.872
2016-03-01,22.59,32.24,15.52,18.59,0.0,1.3,17.12,98.78,32.52,-3.52,PNJ,29.39,76.96,semi_arid_subtropical,NASA_POWER_daily_ag,3.979,6.61,0.4709,dewpoint,264.2,29.072
2016-03-02,23.55,33.19,17.28,20.42,0.0,1.18,17.59,98.75,40.52,-1.35,PNJ,29.39,76.96,semi_arid_subtropical,NASA_POWER_daily_ag,3.91,6.878,0.5533,dewpoint,267.3,29.272
2016-03-03,24.28,34.43,16.23,25.04,0.0,1.83,18.57,98.74,17.13,1.72,PNJ,29.39,76.96,semi_arid_subtropical,NASA_POWER_daily_ag,4.888,7.508,0.6916,dewpoint,268.4,29.472
2016-03-04,24.73,34.93,16.08,26.5,0.0,1.94,19.32,98.49,54.23,3.02,PNJ,29.39,76.96,semi_arid_subtropical,NASA_POWER_daily_ag,5.113,7.921,0.7588,dewpoint,294.6,29.672
2016-03-05,23.57,33.22,15.71,33.73,2.42,1.62,13.98,98.47,74.31,5.2,PNJ,29.39,76.96,semi_arid_subtropical,NASA_POWER_daily_ag,4.124,6.851,0.8846,dewpoint,296.7,29.872
2016-03-06,22.62,31.82,14.8,45.67,0.43,1.23,12.16,98.56,47.14,8.0,PNJ,29.39,76.96,semi_arid_subtropical,NASA_POWER_daily_ag,3.31,6.6,1.0728,dewpoint,287.3,30.072
2016-03-07,21.83,30.2,14.8,45.35,0.84,1.61,19.09,98.56,6.71,8.12,PNJ,29.39,76.96,semi_arid_subtropical,NASA_POWER_daily_ag,4.145,9.021,1.0816,dewpoint,287.3,30.272
2016-03-08,22.16,31.07,14.35,37.82,0.0,1.88,19.4,98.42,17.97,5.88,PNJ,29.39,76.96,semi_arid_subtropical,NASA_POWER_daily_ag,4.596,8.843,0.9274,dewpoint,302.0,30.471
2016-03-09,22.18,31.29,14.64,36.2,0.0,1.7,19.31,98.43,39.5,5.47,PNJ,29.39,76.96,semi_arid_subtropical,NASA_POWER_daily_ag,4.455,8.795,0.9013,dewpoint,300.9,30.67
2016-03-10,24.33,33.54,15.29,36.24,0.0,1.98,20.11,98.54,33.79,7.27,PNJ,29.39,76.96,semi_arid_subtropical,NASA_POWER_daily_ag,5.075,9.238,1.0206,dewpoint,289.4,30.868
2016-03-11,25.89,34.28,20.43,39.9,3.39,1.93,12.39,98.43,87.69,10.15,PNJ,29.39,76.96,semi_arid_subtropical,NASA_POWER_daily_ag,4.419,6.866,1.2404,dewpoint,300.9,31.065
2016-03-12,24.19,31.99,18.31,55.52,12.89,2.17,11.47,98.24,66.68,13.15,PNJ,29.39,76.96,semi_arid_subtropical,NASA_POWER_daily_ag,3.91,6.839,1.5125,dewpoint,320.9,31.262
2016-03-13,22.25,28.42,16.26,56.83,1.55,2.22,20.51,98.3,38.44,12.16,PNJ,29.39,76.96,semi_arid_subtropical,NASA_POWER_daily_ag,4.534,10.506,1.4174,dewpoint,314.6,31.458
2016-03-14,22.29,29.44,16.98,43.91,0.5,1.08,20.39,98.61,30.44,8.37,PNJ,29.39,76.96,semi_arid_subtropical,NASA_POWER_daily_ag,3.948,9.833,1.1001,dewpoint,282.0,31.654
2016-03-15,20.65,28.14,13.57,40.75,0.0,2.13,21.62,98.72,31.88,5.65,PNJ,29.39,76.96,semi_arid_subtropical,NASA_POWER_daily_ag,4.826,10.1,0.9127,dewpoint,270.5,31.848
2016-03-16,20.89,30.11,12.41,36.61,0.0,2.94,19.93,98.5,60.67,3.8,PNJ,29.39,76.96,semi_arid_subtropical,NASA_POWER_daily_ag,5.515,9.297,0.8019,dewpoint,293.6,32.041
2016-03-17,22.76,30.71,15.59,42.74,0.72,1.64,9.48,98.31,86.83,8.36,PNJ,29.39,76.96,semi_arid_subtropical,NASA_POWER_daily_ag,3.548,6.017,1.0994,dewpoint,313.5,32.233
2016-03-18,24.95,32.73,18.72,40.77,0.1,2.28,21.17,98.23,14.32,9.7,PNJ,29.39,76.96,semi_arid_subtropical,NASA_POWER_daily_ag,5.501,10.335,1.2035,dewpoint,321.9,32.424
2016-03-19,26.82,34.55,18.6,34.11,0.5,1.05,19.82,98.16,30.7,8.9,PNJ,29.39,76.96,semi_arid_subtropical,NASA_POWER_daily_ag,4.434,9.702,1.1403,dewpoint,329.3,32.614
2016-03-20,25.22,32.99,19.09,36.05,0.85,1.35,21.5,98.26,14.53,8.21,PNJ,29.39,76.96,semi_arid_subtropical,NASA_POWER_daily_ag,4.772,10.287,1.0882,dewpoint,318.8,32.803
2016-03-21,23.11,31.58,16.46,30.2,0.04,4.35,23.87,98.41,11.95,2.57,PNJ,29.39,76.96,semi_arid_subtropical,NASA_POWER_daily_ag,7.619,10.425,0.735,dewpoint,303.0,32.99
2016-03-22,22.26,33.16,12.67,23.1,0.0,4.24,25.64,98.13,12.17,-2.38,PNJ,29.39,76.96,semi_arid_subtropical,NASA_POWER_daily_ag,7.824,10.382,0.5128,dewpoint,332.5,33.176
2016-03-23,23.72,36.22,12.63,23.73,0.0,2.57,24.79,98.18,21.83,-0.77,PNJ,29.39,76.96,semi_arid_subtropical,NASA_POWER_daily_ag,6.481,10.238,0.5774,dewpoint,327.2,33.36
2016-03-24,25.96,35.42,16.56,23.8,0.0,1.06,21.04,98.51,40.81,2.22,PNJ,29.39,76.96,semi_arid_subtropical,NASA_POWER_daily_ag,4.581,9.462,0.7168,dewpoint,292.5,33.543
2016-03-25,27.69,37.19,19.81,24.32,0.0,1.09,21.01,98.56,61.13,3.6,PNJ,29.39,76.96,semi_arid_subtropical,NASA_POWER_daily_ag,4.769,9.469,0.7906,dewpoint,287.3,33.724
2016-03-26,24.7,32.6,17.81,39.76,0.0,2.56,15.66,98.6,77.37,9.07,PNJ,29.39,76.96,semi_arid_subtropical,NASA_POWER_daily_ag,5.322,8.544,1.1535,dewpoint,283.1,33.904
2016-03-27,23.96,34.1,15.52,30.63,0.0,2.02,23.44,98.53,19.32,3.5,PNJ,29.39,76.96,semi_arid_subtropical,NASA_POWER_daily_ag,5.73,10.674,0.7851,dewpoint,290.4,34.082
2016-03-28,24.41,34.72,14.68,27.93,0.0,1.88,23.78,98.52,36.01,2.84,PNJ,29.39,76.96,semi_arid_subtropical,NASA_POWER_daily_ag,5.726,10.745,0.7492,dewpoint,291.5,34.258
2016-03-29,26.32,35.67,17.79,24.18,0.0,2.34,20.63,98.38,53.24,2.85,PNJ,29.39,76.96,semi_arid_subtropical,NASA_POWER_daily_ag,6.334,9.607,0.7497,dewpoint,306.2,34.432
2016-03-30,27.47,37.52,17.56,23.98,0.0,1.83,23.1,98.4,49.45,3.72,PNJ,29.39,76.96,semi_arid_subtropical,NASA_POWER_daily_ag,6.07,10.483,0.7974,dewpoint,304.1,34.604
2016-03-31,28.7,38.62,19.06,20.11,0.0,1.54,22.08,98.2,57.12,1.81,PNJ,29.39,76.96,semi_arid_subtropical,NASA_POWER_daily_ag,5.76,9.829,0.6961,dewpoint,325.1,34.775
2016-04-01,29.68,39.63,20.63,25.35,0.0,2.88,22.82,97.88,77.32,6.33,PNJ,29.39,76.96,semi_arid_subtropical,NASA_POWER_daily_ag,7.687,10.671,0.9567,dewpoint,358.8,34.943
2016-04-02,31.51,41.1,22.11,27.34,0.0,1.93,21.14,98.04,82.08,8.92,PNJ,29.39,76.96,semi_arid_subtropical,NASA_POWER_daily_ag,6.508,10.413,1.1419,dewpoint,342.0,35.11
2016-04-03,32.47,40.64,25.53,26.45,0.0,1.75,19.7,98.06,96.67,10.06,PNJ,29.39,76.96,semi_arid_subtropical,NASA_POWER_daily_ag,6.2,10.007,1.2329,dewpoint,339.9,35.274
2016-04-04,30.06,37.73,23.61,24.68,0.0,1.48,19.27,97.98,74.32,6.79,PNJ,29.39,76.96,semi_arid_subtropical,NASA_POWER_daily_ag,5.539,9.619,0.9875,dewpoint,348.3,35.437
2016-04-05,28.25,35.01,21.93,31.48,0.12,2.83,15.17,97.99,87.25,9.1,PNJ,29.39,76.96,semi_arid_subtropical,NASA_POWER_daily_ag,6.417,8.519,1.1558,dewpoint,347.2,35.597
2016-04-06,28.72,36.22,21.64,29.16,0.12,1.5,21.11,98.02,76.62,8.5,PNJ,29.39,76.96,semi_arid_subtropical,NASA_POWER_daily_ag,5.581,10.709,1.1099,dewpoint,344.1,35.755
2016-04-07,28.53,36.66,20.93,28.34,0.0,2.32,23.82,98.02,58.88,7.41,PNJ,29.39,76.96,semi_arid_subtropical,NASA_POWER_daily_ag,6.898,11.594,1.0304,dewpoint,344.1,35.911
2016-04-08,27.86,37.05,19.09,23.71,0.37,1.35,25.87,98.18,23.29,2.91,PNJ,29.39,76.96,semi_arid_subtropical,NASA_POWER_daily_ag,5.834,11.672,0.7529,dewpoint,327.2,36.064
2016-04-09,29.26,38.27,20.18,20.51,0.0,2.26,24.17,98.19,59.0,3.42,PNJ,29.39,76.96,semi_arid_subtropical,NASA_POWER_daily_ag,7.164,11.114,0.7807,dewpoint,326.2,36.216
2016-04-10,29.41,37.65,22.98,24.22,0.0,3.03,18.9,98.18,73.55,5.59,PNJ,29.39,76.96,semi_arid_subtropical,NASA_POWER_daily_ag,7.599,9.576,0.9089,dewpoint,327.2,36.365
2016-04-11,28.39,36.14,20.85,26.53,0.0,3.57,24.13,98.15,32.78,6.69,PNJ,29.39,76.96,semi_arid_subtropical,NASA_POWER_daily_ag,8.365,11.776,0.9807,dewpoint,330.4,36.512
2016-04-12,28.36,36.38,20.45,26.78,0.0,4.03,26.87,97.93,6.85,6.03,PNJ,29.39,76.96,semi_arid_subtropical,NASA_POWER_daily_ag,9.126,12.72,0.9371,dewpoint,353.6,36.656
2016-04-13,29.9,39.19,20.31,21.45,0.0,4.13,27.23,97.63,12.62,3.94,PNJ,29.39,76.96,semi_arid_subtropical,NASA_POWER_daily_ag,9.887,12.362,0.8098,dewpoint,385.3,36.798
2016-04-14,31.21,41.22,20.64,19.96,0.0,3.14,26.65,97.6,32.22,4.21,PNJ,29.39,76.96,semi_arid_subtropical,NASA_POWER_daily_ag,8.969,12.118,0.8254,dewpoint,388.4,36.938
2016-04-15,32.7,42.38,23.1,18.65,0.0,2.64,21.84,97.68,66.46,4.57,PNJ,29.39,76.96,semi_arid_subtropical,NASA_POWER_daily_ag,8.107,10.435,0.8465,dewpoint,380.0,37.075
2016-04-16,33.82,43.78,24.96,19.14,0.0,2.51,23.27,97.57,85.7,6.13,PNJ,29.39,76.96,semi_arid_subtropical,NASA_POWER_daily_ag,8.186,11.044,0.9436,dewpoint,391.6,37.21
2016-04-17,34.26,42.95,24.98,21.45,0.0,2.08,22.2,97.47,97.12,8.3,PNJ,29.39,76.96,semi_arid_subtropical,NASA_POWER_daily_ag,7.44,11.08,1.0949,dewpoint,402.2,37.343
2016-04-18,33.9,41.03,26.66,26.68,0.04,2.1,21.63,97.72,61.71,11.31,PNJ,29.39,76.96,semi_arid_subtropical,NASA_POWER_daily_ag,7.261,11.378,1.34,dewpoint,375.7,37.473
2016-04-19,33.71,39.95,28.89,25.66,0.29,1.43,18.24,97.83,97.96,11.02,PNJ,29.39,76.96,semi_arid_subtropical,NASA_POWER_daily_ag,5.812,9.982,1.3145,dewpoint,364.1,37.6
2016-04-20,33.19,40.47,25.81,19.26,0.0,3.68,23.65,97.88,55.84,6.05,PNJ,29.39,76.96,semi_arid_subtropical,NASA_POWER_daily_ag,9.843,11.416,0.9384,dewpoint,358.8,37.726
2016-04-21,32.41,40.8,24.14,18.67,0.0,4.33,26.35,97.64,44.19,4.04,PNJ,29.39,76.96,semi_arid_subtropical,NASA_POWER_daily_ag,10.839,12.118,0.8156,dewpoint,384.2,37.848
2016-04-22,33.15,41.18,25.0,18.98,0.2,2.61,22.1,97.36,62.33,5.6,PNJ,29.39,76.96,semi_arid_subtropical,NASA_POWER_daily_ag,8.193,10.88,0.9095,dewpoint,413.8,37.969
2016-04-23,30.42,38.59,23.81,20.4,0.32,2.91,27.88,97.43,35.71,1.24,PNJ,29.39,76.96,semi_arid_subtropical,NASA_POWER_daily_ag,8.778,12.387,0.6682,dewpoint,406.4,38.086
2016-04-24,29.89,38.91,21.21,11.81,0.0,2.89,27.5,97.53,34.1,-3.97,PNJ,29.39,76.96,semi_arid_subtropical,NASA_POWER_daily_ag,8.753,11.64,0.4553,dewpoint,395.8,38.202
2016-04-25,30.68,39.24,21.41,11.4,0.0,2.55,27.01,97.72,43.47,-4.0,PNJ,29.39,76.96,semi_arid_subtropical,NASA_POWER_daily_ag,8.373,11.49,0.4543,dewpoint,375.7,38.315
2016-04-26,31.71,41.06,22.16,9.84,0.0,1.72,22.17,97.94,67.14,-4.64,PNJ,29.39,76.96,semi_arid_subtropical,NASA_POWER_daily_ag,6.725,9.911,0.4328,dewpoint,352.5,38.425
2016-04-27,32.12,41.67,22.39,11.58,0.0,2.3,24.62,97.83,46.34,-2.26,PNJ,29.39,76.96,semi_arid_subtropical,NASA_POWER_daily_ag,7.986,10.878,0.5173,dewpoint,364.1,38.533
2016-04-28,32.58,41.6,23.46,14.07,0.0,2.97,26.38,97.75,38.52,0.38,PNJ,29.39,76.96,semi_arid_subtropical,NASA_POWER_daily_ag,9.245,11.766,0.6279,dewpoint,372.6,38.639
2016-04-29,32.84,41.78,24.95,11.71,0.0,2.55,26.21,97.78,32.91,-1.19,PNJ,29.39,76.96,semi_arid_subtropical,NASA_POWER_daily_ag,8.632,11.427,0.5599,dewpoint,369.4,38.742
2016-04-30,32.35,42.09,22.65,9.74,0.0,2.14,25.9,97.73,31.94,-4.44,PNJ,29.39,76.96,semi_arid_subtropical,NASA_POWER_daily_ag,7.88,11.035,0.4394,dewpoint,374.7,38.842
2016-05-01,33.81,44.12,23.6,9.65,0.0,2.55,25.3,97.51,21.95,-3.55,PNJ,29.39,76.96,semi_arid_subtropical,NASA_POWER_daily_ag,8.741,10.842,0.4699,dewpoint,398.0,38.941
2016-05-02,35.33,45.42,24.06,11.58,0.0,2.44,25.36,97.49,36.12,-0.16,PNJ,29.39,76.96,semi_arid_subtropical,NASA_POWER_daily_ag,8.781,11.245,0.6037,dewpoint,400.1,39.036
2016-05-03,33.38,39.6,28.31,25.44,0.0,2.15,13.35,97.69,83.81,10.49,PNJ,29.39,76.96,semi_arid_subtropical,NASA_POWER_daily_ag,6.382,8.224,1.2689,dewpoint,378.9,39.13
2016-05-04,34.17,42.24,26.2,23.33,0.69,2.79,17.96,97.63,67.05,8.8,PNJ,29.39,76.96,semi_arid_subtropical,NASA_POWER_daily_ag,8.132,9.919,1.1326,dewpoint,385.3,39.221
2016-05-05,33.06,38.95,26.87,25.74,2.26,2.23,21.15,97.91,72.91,10.24,PNJ,29.39,76.96,semi_arid_subtropical,NASA_POWER_daily_ag,7.41,11.46,1.2479,dewpoint,355.7,39.309
2016-05-06,32.02,38.76,24.86,35.61,0.59,1.75,22.97,97.87,56.78,13.73,PNJ,29.39,76.96,semi_arid_subtropical,NASA_POWER_daily_ag,6.661,12.86,1.5708,dewpoint,359.9,39.395
2016-05-07,32.91,39.84,25.21,27.75,0.03,1.4,21.84,97.84,13.78,10.99,PNJ,29.39,76.96,semi_arid_subtropical,NASA_POWER_daily_ag,6.246,11.907,1.3118,dewpoint,363.1,39.479
2016-05-08,34.39,41.06,26.94,23.28,0.0,1.21,21.94,97.86,31.36,9.75,PNJ,29.39,76.96,semi_arid_subtropical,NASA_POWER_daily_ag,6.132,11.688,1.2075,dewpoint,361.0,39.561
2016-05-09,35.42,42.46,28.11,24.07,0.0,2.06,21.09,97.84,59.7,10.93,PNJ,29.39,76.96,semi_arid_subtropical,NASA_POWER_daily_ag,7.529,11.444,1.3066,dewpoint,363.1,39.64
2016-05-10,35.16,41.97,28.25,26.07,0.0,2.36,22.49,97.89,39.0,12.07,PNJ,29.39,76.96,semi_arid_subtropical,NASA_POWER_daily_ag,8.072,12.226,1.4091,dewpoint,357.8,39.717
2016-05-11,33.16,40.25,27.16,37.99,8.12,1.72,23.58,97.87,41.8,15.75,PNJ,29.39,76.96,semi_arid_subtropical,NASA_POWER_daily_ag,6.818,13.453,1.7895,dewpoint,359.9,39.791
2016-05-12,34.06,40.26,28.01,32.08,0.0,1.76,24.96,97.53,31.68,14.1,PNJ,29.39,76.96,semi_arid_subtropical,NASA_POWER_daily_ag,7.278,13.772,1.609,dewpoint,395.8,39.863
2016-05-13,35.78,42.83,27.88,26.96,0.05,1.39,24.73,97.4,35.62,12.63,PNJ,29.39,76.96,semi_arid_subtropical,NASA_POWER_daily_ag,6.96,13.314,1.4619,dewpoint,409.6,39.933
2016-05-14,35.94,43.74,27.53,21.32,0.11,2.09,26.94,97.55,21.52,9.04,PNJ,29.39,76.96,semi_arid_subtropical,NASA_POWER_daily_ag,8.435,13.525,1.1512,dewpoint,393.7,40.001
2016-05-15,36.39,44.33,29.15,21.39,0.0,3.16,26.24,97.6,24.38,9.36,PNJ,29.39,76.96,semi_arid_subtropical,NASA_POWER_daily_ag,10.096,13.23,1.1763,dewpoint,388.4,40.067
2016-05-16,36.01,44.62,26.85,18.16,0.0,2.78,28.21,97.36,31.6,6.69,PNJ,29.39,76.96,semi_arid_subtropical,NASA_POWER_daily_ag,9.753,13.578,0.9807,dewpoint,413.8,40.13
2016-05-17,36.68,44.97,28.36,15.96,0.0,3.24,29.02,97.18,25.97,5.33,PNJ,29.39,76.96,semi_arid_subtropical,NASA_POWER_daily_ag,10.727,13.534,0.8926,dewpoint,432.9,40.191
2016-05-18,37.51,45.97,27.5,14.57,0.0,2.6,29.02,97.08,26.99,4.99,PNJ,29.39,76.96,semi_arid_subtropical,NASA_POWER_daily_ag,9.834,13.472,0.8717,dewpoint,443.6,40.25
2016-05-19,38.77,45.97,29.08,14.22,0.0,2.13,27.34,97.1,17.52,5.87,PNJ,29.39,76.96,semi_arid_subtropical,NASA_POWER_daily_ag,8.994,12.984,0.9267,dewpoint,441.4,40.307
2016-05-20,38.18,45.68,29.69,14.14,0.0,2.16,26.06,96.99,13.95,5.45,PNJ,29.39,76.96,semi_arid_subtropical,NASA_POWER_daily_ag,8.814,12.465,0.9001,dewpoint,453.1,40.361
2016-05-21,39.02,47.01,29.29,13.61,0.08,2.18,25.81,96.85,27.85,5.0,PNJ,29.39,76.96,semi_arid_subtropical,NASA_POWER_daily_ag,8.942,12.269,0.8723,dewpoint,468.0,40.414
2016-05-22,39.18,47.54,29.69,21.67,0.0,2.63,26.12,96.93,32.74,11.88,PNJ,29.39,76.96,semi_arid_subtropical,NASA_POWER_daily_ag,9.735,13.618,1.3915,dewpoint,459.5,40.464
2016-05-23,38.06,44.45,31.21,25.68,1.33,2.25,15.76,97.13,80.95,14.63,PNJ,29.39,76.96,semi_arid_subtropical,NASA_POWER_daily_ag,7.408,9.628,1.6651,dewpoint,438.2,40.513
2016-05-24,34.15,38.54,29.51,41.31,10.11,2.39,20.4,97.26,79.15,18.71,PNJ,29.39,76.96,semi_arid_subtropical,NASA_POWER_daily_ag,7.157,12.506,2.158,dewpoint,424.4,40.559
2016-05-25,33.53,40.16,26.91,34.69,0.48,2.44,24.94,97.06,60.8,14.53,PNJ,29.39,76.96,semi_arid_subtropical,NASA_POWER_daily_ag,8.069,14.037,1.6544,dewpoint,445.7,40.603
2016-05-26,34.84,42.3,26.9,30.6,0.42,1.77,25.87,97.14,43.25,13.53,PNJ,29.39,76.96,semi_arid_subtropical,NASA_POWER_daily_ag,7.602,14.196,1.5505,dewpoint,437.2,40.645
2016-05-27,36.98,43.9,29.73,26.98,0.0,4.02,25.2,97.24,55.21,13.61,PNJ,29.39,76.96,semi_arid_subtropical,NASA_POWER_daily_ag,11.064,13.76,1.5586,dewpoint,426.6,40.686
2016-05-28,36.11,42.08,29.1,28.71,0.33,3.5,23.51,97.22,71.77,14.23,PNJ,29.39,76.96,semi_arid_subtropical,NASA_POWER_daily_ag,9.877,13.211,1.6226,dewpoint,428.7,40.724
2016-05-29,33.8,38.27,29.14,42.67,13.78,2.15,23.57,97.25,68.72,18.83,PNJ,29.39,76.96,semi_arid_subtropical,NASA_POWER_daily_ag,7.299,14.2,2.1742,dewpoint,425.5,40.76
2016-05-30,32.05,37.6,26.6,46.43,3.3,2.34,17.97,97.47,77.43,18.61,PNJ,29.39,76.96,semi_arid_subtropical,NASA_POWER_daily_ag,6.273,11.335,2.1445,dewpoint,402.2,40.794
2016-05-31,33.6,40.97,25.66,38.85,0.0,2.15,25.85,97.54,52.78,16.4,PNJ,29.39,76.96,semi_arid_subtropical,NASA_POWER_daily_ag,7.77,14.88,1.8653,dewpoint,394.8,40.827
2016-06-01,35.32,42.0,28.55,37.16,0.01,2.9,25.28,97.52,34.58,17.48,PNJ,29.39,76.96,semi_arid_subtropical,NASA_POWER_daily_ag,8.864,14.709,1.9975,dewpoint,396.9,40.857
2016-06-02,36.13,43.45,28.61,27.83,0.02,3.94,25.06,97.45,36.15,13.73,PNJ,29.39,76.96,semi_arid_subtropical,NASA_POWER_daily_ag,10.693,13.811,1.5708,dewpoint,404.3,40.886
2016-06-03,36.4,43.94,28.14,27.03,0.21,2.02,24.95,97.5,42.36,13.02,PNJ,29.39,76.96,semi_arid_subtropical,NASA_POWER_daily_ag,8.129,13.629,1.4997,dewpoint,399.0,40.913
2016-06-04,37.06,44.33,28.52,26.92,0.84,1.6,26.25,97.48,21.63,13.98,PNJ,29.39,76.96,semi_arid_subtropical,NASA_POWER_daily_ag,7.733,14.372,1.5965,dewpoint,401.1,40.938
2016-06-05,38.11,44.74,29.53,24.06,0.2,0.97,25.53,97.47,33.62,12.77,PNJ,29.39,76.96,semi_arid_subtropical,NASA_POWER_daily_ag,6.647,13.766,1.4754,dewpoint,402.2,40.961
2016-06-06,37.17,43.7,30.39,26.94,2.83,1.39,24.85,97.46,41.61,14.0,PNJ,29.39,76.96,semi_arid_subtropical,NASA_POWER_daily_ag,7.196,13.719,1.5986,dewpoint,403.2,40.982
2016-06-07,35.21,41.94,28.06,28.84,2.74,1.76,24.62,97.43,51.13,13.11,PNJ,29.39,76.96,semi_arid_subtropical,NASA_POWER_daily_ag,7.505,13.597,1.5086,dewpoint,406.4,41.001
2016-06-08,36.86,44.58,27.4,24.05,0.12,1.87,24.97,97.22,51.46,11.3,PNJ,29.39,76.96,semi_arid_subtropical,NASA_POWER_daily_ag,8.009,13.354,1.3391,dewpoint,428.7,41.019
2016-06-09,37.9,44.71,29.77,21.07,0.08,2.42,24.19,97.07,52.51,11.0,PNJ,29.39,76.96,semi_arid_subtropical,NASA_POWER_daily_ag,8.988,12.895,1.3127,dewpoint,444.6,41.034
2016-06-10,38.51,44.53,30.58,24.5,1.62,2.34,24.37,97.05,59.69,13.9,PNJ,29.39,76.96,semi_arid_subtropical,NASA_POWER_daily_ag,8.896,13.471,1.5883,dewpoint,446.7,41.048
2016-06-11,37.3,42.54,31.54,30.5,2.46,3.42,21.42,97.17,76.14,16.69,PNJ,29.39,76.96,semi_arid_subtropical,NASA_POWER_daily_ag,9.573,12.627,1.9,dewpoint,434.0,41.061
2016-06-12,37.65,43.5,31.91,33.51,0.02,3.67,23.78,97.15,52.97,18.06,PNJ,29.39,76.96,semi_arid_subtropical,NASA_POWER_daily_ag,10.155,13.988,2.0718,dewpoint,436.1,41.071
2016-06-13,36.49,42.24,31.51,40.08,5.44,3.81,22.22,97.11,52.27,20.08,PNJ,29.39,76.96,semi_arid_subtropical,NASA_POWER_daily_ag,9.421,13.625,2.3499,dewpoint,440.4,41.08
2016-06-14,34.84,40.27,29.55,43.87,1.31,3.89,19.88,97.05,75.5,20.01,PNJ,29.39,76.96,semi_arid_subtropical,NASA_POWER_daily_ag,8.601,12.464,2.3397,dewpoint,446.7,41.087
2016-06-15,35.1,39.97,30.59,43.43,6.54,2.18,17.53,96.9,82.83,20.29,PNJ,29.39,76.96,semi_arid_subtropical,NASA_POWER_daily_ag,6.54,11.247,2.3806,dewpoint,462.7,41.092
2016-06-16,34.67,40.7,28.7,43.6,2.67,2.4,22.54,97.08,64.68,19.62,PNJ,29.39,76.96,semi_arid_subtropical,NASA_POWER_daily_ag,7.54,13.808,2.2838,dewpoint,443.6,41.095
2016-06-17,35.75,41.74,29.11,35.26,0.13,1.49,22.12,97.22,67.65,17.32,PNJ,29.39,76.96,semi_arid_subtropical,NASA_POWER_daily_ag,6.72,13.154,1.9774,dewpoint,428.7,41.097
2016-06-18,36.44,42.35,29.5,30.46,0.22,1.49,21.46,97.34,55.88,15.53,PNJ,29.39,76.96,semi_arid_subtropical,NASA_POWER_daily_ag,6.767,12.519,1.7644,dewpoint,416.0,41.097
2016-06-19,36.23,41.63,30.09,37.27,0.89,2.1,24.08,97.41,42.89,19.02,PNJ,29.39,76.96,semi_arid_subtropical,NASA_POWER_daily_ag,7.833,14.43,2.2001,dewpoint,408.5,41.095
2016-06-20,37.04,41.92,31.8,37.46,1.36,1.84,19.16,97.27,60.46,19.72,PNJ,29.39,76.96,semi_arid_subtropical,NASA_POWER_daily_ag,6.817,11.971,2.2981,dewpoint,423.4,41.092
2016-06-21,36.28,41.61,30.88,41.31,1.9,2.41,22.03,97.2,73.72,20.46,PNJ,29.39,76.96,semi_arid_subtropical,NASA_POWER_daily_ag,7.769,13.622,2.4057,dewpoint,430.8,41.086
2016-06-22,34.99,39.11,30.88,44.51,4.87,1.52,18.62,97.38,80.97,20.84,PNJ,29.39,76.96,semi_arid_subtropical,NASA_POWER_daily_ag,5.911,11.904,2.4627,dewpoint,411.7,41.079
2016-06-23,35.91,41.31,30.6,43.35,0.25,2.36,22.22,97.26,65.79,21.0,PNJ,29.39,76.96,semi_arid_subtropical,NASA_POWER_daily_ag,7.605,13.832,2.487,dewpoint,424.4,41.071
2016-06-24,36.85,42.81,30.56,32.8,0.0,2.1,21.4,97.07,61.23,17.01,PNJ,29.39,76.96,semi_arid_subtropical,NASA_POWER_daily_ag,7.652,12.686,1.939,dewpoint,444.6,41.06
2016-06-25,37.3,43.26,30.53,27.87,0.06,1.14,20.67,97.27,54.04,14.94,PNJ,29.39,76.96,semi_arid_subtropical,NASA_POWER_daily_ag,6.185,12.007,1.6988,dewpoint,423.4,41.048
2016-06-26,36.36,41.63,30.1,37.11,2.24,1.56,20.51,97.33,66.34,18.62,PNJ,29.39,76.96,semi_arid_subtropical,NASA_POWER_daily_ag,6.606,12.53,2.1458,dewpoint,417.0,41.035
2016-06-27,36.15,40.97,31.36,42.7,4.89,1.53,15.45,97.22,87.62,21.02,PNJ,29.39,76.96,semi_arid_subtropical,NASA_POWER_daily_ag,5.56,10.182,2.4901,dewpoint,428.7,41.019
2016-06-28,34.6,38.83,30.96,51.08,6.86,1.6,14.53,97.37,88.67,22.71,PNJ,29.39,76.96,semi_arid_subtropical,NASA_POWER_daily_ag,5.079,9.855,2.7605,dewpoint,412.8,41.002
2016-06-29,35.99,41.54,30.14,44.49,0.55,1.19,24.11,97.4,51.32,21.33,PNJ,29.39,76.96,semi_arid_subtropical,NASA_POWER_daily_ag,6.587,14.91,2.5379,dewpoint,409.6,40.983
2016-06-30,37.37,42.73,31.85,41.65,2.03,1.83,21.75,97.11,48.65,21.58,PNJ,29.39,76.96,semi_arid_subtropical,NASA_POWER_daily_ag,7.167,13.62,2.577,dewpoint,440.4,40.962
2016-07-01,35.38,39.42,31.2,53.61,16.43,2.36,17.09,96.8,81.62,24.18,PNJ,29.39,76.96,semi_arid_subtropical,NASA_POWER_daily_ag,6.219,11.472,3.0163,dewpoint,473.3,40.94
2016-07-02,32.38,36.93,28.76,66.19,22.8,2.19,2.78,96.97,99.61,24.78,PNJ,29.39,76.96,semi_arid_subtropical,NASA_POWER_daily_ag,2.748,3.052,3.1265,dewpoint,455.2,40.916
2016-07-03,31.53,36.55,27.82,62.69,7.38,1.13,11.77,97.1,85.61,23.22,PNJ,29.39,76.96,semi_arid_subtropical,NASA_POWER_daily_ag,3.633,8.345,2.847,dewpoint,441.4,40.89
2016-07-04,31.11,34.86,27.61,65.96,20.62,0.72,22.74,97.02,39.36,23.75,PNJ,29.39,76.96,semi_arid_subtropical,NASA_POWER_daily_ag,5.25,14.815,2.9394,dewpoint,449.9,40.862
2016-07-05,34.09,39.88,27.78,54.23,0.15,2.3,21.68,96.86,32.95,22.94,PNJ,29.39,76.96,semi_arid_subtropical,NASA_POWER_daily_ag,6.79,13.952,2.7993,dewpoint,466.9,40.833
2016-07-06,35.28,40.63,30.01,53.15,6.34,1.92,19.0,96.89,72.92,23.66,PNJ,29.39,76.96,semi_arid_subtropical,NASA_POWER_daily_ag,6.197,12.491,2.9236,dewpoint,463.8,40.801
2016-07-07,35.5,40.85,29.99,46.84,0.01,1.34,21.36,97.04,33.01,21.72,PNJ,29.39,76.96,semi_arid_subtropical,NASA_POWER_daily_ag,6.195,13.485,2.5991,dewpoint,447.8,40.768
2016-07-08,35.94,41.49,30.69,44.91,0.67,1.72,18.47,96.93,55.02,21.5,PNJ,29.39,76.96,semi_arid_subtropical,NASA_POWER_daily_ag,6.216,11.848,2.5644,dewpoint,459.5,40.733
2016-07-09,35.22,41.26,29.46,42.46,0.52,1.08,18.75,96.95,47.07,19.78,PNJ,29.39,76.96,semi_arid_subtropical,NASA_POWER_daily_ag,5.463,11.776,2.3066,dewpoint,457.4,40.697
2016-07-10,34.79,40.33,29.07,45.07,0.25,1.55,22.99,96.88,51.72,20.52,PNJ,29.39,76.96,semi_arid_subtropical,NASA_POWER_daily_ag,6.638,14.161,2.4146,dewpoint,464.8,40.658
2016-07-11,34.43,39.56,29.05,49.74,0.09,2.2,18.76,96.99,73.71,21.81,PNJ,29.39,76.96,semi_arid_subtropical,NASA_POWER_daily_ag,6.43,12.093,2.6135,dewpoint,453.1,40.618
2016-07-12,32.36,35.26,28.88,60.2,1.42,2.3,18.75,97.19,66.04,23.43,PNJ,29.39,76.96,semi_arid_subtropical,NASA_POWER_daily_ag,5.774,12.38,2.8833,dewpoint,431.9,40.576
2016-07-13,32.9,37.45,28.99,59.72,7.87,1.9,23.15,97.15,45.22,23.76,PNJ,29.39,76.96,semi_arid_subtropical,NASA_POWER_daily_ag,6.346,14.947,2.9412,dewpoint,436.1,40.532
2016-07-14,30.95,34.5,28.2,68.33,7.08,1.77,11.16,97.11,87.82,24.26,PNJ,29.39,76.96,semi_arid_subtropical,NASA_POWER_daily_ag,3.697,8.023,3.0308,dewpoint,440.4,40.486
2016-07-15,31.8,36.83,27.27,67.57,10.27,1.83,17.08,97.1,87.47,24.67,PNJ,29.39,76.96,semi_arid_subtropical,NASA_POWER_daily_ag,4.884,11.556,3.106,dewpoint,441.4,40.438
2016-07-16,30.21,33.57,27.64,76.75,34.8,1.59,6.62,97.21,99.47,25.5,PNJ,29.39,76.96,semi_arid_subtropical,NASA_POWER_daily_ag,2.452,5.31,3.2634,dewpoint,429.8,40.389
2016-07-17,28.98,32.21,26.11,79.95,41.43,1.23,11.39,97.39,89.24,25.02,PNJ,29.39,76.96,semi_arid_subtropical,NASA_POWER_daily_ag,3.005,8.203,3.1716,dewpoint,410.7,40.337
2016-07-18,29.63,33.99,25.79,75.88,8.86,2.1,19.39,97.32,69.97,24.61,PNJ,29.39,76.96,semi_arid_subtropical,NASA_POWER_daily_ag,4.836,12.964,3.0949,dewpoint,418.1,40.283
2016-07-19,30.98,36.27,26.14,66.93,0.09,3.04,23.01,97.22,35.2,23.64,PNJ,29.39,76.96,semi_arid_subtropical,NASA_POWER_daily_ag,6.366,14.881,2.92,dewpoint,428.7,40.228
2016-07-20,31.96,38.41,25.63,60.52,0.08,2.62,23.58,97.21,38.15,22.61,PNJ,29.39,76.96,semi_arid_subtropical,NASA_POWER_daily_ag,6.752,14.955,2.7438,dewpoint,429.8,40.171
2016-07-21,32.55,38.82,26.97,59.86,1.84,2.35,24.0,97.17,35.16,23.0,PNJ,29.39,76.96,semi_arid_subtropical,NASA_POWER_daily_ag,6.763,15.234,2.8094,dewpoint,434.0,40.111
2016-07-22,31.73,37.7,26.92,65.68,11.78,1.81,22.99,97.15,33.56,23.95,PNJ,29.39,76.96,semi_arid_subtropical,NASA_POWER_daily_ag,5.95,14.873,2.975,dewpoint,436.1,40.05
2016-07-23,30.94,35.93,26.4,69.37,7.95,1.78,18.34,97.38,59.09,24.08,PNJ,29.39,76.96,semi_arid_subtropical,NASA_POWER_daily_ag,4.944,12.204,2.9983,dewpoint,411.7,39.986
2016-07-24,30.39,35.15,25.49,70.32,3.14,1.09,21.71,97.55,39.76,23.91,PNJ,29.39,76.96,semi_arid_subtropical,NASA_POWER_daily_ag,5.11,14.17,2.9678,dewpoint,393.7,39.921
2016-07-25,31.5,36.59,26.03,64.47,3.31,1.04,21.14,97.48,44.33,23.46,PNJ,29.39,76.96,semi_arid_subtropical,NASA_POWER_daily_ag,5.18,13.716,2.8886,dewpoint,401.1,39.853
2016-07-26,30.71,36.4,26.4,70.93,1.36,2.42,15.05,97.53,71.5,24.42,PNJ,29.39,76.96,semi_arid_subtropical,NASA_POWER_daily_ag,4.564,10.287,3.06,dewpoint,395.8,39.784
2016-07-27,27.92,30.13,26.04,83.11,4.13,2.43,16.25,97.77,81.24,24.67,PNJ,29.39,76.96,semi_arid_subtropical,NASA_POWER_daily_ag,3.851,11.084,3.106,dewpoint,370.5,39.712
2016-07-28,28.16,31.69,25.04,80.16,17.62,1.0,9.83,97.57,99.81,24.22,PNJ,29.39,76.96,semi_arid_subtropical,NASA_POWER_daily_ag,2.611,7.21,3.0235,dewpoint,391.6,39.638
2016-07-29,28.83,32.91,25.19,80.23,32.11,0.89,13.17,97.37,95.1,24.87,PNJ,29.39,76.96,semi_arid_subtropical,NASA_POWER_daily_ag,3.204,9.229,3.1433,dewpoint,412.8,39.562
2016-07-30,27.58,30.54,25.22,84.8,18.65,1.24,14.62,97.4,93.94,24.7,PNJ,29.39,76.96,semi_arid_subtropical,NASA_POWER_daily_ag,3.337,10.098,3.1116,dewpoint,409.6,39.484
2016-07-31,28.86,33.06,25.09,78.27,4.71,0.86,20.66,97.36,70.23,24.38,PNJ,29.39,76.96,semi_arid_subtropical,NASA_POWER_daily_ag,4.564,13.629,3.0527,dewpoint,413.8,39.404
2016-08-01,28.7,32.72,25.33,83.96,2.16,2.05,21.21,97.21,56.99,25.54,PNJ,29.39,76.96,semi_arid_subtropical,NASA_POWER_daily_ag,4.681,14.166,3.2711,dewpoint,429.8,39.322
2016-08-02,28.54,32.31,25.54,80.52,1.91,2.26,18.63,97.13,86.94,24.62,PNJ,29.39,76.96,semi_arid_subtropical,NASA_POWER_daily_ag,4.404,12.452,3.0968,dewpoint,438.2,39.237
2016-08-03,29.59,32.62,25.27,73.66,0.27,1.3,25.38,97.21,39.99,24.2,PNJ,29.39,76.96,semi_arid_subtropical,NASA_POWER_daily_ag,5.648,16.366,3.0199,dewpoint,429.8,39.15
2016-08-04,30.32,34.31,26.69,72.67,0.61,1.37,25.49,97.27,49.51,24.55,PNJ,29.39,76.96,semi_arid_subtropical,NASA_POWER_daily_ag,5.8,16.439,3.0839,dewpoint,423.4,39.062
2016-08-05,30.35,33.05,26.75,74.54,4.19,0.78,24.79,97.33,46.77,25.2,PNJ,29.39,76.96,semi_arid_subtropical,NASA_POWER_daily_ag,5.476,16.195,3.2057,dewpoint,417.0,38.97
2016-08-06,30.31,33.81,26.55,76.17,8.3,0.96,14.71,97.33,91.67,25.43,PNJ,29.39,76.96,semi_arid_subtropical,NASA_POWER_daily_ag,3.665,10.149,3.2498,dewpoint,417.0,38.877
2016-08-07,30.16,33.64,26.87,75.93,6.16,1.15,18.14,97.39,73.42,25.19,PNJ,29.39,76.96,semi_arid_subtropical,NASA_POWER_daily_ag,4.343,12.173,3.2038,dewpoint,410.7,38.782
2016-08-08,30.19,34.01,26.24,75.2,1.33,1.3,19.31,97.35,65.33,25.07,PNJ,29.39,76.96,semi_arid_subtropical,NASA_POWER_daily_ag,4.616,12.849,3.181,dewpoint,414.9,38.684
2016-08-09,29.44,32.53,26.54,80.02,7.84,1.5,23.04,97.18,54.95,25.51,PNJ,29.39,76.96,semi_arid_subtropical,NASA_POWER_daily_ag,5.115,15.187,3.2653,dewpoint,432.9,38.584
2016-08-10,27.66,30.52,25.74,87.48,16.06,2.44,14.64,97.22,91.51,25.3,PNJ,29.39,76.96,semi_arid_subtropical,NASA_POWER_daily_ag,3.343,10.102,3.2248,dewpoint,428.7,38.481
2016-08-11,27.5,30.33,25.49,88.31,11.04,1.62,9.35,97.46,98.24,25.32,PNJ,29.39,76.96,semi_arid_subtropical,NASA_POWER_daily_ag,2.359,6.901,3.2287,dewpoint,403.2,38.377
2016-08-12,28.49,33.01,24.37,80.11,6.56,1.23,14.74,97.46,94.29,24.46,PNJ,29.39,76.96,semi_arid_subtropical,NASA_POWER_daily_ag,3.53,10.052,3.0673,dewpoint,403.2,38.27
2016-08-13,29.32,33.77,24.79,76.53,8.97,1.42,20.29,97.32,82.51,24.43,PNJ,29.39,76.96,semi_arid_subtropical,NASA_POWER_daily_ag,4.694,13.295,3.0618,dewpoint,418.1,38.161
2016-08-14,29.74,34.06,25.11,72.53,2.98,1.45,12.44,97.26,70.83,23.94,PNJ,29.39,76.96,semi_arid_subtropical,NASA_POWER_daily_ag,3.512,8.636,2.9732,dewpoint,424.4,38.049
2016-08-15,29.98,35.85,24.8,69.5,1.21,2.23,22.16,97.1,37.04,23.34,PNJ,29.39,76.96,semi_arid_subtropical,NASA_POWER_daily_ag,5.567,14.107,2.8677,dewpoint,441.4,37.935
2016-08-16,30.01,36.11,24.45,69.08,0.53,2.41,23.28,96.98,17.52,23.29,PNJ,29.39,76.96,semi_arid_subtropical,NASA_POWER_daily_ag,5.827,14.721,2.8591,dewpoint,454.2,37.819
2016-08-17,29.97,35.45,24.15,67.0,0.68,1.51,17.99,97.13,68.29,22.65,PNJ,29.39,76.96,semi_arid_subtropical,NASA_POWER_daily_ag,4.645,11.625,2.7505,dewpoint,438.2,37.701
2016-08-18,29.31,32.79,26.0,74.42,4.4,0.83,15.49,97.27,93.11,24.09,PNJ,29.39,76.96,semi_arid_subtropical,NASA_POWER_daily_ag,3.675,10.389,3.0001,dewpoint,423.4,37.58
2016-08-19,30.33,35.6,25.22,68.03,0.44,1.48,21.89,97.24,71.28,23.34,PNJ,29.39,76.96,semi_arid_subtropical,NASA_POWER_daily_ag,5.269,13.893,2.8677,dewpoint,426.6,37.457
2016-08-20,29.55,32.83,26.52,77.34,0.89,1.28,18.69,97.35,90.29,25.0,PNJ,29.39,76.96,semi_arid_subtropical,NASA_POWER_daily_ag,4.348,12.363,3.1678,dewpoint,414.9,37.332
2016-08-21,29.59,33.91,25.39,77.31,1.44,1.46,24.26,97.36,31.96,24.9,PNJ,29.39,76.96,semi_arid_subtropical,NASA_POWER_daily_ag,5.365,15.616,3.149,dewpoint,413.8,37.205
2016-08-22,29.98,35.17,25.23,73.68,1.33,1.29,21.92,97.53,45.98,24.4,PNJ,29.39,76.96,semi_arid_subtropical,NASA_POWER_daily_ag,5.028,14.093,3.0563,dewpoint,395.8,37.075
2016-08-23,30.18,34.68,25.57,70.55,0.7,0.68,18.87,97.59,76.62,23.74,PNJ,29.39,76.96,semi_arid_subtropical,NASA_POWER_daily_ag,4.3,12.203,2.9377,dewpoint,389.5,36.943
2016-08-24,28.22,31.52,25.54,79.44,3.35,2.12,10.87,97.59,91.04,24.16,PNJ,29.39,76.96,semi_arid_subtropical,NASA_POWER_daily_ag,3.089,7.676,3.0127,dewpoint,389.5,36.809
2016-08-25,29.8,34.15,25.19,74.03,0.83,1.3,21.89,97.72,37.91,24.3,PNJ,29.39,76.96,semi_arid_subtropical,NASA_POWER_daily_ag,4.988,14.027,3.0381,dewpoint,375.7,36.672
2016-08-26,29.84,33.96,25.73,72.4,1.26,1.13,19.45,97.78,57.46,24.04,PNJ,29.39,76.96,semi_arid_subtropical,NASA_POWER_daily_ag,4.529,12.551,2.9911,dewpoint,369.4,36.533
2016-08-27,29.0,32.51,25.65,77.3,6.06,1.71,21.51,97.93,57.1,24.42,PNJ,29.39,76.96,semi_arid_subtropical,NASA_POWER_daily_ag,4.841,13.821,3.06,dewpoint,353.6,36.392
2016-08-28,29.23,33.36,25.3,74.33,1.35,1.26,21.32,97.94,49.71,23.93,PNJ,29.39,76.96,semi_arid_subtropical,NASA_POWER_daily_ag,4.779,13.583,2.9714,dewpoint,352.5,36.249
2016-08-29,28.89,33.37,25.16,75.33,12.45,0.99,7.89,97.64,97.76,23.78,PNJ,29.39,76.96,semi_arid_subtropical,NASA_POWER_daily_ag,2.378,5.914,2.9447,dewpoint,384.2,36.104
2016-08-30,28.54,32.11,25.1,77.27,8.68,0.94,18.11,97.48,72.99,23.97,PNJ,29.39,76.96,semi_arid_subtropical,NASA_POWER_daily_ag,4.018,11.755,2.9785,dewpoint,401.1,35.956
2016-08-31,28.02,31.36,25.42,82.07,8.67,1.38,17.18,97.53,81.19,24.5,PNJ,29.39,76.96,semi_arid_subtropical,NASA_POWER_daily_ag,3.818,11.294,3.0746,dewpoint,395.8,35.807
2016-09-01,28.53,32.41,24.79,81.38,18.77,1.1,15.59,97.49,74.97,24.81,PNJ,29.39,76.96,semi_arid_subtropical,NASA_POWER_daily_ag,3.56,10.395,3.1321,dewpoint,400.1,35.655
2016-09-02,28.42,34.66,23.58,69.37,0.26,2.42,21.29,97.32,26.13,21.77,PNJ,29.39,76.96,semi_arid_subtropical,NASA_POWER_daily_ag,5.217,13.039,2.6071,dewpoint,418.1,35.501
2016-09-03,28.13,34.96,22.23,65.26,0.0,2.41,23.32,97.29,2.87,20.41,PNJ,29.39,76.96,semi_arid_subtropical,NASA_POWER_daily_ag,5.619,13.817,2.3983,dewpoint,421.3,35.345
2016-09-04,28.19,34.73,22.62,65.19,1.12,2.3,22.56,97.55,7.58,20.43,PNJ,29.39,76.96,semi_arid_subtropical,NASA_POWER_daily_ag,5.47,13.395,2.4013,dewpoint,393.7,35.187
2016-09-05,28.46,35.14,22.16,66.71,3.61,2.07,21.84,97.59,15.86,21.07,PNJ,29.39,76.96,semi_arid_subtropical,NASA_POWER_daily_ag,5.247,13.132,2.4977,dewpoint,389.5,35.027
2016-09-06,28.58,35.18,22.48,65.3,0.06,2.58,21.83,97.62,10.12,20.89,PNJ,29.39,76.96,semi_arid_subtropical,NASA_POWER_daily_ag,5.528,13.054,2.4703,dewpoint,386.3,34.865
2016-09-07,28.43,34.67,22.77,63.6,0.02,2.4,21.8,97.64,2.99,20.33,PNJ,29.39,76.96,semi_arid_subtropical,NASA_POWER_daily_ag,5.474,12.901,2.3865,dewpoint,384.2,34.701
2016-09-08,29.05,35.39,23.03,61.98,0.0,2.4,21.24,97.72,3.21,20.58,PNJ,29.39,76.96,semi_arid_subtropical,NASA_POWER_daily_ag,5.527,12.614,2.4236,dewpoint,375.7,34.535
2016-09-09,29.2,36.24,22.76,58.28,0.51,2.53,20.95,97.81,9.81,19.53,PNJ,29.39,76.96,semi_arid_subtropical,NASA_POWER_daily_ag,5.743,12.21,2.2711,dewpoint,366.2,34.368
2016-09-10,29.1,36.01,22.77,57.32,0.17,2.25,21.63,97.72,1.72,19.31,PNJ,29.39,76.96,semi_arid_subtropical,NASA_POWER_daily_ag,5.653,12.478,2.2403,dewpoint,375.7,34.198
2016-09-11,29.09,35.87,22.34,59.07,1.15,2.08,21.4,97.65,9.51,19.66,PNJ,29.39,76.96,semi_arid_subtropical,NASA_POWER_daily_ag,5.468,12.424,2.2895,dewpoint,383.1,34.027
2016-09-12,29.45,36.19,23.1,56.67,0.32,2.17,21.08,97.69,5.5,19.28,PNJ,29.39,76.96,semi_arid_subtropical,NASA_POWER_daily_ag,5.6,12.129,2.2361,dewpoint,378.9,33.854
2016-09-13,29.69,35.59,23.71,57.07,0.32,1.32,20.84,97.9,9.66,19.72,PNJ,29.39,76.96,semi_arid_subtropical,NASA_POWER_daily_ag,4.965,12.07,2.2981,dewpoint,356.7,33.68
2016-09-14,29.88,35.72,24.44,58.15,0.53,1.04,21.51,97.96,8.27,20.09,PNJ,29.39,76.96,semi_arid_subtropical,NASA_POWER_daily_ag,4.851,12.424,2.3513,dewpoint,350.4,33.503
2016-09-15,29.8,36.62,23.65,55.03,0.0,1.31,21.45,97.83,5.05,19.06,PNJ,29.39,76.96,semi_arid_subtropical,NASA_POWER_daily_ag,5.065,12.135,2.2056,dewpoint,364.1,33.326
2016-09-16,30.09,36.88,23.68,49.23,0.03,1.16,21.32,97.73,12.23,17.47,PNJ,29.39,76.96,semi_arid_subtropical,NASA_POWER_daily_ag,4.997,11.696,1.9962,dewpoint,374.7,33.146
2016-09-17,30.54,36.95,24.08,45.58,0.0,0.77,19.37,97.66,13.51,16.8,PNJ,29.39,76.96,semi_arid_subtropical,NASA_POWER_daily_ag,4.373,10.65,1.9133,dewpoint,382.1,32.966
2016-09-18,29.9,36.35,23.92,49.53,0.02,0.97,18.47,97.78,5.13,17.67,PNJ,29.39,76.96,semi_arid_subtropical,NASA_POWER_daily_ag,4.376,10.387,2.0215,dewpoint,369.4,32.783
2016-09-19,30.35,36.15,23.62,51.01,1.0,0.96,18.28,97.7,8.64,18.64,PNJ,29.39,76.96,semi_arid_subtropical,NASA_POWER_daily_ag,4.371,10.448,2.1485,dewpoint,377.9,32.6
2016-09-20,31.26,37.31,24.79,51.33,0.17,0.61,17.57,97.59,16.36,19.4,PNJ,29.39,76.96,semi_arid_subtropical,NASA_POWER_daily_ag,3.984,10.163,2.2528,dewpoint,389.5,32.415
2016-09-21,31.04,37.05,26.34,53.85,3.05,1.02,16.64,97.79,18.27,20.03,PNJ,29.39,76.96,semi_arid_subtropical,NASA_POWER_daily_ag,4.205,9.771,2.3426,dewpoint,368.3,32.229
2016-09-22,28.41,33.55,23.52,67.28,8.12,1.19,16.77,98.03,24.48,21.28,PNJ,29.39,76.96,semi_arid_subtropical,NASA_POWER_daily_ag,3.918,10.128,2.5301,dewpoint,343.0,32.042
2016-09-23,29.42,35.62,23.0,55.19,0.06,0.81,20.62,97.76,11.13,18.64,PNJ,29.39,76.96,semi_arid_subtropical,NASA_POWER_daily_ag,4.409,11.42,2.1485,dewpoint,371.5,31.854
2016-09-24,29.51,35.65,22.86,49.57,0.04,1.02,19.44,97.65,11.92,17.16,PNJ,29.39,76.96,semi_arid_subtropical,NASA_POWER_daily_ag,4.464,10.56,1.9575,dewpoint,383.1,31.664
2016-09-25,29.63,35.78,23.04,48.13,0.0,0.86,19.83,97.72,7.22,16.92,PNJ,29.39,76.96,semi_arid_subtropical,NASA_POWER_daily_ag,4.355,10.633,1.9279,dewpoint,375.7,31.474
2016-09-26,29.28,35.43,22.92,48.27,2.51,0.95,17.23,97.87,8.73,16.66,PNJ,29.39,76.96,semi_arid_subtropical,NASA_POWER_daily_ag,4.067,9.446,1.8964,dewpoint,359.9,31.283
2016-09-27,28.84,35.94,21.67,51.34,1.27,1.06,16.07,97.91,4.59,16.95,PNJ,29.39,76.96,semi_arid_subtropical,NASA_POWER_daily_ag,3.96,8.974,1.9316,dewpoint,355.7,31.091
2016-09-28,29.26,36.41,22.96,47.37,0.0,0.92,16.68,97.82,5.43,16.15,PNJ,29.39,76.96,semi_arid_subtropical,NASA_POWER_daily_ag,3.945,9.036,1.8358,dewpoint,365.2,30.898
2016-09-29,29.2,35.74,22.62,47.89,0.0,0.89,16.19,97.83,7.54,16.34,PNJ,29.39,76.96,semi_arid_subtropical,NASA_POWER_daily_ag,3.838,8.851,1.8582,dewpoint,364.1,30.705
2016-09-30,29.8,36.65,24.03,46.7,0.0,0.85,17.1,97.85,8.95,16.56,PNJ,29.39,76.96,semi_arid_subtropical,NASA_POWER_daily_ag,3.943,9.165,1.8844,dewpoint,362.0,30.511
2016-10-01,30.15,36.1,25.14,48.35,0.0,0.75,15.12,97.99,10.92,17.66,PNJ,29.39,76.96,semi_arid_subtropical,NASA_POWER_daily_ag,3.591,8.46,2.0203,dewpoint,347.2,30.316
2016-10-02,31.17,37.21,26.6,47.05,0.0,0.6,13.35,98.15,46.51,18.08,PNJ,29.39,76.96,semi_arid_subtropical,NASA_POWER_daily_ag,3.251,7.685,2.0744,dewpoint,330.4,30.121
2016-10-03,30.53,36.62,25.09,51.3,0.43,1.17,10.42,97.98,79.68,18.76,PNJ,29.39,76.96,semi_arid_subtropical,NASA_POWER_daily_ag,3.408,6.499,2.1647,dewpoint,348.3,29.926
2016-10-04,30.12,36.27,25.38,51.95,0.79,1.1,12.37,97.81,68.88,18.51,PNJ,29.39,76.96,semi_arid_subtropical,NASA_POWER_daily_ag,3.542,7.297,2.1311,dewpoint,366.2,29.73
2016-10-05,28.55,34.78,23.85,56.96,0.81,1.3,12.06,97.76,60.68,18.52,PNJ,29.39,76.96,semi_arid_subtropical,NASA_POWER_daily_ag,3.467,7.18,2.1324,dewpoint,371.5,29.535
2016-10-06,28.55,34.89,22.61,55.22,1.96,0.95,14.74,97.93,5.97,17.91,PNJ,29.39,76.96,semi_arid_subtropical,NASA_POWER_daily_ag,3.529,8.241,2.0523,dewpoint,353.6,29.339
2016-10-07,28.37,36.12,21.8,49.69,0.76,1.8,16.7,97.97,9.48,16.02,PNJ,29.39,76.96,semi_arid_subtropical,NASA_POWER_daily_ag,4.588,8.698,1.8206,dewpoint,349.3,29.143
2016-10-08,28.39,36.64,22.04,42.79,0.0,1.41,17.83,97.93,7.26,13.38,PNJ,29.39,76.96,semi_arid_subtropical,NASA_POWER_daily_ag,4.446,8.595,1.5354,dewpoint,353.6,28.947
2016-10-09,28.28,36.19,21.89,39.33,0.0,0.98,17.73,97.83,7.0,12.27,PNJ,29.39,76.96,semi_arid_subtropical,NASA_POWER_daily_ag,3.935,8.342,1.4277,dewpoint,364.1,28.751
2016-10-10,27.47,35.27,21.04,39.57,0.0,1.48,16.44,97.85,42.01,11.63,PNJ,29.39,76.96,semi_arid_subtropical,NASA_POWER_daily_ag,4.315,7.826,1.3687,dewpoint,362.0,28.556
2016-10-11,26.47,35.6,19.55,37.25,0.0,1.93,19.04,97.9,15.94,9.45,PNJ,29.39,76.96,semi_arid_subtropical,NASA_POWER_daily_ag,4.958,8.257,1.1834,dewpoint,356.7,28.36
2016-10-12,25.3,35.36,17.28,32.01,0.0,2.01,19.24,97.86,16.13,5.92,PNJ,29.39,76.96,semi_arid_subtropical,NASA_POWER_daily_ag,5.021,7.76,0.9299,dewpoint,361.0,28.165
2016-10-13,25.09,36.04,16.78,30.45,0.0,2.26,19.47,98.03,9.07,4.6,PNJ,29.39,76.96,semi_arid_subtropical,NASA_POWER_daily_ag,5.316,7.515,0.8483,dewpoint,343.0,27.971
2016-10-14,25.04,35.08,16.89,32.14,0.0,1.79,19.32,98.15,18.07,5.87,PNJ,29.39,76.96,semi_arid_subtropical,NASA_POWER_daily_ag,4.706,7.657,0.9267,dewpoint,330.4,27.777
2016-10-15,25.25,35.07,17.44,31.01,0.0,1.82,19.13,98.23,19.71,5.34,PNJ,29.39,76.96,semi_arid_subtropical,NASA_POWER_daily_ag,4.757,7.427,0.8932,dewpoint,321.9,27.584
2016-10-16,25.24,34.34,16.42,32.25,0.0,1.61,18.21,98.37,4.25,6.39,PNJ,29.39,76.96,semi_arid_subtropical,NASA_POWER_daily_ag,4.417,7.376,0.9607,dewpoint,307.2,27.392
2016-10-17,25.42,34.4,17.97,33.03,0.0,1.69,18.13,98.27,20.1,6.78,PNJ,29.39,76.96,semi_arid_subtropical,NASA_POWER_daily_ag,4.485,7.288,0.9868,dewpoint,317.7,27.2
2016-10-18,25.17,33.69,17.33,30.42,0.0,1.45,17.93,98.15,15.1,5.52,PNJ,29.39,76.96,semi_arid_subtropical,NASA_POWER_daily_ag,4.179,7.041,0.9045,dewpoint,330.4,27.009
2016-10-19,25.35,33.8,18.25,29.86,0.0,1.35,17.32,98.06,13.28,5.5,PNJ,29.39,76.96,semi_arid_subtropical,NASA_POWER_daily_ag,4.008,6.79,0.9032,dewpoint,339.9,26.82
2016-10-20,24.8,34.83,16.83,35.55,0.0,1.91,17.24,97.92,16.97,7.49,PNJ,29.39,76.96,semi_arid_subtropical,NASA_POWER_daily_ag,4.494,7.017,1.0361,dewpoint,354.6,26.631
2016-10-21,24.59,34.36,17.24,35.54,0.0,1.89,16.58,98.03,16.23,7.02,PNJ,29.39,76.96,semi_arid_subtropical,NASA_POWER_daily_ag,4.403,6.725,1.0032,dewpoint,343.0,26.443
2016-10-22,24.47,34.2,17.07,34.83,0.0,2.06,16.46,98.12,10.07,6.73,PNJ,29.39,76.96,semi_arid_subtropical,NASA_POWER_daily_ag,4.559,6.603,0.9834,dewpoint,333.5,26.257
2016-10-23,23.62,33.15,16.75,32.16,0.0,2.42,15.7,98.11,10.56,4.66,PNJ,29.39,76.96,semi_arid_subtropical,NASA_POWER_daily_ag,4.855,6.15,0.8518,dewpoint,334.6,26.072
2016-10-24,23.57,33.69,15.47,30.49,0.0,2.11,16.31,98.02,14.74,3.95,PNJ,29.39,76.96,semi_arid_subtropical,NASA_POWER_daily_ag,4.579,6.144,0.8104,dewpoint,344.1,25.889
2016-10-25,23.92,32.99,16.89,34.55,0.0,1.73,16.17,98.07,13.35,6.36,PNJ,29.39,76.96,semi_arid_subtropical,NASA_POWER_daily_ag,4.08,6.358,0.9587,dewpoint,338.8,25.707
2016-10-26,24.27,33.13,17.89,29.76,0.0,1.52,15.34,98.34,15.23,4.56,PNJ,29.39,76.96,semi_arid_subtropical,NASA_POWER_daily_ag,3.882,5.831,0.8459,dewpoint,310.4,25.527
2016-10-27,22.75,33.22,15.21,31.67,0.0,2.08,16.79,98.63,9.25,3.53,PNJ,29.39,76.96,semi_arid_subtropical,NASA_POWER_daily_ag,4.406,5.993,0.7867,dewpoint,279.9,25.348
2016-10-28,22.19,32.74,14.08,30.64,0.0,1.88,16.28,98.44,9.56,2.52,PNJ,29.39,76.96,semi_arid_subtropical,NASA_POWER_daily_ag,4.118,5.773,0.7323,dewpoint,299.9,25.171
2016-10-29,23.72,31.9,17.15,24.17,0.0,0.81,14.47,98.5,20.58,0.97,PNJ,29.39,76.96,semi_arid_subtropical,NASA_POWER_daily_ag,2.837,5.151,0.6553,dewpoint,293.6,24.996
2016-10-30,21.02,27.59,16.74,30.86,0.0,0.79,12.49,98.73,38.13,2.7,PNJ,29.39,76.96,semi_arid_subtropical,NASA_POWER_daily_ag,2.526,5.113,0.7418,dewpoint,269.4,24.823
2016-10-31,21.62,30.47,16.3,31.25,0.0,0.9,13.54,98.96,10.22,3.0,PNJ,29.39,76.96,semi_arid_subtropical,NASA_POWER_daily_ag,2.723,5.179,0.7578,dewpoint,245.3,24.652
2016-11-01,21.4,31.13,15.18,34.29,0.0,1.44,12.54,98.83,27.08,4.12,PNJ,29.39,76.96,semi_arid_subtropical,NASA_POWER_daily_ag,3.242,5.077,0.8202,dewpoint,258.9,24.483
2016-11-02,21.93,30.4,16.19,31.97,0.0,0.92,13.88,98.83,17.57,3.62,PNJ,29.39,76.96,semi_arid_subtropical,NASA_POWER_daily_ag,2.756,5.199,0.7918,dewpoint,258.9,24.316
2016-11-03,22.75,31.35,16.53,31.38,0.0,0.74,16.74,98.85,14.59,4.06,PNJ,29.39,76.96,semi_arid_subtropical,NASA_POWER_daily_ag,2.691,5.612,0.8167,dewpoint,256.8,24.151
2016-11-04,21.39,30.53,14.77,34.39,0.0,1.42,11.43,98.54,48.34,4.14,PNJ,29.39,76.96,semi_arid_subtropical,NASA_POWER_daily_ag,3.14,4.775,0.8213,dewpoint,289.4,23.989
2016-11-05,20.49,29.08,15.66,37.98,0.0,1.53,11.32,98.27,26.21,5.07,PNJ,29.39,76.96,semi_arid_subtropical,NASA_POWER_daily_ag,3.073,4.814,0.8766,dewpoint,317.7,23.829
2016-11-06,20.57,29.75,14.91,38.21,0.0,1.43,12.26,98.36,21.14,4.64,PNJ,29.39,76.96,semi_arid_subtropical,NASA_POWER_daily_ag,3.037,4.893,0.8506,dewpoint,308.3,23.671
2016-11-07,20.21,29.62,13.86,32.81,0.0,2.34,14.59,98.47,8.98,2.48,PNJ,29.39,76.96,semi_arid_subtropical,NASA_POWER_daily_ag,4.054,5.014,0.7303,dewpoint,296.7,23.517
2016-11-08,19.64,30.96,12.22,27.24,0.0,2.81,15.09,98.51,7.06,-1.12,PNJ,29.39,76.96,semi_arid_subtropical,NASA_POWER_daily_ag,4.598,4.59,0.5628,dewpoint,292.5,23.364
2016-11-09,20.06,31.87,12.21,24.04,0.0,2.29,14.94,98.6,7.75,-2.44,PNJ,29.39,76.96,semi_arid_subtropical,NASA_POWER_daily_ag,4.21,4.311,0.5105,dewpoint,283.1,23.215
2016-11-10,20.84,30.36,12.24,20.08,0.0,1.1,14.12,98.54,18.93,-4.31,PNJ,29.39,76.96,semi_arid_subtropical,NASA_POWER_daily_ag,2.888,4.073,0.4438,dewpoint,289.4,23.068
2016-11-11,20.6,29.89,12.44,21.0,0.0,1.36,13.32,98.58,14.14,-3.3,PNJ,29.39,76.96,semi_arid_subtropical,NASA_POWER_daily_ag,3.181,4.069,0.4788,dewpoint,285.2,22.924
2016-11-12,20.69,29.96,12.38,24.77,0.0,1.42,13.74,98.71,13.78,-1.02,PNJ,29.39,76.96,semi_arid_subtropical,NASA_POWER_daily_ag,3.217,4.264,0.5669,dewpoint,271.5,22.783
2016-11-13,21.65,29.55,16.77,27.43,0.0,0.85,13.16,98.85,13.79,1.52,PNJ,29.39,76.96,semi_arid_subtropical,NASA_POWER_daily_ag,2.475,4.273,0.6818,dewpoint,256.8,22.644
2016-11-14,20.27,28.63,15.57,34.44,0.0,1.27,12.89,98.82,4.72,3.52,PNJ,29.39,76.96,semi_arid_subtropical,NASA_POWER_daily_ag,2.808,4.49,0.7862,dewpoint,260.0,22.509
2016-11-15,18.95,28.18,12.84,34.25,0.0,1.61,12.92,98.82,15.0,1.89,PNJ,29.39,76.96,semi_arid_subtropical,NASA_POWER_daily_ag,3.064,4.382,0.7001,dewpoint,260.0,22.377
2016-11-16,18.39,28.17,11.52,31.89,0.0,2.09,14.44,98.92,6.8,0.3,PNJ,29.39,76.96,semi_arid_subtropical,NASA_POWER_daily_ag,3.547,4.367,0.6243,dewpoint,249.5,22.248
2016-11-17,18.51,28.97,11.13,27.4,0.0,2.84,14.73,98.85,6.81,-1.94,PNJ,29.39,76.96,semi_arid_subtropical,NASA_POWER_daily_ag,4.354,4.051,0.5298,dewpoint,256.8,22.123
2016-11-18,17.79,27.87,10.36,24.69,0.0,2.25,13.78,98.64,10.38,-3.66,PNJ,29.39,76.96,semi_arid_subtropical,NASA_POWER_daily_ag,3.765,3.848,0.466,dewpoint,278.9,22.0
2016-11-19,19.07,29.0,11.22,23.08,0.0,1.5,12.79,98.45,15.23,-3.43,PNJ,29.39,76.96,semi_arid_subtropical,NASA_POWER_daily_ag,3.092,3.684,0.4741,dewpoint,298.8,21.881
2016-11-20,20.3,28.67,12.31,22.3,0.0,0.85,12.07,98.55,15.7,-2.63,PNJ,29.39,76.96,semi_arid_subtropical,NASA_POWER_daily_ag,2.332,3.647,0.5033,dewpoint,288.3,21.765
2016-11-21,19.68,30.05,12.7,25.3,0.0,1.36,13.08,98.56,7.73,-1.96,PNJ,29.39,76.96,semi_arid_subtropical,NASA_POWER_daily_ag,2.915,3.631,0.529,dewpoint,287.3,21.653
2016-11-22,20.06,30.77,12.12,26.95,0.0,2.08,14.07,98.44,7.79,-0.34,PNJ,29.39,76.96,semi_arid_subtropical,NASA_POWER_daily_ag,3.726,3.8,0.5959,dewpoint,299.9,21.544
2016-11-23,19.61,30.16,13.08,29.1,0.0,2.05,13.41,98.46,34.95,-0.05,PNJ,29.39,76.96,semi_arid_subtropical,NASA_POWER_daily_ag,3.588,3.739,0.6086,dewpoint,297.8,21.439
2016-11-24,20.36,29.54,13.38,24.56,0.0,2.55,13.09,98.65,22.07,-1.63,PNJ,29.39,76.96,semi_arid_subtropical,NASA_POWER_daily_ag,4.298,3.519,0.542,dewpoint,277.8,21.337
2016-11-25,21.43,31.44,13.81,22.04,0.0,4.03,14.38,98.5,2.54,-2.27,PNJ,29.39,76.96,semi_arid_subtropical,NASA_POWER_daily_ag,5.952,3.313,0.517,dewpoint,293.6,21.238
2016-11-26,21.51,31.66,14.56,27.5,0.0,3.7,13.89,98.48,8.9,0.97,PNJ,29.39,76.96,semi_arid_subtropical,NASA_POWER_daily_ag,5.4,3.611,0.6553,dewpoint,295.7,21.144
2016-11-27,21.03,31.13,13.86,24.51,0.0,3.22,13.89,98.52,10.85,-1.25,PNJ,29.39,76.96,semi_arid_subtropical,NASA_POWER_daily_ag,5.024,3.35,0.5574,dewpoint,291.5,21.053
2016-11-28,19.99,30.61,12.83,17.58,0.0,2.81,14.43,98.45,5.63,-6.68,PNJ,29.39,76.96,semi_arid_subtropical,NASA_POWER_daily_ag,4.673,2.762,0.3704,dewpoint,298.8,20.966
2016-11-29,20.17,29.87,13.09,14.94,0.0,1.05,13.21,98.66,25.84,-7.98,PNJ,29.39,76.96,semi_arid_subtropical,NASA_POWER_daily_ag,2.501,2.668,0.3349,dewpoint,276.8,20.883
2016-11-30,18.85,27.31,10.34,21.49,0.0,1.4,10.41,98.85,28.68,-4.63,PNJ,29.39,76.96,semi_arid_subtropical,NASA_POWER_daily_ag,2.881,3.181,0.4332,dewpoint,256.8,20.803
2016-12-01,18.66,27.45,12.46,23.58,0.0,1.16,9.94,98.89,30.03,-3.11,PNJ,29.39,76.96,semi_arid_subtropical,NASA_POWER_daily_ag,2.505,3.184,0.4856,dewpoint,252.7,20.728
2016-12-02,17.64,27.36,11.1,29.22,0.0,1.65,11.03,98.97,42.88,-0.89,PNJ,29.39,76.96,semi_arid_subtropical,NASA_POWER_daily_ag,2.88,3.395,0.5724,dewpoint,244.3,20.656
2016-12-03,17.02,27.41,10.02,25.49,0.0,1.51,12.17,99.12,10.27,-3.69,PNJ,29.39,76.96,semi_arid_subtropical,NASA_POWER_daily_ag,2.763,3.181,0.465,dewpoint,228.6,20.588
2016-12-04,16.76,26.75,9.8,24.41,0.0,1.81,11.74,99.13,6.29,-4.49,PNJ,29.39,76.96,semi_arid_subtropical,NASA_POWER_daily_ag,3.071,3.118,0.4378,dewpoint,227.5,20.524
2016-12-05,17.05,26.93,9.6,25.76,0.0,1.97,11.82,98.9,7.49,-3.49,PNJ,29.39,76.96,semi_arid_subtropical,NASA_POWER_daily_ag,3.227,3.183,0.472,dewpoint,251.6,20.464
2016-12-06,18.79,26.95,12.75,23.93,0.0,0.81,10.72,98.98,21.66,-2.83,PNJ,29.39,76.96,semi_arid_subtropical,NASA_POWER_daily_ag,2.033,3.094,0.4959,dewpoint,243.2,20.408
2016-12-07,18.96,27.19,12.93,25.76,0.0,1.16,8.96,98.89,51.18,-1.52,PNJ,29.39,76.96,semi_arid_subtropical,NASA_POWER_daily_ag,2.46,3.14,0.5464,dewpoint,252.7,20.356
2016-12-08,18.57,26.69,11.6,27.94,0.0,1.05,8.89,98.77,42.37,-0.91,PNJ,29.39,76.96,semi_arid_subtropical,NASA_POWER_daily_ag,2.282,3.207,0.5715,dewpoint,265.2,20.309
2016-12-09,18.41,26.7,11.42,27.57,0.0,0.76,9.79,98.57,48.7,-1.25,PNJ,29.39,76.96,semi_arid_subtropical,NASA_POWER_daily_ag,1.921,3.202,0.5574,dewpoint,286.2,20.265
2016-12-10,18.5,27.98,10.06,29.78,0.0,1.42,7.95,98.56,61.58,-0.58,PNJ,29.39,76.96,semi_arid_subtropical,NASA_POWER_daily_ag,2.674,3.175,0.5855,dewpoint,287.3,20.225
2016-12-11,18.6,27.96,12.96,34.1,0.0,1.4,10.05,98.55,28.15,1.97,PNJ,29.39,76.96,semi_arid_subtropical,NASA_POWER_daily_ag,2.559,3.349,0.7041,dewpoint,288.3,20.19
2016-12-12,17.27,26.1,10.6,37.74,0.0,1.76,9.37,98.62,41.51,1.9,PNJ,29.39,76.96,semi_arid_subtropical,NASA_POWER_daily_ag,2.737,3.408,0.7006,dewpoint,281.0,20.158
2016-12-13,17.63,26.19,12.5,32.85,0.0,2.05,9.92,98.73,30.14,0.49,PNJ,29.39,76.96,semi_arid_subtropical,NASA_POWER_daily_ag,3.128,3.27,0.6329,dewpoint,269.4,20.131
2016-12-14,16.34,25.39,10.34,31.85,0.0,2.38,11.34,98.9,14.31,-1.57,PNJ,29.39,76.96,semi_arid_subtropical,NASA_POWER_daily_ag,3.352,3.229,0.5444,dewpoint,251.6,20.108
2016-12-15,15.29,24.97,8.68,26.72,0.0,2.4,12.19,98.83,7.19,-4.56,PNJ,29.39,76.96,semi_arid_subtropical,NASA_POWER_daily_ag,3.377,3.049,0.4355,dewpoint,258.9,20.089
2016-12-16,15.3,24.57,8.35,26.5,0.0,1.6,11.78,98.97,37.57,-4.55,PNJ,29.39,76.96,semi_arid_subtropical,NASA_POWER_daily_ag,2.664,3.069,0.4358,dewpoint,244.3,20.074
2016-12-17,15.0,24.46,8.21,30.4,0.0,1.96,13.07,98.93,10.73,-3.06,PNJ,29.39,76.96,semi_arid_subtropical,NASA_POWER_daily_ag,2.897,3.234,0.4874,dewpoint,248.5,20.063
2016-12-18,14.94,24.67,8.92,29.16,0.0,1.81,12.64,98.93,19.72,-3.8,PNJ,29.39,76.96,semi_arid_subtropical,NASA_POWER_daily_ag,2.779,3.109,0.4611,dewpoint,248.5,20.057
2016-12-19,14.98,25.43,7.19,27.16,0.0,2.5,12.72,98.92,4.62,-4.65,PNJ,29.39,76.96,semi_arid_subtropical,NASA_POWER_daily_ag,3.415,3.062,0.4325,dewpoint,249.5,20.055
2016-12-20,15.9,26.35,9.07,28.84,0.0,3.53,13.28,98.76,2.1,-3.16,PNJ,29.39,76.96,semi_arid_subtropical,NASA_POWER_daily_ag,4.235,3.092,0.4838,dewpoint,266.3,20.057
2016-12-21,15.64,27.26,7.74,25.66,0.0,3.07,13.09,98.73,4.16,-5.62,PNJ,29.39,76.96,semi_arid_subtropical,NASA_POWER_daily_ag,4.02,2.856,0.4018,dewpoint,269.4,20.063
2016-12-22,15.56,27.1,7.07,20.76,0.0,1.81,13.01,98.74,8.92,-8.05,PNJ,29.39,76.96,semi_arid_subtropical,NASA_POWER_daily_ag,2.988,2.675,0.3331,dewpoint,268.4,20.073
2016-12-23,16.67,26.28,9.99,19.08,0.0,1.01,11.28,98.57,25.63,-7.42,PNJ,29.39,76.96,semi_arid_subtropical,NASA_POWER_daily_ag,2.169,2.728,0.3498,dewpoint,286.2,20.088
2016-12-24,15.94,25.22,9.67,23.29,0.0,1.46,10.49,98.36,14.58,-5.47,PNJ,29.39,76.96,semi_arid_subtropical,NASA_POWER_daily_ag,2.61,2.957,0.4064,dewpoint,308.3,20.107
2016-12-25,13.71,23.13,7.28,32.86,0.04,1.46,5.61,98.6,39.02,-2.89,PNJ,29.39,76.96,semi_arid_subtropical,NASA_POWER_daily_ag,2.259,3.103,0.4937,dewpoint,283.1,20.13
2016-12-26,13.79,23.97,7.0,26.93,0.71,2.3,11.84,98.87,4.44,-6.41,PNJ,29.39,76.96,semi_arid_subtropical,NASA_POWER_daily_ag,3.168,3.035,0.3782,dewpoint,254.7,20.157
2016-12-27,14.3,25.4,6.19,18.64,0.0,1.97,12.22,98.88,9.45,-9.72,PNJ,29.39,76.96,semi_arid_subtropical,NASA_POWER_daily_ag,3.071,2.75,0.2921,dewpoint,253.7,20.188
2016-12-28,15.9,24.92,8.26,20.08,0.0,1.57,10.96,98.78,35.81,-7.4,PNJ,29.39,76.96,semi_arid_subtropical,NASA_POWER_daily_ag,2.799,2.914,0.3503,dewpoint,264.2,20.224
2016-12-29,15.22,23.9,7.72,23.09,0.0,1.3,10.03,98.86,29.23,-6.08,PNJ,29.39,76.96,semi_arid_subtropical,NASA_POWER_daily_ag,2.416,3.078,0.3879,dewpoint,255.8,20.263
2016-12-30,13.48,23.4,6.95,29.37,0.0,1.76,9.21,98.91,31.28,-4.78,PNJ,29.39,76.96,semi_arid_subtropical,NASA_POWER_daily_ag,2.611,3.193,0.4283,dewpoint,250.6,20.307
2016-12-31,12.88,20.23,7.26,36.13,0.0,1.86,9.8,98.83,25.18,-2.11,PNJ,29.39,76.96,semi_arid_subtropical,NASA_POWER_daily_ag,2.487,3.483,0.5231,dewpoint,258.9,20.355
2017-01-01,14.81,22.83,8.51,50.72,1.03,1.56,12.01,98.87,10.29,4.31,PNJ,29.39,76.96,semi_arid_subtropical,NASA_POWER_daily_ag,2.181,4.121,0.8312,dewpoint,254.7,20.355
2017-01-02,15.76,24.14,10.45,56.12,0.06,1.26,12.52,99.05,3.58,6.36,PNJ,29.39,76.96,semi_arid_subtropical,NASA_POWER_daily_ag,2.001,4.33,0.9587,dewpoint,235.9,20.407
2017-01-03,16.13,25.02,9.38,47.27,0.0,1.29,12.17,99.01,25.72,3.97,PNJ,29.39,76.96,semi_arid_subtropical,NASA_POWER_daily_ag,2.184,4.028,0.8115,dewpoint,240.1,20.463
2017-01-04,17.32,24.73,11.55,41.42,0.0,1.19,10.77,98.78,5.9,3.43,PNJ,29.39,76.96,semi_arid_subtropical,NASA_POWER_daily_ag,2.224,3.79,0.7812,dewpoint,264.2,20.523
2017-01-05,17.01,25.64,10.83,40.14,0.0,1.19,10.91,98.64,15.86,2.63,PNJ,29.39,76.96,semi_arid_subtropical,NASA_POWER_daily_ag,2.227,3.747,0.7381,dewpoint,278.9,20.587
2017-01-06,16.27,24.71,9.05,42.75,3.18,2.01,8.71,98.4,45.71,2.56,PNJ,29.39,76.96,semi_arid_subtropical,NASA_POWER_daily_ag,2.764,3.617,0.7344,dewpoint,304.1,20.655
2017-01-07,13.61,18.67,9.25,72.26,13.01,1.8,3.63,98.38,69.03,8.48,PNJ,29.39,76.96,semi_arid_subtropical,NASA_POWER_daily_ag,1.412,3.035,1.1083,dewpoint,306.2,20.727
2017-01-08,12.05,19.21,6.51,66.43,0.0,1.08,7.93,98.73,31.2,4.79,PNJ,29.39,76.96,semi_arid_subtropical,NASA_POWER_daily_ag,1.463,3.815,0.8596,dewpoint,269.4,20.803
2017-01-09,10.73,18.48,5.28,52.87,0.0,1.81,12.05,98.8,8.14,0.54,PNJ,29.39,76.96,semi_arid_subtropical,NASA_POWER_daily_ag,2.056,4.224,0.6352,dewpoint,262.1,20.883
2017-01-10,8.73,18.14,1.92,35.26,0.0,2.42,14.31,98.81,4.95,-6.92,PNJ,29.39,76.96,semi_arid_subtropical,NASA_POWER_daily_ag,2.609,3.972,0.3636,dewpoint,261.0,20.966
2017-01-11,8.23,17.8,0.75,36.48,0.0,2.05,14.27,98.84,3.73,-6.65,PNJ,29.39,76.96,semi_arid_subtropical,NASA_POWER_daily_ag,2.337,4.103,0.3712,dewpoint,257.9,21.054
2017-01-12,8.69,18.36,1.51,37.27,0.08,1.89,13.5,98.81,6.97,-5.94,PNJ,29.39,76.96,semi_arid_subtropical,NASA_POWER_daily_ag,2.266,4.074,0.392,dewpoint,261.0,21.145
2017-01-13,9.73,19.61,2.37,34.29,0.0,1.76,13.78,98.89,8.81,-6.12,PNJ,29.39,76.96,semi_arid_subtropical,NASA_POWER_daily_ag,2.337,4.026,0.3867,dewpoint,252.7,21.241
2017-01-14,10.22,19.83,3.72,34.28,0.0,1.68,9.62,99.0,72.57,-5.72,PNJ,29.39,76.96,semi_arid_subtropical,NASA_POWER_daily_ag,2.265,3.68,0.3987,dewpoint,241.1,21.339
2017-01-15,12.67,22.05,5.63,38.47,0.05,1.19,11.84,99.01,64.78,-2.49,PNJ,29.39,76.96,semi_arid_subtropical,NASA_POWER_daily_ag,2.084,3.998,0.5086,dewpoint,240.1,21.442
2017-01-16,12.1,20.75,6.36,42.92,0.19,1.71,7.1,98.87,64.92,-0.86,PNJ,29.39,76.96,semi_arid_subtropical,NASA_POWER_daily_ag,2.205,3.607,0.5736,dewpoint,254.7,21.548
2017-01-17,10.65,19.0,4.2,57.51,0.11,1.8,7.77,98.98,36.6,1.68,PNJ,29.39,76.96,semi_arid_subtropical,NASA_POWER_daily_ag,1.868,3.871,0.6896,dewpoint,243.2,21.658
2017-01-18,11.73,20.97,4.43,47.72,0.0,1.66,12.44,99.32,40.11,-0.09,PNJ,29.39,76.96,semi_arid_subtropical,NASA_POWER_daily_ag,2.228,4.466,0.6068,dewpoint,207.7,21.771
2017-01-19,11.41,20.12,5.65,47.42,0.0,2.79,14.56,99.49,12.2,-0.29,PNJ,29.39,76.96,semi_arid_subtropical,NASA_POWER_daily_ag,2.809,4.787,0.598,dewpoint,190.0,21.888
2017-01-20,11.48,21.29,4.37,48.1,0.0,2.49,14.5,99.33,28.72,-0.2,PNJ,29.39,76.96,semi_arid_subtropical,NASA_POWER_daily_ag,2.688,4.838,0.602,dewpoint,206.6,22.009
2017-01-21,12.9,21.81,7.81,38.37,0.02,1.66,10.32,99.21,80.3,-1.78,PNJ,29.39,76.96,semi_arid_subtropical,NASA_POWER_daily_ag,2.439,4.053,0.5361,dewpoint,219.2,22.132
2017-01-22,15.5,25.29,8.75,42.41,0.67,1.48,11.85,99.33,49.25,2.13,PNJ,29.39,76.96,semi_arid_subtropical,NASA_POWER_daily_ag,2.474,4.451,0.7122,dewpoint,206.6,22.259
2017-01-23,15.18,24.6,8.68,41.26,0.0,1.92,12.58,99.18,25.19,1.48,PNJ,29.39,76.96,semi_arid_subtropical,NASA_POWER_daily_ag,2.821,4.574,0.6798,dewpoint,222.3,22.39
2017-01-24,14.76,22.74,8.14,42.02,0.0,1.43,11.61,99.06,65.92,1.44,PNJ,29.39,76.96,semi_arid_subtropical,NASA_POWER_daily_ag,2.406,4.55,0.6779,dewpoint,234.9,22.523
2017-01-25,17.72,25.21,12.2,44.67,0.8,1.72,8.15,99.01,98.37,5.21,PNJ,29.39,76.96,semi_arid_subtropical,NASA_POWER_daily_ag,2.646,4.096,0.8852,dewpoint,240.1,22.66
2017-01-26,15.96,23.55,11.66,72.35,19.41,2.73,2.6,98.96,97.2,10.27,PNJ,29.39,76.96,semi_arid_subtropical,NASA_POWER_daily_ag,1.872,2.943,1.2504,dewpoint,245.3,22.8
2017-01-27,13.06,19.0,8.69,78.94,7.4,1.32,11.94,99.08,49.62,9.1,PNJ,29.39,76.96,semi_arid_subtropical,NASA_POWER_daily_ag,1.635,5.524,1.1558,dewpoint,232.8,22.943
2017-01-28,13.47,21.75,6.22,68.94,0.0,2.25,8.04,99.11,77.68,7.16,PNJ,29.39,76.96,semi_arid_subtropical,NASA_POWER_daily_ag,1.969,4.371,1.0129,dewpoint,229.6,23.088
2017-01-29,15.47,24.66,9.61,51.64,0.0,2.57,12.73,98.87,88.16,4.54,PNJ,29.39,76.96,semi_arid_subtropical,NASA_POWER_daily_ag,3.044,5.152,0.8447,dewpoint,254.7,23.237
2017-01-30,15.39,24.5,7.87,48.15,0.0,1.45,13.07,98.77,28.09,3.53,PNJ,29.39,76.96,semi_arid_subtropical,NASA_POWER_daily_ag,2.498,5.228,0.7867,dewpoint,265.2,23.389
2017-01-31,15.47,24.38,8.95,50.8,0.0,1.95,14.22,98.73,7.59,4.53,PNJ,29.39,76.96,semi_arid_subtropical,NASA_POWER_daily_ag,2.803,5.593,0.8441,dewpoint,269.4,23.543
2017-02-01,14.45,23.38,7.42,54.66,0.0,1.77,15.29,98.91,42.24,4.26,PNJ,29.39,76.96,semi_arid_subtropical,NASA_POWER_daily_ag,2.625,5.94,0.8283,dewpoint,250.6,23.7
2017-02-02,14.77,22.84,9.08,47.2,0.0,0.9,13.47,99.13,84.41,2.93,PNJ,29.39,76.96,semi_arid_subtropical,NASA_POWER_daily_ag,2.115,5.416,0.754,dewpoint,227.5,23.86
2017-02-03,15.56,24.68,7.26,48.76,0.0,1.36,14.28,98.95,88.61,3.65,PNJ,29.39,76.96,semi_arid_subtropical,NASA_POWER_daily_ag,2.557,5.707,0.7934,dewpoint,246.4,24.022
2017-02-04,17.28,25.45,10.55,42.34,0.02,2.62,9.67,98.61,99.18,3.71,PNJ,29.39,76.96,semi_arid_subtropical,NASA_POWER_daily_ag,3.474,4.675,0.7968,dewpoint,282.0,24.187
2017-02-05,15.71,20.22,12.15,54.69,1.54,1.55,9.54,98.6,58.37,6.44,PNJ,29.39,76.96,semi_arid_subtropical,NASA_POWER_daily_ag,2.28,4.908,0.964,dewpoint,283.1,24.354
2017-02-06,14.31,22.5,8.6,52.35,0.01,2.26,15.54,98.82,22.83,3.33,PNJ,29.39,76.96,semi_arid_subtropical,NASA_POWER_daily_ag,2.992,6.168,0.7757,dewpoint,260.0,24.524
2017-02-07,12.84,22.57,5.65,43.91,0.0,2.08,15.75,98.81,70.9,-0.29,PNJ,29.39,76.96,semi_arid_subtropical,NASA_POWER_daily_ag,2.951,5.982,0.598,dewpoint,261.0,24.695
2017-02-08,14.86,24.19,8.21,40.76,0.0,1.55,15.46,98.73,52.35,0.48,PNJ,29.39,76.96,semi_arid_subtropical,NASA_POWER_daily_ag,2.861,5.896,0.6325,dewpoint,269.4,24.869
2017-02-09,13.82,22.42,6.89,41.41,0.0,2.36,17.02,98.83,1.43,-0.12,PNJ,29.39,76.96,semi_arid_subtropical,NASA_POWER_daily_ag,3.348,6.353,0.6055,dewpoint,258.9,25.045
2017-02-10,13.61,23.8,5.63,47.71,0.0,2.12,17.89,98.75,2.42,1.48,PNJ,29.39,76.96,semi_arid_subtropical,NASA_POWER_daily_ag,3.103,6.795,0.6798,dewpoint,267.3,25.223
2017-02-11,14.75,25.46,6.26,42.34,0.0,1.39,17.71,98.85,0.3,0.62,PNJ,29.39,76.96,semi_arid_subtropical,NASA_POWER_daily_ag,2.869,6.596,0.6389,dewpoint,256.8,25.403
2017-02-12,14.94,24.5,7.5,38.98,0.0,1.09,16.78,99.19,0.68,0.03,PNJ,29.39,76.96,semi_arid_subtropical,NASA_POWER_daily_ag,2.647,6.38,0.6121,dewpoint,221.3,25.585
2017-02-13,15.05,25.51,7.21,41.19,0.0,2.01,17.83,99.33,2.13,0.76,PNJ,29.39,76.96,semi_arid_subtropical,NASA_POWER_daily_ag,3.362,6.722,0.6454,dewpoint,206.6,25.768
2017-02-14,15.73,26.83,7.07,42.11,0.0,2.08,17.14,99.33,43.35,1.38,PNJ,29.39,76.96,semi_arid_subtropical,NASA_POWER_daily_ag,3.463,6.65,0.6749,dewpoint,206.6,25.954
2017-02-15,17.94,28.17,9.32,40.42,0.0,1.93,16.36,99.23,49.71,2.87,PNJ,29.39,76.96,semi_arid_subtropical,NASA_POWER_daily_ag,3.607,6.565,0.7508,dewpoint,217.1,26.14
2017-02-16,20.76,30.43,13.52,41.73,0.0,2.86,15.52,98.99,74.34,6.09,PNJ,29.39,76.96,semi_arid_subtropical,NASA_POWER_daily_ag,4.544,6.575,0.941,dewpoint,242.2,26.329
2017-02-17,20.05,29.24,14.52,47.64,0.0,2.76,14.65,98.89,71.56,8.01,PNJ,29.39,76.96,semi_arid_subtropical,NASA_POWER_daily_ag,4.044,6.644,1.0735,dewpoint,252.7,26.518
2017-02-18,20.66,30.7,12.89,48.1,0.0,2.38,15.28,98.9,71.48,8.05,PNJ,29.39,76.96,semi_arid_subtropical,NASA_POWER_daily_ag,3.988,6.876,1.0764,dewpoint,251.6,26.709
2017-02-19,22.04,30.49,14.37,44.46,0.0,1.72,14.42,98.61,66.21,8.36,PNJ,29.39,76.96,semi_arid_subtropical,NASA_POWER_daily_ag,3.671,6.689,1.0994,dewpoint,282.0,26.902
2017-02-20,21.72,30.6,15.62,41.63,0.02,1.71,14.48,97.93,44.0,7.11,PNJ,29.39,76.96,semi_arid_subtropical,NASA_POWER_daily_ag,3.697,6.592,1.0095,dewpoint,353.6,27.095
2017-02-21,17.71,25.87,11.01,46.04,0.65,1.86,14.49,97.97,36.54,5.25,PNJ,29.39,76.96,semi_arid_subtropical,NASA_POWER_daily_ag,3.325,6.737,0.8877,dewpoint,349.3,27.29
2017-02-22,17.07,26.56,10.4,27.14,0.02,1.89,19.32,98.46,1.72,-3.47,PNJ,29.39,76.96,semi_arid_subtropical,NASA_POWER_daily_ag,3.98,7.014,0.4727,dewpoint,297.8,27.485
2017-02-23,16.55,26.86,8.29,32.0,0.0,3.02,20.32,98.71,6.76,-2.28,PNJ,29.39,76.96,semi_arid_subtropical,NASA_POWER_daily_ag,4.787,7.532,0.5166,dewpoint,271.5,27.681
2017-02-24,16.84,27.08,8.6,27.98,0.0,3.48,20.31,98.81,2.65,-3.6,PNJ,29.39,76.96,semi_arid_subtropical,NASA_POWER_daily_ag,5.271,7.413,0.4681,dewpoint,261.0,27.878
2017-02-25,17.92,28.84,9.16,29.05,0.0,3.02,20.18,98.67,1.63,-2.36,PNJ,29.39,76.96,semi_arid_subtropical,NASA_POWER_daily_ag,5.106,7.485,0.5135,dewpoint,275.7,28.076
2017-02-26,18.13,29.01,9.47,32.67,0.0,2.46,21.16,98.48,2.74,-0.12,PNJ,29.39,76.96,semi_arid_subtropical,NASA_POWER_daily_ag,4.642,8.069,0.6055,dewpoint,295.7,28.275
2017-02-27,19.21,29.37,9.55,29.23,0.0,2.06,20.8,98.63,3.34,-1.01,PNJ,29.39,76.96,semi_arid_subtropical,NASA_POWER_daily_ag,4.547,7.907,0.5673,dewpoint,279.9,28.473
2017-02-28,20.75,28.94,13.92,26.29,0.12,1.47,18.9,98.68,45.67,-0.35,PNJ,29.39,76.96,semi_arid_subtropical,NASA_POWER_daily_ag,4.034,7.434,0.5954,dewpoint,274.7,28.673
2017-03-01,21.38,29.98,14.71,33.35,0.01,1.3,17.1,98.56,48.38,3.71,PNJ,29.39,76.96,semi_arid_subtropical,NASA_POWER_daily_ag,3.712,7.453,0.7968,dewpoint,287.3,28.872
2017-03-02,19.92,28.66,13.6,31.55,0.08,1.74,19.91,98.53,12.74,1.19,PNJ,29.39,76.96,semi_arid_subtropical,NASA_POWER_daily_ag,4.248,8.052,0.6658,dewpoint,290.4,29.072
2017-03-03,18.6,27.98,10.21,32.34,0.0,2.03,18.32,98.35,46.18,0.43,PNJ,29.39,76.96,semi_arid_subtropical,NASA_POWER_daily_ag,4.276,7.79,0.6302,dewpoint,309.3,29.272
2017-03-04,17.65,27.45,9.42,31.88,0.0,2.17,21.88,98.28,1.32,-1.38,PNJ,29.39,76.96,semi_arid_subtropical,NASA_POWER_daily_ag,4.538,8.644,0.5521,dewpoint,316.7,29.472
2017-03-05,18.51,28.75,9.44,30.33,0.0,2.99,21.9,98.31,5.1,-1.12,PNJ,29.39,76.96,semi_arid_subtropical,NASA_POWER_daily_ag,5.349,8.678,0.5628,dewpoint,313.5,29.672
2017-03-06,19.77,29.54,10.66,29.1,0.0,2.56,21.45,98.27,25.58,-0.25,PNJ,29.39,76.96,semi_arid_subtropical,NASA_POWER_daily_ag,5.209,8.644,0.5998,dewpoint,317.7,29.872
2017-03-07,20.53,29.51,12.83,32.11,0.04,1.66,17.82,98.15,62.02,2.25,PNJ,29.39,76.96,semi_arid_subtropical,NASA_POWER_daily_ag,4.167,7.933,0.7184,dewpoint,330.4,30.072
2017-03-08,19.61,25.92,15.4,45.98,1.84,2.98,15.36,98.17,83.71,7.14,PNJ,29.39,76.96,semi_arid_subtropical,NASA_POWER_daily_ag,4.43,7.777,1.0115,dewpoint,328.3,30.272
2017-03-09,20.43,28.33,13.19,43.47,1.54,1.63,18.81,98.02,36.22,6.01,PNJ,29.39,76.96,semi_arid_subtropical,NASA_POWER_daily_ag,4.056,8.839,0.9358,dewpoint,344.1,30.471
2017-03-10,20.15,26.2,14.42,41.4,4.21,1.5,17.21,97.89,62.92,6.17,PNJ,29.39,76.96,semi_arid_subtropical,NASA_POWER_daily_ag,3.788,8.418,0.9462,dewpoint,357.8,30.67
2017-03-11,16.04,23.57,10.59,55.6,5.2,1.95,19.47,98.22,34.58,5.1,PNJ,29.39,76.96,semi_arid_subtropical,NASA_POWER_daily_ag,3.636,9.34,0.8784,dewpoint,323.0,30.868
2017-03-12,16.13,24.09,9.93,31.58,0.0,1.82,21.83,98.65,17.87,-1.8,PNJ,29.39,76.96,semi_arid_subtropical,NASA_POWER_daily_ag,4.152,9.304,0.5353,dewpoint,277.8,31.065
2017-03-13,16.26,25.8,8.43,30.8,0.0,2.44,22.89,98.65,4.47,-2.74,PNJ,29.39,76.96,semi_arid_subtropical,NASA_POWER_daily_ag,4.754,9.54,0.4992,dewpoint,277.8,31.262
2017-03-14,17.32,27.22,8.39,30.75,0.0,1.52,19.38,98.85,55.96,-1.59,PNJ,29.39,76.96,semi_arid_subtropical,NASA_POWER_daily_ag,3.935,8.631,0.5436,dewpoint,256.8,31.458
2017-03-15,18.91,28.57,10.12,32.24,0.0,2.09,21.62,98.7,29.69,0.46,PNJ,29.39,76.96,semi_arid_subtropical,NASA_POWER_daily_ag,4.759,9.457,0.6316,dewpoint,272.6,31.654
2017-03-16,21.11,30.44,13.99,35.14,0.28,2.19,14.42,98.43,59.01,3.74,PNJ,29.39,76.96,semi_arid_subtropical,NASA_POWER_daily_ag,4.527,7.409,0.7985,dewpoint,300.9,31.848
2017-03-17,20.45,29.26,12.67,41.68,0.0,2.57,21.87,98.29,11.17,5.73,PNJ,29.39,76.96,semi_arid_subtropical,NASA_POWER_daily_ag,5.118,10.249,0.9178,dewpoint,315.6,32.041
2017-03-18,21.5,30.89,12.66,31.98,0.0,1.98,21.7,98.26,27.49,1.83,PNJ,29.39,76.96,semi_arid_subtropical,NASA_POWER_daily_ag,5.086,9.62,0.6971,dewpoint,318.8,32.233
2017-03-19,22.2,31.36,14.69,25.72,0.0,1.91,21.49,98.41,26.76,0.67,PNJ,29.39,76.96,semi_arid_subtropical,NASA_POWER_daily_ag,5.157,9.347,0.6412,dewpoint,303.0,32.424
2017-03-20,22.7,32.62,13.73,29.58,0.0,2.65,22.5,98.47,27.68,2.46,PNJ,29.39,76.96,semi_arid_subtropical,NASA_POWER_daily_ag,5.997,9.928,0.7292,dewpoint,296.7,32.614
2017-03-21,24.68,34.66,15.19,27.09,0.0,2.48,22.02,98.46,22.58,3.06,PNJ,29.39,76.96,semi_arid_subtropical,NASA_POWER_daily_ag,6.173,9.751,0.761,dewpoint,297.8,32.803
2017-03-22,26.87,37.31,17.32,27.05,0.0,2.53,22.24,98.3,25.41,4.65,PNJ,29.39,76.96,semi_arid_subtropical,NASA_POWER_daily_ag,6.594,9.886,0.8512,dewpoint,314.6,32.99
2017-03-23,27.61,36.98,18.52,30.72,0.0,1.82,21.9,98.23,35.4,7.05,PNJ,29.39,76.96,semi_arid_subtropical,NASA_POWER_daily_ag,5.765,10.18,1.0053,dewpoint,321.9,33.176
2017-03-24,27.14,36.85,19.74,30.29,0.0,2.65,21.63,98.26,50.45,6.25,PNJ,29.39,76.96,semi_arid_subtropical,NASA_POWER_daily_ag,6.658,9.973,0.9514,dewpoint,318.8,33.36
2017-03-25,26.07,36.14,16.41,21.22,0.0,2.77,23.44,98.28,20.4,0.18,PNJ,29.39,76.96,semi_arid_subtropical,NASA_POWER_daily_ag,7.062,9.866,0.6188,dewpoint,316.7,33.543
2017-03-26,27.93,37.4,18.59,25.02,0.0,3.79,24.48,98.33,5.15,5.16,PNJ,29.39,76.96,semi_arid_subtropical,NASA_POWER_daily_ag,8.422,10.849,0.8821,dewpoint,311.4,33.724
2017-03-27,29.24,40.06,18.44,29.01,0.0,3.31,22.64,98.22,29.45,7.34,PNJ,29.39,76.96,semi_arid_subtropical,NASA_POWER_daily_ag,7.939,10.538,1.0255,dewpoint,323.0,33.904
2017-03-28,29.84,39.37,20.69,25.98,0.0,2.74,22.23,98.17,40.16,6.73,PNJ,29.39,76.96,semi_arid_subtropical,NASA_POWER_daily_ag,7.418,10.295,0.9834,dewpoint,328.3,34.082
2017-03-29,30.78,40.29,21.72,25.65,0.0,2.76,23.16,98.02,45.25,7.76,PNJ,29.39,76.96,semi_arid_subtropical,NASA_POWER_daily_ag,7.676,10.748,1.0554,dewpoint,344.1,34.258
2017-03-30,31.08,40.32,22.78,23.85,0.0,3.5,22.58,98.02,66.98,6.3,PNJ,29.39,76.96,semi_arid_subtropical,NASA_POWER_daily_ag,8.718,10.311,0.9547,dewpoint,344.1,34.432
2017-03-31,31.87,41.0,23.87,24.37,0.0,2.38,21.9,98.07,82.57,7.89,PNJ,29.39,76.96,semi_arid_subtropical,NASA_POWER_daily_ag,7.27,10.319,1.0648,dewpoint,338.8,34.604
2017-04-01,31.28,40.48,22.48,21.5,0.0,2.81,23.73,97.88,21.51,5.04,PNJ,29.39,76.96,semi_arid_subtropical,NASA_POWER_daily_ag,8.059,10.581,0.8747,dewpoint,358.8,34.775
2017-04-02,30.54,40.12,21.41,18.26,0.0,2.94,25.13,97.73,6.46,2.06,PNJ,29.39,76.96,semi_arid_subtropical,NASA_POWER_daily_ag,8.326,10.643,0.7087,dewpoint,374.7,34.943
2017-04-03,30.54,40.53,20.87,18.37,0.0,2.52,24.57,97.76,26.13,2.32,PNJ,29.39,76.96,semi_arid_subtropical,NASA_POWER_daily_ag,7.698,10.577,0.722,dewpoint,371.5,35.11
2017-04-04,31.06,39.32,23.02,19.17,0.0,1.75,9.55,97.88,91.14,4.23,PNJ,29.39,76.96,semi_arid_subtropical,NASA_POWER_daily_ag,5.234,6.161,0.8265,dewpoint,358.8,35.274
2017-04-05,30.31,36.78,23.57,30.45,7.83,2.78,18.51,97.68,75.44,10.22,PNJ,29.39,76.96,semi_arid_subtropical,NASA_POWER_daily_ag,7.057,9.811,1.2462,dewpoint,380.0,35.437
2017-04-06,27.65,37.41,19.97,36.82,7.8,4.19,21.03,97.54,73.21,9.2,PNJ,29.39,76.96,semi_arid_subtropical,NASA_POWER_daily_ag,8.075,10.764,1.1637,dewpoint,394.8,35.597
2017-04-07,25.1,33.4,18.59,21.96,0.08,1.5,21.78,98.05,69.19,-0.71,PNJ,29.39,76.96,semi_arid_subtropical,NASA_POWER_daily_ag,5.356,9.995,0.58,dewpoint,340.9,35.755
2017-04-08,24.61,34.59,15.35,20.8,0.0,2.23,24.26,98.29,29.02,-1.62,PNJ,29.39,76.96,semi_arid_subtropical,NASA_POWER_daily_ag,6.465,10.778,0.5424,dewpoint,315.6,35.911
2017-04-09,24.26,33.78,15.16,20.07,0.0,3.9,27.15,98.38,5.81,-2.77,PNJ,29.39,76.96,semi_arid_subtropical,NASA_POWER_daily_ag,8.443,11.626,0.4981,dewpoint,306.2,36.064
2017-04-10,25.51,35.65,15.97,18.19,0.0,4.33,27.41,98.14,19.89,-2.35,PNJ,29.39,76.96,semi_arid_subtropical,NASA_POWER_daily_ag,9.196,11.654,0.5139,dewpoint,331.4,36.216
2017-04-11,27.21,38.22,16.38,20.18,0.0,4.02,26.93,97.93,20.06,0.39,PNJ,29.39,76.96,semi_arid_subtropical,NASA_POWER_daily_ag,9.181,11.784,0.6284,dewpoint,353.6,36.365
2017-04-12,28.88,40.49,17.98,19.97,0.0,2.97,26.35,97.89,19.58,0.93,PNJ,29.39,76.96,semi_arid_subtropical,NASA_POWER_daily_ag,8.302,11.506,0.6534,dewpoint,357.8,36.512
2017-04-13,30.65,40.8,20.06,16.4,0.0,1.37,26.19,97.95,18.19,-0.16,PNJ,29.39,76.96,semi_arid_subtropical,NASA_POWER_daily_ag,6.211,11.204,0.6037,dewpoint,351.5,36.656
2017-04-14,31.74,41.56,23.26,14.24,0.0,1.4,24.67,97.81,30.87,-0.38,PNJ,29.39,76.96,semi_arid_subtropical,NASA_POWER_daily_ag,6.211,10.567,0.5941,dewpoint,366.2,36.798
2017-04-15,32.77,42.86,23.84,16.82,0.0,2.44,25.98,97.58,12.46,2.51,PNJ,29.39,76.96,semi_arid_subtropical,NASA_POWER_daily_ag,8.209,11.349,0.7318,dewpoint,390.5,36.938
2017-04-16,33.04,44.31,22.0,15.26,0.0,1.54,26.21,97.63,21.93,1.31,PNJ,29.39,76.96,semi_arid_subtropical,NASA_POWER_daily_ag,6.772,11.267,0.6715,dewpoint,385.3,37.075
2017-04-17,33.99,43.07,25.35,13.04,0.0,1.56,24.84,97.81,22.85,0.61,PNJ,29.39,76.96,semi_arid_subtropical,NASA_POWER_daily_ag,6.784,10.699,0.6385,dewpoint,366.2,37.21
2017-04-18,35.16,44.71,26.74,11.65,0.0,2.24,23.45,97.63,43.26,0.2,PNJ,29.39,76.96,semi_arid_subtropical,NASA_POWER_daily_ag,8.048,10.131,0.6197,dewpoint,385.3,37.343
2017-04-19,34.67,44.53,24.94,10.64,0.0,3.03,24.02,97.44,43.16,-1.64,PNJ,29.39,76.96,semi_arid_subtropical,NASA_POWER_daily_ag,9.442,10.181,0.5416,dewpoint,405.4,37.473
2017-04-20,35.21,45.53,24.82,14.63,0.0,2.01,23.26,97.21,44.09,3.32,PNJ,29.39,76.96,semi_arid_subtropical,NASA_POWER_daily_ag,7.636,10.649,0.7751,dewpoint,429.8,37.6
2017-04-21,35.49,44.24,26.78,18.26,0.0,1.61,23.34,97.25,45.6,6.76,PNJ,29.39,76.96,semi_arid_subtropical,NASA_POWER_daily_ag,6.962,11.219,0.9855,dewpoint,425.5,37.726
2017-04-22,34.73,43.64,26.79,21.97,1.04,1.75,19.85,97.43,85.17,8.89,PNJ,29.39,76.96,semi_arid_subtropical,NASA_POWER_daily_ag,6.71,10.329,1.1396,dewpoint,406.4,37.848
2017-04-23,33.14,40.75,26.34,25.38,1.36,2.65,23.3,97.57,75.28,9.7,PNJ,29.39,76.96,semi_arid_subtropical,NASA_POWER_daily_ag,8.185,11.91,1.2035,dewpoint,391.6,37.969
2017-04-24,31.67,38.75,24.85,25.59,0.09,2.66,25.0,97.73,37.08,8.43,PNJ,29.39,76.96,semi_arid_subtropical,NASA_POWER_daily_ag,8.167,12.524,1.1046,dewpoint,374.7,38.086
2017-04-25,30.88,39.65,22.27,21.16,0.0,3.33,26.52,97.76,43.44,4.88,PNJ,29.39,76.96,semi_arid_subtropical,NASA_POWER_daily_ag,9.191,12.575,0.865,dewpoint,371.5,38.202
2017-04-26,31.1,39.6,22.33,23.59,0.14,2.03,26.14,97.79,47.13,6.59,PNJ,29.39,76.96,semi_arid_subtropical,NASA_POWER_daily_ag,7.42,12.76,0.974,dewpoint,368.3,38.315
2017-04-27,32.13,40.28,25.21,19.52,0.0,1.92,25.34,97.9,64.71,5.26,PNJ,29.39,76.96,semi_arid_subtropical,NASA_POWER_daily_ag,7.339,12.108,0.8883,dewpoint,356.7,38.425
2017-04-28,32.95,40.86,25.44,20.01,0.13,1.71,20.59,97.79,62.17,6.23,PNJ,29.39,76.96,semi_arid_subtropical,NASA_POWER_daily_ag,6.611,10.541,0.9501,dewpoint,368.3,38.533
2017-04-29,33.25,41.01,25.16,20.78,0.0,2.17,22.26,97.79,43.65,7.0,PNJ,29.39,76.96,semi_arid_subtropical,NASA_POWER_daily_ag,7.563,11.282,1.0019,dewpoint,368.3,38.639
2017-04-30,32.33,39.84,25.1,27.8,1.91,1.78,23.5,97.83,49.99,10.37,PNJ,29.39,76.96,semi_arid_subtropical,NASA_POWER_daily_ag,6.887,12.352,1.2587,dewpoint,364.1,38.742
2017-05-01,31.36,39.23,24.62,18.84,0.03,1.25,27.74,98.05,35.99,2.86,PNJ,29.39,76.96,semi_arid_subtropical,NASA_POWER_daily_ag,6.449,12.746,0.7503,dewpoint,340.9,38.842
2017-05-02,32.9,41.46,24.84,13.54,0.0,1.79,24.9,98.07,55.46,0.43,PNJ,29.39,76.96,semi_arid_subtropical,NASA_POWER_daily_ag,7.258,11.328,0.6302,dewpoint,338.8,38.941
2017-05-03,32.0,39.2,27.35,21.53,0.01,1.48,13.22,97.91,93.69,6.87,PNJ,29.39,76.96,semi_arid_subtropical,NASA_POWER_daily_ag,5.303,7.974,0.993,dewpoint,355.7,39.036
2017-05-04,32.47,39.99,25.21,23.17,0.38,2.25,24.63,97.99,39.55,7.63,PNJ,29.39,76.96,semi_arid_subtropical,NASA_POWER_daily_ag,7.824,12.426,1.046,dewpoint,347.2,39.13
2017-05-05,33.79,42.4,24.68,17.83,0.0,3.03,27.38,97.88,9.84,4.57,PNJ,29.39,76.96,semi_arid_subtropical,NASA_POWER_daily_ag,9.613,12.844,0.8465,dewpoint,358.8,39.221
2017-05-06,34.38,42.99,25.19,17.64,0.0,1.88,26.41,97.88,11.3,5.35,PNJ,29.39,76.96,semi_arid_subtropical,NASA_POWER_daily_ag,7.782,12.604,0.8939,dewpoint,358.8,39.309
2017-05-07,36.16,44.98,27.18,15.01,0.0,2.44,25.67,97.78,25.92,4.38,PNJ,29.39,76.96,semi_arid_subtropical,NASA_POWER_daily_ag,8.923,12.013,0.8353,dewpoint,369.4,39.395
2017-05-08,36.57,45.33,27.55,15.39,0.0,1.83,24.66,97.67,41.13,5.19,PNJ,29.39,76.96,semi_arid_subtropical,NASA_POWER_daily_ag,7.776,11.79,0.8839,dewpoint,381.0,39.479
2017-05-09,36.7,45.17,28.5,15.86,0.0,1.64,24.36,97.46,44.38,5.79,PNJ,29.39,76.96,semi_arid_subtropical,NASA_POWER_daily_ag,7.402,11.777,0.9216,dewpoint,403.2,39.561
2017-05-10,36.35,43.57,28.79,21.63,0.0,2.5,22.91,97.71,63.01,9.82,PNJ,29.39,76.96,semi_arid_subtropical,NASA_POWER_daily_ag,8.645,11.949,1.2132,dewpoint,376.8,39.64
2017-05-11,35.97,43.16,28.69,19.98,0.19,1.64,24.46,97.85,46.15,8.69,PNJ,29.39,76.96,semi_arid_subtropical,NASA_POWER_daily_ag,7.359,12.402,1.1242,dewpoint,362.0,39.717
2017-05-12,36.15,43.63,28.34,18.39,0.0,1.59,21.65,97.84,75.25,7.53,PNJ,29.39,76.96,semi_arid_subtropical,NASA_POWER_daily_ag,6.972,11.172,1.0389,dewpoint,363.1,39.791
2017-05-13,36.37,44.1,27.37,20.91,2.76,3.26,25.36,97.66,44.62,9.65,PNJ,29.39,76.96,semi_arid_subtropical,NASA_POWER_daily_ag,10.137,12.969,1.1995,dewpoint,382.1,39.863
2017-05-14,37.56,45.09,29.68,19.53,0.01,3.02,24.35,97.4,50.61,9.51,PNJ,29.39,76.96,semi_arid_subtropical,NASA_POWER_daily_ag,9.902,12.44,1.1882,dewpoint,409.6,39.933
2017-05-15,37.74,45.06,29.37,18.89,0.0,2.72,24.74,97.22,54.36,9.23,PNJ,29.39,76.96,semi_arid_subtropical,NASA_POWER_daily_ag,9.51,12.576,1.166,dewpoint,428.7,40.001
2017-05-16,37.26,43.9,31.01,20.2,0.0,3.65,24.0,97.19,56.41,10.24,PNJ,29.39,76.96,semi_arid_subtropical,NASA_POWER_daily_ag,10.718,12.465,1.2479,dewpoint,431.9,40.067
2017-05-17,34.97,41.19,28.59,25.16,0.22,2.36,17.36,97.43,73.97,11.57,PNJ,29.39,76.96,semi_arid_subtropical,NASA_POWER_daily_ag,7.436,10.083,1.3633,dewpoint,406.4,40.13
2017-05-18,34.72,40.79,27.49,25.77,0.57,1.13,24.49,97.5,39.02,11.68,PNJ,29.39,76.96,semi_arid_subtropical,NASA_POWER_daily_ag,6.412,13.185,1.3732,dewpoint,399.0,40.191
2017-05-19,36.18,43.24,28.32,23.44,0.2,1.69,25.34,97.47,55.3,11.07,PNJ,29.39,76.96,semi_arid_subtropical,NASA_POWER_daily_ag,7.611,13.317,1.3188,dewpoint,402.2,40.25
2017-05-20,36.19,42.72,28.91,23.67,0.21,2.51,23.12,97.39,65.47,11.51,PNJ,29.39,76.96,semi_arid_subtropical,NASA_POWER_daily_ag,8.627,12.481,1.3579,dewpoint,410.7,40.307
2017-05-21,35.77,42.79,29.18,28.24,1.17,2.57,17.31,97.38,92.97,13.62,PNJ,29.39,76.96,semi_arid_subtropical,NASA_POWER_daily_ag,7.75,10.261,1.5596,dewpoint,411.7,40.361
2017-05-22,32.49,38.45,26.66,38.27,3.57,1.75,14.94,97.7,61.25,15.43,PNJ,29.39,76.96,semi_arid_subtropical,NASA_POWER_daily_ag,5.574,9.454,1.7531,dewpoint,377.9,40.414
2017-05-23,34.53,41.11,27.15,29.53,0.04,1.73,23.84,97.67,15.41,13.29,PNJ,29.39,76.96,semi_arid_subtropical,NASA_POWER_daily_ag,7.223,13.231,1.5264,dewpoint,381.0,40.464
2017-05-24,36.38,42.28,29.6,27.13,0.87,1.15,26.2,97.49,32.61,13.81,PNJ,29.39,76.96,semi_arid_subtropical,NASA_POWER_daily_ag,6.884,14.271,1.579,dewpoint,400.1,40.513
2017-05-25,37.14,44.11,29.72,23.1,0.0,1.35,24.26,97.32,36.39,11.71,PNJ,29.39,76.96,semi_arid_subtropical,NASA_POWER_daily_ag,7.012,12.967,1.376,dewpoint,418.1,40.559
2017-05-26,37.68,45.48,28.51,21.44,0.06,1.83,24.91,97.18,47.7,10.59,PNJ,29.39,76.96,semi_arid_subtropical,NASA_POWER_daily_ag,8.018,13.036,1.2774,dewpoint,432.9,40.603
2017-05-27,37.94,45.15,29.72,17.86,1.05,1.31,25.6,97.07,48.46,8.47,PNJ,29.39,76.96,semi_arid_subtropical,NASA_POWER_daily_ag,7.164,12.914,1.1076,dewpoint,444.6,40.645
2017-05-28,36.15,42.01,30.38,23.46,1.14,3.21,25.49,97.17,58.73,11.59,PNJ,29.39,76.96,semi_arid_subtropical,NASA_POWER_daily_ag,9.944,13.555,1.3651,dewpoint,434.0,40.686
2017-05-29,34.08,40.33,27.96,33.96,2.64,2.45,23.55,97.23,68.17,15.12,PNJ,29.39,76.96,semi_arid_subtropical,NASA_POWER_daily_ag,7.978,13.475,1.7186,dewpoint,427.6,40.724
2017-05-30,34.36,40.96,27.56,30.73,0.35,1.31,26.36,97.14,35.03,13.8,PNJ,29.39,76.96,semi_arid_subtropical,NASA_POWER_daily_ag,6.941,14.526,1.578,dewpoint,437.2,40.76
2017-05-31,34.56,39.81,28.64,32.07,2.45,1.94,14.25,97.27,68.32,14.77,PNJ,29.39,76.96,semi_arid_subtropical,NASA_POWER_daily_ag,6.136,9.083,1.6803,dewpoint,423.4,40.794
2017-06-01,33.23,40.49,25.69,32.02,2.11,1.93,25.37,97.45,39.58,13.12,PNJ,29.39,76.96,semi_arid_subtropical,NASA_POWER_daily_ag,7.518,14.034,1.5096,dewpoint,404.3,40.827
2017-06-02,34.82,42.72,25.52,23.33,0.0,2.94,26.8,97.38,60.89,9.22,PNJ,29.39,76.96,semi_arid_subtropical,NASA_POWER_daily_ag,9.579,13.852,1.1652,dewpoint,411.7,40.857
2017-06-03,38.06,45.96,28.76,21.09,0.0,3.73,26.18,97.15,36.07,10.78,PNJ,29.39,76.96,semi_arid_subtropical,NASA_POWER_daily_ag,11.327,13.625,1.2936,dewpoint,436.1,40.886
2017-06-04,39.62,48.27,29.55,16.9,0.0,3.95,25.63,97.02,46.48,8.72,PNJ,29.39,76.96,semi_arid_subtropical,NASA_POWER_daily_ag,12.111,12.896,1.1265,dewpoint,449.9,40.913
2017-06-05,39.77,46.04,33.32,22.39,0.0,5.8,23.14,97.09,63.45,13.9,PNJ,29.39,76.96,semi_arid_subtropical,NASA_POWER_daily_ag,14.059,12.77,1.5883,dewpoint,442.5,40.938
2017-06-06,38.81,44.82,33.42,26.69,0.02,4.26,20.77,97.25,84.62,15.89,PNJ,29.39,76.96,semi_arid_subtropical,NASA_POWER_daily_ag,11.124,12.072,1.8056,dewpoint,425.5,40.961
2017-06-07,33.88,37.61,29.79,43.46,14.97,1.87,20.35,97.65,70.79,19.39,PNJ,29.39,76.96,semi_arid_subtropical,NASA_POWER_daily_ag,6.487,12.646,2.2514,dewpoint,383.1,40.982
2017-06-08,32.99,39.01,27.76,43.65,2.81,1.86,12.35,97.55,91.39,18.18,PNJ,29.39,76.96,semi_arid_subtropical,NASA_POWER_daily_ag,5.18,8.395,2.0875,dewpoint,393.7,41.001
2017-06-09,33.44,39.25,26.86,38.17,0.44,0.95,24.78,97.44,36.02,16.36,PNJ,29.39,76.96,semi_arid_subtropical,NASA_POWER_daily_ag,6.123,14.406,1.8605,dewpoint,405.4,41.019
2017-06-10,35.35,41.38,29.31,34.72,0.0,1.52,25.67,97.33,63.84,16.62,PNJ,29.39,76.96,semi_arid_subtropical,NASA_POWER_daily_ag,7.255,14.753,1.8916,dewpoint,417.0,41.034
2017-06-11,34.73,39.96,29.93,33.58,0.46,1.77,25.25,97.24,36.68,15.74,PNJ,29.39,76.96,semi_arid_subtropical,NASA_POWER_daily_ag,7.454,14.407,1.7883,dewpoint,426.6,41.048
2017-06-12,34.45,41.47,26.7,30.76,0.0,2.76,28.02,97.12,28.57,13.58,PNJ,29.39,76.96,semi_arid_subtropical,NASA_POWER_daily_ag,9.173,15.31,1.5556,dewpoint,439.3,41.061
2017-06-13,36.58,43.38,29.3,30.18,0.12,2.56,25.13,97.03,67.77,15.32,PNJ,29.39,76.96,semi_arid_subtropical,NASA_POWER_daily_ag,8.88,14.176,1.7408,dewpoint,448.9,41.071
2017-06-14,37.58,44.04,30.82,29.16,0.97,2.82,25.81,97.23,38.21,15.58,PNJ,29.39,76.96,semi_arid_subtropical,NASA_POWER_daily_ag,9.542,14.471,1.7701,dewpoint,427.6,41.08
2017-06-15,36.77,42.92,32.03,32.11,0.23,3.53,23.98,97.26,61.84,16.9,PNJ,29.39,76.96,semi_arid_subtropical,NASA_POWER_daily_ag,9.882,13.873,1.9255,dewpoint,424.4,41.087
2017-06-16,35.12,40.43,29.51,36.83,5.26,2.13,20.82,97.26,55.89,17.4,PNJ,29.39,76.96,semi_arid_subtropical,NASA_POWER_daily_ag,7.258,12.546,1.9874,dewpoint,424.4,41.092
2017-06-17,34.69,40.12,29.56,35.02,0.82,2.02,16.94,97.32,85.29,16.4,PNJ,29.39,76.96,semi_arid_subtropical,NASA_POWER_daily_ag,6.535,10.52,1.8653,dewpoint,418.1,41.095
2017-06-18,34.76,39.34,30.5,44.9,1.27,2.04,21.66,97.16,90.46,20.73,PNJ,29.39,76.96,semi_arid_subtropical,NASA_POWER_daily_ag,6.941,13.532,2.4461,dewpoint,435.1,41.097
2017-06-19,34.53,38.56,30.97,52.19,8.55,3.02,15.3,96.92,89.13,22.87,PNJ,29.39,76.96,semi_arid_subtropical,NASA_POWER_daily_ag,6.472,10.318,2.7874,dewpoint,460.6,41.097
2017-06-20,32.95,37.64,28.35,55.75,17.51,1.94,18.07,97.07,75.85,22.22,PNJ,29.39,76.96,semi_arid_subtropical,NASA_POWER_daily_ag,5.716,11.848,2.6796,dewpoint,444.6,41.095
2017-06-21,30.18,34.42,26.87,63.15,19.22,1.86,20.97,97.15,75.19,22.25,PNJ,29.39,76.96,semi_arid_subtropical,NASA_POWER_daily_ag,5.501,13.566,2.6845,dewpoint,436.1,41.092
2017-06-22,31.85,37.58,25.62,49.81,1.66,2.19,21.05,97.29,85.78,19.27,PNJ,29.39,76.96,semi_arid_subtropical,NASA_POWER_daily_ag,6.487,13.094,2.2347,dewpoint,421.3,41.086
2017-06-23,32.88,39.36,26.29,45.48,0.0,2.35,24.76,97.33,50.81,18.79,PNJ,29.39,76.96,semi_arid_subtropical,NASA_POWER_daily_ag,7.483,14.895,2.1688,dewpoint,417.0,41.079
2017-06-24,34.15,39.95,28.33,44.57,0.0,1.67,24.71,97.11,37.81,19.7,PNJ,29.39,76.96,semi_arid_subtropical,NASA_POWER_daily_ag,6.993,14.989,2.2952,dewpoint,440.4,41.071
2017-06-25,35.64,41.07,29.67,41.73,3.11,0.97,22.98,97.07,50.52,19.92,PNJ,29.39,76.96,semi_arid_subtropical,NASA_POWER_daily_ag,6.097,14.06,2.3267,dewpoint,444.6,41.06
2017-06-26,34.32,39.03,29.44,49.04,11.86,1.41,20.84,97.22,65.29,21.7,PNJ,29.39,76.96,semi_arid_subtropical,NASA_POWER_daily_ag,6.006,13.27,2.596,dewpoint,428.7,41.048
2017-06-27,35.15,39.93,30.01,47.6,3.17,1.62,22.59,97.16,80.26,21.8,PNJ,29.39,76.96,semi_arid_subtropical,NASA_POWER_daily_ag,6.658,14.225,2.6119,dewpoint,435.1,41.035
2017-06-28,32.86,36.22,28.98,58.97,21.39,0.86,5.14,97.27,99.41,23.58,PNJ,29.39,76.96,semi_arid_subtropical,NASA_POWER_daily_ag,2.353,4.509,2.9095,dewpoint,423.4,41.019
2017-06-29,29.39,31.91,26.88,78.74,25.1,2.17,10.57,97.23,98.78,25.22,PNJ,29.39,76.96,semi_arid_subtropical,NASA_POWER_daily_ag,3.203,7.74,3.2095,dewpoint,427.6,41.002
2017-06-30,30.72,34.47,26.87,69.81,10.06,1.74,13.62,97.01,96.84,24.28,PNJ,29.39,76.96,semi_arid_subtropical,NASA_POWER_daily_ag,4.06,9.518,3.0344,dewpoint,451.0,40.983
2017-07-01,31.56,36.09,26.98,65.28,8.82,1.08,20.71,96.93,81.58,23.84,PNJ,29.39,76.96,semi_arid_subtropical,NASA_POWER_daily_ag,5.154,13.639,2.9554,dewpoint,459.5,40.962
2017-07-02,32.01,36.26,28.05,64.79,4.28,1.38,19.61,96.98,97.59,24.17,PNJ,29.39,76.96,semi_arid_subtropical,NASA_POWER_daily_ag,5.188,13.025,3.0145,dewpoint,454.2,40.94
2017-07-03,32.25,36.83,27.14,61.42,1.57,1.7,21.99,96.97,85.29,23.46,PNJ,29.39,76.96,semi_arid_subtropical,NASA_POWER_daily_ag,5.918,14.3,2.8886,dewpoint,455.2,40.916
2017-07-04,33.19,38.74,27.66,58.61,4.08,3.08,21.78,96.82,76.8,23.58,PNJ,29.39,76.96,semi_arid_subtropical,NASA_POWER_daily_ag,6.991,14.157,2.9095,dewpoint,471.2,40.89
2017-07-05,32.9,38.24,28.3,59.9,10.12,2.93,18.98,96.93,96.9,23.73,PNJ,29.39,76.96,semi_arid_subtropical,NASA_POWER_daily_ag,6.316,12.551,2.9359,dewpoint,459.5,40.862
2017-07-06,32.92,37.8,27.55,57.32,2.87,1.82,17.92,97.16,84.63,22.85,PNJ,29.39,76.96,semi_arid_subtropical,NASA_POWER_daily_ag,5.512,11.828,2.784,dewpoint,435.1,40.833
2017-07-07,32.28,37.45,27.02,57.19,2.32,1.85,20.67,97.33,71.75,22.13,PNJ,29.39,76.96,semi_arid_subtropical,NASA_POWER_daily_ag,5.932,13.288,2.665,dewpoint,417.0,40.801
2017-07-08,33.22,39.31,27.31,54.52,0.0,1.96,21.63,97.28,61.93,22.15,PNJ,29.39,76.96,semi_arid_subtropical,NASA_POWER_daily_ag,6.381,13.787,2.6682,dewpoint,422.3,40.768
2017-07-09,33.79,39.56,28.46,50.3,0.05,2.85,22.9,97.18,60.22,21.34,PNJ,29.39,76.96,semi_arid_subtropical,NASA_POWER_daily_ag,7.564,14.308,2.5394,dewpoint,432.9,40.733
2017-07-10,34.03,40.55,27.64,48.07,0.2,2.97,22.87,97.19,76.35,20.71,PNJ,29.39,76.96,semi_arid_subtropical,NASA_POWER_daily_ag,7.824,14.159,2.443,dewpoint,431.9,40.697
2017-07-11,32.26,37.37,27.1,57.79,11.72,2.33,17.16,97.26,86.56,22.52,PNJ,29.39,76.96,semi_arid_subtropical,NASA_POWER_daily_ag,5.648,11.35,2.7289,dewpoint,424.4,40.658
2017-07-12,31.24,36.69,26.85,61.89,9.86,2.18,14.93,97.41,89.78,22.44,PNJ,29.39,76.96,semi_arid_subtropical,NASA_POWER_daily_ag,4.932,10.083,2.7157,dewpoint,408.5,40.618
2017-07-13,31.3,35.93,26.19,63.22,1.21,1.79,24.17,97.4,42.4,22.94,PNJ,29.39,76.96,semi_arid_subtropical,NASA_POWER_daily_ag,6.167,15.45,2.7993,dewpoint,409.6,40.576
2017-07-14,31.55,36.31,26.85,62.42,0.5,1.85,22.26,97.34,60.86,23.11,PNJ,29.39,76.96,semi_arid_subtropical,NASA_POWER_daily_ag,5.918,14.361,2.8282,dewpoint,416.0,40.532
2017-07-15,31.94,36.53,27.33,61.58,1.47,1.99,21.09,97.3,81.91,23.35,PNJ,29.39,76.96,semi_arid_subtropical,NASA_POWER_daily_ag,5.87,13.714,2.8695,dewpoint,420.2,40.486
2017-07-16,31.56,35.7,27.51,65.71,0.15,1.89,21.43,97.26,87.85,23.98,PNJ,29.39,76.96,semi_arid_subtropical,NASA_POWER_daily_ag,5.699,14.032,2.9803,dewpoint,424.4,40.438
2017-07-17,31.79,36.67,28.53,63.86,2.89,2.05,13.08,97.29,96.61,23.8,PNJ,29.39,76.96,semi_arid_subtropical,NASA_POWER_daily_ag,4.454,9.104,2.9483,dewpoint,421.3,40.389
2017-07-18,33.0,39.02,26.91,58.57,0.58,1.27,20.1,97.29,71.32,22.73,PNJ,29.39,76.96,semi_arid_subtropical,NASA_POWER_daily_ag,5.452,12.991,2.7639,dewpoint,421.3,40.337
2017-07-19,34.18,40.32,27.81,50.26,0.31,0.51,25.32,97.15,35.6,21.48,PNJ,29.39,76.96,semi_arid_subtropical,NASA_POWER_daily_ag,5.8,15.595,2.5613,dewpoint,436.1,40.283
2017-07-20,31.46,36.61,27.34,62.76,10.0,2.42,11.4,97.11,85.33,23.15,PNJ,29.39,76.96,semi_arid_subtropical,NASA_POWER_daily_ag,4.441,8.094,2.835,dewpoint,440.4,40.228
2017-07-21,32.01,36.34,27.52,61.13,2.88,1.26,23.8,97.14,78.94,23.22,PNJ,29.39,76.96,semi_arid_subtropical,NASA_POWER_daily_ag,5.893,15.218,2.847,dewpoint,437.2,40.171
2017-07-22,30.98,35.75,27.19,65.3,2.49,3.39,21.81,97.18,79.53,23.34,PNJ,29.39,76.96,semi_arid_subtropical,NASA_POWER_daily_ag,6.389,14.107,2.8677,dewpoint,432.9,40.111
2017-07-23,31.21,36.26,26.84,67.67,0.52,3.35,20.39,97.07,83.73,24.08,PNJ,29.39,76.96,semi_arid_subtropical,NASA_POWER_daily_ag,6.063,13.405,2.9983,dewpoint,444.6,40.05
2017-07-24,28.72,30.96,26.85,79.3,11.93,1.95,21.5,97.02,76.82,24.72,PNJ,29.39,76.96,semi_arid_subtropical,NASA_POWER_daily_ag,4.88,14.255,3.1153,dewpoint,449.9,39.986
2017-07-25,30.21,34.73,26.04,72.55,5.41,2.35,20.61,97.03,73.7,24.34,PNJ,29.39,76.96,semi_arid_subtropical,NASA_POWER_daily_ag,5.323,13.603,3.0454,dewpoint,448.9,39.921
2017-07-26,31.09,35.97,26.16,67.51,1.77,1.67,20.93,97.2,61.76,23.91,PNJ,29.39,76.96,semi_arid_subtropical,NASA_POWER_daily_ag,5.385,13.686,2.9678,dewpoint,430.8,39.853
2017-07-27,31.0,35.27,27.44,63.13,4.36,1.21,19.37,97.43,73.95,22.89,PNJ,29.39,76.96,semi_arid_subtropical,NASA_POWER_daily_ag,4.924,12.6,2.7908,dewpoint,406.4,39.784
2017-07-28,31.47,36.4,27.19,61.94,2.07,1.59,21.82,97.47,75.87,22.93,PNJ,29.39,76.96,semi_arid_subtropical,NASA_POWER_daily_ag,5.658,13.977,2.7976,dewpoint,402.2,39.712
2017-07-29,30.15,33.19,27.17,72.32,0.41,2.27,19.01,97.49,86.28,24.43,PNJ,29.39,76.96,semi_arid_subtropical,NASA_POWER_daily_ag,4.992,12.648,3.0618,dewpoint,400.1,39.638
2017-07-30,31.3,35.51,27.4,62.21,1.63,0.5,20.81,97.37,83.01,22.84,PNJ,29.39,76.96,semi_arid_subtropical,NASA_POWER_daily_ag,4.738,13.385,2.7824,dewpoint,412.8,39.562
2017-07-31,29.03,31.54,27.06,74.32,4.85,1.15,14.45,97.41,96.29,23.91,PNJ,29.39,76.96,semi_arid_subtropical,NASA_POWER_daily_ag,3.63,9.903,2.9678,dewpoint,408.5,39.484
2017-08-01,28.67,32.19,25.63,79.84,14.45,1.25,13.87,97.42,95.47,24.68,PNJ,29.39,76.96,semi_arid_subtropical,NASA_POWER_daily_ag,3.415,9.626,3.1079,dewpoint,407.5,39.404
2017-08-02,29.65,33.47,25.89,75.67,23.4,2.2,8.82,97.31,98.36,24.66,PNJ,29.39,76.96,semi_arid_subtropical,NASA_POWER_daily_ag,3.096,6.602,3.1042,dewpoint,419.1,39.322
2017-08-03,30.76,35.75,25.99,65.71,3.65,3.37,16.95,97.03,67.48,23.28,PNJ,29.39,76.96,semi_arid_subtropical,NASA_POWER_daily_ag,5.555,11.237,2.8574,dewpoint,448.9,39.237
2017-08-04,30.84,36.73,25.3,64.18,4.32,2.6,16.18,96.95,98.41,22.82,PNJ,29.39,76.96,semi_arid_subtropical,NASA_POWER_daily_ag,5.175,10.732,2.779,dewpoint,457.4,39.15
2017-08-05,31.1,36.59,25.31,63.24,4.28,1.52,20.84,97.2,70.21,22.76,PNJ,29.39,76.96,semi_arid_subtropical,NASA_POWER_daily_ag,5.376,13.351,2.7689,dewpoint,430.8,39.062
2017-08-06,32.03,36.42,27.15,59.31,1.88,1.1,21.99,97.33,71.65,22.71,PNJ,29.39,76.96,semi_arid_subtropical,NASA_POWER_daily_ag,5.452,13.948,2.7605,dewpoint,417.0,38.97
2017-08-07,30.36,34.64,27.15,69.34,5.56,1.43,10.76,97.44,98.88,23.86,PNJ,29.39,76.96,semi_arid_subtropical,NASA_POWER_daily_ag,3.356,7.691,2.9589,dewpoint,405.4,38.877
2017-08-08,31.77,36.62,26.8,65.51,2.42,0.68,15.09,97.46,93.34,24.01,PNJ,29.39,76.96,semi_arid_subtropical,NASA_POWER_daily_ag,3.841,10.192,2.9857,dewpoint,403.2,38.782
2017-08-09,32.06,35.22,28.52,64.33,6.87,0.5,13.24,97.32,94.47,24.26,PNJ,29.39,76.96,semi_arid_subtropical,NASA_POWER_daily_ag,3.391,9.135,3.0308,dewpoint,418.1,38.684
2017-08-10,32.09,37.68,27.28,63.46,1.14,2.67,19.97,97.09,81.56,23.75,PNJ,29.39,76.96,semi_arid_subtropical,NASA_POWER_daily_ag,6.003,12.931,2.9394,dewpoint,442.5,38.584
2017-08-11,32.25,38.26,26.96,58.05,0.69,3.94,20.48,97.04,96.52,22.51,PNJ,29.39,76.96,semi_arid_subtropical,NASA_POWER_daily_ag,7.119,12.982,2.7272,dewpoint,447.8,38.481
2017-08-12,31.72,37.5,26.66,60.08,1.71,3.47,20.14,97.08,79.89,22.64,PNJ,29.39,76.96,semi_arid_subtropical,NASA_POWER_daily_ag,6.566,12.823,2.7488,dewpoint,443.6,38.377
2017-08-13,31.85,37.47,26.56,59.97,0.32,2.54,19.77,97.31,75.33,22.78,PNJ,29.39,76.96,semi_arid_subtropical,NASA_POWER_daily_ag,5.982,12.629,2.7723,dewpoint,419.1,38.27
2017-08-14,30.92,35.77,25.51,62.79,7.26,1.65,21.22,97.65,45.12,22.66,PNJ,29.39,76.96,semi_arid_subtropical,NASA_POWER_daily_ag,5.458,13.451,2.7522,dewpoint,383.1,38.161
2017-08-15,31.76,37.14,26.8,59.45,0.13,1.84,21.15,97.53,36.9,22.41,PNJ,29.39,76.96,semi_arid_subtropical,NASA_POWER_daily_ag,5.766,13.301,2.7107,dewpoint,395.8,38.049
2017-08-16,31.31,38.07,25.97,54.15,0.0,2.7,23.17,97.27,26.17,20.1,PNJ,29.39,76.96,semi_arid_subtropical,NASA_POWER_daily_ag,6.827,13.905,2.3528,dewpoint,423.4,37.935
2017-08-17,31.78,38.41,25.27,52.1,0.0,2.07,23.83,97.2,46.55,19.98,PNJ,29.39,76.96,semi_arid_subtropical,NASA_POWER_daily_ag,6.581,14.213,2.3354,dewpoint,430.8,37.819
2017-08-18,31.68,38.77,25.16,51.47,0.22,1.77,23.5,97.31,47.4,19.6,PNJ,29.39,76.96,semi_arid_subtropical,NASA_POWER_daily_ag,6.279,13.933,2.281,dewpoint,419.1,37.701
2017-08-19,29.48,34.33,26.2,69.52,18.53,1.95,13.13,97.62,94.31,22.84,PNJ,29.39,76.96,semi_arid_subtropical,NASA_POWER_daily_ag,3.954,8.903,2.7824,dewpoint,386.3,37.58
2017-08-20,30.21,35.21,25.47,72.32,7.21,1.34,21.22,97.61,44.89,24.17,PNJ,29.39,76.96,semi_arid_subtropical,NASA_POWER_daily_ag,5.002,13.677,3.0145,dewpoint,387.4,37.457
2017-08-21,30.57,34.53,26.05,68.14,10.28,1.42,18.0,97.46,61.79,23.72,PNJ,29.39,76.96,semi_arid_subtropical,NASA_POWER_daily_ag,4.603,11.739,2.9341,dewpoint,403.2,37.332
2017-08-22,30.67,35.31,26.43,68.75,9.16,0.85,11.91,97.46,93.71,23.92,PNJ,29.39,76.96,semi_arid_subtropical,NASA_POWER_daily_ag,3.231,8.259,2.9696,dewpoint,403.2,37.205
2017-08-23,29.92,34.57,26.03,71.68,6.78,1.0,13.69,97.59,93.28,23.86,PNJ,29.39,76.96,semi_arid_subtropical,NASA_POWER_daily_ag,3.524,9.27,2.9589,dewpoint,389.5,37.075
2017-08-24,30.43,35.66,25.0,68.31,0.75,0.89,20.07,97.51,35.18,23.33,PNJ,29.39,76.96,semi_arid_subtropical,NASA_POWER_daily_ag,4.661,12.803,2.866,dewpoint,398.0,36.943
2017-08-25,30.27,34.28,26.54,67.27,2.33,0.8,13.73,97.38,76.32,23.24,PNJ,29.39,76.96,semi_arid_subtropical,NASA_POWER_daily_ag,3.5,9.215,2.8505,dewpoint,411.7,36.809
2017-08-26,30.57,35.68,25.56,66.7,2.07,1.39,20.18,97.27,40.07,23.26,PNJ,29.39,76.96,semi_arid_subtropical,NASA_POWER_daily_ag,4.967,12.814,2.8539,dewpoint,423.4,36.672
2017-08-27,30.63,36.52,25.44,65.64,0.17,1.54,23.98,97.28,15.96,22.85,PNJ,29.39,76.96,semi_arid_subtropical,NASA_POWER_daily_ag,5.701,14.804,2.784,dewpoint,422.3,36.533
2017-08-28,28.93,33.53,24.89,75.24,5.08,2.03,20.07,97.47,53.2,23.8,PNJ,29.39,76.96,semi_arid_subtropical,NASA_POWER_daily_ag,4.76,12.87,2.9483,dewpoint,402.2,36.392
2017-08-29,28.83,32.08,25.51,73.47,0.2,2.37,15.95,97.56,83.11,23.38,PNJ,29.39,76.96,semi_arid_subtropical,NASA_POWER_daily_ag,4.271,10.465,2.8747,dewpoint,392.7,36.249
2017-08-30,30.03,34.39,26.24,70.46,1.29,2.6,20.42,97.56,49.05,23.82,PNJ,29.39,76.96,semi_arid_subtropical,NASA_POWER_daily_ag,5.31,13.001,2.9518,dewpoint,392.7,36.104
2017-08-31,28.74,32.75,25.9,82.11,17.64,2.07,13.22,97.61,79.84,25.21,PNJ,29.39,76.96,semi_arid_subtropical,NASA_POWER_daily_ag,3.364,9.061,3.2076,dewpoint,387.4,35.956
2017-09-01,28.13,31.31,25.63,82.92,35.57,0.81,11.5,97.56,93.61,24.78,PNJ,29.39,76.96,semi_arid_subtropical,NASA_POWER_daily_ag,2.735,8.021,3.1265,dewpoint,392.7,35.807
2017-09-02,27.55,31.7,23.91,78.76,15.49,2.29,17.13,97.55,56.58,23.33,PNJ,29.39,76.96,semi_arid_subtropical,NASA_POWER_daily_ag,4.044,11.092,2.866,dewpoint,393.7,35.655
2017-09-03,28.08,33.2,22.52,70.51,0.69,1.54,20.33,97.62,21.88,21.77,PNJ,29.39,76.96,semi_arid_subtropical,NASA_POWER_daily_ag,4.656,12.574,2.6071,dewpoint,386.3,35.501
2017-09-04,28.89,34.41,23.51,68.14,0.01,1.63,20.79,97.77,38.85,22.02,PNJ,29.39,76.96,semi_arid_subtropical,NASA_POWER_daily_ag,4.901,12.801,2.6472,dewpoint,370.5,35.345
2017-09-05,29.31,34.59,24.72,71.47,0.28,2.05,21.35,97.73,30.88,23.21,PNJ,29.39,76.96,semi_arid_subtropical,NASA_POWER_daily_ag,5.11,13.303,2.8453,dewpoint,374.7,35.187
2017-09-06,29.03,34.23,24.46,69.87,8.48,1.45,20.45,97.74,35.04,22.56,PNJ,29.39,76.96,semi_arid_subtropical,NASA_POWER_daily_ag,4.734,12.667,2.7355,dewpoint,373.6,35.027
2017-09-07,28.37,32.49,24.49,75.28,15.48,1.1,18.43,97.85,57.87,23.31,PNJ,29.39,76.96,semi_arid_subtropical,NASA_POWER_daily_ag,4.097,11.708,2.8625,dewpoint,362.0,34.865
2017-09-08,28.46,33.97,23.31,71.7,0.0,1.28,22.04,97.9,3.94,22.44,PNJ,29.39,76.96,semi_arid_subtropical,NASA_POWER_daily_ag,4.8,13.486,2.7157,dewpoint,356.7,34.701
2017-09-09,28.79,34.64,22.73,66.88,0.0,1.62,21.16,97.75,9.22,21.58,PNJ,29.39,76.96,semi_arid_subtropical,NASA_POWER_daily_ag,4.942,12.804,2.577,dewpoint,372.6,34.535
2017-09-10,28.8,34.75,23.15,64.91,0.54,1.37,21.24,97.83,3.96,20.91,PNJ,29.39,76.96,semi_arid_subtropical,NASA_POWER_daily_ag,4.867,12.668,2.4733,dewpoint,364.1,34.368
2017-09-11,29.09,34.85,24.4,64.93,0.0,1.71,21.0,97.97,14.13,21.34,PNJ,29.39,76.96,semi_arid_subtropical,NASA_POWER_daily_ag,5.026,12.574,2.5394,dewpoint,349.3,34.198
2017-09-12,29.18,35.23,22.88,61.44,0.02,1.69,21.7,97.97,7.65,20.48,PNJ,29.39,76.96,semi_arid_subtropical,NASA_POWER_daily_ag,5.212,12.747,2.4087,dewpoint,349.3,34.027
2017-09-13,28.95,35.02,23.72,63.15,0.0,1.24,20.55,97.97,15.26,20.72,PNJ,29.39,76.96,semi_arid_subtropical,NASA_POWER_daily_ag,4.698,12.172,2.4446,dewpoint,349.3,33.854
2017-09-14,29.36,34.69,24.18,64.87,0.01,1.17,19.72,97.92,24.28,21.67,PNJ,29.39,76.96,semi_arid_subtropical,NASA_POWER_daily_ag,4.545,11.908,2.5912,dewpoint,354.6,33.68
2017-09-15,29.44,35.54,23.48,62.49,0.0,1.34,21.46,97.82,20.23,20.93,PNJ,29.39,76.96,semi_arid_subtropical,NASA_POWER_daily_ag,4.954,12.615,2.4763,dewpoint,365.2,33.503
2017-09-16,28.43,34.91,22.48,57.35,0.09,1.25,12.89,97.8,76.79,18.35,PNJ,29.39,76.96,semi_arid_subtropical,NASA_POWER_daily_ag,3.67,8.032,2.1099,dewpoint,367.3,33.326
2017-09-17,29.1,36.48,23.69,54.15,0.0,2.16,11.84,97.72,79.27,18.22,PNJ,29.39,76.96,semi_arid_subtropical,NASA_POWER_daily_ag,4.4,7.479,2.0927,dewpoint,375.7,33.146
2017-09-18,28.39,36.71,21.29,48.8,0.02,2.05,22.22,97.67,20.4,15.41,PNJ,29.39,76.96,semi_arid_subtropical,NASA_POWER_daily_ag,5.717,11.706,1.7509,dewpoint,381.0,32.966
2017-09-19,28.57,36.69,22.31,38.83,0.1,1.19,20.89,97.65,19.53,12.34,PNJ,29.39,76.96,semi_arid_subtropical,NASA_POWER_daily_ag,4.849,10.498,1.4343,dewpoint,383.1,32.783
2017-09-20,28.75,37.23,22.25,38.14,0.1,1.07,20.69,97.58,22.71,11.85,PNJ,29.39,76.96,semi_arid_subtropical,NASA_POWER_daily_ag,4.693,10.272,1.3888,dewpoint,390.5,32.6
2017-09-21,28.35,36.62,21.09,50.09,0.26,1.29,19.5,97.59,47.1,15.37,PNJ,29.39,76.96,semi_arid_subtropical,NASA_POWER_daily_ag,4.668,10.434,1.7464,dewpoint,389.5,32.415
2017-09-22,25.41,28.96,23.49,84.69,25.65,2.49,11.8,97.61,82.59,22.47,PNJ,29.39,76.96,semi_arid_subtropical,NASA_POWER_daily_ag,2.778,7.787,2.7206,dewpoint,387.4,32.229
2017-09-23,24.69,30.06,20.48,86.15,37.75,1.99,7.43,97.71,92.67,22.08,PNJ,29.39,76.96,semi_arid_subtropical,NASA_POWER_daily_ag,2.001,5.446,2.6569,dewpoint,376.8,32.042
2017-09-24,24.32,31.31,18.1,72.09,1.47,1.64,17.13,98.01,47.3,18.58,PNJ,29.39,76.96,semi_arid_subtropical,NASA_POWER_daily_ag,3.648,10.003,2.1405,dewpoint,345.1,31.854
2017-09-25,26.36,34.09,19.12,59.91,0.04,1.85,20.67,97.77,2.34,17.32,PNJ,29.39,76.96,semi_arid_subtropical,NASA_POWER_daily_ag,4.732,11.289,1.9774,dewpoint,370.5,31.664
2017-09-26,26.83,34.19,19.44,54.49,0.0,1.66,19.38,97.87,5.01,16.12,PNJ,29.39,76.96,semi_arid_subtropical,NASA_POWER_daily_ag,4.637,10.438,1.8323,dewpoint,359.9,31.474
2017-09-27,27.36,35.06,20.95,50.24,0.0,1.26,19.29,97.96,2.03,15.47,PNJ,29.39,76.96,semi_arid_subtropical,NASA_POWER_daily_ag,4.401,10.169,1.7576,dewpoint,350.4,31.283
2017-09-28,27.8,34.68,22.28,52.21,0.0,1.1,18.21,97.85,6.72,16.48,PNJ,29.39,76.96,semi_arid_subtropical,NASA_POWER_daily_ag,4.142,9.832,1.8748,dewpoint,362.0,31.091
2017-09-29,28.15,35.28,22.37,52.03,0.0,1.23,18.39,97.8,4.98,16.54,PNJ,29.39,76.96,semi_arid_subtropical,NASA_POWER_daily_ag,4.311,9.86,1.882,dewpoint,367.3,30.898
2017-09-30,27.17,35.45,20.55,49.49,0.0,1.37,19.35,98.0,7.36,14.63,PNJ,29.39,76.96,semi_arid_subtropical,NASA_POWER_daily_ag,4.473,9.907,1.6651,dewpoint,346.2,30.705
2017-10-01,27.05,34.92,20.55,42.76,0.0,1.04,20.54,97.99,1.54,12.68,PNJ,29.39,76.96,semi_arid_subtropical,NASA_POWER_daily_ag,4.302,9.969,1.4667,dewpoint,347.2,30.511
2017-10-02,27.79,35.99,21.89,42.71,0.0,1.23,20.71,97.86,6.51,13.17,PNJ,29.39,76.96,semi_arid_subtropical,NASA_POWER_daily_ag,4.575,9.983,1.5145,dewpoint,361.0,30.316
2017-10-03,26.65,34.7,20.84,43.94,0.0,1.22,19.48,98.01,23.41,12.58,PNJ,29.39,76.96,semi_arid_subtropical,NASA_POWER_daily_ag,4.297,9.457,1.4571,dewpoint,345.1,30.121
2017-10-04,25.8,34.8,19.2,49.28,0.0,1.2,19.0,98.17,17.99,13.3,PNJ,29.39,76.96,semi_arid_subtropical,NASA_POWER_daily_ag,4.083,9.406,1.5274,dewpoint,328.3,29.926
2017-10-05,26.35,34.68,19.51,49.45,0.0,1.62,19.36,98.18,17.36,13.93,PNJ,29.39,76.96,semi_arid_subtropical,NASA_POWER_daily_ag,4.538,9.6,1.5914,dewpoint,327.2,29.73
2017-10-06,26.38,35.2,18.92,47.12,0.0,1.73,20.11,98.15,13.57,13.22,PNJ,29.39,76.96,semi_arid_subtropical,NASA_POWER_daily_ag,4.742,9.691,1.5195,dewpoint,330.4,29.535
2017-10-07,26.91,35.1,18.91,46.12,0.0,1.47,20.72,98.03,40.63,13.62,PNJ,29.39,76.96,semi_arid_subtropical,NASA_POWER_daily_ag,4.629,9.948,1.5596,dewpoint,343.0,29.339
2017-10-08,28.03,34.87,21.56,44.68,0.0,0.98,19.09,97.99,15.39,14.33,PNJ,29.39,76.96,semi_arid_subtropical,NASA_POWER_daily_ag,4.075,9.352,1.6332,dewpoint,347.2,29.143
2017-10-09,28.1,35.72,20.81,47.69,0.0,0.94,18.53,98.01,9.1,15.22,PNJ,29.39,76.96,semi_arid_subtropical,NASA_POWER_daily_ag,3.954,9.255,1.7297,dewpoint,345.1,28.947
2017-10-10,27.97,34.89,21.56,48.19,0.0,0.87,17.42,97.98,14.54,15.37,PNJ,29.39,76.96,semi_arid_subtropical,NASA_POWER_daily_ag,3.729,8.82,1.7464,dewpoint,348.3,28.751
2017-10-11,27.87,34.57,22.01,46.6,0.0,0.71,16.31,98.0,23.76,14.79,PNJ,29.39,76.96,semi_arid_subtropical,NASA_POWER_daily_ag,3.416,8.259,1.6824,dewpoint,346.2,28.556
2017-10-12,27.49,33.99,22.15,47.96,0.0,1.06,15.11,97.97,29.73,14.92,PNJ,29.39,76.96,semi_arid_subtropical,NASA_POWER_daily_ag,3.6,7.806,1.6966,dewpoint,349.3,28.36
2017-10-13,27.12,35.05,19.96,45.08,0.0,1.49,17.03,97.77,25.25,13.01,PNJ,29.39,76.96,semi_arid_subtropical,NASA_POWER_daily_ag,4.247,8.178,1.4988,dewpoint,370.5,28.165
2017-10-14,27.02,35.84,21.66,37.75,0.0,1.13,17.93,97.76,9.47,10.37,PNJ,29.39,76.96,semi_arid_subtropical,NASA_POWER_daily_ag,3.95,7.881,1.2587,dewpoint,371.5,27.971
2017-10-15,26.98,35.5,20.8,34.3,0.0,1.23,18.14,97.78,15.06,8.8,PNJ,29.39,76.96,semi_arid_subtropical,NASA_POWER_daily_ag,4.104,7.662,1.1326,dewpoint,369.4,27.777
2017-10-16,26.24,35.45,20.65,34.15,0.0,1.52,18.41,97.86,16.85,8.11,PNJ,29.39,76.96,semi_arid_subtropical,NASA_POWER_daily_ag,4.379,7.56,1.0808,dewpoint,361.0,27.584
2017-10-17,24.68,34.43,16.88,40.47,0.0,1.76,18.91,98.01,27.89,9.19,PNJ,29.39,76.96,semi_arid_subtropical,NASA_POWER_daily_ag,4.422,8.015,1.1629,dewpoint,345.1,27.392
2017-10-18,24.84,34.31,17.95,36.55,0.0,1.51,18.57,98.15,48.92,7.88,PNJ,29.39,76.96,semi_arid_subtropical,NASA_POWER_daily_ag,4.187,7.589,1.064,dewpoint,330.4,27.2
2017-10-19,26.2,35.87,18.04,38.3,0.0,1.17,18.59,98.14,52.01,9.79,PNJ,29.39,76.96,semi_arid_subtropical,NASA_POWER_daily_ag,3.907,7.786,1.2108,dewpoint,331.4,27.009
2017-10-20,26.79,35.71,21.14,34.22,0.0,1.03,17.67,98.1,21.59,8.51,PNJ,29.39,76.96,semi_arid_subtropical,NASA_POWER_daily_ag,3.692,7.14,1.1106,dewpoint,335.6,26.82
2017-10-21,24.74,34.07,19.08,36.62,0.0,1.76,15.68,97.95,28.88,7.77,PNJ,29.39,76.96,semi_arid_subtropical,NASA_POWER_daily_ag,4.195,6.62,1.0561,dewpoint,351.5,26.631
2017-10-22,25.88,34.19,18.62,31.48,0.0,1.02,14.36,97.85,19.86,6.72,PNJ,29.39,76.96,semi_arid_subtropical,NASA_POWER_daily_ag,3.382,6.126,0.9828,dewpoint,362.0,26.443
2017-10-23,25.03,34.2,19.13,34.47,0.0,1.17,15.64,98.06,9.94,7.1,PNJ,29.39,76.96,semi_arid_subtropical,NASA_POWER_daily_ag,3.54,6.392,1.0088,dewpoint,339.9,26.257
2017-10-24,23.02,33.15,16.25,37.61,0.0,1.9,16.05,98.32,12.11,6.6,PNJ,29.39,76.96,semi_arid_subtropical,NASA_POWER_daily_ag,4.124,6.498,0.9747,dewpoint,312.5,26.072
2017-10-25,23.05,32.04,14.41,33.49,0.0,1.27,16.52,98.57,23.15,5.0,PNJ,29.39,76.96,semi_arid_subtropical,NASA_POWER_daily_ag,3.556,6.434,0.8723,dewpoint,286.2,25.889
2017-10-26,23.63,31.65,15.73,31.31,0.0,0.93,15.23,98.69,12.88,4.58,PNJ,29.39,76.96,semi_arid_subtropical,NASA_POWER_daily_ag,3.106,6.005,0.8471,dewpoint,273.6,25.707
2017-10-27,22.6,31.64,15.21,35.75,0.0,1.12,13.74,98.58,23.9,5.35,PNJ,29.39,76.96,semi_arid_subtropical,NASA_POWER_daily_ag,3.125,5.74,0.8939,dewpoint,285.2,25.527
2017-10-28,22.55,31.95,16.26,38.07,0.0,1.15,13.98,98.54,10.83,6.57,PNJ,29.39,76.96,semi_arid_subtropical,NASA_POWER_daily_ag,3.108,5.834,0.9727,dewpoint,289.4,25.348
2017-10-29,22.07,30.06,16.06,39.45,0.0,1.08,13.88,98.78,5.93,6.98,PNJ,29.39,76.96,semi_arid_subtropical,NASA_POWER_daily_ag,2.964,5.873,1.0005,dewpoint,264.2,25.171
2017-10-30,21.62,29.92,16.58,42.64,0.0,1.09,15.34,98.78,10.79,7.76,PNJ,29.39,76.96,semi_arid_subtropical,NASA_POWER_daily_ag,2.972,6.249,1.0554,dewpoint,264.2,24.996
2017-10-31,22.1,30.79,17.42,42.28,0.0,0.93,12.21,98.59,40.24,8.0,PNJ,29.39,76.96,semi_arid_subtropical,NASA_POWER_daily_ag,2.638,5.442,1.0728,dewpoint,284.1,24.823
2017-11-01,21.14,29.38,14.28,48.37,0.0,1.25,11.73,98.68,16.08,9.15,PNJ,29.39,76.96,semi_arid_subtropical,NASA_POWER_daily_ag,2.765,5.504,1.1597,dewpoint,274.7,24.652
2017-11-02,21.01,30.15,14.43,52.4,0.0,1.28,10.53,98.59,41.89,10.06,PNJ,29.39,76.96,semi_arid_subtropical,NASA_POWER_daily_ag,2.622,5.211,1.2329,dewpoint,284.1,24.483
2017-11-03,22.24,29.48,16.73,44.75,0.0,0.78,10.5,98.61,74.65,9.06,PNJ,29.39,76.96,semi_arid_subtropical,NASA_POWER_daily_ag,2.337,5.057,1.1527,dewpoint,282.0,24.316
2017-11-04,23.1,30.54,17.59,44.5,0.0,0.92,13.19,98.8,54.24,9.8,PNJ,29.39,76.96,semi_arid_subtropical,NASA_POWER_daily_ag,2.696,5.689,1.2116,dewpoint,262.1,24.151
2017-11-05,22.51,29.78,17.66,46.56,0.0,1.02,12.68,98.82,59.84,9.97,PNJ,29.39,76.96,semi_arid_subtropical,NASA_POWER_daily_ag,2.685,5.561,1.2255,dewpoint,260.0,23.989
2017-11-06,20.46,28.36,16.28,51.4,0.0,1.49,9.35,98.7,84.12,9.65,PNJ,29.39,76.96,semi_arid_subtropical,NASA_POWER_daily_ag,2.624,4.743,1.1995,dewpoint,272.6,23.829
2017-11-07,19.61,28.53,14.31,48.97,0.0,1.36,8.34,98.67,79.83,8.02,PNJ,29.39,76.96,semi_arid_subtropical,NASA_POWER_daily_ag,2.466,4.403,1.0742,dewpoint,275.7,23.671
2017-11-08,19.63,28.73,13.81,46.63,0.0,1.53,9.65,98.65,60.48,7.21,PNJ,29.39,76.96,semi_arid_subtropical,NASA_POWER_daily_ag,2.726,4.612,1.0164,dewpoint,277.8,23.517
2017-11-09,20.59,30.09,14.82,43.59,0.0,1.45,10.29,98.54,44.95,6.87,PNJ,29.39,76.96,semi_arid_subtropical,NASA_POWER_daily_ag,2.829,4.632,0.993,dewpoint,289.4,23.364
2017-11-10,20.65,29.6,14.62,40.51,0.0,1.24,11.7,98.64,47.56,5.78,PNJ,29.39,76.96,semi_arid_subtropical,NASA_POWER_daily_ag,2.752,4.774,0.921,dewpoint,278.9,23.215
2017-11-11,20.53,29.02,15.5,39.02,0.0,1.14,8.92,98.72,64.7,5.48,PNJ,29.39,76.96,semi_arid_subtropical,NASA_POWER_daily_ag,2.517,4.223,0.902,dewpoint,270.5,23.068
2017-11-12,19.16,27.46,13.89,42.24,0.0,1.49,9.26,98.48,80.35,5.41,PNJ,29.39,76.96,semi_arid_subtropical,NASA_POWER_daily_ag,2.702,4.306,0.8976,dewpoint,295.7,22.924
2017-11-13,19.57,27.66,14.1,36.47,0.0,0.77,9.36,98.33,54.45,3.38,PNJ,29.39,76.96,semi_arid_subtropical,NASA_POWER_daily_ag,2.107,4.155,0.7784,dewpoint,311.4,22.783
2017-11-14,18.67,27.27,13.07,46.23,0.0,2.38,10.36,98.33,17.08,6.37,PNJ,29.39,76.96,semi_arid_subtropical,NASA_POWER_daily_ag,3.249,4.528,0.9593,dewpoint,311.4,22.644
2017-11-15,18.85,26.82,12.84,50.68,0.04,1.71,8.33,98.5,48.12,7.67,PNJ,29.39,76.96,semi_arid_subtropical,NASA_POWER_daily_ag,2.599,4.198,1.0489,dewpoint,293.6,22.509
2017-11-16,19.21,26.52,14.21,49.64,0.0,1.4,4.75,98.66,65.94,7.9,PNJ,29.39,76.96,semi_arid_subtropical,NASA_POWER_daily_ag,2.223,3.449,1.0655,dewpoint,276.8,22.377
2017-11-17,19.01,26.0,14.58,51.51,0.45,2.1,7.16,98.68,88.4,8.22,PNJ,29.39,76.96,semi_arid_subtropical,NASA_POWER_daily_ag,2.768,3.923,1.0889,dewpoint,274.7,22.248
2017-11-18,18.49,26.82,12.62,52.27,0.13,2.28,11.02,98.7,22.01,7.66,PNJ,29.39,76.96,semi_arid_subtropical,NASA_POWER_daily_ag,3.008,4.639,1.0482,dewpoint,272.6,22.123
2017-11-19,16.85,25.19,11.77,43.27,0.02,2.35,12.66,98.83,7.76,3.54,PNJ,29.39,76.96,semi_arid_subtropical,NASA_POWER_daily_ag,3.201,4.537,0.7873,dewpoint,258.9,22.0
2017-11-20,15.42,24.95,8.62,40.83,0.0,2.05,13.35,98.91,12.38,1.23,PNJ,29.39,76.96,semi_arid_subtropical,NASA_POWER_daily_ag,2.949,4.46,0.6677,dewpoint,250.6,21.881
2017-11-21,15.16,24.79,7.89,42.69,0.0,2.11,12.87,98.71,7.76,1.78,PNJ,29.39,76.96,semi_arid_subtropical,NASA_POWER_daily_ag,2.89,4.447,0.6946,dewpoint,271.5,21.765
2017-11-22,15.32,25.9,8.33,37.46,0.0,2.25,13.03,98.62,5.41,-0.32,PNJ,29.39,76.96,semi_arid_subtropical,NASA_POWER_daily_ag,3.148,4.149,0.5967,dewpoint,281.0,21.653
2017-11-23,15.91,25.93,9.21,31.62,0.0,2.07,13.58,98.54,20.83,-2.08,PNJ,29.39,76.96,semi_arid_subtropical,NASA_POWER_daily_ag,3.205,3.939,0.5243,dewpoint,289.4,21.544
2017-11-24,15.25,25.97,7.77,32.38,0.0,1.85,13.79,98.7,2.15,-2.45,PNJ,29.39,76.96,semi_arid_subtropical,NASA_POWER_daily_ag,2.94,3.922,0.5101,dewpoint,272.6,21.439
2017-11-25,16.52,26.23,8.21,29.68,0.0,1.69,13.22,98.73,6.64,-2.31,PNJ,29.39,76.96,semi_arid_subtropical,NASA_POWER_daily_ag,2.946,3.82,0.5154,dewpoint,269.4,21.337
2017-11-26,16.96,26.11,11.75,29.4,0.0,1.37,13.35,98.91,2.87,-1.82,PNJ,29.39,76.96,semi_arid_subtropical,NASA_POWER_daily_ag,2.629,3.692,0.5345,dewpoint,250.6,21.238
2017-11-27,15.4,25.47,8.39,36.5,0.0,2.13,12.76,98.61,7.34,-0.25,PNJ,29.39,76.96,semi_arid_subtropical,NASA_POWER_daily_ag,3.025,3.94,0.5998,dewpoint,282.0,21.144
2017-11-28,17.06,26.98,8.86,34.03,0.0,1.69,12.28,98.53,3.93,-0.02,PNJ,29.39,76.96,semi_arid_subtropical,NASA_POWER_daily_ag,2.872,3.806,0.6099,dewpoint,290.4,21.053
2017-11-29,18.39,26.57,11.41,30.82,0.0,0.82,11.7,98.79,15.47,0.14,PNJ,29.39,76.96,semi_arid_subtropical,NASA_POWER_daily_ag,2.067,3.668,0.6171,dewpoint,263.1,20.966
2017-11-30,16.7,26.35,10.36,36.37,0.0,1.66,11.96,98.76,3.65,0.85,PNJ,29.39,76.96,semi_arid_subtropical,NASA_POWER_daily_ag,2.727,3.766,0.6496,dewpoint,266.3,20.883
2017-12-01,16.6,25.43,9.23,32.59,0.0,1.22,12.55,98.77,2.77,-1.04,PNJ,29.39,76.96,semi_arid_subtropical,NASA_POWER_daily_ag,2.391,3.669,0.5661,dewpoint,265.2,20.803
2017-12-02,17.33,24.98,12.07,31.17,0.0,0.76,11.71,98.88,31.73,-0.47,PNJ,29.39,76.96,semi_arid_subtropical,NASA_POWER_daily_ag,1.908,3.555,0.5902,dewpoint,253.7,20.728
2017-12-03,16.83,24.62,12.16,35.1,0.0,0.9,10.91,98.85,78.04,0.77,PNJ,29.39,76.96,semi_arid_subtropical,NASA_POWER_daily_ag,1.986,3.599,0.6459,dewpoint,256.8,20.656
2017-12-04,16.86,23.17,11.46,34.15,0.0,0.85,10.27,98.69,98.84,0.35,PNJ,29.39,76.96,semi_arid_subtropical,NASA_POWER_daily_ag,1.945,3.566,0.6265,dewpoint,273.6,20.588
2017-12-05,17.15,25.18,12.74,34.28,0.0,1.17,6.74,98.72,98.11,0.66,PNJ,29.39,76.96,semi_arid_subtropical,NASA_POWER_daily_ag,2.217,3.257,0.6408,dewpoint,270.5,20.524
2017-12-06,16.36,26.27,9.77,35.95,0.0,1.67,10.55,98.6,47.11,0.26,PNJ,29.39,76.96,semi_arid_subtropical,NASA_POWER_daily_ag,2.666,3.481,0.6225,dewpoint,283.1,20.464
2017-12-07,15.92,24.95,10.41,27.89,0.01,2.31,12.89,98.73,16.84,-3.81,PNJ,29.39,76.96,semi_arid_subtropical,NASA_POWER_daily_ag,3.385,3.208,0.4608,dewpoint,269.4,20.408
2017-12-08,15.59,25.58,8.76,26.58,0.0,2.21,13.09,98.75,1.72,-4.62,PNJ,29.39,76.96,semi_arid_subtropical,NASA_POWER_daily_ag,3.287,3.144,0.4335,dewpoint,267.3,20.356
2017-12-09,16.93,25.68,9.45,27.44,0.0,0.91,11.83,98.72,2.72,-2.75,PNJ,29.39,76.96,semi_arid_subtropical,NASA_POWER_daily_ag,2.051,3.246,0.4988,dewpoint,270.5,20.309
2017-12-10,17.64,25.36,12.33,28.88,0.0,0.91,12.33,98.74,12.09,-1.19,PNJ,29.39,76.96,semi_arid_subtropical,NASA_POWER_daily_ag,2.067,3.292,0.5599,dewpoint,268.4,20.265
2017-12-11,15.75,22.98,11.01,40.5,2.4,1.07,5.07,98.6,84.42,1.63,PNJ,29.39,76.96,semi_arid_subtropical,NASA_POWER_daily_ag,1.901,3.141,0.6872,dewpoint,283.1,20.225
2017-12-12,14.65,19.73,10.86,79.38,8.17,1.57,5.14,98.73,71.58,10.91,PNJ,29.39,76.96,semi_arid_subtropical,NASA_POWER_daily_ag,1.26,3.315,1.3049,dewpoint,269.4,20.19
2017-12-13,13.28,20.69,8.71,68.7,0.03,1.37,8.0,98.99,59.31,7.11,PNJ,29.39,76.96,semi_arid_subtropical,NASA_POWER_daily_ag,1.521,3.739,1.0095,dewpoint,242.2,20.158
2017-12-14,11.89,20.26,6.25,65.62,0.8,1.99,7.52,99.13,71.93,4.92,PNJ,29.39,76.96,semi_arid_subtropical,NASA_POWER_daily_ag,1.738,3.581,0.8675,dewpoint,227.5,20.131
2017-12-15,11.67,20.62,5.62,56.31,0.15,2.63,10.15,99.22,63.07,2.17,PNJ,29.39,76.96,semi_arid_subtropical,NASA_POWER_daily_ag,2.319,3.759,0.7143,dewpoint,218.1,20.108
2017-12-16,11.16,21.21,4.72,44.25,0.0,3.0,11.18,99.32,22.73,-1.71,PNJ,29.39,76.96,semi_arid_subtropical,NASA_POWER_daily_ag,2.808,3.546,0.5388,dewpoint,207.7,20.089
2017-12-17,11.96,23.11,4.31,38.43,0.0,3.01,13.48,99.29,0.51,-2.91,PNJ,29.39,76.96,semi_arid_subtropical,NASA_POWER_daily_ag,3.101,3.498,0.4929,dewpoint,210.8,20.074
2017-12-18,13.79,25.41,6.22,37.73,0.0,3.28,13.4,99.13,2.8,-1.47,PNJ,29.39,76.96,semi_arid_subtropical,NASA_POWER_daily_ag,3.48,3.446,0.5485,dewpoint,227.5,20.063
2017-12-19,14.45,24.35,8.55,41.08,0.0,2.53,12.39,99.1,59.93,0.78,PNJ,29.39,76.96,semi_arid_subtropical,NASA_POWER_daily_ag,2.959,3.59,0.6464,dewpoint,230.7,20.057
2017-12-20,15.58,24.9,9.97,43.03,0.0,1.73,9.23,99.24,98.1,2.33,PNJ,29.39,76.96,semi_arid_subtropical,NASA_POWER_daily_ag,2.437,3.432,0.7225,dewpoint,216.0,20.055
2017-12-21,16.88,26.88,10.47,47.5,0.0,2.22,10.37,99.21,55.92,4.8,PNJ,29.39,76.96,semi_arid_subtropical,NASA_POWER_daily_ag,2.8,3.665,0.8602,dewpoint,219.2,20.057
2017-12-22,15.61,25.27,8.95,44.47,0.0,3.0,13.61,99.0,6.95,2.49,PNJ,29.39,76.96,semi_arid_subtropical,NASA_POWER_daily_ag,3.324,3.828,0.7308,dewpoint,241.1,20.063
2017-12-23,14.23,24.69,7.64,43.03,0.0,2.66,13.84,98.7,6.28,0.63,PNJ,29.39,76.96,semi_arid_subtropical,NASA_POWER_daily_ag,3.029,3.71,0.6394,dewpoint,272.6,20.073
2017-12-24,14.83,24.35,9.4,43.77,0.0,1.16,11.48,98.77,16.72,1.85,PNJ,29.39,76.96,semi_arid_subtropical,NASA_POWER_daily_ag,1.978,3.623,0.6981,dewpoint,265.2,20.088
2017-12-25,13.5,22.61,8.0,45.87,0.0,2.2,11.21,98.96,15.16,1.35,PNJ,29.39,76.96,semi_arid_subtropical,NASA_POWER_daily_ag,2.54,3.668,0.6735,dewpoint,245.3,20.107
2017-12-26,13.19,22.95,5.85,39.73,0.0,1.69,11.36,98.96,52.56,-1.04,PNJ,29.39,76.96,semi_arid_subtropical,NASA_POWER_daily_ag,2.345,3.534,0.5661,dewpoint,245.3,20.13
2017-12-27,14.69,23.53,7.05,38.71,0.0,1.46,10.12,98.87,65.19,0.1,PNJ,29.39,76.96,semi_arid_subtropical,NASA_POWER_daily_ag,2.283,3.493,0.6153,dewpoint,254.7,20.157
2017-12-28,15.43,24.85,10.34,40.65,0.0,1.62,12.58,98.85,14.21,1.45,PNJ,29.39,76.96,semi_arid_subtropical,NASA_POWER_daily_ag,2.447,3.649,0.6783,dewpoint,256.8,20.188
2017-12-29,14.29,24.26,9.13,42.12,0.0,1.59,12.31,98.9,10.72,0.76,PNJ,29.39,76.96,semi_arid_subtropical,NASA_POWER_daily_ag,2.316,3.641,0.6454,dewpoint,251.6,20.224
2017-12-30,13.26,22.31,8.59,35.95,0.0,1.17,9.51,98.93,47.36,-2.31,PNJ,29.39,76.96,semi_arid_subtropical,NASA_POWER_daily_ag,1.979,3.324,0.5154,dewpoint,248.5,20.263
2017-12-31,12.64,21.23,8.86,33.98,0.0,1.12,7.56,98.82,72.92,-3.42,PNJ,29.39,76.96,semi_arid_subtropical,NASA_POWER_daily_ag,1.902,3.215,0.4745,dewpoint,260.0,20.307
2018-01-01,11.19,19.45,5.34,35.67,0.0,1.2,8.16,98.64,91.2,-3.93,PNJ,29.39,76.96,semi_arid_subtropical,NASA_POWER_daily_ag,1.871,3.342,0.4567,dewpoint,278.9,20.355
2018-01-02,11.11,19.89,4.8,38.62,0.0,1.51,5.72,98.68,94.85,-2.95,PNJ,29.39,76.96,semi_arid_subtropical,NASA_POWER_daily_ag,2.008,3.211,0.4915,dewpoint,274.7,20.407
2018-01-03,10.47,20.28,4.61,40.97,0.0,1.68,9.04,98.74,66.05,-2.97,PNJ,29.39,76.96,semi_arid_subtropical,NASA_POWER_daily_ag,2.087,3.476,0.4907,dewpoint,268.4,20.463
2018-01-04,11.83,21.49,4.97,34.36,0.0,1.33,8.42,98.72,66.66,-4.37,PNJ,29.39,76.96,semi_arid_subtropical,NASA_POWER_daily_ag,2.064,3.347,0.4418,dewpoint,270.5,20.523
2018-01-05,11.93,21.39,6.38,35.44,0.0,1.27,8.29,98.68,70.74,-3.53,PNJ,29.39,76.96,semi_arid_subtropical,NASA_POWER_daily_ag,1.99,3.37,0.4706,dewpoint,274.7,20.587
2018-01-06,10.97,21.05,4.22,44.19,0.0,2.01,8.55,98.6,51.03,-1.59,PNJ,29.39,76.96,semi_arid_subtropical,NASA_POWER_daily_ag,2.26,3.551,0.5436,dewpoint,283.1,20.655
2018-01-07,11.04,21.14,4.07,44.28,0.0,2.32,12.34,98.67,1.9,-1.88,PNJ,29.39,76.96,semi_arid_subtropical,NASA_POWER_daily_ag,2.529,3.92,0.5321,dewpoint,275.7,20.727
2018-01-08,11.05,21.24,3.44,41.82,0.0,1.79,13.36,98.84,0.94,-2.46,PNJ,29.39,76.96,semi_arid_subtropical,NASA_POWER_daily_ag,2.298,4.01,0.5097,dewpoint,257.9,20.803
2018-01-09,11.56,22.67,3.96,39.19,0.0,2.06,12.24,99.05,5.32,-2.95,PNJ,29.39,76.96,semi_arid_subtropical,NASA_POWER_daily_ag,2.542,3.811,0.4915,dewpoint,235.9,20.883
2018-01-10,11.75,22.39,4.47,34.53,0.0,2.61,12.74,98.99,5.37,-4.33,PNJ,29.39,76.96,semi_arid_subtropical,NASA_POWER_daily_ag,3.01,3.76,0.4431,dewpoint,242.2,20.966
2018-01-11,12.8,24.07,4.65,33.16,0.0,2.38,12.97,98.82,32.74,-4.22,PNJ,29.39,76.96,semi_arid_subtropical,NASA_POWER_daily_ag,3.04,3.742,0.4468,dewpoint,260.0,21.054
2018-01-12,15.04,24.41,7.37,32.31,0.0,2.01,12.72,98.76,42.74,-2.35,PNJ,29.39,76.96,semi_arid_subtropical,NASA_POWER_daily_ag,3.013,3.816,0.5139,dewpoint,266.3,21.145
2018-01-13,14.07,23.1,7.39,34.43,0.0,1.74,13.19,98.79,9.51,-2.19,PNJ,29.39,76.96,semi_arid_subtropical,NASA_POWER_daily_ag,2.672,3.967,0.52,dewpoint,263.1,21.241
2018-01-14,13.29,23.92,6.03,34.75,0.0,1.8,12.98,98.78,3.93,-3.09,PNJ,29.39,76.96,semi_arid_subtropical,NASA_POWER_daily_ag,2.657,3.921,0.4863,dewpoint,264.2,21.339
2018-01-15,12.5,23.08,5.03,34.78,0.0,2.38,13.62,98.78,1.8,-3.74,PNJ,29.39,76.96,semi_arid_subtropical,NASA_POWER_daily_ag,3.003,4.037,0.4632,dewpoint,264.2,21.442
2018-01-16,14.32,25.97,4.88,25.8,0.0,2.35,14.32,98.53,4.07,-6.76,PNJ,29.39,76.96,semi_arid_subtropical,NASA_POWER_daily_ag,3.443,3.708,0.3681,dewpoint,290.4,21.548
2018-01-17,14.29,24.65,4.53,28.29,0.0,1.74,12.47,98.69,30.2,-5.22,PNJ,29.39,76.96,semi_arid_subtropical,NASA_POWER_daily_ag,2.861,3.857,0.4142,dewpoint,273.6,21.658
2018-01-18,15.87,26.68,9.94,28.7,0.0,1.56,13.37,98.73,4.86,-3.0,PNJ,29.39,76.96,semi_arid_subtropical,NASA_POWER_daily_ag,2.784,3.861,0.4896,dewpoint,269.4,21.771
2018-01-19,14.15,24.4,7.9,34.98,0.0,1.87,13.3,98.8,21.6,-2.1,PNJ,29.39,76.96,semi_arid_subtropical,NASA_POWER_daily_ag,2.821,4.176,0.5235,dewpoint,262.1,21.888
2018-01-20,13.27,25.1,5.52,29.35,0.0,2.33,15.0,98.67,10.25,-5.3,PNJ,29.39,76.96,semi_arid_subtropical,NASA_POWER_daily_ag,3.236,4.128,0.4117,dewpoint,275.7,22.009
2018-01-21,13.58,23.56,4.16,25.18,0.0,1.31,14.1,98.64,1.29,-7.08,PNJ,29.39,76.96,semi_arid_subtropical,NASA_POWER_daily_ag,2.509,4.094,0.3591,dewpoint,278.9,22.132
2018-01-22,15.02,24.43,8.62,23.67,0.0,1.02,12.87,98.48,8.85,-6.23,PNJ,29.39,76.96,semi_arid_subtropical,NASA_POWER_daily_ag,2.281,3.913,0.3834,dewpoint,295.7,22.259
2018-01-23,10.69,16.27,7.45,55.63,9.3,2.12,2.92,98.39,82.63,0.97,PNJ,29.39,76.96,semi_arid_subtropical,NASA_POWER_daily_ag,1.948,3.109,0.6553,dewpoint,305.1,22.39
2018-01-24,10.92,18.63,6.06,75.15,0.02,1.35,11.05,98.59,40.66,6.1,PNJ,29.39,76.96,semi_arid_subtropical,NASA_POWER_daily_ag,1.53,4.997,0.9416,dewpoint,284.1,22.523
2018-01-25,11.64,20.59,5.46,60.01,0.04,2.44,10.56,98.48,63.92,2.36,PNJ,29.39,76.96,semi_arid_subtropical,NASA_POWER_daily_ag,2.361,4.613,0.724,dewpoint,295.7,22.66
2018-01-26,12.06,21.75,6.19,44.9,0.0,1.61,7.54,98.57,97.6,-0.56,PNJ,29.39,76.96,semi_arid_subtropical,NASA_POWER_daily_ag,2.176,3.93,0.5864,dewpoint,286.2,22.8
2018-01-27,11.16,21.38,4.0,42.09,0.0,1.63,11.06,98.58,66.41,-2.35,PNJ,29.39,76.96,semi_arid_subtropical,NASA_POWER_daily_ag,2.296,4.484,0.5139,dewpoint,285.2,22.943
2018-01-28,12.19,23.36,4.32,38.5,0.0,1.86,11.42,98.65,67.78,-2.73,PNJ,29.39,76.96,semi_arid_subtropical,NASA_POWER_daily_ag,2.62,4.485,0.4996,dewpoint,277.8,23.088
2018-01-29,13.7,24.42,6.08,35.92,0.0,2.25,14.29,98.79,41.58,-2.3,PNJ,29.39,76.96,semi_arid_subtropical,NASA_POWER_daily_ag,3.172,4.88,0.5158,dewpoint,263.1,23.237
2018-01-30,16.68,27.41,9.1,33.05,0.0,3.07,14.67,98.74,41.31,-0.73,PNJ,29.39,76.96,semi_arid_subtropical,NASA_POWER_daily_ag,4.189,4.894,0.5791,dewpoint,268.4,23.389
2018-01-31,16.34,25.08,10.49,37.15,0.0,3.4,14.68,98.61,60.79,0.44,PNJ,29.39,76.96,semi_arid_subtropical,NASA_POWER_daily_ag,4.233,5.139,0.6306,dewpoint,282.0,23.543
2018-02-01,18.18,27.94,11.06,38.13,0.0,2.09,15.23,98.63,9.27,2.78,PNJ,29.39,76.96,semi_arid_subtropical,NASA_POWER_daily_ag,3.525,5.407,0.746,dewpoint,279.9,23.7
2018-02-02,17.41,26.6,10.37,40.36,0.0,1.99,15.52,98.46,17.51,2.72,PNJ,29.39,76.96,semi_arid_subtropical,NASA_POWER_daily_ag,3.358,5.607,0.7428,dewpoint,297.8,23.86
2018-02-03,15.54,25.28,9.39,31.06,0.0,1.6,16.27,98.73,20.16,-2.9,PNJ,29.39,76.96,semi_arid_subtropical,NASA_POWER_daily_ag,3.07,5.235,0.4933,dewpoint,269.4,24.022
2018-02-04,14.08,25.46,6.8,30.01,0.0,2.18,17.55,98.75,14.02,-4.8,PNJ,29.39,76.96,semi_arid_subtropical,NASA_POWER_daily_ag,3.469,5.385,0.4276,dewpoint,267.3,24.187
2018-02-05,14.5,24.28,6.07,23.12,0.0,1.48,11.6,98.97,91.4,-7.73,PNJ,29.39,76.96,semi_arid_subtropical,NASA_POWER_daily_ag,2.898,4.515,0.3415,dewpoint,244.3,24.354
2018-02-06,15.71,26.19,8.34,21.61,0.0,2.35,15.28,98.92,68.07,-7.34,PNJ,29.39,76.96,semi_arid_subtropical,NASA_POWER_daily_ag,3.946,4.878,0.352,dewpoint,249.5,24.524
2018-02-07,13.69,25.96,5.03,22.66,0.0,2.31,17.1,98.68,22.29,-9.09,PNJ,29.39,76.96,semi_arid_subtropical,NASA_POWER_daily_ag,3.719,5.178,0.307,dewpoint,274.7,24.695
2018-02-08,13.85,24.61,5.95,21.4,0.0,1.6,17.35,98.56,19.92,-9.09,PNJ,29.39,76.96,semi_arid_subtropical,NASA_POWER_daily_ag,3.153,5.327,0.307,dewpoint,287.3,24.869
2018-02-09,14.41,25.26,5.85,23.64,0.0,1.93,17.29,98.58,16.88,-7.42,PNJ,29.39,76.96,semi_arid_subtropical,NASA_POWER_daily_ag,3.497,5.522,0.3498,dewpoint,285.2,25.045
2018-02-10,16.45,26.41,8.95,19.32,0.0,1.36,16.89,98.83,34.74,-8.19,PNJ,29.39,76.96,semi_arid_subtropical,NASA_POWER_daily_ag,3.176,5.248,0.3294,dewpoint,258.9,25.223
2018-02-11,18.09,27.53,10.57,21.58,0.03,1.8,12.08,98.71,87.71,-4.98,PNJ,29.39,76.96,semi_arid_subtropical,NASA_POWER_daily_ag,3.645,4.829,0.4218,dewpoint,271.5,25.403
2018-02-12,14.18,19.02,10.92,73.75,6.39,3.91,10.19,99.01,77.43,9.38,PNJ,29.39,76.96,semi_arid_subtropical,NASA_POWER_daily_ag,2.291,5.541,1.1779,dewpoint,240.1,25.585
2018-02-13,14.82,23.75,8.09,63.75,0.05,1.53,15.21,99.43,27.56,6.82,PNJ,29.39,76.96,semi_arid_subtropical,NASA_POWER_daily_ag,2.501,6.831,0.9895,dewpoint,196.2,25.768
2018-02-14,14.91,23.9,7.51,50.9,0.0,3.07,18.19,99.38,28.91,3.47,PNJ,29.39,76.96,semi_arid_subtropical,NASA_POWER_daily_ag,3.699,7.299,0.7834,dewpoint,201.4,25.954
2018-02-15,16.25,25.67,9.17,49.48,0.0,3.06,16.57,99.15,44.04,4.89,PNJ,29.39,76.96,semi_arid_subtropical,NASA_POWER_daily_ag,3.773,6.982,0.8656,dewpoint,225.4,26.14
2018-02-16,17.65,26.42,10.02,48.42,0.0,2.32,15.28,99.0,45.46,5.69,PNJ,29.39,76.96,semi_arid_subtropical,NASA_POWER_daily_ag,3.557,6.731,0.9152,dewpoint,241.1,26.329
2018-02-17,18.67,29.08,11.82,40.13,0.0,2.59,15.61,98.48,76.4,3.12,PNJ,29.39,76.96,semi_arid_subtropical,NASA_POWER_daily_ag,4.189,6.43,0.7642,dewpoint,295.7,26.518
2018-02-18,17.4,28.24,9.04,27.98,0.0,2.07,18.25,98.43,42.13,-3.71,PNJ,29.39,76.96,semi_arid_subtropical,NASA_POWER_daily_ag,4.089,6.438,0.4643,dewpoint,300.9,26.709
2018-02-19,18.82,28.37,11.63,25.57,0.0,1.58,17.93,98.58,57.87,-2.23,PNJ,29.39,76.96,semi_arid_subtropical,NASA_POWER_daily_ag,3.754,6.489,0.5185,dewpoint,285.2,26.902
2018-02-20,20.46,29.87,12.12,32.45,0.0,1.61,18.0,98.53,33.08,2.23,PNJ,29.39,76.96,semi_arid_subtropical,NASA_POWER_daily_ag,3.889,7.023,0.7173,dewpoint,290.4,27.095
2018-02-21,21.63,30.44,15.02,34.64,0.0,1.78,16.94,98.33,26.72,4.67,PNJ,29.39,76.96,semi_arid_subtropical,NASA_POWER_daily_ag,4.062,7.015,0.8524,dewpoint,311.4,27.29
2018-02-22,22.03,31.59,15.28,33.33,0.0,1.73,15.33,98.24,60.86,3.88,PNJ,29.39,76.96,semi_arid_subtropical,NASA_POWER_daily_ag,4.018,6.533,0.8064,dewpoint,320.9,27.485
2018-02-23,23.24,31.5,15.69,25.23,0.0,1.05,14.29,98.27,80.78,1.14,PNJ,29.39,76.96,semi_arid_subtropical,NASA_POWER_daily_ag,3.384,6.073,0.6634,dewpoint,317.7,27.681
2018-02-24,23.43,31.57,16.54,27.65,0.07,1.94,13.45,98.45,77.32,2.82,PNJ,29.39,76.96,semi_arid_subtropical,NASA_POWER_daily_ag,4.435,6.056,0.7481,dewpoint,298.8,27.878
2018-02-25,22.0,30.23,16.38,37.18,0.77,2.0,18.55,98.78,8.3,5.88,PNJ,29.39,76.96,semi_arid_subtropical,NASA_POWER_daily_ag,4.424,7.805,0.9274,dewpoint,264.2,28.076
2018-02-26,20.03,29.22,12.31,41.06,0.0,3.04,19.94,98.56,34.33,5.1,PNJ,29.39,76.96,semi_arid_subtropical,NASA_POWER_daily_ag,4.999,8.368,0.8784,dewpoint,287.3,28.275
2018-02-27,22.39,31.99,14.8,40.76,0.0,2.24,18.54,98.49,42.22,7.39,PNJ,29.39,76.96,semi_arid_subtropical,NASA_POWER_daily_ag,4.633,8.142,1.029,dewpoint,294.6,28.473
2018-02-28,22.0,31.07,14.86,36.65,0.0,1.57,15.7,98.51,71.46,4.99,PNJ,29.39,76.96,semi_arid_subtropical,NASA_POWER_daily_ag,3.913,7.112,0.8717,dewpoint,292.5,28.673
2018-03-01,22.08,30.96,15.41,36.4,0.0,1.8,16.3,98.33,70.84,5.34,PNJ,29.39,76.96,semi_arid_subtropical,NASA_POWER_daily_ag,4.188,7.363,0.8932,dewpoint,311.4,28.872
2018-03-02,23.71,32.7,15.85,34.25,0.0,2.02,18.23,98.2,23.67,5.62,PNJ,29.39,76.96,semi_arid_subtropical,NASA_POWER_daily_ag,4.811,7.917,0.9108,dewpoint,325.1,29.072
2018-03-03,23.47,31.66,16.75,38.82,0.21,2.34,14.05,98.06,73.85,7.49,PNJ,29.39,76.96,semi_arid_subtropical,NASA_POWER_daily_ag,4.65,6.971,1.0361,dewpoint,339.9,29.272
2018-03-04,21.05,30.77,15.31,50.27,0.28,1.95,16.96,98.2,48.46,8.81,PNJ,29.39,76.96,semi_arid_subtropical,NASA_POWER_daily_ag,3.975,8.161,1.1334,dewpoint,325.1,29.472
2018-03-05,20.57,29.97,12.58,39.66,0.0,2.11,21.42,98.54,0.09,3.86,PNJ,29.39,76.96,semi_arid_subtropical,NASA_POWER_daily_ag,4.719,9.034,0.8053,dewpoint,289.4,29.672
2018-03-06,20.5,29.79,12.5,34.24,0.0,2.66,21.7,98.58,21.64,2.89,PNJ,29.39,76.96,semi_arid_subtropical,NASA_POWER_daily_ag,5.251,9.049,0.7519,dewpoint,285.2,29.872
2018-03-07,21.3,32.31,11.99,29.12,0.0,2.67,21.56,98.46,1.86,0.43,PNJ,29.39,76.96,semi_arid_subtropical,NASA_POWER_daily_ag,5.577,8.605,0.6302,dewpoint,297.8,30.072
2018-03-08,23.19,32.83,15.41,25.41,0.0,1.49,21.18,98.62,4.52,1.21,PNJ,29.39,76.96,semi_arid_subtropical,NASA_POWER_daily_ag,4.587,8.49,0.6667,dewpoint,281.0,30.272
2018-03-09,23.76,33.39,14.87,27.99,0.0,2.28,20.59,98.6,22.24,2.69,PNJ,29.39,76.96,semi_arid_subtropical,NASA_POWER_daily_ag,5.519,8.607,0.7413,dewpoint,283.1,30.471
2018-03-10,23.2,33.28,14.53,29.91,0.0,2.74,21.1,98.49,14.8,3.11,PNJ,29.39,76.96,semi_arid_subtropical,NASA_POWER_daily_ag,5.894,8.901,0.7637,dewpoint,294.6,30.67
2018-03-11,23.57,33.33,14.56,32.98,0.0,2.37,21.22,98.38,1.02,4.9,PNJ,29.39,76.96,semi_arid_subtropical,NASA_POWER_daily_ag,5.534,9.268,0.8662,dewpoint,306.2,30.868
2018-03-12,24.74,34.95,15.68,30.75,0.0,2.35,21.2,98.37,2.8,4.0,PNJ,29.39,76.96,semi_arid_subtropical,NASA_POWER_daily_ag,5.79,9.056,0.8133,dewpoint,307.2,31.065
2018-03-13,26.75,36.5,16.24,22.34,0.0,1.76,21.32,98.21,5.49,1.24,PNJ,29.39,76.96,semi_arid_subtropical,NASA_POWER_daily_ag,5.501,8.645,0.6682,dewpoint,324.1,31.262
2018-03-14,26.7,36.23,16.81,17.8,0.0,1.94,20.14,98.03,21.2,-1.08,PNJ,29.39,76.96,semi_arid_subtropical,NASA_POWER_daily_ag,5.721,8.108,0.5644,dewpoint,343.0,31.458
2018-03-15,24.96,34.49,16.9,20.69,0.0,1.95,18.75,98.07,38.18,-0.41,PNJ,29.39,76.96,semi_arid_subtropical,NASA_POWER_daily_ag,5.391,7.986,0.5928,dewpoint,338.8,31.654
2018-03-16,24.13,32.81,17.34,26.31,0.01,1.95,21.8,98.18,8.74,2.45,PNJ,29.39,76.96,semi_arid_subtropical,NASA_POWER_daily_ag,5.411,9.303,0.7287,dewpoint,327.2,31.848
2018-03-17,22.16,31.59,13.98,23.09,0.0,2.6,23.81,98.29,0.89,-1.84,PNJ,29.39,76.96,semi_arid_subtropical,NASA_POWER_daily_ag,6.093,9.557,0.5337,dewpoint,315.6,32.041
2018-03-18,23.43,34.57,13.3,17.57,0.0,2.45,23.52,98.42,8.12,-4.13,PNJ,29.39,76.96,semi_arid_subtropical,NASA_POWER_daily_ag,6.225,9.083,0.4498,dewpoint,302.0,32.233
2018-03-19,25.2,35.93,16.17,19.48,0.0,2.06,20.87,98.56,47.3,-1.25,PNJ,29.39,76.96,semi_arid_subtropical,NASA_POWER_daily_ag,5.792,8.621,0.5574,dewpoint,287.3,32.424
2018-03-20,27.08,36.82,17.12,23.21,0.07,1.68,17.75,98.23,49.07,2.86,PNJ,29.39,76.96,semi_arid_subtropical,NASA_POWER_daily_ag,5.236,8.226,0.7503,dewpoint,321.9,32.614
2018-03-21,26.29,32.71,20.36,30.9,1.13,1.59,17.46,98.07,68.32,6.91,PNJ,29.39,76.96,semi_arid_subtropical,NASA_POWER_daily_ag,4.866,8.682,0.9957,dewpoint,338.8,32.803
2018-03-22,24.77,32.08,18.35,38.91,0.1,1.54,20.56,98.16,27.06,8.43,PNJ,29.39,76.96,semi_arid_subtropical,NASA_POWER_daily_ag,4.835,10.102,1.1046,dewpoint,329.3,32.99
2018-03-23,23.9,32.22,16.3,33.95,0.0,2.02,21.84,98.24,17.48,5.78,PNJ,29.39,76.96,semi_arid_subtropical,NASA_POWER_daily_ag,5.429,10.281,0.921,dewpoint,320.9,33.176
2018-03-24,24.78,34.21,16.28,28.73,0.0,2.45,23.3,98.53,2.17,4.19,PNJ,29.39,76.96,semi_arid_subtropical,NASA_POWER_daily_ag,6.242,10.472,0.8242,dewpoint,290.4,33.36
2018-03-25,25.79,35.28,17.05,25.47,0.0,2.65,23.16,98.6,11.17,2.41,PNJ,29.39,76.96,semi_arid_subtropical,NASA_POWER_daily_ag,6.752,10.117,0.7266,dewpoint,283.1,33.543
2018-03-26,25.78,36.08,16.67,17.58,0.0,2.69,22.53,98.43,31.26,-2.33,PNJ,29.39,76.96,semi_arid_subtropical,NASA_POWER_daily_ag,6.944,9.328,0.5147,dewpoint,300.9,33.724
2018-03-27,27.29,38.46,17.18,14.04,0.0,1.92,22.63,98.12,21.81,-4.19,PNJ,29.39,76.96,semi_arid_subtropical,NASA_POWER_daily_ag,6.171,9.029,0.4478,dewpoint,333.5,33.904
2018-03-28,28.83,39.18,20.81,11.15,0.0,1.99,23.03,98.04,35.64,-5.36,PNJ,29.39,76.96,semi_arid_subtropical,NASA_POWER_daily_ag,6.498,8.816,0.4098,dewpoint,342.0,34.082
2018-03-29,27.41,37.71,17.15,16.15,0.0,2.98,24.51,97.96,32.69,-1.86,PNJ,29.39,76.96,semi_arid_subtropical,NASA_POWER_daily_ag,7.789,9.998,0.5329,dewpoint,350.4,34.258
2018-03-30,27.84,37.96,16.46,13.14,0.0,2.0,24.98,97.74,27.97,-5.3,PNJ,29.39,76.96,semi_arid_subtropical,NASA_POWER_daily_ag,6.609,9.747,0.4117,dewpoint,373.6,34.432
2018-03-31,28.16,38.49,16.21,10.24,0.0,1.42,22.65,98.0,34.76,-6.93,PNJ,29.39,76.96,semi_arid_subtropical,NASA_POWER_daily_ag,5.56,9.017,0.3633,dewpoint,346.2,34.604
2018-04-01,27.24,36.2,17.01,19.16,0.0,1.82,23.21,98.19,22.66,1.27,PNJ,29.39,76.96,semi_arid_subtropical,NASA_POWER_daily_ag,6.115,10.319,0.6696,dewpoint,326.2,34.775
2018-04-02,28.6,36.87,18.76,24.13,0.0,1.23,21.33,98.19,38.83,5.18,PNJ,29.39,76.96,semi_arid_subtropical,NASA_POWER_daily_ag,5.226,10.191,0.8833,dewpoint,326.2,34.943
2018-04-03,28.65,36.2,21.96,26.53,0.0,1.47,18.72,98.1,55.65,7.16,PNJ,29.39,76.96,semi_arid_subtropical,NASA_POWER_daily_ag,5.272,9.501,1.0129,dewpoint,335.6,35.11
2018-04-04,30.79,39.67,23.47,23.19,0.0,1.42,20.56,97.84,24.9,6.19,PNJ,29.39,76.96,semi_arid_subtropical,NASA_POWER_daily_ag,5.65,9.871,0.9475,dewpoint,363.1,35.274
2018-04-05,30.87,39.38,22.11,26.74,0.02,1.49,19.88,97.68,60.02,8.76,PNJ,29.39,76.96,semi_arid_subtropical,NASA_POWER_daily_ag,5.683,10.087,1.1296,dewpoint,380.0,35.437
2018-04-06,31.12,38.9,24.55,25.89,1.0,1.48,16.76,97.85,87.95,8.15,PNJ,29.39,76.96,semi_arid_subtropical,NASA_POWER_daily_ag,5.381,8.864,1.0838,dewpoint,362.0,35.597
2018-04-07,29.34,36.87,21.7,35.84,0.18,1.02,22.43,98.12,32.88,11.06,PNJ,29.39,76.96,semi_arid_subtropical,NASA_POWER_daily_ag,5.14,11.592,1.318,dewpoint,333.5,35.755
2018-04-08,29.55,37.46,21.57,36.34,0.38,2.17,22.36,98.18,27.7,11.9,PNJ,29.39,76.96,semi_arid_subtropical,NASA_POWER_daily_ag,6.526,11.722,1.3933,dewpoint,327.2,35.911
2018-04-09,29.18,36.09,22.36,40.1,5.54,1.47,16.49,98.22,62.81,13.52,PNJ,29.39,76.96,semi_arid_subtropical,NASA_POWER_daily_ag,4.892,9.522,1.5495,dewpoint,323.0,36.064
2018-04-10,28.4,36.56,20.36,42.95,1.58,1.59,18.0,98.07,71.7,13.36,PNJ,29.39,76.96,semi_arid_subtropical,NASA_POWER_daily_ag,5.104,10.216,1.5334,dewpoint,338.8,36.216
2018-04-11,28.41,35.92,22.68,43.52,3.74,1.19,12.15,98.04,77.19,13.41,PNJ,29.39,76.96,semi_arid_subtropical,NASA_POWER_daily_ag,3.932,7.672,1.5384,dewpoint,342.0,36.365
2018-04-12,26.84,34.51,19.95,40.31,0.14,1.33,24.5,98.09,43.22,10.62,PNJ,29.39,76.96,semi_arid_subtropical,NASA_POWER_daily_ag,5.499,12.702,1.2799,dewpoint,336.7,36.512
2018-04-13,26.75,35.76,18.07,27.94,0.0,2.22,26.32,98.12,36.64,4.2,PNJ,29.39,76.96,semi_arid_subtropical,NASA_POWER_daily_ag,6.883,12.347,0.8248,dewpoint,333.5,36.656
2018-04-14,29.06,38.23,19.58,24.13,0.0,2.57,23.22,97.97,30.86,5.31,PNJ,29.39,76.96,semi_arid_subtropical,NASA_POWER_daily_ag,7.417,11.265,0.8914,dewpoint,349.3,36.798
2018-04-15,30.5,39.66,21.03,25.95,0.0,2.09,24.7,97.9,32.49,7.49,PNJ,29.39,76.96,semi_arid_subtropical,NASA_POWER_daily_ag,7.125,12.059,1.0361,dewpoint,356.7,36.938
2018-04-16,31.72,40.48,24.67,25.11,0.0,1.33,18.98,97.94,68.75,8.19,PNJ,29.39,76.96,semi_arid_subtropical,NASA_POWER_daily_ag,5.538,9.916,1.0867,dewpoint,352.5,37.075
2018-04-17,31.61,40.19,23.19,26.61,0.42,2.57,23.64,98.06,51.91,8.52,PNJ,29.39,76.96,semi_arid_subtropical,NASA_POWER_daily_ag,7.83,11.791,1.1114,dewpoint,339.9,37.21
2018-04-18,31.51,39.45,23.66,27.07,0.0,4.06,26.14,98.02,10.26,8.82,PNJ,29.39,76.96,semi_arid_subtropical,NASA_POWER_daily_ag,9.834,12.848,1.1342,dewpoint,344.1,37.343
2018-04-19,32.01,40.24,23.9,21.32,0.0,2.64,22.32,97.66,52.29,6.14,PNJ,29.39,76.96,semi_arid_subtropical,NASA_POWER_daily_ag,7.994,10.986,0.9442,dewpoint,382.1,37.473
2018-04-20,31.28,40.83,23.26,19.73,0.23,4.36,21.68,97.51,76.0,4.62,PNJ,29.39,76.96,semi_arid_subtropical,NASA_POWER_daily_ag,10.057,10.587,0.8494,dewpoint,398.0,37.6
2018-04-21,27.49,35.86,18.88,21.26,0.0,2.98,23.25,98.01,52.94,1.72,PNJ,29.39,76.96,semi_arid_subtropical,NASA_POWER_daily_ag,7.839,11.171,0.6916,dewpoint,345.1,37.726
2018-04-22,27.14,35.99,18.28,21.08,0.0,3.39,27.95,98.1,22.51,1.49,PNJ,29.39,76.96,semi_arid_subtropical,NASA_POWER_daily_ag,8.642,12.816,0.6803,dewpoint,335.6,37.848
2018-04-23,28.85,38.72,19.08,18.18,0.0,3.3,27.15,97.98,27.46,0.54,PNJ,29.39,76.96,semi_arid_subtropical,NASA_POWER_daily_ag,8.925,12.224,0.6352,dewpoint,348.3,37.969
2018-04-24,30.95,41.78,20.22,14.12,0.0,2.74,27.47,97.82,26.21,-1.54,PNJ,29.39,76.96,semi_arid_subtropical,NASA_POWER_daily_ag,8.676,11.792,0.5456,dewpoint,365.2,38.086
2018-04-25,32.76,42.97,22.3,12.65,0.0,1.97,26.0,97.56,34.87,-0.98,PNJ,29.39,76.96,semi_arid_subtropical,NASA_POWER_daily_ag,7.588,11.293,0.5686,dewpoint,392.7,38.202
2018-04-26,34.68,43.12,26.12,11.49,0.0,1.0,24.27,97.43,48.73,-0.53,PNJ,29.39,76.96,semi_arid_subtropical,NASA_POWER_daily_ag,5.778,10.687,0.5876,dewpoint,406.4,38.315
2018-04-27,33.92,41.35,25.0,14.04,0.0,1.7,23.6,97.75,35.12,2.28,PNJ,29.39,76.96,semi_arid_subtropical,NASA_POWER_daily_ag,7.068,11.029,0.7199,dewpoint,372.6,38.425
2018-04-28,34.28,42.47,25.98,19.11,0.0,1.69,22.11,97.7,50.26,6.47,PNJ,29.39,76.96,semi_arid_subtropical,NASA_POWER_daily_ag,6.905,11.041,0.966,dewpoint,377.9,38.533
2018-04-29,34.36,43.18,25.14,19.88,0.37,2.13,22.53,97.45,25.77,6.12,PNJ,29.39,76.96,semi_arid_subtropical,NASA_POWER_daily_ag,7.713,11.173,0.9429,dewpoint,404.3,38.639
2018-04-30,34.55,42.68,25.84,17.03,0.17,1.55,25.12,97.31,23.89,4.87,PNJ,29.39,76.96,semi_arid_subtropical,NASA_POWER_daily_ag,7.036,11.919,0.8644,dewpoint,419.1,38.742
2018-05-01,34.57,43.15,25.37,20.09,0.03,2.28,24.66,97.56,18.28,6.94,PNJ,29.39,76.96,semi_arid_subtropical,NASA_POWER_daily_ag,8.219,12.109,0.9977,dewpoint,392.7,38.842
2018-05-02,33.13,40.95,24.94,25.07,3.03,1.98,15.26,97.71,77.87,9.8,PNJ,29.39,76.96,semi_arid_subtropical,NASA_POWER_daily_ag,6.355,8.951,1.2116,dewpoint,376.8,38.941
2018-05-03,32.99,39.07,26.12,30.84,0.09,2.66,22.55,97.77,76.26,12.89,PNJ,29.39,76.96,semi_arid_subtropical,NASA_POWER_daily_ag,7.959,12.42,1.487,dewpoint,370.5,39.036
2018-05-04,32.92,39.37,26.31,35.94,0.19,2.3,23.77,97.83,52.16,14.99,PNJ,29.39,76.96,semi_arid_subtropical,NASA_POWER_daily_ag,7.515,13.335,1.7042,dewpoint,364.1,39.13
2018-05-05,34.14,41.27,26.68,26.23,0.12,1.21,24.31,97.76,26.73,10.89,PNJ,29.39,76.96,semi_arid_subtropical,NASA_POWER_daily_ag,6.381,12.765,1.3031,dewpoint,371.5,39.221
2018-05-06,33.85,41.85,26.62,22.15,0.15,2.13,22.08,97.78,73.41,8.07,PNJ,29.39,76.96,semi_arid_subtropical,NASA_POWER_daily_ag,7.575,11.432,1.0779,dewpoint,369.4,39.309
2018-05-07,33.19,40.36,25.61,23.37,0.53,2.39,23.72,97.65,62.45,8.75,PNJ,29.39,76.96,semi_arid_subtropical,NASA_POWER_daily_ag,8.031,12.29,1.1288,dewpoint,383.1,39.395
2018-05-08,29.8,38.49,23.91,35.7,4.5,2.98,22.7,97.7,60.25,12.03,PNJ,29.39,76.96,semi_arid_subtropical,NASA_POWER_daily_ag,7.629,12.522,1.4053,dewpoint,377.9,39.479
2018-05-09,30.35,37.89,23.33,32.83,0.14,2.0,21.73,97.89,42.1,11.19,PNJ,29.39,76.96,semi_arid_subtropical,NASA_POWER_daily_ag,6.648,12.024,1.3294,dewpoint,357.8,39.561
2018-05-10,32.05,39.95,23.76,27.14,0.0,1.75,25.86,97.96,12.9,9.61,PNJ,29.39,76.96,semi_arid_subtropical,NASA_POWER_daily_ag,7.174,13.434,1.1962,dewpoint,350.4,39.64
2018-05-11,34.23,43.34,24.84,22.08,0.0,1.94,25.98,97.67,11.61,8.08,PNJ,29.39,76.96,semi_arid_subtropical,NASA_POWER_daily_ag,7.815,13.032,1.0786,dewpoint,381.0,39.717
2018-05-12,36.5,44.91,28.11,20.91,0.0,1.36,19.54,97.6,66.87,9.44,PNJ,29.39,76.96,semi_arid_subtropical,NASA_POWER_daily_ag,6.31,10.583,1.1826,dewpoint,388.4,39.791
2018-05-13,35.99,43.5,29.64,22.47,1.89,1.47,22.98,97.59,68.58,10.52,PNJ,29.39,76.96,semi_arid_subtropical,NASA_POWER_daily_ag,6.87,12.114,1.2714,dewpoint,389.5,39.863
2018-05-14,31.84,39.97,24.1,28.98,1.27,1.76,20.36,97.75,82.58,10.21,PNJ,29.39,76.96,semi_arid_subtropical,NASA_POWER_daily_ag,6.476,11.292,1.2454,dewpoint,372.6,39.933
2018-05-15,33.57,41.11,25.48,24.97,0.01,1.48,19.97,97.62,87.2,9.71,PNJ,29.39,76.96,semi_arid_subtropical,NASA_POWER_daily_ag,6.264,11.012,1.2043,dewpoint,386.3,40.001
2018-05-16,33.05,39.9,26.73,30.1,5.45,3.0,22.32,97.49,64.43,12.57,PNJ,29.39,76.96,semi_arid_subtropical,NASA_POWER_daily_ag,8.424,12.422,1.4562,dewpoint,400.1,40.067
2018-05-17,34.43,42.53,24.72,23.55,0.0,2.64,22.31,97.51,91.1,8.48,PNJ,29.39,76.96,semi_arid_subtropical,NASA_POWER_daily_ag,8.533,11.796,1.1083,dewpoint,398.0,40.13
2018-05-18,34.1,41.33,27.41,23.82,0.0,2.31,21.42,97.47,68.94,9.71,PNJ,29.39,76.96,semi_arid_subtropical,NASA_POWER_daily_ag,7.802,11.582,1.2043,dewpoint,402.2,40.191
2018-05-19,34.69,42.12,27.65,24.59,0.02,1.86,24.33,97.46,50.29,10.27,PNJ,29.39,76.96,semi_arid_subtropical,NASA_POWER_daily_ag,7.551,12.831,1.2504,dewpoint,403.2,40.25
2018-05-20,34.94,42.89,27.07,17.3,0.0,3.16,21.4,97.61,81.32,5.3,PNJ,29.39,76.96,semi_arid_subtropical,NASA_POWER_daily_ag,9.48,10.981,0.8907,dewpoint,387.4,40.307
2018-05-21,35.26,43.31,26.16,14.54,0.0,3.31,26.66,97.64,59.99,3.39,PNJ,29.39,76.96,semi_arid_subtropical,NASA_POWER_daily_ag,10.402,12.606,0.779,dewpoint,384.2,40.361
2018-05-22,36.58,45.11,27.34,13.84,0.0,3.05,25.27,97.53,45.98,4.06,PNJ,29.39,76.96,semi_arid_subtropical,NASA_POWER_daily_ag,10.084,12.097,0.8167,dewpoint,395.8,40.414
2018-05-23,37.22,45.37,28.95,13.77,0.0,3.02,24.51,97.41,57.27,4.24,PNJ,29.39,76.96,semi_arid_subtropical,NASA_POWER_daily_ag,10.065,11.798,0.8271,dewpoint,408.5,40.464
2018-05-24,36.26,44.66,27.99,9.04,0.01,3.12,26.58,97.35,51.61,-2.15,PNJ,29.39,76.96,semi_arid_subtropical,NASA_POWER_daily_ag,10.364,11.638,0.5216,dewpoint,414.9,40.513
2018-05-25,36.39,45.76,25.9,9.79,0.0,2.51,28.0,97.32,36.26,-1.34,PNJ,29.39,76.96,semi_arid_subtropical,NASA_POWER_daily_ag,9.435,12.239,0.5537,dewpoint,418.1,40.559
2018-05-26,36.82,45.93,26.83,9.24,0.0,2.3,27.51,97.26,36.26,-1.54,PNJ,29.39,76.96,semi_arid_subtropical,NASA_POWER_daily_ag,9.052,12.016,0.5456,dewpoint,424.4,40.603
2018-05-27,37.5,45.69,30.61,7.32,0.0,1.93,24.86,97.21,57.93,-3.87,PNJ,29.39,76.96,semi_arid_subtropical,NASA_POWER_daily_ag,8.106,10.775,0.4587,dewpoint,429.8,40.645
2018-05-28,37.1,45.28,27.72,10.82,0.02,2.16,25.01,96.98,27.27,1.05,PNJ,29.39,76.96,semi_arid_subtropical,NASA_POWER_daily_ag,8.599,11.637,0.6591,dewpoint,454.2,40.686
2018-05-29,38.13,46.26,30.37,10.52,0.0,1.55,26.23,96.92,37.87,1.11,PNJ,29.39,76.96,semi_arid_subtropical,NASA_POWER_daily_ag,7.588,11.867,0.6619,dewpoint,460.6,40.724
2018-05-30,35.98,43.57,28.37,19.21,0.02,3.32,23.61,97.14,69.4,8.28,PNJ,29.39,76.96,semi_arid_subtropical,NASA_POWER_daily_ag,10.046,12.258,1.0934,dewpoint,437.2,40.76
2018-05-31,37.43,44.12,29.54,25.42,0.0,2.14,23.88,97.3,28.38,13.54,PNJ,29.39,76.96,semi_arid_subtropical,NASA_POWER_daily_ag,8.319,13.182,1.5515,dewpoint,420.2,40.794
2018-06-01,37.59,44.82,30.61,21.95,0.42,2.39,24.5,97.36,41.57,11.16,PNJ,29.39,76.96,semi_arid_subtropical,NASA_POWER_daily_ag,8.895,12.966,1.3267,dewpoint,413.8,40.827
2018-06-02,32.84,39.44,26.18,47.64,13.78,2.4,24.07,97.5,67.96,19.14,PNJ,29.39,76.96,semi_arid_subtropical,NASA_POWER_daily_ag,7.372,14.57,2.2167,dewpoint,399.0,40.857
2018-06-03,34.16,40.92,26.83,37.69,0.0,1.96,25.34,97.26,38.68,16.37,PNJ,29.39,76.96,semi_arid_subtropical,NASA_POWER_daily_ag,7.584,14.608,1.8617,dewpoint,424.4,40.886
2018-06-04,35.37,42.01,28.06,36.94,0.0,2.95,24.03,97.24,51.56,17.8,PNJ,29.39,76.96,semi_arid_subtropical,NASA_POWER_daily_ag,8.726,14.18,2.0382,dewpoint,426.6,40.913
2018-06-05,36.75,42.77,30.29,37.33,1.19,2.87,23.54,97.4,46.49,19.26,PNJ,29.39,76.96,semi_arid_subtropical,NASA_POWER_daily_ag,8.773,14.142,2.2333,dewpoint,409.6,40.938
2018-06-06,33.97,39.35,28.42,54.57,44.9,1.71,18.1,97.56,62.77,22.87,PNJ,29.39,76.96,semi_arid_subtropical,NASA_POWER_daily_ag,5.668,11.909,2.7874,dewpoint,392.7,40.961
2018-06-07,35.17,40.89,29.33,47.65,0.07,1.31,24.24,97.16,36.25,21.69,PNJ,29.39,76.96,semi_arid_subtropical,NASA_POWER_daily_ag,6.618,15.096,2.5944,dewpoint,435.1,40.982
2018-06-08,35.99,42.28,29.7,41.02,0.61,2.56,21.97,96.85,46.14,19.8,PNJ,29.39,76.96,semi_arid_subtropical,NASA_POWER_daily_ag,7.918,13.474,2.3095,dewpoint,468.0,41.001
2018-06-09,34.29,39.49,29.71,53.37,7.82,2.6,14.69,96.79,81.01,22.89,PNJ,29.39,76.96,semi_arid_subtropical,NASA_POWER_daily_ag,5.938,9.972,2.7908,dewpoint,474.4,41.019
2018-06-10,33.32,38.73,28.53,57.83,13.54,1.43,21.18,96.83,70.53,23.18,PNJ,29.39,76.96,semi_arid_subtropical,NASA_POWER_daily_ag,5.817,13.739,2.8402,dewpoint,470.1,41.034
2018-06-11,35.03,41.19,29.06,45.48,0.03,3.36,23.84,96.67,71.44,20.61,PNJ,29.39,76.96,semi_arid_subtropical,NASA_POWER_daily_ag,8.653,14.668,2.428,dewpoint,487.2,41.048
2018-06-12,36.45,44.31,28.32,33.68,0.0,3.28,24.67,96.4,69.07,16.47,PNJ,29.39,76.96,semi_arid_subtropical,NASA_POWER_daily_ag,9.617,14.194,1.8736,dewpoint,516.0,41.061
2018-06-13,36.27,42.85,28.53,34.12,0.0,4.66,19.17,96.41,79.98,17.37,PNJ,29.39,76.96,semi_arid_subtropical,NASA_POWER_daily_ag,10.273,11.701,1.9836,dewpoint,514.9,41.071
2018-06-14,35.39,41.66,30.4,36.4,3.05,4.8,17.95,96.59,97.89,17.91,PNJ,29.39,76.96,semi_arid_subtropical,NASA_POWER_daily_ag,9.808,11.153,2.0523,dewpoint,495.7,41.08
2018-06-15,34.88,39.72,30.34,39.92,0.06,3.46,16.0,96.81,99.54,19.0,PNJ,29.39,76.96,semi_arid_subtropical,NASA_POWER_daily_ag,7.807,10.312,2.1974,dewpoint,472.3,41.087
2018-06-16,34.25,39.25,29.96,47.22,5.43,3.1,16.63,97.04,98.6,20.83,PNJ,29.39,76.96,semi_arid_subtropical,NASA_POWER_daily_ag,7.043,10.844,2.4612,dewpoint,447.8,41.092
2018-06-17,32.74,37.31,28.9,53.04,4.47,2.18,13.79,97.19,85.01,21.5,PNJ,29.39,76.96,semi_arid_subtropical,NASA_POWER_daily_ag,5.264,9.382,2.5644,dewpoint,431.9,41.095
2018-06-18,32.82,39.15,26.89,46.81,0.04,2.83,15.93,97.22,75.05,19.02,PNJ,29.39,76.96,semi_arid_subtropical,NASA_POWER_daily_ag,6.579,10.324,2.2001,dewpoint,428.7,41.097
2018-06-19,33.35,39.95,26.63,47.14,0.0,2.82,25.06,97.21,20.08,19.54,PNJ,29.39,76.96,semi_arid_subtropical,NASA_POWER_daily_ag,7.998,15.185,2.2725,dewpoint,429.8,41.097
2018-06-20,35.31,41.45,28.8,42.54,0.08,1.46,25.43,97.28,34.2,19.75,PNJ,29.39,76.96,semi_arid_subtropical,NASA_POWER_daily_ag,7.07,15.325,2.3023,dewpoint,422.3,41.095
2018-06-21,35.79,42.2,29.32,40.51,0.0,2.09,23.1,97.24,53.74,19.33,PNJ,29.39,76.96,semi_arid_subtropical,NASA_POWER_daily_ag,7.551,13.992,2.243,dewpoint,426.6,41.092
2018-06-22,36.71,43.28,29.28,33.98,0.0,1.4,26.31,97.13,54.28,17.21,PNJ,29.39,76.96,semi_arid_subtropical,NASA_POWER_daily_ag,7.375,15.14,1.9637,dewpoint,438.2,41.086
2018-06-23,36.49,43.65,29.37,35.5,0.93,2.71,22.43,97.07,75.78,17.5,PNJ,29.39,76.96,semi_arid_subtropical,NASA_POWER_daily_ag,8.51,13.28,2.0,dewpoint,444.6,41.079
2018-06-24,35.93,42.99,28.68,33.09,0.01,2.75,25.09,97.04,62.27,15.95,PNJ,29.39,76.96,semi_arid_subtropical,NASA_POWER_daily_ag,8.939,14.315,1.8125,dewpoint,447.8,41.071
2018-06-25,36.57,44.19,28.5,34.73,1.76,2.71,24.37,96.8,67.55,17.4,PNJ,29.39,76.96,semi_arid_subtropical,NASA_POWER_daily_ag,8.819,14.223,1.9874,dewpoint,473.3,41.06
2018-06-26,32.63,38.13,28.73,53.38,10.93,3.26,15.34,96.86,87.38,21.51,PNJ,29.39,76.96,semi_arid_subtropical,NASA_POWER_daily_ag,6.337,10.233,2.566,dewpoint,466.9,41.048
2018-06-27,32.08,36.39,27.81,54.96,3.54,1.59,9.58,97.13,97.03,21.43,PNJ,29.39,76.96,semi_arid_subtropical,NASA_POWER_daily_ag,3.926,7.053,2.5535,dewpoint,438.2,41.035
2018-06-28,30.77,34.97,27.43,69.63,15.01,3.28,15.39,97.27,93.64,24.24,PNJ,29.39,76.96,semi_arid_subtropical,NASA_POWER_daily_ag,5.065,10.56,3.0272,dewpoint,423.4,41.019
2018-06-29,32.67,38.79,27.0,57.29,4.28,3.37,16.54,97.22,86.29,22.43,PNJ,29.39,76.96,semi_arid_subtropical,NASA_POWER_daily_ag,6.419,11.001,2.714,dewpoint,428.7,41.002
2018-06-30,32.85,37.31,28.67,56.77,4.9,1.55,20.47,97.25,70.23,22.77,PNJ,29.39,76.96,semi_arid_subtropical,NASA_POWER_daily_ag,5.731,13.276,2.7706,dewpoint,425.5,40.983
2018-07-01,33.62,38.59,28.71,55.96,3.19,3.01,20.48,97.08,83.89,23.15,PNJ,29.39,76.96,semi_arid_subtropical,NASA_POWER_daily_ag,6.962,13.322,2.835,dewpoint,443.6,40.962
2018-07-02,33.8,39.17,28.45,61.13,13.97,3.32,19.75,96.83,96.78,24.62,PNJ,29.39,76.96,semi_arid_subtropical,NASA_POWER_daily_ag,6.805,13.135,3.0968,dewpoint,470.1,40.94
2018-07-03,32.76,36.67,28.54,59.84,4.24,1.94,18.59,96.9,79.38,23.49,PNJ,29.39,76.96,semi_arid_subtropical,NASA_POWER_daily_ag,5.605,12.314,2.8938,dewpoint,462.7,40.916
2018-07-04,30.86,35.26,28.35,68.61,22.39,2.35,18.27,96.99,80.86,24.13,PNJ,29.39,76.96,semi_arid_subtropical,NASA_POWER_daily_ag,5.185,12.233,3.0073,dewpoint,453.1,40.89
2018-07-05,32.18,37.4,26.94,58.62,1.47,2.25,19.43,97.14,84.35,22.51,PNJ,29.39,76.96,semi_arid_subtropical,NASA_POWER_daily_ag,5.946,12.657,2.7272,dewpoint,437.2,40.862
2018-07-06,32.39,38.36,26.53,54.52,0.0,2.23,23.23,97.15,57.75,21.39,PNJ,29.39,76.96,semi_arid_subtropical,NASA_POWER_daily_ag,6.739,14.578,2.5472,dewpoint,436.1,40.833
2018-07-07,33.11,39.57,26.9,49.36,0.02,2.3,24.32,97.05,15.63,20.27,PNJ,29.39,76.96,semi_arid_subtropical,NASA_POWER_daily_ag,7.265,14.907,2.3776,dewpoint,446.7,40.801
2018-07-08,34.23,40.58,27.24,45.83,0.38,1.82,24.51,96.97,19.23,20.14,PNJ,29.39,76.96,semi_arid_subtropical,NASA_POWER_daily_ag,7.1,14.943,2.3586,dewpoint,455.2,40.768
2018-07-09,35.05,40.61,29.05,48.66,0.78,1.34,20.41,96.94,65.1,21.95,PNJ,29.39,76.96,semi_arid_subtropical,NASA_POWER_daily_ag,5.952,13.02,2.6359,dewpoint,458.4,40.733
2018-07-10,34.35,39.68,29.25,57.7,6.18,1.78,20.98,96.99,34.66,24.08,PNJ,29.39,76.96,semi_arid_subtropical,NASA_POWER_daily_ag,6.181,13.722,2.9983,dewpoint,453.1,40.697
2018-07-11,32.64,37.13,28.61,62.38,13.46,1.7,17.82,96.95,86.54,24.11,PNJ,29.39,76.96,semi_arid_subtropical,NASA_POWER_daily_ag,5.198,11.921,3.0037,dewpoint,457.4,40.658
2018-07-12,33.39,38.4,28.41,61.59,3.27,1.28,18.92,96.86,93.08,24.35,PNJ,29.39,76.96,semi_arid_subtropical,NASA_POWER_daily_ag,5.22,12.585,3.0472,dewpoint,466.9,40.618
2018-07-13,28.9,30.13,27.3,81.16,15.98,1.33,9.47,97.05,98.5,25.33,PNJ,29.39,76.96,semi_arid_subtropical,NASA_POWER_daily_ag,2.64,7.057,3.2306,dewpoint,446.7,40.576
2018-07-14,29.37,33.2,26.34,80.3,16.36,1.34,20.32,97.02,79.49,25.43,PNJ,29.39,76.96,semi_arid_subtropical,NASA_POWER_daily_ag,4.651,13.685,3.2498,dewpoint,449.9,40.532
2018-07-15,29.46,32.49,26.34,78.88,3.99,1.84,22.02,97.03,78.27,25.29,PNJ,29.39,76.96,semi_arid_subtropical,NASA_POWER_daily_ag,5.079,14.704,3.2229,dewpoint,448.9,40.486
2018-07-16,30.11,33.39,26.83,78.56,8.03,1.75,9.34,97.08,99.17,25.83,PNJ,29.39,76.96,semi_arid_subtropical,NASA_POWER_daily_ag,2.913,6.978,3.3278,dewpoint,443.6,40.438
2018-07-17,30.27,34.41,27.2,77.35,30.95,1.48,12.69,97.11,97.02,25.62,PNJ,29.39,76.96,semi_arid_subtropical,NASA_POWER_daily_ag,3.484,9.017,3.2867,dewpoint,440.4,40.389
2018-07-18,31.02,35.99,26.39,71.42,1.88,1.56,12.57,97.18,95.37,24.79,PNJ,29.39,76.96,semi_arid_subtropical,NASA_POWER_daily_ag,3.766,8.883,3.1284,dewpoint,432.9,40.337
2018-07-19,30.73,34.03,26.84,75.68,6.45,0.85,20.39,97.15,88.94,25.67,PNJ,29.39,76.96,semi_arid_subtropical,NASA_POWER_daily_ag,4.759,13.731,3.2964,dewpoint,436.1,40.283
2018-07-20,30.77,34.16,27.42,75.37,10.77,0.61,11.29,97.05,98.99,25.68,PNJ,29.39,76.96,semi_arid_subtropical,NASA_POWER_daily_ag,2.945,8.157,3.2984,dewpoint,446.7,40.228
2018-07-21,30.55,34.59,27.27,76.73,11.17,0.83,14.33,97.03,97.15,25.73,PNJ,29.39,76.96,semi_arid_subtropical,NASA_POWER_daily_ag,3.581,10.015,3.3082,dewpoint,448.9,40.171
2018-07-22,28.48,30.69,26.68,85.84,14.14,1.98,8.92,97.16,98.8,25.82,PNJ,29.39,76.96,semi_arid_subtropical,NASA_POWER_daily_ag,2.493,6.711,3.3258,dewpoint,435.1,40.111
2018-07-23,29.97,33.89,25.76,77.52,8.1,0.92,16.93,97.12,89.34,25.33,PNJ,29.39,76.96,semi_arid_subtropical,NASA_POWER_daily_ag,4.04,11.566,3.2306,dewpoint,439.3,40.05
2018-07-24,30.62,34.28,27.3,76.47,17.23,1.14,21.93,97.18,67.32,25.79,PNJ,29.39,76.96,semi_arid_subtropical,NASA_POWER_daily_ag,5.097,14.66,3.3199,dewpoint,432.9,39.986
2018-07-25,30.3,33.92,27.18,80.25,6.65,1.57,11.04,97.05,99.0,26.34,PNJ,29.39,76.96,semi_arid_subtropical,NASA_POWER_daily_ag,3.108,8.022,3.4296,dewpoint,446.7,39.921
2018-07-26,27.43,29.15,25.95,88.24,22.2,1.38,9.53,97.15,99.56,25.28,PNJ,29.39,76.96,semi_arid_subtropical,NASA_POWER_daily_ag,2.374,7.07,3.221,dewpoint,436.1,39.853
2018-07-27,28.01,31.06,25.72,86.12,65.47,0.37,11.16,97.07,99.59,25.39,PNJ,29.39,76.96,semi_arid_subtropical,NASA_POWER_daily_ag,2.625,8.062,3.2421,dewpoint,444.6,39.784
2018-07-28,28.7,32.46,25.05,84.6,37.46,1.54,15.48,97.09,93.88,25.71,PNJ,29.39,76.96,semi_arid_subtropical,NASA_POWER_daily_ag,3.631,10.722,3.3042,dewpoint,442.5,39.712
2018-07-29,29.53,33.55,25.63,79.01,3.88,1.93,20.79,97.12,61.99,25.27,PNJ,29.39,76.96,semi_arid_subtropical,NASA_POWER_daily_ag,4.884,13.873,3.2191,dewpoint,439.3,39.638
2018-07-30,29.39,33.11,25.61,79.66,2.61,2.16,20.36,97.08,83.01,25.37,PNJ,29.39,76.96,semi_arid_subtropical,NASA_POWER_daily_ag,4.796,13.63,3.2383,dewpoint,443.6,39.562
2018-07-31,29.95,34.53,26.06,75.63,3.64,2.19,22.38,97.0,54.03,24.89,PNJ,29.39,76.96,semi_arid_subtropical,NASA_POWER_daily_ag,5.384,14.722,3.1471,dewpoint,452.1,39.484
2018-08-01,29.28,34.46,24.12,75.74,1.26,1.92,23.15,97.05,56.13,24.22,PNJ,29.39,76.96,semi_arid_subtropical,NASA_POWER_daily_ag,5.359,15.067,3.0235,dewpoint,446.7,39.404
2018-08-02,29.27,34.35,24.4,74.67,0.41,2.46,20.3,97.15,61.59,24.02,PNJ,29.39,76.96,semi_arid_subtropical,NASA_POWER_daily_ag,5.063,13.338,2.9875,dewpoint,436.1,39.322
2018-08-03,29.08,34.44,23.79,73.51,6.24,2.41,20.37,97.22,72.67,23.53,PNJ,29.39,76.96,semi_arid_subtropical,NASA_POWER_daily_ag,5.091,13.295,2.9008,dewpoint,428.7,39.237
2018-08-04,28.83,33.57,24.92,76.44,10.14,1.76,19.39,97.17,67.82,24.05,PNJ,29.39,76.96,semi_arid_subtropical,NASA_POWER_daily_ag,4.593,12.797,2.9929,dewpoint,434.0,39.15
2018-08-05,28.15,32.21,24.73,79.53,8.09,1.63,16.93,97.19,97.11,24.13,PNJ,29.39,76.96,semi_arid_subtropical,NASA_POWER_daily_ag,3.981,11.372,3.0073,dewpoint,431.9,39.062
2018-08-06,26.51,29.26,24.59,84.32,8.46,1.34,7.09,97.25,99.28,23.54,PNJ,29.39,76.96,semi_arid_subtropical,NASA_POWER_daily_ag,2.044,5.565,2.9025,dewpoint,425.5,38.97
2018-08-07,27.36,30.52,24.08,82.25,11.85,1.29,8.58,97.28,99.61,23.97,PNJ,29.39,76.96,semi_arid_subtropical,NASA_POWER_daily_ag,2.37,6.438,2.9785,dewpoint,422.3,38.877
2018-08-08,28.49,31.68,24.94,81.87,11.22,1.85,17.05,97.37,91.32,24.98,PNJ,29.39,76.96,semi_arid_subtropical,NASA_POWER_daily_ag,3.99,11.533,3.164,dewpoint,412.8,38.782
2018-08-09,29.6,32.97,25.57,77.71,1.59,0.89,21.87,97.56,57.53,25.16,PNJ,29.39,76.96,semi_arid_subtropical,NASA_POWER_daily_ag,4.849,14.422,3.1981,dewpoint,392.7,38.684
2018-08-10,30.22,33.85,26.0,76.31,2.62,1.12,21.84,97.41,47.9,25.41,PNJ,29.39,76.96,semi_arid_subtropical,NASA_POWER_daily_ag,4.991,14.425,3.246,dewpoint,408.5,38.584
2018-08-11,30.03,34.26,25.92,78.44,4.12,2.07,19.24,97.02,81.38,25.65,PNJ,29.39,76.96,semi_arid_subtropical,NASA_POWER_daily_ag,4.699,12.89,3.2925,dewpoint,449.9,38.481
2018-08-12,29.74,34.01,25.6,74.67,7.15,1.78,15.94,96.83,98.12,24.5,PNJ,29.39,76.96,semi_arid_subtropical,NASA_POWER_daily_ag,4.165,10.756,3.0746,dewpoint,470.1,38.377
2018-08-13,28.07,30.47,25.21,80.75,9.84,1.14,14.19,97.06,96.39,24.33,PNJ,29.39,76.96,semi_arid_subtropical,NASA_POWER_daily_ag,3.358,9.733,3.0435,dewpoint,445.7,38.27
2018-08-14,29.19,32.11,25.81,76.69,1.27,0.97,19.51,97.16,64.03,24.56,PNJ,29.39,76.96,semi_arid_subtropical,NASA_POWER_daily_ag,4.403,12.87,3.0857,dewpoint,435.1,38.161
2018-08-15,30.12,34.17,26.29,75.93,2.36,0.74,16.51,97.32,78.12,25.14,PNJ,29.39,76.96,semi_arid_subtropical,NASA_POWER_daily_ag,3.884,11.136,3.1943,dewpoint,418.1,38.049
2018-08-16,29.26,32.76,25.73,79.81,0.2,0.66,21.98,97.49,67.42,25.22,PNJ,29.39,76.96,semi_arid_subtropical,NASA_POWER_daily_ag,4.746,14.429,3.2095,dewpoint,400.1,37.935
2018-08-17,29.38,32.97,25.66,80.47,4.2,1.24,15.87,97.27,65.05,25.53,PNJ,29.39,76.96,semi_arid_subtropical,NASA_POWER_daily_ag,3.773,10.804,3.2692,dewpoint,423.4,37.819
2018-08-18,29.73,33.01,26.1,79.31,3.34,0.89,15.27,97.2,76.26,25.59,PNJ,29.39,76.96,semi_arid_subtropical,NASA_POWER_daily_ag,3.626,10.438,3.2808,dewpoint,430.8,37.701
2018-08-19,29.59,32.45,26.47,78.63,5.44,1.12,17.38,97.14,90.78,25.37,PNJ,29.39,76.96,semi_arid_subtropical,NASA_POWER_daily_ag,4.06,11.669,3.2383,dewpoint,437.2,37.58
2018-08-20,29.7,33.94,25.92,77.67,1.46,0.76,16.99,97.33,96.4,25.15,PNJ,29.39,76.96,semi_arid_subtropical,NASA_POWER_daily_ag,3.91,11.382,3.1962,dewpoint,417.0,37.457
2018-08-21,28.78,31.93,25.87,84.76,3.58,1.59,20.1,97.36,60.58,25.85,PNJ,29.39,76.96,semi_arid_subtropical,NASA_POWER_daily_ag,4.384,13.378,3.3317,dewpoint,413.8,37.332
2018-08-22,29.31,33.14,25.8,81.47,6.39,1.5,9.97,97.26,93.42,25.6,PNJ,29.39,76.96,semi_arid_subtropical,NASA_POWER_daily_ag,2.773,7.226,3.2828,dewpoint,424.4,37.205
2018-08-23,28.26,31.77,25.15,84.26,6.92,1.51,11.35,97.27,98.45,25.25,PNJ,29.39,76.96,semi_arid_subtropical,NASA_POWER_daily_ag,2.844,8.035,3.2153,dewpoint,423.4,37.075
2018-08-24,29.33,34.66,25.22,78.08,11.69,1.82,19.75,97.23,79.18,24.86,PNJ,29.39,76.96,semi_arid_subtropical,NASA_POWER_daily_ag,4.618,12.918,3.1415,dewpoint,427.6,36.943
2018-08-25,29.37,34.54,24.7,74.71,1.18,2.29,18.78,97.15,94.38,24.12,PNJ,29.39,76.96,semi_arid_subtropical,NASA_POWER_daily_ag,4.717,12.221,3.0055,dewpoint,436.1,36.809
2018-08-26,29.01,33.72,23.86,74.38,2.79,1.42,20.08,97.19,83.91,23.71,PNJ,29.39,76.96,semi_arid_subtropical,NASA_POWER_daily_ag,4.623,12.906,2.9324,dewpoint,431.9,36.672
2018-08-27,29.78,32.91,26.33,74.11,10.14,0.84,17.55,97.32,89.68,24.53,PNJ,29.39,76.96,semi_arid_subtropical,NASA_POWER_daily_ag,4.055,11.549,3.0802,dewpoint,418.1,36.533
2018-08-28,27.64,29.99,25.75,84.82,15.72,0.85,8.78,97.47,98.58,24.78,PNJ,29.39,76.96,semi_arid_subtropical,NASA_POWER_daily_ag,2.218,6.464,3.1265,dewpoint,402.2,36.392
2018-08-29,28.08,31.72,25.49,84.0,10.46,0.87,15.6,97.55,90.81,24.93,PNJ,29.39,76.96,semi_arid_subtropical,NASA_POWER_daily_ag,3.448,10.464,3.1546,dewpoint,393.7,36.249
2018-08-30,29.15,33.41,24.65,76.81,3.66,1.01,17.06,97.32,65.46,24.35,PNJ,29.39,76.96,semi_arid_subtropical,NASA_POWER_daily_ag,3.937,11.214,3.0472,dewpoint,418.1,36.104
2018-08-31,29.09,34.31,24.34,74.88,0.8,1.64,14.15,97.32,88.65,23.85,PNJ,29.39,76.96,semi_arid_subtropical,NASA_POWER_daily_ag,3.708,9.465,2.9572,dewpoint,418.1,35.956
2018-09-01,27.75,30.66,24.94,82.55,10.49,1.18,13.74,97.57,89.76,24.36,PNJ,29.39,76.96,semi_arid_subtropical,NASA_POWER_daily_ag,3.177,9.297,3.049,dewpoint,391.6,35.807
2018-09-02,27.26,30.09,24.76,83.66,16.42,1.08,5.54,97.59,99.68,24.12,PNJ,29.39,76.96,semi_arid_subtropical,NASA_POWER_daily_ag,1.738,4.551,3.0055,dewpoint,389.5,35.655
2018-09-03,27.23,30.1,24.37,82.66,28.95,0.66,13.4,97.61,95.85,23.89,PNJ,29.39,76.96,semi_arid_subtropical,NASA_POWER_daily_ag,2.969,9.043,2.9643,dewpoint,387.4,35.501
2018-09-04,27.69,30.77,24.66,80.25,4.91,0.8,14.62,97.64,94.52,23.83,PNJ,29.39,76.96,semi_arid_subtropical,NASA_POWER_daily_ag,3.263,9.711,2.9536,dewpoint,384.2,35.345
2018-09-05,27.93,31.52,24.59,79.94,2.95,1.24,14.5,97.53,86.29,23.98,PNJ,29.39,76.96,semi_arid_subtropical,NASA_POWER_daily_ag,3.375,9.64,2.9803,dewpoint,395.8,35.187
2018-09-06,28.51,33.0,24.2,74.8,4.04,1.08,18.1,97.48,76.19,23.32,PNJ,29.39,76.96,semi_arid_subtropical,NASA_POWER_daily_ag,4.067,11.544,2.8643,dewpoint,401.1,35.027
2018-09-07,27.62,30.7,24.47,86.63,7.4,1.01,18.4,97.68,82.12,25.15,PNJ,29.39,76.96,semi_arid_subtropical,NASA_POWER_daily_ag,3.823,12.042,3.1962,dewpoint,380.0,34.865
2018-09-08,28.42,31.75,25.17,77.72,11.8,0.92,16.49,97.78,83.99,23.84,PNJ,29.39,76.96,semi_arid_subtropical,NASA_POWER_daily_ag,3.691,10.693,2.9554,dewpoint,369.4,34.701
2018-09-09,27.08,30.81,24.26,86.92,1.5,2.2,20.8,97.85,25.12,24.59,PNJ,29.39,76.96,semi_arid_subtropical,NASA_POWER_daily_ag,4.169,13.291,3.0912,dewpoint,362.0,34.535
2018-09-10,27.65,31.31,23.71,84.03,0.43,0.86,20.86,97.95,18.31,24.53,PNJ,29.39,76.96,semi_arid_subtropical,NASA_POWER_daily_ag,4.251,13.292,3.0802,dewpoint,351.5,34.368
2018-09-11,28.24,32.43,24.54,79.71,4.78,1.08,19.36,97.87,21.08,24.2,PNJ,29.39,76.96,semi_arid_subtropical,NASA_POWER_daily_ag,4.139,12.316,3.0199,dewpoint,359.9,34.198
2018-09-12,27.93,33.32,23.76,77.64,7.73,2.21,19.04,97.59,30.39,23.43,PNJ,29.39,76.96,semi_arid_subtropical,NASA_POWER_daily_ag,4.352,11.969,2.8833,dewpoint,389.5,34.027
2018-09-13,27.47,32.71,22.34,72.75,2.66,1.81,21.13,97.59,5.01,21.86,PNJ,29.39,76.96,semi_arid_subtropical,NASA_POWER_daily_ag,4.658,12.803,2.6215,dewpoint,389.5,33.854
2018-09-14,27.1,32.0,21.31,70.64,0.06,1.47,21.66,97.84,4.23,21.03,PNJ,29.39,76.96,semi_arid_subtropical,NASA_POWER_daily_ag,4.619,12.916,2.4916,dewpoint,363.1,33.68
2018-09-15,26.93,32.01,21.83,72.01,0.04,1.28,21.8,98.01,2.81,21.13,PNJ,29.39,76.96,semi_arid_subtropical,NASA_POWER_daily_ag,4.517,12.966,2.5069,dewpoint,345.1,33.503
2018-09-16,25.99,31.25,21.23,77.21,0.01,2.02,21.34,97.88,0.67,21.43,PNJ,29.39,76.96,semi_arid_subtropical,NASA_POWER_daily_ag,4.397,12.799,2.5535,dewpoint,358.8,33.326
2018-09-17,26.5,32.27,21.95,73.91,0.0,1.7,20.68,97.78,2.43,21.12,PNJ,29.39,76.96,semi_arid_subtropical,NASA_POWER_daily_ag,4.381,12.321,2.5054,dewpoint,369.4,33.146
2018-09-18,25.66,31.78,20.07,71.79,0.0,1.82,22.22,97.83,2.11,19.77,PNJ,29.39,76.96,semi_arid_subtropical,NASA_POWER_daily_ag,4.578,12.842,2.3052,dewpoint,364.1,32.966
2018-09-19,25.92,32.39,20.89,70.32,0.0,1.65,21.88,97.81,10.41,19.7,PNJ,29.39,76.96,semi_arid_subtropical,NASA_POWER_daily_ag,4.527,12.584,2.2952,dewpoint,366.2,32.783
2018-09-20,26.38,32.7,20.67,71.97,0.0,1.03,21.31,97.84,13.28,20.43,PNJ,29.39,76.96,semi_arid_subtropical,NASA_POWER_daily_ag,4.254,12.423,2.4013,dewpoint,363.1,32.6
2018-09-21,26.97,32.37,21.8,82.91,1.8,1.86,20.93,98.08,39.59,23.57,PNJ,29.39,76.96,semi_arid_subtropical,NASA_POWER_daily_ag,4.231,12.875,2.9078,dewpoint,337.7,32.415
2018-09-22,24.67,26.93,23.35,92.3,30.87,2.52,4.37,98.2,98.47,23.33,PNJ,29.39,76.96,semi_arid_subtropical,NASA_POWER_daily_ag,1.326,3.797,2.866,dewpoint,325.1,32.229
2018-09-23,24.99,27.33,23.07,91.91,24.93,3.84,6.96,98.08,99.32,23.57,PNJ,29.39,76.96,semi_arid_subtropical,NASA_POWER_daily_ag,1.759,5.212,2.9078,dewpoint,337.7,32.042
2018-09-24,25.01,27.47,23.54,93.48,42.57,3.38,4.57,97.85,95.71,23.88,PNJ,29.39,76.96,semi_arid_subtropical,NASA_POWER_daily_ag,1.329,3.883,2.9625,dewpoint,362.0,31.854
2018-09-25,24.82,28.73,22.26,87.84,10.12,2.36,16.49,97.97,47.82,22.56,PNJ,29.39,76.96,semi_arid_subtropical,NASA_POWER_daily_ag,3.176,10.247,2.7355,dewpoint,349.3,31.664
2018-09-26,24.79,30.14,20.02,81.17,0.0,1.94,20.24,97.99,11.1,21.12,PNJ,29.39,76.96,semi_arid_subtropical,NASA_POWER_daily_ag,3.886,11.918,2.5054,dewpoint,347.2,31.474
2018-09-27,25.23,30.35,18.97,71.41,0.0,1.25,19.82,98.07,7.2,19.47,PNJ,29.39,76.96,semi_arid_subtropical,NASA_POWER_daily_ag,3.939,11.358,2.2627,dewpoint,338.8,31.283
2018-09-28,26.1,31.29,20.86,64.91,0.0,1.01,19.19,98.16,5.09,18.74,PNJ,29.39,76.96,semi_arid_subtropical,NASA_POWER_daily_ag,3.906,10.807,2.162,dewpoint,329.3,31.091
2018-09-29,25.46,31.51,21.54,67.14,0.0,1.27,19.72,98.23,5.81,18.63,PNJ,29.39,76.96,semi_arid_subtropical,NASA_POWER_daily_ag,3.983,10.969,2.1472,dewpoint,321.9,30.898
2018-09-30,24.47,30.69,19.03,73.47,0.0,1.9,19.32,98.15,0.03,19.15,PNJ,29.39,76.96,semi_arid_subtropical,NASA_POWER_daily_ag,3.912,10.938,2.218,dewpoint,330.4,30.705
2018-10-01,25.02,31.87,19.51,71.87,0.0,1.47,20.51,98.12,0.06,19.24,PNJ,29.39,76.96,semi_arid_subtropical,NASA_POWER_daily_ag,4.023,11.433,2.2305,dewpoint,333.5,30.511
2018-10-02,24.94,30.9,19.95,68.25,0.0,1.22,20.4,98.19,0.06,18.36,PNJ,29.39,76.96,semi_arid_subtropical,NASA_POWER_daily_ag,3.953,11.17,2.1112,dewpoint,326.2,30.316
2018-10-03,25.55,32.12,21.19,65.73,0.01,0.75,20.22,98.14,11.1,18.24,PNJ,29.39,76.96,semi_arid_subtropical,NASA_POWER_daily_ag,3.771,10.948,2.0953,dewpoint,331.4,30.121
2018-10-04,24.89,31.57,19.67,68.55,0.0,1.01,19.43,98.31,18.81,18.17,PNJ,29.39,76.96,semi_arid_subtropical,NASA_POWER_daily_ag,3.713,10.595,2.0862,dewpoint,313.5,29.926
2018-10-05,24.02,30.92,19.1,69.38,0.01,1.22,19.72,98.39,0.07,17.66,PNJ,29.39,76.96,semi_arid_subtropical,NASA_POWER_daily_ag,3.717,10.615,2.0203,dewpoint,305.1,29.73
2018-10-06,23.74,30.8,18.37,69.85,0.0,1.49,19.49,98.32,6.06,17.57,PNJ,29.39,76.96,semi_arid_subtropical,NASA_POWER_daily_ag,3.742,10.478,2.0088,dewpoint,312.5,29.535
2018-10-07,23.82,30.58,18.4,67.94,0.0,1.3,19.35,98.3,0.11,17.16,PNJ,29.39,76.96,semi_arid_subtropical,NASA_POWER_daily_ag,3.687,10.299,1.9575,dewpoint,314.6,29.339
2018-10-08,23.95,31.27,18.34,66.55,0.0,1.06,18.96,98.13,0.8,16.81,PNJ,29.39,76.96,semi_arid_subtropical,NASA_POWER_daily_ag,3.558,10.002,1.9145,dewpoint,332.5,29.143
2018-10-09,24.02,30.14,17.98,75.47,0.0,1.61,17.66,98.05,8.04,19.16,PNJ,29.39,76.96,semi_arid_subtropical,NASA_POWER_daily_ag,3.45,9.876,2.2194,dewpoint,340.9,28.947
2018-10-10,24.21,29.11,19.58,81.79,1.38,1.94,16.26,98.12,26.18,20.8,PNJ,29.39,76.96,semi_arid_subtropical,NASA_POWER_daily_ag,3.165,9.464,2.4566,dewpoint,333.5,28.751
2018-10-11,24.42,29.25,20.38,82.18,1.8,1.47,13.33,98.29,17.68,20.93,PNJ,29.39,76.96,semi_arid_subtropical,NASA_POWER_daily_ag,2.736,8.025,2.4763,dewpoint,315.6,28.556
2018-10-12,23.2,29.69,18.4,73.17,0.0,0.88,17.74,98.48,0.57,17.43,PNJ,29.39,76.96,semi_arid_subtropical,NASA_POWER_daily_ag,3.165,9.47,1.9912,dewpoint,295.7,28.36
2018-10-13,22.03,28.28,17.11,65.9,0.0,1.51,18.36,98.51,1.27,15.09,PNJ,29.39,76.96,semi_arid_subtropical,NASA_POWER_daily_ag,3.441,9.336,1.7153,dewpoint,292.5,28.165
2018-10-14,21.59,28.57,15.17,62.32,0.0,1.73,18.42,98.43,2.27,13.6,PNJ,29.39,76.96,semi_arid_subtropical,NASA_POWER_daily_ag,3.587,9.097,1.5576,dewpoint,300.9,27.971
2018-10-15,22.24,29.86,16.87,59.57,0.0,1.26,17.96,98.47,4.86,13.54,PNJ,29.39,76.96,semi_arid_subtropical,NASA_POWER_daily_ag,3.381,8.763,1.5515,dewpoint,296.7,27.777
2018-10-16,22.72,29.77,16.08,62.0,0.0,0.99,15.17,98.43,62.75,14.42,PNJ,29.39,76.96,semi_arid_subtropical,NASA_POWER_daily_ag,2.968,7.845,1.6427,dewpoint,300.9,27.584
2018-10-17,24.07,31.21,16.98,55.98,0.0,1.02,17.01,98.27,0.68,13.86,PNJ,29.39,76.96,semi_arid_subtropical,NASA_POWER_daily_ag,3.346,8.326,1.5841,dewpoint,317.7,27.392
2018-10-18,23.5,31.05,16.84,65.27,0.0,1.38,16.57,98.23,5.9,16.03,PNJ,29.39,76.96,semi_arid_subtropical,NASA_POWER_daily_ag,3.321,8.49,1.8218,dewpoint,321.9,27.2
2018-10-19,22.82,30.04,17.55,62.86,0.0,1.03,16.57,98.39,1.22,14.82,PNJ,29.39,76.96,semi_arid_subtropical,NASA_POWER_daily_ag,3.081,8.25,1.6857,dewpoint,305.1,27.009
2018-10-20,22.24,29.47,17.31,57.73,0.0,1.35,17.08,98.62,9.69,12.9,PNJ,29.39,76.96,semi_arid_subtropical,NASA_POWER_daily_ag,3.325,8.084,1.488,dewpoint,281.0,26.82
2018-10-21,21.61,29.11,16.37,55.89,0.14,1.55,16.85,98.69,11.35,11.81,PNJ,29.39,76.96,semi_arid_subtropical,NASA_POWER_daily_ag,3.392,7.818,1.3851,dewpoint,273.6,26.631
2018-10-22,21.44,29.29,14.26,52.91,0.0,1.69,18.05,98.54,4.93,10.79,PNJ,29.39,76.96,semi_arid_subtropical,NASA_POWER_daily_ag,3.622,8.048,1.2945,dewpoint,289.4,26.443
2018-10-23,21.1,29.15,14.72,52.76,0.0,1.53,17.32,98.54,0.4,10.36,PNJ,29.39,76.96,semi_arid_subtropical,NASA_POWER_daily_ag,3.409,7.681,1.2579,dewpoint,289.4,26.257
2018-10-24,21.16,29.74,16.03,53.45,0.0,1.06,16.08,98.55,10.91,10.62,PNJ,29.39,76.96,semi_arid_subtropical,NASA_POWER_daily_ag,2.943,7.224,1.2799,dewpoint,288.3,26.072
2018-10-25,21.03,28.95,14.93,55.15,0.0,1.32,16.6,98.7,1.62,11.0,PNJ,29.39,76.96,semi_arid_subtropical,NASA_POWER_daily_ag,3.135,7.45,1.3127,dewpoint,272.6,25.889
2018-10-26,21.17,28.66,15.07,55.49,0.0,1.21,14.43,98.88,19.89,11.33,PNJ,29.39,76.96,semi_arid_subtropical,NASA_POWER_daily_ag,2.881,6.78,1.3418,dewpoint,253.7,25.707
2018-10-27,21.81,28.98,17.48,55.0,0.0,1.2,15.41,98.91,2.58,11.96,PNJ,29.39,76.96,semi_arid_subtropical,NASA_POWER_daily_ag,2.978,7.041,1.3989,dewpoint,250.6,25.527
2018-10-28,21.56,28.89,16.03,57.89,0.0,1.44,16.84,98.89,3.18,12.42,PNJ,29.39,76.96,semi_arid_subtropical,NASA_POWER_daily_ag,3.184,7.559,1.4419,dewpoint,252.7,25.348
2018-10-29,22.02,29.11,16.82,57.83,0.0,1.09,16.54,98.8,10.65,12.93,PNJ,29.39,76.96,semi_arid_subtropical,NASA_POWER_daily_ag,2.96,7.467,1.4909,dewpoint,262.1,25.171
2018-10-30,21.97,29.45,17.2,58.32,0.0,0.87,14.88,98.79,10.43,12.96,PNJ,29.39,76.96,semi_arid_subtropical,NASA_POWER_daily_ag,2.647,6.877,1.4939,dewpoint,263.1,24.996
2018-10-31,22.09,29.27,16.31,59.76,0.0,1.04,14.57,98.83,4.11,12.94,PNJ,29.39,76.96,semi_arid_subtropical,NASA_POWER_daily_ag,2.75,6.761,1.4919,dewpoint,258.9,24.823
2018-11-01,22.34,28.13,16.78,56.28,0.0,0.88,13.15,98.71,26.88,12.84,PNJ,29.39,76.96,semi_arid_subtropical,NASA_POWER_daily_ag,2.547,6.287,1.4822,dewpoint,271.5,24.652
2018-11-02,21.49,29.81,15.68,61.23,0.0,1.31,12.98,98.53,21.99,13.07,PNJ,29.39,76.96,semi_arid_subtropical,NASA_POWER_daily_ag,2.682,6.206,1.5046,dewpoint,290.4,24.483
2018-11-03,20.77,26.83,16.68,73.08,0.55,2.48,10.71,98.44,56.04,15.42,PNJ,29.39,76.96,semi_arid_subtropical,NASA_POWER_daily_ag,2.583,5.738,1.752,dewpoint,299.9,24.316
2018-11-04,20.31,27.08,15.33,73.94,0.01,1.36,13.42,98.61,16.03,14.93,PNJ,29.39,76.96,semi_arid_subtropical,NASA_POWER_daily_ag,2.402,6.596,1.6977,dewpoint,282.0,24.151
2018-11-05,17.16,25.15,11.08,53.3,0.0,1.73,12.58,98.66,17.36,6.72,PNJ,29.39,76.96,semi_arid_subtropical,NASA_POWER_daily_ag,2.724,5.503,0.9828,dewpoint,276.8,23.989
2018-11-06,17.05,26.04,11.3,55.47,0.0,2.59,16.21,98.66,9.02,7.38,PNJ,29.39,76.96,semi_arid_subtropical,NASA_POWER_daily_ag,3.255,6.363,1.0283,dewpoint,276.8,23.829
2018-11-07,17.34,26.39,8.54,42.03,0.0,1.5,15.9,98.72,16.83,3.14,PNJ,29.39,76.96,semi_arid_subtropical,NASA_POWER_daily_ag,2.959,5.736,0.7653,dewpoint,270.5,23.671
2018-11-08,18.81,26.47,11.54,52.67,0.0,1.12,13.12,98.73,21.67,8.29,PNJ,29.39,76.96,semi_arid_subtropical,NASA_POWER_daily_ag,2.452,5.61,1.0941,dewpoint,269.4,23.517
2018-11-09,18.98,26.07,14.27,50.51,0.0,0.75,12.46,98.59,23.93,7.75,PNJ,29.39,76.96,semi_arid_subtropical,NASA_POWER_daily_ag,2.137,5.291,1.0546,dewpoint,284.1,23.364
2018-11-10,19.24,25.72,14.45,46.18,0.0,0.69,10.8,98.67,21.85,6.69,PNJ,29.39,76.96,semi_arid_subtropical,NASA_POWER_daily_ag,2.028,4.795,0.9807,dewpoint,275.7,23.215
2018-11-11,18.59,25.77,14.02,50.95,0.0,1.1,10.33,98.71,26.01,7.89,PNJ,29.39,76.96,semi_arid_subtropical,NASA_POWER_daily_ag,2.232,4.763,1.0648,dewpoint,271.5,23.068
2018-11-12,20.22,28.27,14.43,46.45,0.0,1.12,11.15,98.48,51.11,7.81,PNJ,29.39,76.96,semi_arid_subtropical,NASA_POWER_daily_ag,2.463,4.825,1.059,dewpoint,295.7,22.924
2018-11-13,20.77,27.95,16.84,52.85,0.09,0.93,9.98,98.25,56.43,10.34,PNJ,29.39,76.96,semi_arid_subtropical,NASA_POWER_daily_ag,2.167,4.72,1.2562,dewpoint,319.8,22.783
2018-11-14,21.04,27.43,15.97,56.38,2.07,1.08,10.63,98.4,38.74,11.46,PNJ,29.39,76.96,semi_arid_subtropical,NASA_POWER_daily_ag,2.297,4.973,1.3534,dewpoint,304.1,22.644
2018-11-15,18.6,25.47,14.27,64.12,0.03,1.61,11.58,98.73,8.22,11.22,PNJ,29.39,76.96,semi_arid_subtropical,NASA_POWER_daily_ag,2.338,5.236,1.332,dewpoint,269.4,22.509
2018-11-16,17.26,25.79,11.15,58.53,0.0,2.99,15.2,98.57,26.61,7.97,PNJ,29.39,76.96,semi_arid_subtropical,NASA_POWER_daily_ag,3.258,5.706,1.0706,dewpoint,286.2,22.377
2018-11-17,17.82,26.3,10.34,47.98,0.0,2.26,14.59,98.43,30.68,5.84,PNJ,29.39,76.96,semi_arid_subtropical,NASA_POWER_daily_ag,3.216,5.24,0.9248,dewpoint,300.9,22.248
2018-11-18,19.82,27.27,14.42,41.5,0.0,0.68,12.66,98.55,42.43,5.69,PNJ,29.39,76.96,semi_arid_subtropical,NASA_POWER_daily_ag,2.07,4.659,0.9152,dewpoint,288.3,22.123
2018-11-19,19.17,26.24,14.17,56.69,0.0,1.83,11.25,98.79,43.08,10.02,PNJ,29.39,76.96,semi_arid_subtropical,NASA_POWER_daily_ag,2.621,4.868,1.2296,dewpoint,263.1,22.0
2018-11-20,19.13,26.87,14.62,54.62,0.0,1.57,12.28,98.85,7.45,9.29,PNJ,29.39,76.96,semi_arid_subtropical,NASA_POWER_daily_ag,2.555,4.938,1.1707,dewpoint,256.8,21.881
2018-11-21,18.26,26.93,11.38,50.45,0.0,2.16,13.78,98.83,15.63,6.78,PNJ,29.39,76.96,semi_arid_subtropical,NASA_POWER_daily_ag,3.07,4.963,0.9868,dewpoint,258.9,21.765
2018-11-22,18.28,26.21,12.93,43.17,0.0,1.07,13.34,98.93,34.45,4.89,PNJ,29.39,76.96,semi_arid_subtropical,NASA_POWER_daily_ag,2.324,4.578,0.8656,dewpoint,248.5,21.653
2018-11-23,17.15,26.6,10.64,52.31,0.0,2.8,14.48,99.05,21.52,6.53,PNJ,29.39,76.96,semi_arid_subtropical,NASA_POWER_daily_ag,3.236,5.001,0.97,dewpoint,235.9,21.544
2018-11-24,17.01,25.73,9.89,50.05,0.0,2.98,14.63,98.88,12.78,5.57,PNJ,29.39,76.96,semi_arid_subtropical,NASA_POWER_daily_ag,3.423,4.919,0.9076,dewpoint,253.7,21.439
2018-11-25,18.09,26.66,10.93,45.66,0.0,1.48,13.81,98.87,18.86,5.48,PNJ,29.39,76.96,semi_arid_subtropical,NASA_POWER_daily_ag,2.621,4.655,0.902,dewpoint,254.7,21.337
2018-11-26,18.49,26.32,11.45,45.71,0.0,1.38,14.03,98.79,18.71,5.87,PNJ,29.39,76.96,semi_arid_subtropical,NASA_POWER_daily_ag,2.576,4.698,0.9267,dewpoint,263.1,21.238
2018-11-27,17.57,24.61,12.29,54.86,0.0,1.04,10.19,98.98,83.9,7.94,PNJ,29.39,76.96,semi_arid_subtropical,NASA_POWER_daily_ag,1.952,4.292,1.0684,dewpoint,243.2,21.144
2018-11-28,19.33,26.8,14.87,54.98,0.0,0.91,10.15,99.06,53.99,9.67,PNJ,29.39,76.96,semi_arid_subtropical,NASA_POWER_daily_ag,1.937,4.305,1.2011,dewpoint,234.9,21.053
2018-11-29,16.55,24.75,11.15,59.7,0.0,1.84,11.63,99.09,21.88,8.16,PNJ,29.39,76.96,semi_arid_subtropical,NASA_POWER_daily_ag,2.306,4.548,1.0845,dewpoint,231.7,20.966
2018-11-30,16.51,25.88,10.2,55.56,0.0,2.06,12.45,99.01,21.46,6.81,PNJ,29.39,76.96,semi_arid_subtropical,NASA_POWER_daily_ag,2.567,4.494,0.9889,dewpoint,240.1,20.883
2018-12-01,16.8,25.39,8.84,46.2,0.0,1.78,13.62,98.75,1.64,4.28,PNJ,29.39,76.96,semi_arid_subtropical,NASA_POWER_daily_ag,2.694,4.391,0.8294,dewpoint,267.3,20.803
2018-12-02,17.5,25.03,12.21,43.11,0.0,0.88,12.48,98.68,6.12,4.33,PNJ,29.39,76.96,semi_arid_subtropical,NASA_POWER_daily_ag,1.991,4.118,0.8323,dewpoint,274.7,20.728
2018-12-03,15.88,24.14,10.57,49.64,0.0,1.59,12.28,98.8,12.62,4.82,PNJ,29.39,76.96,semi_arid_subtropical,NASA_POWER_daily_ag,2.332,4.21,0.8614,dewpoint,262.1,20.656
2018-12-04,16.0,23.66,11.28,51.04,0.0,1.28,10.64,98.97,84.44,5.41,PNJ,29.39,76.96,semi_arid_subtropical,NASA_POWER_daily_ag,2.051,4.016,0.8976,dewpoint,244.3,20.588
2018-12-05,15.8,23.03,9.94,50.69,0.0,1.36,11.01,98.73,35.88,5.1,PNJ,29.39,76.96,semi_arid_subtropical,NASA_POWER_daily_ag,2.116,4.079,0.8784,dewpoint,269.4,20.524
2018-12-06,15.46,23.34,11.41,53.69,0.0,1.25,11.53,98.66,7.0,5.66,PNJ,29.39,76.96,semi_arid_subtropical,NASA_POWER_daily_ag,1.969,4.135,0.9133,dewpoint,276.8,20.464
2018-12-07,14.22,23.03,8.27,59.28,0.0,1.86,12.08,98.71,11.35,5.72,PNJ,29.39,76.96,semi_arid_subtropical,NASA_POWER_daily_ag,2.141,4.31,0.9171,dewpoint,271.5,20.408
2018-12-08,14.46,22.34,8.75,53.19,0.0,1.41,11.93,98.84,0.35,4.44,PNJ,29.39,76.96,semi_arid_subtropical,NASA_POWER_daily_ag,2.033,4.136,0.8388,dewpoint,257.9,20.356
2018-12-09,15.23,22.53,9.61,50.4,0.0,1.23,11.86,98.73,1.59,4.51,PNJ,29.39,76.96,semi_arid_subtropical,NASA_POWER_daily_ag,2.003,4.084,0.8429,dewpoint,269.4,20.309
2018-12-10,15.35,23.37,8.21,51.93,0.0,1.27,10.64,98.68,37.88,4.82,PNJ,29.39,76.96,semi_arid_subtropical,NASA_POWER_daily_ag,1.992,3.952,0.8614,dewpoint,274.7,20.265
2018-12-11,16.27,23.69,11.75,50.46,0.23,0.77,8.5,98.78,67.05,5.45,PNJ,29.39,76.96,semi_arid_subtropical,NASA_POWER_daily_ag,1.612,3.62,0.9001,dewpoint,264.2,20.225
2018-12-12,13.59,16.62,10.64,75.41,6.04,2.05,5.43,99.0,86.34,9.23,PNJ,29.39,76.96,semi_arid_subtropical,NASA_POWER_daily_ag,1.429,3.36,1.166,dewpoint,241.1,20.19
2018-12-13,12.61,19.3,8.5,76.41,0.29,1.15,9.86,99.25,14.41,8.07,PNJ,29.39,76.96,semi_arid_subtropical,NASA_POWER_daily_ag,1.358,4.18,1.0779,dewpoint,215.0,20.158
2018-12-14,12.42,20.75,6.33,71.66,0.0,1.98,12.4,99.42,0.33,6.74,PNJ,29.39,76.96,semi_arid_subtropical,NASA_POWER_daily_ag,1.77,4.513,0.9841,dewpoint,197.3,20.131
2018-12-15,12.65,22.09,6.29,62.1,0.0,2.33,13.2,99.35,0.16,4.58,PNJ,29.39,76.96,semi_arid_subtropical,NASA_POWER_daily_ag,2.183,4.313,0.8471,dewpoint,204.6,20.108
2018-12-16,11.81,21.77,5.22,52.94,0.0,1.91,14.47,99.38,0.84,1.62,PNJ,29.39,76.96,semi_arid_subtropical,NASA_POWER_daily_ag,2.16,4.14,0.6867,dewpoint,201.4,20.089
2018-12-17,11.76,22.25,4.76,49.5,0.0,1.88,13.86,99.24,1.61,0.54,PNJ,29.39,76.96,semi_arid_subtropical,NASA_POWER_daily_ag,2.2,3.936,0.6352,dewpoint,216.0,20.074
2018-12-18,11.63,21.97,4.48,46.26,0.0,2.2,13.94,99.06,1.0,-0.48,PNJ,29.39,76.96,semi_arid_subtropical,NASA_POWER_daily_ag,2.427,3.85,0.5898,dewpoint,234.9,20.063
2018-12-19,11.7,21.72,4.73,45.17,0.0,1.74,12.9,98.97,3.33,-0.59,PNJ,29.39,76.96,semi_arid_subtropical,NASA_POWER_daily_ag,2.173,3.754,0.5851,dewpoint,244.3,20.057
2018-12-20,11.72,21.48,6.28,42.04,0.0,1.59,12.52,99.0,7.24,-1.49,PNJ,29.39,76.96,semi_arid_subtropical,NASA_POWER_daily_ag,2.117,3.584,0.5477,dewpoint,241.1,20.055
2018-12-21,10.36,20.39,3.47,45.99,0.0,1.93,12.25,98.89,5.91,-1.57,PNJ,29.39,76.96,semi_arid_subtropical,NASA_POWER_daily_ag,2.151,3.714,0.5444,dewpoint,252.7,20.057
2018-12-22,11.01,20.06,3.5,42.6,0.0,1.07,11.22,98.93,14.31,-1.97,PNJ,29.39,76.96,semi_arid_subtropical,NASA_POWER_daily_ag,1.715,3.61,0.5286,dewpoint,248.5,20.063
2018-12-23,11.27,20.52,4.74,45.85,0.0,1.19,10.18,99.03,30.04,-0.9,PNJ,29.39,76.96,semi_arid_subtropical,NASA_POWER_daily_ag,1.757,3.553,0.5719,dewpoint,238.0,20.073
2018-12-24,10.24,19.11,4.72,48.99,0.0,1.79,11.26,98.94,8.64,-0.68,PNJ,29.39,76.96,semi_arid_subtropical,NASA_POWER_daily_ag,1.988,3.724,0.5812,dewpoint,247.4,20.088
2018-12-25,9.6,19.2,3.28,48.66,0.0,2.51,11.81,98.85,22.31,-1.42,PNJ,29.39,76.96,semi_arid_subtropical,NASA_POWER_daily_ag,2.287,3.766,0.5505,dewpoint,256.8,20.107
2018-12-26,10.19,18.98,2.5,46.09,0.0,1.83,11.56,98.72,14.06,-1.86,PNJ,29.39,76.96,semi_arid_subtropical,NASA_POWER_daily_ag,2.102,3.753,0.5329,dewpoint,270.5,20.13
2018-12-27,10.61,19.05,5.59,43.89,0.0,1.4,11.66,98.86,6.35,-1.84,PNJ,29.39,76.96,semi_arid_subtropical,NASA_POWER_daily_ag,1.893,3.664,0.5337,dewpoint,255.8,20.157
2018-12-28,7.96,17.66,1.64,50.09,0.0,2.3,13.04,98.89,6.77,-2.56,PNJ,29.39,76.96,semi_arid_subtropical,NASA_POWER_daily_ag,2.054,3.942,0.5059,dewpoint,252.7,20.188
2018-12-29,9.28,19.08,1.61,44.52,0.0,2.08,13.3,99.06,2.03,-2.97,PNJ,29.39,76.96,semi_arid_subtropical,NASA_POWER_daily_ag,2.202,3.872,0.4907,dewpoint,234.9,20.224
2018-12-30,11.02,19.58,6.03,42.19,0.0,1.21,11.77,99.3,17.01,-1.81,PNJ,29.39,76.96,semi_arid_subtropical,NASA_POWER_daily_ag,1.818,3.671,0.5349,dewpoint,209.8,20.263
2018-12-31,10.5,20.41,3.61,46.16,0.0,2.29,12.44,99.23,0.92,-1.36,PNJ,29.39,76.96,semi_arid_subtropical,NASA_POWER_daily_ag,2.358,3.84,0.5529,dewpoint,217.1,20.307
2019-01-01,10.62,18.8,3.92,47.09,0.0,1.48,10.1,99.15,59.26,-0.76,PNJ,29.39,76.96,semi_arid_subtropical,NASA_POWER_daily_ag,1.882,3.724,0.5778,dewpoint,225.4,20.355
2019-01-02,12.55,21.6,7.79,46.29,0.0,1.1,11.02,99.19,34.09,0.61,PNJ,29.39,76.96,semi_arid_subtropical,NASA_POWER_daily_ag,1.784,3.736,0.6385,dewpoint,221.3,20.407
2019-01-03,11.3,20.34,5.06,58.12,0.0,2.3,10.51,99.26,31.38,2.88,PNJ,29.39,76.96,semi_arid_subtropical,NASA_POWER_daily_ag,2.071,4.0,0.7513,dewpoint,214.0,20.463
2019-01-04,10.95,17.41,5.52,57.02,0.0,1.51,7.29,99.12,90.35,2.27,PNJ,29.39,76.96,semi_arid_subtropical,NASA_POWER_daily_ag,1.674,3.575,0.7194,dewpoint,228.6,20.523
2019-01-05,12.1,20.84,5.73,53.36,0.01,1.48,9.68,99.05,84.59,2.17,PNJ,29.39,76.96,semi_arid_subtropical,NASA_POWER_daily_ag,1.878,3.845,0.7143,dewpoint,235.9,20.587
2019-01-06,11.87,17.44,8.43,68.88,1.26,1.59,9.6,99.03,40.16,6.05,PNJ,29.39,76.96,semi_arid_subtropical,NASA_POWER_daily_ag,1.58,4.156,0.9384,dewpoint,238.0,20.655
2019-01-07,11.69,20.42,5.59,71.7,0.01,1.59,11.55,99.13,11.18,6.01,PNJ,29.39,76.96,semi_arid_subtropical,NASA_POWER_daily_ag,1.627,4.524,0.9358,dewpoint,227.5,20.727
2019-01-08,12.11,21.12,6.47,59.15,0.0,2.4,11.07,98.9,50.73,3.48,PNJ,29.39,76.96,semi_arid_subtropical,NASA_POWER_daily_ag,2.223,4.187,0.784,dewpoint,251.6,20.803
2019-01-09,12.11,21.55,5.74,55.4,0.0,2.86,12.35,98.86,1.96,2.64,PNJ,29.39,76.96,semi_arid_subtropical,NASA_POWER_daily_ag,2.535,4.331,0.7386,dewpoint,255.8,20.883
2019-01-10,12.16,20.8,4.01,47.31,0.0,1.67,10.49,98.85,46.52,0.26,PNJ,29.39,76.96,semi_arid_subtropical,NASA_POWER_daily_ag,2.174,3.981,0.6225,dewpoint,256.8,20.966
2019-01-11,12.79,20.03,6.67,47.34,0.0,0.98,11.96,99.04,32.88,1.2,PNJ,29.39,76.96,semi_arid_subtropical,NASA_POWER_daily_ag,1.797,4.226,0.6662,dewpoint,236.9,21.054
2019-01-12,13.67,22.0,8.12,55.0,0.0,1.06,10.12,98.92,68.38,3.97,PNJ,29.39,76.96,semi_arid_subtropical,NASA_POWER_daily_ag,1.756,4.12,0.8115,dewpoint,249.5,21.145
2019-01-13,13.24,21.15,8.94,62.83,0.06,2.08,10.35,99.17,27.22,5.49,PNJ,29.39,76.96,semi_arid_subtropical,NASA_POWER_daily_ag,2.083,4.305,0.9026,dewpoint,223.4,21.241
2019-01-14,11.17,20.29,4.32,47.03,0.0,3.76,15.21,99.06,11.41,-0.93,PNJ,29.39,76.96,semi_arid_subtropical,NASA_POWER_daily_ag,3.191,4.624,0.5707,dewpoint,234.9,21.339
2019-01-15,10.38,21.09,2.27,36.22,0.0,2.67,10.89,98.93,97.66,-5.17,PNJ,29.39,76.96,semi_arid_subtropical,NASA_POWER_daily_ag,2.877,3.857,0.4158,dewpoint,248.5,21.442
2019-01-16,13.74,21.44,7.13,28.41,0.0,0.74,11.96,98.96,62.06,-4.9,PNJ,29.39,76.96,semi_arid_subtropical,NASA_POWER_daily_ag,1.817,3.838,0.4244,dewpoint,245.3,21.548
2019-01-17,11.82,21.87,4.73,39.63,0.0,1.71,12.7,98.88,35.04,-2.35,PNJ,29.39,76.96,semi_arid_subtropical,NASA_POWER_daily_ag,2.392,4.224,0.5139,dewpoint,253.7,21.658
2019-01-18,12.18,21.84,4.38,49.43,0.0,1.76,13.27,98.87,35.87,0.99,PNJ,29.39,76.96,semi_arid_subtropical,NASA_POWER_daily_ag,2.3,4.668,0.6562,dewpoint,254.7,21.771
2019-01-19,13.81,23.37,7.48,43.72,0.0,1.63,12.39,98.84,68.95,0.63,PNJ,29.39,76.96,semi_arid_subtropical,NASA_POWER_daily_ag,2.439,4.383,0.6394,dewpoint,257.9,21.888
2019-01-20,16.68,23.61,11.85,41.96,0.0,0.93,10.86,98.75,95.76,3.12,PNJ,29.39,76.96,semi_arid_subtropical,NASA_POWER_daily_ag,2.059,4.289,0.7642,dewpoint,267.3,22.009
2019-01-21,15.38,21.28,12.0,54.73,3.62,3.25,9.63,98.47,94.73,5.78,PNJ,29.39,76.96,semi_arid_subtropical,NASA_POWER_daily_ag,2.996,4.373,0.921,dewpoint,296.7,22.132
2019-01-22,12.97,17.31,10.1,80.74,30.27,2.68,6.35,98.6,79.4,9.55,PNJ,29.39,76.96,semi_arid_subtropical,NASA_POWER_daily_ag,1.449,3.896,1.1914,dewpoint,283.1,22.259
2019-01-23,12.76,20.01,8.61,69.18,0.98,1.43,11.8,98.94,24.18,6.45,PNJ,29.39,76.96,semi_arid_subtropical,NASA_POWER_daily_ag,1.803,5.06,0.9646,dewpoint,247.4,22.39
2019-01-24,12.37,20.45,6.97,58.46,0.0,1.63,11.48,99.15,50.83,3.51,PNJ,29.39,76.96,semi_arid_subtropical,NASA_POWER_daily_ag,2.06,4.797,0.7856,dewpoint,225.4,22.523
2019-01-25,10.37,17.58,5.9,63.05,1.87,1.45,12.99,99.18,27.55,3.13,PNJ,29.39,76.96,semi_arid_subtropical,NASA_POWER_daily_ag,1.807,5.241,0.7648,dewpoint,222.3,22.66
2019-01-26,9.3,18.33,2.43,59.05,0.02,1.92,15.8,99.38,27.36,0.76,PNJ,29.39,76.96,semi_arid_subtropical,NASA_POWER_daily_ag,2.109,5.713,0.6454,dewpoint,201.4,22.8
2019-01-27,9.47,18.06,4.25,54.76,0.06,2.42,13.83,99.39,27.13,-0.03,PNJ,29.39,76.96,semi_arid_subtropical,NASA_POWER_daily_ag,2.316,5.24,0.6095,dewpoint,200.4,22.943
2019-01-28,9.16,18.93,1.92,49.2,0.0,2.58,15.56,99.34,0.12,-1.89,PNJ,29.39,76.96,semi_arid_subtropical,NASA_POWER_daily_ag,2.556,5.485,0.5317,dewpoint,205.6,23.088
2019-01-29,9.75,20.56,1.88,45.38,0.0,2.3,16.27,99.21,34.88,-2.73,PNJ,29.39,76.96,semi_arid_subtropical,NASA_POWER_daily_ag,2.638,5.503,0.4996,dewpoint,219.2,23.237
2019-01-30,10.07,15.86,4.03,47.99,0.0,1.44,9.45,99.08,94.69,-0.72,PNJ,29.39,76.96,semi_arid_subtropical,NASA_POWER_daily_ag,1.936,4.529,0.5795,dewpoint,232.8,23.389
2019-01-31,12.35,21.55,5.78,51.76,0.09,2.05,6.75,98.94,95.82,1.28,PNJ,29.39,76.96,semi_arid_subtropical,NASA_POWER_daily_ag,2.323,3.975,0.6701,dewpoint,247.4,23.543
2019-02-01,12.12,20.69,6.32,59.57,0.05,1.6,9.15,99.06,79.56,3.33,PNJ,29.39,76.96,semi_arid_subtropical,NASA_POWER_daily_ag,1.985,4.592,0.7757,dewpoint,234.9,23.7
2019-02-02,11.68,20.23,5.04,60.03,0.0,1.59,9.47,99.01,83.74,3.47,PNJ,29.39,76.96,semi_arid_subtropical,NASA_POWER_daily_ag,1.928,4.737,0.7834,dewpoint,240.1,23.86
2019-02-03,12.51,21.82,5.1,57.89,0.0,1.54,13.26,99.13,50.04,3.45,PNJ,29.39,76.96,semi_arid_subtropical,NASA_POWER_daily_ag,2.21,5.626,0.7823,dewpoint,227.5,24.022
2019-02-04,13.7,21.86,5.69,50.63,0.0,1.25,13.53,99.18,66.76,2.94,PNJ,29.39,76.96,semi_arid_subtropical,NASA_POWER_daily_ag,2.278,5.671,0.7545,dewpoint,222.3,24.187
2019-02-05,16.35,25.29,8.19,49.16,0.0,1.06,11.17,98.94,60.2,4.63,PNJ,29.39,76.96,semi_arid_subtropical,NASA_POWER_daily_ag,2.249,5.149,0.85,dewpoint,247.4,24.354
2019-02-06,16.64,24.98,11.04,63.43,1.22,2.43,11.06,98.43,20.43,8.72,PNJ,29.39,76.96,semi_arid_subtropical,NASA_POWER_daily_ag,2.694,5.434,1.1265,dewpoint,300.9,24.524
2019-02-07,15.9,21.54,12.23,78.52,11.04,3.19,4.4,98.17,80.25,11.77,PNJ,29.39,76.96,semi_arid_subtropical,NASA_POWER_daily_ag,1.768,3.584,1.3814,dewpoint,328.3,24.695
2019-02-08,12.22,19.98,6.15,59.99,0.56,2.05,16.36,98.82,13.74,3.16,PNJ,29.39,76.96,semi_arid_subtropical,NASA_POWER_daily_ag,2.602,6.667,0.7664,dewpoint,260.0,24.869
2019-02-09,11.19,20.22,4.24,56.8,0.01,2.4,17.97,99.04,6.05,1.82,PNJ,29.39,76.96,semi_arid_subtropical,NASA_POWER_daily_ag,2.742,7.03,0.6966,dewpoint,236.9,25.045
2019-02-10,12.32,21.14,5.61,51.45,0.0,1.67,14.88,99.18,78.36,1.75,PNJ,29.39,76.96,semi_arid_subtropical,NASA_POWER_daily_ag,2.51,6.224,0.6931,dewpoint,222.3,25.223
2019-02-11,13.24,21.67,6.97,49.15,0.0,1.32,14.61,99.22,79.4,1.97,PNJ,29.39,76.96,semi_arid_subtropical,NASA_POWER_daily_ag,2.431,6.168,0.7041,dewpoint,218.1,25.403
2019-02-12,14.12,22.56,8.55,50.34,0.0,0.9,12.41,99.26,96.65,3.37,PNJ,29.39,76.96,semi_arid_subtropical,NASA_POWER_daily_ag,2.092,5.72,0.7779,dewpoint,214.0,25.585
2019-02-13,15.87,21.64,11.03,47.71,0.0,0.73,11.92,99.15,98.65,4.3,PNJ,29.39,76.96,semi_arid_subtropical,NASA_POWER_daily_ag,2.09,5.677,0.8306,dewpoint,225.4,25.768
2019-02-14,16.19,22.86,12.15,58.39,2.34,2.86,6.41,98.72,79.41,7.78,PNJ,29.39,76.96,semi_arid_subtropical,NASA_POWER_daily_ag,2.691,4.307,1.0568,dewpoint,270.5,25.954
2019-02-15,14.3,20.83,9.81,84.47,4.71,1.23,7.4,98.75,86.35,11.61,PNJ,29.39,76.96,semi_arid_subtropical,NASA_POWER_daily_ag,1.367,4.762,1.3669,dewpoint,267.3,26.14
2019-02-16,14.78,21.96,10.3,74.16,0.05,1.04,10.4,98.93,72.86,9.51,PNJ,29.39,76.96,semi_arid_subtropical,NASA_POWER_daily_ag,1.813,5.709,1.1882,dewpoint,248.5,26.329
2019-02-17,14.31,22.55,7.95,61.7,0.0,2.22,13.61,98.59,63.26,5.74,PNJ,29.39,76.96,semi_arid_subtropical,NASA_POWER_daily_ag,2.743,6.506,0.9184,dewpoint,284.1,26.518
2019-02-18,16.16,24.65,9.04,50.44,1.34,1.29,11.25,98.14,64.61,4.66,PNJ,29.39,76.96,semi_arid_subtropical,NASA_POWER_daily_ag,2.517,5.715,0.8518,dewpoint,331.4,26.709
2019-02-19,16.86,24.19,9.7,55.11,0.15,1.27,13.66,98.51,68.08,7.0,PNJ,29.39,76.96,semi_arid_subtropical,NASA_POWER_daily_ag,2.631,6.638,1.0019,dewpoint,292.5,26.902
2019-02-20,17.53,24.1,13.83,59.21,2.65,2.94,6.52,98.85,99.58,9.2,PNJ,29.39,76.96,semi_arid_subtropical,NASA_POWER_daily_ag,2.846,4.478,1.1637,dewpoint,256.8,27.095
2019-02-21,19.4,26.77,12.84,58.11,0.73,2.53,14.83,98.82,72.07,10.37,PNJ,29.39,76.96,semi_arid_subtropical,NASA_POWER_daily_ag,3.53,7.299,1.2587,dewpoint,260.0,27.29
2019-02-22,17.47,24.57,11.86,62.22,0.15,2.86,15.49,98.87,43.65,9.02,PNJ,29.39,76.96,semi_arid_subtropical,NASA_POWER_daily_ag,3.437,7.502,1.1496,dewpoint,254.7,27.485
2019-02-23,13.84,22.08,8.15,57.03,0.0,2.87,20.03,98.7,56.45,4.42,PNJ,29.39,76.96,semi_arid_subtropical,NASA_POWER_daily_ag,3.45,8.634,0.8376,dewpoint,272.6,27.681
2019-02-24,15.41,24.82,8.75,46.45,0.0,1.84,19.43,98.38,19.49,2.61,PNJ,29.39,76.96,semi_arid_subtropical,NASA_POWER_daily_ag,3.443,8.118,0.737,dewpoint,306.2,27.878
2019-02-25,15.62,24.3,9.42,43.29,0.0,1.15,18.57,98.29,48.17,1.95,PNJ,29.39,76.96,semi_arid_subtropical,NASA_POWER_daily_ag,3.009,7.86,0.7031,dewpoint,315.6,28.076
2019-02-26,14.67,23.57,7.81,45.86,0.91,1.88,15.44,98.37,64.33,1.79,PNJ,29.39,76.96,semi_arid_subtropical,NASA_POWER_daily_ag,3.197,7.105,0.6951,dewpoint,307.2,28.275
2019-02-27,12.61,19.76,7.19,65.15,5.27,1.9,17.13,98.46,40.62,5.36,PNJ,29.39,76.96,semi_arid_subtropical,NASA_POWER_daily_ag,2.663,8.199,0.8945,dewpoint,297.8,28.473
2019-02-28,13.07,21.67,6.88,54.18,0.0,1.81,18.91,98.74,11.14,2.57,PNJ,29.39,76.96,semi_arid_subtropical,NASA_POWER_daily_ag,3.064,8.436,0.735,dewpoint,268.4,28.673
2019-03-01,14.51,24.11,5.96,48.43,0.0,1.87,19.27,98.78,34.13,2.43,PNJ,29.39,76.96,semi_arid_subtropical,NASA_POWER_daily_ag,3.391,8.512,0.7277,dewpoint,264.2,28.872
2019-03-02,15.72,24.87,10.69,58.27,5.02,1.65,5.76,98.77,99.64,6.16,PNJ,29.39,76.96,semi_arid_subtropical,NASA_POWER_daily_ag,2.257,4.406,0.9455,dewpoint,265.2,29.072
2019-03-03,17.08,25.28,9.55,65.51,0.31,1.76,14.61,98.48,63.02,9.49,PNJ,29.39,76.96,semi_arid_subtropical,NASA_POWER_daily_ag,2.89,7.686,1.1866,dewpoint,295.7,29.272
2019-03-04,16.66,23.09,11.62,64.84,1.2,1.68,15.46,98.21,33.22,9.62,PNJ,29.39,76.96,semi_arid_subtropical,NASA_POWER_daily_ag,2.847,8.071,1.197,dewpoint,324.1,29.472
2019-03-05,16.22,24.64,8.97,56.99,0.0,1.96,19.84,98.29,19.71,6.17,PNJ,29.39,76.96,semi_arid_subtropical,NASA_POWER_daily_ag,3.548,9.292,0.9462,dewpoint,315.6,29.672
2019-03-06,16.31,25.07,8.55,51.27,0.0,2.08,20.92,98.4,5.47,5.04,PNJ,29.39,76.96,semi_arid_subtropical,NASA_POWER_daily_ag,3.808,9.551,0.8747,dewpoint,304.1,29.872
2019-03-07,17.47,26.47,10.98,46.11,0.0,1.62,20.04,98.45,15.37,4.35,PNJ,29.39,76.96,semi_arid_subtropical,NASA_POWER_daily_ag,3.726,9.061,0.8335,dewpoint,298.8,30.072
2019-03-08,17.23,24.58,12.43,50.68,0.01,2.07,14.55,98.67,75.66,6.13,PNJ,29.39,76.96,semi_arid_subtropical,NASA_POWER_daily_ag,3.437,7.511,0.9436,dewpoint,275.7,30.272
2019-03-09,17.73,26.7,10.62,50.05,0.0,2.37,20.88,98.61,0.77,6.36,PNJ,29.39,76.96,semi_arid_subtropical,NASA_POWER_daily_ag,4.155,9.741,0.9587,dewpoint,282.0,30.471
2019-03-10,18.54,26.87,9.48,48.17,0.0,1.47,22.13,98.6,0.39,5.84,PNJ,29.39,76.96,semi_arid_subtropical,NASA_POWER_daily_ag,3.948,10.192,0.9248,dewpoint,283.1,30.67
2019-03-11,19.43,28.35,11.46,47.66,1.25,2.67,12.05,98.57,43.31,6.98,PNJ,29.39,76.96,semi_arid_subtropical,NASA_POWER_daily_ag,4.007,6.754,1.0005,dewpoint,286.2,30.868
2019-03-12,18.71,26.77,11.53,53.33,0.0,1.74,20.34,98.81,52.65,7.5,PNJ,29.39,76.96,semi_arid_subtropical,NASA_POWER_daily_ag,3.913,9.84,1.0368,dewpoint,261.0,31.065
2019-03-13,17.55,23.21,13.15,46.41,0.0,1.11,9.84,98.85,87.98,5.43,PNJ,29.39,76.96,semi_arid_subtropical,NASA_POWER_daily_ag,2.584,6.017,0.8988,dewpoint,256.8,31.262
2019-03-14,18.22,26.02,12.04,49.65,2.12,1.98,11.76,98.93,55.54,6.76,PNJ,29.39,76.96,semi_arid_subtropical,NASA_POWER_daily_ag,3.347,6.76,0.9855,dewpoint,248.5,31.458
2019-03-15,17.94,26.98,10.16,56.17,0.0,2.06,22.14,99.0,4.43,7.58,PNJ,29.39,76.96,semi_arid_subtropical,NASA_POWER_daily_ag,4.105,10.711,1.0425,dewpoint,241.1,31.654
2019-03-16,19.14,28.41,10.47,47.62,0.01,1.84,18.61,98.81,69.71,6.38,PNJ,29.39,76.96,semi_arid_subtropical,NASA_POWER_daily_ag,4.036,9.238,0.96,dewpoint,261.0,31.848
2019-03-17,20.0,29.61,12.57,41.82,0.0,1.48,21.72,98.65,27.25,5.38,PNJ,29.39,76.96,semi_arid_subtropical,NASA_POWER_daily_ag,4.224,10.123,0.8957,dewpoint,277.8,32.041
2019-03-18,20.53,29.58,11.61,45.11,0.0,1.3,21.22,98.59,33.31,7.0,PNJ,29.39,76.96,semi_arid_subtropical,NASA_POWER_daily_ag,4.083,10.278,1.0019,dewpoint,284.1,32.233
2019-03-19,21.73,30.56,13.18,42.97,0.0,1.97,22.29,98.28,13.31,7.1,PNJ,29.39,76.96,semi_arid_subtropical,NASA_POWER_daily_ag,4.907,10.634,1.0088,dewpoint,316.7,32.424
2019-03-20,23.06,32.63,14.55,38.83,0.24,2.22,20.97,98.17,36.69,6.96,PNJ,29.39,76.96,semi_arid_subtropical,NASA_POWER_daily_ag,5.266,10.048,0.9991,dewpoint,328.3,32.614
2019-03-21,22.34,31.33,14.58,42.77,0.05,1.47,21.35,98.49,39.11,7.75,PNJ,29.39,76.96,semi_arid_subtropical,NASA_POWER_daily_ag,4.494,10.401,1.0546,dewpoint,294.6,32.803
2019-03-22,21.57,30.83,13.8,35.54,0.0,3.05,24.48,98.65,8.89,4.18,PNJ,29.39,76.96,semi_arid_subtropical,NASA_POWER_daily_ag,6.116,11.045,0.8236,dewpoint,277.8,32.99
2019-03-23,21.76,31.35,12.94,39.77,0.0,3.75,22.89,98.56,17.33,6.02,PNJ,29.39,76.96,semi_arid_subtropical,NASA_POWER_daily_ag,6.351,10.856,0.9364,dewpoint,287.3,33.176
2019-03-24,23.39,32.4,16.09,45.34,0.0,3.26,20.65,98.46,48.91,9.38,PNJ,29.39,76.96,semi_arid_subtropical,NASA_POWER_daily_ag,5.903,10.427,1.1779,dewpoint,297.8,33.36
2019-03-25,22.28,29.5,16.95,46.06,0.33,2.18,13.25,98.48,68.86,9.34,PNJ,29.39,76.96,semi_arid_subtropical,NASA_POWER_daily_ag,4.217,7.664,1.1747,dewpoint,295.7,33.543
2019-03-26,22.67,32.66,13.85,38.01,0.0,2.7,23.26,98.58,12.05,5.98,PNJ,29.39,76.96,semi_arid_subtropical,NASA_POWER_daily_ag,5.918,11.034,0.9338,dewpoint,285.2,33.724
2019-03-27,23.31,33.63,14.36,35.77,0.0,2.22,19.6,98.62,75.95,5.76,PNJ,29.39,76.96,semi_arid_subtropical,NASA_POWER_daily_ag,5.357,9.687,0.9197,dewpoint,281.0,33.904
2019-03-28,25.52,34.8,17.39,36.67,0.0,1.88,22.04,98.43,33.71,8.51,PNJ,29.39,76.96,semi_arid_subtropical,NASA_POWER_daily_ag,5.506,10.85,1.1106,dewpoint,300.9,34.082
2019-03-29,27.43,36.91,20.12,39.31,0.0,1.69,21.28,98.15,53.19,11.11,PNJ,29.39,76.96,semi_arid_subtropical,NASA_POWER_daily_ag,5.425,10.847,1.3223,dewpoint,330.4,34.258
2019-03-30,28.28,37.99,20.75,35.9,0.0,1.24,21.82,98.04,38.19,10.24,PNJ,29.39,76.96,semi_arid_subtropical,NASA_POWER_daily_ag,5.122,10.888,1.2479,dewpoint,342.0,34.432
2019-03-31,26.22,35.97,19.23,26.04,0.0,3.11,25.44,98.09,8.23,2.37,PNJ,29.39,76.96,semi_arid_subtropical,NASA_POWER_daily_ag,7.579,11.031,0.7245,dewpoint,336.7,34.604
2019-04-01,24.92,35.73,15.37,28.26,0.0,2.87,25.66,98.11,5.04,3.02,PNJ,29.39,76.96,semi_arid_subtropical,NASA_POWER_daily_ag,7.051,11.475,0.7588,dewpoint,334.6,34.775
2019-04-02,26.22,36.68,17.21,26.84,0.0,1.55,24.57,98.21,32.29,3.51,PNJ,29.39,76.96,semi_arid_subtropical,NASA_POWER_daily_ag,5.68,11.101,0.7856,dewpoint,324.1,34.943
2019-04-03,27.46,38.18,17.19,27.6,0.0,2.05,24.18,98.08,27.61,5.43,PNJ,29.39,76.96,semi_arid_subtropical,NASA_POWER_daily_ag,6.434,11.251,0.8988,dewpoint,337.7,35.11
2019-04-04,29.25,39.25,20.91,31.39,0.0,1.55,23.91,98.15,43.72,8.81,PNJ,29.39,76.96,semi_arid_subtropical,NASA_POWER_daily_ag,5.955,11.57,1.1334,dewpoint,330.4,35.274
2019-04-05,30.18,39.48,22.5,33.42,0.0,1.43,23.25,98.04,25.86,10.91,PNJ,29.39,76.96,semi_arid_subtropical,NASA_POWER_daily_ag,5.826,11.676,1.3049,dewpoint,342.0,35.437
2019-04-06,30.85,39.99,23.73,33.56,0.0,1.44,22.42,97.93,40.08,11.32,PNJ,29.39,76.96,semi_arid_subtropical,NASA_POWER_daily_ag,5.831,11.402,1.3409,dewpoint,353.6,35.597
2019-04-07,30.43,37.57,22.0,32.33,0.01,1.02,20.53,97.84,60.57,10.83,PNJ,29.39,76.96,semi_arid_subtropical,NASA_POWER_daily_ag,5.034,10.767,1.298,dewpoint,363.1,35.755
2019-04-08,28.79,36.05,21.89,33.24,1.62,1.4,21.02,97.96,41.3,9.89,PNJ,29.39,76.96,semi_arid_subtropical,NASA_POWER_daily_ag,5.426,10.912,1.2189,dewpoint,350.4,35.911
2019-04-09,28.81,38.17,20.14,31.37,0.95,1.4,24.58,97.95,24.98,8.47,PNJ,29.39,76.96,semi_arid_subtropical,NASA_POWER_daily_ag,5.852,12.062,1.1076,dewpoint,351.5,36.064
2019-04-10,30.55,40.02,22.04,29.96,0.0,1.82,23.69,98.03,28.38,9.97,PNJ,29.39,76.96,semi_arid_subtropical,NASA_POWER_daily_ag,6.523,11.864,1.2255,dewpoint,343.0,36.216
2019-04-11,30.66,39.64,22.57,30.31,0.0,2.27,22.15,98.02,59.27,9.77,PNJ,29.39,76.96,semi_arid_subtropical,NASA_POWER_daily_ag,6.972,11.271,1.2092,dewpoint,344.1,36.365
2019-04-12,30.57,38.83,23.15,29.33,0.0,2.52,22.87,98.04,53.97,9.84,PNJ,29.39,76.96,semi_arid_subtropical,NASA_POWER_daily_ag,7.348,11.608,1.2149,dewpoint,342.0,36.512
2019-04-13,30.54,38.96,22.74,33.47,0.05,2.9,22.15,98.11,56.45,11.52,PNJ,29.39,76.96,semi_arid_subtropical,NASA_POWER_daily_ag,7.588,11.641,1.3588,dewpoint,334.6,36.656
2019-04-14,31.25,39.78,23.04,32.26,0.0,3.22,24.51,98.09,48.02,11.4,PNJ,29.39,76.96,semi_arid_subtropical,NASA_POWER_daily_ag,8.397,12.568,1.348,dewpoint,336.7,36.798
2019-04-15,32.01,40.26,25.06,29.95,0.01,3.32,24.25,97.93,61.32,10.75,PNJ,29.39,76.96,semi_arid_subtropical,NASA_POWER_daily_ag,8.733,12.281,1.2911,dewpoint,353.6,36.938
2019-04-16,27.45,33.0,23.31,47.01,0.38,3.0,13.06,98.2,98.32,14.16,PNJ,29.39,76.96,semi_arid_subtropical,NASA_POWER_daily_ag,5.547,8.228,1.6153,dewpoint,325.1,37.075
2019-04-17,22.97,26.65,19.32,66.06,8.88,2.01,12.64,98.4,87.77,16.01,PNJ,29.39,76.96,semi_arid_subtropical,NASA_POWER_daily_ag,3.453,8.269,1.8194,dewpoint,304.1,37.21
2019-04-18,24.12,31.0,17.47,55.9,0.73,1.23,22.39,98.48,18.1,13.42,PNJ,29.39,76.96,semi_arid_subtropical,NASA_POWER_daily_ag,4.71,12.629,1.5394,dewpoint,295.7,37.343
2019-04-19,25.85,33.61,18.4,41.23,0.0,1.77,25.71,98.22,3.39,10.63,PNJ,29.39,76.96,semi_arid_subtropical,NASA_POWER_daily_ag,5.975,13.537,1.2808,dewpoint,323.0,37.473
2019-04-20,27.24,35.49,18.92,37.7,0.0,1.79,25.49,97.94,15.11,10.39,PNJ,29.39,76.96,semi_arid_subtropical,NASA_POWER_daily_ag,6.24,13.332,1.2604,dewpoint,352.5,37.6
2019-04-21,29.62,38.56,20.56,33.07,0.0,2.5,25.85,97.74,2.91,10.2,PNJ,29.39,76.96,semi_arid_subtropical,NASA_POWER_daily_ag,7.515,13.276,1.2445,dewpoint,373.6,37.726
2019-04-22,31.25,39.64,23.54,31.43,0.0,2.26,26.22,97.76,2.74,11.2,PNJ,29.39,76.96,semi_arid_subtropical,NASA_POWER_daily_ag,7.56,13.482,1.3303,dewpoint,371.5,37.848
2019-04-23,32.98,42.15,23.3,30.95,0.0,2.16,25.69,97.82,16.26,11.83,PNJ,29.39,76.96,semi_arid_subtropical,NASA_POWER_daily_ag,7.687,13.309,1.3869,dewpoint,365.2,37.969
2019-04-24,33.4,42.18,24.15,27.63,0.0,1.64,22.22,97.96,47.91,10.8,PNJ,29.39,76.96,semi_arid_subtropical,NASA_POWER_daily_ag,6.632,11.697,1.2954,dewpoint,350.4,38.086
2019-04-25,33.9,42.65,25.43,26.43,0.0,1.52,20.72,97.93,56.33,10.27,PNJ,29.39,76.96,semi_arid_subtropical,NASA_POWER_daily_ag,6.337,10.987,1.2504,dewpoint,353.6,38.202
2019-04-26,32.88,41.72,24.14,28.4,0.25,3.33,24.95,97.93,38.06,10.2,PNJ,29.39,76.96,semi_arid_subtropical,NASA_POWER_daily_ag,9.192,12.762,1.2445,dewpoint,353.6,38.315
2019-04-27,33.27,41.74,24.99,22.44,0.0,4.66,26.93,97.83,13.98,7.45,PNJ,29.39,76.96,semi_arid_subtropical,NASA_POWER_daily_ag,11.335,13.006,1.0332,dewpoint,364.1,38.425
2019-04-28,32.94,42.13,24.1,20.47,0.0,4.29,26.45,97.73,29.63,5.43,PNJ,29.39,76.96,semi_arid_subtropical,NASA_POWER_daily_ag,10.907,12.516,0.8988,dewpoint,374.7,38.533
2019-04-29,33.42,43.1,24.05,16.63,0.0,2.53,26.38,97.62,24.36,3.2,PNJ,29.39,76.96,semi_arid_subtropical,NASA_POWER_daily_ag,8.648,12.095,0.7686,dewpoint,386.3,38.639
2019-04-30,34.08,43.39,24.78,14.69,0.0,2.29,24.83,97.34,46.29,2.36,PNJ,29.39,76.96,semi_arid_subtropical,NASA_POWER_daily_ag,8.231,11.444,0.724,dewpoint,416.0,38.742
2019-05-01,33.7,43.15,24.18,18.48,0.02,2.07,25.05,97.27,44.93,4.63,PNJ,29.39,76.96,semi_arid_subtropical,NASA_POWER_daily_ag,7.815,11.934,0.85,dewpoint,423.4,38.842
2019-05-02,33.64,42.11,25.31,21.87,0.5,1.92,21.1,97.49,78.84,6.72,PNJ,29.39,76.96,semi_arid_subtropical,NASA_POWER_daily_ag,7.115,10.842,0.9828,dewpoint,400.1,38.941
2019-05-03,31.96,40.67,24.02,22.77,0.97,1.95,25.01,97.76,62.37,6.22,PNJ,29.39,76.96,semi_arid_subtropical,NASA_POWER_daily_ag,7.361,12.341,0.9494,dewpoint,371.5,39.036
2019-05-04,31.29,40.35,22.61,18.76,0.44,3.01,27.97,97.91,37.8,2.5,PNJ,29.39,76.96,semi_arid_subtropical,NASA_POWER_daily_ag,9.173,12.893,0.7313,dewpoint,355.7,39.13
2019-05-05,32.08,41.36,21.7,15.85,0.0,2.87,27.39,97.9,31.98,1.45,PNJ,29.39,76.96,semi_arid_subtropical,NASA_POWER_daily_ag,9.134,12.537,0.6783,dewpoint,356.7,39.221
2019-05-06,33.17,42.51,25.12,13.29,0.0,2.55,27.72,97.65,31.6,0.16,PNJ,29.39,76.96,semi_arid_subtropical,NASA_POWER_daily_ag,8.849,12.225,0.6179,dewpoint,383.1,39.309
2019-05-07,33.86,43.42,25.61,12.34,0.0,2.12,27.34,97.5,38.48,-0.77,PNJ,29.39,76.96,semi_arid_subtropical,NASA_POWER_daily_ag,8.194,11.911,0.5774,dewpoint,399.0,39.395
2019-05-08,34.85,44.13,26.29,13.52,0.0,2.45,25.6,97.5,62.6,1.59,PNJ,29.39,76.96,semi_arid_subtropical,NASA_POWER_daily_ag,8.753,11.674,0.6852,dewpoint,399.0,39.479
2019-05-09,35.06,43.88,25.52,16.62,0.0,3.29,27.11,97.38,43.5,4.99,PNJ,29.39,76.96,semi_arid_subtropical,NASA_POWER_daily_ag,10.244,12.812,0.8717,dewpoint,411.7,39.561
2019-05-10,35.42,43.02,28.25,22.16,0.03,3.61,22.31,97.5,76.78,9.69,PNJ,29.39,76.96,semi_arid_subtropical,NASA_POWER_daily_ag,10.027,11.737,1.2027,dewpoint,399.0,39.64
2019-05-11,32.79,42.07,27.18,31.43,0.44,3.19,22.85,97.81,86.57,12.22,PNJ,29.39,76.96,semi_arid_subtropical,NASA_POWER_daily_ag,8.638,12.434,1.423,dewpoint,366.2,39.717
2019-05-12,32.95,40.99,24.7,28.52,0.0,2.63,24.1,97.74,54.02,10.56,PNJ,29.39,76.96,semi_arid_subtropical,NASA_POWER_daily_ag,8.291,12.828,1.2748,dewpoint,373.6,39.791
2019-05-13,34.08,40.98,27.27,24.42,0.36,1.65,21.93,97.61,65.66,10.42,PNJ,29.39,76.96,semi_arid_subtropical,NASA_POWER_daily_ag,6.816,11.84,1.263,dewpoint,387.4,39.863
2019-05-14,31.4,37.76,25.23,37.67,4.98,2.45,25.06,97.74,37.83,14.37,PNJ,29.39,76.96,semi_arid_subtropical,NASA_POWER_daily_ag,7.604,14.062,1.6374,dewpoint,373.6,39.933
2019-05-15,32.94,39.55,25.11,31.08,0.0,1.15,17.29,97.82,61.28,12.58,PNJ,29.39,76.96,semi_arid_subtropical,NASA_POWER_daily_ag,5.264,10.232,1.4571,dewpoint,365.2,40.001
2019-05-16,32.61,38.99,25.97,32.64,1.47,2.3,20.64,97.87,74.89,13.33,PNJ,29.39,76.96,semi_arid_subtropical,NASA_POWER_daily_ag,7.205,11.825,1.5304,dewpoint,359.9,40.067
2019-05-17,30.98,38.01,25.3,42.28,6.28,2.35,20.66,97.87,68.87,15.67,PNJ,29.39,76.96,semi_arid_subtropical,NASA_POWER_daily_ag,6.708,12.216,1.7803,dewpoint,359.9,40.13
2019-05-18,29.03,35.26,22.94,49.68,4.04,2.22,25.65,97.86,39.42,16.62,PNJ,29.39,76.96,semi_arid_subtropical,NASA_POWER_daily_ag,6.735,14.985,1.8916,dewpoint,361.0,40.191
2019-05-19,31.23,38.5,23.67,36.33,0.0,3.22,27.0,97.9,16.92,13.05,PNJ,29.39,76.96,semi_arid_subtropical,NASA_POWER_daily_ag,8.736,14.784,1.5027,dewpoint,356.7,40.25
2019-05-20,32.87,40.45,24.88,28.82,0.0,3.13,23.38,97.93,41.01,11.29,PNJ,29.39,76.96,semi_arid_subtropical,NASA_POWER_daily_ag,8.803,12.756,1.3382,dewpoint,353.6,40.307
2019-05-21,32.8,41.87,25.14,27.38,0.01,3.7,25.6,97.84,21.4,10.12,PNJ,29.39,76.96,semi_arid_subtropical,NASA_POWER_daily_ag,9.805,13.447,1.2379,dewpoint,363.1,40.361
2019-05-22,33.97,42.62,25.14,27.72,0.0,2.66,21.34,97.64,68.33,11.28,PNJ,29.39,76.96,semi_arid_subtropical,NASA_POWER_daily_ag,8.199,11.824,1.3373,dewpoint,384.2,40.414
2019-05-23,32.96,38.78,27.77,34.05,2.3,1.43,19.33,97.61,85.74,14.59,PNJ,29.39,76.96,semi_arid_subtropical,NASA_POWER_daily_ag,5.896,11.42,1.6608,dewpoint,387.4,40.464
2019-05-24,32.29,37.97,27.66,39.6,0.77,2.63,21.67,97.75,48.41,16.39,PNJ,29.39,76.96,semi_arid_subtropical,NASA_POWER_daily_ag,7.385,12.82,1.8641,dewpoint,372.6,40.513
2019-05-25,31.78,37.82,25.6,33.8,0.02,4.3,28.19,97.71,7.46,13.16,PNJ,29.39,76.96,semi_arid_subtropical,NASA_POWER_daily_ag,10.084,15.377,1.5135,dewpoint,376.8,40.559
2019-05-26,32.9,40.92,24.09,26.36,0.0,3.13,29.1,97.52,8.95,9.43,PNJ,29.39,76.96,semi_arid_subtropical,NASA_POWER_daily_ag,9.626,14.926,1.1818,dewpoint,396.9,40.603
2019-05-27,34.29,42.77,25.55,20.63,0.0,3.41,28.11,97.51,25.03,6.28,PNJ,29.39,76.96,semi_arid_subtropical,NASA_POWER_daily_ag,10.379,13.767,0.9534,dewpoint,398.0,40.645
2019-05-28,34.87,44.03,24.53,15.18,0.0,3.31,29.72,97.42,8.04,3.05,PNJ,29.39,76.96,semi_arid_subtropical,NASA_POWER_daily_ag,10.651,13.755,0.7605,dewpoint,407.5,40.686
2019-05-29,36.72,45.48,27.33,17.54,0.0,3.35,28.32,97.28,26.37,6.75,PNJ,29.39,76.96,semi_arid_subtropical,NASA_POWER_daily_ag,10.849,13.727,0.9848,dewpoint,422.3,40.724
2019-05-30,37.76,46.6,28.05,15.54,0.0,2.58,26.9,97.16,24.75,5.64,PNJ,29.39,76.96,semi_arid_subtropical,NASA_POWER_daily_ag,9.641,12.923,0.9121,dewpoint,435.1,40.76
2019-05-31,38.26,47.28,28.72,13.62,0.0,3.11,27.14,97.18,34.6,4.45,PNJ,29.39,76.96,semi_arid_subtropical,NASA_POWER_daily_ag,10.698,12.74,0.8394,dewpoint,432.9,40.794
2019-06-01,38.87,47.43,29.91,15.59,0.0,1.97,25.88,97.22,47.94,6.68,PNJ,29.39,76.96,semi_arid_subtropical,NASA_POWER_daily_ag,8.552,12.628,0.9801,dewpoint,428.7,40.827
2019-06-02,38.99,46.34,30.51,14.62,0.01,2.31,25.77,97.22,50.16,6.66,PNJ,29.39,76.96,semi_arid_subtropical,NASA_POWER_daily_ag,9.215,12.622,0.9787,dewpoint,428.7,40.857
2019-06-03,38.21,45.85,29.46,14.59,0.08,2.25,24.21,97.25,46.32,5.96,PNJ,29.39,76.96,semi_arid_subtropical,NASA_POWER_daily_ag,8.827,12.018,0.9325,dewpoint,425.5,40.886
2019-06-04,37.36,45.46,28.39,23.05,0.35,2.32,22.27,97.32,56.01,10.99,PNJ,29.39,76.96,semi_arid_subtropical,NASA_POWER_daily_ag,8.479,12.084,1.3118,dewpoint,418.1,40.913
2019-06-05,39.0,45.83,31.2,16.39,0.0,1.78,24.37,97.23,54.18,8.44,PNJ,29.39,76.96,semi_arid_subtropical,NASA_POWER_daily_ag,8.047,12.415,1.1053,dewpoint,427.6,40.938
2019-06-06,39.38,46.13,32.71,13.66,0.0,2.39,23.35,97.28,70.59,6.29,PNJ,29.39,76.96,semi_arid_subtropical,NASA_POWER_daily_ag,9.149,11.639,0.9541,dewpoint,422.3,40.961
2019-06-07,36.96,43.61,29.07,15.31,0.26,1.71,27.44,97.57,50.85,5.54,PNJ,29.39,76.96,semi_arid_subtropical,NASA_POWER_daily_ag,8.048,13.264,0.9057,dewpoint,391.6,40.982
2019-06-08,37.84,45.51,29.57,14.69,0.0,2.16,26.86,97.4,41.22,5.79,PNJ,29.39,76.96,semi_arid_subtropical,NASA_POWER_daily_ag,8.913,12.982,0.9216,dewpoint,409.6,41.001
2019-06-09,38.82,46.9,30.46,14.97,0.0,2.73,27.89,97.12,27.53,6.62,PNJ,29.39,76.96,semi_arid_subtropical,NASA_POWER_daily_ag,10.191,13.402,0.976,dewpoint,439.3,41.019
2019-06-10,39.35,47.64,31.14,12.99,0.0,2.12,27.27,96.88,33.37,5.03,PNJ,29.39,76.96,semi_arid_subtropical,NASA_POWER_daily_ag,9.051,12.828,0.8741,dewpoint,464.8,41.034
2019-06-11,39.89,47.76,31.19,14.81,0.0,2.81,23.56,96.85,74.73,7.54,PNJ,29.39,76.96,semi_arid_subtropical,NASA_POWER_daily_ag,10.015,11.921,1.0396,dewpoint,468.0,41.048
2019-06-12,39.66,45.73,34.1,18.52,1.16,2.57,23.98,97.08,65.86,10.77,PNJ,29.39,76.96,semi_arid_subtropical,NASA_POWER_daily_ag,9.507,12.585,1.2928,dewpoint,443.6,41.061
2019-06-13,37.51,44.74,30.1,26.22,0.4,2.47,24.22,97.21,53.49,13.77,PNJ,29.39,76.96,semi_arid_subtropical,NASA_POWER_daily_ag,8.889,13.389,1.5749,dewpoint,429.8,41.071
2019-06-14,37.5,45.43,29.16,13.32,0.0,3.01,27.91,97.07,41.09,2.89,PNJ,29.39,76.96,semi_arid_subtropical,NASA_POWER_daily_ag,10.51,12.907,0.7519,dewpoint,444.6,41.08
2019-06-15,38.14,45.89,29.3,21.98,0.01,4.3,26.0,97.04,67.15,11.83,PNJ,29.39,76.96,semi_arid_subtropical,NASA_POWER_daily_ag,12.075,13.783,1.3869,dewpoint,447.8,41.087
2019-06-16,36.54,41.53,31.41,32.73,1.53,4.64,16.93,97.23,72.71,16.95,PNJ,29.39,76.96,semi_arid_subtropical,NASA_POWER_daily_ag,10.155,10.52,1.9316,dewpoint,427.6,41.092
2019-06-17,34.77,41.98,29.19,42.31,1.61,4.18,21.23,97.2,66.18,18.85,PNJ,29.39,76.96,semi_arid_subtropical,NASA_POWER_daily_ag,9.25,12.954,2.1769,dewpoint,430.8,41.095
2019-06-18,31.86,35.64,28.53,54.72,18.31,2.0,11.98,97.36,88.61,21.1,PNJ,29.39,76.96,semi_arid_subtropical,NASA_POWER_daily_ag,4.681,8.371,2.5023,dewpoint,413.8,41.097
2019-06-19,33.26,39.56,27.01,43.92,0.0,1.74,24.86,97.28,44.67,18.44,PNJ,29.39,76.96,semi_arid_subtropical,NASA_POWER_daily_ag,6.993,14.856,2.1218,dewpoint,422.3,41.097
2019-06-20,33.44,39.84,26.73,41.99,0.0,1.7,25.49,97.41,37.94,17.88,PNJ,29.39,76.96,semi_arid_subtropical,NASA_POWER_daily_ag,7.11,15.06,2.0485,dewpoint,408.5,41.095
2019-06-21,34.66,41.18,28.11,34.37,0.12,1.33,22.01,97.42,60.02,15.66,PNJ,29.39,76.96,semi_arid_subtropical,NASA_POWER_daily_ag,6.371,12.864,1.7792,dewpoint,407.5,41.092
2019-06-22,35.52,42.36,27.73,31.89,0.0,1.43,26.17,97.36,17.42,15.01,PNJ,29.39,76.96,semi_arid_subtropical,NASA_POWER_daily_ag,7.257,14.683,1.7064,dewpoint,413.8,41.086
2019-06-23,35.86,42.5,29.01,35.33,0.53,2.04,25.22,97.35,23.7,17.41,PNJ,29.39,76.96,semi_arid_subtropical,NASA_POWER_daily_ag,7.942,14.676,1.9887,dewpoint,414.9,41.079
2019-06-24,34.29,39.82,28.49,49.39,0.28,3.25,20.62,97.54,68.14,21.58,PNJ,29.39,76.96,semi_arid_subtropical,NASA_POWER_daily_ag,7.68,13.128,2.577,dewpoint,394.8,41.071
2019-06-25,34.96,39.93,30.35,47.9,0.23,1.41,21.12,97.47,66.94,21.79,PNJ,29.39,76.96,semi_arid_subtropical,NASA_POWER_daily_ag,6.151,13.405,2.6103,dewpoint,402.2,41.06
2019-06-26,37.03,43.54,31.42,35.4,0.03,2.63,25.41,97.2,22.24,18.29,PNJ,29.39,76.96,semi_arid_subtropical,NASA_POWER_daily_ag,8.906,14.853,2.1019,dewpoint,430.8,41.048
2019-06-27,36.46,42.32,30.67,32.39,0.26,3.39,16.7,96.97,68.62,16.86,PNJ,29.39,76.96,semi_arid_subtropical,NASA_POWER_daily_ag,8.614,10.394,1.9206,dewpoint,455.2,41.035
2019-06-28,36.97,43.78,30.08,34.33,0.06,3.32,25.41,96.85,38.61,17.8,PNJ,29.39,76.96,semi_arid_subtropical,NASA_POWER_daily_ag,9.787,14.779,2.0382,dewpoint,468.0,41.019
2019-06-29,37.69,44.76,30.3,31.56,0.0,2.93,24.21,96.8,40.61,16.95,PNJ,29.39,76.96,semi_arid_subtropical,NASA_POWER_daily_ag,9.381,13.979,1.9316,dewpoint,473.3,41.002
2019-06-30,38.48,45.47,31.31,28.48,0.0,2.0,24.48,96.85,58.57,16.04,PNJ,29.39,76.96,semi_arid_subtropical,NASA_POWER_daily_ag,8.271,13.869,1.8229,dewpoint,468.0,40.983
2019-07-01,38.14,44.39,31.49,30.13,1.3,1.31,24.03,96.97,63.77,16.83,PNJ,29.39,76.96,semi_arid_subtropical,NASA_POWER_daily_ag,7.048,13.837,1.917,dewpoint,455.2,40.962
2019-07-02,38.2,44.29,32.22,27.81,0.43,1.97,23.85,97.08,52.31,15.59,PNJ,29.39,76.96,semi_arid_subtropical,NASA_POWER_daily_ag,8.099,13.49,1.7712,dewpoint,443.6,40.94
2019-07-03,36.86,42.34,31.55,34.63,6.88,1.49,22.6,97.11,67.78,18.19,PNJ,29.39,76.96,semi_arid_subtropical,NASA_POWER_daily_ag,6.912,13.446,2.0888,dewpoint,440.4,40.916
2019-07-04,35.76,40.57,31.51,44.69,6.37,1.62,11.6,97.0,90.73,21.33,PNJ,29.39,76.96,semi_arid_subtropical,NASA_POWER_daily_ag,4.927,8.121,2.5379,dewpoint,452.1,40.89
2019-07-05,34.77,39.71,29.96,45.84,3.98,1.33,20.32,96.83,74.05,20.81,PNJ,29.39,76.96,semi_arid_subtropical,NASA_POWER_daily_ag,5.938,12.803,2.4581,dewpoint,470.1,40.862
2019-07-06,35.1,40.95,29.16,47.34,2.05,1.48,16.46,96.67,96.03,21.2,PNJ,29.39,76.96,semi_arid_subtropical,NASA_POWER_daily_ag,5.484,10.76,2.5177,dewpoint,487.2,40.833
2019-07-07,33.72,38.79,29.05,56.88,12.43,1.32,22.79,96.83,73.57,23.43,PNJ,29.39,76.96,semi_arid_subtropical,NASA_POWER_daily_ag,6.062,14.677,2.8833,dewpoint,470.1,40.801
2019-07-08,35.81,41.28,30.38,49.3,1.62,1.57,21.12,96.82,64.73,22.65,PNJ,29.39,76.96,semi_arid_subtropical,NASA_POWER_daily_ag,6.406,13.506,2.7505,dewpoint,471.2,40.768
2019-07-09,33.36,36.17,30.9,57.42,19.64,2.3,12.81,96.81,94.88,23.61,PNJ,29.39,76.96,semi_arid_subtropical,NASA_POWER_daily_ag,5.009,8.948,2.9148,dewpoint,472.3,40.733
2019-07-10,34.71,40.52,28.9,49.93,4.53,2.74,17.88,96.72,89.78,21.94,PNJ,29.39,76.96,semi_arid_subtropical,NASA_POWER_daily_ag,6.844,11.623,2.6343,dewpoint,481.8,40.697
2019-07-11,34.84,40.43,29.64,49.03,11.0,2.56,16.68,96.76,91.57,22.01,PNJ,29.39,76.96,semi_arid_subtropical,NASA_POWER_daily_ag,6.504,10.957,2.6455,dewpoint,477.6,40.658
2019-07-12,34.48,39.44,29.73,49.15,2.49,2.81,14.02,96.97,99.28,21.72,PNJ,29.39,76.96,semi_arid_subtropical,NASA_POWER_daily_ag,6.267,9.467,2.5991,dewpoint,455.2,40.618
2019-07-13,34.18,40.1,29.16,50.08,5.79,3.24,16.23,97.05,82.74,21.62,PNJ,29.39,76.96,semi_arid_subtropical,NASA_POWER_daily_ag,6.927,10.665,2.5833,dewpoint,446.7,40.576
2019-07-14,32.43,36.05,28.64,57.67,19.65,2.1,13.14,96.97,84.01,22.49,PNJ,29.39,76.96,semi_arid_subtropical,NASA_POWER_daily_ag,4.862,9.063,2.7239,dewpoint,455.2,40.532
2019-07-15,31.59,36.03,27.09,64.63,19.6,1.89,11.59,96.95,89.86,23.81,PNJ,29.39,76.96,semi_arid_subtropical,NASA_POWER_daily_ag,4.055,8.254,2.9501,dewpoint,457.4,40.486
2019-07-16,30.98,34.75,27.31,66.6,17.5,1.3,8.46,97.23,92.01,23.6,PNJ,29.39,76.96,semi_arid_subtropical,NASA_POWER_daily_ag,3.042,6.419,2.913,dewpoint,427.6,40.438
2019-07-17,30.06,33.46,26.74,69.3,24.73,0.82,14.19,97.38,66.61,23.62,PNJ,29.39,76.96,semi_arid_subtropical,NASA_POWER_daily_ag,3.624,9.772,2.9165,dewpoint,411.7,40.389
2019-07-18,30.62,34.83,26.47,69.23,3.08,0.96,19.91,97.32,58.98,24.0,PNJ,29.39,76.96,semi_arid_subtropical,NASA_POWER_daily_ag,4.773,13.161,2.9839,dewpoint,418.1,40.337
2019-07-19,32.06,36.3,27.03,63.37,0.49,1.01,20.17,97.36,67.74,23.76,PNJ,29.39,76.96,semi_arid_subtropical,NASA_POWER_daily_ag,5.073,13.238,2.9412,dewpoint,413.8,40.283
2019-07-20,32.42,37.22,27.57,60.89,1.66,1.25,19.62,97.44,74.84,23.44,PNJ,29.39,76.96,semi_arid_subtropical,NASA_POWER_daily_ag,5.21,12.839,2.8851,dewpoint,405.4,40.228
2019-07-21,32.55,36.88,27.36,62.52,2.78,1.44,21.87,97.41,53.58,24.05,PNJ,29.39,76.96,semi_arid_subtropical,NASA_POWER_daily_ag,5.72,14.256,2.9929,dewpoint,408.5,40.171
2019-07-22,32.97,38.17,28.35,61.98,1.08,1.23,21.12,97.29,78.66,24.19,PNJ,29.39,76.96,semi_arid_subtropical,NASA_POWER_daily_ag,5.503,13.802,3.0181,dewpoint,421.3,40.111
2019-07-23,33.12,37.81,28.5,62.17,6.91,1.44,19.85,97.15,64.12,24.5,PNJ,29.39,76.96,semi_arid_subtropical,NASA_POWER_daily_ag,5.427,13.112,3.0746,dewpoint,436.1,40.05
2019-07-24,34.08,40.02,28.51,54.68,4.81,1.74,19.43,97.0,74.07,22.81,PNJ,29.39,76.96,semi_arid_subtropical,NASA_POWER_daily_ag,5.917,12.553,2.7773,dewpoint,452.1,39.986
2019-07-25,29.53,31.97,26.95,80.03,11.94,1.87,9.92,97.18,99.28,25.62,PNJ,29.39,76.96,semi_arid_subtropical,NASA_POWER_daily_ag,2.948,7.312,3.2867,dewpoint,432.9,39.921
2019-07-26,28.57,31.49,25.99,81.17,10.17,1.75,11.66,97.07,97.35,24.9,PNJ,29.39,76.96,semi_arid_subtropical,NASA_POWER_daily_ag,3.116,8.342,3.149,dewpoint,444.6,39.853
2019-07-27,28.58,32.56,25.71,81.51,16.7,3.13,13.23,97.07,98.81,24.92,PNJ,29.39,76.96,semi_arid_subtropical,NASA_POWER_daily_ag,3.653,9.282,3.1527,dewpoint,444.6,39.784
2019-07-28,29.41,33.71,25.53,78.52,4.07,3.25,17.73,97.28,93.55,25.01,PNJ,29.39,76.96,semi_arid_subtropical,NASA_POWER_daily_ag,4.668,11.987,3.1697,dewpoint,422.3,39.712
2019-07-29,30.61,34.5,26.71,74.19,0.25,2.98,22.66,97.37,65.87,25.2,PNJ,29.39,76.96,semi_arid_subtropical,NASA_POWER_daily_ag,5.798,14.955,3.2057,dewpoint,412.8,39.638
2019-07-30,31.1,35.82,26.32,70.2,0.4,1.81,20.71,97.34,73.79,24.63,PNJ,29.39,76.96,semi_arid_subtropical,NASA_POWER_daily_ag,5.322,13.657,3.0986,dewpoint,416.0,39.562
2019-07-31,30.58,34.98,26.5,68.88,1.72,1.6,13.95,97.27,99.35,23.85,PNJ,29.39,76.96,semi_arid_subtropical,NASA_POWER_daily_ag,4.047,9.583,2.9572,dewpoint,423.4,39.484
2019-08-01,30.72,34.77,26.84,71.27,0.29,1.73,21.03,97.18,86.59,24.7,PNJ,29.39,76.96,semi_arid_subtropical,NASA_POWER_daily_ag,5.241,13.855,3.1116,dewpoint,432.9,39.404
2019-08-02,30.35,35.58,26.85,76.09,13.52,1.86,8.19,97.11,98.11,25.34,PNJ,29.39,76.96,semi_arid_subtropical,NASA_POWER_daily_ag,2.89,6.23,3.2325,dewpoint,440.4,39.322
2019-08-03,29.37,33.15,26.41,78.68,8.08,1.82,15.52,97.17,90.13,24.97,PNJ,29.39,76.96,semi_arid_subtropical,NASA_POWER_daily_ag,3.958,10.619,3.1621,dewpoint,434.0,39.237
2019-08-04,28.61,30.93,26.3,80.84,5.23,1.75,21.1,97.06,61.02,24.85,PNJ,29.39,76.96,semi_arid_subtropical,NASA_POWER_daily_ag,4.715,13.971,3.1396,dewpoint,445.7,39.15
2019-08-05,31.33,35.26,26.61,73.44,5.27,1.32,19.96,96.87,64.23,25.67,PNJ,29.39,76.96,semi_arid_subtropical,NASA_POWER_daily_ag,4.922,13.357,3.2964,dewpoint,465.9,39.062
2019-08-06,31.58,35.21,28.06,71.71,12.6,0.89,13.68,96.87,90.98,25.56,PNJ,29.39,76.96,semi_arid_subtropical,NASA_POWER_daily_ag,3.615,9.528,3.275,dewpoint,465.9,38.97
2019-08-07,29.76,32.6,26.87,77.76,2.16,1.21,19.93,96.95,76.09,25.23,PNJ,29.39,76.96,semi_arid_subtropical,NASA_POWER_daily_ag,4.612,13.279,3.2114,dewpoint,457.4,38.877
2019-08-08,31.14,35.59,26.53,68.21,1.1,0.81,20.9,96.93,77.1,24.13,PNJ,29.39,76.96,semi_arid_subtropical,NASA_POWER_daily_ag,4.9,13.606,3.0073,dewpoint,459.5,38.782
2019-08-09,30.34,33.62,26.98,73.93,0.89,2.51,18.23,97.12,85.97,24.93,PNJ,29.39,76.96,semi_arid_subtropical,NASA_POWER_daily_ag,4.885,12.181,3.1546,dewpoint,439.3,38.684
2019-08-10,29.82,33.8,26.49,74.98,0.77,3.59,15.97,97.18,71.24,24.63,PNJ,29.39,76.96,semi_arid_subtropical,NASA_POWER_daily_ag,4.735,10.795,3.0986,dewpoint,432.9,38.584
2019-08-11,30.64,34.62,26.09,74.23,7.13,1.59,22.16,97.25,35.07,25.28,PNJ,29.39,76.96,semi_arid_subtropical,NASA_POWER_daily_ag,5.281,14.568,3.221,dewpoint,425.5,38.481
2019-08-12,31.64,36.07,27.82,70.43,0.89,1.28,17.65,97.2,90.1,25.34,PNJ,29.39,76.96,semi_arid_subtropical,NASA_POWER_daily_ag,4.549,11.831,3.2325,dewpoint,430.8,38.377
2019-08-13,31.78,35.45,28.07,71.21,4.64,1.05,19.69,97.26,76.99,25.62,PNJ,29.39,76.96,semi_arid_subtropical,NASA_POWER_daily_ag,4.815,13.093,3.2867,dewpoint,424.4,38.27
2019-08-14,30.46,32.93,27.56,76.23,11.87,1.38,13.6,97.43,97.94,25.67,PNJ,29.39,76.96,semi_arid_subtropical,NASA_POWER_daily_ag,3.608,9.457,3.2964,dewpoint,406.4,38.161
2019-08-15,28.4,30.38,26.4,85.41,9.94,1.4,16.43,97.46,94.55,25.68,PNJ,29.39,76.96,semi_arid_subtropical,NASA_POWER_daily_ag,3.686,11.194,3.2984,dewpoint,403.2,38.049
2019-08-16,28.54,32.55,25.86,79.76,4.85,2.96,18.14,97.3,80.75,24.48,PNJ,29.39,76.96,semi_arid_subtropical,NASA_POWER_daily_ag,4.448,12.022,3.071,dewpoint,420.2,37.935
2019-08-17,27.76,30.2,25.65,88.73,11.89,3.84,9.0,97.18,95.05,25.68,PNJ,29.39,76.96,semi_arid_subtropical,NASA_POWER_daily_ag,2.486,6.676,3.2984,dewpoint,432.9,37.819
2019-08-18,27.92,31.0,25.61,87.32,28.79,1.71,15.9,97.47,86.92,25.54,PNJ,29.39,76.96,semi_arid_subtropical,NASA_POWER_daily_ag,3.518,10.833,3.2711,dewpoint,402.2,37.701
2019-08-19,29.28,33.65,25.22,77.33,0.63,0.56,20.85,97.73,49.26,24.59,PNJ,29.39,76.96,semi_arid_subtropical,NASA_POWER_daily_ag,4.51,13.587,3.0912,dewpoint,374.7,37.58
2019-08-20,28.48,33.36,24.83,78.16,0.03,2.13,25.35,97.68,11.98,23.99,PNJ,29.39,76.96,semi_arid_subtropical,NASA_POWER_daily_ag,5.489,16.074,2.9821,dewpoint,380.0,37.457
2019-08-21,28.83,34.81,23.65,73.68,1.48,1.91,24.15,97.52,25.2,23.19,PNJ,29.39,76.96,semi_arid_subtropical,NASA_POWER_daily_ag,5.456,15.169,2.8419,dewpoint,396.9,37.332
2019-08-22,29.04,34.37,24.26,68.25,0.36,1.1,21.81,97.57,52.89,22.11,PNJ,29.39,76.96,semi_arid_subtropical,NASA_POWER_daily_ag,4.907,13.609,2.6617,dewpoint,391.6,37.205
2019-08-23,29.47,34.38,25.31,66.49,6.17,1.03,21.74,97.55,35.76,22.27,PNJ,29.39,76.96,semi_arid_subtropical,NASA_POWER_daily_ag,4.916,13.564,2.6878,dewpoint,393.7,37.075
2019-08-24,30.31,35.8,25.99,65.55,0.66,1.1,15.48,97.53,91.1,22.69,PNJ,29.39,76.96,semi_arid_subtropical,NASA_POWER_daily_ag,4.021,10.131,2.7572,dewpoint,395.8,36.943
2019-08-25,27.87,30.77,25.21,82.84,10.42,1.42,13.54,97.63,96.57,24.6,PNJ,29.39,76.96,semi_arid_subtropical,NASA_POWER_daily_ag,3.203,9.27,3.0931,dewpoint,385.3,36.809
2019-08-26,28.84,32.92,24.77,74.75,0.59,1.68,22.1,97.66,57.15,23.53,PNJ,29.39,76.96,semi_arid_subtropical,NASA_POWER_daily_ag,5.007,14.016,2.9008,dewpoint,382.1,36.672
2019-08-27,30.61,35.43,25.24,69.78,0.09,0.84,23.72,97.56,39.99,24.05,PNJ,29.39,76.96,semi_arid_subtropical,NASA_POWER_daily_ag,5.263,14.977,2.9929,dewpoint,392.7,36.533
2019-08-28,31.31,35.53,26.75,71.54,0.12,0.94,23.14,97.61,28.26,25.24,PNJ,29.39,76.96,semi_arid_subtropical,NASA_POWER_daily_ag,5.277,14.884,3.2133,dewpoint,387.4,36.392
2019-08-29,31.69,35.34,27.78,69.06,0.48,0.6,18.69,97.67,61.89,25.01,PNJ,29.39,76.96,semi_arid_subtropical,NASA_POWER_daily_ag,4.349,12.207,3.1697,dewpoint,381.0,36.249
2019-08-30,30.52,33.77,27.15,73.1,1.65,0.78,19.95,97.44,45.51,24.98,PNJ,29.39,76.96,semi_arid_subtropical,NASA_POWER_daily_ag,4.525,12.957,3.164,dewpoint,405.4,36.104
2019-08-31,30.8,34.52,27.02,72.66,24.2,0.89,17.83,97.26,54.54,25.07,PNJ,29.39,76.96,semi_arid_subtropical,NASA_POWER_daily_ag,4.224,11.715,3.181,dewpoint,424.4,35.956
2019-09-01,29.56,33.15,26.86,79.35,6.37,1.06,15.93,97.41,96.32,25.45,PNJ,29.39,76.96,semi_arid_subtropical,NASA_POWER_daily_ag,3.728,10.663,3.2537,dewpoint,408.5,35.807
2019-09-02,29.56,33.53,26.4,77.55,2.41,0.91,21.65,97.44,42.4,24.9,PNJ,29.39,76.96,semi_arid_subtropical,NASA_POWER_daily_ag,4.717,13.896,3.149,dewpoint,405.4,35.655
2019-09-03,30.24,34.94,25.93,74.16,0.57,1.07,18.13,97.38,54.31,24.75,PNJ,29.39,76.96,semi_arid_subtropical,NASA_POWER_daily_ag,4.269,11.798,3.1209,dewpoint,411.7,35.501
2019-09-04,30.4,34.49,26.4,73.44,3.79,0.92,14.1,97.32,75.28,24.78,PNJ,29.39,76.96,semi_arid_subtropical,NASA_POWER_daily_ag,3.522,9.468,3.1265,dewpoint,418.1,35.345
2019-09-05,29.71,32.88,26.74,79.89,10.31,0.92,14.42,97.36,84.63,25.68,PNJ,29.39,76.96,semi_arid_subtropical,NASA_POWER_daily_ag,3.416,9.758,3.2984,dewpoint,413.8,35.187
2019-09-06,30.29,34.08,25.76,75.06,5.84,0.65,20.25,97.26,42.87,25.09,PNJ,29.39,76.96,semi_arid_subtropical,NASA_POWER_daily_ag,4.469,13.057,3.1848,dewpoint,424.4,35.027
2019-09-07,30.43,33.98,27.05,74.4,4.53,0.66,17.68,97.29,83.92,25.17,PNJ,29.39,76.96,semi_arid_subtropical,NASA_POWER_daily_ag,4.017,11.548,3.2,dewpoint,421.3,34.865
2019-09-08,29.8,34.25,26.12,74.05,0.08,0.92,19.83,97.47,36.96,24.33,PNJ,29.39,76.96,semi_arid_subtropical,NASA_POWER_daily_ag,4.428,12.612,3.0435,dewpoint,402.2,34.701
2019-09-09,29.38,35.04,25.39,71.9,0.0,1.31,19.67,97.34,12.69,23.51,PNJ,29.39,76.96,semi_arid_subtropical,NASA_POWER_daily_ag,4.521,12.337,2.8973,dewpoint,416.0,34.535
2019-09-10,29.64,35.13,25.45,65.24,0.0,1.37,18.63,97.32,9.63,22.07,PNJ,29.39,76.96,semi_arid_subtropical,NASA_POWER_daily_ag,4.539,11.481,2.6552,dewpoint,418.1,34.368
2019-09-11,30.31,36.26,25.15,63.9,0.28,1.05,18.04,97.45,7.42,22.21,PNJ,29.39,76.96,semi_arid_subtropical,NASA_POWER_daily_ag,4.345,11.153,2.678,dewpoint,404.3,34.198
2019-09-12,30.85,37.17,25.3,63.46,1.74,1.14,16.56,97.57,69.63,22.52,PNJ,29.39,76.96,semi_arid_subtropical,NASA_POWER_daily_ag,4.226,10.38,2.7289,dewpoint,391.6,34.027
2019-09-13,30.57,35.46,25.1,70.37,0.04,1.37,16.4,97.69,72.54,24.15,PNJ,29.39,76.96,semi_arid_subtropical,NASA_POWER_daily_ag,4.168,10.553,3.0109,dewpoint,378.9,33.854
2019-09-14,30.62,35.83,26.13,70.25,1.17,1.41,17.32,97.71,50.81,24.12,PNJ,29.39,76.96,semi_arid_subtropical,NASA_POWER_daily_ag,4.339,11.021,3.0055,dewpoint,376.8,33.68
2019-09-15,29.72,34.89,24.97,72.05,0.25,1.32,17.9,97.75,33.95,23.75,PNJ,29.39,76.96,semi_arid_subtropical,NASA_POWER_daily_ag,4.251,11.288,2.9394,dewpoint,372.6,33.503
2019-09-16,29.94,35.35,25.93,66.21,1.89,1.38,18.64,97.6,24.73,22.49,PNJ,29.39,76.96,semi_arid_subtropical,NASA_POWER_daily_ag,4.526,11.407,2.7239,dewpoint,388.4,33.326
2019-09-17,30.03,35.95,24.83,65.93,2.26,0.99,18.33,97.69,24.42,22.42,PNJ,29.39,76.96,semi_arid_subtropical,NASA_POWER_daily_ag,4.262,11.214,2.7124,dewpoint,378.9,33.146
2019-09-18,29.75,36.43,24.58,62.58,0.06,1.27,19.0,98.03,5.71,21.13,PNJ,29.39,76.96,semi_arid_subtropical,NASA_POWER_daily_ag,4.55,11.277,2.5069,dewpoint,343.0,32.966
2019-09-19,28.07,32.76,24.17,70.56,0.04,2.19,18.16,98.3,36.44,21.88,PNJ,29.39,76.96,semi_arid_subtropical,NASA_POWER_daily_ag,4.468,11.045,2.6247,dewpoint,314.6,32.783
2019-09-20,28.63,33.99,23.28,70.06,0.04,1.56,19.59,98.12,26.91,22.26,PNJ,29.39,76.96,semi_arid_subtropical,NASA_POWER_daily_ag,4.5,11.831,2.6861,dewpoint,333.5,32.6
2019-09-21,29.35,33.64,25.15,66.67,4.03,0.83,18.41,98.0,21.69,22.17,PNJ,29.39,76.96,semi_arid_subtropical,NASA_POWER_daily_ag,4.071,11.144,2.6715,dewpoint,346.2,32.415
2019-09-22,28.36,32.38,24.47,73.42,7.08,1.4,18.14,98.17,27.62,22.89,PNJ,29.39,76.96,semi_arid_subtropical,NASA_POWER_daily_ag,4.092,11.148,2.7908,dewpoint,328.3,32.229
2019-09-23,27.91,33.0,23.28,72.37,1.84,1.02,20.91,98.31,8.48,22.03,PNJ,29.39,76.96,semi_arid_subtropical,NASA_POWER_daily_ag,4.331,12.402,2.6488,dewpoint,313.5,32.042
2019-09-24,28.26,33.2,23.18,69.72,1.07,1.29,19.66,98.33,8.49,21.87,PNJ,29.39,76.96,semi_arid_subtropical,NASA_POWER_daily_ag,4.32,11.69,2.6231,dewpoint,311.4,31.854
2019-09-25,28.6,33.48,24.03,70.14,1.69,1.5,18.05,98.47,15.51,22.22,PNJ,29.39,76.96,semi_arid_subtropical,NASA_POWER_daily_ag,4.202,10.878,2.6796,dewpoint,296.7,31.664
2019-09-26,28.07,33.01,24.35,71.82,5.12,2.14,16.91,98.53,34.86,22.1,PNJ,29.39,76.96,semi_arid_subtropical,NASA_POWER_daily_ag,4.189,10.247,2.6601,dewpoint,290.4,31.474
2019-09-27,27.56,33.0,23.4,74.14,3.3,2.13,16.83,98.35,35.15,22.17,PNJ,29.39,76.96,semi_arid_subtropical,NASA_POWER_daily_ag,4.022,10.21,2.6715,dewpoint,309.3,31.283
2019-09-28,26.67,31.78,22.79,77.53,10.61,2.23,17.05,98.24,30.18,21.97,PNJ,29.39,76.96,semi_arid_subtropical,NASA_POWER_daily_ag,3.867,10.297,2.6391,dewpoint,320.9,31.091
2019-09-29,25.9,30.79,22.57,77.24,5.63,2.55,10.71,98.31,81.46,21.27,PNJ,29.39,76.96,semi_arid_subtropical,NASA_POWER_daily_ag,3.041,6.995,2.5286,dewpoint,313.5,30.898
2019-09-30,25.79,30.85,21.9,79.35,6.3,1.42,12.65,98.16,52.21,21.7,PNJ,29.39,76.96,semi_arid_subtropical,NASA_POWER_daily_ag,2.876,7.999,2.596,dewpoint,329.3,30.705
2019-10-01,26.38,31.21,21.86,73.83,0.5,1.26,14.09,98.13,35.56,20.96,PNJ,29.39,76.96,semi_arid_subtropical,NASA_POWER_daily_ag,3.204,8.606,2.4809,dewpoint,332.5,30.511
2019-10-02,26.77,32.48,22.42,69.78,0.04,0.91,18.0,98.23,14.59,20.29,PNJ,29.39,76.96,semi_arid_subtropical,NASA_POWER_daily_ag,3.676,10.331,2.3806,dewpoint,321.9,30.316
2019-10-03,25.95,30.65,22.42,70.2,2.37,1.18,17.23,98.26,41.78,19.74,PNJ,29.39,76.96,semi_arid_subtropical,NASA_POWER_daily_ag,3.598,9.876,2.3009,dewpoint,318.8,30.121
2019-10-04,24.66,30.03,20.7,73.47,9.34,1.94,15.61,98.35,60.33,19.16,PNJ,29.39,76.96,semi_arid_subtropical,NASA_POWER_daily_ag,3.481,9.041,2.2194,dewpoint,309.3,29.926
2019-10-05,23.77,29.28,19.42,70.24,0.0,2.19,18.79,98.36,37.36,17.63,PNJ,29.39,76.96,semi_arid_subtropical,NASA_POWER_daily_ag,3.923,10.24,2.0165,dewpoint,308.3,29.73
2019-10-06,24.16,30.1,19.58,68.1,0.0,1.83,16.87,98.39,53.1,17.52,PNJ,29.39,76.96,semi_arid_subtropical,NASA_POWER_daily_ag,3.67,9.308,2.0025,dewpoint,305.1,29.535
2019-10-07,24.98,32.03,20.44,62.53,0.0,2.6,15.8,98.5,47.59,16.57,PNJ,29.39,76.96,semi_arid_subtropical,NASA_POWER_daily_ag,4.228,8.597,1.8856,dewpoint,293.6,29.339
2019-10-08,24.76,32.17,18.05,59.98,0.02,1.63,18.52,98.42,0.04,15.64,PNJ,29.39,76.96,semi_arid_subtropical,NASA_POWER_daily_ag,4.033,9.574,1.7769,dewpoint,302.0,29.143
2019-10-09,25.03,32.32,19.21,59.1,0.01,1.0,18.82,98.43,2.9,15.56,PNJ,29.39,76.96,semi_arid_subtropical,NASA_POWER_daily_ag,3.677,9.593,1.7678,dewpoint,300.9,28.947
2019-10-10,24.46,31.93,18.43,57.77,0.0,1.2,18.22,98.4,1.43,14.75,PNJ,29.39,76.96,semi_arid_subtropical,NASA_POWER_daily_ag,3.696,9.199,1.6781,dewpoint,304.1,28.751
2019-10-11,24.76,31.72,19.4,59.0,0.0,1.16,17.8,98.34,0.38,15.67,PNJ,29.39,76.96,semi_arid_subtropical,NASA_POWER_daily_ag,3.611,9.132,1.7803,dewpoint,310.4,28.556
2019-10-12,24.89,32.26,19.55,59.66,0.0,1.3,16.9,98.41,0.61,15.81,PNJ,29.39,76.96,semi_arid_subtropical,NASA_POWER_daily_ag,3.602,8.735,1.7963,dewpoint,303.0,28.36
2019-10-13,24.97,32.69,19.76,60.04,0.0,1.55,16.97,98.48,6.18,15.98,PNJ,29.39,76.96,semi_arid_subtropical,NASA_POWER_daily_ag,3.757,8.727,1.816,dewpoint,295.7,28.165
2019-10-14,25.28,32.95,19.82,61.73,0.0,1.21,15.51,98.53,25.09,16.64,PNJ,29.39,76.96,semi_arid_subtropical,NASA_POWER_daily_ag,3.376,8.207,1.894,dewpoint,290.4,27.971
2019-10-15,25.21,32.95,19.89,57.59,0.0,1.24,15.74,98.61,0.53,15.26,PNJ,29.39,76.96,semi_arid_subtropical,NASA_POWER_daily_ag,3.476,8.037,1.7341,dewpoint,282.0,27.777
2019-10-16,24.89,32.97,18.12,54.33,0.03,1.28,15.61,98.63,2.39,13.96,PNJ,29.39,76.96,semi_arid_subtropical,NASA_POWER_daily_ag,3.515,7.792,1.5945,dewpoint,279.9,27.584
2019-10-17,25.04,33.38,18.74,51.71,0.0,1.49,15.23,98.6,0.93,13.52,PNJ,29.39,76.96,semi_arid_subtropical,NASA_POWER_daily_ag,3.682,7.522,1.5495,dewpoint,283.1,27.392
2019-10-18,24.87,32.66,19.6,60.15,4.25,1.56,14.09,98.62,35.32,16.04,PNJ,29.39,76.96,semi_arid_subtropical,NASA_POWER_daily_ag,3.39,7.421,1.8229,dewpoint,281.0,27.2
2019-10-19,24.64,32.96,19.58,51.09,0.3,1.37,15.22,98.75,8.77,13.12,PNJ,29.39,76.96,semi_arid_subtropical,NASA_POWER_daily_ag,3.512,7.355,1.5096,dewpoint,267.3,27.009
2019-10-20,23.49,32.23,16.98,52.01,0.0,2.03,16.72,98.72,2.91,12.02,PNJ,29.39,76.96,semi_arid_subtropical,NASA_POWER_daily_ag,4.038,7.727,1.4044,dewpoint,270.5,26.82
2019-10-21,22.68,31.25,16.42,51.87,0.0,2.38,17.67,98.55,4.25,11.34,PNJ,29.39,76.96,semi_arid_subtropical,NASA_POWER_daily_ag,4.238,7.921,1.3427,dewpoint,288.3,26.631
2019-10-22,22.41,31.8,15.24,49.92,0.0,2.36,17.91,98.27,12.62,10.35,PNJ,29.39,76.96,semi_arid_subtropical,NASA_POWER_daily_ag,4.271,7.791,1.2571,dewpoint,317.7,26.443
2019-10-23,23.2,32.75,16.39,45.64,0.0,1.7,17.15,98.2,16.7,9.66,PNJ,29.39,76.96,semi_arid_subtropical,NASA_POWER_daily_ag,3.883,7.315,1.2003,dewpoint,325.1,26.257
2019-10-24,23.14,31.38,15.91,46.8,0.0,1.29,15.63,98.33,1.3,10.2,PNJ,29.39,76.96,semi_arid_subtropical,NASA_POWER_daily_ag,3.373,6.977,1.2445,dewpoint,311.4,26.072
2019-10-25,22.52,30.48,16.03,55.03,0.0,1.41,14.88,98.48,0.64,12.35,PNJ,29.39,76.96,semi_arid_subtropical,NASA_POWER_daily_ag,3.196,7.031,1.4353,dewpoint,295.7,25.889
2019-10-26,22.58,29.81,16.75,56.83,0.0,1.16,14.01,98.59,1.13,12.83,PNJ,29.39,76.96,semi_arid_subtropical,NASA_POWER_daily_ag,2.913,6.771,1.4812,dewpoint,284.1,25.707
2019-10-27,22.65,31.05,15.74,52.67,0.0,1.8,14.56,98.54,6.56,11.73,PNJ,29.39,76.96,semi_arid_subtropical,NASA_POWER_daily_ag,3.492,6.738,1.3778,dewpoint,289.4,25.527
2019-10-28,23.37,30.87,16.93,51.81,0.0,1.3,14.14,98.57,12.58,12.17,PNJ,29.39,76.96,semi_arid_subtropical,NASA_POWER_daily_ag,3.147,6.597,1.4184,dewpoint,286.2,25.348
2019-10-29,23.95,29.28,20.28,48.52,0.0,0.91,9.88,98.66,74.65,12.13,PNJ,29.39,76.96,semi_arid_subtropical,NASA_POWER_daily_ag,2.514,5.249,1.4146,dewpoint,276.8,25.171
2019-10-30,23.74,30.27,19.7,46.95,0.0,1.16,10.07,98.53,56.41,11.23,PNJ,29.39,76.96,semi_arid_subtropical,NASA_POWER_daily_ag,2.777,5.195,1.3329,dewpoint,290.4,24.996
2019-10-31,23.33,31.55,18.38,50.42,0.0,1.58,13.3,98.46,2.32,11.79,PNJ,29.39,76.96,semi_arid_subtropical,NASA_POWER_daily_ag,3.278,6.108,1.3833,dewpoint,297.8,24.823
2019-11-01,23.4,32.24,17.49,49.94,0.0,1.29,10.63,98.44,61.95,11.53,PNJ,29.39,76.96,semi_arid_subtropical,NASA_POWER_daily_ag,2.857,5.303,1.3597,dewpoint,299.9,24.652
2019-11-02,23.39,30.94,18.33,49.95,0.04,1.5,7.56,98.61,88.63,11.69,PNJ,29.39,76.96,semi_arid_subtropical,NASA_POWER_daily_ag,2.803,4.45,1.3741,dewpoint,282.0,24.483
2019-11-03,22.65,30.18,17.52,55.68,0.06,2.13,9.15,98.69,65.95,12.72,PNJ,29.39,76.96,semi_arid_subtropical,NASA_POWER_daily_ag,3.148,4.946,1.4706,dewpoint,273.6,24.316
2019-11-04,22.0,29.6,16.26,59.84,0.0,2.6,14.03,98.67,8.82,13.04,PNJ,29.39,76.96,semi_arid_subtropical,NASA_POWER_daily_ag,3.571,6.423,1.5017,dewpoint,275.7,24.151
2019-11-05,22.07,30.69,14.87,51.1,0.0,2.4,15.61,98.38,6.46,10.39,PNJ,29.39,76.96,semi_arid_subtropical,NASA_POWER_daily_ag,3.89,6.414,1.2604,dewpoint,306.2,23.989
2019-11-06,22.98,30.61,17.65,42.57,0.0,1.17,13.69,98.19,30.25,8.93,PNJ,29.39,76.96,semi_arid_subtropical,NASA_POWER_daily_ag,2.968,5.605,1.1426,dewpoint,326.2,23.829
2019-11-07,20.84,25.68,17.06,58.3,1.14,2.37,7.22,98.35,78.99,12.23,PNJ,29.39,76.96,semi_arid_subtropical,NASA_POWER_daily_ag,2.819,4.317,1.424,dewpoint,309.3,23.671
2019-11-08,21.57,27.23,17.63,59.35,0.07,1.71,12.71,98.62,34.45,13.02,PNJ,29.39,76.96,semi_arid_subtropical,NASA_POWER_daily_ag,2.862,5.897,1.4997,dewpoint,281.0,23.517
2019-11-09,21.38,29.6,15.65,50.52,0.01,2.41,14.87,98.65,1.22,9.84,PNJ,29.39,76.96,semi_arid_subtropical,NASA_POWER_daily_ag,3.711,5.946,1.2149,dewpoint,277.8,23.364
2019-11-10,20.18,28.36,13.76,44.74,0.0,1.99,13.31,98.63,10.18,7.06,PNJ,29.39,76.96,semi_arid_subtropical,NASA_POWER_daily_ag,3.356,5.285,1.006,dewpoint,279.9,23.215
2019-11-11,18.64,25.13,14.27,40.87,0.0,1.46,10.43,98.57,46.93,4.48,PNJ,29.39,76.96,semi_arid_subtropical,NASA_POWER_daily_ag,2.729,4.531,0.8411,dewpoint,286.2,23.068
2019-11-12,18.4,26.68,12.22,45.53,0.0,1.78,11.62,98.64,68.79,5.68,PNJ,29.39,76.96,semi_arid_subtropical,NASA_POWER_daily_ag,2.917,4.816,0.9146,dewpoint,278.9,22.924
2019-11-13,19.42,26.12,15.18,48.81,0.0,1.49,9.25,98.79,84.58,7.92,PNJ,29.39,76.96,semi_arid_subtropical,NASA_POWER_daily_ag,2.558,4.435,1.0669,dewpoint,263.1,22.783
2019-11-14,19.5,26.09,16.21,50.97,0.0,0.86,8.2,98.85,94.82,8.72,PNJ,29.39,76.96,semi_arid_subtropical,NASA_POWER_daily_ag,1.952,4.217,1.1265,dewpoint,256.8,22.644
2019-11-15,19.18,27.07,13.22,51.76,0.0,1.6,10.33,98.79,69.45,8.05,PNJ,29.39,76.96,semi_arid_subtropical,NASA_POWER_daily_ag,2.634,4.62,1.0764,dewpoint,263.1,22.509
2019-11-16,19.65,28.54,13.07,62.08,0.0,3.69,12.44,98.75,24.09,11.15,PNJ,29.39,76.96,semi_arid_subtropical,NASA_POWER_daily_ag,3.54,5.348,1.3259,dewpoint,267.3,22.377
2019-11-17,19.86,28.4,14.31,55.26,0.0,4.22,14.37,98.75,18.13,9.53,PNJ,29.39,76.96,semi_arid_subtropical,NASA_POWER_daily_ag,4.225,5.489,1.1898,dewpoint,267.3,22.248
2019-11-18,18.39,26.41,11.66,56.57,0.0,2.4,14.37,98.69,19.43,8.81,PNJ,29.39,76.96,semi_arid_subtropical,NASA_POWER_daily_ag,3.081,5.511,1.1334,dewpoint,273.6,22.123
2019-11-19,18.85,26.72,12.85,50.72,0.0,1.39,13.31,98.65,6.91,7.74,PNJ,29.39,76.96,semi_arid_subtropical,NASA_POWER_daily_ag,2.563,5.051,1.0539,dewpoint,277.8,22.0
2019-11-20,18.78,26.74,14.25,48.29,0.0,0.83,12.36,98.69,22.08,6.99,PNJ,29.39,76.96,semi_arid_subtropical,NASA_POWER_daily_ag,2.075,4.698,1.0012,dewpoint,273.6,21.881
2019-11-21,18.39,26.31,12.0,51.59,0.0,1.38,10.33,98.91,60.71,7.39,PNJ,29.39,76.96,semi_arid_subtropical,NASA_POWER_daily_ag,2.369,4.407,1.029,dewpoint,250.6,21.765
2019-11-22,18.34,24.32,13.97,49.98,0.0,1.51,9.92,98.89,84.37,7.36,PNJ,29.39,76.96,semi_arid_subtropical,NASA_POWER_daily_ag,2.434,4.305,1.0269,dewpoint,252.7,21.653
2019-11-23,20.32,27.83,15.81,59.01,0.0,3.02,10.31,98.83,68.9,11.68,PNJ,29.39,76.96,semi_arid_subtropical,NASA_POWER_daily_ag,3.189,4.629,1.3732,dewpoint,258.9,21.544
2019-11-24,20.09,27.04,14.57,59.96,0.0,2.25,11.05,98.8,58.59,11.47,PNJ,29.39,76.96,semi_arid_subtropical,NASA_POWER_daily_ag,2.82,4.794,1.3543,dewpoint,262.1,21.439
2019-11-25,20.41,27.43,14.57,52.47,0.0,1.21,11.92,98.82,35.76,9.91,PNJ,29.39,76.96,semi_arid_subtropical,NASA_POWER_daily_ag,2.385,4.752,1.2206,dewpoint,260.0,21.337
2019-11-26,17.37,20.72,14.06,66.01,3.03,2.99,6.2,98.86,81.45,10.88,PNJ,29.39,76.96,semi_arid_subtropical,NASA_POWER_daily_ag,2.341,3.691,1.3023,dewpoint,255.8,21.238
2019-11-27,18.51,25.34,13.49,72.51,8.89,1.6,5.97,98.74,89.54,13.1,PNJ,29.39,76.96,semi_arid_subtropical,NASA_POWER_daily_ag,1.71,3.661,1.5076,dewpoint,268.4,21.144
2019-11-28,19.11,23.46,16.26,83.01,9.39,2.72,6.38,98.81,72.09,16.07,PNJ,29.39,76.96,semi_arid_subtropical,NASA_POWER_daily_ag,1.627,3.867,1.8264,dewpoint,261.0,21.053
2019-11-29,18.53,24.81,14.17,73.35,0.89,0.96,10.62,98.93,21.26,13.09,PNJ,29.39,76.96,semi_arid_subtropical,NASA_POWER_daily_ag,1.741,4.81,1.5066,dewpoint,248.5,20.966
2019-11-30,15.6,22.41,10.75,63.94,0.0,1.53,11.76,98.95,7.76,8.17,PNJ,29.39,76.96,semi_arid_subtropical,NASA_POWER_daily_ag,2.016,4.637,1.0853,dewpoint,246.4,20.883
2019-12-01,14.65,22.91,8.65,54.46,0.0,1.66,12.08,98.9,13.78,4.9,PNJ,29.39,76.96,semi_arid_subtropical,NASA_POWER_daily_ag,2.207,4.351,0.8662,dewpoint,251.6,20.803
2019-12-02,14.2,22.81,7.63,52.32,0.0,1.91,13.34,98.97,0.28,3.9,PNJ,29.39,76.96,semi_arid_subtropical,NASA_POWER_daily_ag,2.387,4.43,0.8076,dewpoint,244.3,20.728
2019-12-03,14.71,24.3,7.39,48.54,0.0,1.9,13.42,98.91,14.29,2.59,PNJ,29.39,76.96,semi_arid_subtropical,NASA_POWER_daily_ag,2.55,4.197,0.736,dewpoint,250.6,20.656
2019-12-04,15.05,23.71,7.91,40.11,0.0,1.32,11.92,99.13,71.95,0.77,PNJ,29.39,76.96,semi_arid_subtropical,NASA_POWER_daily_ag,2.243,3.82,0.6459,dewpoint,227.5,20.588
2019-12-05,15.63,23.55,10.62,40.76,0.0,0.85,10.76,99.31,75.91,1.78,PNJ,29.39,76.96,semi_arid_subtropical,NASA_POWER_daily_ag,1.815,3.699,0.6946,dewpoint,208.7,20.524
2019-12-06,15.47,24.38,10.46,47.56,0.0,1.07,12.99,99.24,29.04,3.75,PNJ,29.39,76.96,semi_arid_subtropical,NASA_POWER_daily_ag,1.967,4.078,0.7991,dewpoint,216.0,20.464
2019-12-07,16.29,24.98,9.81,49.25,0.0,1.09,12.75,99.14,2.16,4.9,PNJ,29.39,76.96,semi_arid_subtropical,NASA_POWER_daily_ag,2.021,4.168,0.8662,dewpoint,226.5,20.408
2019-12-08,15.64,23.93,11.08,51.0,0.0,1.29,12.41,99.11,8.08,5.0,PNJ,29.39,76.96,semi_arid_subtropical,NASA_POWER_daily_ag,2.066,4.116,0.8723,dewpoint,229.6,20.356
2019-12-09,14.55,22.18,9.21,48.65,0.0,1.04,11.19,99.06,25.57,3.39,PNJ,29.39,76.96,semi_arid_subtropical,NASA_POWER_daily_ag,1.829,3.906,0.779,dewpoint,234.9,20.309
2019-12-10,14.77,22.92,8.64,46.69,0.0,1.41,11.48,98.78,15.92,2.75,PNJ,29.39,76.96,semi_arid_subtropical,NASA_POWER_daily_ag,2.149,3.858,0.7444,dewpoint,264.2,20.265
2019-12-11,15.77,22.11,9.95,42.37,0.0,0.88,8.84,98.64,67.79,2.6,PNJ,29.39,76.96,semi_arid_subtropical,NASA_POWER_daily_ag,1.78,3.549,0.7365,dewpoint,278.9,20.225
2019-12-12,15.44,20.3,12.83,58.39,10.5,1.6,3.56,98.54,97.96,6.62,PNJ,29.39,76.96,semi_arid_subtropical,NASA_POWER_daily_ag,1.833,2.986,0.976,dewpoint,289.4,20.19
2019-12-13,14.3,18.73,11.07,86.36,11.82,2.6,2.71,98.49,87.99,11.95,PNJ,29.39,76.96,semi_arid_subtropical,NASA_POWER_daily_ag,1.055,2.735,1.3979,dewpoint,294.6,20.158
2019-12-14,13.76,20.23,9.08,64.72,0.17,1.05,9.35,99.21,64.66,6.08,PNJ,29.39,76.96,semi_arid_subtropical,NASA_POWER_daily_ag,1.564,3.886,0.9403,dewpoint,219.2,20.131
2019-12-15,12.86,19.82,8.1,62.61,0.0,1.64,11.48,99.2,26.69,5.45,PNJ,29.39,76.96,semi_arid_subtropical,NASA_POWER_daily_ag,1.826,4.191,0.9001,dewpoint,220.2,20.108
2019-12-16,11.12,18.36,5.67,70.06,0.0,1.99,3.88,99.2,91.99,5.37,PNJ,29.39,76.96,semi_arid_subtropical,NASA_POWER_daily_ag,1.442,3.017,0.8951,dewpoint,220.2,20.089
2019-12-17,10.63,18.27,5.17,65.17,0.0,2.29,6.73,99.28,75.6,3.65,PNJ,29.39,76.96,semi_arid_subtropical,NASA_POWER_daily_ag,1.743,3.438,0.7934,dewpoint,211.9,20.074
2019-12-18,10.18,17.99,3.65,57.64,0.0,1.98,7.31,99.18,85.83,1.3,PNJ,29.39,76.96,semi_arid_subtropical,NASA_POWER_daily_ag,1.831,3.451,0.6711,dewpoint,222.3,20.063
2019-12-19,10.8,17.05,5.43,52.53,0.0,1.24,6.99,99.05,83.69,1.07,PNJ,29.39,76.96,semi_arid_subtropical,NASA_POWER_daily_ag,1.579,3.393,0.66,dewpoint,235.9,20.057
2019-12-20,12.79,20.0,7.52,54.35,0.0,1.7,7.64,98.79,92.68,3.37,PNJ,29.39,76.96,semi_arid_subtropical,NASA_POWER_daily_ag,1.916,3.495,0.7779,dewpoint,263.1,20.055
2019-12-21,13.44,21.41,8.06,65.78,0.0,2.02,7.66,98.92,68.13,6.36,PNJ,29.39,76.96,semi_arid_subtropical,NASA_POWER_daily_ag,1.852,3.616,0.9587,dewpoint,249.5,20.057
2019-12-22,11.75,20.42,5.77,63.8,0.0,2.37,4.72,99.0,92.29,4.34,PNJ,29.39,76.96,semi_arid_subtropical,NASA_POWER_daily_ag,1.839,3.138,0.8329,dewpoint,241.1,20.063
2019-12-23,11.12,19.67,3.97,52.3,0.0,1.82,6.06,98.9,96.24,0.78,PNJ,29.39,76.96,semi_arid_subtropical,NASA_POWER_daily_ag,1.923,3.264,0.6464,dewpoint,251.6,20.073
2019-12-24,10.11,17.95,5.15,51.65,0.0,1.23,7.23,99.12,73.81,0.01,PNJ,29.39,76.96,semi_arid_subtropical,NASA_POWER_daily_ag,1.562,3.377,0.6112,dewpoint,228.6,20.088
2019-12-25,9.26,19.07,2.53,55.74,0.0,2.12,5.58,98.99,90.28,-0.16,PNJ,29.39,76.96,semi_arid_subtropical,NASA_POWER_daily_ag,1.846,3.213,0.6037,dewpoint,242.2,20.107
2019-12-26,8.78,17.85,2.85,54.0,0.0,2.39,6.67,98.95,86.73,-0.84,PNJ,29.39,76.96,semi_arid_subtropical,NASA_POWER_daily_ag,1.959,3.331,0.5745,dewpoint,246.4,20.13
2019-12-27,7.21,15.43,0.95,58.87,0.0,1.35,7.09,99.05,67.82,-0.97,PNJ,29.39,76.96,semi_arid_subtropical,NASA_POWER_daily_ag,1.361,3.441,0.569,dewpoint,235.9,20.157
2019-12-28,7.07,15.19,-0.03,55.2,0.0,1.58,7.96,99.1,75.36,-2.17,PNJ,29.39,76.96,semi_arid_subtropical,NASA_POWER_daily_ag,1.538,3.531,0.5208,dewpoint,230.7,20.188
2019-12-29,7.84,17.37,1.44,54.19,0.0,1.09,10.16,99.16,65.64,-1.62,PNJ,29.39,76.96,semi_arid_subtropical,NASA_POWER_daily_ag,1.413,3.74,0.5424,dewpoint,224.4,20.224
2019-12-30,8.8,18.89,2.73,54.32,0.0,1.44,6.64,99.05,92.3,-0.82,PNJ,29.39,76.96,semi_arid_subtropical,NASA_POWER_daily_ag,1.564,3.344,0.5753,dewpoint,235.9,20.263
2019-12-31,7.61,14.65,0.57,56.74,0.0,1.48,8.5,99.21,60.52,-1.11,PNJ,29.39,76.96,semi_arid_subtropical,NASA_POWER_daily_ag,1.512,3.678,0.5632,dewpoint,219.2,20.307
2020-01-01,10.6,19.74,4.39,50.91,0.0,1.47,11.28,99.33,73.74,0.17,PNJ,29.39,76.96,semi_arid_subtropical,NASA_POWER_daily_ag,1.834,3.875,0.6184,dewpoint,206.6,20.355
2020-01-02,12.66,19.86,5.07,68.0,0.01,1.54,10.63,99.35,64.14,6.48,PNJ,29.39,76.96,semi_arid_subtropical,NASA_POWER_daily_ag,1.673,4.323,0.9666,dewpoint,204.6,20.407
2020-01-03,15.0,21.63,9.58,64.26,0.0,0.94,12.28,99.05,4.2,7.83,PNJ,29.39,76.96,semi_arid_subtropical,NASA_POWER_daily_ag,1.685,4.613,1.0604,dewpoint,235.9,20.463
2020-01-04,12.7,20.53,8.56,60.05,0.54,1.47,10.76,98.97,19.17,4.41,PNJ,29.39,76.96,semi_arid_subtropical,NASA_POWER_daily_ag,1.811,4.091,0.837,dewpoint,244.3,20.523
2020-01-05,12.1,20.05,7.46,56.51,0.03,1.71,9.26,98.99,56.54,3.25,PNJ,29.39,76.96,semi_arid_subtropical,NASA_POWER_daily_ag,1.895,3.843,0.7713,dewpoint,242.2,20.587
2020-01-06,12.13,17.06,9.32,66.24,1.49,1.86,2.23,99.09,99.29,5.61,PNJ,29.39,76.96,semi_arid_subtropical,NASA_POWER_daily_ag,1.5,2.786,0.9102,dewpoint,231.7,20.655
2020-01-07,12.77,17.82,9.31,83.44,7.09,1.42,2.77,98.94,99.42,9.83,PNJ,29.39,76.96,semi_arid_subtropical,NASA_POWER_daily_ag,0.968,2.817,1.214,dewpoint,247.4,20.727
2020-01-08,10.77,13.86,6.77,92.75,13.27,1.26,3.12,98.75,83.49,9.62,PNJ,29.39,76.96,semi_arid_subtropical,NASA_POWER_daily_ag,0.703,2.888,1.197,dewpoint,267.3,20.803
2020-01-09,8.74,16.38,4.07,70.37,0.0,2.67,8.55,99.12,58.94,2.87,PNJ,29.39,76.96,semi_arid_subtropical,NASA_POWER_daily_ag,1.655,3.931,0.7508,dewpoint,228.6,20.883
2020-01-10,8.35,18.35,2.08,56.85,0.0,2.39,14.18,99.17,29.84,-0.77,PNJ,29.39,76.96,semi_arid_subtropical,NASA_POWER_daily_ag,2.064,4.534,0.5774,dewpoint,223.4,20.966
2020-01-11,10.07,19.26,2.87,46.46,0.0,1.73,13.17,99.11,62.31,-1.8,PNJ,29.39,76.96,semi_arid_subtropical,NASA_POWER_daily_ag,2.12,4.265,0.5353,dewpoint,229.6,21.054
2020-01-12,12.2,20.67,6.02,43.54,0.0,1.07,11.29,98.81,86.07,-0.58,PNJ,29.39,76.96,semi_arid_subtropical,NASA_POWER_daily_ag,1.851,4.025,0.5855,dewpoint,261.0,21.145
2020-01-13,12.25,20.19,6.63,65.68,5.09,1.97,4.43,98.38,87.0,5.23,PNJ,29.39,76.96,semi_arid_subtropical,NASA_POWER_daily_ag,1.694,3.257,0.8864,dewpoint,306.2,21.241
2020-01-14,11.41,18.21,7.37,79.67,0.02,1.09,10.35,98.76,33.01,7.74,PNJ,29.39,76.96,semi_arid_subtropical,NASA_POWER_daily_ag,1.315,4.637,1.0539,dewpoint,266.3,21.339
2020-01-15,11.19,19.6,5.03,71.14,0.01,1.32,8.48,98.86,49.51,5.49,PNJ,29.39,76.96,semi_arid_subtropical,NASA_POWER_daily_ag,1.446,4.114,0.9026,dewpoint,255.8,21.442
2020-01-16,12.68,20.04,7.48,72.29,5.59,0.91,6.98,98.73,96.54,7.43,PNJ,29.39,76.96,semi_arid_subtropical,NASA_POWER_daily_ag,1.282,3.866,1.0318,dewpoint,269.4,21.548
2020-01-17,12.4,18.69,7.95,72.86,0.09,1.23,5.24,98.83,73.14,7.2,PNJ,29.39,76.96,semi_arid_subtropical,NASA_POWER_daily_ag,1.294,3.492,1.0157,dewpoint,258.9,21.658
2020-01-18,12.44,19.38,7.71,66.13,0.07,1.1,8.43,99.04,61.95,5.78,PNJ,29.39,76.96,semi_arid_subtropical,NASA_POWER_daily_ag,1.511,4.151,0.921,dewpoint,236.9,21.771
2020-01-19,10.45,18.58,4.36,71.18,0.0,1.82,8.03,99.09,74.63,4.66,PNJ,29.39,76.96,semi_arid_subtropical,NASA_POWER_daily_ag,1.563,4.098,0.8518,dewpoint,231.7,21.888
2020-01-20,10.22,17.31,4.81,71.03,0.0,1.57,8.16,99.0,98.39,4.48,PNJ,29.39,76.96,semi_arid_subtropical,NASA_POWER_daily_ag,1.489,4.157,0.8411,dewpoint,241.1,22.009
2020-01-21,11.52,18.97,6.49,58.1,0.0,1.6,8.12,99.11,84.9,2.76,PNJ,29.39,76.96,semi_arid_subtropical,NASA_POWER_daily_ag,1.843,4.047,0.745,dewpoint,229.6,22.132
2020-01-22,11.79,19.89,5.7,65.69,0.0,2.08,12.18,99.26,46.64,4.59,PNJ,29.39,76.96,semi_arid_subtropical,NASA_POWER_daily_ag,2.054,5.007,0.8477,dewpoint,214.0,22.259
2020-01-23,10.71,19.12,4.83,62.88,0.0,3.62,12.24,99.09,2.06,2.98,PNJ,29.39,76.96,semi_arid_subtropical,NASA_POWER_daily_ag,2.473,4.967,0.7567,dewpoint,231.7,22.39
2020-01-24,10.75,21.28,3.65,53.05,0.0,3.11,16.2,98.85,5.77,0.25,PNJ,29.39,76.96,semi_arid_subtropical,NASA_POWER_daily_ag,2.821,5.423,0.622,dewpoint,256.8,22.523
2020-01-25,11.26,19.51,4.75,51.26,0.0,1.09,11.48,98.91,50.59,0.76,PNJ,29.39,76.96,semi_arid_subtropical,NASA_POWER_daily_ag,1.83,4.715,0.6454,dewpoint,250.6,22.66
2020-01-26,13.59,22.13,7.8,58.15,0.0,1.66,13.19,98.73,25.96,5.12,PNJ,29.39,76.96,semi_arid_subtropical,NASA_POWER_daily_ag,2.213,5.316,0.8796,dewpoint,269.4,22.8
2020-01-27,14.53,23.18,8.29,65.46,3.84,1.74,3.46,98.5,92.53,7.35,PNJ,29.39,76.96,semi_arid_subtropical,NASA_POWER_daily_ag,1.725,3.212,1.0262,dewpoint,293.6,22.943
2020-01-28,12.51,18.7,9.34,81.74,7.69,3.16,8.69,98.41,76.86,9.21,PNJ,29.39,76.96,semi_arid_subtropical,NASA_POWER_daily_ag,1.591,4.659,1.1644,dewpoint,303.0,23.088
2020-01-29,12.35,19.79,7.11,73.74,2.87,1.16,13.71,98.92,9.76,6.99,PNJ,29.39,76.96,semi_arid_subtropical,NASA_POWER_daily_ag,1.778,5.88,1.0012,dewpoint,249.5,23.237
2020-01-30,11.18,19.42,5.3,67.96,0.0,2.33,15.58,99.03,11.45,4.48,PNJ,29.39,76.96,semi_arid_subtropical,NASA_POWER_daily_ag,2.226,6.173,0.8411,dewpoint,238.0,23.389
2020-01-31,11.39,19.06,4.04,63.63,0.0,1.61,9.42,98.76,55.33,3.74,PNJ,29.39,76.96,semi_arid_subtropical,NASA_POWER_daily_ag,1.861,4.715,0.7985,dewpoint,266.3,23.543
2020-02-01,11.69,19.32,6.78,56.85,0.0,1.21,12.65,99.09,45.1,2.88,PNJ,29.39,76.96,semi_arid_subtropical,NASA_POWER_daily_ag,1.938,5.377,0.7513,dewpoint,231.7,23.7
2020-02-02,10.52,19.75,3.7,67.21,0.0,2.19,13.94,99.22,34.79,4.02,PNJ,29.39,76.96,semi_arid_subtropical,NASA_POWER_daily_ag,2.072,5.911,0.8144,dewpoint,218.1,23.86
2020-02-03,11.11,20.06,3.32,60.68,0.0,1.55,15.82,99.1,7.0,2.52,PNJ,29.39,76.96,semi_arid_subtropical,NASA_POWER_daily_ag,2.204,6.265,0.7323,dewpoint,230.7,24.022
2020-02-04,11.57,20.34,3.84,54.97,0.0,1.44,13.22,98.96,23.08,1.95,PNJ,29.39,76.96,semi_arid_subtropical,NASA_POWER_daily_ag,2.15,5.623,0.7031,dewpoint,245.3,24.187
2020-02-05,11.23,19.75,5.28,57.93,0.0,1.97,15.71,98.96,9.54,2.54,PNJ,29.39,76.96,semi_arid_subtropical,NASA_POWER_daily_ag,2.387,6.299,0.7334,dewpoint,245.3,24.354
2020-02-06,11.38,18.97,3.9,58.75,0.0,1.38,15.75,98.88,3.96,2.73,PNJ,29.39,76.96,semi_arid_subtropical,NASA_POWER_daily_ag,2.2,6.473,0.7434,dewpoint,253.7,24.524
2020-02-07,11.36,18.84,6.65,55.82,0.0,1.47,14.51,99.17,7.96,2.23,PNJ,29.39,76.96,semi_arid_subtropical,NASA_POWER_daily_ag,2.197,6.071,0.7173,dewpoint,223.4,24.695
2020-02-08,11.19,20.54,4.28,60.81,0.0,1.94,15.81,99.33,2.08,3.14,PNJ,29.39,76.96,semi_arid_subtropical,NASA_POWER_daily_ag,2.35,6.557,0.7653,dewpoint,206.6,24.869
2020-02-09,11.88,21.93,4.25,58.51,0.0,1.51,15.24,99.36,53.5,2.75,PNJ,29.39,76.96,semi_arid_subtropical,NASA_POWER_daily_ag,2.307,6.369,0.7444,dewpoint,203.5,25.045
2020-02-10,12.93,21.49,5.01,53.24,0.0,1.6,16.13,99.13,23.55,2.79,PNJ,29.39,76.96,semi_arid_subtropical,NASA_POWER_daily_ag,2.568,6.653,0.7465,dewpoint,227.5,25.223
2020-02-11,13.49,21.9,7.35,53.93,0.0,1.3,14.83,99.16,32.52,3.71,PNJ,29.39,76.96,semi_arid_subtropical,NASA_POWER_daily_ag,2.369,6.377,0.7968,dewpoint,224.4,25.403
2020-02-12,15.31,25.29,6.97,54.32,0.0,2.79,16.1,99.08,21.25,4.96,PNJ,29.39,76.96,semi_arid_subtropical,NASA_POWER_daily_ag,3.367,6.785,0.8699,dewpoint,232.8,25.585
2020-02-13,18.44,28.69,11.13,58.8,0.0,3.6,17.14,98.77,15.22,9.26,PNJ,29.39,76.96,semi_arid_subtropical,NASA_POWER_daily_ag,3.942,7.442,1.1684,dewpoint,265.2,25.768
2020-02-14,16.96,25.61,10.9,54.19,0.0,4.11,18.81,98.5,1.48,6.52,PNJ,29.39,76.96,semi_arid_subtropical,NASA_POWER_daily_ag,4.258,7.707,0.9693,dewpoint,293.6,25.954
2020-02-15,15.26,26.3,7.87,46.55,0.0,3.04,19.09,98.52,0.89,1.96,PNJ,29.39,76.96,semi_arid_subtropical,NASA_POWER_daily_ag,3.969,7.264,0.7036,dewpoint,291.5,26.14
2020-02-16,15.88,27.3,7.49,42.89,0.0,1.86,18.5,98.83,0.96,1.44,PNJ,29.39,76.96,semi_arid_subtropical,NASA_POWER_daily_ag,3.424,7.08,0.6779,dewpoint,258.9,26.329
2020-02-17,15.84,26.56,8.0,37.59,0.0,2.3,18.19,98.96,10.29,-0.1,PNJ,29.39,76.96,semi_arid_subtropical,NASA_POWER_daily_ag,3.816,6.898,0.6064,dewpoint,245.3,26.518
2020-02-18,15.7,26.47,7.13,40.35,0.0,2.17,19.13,98.69,20.33,0.67,PNJ,29.39,76.96,semi_arid_subtropical,NASA_POWER_daily_ag,3.72,7.337,0.6412,dewpoint,273.6,26.709
2020-02-19,17.16,26.35,8.6,37.98,0.0,2.75,14.77,98.57,77.72,1.65,PNJ,29.39,76.96,semi_arid_subtropical,NASA_POWER_daily_ag,4.122,6.405,0.6882,dewpoint,286.2,26.902
2020-02-20,18.25,27.76,11.2,45.48,1.36,3.41,13.77,98.55,70.67,5.22,PNJ,29.39,76.96,semi_arid_subtropical,NASA_POWER_daily_ag,4.321,6.406,0.8858,dewpoint,288.3,27.095
2020-02-21,14.53,19.04,11.38,76.81,14.04,3.48,9.12,99.03,68.79,10.41,PNJ,29.39,76.96,semi_arid_subtropical,NASA_POWER_daily_ag,2.077,5.486,1.2621,dewpoint,238.0,27.29
2020-02-22,16.83,24.31,9.96,61.95,0.02,1.29,14.47,99.31,15.31,8.94,PNJ,29.39,76.96,semi_arid_subtropical,NASA_POWER_daily_ag,2.594,7.202,1.1434,dewpoint,208.7,27.485
2020-02-23,18.09,26.0,11.93,62.05,1.62,0.98,14.5,99.06,32.7,10.07,PNJ,29.39,76.96,semi_arid_subtropical,NASA_POWER_daily_ag,2.546,7.285,1.2337,dewpoint,234.9,27.681
2020-02-24,17.88,26.28,11.47,58.07,0.0,1.73,17.62,98.73,6.57,8.66,PNJ,29.39,76.96,semi_arid_subtropical,NASA_POWER_daily_ag,3.25,8.217,1.122,dewpoint,269.4,27.878
2020-02-25,17.85,25.97,11.02,56.91,0.3,1.67,17.1,98.63,12.91,8.28,PNJ,29.39,76.96,semi_arid_subtropical,NASA_POWER_daily_ag,3.224,8.077,1.0934,dewpoint,279.9,28.076
2020-02-26,18.72,26.76,11.47,54.55,0.45,1.35,15.0,98.71,35.0,8.6,PNJ,29.39,76.96,semi_arid_subtropical,NASA_POWER_daily_ag,3.006,7.425,1.1174,dewpoint,271.5,28.275
2020-02-27,17.32,25.8,11.42,66.39,0.0,1.64,11.74,98.75,51.28,10.33,PNJ,29.39,76.96,semi_arid_subtropical,NASA_POWER_daily_ag,2.522,6.513,1.2554,dewpoint,267.3,28.473
2020-02-28,19.0,27.63,12.0,63.35,0.0,3.31,12.24,98.57,64.94,10.9,PNJ,29.39,76.96,semi_arid_subtropical,NASA_POWER_daily_ag,3.523,6.729,1.304,dewpoint,286.2,28.673
2020-02-29,19.54,26.16,13.94,68.84,5.52,3.05,11.94,98.5,53.91,13.17,PNJ,29.39,76.96,semi_arid_subtropical,NASA_POWER_daily_ag,3.128,6.826,1.5145,dewpoint,293.6,28.872
2020-03-01,19.56,26.75,14.09,67.26,0.26,1.33,18.26,98.6,24.13,12.39,PNJ,29.39,76.96,semi_arid_subtropical,NASA_POWER_daily_ag,3.193,9.208,1.439,dewpoint,283.1,29.072
2020-03-02,19.89,27.88,13.23,55.36,0.0,1.3,18.95,98.57,3.18,9.95,PNJ,29.39,76.96,semi_arid_subtropical,NASA_POWER_daily_ag,3.453,9.124,1.2239,dewpoint,286.2,29.272
2020-03-03,19.98,27.86,13.71,50.29,0.0,1.45,19.03,98.42,3.15,8.48,PNJ,29.39,76.96,semi_arid_subtropical,NASA_POWER_daily_ag,3.661,8.972,1.1083,dewpoint,302.0,29.472
2020-03-04,20.65,28.93,13.75,52.41,9.37,1.05,18.28,98.32,29.75,9.41,PNJ,29.39,76.96,semi_arid_subtropical,NASA_POWER_daily_ag,3.376,8.859,1.1802,dewpoint,312.5,29.672
2020-03-05,19.12,25.45,13.85,73.95,9.03,2.37,15.02,98.29,80.31,13.71,PNJ,29.39,76.96,semi_arid_subtropical,NASA_POWER_daily_ag,3.03,8.309,1.5688,dewpoint,315.6,29.872
2020-03-06,16.69,21.12,13.64,85.72,29.57,3.49,10.36,98.13,86.63,14.14,PNJ,29.39,76.96,semi_arid_subtropical,NASA_POWER_daily_ag,1.981,6.476,1.6132,dewpoint,332.5,30.072
2020-03-07,15.93,21.76,11.07,75.35,1.32,1.79,11.24,98.64,67.75,10.96,PNJ,29.39,76.96,semi_arid_subtropical,NASA_POWER_daily_ag,2.26,6.708,1.3092,dewpoint,278.9,30.272
2020-03-08,16.8,25.14,10.59,66.87,0.0,1.32,21.05,98.86,5.53,9.63,PNJ,29.39,76.96,semi_arid_subtropical,NASA_POWER_daily_ag,3.262,10.373,1.1978,dewpoint,255.8,30.471
2020-03-09,16.66,25.17,10.23,60.48,0.0,3.0,19.9,98.55,0.02,7.87,PNJ,29.39,76.96,semi_arid_subtropical,NASA_POWER_daily_ag,3.907,9.747,1.0633,dewpoint,288.3,30.67
2020-03-10,17.95,25.8,9.2,48.73,0.0,1.06,21.54,98.43,28.93,5.68,PNJ,29.39,76.96,semi_arid_subtropical,NASA_POWER_daily_ag,3.562,10.091,0.9146,dewpoint,300.9,30.868
2020-03-11,16.91,24.18,12.18,71.5,6.34,3.02,10.22,98.24,76.65,11.45,PNJ,29.39,76.96,semi_arid_subtropical,NASA_POWER_daily_ag,2.631,6.381,1.3525,dewpoint,320.9,31.065
2020-03-12,19.06,25.88,13.52,72.67,5.24,2.19,18.17,98.38,37.21,13.34,PNJ,29.39,76.96,semi_arid_subtropical,NASA_POWER_daily_ag,3.378,9.844,1.5314,dewpoint,306.2,31.262
2020-03-13,18.8,26.57,12.0,49.98,0.86,1.24,20.18,98.58,29.24,6.79,PNJ,29.39,76.96,semi_arid_subtropical,NASA_POWER_daily_ag,3.662,9.783,0.9875,dewpoint,285.2,31.458
2020-03-14,16.48,23.87,9.46,58.91,9.36,1.1,11.79,98.77,60.62,7.71,PNJ,29.39,76.96,semi_arid_subtropical,NASA_POWER_daily_ag,2.491,6.925,1.0518,dewpoint,265.2,31.654
2020-03-15,17.05,24.2,10.67,60.7,0.18,1.13,19.92,98.89,18.96,8.74,PNJ,29.39,76.96,semi_arid_subtropical,NASA_POWER_daily_ag,3.267,10.183,1.1281,dewpoint,252.7,31.848
2020-03-16,18.26,26.59,10.47,62.72,0.0,1.9,21.22,98.85,33.17,10.4,PNJ,29.39,76.96,semi_arid_subtropical,NASA_POWER_daily_ag,3.788,10.904,1.2613,dewpoint,256.8,32.041
2020-03-17,19.43,28.0,11.76,58.0,0.0,2.24,21.18,98.87,0.09,9.82,PNJ,29.39,76.96,semi_arid_subtropical,NASA_POWER_daily_ag,4.248,10.743,1.2132,dewpoint,254.7,32.233
2020-03-18,20.3,28.93,12.44,60.7,0.0,2.23,21.88,98.68,15.51,11.74,PNJ,29.39,76.96,semi_arid_subtropical,NASA_POWER_daily_ag,4.307,11.328,1.3787,dewpoint,274.7,32.424
2020-03-19,21.55,29.59,15.14,59.49,0.02,1.36,21.67,98.4,12.06,12.47,PNJ,29.39,76.96,semi_arid_subtropical,NASA_POWER_daily_ag,4.076,11.299,1.4466,dewpoint,304.1,32.614
2020-03-20,22.98,31.03,15.33,52.36,0.0,0.76,19.23,98.3,54.07,11.69,PNJ,29.39,76.96,semi_arid_subtropical,NASA_POWER_daily_ag,3.649,10.156,1.3741,dewpoint,314.6,32.803
2020-03-21,23.14,30.95,17.51,52.03,0.22,1.02,15.22,98.33,54.58,11.95,PNJ,29.39,76.96,semi_arid_subtropical,NASA_POWER_daily_ag,3.423,8.541,1.3979,dewpoint,311.4,32.99
2020-03-22,22.1,30.3,15.57,54.85,0.35,1.85,22.71,98.51,24.65,11.57,PNJ,29.39,76.96,semi_arid_subtropical,NASA_POWER_daily_ag,4.652,11.66,1.3633,dewpoint,292.5,33.176
2020-03-23,22.85,30.95,15.5,51.63,0.0,1.42,21.25,98.45,69.27,11.42,PNJ,29.39,76.96,semi_arid_subtropical,NASA_POWER_daily_ag,4.39,11.057,1.3498,dewpoint,298.8,33.36
2020-03-24,23.31,29.68,18.21,52.74,1.27,1.2,14.17,98.33,85.3,12.62,PNJ,29.39,76.96,semi_arid_subtropical,NASA_POWER_daily_ag,3.462,8.268,1.4609,dewpoint,311.4,33.543
2020-03-25,23.88,31.91,17.07,52.44,0.0,2.0,20.4,98.39,58.76,12.55,PNJ,29.39,76.96,semi_arid_subtropical,NASA_POWER_daily_ag,4.823,10.881,1.4542,dewpoint,305.1,33.724
2020-03-26,21.93,28.63,17.15,57.56,0.0,2.72,13.97,98.47,93.83,12.82,PNJ,29.39,76.96,semi_arid_subtropical,NASA_POWER_daily_ag,4.079,8.286,1.4802,dewpoint,296.7,33.904
2020-03-27,19.21,21.99,17.46,80.84,14.72,1.5,9.06,98.66,84.98,15.75,PNJ,29.39,76.96,semi_arid_subtropical,NASA_POWER_daily_ag,2.053,6.287,1.7895,dewpoint,276.8,34.082
2020-03-28,21.01,29.03,14.1,63.66,0.14,2.11,24.03,98.69,13.47,12.47,PNJ,29.39,76.96,semi_arid_subtropical,NASA_POWER_daily_ag,4.656,12.745,1.4466,dewpoint,273.6,34.258
2020-03-29,21.65,29.89,14.54,53.56,0.0,3.25,25.02,98.49,3.19,10.76,PNJ,29.39,76.96,semi_arid_subtropical,NASA_POWER_daily_ag,5.646,12.842,1.2919,dewpoint,294.6,34.432
2020-03-30,20.55,29.51,14.05,56.34,0.0,2.65,22.33,98.5,40.69,10.5,PNJ,29.39,76.96,semi_arid_subtropical,NASA_POWER_daily_ag,4.847,11.745,1.2697,dewpoint,293.6,34.604
2020-03-31,21.51,31.44,14.33,60.61,0.41,2.79,15.54,98.37,69.27,12.61,PNJ,29.39,76.96,semi_arid_subtropical,NASA_POWER_daily_ag,4.211,9.07,1.46,dewpoint,307.2,34.775
2020-04-01,24.24,32.67,17.11,50.17,0.08,1.81,23.77,98.28,20.61,12.11,PNJ,29.39,76.96,semi_arid_subtropical,NASA_POWER_daily_ag,5.232,12.475,1.4128,dewpoint,316.7,34.943
2020-04-02,22.72,30.69,15.62,53.9,0.0,3.13,25.64,98.28,8.83,11.71,PNJ,29.39,76.96,semi_arid_subtropical,NASA_POWER_daily_ag,5.878,13.383,1.376,dewpoint,316.7,35.11
2020-04-03,21.56,30.67,13.37,49.31,0.0,2.68,26.21,98.45,12.95,8.85,PNJ,29.39,76.96,semi_arid_subtropical,NASA_POWER_daily_ag,5.73,13.21,1.1365,dewpoint,298.8,35.274
2020-04-04,22.81,32.42,13.93,46.15,0.0,2.42,25.38,98.43,3.85,9.11,PNJ,29.39,76.96,semi_arid_subtropical,NASA_POWER_daily_ag,5.784,12.851,1.1566,dewpoint,300.9,35.437
2020-04-05,24.32,33.35,15.98,44.28,0.0,1.78,22.22,98.45,47.27,10.17,PNJ,29.39,76.96,semi_arid_subtropical,NASA_POWER_daily_ag,5.226,11.655,1.242,dewpoint,298.8,35.597
2020-04-06,25.27,33.87,17.52,39.76,0.0,2.52,24.68,98.37,11.23,9.5,PNJ,29.39,76.96,semi_arid_subtropical,NASA_POWER_daily_ag,6.352,12.506,1.1874,dewpoint,307.2,35.755
2020-04-07,24.91,33.52,17.38,45.06,0.0,2.83,18.51,98.19,83.23,10.97,PNJ,29.39,76.96,semi_arid_subtropical,NASA_POWER_daily_ag,5.737,10.242,1.3101,dewpoint,326.2,35.911
2020-04-08,23.96,32.0,17.72,46.19,0.0,2.62,24.8,98.24,21.03,10.62,PNJ,29.39,76.96,semi_arid_subtropical,NASA_POWER_daily_ag,6.028,12.913,1.2799,dewpoint,320.9,36.064
2020-04-09,24.56,33.83,16.03,44.08,0.0,2.26,22.27,98.27,65.29,10.33,PNJ,29.39,76.96,semi_arid_subtropical,NASA_POWER_daily_ag,5.69,11.819,1.2554,dewpoint,317.7,36.216
2020-04-10,26.4,35.24,20.3,44.18,0.0,1.96,23.05,98.36,44.61,12.1,PNJ,29.39,76.96,semi_arid_subtropical,NASA_POWER_daily_ag,5.765,12.271,1.4118,dewpoint,308.3,36.365
2020-04-11,27.63,36.23,20.1,41.13,0.0,2.28,23.69,98.52,38.27,12.09,PNJ,29.39,76.96,semi_arid_subtropical,NASA_POWER_daily_ag,6.405,12.537,1.4109,dewpoint,291.5,36.512
2020-04-12,27.49,36.72,19.55,44.66,0.0,2.9,23.46,98.25,56.02,12.89,PNJ,29.39,76.96,semi_arid_subtropical,NASA_POWER_daily_ag,6.805,12.619,1.487,dewpoint,319.8,36.656
2020-04-13,29.4,38.22,20.61,45.03,0.0,2.54,23.16,98.04,63.06,14.96,PNJ,29.39,76.96,semi_arid_subtropical,NASA_POWER_daily_ag,6.756,12.81,1.701,dewpoint,342.0,36.798
2020-04-14,30.42,37.75,23.63,42.18,0.0,0.82,22.22,98.09,77.18,15.02,PNJ,29.39,76.96,semi_arid_subtropical,NASA_POWER_daily_ag,5.033,12.347,1.7075,dewpoint,336.7,36.938
2020-04-15,30.38,39.42,22.69,33.85,0.0,1.56,20.75,98.07,70.54,10.55,PNJ,29.39,76.96,semi_arid_subtropical,NASA_POWER_daily_ag,5.858,11.0,1.274,dewpoint,338.8,37.075
2020-04-16,29.98,38.59,22.46,34.57,0.02,2.98,23.09,97.95,63.99,11.17,PNJ,29.39,76.96,semi_arid_subtropical,NASA_POWER_daily_ag,7.696,12.118,1.3276,dewpoint,351.5,37.21
2020-04-17,27.38,34.1,22.07,39.5,2.77,2.35,20.39,97.93,90.39,11.64,PNJ,29.39,76.96,semi_arid_subtropical,NASA_POWER_daily_ag,6.122,11.254,1.3696,dewpoint,353.6,37.343
2020-04-18,28.9,36.9,21.31,39.31,0.3,2.15,21.87,98.04,74.92,12.19,PNJ,29.39,76.96,semi_arid_subtropical,NASA_POWER_daily_ag,6.385,11.923,1.4202,dewpoint,342.0,37.473
2020-04-19,27.49,35.06,20.58,44.43,3.21,2.49,24.07,98.05,60.58,13.1,PNJ,29.39,76.96,semi_arid_subtropical,NASA_POWER_daily_ag,6.577,13.159,1.5076,dewpoint,340.9,37.6
2020-04-20,25.04,31.49,20.82,49.44,0.48,2.11,14.29,98.17,82.82,13.33,PNJ,29.39,76.96,semi_arid_subtropical,NASA_POWER_daily_ag,4.541,8.86,1.5304,dewpoint,328.3,37.726
2020-04-21,26.71,33.95,20.22,44.68,1.22,1.98,25.11,98.16,15.47,12.63,PNJ,29.39,76.96,semi_arid_subtropical,NASA_POWER_daily_ag,6.154,13.645,1.4619,dewpoint,329.3,37.848
2020-04-22,27.67,35.67,19.93,39.79,0.0,1.85,25.52,97.99,30.48,11.57,PNJ,29.39,76.96,semi_arid_subtropical,NASA_POWER_daily_ag,6.345,13.599,1.3633,dewpoint,347.2,37.969
2020-04-23,29.15,36.84,23.76,39.26,0.27,1.81,16.77,97.88,62.71,12.82,PNJ,29.39,76.96,semi_arid_subtropical,NASA_POWER_daily_ag,5.421,9.835,1.4802,dewpoint,358.8,38.086
2020-04-24,30.04,37.55,20.72,35.03,0.03,1.15,25.29,97.78,13.77,10.77,PNJ,29.39,76.96,semi_arid_subtropical,NASA_POWER_daily_ag,5.925,13.3,1.2928,dewpoint,369.4,38.202
2020-04-25,30.84,36.83,25.9,35.07,3.72,0.83,17.29,97.79,53.28,12.84,PNJ,29.39,76.96,semi_arid_subtropical,NASA_POWER_daily_ag,4.497,10.059,1.4822,dewpoint,368.3,38.315
2020-04-26,29.67,36.72,24.21,42.46,3.0,2.62,18.4,97.99,42.99,14.76,PNJ,29.39,76.96,semi_arid_subtropical,NASA_POWER_daily_ag,6.395,10.829,1.6792,dewpoint,347.2,38.425
2020-04-27,26.35,32.9,20.31,56.8,7.2,3.82,22.08,98.38,16.81,16.4,PNJ,29.39,76.96,semi_arid_subtropical,NASA_POWER_daily_ag,6.385,13.026,1.8653,dewpoint,306.2,38.533
2020-04-28,27.73,34.52,20.51,50.41,0.02,1.52,21.93,98.39,33.15,15.52,PNJ,29.39,76.96,semi_arid_subtropical,NASA_POWER_daily_ag,5.419,12.776,1.7633,dewpoint,305.1,38.639
2020-04-29,29.97,36.85,23.48,42.56,0.0,1.07,23.87,98.1,30.48,15.13,PNJ,29.39,76.96,semi_arid_subtropical,NASA_POWER_daily_ag,5.604,13.502,1.7197,dewpoint,335.6,38.742
2020-04-30,31.11,37.85,24.49,43.23,0.34,1.25,23.04,98.03,59.46,16.39,PNJ,29.39,76.96,semi_arid_subtropical,NASA_POWER_daily_ag,5.815,13.295,1.8641,dewpoint,343.0,38.842
2020-05-01,32.53,39.86,24.81,38.82,0.0,1.79,25.58,97.84,8.75,15.58,PNJ,29.39,76.96,semi_arid_subtropical,NASA_POWER_daily_ag,7.047,14.286,1.7701,dewpoint,363.1,38.941
2020-05-02,32.28,40.3,25.18,38.85,0.0,2.34,22.73,97.73,86.32,15.39,PNJ,29.39,76.96,semi_arid_subtropical,NASA_POWER_daily_ag,7.24,12.913,1.7486,dewpoint,374.7,39.036
2020-05-03,30.48,36.09,24.84,46.66,9.53,2.83,20.86,97.83,85.25,17.06,PNJ,29.39,76.96,semi_arid_subtropical,NASA_POWER_daily_ag,6.855,12.434,1.9451,dewpoint,364.1,39.13
2020-05-04,29.31,36.22,22.41,54.18,6.83,1.14,24.78,98.09,41.52,17.84,PNJ,29.39,76.96,semi_arid_subtropical,NASA_POWER_daily_ag,5.686,14.605,2.0433,dewpoint,336.7,39.221
2020-05-05,30.51,36.63,23.5,42.83,0.04,1.45,24.66,97.97,48.8,15.76,PNJ,29.39,76.96,semi_arid_subtropical,NASA_POWER_daily_ag,6.225,14.11,1.7906,dewpoint,349.3,39.309
2020-05-06,30.56,37.19,23.44,38.35,0.56,1.48,16.14,97.88,69.63,13.31,PNJ,29.39,76.96,semi_arid_subtropical,NASA_POWER_daily_ag,5.209,9.779,1.5284,dewpoint,358.8,39.395
2020-05-07,29.21,36.37,22.08,44.85,1.23,1.94,26.92,97.94,32.4,14.92,PNJ,29.39,76.96,semi_arid_subtropical,NASA_POWER_daily_ag,6.812,15.114,1.6966,dewpoint,352.5,39.479
2020-05-08,32.09,39.73,23.31,32.23,0.0,1.52,27.02,97.79,3.41,12.26,PNJ,29.39,76.96,semi_arid_subtropical,NASA_POWER_daily_ag,6.969,14.446,1.4268,dewpoint,368.3,39.561
2020-05-09,33.21,40.58,24.08,32.51,0.0,1.41,25.27,97.84,36.36,13.34,PNJ,29.39,76.96,semi_arid_subtropical,NASA_POWER_daily_ag,6.735,13.833,1.5314,dewpoint,363.1,39.64
2020-05-10,30.63,39.89,25.02,39.64,0.51,1.92,11.37,97.94,86.87,14.23,PNJ,29.39,76.96,semi_arid_subtropical,NASA_POWER_daily_ag,5.05,7.641,1.6226,dewpoint,352.5,39.717
2020-05-11,28.88,35.29,21.6,48.99,8.06,2.05,22.05,98.09,75.52,15.89,PNJ,29.39,76.96,semi_arid_subtropical,NASA_POWER_daily_ag,6.131,13.031,1.8056,dewpoint,336.7,39.791
2020-05-12,30.78,37.56,23.08,40.07,0.3,1.1,24.66,98.03,66.84,14.36,PNJ,29.39,76.96,semi_arid_subtropical,NASA_POWER_daily_ag,5.934,13.929,1.6363,dewpoint,343.0,39.863
2020-05-13,30.9,36.87,25.8,39.37,0.07,1.35,12.37,97.9,73.03,15.08,PNJ,29.39,76.96,semi_arid_subtropical,NASA_POWER_daily_ag,4.482,8.186,1.7141,dewpoint,356.7,39.933
2020-05-14,32.18,38.87,26.0,39.76,0.19,1.46,21.65,97.86,72.98,16.15,PNJ,29.39,76.96,semi_arid_subtropical,NASA_POWER_daily_ag,6.071,12.707,1.8358,dewpoint,361.0,40.001
2020-05-15,31.39,38.82,24.9,38.84,1.3,3.42,24.67,97.8,58.19,14.76,PNJ,29.39,76.96,semi_arid_subtropical,NASA_POWER_daily_ag,8.471,13.949,1.6792,dewpoint,367.3,40.067
2020-05-16,31.32,39.66,22.97,34.66,0.0,3.61,28.51,97.69,10.31,12.35,PNJ,29.39,76.96,semi_arid_subtropical,NASA_POWER_daily_ag,9.386,15.273,1.4353,dewpoint,378.9,40.13
2020-05-17,31.86,39.92,23.37,31.25,0.0,1.9,27.17,97.55,22.88,11.51,PNJ,29.39,76.96,semi_arid_subtropical,NASA_POWER_daily_ag,7.497,14.499,1.3579,dewpoint,393.7,40.191
2020-05-18,32.12,40.9,23.85,29.4,0.0,2.35,26.43,97.46,50.17,9.85,PNJ,29.39,76.96,semi_arid_subtropical,NASA_POWER_daily_ag,8.087,13.821,1.2157,dewpoint,403.2,40.25
2020-05-19,32.14,40.96,24.19,23.37,0.0,2.46,27.48,97.43,33.49,6.64,PNJ,29.39,76.96,semi_arid_subtropical,NASA_POWER_daily_ag,8.477,13.664,0.9774,dewpoint,406.4,40.307
2020-05-20,31.25,39.72,22.64,25.7,0.0,3.02,30.17,97.35,10.09,7.7,PNJ,29.39,76.96,semi_arid_subtropical,NASA_POWER_daily_ag,9.282,15.087,1.051,dewpoint,414.9,40.361
2020-05-21,32.76,42.66,22.17,25.13,0.0,3.96,28.85,97.24,9.53,7.62,PNJ,29.39,76.96,semi_arid_subtropical,NASA_POWER_daily_ag,10.667,14.415,1.0453,dewpoint,426.6,40.414
2020-05-22,35.63,44.1,24.85,23.3,0.0,1.58,28.55,97.25,8.5,9.59,PNJ,29.39,76.96,semi_arid_subtropical,NASA_POWER_daily_ag,7.8,14.502,1.1946,dewpoint,425.5,40.464
2020-05-23,37.03,45.78,29.51,19.02,0.0,2.36,24.24,97.35,62.13,7.97,PNJ,29.39,76.96,semi_arid_subtropical,NASA_POWER_daily_ag,8.768,12.253,1.0706,dewpoint,414.9,40.513
2020-05-24,36.63,45.14,27.58,21.65,0.01,2.47,27.41,97.45,31.75,9.48,PNJ,29.39,76.96,semi_arid_subtropical,NASA_POWER_daily_ag,9.251,13.868,1.1858,dewpoint,404.3,40.559
2020-05-25,36.89,44.82,28.25,23.01,0.0,2.95,28.47,97.38,37.82,10.87,PNJ,29.39,76.96,semi_arid_subtropical,NASA_POWER_daily_ag,10.138,14.585,1.3014,dewpoint,411.7,40.603
2020-05-26,37.93,46.57,29.95,18.86,0.0,2.26,28.18,97.21,28.38,8.6,PNJ,29.39,76.96,semi_arid_subtropical,NASA_POWER_daily_ag,9.196,13.839,1.1174,dewpoint,429.8,40.645
2020-05-27,38.19,46.45,29.87,17.29,0.01,1.61,26.69,97.09,45.15,7.52,PNJ,29.39,76.96,semi_arid_subtropical,NASA_POWER_daily_ag,7.87,13.093,1.0382,dewpoint,442.5,40.686
2020-05-28,36.11,42.93,28.17,25.43,0.23,4.92,23.01,97.23,75.32,12.59,PNJ,29.39,76.96,semi_arid_subtropical,NASA_POWER_daily_ag,11.758,12.71,1.4581,dewpoint,427.6,40.724
2020-05-29,33.06,39.64,25.92,39.53,7.97,4.14,19.45,97.54,98.16,16.53,PNJ,29.39,76.96,semi_arid_subtropical,NASA_POWER_daily_ag,8.793,11.788,1.8808,dewpoint,394.8,40.76
2020-05-30,30.35,35.68,26.44,47.63,4.12,2.52,21.21,97.82,70.13,17.57,PNJ,29.39,76.96,semi_arid_subtropical,NASA_POWER_daily_ag,6.6,12.897,2.0088,dewpoint,365.2,40.794
2020-05-31,29.0,34.62,23.95,57.55,18.38,1.78,20.43,97.92,83.24,19.18,PNJ,29.39,76.96,semi_arid_subtropical,NASA_POWER_daily_ag,5.433,12.805,2.2222,dewpoint,354.6,40.827
2020-06-01,29.5,34.94,23.81,54.64,6.3,1.43,25.71,98.0,43.27,18.58,PNJ,29.39,76.96,semi_arid_subtropical,NASA_POWER_daily_ag,6.136,15.5,2.1405,dewpoint,346.2,40.857
2020-06-02,31.33,37.4,24.96,43.49,0.71,1.77,20.58,97.79,55.59,16.71,PNJ,29.39,76.96,semi_arid_subtropical,NASA_POWER_daily_ag,6.129,12.457,1.9024,dewpoint,368.3,40.886
2020-06-03,31.9,38.42,24.96,42.26,0.1,1.76,21.85,97.62,59.02,16.39,PNJ,29.39,76.96,semi_arid_subtropical,NASA_POWER_daily_ag,6.43,13.022,1.8641,dewpoint,386.3,40.913
2020-06-04,31.88,38.34,25.99,44.11,0.36,2.06,19.7,97.52,94.49,17.3,PNJ,29.39,76.96,semi_arid_subtropical,NASA_POWER_daily_ag,6.356,12.066,1.9749,dewpoint,396.9,40.938
2020-06-05,29.88,34.84,25.28,56.27,6.02,1.54,21.34,97.55,73.28,19.63,PNJ,29.39,76.96,semi_arid_subtropical,NASA_POWER_daily_ag,5.548,13.352,2.2853,dewpoint,393.7,40.961
2020-06-06,30.85,35.6,26.03,47.8,2.68,1.32,22.62,97.52,56.46,18.05,PNJ,29.39,76.96,semi_arid_subtropical,NASA_POWER_daily_ag,5.829,13.74,2.0705,dewpoint,396.9,40.982
2020-06-07,31.36,35.45,26.47,48.63,14.06,1.08,16.02,97.46,75.48,18.94,PNJ,29.39,76.96,semi_arid_subtropical,NASA_POWER_daily_ag,4.589,10.406,2.1892,dewpoint,403.2,41.001
2020-06-08,32.63,38.46,26.34,44.08,1.85,1.31,25.04,97.41,59.34,18.0,PNJ,29.39,76.96,semi_arid_subtropical,NASA_POWER_daily_ag,6.472,14.896,2.064,dewpoint,408.5,41.019
2020-06-09,34.17,40.95,27.63,41.68,1.59,1.61,24.85,97.43,51.71,18.45,PNJ,29.39,76.96,semi_arid_subtropical,NASA_POWER_daily_ag,7.003,14.782,2.1231,dewpoint,406.4,41.034
2020-06-10,35.79,42.83,28.42,37.22,0.04,1.66,20.77,97.32,69.66,17.9,PNJ,29.39,76.96,semi_arid_subtropical,NASA_POWER_daily_ag,6.723,12.557,2.051,dewpoint,418.1,41.048
2020-06-11,36.0,41.59,30.02,37.55,0.71,1.13,24.53,97.23,31.46,18.55,PNJ,29.39,76.96,semi_arid_subtropical,NASA_POWER_daily_ag,6.611,14.566,2.1365,dewpoint,427.6,41.061
2020-06-12,36.54,42.51,30.45,38.91,0.0,1.04,22.76,97.08,50.78,19.46,PNJ,29.39,76.96,semi_arid_subtropical,NASA_POWER_daily_ag,6.252,13.806,2.2613,dewpoint,443.6,41.071
2020-06-13,36.33,42.31,30.24,36.36,0.46,1.1,17.93,97.15,84.69,18.21,PNJ,29.39,76.96,semi_arid_subtropical,NASA_POWER_daily_ag,5.541,11.163,2.0914,dewpoint,436.1,41.08
2020-06-14,35.72,41.61,29.71,35.4,0.66,1.2,23.39,97.31,44.74,17.44,PNJ,29.39,76.96,semi_arid_subtropical,NASA_POWER_daily_ag,6.5,13.789,1.9924,dewpoint,419.1,41.087
2020-06-15,35.96,42.92,28.54,31.75,0.28,1.47,25.95,97.09,44.87,15.22,PNJ,29.39,76.96,semi_arid_subtropical,NASA_POWER_daily_ag,7.334,14.583,1.7297,dewpoint,442.5,41.092
2020-06-16,36.17,42.79,29.66,26.53,0.02,1.14,25.17,96.9,54.84,12.95,PNJ,29.39,76.96,semi_arid_subtropical,NASA_POWER_daily_ag,6.716,13.757,1.4929,dewpoint,462.7,41.095
2020-06-17,34.87,41.52,27.12,33.66,2.44,1.7,25.65,96.9,39.84,15.49,PNJ,29.39,76.96,semi_arid_subtropical,NASA_POWER_daily_ag,7.462,14.597,1.7599,dewpoint,462.7,41.097
2020-06-18,36.05,43.46,28.23,33.05,0.01,1.96,25.13,96.94,37.04,16.3,PNJ,29.39,76.96,semi_arid_subtropical,NASA_POWER_daily_ag,7.902,14.408,1.8534,dewpoint,458.4,41.097
2020-06-19,37.18,43.21,29.77,31.9,0.08,1.87,22.2,97.05,67.68,17.06,PNJ,29.39,76.96,semi_arid_subtropical,NASA_POWER_daily_ag,7.506,13.097,1.9451,dewpoint,446.7,41.095
2020-06-20,37.21,42.52,31.27,35.84,2.2,1.52,18.06,97.18,81.61,18.93,PNJ,29.39,76.96,semi_arid_subtropical,NASA_POWER_daily_ag,6.265,11.299,2.1878,dewpoint,432.9,41.092
2020-06-21,35.47,40.6,31.26,44.04,2.18,1.13,24.05,97.2,50.16,20.83,PNJ,29.39,76.96,semi_arid_subtropical,NASA_POWER_daily_ag,6.439,14.788,2.4612,dewpoint,430.8,41.086
2020-06-22,33.38,37.98,28.84,51.09,21.71,1.43,22.8,97.25,44.97,21.59,PNJ,29.39,76.96,semi_arid_subtropical,NASA_POWER_daily_ag,6.207,14.37,2.5786,dewpoint,425.5,41.079
2020-06-23,34.62,40.37,29.2,48.04,0.1,2.57,24.13,97.42,47.14,21.46,PNJ,29.39,76.96,semi_arid_subtropical,NASA_POWER_daily_ag,7.747,15.01,2.5582,dewpoint,407.5,41.071
2020-06-24,32.33,36.05,29.0,62.46,1.22,3.38,22.12,97.51,64.29,24.09,PNJ,29.39,76.96,semi_arid_subtropical,NASA_POWER_daily_ag,6.802,14.486,3.0001,dewpoint,398.0,41.06
2020-06-25,34.02,39.05,28.53,54.56,1.07,1.65,16.94,97.26,75.43,23.11,PNJ,29.39,76.96,semi_arid_subtropical,NASA_POWER_daily_ag,5.402,11.291,2.8282,dewpoint,424.4,41.048
2020-06-26,34.78,40.62,29.46,49.61,0.13,2.14,17.43,97.11,60.58,21.93,PNJ,29.39,76.96,semi_arid_subtropical,NASA_POWER_daily_ag,6.228,11.392,2.6327,dewpoint,440.4,41.035
2020-06-27,36.73,42.83,31.1,41.71,0.16,3.16,20.79,97.01,62.73,20.71,PNJ,29.39,76.96,semi_arid_subtropical,NASA_POWER_daily_ag,8.491,12.971,2.443,dewpoint,451.0,41.019
2020-06-28,37.05,42.81,31.15,39.86,0.03,3.64,23.2,96.98,32.27,20.78,PNJ,29.39,76.96,semi_arid_subtropical,NASA_POWER_daily_ag,9.467,14.263,2.4536,dewpoint,454.2,41.002
2020-06-29,36.28,41.02,31.47,41.71,1.42,2.58,20.83,97.15,81.16,20.88,PNJ,29.39,76.96,semi_arid_subtropical,NASA_POWER_daily_ag,7.721,13.045,2.4687,dewpoint,436.1,40.983
2020-06-30,34.95,40.01,30.46,46.8,0.64,1.95,21.51,97.32,69.91,21.5,PNJ,29.39,76.96,semi_arid_subtropical,NASA_POWER_daily_ag,6.792,13.555,2.5644,dewpoint,418.1,40.962
2020-07-01,35.04,40.11,30.23,49.9,1.67,1.71,20.2,97.21,77.32,22.68,PNJ,29.39,76.96,semi_arid_subtropical,NASA_POWER_daily_ag,6.252,13.032,2.7555,dewpoint,429.8,40.94
2020-07-02,35.46,40.69,30.4,50.33,8.49,1.36,21.24,96.96,72.39,23.1,PNJ,29.39,76.96,semi_arid_subtropical,NASA_POWER_daily_ag,6.13,13.68,2.8265,dewpoint,456.3,40.916
2020-07-03,36.45,41.9,31.26,46.1,4.62,2.21,22.17,96.92,63.35,22.42,PNJ,29.39,76.96,semi_arid_subtropical,NASA_POWER_daily_ag,7.413,14.033,2.7124,dewpoint,460.6,40.89
2020-07-04,35.69,41.06,30.89,49.12,7.5,2.03,20.31,96.92,72.15,22.87,PNJ,29.39,76.96,semi_arid_subtropical,NASA_POWER_daily_ag,6.697,13.095,2.7874,dewpoint,460.6,40.862
2020-07-05,31.13,34.22,28.48,65.73,26.8,2.78,22.03,97.03,55.15,23.82,PNJ,29.39,76.96,semi_arid_subtropical,NASA_POWER_daily_ag,6.133,14.405,2.9518,dewpoint,448.9,40.833
2020-07-06,32.96,39.01,26.49,54.05,0.0,2.15,21.55,97.01,72.45,21.7,PNJ,29.39,76.96,semi_arid_subtropical,NASA_POWER_daily_ag,6.513,13.69,2.596,dewpoint,451.0,40.801
2020-07-07,31.26,35.36,26.56,62.89,7.11,4.13,20.98,97.36,74.81,23.03,PNJ,29.39,76.96,semi_arid_subtropical,NASA_POWER_daily_ag,6.808,13.655,2.8145,dewpoint,413.8,40.768
2020-07-08,31.12,35.98,26.22,67.17,3.77,2.92,13.46,97.43,95.42,23.91,PNJ,29.39,76.96,semi_arid_subtropical,NASA_POWER_daily_ag,4.8,9.373,2.9678,dewpoint,406.4,40.733
2020-07-09,33.56,37.96,29.21,57.9,1.24,1.68,21.87,97.06,54.93,23.78,PNJ,29.39,76.96,semi_arid_subtropical,NASA_POWER_daily_ag,6.123,14.213,2.9447,dewpoint,445.7,40.697
2020-07-10,35.57,41.96,29.69,47.44,0.45,3.32,21.38,96.82,49.61,21.68,PNJ,29.39,76.96,semi_arid_subtropical,NASA_POWER_daily_ag,8.227,13.461,2.5928,dewpoint,471.2,40.658
2020-07-11,34.52,39.59,30.07,52.2,4.72,2.82,20.83,96.9,70.67,22.79,PNJ,29.39,76.96,semi_arid_subtropical,NASA_POWER_daily_ag,7.2,13.387,2.774,dewpoint,462.7,40.618
2020-07-12,31.97,34.46,28.97,62.33,19.04,1.08,13.11,97.1,91.88,23.76,PNJ,29.39,76.96,semi_arid_subtropical,NASA_POWER_daily_ag,3.849,9.143,2.9412,dewpoint,441.4,40.576
2020-07-13,32.86,38.58,27.57,59.04,0.01,2.37,24.51,97.12,59.94,23.18,PNJ,29.39,76.96,semi_arid_subtropical,NASA_POWER_daily_ag,6.938,15.609,2.8402,dewpoint,439.3,40.532
2020-07-14,34.08,40.1,28.3,51.33,0.75,1.95,24.28,97.21,21.31,22.03,PNJ,29.39,76.96,semi_arid_subtropical,NASA_POWER_daily_ag,7.004,15.168,2.6488,dewpoint,429.8,40.486
2020-07-15,33.6,38.9,28.7,54.71,0.77,2.03,20.66,97.29,44.06,22.71,PNJ,29.39,76.96,semi_arid_subtropical,NASA_POWER_daily_ag,6.293,13.289,2.7605,dewpoint,421.3,40.438
2020-07-16,32.38,37.13,27.24,61.81,4.24,2.94,20.67,97.21,58.81,23.66,PNJ,29.39,76.96,semi_arid_subtropical,NASA_POWER_daily_ag,6.432,13.507,2.9236,dewpoint,429.8,40.389
2020-07-17,32.33,36.52,29.09,66.08,10.58,2.69,16.34,97.29,86.39,24.98,PNJ,29.39,76.96,semi_arid_subtropical,NASA_POWER_daily_ag,5.295,11.13,3.164,dewpoint,421.3,40.337
2020-07-18,32.85,37.66,28.03,67.32,16.89,1.26,16.85,97.31,98.92,25.54,PNJ,29.39,76.96,semi_arid_subtropical,NASA_POWER_daily_ag,4.634,11.5,3.2711,dewpoint,419.1,40.283
2020-07-19,32.9,37.9,28.15,66.09,8.4,2.22,17.61,97.11,89.92,25.25,PNJ,29.39,76.96,semi_arid_subtropical,NASA_POWER_daily_ag,5.375,11.913,3.2153,dewpoint,440.4,40.228
2020-07-20,32.84,37.64,29.2,63.79,9.17,2.67,16.93,96.97,82.01,24.6,PNJ,29.39,76.96,semi_arid_subtropical,NASA_POWER_daily_ag,5.613,11.411,3.0931,dewpoint,455.2,40.171
2020-07-21,30.24,33.41,27.3,76.63,37.16,1.49,10.81,97.27,89.56,25.52,PNJ,29.39,76.96,semi_arid_subtropical,NASA_POWER_daily_ag,3.157,7.854,3.2672,dewpoint,423.4,40.111
2020-07-22,28.98,33.55,25.96,76.77,21.41,1.72,7.7,97.43,78.28,24.23,PNJ,29.39,76.96,semi_arid_subtropical,NASA_POWER_daily_ag,2.654,5.959,3.0254,dewpoint,406.4,40.05
2020-07-23,29.87,34.94,24.73,68.44,0.42,1.64,23.91,97.35,32.53,22.9,PNJ,29.39,76.96,semi_arid_subtropical,NASA_POWER_daily_ag,5.704,15.274,2.7925,dewpoint,414.9,39.986
2020-07-24,29.65,34.01,25.36,71.25,0.9,2.27,21.6,97.65,62.46,23.64,PNJ,29.39,76.96,semi_arid_subtropical,NASA_POWER_daily_ag,5.411,14.077,2.92,dewpoint,383.1,39.921
2020-07-25,29.99,34.65,25.83,72.88,1.57,2.4,19.32,97.82,77.39,24.24,PNJ,29.39,76.96,semi_arid_subtropical,NASA_POWER_daily_ag,5.076,12.814,3.0272,dewpoint,365.2,39.853
2020-07-26,30.17,34.38,25.98,73.48,10.17,0.92,20.42,97.76,60.84,24.62,PNJ,29.39,76.96,semi_arid_subtropical,NASA_POWER_daily_ag,4.732,13.525,3.0968,dewpoint,371.5,39.784
2020-07-27,31.93,37.12,26.67,62.82,0.17,2.11,21.12,97.47,44.96,23.49,PNJ,29.39,76.96,semi_arid_subtropical,NASA_POWER_daily_ag,5.903,13.676,2.8938,dewpoint,402.2,39.712
2020-07-28,33.06,38.03,27.46,61.97,10.02,2.04,21.53,97.21,80.06,24.38,PNJ,29.39,76.96,semi_arid_subtropical,NASA_POWER_daily_ag,6.103,14.048,3.0527,dewpoint,429.8,39.638
2020-07-29,32.51,37.5,27.22,66.87,21.82,1.71,16.91,97.23,98.51,24.99,PNJ,29.39,76.96,semi_arid_subtropical,NASA_POWER_daily_ag,4.889,11.423,3.1659,dewpoint,427.6,39.562
2020-07-30,29.0,32.33,25.92,83.73,38.14,1.98,9.1,97.52,95.57,25.85,PNJ,29.39,76.96,semi_arid_subtropical,NASA_POWER_daily_ag,2.647,6.798,3.3317,dewpoint,396.9,39.484
2020-07-31,29.69,33.61,26.17,82.67,9.6,1.15,20.68,97.38,65.12,26.24,PNJ,29.39,76.96,semi_arid_subtropical,NASA_POWER_daily_ag,4.647,13.952,3.4094,dewpoint,411.7,39.404
2020-08-01,30.92,34.47,27.06,76.07,3.5,1.51,15.5,97.32,85.45,25.94,PNJ,29.39,76.96,semi_arid_subtropical,NASA_POWER_daily_ag,4.075,10.701,3.3495,dewpoint,418.1,39.322
2020-08-02,30.43,34.8,26.32,75.49,1.96,2.02,22.59,97.13,49.62,25.39,PNJ,29.39,76.96,semi_arid_subtropical,NASA_POWER_daily_ag,5.43,14.918,3.2421,dewpoint,438.2,39.237
2020-08-03,31.92,36.68,27.09,70.98,0.74,1.9,19.39,96.72,84.36,25.68,PNJ,29.39,76.96,semi_arid_subtropical,NASA_POWER_daily_ag,5.186,12.998,3.2984,dewpoint,481.8,39.15
2020-08-04,32.52,36.97,27.93,67.39,3.71,1.41,20.99,96.6,77.34,25.32,PNJ,29.39,76.96,semi_arid_subtropical,NASA_POWER_daily_ag,5.409,13.872,3.2287,dewpoint,494.6,39.062
2020-08-05,30.64,33.79,27.66,75.83,1.04,1.62,21.25,96.83,76.41,25.74,PNJ,29.39,76.96,semi_arid_subtropical,NASA_POWER_daily_ag,5.093,14.152,3.3101,dewpoint,470.1,38.97
2020-08-06,30.33,35.0,26.49,77.52,0.8,2.67,24.21,97.21,76.99,25.71,PNJ,29.39,76.96,semi_arid_subtropical,NASA_POWER_daily_ag,5.745,15.927,3.3042,dewpoint,429.8,38.877
2020-08-07,29.3,32.84,26.44,81.75,0.12,2.84,22.52,97.37,60.93,25.7,PNJ,29.39,76.96,semi_arid_subtropical,NASA_POWER_daily_ag,5.119,14.926,3.3023,dewpoint,412.8,38.782
2020-08-08,31.3,35.53,26.59,73.71,3.79,1.0,24.0,97.14,43.58,25.69,PNJ,29.39,76.96,semi_arid_subtropical,NASA_POWER_daily_ag,5.524,15.764,3.3003,dewpoint,437.2,38.684
2020-08-09,31.23,34.59,27.85,74.02,21.02,0.87,13.81,97.05,95.91,25.85,PNJ,29.39,76.96,semi_arid_subtropical,NASA_POWER_daily_ag,3.556,9.614,3.3317,dewpoint,446.7,38.584
2020-08-10,29.88,33.46,26.5,82.65,21.13,1.04,14.74,97.18,98.11,26.45,PNJ,29.39,76.96,semi_arid_subtropical,NASA_POWER_daily_ag,3.534,10.252,3.4519,dewpoint,432.9,38.481
2020-08-11,30.0,33.66,27.23,82.78,17.52,1.45,14.02,97.12,89.89,26.58,PNJ,29.39,76.96,semi_arid_subtropical,NASA_POWER_daily_ag,3.492,9.809,3.4784,dewpoint,439.3,38.377
2020-08-12,30.47,34.64,26.95,82.6,20.14,2.44,18.64,97.0,77.79,26.99,PNJ,29.39,76.96,semi_arid_subtropical,NASA_POWER_daily_ag,4.532,12.715,3.5632,dewpoint,452.1,38.27
2020-08-13,29.93,35.11,26.84,84.53,7.95,2.02,9.28,96.99,98.09,26.81,PNJ,29.39,76.96,semi_arid_subtropical,NASA_POWER_daily_ag,2.709,6.878,3.5258,dewpoint,453.1,38.161
2020-08-14,28.76,32.13,26.16,86.49,5.53,2.22,17.76,97.0,69.57,26.18,PNJ,29.39,76.96,semi_arid_subtropical,NASA_POWER_daily_ag,3.983,12.063,3.3974,dewpoint,452.1,38.049
2020-08-15,29.31,32.87,26.01,83.55,5.14,1.75,21.47,96.99,31.1,26.09,PNJ,29.39,76.96,semi_arid_subtropical,NASA_POWER_daily_ag,4.753,14.3,3.3794,dewpoint,453.1,37.935
2020-08-16,29.76,33.74,25.73,82.44,0.67,1.23,19.58,97.07,53.83,26.27,PNJ,29.39,76.96,semi_arid_subtropical,NASA_POWER_daily_ag,4.436,13.16,3.4155,dewpoint,444.6,37.819
2020-08-17,29.99,33.45,26.7,85.01,26.1,1.38,14.84,97.1,69.9,27.07,PNJ,29.39,76.96,semi_arid_subtropical,NASA_POWER_daily_ag,3.551,10.335,3.58,dewpoint,441.4,37.701
2020-08-18,29.31,31.73,27.26,88.42,15.74,1.3,16.73,97.11,72.95,27.14,PNJ,29.39,76.96,semi_arid_subtropical,NASA_POWER_daily_ag,3.736,11.526,3.5947,dewpoint,440.4,37.58
2020-08-19,29.09,31.75,27.02,90.33,15.43,1.55,5.65,97.04,98.13,27.31,PNJ,29.39,76.96,semi_arid_subtropical,NASA_POWER_daily_ag,1.673,4.596,3.6307,dewpoint,447.8,37.457
2020-08-20,27.77,30.49,26.07,91.55,33.12,1.7,15.34,97.37,97.8,26.22,PNJ,29.39,76.96,semi_arid_subtropical,NASA_POWER_daily_ag,3.263,10.55,3.4054,dewpoint,412.8,37.332
2020-08-21,27.35,30.13,24.62,86.91,3.88,1.72,15.73,97.66,92.77,24.9,PNJ,29.39,76.96,semi_arid_subtropical,NASA_POWER_daily_ag,3.444,10.634,3.149,dewpoint,382.1,37.205
2020-08-22,28.34,31.78,25.11,83.47,4.1,1.62,21.59,97.56,59.48,25.13,PNJ,29.39,76.96,semi_arid_subtropical,NASA_POWER_daily_ag,4.615,14.117,3.1924,dewpoint,392.7,37.075
2020-08-23,27.93,32.05,24.57,86.25,1.15,2.54,20.9,97.39,44.47,25.3,PNJ,29.39,76.96,semi_arid_subtropical,NASA_POWER_daily_ag,4.395,13.733,3.2248,dewpoint,410.7,36.943
2020-08-24,28.06,31.89,25.09,86.52,0.55,2.87,18.54,97.37,37.07,25.49,PNJ,29.39,76.96,semi_arid_subtropical,NASA_POWER_daily_ag,4.035,12.34,3.2614,dewpoint,412.8,36.809
2020-08-25,28.17,32.08,24.87,86.96,0.9,2.38,18.85,97.54,45.34,25.67,PNJ,29.39,76.96,semi_arid_subtropical,NASA_POWER_daily_ag,4.056,12.543,3.2964,dewpoint,394.8,36.672
2020-08-26,28.88,32.26,25.66,84.7,1.97,1.32,18.33,97.61,42.1,25.91,PNJ,29.39,76.96,semi_arid_subtropical,NASA_POWER_daily_ag,4.047,12.246,3.3436,dewpoint,387.4,36.533
2020-08-27,29.24,32.52,25.77,82.48,3.99,0.76,19.57,97.54,55.55,25.81,PNJ,29.39,76.96,semi_arid_subtropical,NASA_POWER_daily_ag,4.263,12.958,3.3239,dewpoint,394.8,36.392
2020-08-28,28.91,31.86,26.28,82.19,32.23,1.3,18.79,97.41,42.74,25.45,PNJ,29.39,76.96,semi_arid_subtropical,NASA_POWER_daily_ag,4.172,12.417,3.2537,dewpoint,408.5,36.249
2020-08-29,29.05,33.0,25.23,77.53,10.4,0.57,19.99,97.45,36.78,24.52,PNJ,29.39,76.96,semi_arid_subtropical,NASA_POWER_daily_ag,4.291,12.933,3.0783,dewpoint,404.3,36.104
2020-08-30,27.6,30.82,24.9,84.83,1.01,3.54,19.47,97.45,56.61,24.72,PNJ,29.39,76.96,semi_arid_subtropical,NASA_POWER_daily_ag,4.222,12.693,3.1153,dewpoint,404.3,35.956
2020-08-31,27.44,31.29,24.4,84.4,0.59,3.02,18.67,97.62,33.97,24.44,PNJ,29.39,76.96,semi_arid_subtropical,NASA_POWER_daily_ag,4.083,12.161,3.0636,dewpoint,386.3,35.807
2020-09-01,28.11,32.22,24.11,84.64,0.0,1.46,19.87,97.71,53.53,25.14,PNJ,29.39,76.96,semi_arid_subtropical,NASA_POWER_daily_ag,4.218,12.963,3.1943,dewpoint,376.8,35.655
2020-09-02,28.41,31.85,25.04,82.76,0.0,1.25,20.18,97.91,79.83,25.05,PNJ,29.39,76.96,semi_arid_subtropical,NASA_POWER_daily_ag,4.314,13.102,3.1772,dewpoint,355.7,35.501
2020-09-03,28.21,31.55,25.04,84.47,0.76,1.55,18.35,98.02,84.07,25.23,PNJ,29.39,76.96,semi_arid_subtropical,NASA_POWER_daily_ag,3.973,12.05,3.2114,dewpoint,344.1,35.345
2020-09-04,28.35,31.93,24.98,84.14,0.3,1.51,18.5,97.9,63.08,25.28,PNJ,29.39,76.96,semi_arid_subtropical,NASA_POWER_daily_ag,4.016,12.128,3.221,dewpoint,356.7,35.187
2020-09-05,27.87,31.02,24.72,84.69,2.87,1.01,16.33,97.72,78.95,24.95,PNJ,29.39,76.96,semi_arid_subtropical,NASA_POWER_daily_ag,3.532,10.807,3.1584,dewpoint,375.7,35.027
2020-09-06,28.52,31.92,24.87,80.43,0.71,1.07,19.71,97.63,48.09,24.66,PNJ,29.39,76.96,semi_arid_subtropical,NASA_POWER_daily_ag,4.241,12.687,3.1042,dewpoint,385.3,34.865
2020-09-07,28.48,32.58,24.76,79.66,5.29,1.14,20.07,97.67,46.49,24.47,PNJ,29.39,76.96,semi_arid_subtropical,NASA_POWER_daily_ag,4.312,12.828,3.0691,dewpoint,381.0,34.701
2020-09-08,28.27,32.79,23.74,79.46,0.36,1.47,22.12,97.73,29.9,24.19,PNJ,29.39,76.96,semi_arid_subtropical,NASA_POWER_daily_ag,4.686,13.928,3.0181,dewpoint,374.7,34.535
2020-09-09,28.42,32.69,24.23,76.07,0.31,1.39,21.99,97.75,15.72,23.6,PNJ,29.39,76.96,semi_arid_subtropical,NASA_POWER_daily_ag,4.725,13.687,2.913,dewpoint,372.6,34.368
2020-09-10,28.5,34.01,23.48,78.54,0.0,1.66,21.7,97.46,17.37,24.11,PNJ,29.39,76.96,semi_arid_subtropical,NASA_POWER_daily_ag,4.703,13.61,3.0037,dewpoint,403.2,34.198
2020-09-11,29.38,34.1,24.06,72.83,0.0,1.03,21.85,97.5,32.12,23.64,PNJ,29.39,76.96,semi_arid_subtropical,NASA_POWER_daily_ag,4.753,13.547,2.92,dewpoint,399.0,34.027
2020-09-12,29.0,33.15,23.91,71.55,0.9,1.02,20.73,97.81,26.56,23.07,PNJ,29.39,76.96,semi_arid_subtropical,NASA_POWER_daily_ag,4.522,12.8,2.8214,dewpoint,366.2,33.854
2020-09-13,28.86,33.26,24.52,66.47,0.87,0.99,18.93,97.8,29.09,21.61,PNJ,29.39,76.96,semi_arid_subtropical,NASA_POWER_daily_ag,4.251,11.511,2.5817,dewpoint,367.3,33.68
2020-09-14,28.06,32.46,22.39,65.19,1.68,1.11,18.99,97.71,37.86,20.6,PNJ,29.39,76.96,semi_arid_subtropical,NASA_POWER_daily_ag,4.258,11.396,2.4266,dewpoint,376.8,33.503
2020-09-15,28.84,33.91,23.71,67.35,0.0,1.18,18.86,97.62,30.39,21.86,PNJ,29.39,76.96,semi_arid_subtropical,NASA_POWER_daily_ag,4.314,11.476,2.6215,dewpoint,386.3,33.326
2020-09-16,29.55,35.43,25.67,65.92,0.0,1.46,20.54,97.58,34.52,22.24,PNJ,29.39,76.96,semi_arid_subtropical,NASA_POWER_daily_ag,4.794,12.329,2.6829,dewpoint,390.5,33.146
2020-09-17,29.58,35.78,24.43,69.46,0.05,2.21,20.8,97.51,26.48,22.99,PNJ,29.39,76.96,semi_arid_subtropical,NASA_POWER_daily_ag,5.105,12.626,2.8077,dewpoint,398.0,32.966
2020-09-18,29.47,36.11,23.94,65.64,0.0,2.15,20.9,97.45,35.9,21.8,PNJ,29.39,76.96,semi_arid_subtropical,NASA_POWER_daily_ag,5.215,12.384,2.6119,dewpoint,404.3,32.783
2020-09-19,29.11,34.29,24.26,66.24,0.04,1.08,19.53,97.48,39.44,21.8,PNJ,29.39,76.96,semi_arid_subtropical,NASA_POWER_daily_ag,4.375,11.688,2.6119,dewpoint,401.1,32.6
2020-09-20,29.2,34.65,23.95,61.72,0.01,1.02,19.76,97.44,31.47,20.74,PNJ,29.39,76.96,semi_arid_subtropical,NASA_POWER_daily_ag,4.417,11.557,2.4476,dewpoint,405.4,32.415
2020-09-21,29.35,35.25,24.01,58.0,0.18,1.27,21.7,97.35,21.16,19.71,PNJ,29.39,76.96,semi_arid_subtropical,NASA_POWER_daily_ag,4.916,12.229,2.2966,dewpoint,414.9,32.229
2020-09-22,28.44,33.58,23.59,70.08,0.01,1.12,17.93,97.43,42.05,22.11,PNJ,29.39,76.96,semi_arid_subtropical,NASA_POWER_daily_ag,4.011,10.869,2.6617,dewpoint,406.4,32.042
2020-09-23,29.44,34.06,25.26,72.95,1.8,1.12,17.5,97.4,68.21,23.8,PNJ,29.39,76.96,semi_arid_subtropical,NASA_POWER_daily_ag,3.993,10.892,2.9483,dewpoint,409.6,31.854
2020-09-24,29.49,34.98,24.97,65.61,0.5,1.43,18.6,97.55,54.08,21.71,PNJ,29.39,76.96,semi_arid_subtropical,NASA_POWER_daily_ag,4.457,11.02,2.5976,dewpoint,393.7,31.664
2020-09-25,28.87,35.97,23.67,59.85,0.0,1.81,19.19,97.49,25.87,19.31,PNJ,29.39,76.96,semi_arid_subtropical,NASA_POWER_daily_ag,4.842,10.8,2.2403,dewpoint,400.1,31.474
2020-09-26,28.38,35.02,22.76,56.44,0.06,0.92,16.88,97.55,39.3,17.98,PNJ,29.39,76.96,semi_arid_subtropical,NASA_POWER_daily_ag,3.854,9.522,2.0614,dewpoint,393.7,31.283
2020-09-27,28.1,34.88,21.51,50.77,0.0,0.96,20.02,97.79,13.76,16.28,PNJ,29.39,76.96,semi_arid_subtropical,NASA_POWER_daily_ag,4.289,10.578,1.8511,dewpoint,368.3,31.091
2020-09-28,27.73,35.4,22.57,50.43,0.0,1.74,20.36,97.91,12.81,15.73,PNJ,29.39,76.96,semi_arid_subtropical,NASA_POWER_daily_ag,4.947,10.511,1.7872,dewpoint,355.7,30.898
2020-09-29,27.04,35.83,20.51,51.89,0.0,2.27,20.35,97.84,17.75,15.48,PNJ,29.39,76.96,semi_arid_subtropical,NASA_POWER_daily_ag,5.229,10.462,1.7588,dewpoint,363.1,30.705
2020-09-30,26.63,35.56,19.66,51.6,0.0,2.28,20.84,97.75,4.82,15.03,PNJ,29.39,76.96,semi_arid_subtropical,NASA_POWER_daily_ag,5.229,10.56,1.7086,dewpoint,372.6,30.511
2020-10-01,27.08,36.21,20.62,47.92,0.0,1.75,20.73,97.7,10.67,13.83,PNJ,29.39,76.96,semi_arid_subtropical,NASA_POWER_daily_ag,4.952,10.164,1.5811,dewpoint,377.9,30.316
2020-10-02,27.5,35.83,20.57,45.46,0.0,1.42,20.58,97.77,13.48,13.77,PNJ,29.39,76.96,semi_arid_subtropical,NASA_POWER_daily_ag,4.696,10.058,1.5749,dewpoint,370.5,30.121
2020-10-03,27.65,35.73,21.07,43.68,0.0,1.39,20.37,97.87,9.99,12.81,PNJ,29.39,76.96,semi_arid_subtropical,NASA_POWER_daily_ag,4.678,9.721,1.4793,dewpoint,359.9,29.926
2020-10-04,26.73,34.46,20.89,42.91,0.0,1.27,20.66,97.98,12.48,12.15,PNJ,29.39,76.96,semi_arid_subtropical,NASA_POWER_daily_ag,4.46,9.697,1.4165,dewpoint,348.3,29.73
2020-10-05,26.34,36.23,18.95,44.07,0.0,2.01,21.23,97.88,7.44,11.81,PNJ,29.39,76.96,semi_arid_subtropical,NASA_POWER_daily_ag,5.164,9.766,1.3851,dewpoint,358.8,29.535
2020-10-06,26.3,35.87,19.4,41.09,0.0,1.75,20.84,97.94,8.03,10.81,PNJ,29.39,76.96,semi_arid_subtropical,NASA_POWER_daily_ag,4.907,9.372,1.2962,dewpoint,352.5,29.339
2020-10-07,26.45,35.78,19.31,40.83,0.0,1.41,19.93,98.11,18.33,10.79,PNJ,29.39,76.96,semi_arid_subtropical,NASA_POWER_daily_ag,4.483,9.014,1.2945,dewpoint,334.6,29.143
2020-10-08,26.59,35.21,20.07,38.44,0.0,1.43,19.84,98.19,12.81,10.36,PNJ,29.39,76.96,semi_arid_subtropical,NASA_POWER_daily_ag,4.513,8.84,1.2579,dewpoint,326.2,28.947
2020-10-09,27.1,35.18,20.22,39.9,0.0,1.14,19.4,98.2,18.54,11.62,PNJ,29.39,76.96,semi_arid_subtropical,NASA_POWER_daily_ag,4.175,8.868,1.3678,dewpoint,325.1,28.751
2020-10-10,26.87,35.06,21.36,45.31,0.0,1.62,19.3,98.06,29.08,13.28,PNJ,29.39,76.96,semi_arid_subtropical,NASA_POWER_daily_ag,4.552,9.061,1.5254,dewpoint,339.9,28.556
2020-10-11,26.86,35.74,19.03,43.86,0.0,1.5,19.66,97.87,18.09,12.29,PNJ,29.39,76.96,semi_arid_subtropical,NASA_POWER_daily_ag,4.508,8.993,1.4296,dewpoint,359.9,28.36
2020-10-12,27.65,34.98,20.71,37.87,0.0,0.95,19.2,97.77,12.23,10.93,PNJ,29.39,76.96,semi_arid_subtropical,NASA_POWER_daily_ag,3.946,8.497,1.3066,dewpoint,370.5,28.165
2020-10-13,28.73,35.01,23.28,34.59,0.0,0.77,16.18,97.88,28.73,10.77,PNJ,29.39,76.96,semi_arid_subtropical,NASA_POWER_daily_ag,3.498,7.402,1.2928,dewpoint,358.8,27.971
2020-10-14,27.3,34.56,21.75,42.47,0.0,1.01,15.0,97.98,30.29,12.87,PNJ,29.39,76.96,semi_arid_subtropical,NASA_POWER_daily_ag,3.531,7.342,1.4851,dewpoint,348.3,27.777
2020-10-15,26.08,34.94,19.14,39.76,0.0,1.5,17.2,98.03,6.79,10.1,PNJ,29.39,76.96,semi_arid_subtropical,NASA_POWER_daily_ag,4.198,7.626,1.2362,dewpoint,343.0,27.584
2020-10-16,25.52,33.38,18.38,34.05,0.0,1.37,17.71,98.01,9.59,6.83,PNJ,29.39,76.96,semi_arid_subtropical,NASA_POWER_daily_ag,4.111,7.293,0.9902,dewpoint,345.1,27.392
2020-10-17,25.26,33.51,19.91,33.36,0.0,1.33,17.29,98.08,11.8,7.32,PNJ,29.39,76.96,semi_arid_subtropical,NASA_POWER_daily_ag,3.953,7.13,1.0241,dewpoint,337.7,27.2
2020-10-18,24.13,33.72,16.76,37.44,0.0,2.06,18.75,98.06,12.82,7.46,PNJ,29.39,76.96,semi_arid_subtropical,NASA_POWER_daily_ag,4.672,7.579,1.0339,dewpoint,339.9,27.009
2020-10-19,23.86,34.08,16.49,37.81,0.0,2.28,19.36,98.01,22.94,6.81,PNJ,29.39,76.96,semi_arid_subtropical,NASA_POWER_daily_ag,4.89,7.547,0.9889,dewpoint,345.1,26.82
2020-10-20,23.97,33.82,16.4,32.66,0.0,1.87,19.14,98.02,11.8,4.92,PNJ,29.39,76.96,semi_arid_subtropical,NASA_POWER_daily_ag,4.552,7.119,0.8675,dewpoint,344.1,26.631
2020-10-21,25.07,34.29,18.19,29.59,0.0,1.33,17.14,98.12,27.56,4.96,PNJ,29.39,76.96,semi_arid_subtropical,NASA_POWER_daily_ag,3.903,6.515,0.8699,dewpoint,333.5,26.443
2020-10-22,25.34,33.81,18.82,38.44,0.0,1.29,14.54,98.02,26.62,9.56,PNJ,29.39,76.96,semi_arid_subtropical,NASA_POWER_daily_ag,3.585,6.472,1.1922,dewpoint,344.1,26.257
2020-10-23,25.2,33.02,17.83,34.26,0.0,1.38,16.37,97.99,8.87,7.18,PNJ,29.39,76.96,semi_arid_subtropical,NASA_POWER_daily_ag,3.873,6.612,1.0143,dewpoint,347.2,26.072
2020-10-24,24.28,32.27,18.88,31.39,0.0,1.42,14.73,98.07,21.15,5.34,PNJ,29.39,76.96,semi_arid_subtropical,NASA_POWER_daily_ag,3.736,5.933,0.8932,dewpoint,338.8,25.889
2020-10-25,24.01,32.68,18.37,31.54,0.0,1.24,14.89,98.31,21.17,4.97,PNJ,29.39,76.96,semi_arid_subtropical,NASA_POWER_daily_ag,3.483,5.858,0.8705,dewpoint,313.5,25.707
2020-10-26,22.93,32.08,16.68,34.8,0.0,1.79,15.02,98.44,23.0,5.44,PNJ,29.39,76.96,semi_arid_subtropical,NASA_POWER_daily_ag,3.963,5.963,0.8995,dewpoint,299.9,25.527
2020-10-27,22.28,31.2,15.17,34.6,0.0,1.95,16.96,98.42,3.32,4.57,PNJ,29.39,76.96,semi_arid_subtropical,NASA_POWER_daily_ag,4.171,6.283,0.8465,dewpoint,302.0,25.348
2020-10-28,22.63,30.6,15.94,29.44,0.0,0.95,17.21,98.51,17.72,2.95,PNJ,29.39,76.96,semi_arid_subtropical,NASA_POWER_daily_ag,3.107,6.024,0.7551,dewpoint,292.5,25.171
2020-10-29,21.97,30.3,16.15,31.45,0.0,0.94,14.14,98.61,34.23,3.42,PNJ,29.39,76.96,semi_arid_subtropical,NASA_POWER_daily_ag,2.862,5.463,0.7807,dewpoint,282.0,24.996
2020-10-30,21.6,31.33,14.87,36.15,0.0,1.86,15.5,98.56,9.96,4.94,PNJ,29.39,76.96,semi_arid_subtropical,NASA_POWER_daily_ag,3.83,5.85,0.8687,dewpoint,287.3,24.823
2020-10-31,21.05,30.82,14.28,36.17,0.0,2.57,15.53,98.53,6.1,4.2,PNJ,29.39,76.96,semi_arid_subtropical,NASA_POWER_daily_ag,4.419,5.743,0.8248,dewpoint,290.4,24.652
2020-11-01,20.36,29.47,13.61,33.2,0.0,2.15,15.55,98.58,17.23,2.54,PNJ,29.39,76.96,semi_arid_subtropical,NASA_POWER_daily_ag,4.028,5.559,0.7334,dewpoint,285.2,24.483
2020-11-02,20.17,29.86,13.43,33.35,0.0,1.84,14.66,98.66,26.87,2.54,PNJ,29.39,76.96,semi_arid_subtropical,NASA_POWER_daily_ag,3.647,5.332,0.7334,dewpoint,276.8,24.316
2020-11-03,21.08,28.98,14.99,28.49,0.0,1.02,12.99,98.61,47.75,1.06,PNJ,29.39,76.96,semi_arid_subtropical,NASA_POWER_daily_ag,2.811,4.841,0.6596,dewpoint,282.0,24.151
2020-11-04,20.67,29.43,14.1,34.83,0.0,1.78,13.91,98.46,60.83,3.99,PNJ,29.39,76.96,semi_arid_subtropical,NASA_POWER_daily_ag,3.534,5.252,0.8127,dewpoint,297.8,23.989
2020-11-05,21.17,30.21,15.42,33.32,0.0,1.42,14.68,98.61,58.45,3.28,PNJ,29.39,76.96,semi_arid_subtropical,NASA_POWER_daily_ag,3.262,5.154,0.773,dewpoint,282.0,23.829
2020-11-06,20.45,30.42,14.21,34.76,0.0,1.71,14.84,98.88,49.78,3.32,PNJ,29.39,76.96,semi_arid_subtropical,NASA_POWER_daily_ag,3.463,5.155,0.7751,dewpoint,253.7,23.671
2020-11-07,20.34,29.98,13.77,36.08,0.0,1.79,15.4,98.96,52.12,3.87,PNJ,29.39,76.96,semi_arid_subtropical,NASA_POWER_daily_ag,3.514,5.291,0.8058,dewpoint,245.3,23.517
2020-11-08,21.06,28.8,15.58,33.16,0.0,0.95,13.61,99.04,65.51,3.69,PNJ,29.39,76.96,semi_arid_subtropical,NASA_POWER_daily_ag,2.632,4.91,0.7957,dewpoint,236.9,23.364
2020-11-09,19.81,28.14,13.65,38.02,0.0,1.18,13.94,98.86,72.64,4.53,PNJ,29.39,76.96,semi_arid_subtropical,NASA_POWER_daily_ag,2.754,5.107,0.8441,dewpoint,255.8,23.215
2020-11-10,21.6,29.73,14.66,34.18,0.0,1.14,14.68,98.77,34.88,4.2,PNJ,29.39,76.96,semi_arid_subtropical,NASA_POWER_daily_ag,2.913,5.025,0.8248,dewpoint,265.2,23.068
2020-11-11,20.75,28.55,13.23,39.29,0.0,1.2,14.36,98.98,11.27,5.71,PNJ,29.39,76.96,semi_arid_subtropical,NASA_POWER_daily_ag,2.842,5.218,0.9165,dewpoint,243.2,22.924
2020-11-12,20.16,28.09,14.74,41.03,0.0,1.09,13.84,99.09,19.66,5.9,PNJ,29.39,76.96,semi_arid_subtropical,NASA_POWER_daily_ag,2.613,5.061,0.9287,dewpoint,231.7,22.783
2020-11-13,20.36,27.76,15.49,38.87,0.0,1.22,11.66,98.95,49.88,5.43,PNJ,29.39,76.96,semi_arid_subtropical,NASA_POWER_daily_ag,2.674,4.587,0.8988,dewpoint,246.4,22.644
2020-11-14,20.64,27.79,15.6,37.21,0.0,0.72,10.01,98.71,63.65,4.99,PNJ,29.39,76.96,semi_arid_subtropical,NASA_POWER_daily_ag,2.098,4.25,0.8717,dewpoint,271.5,22.509
2020-11-15,20.96,28.9,15.41,49.12,5.51,2.03,10.59,98.64,60.27,9.16,PNJ,29.39,76.96,semi_arid_subtropical,NASA_POWER_daily_ag,3.142,4.647,1.1605,dewpoint,278.9,22.377
2020-11-16,18.8,24.91,14.54,67.2,0.24,1.76,7.49,98.86,69.65,12.21,PNJ,29.39,76.96,semi_arid_subtropical,NASA_POWER_daily_ag,2.073,4.192,1.4221,dewpoint,255.8,22.248
2020-11-17,17.73,25.83,11.96,55.35,0.0,1.99,13.9,98.71,9.53,8.01,PNJ,29.39,76.96,semi_arid_subtropical,NASA_POWER_daily_ag,2.789,5.31,1.0735,dewpoint,271.5,22.123
2020-11-18,16.53,24.4,10.98,43.61,0.0,1.25,14.13,98.58,5.62,3.33,PNJ,29.39,76.96,semi_arid_subtropical,NASA_POWER_daily_ag,2.421,4.798,0.7757,dewpoint,285.2,22.0
2020-11-19,15.73,23.85,10.85,40.39,0.0,1.54,11.91,98.62,16.56,1.38,PNJ,29.39,76.96,semi_arid_subtropical,NASA_POWER_daily_ag,2.563,4.265,0.6749,dewpoint,281.0,21.881
2020-11-20,16.15,25.17,9.52,41.46,0.0,2.99,14.39,98.74,7.73,2.05,PNJ,29.39,76.96,semi_arid_subtropical,NASA_POWER_daily_ag,3.642,4.6,0.7082,dewpoint,268.4,21.765
2020-11-21,15.29,24.31,9.33,40.4,0.0,3.43,14.77,98.75,5.26,0.98,PNJ,29.39,76.96,semi_arid_subtropical,NASA_POWER_daily_ag,3.807,4.517,0.6558,dewpoint,267.3,21.653
2020-11-22,14.88,24.16,7.46,33.73,0.0,2.19,12.98,98.82,40.8,-2.18,PNJ,29.39,76.96,semi_arid_subtropical,NASA_POWER_daily_ag,3.157,4.024,0.5204,dewpoint,260.0,21.544
2020-11-23,16.53,25.46,9.32,29.46,0.0,1.21,11.24,98.84,58.75,-2.44,PNJ,29.39,76.96,semi_arid_subtropical,NASA_POWER_daily_ag,2.447,3.708,0.5105,dewpoint,257.9,21.439
2020-11-24,16.62,24.99,11.94,34.39,0.0,1.1,8.91,98.82,69.74,0.15,PNJ,29.39,76.96,semi_arid_subtropical,NASA_POWER_daily_ag,2.202,3.617,0.6175,dewpoint,260.0,21.337
2020-11-25,16.15,22.87,12.16,40.63,0.07,1.57,4.01,98.87,97.91,1.93,PNJ,29.39,76.96,semi_arid_subtropical,NASA_POWER_daily_ag,2.369,3.185,0.7021,dewpoint,254.7,21.238
2020-11-26,15.76,22.47,12.22,62.08,2.14,2.35,10.89,99.15,43.72,8.23,PNJ,29.39,76.96,semi_arid_subtropical,NASA_POWER_daily_ag,2.355,4.509,1.0897,dewpoint,225.4,21.144
2020-11-27,16.25,26.3,9.53,49.17,0.0,2.81,14.8,99.25,4.53,4.31,PNJ,29.39,76.96,semi_arid_subtropical,NASA_POWER_daily_ag,3.267,4.574,0.8312,dewpoint,215.0,21.053
2020-11-28,14.91,25.11,8.04,45.87,0.0,2.52,14.57,99.1,14.76,2.05,PNJ,29.39,76.96,semi_arid_subtropical,NASA_POWER_daily_ag,3.046,4.326,0.7082,dewpoint,230.7,20.966
2020-11-29,14.83,23.46,9.27,44.88,0.0,1.5,13.18,98.99,16.47,2.26,PNJ,29.39,76.96,semi_arid_subtropical,NASA_POWER_daily_ag,2.329,4.19,0.7189,dewpoint,242.2,20.883
2020-11-30,15.52,24.9,9.36,42.47,0.0,1.68,13.48,98.9,15.06,1.95,PNJ,29.39,76.96,semi_arid_subtropical,NASA_POWER_daily_ag,2.56,4.086,0.7031,dewpoint,251.6,20.803
2020-12-01,16.27,25.73,9.33,46.84,0.0,1.75,13.29,98.9,6.07,3.99,PNJ,29.39,76.96,semi_arid_subtropical,NASA_POWER_daily_ag,2.583,4.244,0.8127,dewpoint,251.6,20.728
2020-12-02,17.1,26.65,10.39,48.21,0.0,2.58,13.43,98.69,3.14,5.3,PNJ,29.39,76.96,semi_arid_subtropical,NASA_POWER_daily_ag,3.139,4.324,0.8907,dewpoint,273.6,20.656
2020-12-03,17.35,26.19,10.01,51.13,0.0,1.33,12.57,98.6,13.91,6.2,PNJ,29.39,76.96,semi_arid_subtropical,NASA_POWER_daily_ag,2.27,4.331,0.9481,dewpoint,283.1,20.588
2020-12-04,18.7,26.75,13.35,40.91,0.0,0.88,11.38,98.46,29.45,4.35,PNJ,29.39,76.96,semi_arid_subtropical,NASA_POWER_daily_ag,2.026,3.825,0.8335,dewpoint,297.8,20.524
2020-12-05,18.29,27.76,10.68,38.19,0.0,1.65,9.92,98.52,43.27,2.89,PNJ,29.39,76.96,semi_arid_subtropical,NASA_POWER_daily_ag,2.748,3.577,0.7519,dewpoint,291.5,20.464
2020-12-06,17.72,26.79,11.51,40.52,0.0,1.51,10.64,98.75,35.83,3.54,PNJ,29.39,76.96,semi_arid_subtropical,NASA_POWER_daily_ag,2.521,3.681,0.7873,dewpoint,267.3,20.408
2020-12-07,17.88,27.37,11.48,43.6,0.0,2.27,10.43,98.88,35.03,4.48,PNJ,29.39,76.96,semi_arid_subtropical,NASA_POWER_daily_ag,3.067,3.708,0.8411,dewpoint,253.7,20.356
2020-12-08,18.18,26.39,12.26,45.09,0.0,1.22,11.16,98.9,21.4,5.35,PNJ,29.39,76.96,semi_arid_subtropical,NASA_POWER_daily_ag,2.243,3.864,0.8939,dewpoint,251.6,20.309
2020-12-09,18.87,27.94,11.56,44.49,0.0,1.93,11.78,98.72,36.57,5.87,PNJ,29.39,76.96,semi_arid_subtropical,NASA_POWER_daily_ag,2.894,3.944,0.9267,dewpoint,270.5,20.265
2020-12-10,19.34,28.2,13.19,52.04,0.0,2.04,12.44,98.68,6.18,8.2,PNJ,29.39,76.96,semi_arid_subtropical,NASA_POWER_daily_ag,2.866,4.245,1.0875,dewpoint,274.7,20.225
2020-12-11,20.14,27.52,12.93,47.25,0.04,1.1,9.55,98.63,48.82,7.65,PNJ,29.39,76.96,semi_arid_subtropical,NASA_POWER_daily_ag,2.19,3.802,1.0475,dewpoint,279.9,20.19
2020-12-12,18.48,24.16,13.45,57.31,4.62,0.94,8.08,98.67,54.18,9.47,PNJ,29.39,76.96,semi_arid_subtropical,NASA_POWER_daily_ag,1.748,3.769,1.185,dewpoint,275.7,20.158
2020-12-13,13.8,20.88,9.17,57.56,0.0,2.59,7.2,98.73,61.91,4.82,PNJ,29.39,76.96,semi_arid_subtropical,NASA_POWER_daily_ag,2.337,3.485,0.8614,dewpoint,269.4,20.131
2020-12-14,11.99,20.63,6.06,58.69,0.0,2.19,8.96,98.84,67.21,3.04,PNJ,29.39,76.96,semi_arid_subtropical,NASA_POWER_daily_ag,2.077,3.671,0.7599,dewpoint,257.9,20.108
2020-12-15,10.78,18.55,4.77,52.92,0.0,1.94,11.42,99.03,36.64,0.67,PNJ,29.39,76.96,semi_arid_subtropical,NASA_POWER_daily_ag,2.049,3.873,0.6412,dewpoint,238.0,20.089
2020-12-16,11.18,19.75,5.83,47.97,0.0,3.1,10.48,99.25,56.48,-0.5,PNJ,29.39,76.96,semi_arid_subtropical,NASA_POWER_daily_ag,2.721,3.599,0.5889,dewpoint,215.0,20.074
2020-12-17,9.48,17.68,2.95,44.03,0.0,3.13,13.16,99.13,48.35,-3.23,PNJ,29.39,76.96,semi_arid_subtropical,NASA_POWER_daily_ag,2.715,3.775,0.4813,dewpoint,227.5,20.063
2020-12-18,10.39,20.05,3.52,40.18,0.0,3.19,13.93,98.95,0.64,-3.88,PNJ,29.39,76.96,semi_arid_subtropical,NASA_POWER_daily_ag,2.977,3.621,0.4584,dewpoint,246.4,20.057
2020-12-19,11.42,22.19,3.84,33.1,0.0,2.94,13.74,99.04,4.38,-5.78,PNJ,29.39,76.96,semi_arid_subtropical,NASA_POWER_daily_ag,3.183,3.286,0.3969,dewpoint,236.9,20.055
2020-12-20,12.99,23.33,5.67,34.81,0.0,2.81,12.29,99.06,72.03,-3.29,PNJ,29.39,76.96,semi_arid_subtropical,NASA_POWER_daily_ag,3.203,3.34,0.4791,dewpoint,234.9,20.057
2020-12-21,13.02,21.74,6.82,41.21,0.0,2.4,11.12,98.85,58.04,-0.59,PNJ,29.39,76.96,semi_arid_subtropical,NASA_POWER_daily_ag,2.741,3.546,0.5851,dewpoint,256.8,20.063
2020-12-22,13.71,23.18,7.75,43.24,0.0,1.84,11.92,98.76,21.4,0.45,PNJ,29.39,76.96,semi_arid_subtropical,NASA_POWER_daily_ag,2.425,3.617,0.6311,dewpoint,266.3,20.073
2020-12-23,13.08,23.04,6.75,44.83,0.0,1.69,11.89,98.71,21.67,0.09,PNJ,29.39,76.96,semi_arid_subtropical,NASA_POWER_daily_ag,2.263,3.628,0.6148,dewpoint,271.5,20.088
2020-12-24,12.62,22.06,6.28,46.65,0.0,1.91,11.91,98.77,23.53,0.27,PNJ,29.39,76.96,semi_arid_subtropical,NASA_POWER_daily_ag,2.333,3.71,0.6229,dewpoint,265.2,20.107
2020-12-25,12.2,21.77,5.68,47.09,0.0,2.23,12.48,98.84,25.04,0.17,PNJ,29.39,76.96,semi_arid_subtropical,NASA_POWER_daily_ag,2.468,3.792,0.6184,dewpoint,257.9,20.13
2020-12-26,12.84,20.99,6.67,42.35,0.0,1.96,9.75,98.76,70.12,-0.59,PNJ,29.39,76.96,semi_arid_subtropical,NASA_POWER_daily_ag,2.433,3.507,0.5851,dewpoint,266.3,20.157
2020-12-27,14.79,22.82,9.88,38.26,0.55,1.68,9.17,98.5,65.6,0.09,PNJ,29.39,76.96,semi_arid_subtropical,NASA_POWER_daily_ag,2.448,3.392,0.6148,dewpoint,293.6,20.188
2020-12-28,10.03,18.12,3.87,45.2,0.01,1.86,11.69,98.82,1.62,-2.69,PNJ,29.39,76.96,semi_arid_subtropical,NASA_POWER_daily_ag,2.154,3.72,0.5011,dewpoint,260.0,20.224
2020-12-29,10.08,19.08,4.14,46.38,0.0,2.77,12.4,98.92,5.16,-1.7,PNJ,29.39,76.96,semi_arid_subtropical,NASA_POWER_daily_ag,2.529,3.833,0.5392,dewpoint,249.5,20.263
2020-12-30,9.39,17.73,4.39,55.45,0.0,2.28,8.39,99.07,57.62,-0.28,PNJ,29.39,76.96,semi_arid_subtropical,NASA_POWER_daily_ag,2.003,3.567,0.5985,dewpoint,233.8,20.307
2020-12-31,9.87,19.69,3.15,45.28,0.0,1.99,9.57,98.97,87.59,-2.57,PNJ,29.39,76.96,semi_arid_subtropical,NASA_POWER_daily_ag,2.161,3.555,0.5056,dewpoint,244.3,20.355
2021-01-01,11.72,19.69,4.77,34.93,0.0,0.99,5.81,98.91,92.73,-4.34,PNJ,29.39,76.96,semi_arid_subtropical,NASA_POWER_daily_ag,1.735,3.181,0.4428,dewpoint,250.6,20.355
2021-01-02,11.33,12.89,9.05,66.09,3.74,1.35,3.98,98.84,97.86,4.58,PNJ,29.39,76.96,semi_arid_subtropical,NASA_POWER_daily_ag,1.355,3.074,0.8471,dewpoint,257.9,20.407
2021-01-03,14.7,20.89,10.21,88.62,5.82,2.69,4.41,98.62,52.78,12.7,PNJ,29.39,76.96,semi_arid_subtropical,NASA_POWER_daily_ag,1.084,3.192,1.4686,dewpoint,281.0,20.463
2021-01-04,16.99,24.62,11.53,79.25,2.14,1.71,9.77,98.78,69.24,12.95,PNJ,29.39,76.96,semi_arid_subtropical,NASA_POWER_daily_ag,1.683,4.529,1.4929,dewpoint,264.2,20.523
2021-01-05,16.66,20.24,13.96,80.56,12.08,2.07,2.89,98.76,94.47,13.15,PNJ,29.39,76.96,semi_arid_subtropical,NASA_POWER_daily_ag,1.291,2.804,1.5125,dewpoint,266.3,20.587
2021-01-06,16.3,21.57,12.42,81.21,6.87,1.22,5.13,98.72,74.44,12.84,PNJ,29.39,76.96,semi_arid_subtropical,NASA_POWER_daily_ag,1.214,3.396,1.4822,dewpoint,270.5,20.655
2021-01-07,14.47,21.35,9.73,76.01,0.07,1.46,3.18,98.65,97.26,9.91,PNJ,29.39,76.96,semi_arid_subtropical,NASA_POWER_daily_ag,1.248,2.929,1.2206,dewpoint,277.8,20.727
2021-01-08,14.59,23.55,8.01,63.15,0.05,1.11,8.46,98.61,79.77,6.98,PNJ,29.39,76.96,semi_arid_subtropical,NASA_POWER_daily_ag,1.632,3.93,1.0005,dewpoint,282.0,20.803
2021-01-09,14.57,22.55,9.18,58.34,0.3,2.05,8.26,98.73,73.83,6.26,PNJ,29.39,76.96,semi_arid_subtropical,NASA_POWER_daily_ag,2.136,3.869,0.9521,dewpoint,269.4,20.883
2021-01-10,12.22,18.99,7.8,59.57,0.0,2.78,10.96,98.75,60.71,4.16,PNJ,29.39,76.96,semi_arid_subtropical,NASA_POWER_daily_ag,2.307,4.315,0.8225,dewpoint,267.3,20.966
2021-01-11,10.81,19.86,4.22,55.4,0.0,2.76,12.31,98.8,55.74,1.06,PNJ,29.39,76.96,semi_arid_subtropical,NASA_POWER_daily_ag,2.431,4.353,0.6596,dewpoint,262.1,21.054
2021-01-12,10.81,20.44,3.86,50.0,0.0,2.59,10.2,98.81,63.23,-0.08,PNJ,29.39,76.96,semi_arid_subtropical,NASA_POWER_daily_ag,2.441,3.992,0.6073,dewpoint,261.0,21.145
2021-01-13,10.29,20.09,3.81,47.32,0.0,2.41,10.63,98.71,69.85,-1.6,PNJ,29.39,76.96,semi_arid_subtropical,NASA_POWER_daily_ag,2.424,3.988,0.5432,dewpoint,271.5,21.241
2021-01-14,11.31,20.0,4.9,43.91,0.0,1.22,7.49,98.75,99.22,-1.22,PNJ,29.39,76.96,semi_arid_subtropical,NASA_POWER_daily_ag,1.814,3.629,0.5586,dewpoint,267.3,21.339
2021-01-15,11.95,19.8,6.94,43.12,0.0,1.11,9.13,98.63,66.02,-0.92,PNJ,29.39,76.96,semi_arid_subtropical,NASA_POWER_daily_ag,1.833,3.841,0.5711,dewpoint,279.9,21.442
2021-01-16,10.94,21.97,3.91,50.48,0.0,1.91,7.12,98.48,92.95,-0.14,PNJ,29.39,76.96,semi_arid_subtropical,NASA_POWER_daily_ag,2.093,3.648,0.6046,dewpoint,295.7,21.548
2021-01-17,10.31,18.27,4.07,50.51,0.0,1.67,9.63,98.7,67.74,-0.23,PNJ,29.39,76.96,semi_arid_subtropical,NASA_POWER_daily_ag,1.97,4.105,0.6007,dewpoint,272.6,21.658
2021-01-18,12.32,18.38,7.35,45.38,0.0,1.39,8.76,98.83,58.54,0.46,PNJ,29.39,76.96,semi_arid_subtropical,NASA_POWER_daily_ag,2.007,3.967,0.6316,dewpoint,258.9,21.771
2021-01-19,14.27,24.1,8.06,47.43,0.0,2.45,10.43,98.57,62.4,2.67,PNJ,29.39,76.96,semi_arid_subtropical,NASA_POWER_daily_ag,2.786,4.237,0.7402,dewpoint,286.2,21.888
2021-01-20,13.13,23.34,6.73,50.04,0.0,3.41,12.22,98.59,57.62,2.02,PNJ,29.39,76.96,semi_arid_subtropical,NASA_POWER_daily_ag,3.117,4.559,0.7067,dewpoint,284.1,22.009
2021-01-21,12.34,23.01,5.36,54.21,0.0,2.94,14.77,98.5,32.08,1.7,PNJ,29.39,76.96,semi_arid_subtropical,NASA_POWER_daily_ag,2.866,5.043,0.6906,dewpoint,293.6,22.132
2021-01-22,13.16,23.42,5.96,40.79,0.0,1.45,8.49,98.59,63.85,-1.14,PNJ,29.39,76.96,semi_arid_subtropical,NASA_POWER_daily_ag,2.246,3.901,0.5619,dewpoint,284.1,22.259
2021-01-23,13.6,22.13,7.35,42.94,0.02,2.5,11.47,98.43,62.53,0.39,PNJ,29.39,76.96,semi_arid_subtropical,NASA_POWER_daily_ag,2.975,4.458,0.6284,dewpoint,300.9,22.39
2021-01-24,11.44,19.93,5.94,55.95,0.01,1.59,7.05,98.77,86.91,1.92,PNJ,29.39,76.96,semi_arid_subtropical,NASA_POWER_daily_ag,1.871,3.891,0.7016,dewpoint,265.2,22.523
2021-01-25,10.85,20.45,3.15,52.96,0.0,1.2,12.32,98.94,48.32,0.63,PNJ,29.39,76.96,semi_arid_subtropical,NASA_POWER_daily_ag,1.883,4.873,0.6394,dewpoint,247.4,22.66
2021-01-26,11.67,21.01,4.8,51.97,0.0,1.76,16.27,98.9,3.53,1.14,PNJ,29.39,76.96,semi_arid_subtropical,NASA_POWER_daily_ag,2.388,5.625,0.6634,dewpoint,251.6,22.8
2021-01-27,11.47,21.64,4.66,43.91,0.0,2.0,16.0,98.88,1.33,-1.48,PNJ,29.39,76.96,semi_arid_subtropical,NASA_POWER_daily_ag,2.645,5.299,0.5481,dewpoint,253.7,22.943
2021-01-28,10.85,20.74,4.02,41.99,0.0,1.48,13.57,98.98,18.9,-2.6,PNJ,29.39,76.96,semi_arid_subtropical,NASA_POWER_daily_ag,2.262,4.923,0.5044,dewpoint,243.2,23.088
2021-01-29,11.17,21.02,3.89,43.02,0.0,2.56,15.0,99.0,16.25,-1.93,PNJ,29.39,76.96,semi_arid_subtropical,NASA_POWER_daily_ag,2.911,5.267,0.5301,dewpoint,241.1,23.237
2021-01-30,11.9,22.18,4.72,42.66,0.0,2.6,15.72,98.83,19.98,-1.84,PNJ,29.39,76.96,semi_arid_subtropical,NASA_POWER_daily_ag,3.084,5.37,0.5337,dewpoint,258.9,23.389
2021-01-31,13.87,23.13,5.19,36.28,0.0,1.44,15.27,98.89,13.02,-2.26,PNJ,29.39,76.96,semi_arid_subtropical,NASA_POWER_daily_ag,2.676,5.246,0.5173,dewpoint,252.7,23.543
2021-02-01,14.69,24.64,8.73,34.89,0.0,1.78,14.37,99.06,7.18,-1.73,PNJ,29.39,76.96,semi_arid_subtropical,NASA_POWER_daily_ag,2.978,5.005,0.538,dewpoint,234.9,23.7
2021-02-02,15.79,25.43,8.42,37.18,0.0,1.36,14.24,98.87,14.41,-0.18,PNJ,29.39,76.96,semi_arid_subtropical,NASA_POWER_daily_ag,2.723,5.177,0.6028,dewpoint,254.7,23.86
2021-02-03,16.09,26.16,7.8,39.73,0.0,1.89,13.2,98.76,31.21,1.28,PNJ,29.39,76.96,semi_arid_subtropical,NASA_POWER_daily_ag,3.093,5.184,0.6701,dewpoint,266.3,24.022
2021-02-04,14.34,22.14,9.99,60.73,10.16,1.71,6.91,98.82,69.77,6.37,PNJ,29.39,76.96,semi_arid_subtropical,NASA_POWER_daily_ag,1.997,4.199,0.9593,dewpoint,260.0,24.187
2021-02-05,13.35,21.44,8.1,61.57,0.45,1.45,15.12,98.97,16.29,5.19,PNJ,29.39,76.96,semi_arid_subtropical,NASA_POWER_daily_ag,2.275,6.287,0.8839,dewpoint,244.3,24.354
2021-02-06,13.47,22.5,6.46,55.05,0.0,2.47,17.49,98.98,0.46,3.66,PNJ,29.39,76.96,semi_arid_subtropical,NASA_POWER_daily_ag,2.979,6.75,0.794,dewpoint,243.2,24.524
2021-02-07,13.88,23.28,6.82,51.74,0.0,2.51,17.74,98.92,5.46,3.15,PNJ,29.39,76.96,semi_arid_subtropical,NASA_POWER_daily_ag,3.15,6.751,0.7659,dewpoint,249.5,24.695
2021-02-08,14.64,24.74,6.94,49.74,0.0,1.81,16.69,98.92,38.46,3.28,PNJ,29.39,76.96,semi_arid_subtropical,NASA_POWER_daily_ag,2.892,6.509,0.773,dewpoint,249.5,24.869
2021-02-09,17.45,25.93,8.8,42.8,0.0,1.75,13.77,98.59,71.48,3.27,PNJ,29.39,76.96,semi_arid_subtropical,NASA_POWER_daily_ag,3.174,5.787,0.7724,dewpoint,284.1,25.045
2021-02-10,17.32,26.66,10.73,41.12,0.0,1.32,15.78,98.55,30.81,2.89,PNJ,29.39,76.96,semi_arid_subtropical,NASA_POWER_daily_ag,2.921,6.155,0.7519,dewpoint,288.3,25.223
2021-02-11,16.98,26.09,10.38,47.25,0.0,1.27,15.11,98.58,63.41,4.88,PNJ,29.39,76.96,semi_arid_subtropical,NASA_POWER_daily_ag,2.74,6.327,0.865,dewpoint,285.2,25.403
2021-02-12,17.26,26.1,11.44,47.82,0.0,1.48,10.78,98.65,70.35,5.07,PNJ,29.39,76.96,semi_arid_subtropical,NASA_POWER_daily_ag,2.68,5.292,0.8766,dewpoint,277.8,25.585
2021-02-13,18.69,26.21,12.85,39.41,0.0,1.17,12.73,98.66,54.92,3.69,PNJ,29.39,76.96,semi_arid_subtropical,NASA_POWER_daily_ag,2.797,5.666,0.7957,dewpoint,276.8,25.768
2021-02-14,19.17,26.58,13.75,35.82,0.0,0.86,13.27,98.64,56.19,2.78,PNJ,29.39,76.96,semi_arid_subtropical,NASA_POWER_daily_ag,2.597,5.724,0.746,dewpoint,278.9,25.954
2021-02-15,18.89,27.94,13.32,37.33,0.0,0.95,14.08,98.49,45.06,3.05,PNJ,29.39,76.96,semi_arid_subtropical,NASA_POWER_daily_ag,2.708,5.952,0.7605,dewpoint,294.6,26.14
2021-02-16,18.26,27.65,11.86,42.42,0.0,1.39,16.59,98.48,29.17,4.22,PNJ,29.39,76.96,semi_arid_subtropical,NASA_POWER_daily_ag,3.169,6.794,0.8259,dewpoint,295.7,26.329
2021-02-17,18.32,27.29,10.91,43.56,0.01,1.35,15.75,98.64,49.95,4.42,PNJ,29.39,76.96,semi_arid_subtropical,NASA_POWER_daily_ag,3.111,6.712,0.8376,dewpoint,278.9,26.518
2021-02-18,18.76,28.44,11.97,39.56,0.0,1.03,14.83,98.91,51.17,3.39,PNJ,29.39,76.96,semi_arid_subtropical,NASA_POWER_daily_ag,2.855,6.343,0.779,dewpoint,250.6,26.709
2021-02-19,17.72,26.91,10.78,39.71,0.0,1.68,13.23,99.1,66.49,2.56,PNJ,29.39,76.96,semi_arid_subtropical,NASA_POWER_daily_ag,3.272,6.013,0.7344,dewpoint,230.7,26.902
2021-02-20,17.28,27.18,10.14,42.0,0.0,1.7,13.84,99.07,51.66,2.73,PNJ,29.39,76.96,semi_arid_subtropical,NASA_POWER_daily_ag,3.254,6.239,0.7434,dewpoint,233.8,27.095
2021-02-21,17.76,28.1,9.97,40.38,0.0,2.21,16.84,98.89,30.59,2.86,PNJ,29.39,76.96,semi_arid_subtropical,NASA_POWER_daily_ag,3.885,7.044,0.7503,dewpoint,252.7,27.29
2021-02-22,19.58,29.66,11.87,36.12,0.0,1.99,17.03,98.69,28.5,2.82,PNJ,29.39,76.96,semi_arid_subtropical,NASA_POWER_daily_ag,4.054,7.014,0.7481,dewpoint,273.6,27.485
2021-02-23,21.85,31.01,13.17,31.38,0.0,1.38,17.65,98.47,20.8,2.62,PNJ,29.39,76.96,semi_arid_subtropical,NASA_POWER_daily_ag,3.835,7.097,0.7376,dewpoint,296.7,27.681
2021-02-24,22.48,32.29,16.21,29.79,0.0,1.39,19.1,98.34,3.2,2.85,PNJ,29.39,76.96,semi_arid_subtropical,NASA_POWER_daily_ag,3.982,7.348,0.7497,dewpoint,310.4,27.878
2021-02-25,22.43,32.33,15.55,32.11,0.0,1.95,19.31,98.21,5.45,3.77,PNJ,29.39,76.96,semi_arid_subtropical,NASA_POWER_daily_ag,4.593,7.636,0.8002,dewpoint,324.1,28.076
2021-02-26,23.99,33.41,14.73,34.46,0.0,2.27,19.18,97.95,20.51,6.12,PNJ,29.39,76.96,semi_arid_subtropical,NASA_POWER_daily_ag,5.092,8.016,0.9429,dewpoint,351.5,28.275
2021-02-27,22.71,31.66,16.56,41.99,2.3,1.59,19.12,97.92,38.18,8.08,PNJ,29.39,76.96,semi_arid_subtropical,NASA_POWER_daily_ag,4.119,8.384,1.0786,dewpoint,354.6,28.473
2021-02-28,21.31,30.27,14.84,32.91,0.0,1.45,20.34,98.24,32.59,3.34,PNJ,29.39,76.96,semi_arid_subtropical,NASA_POWER_daily_ag,4.067,8.19,0.7762,dewpoint,320.9,28.673
2021-03-01,19.63,28.65,11.51,28.27,0.0,2.89,21.35,98.62,2.82,-0.55,PNJ,29.39,76.96,semi_arid_subtropical,NASA_POWER_daily_ag,5.388,8.203,0.5868,dewpoint,281.0,28.872
2021-03-02,19.96,29.73,11.62,28.4,0.0,3.68,21.95,98.58,9.59,-0.6,PNJ,29.39,76.96,semi_arid_subtropical,NASA_POWER_daily_ag,6.121,8.349,0.5846,dewpoint,285.2,29.072
2021-03-03,21.68,31.91,12.34,26.65,0.0,2.52,21.52,98.39,1.88,-0.19,PNJ,29.39,76.96,semi_arid_subtropical,NASA_POWER_daily_ag,5.478,8.215,0.6024,dewpoint,305.1,29.272
2021-03-04,23.17,33.2,16.13,24.5,0.0,1.45,20.67,98.4,7.23,0.53,PNJ,29.39,76.96,semi_arid_subtropical,NASA_POWER_daily_ag,4.421,7.925,0.6348,dewpoint,304.1,29.472
2021-03-05,22.82,32.34,14.37,25.58,0.0,3.15,20.76,98.33,0.53,0.5,PNJ,29.39,76.96,semi_arid_subtropical,NASA_POWER_daily_ag,6.27,8.154,0.6334,dewpoint,311.4,29.672
2021-03-06,23.35,33.96,13.9,25.64,0.0,2.7,21.11,98.24,8.42,-0.01,PNJ,29.39,76.96,semi_arid_subtropical,NASA_POWER_daily_ag,5.99,8.173,0.6104,dewpoint,320.9,29.872
2021-03-07,24.11,34.39,15.37,24.33,0.01,2.09,18.13,98.14,63.41,0.93,PNJ,29.39,76.96,semi_arid_subtropical,NASA_POWER_daily_ag,5.231,7.553,0.6534,dewpoint,331.4,30.072
2021-03-08,23.84,33.04,16.59,37.13,1.31,3.38,18.39,98.34,35.17,6.61,PNJ,29.39,76.96,semi_arid_subtropical,NASA_POWER_daily_ag,6.086,8.407,0.9753,dewpoint,310.4,30.272
2021-03-09,25.22,33.5,17.47,31.53,0.05,0.92,16.96,98.44,49.16,6.3,PNJ,29.39,76.96,semi_arid_subtropical,NASA_POWER_daily_ag,3.713,7.934,0.9547,dewpoint,299.9,30.471
2021-03-10,25.56,33.26,20.73,33.15,0.16,1.4,18.48,98.45,29.86,7.48,PNJ,29.39,76.96,semi_arid_subtropical,NASA_POWER_daily_ag,4.445,8.507,1.0354,dewpoint,298.8,30.67
2021-03-11,25.51,34.61,17.64,28.37,0.0,1.09,20.67,98.51,11.36,4.32,PNJ,29.39,76.96,semi_arid_subtropical,NASA_POWER_daily_ag,4.306,8.816,0.8318,dewpoint,292.5,30.868
2021-03-12,23.97,31.7,18.71,35.68,0.58,2.81,12.83,98.79,79.2,6.13,PNJ,29.39,76.96,semi_arid_subtropical,NASA_POWER_daily_ag,5.318,6.793,0.9436,dewpoint,263.1,31.065
2021-03-13,23.87,33.32,16.3,47.65,0.14,1.43,18.63,98.79,44.81,10.08,PNJ,29.39,76.96,semi_arid_subtropical,NASA_POWER_daily_ag,4.213,9.222,1.2346,dewpoint,263.1,31.262
2021-03-14,24.24,32.77,15.94,31.29,0.0,2.34,20.99,98.48,23.61,5.12,PNJ,29.39,76.96,semi_arid_subtropical,NASA_POWER_daily_ag,5.656,9.383,0.8796,dewpoint,295.7,31.458
2021-03-15,23.97,32.65,16.62,30.36,0.0,2.1,17.18,98.39,70.68,4.71,PNJ,29.39,76.96,semi_arid_subtropical,NASA_POWER_daily_ag,5.091,8.18,0.8548,dewpoint,305.1,31.654
2021-03-16,25.39,34.17,18.06,32.69,0.0,2.56,16.79,98.39,69.86,6.28,PNJ,29.39,76.96,semi_arid_subtropical,NASA_POWER_daily_ag,5.712,8.18,0.9534,dewpoint,305.1,31.848
2021-03-17,26.49,35.06,19.04,30.22,0.0,2.19,18.63,98.24,54.17,6.74,PNJ,29.39,76.96,semi_arid_subtropical,NASA_POWER_daily_ag,5.656,8.813,0.9841,dewpoint,320.9,32.041
2021-03-18,26.77,35.67,18.9,27.62,0.0,1.85,19.33,98.29,79.16,5.43,PNJ,29.39,76.96,semi_arid_subtropical,NASA_POWER_daily_ag,5.43,8.891,0.8988,dewpoint,315.6,32.233
2021-03-19,26.6,35.28,19.26,27.88,0.0,1.85,20.31,98.27,60.81,4.64,PNJ,29.39,76.96,semi_arid_subtropical,NASA_POWER_daily_ag,5.524,9.142,0.8506,dewpoint,317.7,32.424
2021-03-20,26.21,35.16,17.85,28.63,0.0,2.4,22.41,98.09,18.62,5.4,PNJ,29.39,76.96,semi_arid_subtropical,NASA_POWER_daily_ag,6.272,10.038,0.897,dewpoint,336.7,32.614
2021-03-21,27.2,36.38,18.4,27.02,0.0,1.19,20.19,98.04,60.47,5.39,PNJ,29.39,76.96,semi_arid_subtropical,NASA_POWER_daily_ag,4.731,9.306,0.8963,dewpoint,342.0,32.803
2021-03-22,26.65,34.57,19.68,29.46,0.7,2.31,14.97,98.33,93.48,6.07,PNJ,29.39,76.96,semi_arid_subtropical,NASA_POWER_daily_ag,5.616,7.766,0.9397,dewpoint,311.4,32.99
2021-03-23,25.79,33.11,20.2,29.29,0.42,1.13,9.37,98.5,91.74,5.9,PNJ,29.39,76.96,semi_arid_subtropical,NASA_POWER_daily_ag,3.519,5.957,0.9287,dewpoint,293.6,33.176
2021-03-24,24.82,33.63,17.44,29.15,0.0,2.18,22.37,98.6,36.93,4.18,PNJ,29.39,76.96,semi_arid_subtropical,NASA_POWER_daily_ag,5.885,10.147,0.8236,dewpoint,283.1,33.36
2021-03-25,23.9,32.27,16.16,33.1,0.0,3.64,19.01,98.52,82.57,4.87,PNJ,29.39,76.96,semi_arid_subtropical,NASA_POWER_daily_ag,6.757,9.286,0.8644,dewpoint,291.5,33.543
2021-03-26,24.23,33.9,15.42,29.93,0.0,2.6,22.59,98.33,26.14,3.91,PNJ,29.39,76.96,semi_arid_subtropical,NASA_POWER_daily_ag,6.267,10.368,0.8081,dewpoint,311.4,33.724
2021-03-27,26.52,36.54,16.86,26.42,0.0,1.89,22.9,98.15,13.56,4.34,PNJ,29.39,76.96,semi_arid_subtropical,NASA_POWER_daily_ag,5.915,10.392,0.8329,dewpoint,330.4,33.904
2021-03-28,28.73,38.4,18.55,26.55,0.0,1.45,21.54,97.9,27.52,6.28,PNJ,29.39,76.96,semi_arid_subtropical,NASA_POWER_daily_ag,5.486,10.134,0.9534,dewpoint,356.7,34.082
2021-03-29,29.64,40.13,19.92,21.29,0.0,2.29,21.35,97.64,63.19,3.9,PNJ,29.39,76.96,semi_arid_subtropical,NASA_POWER_daily_ag,6.831,9.647,0.8076,dewpoint,384.2,34.258
2021-03-30,29.43,38.46,21.66,17.62,0.0,2.86,21.67,97.24,34.82,1.11,PNJ,29.39,76.96,semi_arid_subtropical,NASA_POWER_daily_ag,7.708,9.436,0.6619,dewpoint,426.6,34.432
2021-03-31,27.39,36.89,17.92,14.14,0.0,4.56,27.29,97.41,10.36,-6.87,PNJ,29.39,76.96,semi_arid_subtropical,NASA_POWER_daily_ag,10.014,10.174,0.365,dewpoint,408.5,34.604
2021-04-01,25.4,36.09,14.75,10.25,0.0,4.02,27.59,97.48,2.3,-10.18,PNJ,29.39,76.96,semi_arid_subtropical,NASA_POWER_daily_ag,9.034,10.154,0.2817,dewpoint,401.1,34.775
2021-04-02,24.84,35.85,14.85,10.9,0.0,2.4,26.29,97.77,29.77,-9.7,PNJ,29.39,76.96,semi_arid_subtropical,NASA_POWER_daily_ag,6.89,9.972,0.2926,dewpoint,370.5,34.943
2021-04-03,24.94,36.07,14.05,8.7,0.0,2.13,27.06,98.07,19.56,-11.06,PNJ,29.39,76.96,semi_arid_subtropical,NASA_POWER_daily_ag,6.616,10.087,0.2626,dewpoint,338.8,35.11
2021-04-04,26.42,38.36,15.97,11.41,0.0,2.56,25.45,98.12,26.78,-7.2,PNJ,29.39,76.96,semi_arid_subtropical,NASA_POWER_daily_ag,7.302,9.928,0.3558,dewpoint,333.5,35.274
2021-04-05,28.61,37.49,20.59,17.5,0.0,1.73,20.69,98.04,86.2,0.57,PNJ,29.39,76.96,semi_arid_subtropical,NASA_POWER_daily_ag,5.986,9.446,0.6366,dewpoint,342.0,35.437
2021-04-06,29.78,37.91,23.17,22.48,0.08,2.77,17.2,97.88,70.27,4.72,PNJ,29.39,76.96,semi_arid_subtropical,NASA_POWER_daily_ag,7.205,8.737,0.8554,dewpoint,358.8,35.597
2021-04-07,28.05,37.23,20.08,31.3,0.8,3.33,22.91,98.17,55.35,5.57,PNJ,29.39,76.96,semi_arid_subtropical,NASA_POWER_daily_ag,7.944,10.939,0.9076,dewpoint,328.3,35.755
2021-04-08,26.55,36.28,17.16,19.51,0.0,2.68,25.25,98.12,26.84,-0.52,PNJ,29.39,76.96,semi_arid_subtropical,NASA_POWER_daily_ag,7.404,11.048,0.5881,dewpoint,333.5,35.911
2021-04-09,27.49,37.51,17.22,16.35,0.0,2.78,26.97,98.17,36.18,-2.37,PNJ,29.39,76.96,semi_arid_subtropical,NASA_POWER_daily_ag,7.911,11.265,0.5131,dewpoint,328.3,36.064
2021-04-10,28.21,37.53,19.0,17.4,0.0,2.7,25.36,98.31,38.87,-0.19,PNJ,29.39,76.96,semi_arid_subtropical,NASA_POWER_daily_ag,7.772,11.053,0.6024,dewpoint,313.5,36.216
2021-04-11,29.28,39.31,19.23,18.56,0.0,2.6,25.13,98.29,35.84,1.41,PNJ,29.39,76.96,semi_arid_subtropical,NASA_POWER_daily_ag,7.782,11.148,0.6764,dewpoint,315.6,36.365
2021-04-12,30.71,39.73,22.5,19.71,0.0,2.26,23.61,98.33,64.73,3.59,PNJ,29.39,76.96,semi_arid_subtropical,NASA_POWER_daily_ag,7.358,10.858,0.7901,dewpoint,311.4,36.512
2021-04-13,31.48,40.2,22.18,19.53,0.0,2.93,24.21,98.15,60.29,4.41,PNJ,29.39,76.96,semi_arid_subtropical,NASA_POWER_daily_ag,8.504,11.217,0.837,dewpoint,330.4,36.656
2021-04-14,31.4,39.58,23.27,23.26,0.0,3.01,21.71,98.01,80.23,6.8,PNJ,29.39,76.96,semi_arid_subtropical,NASA_POWER_daily_ag,8.239,10.74,0.9882,dewpoint,345.1,36.798
2021-04-15,31.61,40.65,23.04,19.16,0.0,1.96,22.6,97.91,82.61,4.35,PNJ,29.39,76.96,semi_arid_subtropical,NASA_POWER_daily_ag,6.96,10.698,0.8335,dewpoint,355.7,36.938
2021-04-16,31.36,40.64,24.45,23.93,0.71,2.36,15.82,97.87,79.61,6.57,PNJ,29.39,76.96,semi_arid_subtropical,NASA_POWER_daily_ag,6.768,8.615,0.9727,dewpoint,359.9,37.075
2021-04-17,28.36,35.88,21.31,33.15,0.42,2.88,22.87,98.19,30.69,9.43,PNJ,29.39,76.96,semi_arid_subtropical,NASA_POWER_daily_ag,7.333,11.889,1.1818,dewpoint,326.2,37.21
2021-04-18,28.75,37.01,20.98,29.78,0.0,1.72,23.49,98.33,43.38,7.92,PNJ,29.39,76.96,semi_arid_subtropical,NASA_POWER_daily_ag,6.247,11.889,1.0669,dewpoint,311.4,37.343
2021-04-19,30.25,38.83,21.36,23.44,0.05,2.34,24.21,97.92,49.79,5.51,PNJ,29.39,76.96,semi_arid_subtropical,NASA_POWER_daily_ag,7.477,11.727,0.9039,dewpoint,354.6,37.473
2021-04-20,26.3,34.63,20.83,27.62,0.86,2.61,13.35,97.85,97.31,4.97,PNJ,29.39,76.96,semi_arid_subtropical,NASA_POWER_daily_ag,6.015,7.891,0.8705,dewpoint,362.0,37.6
2021-04-21,25.4,32.91,18.44,39.19,2.0,2.43,20.4,98.02,70.38,9.76,PNJ,29.39,76.96,semi_arid_subtropical,NASA_POWER_daily_ag,5.95,11.221,1.2084,dewpoint,344.1,37.726
2021-04-22,26.63,33.67,19.55,36.23,1.09,0.99,24.54,98.27,36.86,9.3,PNJ,29.39,76.96,semi_arid_subtropical,NASA_POWER_daily_ag,5.217,12.852,1.1715,dewpoint,317.7,37.848
2021-04-23,26.86,34.67,20.46,32.23,1.68,2.79,22.16,98.08,60.88,7.43,PNJ,29.39,76.96,semi_arid_subtropical,NASA_POWER_daily_ag,7.012,11.563,1.0318,dewpoint,337.7,37.969
2021-04-24,26.13,35.23,17.5,32.94,0.02,3.24,28.54,98.22,18.55,5.93,PNJ,29.39,76.96,semi_arid_subtropical,NASA_POWER_daily_ag,8.013,13.949,0.9306,dewpoint,323.0,38.086
2021-04-25,27.58,38.38,17.29,22.4,0.01,2.95,28.91,98.19,15.15,1.58,PNJ,29.39,76.96,semi_arid_subtropical,NASA_POWER_daily_ag,8.347,13.169,0.6847,dewpoint,326.2,38.202
2021-04-26,30.07,40.65,18.93,18.53,0.0,2.55,28.22,97.98,16.8,1.9,PNJ,29.39,76.96,semi_arid_subtropical,NASA_POWER_daily_ag,8.285,12.794,0.7006,dewpoint,348.3,38.315
2021-04-27,32.43,42.48,23.0,17.59,0.0,2.44,26.18,97.88,33.15,3.12,PNJ,29.39,76.96,semi_arid_subtropical,NASA_POWER_daily_ag,8.308,12.03,0.7642,dewpoint,358.8,38.425
2021-04-28,33.34,43.13,23.94,18.3,0.0,2.1,24.29,97.94,67.62,4.15,PNJ,29.39,76.96,semi_arid_subtropical,NASA_POWER_daily_ag,7.721,11.506,0.8219,dewpoint,352.5,38.533
2021-04-29,34.4,43.09,27.18,19.84,0.0,2.31,21.97,97.91,67.3,6.6,PNJ,29.39,76.96,semi_arid_subtropical,NASA_POWER_daily_ag,7.93,10.96,0.9747,dewpoint,355.7,38.639
2021-04-30,33.65,41.92,24.62,22.25,0.32,1.27,22.93,97.88,77.59,7.71,PNJ,29.39,76.96,semi_arid_subtropical,NASA_POWER_daily_ag,6.226,11.639,1.0518,dewpoint,358.8,38.742
2021-05-01,33.14,40.61,25.61,19.58,0.02,1.37,21.13,97.9,88.06,5.99,PNJ,29.39,76.96,semi_arid_subtropical,NASA_POWER_daily_ag,6.148,10.777,0.9345,dewpoint,356.7,38.842
2021-05-02,32.83,38.9,26.77,21.12,0.23,1.62,18.02,97.94,83.29,7.14,PNJ,29.39,76.96,semi_arid_subtropical,NASA_POWER_daily_ag,6.175,9.797,1.0115,dewpoint,352.5,38.941
2021-05-03,33.07,39.76,25.34,23.05,0.0,1.15,21.53,97.79,68.6,8.39,PNJ,29.39,76.96,semi_arid_subtropical,NASA_POWER_daily_ag,5.826,11.326,1.1016,dewpoint,368.3,39.036
2021-05-04,33.28,41.09,26.37,21.76,0.0,1.41,19.5,97.65,66.08,7.49,PNJ,29.39,76.96,semi_arid_subtropical,NASA_POWER_daily_ag,6.038,10.379,1.0361,dewpoint,383.1,39.13
2021-05-05,32.57,39.82,25.47,24.66,0.48,1.13,23.51,97.78,34.69,8.87,PNJ,29.39,76.96,semi_arid_subtropical,NASA_POWER_daily_ag,5.986,12.21,1.138,dewpoint,369.4,39.221
2021-05-06,32.43,40.33,24.28,26.11,1.4,1.59,18.02,97.92,69.09,9.45,PNJ,29.39,76.96,semi_arid_subtropical,NASA_POWER_daily_ag,6.025,10.115,1.1834,dewpoint,354.6,39.309
2021-05-07,30.46,36.52,25.24,34.54,6.78,0.83,23.51,98.17,30.85,12.1,PNJ,29.39,76.96,semi_arid_subtropical,NASA_POWER_daily_ag,5.358,12.891,1.4118,dewpoint,328.3,39.395
2021-05-08,31.67,38.18,24.65,31.78,0.01,1.01,24.74,98.02,45.79,11.9,PNJ,29.39,76.96,semi_arid_subtropical,NASA_POWER_daily_ag,5.907,13.373,1.3933,dewpoint,344.1,39.479
2021-05-09,32.43,39.7,24.02,28.83,0.07,1.54,23.09,97.78,60.11,10.99,PNJ,29.39,76.96,semi_arid_subtropical,NASA_POWER_daily_ag,6.558,12.495,1.3118,dewpoint,369.4,39.561
2021-05-10,33.82,40.02,27.99,26.66,1.55,1.41,18.59,97.6,79.21,11.0,PNJ,29.39,76.96,semi_arid_subtropical,NASA_POWER_daily_ag,5.952,10.5,1.3127,dewpoint,388.4,39.64
2021-05-11,32.71,40.23,24.59,28.56,0.11,1.76,22.56,97.54,76.33,10.67,PNJ,29.39,76.96,semi_arid_subtropical,NASA_POWER_daily_ag,6.858,12.221,1.2842,dewpoint,394.8,39.717
2021-05-12,32.89,39.01,27.39,25.35,0.09,1.51,16.7,97.4,74.69,9.91,PNJ,29.39,76.96,semi_arid_subtropical,NASA_POWER_daily_ag,5.796,9.672,1.2206,dewpoint,409.6,39.791
2021-05-13,29.36,34.25,23.94,38.7,3.67,1.64,16.31,97.59,78.76,13.41,PNJ,29.39,76.96,semi_arid_subtropical,NASA_POWER_daily_ag,5.248,9.975,1.5384,dewpoint,389.5,39.863
2021-05-14,30.43,37.87,22.42,35.92,0.0,1.42,25.84,97.59,7.02,12.41,PNJ,29.39,76.96,semi_arid_subtropical,NASA_POWER_daily_ag,6.466,14.147,1.4409,dewpoint,389.5,39.933
2021-05-15,32.12,39.11,25.3,29.09,2.25,1.37,15.54,97.71,62.28,10.89,PNJ,29.39,76.96,semi_arid_subtropical,NASA_POWER_daily_ag,5.317,9.328,1.3031,dewpoint,376.8,40.001
2021-05-16,32.41,40.24,23.9,27.22,0.19,1.56,26.28,97.84,20.9,9.75,PNJ,29.39,76.96,semi_arid_subtropical,NASA_POWER_daily_ag,7.033,13.717,1.2075,dewpoint,363.1,40.067
2021-05-17,33.93,41.39,26.55,21.36,0.0,1.9,22.31,97.77,52.47,6.92,PNJ,29.39,76.96,semi_arid_subtropical,NASA_POWER_daily_ag,7.336,11.56,0.9964,dewpoint,370.5,40.13
2021-05-18,31.81,38.04,26.08,30.22,0.03,3.25,10.31,97.77,98.75,11.59,PNJ,29.39,76.96,semi_arid_subtropical,NASA_POWER_daily_ag,7.09,7.132,1.3651,dewpoint,370.5,40.191
2021-05-19,27.47,32.62,22.9,55.63,33.41,2.78,7.13,97.68,99.2,16.89,PNJ,29.39,76.96,semi_arid_subtropical,NASA_POWER_daily_ag,4.225,5.692,1.9243,dewpoint,380.0,40.25
2021-05-20,29.23,36.42,21.75,52.05,3.27,1.74,24.22,97.43,52.58,16.54,PNJ,29.39,76.96,semi_arid_subtropical,NASA_POWER_daily_ag,6.211,14.276,1.882,dewpoint,406.4,40.307
2021-05-21,28.6,35.45,21.71,53.85,20.26,1.95,24.29,97.7,50.38,17.21,PNJ,29.39,76.96,semi_arid_subtropical,NASA_POWER_daily_ag,6.2,14.467,1.9637,dewpoint,377.9,40.361
2021-05-22,30.19,37.28,23.75,44.11,2.36,1.79,26.3,97.68,46.36,15.36,PNJ,29.39,76.96,semi_arid_subtropical,NASA_POWER_daily_ag,6.802,15.001,1.7453,dewpoint,380.0,40.414
2021-05-23,29.34,37.09,22.02,36.13,0.0,2.24,17.82,97.75,73.8,11.56,PNJ,29.39,76.96,semi_arid_subtropical,NASA_POWER_daily_ag,6.267,10.548,1.3624,dewpoint,372.6,40.464
2021-05-24,30.48,38.62,22.55,31.44,0.02,4.43,27.69,97.76,26.32,10.26,PNJ,29.39,76.96,semi_arid_subtropical,NASA_POWER_daily_ag,10.061,14.644,1.2495,dewpoint,371.5,40.513
2021-05-25,31.99,41.18,23.62,29.62,0.0,4.18,29.81,97.43,14.84,10.28,PNJ,29.39,76.96,semi_arid_subtropical,NASA_POWER_daily_ag,10.543,15.401,1.2512,dewpoint,406.4,40.559
2021-05-26,32.86,41.3,24.8,27.76,0.0,2.34,28.27,97.2,12.2,10.63,PNJ,29.39,76.96,semi_arid_subtropical,NASA_POWER_daily_ag,8.431,14.78,1.2808,dewpoint,430.8,40.603
2021-05-27,33.7,42.43,23.55,25.39,0.0,1.96,27.22,97.19,14.0,9.61,PNJ,29.39,76.96,semi_arid_subtropical,NASA_POWER_daily_ag,7.969,14.145,1.1962,dewpoint,431.9,40.645
2021-05-28,32.27,40.42,23.63,33.99,0.0,2.04,26.56,97.39,10.14,13.32,PNJ,29.39,76.96,semi_arid_subtropical,NASA_POWER_daily_ag,7.627,14.66,1.5294,dewpoint,410.7,40.686
2021-05-29,32.47,39.73,24.64,47.07,2.85,3.64,25.04,97.53,33.42,18.91,PNJ,29.39,76.96,semi_arid_subtropical,NASA_POWER_daily_ag,8.483,15.039,2.1851,dewpoint,395.8,40.724
2021-05-30,32.48,38.82,25.74,50.41,2.31,2.4,24.06,97.51,58.23,20.21,PNJ,29.39,76.96,semi_arid_subtropical,NASA_POWER_daily_ag,7.162,14.789,2.3689,dewpoint,398.0,40.76
2021-05-31,34.6,41.09,27.63,38.76,0.64,1.18,24.65,97.21,47.04,17.3,PNJ,29.39,76.96,semi_arid_subtropical,NASA_POWER_daily_ag,6.522,14.411,1.9749,dewpoint,429.8,40.794
2021-06-01,31.08,36.58,25.88,45.16,20.27,1.55,12.76,97.52,92.63,16.75,PNJ,29.39,76.96,semi_arid_subtropical,NASA_POWER_daily_ag,4.696,8.547,1.9072,dewpoint,396.9,40.827
2021-06-02,31.82,38.9,24.45,38.6,0.1,1.27,22.73,97.64,88.72,14.86,PNJ,29.39,76.96,semi_arid_subtropical,NASA_POWER_daily_ag,6.036,13.198,1.69,dewpoint,384.2,40.857
2021-06-03,32.23,38.53,25.91,39.57,0.39,0.95,23.59,97.77,71.11,15.89,PNJ,29.39,76.96,semi_arid_subtropical,NASA_POWER_daily_ag,5.797,13.76,1.8056,dewpoint,370.5,40.886
2021-06-04,33.02,39.88,25.77,38.49,0.01,1.66,22.37,97.73,93.52,16.16,PNJ,29.39,76.96,semi_arid_subtropical,NASA_POWER_daily_ag,6.596,13.179,1.837,dewpoint,374.7,40.913
2021-06-05,32.96,39.11,26.74,43.26,7.35,1.37,23.54,97.6,74.57,17.75,PNJ,29.39,76.96,semi_arid_subtropical,NASA_POWER_daily_ag,6.356,14.039,2.0318,dewpoint,388.4,40.938
2021-06-06,33.53,39.74,26.69,38.67,0.17,1.74,23.67,97.52,60.53,16.55,PNJ,29.39,76.96,semi_arid_subtropical,NASA_POWER_daily_ag,6.956,13.875,1.8832,dewpoint,396.9,40.961
2021-06-07,34.72,41.34,28.29,39.18,0.01,2.3,21.98,97.26,81.44,18.19,PNJ,29.39,76.96,semi_arid_subtropical,NASA_POWER_daily_ag,7.483,13.243,2.0888,dewpoint,424.4,40.982
2021-06-08,36.42,43.37,29.54,33.84,0.02,4.45,22.96,97.01,82.62,17.18,PNJ,29.39,76.96,semi_arid_subtropical,NASA_POWER_daily_ag,10.65,13.475,1.9599,dewpoint,451.0,41.001
2021-06-09,37.2,44.02,29.74,34.19,0.0,3.31,22.67,96.88,54.55,18.37,PNJ,29.39,76.96,semi_arid_subtropical,NASA_POWER_daily_ag,9.384,13.531,2.1125,dewpoint,464.8,41.019
2021-06-10,34.6,40.69,28.86,45.22,2.57,2.94,21.04,96.93,65.46,20.36,PNJ,29.39,76.96,semi_arid_subtropical,NASA_POWER_daily_ag,7.741,13.135,2.3909,dewpoint,459.5,41.034
2021-06-11,33.06,39.1,27.16,53.69,8.48,2.32,21.66,96.93,69.01,21.58,PNJ,29.39,76.96,semi_arid_subtropical,NASA_POWER_daily_ag,6.712,13.746,2.577,dewpoint,459.5,41.048
2021-06-12,33.7,39.9,28.01,51.9,5.97,2.35,18.68,97.02,85.54,21.63,PNJ,29.39,76.96,semi_arid_subtropical,NASA_POWER_daily_ag,6.411,12.077,2.5849,dewpoint,449.9,41.061
2021-06-13,32.3,37.85,26.24,54.26,1.9,2.42,14.07,97.16,85.23,21.18,PNJ,29.39,76.96,semi_arid_subtropical,NASA_POWER_daily_ag,5.455,9.528,2.5146,dewpoint,435.1,41.071
2021-06-14,33.29,39.19,26.65,42.12,2.14,1.26,24.3,96.95,62.13,17.54,PNJ,29.39,76.96,semi_arid_subtropical,NASA_POWER_daily_ag,6.411,14.418,2.005,dewpoint,457.4,41.08
2021-06-15,33.6,40.43,27.02,39.71,0.32,1.74,18.42,96.69,87.39,17.16,PNJ,29.39,76.96,semi_arid_subtropical,NASA_POWER_daily_ag,6.145,11.376,1.9575,dewpoint,485.0,41.087
2021-06-16,30.85,35.54,24.72,53.31,4.42,1.87,16.49,97.03,70.17,19.84,PNJ,29.39,76.96,semi_arid_subtropical,NASA_POWER_daily_ag,5.233,10.777,2.3152,dewpoint,448.9,41.092
2021-06-17,31.61,36.15,26.58,49.2,16.08,0.89,22.88,97.21,45.15,19.07,PNJ,29.39,76.96,semi_arid_subtropical,NASA_POWER_daily_ag,5.538,14.045,2.207,dewpoint,429.8,41.095
2021-06-18,31.22,37.08,25.75,51.1,4.87,1.89,20.52,97.29,59.96,19.36,PNJ,29.39,76.96,semi_arid_subtropical,NASA_POWER_daily_ag,5.994,12.836,2.2472,dewpoint,421.3,41.097
2021-06-19,31.52,36.89,26.34,51.21,0.89,1.64,22.03,97.28,60.75,19.53,PNJ,29.39,76.96,semi_arid_subtropical,NASA_POWER_daily_ag,6.061,13.66,2.2711,dewpoint,422.3,41.097
2021-06-20,32.34,37.89,25.17,50.21,1.98,1.19,24.36,97.31,48.45,19.59,PNJ,29.39,76.96,semi_arid_subtropical,NASA_POWER_daily_ag,6.166,14.914,2.2796,dewpoint,419.1,41.095
2021-06-21,33.78,40.36,27.65,39.02,0.87,2.06,21.31,97.37,93.03,16.87,PNJ,29.39,76.96,semi_arid_subtropical,NASA_POWER_daily_ag,7.016,12.748,1.9218,dewpoint,412.8,41.092
2021-06-22,34.1,41.45,26.76,38.7,0.0,2.67,25.01,97.34,66.13,17.03,PNJ,29.39,76.96,semi_arid_subtropical,NASA_POWER_daily_ag,8.307,14.595,1.9414,dewpoint,416.0,41.086
2021-06-23,35.02,41.59,27.44,33.34,0.0,0.99,25.56,97.35,40.37,15.51,PNJ,29.39,76.96,semi_arid_subtropical,NASA_POWER_daily_ag,6.46,14.533,1.7622,dewpoint,414.9,41.079
2021-06-24,34.18,40.72,26.84,37.53,0.07,1.3,21.66,97.32,63.63,16.45,PNJ,29.39,76.96,semi_arid_subtropical,NASA_POWER_daily_ag,6.2,12.861,1.8712,dewpoint,418.1,41.071
2021-06-25,33.52,39.13,26.74,42.29,6.31,2.01,22.71,97.27,51.99,17.61,PNJ,29.39,76.96,semi_arid_subtropical,NASA_POWER_daily_ag,7.071,13.618,2.0139,dewpoint,423.4,41.06
2021-06-26,32.41,38.94,25.4,46.36,3.42,1.51,24.0,97.47,70.38,18.35,PNJ,29.39,76.96,semi_arid_subtropical,NASA_POWER_daily_ag,6.475,14.443,2.1099,dewpoint,402.2,41.048
2021-06-27,33.85,40.45,27.45,41.64,0.09,1.79,23.58,97.67,66.04,18.0,PNJ,29.39,76.96,semi_arid_subtropical,NASA_POWER_daily_ag,6.981,14.064,2.064,dewpoint,381.0,41.035
2021-06-28,34.31,41.3,26.35,37.02,0.0,1.3,24.54,97.52,43.65,16.56,PNJ,29.39,76.96,semi_arid_subtropical,NASA_POWER_daily_ag,6.652,14.273,1.8844,dewpoint,396.9,41.019
2021-06-29,35.88,43.75,28.1,32.1,0.0,3.17,26.0,97.17,48.36,15.52,PNJ,29.39,76.96,semi_arid_subtropical,NASA_POWER_daily_ag,9.61,14.632,1.7633,dewpoint,434.0,41.002
2021-06-30,37.1,44.61,29.74,30.11,0.0,4.32,25.2,96.88,43.55,15.93,PNJ,29.39,76.96,semi_arid_subtropical,NASA_POWER_daily_ag,11.209,14.261,1.8102,dewpoint,464.8,40.983
2021-07-01,36.8,43.67,29.42,34.06,0.0,2.75,23.76,96.74,56.96,17.66,PNJ,29.39,76.96,semi_arid_subtropical,NASA_POWER_daily_ag,8.809,13.951,2.0203,dewpoint,479.7,40.962
2021-07-02,36.98,43.63,29.65,32.19,0.28,1.8,21.71,96.85,70.32,16.43,PNJ,29.39,76.96,semi_arid_subtropical,NASA_POWER_daily_ag,7.307,12.726,1.8688,dewpoint,468.0,40.94
2021-07-03,35.06,40.62,28.81,46.4,8.0,1.49,18.35,97.17,91.62,20.77,PNJ,29.39,76.96,semi_arid_subtropical,NASA_POWER_daily_ag,5.843,11.741,2.4521,dewpoint,434.0,40.916
2021-07-04,34.02,38.99,29.38,43.12,2.99,1.36,23.73,97.41,53.23,19.17,PNJ,29.39,76.96,semi_arid_subtropical,NASA_POWER_daily_ag,6.483,14.339,2.2208,dewpoint,408.5,40.89
2021-07-05,35.42,41.88,29.48,38.67,0.12,1.43,21.67,97.42,68.48,18.38,PNJ,29.39,76.96,semi_arid_subtropical,NASA_POWER_daily_ag,6.468,13.06,2.1138,dewpoint,407.5,40.862
2021-07-06,36.1,42.21,29.81,37.98,0.02,2.36,23.15,97.23,60.05,18.97,PNJ,29.39,76.96,semi_arid_subtropical,NASA_POWER_daily_ag,7.965,13.9,2.1933,dewpoint,427.6,40.833
2021-07-07,37.05,43.68,30.39,35.47,0.15,2.85,24.15,97.09,43.3,18.54,PNJ,29.39,76.96,semi_arid_subtropical,NASA_POWER_daily_ag,8.971,14.262,2.1351,dewpoint,442.5,40.801
2021-07-08,37.71,43.49,31.21,33.61,0.22,1.87,23.72,97.08,68.75,18.28,PNJ,29.39,76.96,semi_arid_subtropical,NASA_POWER_daily_ag,7.758,13.974,2.1006,dewpoint,443.6,40.768
2021-07-09,33.98,38.85,28.86,53.49,15.56,1.56,21.71,97.23,65.05,22.67,PNJ,29.39,76.96,semi_arid_subtropical,NASA_POWER_daily_ag,6.168,13.905,2.7538,dewpoint,427.6,40.733
2021-07-10,34.87,40.26,29.44,46.66,0.01,1.62,21.71,97.24,27.59,21.21,PNJ,29.39,76.96,semi_arid_subtropical,NASA_POWER_daily_ag,6.48,13.595,2.5193,dewpoint,426.6,40.697
2021-07-11,34.16,40.12,29.32,52.73,1.52,3.5,20.2,97.37,67.61,22.73,PNJ,29.39,76.96,semi_arid_subtropical,NASA_POWER_daily_ag,7.528,13.024,2.7639,dewpoint,412.8,40.658
2021-07-12,31.47,35.36,27.75,63.99,4.23,3.74,17.73,97.58,93.78,23.58,PNJ,29.39,76.96,semi_arid_subtropical,NASA_POWER_daily_ag,6.074,11.821,2.9095,dewpoint,390.5,40.618
2021-07-13,28.35,30.22,26.62,84.99,85.46,2.22,6.03,97.54,96.85,25.57,PNJ,29.39,76.96,semi_arid_subtropical,NASA_POWER_daily_ag,2.076,4.943,3.2769,dewpoint,394.8,40.576
2021-07-14,29.18,32.37,25.94,82.12,30.59,2.07,9.44,97.53,96.72,25.68,PNJ,29.39,76.96,semi_arid_subtropical,NASA_POWER_daily_ag,2.821,7.041,3.2984,dewpoint,395.8,40.532
2021-07-15,29.89,34.2,25.64,76.57,7.21,2.08,10.02,97.59,95.73,25.05,PNJ,29.39,76.96,semi_arid_subtropical,NASA_POWER_daily_ag,3.245,7.375,3.1772,dewpoint,389.5,40.486
2021-07-16,30.73,35.28,26.57,74.49,8.28,1.31,22.5,97.68,45.57,25.39,PNJ,29.39,76.96,semi_arid_subtropical,NASA_POWER_daily_ag,5.309,14.958,3.2421,dewpoint,380.0,40.438
2021-07-17,32.26,36.85,27.75,68.55,4.16,1.51,20.75,97.33,76.64,25.28,PNJ,29.39,76.96,semi_arid_subtropical,NASA_POWER_daily_ag,5.4,13.836,3.221,dewpoint,417.0,40.389
2021-07-18,31.36,36.33,27.91,74.41,24.01,1.45,14.69,97.07,98.24,25.89,PNJ,29.39,76.96,semi_arid_subtropical,NASA_POWER_daily_ag,4.017,10.243,3.3396,dewpoint,444.6,40.337
2021-07-19,28.6,30.59,26.89,91.26,35.4,2.02,2.89,97.01,96.73,27.03,PNJ,29.39,76.96,semi_arid_subtropical,NASA_POWER_daily_ag,1.199,2.909,3.5716,dewpoint,451.0,40.283
2021-07-20,28.34,31.08,25.85,87.36,26.03,1.08,12.54,97.07,94.88,25.97,PNJ,29.39,76.96,semi_arid_subtropical,NASA_POWER_daily_ag,2.956,8.962,3.3555,dewpoint,444.6,40.228
2021-07-21,29.65,33.81,26.34,83.31,9.45,1.02,21.17,96.94,56.03,26.33,PNJ,29.39,76.96,semi_arid_subtropical,NASA_POWER_daily_ag,4.729,14.332,3.4276,dewpoint,458.4,40.171
2021-07-22,30.0,33.27,26.04,78.89,6.58,1.38,18.14,96.9,95.52,25.73,PNJ,29.39,76.96,semi_arid_subtropical,NASA_POWER_daily_ag,4.363,12.368,3.3082,dewpoint,462.7,40.111
2021-07-23,28.97,31.82,26.45,85.32,3.14,1.84,19.63,97.04,75.56,26.19,PNJ,29.39,76.96,semi_arid_subtropical,NASA_POWER_daily_ag,4.382,13.365,3.3994,dewpoint,447.8,40.05
2021-07-24,30.08,33.45,26.05,80.08,3.36,1.33,17.48,97.16,57.48,26.09,PNJ,29.39,76.96,semi_arid_subtropical,NASA_POWER_daily_ag,4.204,11.999,3.3794,dewpoint,435.1,39.986
2021-07-25,31.49,35.19,27.86,74.74,0.39,0.76,21.59,97.06,71.65,26.24,PNJ,29.39,76.96,semi_arid_subtropical,NASA_POWER_daily_ag,5.032,14.515,3.4094,dewpoint,445.7,39.921
2021-07-26,28.92,31.63,26.76,86.41,4.26,1.37,12.13,96.92,99.25,26.34,PNJ,29.39,76.96,semi_arid_subtropical,NASA_POWER_daily_ag,2.972,8.707,3.4296,dewpoint,460.6,39.853
2021-07-27,28.7,31.67,26.33,87.71,82.51,2.34,9.21,96.71,99.69,26.4,PNJ,29.39,76.96,semi_arid_subtropical,NASA_POWER_daily_ag,2.513,6.89,3.4417,dewpoint,482.9,39.784
2021-07-28,28.1,31.11,25.9,88.07,32.44,1.47,3.36,96.85,98.87,25.89,PNJ,29.39,76.96,semi_arid_subtropical,NASA_POWER_daily_ag,1.34,3.269,3.3396,dewpoint,468.0,39.712
2021-07-29,28.86,32.93,25.54,85.55,14.94,0.94,9.64,96.94,99.32,26.04,PNJ,29.39,76.96,semi_arid_subtropical,NASA_POWER_daily_ag,2.473,7.142,3.3694,dewpoint,458.4,39.638
2021-07-30,28.3,30.66,26.65,87.81,14.04,1.52,17.93,97.09,88.7,26.02,PNJ,29.39,76.96,semi_arid_subtropical,NASA_POWER_daily_ag,3.917,12.262,3.3654,dewpoint,442.5,39.562
2021-07-31,28.84,31.73,25.71,84.18,8.31,2.17,18.68,97.18,92.0,25.81,PNJ,29.39,76.96,semi_arid_subtropical,NASA_POWER_daily_ag,4.264,12.685,3.3239,dewpoint,432.9,39.484
2021-08-01,29.71,32.75,26.34,81.66,10.53,1.15,12.62,97.02,79.43,26.13,PNJ,29.39,76.96,semi_arid_subtropical,NASA_POWER_daily_ag,3.19,8.972,3.3874,dewpoint,449.9,39.404
2021-08-02,29.28,32.58,26.66,84.96,4.1,1.07,17.9,97.14,88.15,26.4,PNJ,29.39,76.96,semi_arid_subtropical,NASA_POWER_daily_ag,4.038,12.261,3.4417,dewpoint,437.2,39.322
2021-08-03,29.53,33.26,26.0,82.23,1.91,1.01,11.68,97.25,98.77,26.02,PNJ,29.39,76.96,semi_arid_subtropical,NASA_POWER_daily_ag,2.961,8.377,3.3654,dewpoint,425.5,39.237
2021-08-04,29.33,33.04,25.89,83.81,3.64,1.09,21.39,97.32,75.52,26.16,PNJ,29.39,76.96,semi_arid_subtropical,NASA_POWER_daily_ag,4.704,14.366,3.3934,dewpoint,418.1,39.15
2021-08-05,29.75,32.62,25.83,79.24,3.53,0.56,16.19,97.27,73.19,25.59,PNJ,29.39,76.96,semi_arid_subtropical,NASA_POWER_daily_ag,3.733,11.092,3.2808,dewpoint,423.4,39.062
2021-08-06,30.84,34.2,26.78,72.01,4.95,0.41,21.71,97.24,56.22,24.98,PNJ,29.39,76.96,semi_arid_subtropical,NASA_POWER_daily_ag,4.863,14.282,3.164,dewpoint,426.6,38.97
2021-08-07,29.6,32.95,26.41,80.37,14.5,0.82,14.71,97.39,94.08,25.71,PNJ,29.39,76.96,semi_arid_subtropical,NASA_POWER_daily_ag,3.498,10.184,3.3042,dewpoint,410.7,38.877
2021-08-08,29.22,32.08,26.09,78.68,5.29,0.48,14.02,97.57,96.75,24.97,PNJ,29.39,76.96,semi_arid_subtropical,NASA_POWER_daily_ag,3.267,9.7,3.1621,dewpoint,391.6,38.782
2021-08-09,28.95,32.57,25.2,81.74,8.09,1.04,19.99,97.56,68.78,25.37,PNJ,29.39,76.96,semi_arid_subtropical,NASA_POWER_daily_ag,4.42,13.34,3.2383,dewpoint,392.7,38.684
2021-08-10,29.13,33.18,25.43,80.99,0.05,1.76,21.04,97.36,62.03,25.37,PNJ,29.39,76.96,semi_arid_subtropical,NASA_POWER_daily_ag,4.747,13.955,3.2383,dewpoint,413.8,38.584
2021-08-11,28.85,33.28,24.44,74.85,0.0,2.13,24.03,97.39,58.41,23.69,PNJ,29.39,76.96,semi_arid_subtropical,NASA_POWER_daily_ag,5.478,15.379,2.9288,dewpoint,410.7,38.481
2021-08-12,28.84,33.4,24.48,78.49,15.05,1.6,23.23,97.51,36.82,24.47,PNJ,29.39,76.96,semi_arid_subtropical,NASA_POWER_daily_ag,5.125,15.066,3.0691,dewpoint,398.0,38.377
2021-08-13,29.32,33.35,25.85,76.69,14.02,1.5,22.36,97.34,36.1,24.58,PNJ,29.39,76.96,semi_arid_subtropical,NASA_POWER_daily_ag,5.052,14.544,3.0894,dewpoint,416.0,38.27
2021-08-14,29.93,34.2,25.6,75.52,0.52,1.83,22.82,97.14,48.96,24.9,PNJ,29.39,76.96,semi_arid_subtropical,NASA_POWER_daily_ag,5.324,14.864,3.149,dewpoint,437.2,38.161
2021-08-15,29.41,33.78,25.19,76.79,0.02,1.64,23.06,97.31,43.08,24.61,PNJ,29.39,76.96,semi_arid_subtropical,NASA_POWER_daily_ag,5.217,14.943,3.0949,dewpoint,419.1,38.049
2021-08-16,29.44,33.31,25.48,74.56,0.03,1.36,22.89,97.62,56.6,24.3,PNJ,29.39,76.96,semi_arid_subtropical,NASA_POWER_daily_ag,5.147,14.763,3.0381,dewpoint,386.3,37.935
2021-08-17,29.63,34.01,25.21,72.5,0.0,1.45,23.81,97.59,10.0,23.99,PNJ,29.39,76.96,semi_arid_subtropical,NASA_POWER_daily_ag,5.391,15.207,2.9821,dewpoint,389.5,37.819
2021-08-18,29.6,33.52,25.3,71.14,0.1,1.05,21.93,97.44,37.32,23.68,PNJ,29.39,76.96,semi_arid_subtropical,NASA_POWER_daily_ag,4.945,14.051,2.9271,dewpoint,405.4,37.701
2021-08-19,29.48,34.19,24.9,78.28,5.78,1.27,19.29,97.41,70.07,25.01,PNJ,29.39,76.96,semi_arid_subtropical,NASA_POWER_daily_ag,4.441,12.743,3.1697,dewpoint,408.5,37.58
2021-08-20,27.02,28.61,25.52,91.45,30.56,1.83,12.24,97.62,93.22,25.5,PNJ,29.39,76.96,semi_arid_subtropical,NASA_POWER_daily_ag,2.687,8.619,3.2634,dewpoint,386.3,37.457
2021-08-21,26.81,30.34,24.53,91.64,27.21,2.97,5.23,97.7,99.24,25.3,PNJ,29.39,76.96,semi_arid_subtropical,NASA_POWER_daily_ag,1.613,4.383,3.2248,dewpoint,377.9,37.332
2021-08-22,27.97,31.19,24.77,86.92,6.05,1.71,12.78,97.75,77.41,25.51,PNJ,29.39,76.96,semi_arid_subtropical,NASA_POWER_daily_ag,3.003,8.92,3.2653,dewpoint,372.6,37.205
2021-08-23,28.82,32.29,25.78,82.32,0.82,0.86,16.82,97.5,70.7,25.37,PNJ,29.39,76.96,semi_arid_subtropical,NASA_POWER_daily_ag,3.763,11.301,3.2383,dewpoint,399.0,37.075
2021-08-24,28.94,32.19,25.82,79.74,0.2,1.2,19.65,97.38,66.51,24.92,PNJ,29.39,76.96,semi_arid_subtropical,NASA_POWER_daily_ag,4.376,12.898,3.1527,dewpoint,411.7,36.943
2021-08-25,28.15,33.14,24.56,79.76,3.17,1.75,22.46,97.12,54.31,24.08,PNJ,29.39,76.96,semi_arid_subtropical,NASA_POWER_daily_ag,4.849,14.363,2.9983,dewpoint,439.3,36.809
2021-08-26,28.33,33.13,23.26,77.73,1.93,1.73,21.71,97.06,71.72,23.87,PNJ,29.39,76.96,semi_arid_subtropical,NASA_POWER_daily_ag,4.8,13.895,2.9607,dewpoint,445.7,36.672
2021-08-27,29.31,34.2,24.82,77.36,6.94,0.96,21.65,97.27,64.0,24.51,PNJ,29.39,76.96,semi_arid_subtropical,NASA_POWER_daily_ag,4.74,13.928,3.0765,dewpoint,423.4,36.533
2021-08-28,28.67,33.14,24.36,77.57,4.88,0.93,21.41,97.38,23.51,24.1,PNJ,29.39,76.96,semi_arid_subtropical,NASA_POWER_daily_ag,4.604,13.714,3.0019,dewpoint,411.7,36.392
2021-08-29,28.32,32.6,24.27,80.74,1.82,1.05,19.03,97.48,46.57,24.45,PNJ,29.39,76.96,semi_arid_subtropical,NASA_POWER_daily_ag,4.143,12.399,3.0655,dewpoint,401.1,36.249
2021-08-30,27.73,31.65,23.98,83.57,2.22,1.38,19.17,97.81,30.63,24.5,PNJ,29.39,76.96,semi_arid_subtropical,NASA_POWER_daily_ag,4.094,12.49,3.0746,dewpoint,366.2,36.104
2021-08-31,26.58,29.88,23.64,88.41,0.37,2.12,17.61,97.98,51.76,24.42,PNJ,29.39,76.96,semi_arid_subtropical,NASA_POWER_daily_ag,3.602,11.583,3.06,dewpoint,348.3,35.956
2021-09-01,26.24,29.49,23.5,88.39,20.48,1.33,8.43,97.99,95.21,24.1,PNJ,29.39,76.96,semi_arid_subtropical,NASA_POWER_daily_ag,2.086,6.222,3.0019,dewpoint,347.2,35.807
2021-09-02,26.63,29.32,23.98,83.89,22.22,1.25,17.11,97.73,88.75,23.61,PNJ,29.39,76.96,semi_arid_subtropical,NASA_POWER_daily_ag,3.606,11.153,2.9148,dewpoint,374.7,35.655
2021-09-03,25.95,29.2,22.68,89.2,9.85,2.0,10.08,97.59,98.66,24.02,PNJ,29.39,76.96,semi_arid_subtropical,NASA_POWER_daily_ag,2.348,7.162,2.9875,dewpoint,389.5,35.501
2021-09-04,26.02,28.02,24.55,93.02,10.2,2.03,16.59,97.51,80.02,24.8,PNJ,29.39,76.96,semi_arid_subtropical,NASA_POWER_daily_ag,3.197,11.005,3.1302,dewpoint,398.0,35.345
2021-09-05,27.88,31.39,23.93,81.9,0.21,0.98,18.05,97.56,47.35,24.31,PNJ,29.39,76.96,semi_arid_subtropical,NASA_POWER_daily_ag,3.873,11.726,3.0399,dewpoint,392.7,35.187
2021-09-06,28.7,32.61,23.96,80.83,1.86,0.95,19.03,97.7,43.96,24.92,PNJ,29.39,76.96,semi_arid_subtropical,NASA_POWER_daily_ag,4.123,12.362,3.1527,dewpoint,377.9,35.027
2021-09-07,28.0,31.19,25.39,88.85,4.64,1.7,7.78,97.84,82.19,25.93,PNJ,29.39,76.96,semi_arid_subtropical,NASA_POWER_daily_ag,2.065,5.828,3.3476,dewpoint,363.1,34.865
2021-09-08,27.31,30.85,24.59,87.87,0.58,3.07,19.78,97.76,37.01,25.03,PNJ,29.39,76.96,semi_arid_subtropical,NASA_POWER_daily_ag,4.006,12.805,3.1734,dewpoint,371.5,34.701
2021-09-09,27.13,30.01,24.61,88.84,7.75,2.01,17.82,97.63,46.15,25.07,PNJ,29.39,76.96,semi_arid_subtropical,NASA_POWER_daily_ag,3.637,11.666,3.181,dewpoint,385.3,34.535
2021-09-10,26.89,29.99,24.38,88.11,11.82,2.76,13.94,97.65,85.84,24.67,PNJ,29.39,76.96,semi_arid_subtropical,NASA_POWER_daily_ag,3.079,9.346,3.106,dewpoint,383.1,34.368
2021-09-11,26.16,28.52,24.47,91.27,14.66,2.75,5.81,97.68,99.56,24.6,PNJ,29.39,76.96,semi_arid_subtropical,NASA_POWER_daily_ag,1.66,4.649,3.0931,dewpoint,380.0,34.198
2021-09-12,27.26,30.1,23.91,81.05,34.64,1.48,14.94,97.5,94.42,23.59,PNJ,29.39,76.96,semi_arid_subtropical,NASA_POWER_daily_ag,3.388,9.764,2.9113,dewpoint,399.0,34.027
2021-09-13,27.26,30.95,23.14,78.73,14.25,1.1,13.35,97.53,89.27,23.07,PNJ,29.39,76.96,semi_arid_subtropical,NASA_POWER_daily_ag,3.097,8.807,2.8214,dewpoint,395.8,33.854
2021-09-14,27.82,32.72,23.28,77.23,0.44,1.14,15.53,97.73,68.83,23.21,PNJ,29.39,76.96,semi_arid_subtropical,NASA_POWER_daily_ag,3.524,9.979,2.8453,dewpoint,374.7,33.68
2021-09-15,27.91,33.03,22.77,78.03,0.2,1.27,22.76,97.79,21.07,23.47,PNJ,29.39,76.96,semi_arid_subtropical,NASA_POWER_daily_ag,4.692,13.983,2.8903,dewpoint,368.3,33.503
2021-09-16,26.63,30.41,23.37,87.03,7.36,1.38,17.88,97.71,51.43,24.19,PNJ,29.39,76.96,semi_arid_subtropical,NASA_POWER_daily_ag,3.606,11.434,3.0181,dewpoint,376.8,33.326
2021-09-17,26.4,31.0,22.65,83.59,2.64,1.29,16.38,97.64,87.67,23.25,PNJ,29.39,76.96,semi_arid_subtropical,NASA_POWER_daily_ag,3.414,10.429,2.8522,dewpoint,384.2,33.146
2021-09-18,26.92,30.89,22.77,83.9,0.0,1.18,22.04,97.83,26.81,23.83,PNJ,29.39,76.96,semi_arid_subtropical,NASA_POWER_daily_ag,4.33,13.644,2.9536,dewpoint,364.1,32.966
2021-09-19,27.69,31.36,23.79,84.85,0.61,1.31,20.98,97.96,15.08,24.78,PNJ,29.39,76.96,semi_arid_subtropical,NASA_POWER_daily_ag,4.241,13.218,3.1265,dewpoint,350.4,32.783
2021-09-20,28.24,32.46,23.75,83.79,1.33,1.19,20.9,97.85,15.66,25.11,PNJ,29.39,76.96,semi_arid_subtropical,NASA_POWER_daily_ag,4.295,13.207,3.1886,dewpoint,362.0,32.6
2021-09-21,28.01,30.84,24.92,83.51,4.79,1.04,15.78,97.73,60.51,24.89,PNJ,29.39,76.96,semi_arid_subtropical,NASA_POWER_daily_ag,3.402,10.24,3.1471,dewpoint,374.7,32.415
2021-09-22,25.99,28.62,24.11,90.02,12.53,1.37,4.31,97.74,95.27,24.2,PNJ,29.39,76.96,semi_arid_subtropical,NASA_POWER_daily_ag,1.342,3.745,3.0199,dewpoint,373.6,32.229
2021-09-23,25.26,28.33,23.08,88.79,55.08,1.45,10.03,97.95,96.6,23.22,PNJ,29.39,76.96,semi_arid_subtropical,NASA_POWER_daily_ag,2.226,6.877,2.847,dewpoint,351.5,32.042
2021-09-24,26.77,31.25,21.87,78.78,4.42,0.93,18.39,97.98,45.82,22.56,PNJ,29.39,76.96,semi_arid_subtropical,NASA_POWER_daily_ag,3.728,11.24,2.7355,dewpoint,348.3,31.854
2021-09-25,27.39,31.65,22.93,80.03,0.33,0.92,19.97,97.85,19.03,23.49,PNJ,29.39,76.96,semi_arid_subtropical,NASA_POWER_daily_ag,4.013,12.222,2.8938,dewpoint,362.0,31.664
2021-09-26,27.07,30.87,23.4,83.97,0.16,1.0,19.3,97.84,21.73,24.01,PNJ,29.39,76.96,semi_arid_subtropical,NASA_POWER_daily_ag,3.836,11.952,2.9857,dewpoint,363.1,31.474
2021-09-27,27.09,31.64,22.4,81.47,0.0,1.07,18.61,97.91,44.48,23.46,PNJ,29.39,76.96,semi_arid_subtropical,NASA_POWER_daily_ag,3.767,11.438,2.8886,dewpoint,355.7,31.283
2021-09-28,27.08,31.95,22.66,81.75,0.06,1.58,19.32,97.99,33.83,23.5,PNJ,29.39,76.96,semi_arid_subtropical,NASA_POWER_daily_ag,3.94,11.788,2.8955,dewpoint,347.2,31.091
2021-09-29,26.36,29.96,23.05,85.99,1.93,1.81,20.09,98.09,15.8,23.72,PNJ,29.39,76.96,semi_arid_subtropical,NASA_POWER_daily_ag,3.865,12.258,2.9341,dewpoint,336.7,30.898
2021-09-30,26.86,30.95,22.83,84.38,2.72,1.35,19.13,98.19,11.79,23.87,PNJ,29.39,76.96,semi_arid_subtropical,NASA_POWER_daily_ag,3.782,11.726,2.9607,dewpoint,326.2,30.705
2021-10-01,27.9,32.21,23.61,81.56,2.96,0.82,17.11,98.09,24.26,24.27,PNJ,29.39,76.96,semi_arid_subtropical,NASA_POWER_daily_ag,3.531,10.651,3.0326,dewpoint,336.7,30.511
2021-10-02,27.82,31.24,25.2,80.83,0.41,0.95,14.15,97.95,19.24,24.14,PNJ,29.39,76.96,semi_arid_subtropical,NASA_POWER_daily_ag,3.077,8.999,3.0091,dewpoint,351.5,30.316
2021-10-03,27.36,31.89,23.37,82.58,0.0,1.61,17.53,97.76,24.08,24.01,PNJ,29.39,76.96,semi_arid_subtropical,NASA_POWER_daily_ag,3.646,10.789,2.9857,dewpoint,371.5,30.121
2021-10-04,27.77,31.65,24.29,75.24,3.85,0.86,16.16,97.75,51.45,22.77,PNJ,29.39,76.96,semi_arid_subtropical,NASA_POWER_daily_ag,3.416,9.8,2.7706,dewpoint,372.6,29.926
2021-10-05,27.11,31.29,22.58,78.73,11.09,1.21,13.79,98.08,65.16,22.89,PNJ,29.39,76.96,semi_arid_subtropical,NASA_POWER_daily_ag,3.065,8.601,2.7908,dewpoint,337.7,29.73
2021-10-06,26.25,31.03,22.48,81.34,0.18,1.18,18.63,98.04,6.18,22.66,PNJ,29.39,76.96,semi_arid_subtropical,NASA_POWER_daily_ag,3.616,11.028,2.7522,dewpoint,342.0,29.535
2021-10-07,25.01,30.57,20.35,81.56,0.0,1.44,18.84,97.89,3.44,21.4,PNJ,29.39,76.96,semi_arid_subtropical,NASA_POWER_daily_ag,3.55,10.89,2.5488,dewpoint,357.8,29.339
2021-10-08,25.25,31.31,20.86,72.71,0.0,1.25,18.61,97.77,2.23,19.72,PNJ,29.39,76.96,semi_arid_subtropical,NASA_POWER_daily_ag,3.64,10.363,2.2981,dewpoint,370.5,29.143
2021-10-09,24.86,31.46,19.84,72.46,0.0,1.45,18.64,97.81,3.17,19.27,PNJ,29.39,76.96,semi_arid_subtropical,NASA_POWER_daily_ag,3.667,10.267,2.2347,dewpoint,366.2,28.947
2021-10-10,26.69,32.81,20.57,64.3,0.0,1.01,18.36,97.89,8.94,18.88,PNJ,29.39,76.96,semi_arid_subtropical,NASA_POWER_daily_ag,3.741,9.962,2.181,dewpoint,357.8,28.751
2021-10-11,25.6,31.83,18.96,67.06,0.0,1.1,18.85,97.86,1.78,18.59,PNJ,29.39,76.96,semi_arid_subtropical,NASA_POWER_daily_ag,3.704,10.15,2.1418,dewpoint,361.0,28.556
2021-10-12,25.21,31.87,20.02,68.3,0.0,1.14,19.35,97.9,3.44,18.51,PNJ,29.39,76.96,semi_arid_subtropical,NASA_POWER_daily_ag,3.703,10.277,2.1311,dewpoint,356.7,28.36
2021-10-13,23.38,30.72,18.24,69.92,0.0,1.91,19.84,97.97,2.56,17.07,PNJ,29.39,76.96,semi_arid_subtropical,NASA_POWER_daily_ag,3.823,10.218,1.9463,dewpoint,349.3,28.165
2021-10-14,23.18,31.01,16.43,72.15,0.0,1.94,19.82,97.95,3.67,17.47,PNJ,29.39,76.96,semi_arid_subtropical,NASA_POWER_daily_ag,3.736,10.295,1.9962,dewpoint,351.5,27.971
2021-10-15,25.0,32.35,18.57,66.27,0.0,1.47,19.49,97.75,18.93,17.66,PNJ,29.39,76.96,semi_arid_subtropical,NASA_POWER_daily_ag,3.858,10.04,2.0203,dewpoint,372.6,27.777
2021-10-16,25.44,30.91,19.48,62.73,0.0,0.89,17.76,97.86,49.3,17.54,PNJ,29.39,76.96,semi_arid_subtropical,NASA_POWER_daily_ag,3.412,9.271,2.005,dewpoint,361.0,27.584
2021-10-17,22.93,26.33,20.99,81.94,7.32,1.45,6.94,98.03,98.4,19.6,PNJ,29.39,76.96,semi_arid_subtropical,NASA_POWER_daily_ag,1.812,4.845,2.281,dewpoint,343.0,27.392
2021-10-18,22.03,25.55,19.67,90.93,33.44,1.89,5.24,97.91,88.66,20.47,PNJ,29.39,76.96,semi_arid_subtropical,NASA_POWER_daily_ag,1.335,4.065,2.4072,dewpoint,355.7,27.2
2021-10-19,22.43,28.18,18.95,83.52,0.02,2.45,16.96,97.98,16.49,19.29,PNJ,29.39,76.96,semi_arid_subtropical,NASA_POWER_daily_ag,3.0,9.232,2.2375,dewpoint,348.3,27.009
2021-10-20,22.16,29.53,17.02,74.31,0.0,1.8,17.69,98.27,2.5,17.01,PNJ,29.39,76.96,semi_arid_subtropical,NASA_POWER_daily_ag,3.223,9.066,1.939,dewpoint,317.7,26.82
2021-10-21,20.94,28.94,14.73,67.4,0.0,1.86,18.3,98.21,2.12,14.17,PNJ,29.39,76.96,semi_arid_subtropical,NASA_POWER_daily_ag,3.35,8.801,1.6163,dewpoint,324.1,26.631
2021-10-22,22.61,29.82,15.63,63.8,0.0,1.3,17.69,98.25,0.4,15.01,PNJ,29.39,76.96,semi_arid_subtropical,NASA_POWER_daily_ag,3.275,8.621,1.7064,dewpoint,319.8,26.443
2021-10-23,21.93,28.19,16.95,81.6,0.06,2.32,16.96,98.42,18.62,18.45,PNJ,29.39,76.96,semi_arid_subtropical,NASA_POWER_daily_ag,2.963,8.953,2.1231,dewpoint,302.0,26.257
2021-10-24,21.66,26.72,17.75,82.73,14.32,2.0,11.16,98.6,61.11,18.41,PNJ,29.39,76.96,semi_arid_subtropical,NASA_POWER_daily_ag,2.263,6.481,2.1178,dewpoint,283.1,26.072
2021-10-25,20.68,26.23,16.55,78.91,0.08,1.38,16.93,98.65,0.27,16.64,PNJ,29.39,76.96,semi_arid_subtropical,NASA_POWER_daily_ag,2.745,8.579,1.894,dewpoint,277.8,25.889
2021-10-26,19.82,25.6,14.44,71.11,0.0,1.58,17.33,98.56,4.2,14.0,PNJ,29.39,76.96,semi_arid_subtropical,NASA_POWER_daily_ag,2.917,8.29,1.5986,dewpoint,287.3,25.707
2021-10-27,19.13,26.0,14.18,67.4,0.0,1.5,17.25,98.73,2.33,12.55,PNJ,29.39,76.96,semi_arid_subtropical,NASA_POWER_daily_ag,2.86,7.946,1.4542,dewpoint,269.4,25.527
2021-10-28,20.0,26.46,13.8,69.62,0.01,1.08,17.62,98.74,24.42,13.77,PNJ,29.39,76.96,semi_arid_subtropical,NASA_POWER_daily_ag,2.782,8.233,1.5749,dewpoint,268.4,25.348
2021-10-29,20.54,27.99,15.32,62.51,0.0,1.2,17.06,98.9,28.97,12.63,PNJ,29.39,76.96,semi_arid_subtropical,NASA_POWER_daily_ag,2.887,7.671,1.4619,dewpoint,251.6,25.171
2021-10-30,18.93,27.05,13.23,70.32,0.0,2.26,17.64,98.8,39.29,13.0,PNJ,29.39,76.96,semi_arid_subtropical,NASA_POWER_daily_ag,3.01,7.986,1.4978,dewpoint,262.1,24.996
2021-10-31,20.17,26.96,12.75,60.07,0.0,1.5,16.29,98.56,35.35,11.34,PNJ,29.39,76.96,semi_arid_subtropical,NASA_POWER_daily_ag,3.018,7.241,1.3427,dewpoint,287.3,24.823
2021-11-01,19.6,27.01,13.22,62.08,0.0,1.56,14.78,98.54,18.0,11.79,PNJ,29.39,76.96,semi_arid_subtropical,NASA_POWER_daily_ag,2.786,6.78,1.3833,dewpoint,289.4,24.652
2021-11-02,17.89,25.63,12.43,75.06,0.02,2.14,14.1,98.72,17.9,13.13,PNJ,29.39,76.96,semi_arid_subtropical,NASA_POWER_daily_ag,2.436,6.768,1.5106,dewpoint,270.5,24.483
2021-11-03,18.65,25.48,12.19,71.75,0.04,1.47,13.51,98.7,22.6,13.19,PNJ,29.39,76.96,semi_arid_subtropical,NASA_POWER_daily_ag,2.353,6.551,1.5165,dewpoint,272.6,24.316
2021-11-04,19.53,25.24,13.99,63.18,0.0,0.78,11.96,98.62,35.69,12.1,PNJ,29.39,76.96,semi_arid_subtropical,NASA_POWER_daily_ag,2.108,5.857,1.4118,dewpoint,281.0,24.151
2021-11-05,19.65,26.63,14.69,59.95,0.0,0.74,14.81,98.57,38.31,11.13,PNJ,29.39,76.96,semi_arid_subtropical,NASA_POWER_daily_ag,2.315,6.47,1.3241,dewpoint,286.2,23.989
2021-11-06,17.52,25.54,11.61,67.8,0.0,1.98,14.25,98.4,34.23,11.16,PNJ,29.39,76.96,semi_arid_subtropical,NASA_POWER_daily_ag,2.549,6.4,1.3267,dewpoint,304.1,23.829
2021-11-07,18.47,26.69,12.84,67.23,0.0,1.82,14.03,98.38,32.81,11.83,PNJ,29.39,76.96,semi_arid_subtropical,NASA_POWER_daily_ag,2.57,6.311,1.3869,dewpoint,306.2,23.671
2021-11-08,18.53,27.05,13.42,64.02,0.0,1.76,14.92,98.54,30.18,11.22,PNJ,29.39,76.96,semi_arid_subtropical,NASA_POWER_daily_ag,2.66,6.395,1.332,dewpoint,289.4,23.517
2021-11-09,18.43,27.16,13.41,66.15,0.0,1.76,15.34,98.6,45.11,11.64,PNJ,29.39,76.96,semi_arid_subtropical,NASA_POWER_daily_ag,2.614,6.524,1.3696,dewpoint,283.1,23.364
2021-11-10,19.05,27.15,13.8,60.66,0.0,1.34,14.48,98.58,45.62,10.8,PNJ,29.39,76.96,semi_arid_subtropical,NASA_POWER_daily_ag,2.526,6.101,1.2954,dewpoint,285.2,23.215
2021-11-11,19.01,27.05,14.19,56.58,0.0,1.21,13.42,98.51,57.92,9.73,PNJ,29.39,76.96,semi_arid_subtropical,NASA_POWER_daily_ag,2.429,5.633,1.2059,dewpoint,292.5,23.068
2021-11-12,17.99,26.08,13.5,61.14,0.0,1.36,13.9,98.58,37.98,9.94,PNJ,29.39,76.96,semi_arid_subtropical,NASA_POWER_daily_ag,2.384,5.787,1.223,dewpoint,285.2,22.924
2021-11-13,16.91,26.07,11.57,62.79,0.0,1.65,15.23,98.55,39.44,9.23,PNJ,29.39,76.96,semi_arid_subtropical,NASA_POWER_daily_ag,2.476,6.026,1.166,dewpoint,288.3,22.783
2021-11-14,17.79,25.27,11.05,52.24,0.0,1.15,14.52,98.47,44.32,6.93,PNJ,29.39,76.96,semi_arid_subtropical,NASA_POWER_daily_ag,2.426,5.539,0.9971,dewpoint,296.7,22.644
2021-11-15,15.81,24.52,11.01,58.71,0.0,1.54,13.2,98.39,53.12,7.31,PNJ,29.39,76.96,semi_arid_subtropical,NASA_POWER_daily_ag,2.287,5.292,1.0234,dewpoint,305.1,22.509
2021-11-16,15.51,24.63,9.66,58.79,0.0,1.7,15.48,98.49,51.81,6.86,PNJ,29.39,76.96,semi_arid_subtropical,NASA_POWER_daily_ag,2.453,5.711,0.9923,dewpoint,294.6,22.377
2021-11-17,16.49,23.97,10.52,56.1,0.0,0.98,14.32,98.73,49.74,7.3,PNJ,29.39,76.96,semi_arid_subtropical,NASA_POWER_daily_ag,2.113,5.471,1.0227,dewpoint,269.4,22.248
2021-11-18,16.61,24.45,10.46,50.16,0.0,1.0,13.6,98.58,54.34,5.72,PNJ,29.39,76.96,semi_arid_subtropical,NASA_POWER_daily_ag,2.147,5.065,0.9171,dewpoint,285.2,22.123
2021-11-19,16.32,24.81,9.41,55.96,0.0,1.46,13.68,98.37,56.05,7.14,PNJ,29.39,76.96,semi_arid_subtropical,NASA_POWER_daily_ag,2.33,5.241,1.0115,dewpoint,307.2,22.0
2021-11-20,16.01,23.69,11.87,61.41,0.0,1.38,13.65,98.39,54.0,8.25,PNJ,29.39,76.96,semi_arid_subtropical,NASA_POWER_daily_ag,2.147,5.298,1.0912,dewpoint,305.1,21.881
2021-11-21,16.07,25.37,9.91,59.9,0.0,2.06,14.04,98.52,26.78,7.65,PNJ,29.39,76.96,semi_arid_subtropical,NASA_POWER_daily_ag,2.532,5.255,1.0475,dewpoint,291.5,21.765
2021-11-22,15.52,25.07,9.21,59.26,0.0,3.05,14.83,98.46,10.58,6.96,PNJ,29.39,76.96,semi_arid_subtropical,NASA_POWER_daily_ag,2.926,5.309,0.9991,dewpoint,297.8,21.653
2021-11-23,15.89,24.21,8.35,53.74,0.0,1.7,14.26,98.34,22.5,5.8,PNJ,29.39,76.96,semi_arid_subtropical,NASA_POWER_daily_ag,2.492,5.071,0.9222,dewpoint,310.4,21.544
2021-11-24,16.03,24.46,10.2,54.24,0.0,1.09,13.08,98.57,37.41,6.26,PNJ,29.39,76.96,semi_arid_subtropical,NASA_POWER_daily_ag,2.043,4.799,0.9521,dewpoint,286.2,21.439
2021-11-25,15.59,23.95,7.98,61.19,0.0,1.03,12.24,98.68,24.67,7.21,PNJ,29.39,76.96,semi_arid_subtropical,NASA_POWER_daily_ag,1.888,4.804,1.0164,dewpoint,274.7,21.337
2021-11-26,16.15,23.77,10.72,55.95,0.0,1.04,12.64,98.66,35.44,6.87,PNJ,29.39,76.96,semi_arid_subtropical,NASA_POWER_daily_ag,1.967,4.73,0.993,dewpoint,276.8,21.238
2021-11-27,14.76,22.47,8.54,70.19,0.0,1.5,11.86,98.81,15.07,9.0,PNJ,29.39,76.96,semi_arid_subtropical,NASA_POWER_daily_ag,1.831,4.896,1.1481,dewpoint,261.0,21.144
2021-11-28,15.92,24.06,9.93,64.43,0.0,1.15,11.3,98.94,21.8,8.51,PNJ,29.39,76.96,semi_arid_subtropical,NASA_POWER_daily_ag,1.844,4.608,1.1106,dewpoint,247.4,21.053
2021-11-29,15.45,24.51,10.45,63.29,0.0,1.88,13.31,98.94,29.35,8.04,PNJ,29.39,76.96,semi_arid_subtropical,NASA_POWER_daily_ag,2.207,4.879,1.0757,dewpoint,247.4,20.966
2021-11-30,15.44,23.58,8.73,62.97,0.0,2.0,12.88,98.86,51.14,7.84,PNJ,29.39,76.96,semi_arid_subtropical,NASA_POWER_daily_ag,2.271,4.835,1.0611,dewpoint,255.8,20.883
2021-12-01,14.41,18.49,11.81,66.73,0.0,0.94,6.11,98.94,99.81,8.23,PNJ,29.39,76.96,semi_arid_subtropical,NASA_POWER_daily_ag,1.351,3.553,1.0897,dewpoint,247.4,20.803
2021-12-02,14.95,20.09,10.48,63.19,0.0,1.14,4.18,98.92,97.02,7.73,PNJ,29.39,76.96,semi_arid_subtropical,NASA_POWER_daily_ag,1.455,3.148,1.0532,dewpoint,249.5,20.728
2021-12-03,16.51,23.8,9.9,56.61,0.65,0.91,11.05,98.97,41.86,7.42,PNJ,29.39,76.96,semi_arid_subtropical,NASA_POWER_daily_ag,1.794,4.331,1.0311,dewpoint,244.3,20.656
2021-12-04,18.29,24.7,12.96,53.77,0.0,0.62,12.9,98.81,6.46,8.47,PNJ,29.39,76.96,semi_arid_subtropical,NASA_POWER_daily_ag,1.771,4.633,1.1076,dewpoint,261.0,20.588
2021-12-05,17.51,23.78,11.08,63.25,0.05,1.23,10.15,98.83,23.42,10.09,PNJ,29.39,76.96,semi_arid_subtropical,NASA_POWER_daily_ag,1.898,4.363,1.2354,dewpoint,258.9,20.524
2021-12-06,16.41,22.96,11.92,72.19,0.43,1.53,10.92,98.85,25.33,11.07,PNJ,29.39,76.96,semi_arid_subtropical,NASA_POWER_daily_ag,1.806,4.615,1.3188,dewpoint,256.8,20.464
2021-12-07,14.4,23.22,8.66,67.36,0.0,2.1,13.96,98.93,3.72,7.78,PNJ,29.39,76.96,semi_arid_subtropical,NASA_POWER_daily_ag,2.116,4.863,1.0568,dewpoint,248.5,20.408
2021-12-08,14.11,22.59,7.58,58.78,0.0,1.61,13.82,98.93,3.24,5.53,PNJ,29.39,76.96,semi_arid_subtropical,NASA_POWER_daily_ag,2.079,4.569,0.9051,dewpoint,248.5,20.356
2021-12-09,15.06,22.53,9.74,56.94,0.0,0.96,13.09,99.18,1.83,6.24,PNJ,29.39,76.96,semi_arid_subtropical,NASA_POWER_daily_ag,1.774,4.449,0.9508,dewpoint,222.3,20.309
2021-12-10,13.58,22.34,7.64,62.66,0.0,1.66,13.5,99.15,4.15,6.09,PNJ,29.39,76.96,semi_arid_subtropical,NASA_POWER_daily_ag,1.955,4.561,0.941,dewpoint,225.4,20.265
2021-12-11,13.33,21.83,6.12,55.92,0.0,1.64,12.87,99.01,7.65,3.93,PNJ,29.39,76.96,semi_arid_subtropical,NASA_POWER_daily_ag,2.067,4.262,0.8093,dewpoint,240.1,20.225
2021-12-12,14.5,20.79,10.07,48.79,0.0,0.88,12.43,99.1,44.08,3.45,PNJ,29.39,76.96,semi_arid_subtropical,NASA_POWER_daily_ag,1.734,4.035,0.7823,dewpoint,230.7,20.19
2021-12-13,11.68,17.56,7.64,72.12,0.0,1.56,10.1,99.01,30.81,6.62,PNJ,29.39,76.96,semi_arid_subtropical,NASA_POWER_daily_ag,1.48,4.169,0.976,dewpoint,240.1,20.158
2021-12-14,12.48,19.75,5.78,69.62,0.0,1.07,10.45,98.93,3.12,6.4,PNJ,29.39,76.96,semi_arid_subtropical,NASA_POWER_daily_ag,1.464,4.191,0.9613,dewpoint,248.5,20.131
2021-12-15,12.06,20.33,6.52,59.01,0.0,1.49,11.51,98.97,8.19,3.53,PNJ,29.39,76.96,semi_arid_subtropical,NASA_POWER_daily_ag,1.799,4.037,0.7867,dewpoint,244.3,20.108
2021-12-16,10.5,18.85,5.56,62.24,0.0,1.64,8.09,99.05,30.24,2.96,PNJ,29.39,76.96,semi_arid_subtropical,NASA_POWER_daily_ag,1.604,3.592,0.7556,dewpoint,235.9,20.089
2021-12-17,9.24,17.68,4.1,58.51,0.0,3.23,11.0,99.2,41.68,0.82,PNJ,29.39,76.96,semi_arid_subtropical,NASA_POWER_daily_ag,2.197,3.88,0.6482,dewpoint,220.2,20.074
2021-12-18,8.06,16.59,2.42,52.73,0.0,3.09,11.86,99.18,37.53,-1.66,PNJ,29.39,76.96,semi_arid_subtropical,NASA_POWER_daily_ag,2.232,3.861,0.5408,dewpoint,222.3,20.063
2021-12-19,7.72,17.52,1.3,52.2,0.0,2.67,12.87,99.11,13.8,-2.23,PNJ,29.39,76.96,semi_arid_subtropical,NASA_POWER_daily_ag,2.105,3.914,0.5185,dewpoint,229.6,20.057
2021-12-20,9.04,19.0,1.04,50.89,0.0,2.0,13.07,98.97,19.3,-1.3,PNJ,29.39,76.96,semi_arid_subtropical,NASA_POWER_daily_ag,1.997,3.968,0.5554,dewpoint,244.3,20.055
2021-12-21,11.62,19.61,6.35,41.87,0.0,1.26,12.73,98.9,12.91,-1.3,PNJ,29.39,76.96,semi_arid_subtropical,NASA_POWER_daily_ag,1.896,3.703,0.5554,dewpoint,251.6,20.057
2021-12-22,13.11,20.55,7.83,42.77,0.0,0.97,12.24,98.68,41.94,0.24,PNJ,29.39,76.96,semi_arid_subtropical,NASA_POWER_daily_ag,1.762,3.727,0.6216,dewpoint,274.7,20.063
2021-12-23,12.99,20.77,6.84,54.92,0.0,1.28,10.26,98.61,50.68,3.57,PNJ,29.39,76.96,semi_arid_subtropical,NASA_POWER_daily_ag,1.774,3.848,0.789,dewpoint,282.0,20.073
2021-12-24,13.28,20.48,6.76,56.55,0.0,0.88,8.94,98.64,30.38,4.21,PNJ,29.39,76.96,semi_arid_subtropical,NASA_POWER_daily_ag,1.508,3.731,0.8254,dewpoint,278.9,20.088
2021-12-25,14.39,20.82,8.35,55.11,0.0,0.66,10.23,98.79,63.89,4.99,PNJ,29.39,76.96,semi_arid_subtropical,NASA_POWER_daily_ag,1.471,3.931,0.8717,dewpoint,263.1,20.107
2021-12-26,12.3,16.69,9.44,71.97,0.76,1.22,3.81,99.02,94.24,7.33,PNJ,29.39,76.96,semi_arid_subtropical,NASA_POWER_daily_ag,1.166,3.009,1.0248,dewpoint,239.0,20.13
2021-12-27,13.66,20.32,9.28,69.15,0.79,1.09,11.75,99.11,34.75,7.67,PNJ,29.39,76.96,semi_arid_subtropical,NASA_POWER_daily_ag,1.565,4.445,1.0489,dewpoint,229.6,20.157
2021-12-28,13.55,20.79,9.11,61.6,0.01,0.82,9.94,99.0,53.79,5.93,PNJ,29.39,76.96,semi_arid_subtropical,NASA_POWER_daily_ag,1.453,3.971,0.9306,dewpoint,241.1,20.188
2021-12-29,11.77,20.18,6.57,61.13,0.4,1.93,12.56,99.06,5.72,3.9,PNJ,29.39,76.96,semi_arid_subtropical,NASA_POWER_daily_ag,1.944,4.266,0.8076,dewpoint,234.9,20.224
2021-12-30,10.77,18.23,4.7,48.92,0.0,0.96,11.38,99.51,41.49,-0.26,PNJ,29.39,76.96,semi_arid_subtropical,NASA_POWER_daily_ag,1.583,3.858,0.5993,dewpoint,187.9,20.263
2021-12-31,10.85,19.32,5.6,57.35,0.0,1.51,13.03,99.45,23.97,2.2,PNJ,29.39,76.96,semi_arid_subtropical,NASA_POWER_daily_ag,1.792,4.237,0.7158,dewpoint,194.1,20.307
2022-01-01,12.01,19.61,6.66,55.28,0.0,1.2,12.02,99.34,22.56,2.82,PNJ,29.39,76.96,semi_arid_subtropical,NASA_POWER_daily_ag,1.727,4.141,0.7481,dewpoint,205.6,20.355
2022-01-02,11.9,20.1,6.4,55.46,0.0,1.46,11.28,99.18,29.43,2.7,PNJ,29.39,76.96,semi_arid_subtropical,NASA_POWER_daily_ag,1.835,4.043,0.7418,dewpoint,222.3,20.407
2022-01-03,11.84,19.94,6.9,57.77,0.0,1.24,13.31,98.98,56.89,3.44,PNJ,29.39,76.96,semi_arid_subtropical,NASA_POWER_daily_ag,1.735,4.415,0.7818,dewpoint,243.2,20.463
2022-01-04,14.2,22.71,8.15,56.65,0.0,1.34,7.68,98.91,96.28,5.2,PNJ,29.39,76.96,semi_arid_subtropical,NASA_POWER_daily_ag,1.789,3.644,0.8846,dewpoint,250.6,20.523
2022-01-05,12.01,13.2,10.89,84.41,12.0,2.4,2.98,98.84,99.74,9.43,PNJ,29.39,76.96,semi_arid_subtropical,NASA_POWER_daily_ag,1.029,2.85,1.1818,dewpoint,257.9,20.587
2022-01-06,13.34,18.39,10.41,86.5,1.04,3.0,7.67,98.84,81.1,10.96,PNJ,29.39,76.96,semi_arid_subtropical,NASA_POWER_daily_ag,1.295,4.012,1.3092,dewpoint,257.9,20.655
2022-01-07,14.48,18.97,11.3,88.59,2.62,3.52,7.06,98.81,94.07,12.52,PNJ,29.39,76.96,semi_arid_subtropical,NASA_POWER_daily_ag,1.252,3.932,1.4514,dewpoint,261.0,20.727
2022-01-08,14.68,17.45,12.9,92.36,26.72,4.17,3.36,98.7,96.4,13.45,PNJ,29.39,76.96,semi_arid_subtropical,NASA_POWER_daily_ag,0.896,2.933,1.5424,dewpoint,272.6,20.803
2022-01-09,13.83,18.15,10.2,88.66,25.23,1.35,3.15,98.7,86.0,11.91,PNJ,29.39,76.96,semi_arid_subtropical,NASA_POWER_daily_ag,0.873,2.896,1.3943,dewpoint,272.6,20.883
2022-01-10,11.2,17.06,6.94,79.61,1.17,1.46,10.06,98.95,52.7,7.48,PNJ,29.39,76.96,semi_arid_subtropical,NASA_POWER_daily_ag,1.346,4.486,1.0354,dewpoint,246.4,20.966
2022-01-11,10.41,18.17,4.58,79.12,0.85,1.39,4.94,98.96,95.34,6.56,PNJ,29.39,76.96,semi_arid_subtropical,NASA_POWER_daily_ag,1.101,3.351,0.972,dewpoint,245.3,21.054
2022-01-12,10.7,17.81,4.35,80.41,0.01,1.19,6.17,98.9,90.63,7.21,PNJ,29.39,76.96,semi_arid_subtropical,NASA_POWER_daily_ag,1.095,3.654,1.0164,dewpoint,251.6,21.145
2022-01-13,11.7,17.2,5.71,76.93,0.0,0.98,6.26,98.93,79.5,7.55,PNJ,29.39,76.96,semi_arid_subtropical,NASA_POWER_daily_ag,1.149,3.694,1.0403,dewpoint,248.5,21.241
2022-01-14,11.81,17.75,7.22,78.9,0.0,1.13,7.56,99.0,79.48,7.98,PNJ,29.39,76.96,semi_arid_subtropical,NASA_POWER_daily_ag,1.224,4.011,1.0713,dewpoint,241.1,21.339
2022-01-15,10.31,18.35,3.82,78.79,0.0,1.46,6.65,99.12,99.4,6.54,PNJ,29.39,76.96,semi_arid_subtropical,NASA_POWER_daily_ag,1.185,3.79,0.9706,dewpoint,228.6,21.442
2022-01-16,10.54,17.02,4.42,70.02,0.0,1.58,6.37,99.19,94.49,4.82,PNJ,29.39,76.96,semi_arid_subtropical,NASA_POWER_daily_ag,1.42,3.704,0.8614,dewpoint,221.3,21.548
2022-01-17,9.64,15.16,5.01,68.42,0.0,1.07,7.21,99.29,85.26,3.94,PNJ,29.39,76.96,semi_arid_subtropical,NASA_POWER_daily_ag,1.262,3.888,0.8098,dewpoint,210.8,21.658
2022-01-18,10.05,18.96,3.62,74.99,0.0,1.89,7.75,99.03,82.19,5.43,PNJ,29.39,76.96,semi_arid_subtropical,NASA_POWER_daily_ag,1.407,4.052,0.8988,dewpoint,238.0,21.771
2022-01-19,10.03,16.07,5.89,80.21,0.1,1.11,6.98,98.78,93.84,6.54,PNJ,29.39,76.96,semi_arid_subtropical,NASA_POWER_daily_ag,1.117,3.951,0.9706,dewpoint,264.2,21.888
2022-01-20,12.47,18.38,6.96,80.18,0.89,0.77,4.67,98.37,80.7,8.84,PNJ,29.39,76.96,semi_arid_subtropical,NASA_POWER_daily_ag,1.024,3.415,1.1357,dewpoint,307.2,22.009
2022-01-21,12.84,19.04,8.48,79.8,0.19,0.99,8.37,98.39,81.59,9.09,PNJ,29.39,76.96,semi_arid_subtropical,NASA_POWER_daily_ag,1.304,4.392,1.1551,dewpoint,305.1,22.132
2022-01-22,10.73,13.15,8.15,89.46,14.66,4.75,2.37,97.95,98.55,9.05,PNJ,29.39,76.96,semi_arid_subtropical,NASA_POWER_daily_ag,0.908,2.792,1.1519,dewpoint,351.5,22.259
2022-01-23,11.59,15.3,9.63,83.96,15.19,1.76,4.82,98.18,84.55,8.87,PNJ,29.39,76.96,semi_arid_subtropical,NASA_POWER_daily_ag,1.086,3.499,1.138,dewpoint,327.2,22.39
2022-01-24,10.55,15.4,6.36,80.76,0.39,1.03,6.55,98.57,68.84,7.15,PNJ,29.39,76.96,semi_arid_subtropical,NASA_POWER_daily_ag,1.116,3.965,1.0122,dewpoint,286.2,22.523
2022-01-25,9.71,15.44,5.12,86.65,0.23,1.29,6.2,98.65,74.53,7.64,PNJ,29.39,76.96,semi_arid_subtropical,NASA_POWER_daily_ag,0.978,3.908,1.0467,dewpoint,277.8,22.66
2022-01-26,9.61,15.86,5.66,83.91,0.22,1.72,8.99,98.75,61.15,6.92,PNJ,29.39,76.96,semi_arid_subtropical,NASA_POWER_daily_ag,1.217,4.655,0.9964,dewpoint,267.3,22.8
2022-01-27,9.74,18.1,3.99,75.64,0.0,2.46,14.06,98.83,24.78,5.13,PNJ,29.39,76.96,semi_arid_subtropical,NASA_POWER_daily_ag,1.789,5.832,0.8803,dewpoint,258.9,22.943
2022-01-28,9.61,18.5,3.38,71.36,0.0,2.72,13.19,98.82,0.36,4.07,PNJ,29.39,76.96,semi_arid_subtropical,NASA_POWER_daily_ag,1.924,5.561,0.8173,dewpoint,260.0,23.088
2022-01-29,10.7,19.77,4.02,69.4,0.0,1.89,15.39,98.84,0.77,4.74,PNJ,29.39,76.96,semi_arid_subtropical,NASA_POWER_daily_ag,1.985,6.143,0.8566,dewpoint,257.9,23.237
2022-01-30,12.15,20.96,6.42,71.16,0.0,2.73,14.74,98.42,12.29,6.66,PNJ,29.39,76.96,semi_arid_subtropical,NASA_POWER_daily_ag,2.19,6.144,0.9787,dewpoint,302.0,23.389
2022-01-31,14.39,22.27,7.87,60.93,0.0,0.92,12.28,98.36,23.88,6.32,PNJ,29.39,76.96,semi_arid_subtropical,NASA_POWER_daily_ag,1.899,5.446,0.956,dewpoint,308.3,23.543
2022-02-01,13.51,21.29,8.08,63.4,0.0,1.63,9.09,98.32,80.1,6.32,PNJ,29.39,76.96,semi_arid_subtropical,NASA_POWER_daily_ag,1.936,4.704,0.956,dewpoint,312.5,23.7
2022-02-02,12.46,20.52,5.21,70.75,0.0,1.67,11.05,98.26,92.22,6.56,PNJ,29.39,76.96,semi_arid_subtropical,NASA_POWER_daily_ag,1.873,5.336,0.972,dewpoint,318.8,23.86
2022-02-03,11.14,14.51,9.18,82.58,14.45,3.47,5.13,97.95,97.57,8.16,PNJ,29.39,76.96,semi_arid_subtropical,NASA_POWER_daily_ag,1.335,3.756,1.0845,dewpoint,351.5,24.022
2022-02-04,10.99,15.81,7.43,82.51,1.43,1.38,10.59,98.18,63.04,7.96,PNJ,29.39,76.96,semi_arid_subtropical,NASA_POWER_daily_ag,1.433,5.436,1.0698,dewpoint,327.2,24.187
2022-02-05,11.2,18.54,4.6,76.36,0.0,1.48,15.34,98.55,30.56,6.99,PNJ,29.39,76.96,semi_arid_subtropical,NASA_POWER_daily_ag,1.852,6.8,1.0012,dewpoint,288.3,24.354
2022-02-06,12.43,19.55,6.02,65.74,0.0,1.09,15.01,98.77,43.31,5.5,PNJ,29.39,76.96,semi_arid_subtropical,NASA_POWER_daily_ag,2.018,6.494,0.9032,dewpoint,265.2,24.524
2022-02-07,13.13,21.21,6.66,69.22,0.0,1.18,13.74,98.72,56.76,7.07,PNJ,29.39,76.96,semi_arid_subtropical,NASA_POWER_daily_ag,1.97,6.281,1.0067,dewpoint,270.5,24.695
2022-02-08,14.81,21.78,9.34,69.14,0.24,1.09,13.56,98.56,46.07,8.88,PNJ,29.39,76.96,semi_arid_subtropical,NASA_POWER_daily_ag,2.039,6.378,1.1388,dewpoint,287.3,24.869
2022-02-09,12.52,16.42,9.7,75.47,5.68,1.68,11.12,98.74,52.3,8.24,PNJ,29.39,76.96,semi_arid_subtropical,NASA_POWER_daily_ag,1.755,5.732,1.0904,dewpoint,268.4,25.045
2022-02-10,12.19,20.59,6.08,72.02,0.0,2.2,16.94,98.92,9.34,6.72,PNJ,29.39,76.96,semi_arid_subtropical,NASA_POWER_daily_ag,2.306,7.367,0.9828,dewpoint,249.5,25.223
2022-02-11,11.4,20.02,5.25,68.61,0.0,2.7,18.31,98.76,0.17,5.25,PNJ,29.39,76.96,semi_arid_subtropical,NASA_POWER_daily_ag,2.501,7.687,0.8877,dewpoint,266.3,25.403
2022-02-12,12.13,21.61,4.63,65.19,0.0,2.2,18.44,98.61,0.18,5.12,PNJ,29.39,76.96,semi_arid_subtropical,NASA_POWER_daily_ag,2.585,7.72,0.8796,dewpoint,282.0,25.585
2022-02-13,15.12,22.22,8.95,52.37,0.0,0.89,17.5,98.55,0.69,4.9,PNJ,29.39,76.96,semi_arid_subtropical,NASA_POWER_daily_ag,2.47,7.287,0.8662,dewpoint,288.3,25.768
2022-02-14,15.36,22.44,7.96,53.33,0.0,0.94,16.44,98.56,1.02,5.55,PNJ,29.39,76.96,semi_arid_subtropical,NASA_POWER_daily_ag,2.461,7.161,0.9064,dewpoint,287.3,25.954
2022-02-15,15.46,23.53,7.92,59.83,0.0,1.0,16.75,98.57,1.06,7.17,PNJ,29.39,76.96,semi_arid_subtropical,NASA_POWER_daily_ag,2.471,7.473,1.0136,dewpoint,286.2,26.14
2022-02-16,15.18,23.19,9.85,64.94,0.0,1.69,17.33,98.36,6.35,8.16,PNJ,29.39,76.96,semi_arid_subtropical,NASA_POWER_daily_ag,2.683,7.794,1.0845,dewpoint,308.3,26.329
2022-02-17,15.46,24.53,9.08,64.65,0.0,1.57,18.2,98.3,5.5,7.83,PNJ,29.39,76.96,semi_arid_subtropical,NASA_POWER_daily_ag,2.784,8.049,1.0604,dewpoint,314.6,26.518
2022-02-18,15.45,24.95,8.72,59.16,0.0,1.64,18.02,98.44,12.02,6.73,PNJ,29.39,76.96,semi_arid_subtropical,NASA_POWER_daily_ag,2.893,7.885,0.9834,dewpoint,299.9,26.709
2022-02-19,15.3,23.71,9.31,59.29,0.0,2.27,17.89,98.57,1.13,6.7,PNJ,29.39,76.96,semi_arid_subtropical,NASA_POWER_daily_ag,3.13,7.931,0.9814,dewpoint,286.2,26.902
2022-02-20,14.33,23.11,7.73,61.34,0.0,2.83,18.31,98.04,0.16,6.28,PNJ,29.39,76.96,semi_arid_subtropical,NASA_POWER_daily_ag,3.188,8.16,0.9534,dewpoint,342.0,27.095
2022-02-21,15.55,24.74,6.42,52.39,0.0,1.48,19.38,98.03,12.16,4.35,PNJ,29.39,76.96,semi_arid_subtropical,NASA_POWER_daily_ag,3.135,8.254,0.8335,dewpoint,343.0,27.29
2022-02-22,16.06,25.14,8.42,58.01,0.02,4.12,17.5,98.23,56.61,7.13,PNJ,29.39,76.96,semi_arid_subtropical,NASA_POWER_daily_ag,3.891,8.019,1.0108,dewpoint,321.9,27.485
2022-02-23,16.38,22.87,12.03,63.07,0.05,3.14,14.98,98.63,60.3,8.99,PNJ,29.39,76.96,semi_arid_subtropical,NASA_POWER_daily_ag,3.217,7.426,1.1473,dewpoint,279.9,27.681
2022-02-24,16.93,24.61,10.3,65.26,0.33,1.18,13.54,98.81,45.48,9.66,PNJ,29.39,76.96,semi_arid_subtropical,NASA_POWER_daily_ag,2.455,7.031,1.2003,dewpoint,261.0,27.878
2022-02-25,17.44,25.69,10.51,62.52,1.25,1.71,15.36,98.81,66.18,9.31,PNJ,29.39,76.96,semi_arid_subtropical,NASA_POWER_daily_ag,2.949,7.635,1.1723,dewpoint,261.0,28.076
2022-02-26,15.63,22.08,10.57,70.17,5.5,3.47,14.81,98.88,71.64,9.82,PNJ,29.39,76.96,semi_arid_subtropical,NASA_POWER_daily_ag,2.937,7.643,1.2132,dewpoint,253.7,28.275
2022-02-27,15.89,24.04,9.84,66.97,0.0,1.97,20.14,99.04,7.27,9.06,PNJ,29.39,76.96,semi_arid_subtropical,NASA_POWER_daily_ag,3.147,9.458,1.1527,dewpoint,236.9,28.473
2022-02-28,15.33,24.95,7.83,60.54,0.0,2.19,21.09,98.86,27.59,6.62,PNJ,29.39,76.96,semi_arid_subtropical,NASA_POWER_daily_ag,3.432,9.496,0.976,dewpoint,255.8,28.673
2022-03-01,16.99,26.03,9.35,55.4,0.0,1.48,19.13,98.85,13.61,7.07,PNJ,29.39,76.96,semi_arid_subtropical,NASA_POWER_daily_ag,3.27,8.859,1.0067,dewpoint,256.8,28.872
2022-03-02,18.91,26.23,11.55,53.0,0.0,1.24,19.88,98.84,34.0,8.37,PNJ,29.39,76.96,semi_arid_subtropical,NASA_POWER_daily_ag,3.432,9.274,1.1001,dewpoint,257.9,29.072
2022-03-03,19.66,27.72,12.81,55.01,0.0,1.23,16.83,98.72,57.5,9.54,PNJ,29.39,76.96,semi_arid_subtropical,NASA_POWER_daily_ag,3.214,8.331,1.1906,dewpoint,270.5,29.272
2022-03-04,17.95,25.61,12.37,66.87,0.0,2.45,19.2,98.83,27.3,10.98,PNJ,29.39,76.96,semi_arid_subtropical,NASA_POWER_daily_ag,3.504,9.539,1.311,dewpoint,258.9,29.472
2022-03-05,17.91,27.72,9.9,61.73,0.0,2.26,21.31,98.65,37.53,9.32,PNJ,29.39,76.96,semi_arid_subtropical,NASA_POWER_daily_ag,3.818,10.111,1.1731,dewpoint,277.8,29.672
2022-03-06,20.05,27.2,13.05,51.06,0.0,1.17,15.56,98.53,97.11,8.9,PNJ,29.39,76.96,semi_arid_subtropical,NASA_POWER_daily_ag,3.189,7.956,1.1403,dewpoint,290.4,29.872
2022-03-07,20.74,28.72,14.33,49.78,0.0,0.92,18.18,98.7,51.76,9.15,PNJ,29.39,76.96,semi_arid_subtropical,NASA_POWER_daily_ag,3.308,8.87,1.1597,dewpoint,272.6,30.072
2022-03-08,20.73,30.18,14.55,50.6,0.0,1.85,20.53,98.63,6.98,9.31,PNJ,29.39,76.96,semi_arid_subtropical,NASA_POWER_daily_ag,4.157,9.711,1.1723,dewpoint,279.9,30.272
2022-03-09,20.79,30.02,13.83,48.44,0.0,2.45,21.04,98.51,21.65,8.42,PNJ,29.39,76.96,semi_arid_subtropical,NASA_POWER_daily_ag,4.687,9.838,1.1038,dewpoint,292.5,30.471
2022-03-10,21.12,29.72,13.88,51.23,0.0,2.54,20.81,98.47,21.95,9.79,PNJ,29.39,76.96,semi_arid_subtropical,NASA_POWER_daily_ag,4.675,10.051,1.2108,dewpoint,296.7,30.67
2022-03-11,21.07,30.78,13.36,52.8,0.0,2.33,21.59,98.49,1.36,9.79,PNJ,29.39,76.96,semi_arid_subtropical,NASA_POWER_daily_ag,4.615,10.364,1.2108,dewpoint,294.6,30.868
2022-03-12,21.15,31.3,12.11,50.98,0.0,2.16,21.24,98.34,18.68,9.65,PNJ,29.39,76.96,semi_arid_subtropical,NASA_POWER_daily_ag,4.536,10.293,1.1995,dewpoint,310.4,31.065
2022-03-13,23.47,32.89,15.74,49.3,0.0,1.95,20.66,98.3,8.29,11.31,PNJ,29.39,76.96,semi_arid_subtropical,NASA_POWER_daily_ag,4.686,10.212,1.34,dewpoint,314.6,31.262
2022-03-14,24.92,33.58,17.67,49.3,0.0,1.41,21.19,98.25,15.98,12.82,PNJ,29.39,76.96,semi_arid_subtropical,NASA_POWER_daily_ag,4.503,10.642,1.4802,dewpoint,319.8,31.458
2022-03-15,25.8,35.6,19.05,49.18,0.0,2.08,20.3,98.01,35.37,13.26,PNJ,29.39,76.96,semi_arid_subtropical,NASA_POWER_daily_ag,5.069,10.301,1.5234,dewpoint,345.1,31.654
2022-03-16,25.54,36.6,16.4,48.23,0.0,2.91,21.86,97.76,18.59,11.98,PNJ,29.39,76.96,semi_arid_subtropical,NASA_POWER_daily_ag,5.936,10.773,1.4007,dewpoint,371.5,31.848
2022-03-17,25.49,35.3,17.5,49.84,0.0,1.2,20.61,97.9,19.06,13.26,PNJ,29.39,76.96,semi_arid_subtropical,NASA_POWER_daily_ag,4.365,10.581,1.5234,dewpoint,356.7,32.041
2022-03-18,27.23,35.84,19.65,52.5,0.0,1.83,18.9,98.0,36.41,15.76,PNJ,29.39,76.96,semi_arid_subtropical,NASA_POWER_daily_ag,4.847,10.265,1.7906,dewpoint,346.2,32.233
2022-03-19,28.24,36.57,19.38,43.17,0.0,1.25,18.51,97.8,22.03,13.07,PNJ,29.39,76.96,semi_arid_subtropical,NASA_POWER_daily_ag,4.588,9.701,1.5046,dewpoint,367.3,32.424
2022-03-20,29.05,37.65,19.42,35.12,0.0,0.92,20.75,97.65,33.06,10.83,PNJ,29.39,76.96,semi_arid_subtropical,NASA_POWER_daily_ag,4.569,10.201,1.298,dewpoint,383.1,32.614
2022-03-21,28.1,36.68,21.99,35.7,0.0,1.74,21.52,97.88,24.26,10.65,PNJ,29.39,76.96,semi_arid_subtropical,NASA_POWER_daily_ag,5.528,10.443,1.2825,dewpoint,358.8,32.803
2022-03-22,26.24,36.3,18.46,38.83,0.0,3.16,22.18,97.93,22.57,9.33,PNJ,29.39,76.96,semi_arid_subtropical,NASA_POWER_daily_ag,6.714,10.65,1.1739,dewpoint,353.6,32.99
2022-03-23,27.32,36.85,17.52,31.67,0.0,1.59,20.95,97.93,45.27,6.99,PNJ,29.39,76.96,semi_arid_subtropical,NASA_POWER_daily_ag,5.355,9.903,1.0012,dewpoint,353.6,33.176
2022-03-24,26.82,35.48,18.61,34.46,0.0,1.17,21.38,97.75,13.26,8.64,PNJ,29.39,76.96,semi_arid_subtropical,NASA_POWER_daily_ag,4.789,10.383,1.1204,dewpoint,372.6,33.36
2022-03-25,25.93,36.26,17.84,34.55,0.0,2.67,22.86,97.88,27.55,7.21,PNJ,29.39,76.96,semi_arid_subtropical,NASA_POWER_daily_ag,6.472,10.712,1.0164,dewpoint,358.8,33.543
2022-03-26,25.68,36.34,16.99,32.33,0.0,3.32,24.52,98.04,13.51,5.72,PNJ,29.39,76.96,semi_arid_subtropical,NASA_POWER_daily_ag,7.296,11.106,0.9171,dewpoint,342.0,33.724
2022-03-27,26.78,38.2,15.77,29.5,0.0,2.46,23.87,98.03,16.26,5.19,PNJ,29.39,76.96,semi_arid_subtropical,NASA_POWER_daily_ag,6.679,10.807,0.8839,dewpoint,343.0,33.904
2022-03-28,28.46,38.44,20.26,25.05,0.0,1.34,22.74,97.97,32.87,4.76,PNJ,29.39,76.96,semi_arid_subtropical,NASA_POWER_daily_ag,5.396,10.217,0.8578,dewpoint,349.3,34.082
2022-03-29,28.81,40.16,19.54,27.04,0.0,1.91,23.73,97.76,25.07,5.67,PNJ,29.39,76.96,semi_arid_subtropical,NASA_POWER_daily_ag,6.323,10.682,0.914,dewpoint,371.5,34.258
2022-03-30,29.37,39.85,19.78,24.75,0.0,1.19,23.35,97.79,32.26,5.14,PNJ,29.39,76.96,semi_arid_subtropical,NASA_POWER_daily_ag,5.358,10.53,0.8809,dewpoint,368.3,34.432
2022-03-31,28.66,39.87,18.89,26.98,0.0,1.38,22.56,97.88,33.7,6.04,PNJ,29.39,76.96,semi_arid_subtropical,NASA_POWER_daily_ag,5.496,10.5,0.9377,dewpoint,358.8,34.604
2022-04-01,28.03,38.47,18.66,25.47,0.0,2.38,25.32,97.9,4.3,3.59,PNJ,29.39,76.96,semi_arid_subtropical,NASA_POWER_daily_ag,7.066,11.137,0.7901,dewpoint,356.7,34.775
2022-04-02,29.11,39.27,20.98,21.88,0.0,1.18,25.34,98.03,3.06,2.88,PNJ,29.39,76.96,semi_arid_subtropical,NASA_POWER_daily_ag,5.515,10.908,0.7513,dewpoint,343.0,34.943
2022-04-03,28.85,40.06,17.63,21.75,0.0,1.51,25.11,97.95,9.72,2.51,PNJ,29.39,76.96,semi_arid_subtropical,NASA_POWER_daily_ag,6.021,10.954,0.7318,dewpoint,351.5,35.11
2022-04-04,29.24,39.55,20.99,20.11,0.0,2.14,25.24,97.93,2.7,1.89,PNJ,29.39,76.96,semi_arid_subtropical,NASA_POWER_daily_ag,7.002,10.81,0.7001,dewpoint,353.6,35.274
2022-04-05,28.64,39.85,19.06,22.94,0.0,2.15,23.08,98.21,45.98,2.82,PNJ,29.39,76.96,semi_arid_subtropical,NASA_POWER_daily_ag,6.744,10.408,0.7481,dewpoint,324.1,35.437
2022-04-06,29.51,40.44,19.72,23.05,0.0,2.1,25.47,98.2,3.7,3.6,PNJ,29.39,76.96,semi_arid_subtropical,NASA_POWER_daily_ag,7.02,11.273,0.7906,dewpoint,325.1,35.597
2022-04-07,30.17,40.97,21.41,24.64,0.0,1.96,23.56,98.12,4.69,5.47,PNJ,29.39,76.96,semi_arid_subtropical,NASA_POWER_daily_ag,6.71,10.904,0.9013,dewpoint,333.5,35.755
2022-04-08,31.14,42.07,22.47,22.18,0.0,1.74,23.4,97.86,12.96,4.61,PNJ,29.39,76.96,semi_arid_subtropical,NASA_POWER_daily_ag,6.517,10.664,0.8488,dewpoint,361.0,35.911
2022-04-09,32.3,42.57,24.3,20.88,0.0,1.81,23.51,97.7,32.71,5.05,PNJ,29.39,76.96,semi_arid_subtropical,NASA_POWER_daily_ag,6.792,10.713,0.8754,dewpoint,377.9,36.064
2022-04-10,32.16,42.26,24.89,20.37,0.0,1.91,23.94,97.62,34.01,4.71,PNJ,29.39,76.96,semi_arid_subtropical,NASA_POWER_daily_ag,6.983,10.833,0.8548,dewpoint,386.3,36.216
2022-04-11,32.9,42.6,23.01,21.6,0.0,1.68,23.57,97.57,51.47,6.14,PNJ,29.39,76.96,semi_arid_subtropical,NASA_POWER_daily_ag,6.709,11.054,0.9442,dewpoint,391.6,36.365
2022-04-12,33.22,40.49,27.68,19.71,0.0,1.05,16.24,97.55,78.25,5.94,PNJ,29.39,76.96,semi_arid_subtropical,NASA_POWER_daily_ag,4.893,8.535,0.9312,dewpoint,393.7,36.512
2022-04-13,31.39,40.71,21.85,21.49,0.0,1.99,22.61,97.51,55.1,5.21,PNJ,29.39,76.96,semi_arid_subtropical,NASA_POWER_daily_ag,6.941,10.805,0.8852,dewpoint,398.0,36.656
2022-04-14,31.12,41.02,22.25,20.54,0.05,1.85,22.69,97.46,62.74,4.53,PNJ,29.39,76.96,semi_arid_subtropical,NASA_POWER_daily_ag,6.705,10.742,0.8441,dewpoint,403.2,36.798
2022-04-15,30.18,39.35,20.94,22.96,0.05,1.57,24.62,97.5,32.02,4.82,PNJ,29.39,76.96,semi_arid_subtropical,NASA_POWER_daily_ag,6.375,11.621,0.8614,dewpoint,399.0,36.938
2022-04-16,31.2,40.72,22.24,19.91,0.0,1.6,25.13,97.45,30.6,3.6,PNJ,29.39,76.96,semi_arid_subtropical,NASA_POWER_daily_ag,6.597,11.507,0.7906,dewpoint,404.3,37.075
2022-04-17,31.43,41.05,21.63,19.64,0.0,1.38,24.61,97.57,40.61,3.7,PNJ,29.39,76.96,semi_arid_subtropical,NASA_POWER_daily_ag,6.233,11.396,0.7962,dewpoint,391.6,37.21
2022-04-18,32.78,42.94,22.24,18.19,0.0,2.07,24.81,97.72,19.32,3.41,PNJ,29.39,76.96,semi_arid_subtropical,NASA_POWER_daily_ag,7.56,11.319,0.7801,dewpoint,375.7,37.343
2022-04-19,33.93,43.25,25.07,17.16,0.0,2.24,21.78,97.87,56.21,4.4,PNJ,29.39,76.96,semi_arid_subtropical,NASA_POWER_daily_ag,7.704,10.376,0.8364,dewpoint,359.9,37.473
2022-04-20,33.95,42.44,25.54,18.74,0.0,2.96,23.67,97.72,49.79,5.93,PNJ,29.39,76.96,semi_arid_subtropical,NASA_POWER_daily_ag,8.989,11.291,0.9306,dewpoint,375.7,37.6
2022-04-21,30.15,34.99,24.99,30.94,0.1,2.15,9.03,97.9,85.94,10.58,PNJ,29.39,76.96,semi_arid_subtropical,NASA_POWER_daily_ag,5.269,6.374,1.2765,dewpoint,356.7,37.726
2022-04-22,30.65,39.36,23.06,27.8,0.16,1.64,23.66,98.0,50.22,7.35,PNJ,29.39,76.96,semi_arid_subtropical,NASA_POWER_daily_ag,6.465,11.812,1.0262,dewpoint,346.2,37.848
2022-04-23,31.48,40.55,22.49,20.04,0.0,2.33,25.19,97.95,33.74,4.28,PNJ,29.39,76.96,semi_arid_subtropical,NASA_POWER_daily_ag,7.839,11.877,0.8294,dewpoint,351.5,37.969
2022-04-24,31.88,40.92,22.8,18.98,0.0,3.46,25.9,97.75,30.48,3.91,PNJ,29.39,76.96,semi_arid_subtropical,NASA_POWER_daily_ag,9.58,12.067,0.8081,dewpoint,372.6,38.086
2022-04-25,33.08,41.86,23.83,17.46,0.0,2.59,22.48,97.63,51.16,4.46,PNJ,29.39,76.96,semi_arid_subtropical,NASA_POWER_daily_ag,8.252,10.92,0.84,dewpoint,385.3,38.202
2022-04-26,33.85,42.09,26.28,15.85,0.0,2.32,24.23,97.7,44.6,3.56,PNJ,29.39,76.96,semi_arid_subtropical,NASA_POWER_daily_ag,8.138,11.297,0.7884,dewpoint,377.9,38.315
2022-04-27,33.7,43.47,23.84,14.15,0.0,2.58,26.56,97.63,3.74,0.94,PNJ,29.39,76.96,semi_arid_subtropical,NASA_POWER_daily_ag,8.808,11.712,0.6539,dewpoint,385.3,38.425
2022-04-28,35.44,45.27,25.89,11.87,0.0,1.69,24.01,97.62,39.03,0.53,PNJ,29.39,76.96,semi_arid_subtropical,NASA_POWER_daily_ag,7.215,10.706,0.6348,dewpoint,386.3,38.533
2022-04-29,36.1,45.78,27.67,13.44,0.0,2.51,22.56,97.56,42.03,2.76,PNJ,29.39,76.96,semi_arid_subtropical,NASA_POWER_daily_ag,8.67,10.498,0.745,dewpoint,392.7,38.639
2022-04-30,35.94,45.32,26.94,12.65,0.0,1.97,24.49,97.31,38.63,1.5,PNJ,29.39,76.96,semi_arid_subtropical,NASA_POWER_daily_ag,7.865,11.007,0.6808,dewpoint,419.1,38.742
2022-05-01,35.36,43.78,27.23,13.14,0.0,2.71,24.89,97.24,32.0,2.34,PNJ,29.39,76.96,semi_arid_subtropical,NASA_POWER_daily_ag,9.148,11.359,0.723,dewpoint,426.6,38.842
2022-05-02,34.69,42.97,26.4,19.42,0.01,3.32,23.05,97.32,25.17,7.22,PNJ,29.39,76.96,semi_arid_subtropical,NASA_POWER_daily_ag,9.638,11.561,1.0171,dewpoint,418.1,38.941
2022-05-03,34.17,41.64,26.73,22.18,0.0,2.02,19.22,97.53,64.09,8.62,PNJ,29.39,76.96,semi_arid_subtropical,NASA_POWER_daily_ag,7.093,10.359,1.1189,dewpoint,395.8,39.036
2022-05-04,33.95,42.07,26.62,31.93,12.41,2.13,18.44,97.75,58.67,12.46,PNJ,29.39,76.96,semi_arid_subtropical,NASA_POWER_daily_ag,6.949,10.498,1.4457,dewpoint,372.6,39.13
2022-05-05,31.1,37.75,24.21,44.76,2.18,1.56,22.62,97.81,21.11,16.23,PNJ,29.39,76.96,semi_arid_subtropical,NASA_POWER_daily_ag,6.116,13.143,1.8452,dewpoint,366.2,39.221
2022-05-06,33.02,39.61,26.44,34.58,0.0,1.47,21.34,97.73,23.32,14.37,PNJ,29.39,76.96,semi_arid_subtropical,NASA_POWER_daily_ag,6.196,12.14,1.6374,dewpoint,374.7,39.309
2022-05-07,33.95,40.33,27.09,28.88,0.0,1.1,24.97,97.73,8.77,12.17,PNJ,29.39,76.96,semi_arid_subtropical,NASA_POWER_daily_ag,6.296,13.337,1.4184,dewpoint,374.7,39.395
2022-05-08,33.9,41.49,26.05,26.04,0.03,1.26,24.66,97.53,15.21,10.56,PNJ,29.39,76.96,semi_arid_subtropical,NASA_POWER_daily_ag,6.497,12.928,1.2748,dewpoint,395.8,39.479
2022-05-09,33.12,40.88,25.3,30.77,0.0,2.25,22.91,97.53,24.89,12.82,PNJ,29.39,76.96,semi_arid_subtropical,NASA_POWER_daily_ag,7.534,12.634,1.4802,dewpoint,395.8,39.561
2022-05-10,33.84,41.22,26.64,34.63,0.04,2.17,21.68,97.53,50.79,15.24,PNJ,29.39,76.96,semi_arid_subtropical,NASA_POWER_daily_ag,7.263,12.44,1.7319,dewpoint,395.8,39.64
2022-05-11,34.92,42.15,27.15,33.89,0.4,1.74,21.88,97.35,17.28,15.91,PNJ,29.39,76.96,semi_arid_subtropical,NASA_POWER_daily_ag,6.887,12.619,1.8079,dewpoint,414.9,39.717
2022-05-12,36.81,44.33,28.86,26.76,0.0,1.66,23.19,97.17,38.02,12.78,PNJ,29.39,76.96,semi_arid_subtropical,NASA_POWER_daily_ag,7.303,12.568,1.4764,dewpoint,434.0,39.791
2022-05-13,36.52,45.06,27.88,20.38,0.12,2.33,25.67,96.92,33.73,8.9,PNJ,29.39,76.96,semi_arid_subtropical,NASA_POWER_daily_ag,8.743,12.909,1.1403,dewpoint,460.6,39.863
2022-05-14,36.7,46.5,26.27,12.62,0.0,3.0,28.01,96.93,17.21,1.5,PNJ,29.39,76.96,semi_arid_subtropical,NASA_POWER_daily_ag,10.268,12.442,0.6808,dewpoint,459.5,39.933
2022-05-15,37.04,46.81,28.03,12.01,0.0,2.19,25.66,97.07,57.79,1.78,PNJ,29.39,76.96,semi_arid_subtropical,NASA_POWER_daily_ag,8.623,11.654,0.6946,dewpoint,444.6,40.001
2022-05-16,36.56,44.19,28.56,14.76,0.0,2.6,17.62,97.12,80.39,4.79,PNJ,29.39,76.96,semi_arid_subtropical,NASA_POWER_daily_ag,8.464,9.461,0.8596,dewpoint,439.3,40.067
2022-05-17,35.97,42.87,28.9,17.51,0.06,1.72,20.69,97.17,70.83,6.87,PNJ,29.39,76.96,semi_arid_subtropical,NASA_POWER_daily_ag,7.097,10.828,0.993,dewpoint,434.0,40.13
2022-05-18,36.78,43.8,29.11,16.83,0.04,1.92,22.84,97.35,38.97,6.84,PNJ,29.39,76.96,semi_arid_subtropical,NASA_POWER_daily_ag,7.816,11.585,0.9909,dewpoint,414.9,40.191
2022-05-19,37.7,44.92,30.09,16.19,0.57,1.75,24.13,97.29,47.7,7.05,PNJ,29.39,76.96,semi_arid_subtropical,NASA_POWER_daily_ag,7.757,12.02,1.0053,dewpoint,421.3,40.25
2022-05-20,38.39,46.15,31.27,14.96,0.0,2.44,23.06,97.0,68.28,6.36,PNJ,29.39,76.96,semi_arid_subtropical,NASA_POWER_daily_ag,9.002,11.452,0.9587,dewpoint,452.1,40.307
2022-05-21,36.19,43.75,30.17,21.12,1.24,2.64,19.42,96.79,84.13,9.79,PNJ,29.39,76.96,semi_arid_subtropical,NASA_POWER_daily_ag,8.433,10.68,1.2108,dewpoint,474.4,40.361
2022-05-22,35.34,42.56,27.84,21.83,0.0,1.66,25.63,96.74,48.52,9.06,PNJ,29.39,76.96,semi_arid_subtropical,NASA_POWER_daily_ag,7.503,13.178,1.1527,dewpoint,479.7,40.414
2022-05-23,29.83,37.18,22.79,39.88,29.92,4.6,15.37,97.01,96.78,13.13,PNJ,29.39,76.96,semi_arid_subtropical,NASA_POWER_daily_ag,8.151,9.563,1.5106,dewpoint,451.0,40.464
2022-05-24,28.4,33.83,22.46,51.98,8.29,2.61,23.74,97.67,34.39,17.13,PNJ,29.39,76.96,semi_arid_subtropical,NASA_POWER_daily_ag,6.546,14.223,1.9538,dewpoint,381.0,40.513
2022-05-25,30.1,36.18,23.54,44.22,0.21,0.94,27.07,97.76,3.34,15.79,PNJ,29.39,76.96,semi_arid_subtropical,NASA_POWER_daily_ag,6.052,15.538,1.794,dewpoint,371.5,40.559
2022-05-26,32.26,38.31,25.2,37.25,0.0,1.09,25.23,97.51,17.37,15.05,PNJ,29.39,76.96,semi_arid_subtropical,NASA_POWER_daily_ag,6.221,14.382,1.7108,dewpoint,398.0,40.603
2022-05-27,33.8,40.12,25.64,37.25,0.08,1.59,22.32,97.18,32.42,16.37,PNJ,29.39,76.96,semi_arid_subtropical,NASA_POWER_daily_ag,6.614,13.154,1.8617,dewpoint,432.9,40.645
2022-05-28,35.81,42.84,29.16,36.14,0.47,2.19,20.58,96.98,57.24,17.39,PNJ,29.39,76.96,semi_arid_subtropical,NASA_POWER_daily_ag,7.409,12.323,1.9861,dewpoint,454.2,40.686
2022-05-29,34.27,42.21,27.2,32.24,0.34,1.26,23.37,97.07,56.42,13.82,PNJ,29.39,76.96,semi_arid_subtropical,NASA_POWER_daily_ag,6.418,13.131,1.58,dewpoint,444.6,40.724
2022-05-30,34.5,42.28,26.4,30.81,0.01,1.97,21.89,97.13,83.58,12.25,PNJ,29.39,76.96,semi_arid_subtropical,NASA_POWER_daily_ag,7.349,12.249,1.4259,dewpoint,438.2,40.76
2022-05-31,33.35,40.64,25.24,31.77,0.61,1.41,22.61,97.2,50.73,12.99,PNJ,29.39,76.96,semi_arid_subtropical,NASA_POWER_daily_ag,6.451,12.771,1.4968,dewpoint,430.8,40.794
2022-06-01,35.32,43.05,27.59,24.65,0.11,1.83,23.55,97.24,55.51,10.56,PNJ,29.39,76.96,semi_arid_subtropical,NASA_POWER_daily_ag,7.527,12.648,1.2748,dewpoint,426.6,40.827
2022-06-02,34.9,43.26,26.09,22.41,0.0,1.91,25.54,97.2,46.83,8.84,PNJ,29.39,76.96,semi_arid_subtropical,NASA_POWER_daily_ag,7.881,13.231,1.1357,dewpoint,430.8,40.857
2022-06-03,35.47,43.6,25.46,20.38,0.0,2.26,27.04,97.1,19.34,7.33,PNJ,29.39,76.96,semi_arid_subtropical,NASA_POWER_daily_ag,8.754,13.581,1.0248,dewpoint,441.4,40.886
2022-06-04,36.48,44.24,28.75,17.29,0.0,1.71,26.52,97.15,41.96,6.21,PNJ,29.39,76.96,semi_arid_subtropical,NASA_POWER_daily_ag,7.864,13.018,0.9488,dewpoint,436.1,40.913
2022-06-05,36.64,44.23,27.18,17.72,0.0,1.49,26.34,97.18,50.87,6.89,PNJ,29.39,76.96,semi_arid_subtropical,NASA_POWER_daily_ag,7.489,13.141,0.9943,dewpoint,432.9,40.938
2022-06-06,36.32,44.03,28.67,20.77,0.0,1.12,24.8,97.08,72.09,9.09,PNJ,29.39,76.96,semi_arid_subtropical,NASA_POWER_daily_ag,6.587,12.872,1.1551,dewpoint,443.6,40.961
2022-06-07,36.82,45.5,29.35,19.47,0.0,2.47,24.13,97.01,64.57,8.41,PNJ,29.39,76.96,semi_arid_subtropical,NASA_POWER_daily_ag,8.922,12.417,1.1031,dewpoint,451.0,40.982
2022-06-08,36.69,44.71,29.09,18.71,0.0,3.88,23.92,97.0,66.66,8.29,PNJ,29.39,76.96,semi_arid_subtropical,NASA_POWER_daily_ag,11.083,12.364,1.0941,dewpoint,452.1,41.001
2022-06-09,37.41,45.09,29.7,21.04,0.0,2.86,23.96,96.91,48.32,10.45,PNJ,29.39,76.96,semi_arid_subtropical,NASA_POWER_daily_ag,9.584,12.696,1.2655,dewpoint,461.6,41.019
2022-06-10,37.64,45.25,29.59,22.92,0.01,3.93,23.88,96.95,61.71,12.43,PNJ,29.39,76.96,semi_arid_subtropical,NASA_POWER_daily_ag,11.093,12.998,1.4428,dewpoint,457.4,41.034
2022-06-11,38.15,45.65,29.4,21.14,0.07,4.45,25.06,97.0,56.21,11.38,PNJ,29.39,76.96,semi_arid_subtropical,NASA_POWER_daily_ag,12.213,13.303,1.3462,dewpoint,452.1,41.048
2022-06-12,38.14,45.42,30.88,21.41,0.13,3.4,23.8,97.13,67.18,11.42,PNJ,29.39,76.96,semi_arid_subtropical,NASA_POWER_daily_ag,10.519,12.744,1.3498,dewpoint,438.2,41.061
2022-06-13,38.94,45.91,31.05,20.17,0.0,3.83,24.6,97.24,62.27,11.27,PNJ,29.39,76.96,semi_arid_subtropical,NASA_POWER_daily_ag,11.495,13.023,1.3365,dewpoint,426.6,41.071
2022-06-14,38.42,44.7,32.67,28.97,0.01,5.38,20.22,97.19,77.86,16.51,PNJ,29.39,76.96,semi_arid_subtropical,NASA_POWER_daily_ag,12.229,11.949,1.8784,dewpoint,431.9,41.08
2022-06-15,38.36,44.68,32.12,31.62,0.58,4.35,25.18,97.04,23.44,17.49,PNJ,29.39,76.96,semi_arid_subtropical,NASA_POWER_daily_ag,11.477,14.519,1.9987,dewpoint,447.8,41.087
2022-06-16,37.42,42.25,31.27,34.18,1.58,1.67,24.39,97.13,45.92,18.65,PNJ,29.39,76.96,semi_arid_subtropical,NASA_POWER_daily_ag,7.543,14.469,2.1499,dewpoint,438.2,41.092
2022-06-17,32.67,35.59,29.87,58.02,22.71,1.68,17.07,97.24,74.6,23.09,PNJ,29.39,76.96,semi_arid_subtropical,NASA_POWER_daily_ag,5.185,11.393,2.8248,dewpoint,426.6,41.095
2022-06-18,31.01,34.97,28.2,57.8,9.45,1.27,9.5,97.39,85.96,21.5,PNJ,29.39,76.96,semi_arid_subtropical,NASA_POWER_daily_ag,3.449,7.013,2.5644,dewpoint,410.7,41.097
2022-06-19,31.89,36.94,26.61,52.68,0.13,1.63,9.96,97.31,79.57,20.42,PNJ,29.39,76.96,semi_arid_subtropical,NASA_POWER_daily_ag,4.116,7.244,2.3998,dewpoint,419.1,41.097
2022-06-20,32.42,37.73,26.64,42.69,0.77,1.4,18.88,97.18,80.47,17.4,PNJ,29.39,76.96,semi_arid_subtropical,NASA_POWER_daily_ag,5.617,11.69,1.9874,dewpoint,432.9,41.095
2022-06-21,31.45,36.02,26.05,44.86,5.73,1.9,17.05,97.12,80.95,17.45,PNJ,29.39,76.96,semi_arid_subtropical,NASA_POWER_daily_ag,5.714,10.805,1.9937,dewpoint,439.3,41.092
2022-06-22,32.17,38.31,26.7,46.77,1.18,2.27,20.67,97.57,45.53,18.6,PNJ,29.39,76.96,semi_arid_subtropical,NASA_POWER_daily_ag,6.644,12.752,2.1432,dewpoint,391.6,41.086
2022-06-23,32.5,40.01,25.95,40.88,0.0,3.44,26.74,97.65,17.59,16.17,PNJ,29.39,76.96,semi_arid_subtropical,NASA_POWER_daily_ag,8.965,15.335,1.8381,dewpoint,383.1,41.079
2022-06-24,32.43,40.44,24.02,32.74,0.0,2.76,27.74,97.38,22.59,12.41,PNJ,29.39,76.96,semi_arid_subtropical,NASA_POWER_daily_ag,8.74,15.081,1.4409,dewpoint,411.7,41.071
2022-06-25,34.47,41.49,26.31,28.16,0.0,1.1,26.5,97.15,13.27,12.16,PNJ,29.39,76.96,semi_arid_subtropical,NASA_POWER_daily_ag,6.675,14.352,1.4174,dewpoint,436.1,41.06
2022-06-26,34.93,41.23,27.21,30.51,0.01,2.0,22.9,97.25,44.39,14.16,PNJ,29.39,76.96,semi_arid_subtropical,NASA_POWER_daily_ag,7.546,13.058,1.6153,dewpoint,425.5,41.048
2022-06-27,35.63,40.9,29.69,42.67,0.03,1.75,21.05,97.33,67.16,20.45,PNJ,29.39,76.96,semi_arid_subtropical,NASA_POWER_daily_ag,6.716,13.13,2.4042,dewpoint,417.0,41.035
2022-06-28,36.77,42.9,31.07,40.66,0.23,1.48,18.07,97.02,84.65,20.41,PNJ,29.39,76.96,semi_arid_subtropical,NASA_POWER_daily_ag,6.064,11.486,2.3983,dewpoint,449.9,41.019
2022-06-29,37.21,43.65,31.62,40.63,3.49,1.99,12.42,96.73,82.92,20.73,PNJ,29.39,76.96,semi_arid_subtropical,NASA_POWER_daily_ag,5.846,8.518,2.4461,dewpoint,480.8,41.002
2022-06-30,30.86,35.22,26.61,74.21,43.22,2.13,2.83,97.03,97.21,25.48,PNJ,29.39,76.96,semi_arid_subtropical,NASA_POWER_daily_ag,2.189,3.011,3.2595,dewpoint,448.9,40.983
2022-07-01,31.0,36.29,26.08,67.09,4.11,2.06,17.22,97.13,82.52,23.56,PNJ,29.39,76.96,semi_arid_subtropical,NASA_POWER_daily_ag,5.009,11.56,2.906,dewpoint,438.2,40.962
2022-07-02,31.7,36.18,27.25,65.11,6.99,1.71,16.82,96.98,77.82,23.98,PNJ,29.39,76.96,semi_arid_subtropical,NASA_POWER_daily_ag,4.852,11.364,2.9803,dewpoint,454.2,40.94
2022-07-03,32.24,36.4,27.73,64.72,8.03,1.68,18.8,97.09,51.66,24.4,PNJ,29.39,76.96,semi_arid_subtropical,NASA_POWER_daily_ag,5.248,12.579,3.0563,dewpoint,442.5,40.916
2022-07-04,32.36,35.18,29.24,63.25,2.85,1.21,21.45,97.11,69.98,24.28,PNJ,29.39,76.96,semi_arid_subtropical,NASA_POWER_daily_ag,5.471,14.125,3.0344,dewpoint,440.4,40.89
2022-07-05,33.41,39.17,28.21,57.38,2.76,1.93,18.27,97.08,66.99,23.34,PNJ,29.39,76.96,semi_arid_subtropical,NASA_POWER_daily_ag,5.704,12.072,2.8677,dewpoint,443.6,40.862
2022-07-06,33.58,37.91,27.89,57.0,1.24,2.63,18.92,97.37,56.96,23.46,PNJ,29.39,76.96,semi_arid_subtropical,NASA_POWER_daily_ag,6.373,12.48,2.8886,dewpoint,412.8,40.833
2022-07-07,33.9,38.9,29.4,55.48,0.17,2.64,20.7,97.5,56.94,23.35,PNJ,29.39,76.96,semi_arid_subtropical,NASA_POWER_daily_ag,6.778,13.446,2.8695,dewpoint,399.0,40.801
2022-07-08,35.09,40.02,29.24,52.55,0.7,1.28,22.27,97.22,67.17,23.34,PNJ,29.39,76.96,semi_arid_subtropical,NASA_POWER_daily_ag,6.167,14.325,2.8677,dewpoint,428.7,40.768
2022-07-09,32.85,36.74,28.05,60.23,10.59,2.52,12.5,97.08,92.46,23.88,PNJ,29.39,76.96,semi_arid_subtropical,NASA_POWER_daily_ag,4.937,8.795,2.9625,dewpoint,443.6,40.733
2022-07-10,29.76,33.75,25.79,73.85,23.38,2.35,11.67,97.27,98.04,24.42,PNJ,29.39,76.96,semi_arid_subtropical,NASA_POWER_daily_ag,3.722,8.355,3.06,dewpoint,423.4,40.697
2022-07-11,32.25,36.99,27.23,65.69,8.89,0.95,23.95,97.31,36.34,24.52,PNJ,29.39,76.96,semi_arid_subtropical,NASA_POWER_daily_ag,5.734,15.63,3.0783,dewpoint,419.1,40.658
2022-07-12,31.22,33.62,28.41,69.85,21.07,0.9,11.02,97.25,76.58,24.93,PNJ,29.39,76.96,semi_arid_subtropical,NASA_POWER_daily_ag,3.153,7.976,3.1546,dewpoint,425.5,40.618
2022-07-13,32.21,36.71,27.39,67.58,1.97,1.49,20.39,97.03,60.73,25.02,PNJ,29.39,76.96,semi_arid_subtropical,NASA_POWER_daily_ag,5.347,13.599,3.1716,dewpoint,448.9,40.576
2022-07-14,31.22,35.15,27.47,70.17,16.23,1.86,15.7,97.1,89.12,24.83,PNJ,29.39,76.96,semi_arid_subtropical,NASA_POWER_daily_ag,4.502,10.772,3.1358,dewpoint,441.4,40.532
2022-07-15,32.06,37.09,27.65,66.37,5.76,3.07,23.17,97.26,62.29,24.45,PNJ,29.39,76.96,semi_arid_subtropical,NASA_POWER_daily_ag,6.628,15.127,3.0655,dewpoint,424.4,40.486
2022-07-16,31.55,35.77,27.09,68.06,20.95,2.55,18.44,97.34,61.65,24.64,PNJ,29.39,76.96,semi_arid_subtropical,NASA_POWER_daily_ag,5.41,12.375,3.1005,dewpoint,416.0,40.438
2022-07-17,31.37,36.14,27.27,71.18,6.32,2.23,18.86,97.53,92.98,25.13,PNJ,29.39,76.96,semi_arid_subtropical,NASA_POWER_daily_ag,5.194,12.686,3.1924,dewpoint,395.8,40.389
2022-07-18,32.31,38.37,26.43,67.24,0.14,1.32,23.92,97.37,69.3,24.81,PNJ,29.39,76.96,semi_arid_subtropical,NASA_POWER_daily_ag,5.918,15.63,3.1321,dewpoint,412.8,40.337
2022-07-19,32.57,37.66,27.68,68.04,2.42,1.36,18.42,97.17,82.46,25.47,PNJ,29.39,76.96,semi_arid_subtropical,NASA_POWER_daily_ag,4.937,12.444,3.2576,dewpoint,434.0,40.283
2022-07-20,30.97,34.61,27.8,76.09,22.97,1.65,10.21,97.16,96.81,26.07,PNJ,29.39,76.96,semi_arid_subtropical,NASA_POWER_daily_ag,3.179,7.507,3.3754,dewpoint,435.1,40.228
2022-07-21,29.29,32.08,27.27,83.24,22.49,1.06,9.71,97.41,94.82,26.04,PNJ,29.39,76.96,semi_arid_subtropical,NASA_POWER_daily_ag,2.582,7.201,3.3694,dewpoint,408.5,40.171
2022-07-22,29.9,33.52,26.68,78.05,2.13,1.34,18.54,97.53,97.74,25.45,PNJ,29.39,76.96,semi_arid_subtropical,NASA_POWER_daily_ag,4.427,12.558,3.2537,dewpoint,395.8,40.111
2022-07-23,29.9,35.15,26.14,77.84,5.62,2.85,18.0,97.42,94.78,25.3,PNJ,29.39,76.96,semi_arid_subtropical,NASA_POWER_daily_ag,4.733,12.192,3.2248,dewpoint,407.5,40.05
2022-07-24,29.14,32.15,26.12,79.63,2.31,3.06,20.79,97.47,80.6,25.09,PNJ,29.39,76.96,semi_arid_subtropical,NASA_POWER_daily_ag,4.993,13.881,3.1848,dewpoint,402.2,39.986
2022-07-25,29.86,34.23,25.84,74.16,1.13,2.87,21.54,97.63,63.95,24.5,PNJ,29.39,76.96,semi_arid_subtropical,NASA_POWER_daily_ag,5.48,14.189,3.0746,dewpoint,385.3,39.921
2022-07-26,28.94,32.93,25.84,79.49,1.95,2.33,19.9,97.75,63.85,24.85,PNJ,29.39,76.96,semi_arid_subtropical,NASA_POWER_daily_ag,4.709,13.282,3.1396,dewpoint,372.6,39.853
2022-07-27,28.87,32.18,25.91,77.52,1.47,1.69,19.33,97.68,82.2,24.39,PNJ,29.39,76.96,semi_arid_subtropical,NASA_POWER_daily_ag,4.543,12.872,3.0545,dewpoint,380.0,39.784
2022-07-28,28.76,32.18,25.5,83.26,36.44,1.56,13.27,97.76,92.14,25.52,PNJ,29.39,76.96,semi_arid_subtropical,NASA_POWER_daily_ag,3.287,9.346,3.2672,dewpoint,371.5,39.712
2022-07-29,27.94,30.75,26.2,89.59,57.04,1.95,11.38,97.69,97.87,26.02,PNJ,29.39,76.96,semi_arid_subtropical,NASA_POWER_daily_ag,2.711,8.217,3.3654,dewpoint,378.9,39.638
2022-07-30,28.17,30.95,25.66,88.62,90.68,1.42,10.56,97.52,96.0,26.05,PNJ,29.39,76.96,semi_arid_subtropical,NASA_POWER_daily_ag,2.581,7.71,3.3714,dewpoint,396.9,39.562
2022-07-31,28.63,32.0,25.76,86.18,10.02,1.28,10.96,97.28,98.81,25.98,PNJ,29.39,76.96,semi_arid_subtropical,NASA_POWER_daily_ag,2.737,7.948,3.3575,dewpoint,422.3,39.484
2022-08-01,28.89,32.55,26.16,84.74,6.49,0.81,18.79,97.27,63.32,25.9,PNJ,29.39,76.96,semi_arid_subtropical,NASA_POWER_daily_ag,4.147,12.745,3.3416,dewpoint,423.4,39.404
2022-08-02,29.09,33.02,25.14,84.92,1.35,1.5,24.05,97.25,41.67,26.16,PNJ,29.39,76.96,semi_arid_subtropical,NASA_POWER_daily_ag,5.162,16.035,3.3934,dewpoint,425.5,39.322
2022-08-03,29.9,32.87,26.41,80.86,2.91,1.09,16.35,97.41,81.25,26.15,PNJ,29.39,76.96,semi_arid_subtropical,NASA_POWER_daily_ag,3.886,11.261,3.3914,dewpoint,408.5,39.237
2022-08-04,28.82,32.19,26.38,85.42,12.44,1.51,13.92,97.48,95.67,26.01,PNJ,29.39,76.96,semi_arid_subtropical,NASA_POWER_daily_ag,3.322,9.751,3.3634,dewpoint,401.1,39.15
2022-08-05,28.52,31.9,25.86,85.83,9.05,2.01,9.69,97.37,79.14,25.81,PNJ,29.39,76.96,semi_arid_subtropical,NASA_POWER_daily_ag,2.63,7.144,3.3239,dewpoint,412.8,39.062
2022-08-06,29.08,32.81,25.1,82.15,3.32,1.01,15.84,97.17,91.83,25.58,PNJ,29.39,76.96,semi_arid_subtropical,NASA_POWER_daily_ag,3.685,10.877,3.2789,dewpoint,434.0,38.97
2022-08-07,27.96,30.34,26.29,91.27,5.64,0.99,10.56,97.17,99.15,26.38,PNJ,29.39,76.96,semi_arid_subtropical,NASA_POWER_daily_ag,2.462,7.697,3.4377,dewpoint,434.0,38.877
2022-08-08,29.31,32.88,25.36,83.25,0.17,1.48,24.04,97.17,47.48,26.04,PNJ,29.39,76.96,semi_arid_subtropical,NASA_POWER_daily_ag,5.212,15.949,3.3694,dewpoint,434.0,38.782
2022-08-09,29.13,32.99,26.28,84.94,7.33,1.46,22.85,97.2,59.22,26.23,PNJ,29.39,76.96,semi_arid_subtropical,NASA_POWER_daily_ag,4.928,15.235,3.4074,dewpoint,430.8,38.684
2022-08-10,30.51,34.81,26.05,77.54,0.27,1.23,23.42,97.06,63.89,25.85,PNJ,29.39,76.96,semi_arid_subtropical,NASA_POWER_daily_ag,5.332,15.463,3.3317,dewpoint,445.7,38.584
2022-08-11,27.01,28.83,25.1,86.71,5.5,3.0,18.34,97.32,92.96,24.58,PNJ,29.39,76.96,semi_arid_subtropical,NASA_POWER_daily_ag,3.897,12.259,3.0894,dewpoint,418.1,38.481
2022-08-12,28.75,33.43,24.41,79.97,0.0,2.08,25.5,97.3,38.91,24.74,PNJ,29.39,76.96,semi_arid_subtropical,NASA_POWER_daily_ag,5.514,16.477,3.119,dewpoint,420.2,38.377
2022-08-13,29.22,33.62,24.76,80.36,0.0,1.72,22.94,97.22,26.59,25.3,PNJ,29.39,76.96,semi_arid_subtropical,NASA_POWER_daily_ag,5.092,15.059,3.2248,dewpoint,428.7,38.27
2022-08-14,29.38,33.09,26.32,82.12,0.74,1.44,16.19,97.42,77.29,25.86,PNJ,29.39,76.96,semi_arid_subtropical,NASA_POWER_daily_ag,3.836,11.054,3.3337,dewpoint,407.5,38.161
2022-08-15,28.18,31.88,25.1,82.1,15.6,2.06,14.93,97.64,94.69,24.66,PNJ,29.39,76.96,semi_arid_subtropical,NASA_POWER_daily_ag,3.632,10.172,3.1042,dewpoint,384.2,38.049
2022-08-16,28.08,32.01,24.92,82.1,0.27,2.96,17.58,97.48,63.6,24.64,PNJ,29.39,76.96,semi_arid_subtropical,NASA_POWER_daily_ag,4.152,11.732,3.1005,dewpoint,401.1,37.935
2022-08-17,28.46,32.71,24.81,80.47,0.49,3.14,21.57,97.5,25.66,24.55,PNJ,29.39,76.96,semi_arid_subtropical,NASA_POWER_daily_ag,4.945,14.052,3.0839,dewpoint,399.0,37.819
2022-08-18,28.72,32.53,24.94,82.54,0.11,1.3,21.42,97.39,32.2,25.32,PNJ,29.39,76.96,semi_arid_subtropical,NASA_POWER_daily_ag,4.641,14.108,3.2287,dewpoint,410.7,37.701
2022-08-19,28.33,32.17,24.85,83.37,3.22,2.44,22.16,97.36,45.47,25.13,PNJ,29.39,76.96,semi_arid_subtropical,NASA_POWER_daily_ag,4.781,14.507,3.1924,dewpoint,413.8,37.58
2022-08-20,28.47,31.59,25.65,79.82,5.26,0.51,17.27,97.57,71.41,24.48,PNJ,29.39,76.96,semi_arid_subtropical,NASA_POWER_daily_ag,3.768,11.483,3.071,dewpoint,391.6,37.457
2022-08-21,28.67,32.99,24.85,81.66,0.01,1.57,22.32,97.37,52.66,25.06,PNJ,29.39,76.96,semi_arid_subtropical,NASA_POWER_daily_ag,4.829,14.547,3.1791,dewpoint,412.8,37.332
2022-08-22,29.26,33.52,25.13,80.14,0.44,1.15,20.11,97.24,66.11,25.25,PNJ,29.39,76.96,semi_arid_subtropical,NASA_POWER_daily_ag,4.487,13.247,3.2153,dewpoint,426.6,37.205
2022-08-23,28.89,33.27,25.62,78.23,0.36,3.4,22.22,97.38,28.42,24.53,PNJ,29.39,76.96,semi_arid_subtropical,NASA_POWER_daily_ag,5.236,14.327,3.0802,dewpoint,411.7,37.075
2022-08-24,27.79,32.23,24.48,81.29,4.07,3.08,17.07,97.75,80.12,24.07,PNJ,29.39,76.96,semi_arid_subtropical,NASA_POWER_daily_ag,4.113,11.268,2.9965,dewpoint,372.6,36.943
2022-08-25,28.5,32.88,24.31,80.04,1.52,1.36,18.49,97.67,35.0,24.43,PNJ,29.39,76.96,semi_arid_subtropical,NASA_POWER_daily_ag,4.165,12.129,3.0618,dewpoint,381.0,36.809
2022-08-26,28.51,32.54,24.82,80.37,0.0,1.92,20.99,97.59,26.64,24.62,PNJ,29.39,76.96,semi_arid_subtropical,NASA_POWER_daily_ag,4.654,13.608,3.0968,dewpoint,389.5,36.672
2022-08-27,27.94,32.09,24.79,81.84,0.01,3.14,19.18,97.5,26.37,24.4,PNJ,29.39,76.96,semi_arid_subtropical,NASA_POWER_daily_ag,4.391,12.506,3.0563,dewpoint,399.0,36.533
2022-08-28,28.14,32.54,24.11,79.84,2.63,2.46,20.13,97.56,42.08,24.17,PNJ,29.39,76.96,semi_arid_subtropical,NASA_POWER_daily_ag,4.565,13.003,3.0145,dewpoint,392.7,36.392
2022-08-29,28.84,32.53,24.62,74.8,1.09,0.94,21.25,97.95,53.58,23.75,PNJ,29.39,76.96,semi_arid_subtropical,NASA_POWER_daily_ag,4.613,13.534,2.9394,dewpoint,351.5,36.249
2022-08-30,28.85,33.11,25.33,78.21,1.34,1.3,19.81,97.99,34.9,24.47,PNJ,29.39,76.96,semi_arid_subtropical,NASA_POWER_daily_ag,4.413,12.81,3.0691,dewpoint,347.2,36.104
2022-08-31,29.14,33.66,25.41,79.24,0.35,1.93,18.56,97.71,44.11,24.95,PNJ,29.39,76.96,semi_arid_subtropical,NASA_POWER_daily_ag,4.356,12.15,3.1584,dewpoint,376.8,35.956
2022-09-01,29.77,34.35,25.22,75.42,0.98,1.62,21.24,97.71,42.88,24.63,PNJ,29.39,76.96,semi_arid_subtropical,NASA_POWER_daily_ag,4.914,13.619,3.0986,dewpoint,376.8,35.807
2022-09-02,29.75,34.5,25.49,70.1,0.34,1.4,21.41,97.86,34.01,23.38,PNJ,29.39,76.96,semi_arid_subtropical,NASA_POWER_daily_ag,4.965,13.419,2.8747,dewpoint,361.0,35.655
2022-09-03,29.24,34.23,24.61,72.05,0.22,2.07,22.29,97.56,10.81,23.36,PNJ,29.39,76.96,semi_arid_subtropical,NASA_POWER_daily_ag,5.237,13.912,2.8712,dewpoint,392.7,35.501
2022-09-04,29.36,34.75,23.88,69.76,0.0,1.61,23.58,97.45,1.96,22.87,PNJ,29.39,76.96,semi_arid_subtropical,NASA_POWER_daily_ag,5.353,14.495,2.7874,dewpoint,404.3,35.345
2022-09-05,29.19,34.17,24.32,71.79,2.04,1.18,21.96,97.67,7.21,23.27,PNJ,29.39,76.96,semi_arid_subtropical,NASA_POWER_daily_ag,4.854,13.672,2.8556,dewpoint,381.0,35.187
2022-09-06,29.39,34.54,25.08,67.99,0.0,1.44,20.87,97.83,4.78,22.51,PNJ,29.39,76.96,semi_arid_subtropical,NASA_POWER_daily_ag,4.868,12.864,2.7272,dewpoint,364.1,35.027
2022-09-07,29.04,34.5,24.35,70.5,0.42,1.43,21.82,97.97,2.0,22.74,PNJ,29.39,76.96,semi_arid_subtropical,NASA_POWER_daily_ag,4.918,13.421,2.7656,dewpoint,349.3,34.865
2022-09-08,29.01,34.83,23.92,67.48,0.44,1.02,20.91,98.03,6.64,21.86,PNJ,29.39,76.96,semi_arid_subtropical,NASA_POWER_daily_ag,4.623,12.72,2.6215,dewpoint,343.0,34.701
2022-09-09,29.24,35.11,23.82,66.75,0.75,0.98,19.71,97.98,17.99,21.87,PNJ,29.39,76.96,semi_arid_subtropical,NASA_POWER_daily_ag,4.441,12.06,2.6231,dewpoint,348.3,34.535
2022-09-10,30.03,35.8,24.96,68.87,0.57,1.08,19.26,97.83,31.37,23.17,PNJ,29.39,76.96,semi_arid_subtropical,NASA_POWER_daily_ag,4.476,12.012,2.8385,dewpoint,364.1,34.368
2022-09-11,30.13,35.65,25.33,69.48,0.9,1.43,20.95,97.64,20.14,23.44,PNJ,29.39,76.96,semi_arid_subtropical,NASA_POWER_daily_ag,4.917,12.967,2.8851,dewpoint,384.2,34.198
2022-09-12,30.34,35.5,25.84,66.72,0.71,1.47,20.39,97.49,14.92,22.98,PNJ,29.39,76.96,semi_arid_subtropical,NASA_POWER_daily_ag,4.919,12.535,2.806,dewpoint,400.1,34.027
2022-09-13,29.55,34.15,25.86,70.84,1.34,2.07,20.63,97.6,30.57,23.37,PNJ,29.39,76.96,semi_arid_subtropical,NASA_POWER_daily_ag,4.999,12.752,2.8729,dewpoint,388.4,33.854
2022-09-14,29.34,34.69,24.89,69.26,1.35,2.25,13.8,97.67,96.03,22.71,PNJ,29.39,76.96,semi_arid_subtropical,NASA_POWER_daily_ag,4.098,8.937,2.7605,dewpoint,381.0,33.68
2022-09-15,28.1,32.83,24.6,75.55,5.54,2.0,17.22,97.5,68.68,23.05,PNJ,29.39,76.96,semi_arid_subtropical,NASA_POWER_daily_ag,4.119,10.84,2.8179,dewpoint,399.0,33.503
2022-09-16,27.7,31.86,23.7,79.15,34.0,1.33,17.09,97.2,53.55,23.48,PNJ,29.39,76.96,semi_arid_subtropical,NASA_POWER_daily_ag,3.771,10.851,2.892,dewpoint,430.8,33.326
2022-09-17,28.35,33.74,23.86,73.83,2.31,1.31,18.77,97.41,16.85,22.84,PNJ,29.39,76.96,semi_arid_subtropical,NASA_POWER_daily_ag,4.193,11.591,2.7824,dewpoint,408.5,33.146
2022-09-18,28.5,33.94,23.19,69.83,0.94,1.13,20.71,97.74,7.48,21.92,PNJ,29.39,76.96,semi_arid_subtropical,NASA_POWER_daily_ag,4.495,12.409,2.6311,dewpoint,373.6,32.966
2022-09-19,28.37,33.24,24.19,69.77,0.43,1.13,18.08,97.8,35.75,22.06,PNJ,29.39,76.96,semi_arid_subtropical,NASA_POWER_daily_ag,4.056,11.032,2.6536,dewpoint,367.3,32.783
2022-09-20,28.91,33.96,24.07,75.6,10.57,0.7,15.33,97.78,62.03,23.76,PNJ,29.39,76.96,semi_arid_subtropical,NASA_POWER_daily_ag,3.421,9.807,2.9412,dewpoint,369.4,32.6
2022-09-21,28.74,32.54,25.76,78.11,17.9,1.09,16.19,97.78,86.48,24.31,PNJ,29.39,76.96,semi_arid_subtropical,NASA_POWER_daily_ag,3.639,10.343,3.0399,dewpoint,369.4,32.415
2022-09-22,27.86,31.11,25.2,84.45,66.43,1.61,8.25,97.72,99.18,24.94,PNJ,29.39,76.96,semi_arid_subtropical,NASA_POWER_daily_ag,2.247,5.961,3.1565,dewpoint,375.7,32.229
2022-09-23,26.85,29.21,24.92,89.79,47.25,2.05,6.24,97.66,98.66,25.0,PNJ,29.39,76.96,semi_arid_subtropical,NASA_POWER_daily_ag,1.744,4.816,3.1678,dewpoint,382.1,32.042
2022-09-24,26.45,29.31,24.54,90.67,71.94,2.78,4.52,97.51,99.17,24.75,PNJ,29.39,76.96,semi_arid_subtropical,NASA_POWER_daily_ag,1.511,3.839,3.1209,dewpoint,398.0,31.854
2022-09-25,26.28,29.79,23.66,87.76,26.95,2.04,14.7,97.65,54.39,24.02,PNJ,29.39,76.96,semi_arid_subtropical,NASA_POWER_daily_ag,3.048,9.463,2.9875,dewpoint,383.1,31.664
2022-09-26,25.62,29.69,22.9,85.62,0.49,1.86,16.71,98.07,29.12,22.91,PNJ,29.39,76.96,semi_arid_subtropical,NASA_POWER_daily_ag,3.334,10.37,2.7942,dewpoint,338.8,31.474
2022-09-27,25.68,30.32,21.57,82.43,0.0,1.68,19.84,97.94,7.14,22.32,PNJ,29.39,76.96,semi_arid_subtropical,NASA_POWER_daily_ag,3.853,11.897,2.6959,dewpoint,352.5,31.283
2022-09-28,26.02,30.76,22.48,80.12,1.05,1.34,19.71,97.85,3.42,22.19,PNJ,29.39,76.96,semi_arid_subtropical,NASA_POWER_daily_ag,3.863,11.742,2.6747,dewpoint,362.0,31.091
2022-09-29,25.66,30.22,22.08,82.22,0.36,1.47,19.85,97.83,2.64,22.29,PNJ,29.39,76.96,semi_arid_subtropical,NASA_POWER_daily_ag,3.812,11.828,2.691,dewpoint,364.1,30.898
2022-09-30,25.56,30.12,21.87,81.63,0.0,1.37,19.92,97.89,4.93,22.06,PNJ,29.39,76.96,semi_arid_subtropical,NASA_POWER_daily_ag,3.802,11.788,2.6536,dewpoint,357.8,30.705
2022-10-01,26.08,30.85,21.77,77.81,0.01,1.29,18.97,97.8,0.93,21.68,PNJ,29.39,76.96,semi_arid_subtropical,NASA_POWER_daily_ag,3.78,11.176,2.5928,dewpoint,367.3,30.511
2022-10-02,25.31,30.81,21.52,76.29,0.0,1.55,19.33,97.81,1.46,20.64,PNJ,29.39,76.96,semi_arid_subtropical,NASA_POWER_daily_ag,3.817,11.113,2.4325,dewpoint,366.2,30.316
2022-10-03,23.98,30.31,19.15,79.21,0.0,2.2,20.24,97.9,1.32,20.0,PNJ,29.39,76.96,semi_arid_subtropical,NASA_POWER_daily_ag,3.808,11.453,2.3383,dewpoint,356.7,30.121
2022-10-04,25.29,31.65,19.68,74.8,0.02,1.56,19.37,98.07,4.01,20.21,PNJ,29.39,76.96,semi_arid_subtropical,NASA_POWER_daily_ag,3.847,10.988,2.3689,dewpoint,338.8,29.926
2022-10-05,26.44,32.21,22.04,72.51,0.99,1.02,18.97,98.02,3.26,20.81,PNJ,29.39,76.96,semi_arid_subtropical,NASA_POWER_daily_ag,3.762,10.815,2.4581,dewpoint,344.1,29.73
2022-10-06,24.85,29.49,19.16,79.48,0.86,1.13,18.9,98.09,7.33,20.86,PNJ,29.39,76.96,semi_arid_subtropical,NASA_POWER_daily_ag,3.539,10.894,2.4657,dewpoint,336.7,29.535
2022-10-07,24.21,27.65,21.04,87.26,5.79,1.38,11.42,98.19,86.67,21.87,PNJ,29.39,76.96,semi_arid_subtropical,NASA_POWER_daily_ag,2.338,7.293,2.6231,dewpoint,326.2,29.339
2022-10-08,23.18,25.04,21.25,94.17,4.19,1.37,6.12,98.2,98.34,22.19,PNJ,29.39,76.96,semi_arid_subtropical,NASA_POWER_daily_ag,1.375,4.609,2.6747,dewpoint,325.1,29.143
2022-10-09,22.85,24.84,21.69,92.82,51.37,3.38,9.44,98.18,71.18,21.63,PNJ,29.39,76.96,semi_arid_subtropical,NASA_POWER_daily_ag,1.827,6.26,2.5849,dewpoint,327.2,28.947
2022-10-10,24.17,28.06,21.85,89.69,5.94,2.24,5.32,98.25,93.15,22.29,PNJ,29.39,76.96,semi_arid_subtropical,NASA_POWER_daily_ag,1.527,4.181,2.691,dewpoint,319.8,28.751
2022-10-11,24.15,28.58,20.07,83.97,10.11,0.88,12.74,98.18,57.6,21.1,PNJ,29.39,76.96,semi_arid_subtropical,NASA_POWER_daily_ag,2.492,7.777,2.5023,dewpoint,327.2,28.556
2022-10-12,22.8,28.22,18.7,83.83,4.26,1.13,18.46,98.32,7.03,19.69,PNJ,29.39,76.96,semi_arid_subtropical,NASA_POWER_daily_ag,3.141,10.265,2.2938,dewpoint,312.5,28.36
2022-10-13,22.26,28.35,17.12,82.77,0.0,1.65,19.37,98.39,0.24,18.98,PNJ,29.39,76.96,semi_arid_subtropical,NASA_POWER_daily_ag,3.253,10.53,2.1947,dewpoint,305.1,28.165
2022-10-14,21.82,27.66,16.7,81.81,0.0,1.77,19.52,98.39,0.46,18.32,PNJ,29.39,76.96,semi_arid_subtropical,NASA_POWER_daily_ag,3.254,10.447,2.1059,dewpoint,305.1,27.971
2022-10-15,22.89,28.43,16.8,73.49,0.0,1.1,19.39,98.32,0.44,17.56,PNJ,29.39,76.96,semi_arid_subtropical,NASA_POWER_daily_ag,3.367,10.157,2.0076,dewpoint,312.5,27.777
2022-10-16,23.76,29.58,18.63,67.39,0.0,0.73,19.44,98.55,0.45,17.12,PNJ,29.39,76.96,semi_arid_subtropical,NASA_POWER_daily_ag,3.326,9.935,1.9525,dewpoint,288.3,27.584
2022-10-17,22.47,27.91,17.38,66.88,0.0,1.09,18.36,98.54,1.13,15.8,PNJ,29.39,76.96,semi_arid_subtropical,NASA_POWER_daily_ag,3.242,9.28,1.7952,dewpoint,289.4,27.392
2022-10-18,23.27,29.05,17.95,56.44,0.0,0.8,17.35,98.35,1.31,13.8,PNJ,29.39,76.96,semi_arid_subtropical,NASA_POWER_daily_ag,3.115,8.433,1.578,dewpoint,309.3,27.2
2022-10-19,22.17,29.37,16.23,63.53,0.0,1.22,16.53,98.35,0.9,14.61,PNJ,29.39,76.96,semi_arid_subtropical,NASA_POWER_daily_ag,3.11,8.26,1.663,dewpoint,309.3,27.009
2022-10-20,21.08,27.68,15.23,78.65,0.0,1.45,16.28,98.5,2.22,17.02,PNJ,29.39,76.96,semi_arid_subtropical,NASA_POWER_daily_ag,2.788,8.593,1.9402,dewpoint,293.6,26.82
2022-10-21,23.04,29.89,16.93,66.67,0.0,0.94,17.08,98.7,1.02,16.02,PNJ,29.39,76.96,semi_arid_subtropical,NASA_POWER_daily_ag,3.046,8.576,1.8206,dewpoint,272.6,26.631
2022-10-22,21.46,27.25,17.24,67.87,0.0,1.23,16.71,98.86,1.5,15.05,PNJ,29.39,76.96,semi_arid_subtropical,NASA_POWER_daily_ag,2.959,8.292,1.7108,dewpoint,255.8,26.443
2022-10-23,21.51,27.7,15.62,59.04,0.0,0.84,17.88,98.76,4.55,12.8,PNJ,29.39,76.96,semi_arid_subtropical,NASA_POWER_daily_ag,2.962,8.301,1.4783,dewpoint,266.3,26.257
2022-10-24,20.36,28.21,15.8,67.48,0.0,1.58,18.79,98.31,3.64,13.84,PNJ,29.39,76.96,semi_arid_subtropical,NASA_POWER_daily_ag,3.155,8.741,1.5821,dewpoint,313.5,26.072
2022-10-25,19.92,27.79,14.06,70.88,0.0,1.85,17.87,98.12,2.97,14.13,PNJ,29.39,76.96,semi_arid_subtropical,NASA_POWER_daily_ag,3.054,8.498,1.6121,dewpoint,333.5,25.889
2022-10-26,21.97,28.25,16.73,60.16,0.0,1.06,17.02,98.47,4.5,13.69,PNJ,29.39,76.96,semi_arid_subtropical,NASA_POWER_daily_ag,2.998,7.956,1.5667,dewpoint,296.7,25.707
2022-10-27,22.5,28.67,16.76,57.87,0.0,0.82,16.55,98.5,2.67,13.44,PNJ,29.39,76.96,semi_arid_subtropical,NASA_POWER_daily_ag,2.859,7.686,1.5414,dewpoint,293.6,25.527
2022-10-28,22.45,28.26,17.43,58.81,0.0,0.71,15.83,98.52,12.58,13.83,PNJ,29.39,76.96,semi_arid_subtropical,NASA_POWER_daily_ag,2.691,7.455,1.5811,dewpoint,291.5,25.348
2022-10-29,21.97,28.1,16.67,56.61,0.0,0.75,15.39,98.59,16.3,12.45,PNJ,29.39,76.96,semi_arid_subtropical,NASA_POWER_daily_ag,2.646,7.071,1.4447,dewpoint,284.1,25.171
2022-10-30,21.54,27.44,17.45,54.58,0.0,0.83,15.96,98.62,27.73,11.86,PNJ,29.39,76.96,semi_arid_subtropical,NASA_POWER_daily_ag,2.702,7.101,1.3897,dewpoint,281.0,24.996
2022-10-31,21.19,27.97,15.08,62.9,0.0,0.87,15.54,98.64,3.07,13.44,PNJ,29.39,76.96,semi_arid_subtropical,NASA_POWER_daily_ag,2.613,7.23,1.5414,dewpoint,278.9,24.823
2022-11-01,21.12,29.43,15.33,68.89,0.0,1.15,13.72,98.62,3.27,14.72,PNJ,29.39,76.96,semi_arid_subtropical,NASA_POWER_daily_ag,2.504,6.724,1.6748,dewpoint,281.0,24.652
2022-11-02,20.07,27.33,14.8,81.17,0.0,1.7,13.15,98.44,12.5,16.49,PNJ,29.39,76.96,semi_arid_subtropical,NASA_POWER_daily_ag,2.271,6.798,1.876,dewpoint,299.9,24.483
2022-11-03,21.3,28.05,15.65,69.67,0.0,1.33,15.03,98.37,16.52,15.25,PNJ,29.39,76.96,semi_arid_subtropical,NASA_POWER_daily_ag,2.674,7.204,1.733,dewpoint,307.2,24.316
2022-11-04,20.96,28.76,16.09,76.59,0.0,1.06,11.92,98.54,17.24,16.35,PNJ,29.39,76.96,semi_arid_subtropical,NASA_POWER_daily_ag,2.144,6.204,1.8593,dewpoint,289.4,24.151
2022-11-05,20.35,26.39,16.15,88.96,0.0,2.02,11.42,98.74,5.13,18.48,PNJ,29.39,76.96,semi_arid_subtropical,NASA_POWER_daily_ag,1.877,6.283,2.1271,dewpoint,268.4,23.989
2022-11-06,20.83,26.53,16.01,86.57,0.0,1.55,11.05,98.75,55.99,18.55,PNJ,29.39,76.96,semi_arid_subtropical,NASA_POWER_daily_ag,1.903,6.116,2.1365,dewpoint,267.3,23.829
2022-11-07,22.34,28.61,17.24,75.62,0.0,1.08,9.87,98.67,56.43,17.4,PNJ,29.39,76.96,semi_arid_subtropical,NASA_POWER_daily_ag,2.049,5.472,1.9874,dewpoint,275.7,23.671
2022-11-08,20.57,27.06,15.66,74.05,0.02,1.58,7.36,98.75,74.57,15.53,PNJ,29.39,76.96,semi_arid_subtropical,NASA_POWER_daily_ag,1.925,4.475,1.7644,dewpoint,267.3,23.517
2022-11-09,20.68,26.63,15.25,71.83,0.01,1.09,9.59,98.78,24.61,14.88,PNJ,29.39,76.96,semi_arid_subtropical,NASA_POWER_daily_ag,1.997,5.157,1.6922,dewpoint,264.2,23.364
2022-11-10,19.75,26.78,14.98,69.11,0.01,1.6,10.47,98.85,24.93,13.66,PNJ,29.39,76.96,semi_arid_subtropical,NASA_POWER_daily_ag,2.241,5.297,1.5637,dewpoint,256.8,23.215
2022-11-11,17.85,25.23,13.02,74.12,0.02,2.48,15.16,98.86,3.89,12.81,PNJ,29.39,76.96,semi_arid_subtropical,NASA_POWER_daily_ag,2.539,6.65,1.4793,dewpoint,255.8,23.068
2022-11-12,17.31,25.74,11.44,67.83,0.0,2.47,16.45,98.78,1.36,10.85,PNJ,29.39,76.96,semi_arid_subtropical,NASA_POWER_daily_ag,2.767,6.669,1.2997,dewpoint,264.2,22.924
2022-11-13,18.2,25.15,11.9,60.59,0.0,1.82,14.97,98.65,30.14,10.03,PNJ,29.39,76.96,semi_arid_subtropical,NASA_POWER_daily_ag,2.714,6.108,1.2304,dewpoint,277.8,22.783
2022-11-14,18.34,26.05,13.17,66.98,0.02,2.04,9.47,98.79,78.99,11.61,PNJ,29.39,76.96,semi_arid_subtropical,NASA_POWER_daily_ag,2.316,4.76,1.3669,dewpoint,263.1,22.644
2022-11-15,18.2,24.36,14.24,79.55,0.14,1.89,11.7,98.76,36.97,14.42,PNJ,29.39,76.96,semi_arid_subtropical,NASA_POWER_daily_ag,1.987,5.668,1.6427,dewpoint,266.3,22.509
2022-11-16,17.01,23.44,13.0,73.37,0.0,2.27,14.1,98.66,5.51,11.67,PNJ,29.39,76.96,semi_arid_subtropical,NASA_POWER_daily_ag,2.358,6.022,1.3723,dewpoint,276.8,22.377
2022-11-17,15.86,22.85,10.96,74.37,0.0,2.46,14.71,98.64,4.9,10.97,PNJ,29.39,76.96,semi_arid_subtropical,NASA_POWER_daily_ag,2.272,6.127,1.3101,dewpoint,278.9,22.248
2022-11-18,16.18,23.4,9.79,62.73,0.0,1.49,14.99,98.78,12.89,8.43,PNJ,29.39,76.96,semi_arid_subtropical,NASA_POWER_daily_ag,2.315,5.784,1.1046,dewpoint,264.2,22.123
2022-11-19,16.12,23.75,11.21,61.25,0.0,1.06,13.89,98.84,30.46,8.26,PNJ,29.39,76.96,semi_arid_subtropical,NASA_POWER_daily_ag,2.027,5.403,1.0919,dewpoint,257.9,22.0
2022-11-20,15.78,24.46,9.93,71.37,0.0,1.89,14.36,98.67,8.07,10.11,PNJ,29.39,76.96,semi_arid_subtropical,NASA_POWER_daily_ag,2.176,5.754,1.237,dewpoint,275.7,21.881
2022-11-21,15.99,24.34,10.8,68.6,0.0,2.2,13.53,98.56,25.0,9.77,PNJ,29.39,76.96,semi_arid_subtropical,NASA_POWER_daily_ag,2.302,5.446,1.2092,dewpoint,287.3,21.765
2022-11-22,15.15,24.07,8.98,63.0,0.0,2.03,14.51,98.57,28.68,7.67,PNJ,29.39,76.96,semi_arid_subtropical,NASA_POWER_daily_ag,2.364,5.399,1.0489,dewpoint,286.2,21.653
2022-11-23,14.78,23.8,8.41,62.66,0.0,2.25,15.05,98.62,31.27,7.18,PNJ,29.39,76.96,semi_arid_subtropical,NASA_POWER_daily_ag,2.444,5.427,1.0143,dewpoint,281.0,21.544
2022-11-24,15.62,23.82,7.8,56.16,0.0,1.73,14.41,98.6,34.61,6.25,PNJ,29.39,76.96,semi_arid_subtropical,NASA_POWER_daily_ag,2.434,5.151,0.9514,dewpoint,283.1,21.439
2022-11-25,16.53,23.92,11.7,52.46,0.0,1.1,13.82,98.81,30.95,6.37,PNJ,29.39,76.96,semi_arid_subtropical,NASA_POWER_daily_ag,2.118,4.866,0.9593,dewpoint,261.0,21.337
2022-11-26,15.13,24.25,8.83,65.3,0.0,2.13,13.24,98.51,39.45,8.21,PNJ,29.39,76.96,semi_arid_subtropical,NASA_POWER_daily_ag,2.252,5.059,1.0882,dewpoint,292.5,21.238
2022-11-27,16.02,24.05,10.28,56.89,0.0,1.43,13.65,98.35,26.32,6.97,PNJ,29.39,76.96,semi_arid_subtropical,NASA_POWER_daily_ag,2.209,4.9,0.9998,dewpoint,309.3,21.144
2022-11-28,16.47,23.43,11.69,49.86,0.0,1.04,12.96,98.51,46.49,5.72,PNJ,29.39,76.96,semi_arid_subtropical,NASA_POWER_daily_ag,2.042,4.561,0.9171,dewpoint,292.5,21.053
2022-11-29,15.94,23.64,10.46,61.48,0.0,1.23,12.57,98.72,47.03,8.31,PNJ,29.39,76.96,semi_arid_subtropical,NASA_POWER_daily_ag,1.95,4.81,1.0956,dewpoint,270.5,20.966
2022-11-30,15.37,23.53,10.22,67.47,0.0,1.51,12.47,98.82,23.54,9.0,PNJ,29.39,76.96,semi_arid_subtropical,NASA_POWER_daily_ag,1.926,4.858,1.1481,dewpoint,260.0,20.883
2022-12-01,15.96,23.28,8.98,61.41,0.0,1.7,13.62,98.68,24.32,8.08,PNJ,29.39,76.96,semi_arid_subtropical,NASA_POWER_daily_ag,2.239,4.988,1.0786,dewpoint,274.7,20.803
2022-12-02,17.45,23.12,13.26,53.89,0.0,0.73,11.1,98.6,66.28,7.79,PNJ,29.39,76.96,semi_arid_subtropical,NASA_POWER_daily_ag,1.741,4.338,1.0575,dewpoint,283.1,20.728
2022-12-03,17.25,22.97,13.33,61.08,0.0,0.75,10.33,98.68,26.62,9.48,PNJ,29.39,76.96,semi_arid_subtropical,NASA_POWER_daily_ag,1.645,4.348,1.1858,dewpoint,274.7,20.656
2022-12-04,15.72,23.38,10.53,62.0,0.0,1.51,11.51,98.73,21.81,8.09,PNJ,29.39,76.96,semi_arid_subtropical,NASA_POWER_daily_ag,1.996,4.463,1.0794,dewpoint,269.4,20.588
2022-12-05,14.93,22.85,9.9,59.72,0.0,1.44,11.85,98.89,5.79,6.76,PNJ,29.39,76.96,semi_arid_subtropical,NASA_POWER_daily_ag,1.96,4.384,0.9855,dewpoint,252.7,20.524
2022-12-06,13.88,23.25,8.51,63.45,0.0,2.57,13.09,98.74,5.82,6.6,PNJ,29.39,76.96,semi_arid_subtropical,NASA_POWER_daily_ag,2.284,4.581,0.9747,dewpoint,268.4,20.464
2022-12-07,13.38,22.26,7.77,64.31,0.0,2.81,13.66,98.66,1.71,6.29,PNJ,29.39,76.96,semi_arid_subtropical,NASA_POWER_daily_ag,2.312,4.682,0.9541,dewpoint,276.8,20.408
2022-12-08,13.75,22.52,7.96,63.59,0.0,1.65,12.91,98.73,3.58,6.56,PNJ,29.39,76.96,semi_arid_subtropical,NASA_POWER_daily_ag,1.926,4.553,0.972,dewpoint,269.4,20.356
2022-12-09,15.28,24.65,8.98,62.49,0.0,1.75,12.94,98.65,1.14,7.66,PNJ,29.39,76.96,semi_arid_subtropical,NASA_POWER_daily_ag,2.102,4.565,1.0482,dewpoint,277.8,20.309
2022-12-10,16.58,26.02,10.75,66.85,0.0,1.82,12.44,98.69,9.15,9.87,PNJ,29.39,76.96,semi_arid_subtropical,NASA_POWER_daily_ag,2.105,4.649,1.2173,dewpoint,273.6,20.265
2022-12-11,16.79,26.25,10.91,61.74,0.0,2.42,13.61,98.72,0.96,8.78,PNJ,29.39,76.96,semi_arid_subtropical,NASA_POWER_daily_ag,2.558,4.669,1.1311,dewpoint,270.5,20.225
2022-12-12,15.91,25.35,10.1,60.11,0.0,2.61,14.01,98.65,2.37,7.46,PNJ,29.39,76.96,semi_arid_subtropical,NASA_POWER_daily_ag,2.628,4.588,1.0339,dewpoint,277.8,20.19
2022-12-13,15.53,24.67,9.51,59.0,0.0,3.47,14.12,98.78,0.2,6.95,PNJ,29.39,76.96,semi_arid_subtropical,NASA_POWER_daily_ag,2.947,4.566,0.9984,dewpoint,264.2,20.158
2022-12-14,13.23,21.87,7.68,61.19,0.0,2.98,14.22,98.76,0.29,5.07,PNJ,29.39,76.96,semi_arid_subtropical,NASA_POWER_daily_ag,2.499,4.501,0.8766,dewpoint,266.3,20.131
2022-12-15,12.58,21.73,6.0,58.34,0.0,2.22,14.19,98.63,0.19,3.97,PNJ,29.39,76.96,semi_arid_subtropical,NASA_POWER_daily_ag,2.223,4.414,0.8115,dewpoint,279.9,20.108
2022-12-16,13.4,22.1,6.25,51.84,0.0,1.75,13.39,98.54,1.89,3.13,PNJ,29.39,76.96,semi_arid_subtropical,NASA_POWER_daily_ag,2.193,4.17,0.7648,dewpoint,289.4,20.089
2022-12-17,13.6,22.43,6.55,50.76,0.0,1.8,12.62,98.71,13.02,3.05,PNJ,29.39,76.96,semi_arid_subtropical,NASA_POWER_daily_ag,2.233,4.034,0.7605,dewpoint,271.5,20.074
2022-12-18,13.84,21.18,9.48,53.04,0.0,1.27,10.95,98.78,37.34,4.17,PNJ,29.39,76.96,semi_arid_subtropical,NASA_POWER_daily_ag,1.839,3.896,0.823,dewpoint,264.2,20.063
2022-12-19,13.35,21.35,7.81,56.69,0.0,1.37,9.24,98.64,72.92,4.59,PNJ,29.39,76.96,semi_arid_subtropical,NASA_POWER_daily_ag,1.765,3.747,0.8477,dewpoint,278.9,20.057
2022-12-20,12.41,21.45,6.6,60.28,0.0,1.74,6.24,98.57,93.31,4.43,PNJ,29.39,76.96,semi_arid_subtropical,NASA_POWER_daily_ag,1.739,3.345,0.8382,dewpoint,286.2,20.055
2022-12-21,12.17,21.97,6.92,59.53,0.0,1.54,6.43,98.71,85.8,3.96,PNJ,29.39,76.96,semi_arid_subtropical,NASA_POWER_daily_ag,1.661,3.345,0.811,dewpoint,271.5,20.057
2022-12-22,11.37,20.6,5.45,59.92,0.0,1.78,8.04,98.69,74.72,3.14,PNJ,29.39,76.96,semi_arid_subtropical,NASA_POWER_daily_ag,1.768,3.561,0.7653,dewpoint,273.6,20.063
2022-12-23,11.31,19.93,5.73,59.03,0.0,1.35,7.71,98.62,68.88,2.94,PNJ,29.39,76.96,semi_arid_subtropical,NASA_POWER_daily_ag,1.581,3.519,0.7545,dewpoint,281.0,20.073
2022-12-24,10.57,19.06,5.57,60.7,0.0,2.61,9.3,98.78,55.55,2.8,PNJ,29.39,76.96,semi_arid_subtropical,NASA_POWER_daily_ag,1.998,3.744,0.7471,dewpoint,264.2,20.088
2022-12-25,9.97,18.47,4.4,61.75,0.0,2.49,7.44,98.83,85.61,2.5,PNJ,29.39,76.96,semi_arid_subtropical,NASA_POWER_daily_ag,1.843,3.514,0.7313,dewpoint,258.9,20.107
2022-12-26,10.68,19.9,4.78,59.92,0.0,2.08,6.89,99.01,68.86,2.69,PNJ,29.39,76.96,semi_arid_subtropical,NASA_POWER_daily_ag,1.797,3.423,0.7413,dewpoint,240.1,20.13
2022-12-27,11.45,20.56,5.35,55.09,0.0,3.28,10.87,98.95,48.94,2.19,PNJ,29.39,76.96,semi_arid_subtropical,NASA_POWER_daily_ag,2.522,3.878,0.7153,dewpoint,246.4,20.157
2022-12-28,12.14,21.73,6.3,52.32,0.0,3.52,12.85,98.87,27.21,1.96,PNJ,29.39,76.96,semi_arid_subtropical,NASA_POWER_daily_ag,2.832,4.021,0.7036,dewpoint,254.7,20.188
2022-12-29,14.53,20.94,8.43,60.99,0.26,1.42,7.02,99.0,81.7,6.9,PNJ,29.39,76.96,semi_arid_subtropical,NASA_POWER_daily_ag,1.706,3.574,0.995,dewpoint,241.1,20.224
2022-12-30,14.42,20.71,10.56,69.05,0.03,1.71,7.86,99.1,51.52,8.34,PNJ,29.39,76.96,semi_arid_subtropical,NASA_POWER_daily_ag,1.692,3.78,1.0979,dewpoint,230.7,20.263
2022-12-31,12.54,20.32,7.86,69.67,0.0,2.91,11.74,99.11,43.22,6.46,PNJ,29.39,76.96,semi_arid_subtropical,NASA_POWER_daily_ag,2.059,4.402,0.9653,dewpoint,229.6,20.307
2023-01-01,12.34,19.7,6.79,57.94,0.0,1.16,9.35,99.2,72.84,3.8,PNJ,29.39,76.96,semi_arid_subtropical,NASA_POWER_daily_ag,1.614,3.847,0.8019,dewpoint,220.2,20.355
2023-01-02,11.47,18.86,6.28,56.83,0.0,1.17,6.22,99.32,85.58,2.67,PNJ,29.39,76.96,semi_arid_subtropical,NASA_POWER_daily_ag,1.505,3.382,0.7402,dewpoint,207.7,20.407
2023-01-03,9.33,18.2,3.93,57.77,0.0,2.0,5.59,99.37,93.44,0.82,PNJ,29.39,76.96,semi_arid_subtropical,NASA_POWER_daily_ag,1.723,3.289,0.6482,dewpoint,202.5,20.463
2023-01-04,8.6,17.99,2.38,58.86,0.0,1.97,7.3,99.38,82.57,0.48,PNJ,29.39,76.96,semi_arid_subtropical,NASA_POWER_daily_ag,1.672,3.539,0.6325,dewpoint,201.4,20.523
2023-01-05,8.31,17.5,1.83,59.32,0.0,1.72,6.33,99.51,96.63,0.25,PNJ,29.39,76.96,semi_arid_subtropical,NASA_POWER_daily_ag,1.541,3.422,0.622,dewpoint,187.9,20.587
2023-01-06,8.05,16.89,1.36,53.16,0.0,1.61,7.56,99.55,84.76,-1.43,PNJ,29.39,76.96,semi_arid_subtropical,NASA_POWER_daily_ag,1.629,3.564,0.5501,dewpoint,183.7,20.655
2023-01-07,9.91,19.82,2.85,50.07,0.0,2.04,8.73,99.32,75.31,-0.73,PNJ,29.39,76.96,semi_arid_subtropical,NASA_POWER_daily_ag,2.053,3.677,0.5791,dewpoint,207.7,20.727
2023-01-08,12.28,22.31,5.43,51.95,0.0,2.29,6.1,99.03,87.25,2.03,PNJ,29.39,76.96,semi_arid_subtropical,NASA_POWER_daily_ag,2.243,3.4,0.7072,dewpoint,238.0,20.803
2023-01-09,12.89,21.73,6.68,53.2,0.0,1.8,5.15,99.16,97.04,2.7,PNJ,29.39,76.96,semi_arid_subtropical,NASA_POWER_daily_ag,2.01,3.293,0.7418,dewpoint,224.4,20.883
2023-01-10,12.42,21.06,6.35,61.06,0.0,2.12,6.95,99.04,94.87,4.62,PNJ,29.39,76.96,semi_arid_subtropical,NASA_POWER_daily_ag,1.93,3.643,0.8494,dewpoint,236.9,20.966
2023-01-11,13.75,21.94,7.88,65.17,0.23,1.33,6.47,98.61,92.05,6.56,PNJ,29.39,76.96,semi_arid_subtropical,NASA_POWER_daily_ag,1.598,3.62,0.972,dewpoint,282.0,21.054
2023-01-12,14.16,21.13,10.19,69.54,3.21,1.85,10.52,98.44,54.0,8.29,PNJ,29.39,76.96,semi_arid_subtropical,NASA_POWER_daily_ag,1.853,4.537,1.0941,dewpoint,299.9,21.145
2023-01-13,15.32,21.18,9.87,75.14,2.17,2.0,7.81,98.51,69.42,10.65,PNJ,29.39,76.96,semi_arid_subtropical,NASA_POWER_daily_ag,1.691,4.114,1.2825,dewpoint,292.5,21.241
2023-01-14,10.6,18.87,3.97,53.81,0.32,2.33,7.13,98.83,57.7,0.62,PNJ,29.39,76.96,semi_arid_subtropical,NASA_POWER_daily_ag,2.159,3.669,0.6389,dewpoint,258.9,21.339
2023-01-15,7.99,17.58,1.61,47.11,0.02,2.17,14.6,98.71,1.26,-3.23,PNJ,29.39,76.96,semi_arid_subtropical,NASA_POWER_daily_ag,2.175,4.612,0.4813,dewpoint,271.5,21.442
2023-01-16,8.7,18.56,1.52,46.69,0.0,2.0,15.2,98.81,1.17,-2.85,PNJ,29.39,76.96,semi_arid_subtropical,NASA_POWER_daily_ag,2.205,4.729,0.4951,dewpoint,261.0,21.548
2023-01-17,8.58,18.57,1.84,43.23,0.0,2.21,14.55,98.85,0.72,-4.29,PNJ,29.39,76.96,semi_arid_subtropical,NASA_POWER_daily_ag,2.368,4.533,0.4444,dewpoint,256.8,21.658
2023-01-18,8.83,17.38,1.66,46.24,0.0,1.56,14.47,99.08,38.71,-2.65,PNJ,29.39,76.96,semi_arid_subtropical,NASA_POWER_daily_ag,2.013,4.789,0.5026,dewpoint,232.8,21.771
2023-01-19,12.53,20.29,4.86,46.64,2.74,1.02,10.75,99.02,96.46,0.55,PNJ,29.39,76.96,semi_arid_subtropical,NASA_POWER_daily_ag,1.852,4.316,0.6357,dewpoint,239.0,21.888
2023-01-20,12.66,20.83,5.94,64.33,1.0,2.4,8.43,98.93,77.93,5.24,PNJ,29.39,76.96,semi_arid_subtropical,NASA_POWER_daily_ag,2.093,4.177,0.887,dewpoint,248.5,22.009
2023-01-21,13.52,22.15,7.52,61.31,0.0,1.08,12.33,98.85,1.93,5.38,PNJ,29.39,76.96,semi_arid_subtropical,NASA_POWER_daily_ag,1.834,4.956,0.8957,dewpoint,256.8,22.132
2023-01-22,13.73,22.32,8.36,57.93,0.0,0.98,10.99,98.79,15.17,4.88,PNJ,29.39,76.96,semi_arid_subtropical,NASA_POWER_daily_ag,1.774,4.654,0.865,dewpoint,263.1,22.259
2023-01-23,15.57,24.14,8.74,51.45,0.0,1.37,12.15,98.68,29.69,4.96,PNJ,29.39,76.96,semi_arid_subtropical,NASA_POWER_daily_ag,2.276,4.861,0.8699,dewpoint,274.7,22.39
2023-01-24,14.49,17.33,11.25,78.38,2.1,2.58,2.92,98.56,82.42,10.67,PNJ,29.39,76.96,semi_arid_subtropical,NASA_POWER_daily_ag,1.406,2.968,1.2842,dewpoint,287.3,22.523
2023-01-25,14.95,20.6,10.16,79.87,0.24,1.71,3.85,98.74,73.96,11.21,PNJ,29.39,76.96,semi_arid_subtropical,NASA_POWER_daily_ag,1.286,3.246,1.3312,dewpoint,268.4,22.66
2023-01-26,13.16,21.67,7.76,64.02,0.01,2.01,7.52,98.99,58.49,5.69,PNJ,29.39,76.96,semi_arid_subtropical,NASA_POWER_daily_ag,1.98,4.12,0.9152,dewpoint,242.2,22.8
2023-01-27,11.73,21.75,5.5,52.82,0.0,2.65,15.16,98.97,0.75,1.35,PNJ,29.39,76.96,semi_arid_subtropical,NASA_POWER_daily_ag,2.73,5.434,0.6735,dewpoint,244.3,22.943
2023-01-28,12.33,23.04,3.89,46.77,0.0,2.11,16.1,98.66,1.92,0.24,PNJ,29.39,76.96,semi_arid_subtropical,NASA_POWER_daily_ag,2.743,5.543,0.6216,dewpoint,276.8,23.088
2023-01-29,12.15,20.62,5.78,60.98,1.24,1.84,4.26,98.62,91.73,4.4,PNJ,29.39,76.96,semi_arid_subtropical,NASA_POWER_daily_ag,1.76,3.438,0.8364,dewpoint,281.0,23.237
2023-01-30,13.12,18.41,10.16,78.75,9.56,1.71,9.66,99.04,76.22,9.41,PNJ,29.39,76.96,semi_arid_subtropical,NASA_POWER_daily_ag,1.566,4.99,1.1802,dewpoint,236.9,23.389
2023-01-31,13.8,22.54,8.33,74.45,0.0,2.9,11.19,99.05,55.08,8.9,PNJ,29.39,76.96,semi_arid_subtropical,NASA_POWER_daily_ag,2.086,5.364,1.1403,dewpoint,235.9,23.543
2023-02-01,12.83,22.62,6.1,63.16,0.0,3.0,16.75,98.9,28.43,5.0,PNJ,29.39,76.96,semi_arid_subtropical,NASA_POWER_daily_ag,2.758,6.46,0.8723,dewpoint,251.6,23.7
2023-02-02,14.01,25.14,6.36,51.32,0.0,2.86,17.0,98.77,3.57,3.14,PNJ,29.39,76.96,semi_arid_subtropical,NASA_POWER_daily_ag,3.229,6.185,0.7653,dewpoint,265.2,23.86
2023-02-03,14.65,24.48,7.74,50.86,0.0,2.19,16.21,98.8,6.21,3.61,PNJ,29.39,76.96,semi_arid_subtropical,NASA_POWER_daily_ag,2.983,6.116,0.7912,dewpoint,262.1,24.022
2023-02-04,15.83,25.85,8.52,52.96,0.0,2.5,16.55,98.51,0.62,5.39,PNJ,29.39,76.96,semi_arid_subtropical,NASA_POWER_daily_ag,3.222,6.406,0.8963,dewpoint,292.5,24.187
2023-02-05,16.43,25.35,9.33,56.42,0.0,2.27,17.22,98.41,3.98,6.39,PNJ,29.39,76.96,semi_arid_subtropical,NASA_POWER_daily_ag,3.184,6.769,0.9607,dewpoint,303.0,24.354
2023-02-06,18.44,27.05,10.76,44.32,0.0,1.37,15.39,98.38,11.18,5.3,PNJ,29.39,76.96,semi_arid_subtropical,NASA_POWER_daily_ag,2.937,6.11,0.8907,dewpoint,306.2,24.524
2023-02-07,16.59,25.5,10.39,48.63,0.0,2.57,16.98,98.35,4.0,5.08,PNJ,29.39,76.96,semi_arid_subtropical,NASA_POWER_daily_ag,3.508,6.595,0.8772,dewpoint,309.3,24.695
2023-02-08,14.89,24.63,7.5,45.52,0.0,2.34,16.54,98.57,41.56,1.84,PNJ,29.39,76.96,semi_arid_subtropical,NASA_POWER_daily_ag,3.339,6.288,0.6976,dewpoint,286.2,24.869
2023-02-09,16.81,26.68,8.62,42.94,0.0,1.61,15.35,98.43,71.72,2.85,PNJ,29.39,76.96,semi_arid_subtropical,NASA_POWER_daily_ag,3.063,6.075,0.7497,dewpoint,300.9,25.045
2023-02-10,17.61,27.13,9.97,50.23,0.0,2.07,15.0,98.31,33.36,6.36,PNJ,29.39,76.96,semi_arid_subtropical,NASA_POWER_daily_ag,3.246,6.397,0.9587,dewpoint,313.5,25.223
2023-02-11,17.36,26.21,10.56,49.18,0.02,1.54,14.25,98.52,31.4,5.69,PNJ,29.39,76.96,semi_arid_subtropical,NASA_POWER_daily_ag,2.889,6.193,0.9152,dewpoint,291.5,25.403
2023-02-12,14.14,23.17,7.9,37.17,0.04,3.0,18.93,98.91,0.13,-1.67,PNJ,29.39,76.96,semi_arid_subtropical,NASA_POWER_daily_ag,3.996,6.687,0.5404,dewpoint,250.6,25.585
2023-02-13,13.62,23.26,5.85,33.62,0.0,4.33,19.22,98.74,2.85,-3.41,PNJ,29.39,76.96,semi_arid_subtropical,NASA_POWER_daily_ag,4.724,6.712,0.4748,dewpoint,268.4,25.768
2023-02-14,16.16,26.19,8.27,34.93,0.0,3.06,16.87,98.71,19.66,-0.27,PNJ,29.39,76.96,semi_arid_subtropical,NASA_POWER_daily_ag,4.3,6.397,0.5989,dewpoint,271.5,25.954
2023-02-15,18.32,28.85,11.82,41.84,0.0,3.16,18.75,98.45,4.27,4.2,PNJ,29.39,76.96,semi_arid_subtropical,NASA_POWER_daily_ag,4.503,7.192,0.8248,dewpoint,298.8,26.14
2023-02-16,18.81,27.3,10.22,50.1,0.0,1.28,16.47,98.66,57.47,7.56,PNJ,29.39,76.96,semi_arid_subtropical,NASA_POWER_daily_ag,3.024,7.265,1.041,dewpoint,276.8,26.329
2023-02-17,19.97,28.77,12.6,47.86,0.0,1.2,14.81,98.77,83.73,7.94,PNJ,29.39,76.96,semi_arid_subtropical,NASA_POWER_daily_ag,2.974,6.755,1.0684,dewpoint,265.2,26.518
2023-02-18,19.94,29.96,12.31,43.24,0.0,1.53,14.79,98.66,57.16,6.25,PNJ,29.39,76.96,semi_arid_subtropical,NASA_POWER_daily_ag,3.329,6.578,0.9514,dewpoint,276.8,26.709
2023-02-19,22.31,30.3,15.51,30.32,0.0,0.71,14.75,98.59,67.5,3.05,PNJ,29.39,76.96,semi_arid_subtropical,NASA_POWER_daily_ag,2.801,6.17,0.7605,dewpoint,284.1,26.902
2023-02-20,21.52,30.83,13.51,36.46,0.0,1.3,14.59,98.33,61.07,5.0,PNJ,29.39,76.96,semi_arid_subtropical,NASA_POWER_daily_ag,3.394,6.439,0.8723,dewpoint,311.4,27.095
2023-02-21,20.01,30.33,12.35,45.23,0.02,1.72,16.84,98.27,13.5,6.75,PNJ,29.39,76.96,semi_arid_subtropical,NASA_POWER_daily_ag,3.635,7.363,0.9848,dewpoint,317.7,27.29
2023-02-22,18.84,28.72,12.33,40.04,0.47,1.83,15.9,98.48,55.29,3.55,PNJ,29.39,76.96,semi_arid_subtropical,NASA_POWER_daily_ag,3.685,6.842,0.7879,dewpoint,295.7,27.485
2023-02-23,18.72,29.73,11.0,36.02,0.0,2.57,20.5,98.46,8.75,1.88,PNJ,29.39,76.96,semi_arid_subtropical,NASA_POWER_daily_ag,4.618,7.847,0.6996,dewpoint,297.8,27.681
2023-02-24,19.19,30.17,11.06,36.82,0.0,1.91,19.92,98.63,9.37,2.68,PNJ,29.39,76.96,semi_arid_subtropical,NASA_POWER_daily_ag,4.121,7.863,0.7407,dewpoint,279.9,27.878
2023-02-25,20.79,30.43,13.42,33.38,0.0,1.47,19.59,98.8,1.21,2.99,PNJ,29.39,76.96,semi_arid_subtropical,NASA_POWER_daily_ag,3.932,7.771,0.7572,dewpoint,262.1,28.076
2023-02-26,21.26,30.87,14.18,37.64,0.0,1.4,18.48,98.95,4.4,5.3,PNJ,29.39,76.96,semi_arid_subtropical,NASA_POWER_daily_ag,3.79,7.82,0.8907,dewpoint,246.4,28.275
2023-02-27,21.89,31.32,15.63,39.96,0.0,1.57,18.66,98.88,16.64,6.63,PNJ,29.39,76.96,semi_arid_subtropical,NASA_POWER_daily_ag,4.007,8.052,0.9767,dewpoint,253.7,28.473
2023-02-28,21.99,31.38,14.91,40.96,0.0,1.73,16.1,98.9,61.46,6.97,PNJ,29.39,76.96,semi_arid_subtropical,NASA_POWER_daily_ag,3.986,7.43,0.9998,dewpoint,251.6,28.673
2023-03-01,22.21,31.09,15.48,41.87,0.1,1.31,18.72,99.04,33.46,7.63,PNJ,29.39,76.96,semi_arid_subtropical,NASA_POWER_daily_ag,3.815,8.355,1.046,dewpoint,236.9,28.872
2023-03-02,22.26,31.36,14.71,44.47,0.0,2.19,18.79,99.07,21.85,8.53,PNJ,29.39,76.96,semi_arid_subtropical,NASA_POWER_daily_ag,4.544,8.588,1.1121,dewpoint,233.8,29.072
2023-03-03,22.66,31.32,16.63,45.83,0.0,2.57,19.05,99.07,17.66,9.37,PNJ,29.39,76.96,semi_arid_subtropical,NASA_POWER_daily_ag,4.858,8.794,1.1771,dewpoint,233.8,29.272
2023-03-04,21.63,30.36,16.06,42.74,0.0,2.67,15.49,99.11,56.35,7.47,PNJ,29.39,76.96,semi_arid_subtropical,NASA_POWER_daily_ag,4.641,7.5,1.0347,dewpoint,229.6,29.472
2023-03-05,21.84,31.34,14.16,41.53,0.0,2.27,20.68,98.97,15.58,6.97,PNJ,29.39,76.96,semi_arid_subtropical,NASA_POWER_daily_ag,4.829,9.15,0.9998,dewpoint,244.3,29.672
2023-03-06,21.95,31.08,14.18,40.77,0.0,2.18,21.31,98.75,4.42,6.61,PNJ,29.39,76.96,semi_arid_subtropical,NASA_POWER_daily_ag,4.871,9.371,0.9753,dewpoint,267.3,29.872
2023-03-07,22.4,31.09,15.94,37.46,0.0,1.63,20.26,98.75,22.67,6.04,PNJ,29.39,76.96,semi_arid_subtropical,NASA_POWER_daily_ag,4.418,8.942,0.9377,dewpoint,267.3,30.072
2023-03-08,23.27,30.75,16.57,36.38,0.0,1.11,17.75,98.86,34.0,6.75,PNJ,29.39,76.96,semi_arid_subtropical,NASA_POWER_daily_ag,3.799,8.306,0.9848,dewpoint,255.8,30.272
2023-03-09,23.22,30.7,17.26,38.44,0.03,0.96,18.69,98.87,13.76,7.63,PNJ,29.39,76.96,semi_arid_subtropical,NASA_POWER_daily_ag,3.703,8.758,1.046,dewpoint,254.7,30.471
2023-03-10,22.76,31.38,14.65,36.76,0.0,1.83,19.74,98.74,7.06,5.91,PNJ,29.39,76.96,semi_arid_subtropical,NASA_POWER_daily_ag,4.693,8.979,0.9293,dewpoint,268.4,30.67
2023-03-11,23.44,32.04,16.55,32.75,0.0,1.33,19.84,98.73,4.06,5.1,PNJ,29.39,76.96,semi_arid_subtropical,NASA_POWER_daily_ag,4.308,8.85,0.8784,dewpoint,269.4,30.868
2023-03-12,24.62,33.82,17.49,35.15,0.0,1.24,19.67,98.67,29.69,7.02,PNJ,29.39,76.96,semi_arid_subtropical,NASA_POWER_daily_ag,4.297,9.016,1.0032,dewpoint,275.7,31.065
2023-03-13,25.16,33.02,18.77,38.03,0.0,1.92,16.49,98.5,56.28,8.54,PNJ,29.39,76.96,semi_arid_subtropical,NASA_POWER_daily_ag,4.788,8.217,1.1129,dewpoint,293.6,31.262
2023-03-14,24.65,33.76,17.07,39.45,0.0,1.99,20.99,98.22,4.44,8.71,PNJ,29.39,76.96,semi_arid_subtropical,NASA_POWER_daily_ag,5.164,9.861,1.1258,dewpoint,323.0,31.458
2023-03-15,25.25,34.03,17.47,35.32,0.04,1.19,19.59,98.14,58.8,7.35,PNJ,29.39,76.96,semi_arid_subtropical,NASA_POWER_daily_ag,4.353,9.207,1.0262,dewpoint,331.4,31.654
2023-03-16,25.32,33.88,19.58,35.17,0.06,1.49,18.58,98.2,67.88,7.59,PNJ,29.39,76.96,semi_arid_subtropical,NASA_POWER_daily_ag,4.608,8.889,1.0432,dewpoint,325.1,31.848
2023-03-17,23.58,28.87,18.81,49.78,1.16,1.49,17.27,98.43,73.55,11.91,PNJ,29.39,76.96,semi_arid_subtropical,NASA_POWER_daily_ag,4.042,9.209,1.3943,dewpoint,300.9,32.041
2023-03-18,19.8,23.18,16.61,75.32,10.39,1.42,11.63,98.4,78.57,15.15,PNJ,29.39,76.96,semi_arid_subtropical,NASA_POWER_daily_ag,2.472,7.291,1.7219,dewpoint,304.1,32.233
2023-03-19,21.84,27.95,16.41,60.88,1.47,0.86,16.74,98.15,51.95,13.16,PNJ,29.39,76.96,semi_arid_subtropical,NASA_POWER_daily_ag,3.261,9.307,1.5135,dewpoint,330.4,32.424
2023-03-20,19.93,25.19,16.46,69.89,20.62,0.92,11.51,98.0,93.6,13.87,PNJ,29.39,76.96,semi_arid_subtropical,NASA_POWER_daily_ag,2.436,7.185,1.5852,dewpoint,346.2,32.614
2023-03-21,20.07,25.83,14.87,69.39,16.68,0.87,18.8,98.11,70.1,13.74,PNJ,29.39,76.96,semi_arid_subtropical,NASA_POWER_daily_ag,3.282,10.443,1.5718,dewpoint,334.6,32.803
2023-03-22,21.16,28.61,13.97,55.69,0.02,1.59,20.07,98.26,50.88,11.22,PNJ,29.39,76.96,semi_arid_subtropical,NASA_POWER_daily_ag,4.087,10.597,1.332,dewpoint,318.8,32.99
2023-03-23,22.1,30.37,14.18,49.66,0.01,2.12,21.58,98.08,31.68,10.16,PNJ,29.39,76.96,semi_arid_subtropical,NASA_POWER_daily_ag,4.838,11.021,1.2412,dewpoint,337.7,33.176
2023-03-24,23.59,30.05,17.14,52.96,1.31,1.77,15.48,98.08,75.36,12.76,PNJ,29.39,76.96,semi_arid_subtropical,NASA_POWER_daily_ag,4.055,8.822,1.4744,dewpoint,337.7,33.36
2023-03-25,21.97,28.82,17.0,67.41,7.87,2.08,19.86,98.35,33.99,14.83,PNJ,29.39,76.96,semi_arid_subtropical,NASA_POWER_daily_ag,4.116,11.069,1.6868,dewpoint,309.3,33.543
2023-03-26,22.16,30.0,15.34,52.87,0.0,2.31,20.31,98.39,25.85,11.04,PNJ,29.39,76.96,semi_arid_subtropical,NASA_POWER_daily_ag,4.782,10.735,1.3162,dewpoint,305.1,33.724
2023-03-27,21.09,29.34,13.7,47.07,0.0,2.24,23.89,98.28,1.9,8.31,PNJ,29.39,76.96,semi_arid_subtropical,NASA_POWER_daily_ag,5.112,11.875,1.0956,dewpoint,316.7,33.904
2023-03-28,22.46,31.06,15.18,43.46,0.0,1.96,22.29,98.23,32.2,8.36,PNJ,29.39,76.96,semi_arid_subtropical,NASA_POWER_daily_ag,5.053,11.172,1.0994,dewpoint,321.9,34.082
2023-03-29,24.47,32.97,16.6,43.5,0.0,1.24,16.69,98.26,77.93,10.11,PNJ,29.39,76.96,semi_arid_subtropical,NASA_POWER_daily_ag,4.099,9.135,1.237,dewpoint,318.8,34.258
2023-03-30,25.01,33.26,17.8,47.9,7.0,1.25,16.6,98.06,78.53,11.67,PNJ,29.39,76.96,semi_arid_subtropical,NASA_POWER_daily_ag,4.104,9.265,1.3723,dewpoint,339.9,34.432
2023-03-31,20.6,25.15,16.57,76.35,8.39,1.91,11.38,98.12,93.8,15.86,PNJ,29.39,76.96,semi_arid_subtropical,NASA_POWER_daily_ag,2.693,7.442,1.8021,dewpoint,333.5,34.604
2023-04-01,21.94,26.37,17.26,66.07,5.96,1.19,18.51,98.16,39.9,14.66,PNJ,29.39,76.96,semi_arid_subtropical,NASA_POWER_daily_ag,3.688,10.704,1.6684,dewpoint,329.3,34.775
2023-04-02,22.6,29.9,15.77,56.69,0.0,1.78,19.98,98.06,22.27,12.77,PNJ,29.39,76.96,semi_arid_subtropical,NASA_POWER_daily_ag,4.428,11.085,1.4754,dewpoint,339.9,34.943
2023-04-03,24.01,32.42,16.45,53.43,3.32,1.51,22.95,97.91,29.62,12.95,PNJ,29.39,76.96,semi_arid_subtropical,NASA_POWER_daily_ag,4.852,12.35,1.4929,dewpoint,355.7,35.11
2023-04-04,23.64,30.58,18.09,54.58,0.02,2.18,22.77,98.12,39.84,13.33,PNJ,29.39,76.96,semi_arid_subtropical,NASA_POWER_daily_ag,5.141,12.384,1.5304,dewpoint,333.5,35.274
2023-04-05,23.51,32.41,15.88,45.35,0.0,2.3,24.88,98.23,50.57,9.21,PNJ,29.39,76.96,semi_arid_subtropical,NASA_POWER_daily_ag,5.798,12.592,1.1644,dewpoint,321.9,35.437
2023-04-06,23.41,32.78,15.64,39.92,0.0,2.89,24.96,98.45,30.33,8.21,PNJ,29.39,76.96,semi_arid_subtropical,NASA_POWER_daily_ag,6.305,12.477,1.0882,dewpoint,298.8,35.597
2023-04-07,23.95,33.19,15.96,35.23,0.0,2.75,26.74,98.61,0.5,5.81,PNJ,29.39,76.96,semi_arid_subtropical,NASA_POWER_daily_ag,6.711,12.743,0.9229,dewpoint,282.0,35.755
2023-04-08,23.92,34.26,14.09,33.88,0.0,2.02,26.94,98.66,0.04,4.92,PNJ,29.39,76.96,semi_arid_subtropical,NASA_POWER_daily_ag,6.128,12.733,0.8675,dewpoint,276.8,35.911
2023-04-09,25.24,34.44,16.99,30.29,0.0,1.66,26.41,98.62,0.05,4.62,PNJ,29.39,76.96,semi_arid_subtropical,NASA_POWER_daily_ag,5.932,12.386,0.8494,dewpoint,281.0,36.064
2023-04-10,25.27,34.76,15.99,32.95,0.0,1.89,24.76,98.42,14.08,5.98,PNJ,29.39,76.96,semi_arid_subtropical,NASA_POWER_daily_ag,6.01,12.082,0.9338,dewpoint,302.0,36.216
2023-04-11,27.0,36.76,17.88,34.91,0.0,2.71,25.35,98.33,43.47,8.66,PNJ,29.39,76.96,semi_arid_subtropical,NASA_POWER_daily_ag,7.098,12.625,1.122,dewpoint,311.4,36.365
2023-04-12,28.53,37.6,20.45,36.02,0.0,2.85,20.77,98.31,46.39,10.62,PNJ,29.39,76.96,semi_arid_subtropical,NASA_POWER_daily_ag,6.971,11.028,1.2799,dewpoint,313.5,36.512
2023-04-13,28.2,38.26,18.87,34.18,0.0,2.52,25.81,98.16,3.25,9.21,PNJ,29.39,76.96,semi_arid_subtropical,NASA_POWER_daily_ag,7.204,12.872,1.1644,dewpoint,329.3,36.656
2023-04-14,29.61,39.14,20.14,33.19,0.0,1.9,25.83,98.06,8.99,10.0,PNJ,29.39,76.96,semi_arid_subtropical,NASA_POWER_daily_ag,6.762,12.975,1.228,dewpoint,339.9,36.798
2023-04-15,31.4,40.19,23.02,25.69,0.0,1.21,23.85,98.01,20.82,7.39,PNJ,29.39,76.96,semi_arid_subtropical,NASA_POWER_daily_ag,5.862,11.619,1.029,dewpoint,345.1,36.938
2023-04-16,30.77,40.4,22.25,28.06,0.0,1.64,22.39,97.89,57.55,8.41,PNJ,29.39,76.96,semi_arid_subtropical,NASA_POWER_daily_ag,6.265,11.299,1.1031,dewpoint,357.8,37.075
2023-04-17,31.68,40.6,22.37,28.58,0.0,1.8,25.25,97.87,9.71,9.79,PNJ,29.39,76.96,semi_arid_subtropical,NASA_POWER_daily_ag,6.937,12.654,1.2108,dewpoint,359.9,37.21
2023-04-18,31.47,39.87,24.43,31.12,0.09,2.16,23.16,98.01,38.73,11.47,PNJ,29.39,76.96,semi_arid_subtropical,NASA_POWER_daily_ag,7.069,12.107,1.3543,dewpoint,345.1,37.343
2023-04-19,29.42,36.4,23.84,43.13,0.54,2.42,19.87,97.79,84.71,14.46,PNJ,29.39,76.96,semi_arid_subtropical,NASA_POWER_daily_ag,6.321,11.332,1.647,dewpoint,368.3,37.473
2023-04-20,28.15,34.29,22.75,48.81,7.15,1.55,22.98,97.54,47.2,15.44,PNJ,29.39,76.96,semi_arid_subtropical,NASA_POWER_daily_ag,5.608,13.048,1.7543,dewpoint,394.8,37.6
2023-04-21,27.57,35.73,20.2,37.94,0.17,1.92,23.33,97.64,45.9,9.88,PNJ,29.39,76.96,semi_arid_subtropical,NASA_POWER_daily_ag,6.21,12.32,1.2181,dewpoint,384.2,37.726
2023-04-22,27.08,35.33,19.36,31.65,0.02,1.97,26.02,97.78,25.47,7.32,PNJ,29.39,76.96,semi_arid_subtropical,NASA_POWER_daily_ag,6.598,13.065,1.0241,dewpoint,369.4,37.848
2023-04-23,24.69,31.5,17.9,36.92,1.25,2.42,14.7,97.96,83.82,8.3,PNJ,29.39,76.96,semi_arid_subtropical,NASA_POWER_daily_ag,5.337,8.769,1.0949,dewpoint,350.4,37.969
2023-04-24,27.02,35.39,19.4,33.55,0.0,1.76,21.56,98.25,31.49,8.23,PNJ,29.39,76.96,semi_arid_subtropical,NASA_POWER_daily_ag,5.845,11.458,1.0897,dewpoint,319.8,38.086
2023-04-25,27.41,34.91,18.71,34.95,0.0,1.39,23.91,98.35,23.14,9.41,PNJ,29.39,76.96,semi_arid_subtropical,NASA_POWER_daily_ag,5.733,12.661,1.1802,dewpoint,309.3,38.202
2023-04-26,29.4,35.97,22.3,31.79,0.01,0.84,22.03,98.02,60.53,10.07,PNJ,29.39,76.96,semi_arid_subtropical,NASA_POWER_daily_ag,5.026,11.844,1.2337,dewpoint,344.1,38.315
2023-04-27,28.48,36.4,23.27,40.98,1.49,1.89,18.31,97.99,61.52,13.18,PNJ,29.39,76.96,semi_arid_subtropical,NASA_POWER_daily_ag,5.562,10.626,1.5155,dewpoint,347.2,38.425
2023-04-28,26.16,30.22,21.98,49.55,4.62,1.18,17.99,98.16,80.1,14.47,PNJ,29.39,76.96,semi_arid_subtropical,NASA_POWER_daily_ag,4.412,10.804,1.648,dewpoint,329.3,38.533
2023-04-29,26.45,31.98,22.53,49.69,0.83,1.63,13.01,97.99,86.21,14.61,PNJ,29.39,76.96,semi_arid_subtropical,NASA_POWER_daily_ag,4.168,8.42,1.663,dewpoint,347.2,38.639
2023-04-30,25.54,31.79,19.33,58.52,1.23,1.56,12.02,97.93,94.22,15.93,PNJ,29.39,76.96,semi_arid_subtropical,NASA_POWER_daily_ag,3.693,8.049,1.8102,dewpoint,353.6,38.742
2023-05-01,21.86,23.62,20.03,77.72,11.2,2.49,9.92,98.04,98.36,17.72,PNJ,29.39,76.96,semi_arid_subtropical,NASA_POWER_daily_ag,2.699,7.087,2.0279,dewpoint,342.0,38.842
2023-05-02,21.98,25.25,19.44,80.36,4.07,1.89,12.93,98.17,78.28,18.23,PNJ,29.39,76.96,semi_arid_subtropical,NASA_POWER_daily_ag,2.9,8.71,2.094,dewpoint,328.3,38.941
2023-05-03,23.17,28.74,18.97,73.64,9.75,1.17,14.76,98.27,56.49,17.76,PNJ,29.39,76.96,semi_arid_subtropical,NASA_POWER_daily_ag,3.273,9.622,2.033,dewpoint,317.7,39.036
2023-05-04,26.65,33.27,19.21,51.81,0.56,1.12,25.16,98.16,7.69,14.82,PNJ,29.39,76.96,semi_arid_subtropical,NASA_POWER_daily_ag,5.422,14.386,1.6857,dewpoint,329.3,39.13
2023-05-05,26.94,32.64,21.5,45.1,0.0,2.04,23.34,97.98,31.75,13.72,PNJ,29.39,76.96,semi_arid_subtropical,NASA_POWER_daily_ag,6.028,13.298,1.5698,dewpoint,348.3,39.221
2023-05-06,28.52,36.09,20.67,43.14,0.35,2.74,19.58,97.78,36.04,13.81,PNJ,29.39,76.96,semi_arid_subtropical,NASA_POWER_daily_ag,6.517,11.485,1.579,dewpoint,369.4,39.309
2023-05-07,30.54,38.26,22.22,32.54,0.01,1.47,24.83,97.67,31.34,10.44,PNJ,29.39,76.96,semi_arid_subtropical,NASA_POWER_daily_ag,6.42,13.231,1.2646,dewpoint,381.0,39.395
2023-05-08,29.94,38.17,22.71,22.75,0.27,1.56,23.59,97.6,44.48,5.0,PNJ,29.39,76.96,semi_arid_subtropical,NASA_POWER_daily_ag,6.401,11.912,0.8723,dewpoint,388.4,39.479
2023-05-09,28.48,37.79,19.92,28.18,0.04,3.07,28.09,97.89,2.01,6.04,PNJ,29.39,76.96,semi_arid_subtropical,NASA_POWER_daily_ag,8.487,13.95,0.9377,dewpoint,357.8,39.561
2023-05-10,27.94,37.57,18.55,27.58,0.02,2.94,28.94,97.84,1.44,5.61,PNJ,29.39,76.96,semi_arid_subtropical,NASA_POWER_daily_ag,8.34,14.308,0.9102,dewpoint,363.1,39.64
2023-05-11,30.06,39.4,18.9,23.9,0.0,1.54,27.32,97.87,13.09,4.8,PNJ,29.39,76.96,semi_arid_subtropical,NASA_POWER_daily_ag,6.846,13.442,0.8602,dewpoint,359.9,39.717
2023-05-12,32.31,41.68,23.9,21.15,0.0,1.25,26.5,97.76,1.57,5.7,PNJ,29.39,76.96,semi_arid_subtropical,NASA_POWER_daily_ag,6.519,12.96,0.9159,dewpoint,371.5,39.791
2023-05-13,33.54,41.26,23.66,22.73,0.0,0.99,24.08,97.71,39.32,7.93,PNJ,29.39,76.96,semi_arid_subtropical,NASA_POWER_daily_ag,5.97,12.441,1.0677,dewpoint,376.8,39.863
2023-05-14,32.87,40.69,25.99,26.56,0.0,1.52,24.42,97.42,41.93,9.86,PNJ,29.39,76.96,semi_arid_subtropical,NASA_POWER_daily_ag,6.772,12.849,1.2165,dewpoint,407.5,39.933
2023-05-15,32.68,41.68,23.87,31.19,0.02,2.31,25.35,97.35,37.58,11.85,PNJ,29.39,76.96,semi_arid_subtropical,NASA_POWER_daily_ag,7.905,13.64,1.3888,dewpoint,414.9,40.001
2023-05-16,32.85,40.43,24.89,27.16,0.05,2.24,23.11,97.54,49.46,10.14,PNJ,29.39,76.96,semi_arid_subtropical,NASA_POWER_daily_ag,7.664,12.425,1.2395,dewpoint,394.8,40.067
2023-05-17,33.59,41.58,25.01,29.59,0.45,2.69,24.29,97.68,57.19,12.31,PNJ,29.39,76.96,semi_arid_subtropical,NASA_POWER_daily_ag,8.443,13.245,1.4315,dewpoint,380.0,40.13
2023-05-18,30.4,37.35,24.47,45.2,13.09,2.78,24.63,98.1,64.22,16.45,PNJ,29.39,76.96,semi_arid_subtropical,NASA_POWER_daily_ag,7.41,14.327,1.8712,dewpoint,335.6,40.191
2023-05-19,31.05,38.98,23.55,36.13,0.0,3.73,27.51,97.83,7.72,12.97,PNJ,29.39,76.96,semi_arid_subtropical,NASA_POWER_daily_ag,9.234,14.985,1.4948,dewpoint,364.1,40.25
2023-05-20,32.12,40.74,23.62,29.82,0.0,2.95,28.11,97.61,6.81,10.67,PNJ,29.39,76.96,semi_arid_subtropical,NASA_POWER_daily_ag,8.996,14.714,1.2842,dewpoint,387.4,40.307
2023-05-21,34.08,43.35,25.7,24.15,0.0,1.73,27.3,97.63,3.17,8.94,PNJ,29.39,76.96,semi_arid_subtropical,NASA_POWER_daily_ag,7.644,13.835,1.1434,dewpoint,385.3,40.361
2023-05-22,35.48,44.48,26.07,26.84,0.0,2.64,26.06,97.63,19.93,12.37,PNJ,29.39,76.96,semi_arid_subtropical,NASA_POWER_daily_ag,9.012,13.93,1.4372,dewpoint,385.3,40.414
2023-05-23,35.78,43.98,27.93,30.92,0.18,3.09,22.44,97.62,65.34,15.04,PNJ,29.39,76.96,semi_arid_subtropical,NASA_POWER_daily_ag,9.028,12.778,1.7097,dewpoint,386.3,40.464
2023-05-24,32.5,37.73,27.89,42.55,5.38,1.55,19.3,97.7,80.11,17.66,PNJ,29.39,76.96,semi_arid_subtropical,NASA_POWER_daily_ag,5.823,11.833,2.0203,dewpoint,377.9,40.513
2023-05-25,31.51,36.81,26.77,45.26,4.43,1.52,21.81,97.7,82.48,17.48,PNJ,29.39,76.96,semi_arid_subtropical,NASA_POWER_daily_ag,6.017,13.122,1.9975,dewpoint,377.9,40.559
2023-05-26,30.22,36.39,24.75,50.1,8.61,1.72,22.11,97.78,54.54,17.9,PNJ,29.39,76.96,semi_arid_subtropical,NASA_POWER_daily_ag,5.99,13.404,2.051,dewpoint,369.4,40.603
2023-05-27,29.13,33.44,25.34,55.81,3.87,1.87,22.64,97.79,47.56,18.99,PNJ,29.39,76.96,semi_arid_subtropical,NASA_POWER_daily_ag,5.865,13.929,2.196,dewpoint,368.3,40.645
2023-05-28,29.28,33.24,23.42,49.11,0.45,1.49,23.73,97.92,46.62,17.0,PNJ,29.39,76.96,semi_arid_subtropical,NASA_POWER_daily_ag,5.94,14.209,1.9377,dewpoint,354.6,40.686
2023-05-29,29.41,35.24,24.55,53.41,6.81,1.32,18.8,98.04,85.64,18.33,PNJ,29.39,76.96,semi_arid_subtropical,NASA_POWER_daily_ag,4.982,11.793,2.1072,dewpoint,342.0,40.724
2023-05-30,28.9,35.37,24.29,54.56,3.24,1.9,23.78,98.08,64.36,18.11,PNJ,29.39,76.96,semi_arid_subtropical,NASA_POWER_daily_ag,6.079,14.359,2.0783,dewpoint,337.7,40.76
2023-05-31,26.71,31.77,22.32,60.27,7.49,2.61,13.46,97.93,69.7,17.95,PNJ,29.39,76.96,semi_arid_subtropical,NASA_POWER_daily_ag,4.556,9.041,2.0575,dewpoint,353.6,40.794
2023-06-01,27.26,35.24,20.22,53.9,0.68,2.8,18.6,97.92,58.42,16.0,PNJ,29.39,76.96,semi_arid_subtropical,NASA_POWER_daily_ag,5.838,11.502,1.8183,dewpoint,354.6,40.827
2023-06-02,27.89,35.22,21.06,51.04,0.64,2.87,23.59,97.82,46.81,15.52,PNJ,29.39,76.96,semi_arid_subtropical,NASA_POWER_daily_ag,6.781,13.921,1.7633,dewpoint,365.2,40.857
2023-06-03,29.61,36.99,21.82,43.03,0.0,2.01,27.85,97.81,8.76,14.77,PNJ,29.39,76.96,semi_arid_subtropical,NASA_POWER_daily_ag,7.175,15.794,1.6803,dewpoint,366.2,40.886
2023-06-04,31.11,38.93,23.97,39.13,0.13,1.71,18.92,97.71,69.71,14.53,PNJ,29.39,76.96,semi_arid_subtropical,NASA_POWER_daily_ag,5.929,11.356,1.6544,dewpoint,376.8,40.913
2023-06-05,32.38,39.81,25.29,39.21,0.0,3.12,26.3,97.58,4.52,15.53,PNJ,29.39,76.96,semi_arid_subtropical,NASA_POWER_daily_ag,8.639,14.992,1.7644,dewpoint,390.5,40.938
2023-06-06,32.56,39.56,25.72,39.71,0.57,2.13,25.45,97.59,24.8,16.13,PNJ,29.39,76.96,semi_arid_subtropical,NASA_POWER_daily_ag,7.493,14.7,1.8334,dewpoint,389.5,40.961
2023-06-07,32.37,39.0,25.75,38.41,0.49,2.46,27.03,97.57,4.96,15.35,PNJ,29.39,76.96,semi_arid_subtropical,NASA_POWER_daily_ag,8.083,15.331,1.7442,dewpoint,391.6,40.982
2023-06-08,33.06,40.46,24.74,37.96,0.0,3.25,27.32,97.51,11.97,15.88,PNJ,29.39,76.96,semi_arid_subtropical,NASA_POWER_daily_ag,9.075,15.566,1.8044,dewpoint,398.0,41.001
2023-06-09,34.68,41.96,26.92,36.15,0.02,3.1,25.86,97.21,24.56,16.4,PNJ,29.39,76.96,semi_arid_subtropical,NASA_POWER_daily_ag,9.114,14.852,1.8653,dewpoint,429.8,41.019
2023-06-10,35.68,43.01,28.27,39.05,1.06,2.77,19.41,97.07,50.25,18.65,PNJ,29.39,76.96,semi_arid_subtropical,NASA_POWER_daily_ag,7.823,11.984,2.1499,dewpoint,444.6,41.034
2023-06-11,34.62,40.47,29.15,41.5,0.31,3.35,25.93,97.13,28.65,19.04,PNJ,29.39,76.96,semi_arid_subtropical,NASA_POWER_daily_ag,9.054,15.444,2.2029,dewpoint,438.2,41.048
2023-06-12,35.14,41.87,28.12,37.66,0.0,3.73,25.9,97.04,17.5,17.67,PNJ,29.39,76.96,semi_arid_subtropical,NASA_POWER_daily_ag,9.782,15.118,2.0215,dewpoint,447.8,41.061
2023-06-13,36.76,43.52,30.1,36.26,0.0,4.86,25.16,97.02,37.24,18.5,PNJ,29.39,76.96,semi_arid_subtropical,NASA_POWER_daily_ag,11.286,14.818,2.1298,dewpoint,449.9,41.071
2023-06-14,36.08,42.1,30.21,38.21,0.02,5.34,24.38,97.11,47.06,19.06,PNJ,29.39,76.96,semi_arid_subtropical,NASA_POWER_daily_ag,11.244,14.579,2.2056,dewpoint,440.4,41.08
2023-06-15,33.77,37.94,29.95,46.18,0.94,4.87,24.94,97.29,36.03,20.42,PNJ,29.39,76.96,semi_arid_subtropical,NASA_POWER_daily_ag,9.601,15.277,2.3998,dewpoint,421.3,41.087
2023-06-16,34.12,40.1,27.46,46.63,0.93,3.32,21.2,97.27,63.28,20.25,PNJ,29.39,76.96,semi_arid_subtropical,NASA_POWER_daily_ag,8.001,13.243,2.3747,dewpoint,423.4,41.092
2023-06-17,34.73,39.28,30.12,44.43,0.94,1.85,17.12,97.28,77.25,20.46,PNJ,29.39,76.96,semi_arid_subtropical,NASA_POWER_daily_ag,6.02,11.061,2.4057,dewpoint,422.3,41.095
2023-06-18,32.93,38.68,26.25,50.08,1.05,1.46,18.92,97.28,70.25,20.57,PNJ,29.39,76.96,semi_arid_subtropical,NASA_POWER_daily_ag,5.578,12.11,2.4221,dewpoint,422.3,41.097
2023-06-19,35.17,39.69,30.08,43.83,3.35,1.48,21.59,97.16,59.61,20.59,PNJ,29.39,76.96,semi_arid_subtropical,NASA_POWER_daily_ag,6.407,13.47,2.4251,dewpoint,435.1,41.097
2023-06-20,35.28,40.29,29.73,45.29,4.7,1.6,25.34,97.16,46.85,21.13,PNJ,29.39,76.96,semi_arid_subtropical,NASA_POWER_daily_ag,7.163,15.595,2.5069,dewpoint,435.1,41.095
2023-06-21,34.65,39.64,29.44,49.55,3.7,1.67,21.69,97.27,55.63,21.99,PNJ,29.39,76.96,semi_arid_subtropical,NASA_POWER_daily_ag,6.453,13.784,2.6423,dewpoint,423.4,41.092
2023-06-22,33.08,37.01,29.58,60.15,19.46,1.52,16.63,97.29,54.76,24.17,PNJ,29.39,76.96,semi_arid_subtropical,NASA_POWER_daily_ag,4.955,11.251,3.0145,dewpoint,421.3,41.086
2023-06-23,34.82,39.34,30.66,53.78,2.59,1.82,17.75,97.26,77.83,23.58,PNJ,29.39,76.96,semi_arid_subtropical,NASA_POWER_daily_ag,5.806,11.79,2.9095,dewpoint,424.4,41.079
2023-06-24,32.13,35.04,28.33,65.98,29.67,2.13,19.33,97.23,94.85,24.78,PNJ,29.39,76.96,semi_arid_subtropical,NASA_POWER_daily_ag,5.517,12.974,3.1265,dewpoint,427.6,41.071
2023-06-25,30.59,35.61,26.98,75.3,23.83,2.18,11.09,97.29,95.17,25.35,PNJ,29.39,76.96,semi_arid_subtropical,NASA_POWER_daily_ag,3.595,8.053,3.2344,dewpoint,421.3,41.06
2023-06-26,30.0,34.81,26.4,71.5,11.42,2.39,13.25,97.42,93.88,23.86,PNJ,29.39,76.96,semi_arid_subtropical,NASA_POWER_daily_ag,4.188,9.271,2.9589,dewpoint,407.5,41.048
2023-06-27,30.24,34.08,25.98,70.01,11.74,2.13,15.74,97.32,68.19,23.86,PNJ,29.39,76.96,semi_arid_subtropical,NASA_POWER_daily_ag,4.554,10.751,2.9589,dewpoint,418.1,41.035
2023-06-28,31.18,35.61,27.15,69.64,17.04,1.32,16.27,97.44,58.47,24.62,PNJ,29.39,76.96,semi_arid_subtropical,NASA_POWER_daily_ag,4.363,11.119,3.0968,dewpoint,405.4,41.019
2023-06-29,30.77,34.55,27.06,71.69,16.78,1.89,18.61,97.36,63.86,24.81,PNJ,29.39,76.96,semi_arid_subtropical,NASA_POWER_daily_ag,4.921,12.56,3.1321,dewpoint,413.8,41.002
2023-06-30,30.31,34.48,26.69,72.68,11.5,1.14,22.47,97.18,58.79,24.52,PNJ,29.39,76.96,semi_arid_subtropical,NASA_POWER_daily_ag,5.247,14.835,3.0783,dewpoint,432.9,40.983
2023-07-01,29.98,34.72,25.41,70.19,3.51,1.31,22.72,97.29,69.97,23.48,PNJ,29.39,76.96,semi_arid_subtropical,NASA_POWER_daily_ag,5.367,14.798,2.892,dewpoint,421.3,40.962
2023-07-02,32.13,37.86,25.71,61.72,0.29,1.69,22.48,97.27,51.49,23.21,PNJ,29.39,76.96,semi_arid_subtropical,NASA_POWER_daily_ag,5.994,14.541,2.8453,dewpoint,423.4,40.94
2023-07-03,32.9,38.01,27.7,59.77,0.61,1.3,22.07,97.25,21.74,23.6,PNJ,29.39,76.96,semi_arid_subtropical,NASA_POWER_daily_ag,5.773,14.339,2.913,dewpoint,425.5,40.916
2023-07-04,32.45,38.13,27.8,64.67,7.35,1.56,14.59,97.12,76.72,24.45,PNJ,29.39,76.96,semi_arid_subtropical,NASA_POWER_daily_ag,4.461,10.069,3.0655,dewpoint,439.3,40.89
2023-07-05,30.86,35.25,27.11,72.58,15.87,2.1,11.13,97.11,90.07,24.99,PNJ,29.39,76.96,semi_arid_subtropical,NASA_POWER_daily_ag,3.711,8.055,3.1659,dewpoint,440.4,40.862
2023-07-06,28.73,32.44,26.47,83.75,14.15,3.04,16.79,97.38,94.43,25.58,PNJ,29.39,76.96,semi_arid_subtropical,NASA_POWER_daily_ag,4.078,11.569,3.2789,dewpoint,411.7,40.833
2023-07-07,28.62,31.58,26.38,81.98,6.36,2.72,16.34,97.47,89.93,25.05,PNJ,29.39,76.96,semi_arid_subtropical,NASA_POWER_daily_ag,4.068,11.239,3.1772,dewpoint,402.2,40.801
2023-07-08,28.48,32.09,25.9,86.12,32.64,3.69,8.61,97.42,98.47,25.83,PNJ,29.39,76.96,semi_arid_subtropical,NASA_POWER_daily_ag,2.693,6.54,3.3278,dewpoint,407.5,40.768
2023-07-09,29.04,32.24,26.18,86.68,53.42,2.78,9.73,97.38,98.59,26.49,PNJ,29.39,76.96,semi_arid_subtropical,NASA_POWER_daily_ag,2.748,7.246,3.46,dewpoint,411.7,40.733
2023-07-10,28.99,32.53,26.82,87.0,51.49,2.37,7.76,97.3,98.85,26.5,PNJ,29.39,76.96,semi_arid_subtropical,NASA_POWER_daily_ag,2.34,6.01,3.4621,dewpoint,420.2,40.697
2023-07-11,29.59,32.8,26.1,82.68,20.87,1.19,22.63,97.37,60.98,26.2,PNJ,29.39,76.96,semi_arid_subtropical,NASA_POWER_daily_ag,5.026,15.268,3.4014,dewpoint,412.8,40.658
2023-07-12,29.7,33.66,26.26,82.95,32.61,0.87,18.64,97.29,51.32,26.35,PNJ,29.39,76.96,semi_arid_subtropical,NASA_POWER_daily_ag,4.249,12.793,3.4316,dewpoint,421.3,40.618
2023-07-13,29.66,33.17,26.67,82.7,1.98,1.18,20.2,97.31,62.43,26.24,PNJ,29.39,76.96,semi_arid_subtropical,NASA_POWER_daily_ag,4.584,13.745,3.4094,dewpoint,419.1,40.576
2023-07-14,28.95,32.05,26.27,84.36,4.72,1.35,16.25,97.44,74.47,25.91,PNJ,29.39,76.96,semi_arid_subtropical,NASA_POWER_daily_ag,3.781,11.26,3.3436,dewpoint,405.4,40.532
2023-07-15,29.27,33.39,25.71,82.4,1.13,1.77,18.09,97.39,72.65,25.77,PNJ,29.39,76.96,semi_arid_subtropical,NASA_POWER_daily_ag,4.258,12.367,3.316,dewpoint,410.7,40.486
2023-07-16,29.4,33.08,25.92,83.9,9.31,1.31,16.84,97.38,86.04,26.28,PNJ,29.39,76.96,semi_arid_subtropical,NASA_POWER_daily_ag,3.928,11.658,3.4175,dewpoint,411.7,40.438
2023-07-17,30.35,33.25,27.36,80.48,5.17,1.1,17.8,97.27,81.69,26.49,PNJ,29.39,76.96,semi_arid_subtropical,NASA_POWER_daily_ag,4.228,12.268,3.46,dewpoint,423.4,40.389
2023-07-18,29.51,32.8,27.11,85.98,9.65,1.89,13.04,97.24,98.01,26.83,PNJ,29.39,76.96,semi_arid_subtropical,NASA_POWER_daily_ag,3.258,9.323,3.5299,dewpoint,426.6,40.337
2023-07-19,28.49,31.67,26.34,86.59,1.26,2.5,14.61,97.31,96.35,25.98,PNJ,29.39,76.96,semi_arid_subtropical,NASA_POWER_daily_ag,3.473,10.241,3.3575,dewpoint,419.1,40.283
2023-07-20,30.76,35.14,25.65,76.57,0.68,1.18,25.84,97.28,54.25,25.91,PNJ,29.39,76.96,semi_arid_subtropical,NASA_POWER_daily_ag,5.857,17.118,3.3436,dewpoint,422.3,40.228
2023-07-21,30.99,34.26,27.2,79.52,3.23,1.43,16.58,97.43,91.15,26.87,PNJ,29.39,76.96,semi_arid_subtropical,NASA_POWER_daily_ag,4.159,11.532,3.5382,dewpoint,406.4,40.171
2023-07-22,29.17,31.71,27.0,86.02,2.47,2.65,13.46,97.71,94.18,26.53,PNJ,29.39,76.96,semi_arid_subtropical,NASA_POWER_daily_ag,3.379,9.557,3.4682,dewpoint,376.8,40.111
2023-07-23,29.79,33.06,26.7,82.34,1.94,2.28,23.85,97.7,57.4,26.32,PNJ,29.39,76.96,semi_arid_subtropical,NASA_POWER_daily_ag,5.357,15.984,3.4256,dewpoint,377.9,40.05
2023-07-24,29.89,33.74,26.17,81.48,1.27,1.99,23.24,97.46,46.65,26.19,PNJ,29.39,76.96,semi_arid_subtropical,NASA_POWER_daily_ag,5.277,15.571,3.3994,dewpoint,403.2,39.986
2023-07-25,29.73,32.05,26.98,85.12,17.07,1.11,14.0,97.45,96.35,26.91,PNJ,29.39,76.96,semi_arid_subtropical,NASA_POWER_daily_ag,3.359,9.917,3.5466,dewpoint,404.3,39.921
2023-07-26,29.0,31.83,26.74,86.23,13.27,1.27,18.39,97.62,83.53,26.39,PNJ,29.39,76.96,semi_arid_subtropical,NASA_POWER_daily_ag,4.098,12.603,3.4397,dewpoint,386.3,39.853
2023-07-27,28.84,31.55,25.92,84.77,8.55,0.88,20.46,97.52,76.61,25.92,PNJ,29.39,76.96,semi_arid_subtropical,NASA_POWER_daily_ag,4.462,13.818,3.3456,dewpoint,396.9,39.784
2023-07-28,28.99,31.35,26.68,82.64,13.33,0.68,13.34,97.3,95.61,25.64,PNJ,29.39,76.96,semi_arid_subtropical,NASA_POWER_daily_ag,3.153,9.399,3.2906,dewpoint,420.2,39.712
2023-07-29,28.75,31.87,25.73,87.12,5.35,1.06,20.64,97.22,66.38,26.32,PNJ,29.39,76.96,semi_arid_subtropical,NASA_POWER_daily_ag,4.459,13.99,3.4256,dewpoint,428.7,39.638
2023-07-30,29.24,33.18,25.81,84.69,4.16,1.57,19.1,97.12,73.19,26.26,PNJ,29.39,76.96,semi_arid_subtropical,NASA_POWER_daily_ag,4.316,13.002,3.4135,dewpoint,439.3,39.562
2023-07-31,29.9,33.8,26.7,79.16,2.87,1.38,21.64,97.06,51.89,25.71,PNJ,29.39,76.96,semi_arid_subtropical,NASA_POWER_daily_ag,4.952,14.44,3.3042,dewpoint,445.7,39.484
2023-08-01,30.0,34.44,25.88,80.9,0.08,1.98,22.82,97.0,42.11,26.15,PNJ,29.39,76.96,semi_arid_subtropical,NASA_POWER_daily_ag,5.23,15.249,3.3914,dewpoint,452.1,39.404
2023-08-02,30.44,34.56,26.62,80.53,0.86,1.81,19.73,97.07,64.53,26.53,PNJ,29.39,76.96,semi_arid_subtropical,NASA_POWER_daily_ag,4.718,13.395,3.4682,dewpoint,444.6,39.322
2023-08-03,30.36,33.12,27.32,80.4,6.06,1.1,20.73,97.1,75.09,26.52,PNJ,29.39,76.96,semi_arid_subtropical,NASA_POWER_daily_ag,4.753,14.017,3.4662,dewpoint,441.4,39.237
2023-08-04,30.64,33.65,27.14,80.04,10.36,0.9,14.88,97.29,95.91,26.67,PNJ,29.39,76.96,semi_arid_subtropical,NASA_POWER_daily_ag,3.638,10.394,3.4969,dewpoint,421.3,39.15
2023-08-05,29.94,32.83,27.81,83.2,36.94,1.35,16.68,97.42,91.36,26.72,PNJ,29.39,76.96,semi_arid_subtropical,NASA_POWER_daily_ag,3.937,11.515,3.5072,dewpoint,407.5,39.062
2023-08-06,29.95,33.84,26.61,80.71,2.9,2.03,20.93,97.13,70.63,26.1,PNJ,29.39,76.96,semi_arid_subtropical,NASA_POWER_daily_ag,4.891,14.038,3.3814,dewpoint,438.2,38.97
2023-08-07,29.27,33.19,26.45,83.67,2.24,2.45,18.8,96.9,81.13,26.08,PNJ,29.39,76.96,semi_arid_subtropical,NASA_POWER_daily_ag,4.377,12.732,3.3774,dewpoint,462.7,38.877
2023-08-08,29.47,33.61,25.98,82.87,1.01,2.4,19.72,97.03,80.41,26.1,PNJ,29.39,76.96,semi_arid_subtropical,NASA_POWER_daily_ag,4.584,13.292,3.3814,dewpoint,448.9,38.782
2023-08-09,29.89,33.37,26.08,80.58,2.16,1.82,20.31,97.41,58.6,26.05,PNJ,29.39,76.96,semi_arid_subtropical,NASA_POWER_daily_ag,4.735,13.635,3.3714,dewpoint,408.5,38.684
2023-08-10,28.87,32.32,26.23,84.19,7.76,1.64,18.41,97.61,82.2,25.8,PNJ,29.39,76.96,semi_arid_subtropical,NASA_POWER_daily_ag,4.151,12.434,3.3219,dewpoint,387.4,38.584
2023-08-11,28.61,32.36,26.14,84.38,4.37,1.7,19.03,97.62,64.87,25.55,PNJ,29.39,76.96,semi_arid_subtropical,NASA_POWER_daily_ag,4.231,12.763,3.2731,dewpoint,386.3,38.481
2023-08-12,29.12,33.14,25.6,80.66,1.09,2.08,22.8,97.36,37.65,25.27,PNJ,29.39,76.96,semi_arid_subtropical,NASA_POWER_daily_ag,5.094,14.972,3.2191,dewpoint,413.8,38.377
2023-08-13,29.24,33.66,25.24,80.72,6.08,2.14,21.05,97.14,78.13,25.43,PNJ,29.39,76.96,semi_arid_subtropical,NASA_POWER_daily_ag,4.819,13.941,3.2498,dewpoint,437.2,38.27
2023-08-14,27.66,30.71,25.21,84.74,4.64,1.88,14.72,97.57,90.26,24.78,PNJ,29.39,76.96,semi_arid_subtropical,NASA_POWER_daily_ag,3.412,10.077,3.1265,dewpoint,391.6,38.161
2023-08-15,28.33,32.38,24.57,81.64,2.82,1.1,18.93,97.63,53.15,24.7,PNJ,29.39,76.96,semi_arid_subtropical,NASA_POWER_daily_ag,4.166,12.548,3.1116,dewpoint,385.3,38.049
2023-08-16,29.42,33.43,25.78,77.97,3.35,1.8,20.91,97.61,27.68,24.98,PNJ,29.39,76.96,semi_arid_subtropical,NASA_POWER_daily_ag,4.841,13.73,3.164,dewpoint,387.4,37.935
2023-08-17,29.33,33.5,26.0,81.5,5.83,2.29,23.0,97.55,29.61,25.64,PNJ,29.39,76.96,semi_arid_subtropical,NASA_POWER_daily_ag,5.134,15.103,3.2906,dewpoint,393.7,37.819
2023-08-18,29.77,34.06,26.1,78.8,0.07,1.34,21.68,97.58,50.27,25.46,PNJ,29.39,76.96,semi_arid_subtropical,NASA_POWER_daily_ag,4.893,14.248,3.2556,dewpoint,390.5,37.701
2023-08-19,29.98,32.88,27.22,80.99,7.09,1.14,12.18,97.6,84.49,26.27,PNJ,29.39,76.96,semi_arid_subtropical,NASA_POWER_daily_ag,3.107,8.612,3.4155,dewpoint,388.4,37.58
2023-08-20,30.65,34.34,26.78,77.91,4.26,1.18,22.06,97.59,39.27,26.15,PNJ,29.39,76.96,semi_arid_subtropical,NASA_POWER_daily_ag,5.042,14.587,3.3914,dewpoint,389.5,37.457
2023-08-21,30.34,34.21,27.0,77.64,2.41,0.99,21.11,97.51,50.95,25.74,PNJ,29.39,76.96,semi_arid_subtropical,NASA_POWER_daily_ag,4.784,13.913,3.3101,dewpoint,398.0,37.332
2023-08-22,29.95,33.89,26.32,81.22,14.13,1.37,15.26,97.31,97.92,26.16,PNJ,29.39,76.96,semi_arid_subtropical,NASA_POWER_daily_ag,3.72,10.455,3.3934,dewpoint,419.1,37.205
2023-08-23,29.39,33.49,26.5,81.74,22.12,1.61,9.68,97.17,98.76,25.75,PNJ,29.39,76.96,semi_arid_subtropical,NASA_POWER_daily_ag,2.743,7.049,3.3121,dewpoint,434.0,37.075
2023-08-24,28.92,32.61,24.49,78.25,0.84,1.35,16.77,97.13,90.76,24.56,PNJ,29.39,76.96,semi_arid_subtropical,NASA_POWER_daily_ag,3.954,11.162,3.0857,dewpoint,438.2,36.943
2023-08-25,29.49,34.07,25.04,75.79,1.46,1.51,21.13,97.15,17.6,24.48,PNJ,29.39,76.96,semi_arid_subtropical,NASA_POWER_daily_ag,4.853,13.65,3.071,dewpoint,436.1,36.809
2023-08-26,29.14,33.74,25.07,76.94,1.01,1.53,22.05,97.34,21.42,24.37,PNJ,29.39,76.96,semi_arid_subtropical,NASA_POWER_daily_ag,4.938,14.149,3.0508,dewpoint,416.0,36.672
2023-08-27,28.56,33.69,24.57,78.55,0.24,2.13,21.79,97.34,30.27,24.15,PNJ,29.39,76.96,semi_arid_subtropical,NASA_POWER_daily_ag,4.899,13.945,3.0109,dewpoint,416.0,36.533
2023-08-28,28.6,33.33,24.87,78.62,3.39,2.04,21.31,97.37,15.26,24.21,PNJ,29.39,76.96,semi_arid_subtropical,NASA_POWER_daily_ag,4.804,13.667,3.0217,dewpoint,412.8,36.392
2023-08-29,28.1,33.22,24.0,80.02,0.44,1.77,23.14,97.6,18.25,24.04,PNJ,29.39,76.96,semi_arid_subtropical,NASA_POWER_daily_ag,4.931,14.68,2.9911,dewpoint,388.4,36.249
2023-08-30,28.16,33.37,23.89,79.0,0.0,2.03,23.1,97.77,9.22,23.82,PNJ,29.39,76.96,semi_arid_subtropical,NASA_POWER_daily_ag,5.006,14.585,2.9518,dewpoint,370.5,36.104
2023-08-31,28.27,34.28,23.26,76.23,0.0,1.75,22.3,97.83,5.81,23.27,PNJ,29.39,76.96,semi_arid_subtropical,NASA_POWER_daily_ag,4.917,13.981,2.8556,dewpoint,364.1,35.956
2023-09-01,28.35,34.6,23.88,72.34,0.0,2.1,22.36,97.81,7.48,22.34,PNJ,29.39,76.96,semi_arid_subtropical,NASA_POWER_daily_ag,5.16,13.769,2.6992,dewpoint,366.2,35.807
2023-09-02,27.91,34.42,23.11,70.07,0.0,2.24,23.27,97.7,0.28,21.36,PNJ,29.39,76.96,semi_arid_subtropical,NASA_POWER_daily_ag,5.352,14.042,2.5425,dewpoint,377.9,35.655
2023-09-03,27.68,34.09,22.47,70.63,0.0,1.89,22.85,97.59,0.1,21.27,PNJ,29.39,76.96,semi_arid_subtropical,NASA_POWER_daily_ag,5.116,13.801,2.5286,dewpoint,389.5,35.501
2023-09-04,28.11,34.14,23.29,72.03,0.0,2.04,22.47,97.54,1.66,22.12,PNJ,29.39,76.96,semi_arid_subtropical,NASA_POWER_daily_ag,5.109,13.742,2.6633,dewpoint,394.8,35.345
2023-09-05,28.85,34.6,23.36,74.11,0.01,1.38,23.27,97.68,3.74,23.26,PNJ,29.39,76.96,semi_arid_subtropical,NASA_POWER_daily_ag,5.071,14.407,2.8539,dewpoint,380.0,35.187
2023-09-06,30.33,36.16,24.82,69.44,0.03,0.68,23.18,97.75,4.76,23.53,PNJ,29.39,76.96,semi_arid_subtropical,NASA_POWER_daily_ag,4.988,14.33,2.9008,dewpoint,372.6,35.027
2023-09-07,30.22,36.6,25.91,67.52,0.0,0.85,22.74,97.69,19.71,22.73,PNJ,29.39,76.96,semi_arid_subtropical,NASA_POWER_daily_ag,4.973,13.835,2.7639,dewpoint,378.9,34.865
2023-09-08,29.02,33.79,25.02,70.97,3.2,1.21,22.17,97.71,19.24,22.82,PNJ,29.39,76.96,semi_arid_subtropical,NASA_POWER_daily_ag,4.871,13.612,2.779,dewpoint,376.8,34.701
2023-09-09,28.51,33.36,24.61,78.38,15.82,1.65,17.24,97.67,76.87,24.12,PNJ,29.39,76.96,semi_arid_subtropical,NASA_POWER_daily_ag,4.002,11.127,3.0055,dewpoint,381.0,34.535
2023-09-10,27.12,31.75,23.69,86.28,11.95,2.48,20.02,97.51,27.19,24.49,PNJ,29.39,76.96,semi_arid_subtropical,NASA_POWER_daily_ag,4.087,12.799,3.0728,dewpoint,398.0,34.368
2023-09-11,28.02,33.09,23.53,79.08,1.11,1.43,22.06,97.52,9.65,23.73,PNJ,29.39,76.96,semi_arid_subtropical,NASA_POWER_daily_ag,4.643,13.742,2.9359,dewpoint,396.9,34.198
2023-09-12,29.5,34.51,25.06,74.67,1.72,0.84,21.7,97.54,10.3,24.09,PNJ,29.39,76.96,semi_arid_subtropical,NASA_POWER_daily_ag,4.655,13.539,3.0001,dewpoint,394.8,34.027
2023-09-13,29.65,33.85,25.41,76.92,1.94,0.76,19.47,97.53,10.82,24.92,PNJ,29.39,76.96,semi_arid_subtropical,NASA_POWER_daily_ag,4.246,12.448,3.1527,dewpoint,395.8,33.854
2023-09-14,29.93,34.21,26.23,78.12,6.82,0.76,17.35,97.65,18.41,25.47,PNJ,29.39,76.96,semi_arid_subtropical,NASA_POWER_daily_ag,3.886,11.298,3.2576,dewpoint,383.1,33.68
2023-09-15,29.49,33.26,26.24,82.25,7.46,1.29,13.06,97.75,85.67,25.98,PNJ,29.39,76.96,semi_arid_subtropical,NASA_POWER_daily_ag,3.171,8.867,3.3575,dewpoint,372.6,33.503
2023-09-16,27.54,30.46,25.54,84.64,7.19,2.4,14.47,97.79,82.24,24.56,PNJ,29.39,76.96,semi_arid_subtropical,NASA_POWER_daily_ag,3.344,9.533,3.0857,dewpoint,368.3,33.326
2023-09-17,26.69,29.02,25.01,90.1,6.22,2.69,12.72,97.62,70.52,24.9,PNJ,29.39,76.96,semi_arid_subtropical,NASA_POWER_daily_ag,2.741,8.578,3.149,dewpoint,386.3,33.146
2023-09-18,27.37,31.47,24.52,82.73,0.23,3.5,19.09,97.62,45.32,24.0,PNJ,29.39,76.96,semi_arid_subtropical,NASA_POWER_daily_ag,4.2,11.998,2.9839,dewpoint,386.3,32.966
2023-09-19,28.4,32.63,23.98,79.46,0.09,1.95,15.09,97.89,89.94,24.25,PNJ,29.39,76.96,semi_arid_subtropical,NASA_POWER_daily_ag,3.649,9.781,3.029,dewpoint,357.8,32.783
2023-09-20,29.44,34.62,25.17,75.17,0.45,0.97,19.25,97.9,27.47,24.19,PNJ,29.39,76.96,semi_arid_subtropical,NASA_POWER_daily_ag,4.22,12.005,3.0181,dewpoint,356.7,32.6
2023-09-21,29.39,34.5,24.72,75.89,0.07,1.09,19.37,97.82,54.08,24.31,PNJ,29.39,76.96,semi_arid_subtropical,NASA_POWER_daily_ag,4.265,12.084,3.0399,dewpoint,365.2,32.415
2023-09-22,29.27,34.34,24.54,73.86,0.21,1.22,20.04,97.83,18.66,23.72,PNJ,29.39,76.96,semi_arid_subtropical,NASA_POWER_daily_ag,4.426,12.302,2.9341,dewpoint,364.1,32.229
2023-09-23,28.57,33.27,24.85,77.49,7.16,1.35,16.68,97.85,27.42,23.94,PNJ,29.39,76.96,semi_arid_subtropical,NASA_POWER_daily_ag,3.783,10.51,2.9732,dewpoint,362.0,32.042
2023-09-24,27.98,33.88,23.57,76.39,1.03,1.23,12.2,97.85,47.58,22.92,PNJ,29.39,76.96,semi_arid_subtropical,NASA_POWER_daily_ag,3.038,7.956,2.7959,dewpoint,362.0,31.854
2023-09-25,27.91,33.9,23.06,71.79,0.02,1.18,19.67,97.9,14.62,21.71,PNJ,29.39,76.96,semi_arid_subtropical,NASA_POWER_daily_ag,4.209,11.622,2.5976,dewpoint,356.7,31.664
2023-09-26,27.32,33.91,22.59,69.72,0.0,1.53,19.42,98.01,0.99,20.72,PNJ,29.39,76.96,semi_arid_subtropical,NASA_POWER_daily_ag,4.275,11.268,2.4446,dewpoint,345.1,31.474
2023-09-27,26.69,33.77,21.22,70.97,0.0,1.86,20.91,97.99,0.6,19.98,PNJ,29.39,76.96,semi_arid_subtropical,NASA_POWER_daily_ag,4.543,11.837,2.3354,dewpoint,347.2,31.283
2023-09-28,25.9,33.91,19.81,68.53,0.0,1.79,21.17,97.95,1.7,18.62,PNJ,29.39,76.96,semi_arid_subtropical,NASA_POWER_daily_ag,4.495,11.653,2.1458,dewpoint,351.5,31.091
2023-09-29,26.13,34.25,20.11,62.74,0.0,1.24,20.99,97.94,1.98,17.46,PNJ,29.39,76.96,semi_arid_subtropical,NASA_POWER_daily_ag,4.296,11.257,1.9949,dewpoint,352.5,30.898
2023-09-30,25.94,34.88,19.07,59.46,0.0,2.08,20.91,97.94,0.84,16.24,PNJ,29.39,76.96,semi_arid_subtropical,NASA_POWER_daily_ag,4.838,10.929,1.8463,dewpoint,352.5,30.705
2023-10-01,25.64,34.64,18.67,57.9,0.03,1.95,20.13,97.89,1.65,15.0,PNJ,29.39,76.96,semi_arid_subtropical,NASA_POWER_daily_ag,4.71,10.333,1.7053,dewpoint,357.8,30.511
2023-10-02,25.36,34.63,18.84,49.46,0.0,1.89,21.07,97.98,0.74,12.05,PNJ,29.39,76.96,semi_arid_subtropical,NASA_POWER_daily_ag,4.908,10.063,1.4072,dewpoint,348.3,30.316
2023-10-03,24.43,33.48,17.33,50.24,0.0,2.36,20.83,98.02,0.62,12.43,PNJ,29.39,76.96,semi_arid_subtropical,NASA_POWER_daily_ag,5.017,10.099,1.4428,dewpoint,344.1,30.121
2023-10-04,24.77,33.9,17.59,59.6,0.0,2.02,20.99,98.03,1.71,15.1,PNJ,29.39,76.96,semi_arid_subtropical,NASA_POWER_daily_ag,4.615,10.616,1.7164,dewpoint,343.0,29.926
2023-10-05,25.18,34.27,19.18,59.34,0.0,1.66,20.35,97.97,3.71,15.61,PNJ,29.39,76.96,semi_arid_subtropical,NASA_POWER_daily_ag,4.345,10.348,1.7735,dewpoint,349.3,29.73
2023-10-06,25.39,34.78,18.74,56.22,0.0,1.44,19.92,97.88,1.47,14.23,PNJ,29.39,76.96,semi_arid_subtropical,NASA_POWER_daily_ag,4.254,9.847,1.6226,dewpoint,358.8,29.535
2023-10-07,25.97,34.93,19.45,58.8,0.0,1.18,18.67,98.0,2.0,16.17,PNJ,29.39,76.96,semi_arid_subtropical,NASA_POWER_daily_ag,3.91,9.653,1.8381,dewpoint,346.2,29.339
2023-10-08,27.32,35.9,20.82,58.87,0.0,1.34,18.46,98.02,2.04,17.63,PNJ,29.39,76.96,semi_arid_subtropical,NASA_POWER_daily_ag,4.122,9.735,2.0165,dewpoint,344.1,29.143
2023-10-09,27.87,35.94,21.87,61.65,0.01,1.25,18.17,98.1,9.45,18.9,PNJ,29.39,76.96,semi_arid_subtropical,NASA_POWER_daily_ag,4.031,9.794,2.1837,dewpoint,335.6,28.947
2023-10-10,27.05,34.93,22.1,63.53,1.15,1.21,18.13,98.21,15.39,18.61,PNJ,29.39,76.96,semi_arid_subtropical,NASA_POWER_daily_ag,3.873,9.699,2.1445,dewpoint,324.1,28.751
2023-10-11,25.43,34.21,19.39,58.7,0.0,2.07,19.99,98.29,0.4,15.11,PNJ,29.39,76.96,semi_arid_subtropical,NASA_POWER_daily_ag,4.585,9.783,1.7175,dewpoint,315.6,28.556
2023-10-12,24.98,33.75,18.97,54.47,0.0,1.35,19.35,98.41,0.27,13.81,PNJ,29.39,76.96,semi_arid_subtropical,NASA_POWER_daily_ag,3.996,9.257,1.579,dewpoint,303.0,28.36
2023-10-13,25.79,34.85,20.08,52.12,0.0,1.34,17.94,98.47,0.57,13.9,PNJ,29.39,76.96,semi_arid_subtropical,NASA_POWER_daily_ag,3.941,8.637,1.5883,dewpoint,296.7,28.165
2023-10-14,26.57,35.05,21.19,50.6,0.0,1.47,17.19,98.4,3.58,14.37,PNJ,29.39,76.96,semi_arid_subtropical,NASA_POWER_daily_ag,4.062,8.365,1.6374,dewpoint,304.1,27.971
2023-10-15,25.67,33.42,20.09,56.4,0.79,0.83,16.15,98.21,23.19,15.44,PNJ,29.39,76.96,semi_arid_subtropical,NASA_POWER_daily_ag,3.246,8.207,1.7543,dewpoint,324.1,27.777
2023-10-16,22.85,29.57,19.91,75.69,19.52,1.56,10.24,98.37,75.33,17.98,PNJ,29.39,76.96,semi_arid_subtropical,NASA_POWER_daily_ag,2.423,6.203,2.0614,dewpoint,307.2,27.584
2023-10-17,22.59,27.92,18.61,68.65,0.6,1.62,13.39,98.71,36.94,15.97,PNJ,29.39,76.96,semi_arid_subtropical,NASA_POWER_daily_ag,2.967,7.305,1.8148,dewpoint,271.5,27.392
2023-10-18,21.81,29.62,16.24,67.94,0.22,2.5,18.62,98.75,0.2,14.68,PNJ,29.39,76.96,semi_arid_subtropical,NASA_POWER_daily_ag,3.786,9.086,1.6705,dewpoint,267.3,27.2
2023-10-19,21.62,29.45,15.59,62.62,0.0,1.99,18.67,98.69,0.33,13.34,PNJ,29.39,76.96,semi_arid_subtropical,NASA_POWER_daily_ag,3.688,8.826,1.5314,dewpoint,273.6,27.009
2023-10-20,21.65,29.96,15.49,61.02,0.0,1.43,18.38,98.78,1.88,12.93,PNJ,29.39,76.96,semi_arid_subtropical,NASA_POWER_daily_ag,3.394,8.574,1.4909,dewpoint,264.2,26.82
2023-10-21,21.9,30.13,15.7,54.56,0.0,1.15,17.41,98.82,10.58,11.44,PNJ,29.39,76.96,semi_arid_subtropical,NASA_POWER_daily_ag,3.227,7.92,1.3516,dewpoint,260.0,26.631
2023-10-22,22.37,30.33,16.64,58.81,0.0,1.22,11.39,98.81,40.4,13.11,PNJ,29.39,76.96,semi_arid_subtropical,NASA_POWER_daily_ag,2.72,6.082,1.5086,dewpoint,261.0,26.443
2023-10-23,22.33,29.98,16.24,64.64,0.0,1.44,16.42,98.71,1.22,14.54,PNJ,29.39,76.96,semi_arid_subtropical,NASA_POWER_daily_ag,3.19,7.993,1.6555,dewpoint,271.5,26.257
2023-10-24,23.09,30.95,17.26,61.09,0.0,1.29,16.88,98.62,0.59,14.37,PNJ,29.39,76.96,semi_arid_subtropical,NASA_POWER_daily_ag,3.258,8.014,1.6374,dewpoint,281.0,26.072
2023-10-25,22.86,31.17,16.65,60.84,0.0,1.57,17.29,98.69,2.16,13.8,PNJ,29.39,76.96,semi_arid_subtropical,NASA_POWER_daily_ag,3.452,8.008,1.578,dewpoint,273.6,25.889
2023-10-26,22.56,31.59,15.95,58.5,0.0,1.81,18.06,98.65,12.42,12.69,PNJ,29.39,76.96,semi_arid_subtropical,NASA_POWER_daily_ag,3.678,8.003,1.4677,dewpoint,277.8,25.707
2023-10-27,22.25,31.32,15.36,50.79,0.0,1.57,17.83,98.57,13.94,10.41,PNJ,29.39,76.96,semi_arid_subtropical,NASA_POWER_daily_ag,3.582,7.486,1.2621,dewpoint,286.2,25.527
2023-10-28,22.96,29.06,17.96,53.47,0.0,1.06,14.63,98.61,37.99,12.53,PNJ,29.39,76.96,semi_arid_subtropical,NASA_POWER_daily_ag,2.928,6.825,1.4523,dewpoint,282.0,25.348
2023-10-29,24.11,31.0,19.57,53.53,0.0,1.08,14.42,98.62,18.19,13.43,PNJ,29.39,76.96,semi_arid_subtropical,NASA_POWER_daily_ag,2.999,6.739,1.5404,dewpoint,281.0,25.171
2023-10-30,22.97,31.06,17.13,59.3,0.0,1.16,13.72,98.7,16.7,13.8,PNJ,29.39,76.96,semi_arid_subtropical,NASA_POWER_daily_ag,2.833,6.587,1.578,dewpoint,272.6,24.996
2023-10-31,23.03,31.03,18.05,56.8,0.0,1.09,13.03,98.84,10.9,13.27,PNJ,29.39,76.96,semi_arid_subtropical,NASA_POWER_daily_ag,2.743,6.235,1.5244,dewpoint,257.9,24.823
2023-11-01,23.36,31.77,17.63,53.36,0.0,1.08,15.07,98.86,4.99,12.42,PNJ,29.39,76.96,semi_arid_subtropical,NASA_POWER_daily_ag,2.96,6.659,1.4419,dewpoint,255.8,24.652
2023-11-02,23.13,30.5,18.54,53.62,0.0,1.07,12.66,98.68,4.46,12.72,PNJ,29.39,76.96,semi_arid_subtropical,NASA_POWER_daily_ag,2.716,5.977,1.4706,dewpoint,274.7,24.483
2023-11-03,22.86,29.26,18.46,57.67,0.0,1.09,11.42,98.47,12.12,13.73,PNJ,29.39,76.96,semi_arid_subtropical,NASA_POWER_daily_ag,2.544,5.719,1.5708,dewpoint,296.7,24.316
2023-11-04,22.14,29.65,17.64,59.82,0.0,1.51,11.2,98.51,24.29,13.18,PNJ,29.39,76.96,semi_arid_subtropical,NASA_POWER_daily_ag,2.738,5.566,1.5155,dewpoint,292.5,24.151
2023-11-05,21.88,29.71,16.6,47.76,0.0,1.07,11.6,98.65,11.11,9.58,PNJ,29.39,76.96,semi_arid_subtropical,NASA_POWER_daily_ag,2.612,5.288,1.1938,dewpoint,277.8,23.989
2023-11-06,21.41,29.21,15.64,48.61,0.0,1.04,12.0,98.81,8.62,9.07,PNJ,29.39,76.96,semi_arid_subtropical,NASA_POWER_daily_ag,2.574,5.323,1.1535,dewpoint,261.0,23.829
2023-11-07,21.41,29.4,16.8,52.14,0.0,1.23,11.42,98.71,0.99,10.5,PNJ,29.39,76.96,semi_arid_subtropical,NASA_POWER_daily_ag,2.612,5.258,1.2697,dewpoint,271.5,23.671
2023-11-08,21.73,29.61,16.57,62.36,0.0,1.52,12.12,98.6,6.78,13.57,PNJ,29.39,76.96,semi_arid_subtropical,NASA_POWER_daily_ag,2.677,5.756,1.5545,dewpoint,283.1,23.517
2023-11-09,22.57,30.51,17.51,57.0,0.0,1.54,10.34,98.6,27.95,12.54,PNJ,29.39,76.96,semi_arid_subtropical,NASA_POWER_daily_ag,2.775,5.069,1.4533,dewpoint,283.1,23.364
2023-11-10,20.48,24.07,16.42,64.99,1.91,1.78,5.33,98.84,68.92,13.53,PNJ,29.39,76.96,semi_arid_subtropical,NASA_POWER_daily_ag,2.104,3.74,1.5505,dewpoint,257.9,23.215
2023-11-11,19.16,26.44,13.62,65.14,0.0,1.9,13.09,99.02,4.33,11.78,PNJ,29.39,76.96,semi_arid_subtropical,NASA_POWER_daily_ag,2.644,5.842,1.3823,dewpoint,239.0,23.068
2023-11-12,19.34,27.84,13.41,64.16,0.0,2.35,15.31,99.01,4.61,11.18,PNJ,29.39,76.96,semi_arid_subtropical,NASA_POWER_daily_ag,3.072,6.259,1.3285,dewpoint,240.1,22.924
2023-11-13,18.71,26.29,12.84,57.5,0.0,1.3,14.75,99.03,23.24,9.24,PNJ,29.39,76.96,semi_arid_subtropical,NASA_POWER_daily_ag,2.539,5.849,1.1668,dewpoint,238.0,22.783
2023-11-14,18.81,25.76,13.63,54.13,0.0,1.34,12.34,98.93,42.44,8.68,PNJ,29.39,76.96,semi_arid_subtropical,NASA_POWER_daily_ag,2.469,5.176,1.1235,dewpoint,248.5,22.644
2023-11-15,19.0,28.15,12.22,61.38,0.0,1.55,13.64,98.89,3.87,10.4,PNJ,29.39,76.96,semi_arid_subtropical,NASA_POWER_daily_ag,2.56,5.614,1.2613,dewpoint,252.7,22.509
2023-11-16,20.24,28.28,14.43,56.45,0.0,0.97,12.16,99.02,7.24,10.59,PNJ,29.39,76.96,semi_arid_subtropical,NASA_POWER_daily_ag,2.24,5.179,1.2774,dewpoint,239.0,22.377
2023-11-17,21.02,29.46,14.73,54.28,0.0,1.2,12.98,98.98,26.11,10.59,PNJ,29.39,76.96,semi_arid_subtropical,NASA_POWER_daily_ag,2.535,5.281,1.2774,dewpoint,243.2,22.248
2023-11-18,20.73,28.72,13.97,54.25,0.0,1.24,12.22,98.82,1.41,10.37,PNJ,29.39,76.96,semi_arid_subtropical,NASA_POWER_daily_ag,2.497,5.092,1.2587,dewpoint,260.0,22.123
2023-11-19,20.19,25.8,15.16,49.59,0.0,1.21,11.51,98.92,8.42,9.02,PNJ,29.39,76.96,semi_arid_subtropical,NASA_POWER_daily_ag,2.441,4.802,1.1496,dewpoint,249.5,22.0
2023-11-20,19.13,26.49,14.15,55.32,0.0,1.44,10.93,98.96,5.33,9.48,PNJ,29.39,76.96,semi_arid_subtropical,NASA_POWER_daily_ag,2.394,4.7,1.1858,dewpoint,245.3,21.881
2023-11-21,18.28,26.32,12.15,62.96,0.0,2.46,11.34,98.86,8.63,10.4,PNJ,29.39,76.96,semi_arid_subtropical,NASA_POWER_daily_ag,2.706,4.91,1.2613,dewpoint,255.8,21.765
2023-11-22,17.36,25.88,11.23,61.59,0.0,2.36,14.68,98.61,7.62,8.99,PNJ,29.39,76.96,semi_arid_subtropical,NASA_POWER_daily_ag,2.794,5.47,1.1473,dewpoint,282.0,21.653
2023-11-23,18.55,26.23,12.59,47.21,0.0,0.75,13.88,98.62,5.85,6.03,PNJ,29.39,76.96,semi_arid_subtropical,NASA_POWER_daily_ag,2.051,4.784,0.9371,dewpoint,281.0,21.544
2023-11-24,17.71,25.55,13.24,48.13,0.0,1.06,11.92,98.83,23.83,6.03,PNJ,29.39,76.96,semi_arid_subtropical,NASA_POWER_daily_ag,2.147,4.437,0.9371,dewpoint,258.9,21.439
2023-11-25,17.41,25.57,12.05,53.61,0.0,1.22,10.31,98.96,68.28,7.12,PNJ,29.39,76.96,semi_arid_subtropical,NASA_POWER_daily_ag,2.115,4.276,1.0101,dewpoint,245.3,21.337
2023-11-26,17.42,23.85,13.53,54.3,0.0,1.32,9.47,99.02,94.58,7.82,PNJ,29.39,76.96,semi_arid_subtropical,NASA_POWER_daily_ag,2.1,4.168,1.0597,dewpoint,239.0,21.238
2023-11-27,16.66,20.77,12.38,60.72,0.54,1.58,3.45,98.83,97.5,8.94,PNJ,29.39,76.96,semi_arid_subtropical,NASA_POWER_daily_ag,1.771,3.04,1.1434,dewpoint,258.9,21.144
2023-11-28,17.5,25.57,10.69,54.95,0.59,1.41,7.73,98.74,64.51,7.42,PNJ,29.39,76.96,semi_arid_subtropical,NASA_POWER_daily_ag,2.121,3.805,1.0311,dewpoint,268.4,21.053
2023-11-29,19.11,25.35,13.72,52.26,0.04,1.21,10.07,98.75,21.1,8.78,PNJ,29.39,76.96,semi_arid_subtropical,NASA_POWER_daily_ag,2.185,4.249,1.1311,dewpoint,267.3,20.966
2023-11-30,19.48,24.8,15.46,59.36,1.19,1.22,5.03,98.85,72.24,11.12,PNJ,29.39,76.96,semi_arid_subtropical,NASA_POWER_daily_ag,1.816,3.349,1.3232,dewpoint,256.8,20.883
2023-12-01,18.74,24.74,15.26,68.6,0.31,1.02,10.88,98.91,15.12,12.59,PNJ,29.39,76.96,semi_arid_subtropical,NASA_POWER_daily_ag,1.822,4.749,1.4581,dewpoint,250.6,20.803
2023-12-02,18.13,25.5,13.42,64.25,0.0,1.14,11.55,98.93,14.45,10.59,PNJ,29.39,76.96,semi_arid_subtropical,NASA_POWER_daily_ag,1.958,4.659,1.2774,dewpoint,248.5,20.728
2023-12-03,17.74,25.39,13.09,57.0,0.0,1.07,11.63,98.96,13.98,8.37,PNJ,29.39,76.96,semi_arid_subtropical,NASA_POWER_daily_ag,1.986,4.396,1.1001,dewpoint,245.3,20.656
2023-12-04,17.37,25.49,11.37,55.59,0.09,1.37,11.27,98.85,4.91,7.7,PNJ,29.39,76.96,semi_arid_subtropical,NASA_POWER_daily_ag,2.163,4.285,1.051,dewpoint,256.8,20.588
2023-12-05,17.22,24.96,11.51,58.75,0.0,2.1,12.94,98.81,2.71,8.48,PNJ,29.39,76.96,semi_arid_subtropical,NASA_POWER_daily_ag,2.544,4.656,1.1083,dewpoint,261.0,20.524
2023-12-06,17.86,26.49,10.91,54.47,0.0,1.17,13.5,98.84,2.08,7.54,PNJ,29.39,76.96,semi_arid_subtropical,NASA_POWER_daily_ag,2.169,4.55,1.0396,dewpoint,257.9,20.464
2023-12-07,17.74,26.79,12.02,54.41,0.0,1.27,12.54,98.8,19.06,7.65,PNJ,29.39,76.96,semi_arid_subtropical,NASA_POWER_daily_ag,2.166,4.348,1.0475,dewpoint,262.1,20.408
2023-12-08,16.02,24.87,10.76,49.97,0.0,1.94,12.83,98.74,3.55,4.72,PNJ,29.39,76.96,semi_arid_subtropical,NASA_POWER_daily_ag,2.566,4.114,0.8554,dewpoint,268.4,20.356
2023-12-09,15.18,24.46,8.83,50.13,0.0,2.3,12.85,98.79,0.29,3.9,PNJ,29.39,76.96,semi_arid_subtropical,NASA_POWER_daily_ag,2.71,4.084,0.8076,dewpoint,263.1,20.309
2023-12-10,14.57,23.65,8.97,50.89,0.0,2.74,13.5,98.59,4.74,3.44,PNJ,29.39,76.96,semi_arid_subtropical,NASA_POWER_daily_ag,2.879,4.118,0.7818,dewpoint,284.1,20.265
2023-12-11,14.71,22.71,9.65,42.48,0.0,0.98,12.08,98.72,1.13,1.36,PNJ,29.39,76.96,semi_arid_subtropical,NASA_POWER_daily_ag,1.871,3.736,0.674,dewpoint,270.5,20.225
2023-12-12,13.9,22.57,9.3,44.63,0.0,1.02,10.57,98.64,12.22,1.22,PNJ,29.39,76.96,semi_arid_subtropical,NASA_POWER_daily_ag,1.801,3.601,0.6672,dewpoint,278.9,20.19
2023-12-13,14.29,23.74,9.85,46.81,0.0,1.65,11.91,98.81,21.93,2.32,PNJ,29.39,76.96,semi_arid_subtropical,NASA_POWER_daily_ag,2.255,3.743,0.722,dewpoint,261.0,20.158
2023-12-14,13.79,23.56,7.09,51.56,0.0,2.43,10.95,98.88,68.37,2.86,PNJ,29.39,76.96,semi_arid_subtropical,NASA_POWER_daily_ag,2.573,3.785,0.7503,dewpoint,253.7,20.131
2023-12-15,14.49,23.86,9.17,51.11,0.0,1.52,11.36,99.0,55.48,3.51,PNJ,29.39,76.96,semi_arid_subtropical,NASA_POWER_daily_ag,2.113,3.806,0.7856,dewpoint,241.1,20.108
2023-12-16,14.56,23.5,8.96,49.56,0.0,1.64,11.96,98.85,33.33,3.21,PNJ,29.39,76.96,semi_arid_subtropical,NASA_POWER_daily_ag,2.235,3.853,0.7691,dewpoint,256.8,20.089
2023-12-17,14.15,22.72,9.63,50.43,0.0,1.95,11.29,98.97,0.62,3.35,PNJ,29.39,76.96,semi_arid_subtropical,NASA_POWER_daily_ag,2.331,3.797,0.7768,dewpoint,244.3,20.074
2023-12-18,13.24,22.22,7.1,59.98,0.0,2.98,13.04,99.12,0.29,4.53,PNJ,29.39,76.96,semi_arid_subtropical,NASA_POWER_daily_ag,2.543,4.236,0.8441,dewpoint,228.6,20.063
2023-12-19,12.7,22.65,6.06,51.27,0.0,2.9,14.15,99.13,3.69,1.56,PNJ,29.39,76.96,semi_arid_subtropical,NASA_POWER_daily_ag,2.773,4.008,0.6837,dewpoint,227.5,20.057
2023-12-20,12.03,21.64,5.19,49.44,0.0,1.89,12.4,99.08,15.17,0.7,PNJ,29.39,76.96,semi_arid_subtropical,NASA_POWER_daily_ag,2.213,3.825,0.6426,dewpoint,232.8,20.055
2023-12-21,12.43,22.77,6.31,45.89,0.0,1.8,12.48,98.93,29.93,0.2,PNJ,29.39,76.96,semi_arid_subtropical,NASA_POWER_daily_ag,2.241,3.694,0.6197,dewpoint,248.5,20.057
2023-12-22,14.09,23.7,6.63,45.49,0.0,1.03,11.7,98.92,41.59,1.7,PNJ,29.39,76.96,semi_arid_subtropical,NASA_POWER_daily_ag,1.831,3.732,0.6906,dewpoint,249.5,20.063
2023-12-23,15.51,23.08,8.9,47.32,0.0,1.51,10.84,99.12,30.01,3.69,PNJ,29.39,76.96,semi_arid_subtropical,NASA_POWER_daily_ag,2.231,3.788,0.7957,dewpoint,228.6,20.073
2023-12-24,15.46,24.99,9.66,53.64,0.0,1.17,11.93,99.26,18.37,5.37,PNJ,29.39,76.96,semi_arid_subtropical,NASA_POWER_daily_ag,1.91,3.999,0.8951,dewpoint,214.0,20.088
2023-12-25,14.3,23.81,7.97,58.35,0.0,1.92,9.92,99.1,43.4,5.26,PNJ,29.39,76.96,semi_arid_subtropical,NASA_POWER_daily_ag,2.14,3.829,0.8883,dewpoint,230.7,20.107
2023-12-26,14.61,21.68,9.25,56.94,0.0,1.61,8.36,99.06,81.72,5.68,PNJ,29.39,76.96,semi_arid_subtropical,NASA_POWER_daily_ag,1.956,3.674,0.9146,dewpoint,234.9,20.13
2023-12-27,14.27,22.73,9.25,58.16,0.0,1.1,7.55,99.2,81.96,5.51,PNJ,29.39,76.96,semi_arid_subtropical,NASA_POWER_daily_ag,1.614,3.535,0.9039,dewpoint,220.2,20.157
2023-12-28,13.36,21.4,7.1,60.51,0.0,1.2,5.64,99.06,98.68,5.17,PNJ,29.39,76.96,semi_arid_subtropical,NASA_POWER_daily_ag,1.536,3.295,0.8827,dewpoint,234.9,20.188
2023-12-29,13.85,22.37,8.69,58.34,0.0,1.17,5.86,99.13,94.69,4.97,PNJ,29.39,76.96,semi_arid_subtropical,NASA_POWER_daily_ag,1.596,3.307,0.8705,dewpoint,227.5,20.224
2023-12-30,14.17,22.18,9.25,54.0,0.0,0.9,4.23,99.0,92.13,4.47,PNJ,29.39,76.96,semi_arid_subtropical,NASA_POWER_daily_ag,1.447,3.088,0.8406,dewpoint,241.1,20.263
2023-12-31,13.61,21.52,8.5,57.84,0.0,0.96,3.64,99.0,99.08,4.77,PNJ,29.39,76.96,semi_arid_subtropical,NASA_POWER_daily_ag,1.397,3.013,0.8584,dewpoint,241.1,20.307
2024-01-01,11.95,21.08,5.76,62.92,0.0,1.53,2.95,99.01,99.95,4.31,PNJ,29.39,76.96,semi_arid_subtropical,NASA_POWER_daily_ag,1.507,2.912,0.8312,dewpoint,240.1,20.355
2024-01-02,11.57,20.63,4.91,60.16,0.0,1.36,3.69,98.95,99.39,2.93,PNJ,29.39,76.96,semi_arid_subtropical,NASA_POWER_daily_ag,1.524,3.033,0.754,dewpoint,246.4,20.407
2024-01-03,12.57,21.2,7.01,50.24,0.0,1.11,5.81,98.91,65.29,1.52,PNJ,29.39,76.96,semi_arid_subtropical,NASA_POWER_daily_ag,1.646,3.288,0.6818,dewpoint,250.6,20.463
2024-01-04,11.16,17.87,5.95,59.17,0.0,0.92,3.15,98.96,97.15,3.11,PNJ,29.39,76.96,semi_arid_subtropical,NASA_POWER_daily_ag,1.228,2.959,0.7637,dewpoint,245.3,20.523
2024-01-05,12.1,19.92,6.78,66.4,0.0,1.08,4.17,98.96,99.86,5.58,PNJ,29.39,76.96,semi_arid_subtropical,NASA_POWER_daily_ag,1.266,3.127,0.9083,dewpoint,245.3,20.587
2024-01-06,11.93,19.43,6.51,69.33,0.0,1.05,3.92,99.08,99.94,6.07,PNJ,29.39,76.96,semi_arid_subtropical,NASA_POWER_daily_ag,1.189,3.089,0.9397,dewpoint,232.8,20.655
2024-01-07,12.22,19.79,6.08,63.55,0.0,0.98,3.06,99.14,99.8,5.11,PNJ,29.39,76.96,semi_arid_subtropical,NASA_POWER_daily_ag,1.231,2.947,0.879,dewpoint,226.5,20.727
2024-01-08,12.82,21.82,5.93,56.17,0.0,1.07,5.0,99.13,93.42,3.53,PNJ,29.39,76.96,semi_arid_subtropical,NASA_POWER_daily_ag,1.517,3.273,0.7867,dewpoint,227.5,20.803
2024-01-09,12.46,21.27,6.73,55.61,0.0,1.73,3.41,99.14,99.68,3.08,PNJ,29.39,76.96,semi_arid_subtropical,NASA_POWER_daily_ag,1.822,3.047,0.7621,dewpoint,226.5,20.883
2024-01-10,11.27,20.8,4.73,58.06,0.0,3.03,6.6,98.97,83.27,2.3,PNJ,29.39,76.96,semi_arid_subtropical,NASA_POWER_daily_ag,2.323,3.532,0.7209,dewpoint,244.3,20.966
2024-01-11,10.31,19.58,3.33,56.56,0.0,2.17,8.37,99.03,67.81,1.02,PNJ,29.39,76.96,semi_arid_subtropical,NASA_POWER_daily_ag,2.021,3.801,0.6577,dewpoint,238.0,21.054
2024-01-12,11.21,20.4,3.85,50.62,0.0,2.17,7.63,98.92,92.27,0.45,PNJ,29.39,76.96,semi_arid_subtropical,NASA_POWER_daily_ag,2.214,3.671,0.6311,dewpoint,249.5,21.145
2024-01-13,12.11,20.77,7.47,45.12,0.0,1.57,6.61,98.86,81.83,-0.11,PNJ,29.39,76.96,semi_arid_subtropical,NASA_POWER_daily_ag,2.04,3.493,0.6059,dewpoint,255.8,21.241
2024-01-14,10.73,20.39,4.61,48.47,0.0,1.85,9.09,98.9,65.56,-0.72,PNJ,29.39,76.96,semi_arid_subtropical,NASA_POWER_daily_ag,2.118,3.848,0.5795,dewpoint,251.6,21.339
2024-01-15,10.87,20.42,3.53,47.22,0.0,1.4,8.81,98.84,88.75,-0.89,PNJ,29.39,76.96,semi_arid_subtropical,NASA_POWER_daily_ag,1.899,3.851,0.5724,dewpoint,257.9,21.442
2024-01-16,12.2,21.38,6.89,45.09,0.0,1.35,6.21,98.65,82.41,-0.09,PNJ,29.39,76.96,semi_arid_subtropical,NASA_POWER_daily_ag,1.909,3.505,0.6068,dewpoint,277.8,21.548
2024-01-17,12.08,20.33,4.77,45.76,0.0,1.49,9.35,98.67,59.37,-0.21,PNJ,29.39,76.96,semi_arid_subtropical,NASA_POWER_daily_ag,2.092,3.999,0.6015,dewpoint,275.7,21.658
2024-01-18,11.49,19.83,5.41,52.04,0.0,1.06,4.89,98.87,98.85,1.23,PNJ,29.39,76.96,semi_arid_subtropical,NASA_POWER_daily_ag,1.538,3.383,0.6677,dewpoint,254.7,21.771
2024-01-19,12.87,21.78,6.57,56.61,0.0,0.9,4.42,98.97,99.01,3.52,PNJ,29.39,76.96,semi_arid_subtropical,NASA_POWER_daily_ag,1.431,3.323,0.7862,dewpoint,244.3,21.888
2024-01-20,12.11,20.38,6.78,54.38,0.0,0.99,7.36,99.03,69.25,2.5,PNJ,29.39,76.96,semi_arid_subtropical,NASA_POWER_daily_ag,1.582,3.849,0.7313,dewpoint,238.0,22.009
2024-01-21,10.8,20.34,5.2,53.96,0.0,2.52,4.85,98.97,99.93,0.66,PNJ,29.39,76.96,semi_arid_subtropical,NASA_POWER_daily_ag,2.229,3.42,0.6408,dewpoint,244.3,22.132
2024-01-22,10.58,19.99,4.23,48.97,0.0,1.13,8.73,99.1,73.65,-0.85,PNJ,29.39,76.96,semi_arid_subtropical,NASA_POWER_daily_ag,1.737,4.039,0.574,dewpoint,230.7,22.259
2024-01-23,11.97,21.55,7.31,47.15,0.0,1.36,5.56,99.0,95.42,0.03,PNJ,29.39,76.96,semi_arid_subtropical,NASA_POWER_daily_ag,1.89,3.551,0.6121,dewpoint,241.1,22.39
2024-01-24,11.15,20.92,5.12,48.29,0.0,1.66,5.42,99.01,94.99,-0.44,PNJ,29.39,76.96,semi_arid_subtropical,NASA_POWER_daily_ag,1.999,3.556,0.5915,dewpoint,240.1,22.523
2024-01-25,11.43,20.72,4.16,52.02,0.0,1.29,8.76,99.2,91.65,0.77,PNJ,29.39,76.96,semi_arid_subtropical,NASA_POWER_daily_ag,1.86,4.196,0.6459,dewpoint,220.2,22.66
2024-01-26,13.61,22.6,8.02,42.6,0.0,1.28,11.01,99.28,76.57,0.07,PNJ,29.39,76.96,semi_arid_subtropical,NASA_POWER_daily_ag,2.214,4.441,0.6139,dewpoint,211.9,22.8
2024-01-27,14.28,24.29,7.15,48.25,0.0,2.68,14.12,99.07,10.19,2.27,PNJ,29.39,76.96,semi_arid_subtropical,NASA_POWER_daily_ag,3.133,5.169,0.7194,dewpoint,233.8,22.943
2024-01-28,14.64,22.59,9.7,43.74,0.0,1.24,7.69,98.94,93.47,1.52,PNJ,29.39,76.96,semi_arid_subtropical,NASA_POWER_daily_ag,2.128,4.023,0.6818,dewpoint,247.4,23.088
2024-01-29,14.6,24.13,7.61,45.79,0.0,1.42,8.49,98.97,82.38,2.17,PNJ,29.39,76.96,semi_arid_subtropical,NASA_POWER_daily_ag,2.255,4.225,0.7143,dewpoint,244.3,23.237
2024-01-30,14.82,22.48,7.98,45.85,0.0,1.11,8.12,98.84,75.78,2.6,PNJ,29.39,76.96,semi_arid_subtropical,NASA_POWER_daily_ag,2.028,4.227,0.7365,dewpoint,257.9,23.389
2024-01-31,14.91,22.58,10.21,56.05,1.24,1.13,5.27,98.76,87.65,5.76,PNJ,29.39,76.96,semi_arid_subtropical,NASA_POWER_daily_ag,1.724,3.702,0.9197,dewpoint,266.3,23.543
2024-02-01,13.63,19.67,9.18,78.69,12.84,3.52,5.76,98.79,65.65,9.66,PNJ,29.39,76.96,semi_arid_subtropical,NASA_POWER_daily_ag,1.722,3.906,1.2003,dewpoint,263.1,23.7
2024-02-02,12.82,22.04,7.77,60.61,0.06,2.43,10.87,99.1,56.29,3.75,PNJ,29.39,76.96,semi_arid_subtropical,NASA_POWER_daily_ag,2.488,4.984,0.7991,dewpoint,230.7,23.86
2024-02-03,14.88,25.31,6.81,42.58,1.98,1.94,10.55,98.9,77.1,1.05,PNJ,29.39,76.96,semi_arid_subtropical,NASA_POWER_daily_ag,2.852,4.723,0.6591,dewpoint,251.6,24.022
2024-02-04,15.44,21.61,10.61,73.72,3.8,0.87,7.17,98.84,89.73,10.45,PNJ,29.39,76.96,semi_arid_subtropical,NASA_POWER_daily_ag,1.461,4.391,1.2655,dewpoint,257.9,24.187
2024-02-05,14.19,21.43,8.9,64.76,0.26,1.78,7.24,98.95,68.43,6.49,PNJ,29.39,76.96,semi_arid_subtropical,NASA_POWER_daily_ag,2.015,4.326,0.9673,dewpoint,246.4,24.354
2024-02-06,11.72,20.11,5.55,45.8,0.0,2.47,16.9,99.13,11.34,-0.88,PNJ,29.39,76.96,semi_arid_subtropical,NASA_POWER_daily_ag,3.036,6.209,0.5728,dewpoint,227.5,24.524
2024-02-07,12.45,20.71,7.81,43.73,0.0,3.06,12.78,99.2,45.79,-0.41,PNJ,29.39,76.96,semi_arid_subtropical,NASA_POWER_daily_ag,3.265,5.351,0.5928,dewpoint,220.2,24.695
2024-02-08,11.79,22.05,4.34,43.03,0.0,3.82,19.13,98.98,0.55,-2.27,PNJ,29.39,76.96,semi_arid_subtropical,NASA_POWER_daily_ag,3.849,6.591,0.517,dewpoint,243.2,24.869
2024-02-09,13.16,24.02,3.83,39.23,0.0,1.75,18.19,99.09,0.78,-1.84,PNJ,29.39,76.96,semi_arid_subtropical,NASA_POWER_daily_ag,3.015,6.435,0.5337,dewpoint,231.7,25.045
2024-02-10,14.37,23.61,8.47,37.95,0.0,1.03,16.14,99.31,13.12,-0.69,PNJ,29.39,76.96,semi_arid_subtropical,NASA_POWER_daily_ag,2.491,6.037,0.5808,dewpoint,208.7,25.223
2024-02-11,14.58,24.66,7.27,46.78,0.0,1.32,16.76,99.24,1.41,2.32,PNJ,29.39,76.96,semi_arid_subtropical,NASA_POWER_daily_ag,2.68,6.579,0.722,dewpoint,216.0,25.403
2024-02-12,15.67,24.13,8.26,44.01,0.0,1.03,10.97,99.12,71.45,2.56,PNJ,29.39,76.96,semi_arid_subtropical,NASA_POWER_daily_ag,2.3,5.278,0.7344,dewpoint,228.6,25.585
2024-02-13,17.28,25.09,11.38,40.6,0.0,0.89,11.62,99.02,78.15,2.76,PNJ,29.39,76.96,semi_arid_subtropical,NASA_POWER_daily_ag,2.365,5.399,0.745,dewpoint,239.0,25.768
2024-02-14,16.04,25.3,10.1,44.48,0.0,1.27,15.89,99.03,3.69,2.92,PNJ,29.39,76.96,semi_arid_subtropical,NASA_POWER_daily_ag,2.787,6.5,0.7535,dewpoint,238.0,25.954
2024-02-15,15.94,26.12,8.67,45.74,0.0,1.85,17.49,99.11,3.31,2.69,PNJ,29.39,76.96,semi_arid_subtropical,NASA_POWER_daily_ag,3.29,6.936,0.7413,dewpoint,229.6,26.14
2024-02-16,16.01,26.67,8.64,39.38,0.0,1.68,17.11,99.14,11.95,0.72,PNJ,29.39,76.96,semi_arid_subtropical,NASA_POWER_daily_ag,3.279,6.648,0.6436,dewpoint,226.5,26.329
2024-02-17,16.4,26.29,8.12,35.46,0.0,2.05,17.51,98.66,27.51,-0.25,PNJ,29.39,76.96,semi_arid_subtropical,NASA_POWER_daily_ag,3.721,6.746,0.5998,dewpoint,276.8,26.518
2024-02-18,18.61,26.59,12.08,32.99,0.0,1.68,14.82,98.42,79.15,1.14,PNJ,29.39,76.96,semi_arid_subtropical,NASA_POWER_daily_ag,3.552,6.196,0.6634,dewpoint,302.0,26.709
2024-02-19,19.98,28.65,12.41,38.09,2.24,3.97,14.61,98.2,60.81,4.07,PNJ,29.39,76.96,semi_arid_subtropical,NASA_POWER_daily_ag,5.325,6.407,0.8173,dewpoint,325.1,26.902
2024-02-20,18.32,27.03,12.24,56.23,1.48,1.81,14.78,98.21,36.26,8.37,PNJ,29.39,76.96,semi_arid_subtropical,NASA_POWER_daily_ag,3.139,7.024,1.1001,dewpoint,324.1,27.095
2024-02-21,16.54,26.05,9.59,38.67,0.0,1.89,15.38,98.26,61.83,0.64,PNJ,29.39,76.96,semi_arid_subtropical,NASA_POWER_daily_ag,3.512,6.561,0.6398,dewpoint,318.8,27.29
2024-02-22,16.43,25.57,10.16,36.53,0.0,2.18,19.07,98.51,5.64,0.2,PNJ,29.39,76.96,semi_arid_subtropical,NASA_POWER_daily_ag,3.936,7.467,0.6197,dewpoint,292.5,27.485
2024-02-23,14.92,24.14,7.87,39.57,0.0,1.98,19.77,98.76,1.8,0.18,PNJ,29.39,76.96,semi_arid_subtropical,NASA_POWER_daily_ag,3.603,7.888,0.6188,dewpoint,266.3,27.681
2024-02-24,15.5,24.27,8.83,33.54,0.0,1.83,18.94,98.8,7.09,-1.63,PNJ,29.39,76.96,semi_arid_subtropical,NASA_POWER_daily_ag,3.653,7.48,0.542,dewpoint,262.1,27.878
2024-02-25,16.1,25.42,9.57,32.54,0.0,1.69,17.18,99.0,63.25,-1.6,PNJ,29.39,76.96,semi_arid_subtropical,NASA_POWER_daily_ag,3.542,7.033,0.5432,dewpoint,241.1,28.076
2024-02-26,16.34,25.64,9.95,37.36,0.0,1.69,15.74,99.04,86.3,0.7,PNJ,29.39,76.96,semi_arid_subtropical,NASA_POWER_daily_ag,3.402,6.929,0.6426,dewpoint,236.9,28.275
2024-02-27,15.33,20.8,11.79,53.8,0.06,1.95,8.59,99.07,69.98,5.82,PNJ,29.39,76.96,semi_arid_subtropical,NASA_POWER_daily_ag,2.569,5.271,0.9235,dewpoint,233.8,28.473
2024-02-28,17.18,26.82,9.41,44.23,0.0,2.79,20.14,98.74,0.04,3.28,PNJ,29.39,76.96,semi_arid_subtropical,NASA_POWER_daily_ag,4.392,8.54,0.773,dewpoint,268.4,28.673
2024-02-29,17.88,27.82,9.56,41.51,0.0,2.16,18.73,98.65,26.69,3.25,PNJ,29.39,76.96,semi_arid_subtropical,NASA_POWER_daily_ag,4.071,8.139,0.7713,dewpoint,277.8,28.872
2024-03-01,21.67,30.56,14.24,39.94,1.16,1.48,10.62,98.52,98.8,6.35,PNJ,29.39,76.96,semi_arid_subtropical,NASA_POWER_daily_ag,3.36,5.87,0.958,dewpoint,291.5,29.072
2024-03-02,20.36,25.95,15.99,59.49,16.81,4.67,10.73,98.24,82.47,11.53,PNJ,29.39,76.96,semi_arid_subtropical,NASA_POWER_daily_ag,4.244,6.286,1.3597,dewpoint,320.9,29.272
2024-03-03,16.12,23.61,9.36,66.06,10.19,1.84,17.05,98.4,21.49,8.5,PNJ,29.39,76.96,semi_arid_subtropical,NASA_POWER_daily_ag,3.045,8.575,1.1099,dewpoint,304.1,29.472
2024-03-04,13.51,23.3,5.73,37.82,0.9,1.94,20.93,98.84,20.26,-2.9,PNJ,29.39,76.96,semi_arid_subtropical,NASA_POWER_daily_ag,3.715,8.682,0.4933,dewpoint,257.9,29.672
2024-03-05,13.12,21.29,5.81,38.18,0.0,2.4,19.07,98.88,54.55,-1.7,PNJ,29.39,76.96,semi_arid_subtropical,NASA_POWER_daily_ag,3.766,8.438,0.5392,dewpoint,253.7,29.872
2024-03-06,14.55,24.14,5.43,37.68,0.0,1.99,20.84,98.7,18.81,-1.2,PNJ,29.39,76.96,semi_arid_subtropical,NASA_POWER_daily_ag,3.868,8.957,0.5595,dewpoint,272.6,30.072
2024-03-07,17.37,26.41,9.77,39.47,0.0,2.05,20.86,98.67,9.07,2.12,PNJ,29.39,76.96,semi_arid_subtropical,NASA_POWER_daily_ag,4.213,9.129,0.7117,dewpoint,275.7,30.272
2024-03-08,17.82,27.02,10.31,39.83,0.0,2.29,21.68,98.77,0.15,2.75,PNJ,29.39,76.96,semi_arid_subtropical,NASA_POWER_daily_ag,4.484,9.474,0.7444,dewpoint,265.2,30.471
2024-03-09,17.94,28.07,9.61,41.55,0.0,2.31,22.3,98.71,28.27,3.35,PNJ,29.39,76.96,semi_arid_subtropical,NASA_POWER_daily_ag,4.531,9.797,0.7768,dewpoint,271.5,30.67
2024-03-10,19.72,29.04,11.91,37.92,0.0,1.4,16.61,98.7,87.3,3.61,PNJ,29.39,76.96,semi_arid_subtropical,NASA_POWER_daily_ag,3.712,7.962,0.7912,dewpoint,272.6,30.868
2024-03-11,22.29,31.33,15.03,34.36,0.0,1.47,20.74,98.77,15.68,4.55,PNJ,29.39,76.96,semi_arid_subtropical,NASA_POWER_daily_ag,4.416,9.202,0.8453,dewpoint,265.2,31.065
2024-03-12,21.79,30.62,14.91,37.42,0.0,2.01,21.08,98.63,4.33,5.55,PNJ,29.39,76.96,semi_arid_subtropical,NASA_POWER_daily_ag,4.846,9.56,0.9064,dewpoint,279.9,31.262
2024-03-13,21.4,30.49,14.28,37.94,0.01,1.86,14.43,98.4,54.73,5.01,PNJ,29.39,76.96,semi_arid_subtropical,NASA_POWER_daily_ag,4.17,7.424,0.8729,dewpoint,304.1,31.458
2024-03-14,21.24,29.85,14.51,41.38,0.0,1.77,21.15,98.64,18.5,6.75,PNJ,29.39,76.96,semi_arid_subtropical,NASA_POWER_daily_ag,4.517,9.931,0.9848,dewpoint,278.9,31.654
2024-03-15,20.89,30.6,13.57,40.42,0.0,2.78,23.34,98.56,7.64,5.07,PNJ,29.39,76.96,semi_arid_subtropical,NASA_POWER_daily_ag,5.505,10.469,0.8766,dewpoint,287.3,31.848
2024-03-16,20.08,30.41,11.3,33.48,0.0,1.5,23.04,98.7,11.98,1.32,PNJ,29.39,76.96,semi_arid_subtropical,NASA_POWER_daily_ag,4.495,9.976,0.672,dewpoint,272.6,32.041
2024-03-17,20.97,31.41,11.46,33.72,0.0,1.67,18.56,98.64,78.9,2.72,PNJ,29.39,76.96,semi_arid_subtropical,NASA_POWER_daily_ag,4.418,8.755,0.7428,dewpoint,278.9,32.233
2024-03-18,22.5,32.22,14.24,34.41,0.0,1.69,22.58,98.49,11.52,4.48,PNJ,29.39,76.96,semi_arid_subtropical,NASA_POWER_daily_ag,4.927,10.192,0.8411,dewpoint,294.6,32.424
2024-03-19,23.0,31.89,15.3,33.71,0.0,1.46,22.16,98.49,12.1,4.91,PNJ,29.39,76.96,semi_arid_subtropical,NASA_POWER_daily_ag,4.734,10.147,0.8668,dewpoint,294.6,32.614
2024-03-20,24.09,34.38,14.94,32.54,0.0,1.62,22.36,98.51,29.87,5.15,PNJ,29.39,76.96,semi_arid_subtropical,NASA_POWER_daily_ag,5.078,10.194,0.8815,dewpoint,292.5,32.803
2024-03-21,21.93,30.07,15.42,34.98,0.0,2.01,20.39,98.5,42.63,4.8,PNJ,29.39,76.96,semi_arid_subtropical,NASA_POWER_daily_ag,4.981,9.723,0.8602,dewpoint,293.6,32.99
2024-03-22,23.95,33.82,15.28,35.38,0.0,1.81,20.79,98.17,35.68,6.29,PNJ,29.39,76.96,semi_arid_subtropical,NASA_POWER_daily_ag,5.103,9.96,0.9541,dewpoint,328.3,33.176
2024-03-23,25.56,35.73,16.74,33.59,0.0,3.05,23.18,98.03,21.24,5.54,PNJ,29.39,76.96,semi_arid_subtropical,NASA_POWER_daily_ag,6.901,10.561,0.9057,dewpoint,343.0,33.36
2024-03-24,22.98,29.2,18.13,36.07,0.0,1.85,10.86,98.28,68.99,6.56,PNJ,29.39,76.96,semi_arid_subtropical,NASA_POWER_daily_ag,4.098,6.607,0.972,dewpoint,316.7,33.543
2024-03-25,24.43,34.24,15.36,33.53,0.0,2.98,23.71,98.41,17.17,5.92,PNJ,29.39,76.96,semi_arid_subtropical,NASA_POWER_daily_ag,6.615,11.041,0.9299,dewpoint,303.0,33.724
2024-03-26,26.25,36.5,16.74,32.83,0.0,2.36,18.23,98.28,75.24,7.39,PNJ,29.39,76.96,semi_arid_subtropical,NASA_POWER_daily_ag,5.838,9.226,1.029,dewpoint,316.7,33.904
2024-03-27,27.76,37.52,20.29,33.13,0.0,2.35,17.81,98.49,77.1,8.81,PNJ,29.39,76.96,semi_arid_subtropical,NASA_POWER_daily_ag,5.984,9.145,1.1334,dewpoint,294.6,34.082
2024-03-28,29.2,37.89,21.06,37.24,0.0,2.82,20.49,98.24,70.9,11.81,PNJ,29.39,76.96,semi_arid_subtropical,NASA_POWER_daily_ag,6.835,10.582,1.3851,dewpoint,320.9,34.258
2024-03-29,29.39,38.22,20.75,42.84,1.31,1.34,20.01,98.1,58.72,14.0,PNJ,29.39,76.96,semi_arid_subtropical,NASA_POWER_daily_ag,5.1,10.78,1.5986,dewpoint,335.6,34.432
2024-03-30,29.51,37.04,21.62,30.84,0.53,2.0,21.75,98.14,41.61,9.14,PNJ,29.39,76.96,semi_arid_subtropical,NASA_POWER_daily_ag,6.314,10.73,1.159,dewpoint,331.4,34.604
2024-03-31,28.22,36.14,21.78,26.37,0.06,2.36,23.5,98.27,17.97,5.6,PNJ,29.39,76.96,semi_arid_subtropical,NASA_POWER_daily_ag,6.847,10.849,0.9095,dewpoint,317.7,34.775
2024-04-01,24.65,31.88,19.2,32.85,0.0,3.01,21.9,98.1,65.15,6.17,PNJ,29.39,76.96,semi_arid_subtropical,NASA_POWER_daily_ag,6.593,10.736,0.9462,dewpoint,335.6,34.943
2024-04-02,25.52,34.58,16.57,23.82,0.0,2.83,23.9,97.97,52.25,1.31,PNJ,29.39,76.96,semi_arid_subtropical,NASA_POWER_daily_ag,7.131,10.761,0.6715,dewpoint,349.3,35.11
2024-04-03,27.79,36.68,18.61,25.23,0.01,1.28,17.68,98.06,87.58,4.6,PNJ,29.39,76.96,semi_arid_subtropical,NASA_POWER_daily_ag,4.877,8.979,0.8483,dewpoint,339.9,35.274
2024-04-04,28.71,37.29,21.47,21.19,0.01,2.31,23.08,98.05,49.16,3.05,PNJ,29.39,76.96,semi_arid_subtropical,NASA_POWER_daily_ag,6.975,10.475,0.7605,dewpoint,340.9,35.437
2024-04-05,28.01,37.15,21.26,21.43,0.0,2.98,23.1,98.01,43.64,2.7,PNJ,29.39,76.96,semi_arid_subtropical,NASA_POWER_daily_ag,7.708,10.496,0.7418,dewpoint,345.1,35.597
2024-04-06,26.59,36.23,18.2,23.61,0.0,2.44,25.41,98.01,6.49,2.17,PNJ,29.39,76.96,semi_arid_subtropical,NASA_POWER_daily_ag,7.019,11.403,0.7143,dewpoint,345.1,35.755
2024-04-07,26.69,37.02,16.61,20.41,0.0,2.27,26.25,98.01,1.68,0.2,PNJ,29.39,76.96,semi_arid_subtropical,NASA_POWER_daily_ag,6.977,11.451,0.6197,dewpoint,345.1,35.911
2024-04-08,27.88,37.72,18.77,20.52,0.0,2.38,25.55,98.11,10.32,1.26,PNJ,29.39,76.96,semi_arid_subtropical,NASA_POWER_daily_ag,7.245,11.286,0.6691,dewpoint,334.6,36.064
2024-04-09,28.18,38.46,19.17,17.56,0.0,1.96,21.42,98.17,45.87,-0.74,PNJ,29.39,76.96,semi_arid_subtropical,NASA_POWER_daily_ag,6.412,9.737,0.5787,dewpoint,328.3,36.216
2024-04-10,29.33,39.12,20.28,18.02,0.0,1.48,23.94,98.17,11.13,0.65,PNJ,29.39,76.96,semi_arid_subtropical,NASA_POWER_daily_ag,6.031,10.633,0.6403,dewpoint,328.3,36.365
2024-04-11,29.58,38.59,22.04,25.79,0.0,1.65,20.83,98.32,49.95,6.24,PNJ,29.39,76.96,semi_arid_subtropical,NASA_POWER_daily_ag,5.967,10.357,0.9508,dewpoint,312.5,36.512
2024-04-12,30.8,39.45,21.95,20.99,0.0,1.14,22.56,98.19,54.46,4.8,PNJ,29.39,76.96,semi_arid_subtropical,NASA_POWER_daily_ag,5.532,10.766,0.8602,dewpoint,326.2,36.656
2024-04-13,30.87,37.82,25.12,26.81,0.12,2.07,13.6,98.18,96.32,9.12,PNJ,29.39,76.96,semi_arid_subtropical,NASA_POWER_daily_ag,5.885,7.991,1.1574,dewpoint,327.2,36.798
2024-04-14,27.59,33.31,21.86,40.9,1.58,2.13,11.21,98.39,94.54,12.23,PNJ,29.39,76.96,semi_arid_subtropical,NASA_POWER_daily_ag,4.835,7.298,1.424,dewpoint,305.1,36.938
2024-04-15,29.08,34.34,24.58,38.21,0.05,1.88,14.13,98.36,89.59,13.12,PNJ,29.39,76.96,semi_arid_subtropical,NASA_POWER_daily_ag,5.112,8.594,1.5096,dewpoint,308.3,37.075
2024-04-16,29.62,36.91,22.74,34.81,0.0,3.45,24.93,98.23,41.92,11.49,PNJ,29.39,76.96,semi_arid_subtropical,NASA_POWER_daily_ag,8.245,12.992,1.3561,dewpoint,321.9,37.21
2024-04-17,28.51,35.97,20.56,28.44,0.0,4.21,24.93,98.04,73.35,6.51,PNJ,29.39,76.96,semi_arid_subtropical,NASA_POWER_daily_ag,9.181,12.288,0.9686,dewpoint,342.0,37.343
2024-04-18,30.25,37.54,21.56,25.56,0.07,2.49,23.63,97.88,65.05,7.61,PNJ,29.39,76.96,semi_arid_subtropical,NASA_POWER_daily_ag,7.538,11.892,1.0446,dewpoint,358.8,37.473
2024-04-19,30.98,39.69,24.07,26.82,0.83,2.25,19.52,97.62,69.07,8.94,PNJ,29.39,76.96,semi_arid_subtropical,NASA_POWER_daily_ag,6.828,10.368,1.1434,dewpoint,386.3,37.6
2024-04-20,29.65,37.11,22.07,28.57,0.43,2.9,22.5,97.69,39.49,8.74,PNJ,29.39,76.96,semi_arid_subtropical,NASA_POWER_daily_ag,7.709,11.687,1.1281,dewpoint,378.9,37.726
2024-04-21,30.16,37.65,22.19,29.61,0.0,2.91,26.44,97.79,31.66,9.27,PNJ,29.39,76.96,semi_arid_subtropical,NASA_POWER_daily_ag,8.233,13.346,1.1692,dewpoint,368.3,37.848
2024-04-22,30.8,38.37,24.95,25.42,0.12,1.63,22.49,97.9,49.69,7.4,PNJ,29.39,76.96,semi_arid_subtropical,NASA_POWER_daily_ag,6.345,11.384,1.0297,dewpoint,356.7,37.969
2024-04-23,30.56,38.95,22.51,21.79,0.0,1.98,16.75,97.8,47.01,5.24,PNJ,29.39,76.96,semi_arid_subtropical,NASA_POWER_daily_ag,6.304,9.104,0.887,dewpoint,367.3,38.086
2024-04-24,29.59,37.52,22.85,26.8,2.71,2.09,26.5,97.81,5.03,7.43,PNJ,29.39,76.96,semi_arid_subtropical,NASA_POWER_daily_ag,7.243,13.1,1.0318,dewpoint,366.2,38.202
2024-04-25,30.93,39.53,22.18,25.38,0.0,2.69,26.67,97.78,13.6,7.2,PNJ,29.39,76.96,semi_arid_subtropical,NASA_POWER_daily_ag,8.308,13.079,1.0157,dewpoint,369.4,38.315
2024-04-26,33.17,41.45,24.99,23.57,1.24,1.55,25.43,97.65,32.85,8.26,PNJ,29.39,76.96,semi_arid_subtropical,NASA_POWER_daily_ag,6.89,12.612,1.0919,dewpoint,383.1,38.425
2024-04-27,32.08,39.68,25.66,27.03,0.48,2.05,23.3,97.73,57.18,9.22,PNJ,29.39,76.96,semi_arid_subtropical,NASA_POWER_daily_ag,7.218,12.027,1.1652,dewpoint,374.7,38.533
2024-04-28,30.68,38.4,23.43,30.77,0.85,1.92,21.72,97.89,56.23,10.2,PNJ,29.39,76.96,semi_arid_subtropical,NASA_POWER_daily_ag,6.603,11.68,1.2445,dewpoint,357.8,38.639
2024-04-29,31.14,39.59,24.39,30.06,0.01,2.98,20.91,97.81,55.4,10.2,PNJ,29.39,76.96,semi_arid_subtropical,NASA_POWER_daily_ag,7.905,11.299,1.2445,dewpoint,366.2,38.742
2024-04-30,28.97,37.59,21.21,26.82,0.0,2.85,26.82,97.74,37.03,4.41,PNJ,29.39,76.96,semi_arid_subtropical,NASA_POWER_daily_ag,8.262,12.95,0.837,dewpoint,373.6,38.842
2024-05-01,26.38,34.01,19.1,26.25,0.0,3.97,27.39,97.6,20.0,3.38,PNJ,29.39,76.96,semi_arid_subtropical,NASA_POWER_daily_ag,8.903,13.327,0.7784,dewpoint,388.4,38.941
2024-05-02,28.11,37.67,18.06,21.4,0.0,3.18,27.53,97.67,20.64,2.72,PNJ,29.39,76.96,semi_arid_subtropical,NASA_POWER_daily_ag,8.63,13.141,0.7428,dewpoint,381.0,39.036
2024-05-03,30.23,39.17,20.64,19.12,0.0,3.31,21.44,97.78,76.06,2.28,PNJ,29.39,76.96,semi_arid_subtropical,NASA_POWER_daily_ag,8.756,10.743,0.7199,dewpoint,369.4,39.13
2024-05-04,33.53,42.6,25.1,18.46,0.0,2.95,24.86,97.7,52.07,5.12,PNJ,29.39,76.96,semi_arid_subtropical,NASA_POWER_daily_ag,9.153,12.021,0.8796,dewpoint,377.9,39.221
2024-05-05,33.82,42.56,25.39,22.53,0.0,3.91,26.49,97.36,11.8,8.37,PNJ,29.39,76.96,semi_arid_subtropical,NASA_POWER_daily_ag,10.52,13.202,1.1001,dewpoint,413.8,39.309
2024-05-06,34.24,42.25,26.04,22.9,0.0,2.66,25.86,97.54,18.06,9.08,PNJ,29.39,76.96,semi_arid_subtropical,NASA_POWER_daily_ag,8.843,13.092,1.1543,dewpoint,394.8,39.395
2024-05-07,35.78,43.7,27.6,19.09,0.0,1.5,24.64,97.71,21.93,7.68,PNJ,29.39,76.96,semi_arid_subtropical,NASA_POWER_daily_ag,7.092,12.265,1.0496,dewpoint,376.8,39.479
2024-05-08,34.4,41.89,26.0,19.38,0.0,1.66,24.16,97.75,32.18,6.87,PNJ,29.39,76.96,semi_arid_subtropical,NASA_POWER_daily_ag,7.179,12.12,0.993,dewpoint,372.6,39.561
2024-05-09,33.0,40.39,25.25,27.85,0.0,2.49,23.88,97.76,10.88,11.26,PNJ,29.39,76.96,semi_arid_subtropical,NASA_POWER_daily_ag,8.044,12.824,1.3356,dewpoint,371.5,39.64
2024-05-10,34.41,41.65,26.62,26.61,0.0,2.12,22.01,97.8,40.56,11.67,PNJ,29.39,76.96,semi_arid_subtropical,NASA_POWER_daily_ag,7.547,12.022,1.3723,dewpoint,367.3,39.717
2024-05-11,34.23,41.59,27.51,28.74,0.5,2.29,23.45,97.99,33.94,12.38,PNJ,29.39,76.96,semi_arid_subtropical,NASA_POWER_daily_ag,7.903,12.736,1.4381,dewpoint,347.2,39.791
2024-05-12,34.01,41.39,27.04,28.35,0.11,1.74,22.86,97.99,61.87,12.06,PNJ,29.39,76.96,semi_arid_subtropical,NASA_POWER_daily_ag,7.02,12.466,1.4081,dewpoint,347.2,39.863
2024-05-13,34.0,41.33,27.71,23.51,2.65,1.89,25.65,98.03,28.83,8.75,PNJ,29.39,76.96,semi_arid_subtropical,NASA_POWER_daily_ag,7.662,13.044,1.1288,dewpoint,343.0,39.933
2024-05-14,33.31,41.87,24.33,18.51,0.0,2.8,27.18,98.04,18.44,4.78,PNJ,29.39,76.96,semi_arid_subtropical,NASA_POWER_daily_ag,9.215,13.073,0.859,dewpoint,342.0,40.001
2024-05-15,34.78,42.86,25.32,13.77,0.0,1.31,25.35,98.02,16.04,1.9,PNJ,29.39,76.96,semi_arid_subtropical,NASA_POWER_daily_ag,6.735,11.903,0.7006,dewpoint,344.1,40.067
2024-05-16,35.86,44.37,25.99,14.75,0.01,2.02,24.34,97.92,19.92,4.47,PNJ,29.39,76.96,semi_arid_subtropical,NASA_POWER_daily_ag,8.076,11.844,0.8406,dewpoint,354.6,40.13
2024-05-17,38.03,46.28,29.82,16.32,0.0,2.49,24.21,97.6,29.34,7.1,PNJ,29.39,76.96,semi_arid_subtropical,NASA_POWER_daily_ag,9.163,11.982,1.0088,dewpoint,388.4,40.191
2024-05-18,38.05,46.26,30.32,17.53,0.0,2.67,25.24,97.29,21.56,8.27,PNJ,29.39,76.96,semi_arid_subtropical,NASA_POWER_daily_ag,9.564,12.563,1.0927,dewpoint,421.3,40.25
2024-05-19,38.36,46.39,30.15,20.62,0.02,3.37,26.14,97.18,11.51,10.66,PNJ,29.39,76.96,semi_arid_subtropical,NASA_POWER_daily_ag,10.8,13.373,1.2833,dewpoint,432.9,40.307
2024-05-20,38.48,46.51,29.91,17.34,0.02,2.99,25.99,97.26,13.91,8.0,PNJ,29.39,76.96,semi_arid_subtropical,NASA_POWER_daily_ag,10.3,12.828,1.0728,dewpoint,424.4,40.361
2024-05-21,37.89,44.58,29.58,16.05,0.02,1.67,25.78,97.41,39.17,7.15,PNJ,29.39,76.96,semi_arid_subtropical,NASA_POWER_daily_ag,7.849,12.717,1.0122,dewpoint,408.5,40.414
2024-05-22,37.52,44.96,29.44,17.55,0.0,1.92,22.99,97.41,36.32,8.12,PNJ,29.39,76.96,semi_arid_subtropical,NASA_POWER_daily_ag,7.932,11.829,1.0816,dewpoint,408.5,40.464
2024-05-23,36.74,43.35,29.85,27.06,0.0,2.62,24.09,97.37,11.36,13.91,PNJ,29.39,76.96,semi_arid_subtropical,NASA_POWER_daily_ag,8.91,13.304,1.5893,dewpoint,412.8,40.513
2024-05-24,37.09,43.36,30.23,28.12,0.01,2.24,24.05,97.34,27.79,14.87,PNJ,29.39,76.96,semi_arid_subtropical,NASA_POWER_daily_ag,8.37,13.462,1.6911,dewpoint,416.0,40.559
2024-05-25,38.23,46.05,30.4,21.1,0.0,2.97,24.26,97.15,31.57,10.69,PNJ,29.39,76.96,semi_arid_subtropical,NASA_POWER_daily_ag,9.929,12.7,1.2859,dewpoint,436.1,40.603
2024-05-26,38.62,47.49,29.28,17.65,0.01,2.9,26.99,96.99,11.31,8.79,PNJ,29.39,76.96,semi_arid_subtropical,NASA_POWER_daily_ag,10.279,13.411,1.1319,dewpoint,453.1,40.645
2024-05-27,38.94,47.56,29.98,13.58,0.0,2.4,26.99,96.74,15.12,4.63,PNJ,29.39,76.96,semi_arid_subtropical,NASA_POWER_daily_ag,9.477,12.627,0.85,dewpoint,479.7,40.686
2024-05-28,39.66,47.87,30.75,10.12,0.0,2.52,28.36,96.52,11.57,1.71,PNJ,29.39,76.96,semi_arid_subtropical,NASA_POWER_daily_ag,9.934,12.526,0.6911,dewpoint,503.2,40.724
2024-05-29,39.69,48.01,30.36,9.9,0.0,1.81,26.51,96.66,43.03,1.79,PNJ,29.39,76.96,semi_arid_subtropical,NASA_POWER_daily_ag,8.325,11.978,0.6951,dewpoint,488.2,40.76
2024-05-30,39.09,47.85,31.19,11.02,0.0,2.57,27.87,96.96,44.72,1.44,PNJ,29.39,76.96,semi_arid_subtropical,NASA_POWER_daily_ag,9.898,12.311,0.6779,dewpoint,456.3,40.794
2024-05-31,38.98,47.96,30.16,9.55,0.07,2.35,27.74,97.12,46.9,0.18,PNJ,29.39,76.96,semi_arid_subtropical,NASA_POWER_daily_ag,9.448,12.117,0.6188,dewpoint,439.3,40.827
2024-06-01,38.76,46.38,31.55,15.17,0.0,3.07,19.87,97.28,77.28,6.8,PNJ,29.39,76.96,semi_arid_subtropical,NASA_POWER_daily_ag,9.884,10.465,0.9882,dewpoint,422.3,40.857
2024-06-02,38.02,45.43,30.14,22.73,1.71,2.78,25.65,97.41,43.11,11.69,PNJ,29.39,76.96,semi_arid_subtropical,NASA_POWER_daily_ag,9.743,13.544,1.3741,dewpoint,408.5,40.886
2024-06-03,38.38,45.78,29.85,18.99,0.01,2.95,23.69,97.29,36.66,9.77,PNJ,29.39,76.96,semi_arid_subtropical,NASA_POWER_daily_ag,9.934,12.411,1.2092,dewpoint,421.3,40.913
2024-06-04,39.37,45.79,32.81,18.68,0.47,3.19,23.6,97.29,65.61,10.57,PNJ,29.39,76.96,semi_arid_subtropical,NASA_POWER_daily_ag,10.481,12.41,1.2757,dewpoint,421.3,40.938
2024-06-05,38.49,45.81,30.92,20.11,0.0,3.43,22.28,97.37,87.04,10.78,PNJ,29.39,76.96,semi_arid_subtropical,NASA_POWER_daily_ag,10.509,11.976,1.2936,dewpoint,412.8,40.961
2024-06-06,36.82,43.26,30.85,23.72,1.68,2.32,23.27,97.67,68.29,12.11,PNJ,29.39,76.96,semi_arid_subtropical,NASA_POWER_daily_ag,8.473,12.689,1.4128,dewpoint,381.0,40.982
2024-06-07,36.95,43.38,30.26,27.36,0.02,3.62,24.28,97.44,28.11,14.52,PNJ,29.39,76.96,semi_arid_subtropical,NASA_POWER_daily_ag,10.35,13.58,1.6534,dewpoint,405.4,41.001
2024-06-08,36.0,42.47,29.95,27.24,0.02,4.17,20.72,97.36,55.09,13.52,PNJ,29.39,76.96,semi_arid_subtropical,NASA_POWER_daily_ag,10.425,11.856,1.5495,dewpoint,413.8,41.019
2024-06-09,36.24,44.2,28.32,20.8,0.0,3.61,27.73,97.31,29.13,7.81,PNJ,29.39,76.96,semi_arid_subtropical,NASA_POWER_daily_ag,11.039,13.812,1.059,dewpoint,419.1,41.034
2024-06-10,36.92,44.81,27.9,16.82,0.0,3.02,27.92,97.3,9.76,7.09,PNJ,29.39,76.96,semi_arid_subtropical,NASA_POWER_daily_ag,10.351,13.739,1.0081,dewpoint,420.2,41.048
2024-06-11,37.65,45.53,28.76,14.76,0.0,2.65,27.79,97.26,15.85,5.66,PNJ,29.39,76.96,semi_arid_subtropical,NASA_POWER_daily_ag,9.875,13.352,0.9133,dewpoint,424.4,41.061
2024-06-12,38.61,46.5,29.7,15.86,0.0,2.75,26.57,97.19,21.62,7.32,PNJ,29.39,76.96,semi_arid_subtropical,NASA_POWER_daily_ag,10.05,13.114,1.0241,dewpoint,431.9,41.071
2024-06-13,39.57,46.95,31.15,18.13,0.0,4.54,26.13,97.07,14.98,10.3,PNJ,29.39,76.96,semi_arid_subtropical,NASA_POWER_daily_ag,12.984,13.421,1.2529,dewpoint,444.6,41.08
2024-06-14,39.97,46.62,33.22,20.11,0.0,5.16,25.79,97.04,16.1,12.09,PNJ,29.39,76.96,semi_arid_subtropical,NASA_POWER_daily_ag,13.806,13.569,1.4109,dewpoint,447.8,41.087
2024-06-15,40.51,47.09,33.87,20.57,0.0,5.42,26.66,97.03,10.97,12.87,PNJ,29.39,76.96,semi_arid_subtropical,NASA_POWER_daily_ag,14.38,14.049,1.4851,dewpoint,448.9,41.092
2024-06-16,40.48,47.19,33.65,20.83,0.0,5.13,26.08,97.08,12.62,13.01,PNJ,29.39,76.96,semi_arid_subtropical,NASA_POWER_daily_ag,13.882,13.838,1.4988,dewpoint,443.6,41.095
2024-06-17,41.09,47.5,34.16,22.12,0.0,5.19,25.97,97.08,11.77,14.71,PNJ,29.39,76.96,semi_arid_subtropical,NASA_POWER_daily_ag,13.988,14.119,1.6738,dewpoint,443.6,41.097
2024-06-18,41.12,46.76,35.27,22.6,0.0,5.24,24.74,96.87,40.81,15.02,PNJ,29.39,76.96,semi_arid_subtropical,NASA_POWER_daily_ag,13.863,13.635,1.7075,dewpoint,465.9,41.097
2024-06-19,40.77,46.93,34.21,24.05,0.76,4.51,23.18,96.64,54.42,15.75,PNJ,29.39,76.96,semi_arid_subtropical,NASA_POWER_daily_ag,12.416,13.106,1.7895,dewpoint,490.4,41.095
2024-06-20,37.17,41.96,31.43,37.91,9.95,1.43,21.44,96.9,69.25,19.25,PNJ,29.39,76.96,semi_arid_subtropical,NASA_POWER_daily_ag,6.669,13.086,2.2319,dewpoint,462.7,41.092
2024-06-21,35.29,40.85,30.92,35.54,2.86,1.59,18.51,97.15,71.7,17.19,PNJ,29.39,76.96,semi_arid_subtropical,NASA_POWER_daily_ag,6.23,11.341,1.9612,dewpoint,436.1,41.086
2024-06-22,35.34,41.31,28.82,35.44,0.01,1.33,20.49,97.16,53.58,16.89,PNJ,29.39,76.96,semi_arid_subtropical,NASA_POWER_daily_ag,6.199,12.301,1.9243,dewpoint,435.1,41.079
2024-06-23,37.0,42.44,30.38,34.15,0.78,1.03,20.8,97.2,59.68,18.1,PNJ,29.39,76.96,semi_arid_subtropical,NASA_POWER_daily_ag,5.979,12.577,2.077,dewpoint,430.8,41.071
2024-06-24,37.37,42.17,32.85,35.82,1.91,1.44,16.71,97.06,80.78,19.24,PNJ,29.39,76.96,semi_arid_subtropical,NASA_POWER_daily_ag,5.93,10.628,2.2305,dewpoint,445.7,41.06
2024-06-25,37.41,43.02,31.83,38.63,0.53,1.26,18.6,96.99,87.16,20.17,PNJ,29.39,76.96,semi_arid_subtropical,NASA_POWER_daily_ag,5.95,11.721,2.363,dewpoint,453.1,41.048
2024-06-26,36.9,42.01,32.41,41.87,6.44,2.04,11.55,97.05,87.3,21.38,PNJ,29.39,76.96,semi_arid_subtropical,NASA_POWER_daily_ag,5.642,8.093,2.5457,dewpoint,446.7,41.035
2024-06-27,32.52,35.67,29.94,64.04,13.69,2.56,16.54,97.35,73.09,24.61,PNJ,29.39,76.96,semi_arid_subtropical,NASA_POWER_daily_ag,5.407,11.254,3.0949,dewpoint,414.9,41.019
2024-06-28,33.33,37.92,29.26,60.01,1.12,2.79,21.37,97.18,39.82,23.95,PNJ,29.39,76.96,semi_arid_subtropical,NASA_POWER_daily_ag,6.723,13.982,2.975,dewpoint,432.9,41.002
2024-06-29,33.55,38.06,29.24,61.55,14.09,2.43,16.97,97.0,66.51,24.79,PNJ,29.39,76.96,semi_arid_subtropical,NASA_POWER_daily_ag,5.665,11.514,3.1284,dewpoint,452.1,40.983
2024-06-30,34.21,40.11,28.15,60.99,8.82,2.28,15.81,96.92,80.08,24.7,PNJ,29.39,76.96,semi_arid_subtropical,NASA_POWER_daily_ag,5.551,10.803,3.1116,dewpoint,460.6,40.962
2024-07-01,35.11,40.07,30.57,54.98,1.12,3.2,13.04,96.67,78.03,24.26,PNJ,29.39,76.96,semi_arid_subtropical,NASA_POWER_daily_ag,6.135,9.116,3.0308,dewpoint,487.2,40.94
2024-07-02,34.28,39.8,29.87,63.41,13.04,2.78,12.27,96.59,86.23,25.89,PNJ,29.39,76.96,semi_arid_subtropical,NASA_POWER_daily_ag,5.064,8.768,3.3396,dewpoint,495.7,40.916
2024-07-03,31.7,36.27,28.59,69.77,3.43,2.74,13.91,96.92,97.17,25.19,PNJ,29.39,76.96,semi_arid_subtropical,NASA_POWER_daily_ag,4.673,9.735,3.2038,dewpoint,460.6,40.89
2024-07-04,29.44,32.75,26.83,77.71,9.85,3.39,11.29,97.19,96.28,24.98,PNJ,29.39,76.96,semi_arid_subtropical,NASA_POWER_daily_ag,3.736,8.161,3.164,dewpoint,431.9,40.862
2024-07-05,32.55,38.92,27.53,66.36,7.95,2.19,18.79,96.92,99.03,24.82,PNJ,29.39,76.96,semi_arid_subtropical,NASA_POWER_daily_ag,5.548,12.6,3.134,dewpoint,460.6,40.833
2024-07-06,30.7,35.41,26.88,76.99,23.24,2.56,15.05,96.81,97.15,25.9,PNJ,29.39,76.96,semi_arid_subtropical,NASA_POWER_daily_ag,4.31,10.507,3.3416,dewpoint,472.3,40.801
2024-07-07,31.56,37.47,26.86,68.46,4.86,2.24,15.57,97.07,91.64,24.39,PNJ,29.39,76.96,semi_arid_subtropical,NASA_POWER_daily_ag,4.829,10.649,3.0545,dewpoint,444.6,40.768
2024-07-08,31.75,36.56,27.36,65.75,5.06,1.56,19.05,97.39,63.78,24.13,PNJ,29.39,76.96,semi_arid_subtropical,NASA_POWER_daily_ag,5.14,12.672,3.0073,dewpoint,410.7,40.733
2024-07-09,32.57,37.59,27.48,64.89,1.68,1.15,20.16,97.47,75.65,24.55,PNJ,29.39,76.96,semi_arid_subtropical,NASA_POWER_daily_ag,5.208,13.374,3.0839,dewpoint,402.2,40.697
2024-07-10,33.36,38.17,28.69,61.66,5.88,1.13,21.31,97.42,62.88,24.58,PNJ,29.39,76.96,semi_arid_subtropical,NASA_POWER_daily_ag,5.529,14.032,3.0894,dewpoint,407.5,40.658
2024-07-11,35.16,41.43,28.9,54.92,2.09,1.37,20.78,97.0,67.89,23.93,PNJ,29.39,76.96,semi_arid_subtropical,NASA_POWER_daily_ag,5.955,13.547,2.9714,dewpoint,452.1,40.618
2024-07-12,35.35,40.7,31.08,53.81,1.21,2.39,12.99,96.82,90.71,24.0,PNJ,29.39,76.96,semi_arid_subtropical,NASA_POWER_daily_ag,5.546,9.039,2.9839,dewpoint,471.2,40.576
2024-07-13,33.8,38.58,29.0,56.04,2.31,1.06,19.73,96.92,77.49,23.18,PNJ,29.39,76.96,semi_arid_subtropical,NASA_POWER_daily_ag,5.31,12.854,2.8402,dewpoint,460.6,40.532
2024-07-14,34.63,39.73,29.19,51.83,0.73,1.18,22.27,96.93,38.54,22.66,PNJ,29.39,76.96,semi_arid_subtropical,NASA_POWER_daily_ag,6.012,14.171,2.7522,dewpoint,459.5,40.486
2024-07-15,33.69,38.56,29.25,59.45,2.72,2.68,21.9,97.24,51.09,24.2,PNJ,29.39,76.96,semi_arid_subtropical,NASA_POWER_daily_ag,6.794,14.272,3.0199,dewpoint,426.6,40.438
2024-07-16,33.31,38.58,28.32,64.45,4.23,2.43,14.31,97.32,83.12,25.17,PNJ,29.39,76.96,semi_arid_subtropical,NASA_POWER_daily_ag,5.058,9.927,3.2,dewpoint,418.1,40.389
2024-07-17,32.2,35.6,28.75,69.05,8.09,1.99,15.57,97.31,72.72,25.65,PNJ,29.39,76.96,semi_arid_subtropical,NASA_POWER_daily_ag,4.65,10.753,3.2925,dewpoint,419.1,40.337
2024-07-18,32.7,37.61,28.2,68.24,10.88,1.51,16.0,97.12,67.91,25.65,PNJ,29.39,76.96,semi_arid_subtropical,NASA_POWER_daily_ag,4.584,10.999,3.2925,dewpoint,439.3,40.283
2024-07-19,32.91,38.35,27.96,65.16,4.37,1.87,18.83,97.03,71.76,24.85,PNJ,29.39,76.96,semi_arid_subtropical,NASA_POWER_daily_ag,5.444,12.581,3.1396,dewpoint,448.9,40.228
2024-07-20,32.53,37.21,28.11,65.61,1.28,1.97,21.63,97.13,36.7,24.93,PNJ,29.39,76.96,semi_arid_subtropical,NASA_POWER_daily_ag,5.89,14.27,3.1546,dewpoint,438.2,40.171
2024-07-21,33.66,39.25,28.35,62.23,3.45,2.32,19.08,97.07,52.2,24.95,PNJ,29.39,76.96,semi_arid_subtropical,NASA_POWER_daily_ag,5.943,12.718,3.1584,dewpoint,444.6,40.111
2024-07-22,32.42,36.88,28.66,70.14,12.61,2.87,14.23,97.09,89.39,26.05,PNJ,29.39,76.96,semi_arid_subtropical,NASA_POWER_daily_ag,4.806,9.951,3.3714,dewpoint,442.5,40.05
2024-07-23,32.19,36.48,28.23,73.99,13.74,1.51,17.39,96.95,86.92,26.66,PNJ,29.39,76.96,semi_arid_subtropical,NASA_POWER_daily_ag,4.613,11.973,3.4948,dewpoint,457.4,39.986
2024-07-24,29.36,31.88,27.94,87.38,50.46,2.89,16.73,96.71,93.47,27.0,PNJ,29.39,76.96,semi_arid_subtropical,NASA_POWER_daily_ag,3.882,11.646,3.5653,dewpoint,482.9,39.921
2024-07-25,29.63,32.51,27.42,83.1,1.32,1.96,18.75,96.68,80.2,26.33,PNJ,29.39,76.96,semi_arid_subtropical,NASA_POWER_daily_ag,4.395,12.811,3.4276,dewpoint,486.1,39.853
2024-07-26,31.71,35.71,27.8,75.61,10.76,1.12,17.95,96.78,94.53,26.56,PNJ,29.39,76.96,semi_arid_subtropical,NASA_POWER_daily_ag,4.484,12.306,3.4743,dewpoint,475.5,39.784
2024-07-27,30.84,34.22,27.26,80.79,19.75,2.18,13.42,97.05,93.34,27.03,PNJ,29.39,76.96,semi_arid_subtropical,NASA_POWER_daily_ag,3.7,9.541,3.5716,dewpoint,446.7,39.712
2024-07-28,31.63,37.25,27.32,73.41,2.74,1.79,22.11,97.1,67.45,25.81,PNJ,29.39,76.96,semi_arid_subtropical,NASA_POWER_daily_ag,5.54,14.697,3.3239,dewpoint,441.4,39.638
2024-07-29,30.91,34.82,27.12,78.96,4.68,2.16,21.97,97.08,69.3,26.62,PNJ,29.39,76.96,semi_arid_subtropical,NASA_POWER_daily_ag,5.305,14.812,3.4866,dewpoint,443.6,39.562
2024-07-30,31.52,35.85,27.32,77.23,7.38,1.72,19.78,97.2,73.94,26.78,PNJ,29.39,76.96,semi_arid_subtropical,NASA_POWER_daily_ag,4.947,13.457,3.5196,dewpoint,430.8,39.484
2024-07-31,31.73,35.67,28.61,81.1,20.56,1.99,17.31,97.08,87.31,27.86,PNJ,29.39,76.96,semi_arid_subtropical,NASA_POWER_daily_ag,4.443,12.061,3.7492,dewpoint,443.6,39.404
2024-08-01,28.44,29.42,27.57,91.97,35.7,2.28,11.82,97.02,99.07,27.02,PNJ,29.39,76.96,semi_arid_subtropical,NASA_POWER_daily_ag,2.707,8.535,3.5695,dewpoint,449.9,39.322
2024-08-02,29.67,33.45,26.31,84.55,2.4,2.17,17.59,97.03,82.83,26.62,PNJ,29.39,76.96,semi_arid_subtropical,NASA_POWER_daily_ag,4.161,12.089,3.4866,dewpoint,448.9,39.237
2024-08-03,29.35,32.88,26.32,83.01,1.4,2.98,17.51,97.26,60.24,26.01,PNJ,29.39,76.96,semi_arid_subtropical,NASA_POWER_daily_ag,4.276,11.952,3.3634,dewpoint,424.4,39.15
2024-08-04,29.55,33.93,25.22,79.44,1.89,1.98,18.57,97.43,83.66,25.39,PNJ,29.39,76.96,semi_arid_subtropical,NASA_POWER_daily_ag,4.487,12.499,3.2421,dewpoint,406.4,39.062
2024-08-05,29.53,33.32,26.33,81.59,0.77,3.41,21.2,97.39,53.24,25.87,PNJ,29.39,76.96,semi_arid_subtropical,NASA_POWER_daily_ag,5.021,14.167,3.3357,dewpoint,410.7,38.97
2024-08-06,29.0,33.4,25.13,83.08,1.6,2.91,20.55,97.15,44.31,25.66,PNJ,29.39,76.96,semi_arid_subtropical,NASA_POWER_daily_ag,4.712,13.741,3.2945,dewpoint,436.1,38.877
2024-08-07,28.25,30.89,26.14,87.38,10.05,2.79,12.38,97.27,77.71,25.89,PNJ,29.39,76.96,semi_arid_subtropical,NASA_POWER_daily_ag,3.056,8.787,3.3396,dewpoint,423.4,38.782
2024-08-08,28.54,31.85,25.2,85.49,4.31,1.96,18.52,97.44,69.26,25.75,PNJ,29.39,76.96,semi_arid_subtropical,NASA_POWER_daily_ag,4.125,12.52,3.3121,dewpoint,405.4,38.684
2024-08-09,28.45,31.42,26.0,88.89,12.1,1.72,18.66,97.53,71.13,26.37,PNJ,29.39,76.96,semi_arid_subtropical,NASA_POWER_daily_ag,4.006,12.691,3.4357,dewpoint,395.8,38.584
2024-08-10,29.17,32.86,25.85,86.38,4.85,1.2,18.82,97.44,79.43,26.53,PNJ,29.39,76.96,semi_arid_subtropical,NASA_POWER_daily_ag,4.165,12.794,3.4682,dewpoint,405.4,38.481
2024-08-11,28.23,30.39,26.53,88.87,27.62,2.17,9.32,97.34,97.9,26.19,PNJ,29.39,76.96,semi_arid_subtropical,NASA_POWER_daily_ag,2.411,6.903,3.3994,dewpoint,416.0,38.377
2024-08-12,28.39,31.83,25.46,86.31,18.32,1.73,14.79,97.46,80.73,25.75,PNJ,29.39,76.96,semi_arid_subtropical,NASA_POWER_daily_ag,3.425,10.215,3.3121,dewpoint,403.2,38.27
2024-08-13,28.59,31.52,25.91,86.94,6.36,1.45,17.84,97.58,81.95,26.13,PNJ,29.39,76.96,semi_arid_subtropical,NASA_POWER_daily_ag,3.919,12.117,3.3874,dewpoint,390.5,38.161
2024-08-14,29.28,32.81,26.18,83.58,3.53,1.02,18.24,97.6,75.45,26.03,PNJ,29.39,76.96,semi_arid_subtropical,NASA_POWER_daily_ag,4.093,12.321,3.3674,dewpoint,388.4,38.049
2024-08-15,29.5,32.26,26.14,84.74,5.38,1.24,8.84,97.51,97.85,26.57,PNJ,29.39,76.96,semi_arid_subtropical,NASA_POWER_daily_ag,2.408,6.596,3.4764,dewpoint,398.0,37.935
2024-08-16,29.0,32.33,25.84,87.29,4.76,2.31,13.79,97.41,96.23,26.58,PNJ,29.39,76.96,semi_arid_subtropical,NASA_POWER_daily_ag,3.303,9.652,3.4784,dewpoint,408.5,37.819
2024-08-17,28.64,31.21,26.38,89.05,12.91,1.39,17.73,97.65,82.06,26.59,PNJ,29.39,76.96,semi_arid_subtropical,NASA_POWER_daily_ag,3.839,12.084,3.4805,dewpoint,383.1,37.701
2024-08-18,28.96,33.05,25.44,85.06,2.74,1.94,20.86,97.69,45.99,26.06,PNJ,29.39,76.96,semi_arid_subtropical,NASA_POWER_daily_ag,4.554,13.888,3.3734,dewpoint,378.9,37.58
2024-08-19,29.04,31.97,26.13,83.98,8.63,1.52,13.23,97.58,86.01,25.96,PNJ,29.39,76.96,semi_arid_subtropical,NASA_POWER_daily_ag,3.233,9.232,3.3535,dewpoint,390.5,37.457
2024-08-20,29.86,33.08,26.21,79.62,8.47,0.99,15.24,97.61,89.03,25.74,PNJ,29.39,76.96,semi_arid_subtropical,NASA_POWER_daily_ag,3.647,10.407,3.3101,dewpoint,387.4,37.332
2024-08-21,29.6,33.68,25.8,81.72,6.27,1.18,21.7,97.68,58.37,25.93,PNJ,29.39,76.96,semi_arid_subtropical,NASA_POWER_daily_ag,4.782,14.321,3.3476,dewpoint,380.0,37.205
2024-08-22,30.22,33.59,26.77,79.39,3.68,1.04,20.72,97.6,66.7,26.06,PNJ,29.39,76.96,semi_arid_subtropical,NASA_POWER_daily_ag,4.683,13.732,3.3734,dewpoint,388.4,37.075
2024-08-23,28.79,31.07,26.68,83.8,2.53,0.94,15.31,97.71,71.05,25.7,PNJ,29.39,76.96,semi_arid_subtropical,NASA_POWER_daily_ag,3.476,10.431,3.3023,dewpoint,376.8,36.943
2024-08-24,28.83,32.07,25.67,82.87,0.75,0.67,18.64,97.69,68.42,25.47,PNJ,29.39,76.96,semi_arid_subtropical,NASA_POWER_daily_ag,4.047,12.383,3.2576,dewpoint,378.9,36.809
2024-08-25,29.02,32.75,26.21,83.81,0.43,1.97,23.31,97.52,38.68,25.87,PNJ,29.39,76.96,semi_arid_subtropical,NASA_POWER_daily_ag,4.991,15.235,3.3357,dewpoint,396.9,36.672
2024-08-26,28.7,32.76,25.37,84.42,6.45,2.62,21.61,97.5,58.58,25.63,PNJ,29.39,76.96,semi_arid_subtropical,NASA_POWER_daily_ag,4.694,14.159,3.2886,dewpoint,399.0,36.533
2024-08-27,28.09,31.66,25.13,85.65,6.4,3.28,20.29,97.69,75.24,25.3,PNJ,29.39,76.96,semi_arid_subtropical,NASA_POWER_daily_ag,4.371,13.31,3.2248,dewpoint,378.9,36.392
2024-08-28,27.88,31.22,25.45,87.39,9.9,2.42,19.34,97.62,76.17,25.49,PNJ,29.39,76.96,semi_arid_subtropical,NASA_POWER_daily_ag,4.067,12.77,3.2614,dewpoint,386.3,36.249
2024-08-29,27.46,30.57,24.65,88.18,19.21,2.01,5.54,97.63,99.24,25.26,PNJ,29.39,76.96,semi_arid_subtropical,NASA_POWER_daily_ag,1.765,4.539,3.2172,dewpoint,385.3,36.104
2024-08-30,28.64,31.85,24.75,79.49,3.43,0.72,22.03,97.86,40.23,24.54,PNJ,29.39,76.96,semi_arid_subtropical,NASA_POWER_daily_ag,4.631,14.129,3.082,dewpoint,361.0,35.956
2024-08-31,28.66,33.1,24.98,80.79,0.02,1.88,22.6,97.79,36.33,24.83,PNJ,29.39,76.96,semi_arid_subtropical,NASA_POWER_daily_ag,4.888,14.48,3.1358,dewpoint,368.3,35.807
2024-09-01,29.42,33.94,24.66,79.0,0.21,1.41,21.2,97.72,39.51,25.17,PNJ,29.39,76.96,semi_arid_subtropical,NASA_POWER_daily_ag,4.718,13.712,3.2,dewpoint,375.7,35.655
2024-09-02,27.37,29.63,25.52,89.34,7.3,1.98,16.04,97.83,76.77,25.45,PNJ,29.39,76.96,semi_arid_subtropical,NASA_POWER_daily_ag,3.371,10.753,3.2537,dewpoint,364.1,35.501
2024-09-03,28.05,31.45,24.62,84.48,12.57,1.2,10.32,97.88,89.29,25.08,PNJ,29.39,76.96,semi_arid_subtropical,NASA_POWER_daily_ag,2.566,7.325,3.1829,dewpoint,358.8,35.345
2024-09-04,27.79,31.27,25.21,84.49,25.49,0.93,11.24,97.63,94.07,24.83,PNJ,29.39,76.96,semi_arid_subtropical,NASA_POWER_daily_ag,2.653,7.838,3.1358,dewpoint,385.3,35.187
2024-09-05,28.16,32.14,23.93,81.1,0.33,0.9,17.24,97.44,66.29,24.41,PNJ,29.39,76.96,semi_arid_subtropical,NASA_POWER_daily_ag,3.753,11.251,3.0581,dewpoint,405.4,35.027
2024-09-06,28.4,31.74,25.36,82.18,11.12,1.06,13.98,97.61,64.07,24.95,PNJ,29.39,76.96,semi_arid_subtropical,NASA_POWER_daily_ag,3.223,9.414,3.1584,dewpoint,387.4,34.865
2024-09-07,27.09,29.99,24.67,89.1,8.85,1.44,10.78,97.71,85.67,25.1,PNJ,29.39,76.96,semi_arid_subtropical,NASA_POWER_daily_ag,2.477,7.567,3.1867,dewpoint,376.8,34.701
2024-09-08,28.89,33.23,24.87,81.39,2.21,0.64,12.77,97.67,85.59,25.16,PNJ,29.39,76.96,semi_arid_subtropical,NASA_POWER_daily_ag,2.955,8.699,3.1981,dewpoint,381.0,34.535
2024-09-09,28.83,32.31,25.45,81.01,5.62,0.97,20.37,97.47,30.2,25.11,PNJ,29.39,76.96,semi_arid_subtropical,NASA_POWER_daily_ag,4.345,13.092,3.1886,dewpoint,402.2,34.368
2024-09-10,29.44,33.19,25.85,79.56,10.63,0.87,13.83,97.4,71.4,25.41,PNJ,29.39,76.96,semi_arid_subtropical,NASA_POWER_daily_ag,3.256,9.311,3.246,dewpoint,409.6,34.198
2024-09-11,29.25,33.6,25.73,81.99,3.82,0.99,19.16,97.39,80.42,25.65,PNJ,29.39,76.96,semi_arid_subtropical,NASA_POWER_daily_ag,4.165,12.438,3.2925,dewpoint,410.7,34.027
2024-09-12,26.96,29.2,25.25,91.11,18.04,1.64,13.07,97.28,98.97,25.37,PNJ,29.39,76.96,semi_arid_subtropical,NASA_POWER_daily_ag,2.771,8.878,3.2383,dewpoint,422.3,33.854
2024-09-13,26.57,28.99,24.42,88.67,18.89,2.31,10.56,97.26,87.82,24.52,PNJ,29.39,76.96,semi_arid_subtropical,NASA_POWER_daily_ag,2.476,7.353,3.0783,dewpoint,424.4,33.68
2024-09-14,26.91,30.73,23.2,83.62,20.42,1.89,16.1,97.53,55.6,23.81,PNJ,29.39,76.96,semi_arid_subtropical,NASA_POWER_daily_ag,3.502,10.392,2.9501,dewpoint,395.8,33.503
2024-09-15,26.97,31.33,22.92,81.6,7.76,1.48,17.44,97.58,36.25,23.41,PNJ,29.39,76.96,semi_arid_subtropical,NASA_POWER_daily_ag,3.711,11.049,2.8799,dewpoint,390.5,33.326
2024-09-16,26.47,31.12,22.42,80.69,0.0,1.86,20.63,97.74,3.09,22.69,PNJ,29.39,76.96,semi_arid_subtropical,NASA_POWER_daily_ag,4.21,12.642,2.7572,dewpoint,373.6,33.146
2024-09-17,27.59,31.98,22.25,77.91,0.13,1.11,19.63,97.86,23.85,23.18,PNJ,29.39,76.96,semi_arid_subtropical,NASA_POWER_daily_ag,4.106,12.159,2.8402,dewpoint,361.0,32.966
2024-09-18,26.96,31.38,24.04,83.86,13.03,1.4,15.39,97.8,95.74,23.89,PNJ,29.39,76.96,semi_arid_subtropical,NASA_POWER_daily_ag,3.302,9.913,2.9643,dewpoint,367.3,32.783
2024-09-19,27.45,31.44,23.22,82.85,0.57,1.39,13.33,97.79,67.4,24.19,PNJ,29.39,76.96,semi_arid_subtropical,NASA_POWER_daily_ag,3.041,8.797,3.0181,dewpoint,368.3,32.6
2024-09-20,28.54,32.66,24.66,81.21,0.26,0.56,20.06,97.75,10.8,24.84,PNJ,29.39,76.96,semi_arid_subtropical,NASA_POWER_daily_ag,4.111,12.624,3.1377,dewpoint,372.6,32.415
2024-09-21,28.48,32.03,24.44,83.48,0.0,0.84,19.28,97.89,5.74,25.29,PNJ,29.39,76.96,semi_arid_subtropical,NASA_POWER_daily_ag,4.002,12.272,3.2229,dewpoint,357.8,32.229
2024-09-22,28.71,32.86,25.04,82.76,0.0,1.17,19.27,97.84,5.69,25.34,PNJ,29.39,76.96,semi_arid_subtropical,NASA_POWER_daily_ag,4.071,12.231,3.2325,dewpoint,363.1,32.042
2024-09-23,28.97,33.38,25.13,83.47,0.0,1.18,20.44,97.78,6.1,25.75,PNJ,29.39,76.96,semi_arid_subtropical,NASA_POWER_daily_ag,4.28,12.962,3.3121,dewpoint,369.4,31.854
2024-09-24,30.42,34.55,25.93,74.07,0.02,0.4,20.39,97.67,5.95,25.07,PNJ,29.39,76.96,semi_arid_subtropical,NASA_POWER_daily_ag,4.316,12.705,3.181,dewpoint,381.0,31.664
2024-09-25,29.25,33.09,26.06,81.09,2.46,1.47,15.27,97.69,33.38,25.57,PNJ,29.39,76.96,semi_arid_subtropical,NASA_POWER_daily_ag,3.534,9.922,3.2769,dewpoint,378.9,31.474
2024-09-26,27.47,30.0,25.65,88.86,11.43,1.84,14.8,97.73,48.36,25.43,PNJ,29.39,76.96,semi_arid_subtropical,NASA_POWER_daily_ag,3.103,9.657,3.2498,dewpoint,374.7,31.283
2024-09-27,27.24,31.17,24.07,85.29,4.17,1.61,17.75,97.71,16.79,24.37,PNJ,29.39,76.96,semi_arid_subtropical,NASA_POWER_daily_ag,3.64,11.109,3.0508,dewpoint,376.8,31.091
2024-09-28,27.02,31.38,22.96,82.43,0.23,1.14,17.68,97.86,53.72,23.51,PNJ,29.39,76.96,semi_arid_subtropical,NASA_POWER_daily_ag,3.604,10.892,2.8973,dewpoint,361.0,30.898
2024-09-29,28.05,32.41,23.47,77.29,0.0,0.9,19.68,98.11,14.27,23.42,PNJ,29.39,76.96,semi_arid_subtropical,NASA_POWER_daily_ag,4.018,11.876,2.8816,dewpoint,334.6,30.705
2024-09-30,27.18,32.15,22.75,79.09,0.0,1.57,17.88,98.0,28.65,23.02,PNJ,29.39,76.96,semi_arid_subtropical,NASA_POWER_daily_ag,3.78,10.835,2.8128,dewpoint,346.2,30.511
2024-10-01,27.19,32.76,22.98,80.29,0.0,1.88,18.53,97.72,4.97,23.17,PNJ,29.39,76.96,semi_arid_subtropical,NASA_POWER_daily_ag,3.912,11.164,2.8385,dewpoint,375.7,30.316
2024-10-02,27.32,33.68,22.5,72.91,0.0,1.56,19.79,97.69,0.93,21.63,PNJ,29.39,76.96,semi_arid_subtropical,NASA_POWER_daily_ag,4.195,11.422,2.5849,dewpoint,378.9,30.121
2024-10-03,27.65,33.79,22.16,64.01,0.0,0.99,19.98,97.65,0.7,19.81,PNJ,29.39,76.96,semi_arid_subtropical,NASA_POWER_daily_ag,4.107,11.07,2.3109,dewpoint,383.1,29.926
2024-10-04,27.05,34.12,21.49,62.56,0.0,0.89,19.07,97.75,9.66,18.8,PNJ,29.39,76.96,semi_arid_subtropical,NASA_POWER_daily_ag,3.853,10.404,2.1701,dewpoint,372.6,29.73
2024-10-05,27.36,33.37,22.09,69.48,0.4,1.18,18.39,97.96,14.15,20.93,PNJ,29.39,76.96,semi_arid_subtropical,NASA_POWER_daily_ag,3.879,10.495,2.4763,dewpoint,350.4,29.535
2024-10-06,26.7,32.78,22.72,68.64,0.48,1.55,18.55,98.3,27.52,20.13,PNJ,29.39,76.96,semi_arid_subtropical,NASA_POWER_daily_ag,3.988,10.363,2.3572,dewpoint,314.6,29.339
2024-10-07,26.39,32.66,20.87,69.24,0.0,1.26,18.89,98.5,0.66,19.85,PNJ,29.39,76.96,semi_arid_subtropical,NASA_POWER_daily_ag,3.863,10.469,2.3167,dewpoint,293.6,29.143
2024-10-08,26.44,32.58,22.07,64.65,0.0,0.82,18.0,98.47,4.99,18.77,PNJ,29.39,76.96,semi_arid_subtropical,NASA_POWER_daily_ag,3.548,9.78,2.1661,dewpoint,296.7,28.947
2024-10-09,25.34,32.31,20.99,70.05,0.0,1.7,18.47,98.26,24.53,19.09,PNJ,29.39,76.96,semi_arid_subtropical,NASA_POWER_daily_ag,3.829,10.051,2.2098,dewpoint,318.8,28.751
2024-10-10,24.81,32.56,20.08,67.82,0.0,1.91,19.14,98.17,14.59,17.76,PNJ,29.39,76.96,semi_arid_subtropical,NASA_POWER_daily_ag,4.005,10.042,2.033,dewpoint,328.3,28.556
2024-10-11,24.29,32.34,18.21,64.93,0.0,1.8,19.65,98.14,5.46,16.67,PNJ,29.39,76.96,semi_arid_subtropical,NASA_POWER_daily_ag,4.006,10.042,1.8976,dewpoint,331.4,28.36
2024-10-12,24.93,32.55,18.77,57.55,0.0,1.27,19.04,98.25,12.02,15.2,PNJ,29.39,76.96,semi_arid_subtropical,NASA_POWER_daily_ag,3.837,9.421,1.7274,dewpoint,319.8,28.165
2024-10-13,25.38,32.31,19.42,50.49,0.0,0.85,17.94,98.34,20.74,13.78,PNJ,29.39,76.96,semi_arid_subtropical,NASA_POWER_daily_ag,3.471,8.681,1.5759,dewpoint,310.4,27.971
2024-10-14,24.06,31.93,18.9,59.5,0.0,1.46,17.25,98.39,8.37,14.85,PNJ,29.39,76.96,semi_arid_subtropical,NASA_POWER_daily_ag,3.632,8.596,1.6889,dewpoint,305.1,27.777
2024-10-15,24.65,32.32,19.5,55.43,0.49,1.35,18.09,98.27,1.09,14.6,PNJ,29.39,76.96,semi_arid_subtropical,NASA_POWER_daily_ag,3.735,8.781,1.6619,dewpoint,317.7,27.584
2024-10-16,25.37,33.22,19.04,54.51,0.0,0.97,14.74,98.17,64.56,14.81,PNJ,29.39,76.96,semi_arid_subtropical,NASA_POWER_daily_ag,3.182,7.537,1.6846,dewpoint,328.3,27.392
2024-10-17,25.71,33.35,19.85,53.19,0.0,1.01,16.28,98.22,5.36,14.83,PNJ,29.39,76.96,semi_arid_subtropical,NASA_POWER_daily_ag,3.395,8.025,1.6868,dewpoint,323.0,27.2
2024-10-18,25.52,33.07,18.41,55.02,0.0,1.09,15.98,98.24,1.54,15.12,PNJ,29.39,76.96,semi_arid_subtropical,NASA_POWER_daily_ag,3.397,7.966,1.7186,dewpoint,320.9,27.009
2024-10-19,25.86,32.56,19.69,53.08,0.0,0.97,15.89,98.27,2.41,15.15,PNJ,29.39,76.96,semi_arid_subtropical,NASA_POWER_daily_ag,3.313,7.874,1.7219,dewpoint,317.7,26.82
2024-10-20,24.21,31.46,17.96,64.79,0.0,1.35,15.57,98.42,3.93,16.69,PNJ,29.39,76.96,semi_arid_subtropical,NASA_POWER_daily_ag,3.233,8.039,1.9,dewpoint,302.0,26.631
2024-10-21,23.94,31.52,18.06,71.51,0.0,1.12,14.11,98.46,11.04,17.81,PNJ,29.39,76.96,semi_arid_subtropical,NASA_POWER_daily_ag,2.828,7.592,2.0395,dewpoint,297.8,26.443
2024-10-22,24.62,31.76,18.96,69.82,0.0,1.15,13.76,98.53,18.81,18.05,PNJ,29.39,76.96,semi_arid_subtropical,NASA_POWER_daily_ag,2.876,7.425,2.0705,dewpoint,290.4,26.257
2024-10-23,24.8,32.76,19.16,63.16,0.0,1.83,15.38,98.44,9.1,16.71,PNJ,29.39,76.96,semi_arid_subtropical,NASA_POWER_daily_ag,3.54,7.774,1.9024,dewpoint,299.9,26.072
2024-10-24,24.51,33.3,18.69,61.4,0.0,2.52,17.22,98.32,1.71,15.75,PNJ,29.39,76.96,semi_arid_subtropical,NASA_POWER_daily_ag,4.121,8.22,1.7895,dewpoint,312.5,25.889
2024-10-25,24.45,33.76,18.2,60.58,0.0,1.97,17.23,98.22,1.91,15.61,PNJ,29.39,76.96,semi_arid_subtropical,NASA_POWER_daily_ag,3.804,8.145,1.7735,dewpoint,323.0,25.707
2024-10-26,25.03,32.78,18.06,55.04,0.0,1.36,17.51,98.25,3.69,14.73,PNJ,29.39,76.96,semi_arid_subtropical,NASA_POWER_daily_ag,3.595,8.054,1.6759,dewpoint,319.8,25.527
2024-10-27,24.34,32.24,17.65,66.36,0.0,1.23,16.83,98.19,20.58,16.97,PNJ,29.39,76.96,semi_arid_subtropical,NASA_POWER_daily_ag,3.214,8.245,1.934,dewpoint,326.2,25.348
2024-10-28,24.67,31.69,19.14,76.11,0.0,1.66,16.63,98.08,2.5,19.7,PNJ,29.39,76.96,semi_arid_subtropical,NASA_POWER_daily_ag,3.204,8.665,2.2952,dewpoint,337.7,25.171
2024-10-29,25.67,33.59,19.58,72.09,0.0,1.24,16.04,98.09,2.48,19.47,PNJ,29.39,76.96,semi_arid_subtropical,NASA_POWER_daily_ag,3.162,8.267,2.2627,dewpoint,336.7,24.996
2024-10-30,26.24,34.39,20.09,63.43,0.0,1.34,15.75,98.16,16.36,17.7,PNJ,29.39,76.96,semi_arid_subtropical,NASA_POWER_daily_ag,3.368,7.717,2.0254,dewpoint,329.3,24.823
2024-10-31,24.97,33.67,19.65,56.77,0.0,2.29,16.21,98.3,1.7,15.1,PNJ,29.39,76.96,semi_arid_subtropical,NASA_POWER_daily_ag,4.001,7.354,1.7164,dewpoint,314.6,24.652
2024-11-01,23.98,32.99,16.34,45.45,0.0,2.04,15.03,98.37,2.56,10.46,PNJ,29.39,76.96,semi_arid_subtropical,NASA_POWER_daily_ag,3.98,6.298,1.2663,dewpoint,307.2,24.483
2024-11-02,23.58,32.12,18.42,48.5,0.0,0.95,14.26,98.53,0.52,11.39,PNJ,29.39,76.96,semi_arid_subtropical,NASA_POWER_daily_ag,2.806,6.15,1.3471,dewpoint,290.4,24.316
2024-11-03,23.19,31.57,15.73,49.95,0.0,1.15,13.86,98.63,4.51,11.23,PNJ,29.39,76.96,semi_arid_subtropical,NASA_POWER_daily_ag,2.932,6.069,1.3329,dewpoint,279.9,24.151
2024-11-04,23.57,31.13,18.14,48.37,0.0,0.87,13.34,98.48,2.44,11.41,PNJ,29.39,76.96,semi_arid_subtropical,NASA_POWER_daily_ag,2.647,5.86,1.3489,dewpoint,295.7,23.989
2024-11-05,22.52,30.79,15.91,65.65,0.0,1.42,12.02,98.68,4.93,14.89,PNJ,29.39,76.96,semi_arid_subtropical,NASA_POWER_daily_ag,2.646,5.945,1.6933,dewpoint,274.7,23.829
2024-11-06,23.51,30.73,17.4,60.46,0.0,0.95,10.79,98.7,10.31,14.77,PNJ,29.39,76.96,semi_arid_subtropical,NASA_POWER_daily_ag,2.375,5.482,1.6803,dewpoint,272.6,23.671
2024-11-07,23.15,30.34,17.25,64.59,0.0,1.07,11.05,98.64,14.06,15.58,PNJ,29.39,76.96,semi_arid_subtropical,NASA_POWER_daily_ag,2.38,5.631,1.7701,dewpoint,278.9,23.517
2024-11-08,23.3,30.53,17.21,66.28,0.0,1.16,10.47,98.58,8.82,16.18,PNJ,29.39,76.96,semi_arid_subtropical,NASA_POWER_daily_ag,2.353,5.473,1.8393,dewpoint,285.2,23.364
2024-11-09,22.89,30.36,17.29,72.59,0.0,1.54,9.86,98.59,4.17,17.17,PNJ,29.39,76.96,semi_arid_subtropical,NASA_POWER_daily_ag,2.32,5.34,1.9587,dewpoint,284.1,23.215
2024-11-10,22.78,30.18,17.13,72.87,0.0,1.21,10.83,98.61,4.32,17.07,PNJ,29.39,76.96,semi_arid_subtropical,NASA_POWER_daily_ag,2.249,5.64,1.9463,dewpoint,282.0,23.068
2024-11-11,23.31,30.74,17.94,70.84,0.0,0.95,9.55,98.58,30.93,17.01,PNJ,29.39,76.96,semi_arid_subtropical,NASA_POWER_daily_ag,2.072,5.151,1.939,dewpoint,285.2,22.924
2024-11-12,22.76,31.37,17.66,60.04,0.0,1.32,10.04,98.55,40.23,13.28,PNJ,29.39,76.96,semi_arid_subtropical,NASA_POWER_daily_ag,2.525,4.91,1.5254,dewpoint,288.3,22.783
2024-11-13,21.81,30.0,16.31,55.55,0.0,1.43,4.44,98.46,85.43,11.75,PNJ,29.39,76.96,semi_arid_subtropical,NASA_POWER_daily_ag,2.239,3.418,1.3796,dewpoint,297.8,22.644
2024-11-14,21.38,29.01,16.16,50.56,0.0,1.18,8.3,98.68,68.38,9.84,PNJ,29.39,76.96,semi_arid_subtropical,NASA_POWER_daily_ag,2.358,4.233,1.2149,dewpoint,274.7,22.509
2024-11-15,20.78,28.36,16.25,49.19,0.0,1.57,9.65,98.62,45.81,9.26,PNJ,29.39,76.96,semi_arid_subtropical,NASA_POWER_daily_ag,2.703,4.459,1.1684,dewpoint,281.0,22.377
2024-11-16,20.12,28.26,14.6,57.33,0.0,1.71,9.57,98.47,32.02,10.9,PNJ,29.39,76.96,semi_arid_subtropical,NASA_POWER_daily_ag,2.543,4.578,1.304,dewpoint,296.7,22.248
2024-11-17,19.89,27.7,15.03,52.51,0.0,1.69,7.43,98.56,63.74,9.35,PNJ,29.39,76.96,semi_arid_subtropical,NASA_POWER_daily_ag,2.526,3.981,1.1755,dewpoint,287.3,22.123
2024-11-18,19.05,27.24,12.27,49.52,0.0,1.44,8.34,98.7,56.91,7.45,PNJ,29.39,76.96,semi_arid_subtropical,NASA_POWER_daily_ag,2.422,4.076,1.0332,dewpoint,272.6,22.0
2024-11-19,18.47,26.91,12.67,47.03,0.0,1.59,11.32,98.79,16.71,6.1,PNJ,29.39,76.96,semi_arid_subtropical,NASA_POWER_daily_ag,2.665,4.464,0.9416,dewpoint,263.1,21.881
2024-11-20,18.28,26.53,11.94,44.05,0.0,1.52,13.5,98.7,11.11,4.87,PNJ,29.39,76.96,semi_arid_subtropical,NASA_POWER_daily_ag,2.733,4.67,0.8644,dewpoint,272.6,21.765
2024-11-21,18.47,26.73,13.04,41.34,0.0,1.35,13.62,98.65,29.35,4.41,PNJ,29.39,76.96,semi_arid_subtropical,NASA_POWER_daily_ag,2.617,4.538,0.837,dewpoint,277.8,21.653
2024-11-22,18.87,26.55,12.85,40.43,0.0,1.18,11.1,98.61,37.44,4.57,PNJ,29.39,76.96,semi_arid_subtropical,NASA_POWER_daily_ag,2.415,4.187,0.8465,dewpoint,282.0,21.544
2024-11-23,18.47,26.84,12.98,46.58,0.0,1.07,11.26,98.67,7.77,6.3,PNJ,29.39,76.96,semi_arid_subtropical,NASA_POWER_daily_ag,2.197,4.33,0.9547,dewpoint,275.7,21.439
2024-11-24,19.17,28.25,13.03,47.33,0.0,1.72,11.52,98.67,9.47,6.92,PNJ,29.39,76.96,semi_arid_subtropical,NASA_POWER_daily_ag,2.771,4.355,0.9964,dewpoint,275.7,21.337
2024-11-25,17.55,26.16,11.74,55.32,0.0,2.15,10.59,98.68,6.66,7.75,PNJ,29.39,76.96,semi_arid_subtropical,NASA_POWER_daily_ag,2.667,4.351,1.0546,dewpoint,274.7,21.238
2024-11-26,17.14,26.71,10.98,48.56,0.0,1.83,12.45,98.67,1.71,5.4,PNJ,29.39,76.96,semi_arid_subtropical,NASA_POWER_daily_ag,2.671,4.373,0.897,dewpoint,275.7,21.144
2024-11-27,17.32,25.47,12.84,48.29,0.0,1.36,13.01,98.65,3.97,5.82,PNJ,29.39,76.96,semi_arid_subtropical,NASA_POWER_daily_ag,2.348,4.455,0.9235,dewpoint,277.8,21.053
2024-11-28,17.58,26.26,12.21,45.6,0.0,1.33,12.89,98.81,12.91,4.97,PNJ,29.39,76.96,semi_arid_subtropical,NASA_POWER_daily_ag,2.386,4.286,0.8705,dewpoint,261.0,20.966
2024-11-29,17.95,25.84,12.32,44.63,0.0,1.22,13.0,98.88,10.94,5.23,PNJ,29.39,76.96,semi_arid_subtropical,NASA_POWER_daily_ag,2.33,4.311,0.8864,dewpoint,253.7,20.883
2024-11-30,16.9,25.17,11.56,46.68,0.0,1.76,13.04,98.69,27.33,4.82,PNJ,29.39,76.96,semi_arid_subtropical,NASA_POWER_daily_ag,2.623,4.293,0.8614,dewpoint,273.6,20.803
2024-12-01,17.03,26.1,11.32,46.61,0.0,1.31,12.58,98.53,5.3,4.71,PNJ,29.39,76.96,semi_arid_subtropical,NASA_POWER_daily_ag,2.29,4.166,0.8548,dewpoint,290.4,20.728
2024-12-02,18.07,26.99,12.45,49.69,0.0,1.57,12.67,98.54,3.74,6.91,PNJ,29.39,76.96,semi_arid_subtropical,NASA_POWER_daily_ag,2.486,4.348,0.9957,dewpoint,289.4,20.656
2024-12-03,18.64,27.64,13.06,50.38,0.0,1.85,12.77,98.72,8.69,7.37,PNJ,29.39,76.96,semi_arid_subtropical,NASA_POWER_daily_ag,2.728,4.346,1.0276,dewpoint,270.5,20.588
2024-12-04,18.11,26.72,12.74,49.56,0.0,3.08,13.02,98.63,0.98,6.79,PNJ,29.39,76.96,semi_arid_subtropical,NASA_POWER_daily_ag,3.443,4.328,0.9875,dewpoint,279.9,20.524
2024-12-05,15.51,24.71,8.95,44.23,0.0,2.15,14.2,98.58,0.16,2.43,PNJ,29.39,76.96,semi_arid_subtropical,NASA_POWER_daily_ag,2.843,4.1,0.7277,dewpoint,285.2,20.464
2024-12-06,15.75,24.69,9.24,40.5,0.0,1.86,13.74,98.47,0.04,1.69,PNJ,29.39,76.96,semi_arid_subtropical,NASA_POWER_daily_ag,2.714,3.928,0.6901,dewpoint,296.7,20.408
2024-12-07,15.4,22.6,9.87,35.91,0.0,0.94,12.83,98.43,0.42,-0.33,PNJ,29.39,76.96,semi_arid_subtropical,NASA_POWER_daily_ag,1.963,3.677,0.5963,dewpoint,300.9,20.356
2024-12-08,13.88,22.57,6.81,46.95,0.43,2.1,8.38,98.44,47.93,2.06,PNJ,29.39,76.96,semi_arid_subtropical,NASA_POWER_daily_ag,2.451,3.547,0.7087,dewpoint,299.9,20.309
2024-12-09,13.41,20.21,9.34,60.07,2.9,1.78,11.58,98.73,8.19,5.45,PNJ,29.39,76.96,semi_arid_subtropical,NASA_POWER_daily_ag,1.979,4.22,0.9001,dewpoint,269.4,20.265
2024-12-10,12.26,21.71,6.15,44.07,0.0,2.75,13.64,98.85,0.02,-1.03,PNJ,29.39,76.96,semi_arid_subtropical,NASA_POWER_daily_ag,2.875,3.786,0.5665,dewpoint,256.8,20.225
2024-12-11,11.72,22.45,4.65,35.36,0.0,2.21,13.64,98.81,0.51,-4.4,PNJ,29.39,76.96,semi_arid_subtropical,NASA_POWER_daily_ag,2.705,3.442,0.4408,dewpoint,261.0,20.19
2024-12-12,11.4,21.04,5.55,36.41,0.0,2.15,13.36,98.8,1.73,-3.85,PNJ,29.39,76.96,semi_arid_subtropical,NASA_POWER_daily_ag,2.585,3.503,0.4594,dewpoint,262.1,20.158
2024-12-13,12.54,22.35,5.59,37.54,0.0,3.74,14.13,98.85,6.63,-2.52,PNJ,29.39,76.96,semi_arid_subtropical,NASA_POWER_daily_ag,3.567,3.598,0.5075,dewpoint,256.8,20.131
2024-12-14,11.72,22.44,4.56,39.34,0.0,2.69,13.93,98.89,0.54,-2.7,PNJ,29.39,76.96,semi_arid_subtropical,NASA_POWER_daily_ag,2.874,3.596,0.5007,dewpoint,252.7,20.108
2024-12-15,12.35,21.62,4.91,36.3,0.0,1.28,13.31,99.05,12.6,-2.94,PNJ,29.39,76.96,semi_arid_subtropical,NASA_POWER_daily_ag,2.052,3.55,0.4918,dewpoint,235.9,20.089
2024-12-16,14.04,22.23,7.41,29.6,0.0,1.18,12.49,98.89,47.76,-3.97,PNJ,29.39,76.96,semi_arid_subtropical,NASA_POWER_daily_ag,2.133,3.279,0.4553,dewpoint,252.7,20.074
2024-12-17,13.47,23.36,8.56,34.51,0.0,1.09,10.86,98.77,24.39,-2.46,PNJ,29.39,76.96,semi_arid_subtropical,NASA_POWER_daily_ag,1.924,3.264,0.5097,dewpoint,265.2,20.063
2024-12-18,12.72,21.97,7.35,36.56,0.0,1.46,11.01,98.71,20.26,-2.33,PNJ,29.39,76.96,semi_arid_subtropical,NASA_POWER_daily_ag,2.164,3.372,0.5147,dewpoint,271.5,20.057
2024-12-19,13.6,21.37,7.01,37.9,0.0,1.2,9.01,98.73,29.97,-0.87,PNJ,29.39,76.96,semi_arid_subtropical,NASA_POWER_daily_ag,1.978,3.382,0.5732,dewpoint,269.4,20.055
2024-12-20,13.4,22.91,7.98,51.74,0.0,1.32,10.18,98.73,0.62,2.98,PNJ,29.39,76.96,semi_arid_subtropical,NASA_POWER_daily_ag,1.86,3.687,0.7567,dewpoint,269.4,20.057
2024-12-21,13.28,22.78,7.55,48.78,0.0,1.74,11.51,98.74,7.52,2.23,PNJ,29.39,76.96,semi_arid_subtropical,NASA_POWER_daily_ag,2.174,3.775,0.7173,dewpoint,268.4,20.063
2024-12-22,15.51,23.38,10.48,41.62,0.0,0.89,10.5,98.71,39.38,2.14,PNJ,29.39,76.96,semi_arid_subtropical,NASA_POWER_daily_ag,1.792,3.568,0.7127,dewpoint,271.5,20.073
2024-12-23,11.64,15.81,8.14,73.95,1.98,1.95,1.7,98.81,88.37,7.07,PNJ,29.39,76.96,semi_arid_subtropical,NASA_POWER_daily_ag,1.216,2.595,1.0067,dewpoint,261.0,20.088
2024-12-24,14.29,20.9,9.98,70.45,0.62,1.3,5.88,98.87,54.55,8.58,PNJ,29.39,76.96,semi_arid_subtropical,NASA_POWER_daily_ag,1.416,3.396,1.1159,dewpoint,254.7,20.107
2024-12-25,14.52,23.31,8.83,59.25,0.0,1.73,9.29,99.03,3.56,6.02,PNJ,29.39,76.96,semi_arid_subtropical,NASA_POWER_daily_ag,1.994,3.804,0.9364,dewpoint,238.0,20.13
2024-12-26,15.24,23.65,8.09,54.29,0.03,1.03,10.72,99.23,14.51,5.27,PNJ,29.39,76.96,semi_arid_subtropical,NASA_POWER_daily_ag,1.788,3.953,0.8889,dewpoint,217.1,20.157
2024-12-27,14.48,18.92,12.06,79.53,25.52,1.94,1.57,99.09,97.93,10.81,PNJ,29.39,76.96,semi_arid_subtropical,NASA_POWER_daily_ag,1.159,2.506,1.2962,dewpoint,231.7,20.188
2024-12-28,14.36,18.23,10.76,89.83,5.48,1.27,2.42,99.06,81.81,12.65,PNJ,29.39,76.96,semi_arid_subtropical,NASA_POWER_daily_ag,0.796,2.643,1.4638,dewpoint,234.9,20.224
2024-12-29,13.8,21.94,9.41,73.41,0.15,2.71,3.52,99.14,90.1,8.61,PNJ,29.39,76.96,semi_arid_subtropical,NASA_POWER_daily_ag,1.666,2.968,1.1182,dewpoint,226.5,20.263
2024-12-30,11.56,20.42,5.8,56.49,0.0,2.58,5.98,99.07,88.25,2.39,PNJ,29.39,76.96,semi_arid_subtropical,NASA_POWER_daily_ag,2.171,3.315,0.7256,dewpoint,233.8,20.307
2024-12-31,11.16,20.46,4.7,49.69,0.0,1.35,7.8,99.17,82.52,0.21,PNJ,29.39,76.96,semi_arid_subtropical,NASA_POWER_daily_ag,1.758,3.474,0.6202,dewpoint,223.4,20.355
