date,T2M,T2M_MAX,T2M_MIN,RH2M,PRECTOTCORR,WS2M,ALLSKY_SFC_SW_DWN,PS,CLOUD_AMT,T2MDEW,station,latitude,longitude,climate,source,et0_mm_day,rn_mj_m2_day,g_vapour_kpa,vapour_pressure_source,elevation_m,ra_mj_m2_day
2015-01-01,14.67,18.52,12.17,86.25,21.34,3.83,3.98,96.58,91.95,12.36,IDR,22.72,75.86,subtropical_dry,NASA_POWER_daily_ag,1.289,3.41,1.4362,dewpoint,496.8,24.298
2015-01-02,16.89,23.97,12.21,82.88,2.76,2.13,4.26,96.8,74.95,13.63,IDR,22.72,75.86,subtropical_dry,NASA_POWER_daily_ag,1.414,3.508,1.5606,dewpoint,473.3,24.346
2015-01-03,17.8,25.57,11.38,72.54,0.05,1.64,9.29,96.97,39.67,12.03,IDR,22.72,75.86,subtropical_dry,NASA_POWER_daily_ag,2.079,5.127,1.4053,dewpoint,455.2,24.397
2015-01-04,17.04,25.36,10.81,60.78,0.0,1.8,14.1,97.13,24.83,8.58,IDR,22.72,75.86,subtropical_dry,NASA_POWER_daily_ag,2.696,6.259,1.1159,dewpoint,438.2,24.451
2015-01-05,15.95,24.81,7.72,50.4,0.0,1.84,15.64,97.1,33.44,4.24,IDR,22.72,75.86,subtropical_dry,NASA_POWER_daily_ag,2.993,6.267,0.8271,dewpoint,441.4,24.509
2015-01-06,17.22,26.35,8.78,40.21,0.0,1.09,17.49,96.98,26.69,2.05,IDR,22.72,75.86,subtropical_dry,NASA_POWER_daily_ag,2.79,6.3,0.7082,dewpoint,454.2,24.571
2015-01-07,17.12,26.92,10.11,44.58,0.0,1.53,17.61,96.85,27.69,3.55,IDR,22.72,75.86,subtropical_dry,NASA_POWER_daily_ag,3.081,6.475,0.7879,dewpoint,468.0,24.636
2015-01-08,15.79,25.31,8.12,50.81,0.0,1.59,17.22,97.02,33.27,4.21,IDR,22.72,75.86,subtropical_dry,NASA_POWER_daily_ag,2.904,6.67,0.8254,dewpoint,449.9,24.705
2015-01-09,15.24,25.11,6.65,48.07,0.0,1.65,17.71,97.17,30.84,2.81,IDR,22.72,75.86,subtropical_dry,NASA_POWER_daily_ag,2.976,6.687,0.7476,dewpoint,434.0,24.777
2015-01-10,17.11,26.29,7.37,39.81,0.0,1.06,17.94,97.16,31.16,1.73,IDR,22.72,75.86,subtropical_dry,NASA_POWER_daily_ag,2.821,6.525,0.6921,dewpoint,435.1,24.852
2015-01-11,17.6,28.02,8.55,45.42,0.0,1.42,17.64,97.14,30.55,4.27,IDR,22.72,75.86,subtropical_dry,NASA_POWER_daily_ag,3.069,6.703,0.8288,dewpoint,437.2,24.931
2015-01-12,17.21,28.12,8.55,48.68,0.0,1.58,18.02,97.06,36.06,4.53,IDR,22.72,75.86,subtropical_dry,NASA_POWER_daily_ag,3.14,6.858,0.8441,dewpoint,445.7,25.013
2015-01-13,17.0,26.74,7.77,44.83,0.0,1.42,16.87,96.92,57.71,3.28,IDR,22.72,75.86,subtropical_dry,NASA_POWER_daily_ag,3.019,6.555,0.773,dewpoint,460.6,25.099
2015-01-14,17.85,28.07,9.29,44.42,0.0,1.55,17.82,96.8,29.53,3.92,IDR,22.72,75.86,subtropical_dry,NASA_POWER_daily_ag,3.246,6.767,0.8087,dewpoint,473.3,25.188
2015-01-15,16.65,25.75,8.98,56.17,0.0,2.22,16.87,96.96,20.85,6.7,IDR,22.72,75.86,subtropical_dry,NASA_POWER_daily_ag,3.229,7.077,0.9814,dewpoint,456.3,25.279
2015-01-16,16.66,26.08,8.9,53.37,0.0,1.95,15.79,97.01,23.04,6.0,IDR,22.72,75.86,subtropical_dry,NASA_POWER_daily_ag,3.098,6.712,0.9351,dewpoint,451.0,25.375
2015-01-17,16.32,25.93,8.28,45.08,0.0,2.02,16.57,97.1,26.42,3.32,IDR,22.72,75.86,subtropical_dry,NASA_POWER_daily_ag,3.339,6.635,0.7751,dewpoint,441.4,25.473
2015-01-18,16.75,26.5,8.18,42.82,0.0,1.65,16.46,97.04,33.13,3.14,IDR,22.72,75.86,subtropical_dry,NASA_POWER_daily_ag,3.173,6.601,0.7653,dewpoint,447.8,25.574
2015-01-19,16.82,26.97,8.2,42.63,0.0,2.29,16.6,96.98,19.81,3.1,IDR,22.72,75.86,subtropical_dry,NASA_POWER_daily_ag,3.632,6.644,0.7632,dewpoint,454.2,25.678
2015-01-20,17.87,27.22,9.56,43.45,0.0,2.63,12.95,96.98,45.67,4.38,IDR,22.72,75.86,subtropical_dry,NASA_POWER_daily_ag,3.763,5.869,0.8353,dewpoint,454.2,25.785
2015-01-21,19.3,27.42,11.27,57.41,0.55,1.93,13.41,97.13,62.92,9.88,IDR,22.72,75.86,subtropical_dry,NASA_POWER_daily_ag,3.092,6.504,1.2181,dewpoint,438.2,25.895
2015-01-22,19.47,25.19,15.28,74.11,2.22,0.95,10.01,97.12,91.54,14.28,IDR,22.72,75.86,subtropical_dry,NASA_POWER_daily_ag,1.987,5.742,1.6279,dewpoint,439.3,26.008
2015-01-23,18.87,25.01,13.56,70.94,0.0,1.8,12.88,97.04,86.69,12.88,IDR,22.72,75.86,subtropical_dry,NASA_POWER_daily_ag,2.586,6.71,1.4861,dewpoint,447.8,26.123
2015-01-24,19.14,25.92,13.36,68.64,2.0,2.0,9.56,97.06,90.46,12.72,IDR,22.72,75.86,subtropical_dry,NASA_POWER_daily_ag,2.467,5.528,1.4706,dewpoint,445.7,26.242
2015-01-25,18.29,23.51,14.44,78.41,19.07,2.12,10.96,97.04,91.61,14.24,IDR,22.72,75.86,subtropical_dry,NASA_POWER_daily_ag,2.203,6.188,1.6237,dewpoint,447.8,26.362
2015-01-26,18.89,24.9,14.01,72.62,0.18,1.58,11.26,97.0,44.61,13.39,IDR,22.72,75.86,subtropical_dry,NASA_POWER_daily_ag,2.335,6.235,1.5364,dewpoint,452.1,26.486
2015-01-27,18.16,23.88,13.38,74.86,0.02,1.79,8.23,96.94,45.4,13.27,IDR,22.72,75.86,subtropical_dry,NASA_POWER_daily_ag,2.024,5.147,1.5244,dewpoint,458.4,26.612
2015-01-28,17.3,24.17,11.93,74.56,0.0,2.29,12.51,96.85,35.5,12.25,IDR,22.72,75.86,subtropical_dry,NASA_POWER_daily_ag,2.472,6.689,1.4259,dewpoint,468.0,26.74
2015-01-29,17.3,26.25,10.84,57.14,0.0,2.3,15.45,97.0,31.51,7.88,IDR,22.72,75.86,subtropical_dry,NASA_POWER_daily_ag,3.278,7.207,1.064,dewpoint,452.1,26.871
2015-01-30,15.91,26.11,7.84,40.66,0.0,2.56,18.25,97.25,36.39,1.07,IDR,22.72,75.86,subtropical_dry,NASA_POWER_daily_ag,3.96,7.308,0.66,dewpoint,425.5,27.004
2015-01-31,17.35,27.97,7.46,38.08,0.0,1.52,19.32,97.12,28.89,1.3,IDR,22.72,75.86,subtropical_dry,NASA_POWER_daily_ag,3.52,7.574,0.6711,dewpoint,439.3,27.139
2015-02-01,18.53,28.91,8.74,43.54,0.0,2.07,18.54,96.91,27.0,4.34,IDR,22.72,75.86,subtropical_dry,NASA_POWER_daily_ag,3.933,7.735,0.8329,dewpoint,461.6,27.276
2015-02-02,20.23,29.85,13.04,43.05,0.0,1.76,17.74,96.88,18.58,6.08,IDR,22.72,75.86,subtropical_dry,NASA_POWER_daily_ag,3.816,7.592,0.9403,dewpoint,464.8,27.415
2015-02-03,20.44,30.04,12.44,51.24,0.0,1.32,16.75,97.2,19.03,8.68,IDR,22.72,75.86,subtropical_dry,NASA_POWER_daily_ag,3.311,7.706,1.1235,dewpoint,430.8,27.557
2015-02-04,19.79,28.83,12.06,56.49,0.0,2.35,16.06,97.3,28.47,9.94,IDR,22.72,75.86,subtropical_dry,NASA_POWER_daily_ag,3.696,7.742,1.223,dewpoint,420.2,27.7
2015-02-05,19.91,28.61,11.88,50.59,0.0,1.96,16.72,97.1,24.29,8.6,IDR,22.72,75.86,subtropical_dry,NASA_POWER_daily_ag,3.697,7.839,1.1174,dewpoint,441.4,27.845
2015-02-06,20.88,30.78,12.72,49.69,0.0,2.22,17.42,96.91,30.85,8.52,IDR,22.72,75.86,subtropical_dry,NASA_POWER_daily_ag,4.112,7.984,1.1114,dewpoint,461.6,27.991
2015-02-07,22.03,30.81,14.53,46.45,0.11,1.42,17.9,96.78,36.3,8.86,IDR,22.72,75.86,subtropical_dry,NASA_POWER_daily_ag,3.735,8.167,1.1372,dewpoint,475.5,28.14
2015-02-08,21.14,30.06,14.34,47.34,0.16,1.95,17.24,96.77,37.28,8.16,IDR,22.72,75.86,subtropical_dry,NASA_POWER_daily_ag,4.006,7.939,1.0845,dewpoint,476.5,28.29
2015-02-09,20.22,28.93,13.28,58.74,0.03,2.52,18.24,96.99,20.68,10.26,IDR,22.72,75.86,subtropical_dry,NASA_POWER_daily_ag,4.051,8.689,1.2495,dewpoint,453.1,28.441
2015-02-10,20.64,28.49,14.2,53.45,0.31,2.88,13.71,97.11,60.96,10.23,IDR,22.72,75.86,subtropical_dry,NASA_POWER_daily_ag,4.005,7.137,1.247,dewpoint,440.4,28.594
2015-02-11,22.01,29.54,16.05,53.46,1.5,2.2,17.61,96.91,21.26,11.41,IDR,22.72,75.86,subtropical_dry,NASA_POWER_daily_ag,4.116,8.612,1.3489,dewpoint,461.6,28.748
2015-02-12,21.24,30.74,13.63,49.54,0.0,1.67,19.41,96.84,26.18,8.08,IDR,22.72,75.86,subtropical_dry,NASA_POWER_daily_ag,4.029,8.789,1.0786,dewpoint,469.1,28.904
2015-02-13,21.9,31.74,11.19,31.53,0.0,1.43,20.75,96.81,35.22,1.75,IDR,22.72,75.86,subtropical_dry,NASA_POWER_daily_ag,4.253,8.334,0.6931,dewpoint,472.3,29.061
2015-02-14,23.16,33.17,15.39,27.57,0.0,1.44,20.75,96.65,30.32,1.86,IDR,22.72,75.86,subtropical_dry,NASA_POWER_daily_ag,4.38,8.133,0.6986,dewpoint,489.3,29.218
2015-02-15,23.49,34.15,14.19,28.6,0.0,1.68,20.88,96.64,29.88,2.68,IDR,22.72,75.86,subtropical_dry,NASA_POWER_daily_ag,4.72,8.347,0.7407,dewpoint,490.4,29.377
2015-02-16,23.63,34.94,13.82,31.35,0.0,1.86,20.98,96.75,30.18,3.65,IDR,22.72,75.86,subtropical_dry,NASA_POWER_daily_ag,4.931,8.549,0.7934,dewpoint,478.7,29.537
2015-02-17,23.84,33.97,15.21,27.43,0.0,2.36,21.45,96.61,32.8,2.4,IDR,22.72,75.86,subtropical_dry,NASA_POWER_daily_ag,5.6,8.532,0.7261,dewpoint,493.6,29.697
2015-02-18,23.9,33.58,14.75,28.66,0.0,1.23,20.91,96.53,27.93,2.99,IDR,22.72,75.86,subtropical_dry,NASA_POWER_daily_ag,4.281,8.583,0.7572,dewpoint,502.1,29.858
2015-02-19,25.04,33.56,16.79,24.52,0.0,1.24,20.92,96.62,37.08,2.01,IDR,22.72,75.86,subtropical_dry,NASA_POWER_daily_ag,4.43,8.402,0.7061,dewpoint,492.5,30.02
2015-02-20,25.43,34.08,15.98,24.67,0.0,1.15,20.65,96.73,33.93,2.8,IDR,22.72,75.86,subtropical_dry,NASA_POWER_daily_ag,4.349,8.509,0.7471,dewpoint,480.8,30.182
2015-02-21,25.49,34.5,16.25,25.53,0.0,1.24,21.3,96.79,28.02,3.01,IDR,22.72,75.86,subtropical_dry,NASA_POWER_daily_ag,4.533,8.734,0.7583,dewpoint,474.4,30.345
2015-02-22,25.86,36.16,16.09,25.87,0.0,1.39,21.58,96.81,30.18,3.38,IDR,22.72,75.86,subtropical_dry,NASA_POWER_daily_ag,4.793,8.838,0.7784,dewpoint,472.3,30.508
2015-02-23,26.26,35.52,16.24,24.85,0.0,1.16,21.73,96.81,27.1,3.13,IDR,22.72,75.86,subtropical_dry,NASA_POWER_daily_ag,4.562,8.926,0.7648,dewpoint,472.3,30.672
2015-02-24,26.84,35.8,17.16,22.86,0.0,1.53,21.27,96.57,29.65,2.88,IDR,22.72,75.86,subtropical_dry,NASA_POWER_daily_ag,5.121,8.769,0.7513,dewpoint,497.8,30.836
2015-02-25,25.15,34.16,17.72,32.49,0.0,2.95,20.19,96.43,26.37,6.63,IDR,22.72,75.86,subtropical_dry,NASA_POWER_daily_ag,6.203,9.136,0.9767,dewpoint,512.8,31.0
2015-02-26,23.42,31.82,16.41,25.64,0.0,2.75,21.0,96.36,25.45,1.29,IDR,22.72,75.86,subtropical_dry,NASA_POWER_daily_ag,6.077,8.837,0.6706,dewpoint,520.3,31.164
2015-02-27,21.95,31.86,12.78,18.56,0.0,1.58,22.6,96.44,31.08,-4.54,IDR,22.72,75.86,subtropical_dry,NASA_POWER_daily_ag,4.832,8.734,0.4361,dewpoint,511.7,31.328
2015-02-28,22.84,30.29,15.01,23.16,0.79,2.39,14.4,96.34,80.2,-0.14,IDR,22.72,75.86,subtropical_dry,NASA_POWER_daily_ag,5.271,7.065,0.6046,dewpoint,522.4,31.491
2015-03-01,19.25,24.47,16.04,68.04,5.11,2.73,11.32,96.44,92.55,12.74,IDR,22.72,75.86,subtropical_dry,NASA_POWER_daily_ag,3.06,6.952,1.4725,dewpoint,511.7,31.655
2015-03-02,19.59,26.61,13.95,66.46,1.4,2.62,13.33,96.64,48.46,12.13,IDR,22.72,75.86,subtropical_dry,NASA_POWER_daily_ag,3.409,7.77,1.4146,dewpoint,490.4,31.818
2015-03-03,18.67,27.21,11.01,43.07,0.0,2.15,21.59,96.76,28.72,4.2,IDR,22.72,75.86,subtropical_dry,NASA_POWER_daily_ag,4.564,10.123,0.8248,dewpoint,477.6,31.981
2015-03-04,19.96,28.58,11.74,40.32,0.0,1.71,23.15,96.75,26.24,4.44,IDR,22.72,75.86,subtropical_dry,NASA_POWER_daily_ag,4.598,10.642,0.8388,dewpoint,478.7,32.144
2015-03-05,21.66,31.3,11.93,35.65,0.0,1.55,23.42,96.8,21.1,3.88,IDR,22.72,75.86,subtropical_dry,NASA_POWER_daily_ag,4.771,10.539,0.8064,dewpoint,473.3,32.306
2015-03-06,22.71,32.79,13.54,33.77,0.0,1.69,23.52,96.89,26.0,4.11,IDR,22.72,75.86,subtropical_dry,NASA_POWER_daily_ag,5.06,10.5,0.8196,dewpoint,463.8,32.467
2015-03-07,23.98,33.31,15.48,33.17,0.0,2.02,22.38,96.77,26.67,5.45,IDR,22.72,75.86,subtropical_dry,NASA_POWER_daily_ag,5.46,10.274,0.9001,dewpoint,476.5,32.628
2015-03-08,24.93,33.85,16.55,33.32,0.0,2.14,19.12,96.75,55.11,6.62,IDR,22.72,75.86,subtropical_dry,NASA_POWER_daily_ag,5.418,9.316,0.976,dewpoint,478.7,32.788
2015-03-09,23.91,33.02,15.65,25.49,0.0,3.14,22.72,97.01,26.41,2.16,IDR,22.72,75.86,subtropical_dry,NASA_POWER_daily_ag,6.773,9.993,0.7138,dewpoint,451.0,32.947
2015-03-10,24.75,33.98,15.25,24.73,0.05,2.58,22.77,97.03,26.57,2.81,IDR,22.72,75.86,subtropical_dry,NASA_POWER_daily_ag,6.387,10.117,0.7476,dewpoint,448.9,33.105
2015-03-11,26.85,35.0,18.86,36.31,1.63,2.6,20.42,96.92,49.45,10.11,IDR,22.72,75.86,subtropical_dry,NASA_POWER_daily_ag,6.154,10.266,1.237,dewpoint,460.6,33.263
2015-03-12,24.35,29.48,20.85,59.29,1.79,1.28,18.64,97.05,77.25,15.58,IDR,22.72,75.86,subtropical_dry,NASA_POWER_daily_ag,4.006,10.514,1.7701,dewpoint,446.7,33.419
2015-03-13,25.86,33.28,19.59,48.79,5.63,1.5,7.41,96.84,84.64,13.17,IDR,22.72,75.86,subtropical_dry,NASA_POWER_daily_ag,3.279,5.424,1.5145,dewpoint,469.1,33.574
2015-03-14,22.81,27.89,18.73,70.26,25.13,1.91,14.27,96.86,73.71,16.57,IDR,22.72,75.86,subtropical_dry,NASA_POWER_daily_ag,3.4,8.734,1.8856,dewpoint,466.9,33.728
2015-03-15,23.84,30.36,19.1,67.22,3.8,2.36,19.38,96.72,36.28,16.55,IDR,22.72,75.86,subtropical_dry,NASA_POWER_daily_ag,4.423,11.109,1.8832,dewpoint,481.8,33.881
2015-03-16,22.06,30.03,15.52,60.61,0.0,2.07,23.7,96.9,23.31,12.85,IDR,22.72,75.86,subtropical_dry,NASA_POWER_daily_ag,4.808,12.567,1.4831,dewpoint,462.7,34.032
2015-03-17,21.97,31.18,13.69,47.43,0.0,1.82,24.81,96.9,23.73,8.67,IDR,22.72,75.86,subtropical_dry,NASA_POWER_daily_ag,5.096,12.321,1.1227,dewpoint,462.7,34.183
2015-03-18,22.27,31.81,14.55,48.95,0.0,2.38,25.43,96.74,24.35,9.2,IDR,22.72,75.86,subtropical_dry,NASA_POWER_daily_ag,5.554,12.64,1.1637,dewpoint,479.7,34.331
2015-03-19,23.04,33.1,13.79,40.36,0.0,1.99,25.13,96.79,20.85,7.03,IDR,22.72,75.86,subtropical_dry,NASA_POWER_daily_ag,5.568,12.138,1.0039,dewpoint,474.4,34.479
2015-03-20,25.32,34.7,14.57,36.91,0.0,1.35,24.5,96.83,19.82,7.61,IDR,22.72,75.86,subtropical_dry,NASA_POWER_daily_ag,5.27,11.924,1.0446,dewpoint,470.1,34.624
2015-03-21,27.36,35.84,16.6,37.36,0.0,1.21,23.7,96.85,15.08,9.89,IDR,22.72,75.86,subtropical_dry,NASA_POWER_daily_ag,5.269,11.915,1.2189,dewpoint,468.0,34.769
2015-03-22,30.15,37.51,23.99,33.85,0.0,1.0,23.6,96.68,22.28,11.58,IDR,22.72,75.86,subtropical_dry,NASA_POWER_daily_ag,5.263,11.87,1.3642,dewpoint,486.1,34.911
2015-03-23,28.62,38.2,19.48,41.44,0.0,1.54,23.18,96.49,27.24,12.16,IDR,22.72,75.86,subtropical_dry,NASA_POWER_daily_ag,5.689,11.987,1.4174,dewpoint,506.4,35.052
2015-03-24,28.83,38.7,19.74,39.54,0.0,1.18,24.77,96.47,19.66,11.56,IDR,22.72,75.86,subtropical_dry,NASA_POWER_daily_ag,5.511,12.52,1.3624,dewpoint,508.5,35.191
2015-03-25,29.87,39.34,19.37,33.35,0.0,1.65,24.35,96.53,41.2,10.19,IDR,22.72,75.86,subtropical_dry,NASA_POWER_daily_ag,6.223,12.105,1.2437,dewpoint,502.1,35.328
2015-03-26,30.84,39.97,20.52,29.76,0.0,1.78,21.84,96.63,56.55,9.66,IDR,22.72,75.86,subtropical_dry,NASA_POWER_daily_ag,6.281,11.011,1.2003,dewpoint,491.4,35.464
2015-03-27,31.38,39.83,21.26,31.73,0.0,1.34,21.1,96.64,53.38,11.03,IDR,22.72,75.86,subtropical_dry,NASA_POWER_daily_ag,5.644,10.955,1.3153,dewpoint,490.4,35.598
2015-03-28,31.75,40.19,22.87,32.87,0.4,1.47,18.15,96.44,66.38,12.19,IDR,22.72,75.86,subtropical_dry,NASA_POWER_daily_ag,5.486,9.916,1.4202,dewpoint,511.7,35.729
2015-03-29,29.87,38.05,24.72,32.38,0.27,2.53,10.39,96.38,99.48,10.29,IDR,22.72,75.86,subtropical_dry,NASA_POWER_daily_ag,5.788,6.725,1.252,dewpoint,518.1,35.859
2015-03-30,28.76,36.29,22.82,30.53,0.09,2.57,23.79,96.38,31.02,8.94,IDR,22.72,75.86,subtropical_dry,NASA_POWER_daily_ag,7.123,11.846,1.1434,dewpoint,518.1,35.987
2015-03-31,27.79,37.19,19.32,24.93,0.0,2.84,27.08,96.43,18.45,3.37,IDR,22.72,75.86,subtropical_dry,NASA_POWER_daily_ag,7.839,12.206,0.7779,dewpoint,512.8,36.113
2015-04-01,28.13,38.33,17.92,21.91,0.0,2.94,26.81,96.33,18.5,2.8,IDR,22.72,75.86,subtropical_dry,NASA_POWER_daily_ag,8.047,12.062,0.7471,dewpoint,523.5,36.237
2015-04-02,29.22,38.79,19.54,29.01,0.0,3.73,26.01,96.23,12.05,7.72,IDR,22.72,75.86,subtropical_dry,NASA_POWER_daily_ag,8.801,12.586,1.0525,dewpoint,534.1,36.359
2015-04-03,28.89,38.12,20.88,37.53,0.0,4.06,26.25,96.16,8.61,10.2,IDR,22.72,75.86,subtropical_dry,NASA_POWER_daily_ag,8.771,13.169,1.2445,dewpoint,541.6,36.479
2015-04-04,27.5,34.95,19.56,44.22,0.0,4.53,25.54,96.05,20.17,12.83,IDR,22.72,75.86,subtropical_dry,NASA_POWER_daily_ag,8.203,13.628,1.4812,dewpoint,553.4,36.596
2015-04-05,28.0,35.37,21.41,45.5,0.0,3.31,20.92,96.14,36.58,13.14,IDR,22.72,75.86,subtropical_dry,NASA_POWER_daily_ag,6.957,11.595,1.5115,dewpoint,543.8,36.712
2015-04-06,28.66,36.88,20.66,34.49,0.0,1.62,22.53,96.14,29.85,9.64,IDR,22.72,75.86,subtropical_dry,NASA_POWER_daily_ag,5.914,11.728,1.1987,dewpoint,543.8,36.825
2015-04-07,29.15,38.21,20.03,30.47,0.16,1.8,24.43,96.19,16.6,8.51,IDR,22.72,75.86,subtropical_dry,NASA_POWER_daily_ag,6.464,12.287,1.1106,dewpoint,538.4,36.937
2015-04-08,30.31,38.91,20.94,31.91,0.0,1.7,23.85,96.33,19.75,10.23,IDR,22.72,75.86,subtropical_dry,NASA_POWER_daily_ag,6.415,12.308,1.247,dewpoint,523.5,37.046
2015-04-09,31.18,39.57,23.21,29.55,1.56,2.02,24.02,96.33,22.12,10.23,IDR,22.72,75.86,subtropical_dry,NASA_POWER_daily_ag,6.977,12.289,1.247,dewpoint,523.5,37.153
2015-04-10,31.62,39.68,24.0,31.0,0.01,2.76,23.34,96.34,28.26,11.54,IDR,22.72,75.86,subtropical_dry,NASA_POWER_daily_ag,7.829,12.235,1.3606,dewpoint,522.4,37.257
2015-04-11,30.17,38.14,22.43,39.99,1.94,3.85,20.11,96.45,56.14,13.48,IDR,22.72,75.86,subtropical_dry,NASA_POWER_daily_ag,7.975,11.288,1.5455,dewpoint,510.6,37.36
2015-04-12,27.17,33.45,21.26,53.45,4.53,2.0,17.64,96.66,73.43,15.63,IDR,22.72,75.86,subtropical_dry,NASA_POWER_daily_ag,5.063,10.589,1.7758,dewpoint,488.2,37.46
2015-04-13,24.15,27.95,21.07,64.23,2.85,1.45,17.74,96.69,84.1,16.51,IDR,22.72,75.86,subtropical_dry,NASA_POWER_daily_ag,4.051,10.867,1.8784,dewpoint,485.0,37.558
2015-04-14,24.24,29.41,19.69,60.98,0.91,1.55,19.37,96.61,60.37,15.62,IDR,22.72,75.86,subtropical_dry,NASA_POWER_daily_ag,4.416,11.576,1.7746,dewpoint,493.6,37.654
2015-04-15,26.48,33.22,18.75,55.65,0.16,1.26,22.03,96.62,34.41,15.67,IDR,22.72,75.86,subtropical_dry,NASA_POWER_daily_ag,4.986,12.817,1.7803,dewpoint,492.5,37.748
2015-04-16,28.89,36.58,20.28,47.05,0.0,1.09,25.01,96.73,15.76,14.9,IDR,22.72,75.86,subtropical_dry,NASA_POWER_daily_ag,5.618,13.957,1.6944,dewpoint,480.8,37.839
2015-04-17,31.4,40.38,22.35,34.97,0.0,1.6,26.06,96.44,11.22,12.11,IDR,22.72,75.86,subtropical_dry,NASA_POWER_daily_ag,6.724,13.664,1.4128,dewpoint,511.7,37.928
2015-04-18,33.27,42.06,24.97,27.46,0.0,4.25,25.63,96.08,15.08,10.77,IDR,22.72,75.86,subtropical_dry,NASA_POWER_daily_ag,10.333,13.07,1.2928,dewpoint,550.2,38.016
2015-04-19,33.81,43.15,24.44,25.27,0.0,3.35,26.23,96.09,10.47,9.16,IDR,22.72,75.86,subtropical_dry,NASA_POWER_daily_ag,9.603,12.982,1.1605,dewpoint,549.1,38.1
2015-04-20,33.95,43.13,24.67,24.23,0.0,3.32,26.09,96.26,7.44,8.62,IDR,22.72,75.86,subtropical_dry,NASA_POWER_daily_ag,9.625,12.834,1.1189,dewpoint,530.9,38.183
2015-04-21,34.55,42.81,25.31,20.26,0.0,3.43,23.39,96.22,31.62,7.7,IDR,22.72,75.86,subtropical_dry,NASA_POWER_daily_ag,9.703,11.674,1.051,dewpoint,535.2,38.264
2015-04-22,33.58,41.04,25.93,17.43,0.0,4.93,24.07,96.12,30.45,5.02,IDR,22.72,75.86,subtropical_dry,NASA_POWER_daily_ag,11.643,11.583,0.8735,dewpoint,545.9,38.342
2015-04-23,31.74,40.3,23.41,22.69,0.0,4.33,27.35,96.19,11.08,4.43,IDR,22.72,75.86,subtropical_dry,NASA_POWER_daily_ag,10.707,12.812,0.8382,dewpoint,538.4,38.418
2015-04-24,32.15,40.81,23.46,27.64,0.0,4.14,26.95,96.19,13.85,8.12,IDR,22.72,75.86,subtropical_dry,NASA_POWER_daily_ag,10.296,13.326,1.0816,dewpoint,538.4,38.492
2015-04-25,33.0,42.26,23.42,25.54,0.0,3.8,24.67,96.09,25.31,8.33,IDR,22.72,75.86,subtropical_dry,NASA_POWER_daily_ag,9.893,12.435,1.0971,dewpoint,549.1,38.564
2015-04-26,33.45,42.7,23.94,29.1,0.0,3.9,24.85,96.17,19.42,10.54,IDR,22.72,75.86,subtropical_dry,NASA_POWER_daily_ag,9.974,12.868,1.2731,dewpoint,540.6,38.634
2015-04-27,34.52,43.6,25.0,26.67,0.0,4.54,26.54,96.24,5.22,9.83,IDR,22.72,75.86,subtropical_dry,NASA_POWER_daily_ag,11.312,13.341,1.214,dewpoint,533.1,38.702
2015-04-28,34.08,43.15,25.18,26.24,0.0,5.39,26.66,96.18,4.67,8.51,IDR,22.72,75.86,subtropical_dry,NASA_POWER_daily_ag,12.275,13.165,1.1106,dewpoint,539.5,38.768
2015-04-29,33.77,42.16,25.56,25.23,0.0,4.12,25.2,96.09,7.14,9.38,IDR,22.72,75.86,subtropical_dry,NASA_POWER_daily_ag,10.48,12.811,1.1779,dewpoint,549.1,38.831
2015-04-30,33.29,42.6,23.9,28.97,0.0,4.43,27.27,96.21,9.87,9.26,IDR,22.72,75.86,subtropical_dry,NASA_POWER_daily_ag,10.93,13.665,1.1684,dewpoint,536.3,38.893
2015-05-01,33.41,41.73,24.92,29.69,0.0,4.07,26.16,96.19,8.5,10.26,IDR,22.72,75.86,subtropical_dry,NASA_POWER_daily_ag,10.351,13.431,1.2495,dewpoint,538.4,38.953
2015-05-02,33.34,42.52,24.34,23.75,0.0,3.73,26.88,96.13,22.18,6.75,IDR,22.72,75.86,subtropical_dry,NASA_POWER_daily_ag,10.258,13.058,0.9848,dewpoint,544.8,39.011
2015-05-03,33.77,42.76,23.51,12.78,0.0,2.56,27.69,96.15,26.86,0.14,IDR,22.72,75.86,subtropical_dry,NASA_POWER_daily_ag,8.947,12.258,0.6171,dewpoint,542.7,39.066
2015-05-04,34.09,43.09,24.72,16.17,0.0,3.51,24.25,96.19,54.55,3.17,IDR,22.72,75.86,subtropical_dry,NASA_POWER_daily_ag,10.079,11.527,0.767,dewpoint,538.4,39.12
2015-05-05,34.41,43.02,25.09,16.93,0.0,3.64,24.93,96.15,41.35,4.15,IDR,22.72,75.86,subtropical_dry,NASA_POWER_daily_ag,10.369,11.908,0.8219,dewpoint,542.7,39.172
2015-05-06,34.29,42.96,25.15,18.09,0.0,3.92,24.79,96.08,37.12,4.59,IDR,22.72,75.86,subtropical_dry,NASA_POWER_daily_ag,10.697,11.942,0.8477,dewpoint,550.2,39.223
2015-05-07,35.38,44.04,25.84,17.68,0.0,3.62,25.94,96.16,24.06,5.37,IDR,22.72,75.86,subtropical_dry,NASA_POWER_daily_ag,10.618,12.397,0.8951,dewpoint,541.6,39.271
2015-05-08,36.08,43.9,27.1,18.37,0.0,4.02,25.81,96.1,21.9,7.22,IDR,22.72,75.86,subtropical_dry,NASA_POWER_daily_ag,11.265,12.635,1.0171,dewpoint,548.1,39.318
2015-05-09,36.2,43.86,27.79,18.4,0.08,3.53,21.81,96.0,61.06,7.78,IDR,22.72,75.86,subtropical_dry,NASA_POWER_daily_ag,10.125,11.227,1.0568,dewpoint,558.8,39.363
2015-05-10,35.02,42.48,26.96,19.63,0.17,3.5,25.1,96.06,35.95,7.48,IDR,22.72,75.86,subtropical_dry,NASA_POWER_daily_ag,10.176,12.514,1.0354,dewpoint,552.3,39.406
2015-05-11,35.2,43.22,25.91,22.15,0.0,3.01,25.57,96.1,35.21,9.45,IDR,22.72,75.86,subtropical_dry,NASA_POWER_daily_ag,9.48,13.056,1.1834,dewpoint,548.1,39.447
2015-05-12,35.11,42.05,27.2,28.3,0.05,3.62,25.13,96.09,16.62,13.11,IDR,22.72,75.86,subtropical_dry,NASA_POWER_daily_ag,9.963,13.57,1.5086,dewpoint,549.1,39.487
2015-05-13,34.39,40.35,27.71,32.24,0.44,3.33,22.26,96.11,46.22,14.64,IDR,22.72,75.86,subtropical_dry,NASA_POWER_daily_ag,8.908,12.614,1.6662,dewpoint,547.0,39.525
2015-05-14,33.96,40.13,27.81,32.42,0.68,2.35,21.13,96.27,75.61,14.28,IDR,22.72,75.86,subtropical_dry,NASA_POWER_daily_ag,7.489,12.05,1.6279,dewpoint,529.9,39.562
2015-05-15,35.82,42.65,27.82,22.31,0.01,1.9,25.16,96.17,39.23,9.91,IDR,22.72,75.86,subtropical_dry,NASA_POWER_daily_ag,7.842,12.961,1.2206,dewpoint,540.6,39.597
2015-05-16,36.83,44.85,27.76,17.4,0.05,2.96,26.06,95.85,29.67,6.89,IDR,22.72,75.86,subtropical_dry,NASA_POWER_daily_ag,9.887,12.681,0.9943,dewpoint,574.8,39.63
2015-05-17,36.57,45.1,27.13,15.27,0.0,4.15,28.34,95.71,9.39,4.95,IDR,22.72,75.86,subtropical_dry,NASA_POWER_daily_ag,11.956,13.169,0.8693,dewpoint,589.9,39.662
2015-05-18,37.02,45.94,27.26,18.73,0.0,5.07,28.96,95.77,1.59,7.03,IDR,22.72,75.86,subtropical_dry,NASA_POWER_daily_ag,13.318,13.75,1.0039,dewpoint,583.4,39.693
2015-05-19,36.6,45.81,26.93,26.49,0.0,5.49,28.4,95.87,2.01,11.29,IDR,22.72,75.86,subtropical_dry,NASA_POWER_daily_ag,13.251,14.474,1.3382,dewpoint,572.7,39.722
2015-05-20,36.26,45.22,27.1,29.87,0.0,4.89,28.26,96.01,2.87,13.35,IDR,22.72,75.86,subtropical_dry,NASA_POWER_daily_ag,12.181,14.909,1.5324,dewpoint,557.7,39.75
2015-05-21,35.3,43.36,26.35,33.64,0.0,5.23,28.61,96.0,3.94,14.47,IDR,22.72,75.86,subtropical_dry,NASA_POWER_daily_ag,12.085,15.452,1.648,dewpoint,558.8,39.776
2015-05-22,35.23,43.42,26.74,33.11,0.0,5.55,28.31,95.95,0.67,13.65,IDR,22.72,75.86,subtropical_dry,NASA_POWER_daily_ag,12.46,15.114,1.5627,dewpoint,564.1,39.801
2015-05-23,34.57,41.7,26.89,36.63,0.0,6.08,28.71,95.89,4.54,14.94,IDR,22.72,75.86,subtropical_dry,NASA_POWER_daily_ag,12.498,15.678,1.6988,dewpoint,570.6,39.825
2015-05-24,33.94,42.43,26.52,44.01,0.0,6.85,28.0,95.96,6.02,17.78,IDR,22.72,75.86,subtropical_dry,NASA_POWER_daily_ag,12.045,16.018,2.0356,dewpoint,563.0,39.847
2015-05-25,33.51,41.3,26.41,46.45,0.0,6.1,27.06,96.0,5.47,18.55,IDR,22.72,75.86,subtropical_dry,NASA_POWER_daily_ag,10.996,15.784,2.1365,dewpoint,558.8,39.868
2015-05-26,34.06,42.33,25.69,42.1,0.0,6.0,27.12,96.04,1.65,17.09,IDR,22.72,75.86,subtropical_dry,NASA_POWER_daily_ag,11.562,15.457,1.9488,dewpoint,554.5,39.888
2015-05-27,34.84,42.76,26.66,37.86,0.0,5.5,27.59,96.03,5.98,15.72,IDR,22.72,75.86,subtropical_dry,NASA_POWER_daily_ag,11.83,15.318,1.786,dewpoint,555.5,39.907
2015-05-28,35.13,43.19,26.89,36.5,0.07,4.99,26.98,95.91,11.98,15.72,IDR,22.72,75.86,subtropical_dry,NASA_POWER_daily_ag,11.388,15.013,1.786,dewpoint,568.4,39.924
2015-05-29,35.99,44.06,27.6,32.76,0.74,5.03,27.75,95.95,24.98,14.31,IDR,22.72,75.86,subtropical_dry,NASA_POWER_daily_ag,12.067,14.986,1.631,dewpoint,564.1,39.941
2015-05-30,36.59,44.12,28.85,21.09,0.0,5.14,27.16,96.0,15.83,9.14,IDR,22.72,75.86,subtropical_dry,NASA_POWER_daily_ag,12.937,13.587,1.159,dewpoint,558.8,39.956
2015-05-31,36.63,44.85,27.53,25.49,0.0,4.24,22.53,95.82,35.52,11.46,IDR,22.72,75.86,subtropical_dry,NASA_POWER_daily_ag,11.055,12.16,1.3534,dewpoint,578.1,39.971
2015-06-01,35.5,43.44,26.92,32.26,0.0,4.89,25.67,95.7,30.15,14.68,IDR,22.72,75.86,subtropical_dry,NASA_POWER_daily_ag,11.427,14.19,1.6705,dewpoint,590.9,39.984
2015-06-02,33.8,41.87,25.25,39.06,0.04,4.72,28.43,95.92,6.21,15.51,IDR,22.72,75.86,subtropical_dry,NASA_POWER_daily_ag,10.833,15.774,1.7622,dewpoint,567.3,39.996
2015-06-03,33.47,40.88,25.4,39.6,0.31,4.14,26.92,95.96,12.19,15.82,IDR,22.72,75.86,subtropical_dry,NASA_POWER_daily_ag,9.944,15.165,1.7975,dewpoint,563.0,40.007
2015-06-04,34.77,41.67,27.5,33.76,0.09,3.11,25.76,95.99,35.03,14.96,IDR,22.72,75.86,subtropical_dry,NASA_POWER_daily_ag,9.194,14.338,1.701,dewpoint,559.8,40.018
2015-06-05,35.56,42.18,28.37,26.96,0.0,2.93,22.03,95.98,61.22,12.73,IDR,22.72,75.86,subtropical_dry,NASA_POWER_daily_ag,8.849,12.221,1.4715,dewpoint,560.9,40.027
2015-06-06,35.04,42.01,28.57,28.71,0.0,3.7,10.57,95.86,98.95,12.77,IDR,22.72,75.86,subtropical_dry,NASA_POWER_daily_ag,8.318,7.246,1.4754,dewpoint,573.8,40.035
2015-06-07,35.52,42.79,27.16,33.85,0.02,3.47,21.34,95.77,76.11,15.63,IDR,22.72,75.86,subtropical_dry,NASA_POWER_daily_ag,9.172,12.384,1.7758,dewpoint,583.4,40.043
2015-06-08,34.77,40.5,28.67,38.24,0.3,4.34,13.76,95.86,82.06,17.85,IDR,22.72,75.86,subtropical_dry,NASA_POWER_daily_ag,8.525,8.998,2.0446,dewpoint,573.8,40.049
2015-06-09,33.33,38.65,28.23,43.12,0.24,4.29,13.61,95.98,82.48,18.49,IDR,22.72,75.86,subtropical_dry,NASA_POWER_daily_ag,7.803,8.991,2.1284,dewpoint,560.9,40.055
2015-06-10,33.14,39.25,26.93,47.17,5.58,4.35,23.74,95.94,48.18,19.62,IDR,22.72,75.86,subtropical_dry,NASA_POWER_daily_ag,8.911,14.388,2.2838,dewpoint,565.2,40.06
2015-06-11,31.84,36.4,26.85,53.65,2.48,3.53,16.45,95.98,93.82,20.78,IDR,22.72,75.86,subtropical_dry,NASA_POWER_daily_ag,6.559,10.732,2.4536,dewpoint,560.9,40.064
2015-06-12,29.84,34.05,26.43,65.12,5.29,3.59,16.76,95.93,84.26,22.23,IDR,22.72,75.86,subtropical_dry,NASA_POWER_daily_ag,5.56,11.101,2.6812,dewpoint,566.3,40.067
2015-06-13,28.91,33.96,25.14,71.01,12.35,4.39,15.85,95.81,91.56,22.67,IDR,22.72,75.86,subtropical_dry,NASA_POWER_daily_ag,5.208,10.646,2.7538,dewpoint,579.1,40.069
2015-06-14,29.2,35.18,24.84,69.67,8.46,4.42,21.33,95.77,71.73,22.45,IDR,22.72,75.86,subtropical_dry,NASA_POWER_daily_ag,6.178,13.735,2.7173,dewpoint,583.4,40.071
2015-06-15,27.8,31.49,24.83,79.65,54.85,4.3,18.51,95.8,84.92,23.82,IDR,22.72,75.86,subtropical_dry,NASA_POWER_daily_ag,4.649,12.367,2.9518,dewpoint,580.2,40.071
2015-06-16,27.86,32.31,24.11,77.67,15.86,3.74,18.22,95.76,86.37,23.33,IDR,22.72,75.86,subtropical_dry,NASA_POWER_daily_ag,4.71,12.128,2.866,dewpoint,584.5,40.071
2015-06-17,28.53,33.26,23.8,74.13,4.67,2.11,22.52,95.65,77.97,23.07,IDR,22.72,75.86,subtropical_dry,NASA_POWER_daily_ag,5.299,14.586,2.8214,dewpoint,596.3,40.071
2015-06-18,28.66,32.43,24.42,74.58,14.83,1.86,18.09,95.61,83.45,23.43,IDR,22.72,75.86,subtropical_dry,NASA_POWER_daily_ag,4.492,12.061,2.8833,dewpoint,600.6,40.069
2015-06-19,27.53,30.79,24.87,80.29,14.24,2.45,20.85,95.56,75.72,23.67,IDR,22.72,75.86,subtropical_dry,NASA_POWER_daily_ag,4.694,13.74,2.9253,dewpoint,606.0,40.067
2015-06-20,29.51,34.95,24.52,72.49,0.73,1.31,18.01,95.38,82.18,23.48,IDR,22.72,75.86,subtropical_dry,NASA_POWER_daily_ag,4.455,11.989,2.892,dewpoint,625.4,40.064
2015-06-21,29.1,33.99,25.28,76.48,16.27,2.22,23.46,95.28,66.43,24.22,IDR,22.72,75.86,subtropical_dry,NASA_POWER_daily_ag,5.457,15.328,3.0235,dewpoint,636.1,40.06
2015-06-22,27.0,29.73,24.88,88.02,70.03,3.28,19.58,95.32,86.0,24.81,IDR,22.72,75.86,subtropical_dry,NASA_POWER_daily_ag,4.063,13.177,3.1321,dewpoint,631.8,40.055
2015-06-23,27.59,32.24,23.91,81.08,3.42,3.36,19.62,95.38,87.32,23.79,IDR,22.72,75.86,subtropical_dry,NASA_POWER_daily_ag,4.61,13.023,2.9465,dewpoint,625.4,40.05
2015-06-24,26.99,31.21,24.48,81.02,6.51,7.11,12.62,95.32,98.82,23.26,IDR,22.72,75.86,subtropical_dry,NASA_POWER_daily_ag,4.027,8.851,2.8539,dewpoint,631.8,40.044
2015-06-25,26.56,29.23,24.43,82.7,2.42,6.61,14.7,95.45,89.01,23.23,IDR,22.72,75.86,subtropical_dry,NASA_POWER_daily_ag,3.969,10.082,2.8488,dewpoint,617.8,40.037
2015-06-26,27.65,33.13,23.44,76.28,0.14,4.72,18.37,95.57,43.46,22.67,IDR,22.72,75.86,subtropical_dry,NASA_POWER_daily_ag,5.035,12.124,2.7538,dewpoint,604.9,40.029
2015-06-27,28.06,33.77,23.8,75.07,0.0,4.44,20.93,95.72,32.5,22.77,IDR,22.72,75.86,subtropical_dry,NASA_POWER_daily_ag,5.489,13.597,2.7706,dewpoint,588.8,40.021
2015-06-28,28.03,33.67,23.23,73.88,0.02,3.64,23.14,96.0,32.4,22.45,IDR,22.72,75.86,subtropical_dry,NASA_POWER_daily_ag,5.713,14.818,2.7173,dewpoint,558.8,40.012
2015-06-29,28.23,33.47,23.6,74.23,0.51,3.21,22.24,96.13,66.18,22.78,IDR,22.72,75.86,subtropical_dry,NASA_POWER_daily_ag,5.481,14.357,2.7723,dewpoint,544.8,40.002
2015-06-30,27.46,31.46,23.89,78.32,0.06,3.23,19.81,96.1,56.32,23.11,IDR,22.72,75.86,subtropical_dry,NASA_POWER_daily_ag,4.751,13.031,2.8282,dewpoint,548.1,39.991
2015-07-01,27.65,32.75,23.69,75.96,0.0,4.0,19.96,96.15,39.85,22.68,IDR,22.72,75.86,subtropical_dry,NASA_POWER_daily_ag,5.109,13.034,2.7555,dewpoint,542.7,39.98
2015-07-02,27.64,33.53,23.24,73.23,0.0,4.33,21.74,96.2,33.89,21.88,IDR,22.72,75.86,subtropical_dry,NASA_POWER_daily_ag,5.663,13.912,2.6247,dewpoint,537.4,39.967
2015-07-03,27.63,33.35,23.36,73.25,0.0,5.09,21.25,96.15,39.22,21.88,IDR,22.72,75.86,subtropical_dry,NASA_POWER_daily_ag,5.757,13.635,2.6247,dewpoint,542.7,39.954
2015-07-04,27.97,33.72,23.72,72.84,0.0,5.96,23.99,96.07,29.45,22.11,IDR,22.72,75.86,subtropical_dry,NASA_POWER_daily_ag,6.366,15.216,2.6617,dewpoint,551.3,39.94
2015-07-05,28.14,34.04,23.85,72.77,0.0,6.21,18.37,95.9,55.15,22.29,IDR,22.72,75.86,subtropical_dry,NASA_POWER_daily_ag,5.748,12.042,2.691,dewpoint,569.5,39.926
2015-07-06,27.78,33.25,23.43,73.26,0.0,6.14,13.86,95.78,85.67,22.1,IDR,22.72,75.86,subtropical_dry,NASA_POWER_daily_ag,5.056,9.469,2.6601,dewpoint,582.4,39.91
2015-07-07,27.89,33.17,23.9,73.12,0.0,5.22,15.91,95.67,84.96,22.17,IDR,22.72,75.86,subtropical_dry,NASA_POWER_daily_ag,5.127,10.638,2.6715,dewpoint,594.2,39.894
2015-07-08,28.08,34.2,23.44,71.68,0.22,5.19,18.37,95.76,86.08,21.91,IDR,22.72,75.86,subtropical_dry,NASA_POWER_daily_ag,5.63,11.992,2.6295,dewpoint,584.5,39.876
2015-07-09,27.48,32.21,23.61,72.88,0.79,5.47,13.77,95.84,98.01,21.75,IDR,22.72,75.86,subtropical_dry,NASA_POWER_daily_ag,4.871,9.395,2.6039,dewpoint,575.9,39.858
2015-07-10,28.18,34.12,23.91,71.76,2.43,5.69,18.3,95.53,87.95,21.95,IDR,22.72,75.86,subtropical_dry,NASA_POWER_daily_ag,5.781,11.951,2.6359,dewpoint,609.2,39.839
2015-07-11,27.77,33.5,23.72,74.28,3.22,4.84,13.69,95.58,88.46,22.32,IDR,22.72,75.86,subtropical_dry,NASA_POWER_daily_ag,4.625,9.38,2.6959,dewpoint,603.8,39.819
2015-07-12,27.67,32.24,23.59,74.63,0.47,3.7,19.95,95.83,66.23,22.37,IDR,22.72,75.86,subtropical_dry,NASA_POWER_daily_ag,5.146,12.976,2.7041,dewpoint,577.0,39.798
2015-07-13,28.25,33.27,23.26,72.78,0.01,3.19,21.23,95.96,42.66,22.46,IDR,22.72,75.86,subtropical_dry,NASA_POWER_daily_ag,5.41,13.707,2.719,dewpoint,563.0,39.776
2015-07-14,29.06,35.08,23.88,69.71,0.0,3.82,21.94,95.85,48.78,22.36,IDR,22.72,75.86,subtropical_dry,NASA_POWER_daily_ag,6.037,14.049,2.7025,dewpoint,574.8,39.753
2015-07-15,28.7,34.82,23.8,69.76,0.0,4.54,20.78,95.63,87.65,22.06,IDR,22.72,75.86,subtropical_dry,NASA_POWER_daily_ag,6.021,13.346,2.6536,dewpoint,598.5,39.729
2015-07-16,28.65,34.47,24.08,70.04,0.0,4.22,17.22,95.41,87.34,22.1,IDR,22.72,75.86,subtropical_dry,NASA_POWER_daily_ag,5.402,11.342,2.6601,dewpoint,622.1,39.704
2015-07-17,28.44,34.08,24.16,70.94,1.54,3.72,16.36,95.48,98.28,22.15,IDR,22.72,75.86,subtropical_dry,NASA_POWER_daily_ag,5.017,10.862,2.6682,dewpoint,614.6,39.677
2015-07-18,26.99,30.18,24.19,83.4,50.39,3.49,6.78,95.63,99.68,23.83,IDR,22.72,75.86,subtropical_dry,NASA_POWER_daily_ag,2.491,5.407,2.9536,dewpoint,598.5,39.65
2015-07-19,25.11,26.57,24.14,93.4,95.28,3.65,2.69,95.59,99.57,23.98,IDR,22.72,75.86,subtropical_dry,NASA_POWER_daily_ag,1.127,2.951,2.9803,dewpoint,602.8,39.622
2015-07-20,25.38,27.07,24.05,93.89,112.25,3.06,2.67,95.55,99.59,24.34,IDR,22.72,75.86,subtropical_dry,NASA_POWER_daily_ag,1.066,2.917,3.0454,dewpoint,607.1,39.592
2015-07-21,25.66,28.26,23.73,90.89,32.0,2.97,4.01,95.63,99.83,24.03,IDR,22.72,75.86,subtropical_dry,NASA_POWER_daily_ag,1.461,3.743,2.9893,dewpoint,598.5,39.561
2015-07-22,26.1,29.28,23.85,88.6,5.01,2.98,12.32,95.63,99.77,24.0,IDR,22.72,75.86,subtropical_dry,NASA_POWER_daily_ag,2.855,8.701,2.9839,dewpoint,598.5,39.529
2015-07-23,25.45,27.19,24.27,91.24,7.48,2.4,15.87,95.74,97.28,23.9,IDR,22.72,75.86,subtropical_dry,NASA_POWER_daily_ag,3.19,10.818,2.9661,dewpoint,586.6,39.496
2015-07-24,26.27,29.58,23.47,89.26,16.31,2.86,10.16,95.82,99.75,24.28,IDR,22.72,75.86,subtropical_dry,NASA_POWER_daily_ag,2.502,7.418,3.0344,dewpoint,578.1,39.462
2015-07-25,25.53,27.98,24.03,92.24,64.72,4.92,2.94,95.66,99.73,24.17,IDR,22.72,75.86,subtropical_dry,NASA_POWER_daily_ag,1.333,3.093,3.0145,dewpoint,595.2,39.426
2015-07-26,24.71,27.6,22.84,90.58,43.04,5.44,7.17,95.69,99.74,23.04,IDR,22.72,75.86,subtropical_dry,NASA_POWER_daily_ag,2.01,5.633,2.8162,dewpoint,592.0,39.389
2015-07-27,24.47,26.64,22.92,92.89,24.48,5.01,6.4,95.84,99.82,23.25,IDR,22.72,75.86,subtropical_dry,NASA_POWER_daily_ag,1.678,5.175,2.8522,dewpoint,575.9,39.351
2015-07-28,24.59,27.89,22.52,88.81,7.59,5.63,9.73,95.81,99.6,22.56,IDR,22.72,75.86,subtropical_dry,NASA_POWER_daily_ag,2.49,7.118,2.7355,dewpoint,579.1,39.311
2015-07-29,24.85,29.0,22.44,88.19,6.74,6.62,9.6,95.81,92.42,22.7,IDR,22.72,75.86,subtropical_dry,NASA_POWER_daily_ag,2.594,7.041,2.7589,dewpoint,579.1,39.269
2015-07-30,25.18,29.57,22.19,85.29,0.5,5.25,18.81,95.94,58.66,22.38,IDR,22.72,75.86,subtropical_dry,NASA_POWER_daily_ag,3.965,12.33,2.7058,dewpoint,565.2,39.227
2015-07-31,25.6,29.98,22.22,84.06,0.0,4.46,14.99,95.99,67.64,22.52,IDR,22.72,75.86,subtropical_dry,NASA_POWER_daily_ag,3.604,10.136,2.7289,dewpoint,559.8,39.183
2015-08-01,25.7,29.9,22.25,85.18,5.95,3.99,15.9,96.16,79.77,22.87,IDR,22.72,75.86,subtropical_dry,NASA_POWER_daily_ag,3.607,10.692,2.7874,dewpoint,541.6,39.137
2015-08-02,25.49,29.62,22.46,86.21,8.03,3.66,15.79,96.24,80.14,22.87,IDR,22.72,75.86,subtropical_dry,NASA_POWER_daily_ag,3.481,10.625,2.7874,dewpoint,533.1,39.09
2015-08-03,25.75,29.91,22.98,84.9,5.67,3.69,10.77,96.08,93.88,22.85,IDR,22.72,75.86,subtropical_dry,NASA_POWER_daily_ag,2.915,7.707,2.784,dewpoint,550.2,39.041
2015-08-04,25.26,28.1,23.11,90.88,92.21,4.36,8.37,95.85,99.2,23.63,IDR,22.72,75.86,subtropical_dry,NASA_POWER_daily_ag,2.129,6.324,2.9183,dewpoint,574.8,38.991
2015-08-05,24.51,26.4,23.05,91.85,85.1,5.07,7.28,95.66,98.38,23.1,IDR,22.72,75.86,subtropical_dry,NASA_POWER_daily_ag,1.876,5.681,2.8265,dewpoint,595.2,38.939
2015-08-06,25.66,30.0,22.97,86.8,2.97,3.7,14.65,95.73,91.18,23.16,IDR,22.72,75.86,subtropical_dry,NASA_POWER_daily_ag,3.302,9.971,2.8367,dewpoint,587.7,38.885
2015-08-07,26.18,30.53,22.73,86.77,0.35,2.74,15.01,95.83,90.7,23.66,IDR,22.72,75.86,subtropical_dry,NASA_POWER_daily_ag,3.353,10.22,2.9236,dewpoint,577.0,38.83
2015-08-08,26.55,30.76,23.22,86.86,0.66,1.68,12.71,95.88,99.37,24.04,IDR,22.72,75.86,subtropical_dry,NASA_POWER_daily_ag,2.941,8.885,2.9911,dewpoint,571.6,38.773
2015-08-09,25.77,29.01,23.62,88.84,0.96,2.01,12.91,95.75,98.33,23.72,IDR,22.72,75.86,subtropical_dry,NASA_POWER_daily_ag,2.857,8.988,2.9341,dewpoint,585.6,38.714
2015-08-10,25.36,28.03,23.27,89.4,1.06,1.96,14.84,95.78,97.1,23.44,IDR,22.72,75.86,subtropical_dry,NASA_POWER_daily_ag,3.1,10.106,2.8851,dewpoint,582.4,38.653
2015-08-11,26.45,30.46,23.25,87.61,26.79,1.77,13.34,95.93,99.04,24.12,IDR,22.72,75.86,subtropical_dry,NASA_POWER_daily_ag,3.009,9.255,3.0055,dewpoint,566.3,38.591
2015-08-12,25.16,27.79,23.71,91.53,9.63,2.79,8.78,95.96,99.03,23.66,IDR,22.72,75.86,subtropical_dry,NASA_POWER_daily_ag,2.084,6.547,2.9236,dewpoint,563.0,38.527
2015-08-13,24.91,27.56,22.64,90.94,4.15,3.06,8.98,95.93,99.55,23.3,IDR,22.72,75.86,subtropical_dry,NASA_POWER_daily_ag,2.142,6.658,2.8608,dewpoint,566.3,38.461
2015-08-14,25.15,28.23,22.93,90.59,1.49,3.25,12.31,95.93,96.75,23.46,IDR,22.72,75.86,subtropical_dry,NASA_POWER_daily_ag,2.652,8.607,2.8886,dewpoint,566.3,38.393
2015-08-15,25.93,30.03,22.9,88.66,4.29,3.23,13.52,96.03,91.38,23.82,IDR,22.72,75.86,subtropical_dry,NASA_POWER_daily_ag,3.009,9.326,2.9518,dewpoint,555.5,38.323
2015-08-16,25.39,28.8,23.16,89.12,3.4,3.25,14.14,96.18,92.52,23.39,IDR,22.72,75.86,subtropical_dry,NASA_POWER_daily_ag,3.019,9.655,2.8764,dewpoint,539.5,38.252
2015-08-17,25.81,29.84,22.88,88.03,4.78,2.54,12.31,96.09,99.25,23.56,IDR,22.72,75.86,subtropical_dry,NASA_POWER_daily_ag,2.83,8.59,2.906,dewpoint,549.1,38.178
2015-08-18,25.86,29.94,23.05,89.2,2.92,2.51,10.83,96.23,98.14,23.86,IDR,22.72,75.86,subtropical_dry,NASA_POWER_daily_ag,2.544,7.733,2.9589,dewpoint,534.1,38.103
2015-08-19,26.05,30.21,23.07,86.04,0.09,2.44,21.17,96.32,69.75,23.37,IDR,22.72,75.86,subtropical_dry,NASA_POWER_daily_ag,4.261,13.702,2.8729,dewpoint,524.5,38.026
2015-08-20,25.42,29.55,22.41,85.98,0.08,3.16,18.23,96.26,52.42,22.75,IDR,22.72,75.86,subtropical_dry,NASA_POWER_daily_ag,3.781,11.921,2.7672,dewpoint,530.9,37.946
2015-08-21,25.3,30.13,21.86,84.15,0.08,3.44,17.88,96.17,53.83,22.22,IDR,22.72,75.86,subtropical_dry,NASA_POWER_daily_ag,3.85,11.642,2.6796,dewpoint,540.6,37.865
2015-08-22,25.43,30.14,22.2,83.43,0.0,3.24,18.84,96.1,66.63,22.18,IDR,22.72,75.86,subtropical_dry,NASA_POWER_daily_ag,4.027,12.166,2.6731,dewpoint,548.1,37.782
2015-08-23,25.61,30.74,21.83,83.09,0.0,3.0,20.05,96.1,33.18,22.26,IDR,22.72,75.86,subtropical_dry,NASA_POWER_daily_ag,4.22,12.848,2.6861,dewpoint,548.1,37.696
2015-08-24,25.54,29.94,22.45,84.38,0.01,3.01,21.42,96.2,36.82,22.54,IDR,22.72,75.86,subtropical_dry,NASA_POWER_daily_ag,4.312,13.666,2.7322,dewpoint,537.4,37.609
2015-08-25,25.73,30.93,21.76,83.73,0.07,2.33,20.4,96.12,32.33,22.53,IDR,22.72,75.86,subtropical_dry,NASA_POWER_daily_ag,4.2,13.069,2.7306,dewpoint,545.9,37.519
2015-08-26,26.11,31.17,22.15,83.49,0.13,2.45,19.13,96.05,37.07,22.86,IDR,22.72,75.86,subtropical_dry,NASA_POWER_daily_ag,4.073,12.382,2.7857,dewpoint,553.4,37.428
2015-08-27,26.23,30.96,22.19,83.44,0.1,2.02,18.67,96.02,67.67,23.0,IDR,22.72,75.86,subtropical_dry,NASA_POWER_daily_ag,3.975,12.135,2.8094,dewpoint,556.6,37.335
2015-08-28,26.23,29.73,23.05,84.49,0.57,2.12,16.29,96.07,84.6,23.27,IDR,22.72,75.86,subtropical_dry,NASA_POWER_daily_ag,3.572,10.803,2.8556,dewpoint,551.3,37.239
2015-08-29,25.51,28.8,23.36,89.56,13.73,2.3,13.87,96.05,98.25,23.6,IDR,22.72,75.86,subtropical_dry,NASA_POWER_daily_ag,2.933,9.438,2.913,dewpoint,553.4,37.141
2015-08-30,25.86,29.98,22.88,86.7,3.77,2.2,14.07,96.09,97.56,23.32,IDR,22.72,75.86,subtropical_dry,NASA_POWER_daily_ag,3.122,9.515,2.8643,dewpoint,549.1,37.042
2015-08-31,25.59,30.01,22.36,85.66,0.57,2.35,15.52,96.18,79.74,22.84,IDR,22.72,75.86,subtropical_dry,NASA_POWER_daily_ag,3.368,10.291,2.7824,dewpoint,539.5,36.94
2015-09-01,25.32,29.98,21.97,84.43,1.58,2.66,12.06,96.14,88.64,22.33,IDR,22.72,75.86,subtropical_dry,NASA_POWER_daily_ag,2.937,8.288,2.6976,dewpoint,543.8,36.836
2015-09-02,24.77,29.46,21.08,82.95,0.22,2.02,17.71,96.14,53.02,21.43,IDR,22.72,75.86,subtropical_dry,NASA_POWER_daily_ag,3.691,11.348,2.5535,dewpoint,543.8,36.731
2015-09-03,24.95,29.9,19.89,79.01,0.19,1.22,20.88,96.33,39.87,20.74,IDR,22.72,75.86,subtropical_dry,NASA_POWER_daily_ag,4.174,12.973,2.4476,dewpoint,523.5,36.623
2015-09-04,26.4,31.04,20.78,72.3,0.75,0.81,19.3,96.58,36.1,20.76,IDR,22.72,75.86,subtropical_dry,NASA_POWER_daily_ag,4.051,12.064,2.4506,dewpoint,496.8,36.513
2015-09-05,26.73,31.7,21.26,75.25,0.01,0.96,20.81,96.56,34.44,21.68,IDR,22.72,75.86,subtropical_dry,NASA_POWER_daily_ag,4.337,13.005,2.5928,dewpoint,498.9,36.401
2015-09-06,25.88,30.62,21.87,79.97,0.08,1.74,20.41,96.49,43.82,21.95,IDR,22.72,75.86,subtropical_dry,NASA_POWER_daily_ag,4.238,12.83,2.6359,dewpoint,506.4,36.288
2015-09-07,24.93,29.79,20.3,80.04,1.08,1.57,21.26,96.43,50.09,21.02,IDR,22.72,75.86,subtropical_dry,NASA_POWER_daily_ag,4.232,13.163,2.4901,dewpoint,512.8,36.172
2015-09-08,25.15,30.51,20.05,78.86,0.72,1.58,21.91,96.42,35.39,20.93,IDR,22.72,75.86,subtropical_dry,NASA_POWER_daily_ag,4.382,13.47,2.4763,dewpoint,513.8,36.054
2015-09-09,25.9,30.6,20.69,79.25,0.15,1.42,17.15,96.4,59.45,21.81,IDR,22.72,75.86,subtropical_dry,NASA_POWER_daily_ag,3.71,10.992,2.6135,dewpoint,516.0,35.935
2015-09-10,26.47,31.44,21.98,77.98,0.01,1.51,16.98,96.41,72.81,22.06,IDR,22.72,75.86,subtropical_dry,NASA_POWER_daily_ag,3.785,10.888,2.6536,dewpoint,514.9,35.813
2015-09-11,27.24,32.48,21.95,74.44,0.06,1.02,17.16,96.33,73.57,21.93,IDR,22.72,75.86,subtropical_dry,NASA_POWER_daily_ag,3.818,10.941,2.6327,dewpoint,523.5,35.69
2015-09-12,27.02,32.43,22.0,75.36,0.74,1.64,20.37,96.24,47.67,22.0,IDR,22.72,75.86,subtropical_dry,NASA_POWER_daily_ag,4.451,12.69,2.6439,dewpoint,533.1,35.564
2015-09-13,25.93,30.73,22.33,79.54,1.04,2.28,18.6,96.29,66.52,21.91,IDR,22.72,75.86,subtropical_dry,NASA_POWER_daily_ag,4.05,11.72,2.6295,dewpoint,527.7,35.437
2015-09-14,26.13,31.49,22.23,82.9,0.91,2.27,16.69,96.15,82.72,22.78,IDR,22.72,75.86,subtropical_dry,NASA_POWER_daily_ag,3.663,10.773,2.7723,dewpoint,542.7,35.308
2015-09-15,26.9,32.24,22.65,79.9,1.82,2.35,19.16,96.03,64.5,22.83,IDR,22.72,75.86,subtropical_dry,NASA_POWER_daily_ag,4.251,12.121,2.7807,dewpoint,555.5,35.177
2015-09-16,26.56,32.17,22.03,78.84,0.31,2.63,19.73,95.93,65.97,22.26,IDR,22.72,75.86,subtropical_dry,NASA_POWER_daily_ag,4.384,12.331,2.6861,dewpoint,566.3,35.045
2015-09-17,26.3,31.13,21.88,79.86,11.11,3.12,14.88,95.79,97.93,22.32,IDR,22.72,75.86,subtropical_dry,NASA_POWER_daily_ag,3.697,9.689,2.6959,dewpoint,581.3,34.911
2015-09-18,26.26,29.16,23.67,89.56,18.26,4.69,11.16,95.45,83.27,24.36,IDR,22.72,75.86,subtropical_dry,NASA_POWER_daily_ag,2.635,7.769,3.049,dewpoint,617.8,34.775
2015-09-19,25.47,30.39,22.58,88.76,2.27,4.65,9.09,95.63,73.53,23.39,IDR,22.72,75.86,subtropical_dry,NASA_POWER_daily_ag,2.392,6.533,2.8764,dewpoint,598.5,34.637
2015-09-20,24.66,29.15,21.15,84.97,0.53,2.42,14.03,95.9,73.43,21.76,IDR,22.72,75.86,subtropical_dry,NASA_POWER_daily_ag,3.068,9.159,2.6055,dewpoint,569.5,34.498
2015-09-21,24.85,29.24,21.06,85.23,0.66,2.53,16.19,95.96,48.63,21.97,IDR,22.72,75.86,subtropical_dry,NASA_POWER_daily_ag,3.38,10.341,2.6391,dewpoint,563.0,34.358
2015-09-22,25.33,30.03,21.79,85.3,0.62,2.93,15.39,96.1,46.86,22.49,IDR,22.72,75.86,subtropical_dry,NASA_POWER_daily_ag,3.331,9.934,2.7239,dewpoint,548.1,34.216
2015-09-23,25.11,30.21,21.29,82.87,0.06,1.74,18.03,96.43,45.25,21.74,IDR,22.72,75.86,subtropical_dry,NASA_POWER_daily_ag,3.66,11.245,2.6023,dewpoint,512.8,34.072
2015-09-24,24.37,29.66,20.11,82.52,0.02,2.0,20.79,96.41,17.05,20.9,IDR,22.72,75.86,subtropical_dry,NASA_POWER_daily_ag,4.002,12.579,2.4718,dewpoint,514.9,33.927
2015-09-25,23.44,29.32,18.7,80.93,0.0,1.97,22.82,96.31,6.85,19.61,IDR,22.72,75.86,subtropical_dry,NASA_POWER_daily_ag,4.205,13.391,2.2824,dewpoint,525.6,33.781
2015-09-26,23.32,29.52,16.99,78.52,0.0,1.6,21.49,96.35,18.56,19.04,IDR,22.72,75.86,subtropical_dry,NASA_POWER_daily_ag,4.03,12.612,2.2029,dewpoint,521.3,33.633
2015-09-27,24.58,30.25,18.09,72.54,0.0,1.14,22.41,96.42,6.39,18.83,IDR,22.72,75.86,subtropical_dry,NASA_POWER_daily_ag,4.306,12.954,2.1742,dewpoint,513.8,33.485
2015-09-28,25.53,31.52,19.01,68.41,0.28,1.11,20.56,96.43,35.15,18.87,IDR,22.72,75.86,subtropical_dry,NASA_POWER_daily_ag,4.18,11.958,2.1796,dewpoint,512.8,33.335
2015-09-29,25.64,32.01,21.13,72.43,0.44,1.82,16.64,96.49,47.39,19.96,IDR,22.72,75.86,subtropical_dry,NASA_POWER_daily_ag,3.819,10.108,2.3325,dewpoint,506.4,33.184
2015-09-30,24.83,32.19,19.54,70.31,0.0,2.26,21.43,96.66,7.6,18.21,IDR,22.72,75.86,subtropical_dry,NASA_POWER_daily_ag,4.611,12.161,2.0914,dewpoint,488.2,33.031
2015-10-01,24.5,31.75,17.16,65.05,0.0,1.61,21.79,96.67,8.38,16.86,IDR,22.72,75.86,subtropical_dry,NASA_POWER_daily_ag,4.483,12.114,1.9206,dewpoint,487.2,32.878
2015-10-02,26.92,33.16,21.1,72.15,1.02,1.22,19.46,96.67,25.81,21.13,IDR,22.72,75.86,subtropical_dry,NASA_POWER_daily_ag,4.126,11.642,2.5069,dewpoint,487.2,32.724
2015-10-03,27.06,32.91,22.85,74.23,0.06,1.46,19.66,96.58,33.9,21.59,IDR,22.72,75.86,subtropical_dry,NASA_POWER_daily_ag,4.216,11.782,2.5786,dewpoint,496.8,32.569
2015-10-04,26.75,33.37,21.29,70.25,0.03,1.41,19.92,96.59,24.68,20.03,IDR,22.72,75.86,subtropical_dry,NASA_POWER_daily_ag,4.298,11.602,2.3426,dewpoint,495.7,32.414
2015-10-05,27.26,34.08,22.24,60.03,0.01,1.14,20.88,96.53,22.67,18.19,IDR,22.72,75.86,subtropical_dry,NASA_POWER_daily_ag,4.453,11.618,2.0888,dewpoint,502.1,32.257
2015-10-06,27.66,34.95,21.66,56.08,0.0,1.08,20.88,96.45,21.93,17.13,IDR,22.72,75.86,subtropical_dry,NASA_POWER_daily_ag,4.493,11.359,1.9538,dewpoint,510.6,32.1
2015-10-07,27.02,35.33,20.72,58.2,0.0,1.52,19.22,96.45,41.53,16.94,IDR,22.72,75.86,subtropical_dry,NASA_POWER_daily_ag,4.507,10.567,1.9304,dewpoint,510.6,31.943
2015-10-08,26.48,34.67,19.87,56.74,0.0,1.75,19.21,96.42,37.21,16.09,IDR,22.72,75.86,subtropical_dry,NASA_POWER_daily_ag,4.627,10.424,1.8288,dewpoint,513.8,31.785
2015-10-09,27.0,35.64,20.14,48.89,0.0,1.5,20.29,96.26,12.29,14.07,IDR,22.72,75.86,subtropical_dry,NASA_POWER_daily_ag,4.758,10.439,1.6059,dewpoint,530.9,31.626
2015-10-10,26.28,34.97,18.54,57.19,0.0,1.51,20.13,96.34,11.71,15.57,IDR,22.72,75.86,subtropical_dry,NASA_POWER_daily_ag,4.55,10.685,1.7689,dewpoint,522.4,31.467
2015-10-11,27.49,35.39,19.82,61.06,0.0,1.04,18.99,96.53,23.77,17.94,IDR,22.72,75.86,subtropical_dry,NASA_POWER_daily_ag,4.131,10.542,2.0562,dewpoint,502.1,31.308
2015-10-12,27.63,34.97,20.99,54.44,0.02,1.13,18.99,96.66,12.61,16.51,IDR,22.72,75.86,subtropical_dry,NASA_POWER_daily_ag,4.254,10.229,1.8784,dewpoint,488.2,31.149
2015-10-13,27.5,35.95,21.46,51.86,0.0,1.0,20.33,96.67,6.62,15.27,IDR,22.72,75.86,subtropical_dry,NASA_POWER_daily_ag,4.288,10.47,1.7352,dewpoint,487.2,30.989
2015-10-14,26.64,36.36,19.53,48.02,0.0,1.4,20.98,96.76,6.74,12.95,IDR,22.72,75.86,subtropical_dry,NASA_POWER_daily_ag,4.666,10.275,1.4929,dewpoint,477.6,30.829
2015-10-15,26.13,35.46,18.22,54.47,0.0,1.95,19.63,96.74,12.47,15.04,IDR,22.72,75.86,subtropical_dry,NASA_POWER_daily_ag,4.769,10.182,1.7097,dewpoint,479.7,30.67
2015-10-16,26.51,34.47,20.41,62.49,0.0,2.2,18.43,96.8,6.46,17.76,IDR,22.72,75.86,subtropical_dry,NASA_POWER_daily_ag,4.583,10.11,2.033,dewpoint,473.3,30.511
2015-10-17,26.64,34.95,19.02,57.67,0.0,1.41,19.94,96.81,7.98,16.2,IDR,22.72,75.86,subtropical_dry,NASA_POWER_daily_ag,4.409,10.451,1.8416,dewpoint,472.3,30.351
2015-10-18,27.76,35.95,20.83,52.07,0.0,0.82,18.8,96.82,13.01,15.73,IDR,22.72,75.86,subtropical_dry,NASA_POWER_daily_ag,3.913,9.768,1.7872,dewpoint,471.2,30.192
2015-10-19,27.98,35.84,22.05,54.31,0.0,0.93,16.57,96.76,35.1,16.54,IDR,22.72,75.86,subtropical_dry,NASA_POWER_daily_ag,3.745,8.937,1.882,dewpoint,477.6,30.034
2015-10-20,27.76,35.15,22.44,53.59,0.0,1.36,16.16,96.6,43.85,16.31,IDR,22.72,75.86,subtropical_dry,NASA_POWER_daily_ag,4.055,8.714,1.8546,dewpoint,494.6,29.876
2015-10-21,27.75,35.59,22.01,50.25,0.0,1.26,12.5,96.55,61.18,15.29,IDR,22.72,75.86,subtropical_dry,NASA_POWER_daily_ag,3.595,7.101,1.7374,dewpoint,500.0,29.718
2015-10-22,27.31,35.32,22.29,50.52,0.0,1.42,17.14,96.65,29.78,15.02,IDR,22.72,75.86,subtropical_dry,NASA_POWER_daily_ag,4.196,8.831,1.7075,dewpoint,489.3,29.561
2015-10-23,27.44,35.75,21.53,45.73,0.0,1.2,18.0,96.65,15.29,13.27,IDR,22.72,75.86,subtropical_dry,NASA_POWER_daily_ag,4.151,8.828,1.5244,dewpoint,489.3,29.405
2015-10-24,27.75,35.51,21.07,42.59,0.0,0.95,17.97,96.58,9.11,12.65,IDR,22.72,75.86,subtropical_dry,NASA_POWER_daily_ag,3.917,8.698,1.4638,dewpoint,496.8,29.249
2015-10-25,27.85,34.05,23.27,50.35,0.15,0.99,13.32,96.69,56.62,15.78,IDR,22.72,75.86,subtropical_dry,NASA_POWER_daily_ag,3.382,7.374,1.7929,dewpoint,485.0,29.095
2015-10-26,23.22,26.9,20.5,76.94,2.07,1.2,10.46,96.9,68.19,18.8,IDR,22.72,75.86,subtropical_dry,NASA_POWER_daily_ag,2.358,6.563,2.1701,dewpoint,462.7,28.941
2015-10-27,25.65,33.41,18.52,62.65,0.01,1.04,11.3,96.8,68.77,16.7,IDR,22.72,75.86,subtropical_dry,NASA_POWER_daily_ag,2.881,6.688,1.9012,dewpoint,473.3,28.788
2015-10-28,25.9,31.86,20.25,61.58,1.79,1.03,14.37,96.73,19.72,17.24,IDR,22.72,75.86,subtropical_dry,NASA_POWER_daily_ag,3.231,8.0,1.9674,dewpoint,480.8,28.636
2015-10-29,23.47,31.18,17.68,63.01,0.05,1.76,18.39,96.76,7.02,14.72,IDR,22.72,75.86,subtropical_dry,NASA_POWER_daily_ag,3.888,9.275,1.6748,dewpoint,477.6,28.486
2015-10-30,22.36,30.91,16.2,59.33,0.0,3.06,18.9,96.83,4.3,12.78,IDR,22.72,75.86,subtropical_dry,NASA_POWER_daily_ag,4.561,9.138,1.4764,dewpoint,470.1,28.337
2015-10-31,22.09,30.53,15.22,59.62,0.0,2.43,18.4,96.8,6.34,12.86,IDR,22.72,75.86,subtropical_dry,NASA_POWER_daily_ag,4.127,8.977,1.4841,dewpoint,473.3,28.189
2015-11-01,23.53,31.46,17.42,64.36,0.0,2.34,17.14,96.81,7.41,15.49,IDR,22.72,75.86,subtropical_dry,NASA_POWER_daily_ag,3.961,8.813,1.7599,dewpoint,472.3,28.043
2015-11-02,24.17,31.96,17.27,61.66,0.0,1.87,16.91,96.85,9.88,15.32,IDR,22.72,75.86,subtropical_dry,NASA_POWER_daily_ag,3.853,8.649,1.7408,dewpoint,468.0,27.898
2015-11-03,25.09,32.88,17.83,55.91,0.0,1.32,16.12,96.81,14.62,14.6,IDR,22.72,75.86,subtropical_dry,NASA_POWER_daily_ag,3.612,8.158,1.6619,dewpoint,472.3,27.755
2015-11-04,26.53,33.7,20.08,51.68,0.0,0.77,15.42,96.71,21.03,14.63,IDR,22.72,75.86,subtropical_dry,NASA_POWER_daily_ag,3.215,7.793,1.6651,dewpoint,482.9,27.613
2015-11-05,27.07,33.99,20.69,47.1,0.0,0.9,15.9,96.67,15.69,13.84,IDR,22.72,75.86,subtropical_dry,NASA_POWER_daily_ag,3.448,7.785,1.5821,dewpoint,487.2,27.473
2015-11-06,26.62,34.48,20.3,39.2,0.0,1.19,17.47,96.6,5.41,10.32,IDR,22.72,75.86,subtropical_dry,NASA_POWER_daily_ag,3.911,7.677,1.2545,dewpoint,494.6,27.335
2015-11-07,26.07,34.02,17.88,37.59,0.0,1.08,16.12,96.71,10.31,9.6,IDR,22.72,75.86,subtropical_dry,NASA_POWER_daily_ag,3.633,7.231,1.1954,dewpoint,482.9,27.199
2015-11-08,27.23,33.16,21.81,40.22,0.0,0.6,16.17,96.82,9.86,12.02,IDR,22.72,75.86,subtropical_dry,NASA_POWER_daily_ag,3.117,7.475,1.4044,dewpoint,471.2,27.065
2015-11-09,26.96,33.61,21.36,46.86,0.0,1.06,15.32,96.78,44.7,13.81,IDR,22.72,75.86,subtropical_dry,NASA_POWER_daily_ag,3.505,7.441,1.579,dewpoint,475.5,26.933
2015-11-10,26.09,33.69,19.37,48.22,0.0,0.9,15.18,96.71,77.11,13.28,IDR,22.72,75.86,subtropical_dry,NASA_POWER_daily_ag,3.245,7.335,1.5254,dewpoint,482.9,26.803
2015-11-11,26.71,34.12,20.31,43.82,0.0,0.96,15.45,96.77,62.18,12.61,IDR,22.72,75.86,subtropical_dry,NASA_POWER_daily_ag,3.393,7.249,1.46,dewpoint,476.5,26.675
2015-11-12,25.98,34.55,19.03,45.4,0.0,1.58,16.07,96.91,2.98,12.27,IDR,22.72,75.86,subtropical_dry,NASA_POWER_daily_ag,3.995,7.376,1.4277,dewpoint,461.6,26.55
2015-11-13,25.38,33.82,17.83,43.34,0.0,1.1,16.38,96.93,3.31,10.86,IDR,22.72,75.86,subtropical_dry,NASA_POWER_daily_ag,3.509,7.275,1.3005,dewpoint,459.5,26.426
2015-11-14,25.93,34.46,18.16,39.2,0.0,1.1,16.8,96.69,4.88,9.71,IDR,22.72,75.86,subtropical_dry,NASA_POWER_daily_ag,3.609,7.142,1.2043,dewpoint,485.0,26.306
2015-11-15,26.84,34.73,18.75,30.12,0.0,0.54,16.82,96.63,3.19,6.71,IDR,22.72,75.86,subtropical_dry,NASA_POWER_daily_ag,2.91,6.609,0.9821,dewpoint,491.4,26.188
2015-11-16,25.36,33.84,16.68,30.89,0.0,0.9,16.57,96.63,10.69,5.89,IDR,22.72,75.86,subtropical_dry,NASA_POWER_daily_ag,3.308,6.513,0.928,dewpoint,491.4,26.072
2015-11-17,24.3,33.66,16.25,32.83,0.0,1.54,17.1,96.63,9.83,5.77,IDR,22.72,75.86,subtropical_dry,NASA_POWER_daily_ag,4.017,6.599,0.9203,dewpoint,491.4,25.959
2015-11-18,23.22,32.2,15.92,34.24,0.0,2.6,16.14,96.86,21.94,5.9,IDR,22.72,75.86,subtropical_dry,NASA_POWER_daily_ag,4.868,6.436,0.9287,dewpoint,466.9,25.848
2015-11-19,22.92,32.57,15.63,31.67,0.0,2.63,16.65,96.98,14.58,4.22,IDR,22.72,75.86,subtropical_dry,NASA_POWER_daily_ag,4.973,6.269,0.8259,dewpoint,454.2,25.741
2015-11-20,22.43,32.07,15.11,32.46,0.0,2.35,17.17,96.85,17.34,4.3,IDR,22.72,75.86,subtropical_dry,NASA_POWER_daily_ag,4.626,6.398,0.8306,dewpoint,468.0,25.636
2015-11-21,22.83,32.72,14.29,36.42,0.0,1.7,17.18,96.76,25.33,5.72,IDR,22.72,75.86,subtropical_dry,NASA_POWER_daily_ag,3.971,6.575,0.9171,dewpoint,477.6,25.534
2015-11-22,23.19,29.61,18.31,43.6,0.04,1.25,11.61,96.78,93.2,9.83,IDR,22.72,75.86,subtropical_dry,NASA_POWER_daily_ag,3.016,5.658,1.214,dewpoint,475.5,25.435
2015-11-23,24.13,30.94,19.3,46.03,0.01,1.72,7.46,96.81,87.41,11.24,IDR,22.72,75.86,subtropical_dry,NASA_POWER_daily_ag,3.171,4.542,1.3338,dewpoint,472.3,25.339
2015-11-24,23.66,28.12,20.1,53.33,0.0,1.8,9.0,96.84,92.41,13.38,IDR,22.72,75.86,subtropical_dry,NASA_POWER_daily_ag,3.059,5.119,1.5354,dewpoint,469.1,25.245
2015-11-25,24.69,32.72,18.86,35.11,0.0,2.1,14.3,96.82,38.43,7.34,IDR,22.72,75.86,subtropical_dry,NASA_POWER_daily_ag,4.379,5.867,1.0255,dewpoint,471.2,25.155
2015-11-26,25.3,33.22,17.71,36.68,0.0,1.51,14.78,96.72,8.08,9.06,IDR,22.72,75.86,subtropical_dry,NASA_POWER_daily_ag,3.778,6.199,1.1527,dewpoint,481.8,25.069
2015-11-27,24.03,31.89,18.29,32.41,0.0,2.15,14.54,96.53,36.8,5.77,IDR,22.72,75.86,subtropical_dry,NASA_POWER_daily_ag,4.42,5.723,0.9203,dewpoint,502.1,24.985
2015-11-28,23.31,31.0,16.94,25.12,0.0,1.69,7.25,96.74,98.69,1.79,IDR,22.72,75.86,subtropical_dry,NASA_POWER_daily_ag,3.679,4.149,0.6951,dewpoint,479.7,24.904
2015-11-29,24.76,32.68,17.92,38.62,0.0,2.28,13.06,96.93,55.18,9.44,IDR,22.72,75.86,subtropical_dry,NASA_POWER_daily_ag,4.323,5.764,1.1826,dewpoint,459.5,24.827
2015-11-30,26.22,33.35,19.58,47.22,0.0,1.4,14.34,96.98,21.26,13.27,IDR,22.72,75.86,subtropical_dry,NASA_POWER_daily_ag,3.534,6.534,1.5244,dewpoint,454.2,24.753
2015-12-01,26.72,34.21,18.63,38.79,0.01,1.25,15.02,96.8,5.08,10.57,IDR,22.72,75.86,subtropical_dry,NASA_POWER_daily_ag,3.586,6.289,1.2757,dewpoint,473.3,24.683
2015-12-02,25.35,32.8,19.09,37.86,0.02,1.81,14.03,96.8,12.04,9.27,IDR,22.72,75.86,subtropical_dry,NASA_POWER_daily_ag,4.008,5.879,1.1692,dewpoint,473.3,24.615
2015-12-03,22.4,32.47,15.22,22.34,0.0,2.53,15.01,96.93,19.6,-1.29,IDR,22.72,75.86,subtropical_dry,NASA_POWER_daily_ag,4.916,4.898,0.5558,dewpoint,459.5,24.552
2015-12-04,21.17,31.31,12.85,30.84,0.0,1.69,16.2,96.88,26.74,1.92,IDR,22.72,75.86,subtropical_dry,NASA_POWER_daily_ag,3.734,5.58,0.7016,dewpoint,464.8,24.491
2015-12-05,21.88,31.96,12.72,27.85,0.0,1.53,16.68,96.92,25.46,1.13,IDR,22.72,75.86,subtropical_dry,NASA_POWER_daily_ag,3.679,5.498,0.6629,dewpoint,460.6,24.435
2015-12-06,21.72,31.76,12.5,21.68,0.0,1.54,17.18,96.92,29.17,-2.47,IDR,22.72,75.86,subtropical_dry,NASA_POWER_daily_ag,3.75,5.096,0.5093,dewpoint,460.6,24.381
2015-12-07,21.5,31.73,12.2,21.38,0.0,1.45,17.16,96.98,29.16,-2.94,IDR,22.72,75.86,subtropical_dry,NASA_POWER_daily_ag,3.61,5.026,0.4918,dewpoint,454.2,24.332
2015-12-08,21.42,31.6,11.67,20.47,0.0,1.33,17.12,96.94,31.3,-3.34,IDR,22.72,75.86,subtropical_dry,NASA_POWER_daily_ag,3.449,4.987,0.4773,dewpoint,458.4,24.286
2015-12-09,22.26,31.95,12.66,24.67,0.0,1.62,16.34,96.84,37.84,0.26,IDR,22.72,75.86,subtropical_dry,NASA_POWER_daily_ag,3.825,5.26,0.6225,dewpoint,469.1,24.243
2015-12-10,23.67,31.89,15.4,27.73,0.0,1.95,15.05,96.67,50.22,3.35,IDR,22.72,75.86,subtropical_dry,NASA_POWER_daily_ag,4.243,5.338,0.7768,dewpoint,487.2,24.205
2015-12-11,23.47,31.34,16.86,30.75,0.0,2.17,15.7,96.53,23.99,4.49,IDR,22.72,75.86,subtropical_dry,NASA_POWER_daily_ag,4.414,5.556,0.8417,dewpoint,502.1,24.169
2015-12-12,20.2,30.05,12.37,20.17,0.0,1.9,16.45,96.59,37.54,-4.66,IDR,22.72,75.86,subtropical_dry,NASA_POWER_daily_ag,4.005,4.767,0.4322,dewpoint,495.7,24.138
2015-12-13,20.18,29.95,12.0,17.65,0.0,2.19,16.27,96.7,38.85,-5.36,IDR,22.72,75.86,subtropical_dry,NASA_POWER_daily_ag,4.352,4.682,0.4098,dewpoint,484.0,24.11
2015-12-14,20.18,30.09,13.27,19.84,0.0,2.73,15.53,96.84,40.25,-3.79,IDR,22.72,75.86,subtropical_dry,NASA_POWER_daily_ag,4.835,4.698,0.4615,dewpoint,469.1,24.086
2015-12-15,18.62,29.21,10.33,14.48,0.0,2.32,15.84,96.87,46.16,-9.35,IDR,22.72,75.86,subtropical_dry,NASA_POWER_daily_ag,4.367,4.354,0.3008,dewpoint,465.9,24.066
2015-12-16,20.12,30.75,10.76,15.58,0.0,1.73,15.68,96.74,33.81,-6.81,IDR,22.72,75.86,subtropical_dry,NASA_POWER_daily_ag,3.814,4.469,0.3667,dewpoint,479.7,24.05
2015-12-17,20.03,30.28,12.7,14.68,0.0,2.17,16.02,96.74,29.88,-8.51,IDR,22.72,75.86,subtropical_dry,NASA_POWER_daily_ag,4.355,4.254,0.3213,dewpoint,479.7,24.037
2015-12-18,18.65,28.89,11.0,17.14,0.0,2.41,16.18,96.97,40.3,-7.22,IDR,22.72,75.86,subtropical_dry,NASA_POWER_daily_ag,4.408,4.546,0.3553,dewpoint,455.2,24.028
2015-12-19,19.26,29.19,9.8,21.12,0.0,1.86,15.45,97.07,28.57,-3.98,IDR,22.72,75.86,subtropical_dry,NASA_POWER_daily_ag,3.813,4.837,0.4549,dewpoint,444.6,24.023
2015-12-20,20.22,29.76,12.68,26.7,0.0,1.85,14.44,96.93,27.14,0.32,IDR,22.72,75.86,subtropical_dry,NASA_POWER_daily_ag,3.732,5.018,0.6252,dewpoint,459.5,24.021
2015-12-21,18.94,28.44,11.32,22.15,0.0,1.97,15.87,96.93,35.46,-3.52,IDR,22.72,75.86,subtropical_dry,NASA_POWER_daily_ag,3.874,4.91,0.4709,dewpoint,459.5,24.024
2015-12-22,17.49,27.31,9.81,22.27,0.0,2.13,15.44,97.12,38.17,-4.71,IDR,22.72,75.86,subtropical_dry,NASA_POWER_daily_ag,3.868,4.863,0.4305,dewpoint,439.3,24.03
2015-12-23,16.72,26.29,9.08,19.8,0.0,2.3,15.09,97.19,34.54,-7.0,IDR,22.72,75.86,subtropical_dry,NASA_POWER_daily_ag,3.999,4.698,0.3613,dewpoint,431.9,24.04
2015-12-24,15.95,25.55,9.12,20.96,0.0,2.62,15.07,97.28,35.95,-6.99,IDR,22.72,75.86,subtropical_dry,NASA_POWER_daily_ag,4.156,4.737,0.3616,dewpoint,422.3,24.054
2015-12-25,15.71,26.04,8.01,22.36,0.0,2.52,15.11,97.37,34.4,-6.87,IDR,22.72,75.86,subtropical_dry,NASA_POWER_daily_ag,4.03,4.779,0.365,dewpoint,412.8,24.071
2015-12-26,16.9,26.71,8.65,17.06,0.0,2.2,16.31,97.33,28.26,-8.95,IDR,22.72,75.86,subtropical_dry,NASA_POWER_daily_ag,4.02,4.653,0.3104,dewpoint,417.0,24.092
2015-12-27,19.87,30.17,11.37,15.77,0.0,1.95,16.5,97.36,33.45,-7.36,IDR,22.72,75.86,subtropical_dry,NASA_POWER_daily_ag,4.085,4.491,0.3514,dewpoint,413.8,24.117
2015-12-28,22.07,32.98,13.31,21.29,0.0,1.76,16.91,97.39,35.03,-1.8,IDR,22.72,75.86,subtropical_dry,NASA_POWER_daily_ag,4.001,4.914,0.5353,dewpoint,410.7,24.146
2015-12-29,24.04,33.64,14.21,20.86,0.0,1.19,16.71,97.2,43.37,-0.51,IDR,22.72,75.86,subtropical_dry,NASA_POWER_daily_ag,3.427,5.0,0.5885,dewpoint,430.8,24.179
2015-12-30,24.43,33.86,15.31,23.0,0.0,1.21,16.84,96.99,28.07,1.05,IDR,22.72,75.86,subtropical_dry,NASA_POWER_daily_ag,3.483,5.187,0.6591,dewpoint,453.1,24.215
2015-12-31,23.46,32.92,14.25,25.29,0.0,1.33,16.42,97.11,30.85,1.43,IDR,22.72,75.86,subtropical_dry,NASA_POWER_daily_ag,3.557,5.298,0.6774,dewpoint,440.4,24.255
2016-01-01,21.86,32.46,12.95,26.3,0.0,1.56,16.52,97.21,31.72,0.05,IDR,22.72,75.86,subtropical_dry,NASA_POWER_daily_ag,3.706,5.229,0.613,dewpoint,429.8,24.298
2016-01-02,21.72,31.53,13.08,25.13,0.0,1.36,16.19,97.26,32.93,-0.47,IDR,22.72,75.86,subtropical_dry,NASA_POWER_daily_ag,3.455,5.183,0.5902,dewpoint,424.4,24.346
2016-01-03,20.47,29.93,13.09,25.26,0.0,1.9,16.07,97.15,32.41,-0.98,IDR,22.72,75.86,subtropical_dry,NASA_POWER_daily_ag,3.956,5.215,0.5686,dewpoint,436.1,24.397
2016-01-04,21.0,30.03,12.31,23.97,0.0,1.53,15.93,97.18,31.19,-1.37,IDR,22.72,75.86,subtropical_dry,NASA_POWER_daily_ag,3.624,5.202,0.5525,dewpoint,432.9,24.451
2016-01-05,21.76,30.4,12.65,22.25,0.0,1.02,15.9,97.06,25.25,-1.63,IDR,22.72,75.86,subtropical_dry,NASA_POWER_daily_ag,3.048,5.161,0.542,dewpoint,445.7,24.509
2016-01-06,22.92,31.03,14.52,22.58,0.0,1.07,15.91,97.0,30.66,-0.16,IDR,22.72,75.86,subtropical_dry,NASA_POWER_daily_ag,3.198,5.248,0.6037,dewpoint,452.1,24.571
2016-01-07,22.22,30.31,13.91,32.33,0.0,1.18,15.21,97.1,30.89,3.87,IDR,22.72,75.86,subtropical_dry,NASA_POWER_daily_ag,3.214,5.706,0.8058,dewpoint,441.4,24.636
2016-01-08,21.99,30.69,14.38,31.71,0.0,1.5,15.06,97.08,20.67,3.65,IDR,22.72,75.86,subtropical_dry,NASA_POWER_daily_ag,3.547,5.642,0.7934,dewpoint,443.6,24.705
2016-01-09,20.83,30.15,13.65,29.14,0.0,1.63,16.7,96.93,27.22,0.88,IDR,22.72,75.86,subtropical_dry,NASA_POWER_daily_ag,3.707,5.666,0.651,dewpoint,459.5,24.777
2016-01-10,20.3,29.84,11.49,22.1,0.0,1.41,16.5,97.03,33.36,-2.9,IDR,22.72,75.86,subtropical_dry,NASA_POWER_daily_ag,3.491,5.324,0.4933,dewpoint,448.9,24.852
2016-01-11,21.28,30.11,12.0,21.81,0.0,1.07,16.07,97.04,17.53,-1.98,IDR,22.72,75.86,subtropical_dry,NASA_POWER_daily_ag,3.135,5.362,0.5282,dewpoint,447.8,24.931
2016-01-12,21.9,30.47,13.26,24.12,0.0,1.44,15.24,96.81,18.89,-0.07,IDR,22.72,75.86,subtropical_dry,NASA_POWER_daily_ag,3.614,5.417,0.6077,dewpoint,472.3,25.013
2016-01-13,21.21,30.29,13.55,32.83,0.0,1.21,14.05,96.71,47.66,3.38,IDR,22.72,75.86,subtropical_dry,NASA_POWER_daily_ag,3.13,5.605,0.7784,dewpoint,482.9,25.099
2016-01-14,21.54,30.33,13.54,31.59,0.0,1.51,14.5,96.7,26.73,3.31,IDR,22.72,75.86,subtropical_dry,NASA_POWER_daily_ag,3.534,5.714,0.7746,dewpoint,484.0,25.188
2016-01-15,22.01,30.54,14.8,34.55,0.0,1.73,14.57,96.65,21.43,5.22,IDR,22.72,75.86,subtropical_dry,NASA_POWER_daily_ag,3.747,5.925,0.8858,dewpoint,489.3,25.279
2016-01-16,21.85,29.57,13.93,36.59,0.0,1.82,10.74,96.59,50.15,5.68,IDR,22.72,75.86,subtropical_dry,NASA_POWER_daily_ag,3.588,5.184,0.9146,dewpoint,495.7,25.375
2016-01-17,21.08,27.28,16.07,40.04,0.02,2.42,11.5,96.62,57.02,6.62,IDR,22.72,75.86,subtropical_dry,NASA_POWER_daily_ag,3.945,5.469,0.976,dewpoint,492.5,25.473
2016-01-18,20.72,27.37,14.93,57.09,3.38,1.82,11.75,96.54,60.06,11.14,IDR,22.72,75.86,subtropical_dry,NASA_POWER_daily_ag,3.017,5.973,1.325,dewpoint,501.0,25.574
2016-01-19,19.48,26.74,13.66,61.65,0.26,2.8,13.24,96.58,28.18,10.39,IDR,22.72,75.86,subtropical_dry,NASA_POWER_daily_ag,3.474,6.426,1.2604,dewpoint,496.8,25.678
2016-01-20,16.31,24.6,9.87,48.47,0.0,2.2,15.83,97.01,22.18,2.63,IDR,22.72,75.86,subtropical_dry,NASA_POWER_daily_ag,3.488,6.483,0.7381,dewpoint,451.0,25.785
2016-01-21,15.15,24.56,7.43,30.21,0.0,1.81,17.78,97.23,28.87,-4.43,IDR,22.72,75.86,subtropical_dry,NASA_POWER_daily_ag,3.493,6.265,0.4398,dewpoint,427.6,25.895
2016-01-22,15.17,25.62,6.32,24.53,0.0,1.83,18.63,97.19,36.68,-6.87,IDR,22.72,75.86,subtropical_dry,NASA_POWER_daily_ag,3.627,6.198,0.365,dewpoint,431.9,26.008
2016-01-23,16.59,27.54,6.78,21.85,0.0,1.61,18.87,97.19,33.99,-7.28,IDR,22.72,75.86,subtropical_dry,NASA_POWER_daily_ag,3.613,6.1,0.3536,dewpoint,431.9,26.123
2016-01-24,18.41,29.23,7.6,20.18,0.0,1.51,18.77,97.06,32.86,-6.63,IDR,22.72,75.86,subtropical_dry,NASA_POWER_daily_ag,3.705,6.061,0.3718,dewpoint,445.7,26.242
2016-01-25,19.6,29.9,9.12,18.94,0.0,1.35,18.45,96.86,36.55,-6.16,IDR,22.72,75.86,subtropical_dry,NASA_POWER_daily_ag,3.624,6.004,0.3855,dewpoint,466.9,26.362
2016-01-26,19.84,30.93,9.47,19.06,0.0,1.38,18.28,96.77,32.35,-6.44,IDR,22.72,75.86,subtropical_dry,NASA_POWER_daily_ag,3.679,5.924,0.3773,dewpoint,476.5,26.486
2016-01-27,20.05,31.05,10.99,23.5,0.0,1.7,18.27,96.77,28.96,-2.66,IDR,22.72,75.86,subtropical_dry,NASA_POWER_daily_ag,4.028,6.319,0.5022,dewpoint,476.5,26.612
2016-01-28,21.77,31.77,13.22,35.62,0.0,1.31,18.29,96.88,23.43,4.47,IDR,22.72,75.86,subtropical_dry,NASA_POWER_daily_ag,3.651,7.175,0.8406,dewpoint,464.8,26.74
2016-01-29,23.09,33.11,14.04,30.6,0.0,1.58,18.58,97.01,20.7,3.49,IDR,22.72,75.86,subtropical_dry,NASA_POWER_daily_ag,4.158,7.038,0.7845,dewpoint,451.0,26.871
2016-01-30,23.58,34.17,16.22,27.64,0.0,1.8,18.35,96.94,28.88,2.23,IDR,22.72,75.86,subtropical_dry,NASA_POWER_daily_ag,4.483,6.705,0.7173,dewpoint,458.4,27.004
2016-01-31,22.78,33.05,14.29,33.19,0.0,1.77,18.79,96.85,32.72,3.92,IDR,22.72,75.86,subtropical_dry,NASA_POWER_daily_ag,4.344,7.247,0.8087,dewpoint,468.0,27.139
2016-02-01,23.08,32.96,15.27,29.82,0.0,1.57,18.37,96.89,55.65,2.89,IDR,22.72,75.86,subtropical_dry,NASA_POWER_daily_ag,4.176,7.013,0.7519,dewpoint,463.8,27.276
2016-02-02,22.12,31.47,14.16,33.76,0.0,1.56,19.04,96.92,28.62,4.17,IDR,22.72,75.86,subtropical_dry,NASA_POWER_daily_ag,4.075,7.533,0.823,dewpoint,460.6,27.415
2016-02-03,20.84,30.49,13.4,30.72,0.0,2.5,19.04,96.97,33.36,1.49,IDR,22.72,75.86,subtropical_dry,NASA_POWER_daily_ag,4.914,7.287,0.6803,dewpoint,455.2,27.557
2016-02-04,19.42,29.79,11.41,16.62,0.0,2.26,19.71,96.96,35.66,-7.48,IDR,22.72,75.86,subtropical_dry,NASA_POWER_daily_ag,4.832,6.523,0.3482,dewpoint,456.3,27.7
2016-02-05,21.29,32.4,11.41,16.42,0.0,1.81,18.31,96.76,48.87,-6.03,IDR,22.72,75.86,subtropical_dry,NASA_POWER_daily_ag,4.497,6.353,0.3894,dewpoint,477.6,27.845
2016-02-06,21.8,32.67,12.13,22.28,0.0,2.57,16.35,96.47,50.73,-1.49,IDR,22.72,75.86,subtropical_dry,NASA_POWER_daily_ag,5.22,6.466,0.5477,dewpoint,508.5,27.991
2016-02-07,21.07,30.19,12.99,24.33,0.0,2.14,18.66,96.76,29.01,-0.58,IDR,22.72,75.86,subtropical_dry,NASA_POWER_daily_ag,4.748,7.191,0.5855,dewpoint,477.6,28.14
2016-02-08,21.05,30.7,12.73,16.46,0.0,1.91,19.16,96.88,36.25,-5.6,IDR,22.72,75.86,subtropical_dry,NASA_POWER_daily_ag,4.665,6.755,0.4024,dewpoint,464.8,28.29
2016-02-09,21.5,31.29,11.77,21.77,0.0,2.0,19.08,96.77,24.17,-2.14,IDR,22.72,75.86,subtropical_dry,NASA_POWER_daily_ag,4.771,7.203,0.522,dewpoint,476.5,28.441
2016-02-10,22.11,32.28,13.39,23.47,0.0,2.21,18.21,96.54,23.72,-0.23,IDR,22.72,75.86,subtropical_dry,NASA_POWER_daily_ag,4.977,7.174,0.6007,dewpoint,501.0,28.594
2016-02-11,21.53,31.23,13.11,19.48,0.0,2.43,20.12,96.54,30.82,-3.54,IDR,22.72,75.86,subtropical_dry,NASA_POWER_daily_ag,5.356,7.318,0.4702,dewpoint,501.0,28.748
2016-02-12,21.25,30.52,13.42,31.58,0.0,2.14,19.76,96.58,34.05,2.17,IDR,22.72,75.86,subtropical_dry,NASA_POWER_daily_ag,4.778,8.051,0.7143,dewpoint,496.8,28.904
2016-02-13,20.8,30.29,12.32,32.65,0.0,2.16,19.67,96.74,29.8,2.48,IDR,22.72,75.86,subtropical_dry,NASA_POWER_daily_ag,4.717,8.178,0.7303,dewpoint,479.7,29.061
2016-02-14,22.25,30.89,13.54,25.13,0.0,1.44,19.47,96.78,26.84,0.82,IDR,22.72,75.86,subtropical_dry,NASA_POWER_daily_ag,4.245,7.877,0.6482,dewpoint,475.5,29.218
2016-02-15,23.13,31.69,15.31,30.63,0.0,1.91,15.18,96.77,48.79,4.38,IDR,22.72,75.86,subtropical_dry,NASA_POWER_daily_ag,4.475,7.09,0.8353,dewpoint,476.5,29.377
2016-02-16,25.45,33.4,19.35,39.84,0.0,2.67,16.26,96.79,41.16,10.18,IDR,22.72,75.86,subtropical_dry,NASA_POWER_daily_ag,5.28,7.943,1.2429,dewpoint,474.4,29.537
2016-02-17,25.47,34.2,17.65,39.89,0.0,3.18,17.27,96.85,79.96,9.34,IDR,22.72,75.86,subtropical_dry,NASA_POWER_daily_ag,5.911,8.224,1.1747,dewpoint,468.0,29.697
2016-02-18,26.4,35.86,17.36,24.92,0.0,2.18,20.3,96.78,26.42,3.31,IDR,22.72,75.86,subtropical_dry,NASA_POWER_daily_ag,5.733,8.221,0.7746,dewpoint,475.5,29.858
2016-02-19,26.47,35.05,19.53,25.62,0.0,1.97,18.37,96.85,70.19,4.16,IDR,22.72,75.86,subtropical_dry,NASA_POWER_daily_ag,5.321,7.839,0.8225,dewpoint,468.0,30.02
2016-02-20,26.61,33.31,20.71,45.44,0.0,2.29,13.16,96.9,94.49,13.31,IDR,22.72,75.86,subtropical_dry,NASA_POWER_daily_ag,4.623,7.3,1.5284,dewpoint,462.7,30.182
2016-02-21,26.99,35.39,20.14,38.55,0.0,2.04,16.0,96.79,75.07,10.31,IDR,22.72,75.86,subtropical_dry,NASA_POWER_daily_ag,5.0,7.977,1.2537,dewpoint,474.4,30.345
2016-02-22,25.64,34.19,18.05,19.91,0.0,1.79,19.69,96.87,75.03,0.37,IDR,22.72,75.86,subtropical_dry,NASA_POWER_daily_ag,5.215,7.944,0.6274,dewpoint,465.9,30.508
2016-02-23,24.95,35.7,16.31,9.02,0.0,2.13,21.52,96.71,48.12,-10.62,IDR,22.72,75.86,subtropical_dry,NASA_POWER_daily_ag,5.818,7.107,0.272,dewpoint,482.9,30.672
2016-02-24,25.41,35.47,15.47,8.31,0.0,1.84,19.64,96.53,69.63,-10.72,IDR,22.72,75.86,subtropical_dry,NASA_POWER_daily_ag,5.402,6.925,0.2698,dewpoint,502.1,30.836
2016-02-25,25.58,35.47,16.58,9.24,0.0,1.93,20.54,96.65,72.25,-9.4,IDR,22.72,75.86,subtropical_dry,NASA_POWER_daily_ag,5.602,7.205,0.2996,dewpoint,489.3,31.0
2016-02-26,25.36,35.32,16.81,11.05,0.0,2.74,20.6,96.83,53.69,-7.39,IDR,22.72,75.86,subtropical_dry,NASA_POWER_daily_ag,6.703,7.476,0.3506,dewpoint,470.1,31.164
2016-02-27,25.08,35.26,16.43,11.5,0.0,2.65,20.27,96.97,31.65,-7.23,IDR,22.72,75.86,subtropical_dry,NASA_POWER_daily_ag,6.536,7.508,0.355,dewpoint,455.2,31.328
2016-02-28,25.29,35.8,15.99,11.8,0.0,2.51,20.07,97.03,28.55,-6.37,IDR,22.72,75.86,subtropical_dry,NASA_POWER_daily_ag,6.376,7.604,0.3793,dewpoint,448.9,31.491
2016-02-29,27.38,36.09,19.72,21.77,0.02,2.24,18.02,96.95,20.93,3.22,IDR,22.72,75.86,subtropical_dry,NASA_POWER_daily_ag,5.952,8.056,0.7697,dewpoint,457.4,31.655
2016-03-01,28.14,35.99,20.59,34.97,0.02,1.86,18.43,96.8,33.14,10.16,IDR,22.72,75.86,subtropical_dry,NASA_POWER_daily_ag,5.335,9.108,1.2412,dewpoint,473.3,31.818
2016-03-02,29.31,36.64,20.91,34.22,0.0,1.68,18.38,96.77,42.38,10.72,IDR,22.72,75.86,subtropical_dry,NASA_POWER_daily_ag,5.289,9.177,1.2885,dewpoint,476.5,31.981
2016-03-03,29.5,37.41,22.75,28.74,0.01,1.69,15.04,96.87,55.89,8.8,IDR,22.72,75.86,subtropical_dry,NASA_POWER_daily_ag,5.075,7.752,1.1326,dewpoint,465.9,32.144
2016-03-04,28.56,36.71,20.51,27.07,0.0,1.69,17.99,96.74,37.69,6.8,IDR,22.72,75.86,subtropical_dry,NASA_POWER_daily_ag,5.314,8.606,0.9882,dewpoint,479.7,32.306
2016-03-05,28.79,36.85,21.74,26.63,0.17,1.93,20.84,96.55,32.41,6.85,IDR,22.72,75.86,subtropical_dry,NASA_POWER_daily_ag,5.92,9.519,0.9916,dewpoint,500.0,32.467
2016-03-06,27.61,35.99,20.76,21.27,0.0,1.93,21.43,96.54,43.74,2.67,IDR,22.72,75.86,subtropical_dry,NASA_POWER_daily_ag,5.919,9.206,0.7402,dewpoint,501.0,32.628
2016-03-07,27.28,36.2,19.05,23.88,0.01,1.99,21.08,96.54,30.09,3.99,IDR,22.72,75.86,subtropical_dry,NASA_POWER_daily_ag,5.912,9.403,0.8127,dewpoint,501.0,32.788
2016-03-08,26.94,36.07,18.99,26.1,0.0,1.97,22.5,96.5,34.42,4.6,IDR,22.72,75.86,subtropical_dry,NASA_POWER_daily_ag,5.942,9.99,0.8483,dewpoint,505.3,32.947
2016-03-09,27.52,36.81,19.18,23.48,0.0,1.89,23.18,96.53,33.98,3.99,IDR,22.72,75.86,subtropical_dry,NASA_POWER_daily_ag,6.013,10.104,0.8127,dewpoint,502.1,33.105
2016-03-10,28.05,37.69,19.08,23.01,0.0,1.84,23.67,96.67,19.42,3.59,IDR,22.72,75.86,subtropical_dry,NASA_POWER_daily_ag,6.085,10.189,0.7901,dewpoint,487.2,33.263
2016-03-11,29.56,39.18,20.54,23.05,0.0,1.66,23.19,96.61,25.97,4.8,IDR,22.72,75.86,subtropical_dry,NASA_POWER_daily_ag,5.98,10.143,0.8602,dewpoint,493.6,33.419
2016-03-12,28.54,35.88,22.33,27.94,1.23,2.18,16.83,96.46,67.67,7.5,IDR,22.72,75.86,subtropical_dry,NASA_POWER_daily_ag,5.881,8.581,1.0368,dewpoint,509.6,33.574
2016-03-13,26.19,33.73,20.25,31.78,0.09,2.4,22.71,96.53,30.76,7.17,IDR,22.72,75.86,subtropical_dry,NASA_POWER_daily_ag,6.264,10.766,1.0136,dewpoint,502.1,33.728
2016-03-14,25.15,33.73,17.3,27.68,0.0,2.11,23.1,96.69,27.88,3.97,IDR,22.72,75.86,subtropical_dry,NASA_POWER_daily_ag,5.976,10.565,0.8115,dewpoint,485.0,33.881
2016-03-15,25.71,34.33,17.68,25.55,0.0,1.83,21.61,96.66,40.39,3.57,IDR,22.72,75.86,subtropical_dry,NASA_POWER_daily_ag,5.638,10.018,0.789,dewpoint,488.2,34.032
2016-03-16,26.9,35.3,18.91,30.96,0.0,2.71,23.43,96.59,17.03,6.86,IDR,22.72,75.86,subtropical_dry,NASA_POWER_daily_ag,6.858,11.075,0.9923,dewpoint,495.7,34.183
2016-03-17,28.04,37.05,19.13,23.46,0.0,2.08,23.18,96.5,11.2,4.59,IDR,22.72,75.86,subtropical_dry,NASA_POWER_daily_ag,6.437,10.571,0.8477,dewpoint,505.3,34.331
2016-03-18,28.75,37.32,21.37,29.55,0.0,3.14,23.2,96.48,6.83,8.8,IDR,22.72,75.86,subtropical_dry,NASA_POWER_daily_ag,7.577,11.21,1.1326,dewpoint,507.4,34.479
2016-03-19,28.55,37.22,20.65,30.21,0.0,3.26,22.91,96.5,14.44,8.79,IDR,22.72,75.86,subtropical_dry,NASA_POWER_daily_ag,7.638,11.174,1.1319,dewpoint,505.3,34.624
2016-03-20,28.24,37.26,20.56,26.0,0.0,3.01,23.89,96.56,16.02,5.5,IDR,22.72,75.86,subtropical_dry,NASA_POWER_daily_ag,7.633,11.007,0.9032,dewpoint,498.9,34.769
2016-03-21,28.28,38.09,19.32,14.02,0.0,2.37,25.72,96.46,24.16,-3.13,IDR,22.72,75.86,subtropical_dry,NASA_POWER_daily_ag,7.26,10.288,0.4849,dewpoint,509.6,34.911
2016-03-22,28.19,38.57,18.61,14.5,0.0,2.22,25.39,96.4,25.9,-2.11,IDR,22.72,75.86,subtropical_dry,NASA_POWER_daily_ag,7.01,10.406,0.5231,dewpoint,516.0,35.052
2016-03-23,29.6,39.78,19.31,7.21,0.0,1.75,26.6,96.47,23.18,-9.96,IDR,22.72,75.86,subtropical_dry,NASA_POWER_daily_ag,6.517,9.58,0.2866,dewpoint,508.5,35.191
2016-03-24,30.16,40.66,18.04,7.07,0.0,1.38,25.91,96.64,24.48,-9.47,IDR,22.72,75.86,subtropical_dry,NASA_POWER_daily_ag,5.901,9.549,0.2979,dewpoint,490.4,35.328
2016-03-25,31.56,41.36,19.49,9.35,0.0,1.72,22.94,96.63,53.25,-5.16,IDR,22.72,75.86,subtropical_dry,NASA_POWER_daily_ag,6.512,9.287,0.4161,dewpoint,491.4,35.464
2016-03-26,31.33,40.0,22.63,15.58,0.0,1.62,18.37,96.55,64.62,1.23,IDR,22.72,75.86,subtropical_dry,NASA_POWER_daily_ag,5.921,8.732,0.6677,dewpoint,500.0,35.598
2016-03-27,31.12,40.1,22.61,21.43,0.0,2.03,18.11,96.51,35.15,5.75,IDR,22.72,75.86,subtropical_dry,NASA_POWER_daily_ag,6.425,9.147,0.919,dewpoint,504.2,35.729
2016-03-28,30.13,39.64,21.53,19.47,0.03,2.1,24.85,96.56,37.18,2.38,IDR,22.72,75.86,subtropical_dry,NASA_POWER_daily_ag,7.092,10.973,0.7251,dewpoint,498.9,35.859
2016-03-29,30.11,39.62,20.7,13.61,0.0,1.5,25.46,96.57,30.85,-2.1,IDR,22.72,75.86,subtropical_dry,NASA_POWER_daily_ag,6.224,10.569,0.5235,dewpoint,497.8,35.987
2016-03-30,30.64,40.85,20.97,10.24,0.0,1.39,26.2,96.56,39.45,-5.11,IDR,22.72,75.86,subtropical_dry,NASA_POWER_daily_ag,6.099,10.293,0.4177,dewpoint,498.9,36.113
2016-03-31,30.88,40.81,21.19,11.31,0.0,1.58,25.98,96.47,43.98,-3.7,IDR,22.72,75.86,subtropical_dry,NASA_POWER_daily_ag,6.479,10.47,0.4646,dewpoint,508.5,36.237
2016-04-01,31.13,40.21,21.87,17.3,0.0,2.34,26.15,96.3,12.81,2.56,IDR,22.72,75.86,subtropical_dry,NASA_POWER_daily_ag,7.766,11.529,0.7344,dewpoint,526.7,36.359
2016-04-02,32.99,42.6,22.67,21.22,0.0,2.46,23.64,96.34,39.76,6.16,IDR,22.72,75.86,subtropical_dry,NASA_POWER_daily_ag,7.948,11.162,0.9455,dewpoint,522.4,36.479
2016-04-03,33.45,42.39,24.92,25.43,0.0,3.26,23.07,96.44,41.83,9.76,IDR,22.72,75.86,subtropical_dry,NASA_POWER_daily_ag,8.924,11.512,1.2084,dewpoint,511.7,36.596
2016-04-04,32.71,40.16,25.56,19.7,0.0,3.0,22.71,96.35,60.89,6.34,IDR,22.72,75.86,subtropical_dry,NASA_POWER_daily_ag,8.586,10.933,0.9574,dewpoint,521.3,36.712
2016-04-05,31.78,39.76,25.1,22.39,0.0,2.89,18.06,96.31,58.4,6.85,IDR,22.72,75.86,subtropical_dry,NASA_POWER_daily_ag,7.758,9.426,0.9916,dewpoint,525.6,36.825
2016-04-06,31.41,39.91,24.07,25.96,0.03,2.78,24.94,96.39,60.09,7.93,IDR,22.72,75.86,subtropical_dry,NASA_POWER_daily_ag,8.171,12.126,1.0677,dewpoint,517.0,36.937
2016-04-07,30.6,37.89,24.93,23.36,0.0,2.98,20.78,96.41,49.08,6.66,IDR,22.72,75.86,subtropical_dry,NASA_POWER_daily_ag,7.915,10.494,0.9787,dewpoint,514.9,37.046
2016-04-08,30.84,39.77,21.75,17.18,0.0,2.36,26.03,96.36,13.4,2.38,IDR,22.72,75.86,subtropical_dry,NASA_POWER_daily_ag,7.814,11.744,0.7251,dewpoint,520.3,37.153
2016-04-09,31.06,39.96,21.95,18.07,0.0,2.73,26.33,96.42,10.78,3.08,IDR,22.72,75.86,subtropical_dry,NASA_POWER_daily_ag,8.4,11.966,0.7621,dewpoint,513.8,37.257
2016-04-10,31.7,40.17,23.51,20.16,0.0,3.08,25.38,96.49,27.51,5.59,IDR,22.72,75.86,subtropical_dry,NASA_POWER_daily_ag,8.823,12.003,0.9089,dewpoint,506.4,37.36
2016-04-11,31.84,39.87,24.39,23.88,0.0,3.89,25.93,96.46,26.56,7.63,IDR,22.72,75.86,subtropical_dry,NASA_POWER_daily_ag,9.788,12.567,1.046,dewpoint,509.6,37.46
2016-04-12,31.88,40.87,22.83,19.43,0.0,2.82,27.15,96.3,10.06,4.88,IDR,22.72,75.86,subtropical_dry,NASA_POWER_daily_ag,8.724,12.555,0.865,dewpoint,526.7,37.558
2016-04-13,31.88,40.91,23.47,15.52,0.0,3.14,28.22,96.15,16.4,1.17,IDR,22.72,75.86,subtropical_dry,NASA_POWER_daily_ag,9.367,12.251,0.6648,dewpoint,542.7,37.654
2016-04-14,32.18,41.81,22.43,13.75,0.0,2.0,28.27,96.15,11.85,-0.68,IDR,22.72,75.86,subtropical_dry,NASA_POWER_daily_ag,7.709,11.986,0.5812,dewpoint,542.7,37.748
2016-04-15,33.09,43.11,22.57,17.03,0.0,2.73,27.67,96.21,20.74,3.24,IDR,22.72,75.86,subtropical_dry,NASA_POWER_daily_ag,8.935,12.402,0.7708,dewpoint,536.3,37.839
2016-04-16,33.33,42.56,24.45,19.1,0.0,3.59,27.29,96.17,37.77,5.64,IDR,22.72,75.86,subtropical_dry,NASA_POWER_daily_ag,10.087,12.68,0.9121,dewpoint,540.6,37.928
2016-04-17,32.14,40.65,22.97,27.88,0.0,3.79,26.84,96.15,52.1,9.3,IDR,22.72,75.86,subtropical_dry,NASA_POWER_daily_ag,9.76,13.415,1.1715,dewpoint,542.7,38.016
2016-04-18,33.43,41.61,26.07,27.27,0.0,2.85,25.56,96.21,34.6,10.48,IDR,22.72,75.86,subtropical_dry,NASA_POWER_daily_ag,8.709,12.98,1.268,dewpoint,536.3,38.1
2016-04-19,33.92,42.13,24.62,22.71,0.0,2.85,25.55,96.25,7.49,8.92,IDR,22.72,75.86,subtropical_dry,NASA_POWER_daily_ag,8.918,12.736,1.1419,dewpoint,532.0,38.183
2016-04-20,34.72,42.16,27.67,22.42,0.0,3.04,23.73,96.36,39.52,9.27,IDR,22.72,75.86,subtropical_dry,NASA_POWER_daily_ag,9.129,11.995,1.1692,dewpoint,520.3,38.264
2016-04-21,33.79,42.05,25.55,15.86,0.0,4.24,26.64,96.21,4.02,3.85,IDR,22.72,75.86,subtropical_dry,NASA_POWER_daily_ag,11.142,12.236,0.8047,dewpoint,536.3,38.342
2016-04-22,31.29,40.16,22.72,26.39,0.0,4.69,28.61,96.09,3.15,6.56,IDR,22.72,75.86,subtropical_dry,NASA_POWER_daily_ag,10.907,13.711,0.972,dewpoint,549.1,38.418
2016-04-23,30.8,39.43,22.5,36.32,0.0,4.37,26.71,96.0,4.17,11.89,IDR,22.72,75.86,subtropical_dry,NASA_POWER_daily_ag,9.649,14.08,1.3924,dewpoint,558.8,38.492
2016-04-24,30.89,38.81,22.91,35.0,0.0,3.3,26.87,95.97,9.67,12.04,IDR,22.72,75.86,subtropical_dry,NASA_POWER_daily_ag,8.677,14.209,1.4063,dewpoint,562.0,38.564
2016-04-25,30.98,38.84,23.3,27.96,0.0,3.09,26.72,96.1,40.97,8.92,IDR,22.72,75.86,subtropical_dry,NASA_POWER_daily_ag,8.71,13.534,1.1419,dewpoint,548.1,38.634
2016-04-26,31.62,38.42,24.87,20.76,0.0,2.74,25.36,96.32,76.65,5.3,IDR,22.72,75.86,subtropical_dry,NASA_POWER_daily_ag,8.466,12.352,0.8907,dewpoint,524.5,38.702
2016-04-27,33.3,40.91,26.19,16.51,0.0,3.3,22.93,96.23,71.81,4.1,IDR,22.72,75.86,subtropical_dry,NASA_POWER_daily_ag,9.404,11.158,0.819,dewpoint,534.1,38.768
2016-04-28,33.83,42.34,24.63,15.26,0.0,2.68,25.15,96.1,49.81,3.0,IDR,22.72,75.86,subtropical_dry,NASA_POWER_daily_ag,8.842,11.772,0.7578,dewpoint,548.1,38.831
2016-04-29,33.84,42.19,25.78,17.88,0.0,2.71,24.92,96.13,37.9,5.09,IDR,22.72,75.86,subtropical_dry,NASA_POWER_daily_ag,8.808,11.988,0.8778,dewpoint,544.8,38.893
2016-04-30,33.91,43.26,24.72,22.79,0.0,3.72,26.85,96.15,8.78,7.76,IDR,22.72,75.86,subtropical_dry,NASA_POWER_daily_ag,10.323,13.16,1.0554,dewpoint,542.7,38.953
2016-05-01,33.84,42.89,24.38,24.82,0.0,3.61,27.51,96.1,7.07,8.27,IDR,22.72,75.86,subtropical_dry,NASA_POWER_daily_ag,10.211,13.562,1.0927,dewpoint,548.1,39.011
2016-05-02,32.83,40.46,26.44,25.26,0.0,3.83,23.73,96.15,61.0,9.33,IDR,22.72,75.86,subtropical_dry,NASA_POWER_daily_ag,9.72,12.315,1.1739,dewpoint,542.7,39.066
2016-05-03,33.21,42.28,25.14,26.37,0.0,3.92,27.06,96.13,10.64,9.38,IDR,22.72,75.86,subtropical_dry,NASA_POWER_daily_ag,10.287,13.63,1.1779,dewpoint,544.8,39.12
2016-05-04,34.2,42.13,25.66,24.05,0.0,3.69,25.08,96.09,54.44,9.91,IDR,22.72,75.86,subtropical_dry,NASA_POWER_daily_ag,10.045,12.937,1.2206,dewpoint,549.1,39.172
2016-05-05,33.41,40.72,25.03,23.08,0.83,2.67,22.27,96.18,43.5,8.61,IDR,22.72,75.86,subtropical_dry,NASA_POWER_daily_ag,8.283,11.698,1.1182,dewpoint,539.5,39.223
2016-05-06,32.57,39.61,24.4,26.32,4.49,2.39,23.31,96.18,44.49,9.73,IDR,22.72,75.86,subtropical_dry,NASA_POWER_daily_ag,7.804,12.358,1.2059,dewpoint,539.5,39.271
2016-05-07,32.53,39.09,25.49,32.87,1.19,2.28,24.11,96.2,47.27,13.38,IDR,22.72,75.86,subtropical_dry,NASA_POWER_daily_ag,7.556,13.303,1.5354,dewpoint,537.4,39.318
2016-05-08,33.95,40.87,26.33,32.09,0.0,2.22,19.47,96.23,56.38,13.85,IDR,22.72,75.86,subtropical_dry,NASA_POWER_daily_ag,7.12,11.224,1.5831,dewpoint,534.1,39.363
2016-05-09,33.76,40.8,27.1,32.86,4.55,2.78,22.58,96.22,66.84,14.14,IDR,22.72,75.86,subtropical_dry,NASA_POWER_daily_ag,8.17,12.655,1.6132,dewpoint,535.2,39.406
2016-05-10,33.47,40.19,26.42,37.7,2.6,2.1,24.52,96.26,58.29,16.18,IDR,22.72,75.86,subtropical_dry,NASA_POWER_daily_ag,7.426,13.975,1.8393,dewpoint,530.9,39.447
2016-05-11,34.75,41.65,27.91,35.98,0.09,1.6,24.54,96.18,48.21,16.11,IDR,22.72,75.86,subtropical_dry,NASA_POWER_daily_ag,7.025,13.884,1.8311,dewpoint,539.5,39.487
2016-05-12,34.98,43.06,26.8,30.66,0.0,3.23,26.12,95.96,11.44,13.68,IDR,22.72,75.86,subtropical_dry,NASA_POWER_daily_ag,9.511,14.103,1.5657,dewpoint,563.0,39.525
2016-05-13,35.61,44.09,26.72,25.53,0.01,3.46,26.78,95.92,9.15,11.45,IDR,22.72,75.86,subtropical_dry,NASA_POWER_daily_ag,10.214,13.892,1.3525,dewpoint,567.3,39.562
2016-05-14,35.32,43.94,26.83,28.44,0.0,4.05,27.85,96.07,7.99,11.83,IDR,22.72,75.86,subtropical_dry,NASA_POWER_daily_ag,10.98,14.427,1.3869,dewpoint,551.3,39.597
2016-05-15,35.46,44.14,26.49,23.85,0.0,3.36,28.75,96.06,6.25,10.06,IDR,22.72,75.86,subtropical_dry,NASA_POWER_daily_ag,10.36,14.424,1.2329,dewpoint,552.3,39.63
2016-05-16,35.69,43.97,26.55,24.69,0.0,3.41,28.3,95.86,30.16,10.66,IDR,22.72,75.86,subtropical_dry,NASA_POWER_daily_ag,10.405,14.392,1.2833,dewpoint,573.8,39.662
2016-05-17,37.35,45.24,28.62,22.34,0.0,3.03,26.09,95.62,24.45,11.15,IDR,22.72,75.86,subtropical_dry,NASA_POWER_daily_ag,9.948,13.459,1.3259,dewpoint,599.5,39.693
2016-05-18,38.93,47.65,29.8,16.68,0.0,3.25,25.52,95.43,70.43,7.81,IDR,22.72,75.86,subtropical_dry,NASA_POWER_daily_ag,10.668,12.456,1.059,dewpoint,620.0,39.722
2016-05-19,38.93,47.76,28.85,18.75,0.0,3.15,24.5,95.34,68.21,8.34,IDR,22.72,75.86,subtropical_dry,NASA_POWER_daily_ag,10.38,12.218,1.0979,dewpoint,629.7,39.75
2016-05-20,37.26,45.6,28.79,30.3,0.0,6.21,27.29,95.37,27.87,13.9,IDR,22.72,75.86,subtropical_dry,NASA_POWER_daily_ag,13.824,14.552,1.5883,dewpoint,626.4,39.776
2016-05-21,34.29,42.18,27.04,42.29,0.0,6.87,27.38,95.63,20.91,17.12,IDR,22.72,75.86,subtropical_dry,NASA_POWER_daily_ag,12.339,15.545,1.9525,dewpoint,598.5,39.801
2016-05-22,33.4,41.29,25.78,47.7,0.0,7.09,28.63,95.84,3.39,19.05,IDR,22.72,75.86,subtropical_dry,NASA_POWER_daily_ag,11.613,16.725,2.2043,dewpoint,575.9,39.825
2016-05-23,33.17,41.1,25.6,49.23,0.0,7.03,27.43,95.94,4.5,19.35,IDR,22.72,75.86,subtropical_dry,NASA_POWER_daily_ag,11.211,16.197,2.2458,dewpoint,565.2,39.847
2016-05-24,33.5,41.7,25.81,46.2,0.0,6.04,27.23,95.96,11.76,18.24,IDR,22.72,75.86,subtropical_dry,NASA_POWER_daily_ag,11.048,15.8,2.0953,dewpoint,563.0,39.868
2016-05-25,33.27,41.07,26.17,47.3,0.0,6.6,26.61,95.87,19.42,18.84,IDR,22.72,75.86,subtropical_dry,NASA_POWER_daily_ag,11.06,15.645,2.1756,dewpoint,572.7,39.888
2016-05-26,33.65,41.8,25.94,45.46,0.0,5.51,25.67,95.91,21.8,18.5,IDR,22.72,75.86,subtropical_dry,NASA_POWER_daily_ag,10.485,15.074,2.1298,dewpoint,568.4,39.907
2016-05-27,33.42,40.86,26.44,48.26,0.0,5.59,26.35,96.05,19.55,19.52,IDR,22.72,75.86,subtropical_dry,NASA_POWER_daily_ag,10.273,15.672,2.2697,dewpoint,553.4,39.924
2016-05-28,33.35,40.44,26.11,45.92,0.0,5.55,27.99,96.0,10.15,18.59,IDR,22.72,75.86,subtropical_dry,NASA_POWER_daily_ag,10.654,16.32,2.1418,dewpoint,558.8,39.941
2016-05-29,33.32,40.06,26.84,45.91,0.0,5.56,23.84,95.92,33.76,18.76,IDR,22.72,75.86,subtropical_dry,NASA_POWER_daily_ag,10.075,14.234,2.1647,dewpoint,567.3,39.956
2016-05-30,33.43,40.48,26.38,45.98,0.0,5.09,26.65,95.89,22.46,18.68,IDR,22.72,75.86,subtropical_dry,NASA_POWER_daily_ag,10.166,15.655,2.1539,dewpoint,570.6,39.971
2016-05-31,33.88,40.87,26.58,42.19,0.0,4.21,23.5,96.03,38.48,17.57,IDR,22.72,75.86,subtropical_dry,NASA_POWER_daily_ag,9.433,13.818,2.0088,dewpoint,555.5,39.984
2016-06-01,34.76,41.86,26.46,36.33,0.0,4.14,25.69,96.04,19.63,16.2,IDR,22.72,75.86,subtropical_dry,NASA_POWER_daily_ag,10.183,14.583,1.8416,dewpoint,554.5,39.996
2016-06-02,35.18,41.84,27.32,35.26,0.0,4.3,26.25,95.97,25.17,16.37,IDR,22.72,75.86,subtropical_dry,NASA_POWER_daily_ag,10.541,14.865,1.8617,dewpoint,562.0,40.007
2016-06-03,36.09,42.75,27.25,30.98,0.43,4.28,25.6,95.88,32.37,15.04,IDR,22.72,75.86,subtropical_dry,NASA_POWER_daily_ag,10.929,14.25,1.7097,dewpoint,571.6,40.018
2016-06-04,38.22,44.47,30.85,19.19,0.05,3.88,23.83,95.78,56.41,10.24,IDR,22.72,75.86,subtropical_dry,NASA_POWER_daily_ag,11.246,12.406,1.2479,dewpoint,582.4,40.027
2016-06-05,38.3,46.48,30.48,14.36,0.02,3.7,26.47,95.7,37.0,5.47,IDR,22.72,75.86,subtropical_dry,NASA_POWER_daily_ag,11.48,12.482,0.9013,dewpoint,590.9,40.035
2016-06-06,37.1,45.84,28.4,16.3,0.06,3.62,26.74,95.69,19.67,6.06,IDR,22.72,75.86,subtropical_dry,NASA_POWER_daily_ag,11.097,12.815,0.939,dewpoint,592.0,40.043
2016-06-07,36.85,44.38,28.48,27.59,0.49,2.84,26.96,95.78,18.66,13.32,IDR,22.72,75.86,subtropical_dry,NASA_POWER_daily_ag,9.6,14.397,1.5294,dewpoint,582.4,40.049
2016-06-08,36.37,44.42,27.61,33.21,0.01,4.59,25.67,95.69,51.46,15.2,IDR,22.72,75.86,subtropical_dry,NASA_POWER_daily_ag,11.346,14.251,1.7274,dewpoint,592.0,40.055
2016-06-09,34.86,41.67,27.8,40.67,0.03,5.23,25.17,95.72,39.98,18.02,IDR,22.72,75.86,subtropical_dry,NASA_POWER_daily_ag,10.854,14.699,2.0666,dewpoint,588.8,40.06
2016-06-10,34.08,41.87,26.79,44.7,0.0,5.4,24.24,95.77,59.86,18.91,IDR,22.72,75.86,subtropical_dry,NASA_POWER_daily_ag,10.324,14.437,2.1851,dewpoint,583.4,40.064
2016-06-11,33.14,39.69,27.54,49.04,0.0,5.99,25.61,95.85,42.07,20.05,IDR,22.72,75.86,subtropical_dry,NASA_POWER_daily_ag,10.149,15.439,2.3455,dewpoint,574.8,40.067
2016-06-12,32.76,39.09,27.24,50.74,0.0,5.77,25.16,95.85,30.12,20.09,IDR,22.72,75.86,subtropical_dry,NASA_POWER_daily_ag,9.752,15.235,2.3513,dewpoint,574.8,40.069
2016-06-13,32.99,40.25,26.75,50.89,0.0,6.28,24.37,95.88,34.11,20.22,IDR,22.72,75.86,subtropical_dry,NASA_POWER_daily_ag,10.033,14.823,2.3703,dewpoint,571.6,40.071
2016-06-14,32.58,39.89,26.29,51.63,0.0,6.52,21.97,95.82,50.48,20.08,IDR,22.72,75.86,subtropical_dry,NASA_POWER_daily_ag,9.688,13.544,2.3499,dewpoint,578.1,40.071
2016-06-15,32.65,40.02,26.41,50.77,0.0,6.55,20.09,95.67,47.72,19.87,IDR,22.72,75.86,subtropical_dry,NASA_POWER_daily_ag,9.576,12.512,2.3195,dewpoint,594.2,40.071
2016-06-16,32.91,39.94,26.5,46.89,0.0,5.66,19.59,95.65,50.84,18.55,IDR,22.72,75.86,subtropical_dry,NASA_POWER_daily_ag,9.466,12.057,2.1365,dewpoint,596.3,40.071
2016-06-17,33.17,40.02,26.32,42.72,0.81,4.9,23.78,95.66,41.18,17.19,IDR,22.72,75.86,subtropical_dry,NASA_POWER_daily_ag,9.853,13.938,1.9612,dewpoint,595.2,40.069
2016-06-18,31.54,38.41,25.88,51.96,5.95,4.14,12.5,95.74,89.06,19.7,IDR,22.72,75.86,subtropical_dry,NASA_POWER_daily_ag,6.571,8.517,2.2952,dewpoint,586.6,40.067
2016-06-19,31.44,37.51,26.96,56.89,15.58,2.67,16.06,95.68,94.75,21.12,IDR,22.72,75.86,subtropical_dry,NASA_POWER_daily_ag,5.694,10.543,2.5054,dewpoint,593.1,40.064
2016-06-20,28.81,32.89,25.35,71.37,13.62,2.06,20.91,95.64,80.38,22.83,IDR,22.72,75.86,subtropical_dry,NASA_POWER_daily_ag,5.136,13.591,2.7807,dewpoint,597.4,40.06
2016-06-21,29.09,33.77,25.1,75.62,15.24,2.0,21.49,95.66,91.61,23.97,IDR,22.72,75.86,subtropical_dry,NASA_POWER_daily_ag,5.116,14.115,2.9785,dewpoint,595.2,40.055
2016-06-22,28.75,32.92,25.13,77.45,14.63,1.72,17.42,95.82,93.46,24.15,IDR,22.72,75.86,subtropical_dry,NASA_POWER_daily_ag,4.252,11.741,3.0109,dewpoint,578.1,40.05
2016-06-23,27.11,29.62,25.44,84.33,5.97,3.06,17.72,95.88,91.9,24.18,IDR,22.72,75.86,subtropical_dry,NASA_POWER_daily_ag,3.997,11.957,3.0163,dewpoint,571.6,40.044
2016-06-24,27.21,30.79,24.2,80.07,8.75,2.43,18.28,95.77,92.67,23.26,IDR,22.72,75.86,subtropical_dry,NASA_POWER_daily_ag,4.273,12.17,2.8539,dewpoint,583.4,40.037
2016-06-25,27.14,30.33,24.46,80.76,3.37,2.67,15.21,95.83,98.15,23.37,IDR,22.72,75.86,subtropical_dry,NASA_POWER_daily_ag,3.794,10.381,2.8729,dewpoint,577.0,40.029
2016-06-26,28.61,34.03,23.61,71.66,3.41,1.77,22.67,95.79,70.78,22.51,IDR,22.72,75.86,subtropical_dry,NASA_POWER_daily_ag,5.311,14.549,2.7272,dewpoint,581.3,40.021
2016-06-27,28.31,32.86,24.64,75.72,8.82,2.78,20.95,95.68,73.67,23.34,IDR,22.72,75.86,subtropical_dry,NASA_POWER_daily_ag,5.092,13.706,2.8677,dewpoint,593.1,40.012
2016-06-28,27.67,31.21,24.55,78.73,6.93,1.94,18.32,95.66,96.24,23.44,IDR,22.72,75.86,subtropical_dry,NASA_POWER_daily_ag,4.291,12.206,2.8851,dewpoint,595.2,40.002
2016-06-29,28.41,34.46,24.54,77.94,16.12,3.45,13.33,95.58,89.9,23.85,IDR,22.72,75.86,subtropical_dry,NASA_POWER_daily_ag,3.994,9.281,2.9572,dewpoint,603.8,39.991
2016-06-30,28.54,34.32,24.15,75.43,2.22,2.97,15.98,95.64,81.8,23.42,IDR,22.72,75.86,subtropical_dry,NASA_POWER_daily_ag,4.438,10.799,2.8816,dewpoint,597.4,39.98
2016-07-01,27.74,32.69,24.61,78.78,0.34,3.76,20.69,95.56,87.32,23.47,IDR,22.72,75.86,subtropical_dry,NASA_POWER_daily_ag,4.969,13.576,2.8903,dewpoint,606.0,39.967
2016-07-02,28.67,34.11,24.61,76.44,3.74,3.42,18.19,95.46,99.07,23.74,IDR,22.72,75.86,subtropical_dry,NASA_POWER_daily_ag,4.848,12.129,2.9377,dewpoint,616.7,39.954
2016-07-03,26.83,29.38,24.96,87.96,29.94,2.92,10.58,95.57,98.55,24.63,IDR,22.72,75.86,subtropical_dry,NASA_POWER_daily_ag,2.67,7.701,3.0986,dewpoint,604.9,39.94
2016-07-04,27.1,30.69,24.45,82.77,6.81,3.97,15.98,95.6,93.41,23.74,IDR,22.72,75.86,subtropical_dry,NASA_POWER_daily_ag,3.956,10.863,2.9377,dewpoint,601.7,39.926
2016-07-05,27.29,31.56,24.19,79.95,1.17,4.67,16.63,95.62,98.63,23.3,IDR,22.72,75.86,subtropical_dry,NASA_POWER_daily_ag,4.38,11.19,2.8608,dewpoint,599.5,39.91
2016-07-06,27.68,32.94,24.32,77.33,0.33,5.35,13.18,95.6,99.5,22.99,IDR,22.72,75.86,subtropical_dry,NASA_POWER_daily_ag,4.361,9.139,2.8077,dewpoint,601.7,39.894
2016-07-07,27.06,31.41,24.3,77.15,0.8,5.31,10.25,95.68,99.76,22.4,IDR,22.72,75.86,subtropical_dry,NASA_POWER_daily_ag,3.905,7.427,2.7091,dewpoint,593.1,39.876
2016-07-08,27.65,32.36,24.21,77.1,9.86,4.88,9.08,95.57,99.89,22.94,IDR,22.72,75.86,subtropical_dry,NASA_POWER_daily_ag,3.728,6.762,2.7993,dewpoint,604.9,39.858
2016-07-09,26.14,29.09,24.44,88.63,47.23,5.35,2.87,95.37,99.51,24.1,IDR,22.72,75.86,subtropical_dry,NASA_POWER_daily_ag,1.706,3.07,3.0019,dewpoint,626.4,39.839
2016-07-10,25.75,28.22,24.06,91.02,51.28,5.15,5.62,95.33,99.84,24.17,IDR,22.72,75.86,subtropical_dry,NASA_POWER_daily_ag,1.807,4.709,3.0145,dewpoint,630.7,39.819
2016-07-11,25.84,28.87,24.11,88.83,22.26,4.88,5.42,95.4,99.57,23.8,IDR,22.72,75.86,subtropical_dry,NASA_POWER_daily_ag,1.984,4.602,2.9483,dewpoint,623.2,39.798
2016-07-12,24.77,27.07,23.56,90.4,25.86,5.48,3.3,95.48,99.08,23.08,IDR,22.72,75.86,subtropical_dry,NASA_POWER_daily_ag,1.557,3.369,2.8231,dewpoint,614.6,39.776
2016-07-13,24.76,26.72,23.11,89.43,23.03,3.61,14.35,95.62,83.53,22.87,IDR,22.72,75.86,subtropical_dry,NASA_POWER_daily_ag,2.995,9.858,2.7874,dewpoint,599.5,39.753
2016-07-14,26.92,31.6,22.91,81.89,0.98,3.69,20.31,95.69,58.85,23.3,IDR,22.72,75.86,subtropical_dry,NASA_POWER_daily_ag,4.602,13.345,2.8608,dewpoint,592.0,39.729
2016-07-15,26.47,30.52,23.21,82.57,0.61,3.63,17.25,95.78,87.65,23.07,IDR,22.72,75.86,subtropical_dry,NASA_POWER_daily_ag,4.044,11.531,2.8214,dewpoint,582.4,39.704
2016-07-16,26.7,31.12,23.39,82.86,4.5,3.55,11.37,95.83,99.42,23.34,IDR,22.72,75.86,subtropical_dry,NASA_POWER_daily_ag,3.21,8.105,2.8677,dewpoint,577.0,39.677
2016-07-17,26.5,31.0,23.33,82.86,2.59,3.33,8.44,96.06,99.91,23.12,IDR,22.72,75.86,subtropical_dry,NASA_POWER_daily_ag,2.75,6.384,2.8299,dewpoint,552.3,39.65
2016-07-18,25.26,28.49,23.15,86.27,3.25,3.6,13.67,96.11,97.77,22.69,IDR,22.72,75.86,subtropical_dry,NASA_POWER_daily_ag,3.163,9.421,2.7572,dewpoint,547.0,39.622
2016-07-19,26.13,30.73,22.78,82.42,2.54,4.01,15.42,96.02,87.2,22.67,IDR,22.72,75.86,subtropical_dry,NASA_POWER_daily_ag,3.813,10.416,2.7538,dewpoint,556.6,39.592
2016-07-20,26.89,31.68,23.06,80.88,0.35,3.14,14.45,95.95,87.63,23.05,IDR,22.72,75.86,subtropical_dry,NASA_POWER_daily_ag,3.747,9.875,2.8179,dewpoint,564.1,39.561
2016-07-21,27.33,32.34,23.75,80.41,0.0,2.84,16.31,95.84,96.78,23.41,IDR,22.72,75.86,subtropical_dry,NASA_POWER_daily_ag,4.031,10.98,2.8799,dewpoint,575.9,39.529
2016-07-22,26.86,31.3,23.52,81.73,4.18,3.03,13.19,95.76,97.92,23.28,IDR,22.72,75.86,subtropical_dry,NASA_POWER_daily_ag,3.469,9.155,2.8574,dewpoint,584.5,39.496
2016-07-23,26.8,31.56,23.12,81.8,8.94,2.22,16.2,95.75,97.25,23.18,IDR,22.72,75.86,subtropical_dry,NASA_POWER_daily_ag,3.799,10.901,2.8402,dewpoint,585.6,39.462
2016-07-24,25.98,29.26,23.53,84.87,10.98,2.16,13.96,95.84,96.88,23.12,IDR,22.72,75.86,subtropical_dry,NASA_POWER_daily_ag,3.224,9.603,2.8299,dewpoint,575.9,39.426
2016-07-25,26.58,30.58,23.09,84.75,14.19,1.69,12.51,95.87,96.97,23.64,IDR,22.72,75.86,subtropical_dry,NASA_POWER_daily_ag,2.996,8.779,2.92,dewpoint,572.7,39.389
2016-07-26,26.44,29.43,23.84,88.82,32.96,1.64,13.21,95.89,98.96,24.38,IDR,22.72,75.86,subtropical_dry,NASA_POWER_daily_ag,2.946,9.245,3.0527,dewpoint,570.6,39.351
2016-07-27,26.66,31.0,24.12,87.67,30.71,2.44,5.85,95.85,99.77,24.31,IDR,22.72,75.86,subtropical_dry,NASA_POWER_daily_ag,1.919,4.836,3.0399,dewpoint,574.8,39.311
2016-07-28,26.18,30.54,23.07,85.71,7.74,3.41,11.45,95.94,97.5,23.44,IDR,22.72,75.86,subtropical_dry,NASA_POWER_daily_ag,2.959,8.138,2.8851,dewpoint,565.2,39.269
2016-07-29,24.94,27.83,23.08,88.19,0.74,3.19,17.07,95.87,84.04,22.77,IDR,22.72,75.86,subtropical_dry,NASA_POWER_daily_ag,3.461,11.385,2.7706,dewpoint,572.7,39.227
2016-07-30,26.16,30.91,22.39,85.29,0.54,2.41,16.51,95.78,90.72,23.31,IDR,22.72,75.86,subtropical_dry,NASA_POWER_daily_ag,3.642,11.089,2.8625,dewpoint,582.4,39.183
2016-07-31,25.91,28.88,23.4,87.19,12.63,2.26,13.89,95.78,98.62,23.5,IDR,22.72,75.86,subtropical_dry,NASA_POWER_daily_ag,3.115,9.577,2.8955,dewpoint,582.4,39.137
2016-08-01,26.21,30.03,23.58,87.38,16.21,3.52,8.46,95.62,99.68,23.83,IDR,22.72,75.86,subtropical_dry,NASA_POWER_daily_ag,2.425,6.382,2.9536,dewpoint,599.5,39.09
2016-08-02,25.27,27.73,23.63,90.38,20.78,4.19,8.47,95.37,99.78,23.55,IDR,22.72,75.86,subtropical_dry,NASA_POWER_daily_ag,2.176,6.387,2.9043,dewpoint,626.4,39.041
2016-08-03,24.79,26.77,23.47,91.6,40.28,3.83,6.52,95.37,99.02,23.32,IDR,22.72,75.86,subtropical_dry,NASA_POWER_daily_ag,1.781,5.236,2.8643,dewpoint,626.4,38.991
2016-08-04,25.15,27.91,23.1,89.9,10.13,3.47,12.94,95.49,93.52,23.32,IDR,22.72,75.86,subtropical_dry,NASA_POWER_daily_ag,2.798,9.004,2.8643,dewpoint,613.5,38.939
2016-08-05,26.55,30.92,23.09,85.97,4.4,2.5,18.75,95.5,87.96,23.84,IDR,22.72,75.86,subtropical_dry,NASA_POWER_daily_ag,3.99,12.443,2.9554,dewpoint,612.4,38.885
2016-08-06,24.69,26.69,23.31,93.38,25.19,4.07,11.39,95.5,99.78,23.56,IDR,22.72,75.86,subtropical_dry,NASA_POWER_daily_ag,2.294,8.105,2.906,dewpoint,612.4,38.83
2016-08-07,24.29,26.52,22.5,92.46,18.92,3.54,9.11,95.67,99.65,22.99,IDR,22.72,75.86,subtropical_dry,NASA_POWER_daily_ag,2.038,6.745,2.8077,dewpoint,594.2,38.773
2016-08-08,24.15,26.16,22.52,91.39,4.17,4.37,13.94,95.76,93.55,22.64,IDR,22.72,75.86,subtropical_dry,NASA_POWER_daily_ag,2.726,9.539,2.7488,dewpoint,584.5,38.714
2016-08-09,25.29,28.7,22.94,88.94,2.34,5.43,12.87,95.63,97.29,23.26,IDR,22.72,75.86,subtropical_dry,NASA_POWER_daily_ag,2.907,8.937,2.8539,dewpoint,598.5,38.653
2016-08-10,25.12,29.4,22.56,88.69,4.47,4.74,12.89,95.75,94.07,23.04,IDR,22.72,75.86,subtropical_dry,NASA_POWER_daily_ag,2.899,8.926,2.8162,dewpoint,585.6,38.591
2016-08-11,25.11,28.55,22.53,88.53,9.2,3.83,15.3,95.99,84.76,23.0,IDR,22.72,75.86,subtropical_dry,NASA_POWER_daily_ag,3.205,10.323,2.8094,dewpoint,559.8,38.527
2016-08-12,25.36,29.07,22.79,86.97,3.37,3.19,12.6,96.02,94.16,22.91,IDR,22.72,75.86,subtropical_dry,NASA_POWER_daily_ag,2.942,8.741,2.7942,dewpoint,556.6,38.461
2016-08-13,25.7,29.27,23.09,88.85,3.21,3.07,11.87,95.91,95.25,23.64,IDR,22.72,75.86,subtropical_dry,NASA_POWER_daily_ag,2.737,8.353,2.92,dewpoint,568.4,38.393
2016-08-14,25.65,29.95,22.79,86.39,1.15,3.53,14.14,95.89,79.69,23.06,IDR,22.72,75.86,subtropical_dry,NASA_POWER_daily_ag,3.241,9.627,2.8196,dewpoint,570.6,38.323
2016-08-15,25.46,29.86,22.45,84.85,0.21,3.7,16.79,95.83,88.75,22.55,IDR,22.72,75.86,subtropical_dry,NASA_POWER_daily_ag,3.696,11.098,2.7339,dewpoint,577.0,38.252
2016-08-16,25.47,29.97,22.56,84.38,0.03,3.94,19.03,95.73,70.51,22.44,IDR,22.72,75.86,subtropical_dry,NASA_POWER_daily_ag,4.044,12.354,2.7157,dewpoint,587.7,38.178
2016-08-17,25.37,29.97,21.94,84.78,0.0,3.46,18.84,95.71,66.45,22.45,IDR,22.72,75.86,subtropical_dry,NASA_POWER_daily_ag,3.951,12.249,2.7173,dewpoint,589.9,38.103
2016-08-18,25.23,29.68,22.3,83.78,0.44,3.04,21.66,95.77,58.13,22.09,IDR,22.72,75.86,subtropical_dry,NASA_POWER_daily_ag,4.359,13.782,2.6585,dewpoint,583.4,38.026
2016-08-19,24.45,28.23,21.79,87.51,4.84,3.93,7.49,95.75,97.22,22.13,IDR,22.72,75.86,subtropical_dry,NASA_POWER_daily_ag,2.212,5.768,2.665,dewpoint,585.6,37.946
2016-08-20,22.96,24.32,21.75,94.16,58.54,4.86,4.43,95.66,99.56,21.98,IDR,22.72,75.86,subtropical_dry,NASA_POWER_daily_ag,1.272,4.017,2.6407,dewpoint,595.2,37.865
2016-08-21,24.0,27.21,21.77,90.56,22.01,4.05,11.46,95.74,97.55,22.31,IDR,22.72,75.86,subtropical_dry,NASA_POWER_daily_ag,2.46,8.028,2.6943,dewpoint,586.6,37.782
2016-08-22,23.95,26.05,22.26,91.25,3.48,2.87,10.65,95.89,99.48,22.41,IDR,22.72,75.86,subtropical_dry,NASA_POWER_daily_ag,2.292,7.567,2.7107,dewpoint,570.6,37.696
2016-08-23,24.88,27.62,22.55,90.9,10.48,3.27,12.43,95.8,76.15,23.26,IDR,22.72,75.86,subtropical_dry,NASA_POWER_daily_ag,2.618,8.624,2.8539,dewpoint,580.2,37.609
2016-08-24,25.51,29.44,22.84,88.5,0.84,3.73,14.96,95.78,67.79,23.38,IDR,22.72,75.86,subtropical_dry,NASA_POWER_daily_ag,3.183,10.078,2.8747,dewpoint,582.4,37.519
2016-08-25,25.47,29.59,22.05,85.3,0.12,2.52,16.09,96.0,70.21,22.67,IDR,22.72,75.86,subtropical_dry,NASA_POWER_daily_ag,3.477,10.648,2.7538,dewpoint,558.8,37.428
2016-08-26,25.68,30.06,21.76,85.19,1.08,1.5,18.98,96.02,78.42,22.84,IDR,22.72,75.86,subtropical_dry,NASA_POWER_daily_ag,3.873,12.308,2.7824,dewpoint,556.6,37.335
2016-08-27,25.6,28.63,23.0,87.87,6.46,0.89,13.84,95.99,97.56,23.36,IDR,22.72,75.86,subtropical_dry,NASA_POWER_daily_ag,2.944,9.412,2.8712,dewpoint,559.8,37.239
2016-08-28,26.43,30.39,22.88,86.66,6.51,1.68,18.38,96.01,66.47,23.89,IDR,22.72,75.86,subtropical_dry,NASA_POWER_daily_ag,3.814,12.082,2.9643,dewpoint,557.7,37.141
2016-08-29,26.51,30.04,23.62,87.58,3.36,1.98,17.89,95.97,63.31,24.18,IDR,22.72,75.86,subtropical_dry,NASA_POWER_daily_ag,3.714,11.826,3.0163,dewpoint,562.0,37.042
2016-08-30,26.03,29.44,23.14,88.88,1.41,2.03,17.24,95.88,92.09,23.97,IDR,22.72,75.86,subtropical_dry,NASA_POWER_daily_ag,3.517,11.422,2.9785,dewpoint,571.6,36.94
2016-08-31,26.1,30.08,23.1,88.35,12.27,2.04,13.34,95.88,95.44,23.91,IDR,22.72,75.86,subtropical_dry,NASA_POWER_daily_ag,2.943,9.128,2.9678,dewpoint,571.6,36.836
2016-09-01,25.4,29.3,23.07,88.85,13.74,3.19,12.0,95.97,98.26,23.33,IDR,22.72,75.86,subtropical_dry,NASA_POWER_daily_ag,2.718,8.309,2.866,dewpoint,562.0,36.731
2016-09-02,25.23,29.74,22.13,86.89,0.15,3.07,13.23,96.0,76.16,22.75,IDR,22.72,75.86,subtropical_dry,NASA_POWER_daily_ag,2.99,8.964,2.7672,dewpoint,558.8,36.623
2016-09-03,24.94,29.66,21.33,85.11,0.0,2.88,18.84,96.02,36.12,22.08,IDR,22.72,75.86,subtropical_dry,NASA_POWER_daily_ag,3.821,12.039,2.6569,dewpoint,556.6,36.513
2016-09-04,24.13,28.66,20.22,85.47,0.2,2.74,17.83,96.21,33.41,21.35,IDR,22.72,75.86,subtropical_dry,NASA_POWER_daily_ag,3.573,11.393,2.541,dewpoint,536.3,36.401
2016-09-05,24.31,29.06,21.15,85.32,0.09,3.15,21.52,96.28,22.24,21.5,IDR,22.72,75.86,subtropical_dry,NASA_POWER_daily_ag,4.088,13.41,2.5644,dewpoint,528.8,36.288
2016-09-06,24.02,28.77,20.68,84.47,0.0,2.94,20.51,96.32,28.73,21.02,IDR,22.72,75.86,subtropical_dry,NASA_POWER_daily_ag,3.963,12.771,2.4901,dewpoint,524.5,36.172
2016-09-07,24.09,28.91,20.26,84.86,0.0,2.57,19.4,96.26,49.65,21.16,IDR,22.72,75.86,subtropical_dry,NASA_POWER_daily_ag,3.794,12.18,2.5116,dewpoint,530.9,36.054
2016-09-08,24.44,29.57,20.35,85.17,0.0,2.28,17.12,96.3,57.7,21.57,IDR,22.72,75.86,subtropical_dry,NASA_POWER_daily_ag,3.487,10.965,2.5754,dewpoint,526.7,35.935
2016-09-09,24.35,28.9,20.78,85.64,0.0,2.45,19.71,96.39,53.92,21.62,IDR,22.72,75.86,subtropical_dry,NASA_POWER_daily_ag,3.809,12.385,2.5833,dewpoint,517.0,35.813
2016-09-10,24.72,29.42,21.05,85.01,0.0,2.6,16.48,96.32,70.53,21.84,IDR,22.72,75.86,subtropical_dry,NASA_POWER_daily_ag,3.443,10.616,2.6183,dewpoint,524.5,35.69
2016-09-11,24.82,29.52,20.93,85.2,0.0,2.34,17.51,96.2,55.72,21.98,IDR,22.72,75.86,subtropical_dry,NASA_POWER_daily_ag,3.567,11.19,2.6407,dewpoint,537.4,35.564
2016-09-12,25.1,30.0,20.76,82.76,0.0,2.14,16.1,96.18,50.8,21.74,IDR,22.72,75.86,subtropical_dry,NASA_POWER_daily_ag,3.477,10.366,2.6023,dewpoint,539.5,35.437
2016-09-13,25.68,30.23,21.35,82.25,0.06,2.28,18.88,96.22,59.23,22.22,IDR,22.72,75.86,subtropical_dry,NASA_POWER_daily_ag,3.96,11.935,2.6796,dewpoint,535.2,35.308
2016-09-14,26.06,30.8,21.96,81.8,0.24,2.2,16.03,96.17,75.4,22.49,IDR,22.72,75.86,subtropical_dry,NASA_POWER_daily_ag,3.594,10.369,2.7239,dewpoint,540.6,35.177
2016-09-15,26.02,30.19,22.2,83.97,4.03,1.61,16.34,96.05,77.36,22.97,IDR,22.72,75.86,subtropical_dry,NASA_POWER_daily_ag,3.472,10.597,2.8043,dewpoint,553.4,35.045
2016-09-16,25.49,27.93,23.48,92.15,21.22,1.87,14.49,95.95,90.31,24.13,IDR,22.72,75.86,subtropical_dry,NASA_POWER_daily_ag,2.875,9.689,3.0073,dewpoint,564.1,34.911
2016-09-17,25.48,28.09,23.5,90.11,16.77,1.74,13.87,95.89,92.83,23.7,IDR,22.72,75.86,subtropical_dry,NASA_POWER_daily_ag,2.855,9.276,2.9306,dewpoint,570.6,34.775
2016-09-18,26.03,29.21,23.45,88.48,15.65,1.23,15.88,95.95,87.06,23.92,IDR,22.72,75.86,subtropical_dry,NASA_POWER_daily_ag,3.248,10.423,2.9696,dewpoint,564.1,34.637
2016-09-19,26.23,30.28,23.13,87.33,10.88,1.35,13.75,96.02,94.17,23.83,IDR,22.72,75.86,subtropical_dry,NASA_POWER_daily_ag,2.959,9.18,2.9536,dewpoint,556.6,34.498
2016-09-20,25.75,30.02,22.12,87.55,8.03,2.29,14.65,96.05,87.64,23.42,IDR,22.72,75.86,subtropical_dry,NASA_POWER_daily_ag,3.104,9.644,2.8816,dewpoint,553.4,34.358
2016-09-21,25.99,29.58,23.09,86.16,6.22,1.61,12.45,96.16,85.03,23.37,IDR,22.72,75.86,subtropical_dry,NASA_POWER_daily_ag,2.791,8.388,2.8729,dewpoint,541.6,34.216
2016-09-22,25.61,29.18,22.76,87.37,2.01,1.66,15.02,96.2,77.95,23.25,IDR,22.72,75.86,subtropical_dry,NASA_POWER_daily_ag,3.112,9.807,2.8522,dewpoint,537.4,34.072
2016-09-23,26.0,30.33,22.23,85.4,0.3,1.79,17.13,95.99,62.08,23.19,IDR,22.72,75.86,subtropical_dry,NASA_POWER_daily_ag,3.539,10.952,2.8419,dewpoint,559.8,33.927
2016-09-24,26.3,30.89,22.59,83.32,0.32,2.11,18.8,95.83,60.29,23.02,IDR,22.72,75.86,subtropical_dry,NASA_POWER_daily_ag,3.917,11.817,2.8128,dewpoint,577.0,33.781
2016-09-25,25.94,30.6,22.26,84.86,6.19,2.25,19.73,95.93,64.01,23.02,IDR,22.72,75.86,subtropical_dry,NASA_POWER_daily_ag,3.952,12.321,2.8128,dewpoint,566.3,33.633
2016-09-26,25.88,30.77,21.99,83.51,1.02,2.23,18.72,96.11,52.16,22.63,IDR,22.72,75.86,subtropical_dry,NASA_POWER_daily_ag,3.854,11.676,2.7472,dewpoint,547.0,33.485
2016-09-27,25.68,31.21,20.82,81.84,5.68,2.03,20.0,96.22,63.64,22.06,IDR,22.72,75.86,subtropical_dry,NASA_POWER_daily_ag,4.049,12.252,2.6536,dewpoint,535.2,33.335
2016-09-28,25.48,31.02,21.03,83.84,6.49,2.7,19.68,96.15,54.97,22.31,IDR,22.72,75.86,subtropical_dry,NASA_POWER_daily_ag,3.954,12.108,2.6943,dewpoint,542.7,33.184
2016-09-29,25.16,30.66,21.08,83.34,1.55,2.83,20.47,96.11,41.85,21.88,IDR,22.72,75.86,subtropical_dry,NASA_POWER_daily_ag,4.049,12.431,2.6247,dewpoint,547.0,33.031
2016-09-30,24.51,29.13,20.65,85.63,2.31,2.52,15.11,96.09,61.44,21.77,IDR,22.72,75.86,subtropical_dry,NASA_POWER_daily_ag,3.132,9.581,2.6071,dewpoint,549.1,32.878
2016-10-01,24.04,26.82,21.84,93.06,19.89,1.93,12.86,96.07,90.69,22.85,IDR,22.72,75.86,subtropical_dry,NASA_POWER_daily_ag,2.449,8.483,2.784,dewpoint,551.3,32.724
2016-10-02,26.09,29.52,23.21,85.92,4.49,1.46,15.97,96.22,64.78,23.43,IDR,22.72,75.86,subtropical_dry,NASA_POWER_daily_ag,3.284,10.196,2.8833,dewpoint,535.2,32.569
2016-10-03,25.71,29.65,23.0,87.47,5.18,1.78,17.15,96.12,70.2,23.37,IDR,22.72,75.86,subtropical_dry,NASA_POWER_daily_ag,3.392,10.819,2.8729,dewpoint,545.9,32.414
2016-10-04,25.76,29.85,22.23,86.94,0.48,1.43,16.93,96.1,46.03,23.26,IDR,22.72,75.86,subtropical_dry,NASA_POWER_daily_ag,3.369,10.671,2.8539,dewpoint,548.1,32.257
2016-10-05,25.23,29.19,23.02,88.79,7.19,2.72,12.73,96.08,82.13,23.15,IDR,22.72,75.86,subtropical_dry,NASA_POWER_daily_ag,2.701,8.352,2.835,dewpoint,550.2,32.1
2016-10-06,24.96,29.04,22.44,87.61,1.77,2.43,12.65,96.21,70.44,22.64,IDR,22.72,75.86,subtropical_dry,NASA_POWER_daily_ag,2.71,8.25,2.7488,dewpoint,536.3,31.943
2016-10-07,25.18,29.58,21.66,87.25,5.58,1.82,16.4,96.26,59.24,22.77,IDR,22.72,75.86,subtropical_dry,NASA_POWER_daily_ag,3.227,10.261,2.7706,dewpoint,530.9,31.785
2016-10-08,25.83,30.5,22.29,83.72,3.61,1.73,13.03,96.27,91.83,22.65,IDR,22.72,75.86,subtropical_dry,NASA_POWER_daily_ag,2.907,8.408,2.7505,dewpoint,529.9,31.626
2016-10-09,25.38,30.61,21.37,83.09,0.06,2.43,16.94,96.28,31.55,22.09,IDR,22.72,75.86,subtropical_dry,NASA_POWER_daily_ag,3.518,10.383,2.6585,dewpoint,528.8,31.467
2016-10-10,24.73,29.92,20.9,83.64,0.03,2.01,18.36,96.32,17.43,21.5,IDR,22.72,75.86,subtropical_dry,NASA_POWER_daily_ag,3.577,11.015,2.5644,dewpoint,524.5,31.308
2016-10-11,24.18,30.3,19.22,83.25,0.0,1.62,19.29,96.39,16.09,20.89,IDR,22.72,75.86,subtropical_dry,NASA_POWER_daily_ag,3.607,11.373,2.4703,dewpoint,517.0,31.149
2016-10-12,22.66,28.34,18.15,78.64,0.0,1.68,21.83,96.44,6.13,18.35,IDR,22.72,75.86,subtropical_dry,NASA_POWER_daily_ag,3.876,12.142,2.1099,dewpoint,511.7,30.989
2016-10-13,22.7,28.79,17.28,69.6,0.0,0.83,21.77,96.53,9.46,16.32,IDR,22.72,75.86,subtropical_dry,NASA_POWER_daily_ag,3.774,11.657,1.8558,dewpoint,502.1,30.829
2016-10-14,23.39,29.29,16.88,69.17,0.0,0.9,19.15,96.56,18.53,16.91,IDR,22.72,75.86,subtropical_dry,NASA_POWER_daily_ag,3.552,10.558,1.9267,dewpoint,498.9,30.67
2016-10-15,24.46,29.74,19.27,65.15,0.0,0.77,17.02,96.59,60.79,17.07,IDR,22.72,75.86,subtropical_dry,NASA_POWER_daily_ag,3.331,9.529,1.9463,dewpoint,495.7,30.511
2016-10-16,24.61,30.83,19.35,64.4,0.0,1.03,19.5,96.63,37.61,16.99,IDR,22.72,75.86,subtropical_dry,NASA_POWER_daily_ag,3.782,10.547,1.9365,dewpoint,491.4,30.351
2016-10-17,23.4,29.99,17.09,61.69,0.0,1.24,19.78,96.61,7.26,15.04,IDR,22.72,75.86,subtropical_dry,NASA_POWER_daily_ag,3.837,10.363,1.7097,dewpoint,493.6,30.192
2016-10-18,23.89,30.22,18.97,63.22,0.0,0.99,19.05,96.49,8.86,16.01,IDR,22.72,75.86,subtropical_dry,NASA_POWER_daily_ag,3.627,10.135,1.8194,dewpoint,506.4,30.034
2016-10-19,22.97,30.44,17.11,65.92,0.0,1.21,19.72,96.42,11.87,15.51,IDR,22.72,75.86,subtropical_dry,NASA_POWER_daily_ag,3.696,10.34,1.7622,dewpoint,513.8,29.876
2016-10-20,22.96,30.69,16.36,65.36,0.0,1.28,20.74,96.34,10.07,15.39,IDR,22.72,75.86,subtropical_dry,NASA_POWER_daily_ag,3.841,10.722,1.7486,dewpoint,522.4,29.718
2016-10-21,22.5,29.81,16.72,67.31,0.0,1.44,20.03,96.43,5.04,15.58,IDR,22.72,75.86,subtropical_dry,NASA_POWER_daily_ag,3.731,10.443,1.7701,dewpoint,512.8,29.561
2016-10-22,22.12,28.96,16.83,67.99,0.0,1.29,19.33,96.59,7.87,15.48,IDR,22.72,75.86,subtropical_dry,NASA_POWER_daily_ag,3.528,10.118,1.7588,dewpoint,495.7,29.405
2016-10-23,22.3,28.89,17.17,68.83,0.0,1.27,19.01,96.6,9.97,15.88,IDR,22.72,75.86,subtropical_dry,NASA_POWER_daily_ag,3.48,10.013,1.8044,dewpoint,494.6,29.249
2016-10-24,21.63,28.07,16.12,71.77,0.0,1.75,18.77,96.57,7.92,15.91,IDR,22.72,75.86,subtropical_dry,NASA_POWER_daily_ag,3.485,9.941,1.8079,dewpoint,497.8,29.095
2016-10-25,21.33,27.85,15.36,71.02,0.0,1.43,19.31,96.52,7.9,15.38,IDR,22.72,75.86,subtropical_dry,NASA_POWER_daily_ag,3.43,10.067,1.7475,dewpoint,503.2,28.941
2016-10-26,22.3,28.8,15.81,67.21,0.0,1.44,17.96,96.64,10.75,15.5,IDR,22.72,75.86,subtropical_dry,NASA_POWER_daily_ag,3.445,9.446,1.761,dewpoint,490.4,28.788
2016-10-27,22.0,30.04,15.43,65.28,0.0,1.81,19.83,96.83,5.46,14.63,IDR,22.72,75.86,subtropical_dry,NASA_POWER_daily_ag,3.785,9.973,1.6651,dewpoint,470.1,28.636
2016-10-28,20.93,28.61,14.27,62.53,0.0,1.57,18.77,96.75,16.66,12.84,IDR,22.72,75.86,subtropical_dry,NASA_POWER_daily_ag,3.526,9.293,1.4822,dewpoint,478.7,28.486
2016-10-29,20.49,28.26,13.76,59.51,0.0,1.45,18.91,96.71,14.62,11.79,IDR,22.72,75.86,subtropical_dry,NASA_POWER_daily_ag,3.471,9.16,1.3833,dewpoint,482.9,28.337
2016-10-30,19.93,27.59,13.18,60.64,0.0,1.69,18.77,96.83,18.24,11.51,IDR,22.72,75.86,subtropical_dry,NASA_POWER_daily_ag,3.493,9.066,1.3579,dewpoint,470.1,28.189
2016-10-31,20.0,27.74,12.76,60.62,0.0,1.73,18.14,97.05,15.04,11.6,IDR,22.72,75.86,subtropical_dry,NASA_POWER_daily_ag,3.454,8.816,1.366,dewpoint,446.7,28.043
2016-11-01,19.55,28.16,13.31,65.4,0.0,1.63,17.69,96.96,18.01,12.3,IDR,22.72,75.86,subtropical_dry,NASA_POWER_daily_ag,3.204,8.694,1.4306,dewpoint,456.3,27.898
2016-11-02,18.8,27.34,12.14,69.13,0.0,1.69,17.93,96.9,13.52,12.29,IDR,22.72,75.86,subtropical_dry,NASA_POWER_daily_ag,3.106,8.811,1.4296,dewpoint,462.7,27.755
2016-11-03,19.24,27.02,12.82,70.92,0.0,2.01,17.79,96.92,13.41,13.27,IDR,22.72,75.86,subtropical_dry,NASA_POWER_daily_ag,3.171,8.871,1.5244,dewpoint,460.6,27.613
2016-11-04,19.64,27.14,13.39,67.86,0.0,1.65,16.98,96.74,7.35,12.98,IDR,22.72,75.86,subtropical_dry,NASA_POWER_daily_ag,3.089,8.468,1.4958,dewpoint,479.7,27.473
2016-11-05,20.2,28.51,13.2,60.59,0.0,1.76,17.24,96.56,11.45,11.69,IDR,22.72,75.86,subtropical_dry,NASA_POWER_daily_ag,3.372,8.29,1.3741,dewpoint,498.9,27.335
2016-11-06,21.95,29.12,15.08,49.16,0.0,1.02,17.97,96.67,14.62,10.17,IDR,22.72,75.86,subtropical_dry,NASA_POWER_daily_ag,3.294,8.169,1.242,dewpoint,487.2,27.199
2016-11-07,21.36,29.85,15.81,53.94,0.0,1.28,17.81,96.83,13.21,10.96,IDR,22.72,75.86,subtropical_dry,NASA_POWER_daily_ag,3.339,8.147,1.3092,dewpoint,470.1,27.065
2016-11-08,20.23,29.6,12.13,50.75,0.0,1.52,19.04,96.87,24.44,8.56,IDR,22.72,75.86,subtropical_dry,NASA_POWER_daily_ag,3.564,8.24,1.1144,dewpoint,465.9,26.933
2016-11-09,19.94,28.33,12.47,48.27,0.0,1.24,17.62,96.96,19.69,7.89,IDR,22.72,75.86,subtropical_dry,NASA_POWER_daily_ag,3.24,7.71,1.0648,dewpoint,456.3,26.803
2016-11-10,20.7,28.97,13.06,47.01,0.0,1.21,18.13,96.86,17.81,8.17,IDR,22.72,75.86,subtropical_dry,NASA_POWER_daily_ag,3.329,7.814,1.0853,dewpoint,466.9,26.675
2016-11-11,21.35,29.03,14.12,44.81,0.0,1.04,18.8,96.8,16.14,8.15,IDR,22.72,75.86,subtropical_dry,NASA_POWER_daily_ag,3.3,7.92,1.0838,dewpoint,473.3,26.55
2016-11-12,21.05,28.71,14.78,45.73,0.0,0.89,17.93,96.89,12.24,8.3,IDR,22.72,75.86,subtropical_dry,NASA_POWER_daily_ag,3.05,7.64,1.0949,dewpoint,463.8,26.426
2016-11-13,20.65,28.43,13.51,46.94,0.0,1.09,17.26,97.01,14.33,8.33,IDR,22.72,75.86,subtropical_dry,NASA_POWER_daily_ag,3.126,7.471,1.0971,dewpoint,451.0,26.306
2016-11-14,20.65,28.83,12.82,48.27,0.0,1.18,16.91,96.95,14.26,8.6,IDR,22.72,75.86,subtropical_dry,NASA_POWER_daily_ag,3.157,7.382,1.1174,dewpoint,457.4,26.188
2016-11-15,19.84,28.63,11.94,54.3,0.0,1.55,16.33,96.91,13.67,9.5,IDR,22.72,75.86,subtropical_dry,NASA_POWER_daily_ag,3.209,7.344,1.1874,dewpoint,461.6,26.072
2016-11-16,18.99,28.72,11.43,60.94,0.0,1.8,15.7,96.99,16.16,10.5,IDR,22.72,75.86,subtropical_dry,NASA_POWER_daily_ag,3.062,7.27,1.2697,dewpoint,453.1,25.959
2016-11-17,19.08,28.06,11.23,56.1,0.0,1.77,17.56,97.05,17.48,9.07,IDR,22.72,75.86,subtropical_dry,NASA_POWER_daily_ag,3.317,7.625,1.1535,dewpoint,446.7,25.848
2016-11-18,19.66,28.52,11.5,52.47,0.0,1.54,17.57,96.92,16.69,8.66,IDR,22.72,75.86,subtropical_dry,NASA_POWER_daily_ag,3.293,7.501,1.122,dewpoint,460.6,25.741
2016-11-19,20.88,28.77,13.87,46.22,0.0,0.94,17.47,96.73,17.74,7.94,IDR,22.72,75.86,subtropical_dry,NASA_POWER_daily_ag,2.987,7.228,1.0684,dewpoint,480.8,25.636
2016-11-20,20.73,29.17,13.24,45.91,0.0,1.13,17.59,96.75,14.02,7.86,IDR,22.72,75.86,subtropical_dry,NASA_POWER_daily_ag,3.137,7.218,1.0626,dewpoint,478.7,25.534
2016-11-21,21.38,29.66,14.02,45.25,0.0,0.93,17.46,96.79,20.56,8.19,IDR,22.72,75.86,subtropical_dry,NASA_POWER_daily_ag,2.999,7.147,1.0867,dewpoint,474.4,25.435
2016-11-22,21.24,29.7,13.67,44.1,0.0,1.11,17.57,96.76,14.9,7.58,IDR,22.72,75.86,subtropical_dry,NASA_POWER_daily_ag,3.161,7.057,1.0425,dewpoint,477.6,25.339
2016-11-23,20.57,30.07,13.27,44.85,0.0,1.43,17.73,96.73,16.7,7.01,IDR,22.72,75.86,subtropical_dry,NASA_POWER_daily_ag,3.369,6.971,1.0025,dewpoint,480.8,25.245
2016-11-24,19.26,29.4,11.33,52.34,0.0,1.91,17.6,96.83,15.31,8.0,IDR,22.72,75.86,subtropical_dry,NASA_POWER_daily_ag,3.451,7.173,1.0728,dewpoint,470.1,25.155
2016-11-25,19.54,29.96,11.02,48.39,0.0,1.79,17.98,96.82,21.2,6.77,IDR,22.72,75.86,subtropical_dry,NASA_POWER_daily_ag,3.517,7.025,0.9861,dewpoint,471.2,25.069
2016-11-26,20.11,30.8,12.02,46.17,0.0,1.57,17.8,96.82,17.5,6.51,IDR,22.72,75.86,subtropical_dry,NASA_POWER_daily_ag,3.419,6.823,0.9686,dewpoint,471.2,24.985
2016-11-27,20.45,31.41,12.06,46.83,0.0,1.46,17.84,96.84,21.6,7.05,IDR,22.72,75.86,subtropical_dry,NASA_POWER_daily_ag,3.344,6.857,1.0053,dewpoint,469.1,24.904
2016-11-28,20.7,31.28,12.51,45.67,0.0,1.35,17.92,96.8,20.86,6.74,IDR,22.72,75.86,subtropical_dry,NASA_POWER_daily_ag,3.292,6.783,0.9841,dewpoint,473.3,24.827
2016-11-29,20.84,31.04,12.47,42.96,0.0,1.26,17.69,96.85,16.86,6.24,IDR,22.72,75.86,subtropical_dry,NASA_POWER_daily_ag,3.227,6.632,0.9508,dewpoint,468.0,24.753
2016-11-30,20.58,30.11,11.59,46.47,0.0,1.36,17.56,96.91,14.79,7.32,IDR,22.72,75.86,subtropical_dry,NASA_POWER_daily_ag,3.253,6.833,1.0241,dewpoint,461.6,24.683
2016-12-01,20.61,29.71,12.11,49.58,0.0,1.31,16.44,96.9,36.02,8.64,IDR,22.72,75.86,subtropical_dry,NASA_POWER_daily_ag,3.088,6.737,1.1204,dewpoint,462.7,24.615
2016-12-02,19.9,29.66,12.91,54.86,0.0,2.14,16.45,96.97,23.12,9.36,IDR,22.72,75.86,subtropical_dry,NASA_POWER_daily_ag,3.47,6.802,1.1763,dewpoint,455.2,24.552
2016-12-03,18.95,28.18,12.71,64.46,0.0,2.51,15.17,97.13,16.07,11.2,IDR,22.72,75.86,subtropical_dry,NASA_POWER_daily_ag,3.149,6.769,1.3303,dewpoint,438.2,24.491
2016-12-04,18.74,28.63,11.89,59.34,0.0,2.13,15.17,97.2,16.34,9.69,IDR,22.72,75.86,subtropical_dry,NASA_POWER_daily_ag,3.115,6.541,1.2027,dewpoint,430.8,24.435
2016-12-05,18.2,28.12,10.14,51.71,0.0,1.54,16.42,97.07,20.14,6.77,IDR,22.72,75.86,subtropical_dry,NASA_POWER_daily_ag,2.996,6.51,0.9861,dewpoint,444.6,24.381
2016-12-06,17.75,28.2,9.67,49.37,0.0,2.26,16.91,97.04,25.29,5.52,IDR,22.72,75.86,subtropical_dry,NASA_POWER_daily_ag,3.491,6.439,0.9045,dewpoint,447.8,24.332
2016-12-07,18.57,28.99,10.14,49.34,0.0,1.89,16.75,97.0,25.69,6.32,IDR,22.72,75.86,subtropical_dry,NASA_POWER_daily_ag,3.325,6.447,0.956,dewpoint,452.1,24.286
2016-12-08,18.22,29.18,10.08,47.1,0.0,1.7,16.71,96.9,19.18,4.94,IDR,22.72,75.86,subtropical_dry,NASA_POWER_daily_ag,3.207,6.215,0.8687,dewpoint,462.7,24.243
2016-12-09,18.93,28.95,10.21,42.84,0.0,1.48,16.88,96.76,20.13,4.23,IDR,22.72,75.86,subtropical_dry,NASA_POWER_daily_ag,3.18,6.142,0.8265,dewpoint,477.6,24.205
2016-12-10,18.75,29.23,10.43,46.1,0.0,1.33,16.82,96.73,22.25,5.41,IDR,22.72,75.86,subtropical_dry,NASA_POWER_daily_ag,2.973,6.266,0.8976,dewpoint,480.8,24.169
2016-12-11,19.01,29.55,10.63,47.13,0.0,1.55,16.92,96.7,32.92,5.98,IDR,22.72,75.86,subtropical_dry,NASA_POWER_daily_ag,3.158,6.339,0.9338,dewpoint,484.0,24.138
2016-12-12,19.29,29.39,11.21,44.38,0.0,1.31,16.84,96.69,23.22,5.22,IDR,22.72,75.86,subtropical_dry,NASA_POWER_daily_ag,3.022,6.18,0.8858,dewpoint,485.0,24.11
2016-12-13,18.99,29.96,10.35,45.52,0.0,1.77,16.96,96.73,21.23,5.38,IDR,22.72,75.86,subtropical_dry,NASA_POWER_daily_ag,3.351,6.226,0.8957,dewpoint,480.8,24.086
2016-12-14,18.98,29.65,11.16,48.28,0.0,2.44,16.66,96.89,23.86,6.63,IDR,22.72,75.86,subtropical_dry,NASA_POWER_daily_ag,3.702,6.322,0.9767,dewpoint,463.8,24.066
2016-12-15,18.85,29.08,10.78,44.78,0.0,1.76,16.36,96.96,24.39,5.18,IDR,22.72,75.86,subtropical_dry,NASA_POWER_daily_ag,3.304,6.076,0.8833,dewpoint,456.3,24.05
2016-12-16,18.61,29.19,10.06,42.46,0.0,1.32,16.24,97.05,22.5,3.87,IDR,22.72,75.86,subtropical_dry,NASA_POWER_daily_ag,2.961,5.885,0.8058,dewpoint,446.7,24.037
2016-12-17,18.81,29.29,10.47,44.43,0.0,1.47,16.52,97.05,25.96,4.67,IDR,22.72,75.86,subtropical_dry,NASA_POWER_daily_ag,3.096,6.028,0.8524,dewpoint,446.7,24.028
2016-12-18,18.42,28.6,10.47,46.66,0.0,1.29,16.52,97.04,23.22,5.32,IDR,22.72,75.86,subtropical_dry,NASA_POWER_daily_ag,2.876,6.154,0.892,dewpoint,447.8,24.023
2016-12-19,17.9,27.91,9.84,45.88,0.0,1.69,16.45,97.08,25.7,4.4,IDR,22.72,75.86,subtropical_dry,NASA_POWER_daily_ag,3.161,6.066,0.8364,dewpoint,443.6,24.021
2016-12-20,18.12,28.6,9.84,42.54,0.0,1.75,16.75,97.01,30.44,3.59,IDR,22.72,75.86,subtropical_dry,NASA_POWER_daily_ag,3.292,5.98,0.7901,dewpoint,451.0,24.024
2016-12-21,18.87,29.19,9.89,37.0,0.0,1.31,16.19,97.04,41.21,2.27,IDR,22.72,75.86,subtropical_dry,NASA_POWER_daily_ag,3.031,5.667,0.7194,dewpoint,447.8,24.03
2016-12-22,18.85,29.23,11.32,31.58,0.0,1.57,15.63,96.98,56.38,-0.2,IDR,22.72,75.86,subtropical_dry,NASA_POWER_daily_ag,3.325,5.216,0.602,dewpoint,454.2,24.04
2016-12-23,20.25,31.47,10.89,27.88,0.0,1.41,17.16,96.77,32.22,-0.91,IDR,22.72,75.86,subtropical_dry,NASA_POWER_daily_ag,3.373,5.244,0.5715,dewpoint,476.5,24.054
2016-12-24,21.4,31.58,12.09,28.3,0.0,1.15,16.79,96.54,28.86,0.37,IDR,22.72,75.86,subtropical_dry,NASA_POWER_daily_ag,3.147,5.317,0.6274,dewpoint,501.0,24.071
2016-12-25,20.31,30.09,14.2,27.21,0.0,1.63,16.67,96.71,36.36,-0.3,IDR,22.72,75.86,subtropical_dry,NASA_POWER_daily_ag,3.588,5.201,0.5976,dewpoint,482.9,24.092
2016-12-26,17.2,27.55,9.83,25.39,0.0,2.66,16.51,96.99,37.54,-3.99,IDR,22.72,75.86,subtropical_dry,NASA_POWER_daily_ag,4.293,5.092,0.4546,dewpoint,453.1,24.117
2016-12-27,16.67,27.18,9.13,35.21,0.0,2.48,15.38,97.0,27.45,0.06,IDR,22.72,75.86,subtropical_dry,NASA_POWER_daily_ag,3.782,5.438,0.6135,dewpoint,452.1,24.146
2016-12-28,18.0,28.27,9.09,34.23,0.0,2.03,15.74,96.97,26.77,0.57,IDR,22.72,75.86,subtropical_dry,NASA_POWER_daily_ag,3.644,5.519,0.6366,dewpoint,455.2,24.179
2016-12-29,19.65,30.48,10.2,26.97,0.0,1.3,16.03,96.92,30.19,-1.35,IDR,22.72,75.86,subtropical_dry,NASA_POWER_daily_ag,3.184,5.195,0.5533,dewpoint,460.6,24.215
2016-12-30,20.59,30.59,10.92,28.34,0.0,1.21,16.1,96.93,26.68,0.16,IDR,22.72,75.86,subtropical_dry,NASA_POWER_daily_ag,3.158,5.364,0.6179,dewpoint,459.5,24.255
2016-12-31,20.65,30.39,10.79,30.02,0.0,1.24,16.04,96.81,24.57,1.06,IDR,22.72,75.86,subtropical_dry,NASA_POWER_daily_ag,3.192,5.502,0.6596,dewpoint,472.3,24.298
2017-01-01,20.11,30.49,12.54,32.79,0.0,1.41,15.86,96.79,26.59,2.0,IDR,22.72,75.86,subtropical_dry,NASA_POWER_daily_ag,3.268,5.514,0.7056,dewpoint,474.4,24.298
2017-01-02,18.0,27.99,10.49,37.95,0.0,2.41,15.84,97.0,33.31,1.64,IDR,22.72,75.86,subtropical_dry,NASA_POWER_daily_ag,3.896,5.685,0.6877,dewpoint,452.1,24.346
2017-01-03,17.32,26.95,9.82,44.32,0.0,2.26,14.64,97.07,28.39,3.75,IDR,22.72,75.86,subtropical_dry,NASA_POWER_daily_ag,3.462,5.784,0.7991,dewpoint,444.6,24.397
2017-01-04,18.79,28.31,9.62,36.12,0.0,1.35,15.82,96.94,31.84,2.19,IDR,22.72,75.86,subtropical_dry,NASA_POWER_daily_ag,3.098,5.808,0.7153,dewpoint,458.4,24.451
2017-01-05,20.01,29.09,10.93,30.86,0.0,1.16,16.39,96.81,28.96,0.97,IDR,22.72,75.86,subtropical_dry,NASA_POWER_daily_ag,3.081,5.695,0.6553,dewpoint,472.3,24.509
2017-01-06,19.5,29.58,11.81,29.66,0.0,1.77,16.21,96.64,24.48,-0.01,IDR,22.72,75.86,subtropical_dry,NASA_POWER_daily_ag,3.677,5.512,0.6104,dewpoint,490.4,24.571
2017-01-07,19.14,27.37,11.94,44.91,0.0,1.66,14.9,96.45,29.33,6.09,IDR,22.72,75.86,subtropical_dry,NASA_POWER_daily_ag,3.201,6.122,0.941,dewpoint,510.6,24.636
2017-01-08,20.06,27.43,13.65,52.88,0.0,1.35,13.99,96.47,29.42,9.48,IDR,22.72,75.86,subtropical_dry,NASA_POWER_daily_ag,2.849,6.271,1.1858,dewpoint,508.5,24.705
2017-01-09,19.05,27.41,12.14,50.11,0.0,1.76,13.96,96.55,28.86,7.64,IDR,22.72,75.86,subtropical_dry,NASA_POWER_daily_ag,3.105,6.107,1.0467,dewpoint,500.0,24.777
2017-01-10,17.36,26.25,10.98,46.58,0.0,2.14,13.99,96.78,28.4,4.29,IDR,22.72,75.86,subtropical_dry,NASA_POWER_daily_ag,3.343,5.841,0.83,dewpoint,475.5,24.852
2017-01-11,16.29,25.54,8.64,34.41,0.0,1.55,15.89,96.85,37.23,-0.92,IDR,22.72,75.86,subtropical_dry,NASA_POWER_daily_ag,3.134,5.821,0.5711,dewpoint,468.0,24.931
2017-01-12,14.75,24.38,7.16,22.5,0.0,1.89,16.83,96.81,42.38,-7.19,IDR,22.72,75.86,subtropical_dry,NASA_POWER_daily_ag,3.487,5.506,0.3561,dewpoint,472.3,25.013
2017-01-13,14.24,24.72,5.83,18.32,0.0,2.25,16.53,96.86,43.99,-9.98,IDR,22.72,75.86,subtropical_dry,NASA_POWER_daily_ag,3.813,5.295,0.2862,dewpoint,466.9,25.099
2017-01-14,16.46,26.67,6.86,21.83,0.0,2.42,15.55,96.89,31.85,-5.71,IDR,22.72,75.86,subtropical_dry,NASA_POWER_daily_ag,4.131,5.412,0.399,dewpoint,463.8,25.188
2017-01-15,20.01,28.68,10.84,28.62,0.0,2.07,13.14,96.96,23.53,0.91,IDR,22.72,75.86,subtropical_dry,NASA_POWER_daily_ag,3.966,5.387,0.6525,dewpoint,456.3,25.279
2017-01-16,21.34,29.27,15.08,43.26,0.0,1.34,13.89,96.88,29.76,7.75,IDR,22.72,75.86,subtropical_dry,NASA_POWER_daily_ag,3.129,6.118,1.0546,dewpoint,464.8,25.375
2017-01-17,19.68,28.95,12.3,39.81,0.0,1.74,15.61,96.89,27.38,4.51,IDR,22.72,75.86,subtropical_dry,NASA_POWER_daily_ag,3.53,6.28,0.8429,dewpoint,463.8,25.473
2017-01-18,19.81,28.8,11.83,40.62,0.0,2.07,12.66,97.04,30.99,5.53,IDR,22.72,75.86,subtropical_dry,NASA_POWER_daily_ag,3.604,5.738,0.9051,dewpoint,447.8,25.574
2017-01-19,20.15,28.55,14.12,43.08,0.0,2.5,13.91,97.18,34.09,6.51,IDR,22.72,75.86,subtropical_dry,NASA_POWER_daily_ag,3.971,6.116,0.9686,dewpoint,432.9,25.678
2017-01-20,19.4,28.55,12.48,39.29,0.0,2.77,14.47,97.21,19.09,4.4,IDR,22.72,75.86,subtropical_dry,NASA_POWER_daily_ag,4.253,6.105,0.8364,dewpoint,429.8,25.785
2017-01-21,20.75,29.82,12.92,36.92,0.0,2.11,15.51,97.16,23.24,4.64,IDR,22.72,75.86,subtropical_dry,NASA_POWER_daily_ag,4.043,6.346,0.8506,dewpoint,435.1,25.895
2017-01-22,22.16,31.42,13.67,36.32,0.0,1.54,15.41,97.2,22.82,5.82,IDR,22.72,75.86,subtropical_dry,NASA_POWER_daily_ag,3.659,6.411,0.9235,dewpoint,430.8,26.008
2017-01-23,22.86,31.99,14.3,37.73,0.0,1.76,15.75,97.12,16.44,6.87,IDR,22.72,75.86,subtropical_dry,NASA_POWER_daily_ag,3.956,6.622,0.993,dewpoint,439.3,26.123
2017-01-24,23.34,32.76,15.02,38.94,0.0,1.4,15.77,97.01,16.57,7.64,IDR,22.72,75.86,subtropical_dry,NASA_POWER_daily_ag,3.629,6.714,1.0467,dewpoint,451.0,26.242
2017-01-25,23.03,31.94,15.2,37.91,0.0,1.87,15.51,97.04,21.03,7.09,IDR,22.72,75.86,subtropical_dry,NASA_POWER_daily_ag,4.075,6.637,1.0081,dewpoint,447.8,26.362
2017-01-26,22.78,31.94,14.47,35.37,0.07,2.7,14.96,96.88,27.93,5.74,IDR,22.72,75.86,subtropical_dry,NASA_POWER_daily_ag,4.87,6.399,0.9184,dewpoint,464.8,26.486
2017-01-27,20.19,29.16,13.56,40.92,0.0,2.76,17.41,97.02,28.36,4.63,IDR,22.72,75.86,subtropical_dry,NASA_POWER_daily_ag,4.604,7.048,0.85,dewpoint,449.9,26.612
2017-01-28,18.42,28.65,10.24,30.36,0.0,2.23,18.7,97.11,35.44,-0.77,IDR,22.72,75.86,subtropical_dry,NASA_POWER_daily_ag,4.289,6.847,0.5774,dewpoint,440.4,26.74
2017-01-29,20.82,30.8,10.34,25.45,0.0,1.51,18.93,97.03,34.11,-2.42,IDR,22.72,75.86,subtropical_dry,NASA_POWER_daily_ag,3.975,6.612,0.5112,dewpoint,448.9,26.871
2017-01-30,23.72,32.87,14.62,14.96,0.0,0.96,18.7,96.85,34.74,-5.51,IDR,22.72,75.86,subtropical_dry,NASA_POWER_daily_ag,3.441,5.928,0.4051,dewpoint,468.0,27.004
2017-01-31,21.96,33.1,12.43,16.23,0.0,1.66,18.71,96.75,40.61,-5.84,IDR,22.72,75.86,subtropical_dry,NASA_POWER_daily_ag,4.314,6.052,0.3951,dewpoint,478.7,27.139
2017-02-01,21.84,32.14,12.38,16.26,0.0,1.27,19.87,96.84,10.1,-5.72,IDR,22.72,75.86,subtropical_dry,NASA_POWER_daily_ag,3.845,6.361,0.3987,dewpoint,469.1,27.276
2017-02-02,21.72,32.39,12.53,24.35,0.0,1.9,18.96,97.02,8.15,-1.24,IDR,22.72,75.86,subtropical_dry,NASA_POWER_daily_ag,4.543,6.788,0.5578,dewpoint,449.9,27.415
2017-02-03,22.93,32.6,12.71,24.79,0.0,1.48,18.81,96.95,15.93,0.86,IDR,22.72,75.86,subtropical_dry,NASA_POWER_daily_ag,4.175,7.068,0.6501,dewpoint,457.4,27.557
2017-02-04,23.79,33.82,14.08,25.75,0.0,1.89,17.55,96.73,53.51,2.21,IDR,22.72,75.86,subtropical_dry,NASA_POWER_daily_ag,4.671,6.903,0.7163,dewpoint,480.8,27.7
2017-02-05,22.33,31.13,14.75,48.0,0.0,2.45,17.38,96.72,15.64,9.86,IDR,22.72,75.86,subtropical_dry,NASA_POWER_daily_ag,4.433,8.047,1.2165,dewpoint,481.8,27.845
2017-02-06,19.59,29.18,12.66,15.41,0.0,2.21,17.73,96.88,46.44,-8.86,IDR,22.72,75.86,subtropical_dry,NASA_POWER_daily_ag,4.787,6.167,0.3126,dewpoint,464.8,27.991
2017-02-07,20.49,30.45,9.85,13.93,0.0,1.45,20.23,96.85,5.15,-8.98,IDR,22.72,75.86,subtropical_dry,NASA_POWER_daily_ag,4.113,6.685,0.3097,dewpoint,468.0,28.14
2017-02-08,22.14,32.91,12.04,18.86,0.0,2.04,19.38,96.77,14.81,-3.16,IDR,22.72,75.86,subtropical_dry,NASA_POWER_daily_ag,4.924,6.98,0.4838,dewpoint,476.5,28.29
2017-02-09,21.91,31.78,14.1,17.1,0.0,2.36,19.32,96.77,1.63,-4.31,IDR,22.72,75.86,subtropical_dry,NASA_POWER_daily_ag,5.29,6.861,0.4438,dewpoint,476.5,28.441
2017-02-10,20.82,30.05,12.38,22.69,0.0,2.43,18.42,96.71,2.24,-1.72,IDR,22.72,75.86,subtropical_dry,NASA_POWER_daily_ag,5.077,7.203,0.5384,dewpoint,482.9,28.594
2017-02-11,22.55,31.33,15.0,31.79,0.07,2.36,14.46,96.62,23.0,4.4,IDR,22.72,75.86,subtropical_dry,NASA_POWER_daily_ag,4.734,6.758,0.8364,dewpoint,492.5,28.748
2017-02-12,23.28,32.42,15.37,40.76,0.0,1.52,17.46,96.88,7.18,7.6,IDR,22.72,75.86,subtropical_dry,NASA_POWER_daily_ag,4.073,7.973,1.0439,dewpoint,464.8,28.904
2017-02-13,23.66,32.08,16.01,39.89,0.0,2.3,16.88,97.12,33.6,8.2,IDR,22.72,75.86,subtropical_dry,NASA_POWER_daily_ag,4.793,7.903,1.0875,dewpoint,439.3,29.061
2017-02-14,24.19,33.03,16.69,42.07,0.0,2.12,17.76,97.32,9.37,9.24,IDR,22.72,75.86,subtropical_dry,NASA_POWER_daily_ag,4.73,8.306,1.1668,dewpoint,418.1,29.218
2017-02-15,24.32,33.49,16.27,34.17,0.0,1.58,17.78,97.3,8.29,6.52,IDR,22.72,75.86,subtropical_dry,NASA_POWER_daily_ag,4.382,7.973,0.9693,dewpoint,420.2,29.377
2017-02-16,24.92,34.52,16.71,25.61,0.0,1.94,18.71,97.14,34.81,2.44,IDR,22.72,75.86,subtropical_dry,NASA_POWER_daily_ag,5.104,7.676,0.7282,dewpoint,437.2,29.537
2017-02-17,25.57,33.92,16.88,21.1,0.0,1.79,21.2,97.03,22.03,0.79,IDR,22.72,75.86,subtropical_dry,NASA_POWER_daily_ag,5.235,8.136,0.6468,dewpoint,448.9,29.697
2017-02-18,26.13,35.9,16.7,23.18,0.0,1.51,21.59,97.05,5.71,2.17,IDR,22.72,75.86,subtropical_dry,NASA_POWER_daily_ag,4.933,8.391,0.7143,dewpoint,446.7,29.858
2017-02-19,26.19,35.83,16.49,21.56,0.0,1.29,21.92,96.88,3.68,1.03,IDR,22.72,75.86,subtropical_dry,NASA_POWER_daily_ag,4.674,8.376,0.6581,dewpoint,464.8,30.02
2017-02-20,26.0,36.11,17.23,19.09,0.0,2.95,21.4,96.44,5.22,-0.64,IDR,22.72,75.86,subtropical_dry,NASA_POWER_daily_ag,6.827,8.031,0.5829,dewpoint,511.7,30.182
2017-02-21,24.64,34.66,16.59,25.76,0.0,2.94,21.88,96.33,7.84,0.8,IDR,22.72,75.86,subtropical_dry,NASA_POWER_daily_ag,6.519,8.54,0.6473,dewpoint,523.5,30.345
2017-02-22,23.78,33.8,14.92,29.24,0.0,2.24,21.61,96.56,4.28,3.36,IDR,22.72,75.86,subtropical_dry,NASA_POWER_daily_ag,5.508,9.038,0.7773,dewpoint,498.9,30.508
2017-02-23,24.52,35.13,15.86,18.37,0.0,2.02,22.31,96.76,4.05,-2.71,IDR,22.72,75.86,subtropical_dry,NASA_POWER_daily_ag,5.585,8.261,0.5003,dewpoint,477.6,30.672
2017-02-24,23.39,34.1,13.98,10.41,0.0,1.83,22.28,96.96,5.7,-10.17,IDR,22.72,75.86,subtropical_dry,NASA_POWER_daily_ag,5.275,7.589,0.2819,dewpoint,456.3,30.836
2017-02-25,24.55,35.23,14.35,10.31,0.0,1.73,23.22,96.93,4.06,-9.03,IDR,22.72,75.86,subtropical_dry,NASA_POWER_daily_ag,5.326,7.856,0.3085,dewpoint,459.5,31.0
2017-02-26,25.85,36.13,16.86,13.37,0.0,1.37,23.51,96.66,1.7,-5.18,IDR,22.72,75.86,subtropical_dry,NASA_POWER_daily_ag,4.935,8.262,0.4155,dewpoint,488.2,31.164
2017-02-27,26.26,36.29,15.54,15.83,0.0,1.36,22.8,96.7,1.18,-3.62,IDR,22.72,75.86,subtropical_dry,NASA_POWER_daily_ag,4.973,8.451,0.4674,dewpoint,484.0,31.328
2017-02-28,26.75,36.85,15.03,15.23,0.0,1.17,23.19,96.76,2.18,-3.03,IDR,22.72,75.86,subtropical_dry,NASA_POWER_daily_ag,4.771,8.673,0.4885,dewpoint,477.6,31.491
2017-03-01,26.62,36.59,16.82,16.82,0.0,1.72,22.43,96.63,0.34,-1.63,IDR,22.72,75.86,subtropical_dry,NASA_POWER_daily_ag,5.551,8.678,0.542,dewpoint,491.4,31.655
2017-03-02,26.36,36.44,17.29,23.3,0.0,2.07,22.11,96.44,0.25,2.61,IDR,22.72,75.86,subtropical_dry,NASA_POWER_daily_ag,5.906,9.258,0.737,dewpoint,511.7,31.818
2017-03-03,25.87,35.27,18.08,21.08,0.0,2.24,22.32,96.24,0.3,0.86,IDR,22.72,75.86,subtropical_dry,NASA_POWER_daily_ag,6.114,9.149,0.6501,dewpoint,533.1,31.981
2017-03-04,24.99,34.73,16.32,19.82,0.0,1.77,23.39,96.22,0.95,-1.05,IDR,22.72,75.86,subtropical_dry,NASA_POWER_daily_ag,5.524,9.339,0.5657,dewpoint,535.2,32.144
2017-03-05,25.18,34.29,16.91,22.24,0.0,2.42,23.19,96.35,1.49,1.1,IDR,22.72,75.86,subtropical_dry,NASA_POWER_daily_ag,6.31,9.65,0.6615,dewpoint,521.3,32.306
2017-03-06,25.43,34.42,17.57,13.89,0.0,1.96,23.53,96.36,2.45,-4.44,IDR,22.72,75.86,subtropical_dry,NASA_POWER_daily_ag,5.911,8.983,0.4394,dewpoint,520.3,32.467
2017-03-07,25.62,35.15,16.59,16.91,0.0,2.14,22.66,96.19,1.8,-1.68,IDR,22.72,75.86,subtropical_dry,NASA_POWER_daily_ag,6.106,9.198,0.54,dewpoint,538.4,32.628
2017-03-08,25.81,33.98,18.04,26.24,0.0,2.89,21.34,96.21,13.51,4.66,IDR,22.72,75.86,subtropical_dry,NASA_POWER_daily_ag,6.67,9.739,0.8518,dewpoint,536.3,32.788
2017-03-09,25.7,34.33,17.31,28.57,0.0,2.65,22.92,96.15,19.62,5.22,IDR,22.72,75.86,subtropical_dry,NASA_POWER_daily_ag,6.506,10.399,0.8858,dewpoint,542.7,32.947
2017-03-10,24.77,31.89,17.75,38.78,0.0,3.6,19.5,96.09,55.72,9.09,IDR,22.72,75.86,subtropical_dry,NASA_POWER_daily_ag,6.462,9.906,1.1551,dewpoint,549.1,33.105
2017-03-11,23.31,31.5,16.05,32.04,0.0,3.43,23.7,96.36,42.6,0.85,IDR,22.72,75.86,subtropical_dry,NASA_POWER_daily_ag,7.071,10.295,0.6496,dewpoint,520.3,33.263
2017-03-12,20.69,30.89,10.84,10.24,0.0,1.55,25.4,96.68,14.75,-12.54,IDR,22.72,75.86,subtropical_dry,NASA_POWER_daily_ag,5.057,9.5,0.233,dewpoint,486.1,33.419
2017-03-13,22.63,33.33,12.52,9.57,0.0,1.56,25.15,96.67,15.38,-11.62,IDR,22.72,75.86,subtropical_dry,NASA_POWER_daily_ag,5.265,9.316,0.251,dewpoint,487.2,33.574
2017-03-14,23.12,33.58,13.07,9.91,0.0,2.03,25.34,96.72,4.04,-10.75,IDR,22.72,75.86,subtropical_dry,NASA_POWER_daily_ag,5.993,9.461,0.2692,dewpoint,481.8,33.728
2017-03-15,25.14,35.23,16.55,11.26,0.0,2.43,23.77,96.7,6.67,-7.54,IDR,22.72,75.86,subtropical_dry,NASA_POWER_daily_ag,6.687,9.192,0.3465,dewpoint,484.0,33.881
2017-03-16,26.38,36.32,16.33,14.36,0.0,2.22,22.18,96.49,7.16,-3.23,IDR,22.72,75.86,subtropical_dry,NASA_POWER_daily_ag,6.453,9.292,0.4813,dewpoint,506.4,34.032
2017-03-17,26.53,35.87,17.47,18.24,0.01,2.79,24.22,96.42,0.26,-0.22,IDR,22.72,75.86,subtropical_dry,NASA_POWER_daily_ag,7.283,10.273,0.6011,dewpoint,513.8,34.183
2017-03-18,26.99,36.0,18.03,24.75,0.0,2.95,23.69,96.47,1.67,4.61,IDR,22.72,75.86,subtropical_dry,NASA_POWER_daily_ag,7.307,10.848,0.8488,dewpoint,508.5,34.331
2017-03-19,26.84,35.22,19.28,32.15,0.01,3.45,22.76,96.54,11.58,8.05,IDR,22.72,75.86,subtropical_dry,NASA_POWER_daily_ag,7.413,11.101,1.0764,dewpoint,501.0,34.479
2017-03-20,26.72,36.04,18.58,30.19,0.01,2.02,25.58,96.67,0.33,5.16,IDR,22.72,75.86,subtropical_dry,NASA_POWER_daily_ag,6.364,11.633,0.8821,dewpoint,487.2,34.624
2017-03-21,28.24,36.88,17.75,17.61,0.0,1.1,25.83,96.74,0.1,-0.35,IDR,22.72,75.86,subtropical_dry,NASA_POWER_daily_ag,5.366,10.838,0.5954,dewpoint,479.7,34.769
2017-03-22,29.67,39.36,19.47,14.62,0.0,1.44,25.27,96.61,0.87,-1.05,IDR,22.72,75.86,subtropical_dry,NASA_POWER_daily_ag,5.977,10.372,0.5657,dewpoint,493.6,34.911
2017-03-23,30.3,40.23,20.38,16.69,0.0,1.83,24.77,96.48,0.8,1.16,IDR,22.72,75.86,subtropical_dry,NASA_POWER_daily_ag,6.643,10.518,0.6643,dewpoint,507.4,35.052
2017-03-24,30.42,40.19,21.26,19.77,0.0,2.27,24.6,96.47,0.19,3.6,IDR,22.72,75.86,subtropical_dry,NASA_POWER_daily_ag,7.282,10.862,0.7906,dewpoint,508.5,35.191
2017-03-25,31.02,40.86,21.87,17.42,0.0,2.4,24.74,96.48,0.97,2.54,IDR,22.72,75.86,subtropical_dry,NASA_POWER_daily_ag,7.608,10.707,0.7334,dewpoint,507.4,35.328
2017-03-26,31.68,41.68,21.96,14.74,0.0,1.68,25.58,96.54,2.89,0.17,IDR,22.72,75.86,subtropical_dry,NASA_POWER_daily_ag,6.651,10.558,0.6184,dewpoint,501.0,35.464
2017-03-27,32.33,42.27,22.28,15.7,0.0,1.88,26.0,96.52,2.05,1.86,IDR,22.72,75.86,subtropical_dry,NASA_POWER_daily_ag,7.123,10.949,0.6986,dewpoint,503.2,35.598
2017-03-28,32.87,42.62,24.38,14.4,0.0,1.26,25.96,96.48,2.32,1.23,IDR,22.72,75.86,subtropical_dry,NASA_POWER_daily_ag,6.069,10.742,0.6677,dewpoint,507.4,35.729
2017-03-29,33.47,43.05,24.42,14.72,0.0,3.0,25.8,96.38,4.64,1.98,IDR,22.72,75.86,subtropical_dry,NASA_POWER_daily_ag,9.077,10.842,0.7046,dewpoint,518.1,35.859
2017-03-30,33.7,42.59,24.92,13.35,0.0,3.35,25.13,96.4,9.07,1.26,IDR,22.72,75.86,subtropical_dry,NASA_POWER_daily_ag,9.637,10.577,0.6691,dewpoint,516.0,35.987
2017-03-31,33.78,42.61,25.13,15.59,0.0,2.85,24.94,96.5,0.66,3.31,IDR,22.72,75.86,subtropical_dry,NASA_POWER_daily_ag,8.834,10.884,0.7746,dewpoint,505.3,36.113
2017-04-01,33.29,41.73,25.7,16.37,0.0,3.35,23.52,96.35,15.31,3.83,IDR,22.72,75.86,subtropical_dry,NASA_POWER_daily_ag,9.345,10.597,0.8036,dewpoint,521.3,36.237
2017-04-02,31.56,40.93,22.98,16.7,0.0,3.38,25.75,96.25,2.91,1.82,IDR,22.72,75.86,subtropical_dry,NASA_POWER_daily_ag,9.287,11.183,0.6966,dewpoint,532.0,36.359
2017-04-03,30.58,40.39,20.87,26.61,0.0,2.94,26.5,96.27,2.05,6.85,IDR,22.72,75.86,subtropical_dry,NASA_POWER_daily_ag,8.376,12.487,0.9916,dewpoint,529.9,36.479
2017-04-04,30.82,40.02,21.52,32.72,0.0,3.49,26.35,96.32,3.29,10.4,IDR,22.72,75.86,subtropical_dry,NASA_POWER_daily_ag,8.817,13.153,1.2613,dewpoint,524.5,36.596
2017-04-05,30.47,39.2,21.06,35.22,0.0,3.23,26.27,96.24,1.65,11.58,IDR,22.72,75.86,subtropical_dry,NASA_POWER_daily_ag,8.356,13.456,1.3642,dewpoint,533.1,36.712
2017-04-06,31.17,39.66,22.87,34.0,0.0,3.88,26.4,96.16,1.19,11.63,IDR,22.72,75.86,subtropical_dry,NASA_POWER_daily_ag,9.21,13.455,1.3687,dewpoint,541.6,36.825
2017-04-07,29.0,37.69,21.59,27.32,0.0,3.63,26.75,96.34,2.18,4.17,IDR,22.72,75.86,subtropical_dry,NASA_POWER_daily_ag,9.001,12.348,0.823,dewpoint,522.4,36.937
2017-04-08,28.86,39.6,18.37,7.73,0.0,1.81,27.83,96.39,5.73,-9.98,IDR,22.72,75.86,subtropical_dry,NASA_POWER_daily_ag,6.833,10.692,0.2862,dewpoint,517.0,37.046
2017-04-09,29.86,40.42,19.55,5.95,0.0,2.18,27.35,96.41,5.48,-11.34,IDR,22.72,75.86,subtropical_dry,NASA_POWER_daily_ag,7.527,10.32,0.2567,dewpoint,514.9,37.153
2017-04-10,29.66,39.98,20.21,6.89,0.0,3.05,28.38,96.42,5.69,-10.21,IDR,22.72,75.86,subtropical_dry,NASA_POWER_daily_ag,8.933,10.732,0.281,dewpoint,513.8,37.257
2017-04-11,31.12,41.52,21.21,8.04,0.0,2.16,28.53,96.37,5.23,-7.38,IDR,22.72,75.86,subtropical_dry,NASA_POWER_daily_ag,7.771,10.993,0.3509,dewpoint,519.2,37.36
2017-04-12,32.45,42.99,21.56,7.88,0.0,1.88,28.27,96.29,2.77,-6.73,IDR,22.72,75.86,subtropical_dry,NASA_POWER_daily_ag,7.436,10.922,0.369,dewpoint,527.7,37.46
2017-04-13,33.47,43.69,23.79,7.82,0.0,1.62,27.71,96.23,2.4,-6.02,IDR,22.72,75.86,subtropical_dry,NASA_POWER_daily_ag,7.005,10.729,0.3896,dewpoint,534.1,37.558
2017-04-14,34.07,44.17,23.74,9.52,0.0,2.7,27.77,96.08,2.79,-3.34,IDR,22.72,75.86,subtropical_dry,NASA_POWER_daily_ag,9.078,11.147,0.4773,dewpoint,550.2,37.654
2017-04-15,34.73,44.32,25.39,10.61,0.0,4.55,27.15,95.96,0.68,-1.41,IDR,22.72,75.86,subtropical_dry,NASA_POWER_daily_ag,12.016,11.208,0.5509,dewpoint,563.0,37.748
2017-04-16,34.71,44.34,24.99,12.81,0.0,4.13,27.43,96.0,4.12,1.13,IDR,22.72,75.86,subtropical_dry,NASA_POWER_daily_ag,11.362,11.756,0.6629,dewpoint,558.8,37.839
2017-04-17,35.02,44.68,26.03,12.64,0.0,3.61,27.25,96.14,1.15,1.18,IDR,22.72,75.86,subtropical_dry,NASA_POWER_daily_ag,10.644,11.656,0.6653,dewpoint,543.8,37.928
2017-04-18,34.26,43.46,25.52,12.73,0.0,4.16,27.18,96.18,0.63,0.96,IDR,22.72,75.86,subtropical_dry,NASA_POWER_daily_ag,11.295,11.734,0.6548,dewpoint,539.5,38.016
2017-04-19,33.4,42.53,24.16,16.13,0.0,4.33,27.94,96.08,1.34,2.61,IDR,22.72,75.86,subtropical_dry,NASA_POWER_daily_ag,11.308,12.42,0.737,dewpoint,550.2,38.1
2017-04-20,32.85,42.15,23.64,28.71,0.0,4.86,27.88,95.97,0.09,9.73,IDR,22.72,75.86,subtropical_dry,NASA_POWER_daily_ag,11.205,13.855,1.2059,dewpoint,562.0,38.183
2017-04-21,32.71,42.34,23.59,30.03,0.0,4.57,27.51,96.05,0.84,9.74,IDR,22.72,75.86,subtropical_dry,NASA_POWER_daily_ag,10.816,13.722,1.2067,dewpoint,553.4,38.264
2017-04-22,30.61,39.19,21.66,34.28,0.0,4.28,27.61,96.18,0.51,10.9,IDR,22.72,75.86,subtropical_dry,NASA_POWER_daily_ag,9.726,14.265,1.304,dewpoint,539.5,38.342
2017-04-23,30.33,37.89,22.59,31.8,0.0,3.78,26.64,96.25,1.13,9.87,IDR,22.72,75.86,subtropical_dry,NASA_POWER_daily_ag,9.178,13.698,1.2173,dewpoint,532.0,38.418
2017-04-24,30.23,38.54,22.09,33.04,0.0,4.06,28.25,96.29,1.07,10.01,IDR,22.72,75.86,subtropical_dry,NASA_POWER_daily_ag,9.572,14.398,1.2288,dewpoint,527.7,38.492
2017-04-25,30.53,39.13,21.95,33.75,0.0,3.47,26.3,96.3,13.07,11.09,IDR,22.72,75.86,subtropical_dry,NASA_POWER_daily_ag,8.775,13.791,1.3206,dewpoint,526.7,38.564
2017-04-26,30.56,38.71,22.28,25.52,0.0,3.07,27.67,96.34,2.32,7.0,IDR,22.72,75.86,subtropical_dry,NASA_POWER_daily_ag,8.811,13.595,1.0019,dewpoint,522.4,38.634
2017-04-27,31.37,40.72,21.75,16.65,0.0,2.38,28.85,96.36,0.92,0.95,IDR,22.72,75.86,subtropical_dry,NASA_POWER_daily_ag,8.346,12.869,0.6543,dewpoint,520.3,38.702
2017-04-28,31.98,41.17,22.2,13.95,0.0,3.27,28.13,96.29,0.77,0.02,IDR,22.72,75.86,subtropical_dry,NASA_POWER_daily_ag,9.713,12.452,0.6117,dewpoint,527.7,38.768
2017-04-29,32.42,40.78,23.18,24.56,0.0,3.57,26.57,96.3,12.24,8.31,IDR,22.72,75.86,subtropical_dry,NASA_POWER_daily_ag,9.691,13.314,1.0956,dewpoint,526.7,38.831
2017-04-30,32.3,40.81,23.15,28.67,2.16,3.25,24.34,96.25,13.24,10.16,IDR,22.72,75.86,subtropical_dry,NASA_POWER_daily_ag,8.896,12.761,1.2412,dewpoint,532.0,38.893
2017-05-01,32.9,41.18,24.18,27.92,0.0,2.8,24.7,96.26,18.7,10.06,IDR,22.72,75.86,subtropical_dry,NASA_POWER_daily_ag,8.527,12.851,1.2329,dewpoint,530.9,38.953
2017-05-02,33.83,41.62,25.28,19.73,0.0,2.0,24.38,96.36,28.15,6.48,IDR,22.72,75.86,subtropical_dry,NASA_POWER_daily_ag,7.638,12.084,0.9666,dewpoint,520.3,39.011
2017-05-03,34.36,42.49,26.19,21.36,0.0,3.5,24.39,96.32,21.85,7.82,IDR,22.72,75.86,subtropical_dry,NASA_POWER_daily_ag,9.9,12.242,1.0597,dewpoint,524.5,39.066
2017-05-04,34.26,42.51,25.32,21.93,0.0,2.69,24.83,96.31,26.83,8.29,IDR,22.72,75.86,subtropical_dry,NASA_POWER_daily_ag,8.769,12.534,1.0941,dewpoint,525.6,39.12
2017-05-05,35.94,44.13,27.95,16.32,0.0,2.75,26.75,96.23,20.68,5.34,IDR,22.72,75.86,subtropical_dry,NASA_POWER_daily_ag,9.449,12.542,0.8932,dewpoint,534.1,39.172
2017-05-06,35.41,43.95,27.05,15.04,0.0,3.24,28.26,96.29,0.7,3.77,IDR,22.72,75.86,subtropical_dry,NASA_POWER_daily_ag,10.317,12.842,0.8002,dewpoint,527.7,39.223
2017-05-07,35.28,44.02,25.95,20.61,0.1,4.04,25.02,96.31,39.39,7.64,IDR,22.72,75.86,subtropical_dry,NASA_POWER_daily_ag,10.966,12.438,1.0467,dewpoint,525.6,39.271
2017-05-08,35.2,43.57,26.73,22.09,3.03,3.79,24.16,96.24,61.01,8.84,IDR,22.72,75.86,subtropical_dry,NASA_POWER_daily_ag,10.427,12.315,1.1357,dewpoint,533.1,39.318
2017-05-09,34.59,42.78,26.11,23.49,0.76,3.51,21.88,96.12,66.03,9.15,IDR,22.72,75.86,subtropical_dry,NASA_POWER_daily_ag,9.624,11.54,1.1597,dewpoint,545.9,39.363
2017-05-10,34.45,42.65,25.18,25.77,0.02,3.14,26.55,96.14,18.36,10.16,IDR,22.72,75.86,subtropical_dry,NASA_POWER_daily_ag,9.563,13.628,1.2412,dewpoint,543.8,39.406
2017-05-11,35.61,43.63,26.29,25.11,0.0,3.14,26.38,96.16,18.73,10.81,IDR,22.72,75.86,subtropical_dry,NASA_POWER_daily_ag,9.779,13.604,1.2962,dewpoint,541.6,39.447
2017-05-12,36.56,44.1,28.39,20.42,0.36,2.86,24.03,96.16,35.68,9.51,IDR,22.72,75.86,subtropical_dry,NASA_POWER_daily_ag,9.352,12.334,1.1882,dewpoint,541.6,39.487
2017-05-13,37.17,43.57,30.41,19.88,0.19,3.24,22.95,96.02,49.6,9.83,IDR,22.72,75.86,subtropical_dry,NASA_POWER_daily_ag,9.922,11.927,1.214,dewpoint,556.6,39.525
2017-05-14,36.86,42.53,30.87,20.67,0.0,4.02,24.04,95.95,29.0,10.36,IDR,22.72,75.86,subtropical_dry,NASA_POWER_daily_ag,11.072,12.481,1.2579,dewpoint,564.1,39.562
2017-05-15,35.86,43.75,27.68,26.02,0.0,4.87,25.14,95.9,4.66,12.24,IDR,22.72,75.86,subtropical_dry,NASA_POWER_daily_ag,11.78,13.349,1.4249,dewpoint,569.5,39.597
2017-05-16,34.61,42.3,26.67,29.91,0.0,4.47,27.42,95.85,1.21,12.31,IDR,22.72,75.86,subtropical_dry,NASA_POWER_daily_ag,11.15,14.446,1.4315,dewpoint,574.8,39.63
2017-05-17,34.33,42.1,27.04,29.01,0.0,4.46,27.13,95.88,4.47,11.74,IDR,22.72,75.86,subtropical_dry,NASA_POWER_daily_ag,11.071,14.204,1.3787,dewpoint,571.6,39.662
2017-05-18,34.1,42.08,25.74,28.42,0.0,4.37,28.12,95.99,3.18,11.22,IDR,22.72,75.86,subtropical_dry,NASA_POWER_daily_ag,11.075,14.572,1.332,dewpoint,559.8,39.693
2017-05-19,34.6,42.35,26.45,26.04,0.0,4.55,28.64,96.08,1.59,10.31,IDR,22.72,75.86,subtropical_dry,NASA_POWER_daily_ag,11.595,14.554,1.2537,dewpoint,550.2,39.722
2017-05-20,34.14,42.36,25.54,28.54,0.0,4.88,28.89,95.97,12.75,10.75,IDR,22.72,75.86,subtropical_dry,NASA_POWER_daily_ag,11.787,14.803,1.2911,dewpoint,562.0,39.75
2017-05-21,33.68,41.37,25.47,33.61,0.0,4.65,28.64,95.91,2.9,13.68,IDR,22.72,75.86,subtropical_dry,NASA_POWER_daily_ag,11.0,15.41,1.5657,dewpoint,568.4,39.776
2017-05-22,33.65,40.94,25.73,33.39,0.01,3.71,27.82,96.04,5.49,14.03,IDR,22.72,75.86,subtropical_dry,NASA_POWER_daily_ag,9.897,15.13,1.6017,dewpoint,554.5,39.801
2017-05-23,35.31,42.94,27.02,26.59,0.0,3.04,25.94,96.04,22.03,12.09,IDR,22.72,75.86,subtropical_dry,NASA_POWER_daily_ag,9.462,13.765,1.4109,dewpoint,554.5,39.825
2017-05-24,36.65,44.11,28.62,23.41,0.65,4.09,27.1,95.87,17.32,11.74,IDR,22.72,75.86,subtropical_dry,NASA_POWER_daily_ag,11.363,14.078,1.3787,dewpoint,572.7,39.847
2017-05-25,36.84,44.6,28.28,24.04,0.0,3.97,25.61,95.76,43.08,11.4,IDR,22.72,75.86,subtropical_dry,NASA_POWER_daily_ag,11.11,13.39,1.348,dewpoint,584.5,39.868
2017-05-26,36.69,44.08,28.14,30.22,2.38,4.62,24.87,95.74,44.5,15.26,IDR,22.72,75.86,subtropical_dry,NASA_POWER_daily_ag,11.381,13.858,1.7341,dewpoint,586.6,39.888
2017-05-27,36.12,44.1,28.16,35.27,0.0,5.61,27.26,95.65,23.65,16.88,IDR,22.72,75.86,subtropical_dry,NASA_POWER_daily_ag,12.221,15.338,1.923,dewpoint,596.3,39.907
2017-05-28,34.29,42.26,26.67,44.85,0.0,5.41,25.1,95.7,18.57,19.3,IDR,22.72,75.86,subtropical_dry,NASA_POWER_daily_ag,10.442,14.931,2.2389,dewpoint,590.9,39.924
2017-05-29,33.29,41.47,25.64,49.2,0.12,5.55,23.05,95.6,46.41,19.6,IDR,22.72,75.86,subtropical_dry,NASA_POWER_daily_ag,9.726,13.983,2.281,dewpoint,601.7,39.941
2017-05-30,33.13,39.11,26.65,49.1,2.13,3.99,22.97,95.53,57.74,20.08,IDR,22.72,75.86,subtropical_dry,NASA_POWER_daily_ag,8.429,14.074,2.3499,dewpoint,609.2,39.956
2017-05-31,35.06,41.34,27.52,43.4,1.88,2.99,25.97,95.51,33.0,19.7,IDR,22.72,75.86,subtropical_dry,NASA_POWER_daily_ag,8.7,15.488,2.2952,dewpoint,611.4,39.971
2017-06-01,35.16,40.56,28.7,42.31,2.45,2.08,19.81,95.69,83.25,19.66,IDR,22.72,75.86,subtropical_dry,NASA_POWER_daily_ag,6.817,12.27,2.2895,dewpoint,592.0,39.984
2017-06-02,35.69,42.05,28.43,38.8,0.94,1.42,22.23,95.78,75.42,18.35,IDR,22.72,75.86,subtropical_dry,NASA_POWER_daily_ag,6.547,13.256,2.1099,dewpoint,582.4,39.996
2017-06-03,36.93,43.72,29.7,33.28,0.49,3.26,24.45,95.78,67.35,16.93,IDR,22.72,75.86,subtropical_dry,NASA_POWER_daily_ag,9.58,13.987,1.9292,dewpoint,582.4,40.007
2017-06-04,34.12,40.87,27.64,48.56,1.95,4.99,22.3,95.88,79.97,20.89,IDR,22.72,75.86,subtropical_dry,NASA_POWER_daily_ag,9.297,13.81,2.4703,dewpoint,571.6,40.018
2017-06-05,31.99,37.12,28.32,56.11,15.99,4.7,25.83,95.95,42.26,21.85,IDR,22.72,75.86,subtropical_dry,NASA_POWER_daily_ag,8.386,16.018,2.6199,dewpoint,564.1,40.027
2017-06-06,31.81,38.54,25.37,56.29,1.69,3.42,22.34,96.0,98.02,21.24,IDR,22.72,75.86,subtropical_dry,NASA_POWER_daily_ag,7.237,13.997,2.5239,dewpoint,558.8,40.035
2017-06-07,29.49,34.15,25.94,69.56,31.31,3.56,18.76,96.1,94.68,22.99,IDR,22.72,75.86,subtropical_dry,NASA_POWER_daily_ag,5.504,12.341,2.8077,dewpoint,548.1,40.043
2017-06-08,27.8,30.76,24.95,79.54,14.65,3.33,20.61,96.02,81.09,23.81,IDR,22.72,75.86,subtropical_dry,NASA_POWER_daily_ag,4.831,13.613,2.9501,dewpoint,556.6,40.049
2017-06-09,27.84,31.43,24.52,77.93,6.95,3.38,16.98,95.91,91.96,23.41,IDR,22.72,75.86,subtropical_dry,NASA_POWER_daily_ag,4.431,11.415,2.8799,dewpoint,568.4,40.055
2017-06-10,27.42,30.89,24.61,81.64,22.1,2.8,20.97,95.78,77.34,23.86,IDR,22.72,75.86,subtropical_dry,NASA_POWER_daily_ag,4.669,13.842,2.9589,dewpoint,582.4,40.06
2017-06-11,28.64,33.55,24.4,75.42,9.03,2.15,18.04,95.65,84.14,23.46,IDR,22.72,75.86,subtropical_dry,NASA_POWER_daily_ag,4.555,12.021,2.8886,dewpoint,596.3,40.064
2017-06-12,29.75,35.03,25.01,69.04,1.0,2.45,22.49,95.65,72.22,22.94,IDR,22.72,75.86,subtropical_dry,NASA_POWER_daily_ag,5.776,14.489,2.7993,dewpoint,596.3,40.067
2017-06-13,29.88,35.38,25.04,68.76,2.4,3.58,21.34,95.7,88.98,22.98,IDR,22.72,75.86,subtropical_dry,NASA_POWER_daily_ag,6.051,13.826,2.806,dewpoint,590.9,40.069
2017-06-14,29.15,34.03,25.37,74.42,6.12,2.23,20.63,95.93,90.31,23.75,IDR,22.72,75.86,subtropical_dry,NASA_POWER_daily_ag,5.087,13.561,2.9394,dewpoint,566.3,40.071
2017-06-15,30.3,36.95,25.26,68.27,1.15,4.28,21.19,95.89,76.8,23.09,IDR,22.72,75.86,subtropical_dry,NASA_POWER_daily_ag,6.421,13.725,2.8248,dewpoint,570.6,40.071
2017-06-16,30.17,36.16,24.66,69.46,0.54,3.66,22.85,95.83,55.35,23.31,IDR,22.72,75.86,subtropical_dry,NASA_POWER_daily_ag,6.337,14.75,2.8625,dewpoint,577.0,40.071
2017-06-17,30.14,36.09,24.88,66.76,0.16,4.32,24.19,95.88,46.56,22.52,IDR,22.72,75.86,subtropical_dry,NASA_POWER_daily_ag,6.961,15.355,2.7289,dewpoint,571.6,40.071
2017-06-18,30.07,36.58,24.94,65.42,0.01,4.63,25.94,95.83,18.18,22.03,IDR,22.72,75.86,subtropical_dry,NASA_POWER_daily_ag,7.418,16.224,2.6488,dewpoint,577.0,40.069
2017-06-19,30.02,36.38,24.72,65.19,0.01,5.04,25.7,95.7,34.52,21.96,IDR,22.72,75.86,subtropical_dry,NASA_POWER_daily_ag,7.525,16.085,2.6375,dewpoint,590.9,40.067
2017-06-20,29.95,36.09,24.75,65.5,0.0,4.86,23.71,95.7,46.93,22.01,IDR,22.72,75.86,subtropical_dry,NASA_POWER_daily_ag,7.145,14.982,2.6455,dewpoint,590.9,40.064
2017-06-21,30.01,36.29,24.92,65.09,0.23,4.92,24.48,95.73,38.2,21.95,IDR,22.72,75.86,subtropical_dry,NASA_POWER_daily_ag,7.317,15.394,2.6359,dewpoint,587.7,40.06
2017-06-22,29.23,34.47,24.65,71.23,7.4,4.53,19.48,95.81,60.32,23.03,IDR,22.72,75.86,subtropical_dry,NASA_POWER_daily_ag,5.785,12.78,2.8145,dewpoint,579.1,40.055
2017-06-23,29.06,34.46,25.01,72.11,9.31,3.6,21.34,95.81,52.09,23.0,IDR,22.72,75.86,subtropical_dry,NASA_POWER_daily_ag,5.72,13.843,2.8094,dewpoint,579.1,40.05
2017-06-24,29.17,34.81,24.71,68.24,6.06,3.15,17.47,95.53,90.67,21.94,IDR,22.72,75.86,subtropical_dry,NASA_POWER_daily_ag,5.3,11.48,2.6343,dewpoint,609.2,40.044
2017-06-25,30.15,36.17,24.41,66.42,1.58,1.54,21.99,95.37,78.84,22.46,IDR,22.72,75.86,subtropical_dry,NASA_POWER_daily_ag,5.451,14.102,2.719,dewpoint,626.4,40.037
2017-06-26,29.18,34.22,25.32,72.5,2.81,2.16,13.06,95.53,95.17,23.29,IDR,22.72,75.86,subtropical_dry,NASA_POWER_daily_ag,3.931,9.083,2.8591,dewpoint,609.2,40.029
2017-06-27,26.96,30.1,24.55,78.08,3.13,2.96,16.01,95.6,96.84,22.65,IDR,22.72,75.86,subtropical_dry,NASA_POWER_daily_ag,4.084,10.781,2.7505,dewpoint,601.7,40.021
2017-06-28,29.24,35.61,23.84,69.97,0.5,2.5,20.35,95.57,88.98,22.57,IDR,22.72,75.86,subtropical_dry,NASA_POWER_daily_ag,5.367,13.2,2.7372,dewpoint,604.9,40.012
2017-06-29,28.74,33.26,24.53,72.09,2.35,4.17,19.51,95.55,90.95,22.79,IDR,22.72,75.86,subtropical_dry,NASA_POWER_daily_ag,5.542,12.779,2.774,dewpoint,607.1,40.002
2017-06-30,28.44,33.58,24.65,72.95,0.33,4.36,16.16,95.49,92.41,22.67,IDR,22.72,75.86,subtropical_dry,NASA_POWER_daily_ag,5.026,10.83,2.7538,dewpoint,613.5,39.991
2017-07-01,27.93,32.53,24.72,74.51,3.63,5.5,13.85,95.45,94.42,22.62,IDR,22.72,75.86,subtropical_dry,NASA_POWER_daily_ag,4.769,9.506,2.7455,dewpoint,617.8,39.98
2017-07-02,27.26,31.31,24.5,78.07,7.95,4.41,13.58,95.55,92.86,22.83,IDR,22.72,75.86,subtropical_dry,NASA_POWER_daily_ag,4.088,9.375,2.7807,dewpoint,607.1,39.967
2017-07-03,27.59,32.36,24.41,75.48,4.79,4.88,14.1,95.7,95.93,22.4,IDR,22.72,75.86,subtropical_dry,NASA_POWER_daily_ag,4.574,9.633,2.7091,dewpoint,590.9,39.954
2017-07-04,26.97,31.13,23.92,77.27,3.37,4.96,11.97,95.75,99.27,22.36,IDR,22.72,75.86,subtropical_dry,NASA_POWER_daily_ag,4.025,8.419,2.7025,dewpoint,585.6,39.94
2017-07-05,27.59,32.48,23.9,73.08,0.1,4.86,17.22,95.8,94.29,21.86,IDR,22.72,75.86,subtropical_dry,NASA_POWER_daily_ag,5.175,11.358,2.6215,dewpoint,580.2,39.926
2017-07-06,28.38,33.5,24.0,70.02,0.02,4.63,16.77,95.86,68.45,21.79,IDR,22.72,75.86,subtropical_dry,NASA_POWER_daily_ag,5.456,11.079,2.6103,dewpoint,573.8,39.91
2017-07-07,28.78,34.92,23.77,67.9,0.03,3.89,23.08,95.94,52.35,21.5,IDR,22.72,75.86,subtropical_dry,NASA_POWER_daily_ag,6.333,14.551,2.5644,dewpoint,565.2,39.894
2017-07-08,28.87,34.96,23.79,67.69,0.0,4.0,19.18,95.91,74.21,21.61,IDR,22.72,75.86,subtropical_dry,NASA_POWER_daily_ag,5.841,12.387,2.5817,dewpoint,568.4,39.876
2017-07-09,28.04,33.81,23.93,71.22,0.08,3.56,21.14,95.91,77.27,21.85,IDR,22.72,75.86,subtropical_dry,NASA_POWER_daily_ag,5.565,13.542,2.6199,dewpoint,568.4,39.858
2017-07-10,27.38,31.95,24.11,74.34,1.06,3.64,18.79,96.02,85.48,22.04,IDR,22.72,75.86,subtropical_dry,NASA_POWER_daily_ag,4.943,12.266,2.6504,dewpoint,556.6,39.839
2017-07-11,28.42,34.57,24.26,70.27,3.14,4.47,18.58,95.95,86.08,21.74,IDR,22.72,75.86,subtropical_dry,NASA_POWER_daily_ag,5.677,12.063,2.6023,dewpoint,564.1,39.819
2017-07-12,27.51,32.7,23.68,75.04,20.69,4.46,15.29,95.87,98.24,22.18,IDR,22.72,75.86,subtropical_dry,NASA_POWER_daily_ag,4.672,10.284,2.6731,dewpoint,572.7,39.798
2017-07-13,26.46,30.35,23.76,82.57,54.87,4.84,6.16,95.67,99.58,23.03,IDR,22.72,75.86,subtropical_dry,NASA_POWER_daily_ag,2.721,5.06,2.8145,dewpoint,594.2,39.776
2017-07-14,25.75,28.94,23.98,87.77,45.77,4.49,7.12,95.57,99.74,23.48,IDR,22.72,75.86,subtropical_dry,NASA_POWER_daily_ag,2.272,5.614,2.892,dewpoint,604.9,39.753
2017-07-15,25.71,28.73,23.13,83.83,3.63,5.45,15.1,95.57,85.27,22.66,IDR,22.72,75.86,subtropical_dry,NASA_POWER_daily_ag,3.701,10.26,2.7522,dewpoint,604.9,39.729
2017-07-16,25.58,29.28,22.83,83.72,4.56,3.88,12.6,95.66,94.4,22.46,IDR,22.72,75.86,subtropical_dry,NASA_POWER_daily_ag,3.257,8.791,2.719,dewpoint,595.2,39.704
2017-07-17,27.09,31.64,23.24,81.11,1.34,3.16,14.32,95.64,97.58,23.31,IDR,22.72,75.86,subtropical_dry,NASA_POWER_daily_ag,3.735,9.83,2.8625,dewpoint,597.4,39.677
2017-07-18,27.56,31.59,24.09,80.72,11.45,1.48,19.71,95.55,94.52,23.7,IDR,22.72,75.86,subtropical_dry,NASA_POWER_daily_ag,4.366,13.032,2.9306,dewpoint,607.1,39.65
2017-07-19,27.15,30.3,24.51,83.26,7.13,1.45,11.09,95.43,99.17,23.91,IDR,22.72,75.86,subtropical_dry,NASA_POWER_daily_ag,2.809,7.963,2.9678,dewpoint,620.0,39.622
2017-07-20,26.54,29.93,23.83,84.27,22.19,1.7,13.54,95.36,97.49,23.54,IDR,22.72,75.86,subtropical_dry,NASA_POWER_daily_ag,3.177,9.395,2.9025,dewpoint,627.5,39.592
2017-07-21,26.43,29.54,24.05,87.45,28.54,2.21,13.84,95.37,99.29,24.07,IDR,22.72,75.86,subtropical_dry,NASA_POWER_daily_ag,3.141,9.612,2.9965,dewpoint,626.4,39.561
2017-07-22,25.78,28.58,24.11,89.21,10.01,4.75,12.63,95.32,97.92,23.82,IDR,22.72,75.86,subtropical_dry,NASA_POWER_daily_ag,2.882,8.879,2.9518,dewpoint,631.8,39.529
2017-07-23,25.49,28.76,23.65,87.01,8.18,5.82,8.43,95.43,98.42,23.09,IDR,22.72,75.86,subtropical_dry,NASA_POWER_daily_ag,2.587,6.376,2.8248,dewpoint,620.0,39.496
2017-07-24,25.41,29.09,22.91,82.04,2.08,6.75,8.1,95.5,99.11,21.93,IDR,22.72,75.86,subtropical_dry,NASA_POWER_daily_ag,3.181,6.177,2.6327,dewpoint,612.4,39.462
2017-07-25,25.24,28.1,23.05,85.82,8.31,6.7,7.44,95.44,99.64,22.61,IDR,22.72,75.86,subtropical_dry,NASA_POWER_daily_ag,2.642,5.796,2.7438,dewpoint,618.9,39.426
2017-07-26,24.76,26.83,22.89,90.38,32.03,5.27,4.71,95.57,99.31,23.06,IDR,22.72,75.86,subtropical_dry,NASA_POWER_daily_ag,1.719,4.188,2.8196,dewpoint,604.9,39.389
2017-07-27,25.25,29.36,22.82,86.88,16.54,5.38,8.46,95.65,96.09,22.79,IDR,22.72,75.86,subtropical_dry,NASA_POWER_daily_ag,2.57,6.384,2.774,dewpoint,596.3,39.351
2017-07-28,23.52,26.08,21.87,91.19,17.42,4.6,6.56,95.78,97.69,21.98,IDR,22.72,75.86,subtropical_dry,NASA_POWER_daily_ag,1.794,5.284,2.6407,dewpoint,582.4,39.311
2017-07-29,25.52,30.21,22.24,83.92,2.14,3.63,13.5,95.96,95.93,22.38,IDR,22.72,75.86,subtropical_dry,NASA_POWER_daily_ag,3.345,9.272,2.7058,dewpoint,563.0,39.269
2017-07-30,25.97,30.32,22.48,83.36,0.79,3.34,15.66,96.02,94.46,22.69,IDR,22.72,75.86,subtropical_dry,NASA_POWER_daily_ag,3.695,10.536,2.7572,dewpoint,556.6,39.227
2017-07-31,25.29,28.35,23.1,86.47,1.26,2.83,16.06,96.02,87.23,22.75,IDR,22.72,75.86,subtropical_dry,NASA_POWER_daily_ag,3.444,10.786,2.7672,dewpoint,556.6,39.183
2017-08-01,26.31,31.02,22.69,83.61,0.86,3.18,13.11,96.04,71.92,23.09,IDR,22.72,75.86,subtropical_dry,NASA_POWER_daily_ag,3.326,9.078,2.8248,dewpoint,554.5,39.137
2017-08-02,26.19,30.94,22.75,82.94,1.08,3.66,16.29,96.05,77.92,22.83,IDR,22.72,75.86,subtropical_dry,NASA_POWER_daily_ag,3.857,10.894,2.7807,dewpoint,553.4,39.09
2017-08-03,25.95,30.72,22.51,83.15,2.12,3.75,12.29,95.86,92.31,22.64,IDR,22.72,75.86,subtropical_dry,NASA_POWER_daily_ag,3.284,8.573,2.7488,dewpoint,573.8,39.041
2017-08-04,26.06,30.83,22.69,82.92,0.24,3.14,16.99,95.67,60.89,22.7,IDR,22.72,75.86,subtropical_dry,NASA_POWER_daily_ag,3.889,11.281,2.7589,dewpoint,594.2,38.991
2017-08-05,25.79,29.44,22.73,83.28,0.05,2.68,17.33,95.75,83.38,22.54,IDR,22.72,75.86,subtropical_dry,NASA_POWER_daily_ag,3.839,11.469,2.7322,dewpoint,585.6,38.939
2017-08-06,25.65,29.51,22.52,84.3,0.52,2.21,11.56,95.83,97.59,22.63,IDR,22.72,75.86,subtropical_dry,NASA_POWER_daily_ag,2.87,8.15,2.7472,dewpoint,577.0,38.885
2017-08-07,26.0,30.65,22.98,84.61,0.39,2.87,12.28,95.88,99.7,23.02,IDR,22.72,75.86,subtropical_dry,NASA_POWER_daily_ag,3.072,8.575,2.8128,dewpoint,571.6,38.83
2017-08-08,25.04,27.78,23.39,88.71,0.68,3.62,11.83,95.92,99.37,22.99,IDR,22.72,75.86,subtropical_dry,NASA_POWER_daily_ag,2.711,8.322,2.8077,dewpoint,567.3,38.773
2017-08-09,25.05,27.81,22.83,87.65,0.52,3.04,17.7,95.93,78.27,22.76,IDR,22.72,75.86,subtropical_dry,NASA_POWER_daily_ag,3.584,11.709,2.7689,dewpoint,566.3,38.714
2017-08-10,25.79,29.91,22.68,83.85,0.54,3.3,16.94,95.94,93.06,22.66,IDR,22.72,75.86,subtropical_dry,NASA_POWER_daily_ag,3.797,11.228,2.7522,dewpoint,565.2,38.653
2017-08-11,25.58,29.05,22.98,85.14,0.43,3.41,17.13,95.98,92.78,22.75,IDR,22.72,75.86,subtropical_dry,NASA_POWER_daily_ag,3.72,11.349,2.7672,dewpoint,560.9,38.591
2017-08-12,25.6,29.68,22.87,84.49,1.04,3.72,13.16,96.03,99.4,22.62,IDR,22.72,75.86,subtropical_dry,NASA_POWER_daily_ag,3.251,9.043,2.7455,dewpoint,555.5,38.527
2017-08-13,25.69,30.52,22.3,84.05,2.52,3.81,12.58,96.1,93.78,22.59,IDR,22.72,75.86,subtropical_dry,NASA_POWER_daily_ag,3.229,8.701,2.7405,dewpoint,548.1,38.461
2017-08-14,25.97,30.8,22.42,81.86,0.13,3.01,17.93,96.25,64.76,22.36,IDR,22.72,75.86,subtropical_dry,NASA_POWER_daily_ag,4.048,11.721,2.7025,dewpoint,532.0,38.393
2017-08-15,25.97,30.04,22.74,82.7,0.14,3.0,13.09,96.2,61.3,22.59,IDR,22.72,75.86,subtropical_dry,NASA_POWER_daily_ag,3.304,8.984,2.7405,dewpoint,537.4,38.323
2017-08-16,26.03,30.44,23.0,82.27,0.03,3.2,19.86,96.03,54.79,22.53,IDR,22.72,75.86,subtropical_dry,NASA_POWER_daily_ag,4.313,12.83,2.7306,dewpoint,555.5,38.252
2017-08-17,26.12,30.85,22.66,81.05,0.05,2.85,17.16,95.84,77.14,22.33,IDR,22.72,75.86,subtropical_dry,NASA_POWER_daily_ag,3.978,11.26,2.6976,dewpoint,575.9,38.178
2017-08-18,25.2,28.23,22.46,87.57,36.2,2.78,16.48,95.79,96.08,22.93,IDR,22.72,75.86,subtropical_dry,NASA_POWER_daily_ag,3.407,10.972,2.7976,dewpoint,581.3,38.103
2017-08-19,25.03,27.87,22.42,90.46,20.63,2.99,7.84,95.76,98.06,23.33,IDR,22.72,75.86,subtropical_dry,NASA_POWER_daily_ag,2.008,5.975,2.866,dewpoint,584.5,38.026
2017-08-20,26.72,30.87,23.25,85.37,17.5,2.37,16.35,95.57,80.65,23.94,IDR,22.72,75.86,subtropical_dry,NASA_POWER_daily_ag,3.627,10.965,2.9732,dewpoint,604.9,37.946
2017-08-21,26.64,30.8,23.63,86.7,11.77,1.84,18.14,95.45,53.43,24.13,IDR,22.72,75.86,subtropical_dry,NASA_POWER_daily_ag,3.817,12.032,3.0073,dewpoint,617.8,37.865
2017-08-22,25.75,30.56,21.71,84.24,2.66,2.24,13.39,95.72,85.34,22.71,IDR,22.72,75.86,subtropical_dry,NASA_POWER_daily_ag,3.14,9.134,2.7605,dewpoint,588.8,37.782
2017-08-23,25.38,30.35,21.2,83.01,0.13,2.61,14.29,96.02,61.6,22.06,IDR,22.72,75.86,subtropical_dry,NASA_POWER_daily_ag,3.348,9.588,2.6536,dewpoint,556.6,37.696
2017-08-24,26.2,30.97,22.72,85.54,7.35,2.98,11.09,95.97,90.51,23.4,IDR,22.72,75.86,subtropical_dry,NASA_POWER_daily_ag,2.858,7.835,2.8781,dewpoint,562.0,37.609
2017-08-25,25.64,29.42,23.27,88.39,20.61,2.77,14.79,95.77,94.48,23.48,IDR,22.72,75.86,subtropical_dry,NASA_POWER_daily_ag,3.158,9.985,2.892,dewpoint,583.4,37.519
2017-08-26,25.71,29.72,22.81,87.13,17.85,2.59,12.91,95.6,96.43,23.28,IDR,22.72,75.86,subtropical_dry,NASA_POWER_daily_ag,2.951,8.877,2.8574,dewpoint,601.7,37.428
2017-08-27,25.93,29.03,23.67,91.64,24.2,2.25,15.52,95.49,94.79,24.43,IDR,22.72,75.86,subtropical_dry,NASA_POWER_daily_ag,3.132,10.502,3.0618,dewpoint,613.5,37.335
2017-08-28,26.66,29.7,23.97,86.37,16.65,2.02,13.38,95.37,97.08,24.1,IDR,22.72,75.86,subtropical_dry,NASA_POWER_daily_ag,3.074,9.195,3.0019,dewpoint,626.4,37.239
2017-08-29,26.22,29.73,24.1,89.11,27.84,1.3,7.97,95.24,98.65,24.2,IDR,22.72,75.86,subtropical_dry,NASA_POWER_daily_ag,2.016,6.022,3.0199,dewpoint,640.4,37.141
2017-08-30,25.26,28.91,22.58,89.89,10.14,3.65,11.5,95.53,95.33,23.43,IDR,22.72,75.86,subtropical_dry,NASA_POWER_daily_ag,2.584,8.054,2.8833,dewpoint,609.2,37.042
2017-08-31,25.01,29.79,21.07,85.4,0.19,2.54,21.85,96.06,23.81,22.17,IDR,22.72,75.86,subtropical_dry,NASA_POWER_daily_ag,4.244,13.791,2.6715,dewpoint,552.3,36.94
2017-09-01,25.08,29.65,21.48,85.03,0.04,2.2,19.1,96.18,42.35,22.17,IDR,22.72,75.86,subtropical_dry,NASA_POWER_daily_ag,3.859,12.23,2.6715,dewpoint,539.5,36.836
2017-09-02,24.01,27.45,20.11,87.8,1.03,2.03,20.27,96.15,64.52,21.77,IDR,22.72,75.86,subtropical_dry,NASA_POWER_daily_ag,3.795,12.873,2.6071,dewpoint,542.7,36.731
2017-09-03,24.73,27.75,22.04,88.6,8.77,1.9,8.01,96.16,88.42,22.63,IDR,22.72,75.86,subtropical_dry,NASA_POWER_daily_ag,2.032,6.009,2.7472,dewpoint,541.6,36.623
2017-09-04,26.13,30.65,22.57,85.49,0.88,2.27,15.59,96.28,67.52,23.33,IDR,22.72,75.86,subtropical_dry,NASA_POWER_daily_ag,3.419,10.339,2.866,dewpoint,528.8,36.513
2017-09-05,25.78,29.87,22.32,84.73,1.4,2.06,13.65,96.29,69.17,22.83,IDR,22.72,75.86,subtropical_dry,NASA_POWER_daily_ag,3.111,9.187,2.7807,dewpoint,527.7,36.401
2017-09-06,25.47,29.58,22.36,84.64,0.19,1.94,18.3,96.22,42.1,22.52,IDR,22.72,75.86,subtropical_dry,NASA_POWER_daily_ag,3.758,11.763,2.7289,dewpoint,535.2,36.288
2017-09-07,25.4,30.07,20.66,79.59,0.0,1.58,22.03,96.25,29.28,21.34,IDR,22.72,75.86,subtropical_dry,NASA_POWER_daily_ag,4.42,13.631,2.5394,dewpoint,532.0,36.172
2017-09-08,26.13,30.44,20.59,76.79,10.51,1.07,20.26,96.24,48.88,21.54,IDR,22.72,75.86,subtropical_dry,NASA_POWER_daily_ag,4.187,12.678,2.5707,dewpoint,533.1,36.054
2017-09-09,27.32,31.74,22.48,78.69,5.37,0.6,16.05,96.12,82.51,23.1,IDR,22.72,75.86,subtropical_dry,NASA_POWER_daily_ag,3.469,10.511,2.8265,dewpoint,545.9,35.935
2017-09-10,27.52,30.88,24.36,80.88,2.22,0.76,19.7,96.16,66.05,23.87,IDR,22.72,75.86,subtropical_dry,NASA_POWER_daily_ag,4.115,12.677,2.9607,dewpoint,541.6,35.813
2017-09-11,27.71,30.37,24.33,79.4,5.32,0.58,16.04,96.29,89.76,23.74,IDR,22.72,75.86,subtropical_dry,NASA_POWER_daily_ag,3.478,10.559,2.9377,dewpoint,527.7,35.69
2017-09-12,26.75,29.48,23.74,84.43,16.24,0.81,14.98,96.37,92.98,23.85,IDR,22.72,75.86,subtropical_dry,NASA_POWER_daily_ag,3.215,9.97,2.9572,dewpoint,519.2,35.564
2017-09-13,26.56,30.3,23.17,85.45,6.23,1.24,15.01,96.3,94.45,23.79,IDR,22.72,75.86,subtropical_dry,NASA_POWER_daily_ag,3.24,9.968,2.9465,dewpoint,526.7,35.437
2017-09-14,26.42,29.91,23.21,84.66,6.92,1.1,14.41,96.18,91.72,23.5,IDR,22.72,75.86,subtropical_dry,NASA_POWER_daily_ag,3.13,9.588,2.8955,dewpoint,539.5,35.308
2017-09-15,25.7,29.04,23.04,87.93,19.57,1.18,8.16,96.08,98.82,23.45,IDR,22.72,75.86,subtropical_dry,NASA_POWER_daily_ag,2.021,6.036,2.8868,dewpoint,550.2,35.177
2017-09-16,25.92,29.16,23.08,89.05,8.58,0.78,12.32,95.96,91.63,23.89,IDR,22.72,75.86,subtropical_dry,NASA_POWER_daily_ag,2.645,8.421,2.9643,dewpoint,563.0,35.045
2017-09-17,26.86,30.41,23.38,85.35,6.93,0.81,15.84,95.96,92.4,24.06,IDR,22.72,75.86,subtropical_dry,NASA_POWER_daily_ag,3.348,10.43,2.9947,dewpoint,563.0,34.911
2017-09-18,26.57,30.51,23.72,82.2,12.13,1.27,12.86,96.0,98.43,23.11,IDR,22.72,75.86,subtropical_dry,NASA_POWER_daily_ag,2.966,8.626,2.8282,dewpoint,558.8,34.775
2017-09-19,25.92,31.42,21.61,77.72,0.14,1.54,18.38,95.91,64.53,21.34,IDR,22.72,75.86,subtropical_dry,NASA_POWER_daily_ag,3.932,11.417,2.5394,dewpoint,568.4,34.637
2017-09-20,25.53,31.53,20.16,78.21,5.53,2.21,15.27,95.79,92.12,21.08,IDR,22.72,75.86,subtropical_dry,NASA_POWER_daily_ag,3.59,9.732,2.4993,dewpoint,581.3,34.498
2017-09-21,24.88,28.16,22.85,91.0,24.75,3.17,5.88,95.88,99.71,23.26,IDR,22.72,75.86,subtropical_dry,NASA_POWER_daily_ag,1.683,4.716,2.8539,dewpoint,571.6,34.358
2017-09-22,24.46,28.63,21.7,89.01,8.79,3.37,8.67,96.07,95.85,22.45,IDR,22.72,75.86,subtropical_dry,NASA_POWER_daily_ag,2.171,6.254,2.7173,dewpoint,551.3,34.216
2017-09-23,24.89,30.05,21.02,87.04,0.64,2.26,17.94,96.35,34.66,22.41,IDR,22.72,75.86,subtropical_dry,NASA_POWER_daily_ag,3.512,11.311,2.7107,dewpoint,521.3,34.072
2017-09-24,24.72,30.28,19.99,85.02,0.0,2.04,21.17,96.43,7.45,21.81,IDR,22.72,75.86,subtropical_dry,NASA_POWER_daily_ag,4.009,12.95,2.6135,dewpoint,512.8,33.927
2017-09-25,24.89,30.15,20.72,85.01,0.0,2.03,22.11,96.28,14.53,21.98,IDR,22.72,75.86,subtropical_dry,NASA_POWER_daily_ag,4.155,13.46,2.6407,dewpoint,528.8,33.781
2017-09-26,24.72,30.31,20.27,82.43,0.0,1.69,21.39,96.28,18.57,21.23,IDR,22.72,75.86,subtropical_dry,NASA_POWER_daily_ag,4.089,12.9,2.5224,dewpoint,528.8,33.633
2017-09-27,25.51,31.48,20.18,79.74,0.0,1.66,21.96,96.3,33.88,21.43,IDR,22.72,75.86,subtropical_dry,NASA_POWER_daily_ag,4.324,13.192,2.5535,dewpoint,526.7,33.485
2017-09-28,26.02,31.46,21.98,81.48,0.0,2.09,18.89,96.21,67.38,22.36,IDR,22.72,75.86,subtropical_dry,NASA_POWER_daily_ag,3.941,11.685,2.7025,dewpoint,536.3,33.335
2017-09-29,25.87,31.47,21.92,79.54,0.0,2.08,19.86,96.18,48.49,21.76,IDR,22.72,75.86,subtropical_dry,NASA_POWER_daily_ag,4.125,12.069,2.6055,dewpoint,539.5,33.184
2017-09-30,25.35,31.66,20.41,77.65,0.0,2.12,19.99,96.32,46.29,20.8,IDR,22.72,75.86,subtropical_dry,NASA_POWER_daily_ag,4.153,11.954,2.4566,dewpoint,524.5,33.031
2017-10-01,25.26,32.23,19.35,72.21,0.0,1.77,21.67,96.32,19.7,19.42,IDR,22.72,75.86,subtropical_dry,NASA_POWER_daily_ag,4.441,12.508,2.2556,dewpoint,524.5,32.878
2017-10-02,26.16,32.48,19.27,65.09,0.0,1.43,21.5,96.21,35.72,18.53,IDR,22.72,75.86,subtropical_dry,NASA_POWER_daily_ag,4.551,12.208,2.1338,dewpoint,536.3,32.724
2017-10-03,27.02,32.26,21.66,57.75,0.0,0.88,22.18,96.3,17.13,17.62,IDR,22.72,75.86,subtropical_dry,NASA_POWER_daily_ag,4.473,12.244,2.0152,dewpoint,526.7,32.569
2017-10-04,25.45,32.47,19.18,65.53,0.0,1.37,22.27,96.36,8.5,18.09,IDR,22.72,75.86,subtropical_dry,NASA_POWER_daily_ag,4.496,12.421,2.0757,dewpoint,520.3,32.414
2017-10-05,24.6,31.49,18.32,67.88,0.03,1.61,20.19,96.28,20.13,17.89,IDR,22.72,75.86,subtropical_dry,NASA_POWER_daily_ag,4.18,11.424,2.0498,dewpoint,528.8,32.257
2017-10-06,26.15,31.61,20.59,75.34,0.03,1.51,17.53,96.26,48.09,21.16,IDR,22.72,75.86,subtropical_dry,NASA_POWER_daily_ag,3.78,10.616,2.5116,dewpoint,530.9,32.1
2017-10-07,26.88,30.64,23.06,82.82,0.03,1.66,17.58,96.19,60.05,23.58,IDR,22.72,75.86,subtropical_dry,NASA_POWER_daily_ag,3.687,11.015,2.9095,dewpoint,538.4,31.943
2017-10-08,27.1,31.1,22.65,78.84,0.25,1.31,18.58,96.1,64.62,22.86,IDR,22.72,75.86,subtropical_dry,NASA_POWER_daily_ag,3.896,11.4,2.7857,dewpoint,548.1,31.785
2017-10-09,26.25,29.95,22.99,84.76,0.59,1.56,16.07,96.06,85.94,23.34,IDR,22.72,75.86,subtropical_dry,NASA_POWER_daily_ag,3.327,10.13,2.8677,dewpoint,552.3,31.626
2017-10-10,25.04,28.42,23.15,87.81,7.79,1.72,15.13,96.1,74.58,22.8,IDR,22.72,75.86,subtropical_dry,NASA_POWER_daily_ag,2.993,9.546,2.7756,dewpoint,548.1,31.467
2017-10-11,25.42,29.76,22.28,84.31,3.23,1.73,12.31,96.15,91.84,22.43,IDR,22.72,75.86,subtropical_dry,NASA_POWER_daily_ag,2.739,7.984,2.714,dewpoint,542.7,31.308
2017-10-12,26.29,30.65,22.75,75.74,1.29,0.76,12.93,96.18,89.07,21.43,IDR,22.72,75.86,subtropical_dry,NASA_POWER_daily_ag,2.832,8.172,2.5535,dewpoint,539.5,31.149
2017-10-13,26.71,31.75,21.91,71.81,0.01,1.02,12.01,96.12,87.39,20.83,IDR,22.72,75.86,subtropical_dry,NASA_POWER_daily_ag,2.896,7.632,2.4612,dewpoint,545.9,30.989
2017-10-14,26.92,32.03,21.5,66.7,0.0,1.2,17.33,96.11,37.37,19.82,IDR,22.72,75.86,subtropical_dry,NASA_POWER_daily_ag,3.824,10.074,2.3124,dewpoint,547.0,30.829
2017-10-15,26.41,32.82,19.86,62.5,0.0,0.93,19.67,96.2,11.26,18.03,IDR,22.72,75.86,subtropical_dry,NASA_POWER_daily_ag,3.978,10.822,2.0679,dewpoint,537.4,30.67
2017-10-16,25.36,31.97,20.27,66.13,0.0,1.26,21.05,96.27,3.43,18.2,IDR,22.72,75.86,subtropical_dry,NASA_POWER_daily_ag,4.153,11.464,2.0901,dewpoint,529.9,30.511
2017-10-17,24.0,32.32,17.71,66.61,0.0,1.58,20.71,96.29,0.14,16.66,IDR,22.72,75.86,subtropical_dry,NASA_POWER_daily_ag,4.102,11.016,1.8964,dewpoint,527.7,30.351
2017-10-18,23.98,31.45,16.34,57.21,0.0,1.61,20.62,96.29,0.24,14.28,IDR,22.72,75.86,subtropical_dry,NASA_POWER_daily_ag,4.289,10.544,1.6279,dewpoint,527.7,30.192
2017-10-19,23.43,30.6,15.6,56.14,0.0,1.42,19.0,96.26,13.55,13.7,IDR,22.72,75.86,subtropical_dry,NASA_POWER_daily_ag,3.938,9.804,1.5677,dewpoint,530.9,30.034
2017-10-20,24.83,31.36,17.77,67.82,0.0,1.21,15.98,96.23,45.47,18.2,IDR,22.72,75.86,subtropical_dry,NASA_POWER_daily_ag,3.391,9.118,2.0901,dewpoint,534.1,29.876
2017-10-21,25.93,32.4,20.68,71.04,0.0,1.38,16.5,96.25,31.47,19.84,IDR,22.72,75.86,subtropical_dry,NASA_POWER_daily_ag,3.57,9.506,2.3152,dewpoint,532.0,29.718
2017-10-22,23.64,31.42,18.03,64.92,0.0,2.26,18.81,96.35,3.69,16.1,IDR,22.72,75.86,subtropical_dry,NASA_POWER_daily_ag,4.122,9.937,1.8299,dewpoint,521.3,29.561
2017-10-23,22.14,30.71,15.33,64.19,0.0,1.85,20.4,96.51,14.31,14.4,IDR,22.72,75.86,subtropical_dry,NASA_POWER_daily_ag,3.958,10.338,1.6406,dewpoint,504.2,29.405
2017-10-24,22.61,30.9,15.75,56.85,0.0,1.56,20.56,96.7,0.33,12.35,IDR,22.72,75.86,subtropical_dry,NASA_POWER_daily_ag,4.058,9.94,1.4353,dewpoint,484.0,29.249
2017-10-25,22.48,31.07,15.3,51.4,0.0,0.92,20.26,96.83,0.37,11.1,IDR,22.72,75.86,subtropical_dry,NASA_POWER_daily_ag,3.593,9.563,1.3215,dewpoint,470.1,29.095
2017-10-26,22.75,30.75,17.89,51.61,0.0,1.02,19.97,96.87,0.34,11.67,IDR,22.72,75.86,subtropical_dry,NASA_POWER_daily_ag,3.633,9.435,1.3723,dewpoint,465.9,28.941
2017-10-27,23.71,30.67,18.6,50.7,0.0,0.93,19.32,96.78,1.35,12.43,IDR,22.72,75.86,subtropical_dry,NASA_POWER_daily_ag,3.593,9.278,1.4428,dewpoint,475.5,28.788
2017-10-28,23.91,31.06,18.32,52.92,0.0,0.72,18.92,96.78,2.3,13.08,IDR,22.72,75.86,subtropical_dry,NASA_POWER_daily_ag,3.385,9.203,1.5056,dewpoint,475.5,28.636
2017-10-29,23.39,30.43,18.28,55.96,0.0,0.84,17.4,96.89,18.21,13.53,IDR,22.72,75.86,subtropical_dry,NASA_POWER_daily_ag,3.253,8.702,1.5505,dewpoint,463.8,28.486
2017-10-30,23.52,30.39,17.9,53.15,0.0,0.53,18.26,96.89,3.37,12.74,IDR,22.72,75.86,subtropical_dry,NASA_POWER_daily_ag,3.108,8.861,1.4725,dewpoint,463.8,28.337
2017-10-31,23.09,30.2,16.37,51.29,0.0,1.02,18.21,96.75,0.02,11.8,IDR,22.72,75.86,subtropical_dry,NASA_POWER_daily_ag,3.473,8.707,1.3842,dewpoint,478.7,28.189
2017-11-01,22.13,29.75,14.28,50.49,0.0,1.57,17.86,96.84,0.31,10.44,IDR,22.72,75.86,subtropical_dry,NASA_POWER_daily_ag,3.788,8.415,1.2646,dewpoint,469.1,28.043
2017-11-02,22.28,30.23,14.98,53.15,0.0,1.26,18.14,96.78,0.1,11.53,IDR,22.72,75.86,subtropical_dry,NASA_POWER_daily_ag,3.533,8.603,1.3597,dewpoint,475.5,27.898
2017-11-03,22.44,30.65,14.43,52.26,0.0,1.4,17.7,96.68,0.08,11.2,IDR,22.72,75.86,subtropical_dry,NASA_POWER_daily_ag,3.628,8.364,1.3303,dewpoint,486.1,27.755
2017-11-04,20.67,28.98,13.91,63.1,0.0,1.73,16.95,96.8,0.0,12.63,IDR,22.72,75.86,subtropical_dry,NASA_POWER_daily_ag,3.348,8.36,1.4619,dewpoint,473.3,27.613
2017-11-05,20.96,28.79,13.28,62.63,0.0,1.78,18.21,96.86,0.14,12.8,IDR,22.72,75.86,subtropical_dry,NASA_POWER_daily_ag,3.523,8.834,1.4783,dewpoint,466.9,27.473
2017-11-06,21.64,29.66,14.1,60.06,0.0,1.38,18.0,96.85,0.17,12.73,IDR,22.72,75.86,subtropical_dry,NASA_POWER_daily_ag,3.405,8.65,1.4715,dewpoint,468.0,27.335
2017-11-07,22.05,29.63,14.51,56.15,0.0,1.33,18.08,96.83,0.38,12.21,IDR,22.72,75.86,subtropical_dry,NASA_POWER_daily_ag,3.466,8.54,1.4221,dewpoint,470.1,27.199
2017-11-08,22.36,29.72,15.58,53.85,0.0,1.11,17.42,96.81,0.05,11.87,IDR,22.72,75.86,subtropical_dry,NASA_POWER_daily_ag,3.297,8.181,1.3906,dewpoint,472.3,27.065
2017-11-09,22.48,29.29,16.55,52.48,0.0,0.93,16.43,96.71,2.29,11.68,IDR,22.72,75.86,subtropical_dry,NASA_POWER_daily_ag,3.08,7.771,1.3732,dewpoint,482.9,26.933
2017-11-10,22.05,29.78,15.29,49.75,0.0,1.32,16.37,96.76,0.0,10.11,IDR,22.72,75.86,subtropical_dry,NASA_POWER_daily_ag,3.381,7.506,1.237,dewpoint,477.6,26.803
2017-11-11,21.48,29.06,13.49,45.53,0.0,1.4,16.66,96.81,0.18,8.42,IDR,22.72,75.86,subtropical_dry,NASA_POWER_daily_ag,3.475,7.402,1.1038,dewpoint,472.3,26.675
2017-11-12,20.23,28.77,11.86,49.02,0.0,1.48,16.71,96.65,0.18,8.16,IDR,22.72,75.86,subtropical_dry,NASA_POWER_daily_ag,3.368,7.413,1.0845,dewpoint,489.3,26.55
2017-11-13,20.17,28.21,12.83,50.75,0.0,1.48,16.12,96.48,17.51,8.81,IDR,22.72,75.86,subtropical_dry,NASA_POWER_daily_ag,3.268,7.284,1.1334,dewpoint,507.4,26.426
2017-11-14,20.79,28.79,13.66,54.42,0.0,1.36,14.58,96.41,28.89,10.5,IDR,22.72,75.86,subtropical_dry,NASA_POWER_daily_ag,3.044,6.954,1.2697,dewpoint,514.9,26.306
2017-11-15,21.13,28.86,15.0,57.19,0.0,1.01,15.87,96.48,0.47,11.62,IDR,22.72,75.86,subtropical_dry,NASA_POWER_daily_ag,2.888,7.445,1.3678,dewpoint,507.4,26.188
2017-11-16,21.6,29.41,14.17,53.33,0.0,1.12,15.37,96.56,1.98,10.94,IDR,22.72,75.86,subtropical_dry,NASA_POWER_daily_ag,3.005,7.162,1.3075,dewpoint,498.9,26.072
2017-11-17,22.21,29.55,15.28,56.51,0.0,1.1,14.04,96.58,11.73,12.5,IDR,22.72,75.86,subtropical_dry,NASA_POWER_daily_ag,2.874,6.878,1.4495,dewpoint,496.8,25.959
2017-11-18,22.52,30.33,16.09,60.22,0.0,1.06,13.59,96.64,10.02,13.49,IDR,22.72,75.86,subtropical_dry,NASA_POWER_daily_ag,2.781,6.786,1.5465,dewpoint,490.4,25.848
2017-11-19,22.32,29.7,15.69,63.02,0.0,1.25,13.9,96.77,16.67,14.17,IDR,22.72,75.86,subtropical_dry,NASA_POWER_daily_ag,2.861,6.979,1.6163,dewpoint,476.5,25.741
2017-11-20,22.39,29.83,16.95,57.32,0.0,1.8,10.23,96.88,38.97,12.91,IDR,22.72,75.86,subtropical_dry,NASA_POWER_daily_ag,2.996,5.565,1.489,dewpoint,464.8,25.636
2017-11-21,21.47,28.89,15.29,56.04,0.0,1.83,8.61,96.79,53.88,11.8,IDR,22.72,75.86,subtropical_dry,NASA_POWER_daily_ag,2.844,4.996,1.3842,dewpoint,474.4,25.534
2017-11-22,21.69,29.76,15.82,59.63,0.0,1.49,14.06,96.69,12.27,12.96,IDR,22.72,75.86,subtropical_dry,NASA_POWER_daily_ag,2.982,6.796,1.4939,dewpoint,485.0,25.435
2017-11-23,20.61,29.36,13.47,49.23,0.0,1.49,15.06,96.67,0.86,8.96,IDR,22.72,75.86,subtropical_dry,NASA_POWER_daily_ag,3.167,6.616,1.145,dewpoint,487.2,25.339
2017-11-24,19.94,28.89,12.51,45.74,0.0,1.55,15.75,96.85,5.41,6.92,IDR,22.72,75.86,subtropical_dry,NASA_POWER_daily_ag,3.273,6.544,0.9964,dewpoint,468.0,25.245
2017-11-25,20.0,29.68,11.08,35.43,0.0,1.61,16.82,96.9,25.35,2.85,IDR,22.72,75.86,subtropical_dry,NASA_POWER_daily_ag,3.576,6.23,0.7497,dewpoint,462.7,25.155
2017-11-26,20.77,29.84,12.25,36.82,0.0,1.3,16.68,96.99,7.87,4.3,IDR,22.72,75.86,subtropical_dry,NASA_POWER_daily_ag,3.3,6.306,0.8306,dewpoint,453.1,25.069
2017-11-27,21.03,30.22,12.34,33.42,0.0,1.0,17.48,96.82,1.0,2.76,IDR,22.72,75.86,subtropical_dry,NASA_POWER_daily_ag,3.057,6.202,0.745,dewpoint,471.2,24.985
2017-11-28,20.33,29.7,12.23,36.31,0.0,1.19,17.2,96.75,1.8,3.57,IDR,22.72,75.86,subtropical_dry,NASA_POWER_daily_ag,3.163,6.264,0.789,dewpoint,478.7,24.904
2017-11-29,19.25,29.11,10.48,45.76,0.0,1.47,15.82,96.87,0.4,6.12,IDR,22.72,75.86,subtropical_dry,NASA_POWER_daily_ag,3.13,6.377,0.9429,dewpoint,465.9,24.827
2017-11-30,20.38,28.8,12.65,43.71,0.0,1.26,16.02,96.84,0.21,6.62,IDR,22.72,75.86,subtropical_dry,NASA_POWER_daily_ag,3.082,6.403,0.976,dewpoint,469.1,24.753
2017-12-01,20.35,29.23,12.23,43.93,0.0,1.5,15.65,96.77,26.51,6.59,IDR,22.72,75.86,subtropical_dry,NASA_POWER_daily_ag,3.259,6.286,0.974,dewpoint,476.5,24.683
2017-12-02,19.25,28.04,11.7,49.13,0.0,1.79,14.48,96.84,54.61,7.52,IDR,22.72,75.86,subtropical_dry,NASA_POWER_daily_ag,3.188,6.163,1.0382,dewpoint,469.1,24.615
2017-12-03,18.93,27.48,12.05,53.0,0.0,1.94,12.77,96.84,91.66,8.44,IDR,22.72,75.86,subtropical_dry,NASA_POWER_daily_ag,3.044,5.817,1.1053,dewpoint,469.1,24.552
2017-12-04,18.86,25.7,13.14,53.92,0.06,1.69,11.9,96.71,92.32,8.9,IDR,22.72,75.86,subtropical_dry,NASA_POWER_daily_ag,2.785,5.639,1.1403,dewpoint,482.9,24.491
2017-12-05,18.05,23.31,14.84,53.05,1.3,3.85,3.71,96.65,99.75,8.09,IDR,22.72,75.86,subtropical_dry,NASA_POWER_daily_ag,3.374,3.415,1.0794,dewpoint,489.3,24.435
2017-12-06,19.22,25.87,13.8,66.77,0.82,2.82,6.47,96.53,96.78,12.64,IDR,22.72,75.86,subtropical_dry,NASA_POWER_daily_ag,2.518,4.232,1.4629,dewpoint,502.1,24.381
2017-12-07,20.57,27.59,15.55,62.29,0.03,2.08,10.1,96.67,70.22,12.56,IDR,22.72,75.86,subtropical_dry,NASA_POWER_daily_ag,2.78,5.317,1.4552,dewpoint,487.2,24.332
2017-12-08,21.27,29.08,14.98,56.36,0.0,2.19,13.44,96.76,15.5,11.68,IDR,22.72,75.86,subtropical_dry,NASA_POWER_daily_ag,3.327,6.185,1.3732,dewpoint,477.6,24.286
2017-12-09,21.16,29.45,14.77,58.19,0.0,1.62,14.97,96.77,8.91,11.92,IDR,22.72,75.86,subtropical_dry,NASA_POWER_daily_ag,3.048,6.644,1.3952,dewpoint,476.5,24.243
2017-12-10,20.9,29.19,13.19,50.13,0.0,1.38,16.04,96.8,11.0,9.19,IDR,22.72,75.86,subtropical_dry,NASA_POWER_daily_ag,3.095,6.565,1.1629,dewpoint,473.3,24.205
2017-12-11,21.15,30.11,13.29,52.95,0.0,2.12,13.27,96.74,29.61,10.23,IDR,22.72,75.86,subtropical_dry,NASA_POWER_daily_ag,3.4,5.937,1.247,dewpoint,479.7,24.169
2017-12-12,20.27,27.16,14.52,64.79,0.0,1.63,13.66,96.83,10.95,12.67,IDR,22.72,75.86,subtropical_dry,NASA_POWER_daily_ag,2.745,6.409,1.4657,dewpoint,470.1,24.138
2017-12-13,20.07,27.82,12.92,50.38,0.0,1.51,14.15,96.88,10.38,8.79,IDR,22.72,75.86,subtropical_dry,NASA_POWER_daily_ag,2.975,6.055,1.1319,dewpoint,464.8,24.11
2017-12-14,20.7,28.74,13.38,57.16,0.0,1.72,13.42,96.91,8.1,11.23,IDR,22.72,75.86,subtropical_dry,NASA_POWER_daily_ag,2.978,6.117,1.3329,dewpoint,461.6,24.086
2017-12-15,21.25,28.99,14.12,59.37,0.0,1.82,12.77,96.99,15.13,12.23,IDR,22.72,75.86,subtropical_dry,NASA_POWER_daily_ag,2.993,6.021,1.424,dewpoint,453.1,24.066
2017-12-16,21.98,29.39,16.92,55.27,0.0,1.65,12.39,97.2,12.92,11.89,IDR,22.72,75.86,subtropical_dry,NASA_POWER_daily_ag,3.002,5.785,1.3924,dewpoint,430.8,24.05
2017-12-17,20.21,28.49,14.11,47.92,0.0,2.54,14.0,97.33,13.43,8.23,IDR,22.72,75.86,subtropical_dry,NASA_POWER_daily_ag,3.727,5.854,1.0897,dewpoint,417.0,24.037
2017-12-18,19.19,26.99,13.52,30.33,0.0,2.0,12.78,97.33,93.02,0.51,IDR,22.72,75.86,subtropical_dry,NASA_POWER_daily_ag,3.676,4.868,0.6338,dewpoint,417.0,24.028
2017-12-19,18.33,25.57,13.2,25.83,0.0,1.87,13.21,97.26,94.63,-2.49,IDR,22.72,75.86,subtropical_dry,NASA_POWER_daily_ag,3.583,4.735,0.5086,dewpoint,424.4,24.023
2017-12-20,19.54,28.61,14.19,23.5,0.0,2.48,10.09,97.26,97.5,-2.74,IDR,22.72,75.86,subtropical_dry,NASA_POWER_daily_ag,4.294,4.218,0.4992,dewpoint,424.4,24.021
2017-12-21,19.33,30.17,10.92,26.32,0.0,2.14,14.08,97.25,71.8,-1.76,IDR,22.72,75.86,subtropical_dry,NASA_POWER_daily_ag,3.98,4.799,0.5369,dewpoint,425.5,24.024
2017-12-22,17.88,24.35,13.43,33.17,0.0,2.41,12.19,97.15,57.44,1.06,IDR,22.72,75.86,subtropical_dry,NASA_POWER_daily_ag,3.764,4.916,0.6596,dewpoint,436.1,24.03
2017-12-23,20.17,29.14,13.63,31.7,0.0,1.79,11.5,96.89,72.07,1.64,IDR,22.72,75.86,subtropical_dry,NASA_POWER_daily_ag,3.497,4.702,0.6877,dewpoint,463.8,24.04
2017-12-24,20.02,29.37,11.31,29.42,0.0,1.59,14.64,96.8,4.49,0.66,IDR,22.72,75.86,subtropical_dry,NASA_POWER_daily_ag,3.442,5.169,0.6408,dewpoint,473.3,24.054
2017-12-25,18.88,29.32,11.72,27.75,0.0,2.22,14.55,96.97,7.44,-1.53,IDR,22.72,75.86,subtropical_dry,NASA_POWER_daily_ag,3.99,4.915,0.546,dewpoint,455.2,24.071
2017-12-26,17.93,27.9,9.55,24.33,0.0,2.12,16.09,97.06,10.57,-3.91,IDR,22.72,75.86,subtropical_dry,NASA_POWER_daily_ag,3.918,5.03,0.4573,dewpoint,445.7,24.092
2017-12-27,18.53,28.56,9.28,24.22,0.0,1.53,16.56,96.96,11.09,-3.4,IDR,22.72,75.86,subtropical_dry,NASA_POWER_daily_ag,3.389,5.133,0.4752,dewpoint,456.3,24.117
2017-12-28,19.62,29.67,10.14,23.85,0.0,1.32,16.69,96.85,11.14,-2.82,IDR,22.72,75.86,subtropical_dry,NASA_POWER_daily_ag,3.25,5.128,0.4962,dewpoint,468.0,24.146
2017-12-29,19.78,29.57,10.76,25.18,0.0,1.42,16.17,96.88,15.49,-1.78,IDR,22.72,75.86,subtropical_dry,NASA_POWER_daily_ag,3.353,5.174,0.5361,dewpoint,464.8,24.179
2017-12-30,19.71,28.96,10.99,30.14,0.0,1.49,15.57,96.86,6.66,0.94,IDR,22.72,75.86,subtropical_dry,NASA_POWER_daily_ag,3.344,5.44,0.6539,dewpoint,466.9,24.215
2017-12-31,19.54,28.24,11.93,31.76,0.0,1.59,14.78,96.72,6.13,1.54,IDR,22.72,75.86,subtropical_dry,NASA_POWER_daily_ag,3.374,5.392,0.6827,dewpoint,481.8,24.255
2018-01-01,19.1,27.9,11.07,33.45,0.0,1.4,15.09,96.55,0.89,1.92,IDR,22.72,75.86,subtropical_dry,NASA_POWER_daily_ag,3.141,5.557,0.7016,dewpoint,500.0,24.298
2018-01-02,18.39,27.49,10.99,33.52,0.0,1.56,14.66,96.6,2.77,1.14,IDR,22.72,75.86,subtropical_dry,NASA_POWER_daily_ag,3.219,5.431,0.6634,dewpoint,494.6,24.346
2018-01-03,18.11,27.1,9.16,24.25,0.0,1.65,15.45,96.76,9.99,-2.98,IDR,22.72,75.86,subtropical_dry,NASA_POWER_daily_ag,3.463,5.235,0.4904,dewpoint,477.6,24.397
2018-01-04,19.12,28.43,9.26,25.55,0.0,1.34,15.7,96.76,13.65,-1.76,IDR,22.72,75.86,subtropical_dry,NASA_POWER_daily_ag,3.223,5.349,0.5369,dewpoint,477.6,24.451
2018-01-05,19.4,28.53,11.74,28.91,0.0,1.23,15.39,96.66,8.05,0.13,IDR,22.72,75.86,subtropical_dry,NASA_POWER_daily_ag,3.063,5.427,0.6166,dewpoint,488.2,24.509
2018-01-06,17.91,27.77,9.93,26.58,0.0,1.65,15.75,96.61,6.84,-2.41,IDR,22.72,75.86,subtropical_dry,NASA_POWER_daily_ag,3.43,5.345,0.5116,dewpoint,493.6,24.571
2018-01-07,17.73,27.31,9.65,26.33,0.0,1.43,15.95,96.73,16.49,-3.08,IDR,22.72,75.86,subtropical_dry,NASA_POWER_daily_ag,3.217,5.362,0.4867,dewpoint,480.8,24.636
2018-01-08,17.82,27.7,9.71,28.91,0.0,2.07,15.13,96.85,11.78,-1.33,IDR,22.72,75.86,subtropical_dry,NASA_POWER_daily_ag,3.767,5.417,0.5541,dewpoint,468.0,24.705
2018-01-09,18.25,27.63,10.58,29.88,0.0,2.0,14.1,97.06,7.43,-0.16,IDR,22.72,75.86,subtropical_dry,NASA_POWER_daily_ag,3.678,5.351,0.6037,dewpoint,445.7,24.777
2018-01-10,19.08,28.67,10.82,24.76,0.0,1.79,15.22,97.12,5.93,-2.29,IDR,22.72,75.86,subtropical_dry,NASA_POWER_daily_ag,3.726,5.294,0.5162,dewpoint,439.3,24.852
2018-01-11,20.2,30.01,11.89,22.23,0.0,1.58,15.81,97.01,9.9,-2.49,IDR,22.72,75.86,subtropical_dry,NASA_POWER_daily_ag,3.653,5.281,0.5086,dewpoint,451.0,24.931
2018-01-12,21.93,31.45,14.28,25.62,0.0,1.69,15.33,96.9,29.55,1.0,IDR,22.72,75.86,subtropical_dry,NASA_POWER_daily_ag,3.872,5.463,0.6567,dewpoint,462.7,25.013
2018-01-13,22.65,30.96,14.95,27.51,0.0,1.47,11.02,96.88,62.09,2.45,IDR,22.72,75.86,subtropical_dry,NASA_POWER_daily_ag,3.476,4.89,0.7287,dewpoint,464.8,25.099
2018-01-14,22.79,29.06,17.51,39.06,0.0,1.23,11.41,96.9,54.01,7.86,IDR,22.72,75.86,subtropical_dry,NASA_POWER_daily_ag,3.019,5.403,1.0626,dewpoint,462.7,25.188
2018-01-15,23.18,31.78,15.74,38.82,0.0,1.39,15.81,96.88,5.21,6.83,IDR,22.72,75.86,subtropical_dry,NASA_POWER_daily_ag,3.55,6.321,0.9902,dewpoint,464.8,25.279
2018-01-16,21.97,31.44,13.9,23.91,0.0,1.52,17.17,96.73,9.49,-0.82,IDR,22.72,75.86,subtropical_dry,NASA_POWER_daily_ag,3.829,5.696,0.5753,dewpoint,480.8,25.375
2018-01-17,22.83,31.68,14.5,25.42,0.0,1.15,17.24,96.69,10.4,1.56,IDR,22.72,75.86,subtropical_dry,NASA_POWER_daily_ag,3.433,6.017,0.6837,dewpoint,485.0,25.473
2018-01-18,22.73,31.23,13.97,28.77,0.0,0.87,17.76,96.81,6.36,2.48,IDR,22.72,75.86,subtropical_dry,NASA_POWER_daily_ag,3.104,6.326,0.7303,dewpoint,472.3,25.574
2018-01-19,21.94,30.29,13.09,26.98,0.0,1.22,17.89,96.88,6.27,1.51,IDR,22.72,75.86,subtropical_dry,NASA_POWER_daily_ag,3.512,6.346,0.6813,dewpoint,464.8,25.678
2018-01-20,22.38,30.81,13.42,29.78,0.0,1.26,17.98,96.79,5.01,2.99,IDR,22.72,75.86,subtropical_dry,NASA_POWER_daily_ag,3.599,6.574,0.7572,dewpoint,474.4,25.785
2018-01-21,21.41,30.6,12.72,30.33,0.0,1.5,18.0,96.68,4.59,2.29,IDR,22.72,75.86,subtropical_dry,NASA_POWER_daily_ag,3.783,6.568,0.7204,dewpoint,486.1,25.895
2018-01-22,21.11,30.86,12.63,28.86,0.0,2.01,17.49,96.47,2.34,1.2,IDR,22.72,75.86,subtropical_dry,NASA_POWER_daily_ag,4.295,6.359,0.6662,dewpoint,508.5,26.008
2018-01-23,20.3,29.4,14.39,31.89,0.0,2.59,15.78,96.45,10.38,2.6,IDR,22.72,75.86,subtropical_dry,NASA_POWER_daily_ag,4.528,6.224,0.7365,dewpoint,510.6,26.123
2018-01-24,17.86,27.8,10.37,20.06,0.0,2.11,18.65,96.65,12.13,-7.15,IDR,22.72,75.86,subtropical_dry,NASA_POWER_daily_ag,4.27,5.948,0.3572,dewpoint,489.3,26.242
2018-01-25,17.3,27.88,8.01,15.82,0.0,1.42,18.47,96.63,6.83,-9.8,IDR,22.72,75.86,subtropical_dry,NASA_POWER_daily_ag,3.513,5.828,0.2903,dewpoint,491.4,26.362
2018-01-26,17.68,28.06,8.54,19.65,0.0,1.67,18.99,96.65,8.78,-6.88,IDR,22.72,75.86,subtropical_dry,NASA_POWER_daily_ag,3.83,6.215,0.3647,dewpoint,489.3,26.486
2018-01-27,19.21,29.24,9.21,19.42,0.0,1.23,18.91,96.62,11.03,-5.86,IDR,22.72,75.86,subtropical_dry,NASA_POWER_daily_ag,3.482,6.261,0.3945,dewpoint,492.5,26.612
2018-01-28,20.7,30.08,10.2,20.44,0.0,1.31,18.51,96.69,19.3,-3.34,IDR,22.72,75.86,subtropical_dry,NASA_POWER_daily_ag,3.706,6.431,0.4773,dewpoint,485.0,26.74
2018-01-29,22.04,30.89,13.97,22.68,0.0,1.06,17.84,96.88,20.73,-1.04,IDR,22.72,75.86,subtropical_dry,NASA_POWER_daily_ag,3.437,6.407,0.5661,dewpoint,464.8,26.871
2018-01-30,21.75,32.66,12.72,22.42,0.0,1.4,18.68,96.92,20.92,-2.05,IDR,22.72,75.86,subtropical_dry,NASA_POWER_daily_ag,3.899,6.445,0.5255,dewpoint,460.6,27.004
2018-01-31,22.9,33.38,14.48,18.38,0.0,1.25,19.18,96.87,6.37,-3.8,IDR,22.72,75.86,subtropical_dry,NASA_POWER_daily_ag,3.838,6.236,0.4611,dewpoint,465.9,27.139
2018-02-01,23.33,33.09,13.17,17.5,0.0,1.16,18.07,96.83,2.25,-3.98,IDR,22.72,75.86,subtropical_dry,NASA_POWER_daily_ag,3.742,6.181,0.4549,dewpoint,470.1,27.276
2018-02-02,23.35,33.46,15.55,17.3,0.0,1.24,19.53,96.64,0.8,-3.74,IDR,22.72,75.86,subtropical_dry,NASA_POWER_daily_ag,3.902,6.365,0.4632,dewpoint,490.4,27.415
2018-02-03,22.68,32.65,14.35,24.93,0.0,1.68,18.42,96.67,2.0,0.48,IDR,22.72,75.86,subtropical_dry,NASA_POWER_daily_ag,4.35,6.867,0.6325,dewpoint,487.2,27.557
2018-02-04,22.86,32.09,14.56,25.76,0.0,1.98,18.35,96.71,19.53,1.38,IDR,22.72,75.86,subtropical_dry,NASA_POWER_daily_ag,4.713,7.041,0.6749,dewpoint,482.9,27.7
2018-02-05,23.8,34.03,15.17,26.24,0.0,1.59,15.81,96.83,82.39,1.95,IDR,22.72,75.86,subtropical_dry,NASA_POWER_daily_ag,4.217,6.483,0.7031,dewpoint,470.1,27.845
2018-02-06,22.8,30.35,17.11,28.24,0.0,1.19,10.77,96.9,97.81,2.85,IDR,22.72,75.86,subtropical_dry,NASA_POWER_daily_ag,3.286,5.5,0.7497,dewpoint,462.7,27.991
2018-02-07,23.54,30.74,17.38,27.72,0.0,1.57,10.82,96.76,83.56,3.32,IDR,22.72,75.86,subtropical_dry,NASA_POWER_daily_ag,3.834,5.558,0.7751,dewpoint,477.6,28.14
2018-02-08,23.17,31.65,17.14,29.84,0.0,1.52,17.82,96.56,7.05,4.0,IDR,22.72,75.86,subtropical_dry,NASA_POWER_daily_ag,4.155,7.382,0.8133,dewpoint,498.9,28.29
2018-02-09,21.71,30.99,14.21,21.16,0.0,1.73,19.12,96.62,50.02,-2.6,IDR,22.72,75.86,subtropical_dry,NASA_POWER_daily_ag,4.48,7.065,0.5044,dewpoint,492.5,28.441
2018-02-10,21.64,31.56,13.45,20.86,0.0,2.31,19.37,96.69,36.32,-2.4,IDR,22.72,75.86,subtropical_dry,NASA_POWER_daily_ag,5.151,7.2,0.512,dewpoint,485.0,28.594
2018-02-11,23.0,31.4,15.81,29.37,0.34,2.15,14.78,96.68,53.78,3.34,IDR,22.72,75.86,subtropical_dry,NASA_POWER_daily_ag,4.695,6.718,0.7762,dewpoint,486.1,28.748
2018-02-12,21.84,30.07,14.98,40.62,0.12,1.66,17.13,96.92,41.62,6.57,IDR,22.72,75.86,subtropical_dry,NASA_POWER_daily_ag,4.024,7.843,0.9727,dewpoint,460.6,28.904
2018-02-13,21.95,29.78,14.44,44.92,0.0,2.65,14.94,97.18,16.76,8.51,IDR,22.72,75.86,subtropical_dry,NASA_POWER_daily_ag,4.53,7.436,1.1106,dewpoint,432.9,29.061
2018-02-14,20.86,28.69,13.89,36.08,0.0,2.65,15.24,97.4,37.04,4.26,IDR,22.72,75.86,subtropical_dry,NASA_POWER_daily_ag,4.75,7.183,0.8283,dewpoint,409.6,29.218
2018-02-15,21.19,31.33,12.41,24.83,0.0,1.81,20.63,97.33,7.07,-1.18,IDR,22.72,75.86,subtropical_dry,NASA_POWER_daily_ag,4.647,7.972,0.5603,dewpoint,417.0,29.377
2018-02-16,22.52,33.01,13.3,24.47,0.0,1.43,21.42,97.14,0.2,-0.57,IDR,22.72,75.86,subtropical_dry,NASA_POWER_daily_ag,4.412,8.163,0.5859,dewpoint,437.2,29.537
2018-02-17,23.23,33.52,14.88,22.75,0.0,1.34,20.51,96.74,0.46,-0.65,IDR,22.72,75.86,subtropical_dry,NASA_POWER_daily_ag,4.322,7.904,0.5825,dewpoint,479.7,29.697
2018-02-18,24.58,34.17,15.0,19.37,0.0,1.21,21.41,96.57,5.93,-1.47,IDR,22.72,75.86,subtropical_dry,NASA_POWER_daily_ag,4.364,8.021,0.5485,dewpoint,497.8,29.858
2018-02-19,24.71,34.31,15.82,23.86,0.0,1.31,17.29,96.62,32.62,1.54,IDR,22.72,75.86,subtropical_dry,NASA_POWER_daily_ag,4.238,7.422,0.6827,dewpoint,492.5,30.02
2018-02-20,24.84,34.17,16.73,23.75,0.0,1.92,20.91,96.66,0.29,1.66,IDR,22.72,75.86,subtropical_dry,NASA_POWER_daily_ag,5.293,8.374,0.6887,dewpoint,488.2,30.182
2018-02-21,25.89,34.57,16.3,18.52,0.0,1.16,20.3,96.53,0.12,-1.03,IDR,22.72,75.86,subtropical_dry,NASA_POWER_daily_ag,4.39,7.923,0.5665,dewpoint,502.1,30.345
2018-02-22,26.34,35.18,18.85,18.58,0.0,1.26,20.7,96.44,1.48,0.04,IDR,22.72,75.86,subtropical_dry,NASA_POWER_daily_ag,4.593,8.063,0.6126,dewpoint,511.7,30.508
2018-02-23,26.48,36.11,18.17,20.19,0.0,1.56,19.84,96.45,6.07,0.74,IDR,22.72,75.86,subtropical_dry,NASA_POWER_daily_ag,5.003,7.99,0.6445,dewpoint,510.6,30.672
2018-02-24,27.34,35.71,20.87,26.35,0.0,1.68,16.7,96.64,22.85,5.93,IDR,22.72,75.86,subtropical_dry,NASA_POWER_daily_ag,4.938,7.76,0.9306,dewpoint,490.4,30.836
2018-02-25,27.2,35.57,19.64,25.36,0.0,1.32,17.66,96.78,10.11,5.19,IDR,22.72,75.86,subtropical_dry,NASA_POWER_daily_ag,4.552,8.036,0.8839,dewpoint,475.5,31.0
2018-02-26,26.74,35.72,19.09,23.38,0.0,2.1,19.87,96.73,0.51,3.42,IDR,22.72,75.86,subtropical_dry,NASA_POWER_daily_ag,5.756,8.49,0.7807,dewpoint,480.8,31.164
2018-02-27,26.91,36.06,18.86,19.35,0.0,1.64,20.61,96.65,8.29,0.9,IDR,22.72,75.86,subtropical_dry,NASA_POWER_daily_ag,5.281,8.39,0.652,dewpoint,489.3,31.328
2018-02-28,27.16,36.47,17.99,19.7,0.0,1.61,21.07,96.59,29.75,1.32,IDR,22.72,75.86,subtropical_dry,NASA_POWER_daily_ag,5.321,8.641,0.672,dewpoint,495.7,31.491
2018-03-01,28.86,37.49,20.97,21.92,0.0,1.6,18.91,96.47,27.36,4.26,IDR,22.72,75.86,subtropical_dry,NASA_POWER_daily_ag,5.304,8.337,0.8283,dewpoint,508.5,31.655
2018-03-02,28.18,37.34,20.0,23.49,0.0,1.62,20.16,96.41,4.62,4.36,IDR,22.72,75.86,subtropical_dry,NASA_POWER_daily_ag,5.362,8.8,0.8341,dewpoint,514.9,31.818
2018-03-03,28.11,36.85,20.79,19.79,0.0,2.85,20.44,96.38,0.49,2.2,IDR,22.72,75.86,subtropical_dry,NASA_POWER_daily_ag,7.092,8.62,0.7158,dewpoint,518.1,31.981
2018-03-04,27.93,36.49,20.08,20.74,0.0,2.23,17.58,96.34,42.12,2.82,IDR,22.72,75.86,subtropical_dry,NASA_POWER_daily_ag,6.042,8.009,0.7481,dewpoint,522.4,32.144
2018-03-05,27.29,35.62,20.45,25.02,0.0,1.97,19.34,96.52,22.09,4.78,IDR,22.72,75.86,subtropical_dry,NASA_POWER_daily_ag,5.674,8.817,0.859,dewpoint,503.2,32.306
2018-03-06,27.27,36.57,18.78,24.54,0.0,1.91,21.18,96.62,2.44,4.08,IDR,22.72,75.86,subtropical_dry,NASA_POWER_daily_ag,5.784,9.339,0.8179,dewpoint,492.5,32.467
2018-03-07,27.54,36.32,18.53,19.42,0.01,2.04,12.12,96.54,61.17,1.64,IDR,22.72,75.86,subtropical_dry,NASA_POWER_daily_ag,5.398,6.541,0.6877,dewpoint,501.0,32.628
2018-03-08,28.54,35.14,23.22,25.75,0.02,3.21,19.04,96.59,28.12,6.63,IDR,22.72,75.86,subtropical_dry,NASA_POWER_daily_ag,7.299,9.017,0.9767,dewpoint,495.7,32.788
2018-03-09,27.88,37.19,18.91,28.3,0.0,1.95,19.62,96.6,13.12,5.98,IDR,22.72,75.86,subtropical_dry,NASA_POWER_daily_ag,5.774,9.226,0.9338,dewpoint,494.6,32.947
2018-03-10,28.87,36.81,20.64,20.15,0.0,1.21,17.12,96.59,42.2,3.14,IDR,22.72,75.86,subtropical_dry,NASA_POWER_daily_ag,4.697,8.123,0.7653,dewpoint,495.7,33.105
2018-03-11,28.29,37.58,20.28,17.04,0.0,1.64,20.47,96.56,12.05,0.15,IDR,22.72,75.86,subtropical_dry,NASA_POWER_daily_ag,5.604,8.748,0.6175,dewpoint,498.9,33.263
2018-03-12,27.78,38.21,18.46,12.33,0.0,1.8,24.34,96.6,0.26,-4.69,IDR,22.72,75.86,subtropical_dry,NASA_POWER_daily_ag,6.097,9.195,0.4312,dewpoint,494.6,33.419
2018-03-13,28.27,38.39,18.87,12.5,0.0,1.96,22.83,96.53,5.93,-3.93,IDR,22.72,75.86,subtropical_dry,NASA_POWER_daily_ag,6.324,8.964,0.4567,dewpoint,502.1,33.574
2018-03-14,28.27,37.68,20.79,16.97,0.0,2.49,19.5,96.44,62.7,0.06,IDR,22.72,75.86,subtropical_dry,NASA_POWER_daily_ag,6.797,8.595,0.6135,dewpoint,511.7,33.728
2018-03-15,27.59,36.36,21.58,19.96,0.0,3.01,19.54,96.44,34.05,2.09,IDR,22.72,75.86,subtropical_dry,NASA_POWER_daily_ag,7.258,8.909,0.7102,dewpoint,511.7,33.881
2018-03-16,26.64,35.83,18.3,19.64,0.0,2.41,24.29,96.41,1.0,0.19,IDR,22.72,75.86,subtropical_dry,NASA_POWER_daily_ag,6.809,10.263,0.6193,dewpoint,514.9,34.032
2018-03-17,27.77,36.62,18.63,17.56,0.0,1.3,24.42,96.42,1.83,0.05,IDR,22.72,75.86,subtropical_dry,NASA_POWER_daily_ag,5.447,10.265,0.613,dewpoint,513.8,34.183
2018-03-18,28.57,37.41,19.12,17.08,0.0,1.83,22.33,96.51,27.19,0.41,IDR,22.72,75.86,subtropical_dry,NASA_POWER_daily_ag,6.184,9.691,0.6293,dewpoint,504.2,34.331
2018-03-19,28.87,34.76,23.21,26.78,0.53,2.51,14.87,96.64,58.26,7.41,IDR,22.72,75.86,subtropical_dry,NASA_POWER_daily_ag,6.228,8.076,1.0304,dewpoint,490.4,34.479
2018-03-20,29.55,37.51,23.29,30.63,0.28,1.94,21.52,96.47,13.8,9.54,IDR,22.72,75.86,subtropical_dry,NASA_POWER_daily_ag,6.174,10.675,1.1906,dewpoint,508.5,34.624
2018-03-21,27.69,36.19,20.02,21.68,0.0,3.38,24.77,96.43,2.93,2.79,IDR,22.72,75.86,subtropical_dry,NASA_POWER_daily_ag,8.157,10.943,0.7465,dewpoint,512.8,34.769
2018-03-22,26.46,35.3,17.74,24.11,0.0,2.46,25.47,96.38,0.39,2.93,IDR,22.72,75.86,subtropical_dry,NASA_POWER_daily_ag,6.931,11.404,0.754,dewpoint,518.1,34.911
2018-03-23,26.74,35.47,17.36,19.72,0.0,1.83,25.64,96.44,8.44,0.51,IDR,22.72,75.86,subtropical_dry,NASA_POWER_daily_ag,6.286,11.132,0.6338,dewpoint,511.7,35.052
2018-03-24,28.39,36.9,21.1,18.72,0.0,2.4,25.73,96.66,12.46,1.67,IDR,22.72,75.86,subtropical_dry,NASA_POWER_daily_ag,7.268,11.096,0.6891,dewpoint,488.2,35.191
2018-03-25,29.86,37.86,22.06,15.45,0.0,1.92,25.86,96.79,4.78,-0.21,IDR,22.72,75.86,subtropical_dry,NASA_POWER_daily_ag,6.856,10.764,0.6015,dewpoint,474.4,35.328
2018-03-26,30.0,38.0,20.45,12.66,0.0,1.49,25.85,96.73,11.02,-2.54,IDR,22.72,75.86,subtropical_dry,NASA_POWER_daily_ag,6.202,10.543,0.5067,dewpoint,480.8,35.464
2018-03-27,30.48,40.32,21.46,11.18,0.0,1.63,25.82,96.44,11.98,-3.94,IDR,22.72,75.86,subtropical_dry,NASA_POWER_daily_ag,6.436,10.179,0.4563,dewpoint,511.7,35.598
2018-03-28,29.91,39.96,20.56,12.46,0.0,2.36,26.53,96.36,4.83,-3.3,IDR,22.72,75.86,subtropical_dry,NASA_POWER_daily_ag,7.625,10.585,0.4788,dewpoint,520.3,35.729
2018-03-29,30.94,41.29,19.9,12.17,0.0,1.87,25.41,96.32,22.69,-3.77,IDR,22.72,75.86,subtropical_dry,NASA_POWER_daily_ag,6.913,10.219,0.4622,dewpoint,524.5,35.859
2018-03-30,30.47,41.69,20.39,10.86,0.0,2.36,26.47,96.21,0.98,-4.96,IDR,22.72,75.86,subtropical_dry,NASA_POWER_daily_ag,7.715,10.321,0.4225,dewpoint,536.3,35.987
2018-03-31,30.47,40.99,20.72,12.75,0.0,2.42,25.45,96.18,0.95,-2.39,IDR,22.72,75.86,subtropical_dry,NASA_POWER_daily_ag,7.744,10.492,0.5124,dewpoint,539.5,36.113
2018-04-01,30.52,40.94,20.47,19.36,0.0,2.66,25.87,96.19,2.34,0.92,IDR,22.72,75.86,subtropical_dry,NASA_POWER_daily_ag,8.111,11.166,0.6529,dewpoint,538.4,36.237
2018-04-02,30.97,40.91,20.37,11.64,0.0,1.35,25.51,96.3,1.63,-2.94,IDR,22.72,75.86,subtropical_dry,NASA_POWER_daily_ag,6.078,10.537,0.4918,dewpoint,526.7,36.359
2018-04-03,31.64,41.69,21.62,13.32,0.0,2.04,25.34,96.26,2.1,-0.78,IDR,22.72,75.86,subtropical_dry,NASA_POWER_daily_ag,7.33,10.723,0.577,dewpoint,530.9,36.479
2018-04-04,32.64,41.69,24.12,13.28,0.0,2.99,25.11,96.11,4.29,0.08,IDR,22.72,75.86,subtropical_dry,NASA_POWER_daily_ag,8.959,10.7,0.6144,dewpoint,547.0,36.596
2018-04-05,32.41,41.39,24.86,16.43,0.0,3.14,24.35,96.0,32.42,3.04,IDR,22.72,75.86,subtropical_dry,NASA_POWER_daily_ag,8.986,10.944,0.7599,dewpoint,558.8,36.712
2018-04-06,31.07,38.64,24.55,19.16,0.0,2.86,18.96,96.11,64.92,4.41,IDR,22.72,75.86,subtropical_dry,NASA_POWER_daily_ag,7.802,9.533,0.837,dewpoint,547.0,36.825
2018-04-07,31.31,40.55,22.7,22.25,0.0,2.81,25.16,96.26,8.03,5.86,IDR,22.72,75.86,subtropical_dry,NASA_POWER_daily_ag,8.309,11.875,0.9261,dewpoint,530.9,36.937
2018-04-08,30.79,39.67,21.97,19.43,0.0,1.74,25.07,96.32,4.7,3.74,IDR,22.72,75.86,subtropical_dry,NASA_POWER_daily_ag,6.761,11.606,0.7985,dewpoint,524.5,37.046
2018-04-09,31.54,40.26,21.72,21.31,0.0,1.27,21.81,96.36,30.61,5.33,IDR,22.72,75.86,subtropical_dry,NASA_POWER_daily_ag,5.781,10.727,0.8926,dewpoint,520.3,37.153
2018-04-10,32.52,40.43,24.08,19.12,0.01,1.94,22.12,96.22,36.1,5.11,IDR,22.72,75.86,subtropical_dry,NASA_POWER_daily_ag,7.011,10.74,0.879,dewpoint,535.2,37.257
2018-04-11,32.13,40.26,23.71,23.89,0.03,2.31,23.38,96.22,22.62,8.04,IDR,22.72,75.86,subtropical_dry,NASA_POWER_daily_ag,7.559,11.676,1.0757,dewpoint,535.2,37.36
2018-04-12,31.57,39.33,23.36,28.08,2.74,2.83,20.88,96.19,24.28,9.7,IDR,22.72,75.86,subtropical_dry,NASA_POWER_daily_ag,7.779,11.035,1.2035,dewpoint,538.4,37.46
2018-04-13,32.14,40.13,24.07,28.6,0.22,1.77,23.23,96.25,21.18,10.29,IDR,22.72,75.86,subtropical_dry,NASA_POWER_daily_ag,6.729,12.026,1.252,dewpoint,532.0,37.558
2018-04-14,32.75,40.69,24.63,24.01,0.0,1.98,24.97,96.17,6.19,8.58,IDR,22.72,75.86,subtropical_dry,NASA_POWER_daily_ag,7.367,12.388,1.1159,dewpoint,540.6,37.654
2018-04-15,32.89,41.18,24.25,22.91,0.0,2.45,24.69,96.2,9.21,7.94,IDR,22.72,75.86,subtropical_dry,NASA_POWER_daily_ag,8.062,12.185,1.0684,dewpoint,537.4,37.748
2018-04-16,33.43,41.6,24.96,22.5,0.0,2.69,25.56,96.34,3.44,8.19,IDR,22.72,75.86,subtropical_dry,NASA_POWER_daily_ag,8.595,12.525,1.0867,dewpoint,522.4,37.839
2018-04-17,33.98,42.35,25.51,21.71,0.0,2.84,20.25,96.41,34.23,8.37,IDR,22.72,75.86,subtropical_dry,NASA_POWER_daily_ag,8.345,10.533,1.1001,dewpoint,514.9,37.928
2018-04-18,33.41,42.36,25.26,14.23,0.0,3.32,27.77,96.35,1.26,1.09,IDR,22.72,75.86,subtropical_dry,NASA_POWER_daily_ag,9.934,12.016,0.661,dewpoint,521.3,38.016
2018-04-19,33.33,42.64,23.71,13.81,0.0,2.91,27.55,96.09,3.34,0.94,IDR,22.72,75.86,subtropical_dry,NASA_POWER_daily_ag,9.301,12.027,0.6539,dewpoint,549.1,38.1
2018-04-20,32.4,40.99,24.08,20.74,0.0,4.02,26.41,96.08,0.56,6.03,IDR,22.72,75.86,subtropical_dry,NASA_POWER_daily_ag,10.308,12.622,0.9371,dewpoint,550.2,38.183
2018-04-21,31.62,39.96,24.36,22.18,0.0,3.47,27.55,96.26,0.67,5.35,IDR,22.72,75.86,subtropical_dry,NASA_POWER_daily_ag,9.58,12.972,0.8939,dewpoint,530.9,38.264
2018-04-22,31.5,40.79,21.97,12.85,0.0,2.2,27.86,96.26,0.4,-1.81,IDR,22.72,75.86,subtropical_dry,NASA_POWER_daily_ag,7.975,11.982,0.5349,dewpoint,530.9,38.342
2018-04-23,31.75,41.16,22.0,9.4,0.0,1.97,28.54,96.27,0.47,-5.03,IDR,22.72,75.86,subtropical_dry,NASA_POWER_daily_ag,7.675,11.708,0.4202,dewpoint,529.9,38.418
2018-04-24,32.14,42.07,22.61,7.3,0.0,1.68,28.64,96.25,0.39,-7.68,IDR,22.72,75.86,subtropical_dry,NASA_POWER_daily_ag,7.162,11.292,0.3428,dewpoint,532.0,38.492
2018-04-25,32.47,42.56,21.83,7.36,0.0,2.47,28.81,96.13,0.19,-7.45,IDR,22.72,75.86,subtropical_dry,NASA_POWER_daily_ag,8.634,11.411,0.349,dewpoint,544.8,38.564
2018-04-26,32.32,42.09,22.24,16.1,0.0,2.54,27.77,96.07,1.22,1.07,IDR,22.72,75.86,subtropical_dry,NASA_POWER_daily_ag,8.627,12.408,0.66,dewpoint,551.3,38.634
2018-04-27,34.04,43.43,23.95,18.87,0.0,2.76,26.91,96.14,6.36,5.95,IDR,22.72,75.86,subtropical_dry,NASA_POWER_daily_ag,9.094,12.804,0.9319,dewpoint,543.8,38.702
2018-04-28,35.53,44.31,26.5,20.32,0.0,4.13,26.37,96.16,2.84,8.04,IDR,22.72,75.86,subtropical_dry,NASA_POWER_daily_ag,11.222,12.848,1.0757,dewpoint,541.6,38.768
2018-04-29,34.5,43.26,25.81,23.34,0.0,5.13,26.91,96.05,0.11,7.95,IDR,22.72,75.86,subtropical_dry,NASA_POWER_daily_ag,12.214,13.14,1.0691,dewpoint,553.4,38.831
2018-04-30,33.82,42.91,24.51,32.14,0.0,4.64,26.71,95.93,0.64,12.46,IDR,22.72,75.86,subtropical_dry,NASA_POWER_daily_ag,10.918,14.055,1.4457,dewpoint,566.3,38.893
2018-05-01,34.47,43.49,25.23,31.64,0.0,4.38,27.23,96.03,0.94,12.22,IDR,22.72,75.86,subtropical_dry,NASA_POWER_daily_ag,10.95,14.181,1.423,dewpoint,555.5,38.953
2018-05-02,34.64,44.15,24.81,28.46,0.0,3.84,27.49,96.04,5.3,10.57,IDR,22.72,75.86,subtropical_dry,NASA_POWER_daily_ag,10.55,13.936,1.2757,dewpoint,554.5,39.011
2018-05-03,34.42,43.41,25.08,26.91,0.0,3.67,27.74,96.09,0.85,9.88,IDR,22.72,75.86,subtropical_dry,NASA_POWER_daily_ag,10.362,13.933,1.2181,dewpoint,549.1,39.066
2018-05-04,32.92,41.67,23.42,27.98,0.0,3.14,28.23,96.15,3.14,10.2,IDR,22.72,75.86,subtropical_dry,NASA_POWER_daily_ag,9.367,14.374,1.2445,dewpoint,542.7,39.12
2018-05-05,34.17,42.49,24.32,28.35,0.0,3.28,26.78,96.15,14.61,11.55,IDR,22.72,75.86,subtropical_dry,NASA_POWER_daily_ag,9.604,13.984,1.3615,dewpoint,542.7,39.172
2018-05-06,34.9,43.22,26.81,23.48,0.0,4.0,26.76,96.2,5.35,8.87,IDR,22.72,75.86,subtropical_dry,NASA_POWER_daily_ag,10.889,13.317,1.138,dewpoint,537.4,39.223
2018-05-07,33.39,41.76,25.38,22.1,0.0,4.18,27.95,96.17,0.31,6.7,IDR,22.72,75.86,subtropical_dry,NASA_POWER_daily_ag,10.967,13.512,0.9814,dewpoint,540.6,39.271
2018-05-08,32.3,40.47,24.39,29.45,0.0,4.1,28.18,96.12,0.2,9.89,IDR,22.72,75.86,subtropical_dry,NASA_POWER_daily_ag,10.318,14.361,1.2189,dewpoint,545.9,39.318
2018-05-09,33.86,41.37,25.95,27.95,0.0,3.38,25.98,96.18,15.52,11.54,IDR,22.72,75.86,subtropical_dry,NASA_POWER_daily_ag,9.557,13.676,1.3606,dewpoint,539.5,39.363
2018-05-10,35.47,42.92,27.68,20.83,0.0,2.92,27.27,96.24,21.55,9.02,IDR,22.72,75.86,subtropical_dry,NASA_POWER_daily_ag,9.608,13.569,1.1496,dewpoint,533.1,39.406
2018-05-11,36.37,44.17,28.11,19.34,0.0,3.77,26.9,96.09,17.25,8.35,IDR,22.72,75.86,subtropical_dry,NASA_POWER_daily_ag,11.034,13.227,1.0986,dewpoint,549.1,39.447
2018-05-12,35.11,43.15,27.71,21.05,0.0,5.16,27.17,96.07,13.99,7.82,IDR,22.72,75.86,subtropical_dry,NASA_POWER_daily_ag,12.538,13.31,1.0597,dewpoint,551.3,39.487
2018-05-13,34.33,43.12,24.86,26.33,0.0,4.49,26.87,96.04,13.86,9.53,IDR,22.72,75.86,subtropical_dry,NASA_POWER_daily_ag,11.308,13.658,1.1898,dewpoint,554.5,39.525
2018-05-14,34.65,42.55,25.98,26.79,0.0,4.31,26.72,96.04,21.72,11.21,IDR,22.72,75.86,subtropical_dry,NASA_POWER_daily_ag,11.023,13.917,1.3312,dewpoint,554.5,39.562
2018-05-15,35.17,42.63,27.08,28.0,0.5,3.51,21.68,95.98,63.46,12.81,IDR,22.72,75.86,subtropical_dry,NASA_POWER_daily_ag,9.448,12.024,1.4793,dewpoint,560.9,39.597
2018-05-16,35.09,42.43,27.61,26.75,0.28,4.18,24.4,95.93,27.49,11.35,IDR,22.72,75.86,subtropical_dry,NASA_POWER_daily_ag,10.722,12.938,1.3436,dewpoint,566.3,39.63
2018-05-17,35.5,43.75,26.88,22.41,0.0,4.04,26.35,95.9,1.54,9.31,IDR,22.72,75.86,subtropical_dry,NASA_POWER_daily_ag,11.061,13.333,1.1723,dewpoint,569.5,39.662
2018-05-18,35.01,42.99,27.14,22.15,0.0,4.87,26.99,95.85,2.7,9.17,IDR,22.72,75.86,subtropical_dry,NASA_POWER_daily_ag,12.024,13.594,1.1613,dewpoint,574.8,39.693
2018-05-19,34.64,42.65,26.33,25.04,0.0,4.54,26.5,95.83,20.12,8.97,IDR,22.72,75.86,subtropical_dry,NASA_POWER_daily_ag,11.482,13.422,1.1457,dewpoint,577.0,39.722
2018-05-20,34.59,42.97,25.65,29.94,0.0,4.13,27.19,95.9,8.96,12.21,IDR,22.72,75.86,subtropical_dry,NASA_POWER_daily_ag,10.754,14.362,1.4221,dewpoint,569.5,39.75
2018-05-21,34.95,43.21,26.18,25.94,0.0,4.1,27.28,95.94,8.56,10.13,IDR,22.72,75.86,subtropical_dry,NASA_POWER_daily_ag,11.029,13.947,1.2387,dewpoint,565.2,39.776
2018-05-22,35.26,43.24,26.34,22.88,0.0,4.32,25.63,95.95,21.49,9.48,IDR,22.72,75.86,subtropical_dry,NASA_POWER_daily_ag,11.278,13.156,1.1858,dewpoint,564.1,39.801
2018-05-23,35.23,43.85,26.36,25.77,0.0,3.95,23.67,95.84,77.17,10.6,IDR,22.72,75.86,subtropical_dry,NASA_POWER_daily_ag,10.471,12.537,1.2782,dewpoint,575.9,39.825
2018-05-24,36.0,45.02,26.53,18.93,0.0,5.39,25.97,95.71,38.13,5.04,IDR,22.72,75.86,subtropical_dry,NASA_POWER_daily_ag,13.268,12.441,0.8747,dewpoint,589.9,39.847
2018-05-25,35.68,44.5,26.4,20.89,0.0,4.68,26.44,95.77,30.99,7.62,IDR,22.72,75.86,subtropical_dry,NASA_POWER_daily_ag,12.097,13.095,1.0453,dewpoint,583.4,39.868
2018-05-26,36.03,44.2,26.74,22.2,0.0,3.45,27.75,95.75,1.92,9.3,IDR,22.72,75.86,subtropical_dry,NASA_POWER_daily_ag,10.57,13.929,1.1715,dewpoint,585.6,39.888
2018-05-27,37.59,45.83,28.94,18.78,0.0,3.72,27.23,95.62,6.96,8.79,IDR,22.72,75.86,subtropical_dry,NASA_POWER_daily_ag,11.291,13.451,1.1319,dewpoint,599.5,39.907
2018-05-28,37.33,45.31,28.4,21.56,0.0,4.49,26.14,95.48,24.57,10.08,IDR,22.72,75.86,subtropical_dry,NASA_POWER_daily_ag,12.117,13.335,1.2346,dewpoint,614.6,39.924
2018-05-29,36.05,43.71,27.93,31.71,0.0,5.22,26.35,95.51,5.14,14.76,IDR,22.72,75.86,subtropical_dry,NASA_POWER_daily_ag,12.047,14.467,1.6792,dewpoint,611.4,39.941
2018-05-30,34.7,42.61,26.63,39.25,0.0,4.83,26.86,95.6,14.34,16.24,IDR,22.72,75.86,subtropical_dry,NASA_POWER_daily_ag,10.96,15.119,1.8463,dewpoint,601.7,39.956
2018-05-31,35.46,43.21,26.87,37.59,0.0,3.67,24.58,95.73,15.48,17.04,IDR,22.72,75.86,subtropical_dry,NASA_POWER_daily_ag,9.643,14.165,1.9426,dewpoint,587.7,39.971
2018-06-01,35.93,43.4,27.9,38.08,1.47,3.54,23.98,95.83,48.19,18.08,IDR,22.72,75.86,subtropical_dry,NASA_POWER_daily_ag,9.431,14.048,2.0744,dewpoint,577.0,39.984
2018-06-02,34.99,42.39,27.36,39.48,6.19,3.24,18.19,95.89,82.02,17.87,IDR,22.72,75.86,subtropical_dry,NASA_POWER_daily_ag,8.038,11.182,2.0472,dewpoint,570.6,39.996
2018-06-03,34.6,42.68,26.65,39.27,0.71,4.69,24.21,95.72,39.74,17.12,IDR,22.72,75.86,subtropical_dry,NASA_POWER_daily_ag,10.305,14.032,1.9525,dewpoint,588.8,40.007
2018-06-04,33.83,41.25,26.67,44.76,0.0,3.96,24.92,95.65,23.51,18.89,IDR,22.72,75.86,subtropical_dry,NASA_POWER_daily_ag,9.151,14.797,2.1824,dewpoint,596.3,40.018
2018-06-05,34.97,42.53,27.23,39.82,4.24,4.21,24.34,95.67,35.38,18.16,IDR,22.72,75.86,subtropical_dry,NASA_POWER_daily_ag,9.833,14.298,2.0848,dewpoint,594.2,40.027
2018-06-06,35.75,43.68,27.6,37.61,0.83,4.73,21.45,95.76,84.59,17.43,IDR,22.72,75.86,subtropical_dry,NASA_POWER_daily_ag,10.375,12.693,1.9912,dewpoint,584.5,40.035
2018-06-07,34.39,41.58,28.24,45.46,7.78,4.87,22.23,95.55,82.23,19.83,IDR,22.72,75.86,subtropical_dry,NASA_POWER_daily_ag,9.558,13.554,2.3138,dewpoint,607.1,40.043
2018-06-08,33.47,40.65,27.63,50.64,0.01,5.54,23.36,95.38,67.71,20.48,IDR,22.72,75.86,subtropical_dry,NASA_POWER_daily_ag,9.605,14.314,2.4087,dewpoint,625.4,40.049
2018-06-09,32.32,39.18,27.33,55.4,0.36,5.83,20.05,95.28,94.36,21.41,IDR,22.72,75.86,subtropical_dry,NASA_POWER_daily_ag,8.472,12.735,2.5503,dewpoint,636.1,40.055
2018-06-10,31.59,36.87,27.01,59.78,4.87,4.32,17.47,95.35,94.07,22.21,IDR,22.72,75.86,subtropical_dry,NASA_POWER_daily_ag,6.726,11.46,2.678,dewpoint,628.6,40.06
2018-06-11,31.96,37.54,26.9,56.94,1.68,5.85,20.91,95.43,87.1,21.57,IDR,22.72,75.86,subtropical_dry,NASA_POWER_daily_ag,8.361,13.272,2.5754,dewpoint,620.0,40.064
2018-06-12,32.68,40.4,26.66,53.65,0.4,6.68,22.74,95.42,68.7,20.56,IDR,22.72,75.86,subtropical_dry,NASA_POWER_daily_ag,9.755,14.028,2.4206,dewpoint,621.0,40.067
2018-06-13,32.33,39.91,26.34,54.46,0.0,6.92,22.27,95.52,58.49,20.9,IDR,22.72,75.86,subtropical_dry,NASA_POWER_daily_ag,9.501,13.856,2.4718,dewpoint,610.3,40.069
2018-06-14,31.65,38.94,26.08,52.14,0.0,7.03,23.85,95.66,21.82,19.31,IDR,22.72,75.86,subtropical_dry,NASA_POWER_daily_ag,9.906,14.42,2.2403,dewpoint,595.2,40.071
2018-06-15,31.79,39.15,25.28,51.98,0.0,6.2,23.13,95.76,50.81,19.55,IDR,22.72,75.86,subtropical_dry,NASA_POWER_daily_ag,9.393,14.1,2.2739,dewpoint,584.5,40.071
2018-06-16,31.62,38.85,25.32,52.5,0.0,5.89,24.15,95.88,30.21,19.51,IDR,22.72,75.86,subtropical_dry,NASA_POWER_daily_ag,9.274,14.634,2.2683,dewpoint,571.6,40.071
2018-06-17,31.97,38.31,25.9,51.35,0.23,4.71,22.0,95.79,51.3,19.75,IDR,22.72,75.86,subtropical_dry,NASA_POWER_daily_ag,8.404,13.547,2.3023,dewpoint,581.3,40.071
2018-06-18,32.92,39.48,25.91,49.09,0.37,3.91,20.77,95.69,60.65,19.63,IDR,22.72,75.86,subtropical_dry,NASA_POWER_daily_ag,8.075,12.852,2.2853,dewpoint,592.0,40.069
2018-06-19,33.3,39.28,26.99,47.78,2.29,3.9,22.33,95.68,40.82,20.0,IDR,22.72,75.86,subtropical_dry,NASA_POWER_daily_ag,8.353,13.721,2.3383,dewpoint,593.1,40.067
2018-06-20,33.2,38.78,26.94,50.24,4.05,2.2,18.57,95.7,80.37,20.8,IDR,22.72,75.86,subtropical_dry,NASA_POWER_daily_ag,6.209,11.85,2.4566,dewpoint,590.9,40.064
2018-06-21,31.87,37.36,27.15,56.33,15.21,2.96,21.77,95.73,72.59,21.39,IDR,22.72,75.86,subtropical_dry,NASA_POWER_daily_ag,6.845,13.709,2.5472,dewpoint,587.7,40.06
2018-06-22,29.76,34.64,25.33,68.42,7.23,2.79,17.23,95.74,90.24,22.91,IDR,22.72,75.86,subtropical_dry,NASA_POWER_daily_ag,5.098,11.455,2.7942,dewpoint,586.6,40.055
2018-06-23,30.0,34.78,25.34,68.61,16.48,2.21,20.8,95.68,74.79,23.17,IDR,22.72,75.86,subtropical_dry,NASA_POWER_daily_ag,5.446,13.551,2.8385,dewpoint,593.1,40.05
2018-06-24,29.38,33.78,24.89,71.56,6.96,2.14,19.94,95.68,96.41,23.32,IDR,22.72,75.86,subtropical_dry,NASA_POWER_daily_ag,5.087,13.098,2.8643,dewpoint,593.1,40.044
2018-06-25,28.54,33.44,25.38,74.38,2.66,2.47,13.98,95.5,93.61,23.13,IDR,22.72,75.86,subtropical_dry,NASA_POWER_daily_ag,4.045,9.612,2.8316,dewpoint,612.4,40.037
2018-06-26,26.7,29.84,24.62,80.55,19.66,3.79,7.08,95.45,99.64,22.91,IDR,22.72,75.86,subtropical_dry,NASA_POWER_daily_ag,2.8,5.607,2.7942,dewpoint,617.8,40.029
2018-06-27,27.48,31.51,24.3,77.4,14.52,3.94,16.01,95.45,97.01,22.87,IDR,22.72,75.86,subtropical_dry,NASA_POWER_daily_ag,4.417,10.792,2.7874,dewpoint,617.8,40.021
2018-06-28,26.47,29.29,24.07,79.61,8.94,3.13,10.23,95.54,99.71,22.45,IDR,22.72,75.86,subtropical_dry,NASA_POWER_daily_ag,3.163,7.432,2.7173,dewpoint,608.1,40.012
2018-06-29,27.27,32.45,23.61,76.19,16.11,3.37,16.69,95.64,91.82,22.29,IDR,22.72,75.86,subtropical_dry,NASA_POWER_daily_ag,4.476,11.116,2.691,dewpoint,597.4,40.002
2018-06-30,28.13,33.44,23.43,71.93,1.26,3.15,22.79,95.83,71.13,22.05,IDR,22.72,75.86,subtropical_dry,NASA_POWER_daily_ag,5.681,14.543,2.652,dewpoint,577.0,39.991
2018-07-01,28.77,34.64,23.63,69.11,0.01,3.62,21.9,95.86,75.21,21.91,IDR,22.72,75.86,subtropical_dry,NASA_POWER_daily_ag,5.973,13.984,2.6295,dewpoint,573.8,39.98
2018-07-02,27.22,30.43,23.98,76.77,0.0,3.11,20.95,95.76,90.59,22.56,IDR,22.72,75.86,subtropical_dry,NASA_POWER_daily_ag,4.951,13.624,2.7355,dewpoint,584.5,39.967
2018-07-03,27.34,31.93,24.27,78.82,6.16,4.35,12.23,95.68,94.11,23.05,IDR,22.72,75.86,subtropical_dry,NASA_POWER_daily_ag,3.849,8.601,2.8179,dewpoint,593.1,39.954
2018-07-04,26.78,30.4,23.96,80.79,12.8,4.65,12.75,95.71,97.67,22.98,IDR,22.72,75.86,subtropical_dry,NASA_POWER_daily_ag,3.734,8.909,2.806,dewpoint,589.9,39.94
2018-07-05,27.6,32.35,24.09,76.78,2.33,3.74,15.7,95.75,97.91,22.79,IDR,22.72,75.86,subtropical_dry,NASA_POWER_daily_ag,4.404,10.588,2.774,dewpoint,585.6,39.926
2018-07-06,27.54,31.35,24.51,77.79,11.92,3.46,18.64,95.74,88.83,23.07,IDR,22.72,75.86,subtropical_dry,NASA_POWER_daily_ag,4.662,12.333,2.8214,dewpoint,586.6,39.91
2018-07-07,27.48,31.96,24.28,79.89,13.7,3.59,11.52,95.62,98.74,23.48,IDR,22.72,75.86,subtropical_dry,NASA_POWER_daily_ag,3.508,8.204,2.892,dewpoint,599.5,39.894
2018-07-08,28.27,33.34,23.92,75.9,0.69,3.91,17.59,95.52,85.81,23.26,IDR,22.72,75.86,subtropical_dry,NASA_POWER_daily_ag,4.848,11.726,2.8539,dewpoint,610.3,39.876
2018-07-09,27.33,31.53,24.46,79.71,9.58,3.87,12.41,95.51,96.77,23.32,IDR,22.72,75.86,subtropical_dry,NASA_POWER_daily_ag,3.681,8.718,2.8643,dewpoint,611.4,39.858
2018-07-10,26.25,29.77,23.64,84.78,19.92,3.87,13.05,95.51,98.78,23.36,IDR,22.72,75.86,subtropical_dry,NASA_POWER_daily_ag,3.294,9.11,2.8712,dewpoint,611.4,39.839
2018-07-11,25.32,26.81,24.29,93.01,65.33,3.43,5.77,95.44,99.53,24.12,IDR,22.72,75.86,subtropical_dry,NASA_POWER_daily_ag,1.585,4.798,3.0055,dewpoint,618.9,39.819
2018-07-12,25.69,29.01,23.64,88.18,19.01,4.3,8.91,95.42,99.29,23.51,IDR,22.72,75.86,subtropical_dry,NASA_POWER_daily_ag,2.456,6.674,2.8973,dewpoint,621.0,39.798
2018-07-13,26.43,31.26,22.88,84.44,6.67,3.36,12.77,95.43,97.73,23.41,IDR,22.72,75.86,subtropical_dry,NASA_POWER_daily_ag,3.259,8.94,2.8799,dewpoint,620.0,39.776
2018-07-14,25.96,30.48,23.49,84.26,8.0,3.54,11.73,95.41,99.44,22.92,IDR,22.72,75.86,subtropical_dry,NASA_POWER_daily_ag,3.102,8.305,2.7959,dewpoint,622.1,39.753
2018-07-15,27.08,31.21,23.63,85.17,14.17,2.19,14.58,95.22,93.09,24.21,IDR,22.72,75.86,subtropical_dry,NASA_POWER_daily_ag,3.419,10.067,3.0217,dewpoint,642.6,39.729
2018-07-16,26.88,30.08,24.63,88.16,5.46,1.59,12.37,95.21,98.95,24.67,IDR,22.72,75.86,subtropical_dry,NASA_POWER_daily_ag,2.866,8.774,3.106,dewpoint,643.7,39.704
2018-07-17,26.4,30.2,24.12,85.83,5.11,3.56,9.15,95.34,99.18,23.72,IDR,22.72,75.86,subtropical_dry,NASA_POWER_daily_ag,2.648,6.813,2.9341,dewpoint,629.7,39.677
2018-07-18,25.8,28.82,23.73,87.46,3.07,4.39,10.55,95.48,99.2,23.49,IDR,22.72,75.86,subtropical_dry,NASA_POWER_daily_ag,2.739,7.637,2.8938,dewpoint,614.6,39.65
2018-07-19,25.46,28.18,23.47,88.86,4.49,5.14,8.28,95.46,99.16,23.44,IDR,22.72,75.86,subtropical_dry,NASA_POWER_daily_ag,2.342,6.295,2.8851,dewpoint,616.7,39.622
2018-07-20,26.28,30.39,23.29,85.15,2.32,4.35,8.6,95.46,98.1,23.45,IDR,22.72,75.86,subtropical_dry,NASA_POWER_daily_ag,2.713,6.481,2.8868,dewpoint,616.7,39.592
2018-07-21,26.52,30.09,23.87,85.16,2.04,3.38,12.56,95.54,99.68,23.67,IDR,22.72,75.86,subtropical_dry,NASA_POWER_daily_ag,3.181,8.821,2.9253,dewpoint,608.1,39.561
2018-07-22,25.79,29.43,23.69,86.17,9.88,3.95,10.69,95.58,99.58,23.17,IDR,22.72,75.86,subtropical_dry,NASA_POWER_daily_ag,2.841,7.699,2.8385,dewpoint,603.8,39.529
2018-07-23,25.19,29.09,23.34,87.32,15.0,4.15,5.18,95.54,99.15,22.83,IDR,22.72,75.86,subtropical_dry,NASA_POWER_daily_ag,1.994,4.483,2.7807,dewpoint,608.1,39.496
2018-07-24,25.44,29.1,23.19,87.03,18.6,4.09,8.45,95.67,99.23,23.0,IDR,22.72,75.86,subtropical_dry,NASA_POWER_daily_ag,2.463,6.384,2.8094,dewpoint,594.2,39.462
2018-07-25,25.67,29.15,23.13,85.64,2.88,4.33,8.19,95.73,99.36,22.96,IDR,22.72,75.86,subtropical_dry,NASA_POWER_daily_ag,2.571,6.231,2.8026,dewpoint,587.7,39.426
2018-07-26,25.29,29.17,22.87,84.59,2.15,4.76,10.33,95.78,99.67,22.35,IDR,22.72,75.86,subtropical_dry,NASA_POWER_daily_ag,2.959,7.458,2.7009,dewpoint,582.4,39.389
2018-07-27,25.84,30.71,22.7,81.76,0.06,4.47,9.92,95.75,99.2,22.25,IDR,22.72,75.86,subtropical_dry,NASA_POWER_daily_ag,3.169,7.213,2.6845,dewpoint,585.6,39.351
2018-07-28,26.27,31.36,22.57,81.36,0.01,3.77,15.62,95.79,80.89,22.54,IDR,22.72,75.86,subtropical_dry,NASA_POWER_daily_ag,3.91,10.495,2.7322,dewpoint,581.3,39.311
2018-07-29,26.25,30.91,22.9,81.15,0.0,3.68,14.76,95.79,92.71,22.49,IDR,22.72,75.86,subtropical_dry,NASA_POWER_daily_ag,3.787,9.994,2.7239,dewpoint,581.3,39.269
2018-07-30,26.4,31.71,22.75,80.85,0.26,3.57,13.67,95.76,98.92,22.54,IDR,22.72,75.86,subtropical_dry,NASA_POWER_daily_ag,3.664,9.364,2.7322,dewpoint,584.5,39.227
2018-07-31,25.69,30.16,22.44,82.96,0.06,3.45,16.53,95.77,76.69,22.37,IDR,22.72,75.86,subtropical_dry,NASA_POWER_daily_ag,3.811,11.005,2.7041,dewpoint,583.4,39.183
2018-08-01,26.37,30.9,23.12,80.53,0.0,4.29,18.25,95.81,61.37,22.5,IDR,22.72,75.86,subtropical_dry,NASA_POWER_daily_ag,4.382,11.985,2.7256,dewpoint,579.1,39.137
2018-08-02,26.37,31.32,22.9,80.07,0.0,4.16,16.72,95.96,92.51,22.38,IDR,22.72,75.86,subtropical_dry,NASA_POWER_daily_ag,4.202,11.086,2.7058,dewpoint,563.0,39.09
2018-08-03,25.88,30.66,22.6,82.93,0.0,4.05,13.15,96.03,98.92,22.56,IDR,22.72,75.86,subtropical_dry,NASA_POWER_daily_ag,3.433,9.062,2.7355,dewpoint,555.5,39.041
2018-08-04,26.43,31.45,22.7,79.42,0.0,3.8,18.99,95.95,67.14,22.25,IDR,22.72,75.86,subtropical_dry,NASA_POWER_daily_ag,4.523,12.356,2.6845,dewpoint,564.1,38.991
2018-08-05,25.95,30.5,22.99,80.7,0.0,4.2,15.88,95.93,99.54,22.15,IDR,22.72,75.86,subtropical_dry,NASA_POWER_daily_ag,3.984,10.578,2.6682,dewpoint,566.3,38.939
2018-08-06,25.69,30.04,22.85,81.64,0.95,4.22,14.1,95.78,96.18,22.1,IDR,22.72,75.86,subtropical_dry,NASA_POWER_daily_ag,3.655,9.565,2.6601,dewpoint,582.4,38.885
2018-08-07,25.91,30.52,22.76,80.83,0.78,3.88,11.23,95.66,99.81,22.09,IDR,22.72,75.86,subtropical_dry,NASA_POWER_daily_ag,3.327,7.927,2.6585,dewpoint,595.2,38.83
2018-08-08,25.17,28.74,23.03,85.06,2.65,3.51,6.8,95.65,99.58,22.34,IDR,22.72,75.86,subtropical_dry,NASA_POWER_daily_ag,2.296,5.405,2.6992,dewpoint,596.3,38.773
2018-08-09,25.2,28.67,22.87,85.99,4.74,3.48,12.76,95.86,91.38,22.57,IDR,22.72,75.86,subtropical_dry,NASA_POWER_daily_ag,3.034,8.83,2.7372,dewpoint,573.8,38.714
2018-08-10,25.17,28.19,23.22,85.82,3.63,4.05,10.62,96.01,97.84,22.51,IDR,22.72,75.86,subtropical_dry,NASA_POWER_daily_ag,2.802,7.593,2.7272,dewpoint,557.7,38.653
2018-08-11,25.94,29.67,23.2,83.71,6.3,4.5,19.23,95.83,81.78,22.79,IDR,22.72,75.86,subtropical_dry,NASA_POWER_daily_ag,4.207,12.555,2.774,dewpoint,577.0,38.591
2018-08-12,25.55,29.55,22.81,83.48,0.64,4.15,14.46,95.57,98.69,22.38,IDR,22.72,75.86,subtropical_dry,NASA_POWER_daily_ag,3.527,9.773,2.7058,dewpoint,604.9,38.527
2018-08-13,26.13,31.47,22.54,83.19,1.01,2.76,12.57,95.55,88.04,22.82,IDR,22.72,75.86,subtropical_dry,NASA_POWER_daily_ag,3.192,8.706,2.779,dewpoint,607.1,38.461
2018-08-14,26.39,31.35,22.73,82.07,0.31,3.04,12.48,95.61,92.12,22.85,IDR,22.72,75.86,subtropical_dry,NASA_POWER_daily_ag,3.303,8.651,2.784,dewpoint,600.6,38.393
2018-08-15,25.67,28.59,23.65,88.71,17.74,2.7,13.6,95.65,97.36,23.61,IDR,22.72,75.86,subtropical_dry,NASA_POWER_daily_ag,2.974,9.364,2.9148,dewpoint,596.3,38.323
2018-08-16,26.19,29.8,23.53,86.97,15.87,3.31,9.57,95.5,99.16,23.71,IDR,22.72,75.86,subtropical_dry,NASA_POWER_daily_ag,2.587,6.999,2.9324,dewpoint,612.4,38.252
2018-08-17,27.44,31.4,24.32,83.87,5.1,1.89,9.47,95.23,98.88,24.27,IDR,22.72,75.86,subtropical_dry,NASA_POWER_daily_ag,2.613,6.947,3.0326,dewpoint,641.5,38.178
2018-08-18,24.86,27.31,23.42,88.72,9.12,4.11,8.75,95.52,92.74,22.81,IDR,22.72,75.86,subtropical_dry,NASA_POWER_daily_ag,2.309,6.502,2.7773,dewpoint,610.3,38.103
2018-08-19,25.0,28.19,23.05,88.85,1.77,3.69,10.18,95.63,95.33,22.97,IDR,22.72,75.86,subtropical_dry,NASA_POWER_daily_ag,2.474,7.326,2.8043,dewpoint,598.5,38.026
2018-08-20,24.31,25.9,23.34,92.73,31.31,4.48,8.65,95.64,99.5,23.06,IDR,22.72,75.86,subtropical_dry,NASA_POWER_daily_ag,1.952,6.443,2.8196,dewpoint,597.4,37.946
2018-08-21,24.09,26.49,22.81,93.4,71.53,4.35,3.33,95.64,99.43,22.97,IDR,22.72,75.86,subtropical_dry,NASA_POWER_daily_ag,1.215,3.355,2.8043,dewpoint,597.4,37.865
2018-08-22,24.31,26.83,22.5,90.24,13.42,3.96,7.18,95.79,99.55,22.56,IDR,22.72,75.86,subtropical_dry,NASA_POWER_daily_ag,1.952,5.584,2.7355,dewpoint,581.3,37.782
2018-08-23,25.12,29.02,22.79,87.48,3.01,3.9,12.66,95.92,99.74,22.76,IDR,22.72,75.86,subtropical_dry,NASA_POWER_daily_ag,2.932,8.717,2.7689,dewpoint,567.3,37.696
2018-08-24,24.45,27.51,22.42,88.59,0.51,3.39,14.92,95.98,99.27,22.37,IDR,22.72,75.86,subtropical_dry,NASA_POWER_daily_ag,3.066,9.984,2.7041,dewpoint,560.9,37.609
2018-08-25,24.61,28.16,22.25,87.48,1.72,3.75,16.2,95.93,91.33,22.31,IDR,22.72,75.86,subtropical_dry,NASA_POWER_daily_ag,3.322,10.693,2.6943,dewpoint,566.3,37.519
2018-08-26,24.87,28.72,21.86,85.82,1.31,3.21,13.53,95.81,97.92,22.18,IDR,22.72,75.86,subtropical_dry,NASA_POWER_daily_ag,3.091,9.16,2.6731,dewpoint,579.1,37.428
2018-08-27,25.22,29.41,22.4,83.97,0.75,3.03,12.77,95.83,96.82,22.13,IDR,22.72,75.86,subtropical_dry,NASA_POWER_daily_ag,3.109,8.711,2.665,dewpoint,577.0,37.335
2018-08-28,24.17,27.1,22.03,89.26,4.88,2.41,9.85,95.86,99.46,22.23,IDR,22.72,75.86,subtropical_dry,NASA_POWER_daily_ag,2.281,7.077,2.6812,dewpoint,573.8,37.239
2018-08-29,23.52,26.01,21.71,90.35,13.34,3.51,6.45,95.97,98.12,21.81,IDR,22.72,75.86,subtropical_dry,NASA_POWER_daily_ag,1.783,5.149,2.6135,dewpoint,562.0,37.141
2018-08-30,24.77,29.42,21.37,86.22,3.67,3.51,8.89,95.95,89.34,22.15,IDR,22.72,75.86,subtropical_dry,NASA_POWER_daily_ag,2.465,6.517,2.6682,dewpoint,564.1,37.042
2018-08-31,24.55,27.93,22.61,87.76,1.16,3.49,11.03,96.0,99.77,22.29,IDR,22.72,75.86,subtropical_dry,NASA_POWER_daily_ag,2.61,7.722,2.691,dewpoint,558.8,36.94
2018-09-01,24.22,27.3,22.49,87.17,0.25,3.18,10.92,96.12,99.59,21.85,IDR,22.72,75.86,subtropical_dry,NASA_POWER_daily_ag,2.587,7.636,2.6199,dewpoint,545.9,36.836
2018-09-02,24.49,27.8,21.96,87.54,2.97,2.78,12.72,96.1,94.2,22.18,IDR,22.72,75.86,subtropical_dry,NASA_POWER_daily_ag,2.804,8.657,2.6731,dewpoint,548.1,36.731
2018-09-03,24.83,29.31,21.71,85.06,0.59,3.19,13.11,96.1,85.39,21.95,IDR,22.72,75.86,subtropical_dry,NASA_POWER_daily_ag,3.068,8.84,2.6359,dewpoint,548.1,36.623
2018-09-04,24.36,28.66,21.66,85.61,1.32,3.3,11.79,96.17,79.15,21.62,IDR,22.72,75.86,subtropical_dry,NASA_POWER_daily_ag,2.826,8.082,2.5833,dewpoint,540.6,36.513
2018-09-05,23.68,26.88,21.71,86.24,0.18,3.44,13.74,96.13,72.18,21.14,IDR,22.72,75.86,subtropical_dry,NASA_POWER_daily_ag,2.97,9.128,2.5085,dewpoint,544.8,36.401
2018-09-06,24.03,28.72,21.29,82.53,0.52,3.64,14.3,96.06,74.52,20.66,IDR,22.72,75.86,subtropical_dry,NASA_POWER_daily_ag,3.337,9.366,2.4355,dewpoint,552.3,36.288
2018-09-07,23.52,27.33,20.67,86.04,2.89,3.2,8.69,96.07,97.49,20.93,IDR,22.72,75.86,subtropical_dry,NASA_POWER_daily_ag,2.319,6.342,2.4763,dewpoint,551.3,36.172
2018-09-08,23.02,26.44,20.69,88.28,1.67,3.84,7.71,96.03,89.87,20.91,IDR,22.72,75.86,subtropical_dry,NASA_POWER_daily_ag,2.067,5.803,2.4733,dewpoint,555.5,36.054
2018-09-09,23.7,27.9,20.63,86.11,0.58,2.8,10.81,96.27,75.11,21.08,IDR,22.72,75.86,subtropical_dry,NASA_POWER_daily_ag,2.566,7.485,2.4993,dewpoint,529.9,35.935
2018-09-10,23.77,27.98,20.13,84.55,0.02,2.19,19.09,96.54,69.88,20.78,IDR,22.72,75.86,subtropical_dry,NASA_POWER_daily_ag,3.705,11.94,2.4536,dewpoint,501.0,35.813
2018-09-11,24.54,30.04,20.16,84.22,0.0,2.5,19.47,96.56,37.53,21.45,IDR,22.72,75.86,subtropical_dry,NASA_POWER_daily_ag,3.868,12.197,2.5566,dewpoint,498.9,35.69
2018-09-12,24.42,29.3,20.27,83.66,0.0,2.69,19.77,96.36,33.12,21.23,IDR,22.72,75.86,subtropical_dry,NASA_POWER_daily_ag,3.928,12.324,2.5224,dewpoint,520.3,35.564
2018-09-13,24.23,29.37,20.25,85.79,1.47,2.29,13.87,96.25,50.48,21.52,IDR,22.72,75.86,subtropical_dry,NASA_POWER_daily_ag,2.978,9.137,2.5676,dewpoint,532.0,35.437
2018-09-14,24.67,30.05,20.15,83.81,0.16,1.55,19.14,96.35,40.52,21.47,IDR,22.72,75.86,subtropical_dry,NASA_POWER_daily_ag,3.778,11.977,2.5597,dewpoint,521.3,35.308
2018-09-15,24.67,29.58,20.33,81.97,0.25,1.42,17.83,96.47,42.35,21.12,IDR,22.72,75.86,subtropical_dry,NASA_POWER_daily_ag,3.611,11.203,2.5054,dewpoint,508.5,35.177
2018-09-16,24.89,30.06,20.03,80.43,0.04,1.37,18.27,96.33,45.17,21.03,IDR,22.72,75.86,subtropical_dry,NASA_POWER_daily_ag,3.719,11.408,2.4916,dewpoint,523.5,35.045
2018-09-17,25.22,30.6,20.21,77.97,0.0,1.54,20.6,96.22,26.08,20.77,IDR,22.72,75.86,subtropical_dry,NASA_POWER_daily_ag,4.177,12.576,2.4521,dewpoint,535.2,34.911
2018-09-18,25.12,30.81,20.07,79.09,0.53,1.98,19.61,96.25,41.75,20.95,IDR,22.72,75.86,subtropical_dry,NASA_POWER_daily_ag,4.062,12.061,2.4794,dewpoint,532.0,34.775
2018-09-19,25.44,31.0,20.7,77.26,3.38,1.91,20.72,96.24,57.15,20.86,IDR,22.72,75.86,subtropical_dry,NASA_POWER_daily_ag,4.293,12.597,2.4657,dewpoint,533.1,34.637
2018-09-20,25.36,32.52,19.61,72.06,0.79,2.26,19.8,96.07,58.96,19.47,IDR,22.72,75.86,subtropical_dry,NASA_POWER_daily_ag,4.432,11.838,2.2627,dewpoint,551.3,34.498
2018-09-21,26.07,31.76,21.73,76.41,14.55,2.67,17.62,95.9,75.93,21.29,IDR,22.72,75.86,subtropical_dry,NASA_POWER_daily_ag,4.124,10.962,2.5317,dewpoint,569.5,34.358
2018-09-22,24.41,26.9,22.1,93.85,41.66,2.98,3.25,95.73,99.11,23.36,IDR,22.72,75.86,subtropical_dry,NASA_POWER_daily_ag,1.118,3.221,2.8712,dewpoint,587.7,34.216
2018-09-23,24.56,29.12,21.51,85.36,10.71,3.66,18.03,96.34,49.09,21.76,IDR,22.72,75.86,subtropical_dry,NASA_POWER_daily_ag,3.62,11.265,2.6055,dewpoint,522.4,34.072
2018-09-24,24.57,29.89,20.36,84.76,0.24,1.88,19.49,96.52,30.32,21.57,IDR,22.72,75.86,subtropical_dry,NASA_POWER_daily_ag,3.764,12.002,2.5754,dewpoint,503.2,33.927
2018-09-25,25.36,30.72,20.95,83.38,0.0,1.75,15.91,96.48,29.94,22.08,IDR,22.72,75.86,subtropical_dry,NASA_POWER_daily_ag,3.36,10.116,2.6569,dewpoint,507.4,33.781
2018-09-26,25.74,31.24,20.39,76.36,0.0,1.21,21.5,96.4,15.91,20.88,IDR,22.72,75.86,subtropical_dry,NASA_POWER_daily_ag,4.275,12.856,2.4687,dewpoint,516.0,33.633
2018-09-27,25.58,30.96,19.75,69.44,0.0,0.91,22.01,96.44,5.1,19.18,IDR,22.72,75.86,subtropical_dry,NASA_POWER_daily_ag,4.304,12.761,2.2222,dewpoint,511.7,33.485
2018-09-28,26.1,31.6,19.71,63.79,0.0,0.74,21.12,96.5,4.27,18.34,IDR,22.72,75.86,subtropical_dry,NASA_POWER_daily_ag,4.173,12.109,2.1085,dewpoint,505.3,33.335
2018-09-29,25.68,31.37,20.76,63.39,0.0,0.97,22.43,96.55,2.07,17.9,IDR,22.72,75.86,subtropical_dry,NASA_POWER_daily_ag,4.411,12.598,2.051,dewpoint,500.0,33.184
2018-09-30,25.46,31.33,18.28,61.68,0.0,1.05,22.16,96.51,7.96,17.21,IDR,22.72,75.86,subtropical_dry,NASA_POWER_daily_ag,4.416,12.372,1.9637,dewpoint,504.2,33.031
2018-10-01,26.24,32.01,20.6,63.84,0.0,0.97,21.88,96.5,7.28,18.54,IDR,22.72,75.86,subtropical_dry,NASA_POWER_daily_ag,4.384,12.395,2.1351,dewpoint,505.3,32.878
2018-10-02,26.38,31.74,21.76,67.5,0.0,0.99,21.7,96.57,17.16,19.63,IDR,22.72,75.86,subtropical_dry,NASA_POWER_daily_ag,4.342,12.486,2.2853,dewpoint,497.8,32.724
2018-10-03,26.21,32.17,21.07,71.75,0.0,0.9,19.2,96.51,42.3,20.28,IDR,22.72,75.86,subtropical_dry,NASA_POWER_daily_ag,3.893,11.353,2.3791,dewpoint,504.2,32.569
2018-10-04,25.89,32.1,21.28,73.49,0.26,1.05,19.41,96.57,28.19,20.33,IDR,22.72,75.86,subtropical_dry,NASA_POWER_daily_ag,3.918,11.439,2.3865,dewpoint,497.8,32.414
2018-10-05,26.23,32.1,20.89,68.37,2.64,1.04,19.25,96.64,23.53,19.54,IDR,22.72,75.86,subtropical_dry,NASA_POWER_daily_ag,3.98,11.194,2.2725,dewpoint,490.4,32.257
2018-10-06,26.84,32.35,21.37,61.81,0.0,0.79,20.94,96.61,11.93,18.46,IDR,22.72,75.86,subtropical_dry,NASA_POWER_daily_ag,4.183,11.746,2.1244,dewpoint,493.6,32.1
2018-10-07,26.66,32.41,21.01,58.47,0.0,1.08,20.22,96.57,7.87,17.54,IDR,22.72,75.86,subtropical_dry,NASA_POWER_daily_ag,4.262,11.207,2.005,dewpoint,497.8,31.943
2018-10-08,26.4,32.08,21.59,62.74,0.0,1.0,18.56,96.49,30.42,18.34,IDR,22.72,75.86,subtropical_dry,NASA_POWER_daily_ag,3.915,10.554,2.1085,dewpoint,506.4,31.785
2018-10-09,26.79,33.15,21.49,57.74,0.0,0.88,20.63,96.4,6.86,17.03,IDR,22.72,75.86,subtropical_dry,NASA_POWER_daily_ag,4.178,11.193,1.9414,dewpoint,516.0,31.626
2018-10-10,26.17,33.71,20.06,56.94,0.0,1.21,19.86,96.36,22.12,16.06,IDR,22.72,75.86,subtropical_dry,NASA_POWER_daily_ag,4.256,10.659,1.8253,dewpoint,520.3,31.467
2018-10-11,26.05,33.48,20.27,59.25,0.0,1.7,18.93,96.35,18.78,16.69,IDR,22.72,75.86,subtropical_dry,NASA_POWER_daily_ag,4.404,10.338,1.9,dewpoint,521.3,31.308
2018-10-12,25.54,32.82,20.67,68.8,0.0,1.92,18.75,96.5,13.91,18.51,IDR,22.72,75.86,subtropical_dry,NASA_POWER_daily_ag,4.197,10.56,2.1311,dewpoint,505.3,31.149
2018-10-13,24.1,31.74,17.82,69.02,0.0,1.66,20.08,96.67,7.49,17.18,IDR,22.72,75.86,subtropical_dry,NASA_POWER_daily_ag,4.077,10.988,1.9599,dewpoint,487.2,30.989
2018-10-14,25.3,33.05,18.75,59.44,0.0,1.0,20.62,96.7,3.13,15.77,IDR,22.72,75.86,subtropical_dry,NASA_POWER_daily_ag,4.052,10.841,1.7917,dewpoint,484.0,30.829
2018-10-15,26.52,33.25,21.34,49.93,0.0,0.66,19.69,96.76,6.13,14.57,IDR,22.72,75.86,subtropical_dry,NASA_POWER_daily_ag,3.789,10.102,1.6587,dewpoint,477.6,30.67
2018-10-16,26.4,33.34,19.54,52.48,0.0,0.93,19.54,96.76,9.55,15.12,IDR,22.72,75.86,subtropical_dry,NASA_POWER_daily_ag,4.002,10.158,1.7186,dewpoint,477.6,30.511
2018-10-17,26.09,32.44,20.49,52.05,0.0,0.56,18.33,96.68,49.08,14.72,IDR,22.72,75.86,subtropical_dry,NASA_POWER_daily_ag,3.49,9.565,1.6748,dewpoint,486.1,30.351
2018-10-18,26.21,32.99,19.82,52.85,0.0,0.97,18.09,96.62,21.84,15.02,IDR,22.72,75.86,subtropical_dry,NASA_POWER_daily_ag,3.826,9.486,1.7075,dewpoint,492.5,30.192
2018-10-19,27.14,33.99,21.35,49.58,0.0,0.62,18.06,96.67,10.09,14.92,IDR,22.72,75.86,subtropical_dry,NASA_POWER_daily_ag,3.571,9.346,1.6966,dewpoint,487.2,30.034
2018-10-20,27.2,33.78,21.54,49.45,0.0,0.69,17.93,96.78,8.8,15.03,IDR,22.72,75.86,subtropical_dry,NASA_POWER_daily_ag,3.62,9.277,1.7086,dewpoint,475.5,29.876
2018-10-21,25.8,33.67,20.28,52.11,0.0,1.37,18.18,96.84,8.11,14.5,IDR,22.72,75.86,subtropical_dry,NASA_POWER_daily_ag,4.085,9.287,1.6512,dewpoint,469.1,29.718
2018-10-22,24.23,33.87,16.73,43.58,0.0,1.44,19.6,96.76,2.36,9.27,IDR,22.72,75.86,subtropical_dry,NASA_POWER_daily_ag,4.277,8.982,1.1692,dewpoint,477.6,29.561
2018-10-23,24.4,33.46,15.93,42.55,0.0,1.17,19.72,96.75,0.02,9.25,IDR,22.72,75.86,subtropical_dry,NASA_POWER_daily_ag,4.044,9.021,1.1676,dewpoint,478.7,29.405
2018-10-24,25.68,33.63,16.75,39.16,0.0,0.84,18.59,96.75,9.14,9.66,IDR,22.72,75.86,subtropical_dry,NASA_POWER_daily_ag,3.704,8.635,1.2003,dewpoint,478.7,29.249
2018-10-25,26.6,34.17,19.64,39.05,0.0,0.71,18.6,96.86,4.77,10.66,IDR,22.72,75.86,subtropical_dry,NASA_POWER_daily_ag,3.593,8.63,1.2833,dewpoint,466.9,29.095
2018-10-26,25.77,34.67,18.68,49.44,0.0,1.13,17.97,96.95,14.99,12.85,IDR,22.72,75.86,subtropical_dry,NASA_POWER_daily_ag,3.863,8.749,1.4831,dewpoint,457.4,28.941
2018-10-27,25.15,34.79,17.75,50.67,0.0,1.6,19.03,96.96,10.49,12.32,IDR,22.72,75.86,subtropical_dry,NASA_POWER_daily_ag,4.31,9.015,1.4324,dewpoint,456.3,28.788
2018-10-28,24.29,33.91,17.66,52.25,0.0,1.84,19.55,96.91,3.23,11.86,IDR,22.72,75.86,subtropical_dry,NASA_POWER_daily_ag,4.42,9.108,1.3897,dewpoint,461.6,28.636
2018-10-29,23.04,32.52,16.03,51.98,0.0,1.99,19.5,96.83,0.11,10.76,IDR,22.72,75.86,subtropical_dry,NASA_POWER_daily_ag,4.374,8.97,1.2919,dewpoint,470.1,28.486
2018-10-30,22.7,32.09,15.06,54.46,0.0,2.29,19.48,96.81,0.11,11.63,IDR,22.72,75.86,subtropical_dry,NASA_POWER_daily_ag,4.425,9.13,1.3687,dewpoint,472.3,28.337
2018-10-31,23.63,32.63,16.29,58.71,0.0,2.79,18.35,96.82,0.07,13.84,IDR,22.72,75.86,subtropical_dry,NASA_POWER_daily_ag,4.565,9.017,1.5821,dewpoint,471.2,28.189
2018-11-01,24.44,33.15,17.56,59.37,0.0,2.53,18.42,96.75,1.79,14.85,IDR,22.72,75.86,subtropical_dry,NASA_POWER_daily_ag,4.489,9.133,1.6889,dewpoint,478.7,28.043
2018-11-02,25.21,32.81,18.09,59.74,0.0,1.62,17.3,96.69,8.99,16.05,IDR,22.72,75.86,subtropical_dry,NASA_POWER_daily_ag,3.877,8.881,1.8241,dewpoint,485.0,27.898
2018-11-03,26.6,33.63,19.59,54.44,0.0,1.18,15.54,96.65,14.81,15.68,IDR,22.72,75.86,subtropical_dry,NASA_POWER_daily_ag,3.594,8.043,1.7815,dewpoint,489.3,27.755
2018-11-04,27.06,34.26,20.22,53.54,0.01,1.4,16.22,96.68,9.31,16.01,IDR,22.72,75.86,subtropical_dry,NASA_POWER_daily_ag,3.887,8.288,1.8194,dewpoint,486.1,27.613
2018-11-05,25.82,33.0,19.97,58.81,0.02,1.0,16.2,96.71,48.47,16.41,IDR,22.72,75.86,subtropical_dry,NASA_POWER_daily_ag,3.371,8.359,1.8665,dewpoint,482.9,27.473
2018-11-06,23.54,32.89,17.06,41.41,0.0,1.76,17.84,96.83,10.21,7.98,IDR,22.72,75.86,subtropical_dry,NASA_POWER_daily_ag,4.216,7.588,1.0713,dewpoint,470.1,27.335
2018-11-07,21.54,31.73,13.51,33.24,0.0,1.77,18.28,96.87,0.29,3.11,IDR,22.72,75.86,subtropical_dry,NASA_POWER_daily_ag,4.175,7.135,0.7637,dewpoint,465.9,27.199
2018-11-08,21.61,32.14,13.03,37.21,0.0,1.45,17.32,96.78,0.57,4.49,IDR,22.72,75.86,subtropical_dry,NASA_POWER_daily_ag,3.741,7.049,0.8417,dewpoint,475.5,27.065
2018-11-09,22.09,32.8,12.88,37.68,0.0,1.34,17.62,96.67,0.09,4.72,IDR,22.72,75.86,subtropical_dry,NASA_POWER_daily_ag,3.686,7.086,0.8554,dewpoint,487.2,26.933
2018-11-10,22.4,32.81,13.12,35.76,0.0,1.16,17.36,96.74,0.0,4.52,IDR,22.72,75.86,subtropical_dry,NASA_POWER_daily_ag,3.5,6.939,0.8435,dewpoint,479.7,26.803
2018-11-11,22.77,32.76,13.4,35.02,0.0,1.27,17.15,96.85,0.0,4.38,IDR,22.72,75.86,subtropical_dry,NASA_POWER_daily_ag,3.647,6.815,0.8353,dewpoint,468.0,26.675
2018-11-12,23.37,32.99,13.85,32.36,0.0,1.2,17.5,96.74,0.0,4.01,IDR,22.72,75.86,subtropical_dry,NASA_POWER_daily_ag,3.645,6.774,0.8138,dewpoint,479.7,26.55
2018-11-13,24.56,33.32,16.46,27.36,0.0,0.78,17.57,96.52,0.1,3.1,IDR,22.72,75.86,subtropical_dry,NASA_POWER_daily_ag,3.164,6.496,0.7632,dewpoint,503.2,26.426
2018-11-14,24.36,32.9,16.98,28.23,0.0,1.02,16.79,96.56,0.01,3.49,IDR,22.72,75.86,subtropical_dry,NASA_POWER_daily_ag,3.425,6.345,0.7845,dewpoint,498.9,26.306
2018-11-15,23.58,33.24,15.66,32.92,0.0,1.14,17.18,96.78,0.03,4.61,IDR,22.72,75.86,subtropical_dry,NASA_POWER_daily_ag,3.51,6.57,0.8488,dewpoint,475.5,26.188
2018-11-16,22.86,32.56,15.01,39.24,0.0,1.49,17.12,96.8,0.35,6.83,IDR,22.72,75.86,subtropical_dry,NASA_POWER_daily_ag,3.759,6.897,0.9902,dewpoint,473.3,26.072
2018-11-17,23.34,32.56,15.08,33.02,0.0,1.17,16.57,96.68,0.29,5.07,IDR,22.72,75.86,subtropical_dry,NASA_POWER_daily_ag,3.47,6.477,0.8766,dewpoint,486.1,25.959
2018-11-18,24.13,33.18,15.64,33.53,0.0,1.02,16.36,96.67,1.04,5.94,IDR,22.72,75.86,subtropical_dry,NASA_POWER_daily_ag,3.327,6.463,0.9312,dewpoint,487.2,25.848
2018-11-19,25.49,34.15,16.17,39.15,0.09,1.37,15.36,96.82,38.32,9.95,IDR,22.72,75.86,subtropical_dry,NASA_POWER_daily_ag,3.717,6.69,1.2239,dewpoint,471.2,25.741
2018-11-20,27.1,33.64,20.44,49.93,0.07,1.07,14.02,96.87,36.94,14.73,IDR,22.72,75.86,subtropical_dry,NASA_POWER_daily_ag,3.296,6.85,1.6759,dewpoint,465.9,25.636
2018-11-21,26.04,33.09,19.59,43.02,0.0,1.3,14.02,96.9,11.13,11.58,IDR,22.72,75.86,subtropical_dry,NASA_POWER_daily_ag,3.518,6.422,1.3642,dewpoint,462.7,25.534
2018-11-22,24.2,32.27,17.48,41.46,0.0,1.54,14.35,96.97,4.87,9.56,IDR,22.72,75.86,subtropical_dry,NASA_POWER_daily_ag,3.635,6.302,1.1922,dewpoint,455.2,25.435
2018-11-23,24.43,32.16,17.9,39.92,0.0,1.18,14.7,97.12,3.92,9.26,IDR,22.72,75.86,subtropical_dry,NASA_POWER_daily_ag,3.319,6.313,1.1684,dewpoint,439.3,25.339
2018-11-24,23.02,31.94,15.87,35.62,0.0,1.4,15.46,97.15,0.04,5.94,IDR,22.72,75.86,subtropical_dry,NASA_POWER_daily_ag,3.542,6.092,0.9312,dewpoint,436.1,25.245
2018-11-25,22.52,32.11,14.5,30.7,0.0,1.18,15.99,97.03,0.32,3.11,IDR,22.72,75.86,subtropical_dry,NASA_POWER_daily_ag,3.322,5.843,0.7637,dewpoint,448.9,25.155
2018-11-26,22.12,31.35,14.01,29.2,0.0,1.23,14.51,96.88,69.27,2.13,IDR,22.72,75.86,subtropical_dry,NASA_POWER_daily_ag,3.291,5.485,0.7122,dewpoint,464.8,25.069
2018-11-27,22.85,32.15,14.71,29.42,0.0,1.67,15.43,96.91,55.82,2.74,IDR,22.72,75.86,subtropical_dry,NASA_POWER_daily_ag,3.913,5.626,0.7439,dewpoint,461.6,24.985
2018-11-28,21.85,30.01,15.32,33.65,0.0,1.5,15.24,96.97,59.21,3.88,IDR,22.72,75.86,subtropical_dry,NASA_POWER_daily_ag,3.545,5.773,0.8064,dewpoint,455.2,24.904
2018-11-29,21.27,30.81,13.74,37.44,0.0,1.63,15.49,97.09,10.58,4.76,IDR,22.72,75.86,subtropical_dry,NASA_POWER_daily_ag,3.574,5.927,0.8578,dewpoint,442.5,24.827
2018-11-30,21.18,30.49,13.6,42.97,0.0,1.72,15.17,97.1,19.73,6.61,IDR,22.72,75.86,subtropical_dry,NASA_POWER_daily_ag,3.533,6.093,0.9753,dewpoint,441.4,24.753
2018-12-01,20.85,28.95,14.35,45.22,0.0,1.84,13.84,96.9,64.62,7.7,IDR,22.72,75.86,subtropical_dry,NASA_POWER_daily_ag,3.433,5.932,1.051,dewpoint,462.7,24.683
2018-12-02,21.34,29.71,13.51,37.58,0.0,1.41,13.2,96.72,72.18,5.43,IDR,22.72,75.86,subtropical_dry,NASA_POWER_daily_ag,3.211,5.517,0.8988,dewpoint,481.8,24.615
2018-12-03,20.42,27.54,15.21,39.88,0.0,1.62,12.29,96.83,81.37,6.01,IDR,22.72,75.86,subtropical_dry,NASA_POWER_daily_ag,3.2,5.377,0.9358,dewpoint,470.1,24.552
2018-12-04,21.71,29.25,14.7,39.67,0.0,1.48,10.7,96.93,98.19,6.84,IDR,22.72,75.86,subtropical_dry,NASA_POWER_daily_ag,3.109,5.041,0.9909,dewpoint,459.5,24.491
2018-12-05,22.22,29.8,14.89,40.16,0.0,1.25,12.69,96.78,15.03,7.52,IDR,22.72,75.86,subtropical_dry,NASA_POWER_daily_ag,3.023,5.527,1.0382,dewpoint,475.5,24.435
2018-12-06,21.33,29.64,14.72,39.97,0.0,1.36,13.48,96.66,3.0,6.43,IDR,22.72,75.86,subtropical_dry,NASA_POWER_daily_ag,3.106,5.582,0.9633,dewpoint,488.2,24.381
2018-12-07,20.53,29.32,13.26,37.16,0.0,1.84,13.86,96.72,2.5,4.57,IDR,22.72,75.86,subtropical_dry,NASA_POWER_daily_ag,3.564,5.494,0.8465,dewpoint,481.8,24.332
2018-12-08,20.97,30.18,13.17,38.16,0.0,1.86,12.87,96.74,12.72,5.64,IDR,22.72,75.86,subtropical_dry,NASA_POWER_daily_ag,3.53,5.364,0.9121,dewpoint,479.7,24.286
2018-12-09,21.22,30.45,13.84,38.6,0.01,1.5,13.48,96.67,15.95,5.63,IDR,22.72,75.86,subtropical_dry,NASA_POWER_daily_ag,3.252,5.448,0.9114,dewpoint,487.2,24.243
2018-12-10,19.96,29.59,12.43,35.3,0.0,1.63,14.69,96.63,10.29,2.7,IDR,22.72,75.86,subtropical_dry,NASA_POWER_daily_ag,3.401,5.414,0.7418,dewpoint,491.4,24.205
2018-12-11,20.29,28.6,12.04,28.99,0.0,1.14,16.11,96.79,2.51,0.71,IDR,22.72,75.86,subtropical_dry,NASA_POWER_daily_ag,3.04,5.457,0.6431,dewpoint,474.4,24.169
2018-12-12,18.95,28.1,11.34,38.09,0.0,1.52,14.84,96.9,9.91,3.54,IDR,22.72,75.86,subtropical_dry,NASA_POWER_daily_ag,3.143,5.613,0.7873,dewpoint,462.7,24.138
2018-12-13,18.64,27.14,11.97,37.44,0.0,2.37,15.65,97.12,2.25,2.4,IDR,22.72,75.86,subtropical_dry,NASA_POWER_daily_ag,3.907,5.631,0.7261,dewpoint,439.3,24.11
2018-12-14,17.24,26.21,10.19,39.16,0.0,2.68,14.62,97.29,0.91,1.87,IDR,22.72,75.86,subtropical_dry,NASA_POWER_daily_ag,3.87,5.477,0.6991,dewpoint,421.3,24.086
2018-12-15,17.16,26.66,9.85,39.12,0.0,2.95,14.19,97.29,1.28,1.83,IDR,22.72,75.86,subtropical_dry,NASA_POWER_daily_ag,4.016,5.38,0.6971,dewpoint,421.3,24.066
2018-12-16,16.57,25.82,9.46,33.3,0.0,2.92,15.96,97.29,8.38,-1.07,IDR,22.72,75.86,subtropical_dry,NASA_POWER_daily_ag,4.181,5.414,0.5648,dewpoint,421.3,24.05
2018-12-17,17.23,27.52,8.95,29.15,0.0,3.12,15.11,97.12,15.19,-1.83,IDR,22.72,75.86,subtropical_dry,NASA_POWER_daily_ag,4.488,5.139,0.5341,dewpoint,439.3,24.037
2018-12-18,16.8,26.7,9.15,29.31,0.0,2.05,15.42,97.11,4.53,-2.71,IDR,22.72,75.86,subtropical_dry,NASA_POWER_daily_ag,3.613,5.121,0.5003,dewpoint,440.4,24.028
2018-12-19,16.6,26.74,8.13,26.14,0.0,2.06,16.43,97.11,6.02,-4.13,IDR,22.72,75.86,subtropical_dry,NASA_POWER_daily_ag,3.685,5.147,0.4498,dewpoint,440.4,24.023
2018-12-20,17.52,27.97,7.78,24.35,0.0,1.69,16.79,97.07,10.3,-4.28,IDR,22.72,75.86,subtropical_dry,NASA_POWER_daily_ag,3.467,5.122,0.4448,dewpoint,444.6,24.021
2018-12-21,18.45,28.52,8.59,21.47,0.0,1.25,16.91,96.97,9.85,-5.12,IDR,22.72,75.86,subtropical_dry,NASA_POWER_daily_ag,3.088,4.974,0.4174,dewpoint,455.2,24.024
2018-12-22,18.63,28.95,8.7,21.28,0.0,1.32,16.59,96.92,15.35,-4.75,IDR,22.72,75.86,subtropical_dry,NASA_POWER_daily_ag,3.173,4.953,0.4292,dewpoint,460.6,24.03
2018-12-23,18.99,29.0,9.4,24.64,0.0,1.43,16.3,96.95,10.13,-2.52,IDR,22.72,75.86,subtropical_dry,NASA_POWER_daily_ag,3.294,5.136,0.5075,dewpoint,457.4,24.04
2018-12-24,19.69,29.38,10.69,27.29,0.0,1.72,15.65,96.88,4.37,-0.29,IDR,22.72,75.86,subtropical_dry,NASA_POWER_daily_ag,3.608,5.235,0.598,dewpoint,464.8,24.054
2018-12-25,20.84,29.99,13.94,29.95,0.0,1.74,15.08,96.8,20.62,2.23,IDR,22.72,75.86,subtropical_dry,NASA_POWER_daily_ag,3.647,5.295,0.7173,dewpoint,473.3,24.071
2018-12-26,18.5,28.52,11.79,27.13,0.0,2.37,16.08,96.78,3.79,-2.27,IDR,22.72,75.86,subtropical_dry,NASA_POWER_daily_ag,4.151,5.082,0.517,dewpoint,475.5,24.092
2018-12-27,15.57,25.65,7.9,22.66,0.0,2.37,16.08,96.97,23.15,-7.72,IDR,22.72,75.86,subtropical_dry,NASA_POWER_daily_ag,3.939,4.864,0.3417,dewpoint,455.2,24.117
2018-12-28,14.48,24.96,6.36,16.87,0.0,2.05,17.74,97.03,30.36,-11.35,IDR,22.72,75.86,subtropical_dry,NASA_POWER_daily_ag,3.639,4.821,0.2565,dewpoint,448.9,24.146
2018-12-29,14.67,25.17,6.02,14.62,0.0,2.08,17.53,97.17,12.2,-12.09,IDR,22.72,75.86,subtropical_dry,NASA_POWER_daily_ag,3.711,4.751,0.2417,dewpoint,434.0,24.179
2018-12-30,15.71,26.54,6.65,15.55,0.0,2.03,17.14,97.3,2.49,-10.82,IDR,22.72,75.86,subtropical_dry,NASA_POWER_daily_ag,3.763,4.723,0.2677,dewpoint,420.2,24.215
2018-12-31,18.06,28.31,7.79,14.0,0.0,1.45,17.07,97.32,2.43,-10.36,IDR,22.72,75.86,subtropical_dry,NASA_POWER_daily_ag,3.374,4.606,0.2777,dewpoint,418.1,24.255
2019-01-01,20.36,29.57,10.03,13.76,0.0,1.24,17.41,97.24,1.67,-8.66,IDR,22.72,75.86,subtropical_dry,NASA_POWER_daily_ag,3.292,4.623,0.3176,dewpoint,426.6,24.298
2019-01-02,20.06,30.35,13.35,15.53,0.0,1.36,16.97,97.18,3.13,-7.32,IDR,22.72,75.86,subtropical_dry,NASA_POWER_daily_ag,3.365,4.531,0.3525,dewpoint,432.9,24.346
2019-01-03,18.67,28.71,9.73,15.28,0.0,1.55,17.0,97.3,9.34,-8.85,IDR,22.72,75.86,subtropical_dry,NASA_POWER_daily_ag,3.542,4.689,0.3129,dewpoint,420.2,24.397
2019-01-04,19.09,29.03,10.11,16.56,0.0,1.6,14.94,97.18,63.61,-7.54,IDR,22.72,75.86,subtropical_dry,NASA_POWER_daily_ag,3.593,4.624,0.3465,dewpoint,432.9,24.451
2019-01-05,19.72,29.72,11.26,19.5,0.0,1.67,15.0,96.97,36.06,-4.84,IDR,22.72,75.86,subtropical_dry,NASA_POWER_daily_ag,3.694,4.818,0.4263,dewpoint,455.2,24.509
2019-01-06,18.51,28.72,11.13,24.05,0.0,2.38,16.92,96.93,6.45,-2.95,IDR,22.72,75.86,subtropical_dry,NASA_POWER_daily_ag,4.267,5.335,0.4915,dewpoint,459.5,24.571
2019-01-07,15.14,25.27,7.25,28.91,0.0,2.48,14.78,97.09,10.93,-4.98,IDR,22.72,75.86,subtropical_dry,NASA_POWER_daily_ag,3.851,5.199,0.4218,dewpoint,442.5,24.636
2019-01-08,17.02,26.33,7.55,30.56,0.0,1.42,15.66,97.03,6.33,-2.41,IDR,22.72,75.86,subtropical_dry,NASA_POWER_daily_ag,3.129,5.541,0.5116,dewpoint,448.9,24.705
2019-01-09,17.09,26.71,8.22,25.12,0.0,1.42,16.02,97.0,12.06,-3.96,IDR,22.72,75.86,subtropical_dry,NASA_POWER_daily_ag,3.184,5.424,0.4556,dewpoint,452.1,24.777
2019-01-10,17.26,26.97,8.69,28.84,0.0,1.74,15.98,96.95,27.23,-2.29,IDR,22.72,75.86,subtropical_dry,NASA_POWER_daily_ag,3.476,5.587,0.5162,dewpoint,457.4,24.852
2019-01-11,17.66,27.42,9.14,26.2,0.0,1.54,15.19,96.93,18.98,-3.12,IDR,22.72,75.86,subtropical_dry,NASA_POWER_daily_ag,3.328,5.369,0.4853,dewpoint,459.5,24.931
2019-01-12,18.65,28.8,10.27,26.36,0.0,1.89,14.81,96.82,11.38,-1.77,IDR,22.72,75.86,subtropical_dry,NASA_POWER_daily_ag,3.747,5.365,0.5365,dewpoint,471.2,25.013
2019-01-13,18.56,28.57,10.31,28.59,0.0,1.81,15.63,96.96,9.14,-1.1,IDR,22.72,75.86,subtropical_dry,NASA_POWER_daily_ag,3.669,5.603,0.5636,dewpoint,456.3,25.099
2019-01-14,17.8,27.31,10.92,32.85,0.0,3.07,15.73,97.09,6.27,0.05,IDR,22.72,75.86,subtropical_dry,NASA_POWER_daily_ag,4.527,5.809,0.613,dewpoint,442.5,25.188
2019-01-15,17.12,26.59,9.39,28.85,0.0,2.09,15.04,97.11,30.3,-2.53,IDR,22.72,75.86,subtropical_dry,NASA_POWER_daily_ag,3.781,5.551,0.5071,dewpoint,440.4,25.279
2019-01-16,19.42,29.86,9.32,18.2,0.0,1.23,16.46,96.99,5.82,-6.07,IDR,22.72,75.86,subtropical_dry,NASA_POWER_daily_ag,3.278,5.304,0.3882,dewpoint,453.1,25.375
2019-01-17,21.03,30.67,13.59,17.11,0.0,1.24,17.18,96.85,5.0,-5.52,IDR,22.72,75.86,subtropical_dry,NASA_POWER_daily_ag,3.425,5.247,0.4048,dewpoint,468.0,25.473
2019-01-18,19.35,29.95,11.05,18.16,0.0,2.24,17.78,96.93,16.31,-6.32,IDR,22.72,75.86,subtropical_dry,NASA_POWER_daily_ag,4.499,5.444,0.3808,dewpoint,459.5,25.574
2019-01-19,19.81,30.6,10.31,15.35,0.0,1.82,17.62,96.96,17.02,-8.01,IDR,22.72,75.86,subtropical_dry,NASA_POWER_daily_ag,4.129,5.292,0.3341,dewpoint,456.3,25.678
2019-01-20,20.69,31.92,10.75,17.14,0.0,1.74,17.57,96.93,12.05,-5.68,IDR,22.72,75.86,subtropical_dry,NASA_POWER_daily_ag,4.101,5.476,0.3999,dewpoint,459.5,25.785
2019-01-21,20.53,31.1,11.07,22.74,0.0,3.0,16.06,96.66,3.88,-2.54,IDR,22.72,75.86,subtropical_dry,NASA_POWER_daily_ag,5.287,5.677,0.5067,dewpoint,488.2,25.895
2019-01-22,19.08,27.56,11.68,48.28,0.0,2.2,16.09,96.7,15.42,7.01,IDR,22.72,75.86,subtropical_dry,NASA_POWER_daily_ag,3.668,6.971,1.0025,dewpoint,484.0,26.008
2019-01-23,19.15,27.29,11.96,39.95,0.0,1.65,17.21,96.84,21.01,4.58,IDR,22.72,75.86,subtropical_dry,NASA_POWER_daily_ag,3.528,6.979,0.8471,dewpoint,469.1,26.123
2019-01-24,18.33,27.15,10.87,34.42,0.0,2.18,16.98,96.91,16.98,1.56,IDR,22.72,75.86,subtropical_dry,NASA_POWER_daily_ag,3.991,6.631,0.6837,dewpoint,461.6,26.242
2019-01-25,17.04,25.34,10.54,37.48,0.0,2.68,12.23,96.98,45.7,1.37,IDR,22.72,75.86,subtropical_dry,NASA_POWER_daily_ag,3.911,5.639,0.6745,dewpoint,454.2,26.362
2019-01-26,15.78,24.2,9.21,39.54,0.0,3.18,13.92,97.21,23.13,0.99,IDR,22.72,75.86,subtropical_dry,NASA_POWER_daily_ag,4.069,6.109,0.6562,dewpoint,429.8,26.486
2019-01-27,14.91,24.01,7.75,24.98,0.0,3.03,16.72,97.34,2.2,-5.58,IDR,22.72,75.86,subtropical_dry,NASA_POWER_daily_ag,4.448,6.238,0.403,dewpoint,416.0,26.612
2019-01-28,13.86,23.33,6.31,21.26,0.0,2.69,19.35,97.43,4.28,-8.67,IDR,22.72,75.86,subtropical_dry,NASA_POWER_daily_ag,4.272,6.591,0.3173,dewpoint,406.4,26.74
2019-01-29,14.68,25.2,6.12,21.05,0.0,2.11,19.96,97.35,3.47,-8.52,IDR,22.72,75.86,subtropical_dry,NASA_POWER_daily_ag,3.972,6.664,0.3211,dewpoint,414.9,26.871
2019-01-30,16.33,26.79,6.91,15.3,0.0,1.77,19.57,97.12,5.82,-10.66,IDR,22.72,75.86,subtropical_dry,NASA_POWER_daily_ag,3.915,6.305,0.2711,dewpoint,439.3,27.004
2019-01-31,17.91,27.13,7.44,18.62,0.0,2.13,16.34,96.93,52.94,-6.92,IDR,22.72,75.86,subtropical_dry,NASA_POWER_daily_ag,4.325,6.111,0.3636,dewpoint,459.5,27.139
2019-02-01,19.55,29.16,11.38,22.39,0.0,1.48,17.27,96.95,8.89,-3.07,IDR,22.72,75.86,subtropical_dry,NASA_POWER_daily_ag,3.757,6.427,0.4871,dewpoint,457.4,27.276
2019-02-02,19.42,29.02,10.43,33.7,0.0,2.22,15.74,96.93,17.09,2.04,IDR,22.72,75.86,subtropical_dry,NASA_POWER_daily_ag,4.206,6.708,0.7077,dewpoint,459.5,27.415
2019-02-03,21.24,29.79,13.82,31.17,0.0,2.38,14.55,97.04,42.19,3.18,IDR,22.72,75.86,subtropical_dry,NASA_POWER_daily_ag,4.534,6.43,0.7675,dewpoint,447.8,27.557
2019-02-04,22.6,31.83,14.24,36.18,0.0,2.05,14.33,97.13,59.02,5.75,IDR,22.72,75.86,subtropical_dry,NASA_POWER_daily_ag,4.282,6.581,0.919,dewpoint,438.2,27.7
2019-02-05,23.58,32.04,15.26,30.75,0.0,1.81,15.42,97.0,52.25,4.76,IDR,22.72,75.86,subtropical_dry,NASA_POWER_daily_ag,4.333,6.767,0.8578,dewpoint,452.1,27.845
2019-02-06,23.92,32.24,17.81,36.1,0.0,2.47,15.12,96.59,21.95,7.3,IDR,22.72,75.86,subtropical_dry,NASA_POWER_daily_ag,4.86,6.937,1.0227,dewpoint,495.7,27.991
2019-02-07,18.97,26.35,12.98,36.45,0.0,3.69,19.74,96.63,1.1,2.75,IDR,22.72,75.86,subtropical_dry,NASA_POWER_daily_ag,5.363,8.094,0.7444,dewpoint,491.4,28.14
2019-02-08,15.25,24.14,7.64,21.14,0.0,2.42,20.34,96.96,0.87,-7.43,IDR,22.72,75.86,subtropical_dry,NASA_POWER_daily_ag,4.423,7.446,0.3495,dewpoint,456.3,28.29
2019-02-09,14.5,24.71,6.11,17.6,0.0,2.14,21.53,97.16,6.4,-10.69,IDR,22.72,75.86,subtropical_dry,NASA_POWER_daily_ag,4.226,7.465,0.2704,dewpoint,435.1,28.441
2019-02-10,16.1,26.63,7.06,17.55,0.0,1.98,21.26,97.19,4.27,-9.86,IDR,22.72,75.86,subtropical_dry,NASA_POWER_daily_ag,4.292,7.375,0.2889,dewpoint,431.9,28.594
2019-02-11,18.74,29.92,9.13,14.23,0.0,1.85,20.8,97.11,2.26,-9.89,IDR,22.72,75.86,subtropical_dry,NASA_POWER_daily_ag,4.483,7.018,0.2882,dewpoint,440.4,28.748
2019-02-12,21.54,32.82,11.09,17.76,0.0,2.17,18.09,97.11,24.71,-4.28,IDR,22.72,75.86,subtropical_dry,NASA_POWER_daily_ag,5.014,6.869,0.4448,dewpoint,440.4,28.904
2019-02-13,24.02,33.19,14.56,32.41,0.21,1.77,12.97,97.12,53.58,5.87,IDR,22.72,75.86,subtropical_dry,NASA_POWER_daily_ag,4.203,6.488,0.9267,dewpoint,439.3,29.061
2019-02-14,25.29,32.99,19.03,39.1,0.44,2.3,16.54,96.81,42.49,9.62,IDR,22.72,75.86,subtropical_dry,NASA_POWER_daily_ag,4.972,7.904,1.197,dewpoint,472.3,29.218
2019-02-15,22.92,31.88,16.03,25.46,0.01,2.41,19.96,96.79,5.19,1.45,IDR,22.72,75.86,subtropical_dry,NASA_POWER_daily_ag,5.412,7.974,0.6783,dewpoint,474.4,29.377
2019-02-16,19.88,28.96,12.17,29.02,0.0,2.19,20.41,96.95,3.72,-0.15,IDR,22.72,75.86,subtropical_dry,NASA_POWER_daily_ag,4.799,8.265,0.6042,dewpoint,457.4,29.537
2019-02-17,20.55,30.45,10.74,21.08,0.0,1.53,21.51,96.8,3.58,-4.79,IDR,22.72,75.86,subtropical_dry,NASA_POWER_daily_ag,4.406,8.002,0.4279,dewpoint,473.3,29.697
2019-02-18,23.57,33.41,16.18,14.29,0.0,1.52,19.11,96.52,24.84,-5.69,IDR,22.72,75.86,subtropical_dry,NASA_POWER_daily_ag,4.569,7.03,0.3996,dewpoint,503.2,29.858
2019-02-19,23.68,33.3,15.45,27.01,0.0,2.37,20.41,96.64,8.38,2.48,IDR,22.72,75.86,subtropical_dry,NASA_POWER_daily_ag,5.543,8.411,0.7303,dewpoint,490.4,30.02
2019-02-20,25.73,35.75,16.18,27.46,0.0,1.92,19.9,96.82,6.81,3.5,IDR,22.72,75.86,subtropical_dry,NASA_POWER_daily_ag,5.305,8.31,0.7851,dewpoint,471.2,30.182
2019-02-21,26.23,35.81,18.42,30.31,0.02,2.33,19.21,96.96,11.62,6.28,IDR,22.72,75.86,subtropical_dry,NASA_POWER_daily_ag,5.698,8.473,0.9534,dewpoint,456.3,30.345
2019-02-22,25.5,35.05,17.3,36.05,0.0,2.47,20.71,96.92,11.62,8.47,IDR,22.72,75.86,subtropical_dry,NASA_POWER_daily_ag,5.696,9.413,1.1076,dewpoint,460.6,30.508
2019-02-23,24.49,34.53,17.02,31.08,0.0,1.99,19.65,96.72,32.5,4.31,IDR,22.72,75.86,subtropical_dry,NASA_POWER_daily_ag,5.173,8.54,0.8312,dewpoint,481.8,30.672
2019-02-24,22.97,32.04,16.66,21.66,0.0,2.61,17.65,96.51,45.06,-0.37,IDR,22.72,75.86,subtropical_dry,NASA_POWER_daily_ag,5.686,7.625,0.5945,dewpoint,504.2,30.836
2019-02-25,22.48,31.74,14.33,22.27,0.0,2.73,22.14,96.45,14.16,-1.48,IDR,22.72,75.86,subtropical_dry,NASA_POWER_daily_ag,6.07,8.815,0.5481,dewpoint,510.6,31.0
2019-02-26,22.33,29.67,15.84,30.2,0.0,3.15,21.61,96.34,20.21,3.24,IDR,22.72,75.86,subtropical_dry,NASA_POWER_daily_ag,6.12,9.426,0.7708,dewpoint,522.4,31.164
2019-02-27,21.46,28.92,16.41,35.18,0.0,3.32,17.54,96.39,45.42,4.5,IDR,22.72,75.86,subtropical_dry,NASA_POWER_daily_ag,5.635,8.377,0.8423,dewpoint,517.0,31.328
2019-02-28,19.46,28.2,11.98,23.71,0.0,2.65,23.31,96.7,0.64,-3.06,IDR,22.72,75.86,subtropical_dry,NASA_POWER_daily_ag,5.597,9.43,0.4874,dewpoint,484.0,31.491
2019-03-01,20.38,29.86,11.96,20.09,0.0,2.53,22.64,96.7,0.34,-4.31,IDR,22.72,75.86,subtropical_dry,NASA_POWER_daily_ag,5.682,9.054,0.4438,dewpoint,484.0,31.655
2019-03-02,24.31,34.45,14.21,19.47,0.0,2.82,20.81,96.55,38.07,-1.04,IDR,22.72,75.86,subtropical_dry,NASA_POWER_daily_ag,6.494,8.658,0.5661,dewpoint,500.0,31.818
2019-03-03,24.75,33.76,16.65,34.67,0.06,2.61,20.49,96.4,41.96,6.48,IDR,22.72,75.86,subtropical_dry,NASA_POWER_daily_ag,5.909,9.554,0.9666,dewpoint,516.0,31.981
2019-03-04,24.07,31.9,18.55,45.02,0.0,3.35,18.85,96.33,16.38,9.94,IDR,22.72,75.86,subtropical_dry,NASA_POWER_daily_ag,5.845,9.526,1.223,dewpoint,523.5,32.144
2019-03-05,22.31,31.69,13.91,27.75,0.0,2.1,23.48,96.39,0.14,1.35,IDR,22.72,75.86,subtropical_dry,NASA_POWER_daily_ag,5.489,10.073,0.6735,dewpoint,517.0,32.306
2019-03-06,21.98,31.28,13.67,25.75,0.0,1.66,23.72,96.54,0.43,0.06,IDR,22.72,75.86,subtropical_dry,NASA_POWER_daily_ag,5.045,10.045,0.6135,dewpoint,501.0,32.467
2019-03-07,23.7,32.42,14.19,20.19,0.0,1.43,23.66,96.55,0.16,-1.57,IDR,22.72,75.86,subtropical_dry,NASA_POWER_daily_ag,5.03,9.76,0.5444,dewpoint,500.0,32.628
2019-03-08,24.83,34.37,15.86,22.26,0.0,1.83,22.71,96.64,0.93,0.91,IDR,22.72,75.86,subtropical_dry,NASA_POWER_daily_ag,5.568,9.687,0.6525,dewpoint,490.4,32.788
2019-03-09,24.67,33.69,16.73,24.18,0.0,2.98,23.64,96.69,0.87,1.79,IDR,22.72,75.86,subtropical_dry,NASA_POWER_daily_ag,6.871,10.138,0.6951,dewpoint,485.0,32.947
2019-03-10,25.3,34.77,15.88,23.99,0.0,2.43,23.15,96.63,25.34,2.45,IDR,22.72,75.86,subtropical_dry,NASA_POWER_daily_ag,6.367,10.121,0.7287,dewpoint,491.4,33.105
2019-03-11,25.54,33.92,18.4,28.32,0.0,2.98,23.32,96.74,22.26,5.33,IDR,22.72,75.86,subtropical_dry,NASA_POWER_daily_ag,6.843,10.602,0.8926,dewpoint,479.7,33.263
2019-03-12,25.22,35.03,16.14,20.26,0.0,2.2,23.96,96.81,16.63,0.05,IDR,22.72,75.86,subtropical_dry,NASA_POWER_daily_ag,6.246,10.081,0.613,dewpoint,472.3,33.419
2019-03-13,25.91,35.51,17.44,18.38,0.0,2.42,23.41,96.75,19.66,-0.67,IDR,22.72,75.86,subtropical_dry,NASA_POWER_daily_ag,6.616,9.784,0.5817,dewpoint,478.7,33.574
2019-03-14,25.14,34.16,18.82,22.47,0.0,2.71,23.17,96.82,22.37,1.19,IDR,22.72,75.86,subtropical_dry,NASA_POWER_daily_ag,6.725,10.035,0.6658,dewpoint,471.2,33.728
2019-03-15,24.91,35.11,15.9,18.79,0.0,1.97,24.18,96.84,2.11,-1.66,IDR,22.72,75.86,subtropical_dry,NASA_POWER_daily_ag,6.0,10.07,0.5408,dewpoint,469.1,33.881
2019-03-16,25.99,35.46,16.66,24.14,0.0,2.39,23.3,96.74,17.69,2.72,IDR,22.72,75.86,subtropical_dry,NASA_POWER_daily_ag,6.522,10.425,0.7428,dewpoint,479.7,34.032
2019-03-17,26.76,36.86,17.92,19.82,0.0,2.74,23.13,96.6,5.92,0.5,IDR,22.72,75.86,subtropical_dry,NASA_POWER_daily_ag,7.147,9.971,0.6334,dewpoint,494.6,34.183
2019-03-18,26.18,35.66,17.89,15.71,0.0,2.14,24.59,96.67,0.05,-2.85,IDR,22.72,75.86,subtropical_dry,NASA_POWER_daily_ag,6.492,10.046,0.4951,dewpoint,487.2,34.331
2019-03-19,27.17,37.08,17.01,15.48,0.0,1.53,24.51,96.44,0.39,-2.05,IDR,22.72,75.86,subtropical_dry,NASA_POWER_daily_ag,5.765,10.149,0.5255,dewpoint,511.7,34.479
2019-03-20,28.36,37.59,19.97,20.32,0.0,2.3,24.12,96.37,2.22,2.58,IDR,22.72,75.86,subtropical_dry,NASA_POWER_daily_ag,6.926,10.584,0.7355,dewpoint,519.2,34.624
2019-03-21,26.52,35.93,17.87,20.73,0.0,2.39,25.42,96.59,0.85,0.6,IDR,22.72,75.86,subtropical_dry,NASA_POWER_daily_ag,6.908,10.921,0.638,dewpoint,495.7,34.769
2019-03-22,27.32,36.84,17.47,18.74,0.0,1.33,25.38,96.68,0.06,0.32,IDR,22.72,75.86,subtropical_dry,NASA_POWER_daily_ag,5.602,10.876,0.6252,dewpoint,486.1,34.911
2019-03-23,28.26,37.26,19.06,20.26,0.0,1.8,24.82,96.7,0.03,1.78,IDR,22.72,75.86,subtropical_dry,NASA_POWER_daily_ag,6.354,10.868,0.6946,dewpoint,484.0,35.052
2019-03-24,28.75,38.08,19.17,16.66,0.0,1.75,24.97,96.6,0.39,0.1,IDR,22.72,75.86,subtropical_dry,NASA_POWER_daily_ag,6.377,10.653,0.6153,dewpoint,494.6,35.191
2019-03-25,30.21,39.49,21.27,18.59,0.0,2.14,23.96,96.52,9.14,2.76,IDR,22.72,75.86,subtropical_dry,NASA_POWER_daily_ag,7.04,10.611,0.745,dewpoint,503.2,35.328
2019-03-26,29.41,39.11,20.95,20.95,0.0,2.56,25.78,96.66,6.48,2.66,IDR,22.72,75.86,subtropical_dry,NASA_POWER_daily_ag,7.657,11.237,0.7397,dewpoint,488.2,35.464
2019-03-27,29.32,38.72,19.72,13.73,0.0,1.61,26.31,96.78,6.9,-2.41,IDR,22.72,75.86,subtropical_dry,NASA_POWER_daily_ag,6.363,10.728,0.5116,dewpoint,475.5,35.598
2019-03-28,30.9,40.83,20.12,12.24,0.0,1.22,25.83,96.65,11.3,-2.37,IDR,22.72,75.86,subtropical_dry,NASA_POWER_daily_ag,5.811,10.488,0.5131,dewpoint,489.3,35.729
2019-03-29,32.35,42.01,24.1,13.05,0.0,1.43,25.91,96.4,0.59,-0.24,IDR,22.72,75.86,subtropical_dry,NASA_POWER_daily_ag,6.319,10.591,0.6002,dewpoint,516.0,35.859
2019-03-30,32.28,41.57,22.67,17.0,0.0,2.56,25.09,96.32,2.02,3.31,IDR,22.72,75.86,subtropical_dry,NASA_POWER_daily_ag,8.138,11.078,0.7746,dewpoint,524.5,35.987
2019-03-31,31.66,40.86,22.9,17.36,0.0,3.47,25.82,96.34,1.26,2.69,IDR,22.72,75.86,subtropical_dry,NASA_POWER_daily_ag,9.388,11.272,0.7413,dewpoint,522.4,36.113
2019-04-01,30.93,40.43,21.03,16.17,0.0,1.6,26.49,96.4,3.43,0.51,IDR,22.72,75.86,subtropical_dry,NASA_POWER_daily_ag,6.613,11.283,0.6338,dewpoint,516.0,36.237
2019-04-02,31.0,41.01,21.38,13.69,0.0,1.31,26.2,96.41,2.0,-1.28,IDR,22.72,75.86,subtropical_dry,NASA_POWER_daily_ag,6.075,10.904,0.5562,dewpoint,514.9,36.359
2019-04-03,31.96,41.79,22.5,12.22,0.0,2.19,25.84,96.38,1.46,-1.49,IDR,22.72,75.86,subtropical_dry,NASA_POWER_daily_ag,7.656,10.702,0.5477,dewpoint,518.1,36.479
2019-04-04,33.09,42.96,23.52,12.85,0.0,2.69,25.3,96.38,5.69,-0.18,IDR,22.72,75.86,subtropical_dry,NASA_POWER_daily_ag,8.593,10.658,0.6028,dewpoint,518.1,36.596
2019-04-05,32.95,42.01,23.71,20.8,0.0,3.7,25.42,96.43,2.07,5.94,IDR,22.72,75.86,subtropical_dry,NASA_POWER_daily_ag,9.863,11.783,0.9312,dewpoint,512.8,36.712
2019-04-06,31.99,41.47,22.8,22.57,0.0,3.2,25.98,96.42,0.59,5.92,IDR,22.72,75.86,subtropical_dry,NASA_POWER_daily_ag,9.039,12.078,0.9299,dewpoint,513.8,36.825
2019-04-07,32.43,41.68,22.61,24.05,0.0,2.76,25.84,96.24,3.99,7.26,IDR,22.72,75.86,subtropical_dry,NASA_POWER_daily_ag,8.49,12.309,1.0199,dewpoint,533.1,36.937
2019-04-08,32.27,41.73,22.89,21.93,0.03,2.84,26.33,96.18,7.62,5.77,IDR,22.72,75.86,subtropical_dry,NASA_POWER_daily_ag,8.671,12.227,0.9203,dewpoint,539.5,37.046
2019-04-09,31.91,41.41,22.95,18.05,0.0,3.39,27.57,96.25,2.69,2.7,IDR,22.72,75.86,subtropical_dry,NASA_POWER_daily_ag,9.572,12.136,0.7418,dewpoint,532.0,37.153
2019-04-10,32.39,41.86,22.51,23.18,0.0,3.06,26.79,96.35,4.1,7.05,IDR,22.72,75.86,subtropical_dry,NASA_POWER_daily_ag,9.012,12.697,1.0053,dewpoint,521.3,37.257
2019-04-11,34.22,43.33,25.03,18.41,0.0,2.77,27.07,96.25,3.01,5.52,IDR,22.72,75.86,subtropical_dry,NASA_POWER_daily_ag,9.048,12.329,0.9045,dewpoint,532.0,37.36
2019-04-12,33.42,43.0,24.07,15.96,0.0,2.65,27.1,96.27,1.9,2.52,IDR,22.72,75.86,subtropical_dry,NASA_POWER_daily_ag,8.784,11.894,0.7323,dewpoint,529.9,37.46
2019-04-13,33.55,42.69,23.63,18.11,0.0,2.47,26.03,96.31,11.22,4.93,IDR,22.72,75.86,subtropical_dry,NASA_POWER_daily_ag,8.412,12.034,0.8681,dewpoint,525.6,37.558
2019-04-14,34.91,43.26,26.11,15.88,0.0,2.5,24.79,96.3,34.92,4.41,IDR,22.72,75.86,subtropical_dry,NASA_POWER_daily_ag,8.571,11.414,0.837,dewpoint,526.7,37.654
2019-04-15,33.36,40.6,27.59,22.57,0.3,2.56,11.93,96.3,96.91,8.66,IDR,22.72,75.86,subtropical_dry,NASA_POWER_daily_ag,6.881,7.414,1.122,dewpoint,526.7,37.748
2019-04-16,28.91,31.29,26.27,37.67,4.93,2.47,19.35,96.4,75.81,12.96,IDR,22.72,75.86,subtropical_dry,NASA_POWER_daily_ag,6.359,11.058,1.4939,dewpoint,516.0,37.839
2019-04-17,28.23,35.25,22.92,34.05,0.13,2.91,26.23,96.45,21.63,8.76,IDR,22.72,75.86,subtropical_dry,NASA_POWER_daily_ag,7.753,13.31,1.1296,dewpoint,510.6,37.928
2019-04-18,28.43,36.08,20.57,32.56,0.0,2.17,26.1,96.53,10.76,9.6,IDR,22.72,75.86,subtropical_dry,NASA_POWER_daily_ag,6.991,13.487,1.1954,dewpoint,502.1,38.016
2019-04-19,29.81,38.17,21.23,28.83,0.0,2.4,27.01,96.33,3.88,8.12,IDR,22.72,75.86,subtropical_dry,NASA_POWER_daily_ag,7.692,13.478,1.0816,dewpoint,523.5,38.1
2019-04-20,30.32,39.32,21.31,23.59,0.0,2.23,28.56,96.13,0.48,5.49,IDR,22.72,75.86,subtropical_dry,NASA_POWER_daily_ag,7.818,13.536,0.9026,dewpoint,544.8,38.183
2019-04-21,31.16,40.49,21.31,19.95,0.0,2.1,27.41,96.06,5.25,3.91,IDR,22.72,75.86,subtropical_dry,NASA_POWER_daily_ag,7.69,12.794,0.8081,dewpoint,552.3,38.264
2019-04-22,32.13,41.3,21.98,19.65,0.0,1.46,26.69,96.14,16.58,4.52,IDR,22.72,75.86,subtropical_dry,NASA_POWER_daily_ag,6.761,12.585,0.8435,dewpoint,543.8,38.342
2019-04-23,33.84,42.76,23.84,18.62,0.0,1.49,26.75,96.22,19.99,5.04,IDR,22.72,75.86,subtropical_dry,NASA_POWER_daily_ag,7.005,12.544,0.8747,dewpoint,535.2,38.418
2019-04-24,34.95,44.2,24.99,17.06,0.0,2.7,26.96,96.25,11.52,5.04,IDR,22.72,75.86,subtropical_dry,NASA_POWER_daily_ag,9.176,12.499,0.8747,dewpoint,532.0,38.492
2019-04-25,35.69,44.42,26.92,17.66,0.0,3.43,25.28,96.25,26.31,6.32,IDR,22.72,75.86,subtropical_dry,NASA_POWER_daily_ag,10.237,12.061,0.956,dewpoint,532.0,38.564
2019-04-26,36.33,44.62,27.82,16.83,0.0,3.62,26.17,96.19,6.98,6.73,IDR,22.72,75.86,subtropical_dry,NASA_POWER_daily_ag,10.744,12.418,0.9834,dewpoint,538.4,38.634
2019-04-27,36.62,45.47,28.1,14.51,0.0,3.65,27.56,96.1,3.68,4.29,IDR,22.72,75.86,subtropical_dry,NASA_POWER_daily_ag,11.073,12.4,0.83,dewpoint,548.1,38.702
2019-04-28,35.83,45.35,26.71,10.22,0.0,3.67,28.14,96.07,3.73,-1.77,IDR,22.72,75.86,subtropical_dry,NASA_POWER_daily_ag,11.116,11.637,0.5365,dewpoint,551.3,38.768
2019-04-29,35.77,44.91,26.96,11.25,0.0,3.96,27.93,96.0,2.01,0.47,IDR,22.72,75.86,subtropical_dry,NASA_POWER_daily_ag,11.507,11.984,0.632,dewpoint,558.8,38.831
2019-04-30,34.12,43.52,25.06,18.05,0.0,4.35,28.08,95.95,0.8,4.19,IDR,22.72,75.86,subtropical_dry,NASA_POWER_daily_ag,11.518,12.898,0.8242,dewpoint,564.1,38.893
2019-05-01,32.31,41.09,23.76,26.01,0.0,4.21,27.45,95.86,1.05,8.22,IDR,22.72,75.86,subtropical_dry,NASA_POWER_daily_ag,10.485,13.645,1.0889,dewpoint,573.8,38.953
2019-05-02,32.48,41.24,23.46,26.29,0.0,3.43,26.94,95.88,16.59,8.3,IDR,22.72,75.86,subtropical_dry,NASA_POWER_daily_ag,9.572,13.48,1.0949,dewpoint,571.6,39.011
2019-05-03,32.4,40.81,23.36,28.42,0.0,4.67,26.71,95.95,18.32,9.56,IDR,22.72,75.86,subtropical_dry,NASA_POWER_daily_ag,10.82,13.663,1.1922,dewpoint,564.1,39.066
2019-05-04,31.88,40.44,23.09,36.17,0.0,4.06,25.71,96.25,26.43,12.78,IDR,22.72,75.86,subtropical_dry,NASA_POWER_daily_ag,9.545,13.889,1.4764,dewpoint,532.0,39.12
2019-05-05,31.94,39.96,23.43,35.48,0.51,3.5,24.76,96.43,35.73,12.85,IDR,22.72,75.86,subtropical_dry,NASA_POWER_daily_ag,8.894,13.496,1.4831,dewpoint,512.8,39.172
2019-05-06,33.35,41.7,24.34,27.87,0.01,3.36,25.01,96.25,34.18,9.89,IDR,22.72,75.86,subtropical_dry,NASA_POWER_daily_ag,9.41,12.982,1.2189,dewpoint,532.0,39.223
2019-05-07,33.78,42.11,25.07,22.38,0.0,4.65,27.99,96.16,16.83,7.39,IDR,22.72,75.86,subtropical_dry,NASA_POWER_daily_ag,11.611,13.655,1.029,dewpoint,541.6,39.271
2019-05-08,32.78,40.81,24.58,24.82,0.0,4.85,28.69,96.26,1.58,7.99,IDR,22.72,75.86,subtropical_dry,NASA_POWER_daily_ag,11.526,14.148,1.072,dewpoint,530.9,39.318
2019-05-09,31.93,40.06,23.39,34.24,0.0,4.52,28.49,96.21,13.61,12.03,IDR,22.72,75.86,subtropical_dry,NASA_POWER_daily_ag,10.425,15.017,1.4053,dewpoint,536.3,39.363
2019-05-10,31.88,39.67,25.41,32.28,0.0,4.14,27.7,96.22,26.49,11.95,IDR,22.72,75.86,subtropical_dry,NASA_POWER_daily_ag,9.952,14.602,1.3979,dewpoint,535.2,39.406
2019-05-11,31.98,40.53,23.09,30.02,0.0,4.05,28.64,96.29,3.09,10.29,IDR,22.72,75.86,subtropical_dry,NASA_POWER_daily_ag,10.195,14.717,1.252,dewpoint,527.7,39.447
2019-05-12,34.11,42.22,25.18,30.01,0.01,3.36,27.0,96.16,10.46,12.34,IDR,22.72,75.86,subtropical_dry,NASA_POWER_daily_ag,9.668,14.293,1.4343,dewpoint,541.6,39.487
2019-05-13,34.13,41.73,25.98,30.81,0.06,4.11,25.0,96.1,13.29,12.73,IDR,22.72,75.86,subtropical_dry,NASA_POWER_daily_ag,10.268,13.504,1.4715,dewpoint,548.1,39.525
2019-05-14,33.81,41.92,25.64,29.24,0.06,3.84,27.35,96.08,3.2,11.37,IDR,22.72,75.86,subtropical_dry,NASA_POWER_daily_ag,10.27,14.257,1.3454,dewpoint,550.2,39.562
2019-05-15,33.91,41.74,25.39,29.02,0.0,3.45,27.2,96.17,17.34,11.85,IDR,22.72,75.86,subtropical_dry,NASA_POWER_daily_ag,9.792,14.316,1.3888,dewpoint,540.6,39.597
2019-05-16,33.07,40.05,25.31,31.02,0.26,4.46,27.76,96.28,5.53,12.38,IDR,22.72,75.86,subtropical_dry,NASA_POWER_daily_ag,10.664,14.757,1.4381,dewpoint,528.8,39.63
2019-05-17,33.42,40.55,25.83,29.57,0.0,4.8,26.77,96.31,6.82,11.96,IDR,22.72,75.86,subtropical_dry,NASA_POWER_daily_ag,11.074,14.203,1.3989,dewpoint,525.6,39.662
2019-05-18,33.05,40.2,25.78,27.39,0.0,4.22,26.19,96.27,12.51,10.61,IDR,22.72,75.86,subtropical_dry,NASA_POWER_daily_ag,10.427,13.72,1.2791,dewpoint,529.9,39.693
2019-05-19,33.56,40.79,25.69,24.5,0.0,2.89,26.73,96.25,9.99,10.05,IDR,22.72,75.86,subtropical_dry,NASA_POWER_daily_ag,9.08,13.822,1.2321,dewpoint,532.0,39.722
2019-05-20,35.17,42.67,27.03,22.88,0.0,2.69,27.23,96.24,10.14,10.0,IDR,22.72,75.86,subtropical_dry,NASA_POWER_daily_ag,9.201,13.877,1.228,dewpoint,533.1,39.75
2019-05-21,35.77,43.38,27.5,23.22,0.0,3.58,27.81,96.15,1.93,10.45,IDR,22.72,75.86,subtropical_dry,NASA_POWER_daily_ag,10.626,14.158,1.2655,dewpoint,542.7,39.776
2019-05-22,35.15,43.14,27.13,24.15,0.0,4.45,28.33,96.08,2.07,10.31,IDR,22.72,75.86,subtropical_dry,NASA_POWER_daily_ag,11.62,14.376,1.2537,dewpoint,550.2,39.801
2019-05-23,35.27,42.95,27.12,29.15,0.0,4.43,28.1,96.02,2.34,13.42,IDR,22.72,75.86,subtropical_dry,NASA_POWER_daily_ag,11.3,14.979,1.5394,dewpoint,556.6,39.825
2019-05-24,34.96,42.23,27.49,26.08,0.0,4.8,28.38,96.09,3.0,11.23,IDR,22.72,75.86,subtropical_dry,NASA_POWER_daily_ag,11.887,14.637,1.3329,dewpoint,549.1,39.847
2019-05-25,35.13,42.2,27.14,28.6,0.0,3.86,25.74,96.02,22.83,13.08,IDR,22.72,75.86,subtropical_dry,NASA_POWER_daily_ag,10.357,13.91,1.5056,dewpoint,556.6,39.868
2019-05-26,35.67,42.82,27.25,24.83,0.0,3.36,27.67,95.91,5.46,11.51,IDR,22.72,75.86,subtropical_dry,NASA_POWER_daily_ag,10.233,14.395,1.3579,dewpoint,568.4,39.888
2019-05-27,35.55,43.06,27.56,27.34,0.0,4.22,28.21,95.93,1.24,12.1,IDR,22.72,75.86,subtropical_dry,NASA_POWER_daily_ag,11.299,14.73,1.4118,dewpoint,566.3,39.907
2019-05-28,35.71,43.71,26.58,28.69,0.0,4.69,26.01,95.86,42.07,13.19,IDR,22.72,75.86,subtropical_dry,NASA_POWER_daily_ag,11.531,14.024,1.5165,dewpoint,573.8,39.924
2019-05-29,36.96,44.94,27.88,23.99,0.0,4.59,25.77,95.75,25.95,11.8,IDR,22.72,75.86,subtropical_dry,NASA_POWER_daily_ag,11.95,13.551,1.3842,dewpoint,585.6,39.941
2019-05-30,36.74,44.07,28.59,24.24,0.0,4.51,26.38,95.75,23.87,11.75,IDR,22.72,75.86,subtropical_dry,NASA_POWER_daily_ag,11.853,13.812,1.3796,dewpoint,585.6,39.956
2019-05-31,36.27,43.9,28.22,28.01,0.0,4.2,26.44,95.78,16.35,13.11,IDR,22.72,75.86,subtropical_dry,NASA_POWER_daily_ag,11.188,14.139,1.5086,dewpoint,582.4,39.971
2019-06-01,35.55,42.65,27.76,32.96,0.03,4.62,26.33,95.91,26.54,15.3,IDR,22.72,75.86,subtropical_dry,NASA_POWER_daily_ag,11.16,14.621,1.7386,dewpoint,568.4,39.984
2019-06-02,36.28,43.73,28.81,33.53,0.2,4.66,25.32,95.84,42.39,16.12,IDR,22.72,75.86,subtropical_dry,NASA_POWER_daily_ag,11.214,14.254,1.8323,dewpoint,575.9,39.996
2019-06-03,37.0,45.5,28.17,29.97,0.23,5.02,26.48,95.75,15.62,14.25,IDR,22.72,75.86,subtropical_dry,NASA_POWER_daily_ag,12.283,14.341,1.6247,dewpoint,585.6,40.007
2019-06-04,36.52,45.13,27.29,30.56,0.0,5.0,26.84,95.77,34.78,13.9,IDR,22.72,75.86,subtropical_dry,NASA_POWER_daily_ag,12.177,14.474,1.5883,dewpoint,583.4,40.018
2019-06-05,36.66,45.42,28.02,29.04,0.0,4.84,26.45,95.78,23.74,13.3,IDR,22.72,75.86,subtropical_dry,NASA_POWER_daily_ag,12.064,14.137,1.5274,dewpoint,582.4,40.027
2019-06-06,36.64,43.96,28.71,28.43,0.0,5.0,26.25,95.79,13.0,14.37,IDR,22.72,75.86,subtropical_dry,NASA_POWER_daily_ag,12.092,14.314,1.6374,dewpoint,581.3,40.035
2019-06-07,36.53,44.22,28.39,34.23,0.01,4.54,23.63,95.82,56.84,16.95,IDR,22.72,75.86,subtropical_dry,NASA_POWER_daily_ag,10.835,13.625,1.9316,dewpoint,578.1,40.043
2019-06-08,35.05,41.15,30.66,34.18,0.02,4.66,25.73,95.82,22.86,16.21,IDR,22.72,75.86,subtropical_dry,NASA_POWER_daily_ag,10.788,14.511,1.8428,dewpoint,578.1,40.049
2019-06-09,37.51,45.69,28.26,28.93,0.0,4.0,25.83,95.59,32.99,13.94,IDR,22.72,75.86,subtropical_dry,NASA_POWER_daily_ag,11.156,13.991,1.5924,dewpoint,602.8,40.055
2019-06-10,37.0,45.18,28.45,31.23,0.01,4.95,26.73,95.52,22.26,15.3,IDR,22.72,75.86,subtropical_dry,NASA_POWER_daily_ag,12.088,14.705,1.7386,dewpoint,610.3,40.06
2019-06-11,36.89,44.58,28.6,31.87,0.08,3.03,25.25,95.45,49.58,16.18,IDR,22.72,75.86,subtropical_dry,NASA_POWER_daily_ag,9.45,14.231,1.8393,dewpoint,617.8,40.064
2019-06-12,36.7,41.76,31.56,35.13,0.14,3.06,23.78,95.47,64.08,18.23,IDR,22.72,75.86,subtropical_dry,NASA_POWER_daily_ag,9.048,13.952,2.094,dewpoint,615.7,40.067
2019-06-13,33.98,40.43,28.4,46.84,0.37,4.39,21.25,95.69,65.34,20.04,IDR,22.72,75.86,subtropical_dry,NASA_POWER_daily_ag,8.831,13.103,2.3441,dewpoint,592.0,40.069
2019-06-14,34.24,40.86,28.23,38.6,1.15,3.88,23.71,95.73,58.74,17.15,IDR,22.72,75.86,subtropical_dry,NASA_POWER_daily_ag,9.333,13.818,1.9562,dewpoint,587.7,40.071
2019-06-15,33.55,40.65,27.55,44.21,4.26,4.67,25.89,95.85,51.43,18.62,IDR,22.72,75.86,subtropical_dry,NASA_POWER_daily_ag,9.806,15.233,2.1458,dewpoint,574.8,40.071
2019-06-16,32.81,39.76,26.76,48.22,0.34,5.63,23.34,95.94,53.99,19.6,IDR,22.72,75.86,subtropical_dry,NASA_POWER_daily_ag,9.594,14.167,2.281,dewpoint,565.2,40.071
2019-06-17,32.55,39.44,26.37,48.92,1.39,5.59,22.75,95.96,44.09,19.25,IDR,22.72,75.86,subtropical_dry,NASA_POWER_daily_ag,9.463,13.81,2.2319,dewpoint,563.0,40.071
2019-06-18,31.89,39.24,25.42,50.9,0.32,5.08,24.5,95.78,45.43,19.42,IDR,22.72,75.86,subtropical_dry,NASA_POWER_daily_ag,9.006,14.787,2.2556,dewpoint,582.4,40.069
2019-06-19,29.32,34.18,25.71,62.19,8.91,4.54,16.42,95.73,81.3,21.08,IDR,22.72,75.86,subtropical_dry,NASA_POWER_daily_ag,6.034,10.793,2.4993,dewpoint,587.7,40.067
2019-06-20,30.53,36.98,24.56,61.43,0.13,3.43,18.85,95.82,58.29,21.54,IDR,22.72,75.86,subtropical_dry,NASA_POWER_daily_ag,6.211,12.169,2.5707,dewpoint,578.1,40.064
2019-06-21,31.24,37.2,25.59,58.32,3.88,3.18,18.16,95.81,88.81,21.47,IDR,22.72,75.86,subtropical_dry,NASA_POWER_daily_ag,6.227,11.759,2.5597,dewpoint,579.1,40.06
2019-06-22,32.08,38.85,25.09,56.12,1.12,3.43,16.5,95.7,96.13,21.21,IDR,22.72,75.86,subtropical_dry,NASA_POWER_daily_ag,6.481,10.797,2.5193,dewpoint,590.9,40.055
2019-06-23,32.23,38.61,25.65,56.23,1.68,3.69,20.82,95.59,78.5,21.51,IDR,22.72,75.86,subtropical_dry,NASA_POWER_daily_ag,7.279,13.209,2.566,dewpoint,602.8,40.05
2019-06-24,31.29,35.83,26.49,63.75,19.69,2.25,19.0,95.72,82.93,23.07,IDR,22.72,75.86,subtropical_dry,NASA_POWER_daily_ag,5.538,12.463,2.8214,dewpoint,588.8,40.044
2019-06-25,31.5,37.31,26.56,64.05,2.31,1.72,23.03,95.84,67.99,23.22,IDR,22.72,75.86,subtropical_dry,NASA_POWER_daily_ag,5.935,14.775,2.847,dewpoint,575.9,40.037
2019-06-26,30.42,35.48,26.41,69.2,5.94,3.26,18.54,95.83,75.74,23.72,IDR,22.72,75.86,subtropical_dry,NASA_POWER_daily_ag,5.529,12.294,2.9341,dewpoint,577.0,40.029
2019-06-27,28.94,33.22,25.11,75.43,6.13,3.54,17.48,95.68,92.66,23.89,IDR,22.72,75.86,subtropical_dry,NASA_POWER_daily_ag,4.839,11.739,2.9643,dewpoint,593.1,40.021
2019-06-28,29.18,33.73,25.1,73.01,2.28,3.19,17.25,95.57,97.3,23.48,IDR,22.72,75.86,subtropical_dry,NASA_POWER_daily_ag,4.912,11.548,2.892,dewpoint,604.9,40.012
2019-06-29,28.82,34.47,24.97,73.53,14.35,3.27,17.47,95.57,89.47,23.14,IDR,22.72,75.86,subtropical_dry,NASA_POWER_daily_ag,4.92,11.625,2.8333,dewpoint,604.9,40.002
2019-06-30,27.04,30.84,24.54,83.26,20.37,3.18,12.72,95.67,97.65,23.78,IDR,22.72,75.86,subtropical_dry,NASA_POWER_daily_ag,3.351,8.938,2.9447,dewpoint,594.2,39.991
2019-07-01,28.07,32.68,24.56,77.87,2.54,3.12,16.33,95.62,89.17,23.52,IDR,22.72,75.86,subtropical_dry,NASA_POWER_daily_ag,4.335,11.028,2.899,dewpoint,599.5,39.98
2019-07-02,27.26,30.85,24.6,84.42,22.94,3.93,18.13,95.62,90.14,24.28,IDR,22.72,75.86,subtropical_dry,NASA_POWER_daily_ag,4.145,12.207,3.0344,dewpoint,599.5,39.967
2019-07-03,26.83,30.63,24.3,86.05,34.22,4.58,6.21,95.58,99.68,24.19,IDR,22.72,75.86,subtropical_dry,NASA_POWER_daily_ag,2.369,5.071,3.0181,dewpoint,603.8,39.954
2019-07-04,25.65,27.68,23.71,88.97,32.98,5.18,5.46,95.52,99.5,23.65,IDR,22.72,75.86,subtropical_dry,NASA_POWER_daily_ag,1.987,4.629,2.9218,dewpoint,610.3,39.94
2019-07-05,25.7,27.42,24.5,92.76,66.16,4.82,5.29,95.36,99.08,24.44,IDR,22.72,75.86,subtropical_dry,NASA_POWER_daily_ag,1.596,4.504,3.0636,dewpoint,627.5,39.926
2019-07-06,25.28,27.48,23.84,92.04,33.7,4.31,6.7,95.32,99.71,23.89,IDR,22.72,75.86,subtropical_dry,NASA_POWER_daily_ag,1.813,5.363,2.9643,dewpoint,631.8,39.91
2019-07-07,25.87,29.37,22.95,88.74,5.47,4.29,12.87,95.47,98.09,23.79,IDR,22.72,75.86,subtropical_dry,NASA_POWER_daily_ag,2.963,9.041,2.9465,dewpoint,615.7,39.894
2019-07-08,26.16,28.86,23.88,87.26,2.22,4.15,16.44,95.64,96.44,23.79,IDR,22.72,75.86,subtropical_dry,NASA_POWER_daily_ag,3.583,11.161,2.9465,dewpoint,597.4,39.876
2019-07-09,27.47,32.01,24.05,82.83,0.18,3.62,14.41,95.57,93.96,24.06,IDR,22.72,75.86,subtropical_dry,NASA_POWER_daily_ag,3.74,9.949,2.9947,dewpoint,604.9,39.858
2019-07-10,27.76,32.48,24.49,81.16,0.0,3.82,16.94,95.57,90.58,23.96,IDR,22.72,75.86,subtropical_dry,NASA_POWER_daily_ag,4.29,11.431,2.9768,dewpoint,604.9,39.839
2019-07-11,27.77,32.62,24.23,79.4,0.0,4.28,18.0,95.73,85.67,23.56,IDR,22.72,75.86,subtropical_dry,NASA_POWER_daily_ag,4.646,12.004,2.906,dewpoint,587.7,39.819
2019-07-12,27.53,32.32,23.96,79.8,0.16,4.36,17.06,95.9,82.46,23.45,IDR,22.72,75.86,subtropical_dry,NASA_POWER_daily_ag,4.453,11.442,2.8868,dewpoint,569.5,39.798
2019-07-13,27.28,31.58,23.77,80.21,0.02,4.1,18.66,96.01,90.61,23.29,IDR,22.72,75.86,subtropical_dry,NASA_POWER_daily_ag,4.578,12.367,2.8591,dewpoint,557.7,39.776
2019-07-14,26.99,30.81,24.22,81.34,0.0,4.44,17.73,95.89,87.54,23.32,IDR,22.72,75.86,subtropical_dry,NASA_POWER_daily_ag,4.343,11.83,2.8643,dewpoint,570.6,39.753
2019-07-15,27.57,32.87,23.9,78.64,0.0,4.72,19.49,95.76,84.45,23.19,IDR,22.72,75.86,subtropical_dry,NASA_POWER_daily_ag,4.947,12.814,2.8419,dewpoint,584.5,39.729
2019-07-16,27.6,32.29,23.92,79.01,0.0,4.28,21.34,95.88,34.19,23.32,IDR,22.72,75.86,subtropical_dry,NASA_POWER_daily_ag,5.109,13.919,2.8643,dewpoint,571.6,39.704
2019-07-17,27.8,32.83,23.77,77.88,0.0,3.2,23.53,95.9,29.11,23.23,IDR,22.72,75.86,subtropical_dry,NASA_POWER_daily_ag,5.385,15.168,2.8488,dewpoint,569.5,39.677
2019-07-18,27.99,32.81,23.61,77.42,0.0,2.41,20.84,95.79,56.56,23.33,IDR,22.72,75.86,subtropical_dry,NASA_POWER_daily_ag,4.886,13.621,2.866,dewpoint,581.3,39.65
2019-07-19,28.74,32.86,23.51,71.78,2.67,1.5,20.88,95.73,70.13,22.75,IDR,22.72,75.86,subtropical_dry,NASA_POWER_daily_ag,4.924,13.545,2.7672,dewpoint,587.7,39.622
2019-07-20,28.44,32.59,24.26,74.5,8.69,1.44,19.79,95.7,81.4,23.24,IDR,22.72,75.86,subtropical_dry,NASA_POWER_daily_ag,4.606,12.984,2.8505,dewpoint,590.9,39.592
2019-07-21,28.49,32.02,25.39,78.48,10.65,1.18,19.66,95.61,77.97,24.26,IDR,22.72,75.86,subtropical_dry,NASA_POWER_daily_ag,4.43,13.058,3.0308,dewpoint,600.6,39.561
2019-07-22,29.44,33.87,25.24,77.11,1.77,1.29,25.16,95.57,46.62,24.7,IDR,22.72,75.86,subtropical_dry,NASA_POWER_daily_ag,5.565,16.391,3.1116,dewpoint,604.9,39.529
2019-07-23,28.99,33.36,24.99,77.52,0.6,1.75,26.24,95.63,62.08,24.4,IDR,22.72,75.86,subtropical_dry,NASA_POWER_daily_ag,5.758,16.974,3.0563,dewpoint,598.5,39.496
2019-07-24,28.18,31.22,25.25,83.93,2.87,1.95,19.79,95.66,89.38,25.1,IDR,22.72,75.86,subtropical_dry,NASA_POWER_daily_ag,4.384,13.274,3.1867,dewpoint,595.2,39.462
2019-07-25,26.56,29.11,24.63,87.04,8.7,3.72,11.57,95.71,99.74,24.15,IDR,22.72,75.86,subtropical_dry,NASA_POWER_daily_ag,2.921,8.253,3.0109,dewpoint,589.9,39.426
2019-07-26,26.78,30.43,24.05,83.89,6.48,4.6,11.17,95.61,99.87,23.64,IDR,22.72,75.86,subtropical_dry,NASA_POWER_daily_ag,3.246,7.987,2.92,dewpoint,600.6,39.389
2019-07-27,26.11,29.23,23.93,88.46,27.51,5.08,11.35,95.51,99.02,23.99,IDR,22.72,75.86,subtropical_dry,NASA_POWER_daily_ag,2.817,8.114,2.9821,dewpoint,611.4,39.351
2019-07-28,25.72,28.56,23.72,88.14,18.56,5.47,4.91,95.52,99.37,23.55,IDR,22.72,75.86,subtropical_dry,NASA_POWER_daily_ag,2.024,4.295,2.9043,dewpoint,610.3,39.311
2019-07-29,25.84,28.58,23.81,90.35,60.27,3.97,7.19,95.47,99.62,24.1,IDR,22.72,75.86,subtropical_dry,NASA_POWER_daily_ag,2.027,5.635,3.0019,dewpoint,615.7,39.269
2019-07-30,25.8,29.71,23.3,88.06,25.16,4.64,8.78,95.53,99.32,23.57,IDR,22.72,75.86,subtropical_dry,NASA_POWER_daily_ag,2.484,6.574,2.9078,dewpoint,609.2,39.227
2019-07-31,25.59,29.2,22.95,87.55,8.44,5.25,7.69,95.59,99.12,23.27,IDR,22.72,75.86,subtropical_dry,NASA_POWER_daily_ag,2.418,5.931,2.8556,dewpoint,602.8,39.183
2019-08-01,25.23,28.0,23.29,88.4,6.27,5.63,7.98,95.62,98.24,23.12,IDR,22.72,75.86,subtropical_dry,NASA_POWER_daily_ag,2.358,6.099,2.8299,dewpoint,599.5,39.137
2019-08-02,25.82,29.07,23.07,87.41,6.75,4.07,15.26,95.57,92.26,23.47,IDR,22.72,75.86,subtropical_dry,NASA_POWER_daily_ag,3.367,10.38,2.8903,dewpoint,604.9,39.09
2019-08-03,25.52,27.6,23.94,91.65,12.13,3.57,13.11,95.47,99.13,24.04,IDR,22.72,75.86,subtropical_dry,NASA_POWER_daily_ag,2.73,9.157,2.9911,dewpoint,615.7,39.041
2019-08-04,26.85,30.61,24.28,88.17,4.39,3.13,13.62,95.41,94.76,24.62,IDR,22.72,75.86,subtropical_dry,NASA_POWER_daily_ag,3.142,9.48,3.0968,dewpoint,622.1,38.991
2019-08-05,25.63,29.25,23.37,87.89,4.87,4.18,8.24,95.41,98.47,23.39,IDR,22.72,75.86,subtropical_dry,NASA_POWER_daily_ag,2.37,6.245,2.8764,dewpoint,622.1,38.939
2019-08-06,25.43,27.71,23.88,90.22,6.88,3.88,12.47,95.38,99.12,23.69,IDR,22.72,75.86,subtropical_dry,NASA_POWER_daily_ag,2.725,8.745,2.9288,dewpoint,625.4,38.885
2019-08-07,25.7,28.63,23.75,90.58,42.1,4.2,6.86,95.25,99.54,24.0,IDR,22.72,75.86,subtropical_dry,NASA_POWER_daily_ag,1.97,5.427,2.9839,dewpoint,639.4,38.83
2019-08-08,24.83,26.92,23.86,93.22,89.6,4.82,4.81,95.05,98.83,23.67,IDR,22.72,75.86,subtropical_dry,NASA_POWER_daily_ag,1.457,4.215,2.9253,dewpoint,660.9,38.773
2019-08-09,24.47,26.16,22.39,92.9,61.07,6.77,6.31,94.92,98.72,23.25,IDR,22.72,75.86,subtropical_dry,NASA_POWER_daily_ag,1.691,5.104,2.8522,dewpoint,675.0,38.714
2019-08-10,25.09,29.06,22.01,88.94,4.16,4.85,12.9,95.41,75.67,23.07,IDR,22.72,75.86,subtropical_dry,NASA_POWER_daily_ag,2.879,8.946,2.8214,dewpoint,622.1,38.653
2019-08-11,25.62,29.98,22.43,87.48,1.2,3.05,10.6,95.73,68.98,23.25,IDR,22.72,75.86,subtropical_dry,NASA_POWER_daily_ag,2.646,7.604,2.8522,dewpoint,587.7,38.591
2019-08-12,25.78,29.8,22.63,86.7,0.32,3.08,14.79,95.83,77.26,23.26,IDR,22.72,75.86,subtropical_dry,NASA_POWER_daily_ag,3.301,10.04,2.8539,dewpoint,577.0,38.527
2019-08-13,25.49,29.04,23.15,91.14,11.05,3.09,14.7,95.81,89.03,23.89,IDR,22.72,75.86,subtropical_dry,NASA_POWER_daily_ag,2.99,10.044,2.9643,dewpoint,579.1,38.461
2019-08-14,25.17,27.12,23.62,92.45,23.24,3.27,6.64,95.84,99.4,23.85,IDR,22.72,75.86,subtropical_dry,NASA_POWER_daily_ag,1.732,5.281,2.9572,dewpoint,575.9,38.393
2019-08-15,24.12,25.75,22.89,93.05,17.78,4.22,5.56,95.84,98.93,22.92,IDR,22.72,75.86,subtropical_dry,NASA_POWER_daily_ag,1.53,4.659,2.7959,dewpoint,575.9,38.323
2019-08-16,25.36,29.5,23.13,89.93,5.92,4.53,15.23,95.77,96.56,23.52,IDR,22.72,75.86,subtropical_dry,NASA_POWER_daily_ag,3.111,10.301,2.899,dewpoint,583.4,38.252
2019-08-17,25.76,29.78,22.87,87.57,3.76,3.62,16.41,95.9,76.23,23.42,IDR,22.72,75.86,subtropical_dry,NASA_POWER_daily_ag,3.483,10.971,2.8816,dewpoint,569.5,38.178
2019-08-18,25.69,29.65,22.61,87.63,4.51,2.91,11.98,96.1,93.67,23.37,IDR,22.72,75.86,subtropical_dry,NASA_POWER_daily_ag,2.815,8.384,2.8729,dewpoint,548.1,38.103
2019-08-19,25.98,29.95,22.94,88.12,2.31,2.75,14.89,96.22,90.22,23.76,IDR,22.72,75.86,subtropical_dry,NASA_POWER_daily_ag,3.223,10.103,2.9412,dewpoint,535.2,38.026
2019-08-20,26.04,29.85,23.24,88.02,3.31,2.75,15.58,96.17,95.37,23.8,IDR,22.72,75.86,subtropical_dry,NASA_POWER_daily_ag,3.333,10.504,2.9483,dewpoint,540.6,37.946
2019-08-21,26.21,29.84,23.46,87.72,3.36,3.02,19.04,96.06,79.15,23.9,IDR,22.72,75.86,subtropical_dry,NASA_POWER_daily_ag,3.878,12.536,2.9661,dewpoint,552.3,37.865
2019-08-22,25.64,29.3,23.18,87.81,5.22,2.92,21.01,96.01,52.05,23.37,IDR,22.72,75.86,subtropical_dry,NASA_POWER_daily_ag,4.087,13.601,2.8729,dewpoint,557.7,37.782
2019-08-23,25.46,29.47,22.33,87.06,2.89,2.85,16.35,96.03,84.15,23.02,IDR,22.72,75.86,subtropical_dry,NASA_POWER_daily_ag,3.446,10.858,2.8128,dewpoint,555.5,37.696
2019-08-24,24.54,27.19,22.56,92.34,18.05,3.11,10.7,95.99,99.77,23.2,IDR,22.72,75.86,subtropical_dry,NASA_POWER_daily_ag,2.268,7.617,2.8436,dewpoint,559.8,37.609
2019-08-25,24.78,27.59,22.63,92.3,18.15,3.07,6.18,95.89,99.15,23.42,IDR,22.72,75.86,subtropical_dry,NASA_POWER_daily_ag,1.656,4.989,2.8816,dewpoint,570.6,37.519
2019-08-26,23.96,25.53,22.85,94.57,24.97,4.08,4.76,95.8,99.52,23.05,IDR,22.72,75.86,subtropical_dry,NASA_POWER_daily_ag,1.297,4.167,2.8179,dewpoint,580.2,37.428
2019-08-27,24.28,26.42,22.73,94.32,24.74,3.78,6.78,95.71,96.49,23.32,IDR,22.72,75.86,subtropical_dry,NASA_POWER_daily_ag,1.587,5.333,2.8643,dewpoint,589.9,37.335
2019-08-28,24.29,26.38,22.49,93.44,15.26,3.02,11.02,95.83,79.59,23.16,IDR,22.72,75.86,subtropical_dry,NASA_POWER_daily_ag,2.231,7.786,2.8367,dewpoint,577.0,37.239
2019-08-29,25.25,28.22,22.47,88.27,0.29,1.44,17.35,95.98,83.7,23.09,IDR,22.72,75.86,subtropical_dry,NASA_POWER_daily_ag,3.487,11.408,2.8248,dewpoint,560.9,37.141
2019-08-30,25.14,28.47,22.55,90.22,24.27,2.25,17.19,95.79,88.37,23.37,IDR,22.72,75.86,subtropical_dry,NASA_POWER_daily_ag,3.367,11.342,2.8729,dewpoint,581.3,37.042
2019-08-31,25.77,29.78,22.33,89.01,32.84,1.93,14.02,95.6,96.05,23.73,IDR,22.72,75.86,subtropical_dry,NASA_POWER_daily_ag,2.996,9.526,2.9359,dewpoint,601.7,36.94
2019-09-01,25.83,28.69,23.7,92.38,12.41,2.59,11.82,95.66,92.96,24.48,IDR,22.72,75.86,subtropical_dry,NASA_POWER_daily_ag,2.506,8.286,3.071,dewpoint,595.2,36.836
2019-09-02,25.56,29.02,23.15,91.59,5.85,2.68,14.23,95.8,92.97,24.05,IDR,22.72,75.86,subtropical_dry,NASA_POWER_daily_ag,2.883,9.662,2.9929,dewpoint,580.2,36.731
2019-09-03,25.81,29.25,23.15,90.62,1.31,2.21,12.83,95.8,98.25,24.1,IDR,22.72,75.86,subtropical_dry,NASA_POWER_daily_ag,2.744,8.839,3.0019,dewpoint,580.2,36.623
2019-09-04,26.0,28.79,23.47,90.03,10.34,1.82,6.6,95.62,99.32,24.19,IDR,22.72,75.86,subtropical_dry,NASA_POWER_daily_ag,1.793,5.195,3.0181,dewpoint,599.5,36.513
2019-09-05,27.12,30.69,23.82,87.25,9.23,1.2,10.91,95.54,98.75,24.69,IDR,22.72,75.86,subtropical_dry,NASA_POWER_daily_ag,2.579,7.728,3.1098,dewpoint,608.1,36.401
2019-09-06,25.86,27.9,24.0,93.87,2.36,2.37,12.92,95.55,95.44,24.81,IDR,22.72,75.86,subtropical_dry,NASA_POWER_daily_ag,2.597,8.932,3.1321,dewpoint,607.1,36.288
2019-09-07,25.29,27.46,24.03,92.89,2.4,2.45,14.47,95.59,93.15,24.05,IDR,22.72,75.86,subtropical_dry,NASA_POWER_daily_ag,2.829,9.769,2.9929,dewpoint,602.8,36.172
2019-09-08,25.4,27.6,23.53,93.15,24.35,2.12,10.14,95.72,99.12,24.2,IDR,22.72,75.86,subtropical_dry,NASA_POWER_daily_ag,2.187,7.247,3.0199,dewpoint,588.8,36.054
2019-09-09,25.1,27.3,23.29,93.84,32.52,3.0,6.61,95.69,99.5,24.05,IDR,22.72,75.86,subtropical_dry,NASA_POWER_daily_ag,1.611,5.181,2.9929,dewpoint,592.0,35.935
2019-09-10,25.39,27.5,23.56,93.87,42.71,2.19,3.62,95.69,99.16,24.33,IDR,22.72,75.86,subtropical_dry,NASA_POWER_daily_ag,1.162,3.426,3.0435,dewpoint,592.0,35.813
2019-09-11,25.55,28.16,23.62,94.48,12.69,2.13,6.27,95.9,99.34,24.6,IDR,22.72,75.86,subtropical_dry,NASA_POWER_daily_ag,1.537,4.97,3.0931,dewpoint,569.5,35.69
2019-09-12,24.94,27.49,23.57,94.07,25.44,3.75,6.34,96.05,99.48,23.92,IDR,22.72,75.86,subtropical_dry,NASA_POWER_daily_ag,1.559,5.012,2.9696,dewpoint,553.4,35.564
2019-09-13,24.78,27.78,22.78,93.47,64.13,3.63,4.04,96.04,99.16,23.65,IDR,22.72,75.86,subtropical_dry,NASA_POWER_daily_ag,1.289,3.69,2.9218,dewpoint,554.5,35.437
2019-09-14,24.98,27.66,22.92,94.62,19.51,3.88,7.1,95.99,99.27,24.07,IDR,22.72,75.86,subtropical_dry,NASA_POWER_daily_ag,1.616,5.442,2.9965,dewpoint,559.8,35.308
2019-09-15,25.31,28.22,23.4,92.49,4.28,3.16,8.52,96.08,93.83,23.99,IDR,22.72,75.86,subtropical_dry,NASA_POWER_daily_ag,1.968,6.254,2.9821,dewpoint,550.2,35.177
2019-09-16,25.11,27.4,23.58,93.79,6.96,3.02,8.42,96.04,96.01,24.04,IDR,22.72,75.86,subtropical_dry,NASA_POWER_daily_ag,1.862,6.193,2.9911,dewpoint,554.5,35.045
2019-09-17,26.38,30.01,23.36,89.83,13.55,2.19,11.63,95.99,98.35,24.51,IDR,22.72,75.86,subtropical_dry,NASA_POWER_daily_ag,2.604,8.053,3.0765,dewpoint,559.8,34.911
2019-09-18,26.34,29.38,24.03,92.49,7.12,2.06,16.12,96.12,93.0,25.01,IDR,22.72,75.86,subtropical_dry,NASA_POWER_daily_ag,3.174,10.712,3.1697,dewpoint,545.9,34.775
2019-09-19,25.23,27.26,23.77,92.64,11.78,2.18,13.92,96.22,95.66,23.95,IDR,22.72,75.86,subtropical_dry,NASA_POWER_daily_ag,2.731,9.322,2.975,dewpoint,535.2,34.637
2019-09-20,25.49,27.99,23.32,90.53,11.2,1.68,14.22,96.13,89.02,23.8,IDR,22.72,75.86,subtropical_dry,NASA_POWER_daily_ag,2.887,9.464,2.9483,dewpoint,544.8,34.498
2019-09-21,24.95,27.44,22.84,93.4,22.54,2.05,14.5,96.07,95.93,23.81,IDR,22.72,75.86,subtropical_dry,NASA_POWER_daily_ag,2.769,9.624,2.9501,dewpoint,551.3,34.358
2019-09-22,24.99,28.19,22.22,91.83,3.41,1.88,19.43,96.21,64.72,23.54,IDR,22.72,75.86,subtropical_dry,NASA_POWER_daily_ag,3.568,12.366,2.9025,dewpoint,536.3,34.216
2019-09-23,25.41,28.36,22.89,90.89,19.61,1.02,16.48,96.33,86.14,23.76,IDR,22.72,75.86,subtropical_dry,NASA_POWER_daily_ag,3.232,10.703,2.9412,dewpoint,523.5,34.072
2019-09-24,25.85,28.98,22.86,87.23,2.34,0.73,14.97,96.3,92.34,23.47,IDR,22.72,75.86,subtropical_dry,NASA_POWER_daily_ag,3.067,9.792,2.8903,dewpoint,526.7,33.927
2019-09-25,25.05,27.42,23.32,92.87,13.56,1.63,10.9,96.36,98.74,23.81,IDR,22.72,75.86,subtropical_dry,NASA_POWER_daily_ag,2.26,7.529,2.9501,dewpoint,520.3,33.781
2019-09-26,24.94,27.21,23.28,93.05,5.83,1.68,11.68,96.49,97.75,23.72,IDR,22.72,75.86,subtropical_dry,NASA_POWER_daily_ag,2.363,7.954,2.9341,dewpoint,506.4,33.633
2019-09-27,24.51,27.02,23.0,93.41,14.64,2.15,12.86,96.56,98.04,23.37,IDR,22.72,75.86,subtropical_dry,NASA_POWER_daily_ag,2.47,8.58,2.8729,dewpoint,498.9,33.485
2019-09-28,24.31,26.53,22.76,94.61,7.01,2.01,14.2,96.48,93.99,23.4,IDR,22.72,75.86,subtropical_dry,NASA_POWER_daily_ag,2.606,9.327,2.8781,dewpoint,507.4,33.335
2019-09-29,23.48,25.65,22.06,91.56,2.71,1.4,18.35,96.63,73.18,22.02,IDR,22.72,75.86,subtropical_dry,NASA_POWER_daily_ag,3.266,11.421,2.6472,dewpoint,491.4,33.184
2019-09-30,24.36,27.53,21.46,91.0,6.24,1.42,18.34,96.52,75.42,22.75,IDR,22.72,75.86,subtropical_dry,NASA_POWER_daily_ag,3.363,11.498,2.7672,dewpoint,503.2,33.031
2019-10-01,24.29,27.57,21.61,93.37,4.02,2.9,11.02,96.34,95.11,23.12,IDR,22.72,75.86,subtropical_dry,NASA_POWER_daily_ag,2.175,7.498,2.8299,dewpoint,522.4,32.878
2019-10-02,25.0,28.57,22.5,90.04,1.55,2.46,17.61,96.54,39.8,23.18,IDR,22.72,75.86,subtropical_dry,NASA_POWER_daily_ag,3.296,11.098,2.8402,dewpoint,501.0,32.724
2019-10-03,25.04,29.17,21.63,87.04,1.4,1.76,15.3,96.54,40.8,22.61,IDR,22.72,75.86,subtropical_dry,NASA_POWER_daily_ag,3.08,9.739,2.7438,dewpoint,501.0,32.569
2019-10-04,24.37,28.4,20.51,85.77,6.61,1.25,15.28,96.57,59.45,21.72,IDR,22.72,75.86,subtropical_dry,NASA_POWER_daily_ag,3.015,9.62,2.5991,dewpoint,497.8,32.414
2019-10-05,24.94,28.49,20.68,80.75,1.88,0.94,17.13,96.53,55.33,21.24,IDR,22.72,75.86,subtropical_dry,NASA_POWER_daily_ag,3.376,10.499,2.5239,dewpoint,502.1,32.257
2019-10-06,25.07,28.12,22.0,80.46,0.57,0.75,14.8,96.58,66.75,21.42,IDR,22.72,75.86,subtropical_dry,NASA_POWER_daily_ag,2.994,9.278,2.5519,dewpoint,496.8,32.1
2019-10-07,25.72,29.03,21.55,77.54,0.2,0.6,18.29,96.65,48.22,21.39,IDR,22.72,75.86,subtropical_dry,NASA_POWER_daily_ag,3.556,11.054,2.5472,dewpoint,489.3,31.943
2019-10-08,25.37,29.36,21.15,82.08,0.0,1.05,19.82,96.62,10.91,21.97,IDR,22.72,75.86,subtropical_dry,NASA_POWER_daily_ag,3.788,11.941,2.6391,dewpoint,492.5,31.785
2019-10-09,24.83,29.59,20.49,82.51,0.53,1.15,19.32,96.57,20.45,21.42,IDR,22.72,75.86,subtropical_dry,NASA_POWER_daily_ag,3.662,11.555,2.5519,dewpoint,497.8,31.626
2019-10-10,25.02,29.32,20.35,80.57,1.77,0.97,18.12,96.56,35.93,21.27,IDR,22.72,75.86,subtropical_dry,NASA_POWER_daily_ag,3.502,10.894,2.5286,dewpoint,498.9,31.467
2019-10-11,25.29,28.98,21.66,77.17,1.96,0.7,18.25,96.54,34.45,20.84,IDR,22.72,75.86,subtropical_dry,NASA_POWER_daily_ag,3.506,10.841,2.4627,dewpoint,501.0,31.308
2019-10-12,24.45,29.29,20.07,77.88,0.28,1.12,20.11,96.61,6.2,20.1,IDR,22.72,75.86,subtropical_dry,NASA_POWER_daily_ag,3.767,11.627,2.3528,dewpoint,493.6,31.149
2019-10-13,23.96,29.31,18.54,69.54,0.0,1.38,20.98,96.74,5.21,17.76,IDR,22.72,75.86,subtropical_dry,NASA_POWER_daily_ag,4.017,11.571,2.033,dewpoint,479.7,30.989
2019-10-14,25.05,29.84,19.63,68.24,0.0,0.94,20.57,96.77,5.87,18.61,IDR,22.72,75.86,subtropical_dry,NASA_POWER_daily_ag,3.919,11.475,2.1445,dewpoint,476.5,30.829
2019-10-15,24.61,29.9,20.26,73.73,0.0,1.2,20.18,96.77,4.41,19.44,IDR,22.72,75.86,subtropical_dry,NASA_POWER_daily_ag,3.834,11.412,2.2584,dewpoint,476.5,30.67
2019-10-16,23.4,29.5,18.38,78.44,0.0,1.59,19.52,96.75,0.99,19.12,IDR,22.72,75.86,subtropical_dry,NASA_POWER_daily_ag,3.629,11.062,2.2139,dewpoint,478.7,30.511
2019-10-17,22.89,28.86,17.75,81.14,0.0,1.58,18.62,96.76,6.28,19.2,IDR,22.72,75.86,subtropical_dry,NASA_POWER_daily_ag,3.394,10.651,2.225,dewpoint,477.6,30.351
2019-10-18,22.55,27.84,18.39,82.22,0.0,1.53,17.56,96.74,39.34,19.14,IDR,22.72,75.86,subtropical_dry,NASA_POWER_daily_ag,3.185,10.118,2.2167,dewpoint,479.7,30.192
2019-10-19,22.82,26.64,20.0,88.29,2.55,1.29,9.17,96.83,98.98,20.73,IDR,22.72,75.86,subtropical_dry,NASA_POWER_daily_ag,1.948,6.176,2.4461,dewpoint,470.1,30.034
2019-10-20,22.92,26.92,19.73,87.34,0.58,1.37,6.71,96.86,99.34,20.6,IDR,22.72,75.86,subtropical_dry,NASA_POWER_daily_ag,1.669,4.939,2.4266,dewpoint,466.9,29.876
2019-10-21,22.76,26.45,20.16,87.67,0.38,1.79,12.67,96.73,96.4,20.51,IDR,22.72,75.86,subtropical_dry,NASA_POWER_daily_ag,2.444,7.863,2.4131,dewpoint,480.8,29.718
2019-10-22,22.48,26.63,19.5,89.08,6.77,1.84,7.42,96.54,96.89,20.49,IDR,22.72,75.86,subtropical_dry,NASA_POWER_daily_ag,1.734,5.269,2.4102,dewpoint,501.0,29.561
2019-10-23,21.21,24.83,18.79,87.15,6.55,2.04,5.06,96.46,99.31,18.91,IDR,22.72,75.86,subtropical_dry,NASA_POWER_daily_ag,1.494,4.116,2.1851,dewpoint,509.6,29.405
2019-10-24,21.6,27.35,17.78,79.56,0.6,1.95,11.78,96.42,92.5,17.67,IDR,22.72,75.86,subtropical_dry,NASA_POWER_daily_ag,2.545,7.138,2.0215,dewpoint,513.8,29.249
2019-10-25,20.36,25.48,16.61,82.29,0.24,2.13,11.33,96.46,99.24,17.07,IDR,22.72,75.86,subtropical_dry,NASA_POWER_daily_ag,2.332,6.906,1.9463,dewpoint,509.6,29.095
2019-10-26,21.0,25.41,17.41,86.37,0.53,2.83,11.67,96.57,98.52,18.53,IDR,22.72,75.86,subtropical_dry,NASA_POWER_daily_ag,2.304,7.152,2.1338,dewpoint,497.8,28.941
2019-10-27,21.62,25.41,18.86,92.13,5.71,2.3,7.01,96.65,99.19,20.27,IDR,22.72,75.86,subtropical_dry,NASA_POWER_daily_ag,1.527,5.015,2.3776,dewpoint,489.3,28.788
2019-10-28,23.44,27.67,20.18,88.17,9.56,2.18,14.16,96.72,92.58,21.27,IDR,22.72,75.86,subtropical_dry,NASA_POWER_daily_ag,2.648,8.53,2.5286,dewpoint,481.8,28.636
2019-10-29,23.53,27.82,19.88,87.05,2.08,1.12,16.1,96.82,83.4,21.13,IDR,22.72,75.86,subtropical_dry,NASA_POWER_daily_ag,2.879,9.438,2.5069,dewpoint,471.2,28.486
2019-10-30,24.11,28.48,20.94,85.62,0.25,1.37,16.92,96.76,70.71,21.39,IDR,22.72,75.86,subtropical_dry,NASA_POWER_daily_ag,3.075,9.825,2.5472,dewpoint,477.6,28.337
2019-10-31,23.47,28.38,19.91,84.33,1.14,1.28,15.75,96.67,59.07,20.53,IDR,22.72,75.86,subtropical_dry,NASA_POWER_daily_ag,2.874,9.11,2.4161,dewpoint,487.2,28.189
2019-11-01,22.75,27.54,18.97,85.24,1.26,1.61,15.52,96.64,56.26,19.93,IDR,22.72,75.86,subtropical_dry,NASA_POWER_daily_ag,2.801,8.917,2.3282,dewpoint,490.4,28.043
2019-11-02,22.2,25.57,19.39,90.55,0.84,1.54,7.11,96.78,98.38,20.52,IDR,22.72,75.86,subtropical_dry,NASA_POWER_daily_ag,1.577,5.002,2.4146,dewpoint,475.5,27.898
2019-11-03,22.95,27.49,19.52,87.47,1.18,1.23,9.48,96.89,94.69,20.61,IDR,22.72,75.86,subtropical_dry,NASA_POWER_daily_ag,1.964,6.108,2.428,dewpoint,463.8,27.755
2019-11-04,23.47,28.94,19.28,84.11,0.0,1.2,15.95,96.88,31.32,20.42,IDR,22.72,75.86,subtropical_dry,NASA_POWER_daily_ag,2.872,9.085,2.3998,dewpoint,464.8,27.613
2019-11-05,23.68,28.79,18.89,80.78,0.0,1.15,16.71,96.68,16.53,19.97,IDR,22.72,75.86,subtropical_dry,NASA_POWER_daily_ag,3.03,9.345,2.3339,dewpoint,486.1,27.473
2019-11-06,23.86,28.35,19.24,78.94,0.0,0.78,16.73,96.47,22.86,19.82,IDR,22.72,75.86,subtropical_dry,NASA_POWER_daily_ag,2.985,9.306,2.3124,dewpoint,508.5,27.335
2019-11-07,23.91,27.87,21.09,82.97,1.39,0.95,10.78,96.4,77.77,20.73,IDR,22.72,75.86,subtropical_dry,NASA_POWER_daily_ag,2.205,6.652,2.4461,dewpoint,516.0,27.199
2019-11-08,24.03,28.11,19.94,81.86,3.98,1.04,15.09,96.51,55.88,20.59,IDR,22.72,75.86,subtropical_dry,NASA_POWER_daily_ag,2.8,8.629,2.4251,dewpoint,504.2,27.065
2019-11-09,23.4,27.93,19.47,83.84,0.14,1.45,15.77,96.63,26.86,20.33,IDR,22.72,75.86,subtropical_dry,NASA_POWER_daily_ag,2.851,8.887,2.3865,dewpoint,491.4,26.933
2019-11-10,22.06,27.63,17.93,81.59,0.0,1.83,16.07,96.7,4.87,18.51,IDR,22.72,75.86,subtropical_dry,NASA_POWER_daily_ag,2.867,8.719,2.1311,dewpoint,484.0,26.803
2019-11-11,22.25,28.21,17.29,79.96,0.0,1.58,16.11,96.68,3.94,18.31,IDR,22.72,75.86,subtropical_dry,NASA_POWER_daily_ag,2.89,8.675,2.1046,dewpoint,486.1,26.675
2019-11-12,22.3,28.14,16.61,77.85,0.0,1.37,15.08,96.78,9.36,17.96,IDR,22.72,75.86,subtropical_dry,NASA_POWER_daily_ag,2.775,8.172,2.0588,dewpoint,475.5,26.55
2019-11-13,20.82,25.2,17.07,83.44,0.0,1.29,13.76,96.92,28.93,17.8,IDR,22.72,75.86,subtropical_dry,NASA_POWER_daily_ag,2.368,7.624,2.0382,dewpoint,460.6,26.426
2019-11-14,20.42,26.28,16.69,81.94,0.0,1.77,16.29,96.96,2.69,16.96,IDR,22.72,75.86,subtropical_dry,NASA_POWER_daily_ag,2.694,8.501,1.9328,dewpoint,456.3,26.306
2019-11-15,19.66,25.9,13.99,79.31,0.0,1.5,15.5,96.88,31.22,15.69,IDR,22.72,75.86,subtropical_dry,NASA_POWER_daily_ag,2.575,8.035,1.7826,dewpoint,464.8,26.188
2019-11-16,20.71,27.03,15.24,75.94,0.0,1.06,14.77,96.86,3.94,16.02,IDR,22.72,75.86,subtropical_dry,NASA_POWER_daily_ag,2.535,7.712,1.8206,dewpoint,466.9,26.072
2019-11-17,19.88,26.78,15.02,75.52,0.0,1.78,15.38,96.97,0.0,15.07,IDR,22.72,75.86,subtropical_dry,NASA_POWER_daily_ag,2.715,7.789,1.713,dewpoint,455.2,25.959
2019-11-18,19.99,26.68,13.56,72.68,0.0,1.42,15.55,96.96,26.25,14.57,IDR,22.72,75.86,subtropical_dry,NASA_POWER_daily_ag,2.708,7.791,1.6587,dewpoint,456.3,25.848
2019-11-19,20.72,26.47,15.17,71.46,0.0,1.03,14.99,96.84,49.31,15.07,IDR,22.72,75.86,subtropical_dry,NASA_POWER_daily_ag,2.591,7.6,1.713,dewpoint,469.1,25.741
2019-11-20,19.66,25.02,14.34,79.43,0.0,1.35,11.18,96.79,85.2,15.79,IDR,22.72,75.86,subtropical_dry,NASA_POWER_daily_ag,2.1,6.266,1.794,dewpoint,474.4,25.636
2019-11-21,20.11,25.8,15.93,81.27,0.0,1.6,14.13,96.93,49.1,16.62,IDR,22.72,75.86,subtropical_dry,NASA_POWER_daily_ag,2.403,7.448,1.8916,dewpoint,459.5,25.534
2019-11-22,20.55,26.34,14.83,78.61,0.0,1.46,15.5,96.99,15.59,16.41,IDR,22.72,75.86,subtropical_dry,NASA_POWER_daily_ag,2.617,7.942,1.8665,dewpoint,453.1,25.435
2019-11-23,20.46,26.4,14.51,80.69,0.0,1.16,15.02,96.97,28.69,16.81,IDR,22.72,75.86,subtropical_dry,NASA_POWER_daily_ag,2.455,7.802,1.9145,dewpoint,455.2,25.339
2019-11-24,20.68,26.37,15.79,80.6,0.0,1.53,14.48,96.9,55.67,16.97,IDR,22.72,75.86,subtropical_dry,NASA_POWER_daily_ag,2.482,7.566,1.934,dewpoint,462.7,25.245
2019-11-25,19.85,26.06,14.88,81.83,0.0,1.62,14.67,96.86,22.01,16.44,IDR,22.72,75.86,subtropical_dry,NASA_POWER_daily_ag,2.409,7.569,1.87,dewpoint,466.9,25.155
2019-11-26,20.17,26.43,14.15,81.64,0.0,1.48,14.4,96.82,1.84,16.71,IDR,22.72,75.86,subtropical_dry,NASA_POWER_daily_ag,2.394,7.494,1.9024,dewpoint,471.2,25.069
2019-11-27,20.74,26.96,15.39,83.76,0.0,1.68,14.62,96.82,6.59,17.69,IDR,22.72,75.86,subtropical_dry,NASA_POWER_daily_ag,2.43,7.672,2.0241,dewpoint,471.2,24.985
2019-11-28,20.76,27.36,14.71,78.99,0.0,1.45,15.18,96.86,0.62,16.73,IDR,22.72,75.86,subtropical_dry,NASA_POWER_daily_ag,2.556,7.722,1.9048,dewpoint,466.9,24.904
2019-11-29,20.69,27.12,14.32,74.23,0.0,0.99,14.89,96.86,4.33,15.5,IDR,22.72,75.86,subtropical_dry,NASA_POWER_daily_ag,2.484,7.414,1.761,dewpoint,466.9,24.827
2019-11-30,20.61,26.96,14.26,73.41,0.04,1.14,13.81,96.89,32.2,15.29,IDR,22.72,75.86,subtropical_dry,NASA_POWER_daily_ag,2.433,6.979,1.7374,dewpoint,463.8,24.753
2019-12-01,21.29,26.41,16.08,75.02,0.17,1.03,10.02,96.9,49.33,16.52,IDR,22.72,75.86,subtropical_dry,NASA_POWER_daily_ag,2.032,5.684,1.8796,dewpoint,462.7,24.683
2019-12-02,20.73,26.22,15.86,80.14,0.01,1.43,12.79,96.94,16.88,16.94,IDR,22.72,75.86,subtropical_dry,NASA_POWER_daily_ag,2.281,6.775,1.9304,dewpoint,458.4,24.615
2019-12-03,19.75,25.36,15.7,82.03,0.0,2.57,13.04,96.99,14.93,16.39,IDR,22.72,75.86,subtropical_dry,NASA_POWER_daily_ag,2.351,6.807,1.8641,dewpoint,453.1,24.552
2019-12-04,18.75,24.64,14.1,77.38,0.0,2.69,13.75,97.1,29.77,14.55,IDR,22.72,75.86,subtropical_dry,NASA_POWER_daily_ag,2.511,6.858,1.6566,dewpoint,441.4,24.491
2019-12-05,18.28,24.52,14.13,71.33,0.0,2.29,10.68,97.23,90.69,12.81,IDR,22.72,75.86,subtropical_dry,NASA_POWER_daily_ag,2.375,5.613,1.4793,dewpoint,427.6,24.435
2019-12-06,16.41,22.48,12.0,69.29,0.0,2.42,13.61,97.2,79.83,10.38,IDR,22.72,75.86,subtropical_dry,NASA_POWER_daily_ag,2.552,6.369,1.2596,dewpoint,430.8,24.381
2019-12-07,17.43,24.15,12.38,77.02,0.0,1.98,14.93,97.09,31.4,13.06,IDR,22.72,75.86,subtropical_dry,NASA_POWER_daily_ag,2.378,7.071,1.5037,dewpoint,442.5,24.332
2019-12-08,17.21,24.21,11.8,78.37,0.0,1.8,14.65,97.09,1.18,13.03,IDR,22.72,75.86,subtropical_dry,NASA_POWER_daily_ag,2.279,6.975,1.5007,dewpoint,442.5,24.286
2019-12-09,18.04,24.72,12.45,79.99,0.0,1.4,13.56,97.04,20.71,14.2,IDR,22.72,75.86,subtropical_dry,NASA_POWER_daily_ag,2.141,6.724,1.6195,dewpoint,447.8,24.243
2019-12-10,18.58,24.97,12.48,77.4,0.0,1.14,13.81,96.85,1.84,14.21,IDR,22.72,75.86,subtropical_dry,NASA_POWER_daily_ag,2.191,6.798,1.6205,dewpoint,468.0,24.205
2019-12-11,19.19,25.87,12.69,80.31,0.0,1.32,13.46,96.66,2.27,15.45,IDR,22.72,75.86,subtropical_dry,NASA_POWER_daily_ag,2.19,6.81,1.7554,dewpoint,488.2,24.169
2019-12-12,18.78,25.08,14.25,79.93,2.0,1.86,11.24,96.54,24.21,14.97,IDR,22.72,75.86,subtropical_dry,NASA_POWER_daily_ag,2.08,5.943,1.7021,dewpoint,501.0,24.138
2019-12-13,18.66,25.26,13.84,76.28,0.01,1.91,14.01,96.73,33.32,14.16,IDR,22.72,75.86,subtropical_dry,NASA_POWER_daily_ag,2.395,6.796,1.6153,dewpoint,480.8,24.11
2019-12-14,17.9,24.71,12.49,76.9,0.0,1.44,14.58,97.06,5.02,13.43,IDR,22.72,75.86,subtropical_dry,NASA_POWER_daily_ag,2.271,6.923,1.5404,dewpoint,445.7,24.086
2019-12-15,16.69,23.69,11.72,79.3,0.0,2.39,10.37,97.03,43.4,12.76,IDR,22.72,75.86,subtropical_dry,NASA_POWER_daily_ag,1.996,5.494,1.4744,dewpoint,448.9,24.066
2019-12-16,15.77,21.8,10.9,82.17,0.0,2.36,10.14,97.1,33.77,12.52,IDR,22.72,75.86,subtropical_dry,NASA_POWER_daily_ag,1.801,5.442,1.4514,dewpoint,441.4,24.05
2019-12-17,14.99,22.6,9.06,74.76,0.0,2.62,13.76,97.23,22.24,10.29,IDR,22.72,75.86,subtropical_dry,NASA_POWER_daily_ag,2.265,6.388,1.252,dewpoint,427.6,24.037
2019-12-18,15.7,23.25,9.31,76.66,0.0,1.76,12.82,97.21,9.96,11.35,IDR,22.72,75.86,subtropical_dry,NASA_POWER_daily_ag,2.044,6.192,1.3436,dewpoint,429.8,24.028
2019-12-19,17.29,24.75,10.87,79.89,0.0,1.21,13.52,97.01,12.22,13.48,IDR,22.72,75.86,subtropical_dry,NASA_POWER_daily_ag,2.037,6.6,1.5455,dewpoint,451.0,24.023
2019-12-20,18.09,25.51,11.4,75.77,0.0,1.02,13.32,96.86,49.31,13.26,IDR,22.72,75.86,subtropical_dry,NASA_POWER_daily_ag,2.103,6.474,1.5234,dewpoint,466.9,24.021
2019-12-21,18.62,25.94,12.99,76.27,0.0,1.0,13.15,96.85,44.16,13.97,IDR,22.72,75.86,subtropical_dry,NASA_POWER_daily_ag,2.1,6.46,1.5955,dewpoint,468.0,24.024
2019-12-22,18.03,24.69,12.42,79.51,0.0,1.84,12.39,96.93,33.69,14.1,IDR,22.72,75.86,subtropical_dry,NASA_POWER_daily_ag,2.132,6.263,1.609,dewpoint,459.5,24.03
2019-12-23,18.15,23.88,13.7,78.63,0.05,2.24,11.31,96.88,39.81,14.17,IDR,22.72,75.86,subtropical_dry,NASA_POWER_daily_ag,2.141,5.896,1.6163,dewpoint,464.8,24.04
2019-12-24,20.13,24.99,16.05,80.52,0.06,1.67,10.57,96.86,56.57,16.47,IDR,22.72,75.86,subtropical_dry,NASA_POWER_daily_ag,2.046,5.802,1.8736,dewpoint,466.9,24.054
2019-12-25,19.07,25.48,14.16,81.89,0.04,1.46,10.98,96.85,44.54,15.6,IDR,22.72,75.86,subtropical_dry,NASA_POWER_daily_ag,1.952,5.891,1.7723,dewpoint,468.0,24.071
2019-12-26,16.02,23.35,10.86,75.23,0.01,2.43,13.52,96.91,24.92,11.07,IDR,22.72,75.86,subtropical_dry,NASA_POWER_daily_ag,2.335,6.358,1.3188,dewpoint,461.6,24.092
2019-12-27,12.53,20.98,6.77,59.88,0.0,2.82,16.68,96.99,4.82,3.83,IDR,22.72,75.86,subtropical_dry,NASA_POWER_daily_ag,2.825,6.538,0.8036,dewpoint,453.1,24.117
2019-12-28,11.44,21.02,4.63,58.54,0.0,2.8,16.68,97.0,4.62,2.61,IDR,22.72,75.86,subtropical_dry,NASA_POWER_daily_ag,2.729,6.478,0.737,dewpoint,452.1,24.146
2019-12-29,12.56,21.17,4.33,62.61,0.0,2.12,12.65,97.0,58.88,4.8,IDR,22.72,75.86,subtropical_dry,NASA_POWER_daily_ag,2.322,5.723,0.8602,dewpoint,452.1,24.179
2019-12-30,13.87,21.85,7.46,63.08,0.0,2.2,12.8,96.91,24.42,6.42,IDR,22.72,75.86,subtropical_dry,NASA_POWER_daily_ag,2.418,5.819,0.9627,dewpoint,461.6,24.215
2019-12-31,14.73,20.72,9.17,76.05,0.01,2.51,9.74,96.89,32.23,10.36,IDR,22.72,75.86,subtropical_dry,NASA_POWER_daily_ag,1.946,5.244,1.2579,dewpoint,463.8,24.255
2020-01-01,16.71,22.54,12.7,86.14,0.13,2.26,9.3,96.93,71.38,14.17,IDR,22.72,75.86,subtropical_dry,NASA_POWER_daily_ag,1.66,5.28,1.6163,dewpoint,459.5,24.298
2020-01-02,17.39,24.08,12.68,82.16,0.04,2.14,8.6,97.03,81.89,14.0,IDR,22.72,75.86,subtropical_dry,NASA_POWER_daily_ag,1.783,5.012,1.5986,dewpoint,448.9,24.346
2020-01-03,16.54,23.5,11.07,75.64,0.0,1.57,9.73,97.02,55.75,11.71,IDR,22.72,75.86,subtropical_dry,NASA_POWER_daily_ag,1.908,5.282,1.376,dewpoint,449.9,24.397
2020-01-04,15.07,22.28,9.74,72.06,0.0,2.17,12.75,96.97,42.08,9.65,IDR,22.72,75.86,subtropical_dry,NASA_POWER_daily_ag,2.247,6.112,1.1995,dewpoint,455.2,24.451
2020-01-05,14.09,21.99,8.03,68.39,0.0,2.51,16.68,97.07,9.05,7.65,IDR,22.72,75.86,subtropical_dry,NASA_POWER_daily_ag,2.62,7.099,1.0475,dewpoint,444.6,24.509
2020-01-06,15.0,23.87,7.88,66.54,0.0,2.31,15.9,97.11,6.36,7.96,IDR,22.72,75.86,subtropical_dry,NASA_POWER_daily_ag,2.683,6.867,1.0698,dewpoint,440.4,24.571
2020-01-07,17.74,25.88,9.44,70.81,0.0,1.54,13.28,96.88,42.03,11.91,IDR,22.72,75.86,subtropical_dry,NASA_POWER_daily_ag,2.36,6.48,1.3943,dewpoint,464.8,24.636
2020-01-08,18.75,24.77,13.3,74.92,0.01,2.08,13.26,96.7,23.29,13.88,IDR,22.72,75.86,subtropical_dry,NASA_POWER_daily_ag,2.474,6.67,1.5862,dewpoint,484.0,24.705
2020-01-09,14.11,21.91,8.44,64.5,0.0,2.55,17.0,97.05,3.82,6.59,IDR,22.72,75.86,subtropical_dry,NASA_POWER_daily_ag,2.807,7.117,0.974,dewpoint,446.7,24.777
2020-01-10,11.63,20.46,4.84,58.78,0.0,2.67,16.87,97.17,5.0,3.07,IDR,22.72,75.86,subtropical_dry,NASA_POWER_daily_ag,2.732,6.849,0.7615,dewpoint,434.0,24.852
2020-01-11,13.42,23.19,5.34,64.03,0.0,1.9,16.29,97.16,4.59,6.12,IDR,22.72,75.86,subtropical_dry,NASA_POWER_daily_ag,2.492,6.962,0.9429,dewpoint,435.1,24.931
2020-01-12,15.95,25.55,7.64,59.15,0.0,1.34,16.34,96.94,7.65,7.24,IDR,22.72,75.86,subtropical_dry,NASA_POWER_daily_ag,2.591,6.976,1.0185,dewpoint,458.4,25.013
2020-01-13,18.05,26.17,9.95,71.53,0.02,1.8,14.21,96.64,29.29,12.43,IDR,22.72,75.86,subtropical_dry,NASA_POWER_daily_ag,2.539,6.948,1.4428,dewpoint,490.4,25.099
2020-01-14,19.2,24.37,14.49,79.0,0.14,1.25,11.26,96.69,50.06,15.11,IDR,22.72,75.86,subtropical_dry,NASA_POWER_daily_ag,2.06,6.166,1.7175,dewpoint,485.0,25.188
2020-01-15,19.22,25.53,14.17,72.53,0.32,1.81,11.67,96.67,49.58,13.51,IDR,22.72,75.86,subtropical_dry,NASA_POWER_daily_ag,2.441,6.162,1.5485,dewpoint,487.2,25.279
2020-01-16,15.32,23.04,9.55,58.28,0.29,2.54,14.23,96.7,36.95,5.85,IDR,22.72,75.86,subtropical_dry,NASA_POWER_daily_ag,3.05,6.373,0.9254,dewpoint,484.0,25.375
2020-01-17,14.66,23.08,6.69,61.23,0.0,1.05,15.22,96.86,21.65,6.2,IDR,22.72,75.86,subtropical_dry,NASA_POWER_daily_ag,2.312,6.799,0.9481,dewpoint,466.9,25.473
2020-01-18,15.39,24.22,7.64,62.86,0.0,1.52,16.07,96.91,11.37,7.27,IDR,22.72,75.86,subtropical_dry,NASA_POWER_daily_ag,2.615,7.13,1.0206,dewpoint,461.6,25.574
2020-01-19,14.9,23.89,8.02,62.68,0.0,2.28,16.27,97.02,14.99,6.93,IDR,22.72,75.86,subtropical_dry,NASA_POWER_daily_ag,2.862,7.175,0.9971,dewpoint,449.9,25.678
2020-01-20,15.25,24.13,7.43,63.74,0.0,2.01,15.93,97.0,18.06,7.63,IDR,22.72,75.86,subtropical_dry,NASA_POWER_daily_ag,2.753,7.205,1.046,dewpoint,452.1,25.785
2020-01-21,18.92,27.75,9.99,65.49,0.0,1.61,14.5,96.91,12.46,11.64,IDR,22.72,75.86,subtropical_dry,NASA_POWER_daily_ag,2.777,7.087,1.3696,dewpoint,461.6,25.895
2020-01-22,19.67,28.28,12.78,70.6,0.0,1.8,14.98,97.04,10.47,13.47,IDR,22.72,75.86,subtropical_dry,NASA_POWER_daily_ag,2.834,7.433,1.5444,dewpoint,447.8,26.008
2020-01-23,17.45,26.36,10.7,63.32,0.0,2.65,15.48,97.12,4.69,9.7,IDR,22.72,75.86,subtropical_dry,NASA_POWER_daily_ag,3.181,7.24,1.2035,dewpoint,439.3,26.123
2020-01-24,17.55,26.72,9.07,52.94,0.0,1.92,16.6,97.06,4.58,7.32,IDR,22.72,75.86,subtropical_dry,NASA_POWER_daily_ag,3.242,7.342,1.0241,dewpoint,445.7,26.242
2020-01-25,18.12,28.19,9.68,54.65,0.0,1.43,15.64,96.94,32.15,7.56,IDR,22.72,75.86,subtropical_dry,NASA_POWER_daily_ag,2.967,7.052,1.041,dewpoint,458.4,26.362
2020-01-26,19.15,29.26,10.77,50.63,0.0,1.17,18.24,96.8,4.48,7.35,IDR,22.72,75.86,subtropical_dry,NASA_POWER_daily_ag,3.123,7.732,1.0262,dewpoint,473.3,26.486
2020-01-27,19.51,29.97,11.51,57.16,0.0,2.37,15.86,96.55,29.48,9.74,IDR,22.72,75.86,subtropical_dry,NASA_POWER_daily_ag,3.582,7.357,1.2067,dewpoint,500.0,26.612
2020-01-28,17.49,25.0,11.31,63.19,0.0,2.88,16.11,96.57,16.87,9.85,IDR,22.72,75.86,subtropical_dry,NASA_POWER_daily_ag,3.33,7.668,1.2157,dewpoint,497.8,26.74
2020-01-29,16.3,24.81,9.69,56.58,0.0,1.64,17.45,96.93,31.02,6.46,IDR,22.72,75.86,subtropical_dry,NASA_POWER_daily_ag,3.042,7.731,0.9653,dewpoint,459.5,26.871
2020-01-30,15.34,24.21,7.85,55.36,0.0,1.61,18.76,97.03,1.45,5.13,IDR,22.72,75.86,subtropical_dry,NASA_POWER_daily_ag,3.063,8.077,0.8803,dewpoint,448.9,27.004
2020-01-31,15.88,25.29,7.33,55.07,0.0,1.71,18.7,96.8,1.12,5.63,IDR,22.72,75.86,subtropical_dry,NASA_POWER_daily_ag,3.176,8.149,0.9114,dewpoint,473.3,27.139
2020-02-01,16.14,25.64,8.5,52.43,0.0,2.23,18.12,96.97,0.34,5.27,IDR,22.72,75.86,subtropical_dry,NASA_POWER_daily_ag,3.475,7.905,0.8889,dewpoint,455.2,27.276
2020-02-02,16.47,25.53,8.4,55.79,0.0,2.33,16.36,97.13,11.01,6.75,IDR,22.72,75.86,subtropical_dry,NASA_POWER_daily_ag,3.343,7.6,0.9848,dewpoint,438.2,27.415
2020-02-03,17.88,26.49,9.81,54.92,0.0,1.88,14.8,96.99,21.07,8.15,IDR,22.72,75.86,subtropical_dry,NASA_POWER_daily_ag,3.162,7.225,1.0838,dewpoint,453.1,27.557
2020-02-04,18.86,28.54,12.43,60.32,0.0,2.18,17.04,96.77,9.34,9.78,IDR,22.72,75.86,subtropical_dry,NASA_POWER_daily_ag,3.491,8.057,1.21,dewpoint,476.5,27.7
2020-02-05,17.83,27.05,9.23,52.16,0.0,1.66,18.08,96.85,1.8,5.95,IDR,22.72,75.86,subtropical_dry,NASA_POWER_daily_ag,3.448,8.072,0.9319,dewpoint,468.0,27.845
2020-02-06,18.12,27.76,9.39,48.86,0.0,1.6,16.91,96.76,4.9,5.81,IDR,22.72,75.86,subtropical_dry,NASA_POWER_daily_ag,3.387,7.707,0.9229,dewpoint,477.6,27.991
2020-02-07,17.67,27.27,9.92,51.83,0.0,2.24,17.11,96.88,0.68,6.29,IDR,22.72,75.86,subtropical_dry,NASA_POWER_daily_ag,3.678,7.868,0.9541,dewpoint,464.8,28.14
2020-02-08,16.35,25.46,9.82,49.95,0.0,3.54,17.98,97.17,2.66,4.7,IDR,22.72,75.86,subtropical_dry,NASA_POWER_daily_ag,4.234,8.053,0.8542,dewpoint,434.0,28.29
2020-02-09,15.07,25.14,7.32,47.16,0.0,2.95,19.34,97.29,2.77,2.27,IDR,22.72,75.86,subtropical_dry,NASA_POWER_daily_ag,4.029,8.308,0.7194,dewpoint,421.3,28.441
2020-02-10,16.92,26.7,7.81,49.65,0.0,2.12,17.93,97.12,12.41,5.57,IDR,22.72,75.86,subtropical_dry,NASA_POWER_daily_ag,3.622,8.254,0.9076,dewpoint,439.3,28.594
2020-02-11,19.71,28.69,11.36,53.0,0.0,1.41,16.99,97.11,26.08,9.18,IDR,22.72,75.86,subtropical_dry,NASA_POWER_daily_ag,3.35,8.253,1.1621,dewpoint,440.4,28.748
2020-02-12,21.02,30.15,13.09,52.27,0.0,1.25,18.5,97.23,18.36,9.72,IDR,22.72,75.86,subtropical_dry,NASA_POWER_daily_ag,3.531,8.775,1.2051,dewpoint,427.6,28.904
2020-02-13,22.14,31.67,15.62,46.1,0.0,1.4,18.97,97.07,2.27,8.79,IDR,22.72,75.86,subtropical_dry,NASA_POWER_daily_ag,3.874,8.684,1.1319,dewpoint,444.6,29.061
2020-02-14,21.97,32.02,14.54,42.13,0.0,1.52,19.78,96.81,1.1,6.72,IDR,22.72,75.86,subtropical_dry,NASA_POWER_daily_ag,4.121,8.695,0.9828,dewpoint,472.3,29.218
2020-02-15,21.37,31.65,12.37,43.28,0.0,1.36,19.24,96.81,24.68,6.57,IDR,22.72,75.86,subtropical_dry,NASA_POWER_daily_ag,3.884,8.657,0.9727,dewpoint,472.3,29.377
2020-02-16,21.72,32.19,13.47,32.09,0.0,2.12,19.81,96.97,1.72,2.95,IDR,22.72,75.86,subtropical_dry,NASA_POWER_daily_ag,4.844,8.287,0.7551,dewpoint,455.2,29.537
2020-02-17,21.69,32.47,13.05,27.21,0.0,2.05,20.59,97.06,0.6,0.61,IDR,22.72,75.86,subtropical_dry,NASA_POWER_daily_ag,4.934,8.229,0.6385,dewpoint,445.7,29.697
2020-02-18,22.05,33.11,12.04,26.33,0.0,1.51,21.56,96.94,10.74,-0.43,IDR,22.72,75.86,subtropical_dry,NASA_POWER_daily_ag,4.498,8.402,0.5919,dewpoint,458.4,29.858
2020-02-19,23.04,33.32,12.74,28.87,0.0,1.43,19.44,96.74,43.65,2.37,IDR,22.72,75.86,subtropical_dry,NASA_POWER_daily_ag,4.355,8.247,0.7245,dewpoint,479.7,30.02
2020-02-20,23.88,34.11,14.35,35.22,0.0,1.95,19.76,96.62,1.31,6.35,IDR,22.72,75.86,subtropical_dry,NASA_POWER_daily_ag,4.928,8.844,0.958,dewpoint,492.5,30.182
2020-02-21,23.59,33.45,15.94,35.95,0.0,2.0,19.79,96.85,28.62,5.77,IDR,22.72,75.86,subtropical_dry,NASA_POWER_daily_ag,4.96,8.78,0.9203,dewpoint,468.0,30.345
2020-02-22,22.75,33.02,13.6,30.54,0.0,1.86,20.11,97.06,9.03,3.02,IDR,22.72,75.86,subtropical_dry,NASA_POWER_daily_ag,4.854,8.647,0.7588,dewpoint,445.7,30.508
2020-02-23,22.66,32.97,14.06,32.82,0.0,2.78,20.02,96.89,8.44,3.92,IDR,22.72,75.86,subtropical_dry,NASA_POWER_daily_ag,5.673,8.784,0.8087,dewpoint,463.8,30.672
2020-02-24,21.62,31.63,13.71,34.61,0.0,2.63,20.47,96.7,0.63,3.57,IDR,22.72,75.86,subtropical_dry,NASA_POWER_daily_ag,5.388,9.006,0.789,dewpoint,484.0,30.836
2020-02-25,21.6,30.46,14.53,34.93,0.0,2.29,20.93,96.78,0.11,4.03,IDR,22.72,75.86,subtropical_dry,NASA_POWER_daily_ag,5.115,9.284,0.815,dewpoint,475.5,31.0
2020-02-26,22.93,32.11,13.98,30.27,0.0,1.12,21.64,96.84,3.2,3.31,IDR,22.72,75.86,subtropical_dry,NASA_POWER_daily_ag,4.229,9.385,0.7746,dewpoint,469.1,31.164
2020-02-27,24.32,33.4,15.31,29.53,0.0,1.13,21.33,96.79,6.13,4.19,IDR,22.72,75.86,subtropical_dry,NASA_POWER_daily_ag,4.362,9.349,0.8242,dewpoint,474.4,31.328
2020-02-28,24.31,34.27,15.06,30.31,0.0,1.76,21.2,96.58,18.18,4.48,IDR,22.72,75.86,subtropical_dry,NASA_POWER_daily_ag,5.089,9.376,0.8411,dewpoint,496.8,31.491
2020-02-29,24.6,33.36,16.16,33.34,0.0,2.19,17.97,96.47,39.39,6.41,IDR,22.72,75.86,subtropical_dry,NASA_POWER_daily_ag,5.252,8.659,0.962,dewpoint,508.5,31.655
2020-03-01,25.82,34.55,19.14,30.74,0.11,1.94,18.18,96.52,19.78,6.56,IDR,22.72,75.86,subtropical_dry,NASA_POWER_daily_ag,5.198,8.644,0.972,dewpoint,503.2,31.818
2020-03-02,24.79,34.11,16.15,29.94,0.01,1.81,21.69,96.55,0.19,4.74,IDR,22.72,75.86,subtropical_dry,NASA_POWER_daily_ag,5.287,9.682,0.8566,dewpoint,500.0,31.981
2020-03-03,24.59,33.78,16.24,31.22,0.0,2.54,22.31,96.5,0.79,5.25,IDR,22.72,75.86,subtropical_dry,NASA_POWER_daily_ag,6.052,10.023,0.8877,dewpoint,505.3,32.144
2020-03-04,23.8,32.6,16.21,36.41,0.0,2.79,21.42,96.48,5.02,6.4,IDR,22.72,75.86,subtropical_dry,NASA_POWER_daily_ag,5.964,10.015,0.9613,dewpoint,507.4,32.306
2020-03-05,22.64,31.06,15.55,38.87,0.0,2.36,20.26,96.4,22.14,6.72,IDR,22.72,75.86,subtropical_dry,NASA_POWER_daily_ag,5.243,9.8,0.9828,dewpoint,516.0,32.467
2020-03-06,22.07,29.92,15.13,46.96,0.06,3.57,18.75,96.38,28.8,9.02,IDR,22.72,75.86,subtropical_dry,NASA_POWER_daily_ag,5.558,9.649,1.1496,dewpoint,518.1,32.628
2020-03-07,22.09,30.84,14.47,42.12,0.0,2.09,22.82,96.71,0.59,6.13,IDR,22.72,75.86,subtropical_dry,NASA_POWER_daily_ag,5.196,10.748,0.9436,dewpoint,482.9,32.788
2020-03-08,23.04,32.73,13.51,23.17,0.0,2.06,23.79,96.78,0.35,-0.06,IDR,22.72,75.86,subtropical_dry,NASA_POWER_daily_ag,5.697,10.127,0.6081,dewpoint,475.5,32.947
2020-03-09,24.59,32.92,15.3,29.64,0.0,2.45,18.13,96.58,39.9,5.07,IDR,22.72,75.86,subtropical_dry,NASA_POWER_daily_ag,5.715,8.951,0.8766,dewpoint,496.8,33.105
2020-03-10,25.92,33.38,19.57,40.22,0.01,3.01,20.09,96.42,42.03,10.65,IDR,22.72,75.86,subtropical_dry,NASA_POWER_daily_ag,6.191,10.272,1.2825,dewpoint,513.8,33.263
2020-03-11,22.57,31.06,15.18,50.27,0.0,3.15,23.52,96.46,4.94,9.76,IDR,22.72,75.86,subtropical_dry,NASA_POWER_daily_ag,5.812,11.756,1.2084,dewpoint,509.6,33.419
2020-03-12,22.14,31.13,14.58,41.48,0.0,3.03,24.7,96.67,1.65,5.78,IDR,22.72,75.86,subtropical_dry,NASA_POWER_daily_ag,6.158,11.573,0.921,dewpoint,487.2,33.574
2020-03-13,21.47,31.05,13.29,29.76,0.0,2.51,20.9,96.78,35.64,1.19,IDR,22.72,75.86,subtropical_dry,NASA_POWER_daily_ag,5.643,9.731,0.6658,dewpoint,475.5,33.728
2020-03-14,21.51,31.78,12.2,18.75,0.0,2.6,24.39,96.77,9.76,-4.5,IDR,22.72,75.86,subtropical_dry,NASA_POWER_daily_ag,6.252,10.167,0.4374,dewpoint,476.5,33.881
2020-03-15,22.29,31.73,13.51,19.59,0.0,2.62,22.48,96.83,50.22,-3.45,IDR,22.72,75.86,subtropical_dry,NASA_POWER_daily_ag,6.272,9.73,0.4734,dewpoint,470.1,34.032
2020-03-16,24.01,32.67,15.32,23.03,0.0,2.05,22.8,96.83,47.25,0.44,IDR,22.72,75.86,subtropical_dry,NASA_POWER_daily_ag,5.853,10.208,0.6306,dewpoint,470.1,34.183
2020-03-17,26.56,36.1,16.6,24.03,0.0,1.86,21.57,96.82,9.39,3.44,IDR,22.72,75.86,subtropical_dry,NASA_POWER_daily_ag,5.831,10.025,0.7818,dewpoint,471.2,34.331
2020-03-18,27.65,36.47,18.97,26.16,1.22,1.85,21.43,96.74,11.59,5.84,IDR,22.72,75.86,subtropical_dry,NASA_POWER_daily_ag,5.899,10.242,0.9248,dewpoint,479.7,34.479
2020-03-19,27.49,37.04,19.48,25.27,1.08,1.71,23.03,96.51,23.04,4.08,IDR,22.72,75.86,subtropical_dry,NASA_POWER_daily_ag,5.879,10.517,0.8179,dewpoint,504.2,34.624
2020-03-20,26.46,35.15,19.58,26.24,0.0,2.03,23.22,96.51,38.0,4.62,IDR,22.72,75.86,subtropical_dry,NASA_POWER_daily_ag,6.142,10.796,0.8494,dewpoint,504.2,34.769
2020-03-21,25.43,34.73,16.07,34.01,0.0,1.85,24.66,96.54,0.79,6.8,IDR,22.72,75.86,subtropical_dry,NASA_POWER_daily_ag,5.863,11.869,0.9882,dewpoint,501.0,34.911
2020-03-22,27.66,36.08,18.59,30.79,0.0,0.94,23.42,96.61,9.16,7.82,IDR,22.72,75.86,subtropical_dry,NASA_POWER_daily_ag,4.944,11.445,1.0597,dewpoint,493.6,35.052
2020-03-23,29.5,37.26,20.88,27.67,0.0,1.12,23.96,96.5,14.11,7.89,IDR,22.72,75.86,subtropical_dry,NASA_POWER_daily_ag,5.436,11.546,1.0648,dewpoint,505.3,35.191
2020-03-24,30.35,38.41,21.37,26.54,0.14,0.83,20.84,96.34,47.08,8.1,IDR,22.72,75.86,subtropical_dry,NASA_POWER_daily_ag,4.744,10.412,1.0801,dewpoint,522.4,35.328
2020-03-25,30.49,37.53,22.13,29.04,0.62,1.73,18.24,96.36,69.98,9.53,IDR,22.72,75.86,subtropical_dry,NASA_POWER_daily_ag,5.773,9.67,1.1898,dewpoint,520.3,35.464
2020-03-26,27.65,33.09,22.84,47.37,2.81,1.64,18.69,96.54,75.95,14.96,IDR,22.72,75.86,subtropical_dry,NASA_POWER_daily_ag,4.978,10.688,1.701,dewpoint,501.0,35.598
2020-03-27,27.02,33.41,22.4,58.52,8.51,1.97,15.75,96.66,86.87,17.56,IDR,22.72,75.86,subtropical_dry,NASA_POWER_daily_ag,4.476,9.651,2.0076,dewpoint,488.2,35.729
2020-03-28,26.7,34.6,18.82,51.18,0.0,1.27,22.33,96.69,37.17,14.54,IDR,22.72,75.86,subtropical_dry,NASA_POWER_daily_ag,5.011,12.379,1.6555,dewpoint,485.0,35.859
2020-03-29,27.52,36.14,18.92,40.75,0.0,1.53,23.92,96.51,6.59,11.22,IDR,22.72,75.86,subtropical_dry,NASA_POWER_daily_ag,5.699,12.45,1.332,dewpoint,504.2,35.987
2020-03-30,28.09,38.04,18.66,35.13,0.02,2.46,24.53,96.51,3.41,9.98,IDR,22.72,75.86,subtropical_dry,NASA_POWER_daily_ag,6.891,12.43,1.2263,dewpoint,504.2,36.113
2020-03-31,28.44,38.84,19.66,28.8,0.02,2.59,25.11,96.5,0.74,5.98,IDR,22.72,75.86,subtropical_dry,NASA_POWER_daily_ag,7.385,11.897,0.9338,dewpoint,505.3,36.237
2020-04-01,28.68,38.61,18.95,26.98,0.01,2.89,26.15,96.5,0.82,6.31,IDR,22.72,75.86,subtropical_dry,NASA_POWER_daily_ag,7.888,12.409,0.9554,dewpoint,505.3,36.359
2020-04-02,28.63,37.61,19.96,24.59,0.0,2.57,26.12,96.43,0.68,5.18,IDR,22.72,75.86,subtropical_dry,NASA_POWER_daily_ag,7.568,12.245,0.8833,dewpoint,512.8,36.479
2020-04-03,29.74,38.61,20.71,21.12,0.0,2.4,25.78,96.47,1.16,4.26,IDR,22.72,75.86,subtropical_dry,NASA_POWER_daily_ag,7.574,11.912,0.8283,dewpoint,508.5,36.596
2020-04-04,29.35,38.26,20.41,19.94,0.0,2.39,25.06,96.51,2.85,3.24,IDR,22.72,75.86,subtropical_dry,NASA_POWER_daily_ag,7.463,11.57,0.7708,dewpoint,504.2,36.712
2020-04-05,30.42,38.86,20.39,17.25,0.0,2.03,25.22,96.57,5.19,1.99,IDR,22.72,75.86,subtropical_dry,NASA_POWER_daily_ag,7.19,11.431,0.7051,dewpoint,497.8,36.825
2020-04-06,30.57,39.85,21.08,18.01,0.0,1.68,25.62,96.49,5.59,2.41,IDR,22.72,75.86,subtropical_dry,NASA_POWER_daily_ag,6.694,11.572,0.7266,dewpoint,506.4,36.937
2020-04-07,30.34,39.68,20.97,18.95,0.0,2.79,26.68,96.34,3.3,3.13,IDR,22.72,75.86,subtropical_dry,NASA_POWER_daily_ag,8.353,12.093,0.7648,dewpoint,522.4,37.046
2020-04-08,29.49,38.22,20.8,23.82,0.0,3.18,27.07,96.43,18.34,5.2,IDR,22.72,75.86,subtropical_dry,NASA_POWER_daily_ag,8.616,12.713,0.8846,dewpoint,512.8,37.153
2020-04-09,30.41,39.13,21.38,22.75,0.0,1.87,25.9,96.46,26.54,5.06,IDR,22.72,75.86,subtropical_dry,NASA_POWER_daily_ag,6.998,12.223,0.876,dewpoint,509.6,37.257
2020-04-10,31.47,39.59,22.1,18.35,0.0,1.18,25.56,96.53,17.26,3.56,IDR,22.72,75.86,subtropical_dry,NASA_POWER_daily_ag,6.027,11.827,0.7884,dewpoint,502.1,37.36
2020-04-11,32.95,41.36,23.23,17.1,0.0,1.43,24.84,96.64,22.48,3.73,IDR,22.72,75.86,subtropical_dry,NASA_POWER_daily_ag,6.525,11.489,0.7979,dewpoint,490.4,37.46
2020-04-12,32.93,41.75,23.7,17.68,0.0,2.05,26.11,96.53,17.99,4.38,IDR,22.72,75.86,subtropical_dry,NASA_POWER_daily_ag,7.675,12.009,0.8353,dewpoint,502.1,37.558
2020-04-13,33.13,42.06,24.14,17.18,0.0,2.26,25.91,96.36,26.69,4.32,IDR,22.72,75.86,subtropical_dry,NASA_POWER_daily_ag,8.017,11.927,0.8318,dewpoint,520.3,37.654
2020-04-14,34.22,42.55,25.42,16.3,0.0,2.14,23.3,96.36,46.64,4.23,IDR,22.72,75.86,subtropical_dry,NASA_POWER_daily_ag,7.738,10.986,0.8265,dewpoint,520.3,37.748
2020-04-15,33.72,40.53,26.81,17.46,0.0,1.92,23.79,96.46,33.16,5.18,IDR,22.72,75.86,subtropical_dry,NASA_POWER_daily_ag,7.35,11.355,0.8833,dewpoint,509.6,37.839
2020-04-16,34.0,42.45,24.24,19.91,0.0,2.99,25.09,96.3,12.73,6.93,IDR,22.72,75.86,subtropical_dry,NASA_POWER_daily_ag,9.154,12.141,0.9971,dewpoint,526.7,37.928
2020-04-17,33.55,40.28,25.73,20.63,0.0,3.45,25.64,96.28,30.47,7.32,IDR,22.72,75.86,subtropical_dry,NASA_POWER_daily_ag,9.735,12.48,1.0241,dewpoint,528.8,38.016
2020-04-18,33.29,41.21,25.69,23.11,0.03,2.52,21.74,96.37,59.34,8.56,IDR,22.72,75.86,subtropical_dry,NASA_POWER_daily_ag,7.909,11.196,1.1144,dewpoint,519.2,38.1
2020-04-19,33.09,40.64,25.35,23.36,0.0,3.3,23.07,96.34,59.27,8.94,IDR,22.72,75.86,subtropical_dry,NASA_POWER_daily_ag,9.058,11.818,1.1434,dewpoint,522.4,38.183
2020-04-20,32.39,40.3,24.62,23.79,0.0,3.06,25.73,96.29,32.46,8.39,IDR,22.72,75.86,subtropical_dry,NASA_POWER_daily_ag,8.907,12.818,1.1016,dewpoint,527.7,38.264
2020-04-21,32.42,40.05,24.01,24.82,0.0,2.99,25.19,96.3,17.55,8.92,IDR,22.72,75.86,subtropical_dry,NASA_POWER_daily_ag,8.752,12.759,1.1419,dewpoint,526.7,38.342
2020-04-22,33.79,41.28,26.03,22.38,0.0,2.29,24.07,96.21,32.08,8.45,IDR,22.72,75.86,subtropical_dry,NASA_POWER_daily_ag,7.95,12.13,1.1061,dewpoint,536.3,38.418
2020-04-23,33.72,41.14,26.37,25.53,0.0,3.6,26.23,96.18,23.88,10.48,IDR,22.72,75.86,subtropical_dry,NASA_POWER_daily_ag,9.838,13.357,1.268,dewpoint,539.5,38.492
2020-04-24,33.49,40.8,25.79,28.3,0.0,4.06,27.35,96.08,2.09,11.57,IDR,22.72,75.86,subtropical_dry,NASA_POWER_daily_ag,10.344,14.102,1.3633,dewpoint,550.2,38.564
2020-04-25,31.85,39.24,25.06,28.61,0.0,3.97,28.37,96.15,1.23,10.14,IDR,22.72,75.86,subtropical_dry,NASA_POWER_daily_ag,9.99,14.346,1.2395,dewpoint,542.7,38.634
2020-04-26,32.46,40.39,22.99,31.04,0.33,1.9,24.15,96.23,22.01,11.69,IDR,22.72,75.86,subtropical_dry,NASA_POWER_daily_ag,7.116,12.927,1.3741,dewpoint,534.1,38.702
2020-04-27,33.31,40.73,25.29,25.64,0.18,2.03,24.26,96.38,22.88,10.03,IDR,22.72,75.86,subtropical_dry,NASA_POWER_daily_ag,7.495,12.601,1.2304,dewpoint,518.1,38.768
2020-04-28,33.88,41.68,25.68,21.46,0.0,1.82,25.17,96.37,16.53,7.79,IDR,22.72,75.86,subtropical_dry,NASA_POWER_daily_ag,7.411,12.53,1.0575,dewpoint,519.2,38.831
2020-04-29,34.2,42.45,25.05,18.72,0.0,1.62,23.14,96.26,41.63,6.16,IDR,22.72,75.86,subtropical_dry,NASA_POWER_daily_ag,6.912,11.527,0.9455,dewpoint,530.9,38.893
2020-04-30,35.81,43.37,27.8,18.71,0.01,1.12,23.63,96.26,38.7,7.56,IDR,22.72,75.86,subtropical_dry,NASA_POWER_daily_ag,6.233,11.788,1.041,dewpoint,530.9,38.953
2020-05-01,35.97,43.5,28.45,18.62,0.0,3.0,25.08,96.22,32.05,7.66,IDR,22.72,75.86,subtropical_dry,NASA_POWER_daily_ag,9.603,12.322,1.0482,dewpoint,535.2,39.011
2020-05-02,35.16,43.41,27.14,20.88,0.0,4.42,27.8,96.12,1.42,8.11,IDR,22.72,75.86,subtropical_dry,NASA_POWER_daily_ag,11.654,13.5,1.0808,dewpoint,545.9,39.066
2020-05-03,34.42,42.68,25.92,21.44,0.0,4.15,28.27,96.15,1.19,7.64,IDR,22.72,75.86,subtropical_dry,NASA_POWER_daily_ag,11.187,13.695,1.0467,dewpoint,542.7,39.12
2020-05-04,34.57,42.66,25.69,29.27,0.0,3.42,27.61,96.22,4.63,12.35,IDR,22.72,75.86,subtropical_dry,NASA_POWER_daily_ag,9.914,14.44,1.4353,dewpoint,535.2,39.172
2020-05-05,34.59,42.48,26.81,27.08,0.0,2.31,27.09,96.19,7.87,11.47,IDR,22.72,75.86,subtropical_dry,NASA_POWER_daily_ag,8.433,14.009,1.3543,dewpoint,538.4,39.223
2020-05-06,34.96,42.64,26.38,19.87,0.0,2.27,24.23,96.14,31.34,7.63,IDR,22.72,75.86,subtropical_dry,NASA_POWER_daily_ag,8.215,12.191,1.046,dewpoint,543.8,39.271
2020-05-07,34.78,42.77,25.83,17.67,0.12,2.16,27.57,96.16,10.13,5.62,IDR,22.72,75.86,subtropical_dry,NASA_POWER_daily_ag,8.413,13.106,0.9108,dewpoint,541.6,39.318
2020-05-08,35.06,43.51,25.93,18.9,0.0,3.45,27.49,96.13,11.05,6.67,IDR,22.72,75.86,subtropical_dry,NASA_POWER_daily_ag,10.403,13.238,0.9794,dewpoint,544.8,39.363
2020-05-09,35.28,43.58,25.68,21.64,0.0,2.97,26.66,96.18,13.87,8.89,IDR,22.72,75.86,subtropical_dry,NASA_POWER_daily_ag,9.587,13.361,1.1396,dewpoint,539.5,39.406
2020-05-10,35.25,43.21,26.29,22.11,0.24,2.74,25.79,96.2,31.18,9.45,IDR,22.72,75.86,subtropical_dry,NASA_POWER_daily_ag,9.122,13.126,1.1834,dewpoint,537.4,39.447
2020-05-11,34.92,42.2,26.95,26.44,1.67,2.07,27.63,96.29,11.38,11.37,IDR,22.72,75.86,subtropical_dry,NASA_POWER_daily_ag,8.244,14.283,1.3454,dewpoint,527.7,39.487
2020-05-12,35.46,42.35,27.0,26.0,0.25,2.03,25.83,96.16,23.62,12.21,IDR,22.72,75.86,subtropical_dry,NASA_POWER_daily_ag,8.035,13.698,1.4221,dewpoint,541.6,39.525
2020-05-13,35.87,42.74,27.52,25.09,0.19,1.95,22.1,96.06,34.71,12.11,IDR,22.72,75.86,subtropical_dry,NASA_POWER_daily_ag,7.494,12.071,1.4128,dewpoint,552.3,39.562
2020-05-14,36.4,43.35,28.95,24.63,0.07,2.85,25.63,96.06,18.05,12.16,IDR,22.72,75.86,subtropical_dry,NASA_POWER_daily_ag,9.38,13.506,1.4174,dewpoint,552.3,39.597
2020-05-15,36.17,43.43,28.03,22.57,0.02,2.73,26.32,95.96,27.89,10.45,IDR,22.72,75.86,subtropical_dry,NASA_POWER_daily_ag,9.319,13.498,1.2655,dewpoint,563.0,39.63
2020-05-16,36.63,43.29,29.73,21.01,0.0,3.69,22.79,95.88,41.18,10.21,IDR,22.72,75.86,subtropical_dry,NASA_POWER_daily_ag,10.419,11.991,1.2454,dewpoint,571.6,39.662
2020-05-17,36.05,42.99,27.93,17.86,0.01,3.8,22.94,95.86,48.43,6.98,IDR,22.72,75.86,subtropical_dry,NASA_POWER_daily_ag,10.677,11.642,1.0005,dewpoint,573.8,39.693
2020-05-18,35.84,43.31,29.05,17.79,0.0,5.02,25.06,95.75,55.87,5.96,IDR,22.72,75.86,subtropical_dry,NASA_POWER_daily_ag,12.562,12.211,0.9325,dewpoint,585.6,39.722
2020-05-19,35.58,42.96,27.15,18.35,0.0,4.04,26.33,95.69,52.41,6.59,IDR,22.72,75.86,subtropical_dry,NASA_POWER_daily_ag,11.269,12.888,0.974,dewpoint,592.0,39.75
2020-05-20,35.82,43.86,27.51,15.16,0.0,4.55,29.53,95.67,9.77,3.6,IDR,22.72,75.86,subtropical_dry,NASA_POWER_daily_ag,12.499,13.417,0.7906,dewpoint,594.2,39.776
2020-05-21,34.91,43.51,25.38,16.22,0.0,3.49,29.33,95.82,20.28,4.29,IDR,22.72,75.86,subtropical_dry,NASA_POWER_daily_ag,10.733,13.619,0.83,dewpoint,578.1,39.801
2020-05-22,35.21,43.07,26.94,22.37,0.0,5.4,29.18,95.95,8.86,8.92,IDR,22.72,75.86,subtropical_dry,NASA_POWER_daily_ag,12.982,14.443,1.1419,dewpoint,564.1,39.825
2020-05-23,35.77,43.99,27.2,22.62,0.0,4.78,29.45,96.03,0.87,9.15,IDR,22.72,75.86,subtropical_dry,NASA_POWER_daily_ag,12.448,14.538,1.1597,dewpoint,555.5,39.847
2020-05-24,35.86,44.23,27.08,19.75,0.0,4.29,28.8,96.08,0.6,8.02,IDR,22.72,75.86,subtropical_dry,NASA_POWER_daily_ag,11.866,14.043,1.0742,dewpoint,550.2,39.868
2020-05-25,35.89,44.25,27.37,22.15,0.0,3.88,28.67,96.07,0.58,9.47,IDR,22.72,75.86,subtropical_dry,NASA_POWER_daily_ag,11.217,14.287,1.185,dewpoint,551.3,39.888
2020-05-26,35.49,43.76,26.73,23.27,0.0,4.35,29.3,96.03,0.74,9.41,IDR,22.72,75.86,subtropical_dry,NASA_POWER_daily_ag,11.793,14.588,1.1802,dewpoint,555.5,39.907
2020-05-27,35.16,43.58,26.37,33.86,0.0,5.69,28.13,95.89,0.11,14.54,IDR,22.72,75.86,subtropical_dry,NASA_POWER_daily_ag,12.41,15.276,1.6555,dewpoint,570.6,39.924
2020-05-28,34.35,42.59,25.85,42.14,0.0,5.95,28.15,95.8,0.15,17.66,IDR,22.72,75.86,subtropical_dry,NASA_POWER_daily_ag,11.658,16.101,2.0203,dewpoint,580.2,39.941
2020-05-29,33.6,40.48,26.39,46.16,0.0,5.22,28.52,95.9,1.83,18.86,IDR,22.72,75.86,subtropical_dry,NASA_POWER_daily_ag,10.543,16.653,2.1783,dewpoint,569.5,39.956
2020-05-30,33.35,39.36,27.8,45.44,0.0,4.14,25.16,96.02,29.29,18.38,IDR,22.72,75.86,subtropical_dry,NASA_POWER_daily_ag,9.253,14.824,2.1138,dewpoint,556.6,39.971
2020-05-31,33.55,39.54,27.58,38.6,0.0,2.62,25.51,96.1,16.68,16.13,IDR,22.72,75.86,subtropical_dry,NASA_POWER_daily_ag,8.198,14.527,1.8334,dewpoint,548.1,39.984
2020-06-01,34.03,39.03,28.38,32.13,1.39,1.85,19.44,96.16,72.3,14.68,IDR,22.72,75.86,subtropical_dry,NASA_POWER_daily_ag,6.613,11.419,1.6705,dewpoint,541.6,39.996
2020-06-02,32.12,36.28,28.34,41.09,2.46,1.79,9.52,96.1,97.82,16.85,IDR,22.72,75.86,subtropical_dry,NASA_POWER_daily_ag,4.627,6.88,1.9194,dewpoint,548.1,40.007
2020-06-03,28.39,32.63,24.29,55.02,12.69,4.92,11.65,96.0,99.52,17.96,IDR,22.72,75.86,subtropical_dry,NASA_POWER_daily_ag,6.153,8.03,2.0588,dewpoint,558.8,40.018
2020-06-04,25.82,30.34,23.62,75.23,40.08,4.7,15.69,95.68,92.0,20.7,IDR,22.72,75.86,subtropical_dry,NASA_POWER_daily_ag,4.51,10.418,2.4415,dewpoint,593.1,40.027
2020-06-05,27.58,32.77,23.69,71.95,3.64,2.66,23.84,95.96,54.32,21.62,IDR,22.72,75.86,subtropical_dry,NASA_POWER_daily_ag,5.598,15.068,2.5833,dewpoint,563.0,40.035
2020-06-06,27.77,33.08,23.88,67.1,1.28,3.51,22.42,95.95,69.5,20.3,IDR,22.72,75.86,subtropical_dry,NASA_POWER_daily_ag,6.008,14.025,2.3821,dewpoint,564.1,40.043
2020-06-07,28.42,33.78,24.0,65.9,5.45,3.06,23.21,95.95,65.05,20.8,IDR,22.72,75.86,subtropical_dry,NASA_POWER_daily_ag,6.081,14.532,2.4566,dewpoint,564.1,40.049
2020-06-08,28.54,34.57,23.75,65.1,2.89,3.66,24.71,95.96,48.12,20.5,IDR,22.72,75.86,subtropical_dry,NASA_POWER_daily_ag,6.628,15.284,2.4116,dewpoint,563.0,40.055
2020-06-09,29.27,35.45,22.83,59.26,1.66,3.2,23.97,95.98,57.39,19.8,IDR,22.72,75.86,subtropical_dry,NASA_POWER_daily_ag,6.744,14.742,2.3095,dewpoint,560.9,40.06
2020-06-10,28.6,34.33,24.15,69.97,2.66,2.93,20.62,95.89,86.15,22.22,IDR,22.72,75.86,subtropical_dry,NASA_POWER_daily_ag,5.424,13.317,2.6796,dewpoint,570.6,40.064
2020-06-11,30.84,37.88,25.1,64.66,2.0,2.92,22.97,95.61,75.04,22.42,IDR,22.72,75.86,subtropical_dry,NASA_POWER_daily_ag,6.488,14.602,2.7124,dewpoint,600.6,40.067
2020-06-12,29.89,35.58,25.82,69.39,2.85,3.97,18.89,95.47,82.31,23.13,IDR,22.72,75.86,subtropical_dry,NASA_POWER_daily_ag,5.787,12.426,2.8316,dewpoint,615.7,40.069
2020-06-13,29.39,34.85,24.91,71.24,7.11,3.11,13.79,95.49,93.04,23.11,IDR,22.72,75.86,subtropical_dry,NASA_POWER_daily_ag,4.527,9.495,2.8282,dewpoint,613.5,40.071
2020-06-14,28.88,33.67,24.97,74.71,12.37,2.33,16.73,95.66,91.99,23.53,IDR,22.72,75.86,subtropical_dry,NASA_POWER_daily_ag,4.454,11.255,2.9008,dewpoint,595.2,40.071
2020-06-15,30.27,36.0,25.08,70.24,3.8,2.04,18.19,95.53,84.93,23.62,IDR,22.72,75.86,subtropical_dry,NASA_POWER_daily_ag,4.947,12.092,2.9165,dewpoint,609.2,40.071
2020-06-16,30.23,35.99,25.62,69.69,3.68,3.29,16.93,95.46,87.97,23.41,IDR,22.72,75.86,subtropical_dry,NASA_POWER_daily_ag,5.3,11.326,2.8799,dewpoint,616.7,40.071
2020-06-17,29.01,33.53,25.66,74.92,6.13,3.91,12.77,95.5,94.76,23.75,IDR,22.72,75.86,subtropical_dry,NASA_POWER_daily_ag,4.311,8.949,2.9394,dewpoint,612.4,40.069
2020-06-18,29.89,36.14,24.72,67.44,0.98,4.1,22.34,95.65,54.89,22.44,IDR,22.72,75.86,subtropical_dry,NASA_POWER_daily_ag,6.528,14.292,2.7157,dewpoint,596.3,40.067
2020-06-19,28.81,34.07,24.82,73.04,2.13,4.32,20.54,95.83,56.7,23.04,IDR,22.72,75.86,subtropical_dry,NASA_POWER_daily_ag,5.675,13.399,2.8162,dewpoint,577.0,40.064
2020-06-20,28.54,33.35,25.04,73.38,0.83,3.42,12.93,95.94,95.76,22.79,IDR,22.72,75.86,subtropical_dry,NASA_POWER_daily_ag,4.29,8.982,2.774,dewpoint,565.2,40.06
2020-06-21,29.5,35.64,25.07,69.43,0.07,4.22,24.64,95.78,59.0,22.56,IDR,22.72,75.86,subtropical_dry,NASA_POWER_daily_ag,6.683,15.626,2.7355,dewpoint,582.4,40.055
2020-06-22,29.55,35.2,24.97,68.66,3.57,3.95,21.35,95.65,68.46,22.51,IDR,22.72,75.86,subtropical_dry,NASA_POWER_daily_ag,6.169,13.753,2.7272,dewpoint,596.3,40.05
2020-06-23,28.19,32.34,24.62,74.51,11.05,2.76,14.69,95.83,95.3,22.89,IDR,22.72,75.86,subtropical_dry,NASA_POWER_daily_ag,4.194,10.016,2.7908,dewpoint,577.0,40.044
2020-06-24,26.83,29.61,24.52,82.14,9.51,1.97,13.56,95.91,95.39,23.42,IDR,22.72,75.86,subtropical_dry,NASA_POWER_daily_ag,3.318,9.419,2.8816,dewpoint,568.4,40.037
2020-06-25,27.59,30.35,24.98,81.56,1.84,3.61,18.72,95.79,86.79,24.0,IDR,22.72,75.86,subtropical_dry,NASA_POWER_daily_ag,4.443,12.526,2.9839,dewpoint,581.3,40.029
2020-06-26,28.16,31.88,25.14,81.67,22.9,2.02,16.67,95.83,96.69,24.53,IDR,22.72,75.86,subtropical_dry,NASA_POWER_daily_ag,3.977,11.348,3.0802,dewpoint,577.0,40.021
2020-06-27,28.22,32.29,24.97,80.58,10.21,2.15,20.64,95.85,77.59,24.31,IDR,22.72,75.86,subtropical_dry,NASA_POWER_daily_ag,4.704,13.689,3.0399,dewpoint,574.8,40.012
2020-06-28,28.1,31.83,24.51,80.8,4.91,2.74,16.17,95.83,85.16,24.29,IDR,22.72,75.86,subtropical_dry,NASA_POWER_daily_ag,4.051,11.026,3.0363,dewpoint,577.0,40.002
2020-06-29,28.57,32.79,25.16,78.38,1.97,2.03,16.16,95.8,94.23,24.15,IDR,22.72,75.86,subtropical_dry,NASA_POWER_daily_ag,4.074,10.989,3.0109,dewpoint,580.2,39.991
2020-06-30,28.89,33.03,25.03,76.18,2.14,1.17,22.23,95.73,68.23,24.0,IDR,22.72,75.86,subtropical_dry,NASA_POWER_daily_ag,4.979,14.564,2.9839,dewpoint,587.7,39.98
2020-07-01,29.03,33.69,25.23,74.83,0.98,2.62,20.83,95.7,80.68,23.81,IDR,22.72,75.86,subtropical_dry,NASA_POWER_daily_ag,5.176,13.689,2.9501,dewpoint,590.9,39.967
2020-07-02,28.22,33.47,24.43,76.89,8.78,3.75,20.85,95.61,81.68,23.41,IDR,22.72,75.86,subtropical_dry,NASA_POWER_daily_ag,5.216,13.648,2.8799,dewpoint,600.6,39.954
2020-07-03,27.53,31.25,25.08,86.7,20.34,3.7,13.37,95.51,97.33,24.99,IDR,22.72,75.86,subtropical_dry,NASA_POWER_daily_ag,3.306,9.402,3.1659,dewpoint,611.4,39.94
2020-07-04,28.22,32.73,25.11,83.13,0.84,1.86,18.82,95.37,86.93,24.87,IDR,22.72,75.86,subtropical_dry,NASA_POWER_daily_ag,4.27,12.674,3.1433,dewpoint,626.4,39.926
2020-07-05,27.07,30.2,24.62,86.16,18.75,2.09,13.48,95.4,98.94,24.43,IDR,22.72,75.86,subtropical_dry,NASA_POWER_daily_ag,3.185,9.436,3.0618,dewpoint,623.2,39.91
2020-07-06,26.83,30.75,23.97,84.64,9.76,3.25,12.59,95.31,99.36,23.88,IDR,22.72,75.86,subtropical_dry,NASA_POWER_daily_ag,3.231,8.867,2.9625,dewpoint,632.9,39.894
2020-07-07,27.43,32.0,24.1,81.65,4.93,2.84,18.17,95.47,90.79,23.77,IDR,22.72,75.86,subtropical_dry,NASA_POWER_daily_ag,4.268,12.148,2.943,dewpoint,615.7,39.876
2020-07-08,28.12,33.16,23.89,78.8,5.53,2.49,23.28,95.76,62.98,23.76,IDR,22.72,75.86,subtropical_dry,NASA_POWER_daily_ag,5.244,15.142,2.9412,dewpoint,584.5,39.858
2020-07-09,28.15,33.16,23.88,76.99,1.77,3.42,21.41,95.76,88.84,23.33,IDR,22.72,75.86,subtropical_dry,NASA_POWER_daily_ag,5.229,13.962,2.866,dewpoint,584.5,39.839
2020-07-10,27.08,30.51,24.44,82.26,3.48,3.57,18.39,95.77,92.31,23.62,IDR,22.72,75.86,subtropical_dry,NASA_POWER_daily_ag,4.287,12.265,2.9165,dewpoint,583.4,39.819
2020-07-11,27.34,31.34,24.44,81.59,1.89,3.66,17.08,95.74,87.1,23.69,IDR,22.72,75.86,subtropical_dry,NASA_POWER_daily_ag,4.195,11.49,2.9288,dewpoint,586.6,39.798
2020-07-12,27.37,31.21,24.37,81.04,1.19,3.29,18.95,95.77,79.14,23.56,IDR,22.72,75.86,subtropical_dry,NASA_POWER_daily_ag,4.472,12.575,2.906,dewpoint,583.4,39.776
2020-07-13,27.38,31.53,24.29,79.79,0.25,3.37,20.84,95.75,77.51,23.33,IDR,22.72,75.86,subtropical_dry,NASA_POWER_daily_ag,4.825,13.642,2.866,dewpoint,585.6,39.753
2020-07-14,26.86,29.46,24.59,83.85,3.13,1.91,20.33,95.74,96.93,23.78,IDR,22.72,75.86,subtropical_dry,NASA_POWER_daily_ag,4.333,13.441,2.9447,dewpoint,586.6,39.729
2020-07-15,27.66,31.18,24.6,84.34,28.55,1.79,8.91,95.57,99.03,24.63,IDR,22.72,75.86,subtropical_dry,NASA_POWER_daily_ag,2.5,6.681,3.0986,dewpoint,604.9,39.704
2020-07-16,28.08,32.72,24.94,80.54,13.54,1.6,16.75,95.35,81.67,24.14,IDR,22.72,75.86,subtropical_dry,NASA_POWER_daily_ag,3.951,11.322,3.0091,dewpoint,628.6,39.677
2020-07-17,27.64,33.0,23.45,79.27,1.41,1.89,16.13,95.45,66.14,23.47,IDR,22.72,75.86,subtropical_dry,NASA_POWER_daily_ag,3.906,10.89,2.8903,dewpoint,617.8,39.65
2020-07-18,28.45,33.38,23.79,78.47,2.33,1.86,21.61,95.69,52.12,24.01,IDR,22.72,75.86,subtropical_dry,NASA_POWER_daily_ag,4.919,14.178,2.9857,dewpoint,592.0,39.622
2020-07-19,27.99,32.06,24.74,80.57,4.39,3.33,20.05,95.83,85.01,24.11,IDR,22.72,75.86,subtropical_dry,NASA_POWER_daily_ag,4.728,13.274,3.0037,dewpoint,577.0,39.592
2020-07-20,27.77,32.2,24.6,80.57,0.93,3.21,18.46,95.7,88.99,23.86,IDR,22.72,75.86,subtropical_dry,NASA_POWER_daily_ag,4.456,12.295,2.9589,dewpoint,590.9,39.561
2020-07-21,27.74,32.16,24.18,78.81,2.65,2.78,21.14,95.87,58.55,23.4,IDR,22.72,75.86,subtropical_dry,NASA_POWER_daily_ag,4.897,13.797,2.8781,dewpoint,572.7,39.529
2020-07-22,27.8,32.35,23.94,80.01,0.71,2.2,22.84,95.98,66.08,23.76,IDR,22.72,75.86,subtropical_dry,NASA_POWER_daily_ag,5.022,14.856,2.9412,dewpoint,560.9,39.496
2020-07-23,28.04,32.17,24.23,80.33,11.52,1.84,17.11,95.87,92.82,24.07,IDR,22.72,75.86,subtropical_dry,NASA_POWER_daily_ag,4.054,11.519,2.9965,dewpoint,572.7,39.462
2020-07-24,27.68,31.65,24.51,81.28,11.22,1.13,17.37,95.94,89.05,23.94,IDR,22.72,75.86,subtropical_dry,NASA_POWER_daily_ag,3.9,11.657,2.9732,dewpoint,565.2,39.426
2020-07-25,27.09,31.16,23.79,81.66,3.8,2.12,15.01,96.05,89.73,23.42,IDR,22.72,75.86,subtropical_dry,NASA_POWER_daily_ag,3.629,10.22,2.8816,dewpoint,553.4,39.389
2020-07-26,27.53,31.89,23.66,81.03,5.69,1.23,19.32,96.12,61.0,23.72,IDR,22.72,75.86,subtropical_dry,NASA_POWER_daily_ag,4.239,12.775,2.9341,dewpoint,545.9,39.351
2020-07-27,27.85,32.37,23.79,79.76,2.41,2.1,22.76,96.07,62.02,23.77,IDR,22.72,75.86,subtropical_dry,NASA_POWER_daily_ag,5.004,14.793,2.943,dewpoint,551.3,39.311
2020-07-28,27.34,30.6,24.68,84.51,0.71,2.2,21.57,95.92,90.6,24.35,IDR,22.72,75.86,subtropical_dry,NASA_POWER_daily_ag,4.57,14.213,3.0472,dewpoint,567.3,39.269
2020-07-29,27.07,30.63,24.48,86.23,11.44,1.89,13.39,95.79,99.19,24.44,IDR,22.72,75.86,subtropical_dry,NASA_POWER_daily_ag,3.136,9.339,3.0636,dewpoint,581.3,39.227
2020-07-30,27.59,30.8,24.44,81.12,10.44,0.91,18.55,95.85,83.55,23.85,IDR,22.72,75.86,subtropical_dry,NASA_POWER_daily_ag,4.053,12.333,2.9572,dewpoint,574.8,39.183
2020-07-31,28.27,32.7,24.78,80.65,0.98,1.62,20.16,95.79,79.4,24.43,IDR,22.72,75.86,subtropical_dry,NASA_POWER_daily_ag,4.518,13.342,3.0618,dewpoint,581.3,39.137
2020-08-01,28.08,32.38,24.45,81.49,0.47,1.37,17.59,95.78,88.18,24.35,IDR,22.72,75.86,subtropical_dry,NASA_POWER_daily_ag,4.009,11.807,3.0472,dewpoint,582.4,39.09
2020-08-02,27.24,29.96,24.9,84.41,1.67,1.7,22.13,95.7,77.23,24.25,IDR,22.72,75.86,subtropical_dry,NASA_POWER_daily_ag,4.627,14.515,3.029,dewpoint,590.9,39.041
2020-08-03,27.63,31.87,23.79,80.35,2.55,2.01,8.95,95.43,99.32,23.67,IDR,22.72,75.86,subtropical_dry,NASA_POWER_daily_ag,2.734,6.663,2.9253,dewpoint,620.0,38.991
2020-08-04,27.56,31.54,24.26,80.94,15.77,1.57,21.13,95.15,70.01,23.79,IDR,22.72,75.86,subtropical_dry,NASA_POWER_daily_ag,4.588,13.818,2.9465,dewpoint,650.1,38.939
2020-08-05,27.4,31.53,23.99,83.55,8.67,1.14,13.87,94.91,99.31,24.23,IDR,22.72,75.86,subtropical_dry,NASA_POWER_daily_ag,3.222,9.59,3.0254,dewpoint,676.0,38.885
2020-08-06,27.72,31.95,24.93,83.18,8.14,2.34,13.41,94.98,96.36,24.41,IDR,22.72,75.86,subtropical_dry,NASA_POWER_daily_ag,3.381,9.318,3.0581,dewpoint,668.5,38.83
2020-08-07,27.22,31.48,23.74,83.77,12.34,3.66,9.63,95.47,91.9,24.08,IDR,22.72,75.86,subtropical_dry,NASA_POWER_daily_ag,2.929,7.063,2.9983,dewpoint,615.7,38.773
2020-08-08,26.9,31.34,24.02,83.69,2.23,3.45,16.67,95.7,95.25,23.7,IDR,22.72,75.86,subtropical_dry,NASA_POWER_daily_ag,3.906,11.17,2.9306,dewpoint,590.9,38.714
2020-08-09,27.0,31.59,23.82,83.79,3.73,4.09,11.67,95.59,99.26,23.83,IDR,22.72,75.86,subtropical_dry,NASA_POWER_daily_ag,3.27,8.247,2.9536,dewpoint,602.8,38.653
2020-08-10,26.02,28.62,24.35,87.42,1.86,3.64,15.03,95.6,96.48,23.69,IDR,22.72,75.86,subtropical_dry,NASA_POWER_daily_ag,3.323,10.223,2.9288,dewpoint,601.7,38.591
2020-08-11,25.98,28.31,24.61,89.59,1.16,3.74,14.25,95.68,98.56,24.09,IDR,22.72,75.86,subtropical_dry,NASA_POWER_daily_ag,3.059,9.796,3.0001,dewpoint,593.1,38.527
2020-08-12,26.33,29.81,24.01,87.82,12.05,4.28,9.78,95.74,99.5,24.04,IDR,22.72,75.86,subtropical_dry,NASA_POWER_daily_ag,2.64,7.139,2.9911,dewpoint,586.6,38.461
2020-08-13,25.62,28.25,23.95,92.09,28.77,3.8,8.18,95.54,99.55,24.23,IDR,22.72,75.86,subtropical_dry,NASA_POWER_daily_ag,2.005,6.195,3.0254,dewpoint,608.1,38.393
2020-08-14,26.76,30.76,24.05,86.18,10.81,3.44,8.55,95.38,99.61,24.1,IDR,22.72,75.86,subtropical_dry,NASA_POWER_daily_ag,2.547,6.408,3.0019,dewpoint,625.4,38.323
2020-08-15,26.36,30.32,23.24,85.33,5.64,3.88,10.89,95.45,96.44,23.53,IDR,22.72,75.86,subtropical_dry,NASA_POWER_daily_ag,2.962,7.764,2.9008,dewpoint,617.8,38.252
2020-08-16,25.77,28.56,23.75,88.22,7.06,3.9,7.32,95.5,99.25,23.6,IDR,22.72,75.86,subtropical_dry,NASA_POWER_daily_ag,2.196,5.678,2.913,dewpoint,612.4,38.178
2020-08-17,25.7,28.87,23.67,89.48,17.33,3.69,9.88,95.53,99.6,23.8,IDR,22.72,75.86,subtropical_dry,NASA_POWER_daily_ag,2.429,7.178,2.9483,dewpoint,609.2,38.103
2020-08-18,25.88,29.58,23.43,88.19,3.48,3.68,10.42,95.66,99.49,23.68,IDR,22.72,75.86,subtropical_dry,NASA_POWER_daily_ag,2.62,7.485,2.9271,dewpoint,595.2,38.026
2020-08-19,26.18,30.06,23.56,87.63,6.77,3.59,11.0,95.63,99.48,23.85,IDR,22.72,75.86,subtropical_dry,NASA_POWER_daily_ag,2.758,7.825,2.9572,dewpoint,598.5,37.946
2020-08-20,25.91,28.63,23.51,90.31,14.56,3.03,8.49,95.55,99.02,24.15,IDR,22.72,75.86,subtropical_dry,NASA_POWER_daily_ag,2.16,6.357,3.0109,dewpoint,607.1,37.865
2020-08-21,26.29,29.14,24.03,89.68,32.67,3.33,13.31,95.61,92.14,24.4,IDR,22.72,75.86,subtropical_dry,NASA_POWER_daily_ag,2.934,9.215,3.0563,dewpoint,600.6,37.782
2020-08-22,25.23,27.12,23.55,94.4,127.45,4.24,2.52,95.63,99.09,24.28,IDR,22.72,75.86,subtropical_dry,NASA_POWER_daily_ag,1.048,2.807,3.0344,dewpoint,598.5,37.696
2020-08-23,25.16,27.46,23.59,92.27,35.99,4.61,8.94,95.64,98.76,23.82,IDR,22.72,75.86,subtropical_dry,NASA_POWER_daily_ag,2.067,6.607,2.9518,dewpoint,597.4,37.609
2020-08-24,25.47,29.48,23.09,87.99,4.14,4.63,12.26,95.79,81.91,23.23,IDR,22.72,75.86,subtropical_dry,NASA_POWER_daily_ag,2.895,8.503,2.8488,dewpoint,581.3,37.519
2020-08-25,25.78,30.1,22.87,86.47,2.51,4.12,18.34,96.09,59.76,23.21,IDR,22.72,75.86,subtropical_dry,NASA_POWER_daily_ag,3.818,11.988,2.8453,dewpoint,549.1,37.428
2020-08-26,26.0,30.21,22.61,85.62,0.48,3.13,15.8,96.2,73.63,23.23,IDR,22.72,75.86,subtropical_dry,NASA_POWER_daily_ag,3.513,10.522,2.8488,dewpoint,537.4,37.335
2020-08-27,24.76,27.68,22.66,89.38,3.7,2.97,16.03,96.08,98.91,22.84,IDR,22.72,75.86,subtropical_dry,NASA_POWER_daily_ag,3.188,10.632,2.7824,dewpoint,550.2,37.239
2020-08-28,24.51,26.94,22.79,91.52,6.54,2.96,12.45,95.88,97.96,23.01,IDR,22.72,75.86,subtropical_dry,NASA_POWER_daily_ag,2.553,8.591,2.8111,dewpoint,571.6,37.141
2020-08-29,24.37,26.46,23.07,93.52,41.76,2.61,8.78,95.8,99.67,23.25,IDR,22.72,75.86,subtropical_dry,NASA_POWER_daily_ag,1.924,6.48,2.8522,dewpoint,580.2,37.042
2020-08-30,25.15,28.88,22.49,88.72,32.55,3.53,11.59,95.81,87.71,23.04,IDR,22.72,75.86,subtropical_dry,NASA_POWER_daily_ag,2.678,8.077,2.8162,dewpoint,579.1,36.94
2020-08-31,25.2,29.47,22.16,87.54,3.32,3.56,17.19,96.05,58.65,22.84,IDR,22.72,75.86,subtropical_dry,NASA_POWER_daily_ag,3.511,11.242,2.7824,dewpoint,553.4,36.836
2020-09-01,25.13,29.62,21.66,84.9,0.17,2.12,20.33,96.24,77.1,22.19,IDR,22.72,75.86,subtropical_dry,NASA_POWER_daily_ag,4.04,12.907,2.6747,dewpoint,533.1,36.731
2020-09-02,26.25,31.1,21.11,81.75,0.91,0.86,16.94,96.25,91.59,22.65,IDR,22.72,75.86,subtropical_dry,NASA_POWER_daily_ag,3.579,11.044,2.7505,dewpoint,532.0,36.623
2020-09-03,25.75,29.65,22.83,86.07,2.75,1.64,15.32,96.23,71.43,23.08,IDR,22.72,75.86,subtropical_dry,NASA_POWER_daily_ag,3.273,10.166,2.8231,dewpoint,534.1,36.513
2020-09-04,26.33,31.06,21.54,82.88,0.23,1.32,22.69,96.21,18.42,22.93,IDR,22.72,75.86,subtropical_dry,NASA_POWER_daily_ag,4.546,14.311,2.7976,dewpoint,536.3,36.401
2020-09-05,26.82,31.34,22.8,82.58,0.06,1.25,22.6,96.12,44.37,23.41,IDR,22.72,75.86,subtropical_dry,NASA_POWER_daily_ag,4.579,14.318,2.8799,dewpoint,545.9,36.288
2020-09-06,26.99,31.13,22.23,81.02,4.9,1.19,21.51,96.02,47.06,23.25,IDR,22.72,75.86,subtropical_dry,NASA_POWER_daily_ag,4.445,13.667,2.8522,dewpoint,556.6,36.172
2020-09-07,26.5,30.64,22.91,85.1,4.86,2.06,21.08,96.08,47.5,23.63,IDR,22.72,75.86,subtropical_dry,NASA_POWER_daily_ag,4.276,13.479,2.9183,dewpoint,550.2,36.054
2020-09-08,26.61,30.85,22.98,86.56,0.02,2.1,17.72,96.1,90.46,24.05,IDR,22.72,75.86,subtropical_dry,NASA_POWER_daily_ag,3.715,11.602,2.9929,dewpoint,548.1,35.935
2020-09-09,25.94,28.67,24.15,88.58,2.72,1.39,19.57,96.09,78.44,23.85,IDR,22.72,75.86,subtropical_dry,NASA_POWER_daily_ag,3.856,12.641,2.9572,dewpoint,549.1,35.813
2020-09-10,26.33,30.36,22.78,84.85,23.74,0.98,14.58,95.87,81.58,23.42,IDR,22.72,75.86,subtropical_dry,NASA_POWER_daily_ag,3.146,9.709,2.8816,dewpoint,572.7,35.69
2020-09-11,26.88,30.9,22.95,81.72,11.91,0.69,14.5,95.83,92.26,23.36,IDR,22.72,75.86,subtropical_dry,NASA_POWER_daily_ag,3.161,9.64,2.8712,dewpoint,577.0,35.564
2020-09-12,27.26,30.65,23.77,81.63,16.59,0.72,16.14,96.01,90.14,23.71,IDR,22.72,75.86,subtropical_dry,NASA_POWER_daily_ag,3.469,10.594,2.9324,dewpoint,557.7,35.437
2020-09-13,27.09,30.39,23.7,84.16,5.25,0.65,14.76,96.03,91.6,24.06,IDR,22.72,75.86,subtropical_dry,NASA_POWER_daily_ag,3.183,9.841,2.9947,dewpoint,555.5,35.308
2020-09-14,27.31,30.91,24.08,85.77,24.95,1.6,11.56,95.93,94.25,24.62,IDR,22.72,75.86,subtropical_dry,NASA_POWER_daily_ag,2.763,8.028,3.0968,dewpoint,566.3,35.177
2020-09-15,27.19,30.92,24.4,85.38,2.71,0.93,13.99,95.96,93.22,24.4,IDR,22.72,75.86,subtropical_dry,NASA_POWER_daily_ag,3.076,9.403,3.0563,dewpoint,563.0,35.045
2020-09-16,26.77,30.35,23.98,88.59,7.81,1.79,11.56,95.98,97.87,24.65,IDR,22.72,75.86,subtropical_dry,NASA_POWER_daily_ag,2.646,8.017,3.1023,dewpoint,560.9,34.911
2020-09-17,27.19,31.36,24.33,86.91,5.64,1.94,13.95,96.0,94.64,24.65,IDR,22.72,75.86,subtropical_dry,NASA_POWER_daily_ag,3.138,9.381,3.1023,dewpoint,558.8,34.775
2020-09-18,26.16,28.9,24.04,91.15,5.07,2.52,11.67,95.96,99.17,24.57,IDR,22.72,75.86,subtropical_dry,NASA_POWER_daily_ag,2.532,8.066,3.0875,dewpoint,563.0,34.637
2020-09-19,26.25,29.74,23.75,89.22,13.17,1.86,13.78,95.81,93.11,24.27,IDR,22.72,75.86,subtropical_dry,NASA_POWER_daily_ag,2.929,9.244,3.0326,dewpoint,579.1,34.498
2020-09-20,26.24,29.95,22.86,87.88,4.02,1.65,17.97,95.62,90.25,24.0,IDR,22.72,75.86,subtropical_dry,NASA_POWER_daily_ag,3.616,11.6,2.9839,dewpoint,599.5,34.358
2020-09-21,27.18,31.05,23.88,86.53,7.25,1.67,13.67,95.48,97.21,24.62,IDR,22.72,75.86,subtropical_dry,NASA_POWER_daily_ag,3.065,9.184,3.0968,dewpoint,614.6,34.216
2020-09-22,26.59,30.28,24.01,88.52,16.21,1.43,12.3,95.52,90.38,24.45,IDR,22.72,75.86,subtropical_dry,NASA_POWER_daily_ag,2.718,8.375,3.0655,dewpoint,610.3,34.072
2020-09-23,25.67,28.48,23.52,91.71,39.46,1.22,3.4,95.64,99.42,24.19,IDR,22.72,75.86,subtropical_dry,NASA_POWER_daily_ag,1.143,3.274,3.0181,dewpoint,597.4,33.927
2020-09-24,25.49,29.31,21.89,90.97,0.81,2.19,17.78,95.99,95.84,23.85,IDR,22.72,75.86,subtropical_dry,NASA_POWER_daily_ag,3.38,11.426,2.9572,dewpoint,559.8,33.781
2020-09-25,26.52,30.59,23.43,87.08,0.03,2.14,16.62,96.06,85.79,24.03,IDR,22.72,75.86,subtropical_dry,NASA_POWER_daily_ag,3.468,10.743,2.9893,dewpoint,552.3,33.633
2020-09-26,25.37,29.3,21.88,87.32,1.11,2.54,14.35,96.03,72.95,22.99,IDR,22.72,75.86,subtropical_dry,NASA_POWER_daily_ag,3.036,9.359,2.8077,dewpoint,555.5,33.485
2020-09-27,24.29,28.75,20.87,84.14,0.35,2.16,18.03,96.27,38.48,21.23,IDR,22.72,75.86,subtropical_dry,NASA_POWER_daily_ag,3.548,11.106,2.5224,dewpoint,529.9,33.335
2020-09-28,23.54,28.87,18.86,82.42,0.0,1.91,20.37,96.35,14.16,20.09,IDR,22.72,75.86,subtropical_dry,NASA_POWER_daily_ag,3.817,12.141,2.3513,dewpoint,521.3,33.184
2020-09-29,24.78,29.76,20.9,83.31,0.0,2.02,20.24,96.25,28.91,21.56,IDR,22.72,75.86,subtropical_dry,NASA_POWER_daily_ag,3.904,12.268,2.5738,dewpoint,532.0,33.031
2020-09-30,25.64,29.94,21.0,80.78,3.56,1.56,17.54,96.16,55.49,21.89,IDR,22.72,75.86,subtropical_dry,NASA_POWER_daily_ag,3.635,10.871,2.6263,dewpoint,541.6,32.878
2020-10-01,25.6,30.55,22.0,82.58,0.28,2.25,17.66,96.17,56.57,22.18,IDR,22.72,75.86,subtropical_dry,NASA_POWER_daily_ag,3.684,10.934,2.6731,dewpoint,540.6,32.724
2020-10-02,25.77,31.45,21.56,82.14,0.06,2.56,21.19,96.18,28.6,22.23,IDR,22.72,75.86,subtropical_dry,NASA_POWER_daily_ag,4.233,12.788,2.6812,dewpoint,539.5,32.569
2020-10-03,25.53,31.35,21.22,79.14,0.0,2.19,21.53,96.23,12.39,21.27,IDR,22.72,75.86,subtropical_dry,NASA_POWER_daily_ag,4.322,12.736,2.5286,dewpoint,534.1,32.414
2020-10-04,25.06,30.83,20.2,79.16,0.0,2.22,19.61,96.29,39.38,20.93,IDR,22.72,75.86,subtropical_dry,NASA_POWER_daily_ag,3.992,11.688,2.4763,dewpoint,527.7,32.257
2020-10-05,25.24,31.48,20.81,79.64,0.0,2.24,20.96,96.25,27.9,21.13,IDR,22.72,75.86,subtropical_dry,NASA_POWER_daily_ag,4.179,12.366,2.5069,dewpoint,532.0,32.1
2020-10-06,25.07,31.27,18.58,62.78,0.0,1.46,22.11,96.26,17.01,16.58,IDR,22.72,75.86,subtropical_dry,NASA_POWER_daily_ag,4.529,11.988,1.8868,dewpoint,530.9,31.943
2020-10-07,23.65,29.07,17.69,67.05,0.0,1.51,21.19,96.39,61.26,16.99,IDR,22.72,75.86,subtropical_dry,NASA_POWER_daily_ag,4.141,11.717,1.9365,dewpoint,517.0,31.785
2020-10-08,24.53,30.26,19.25,70.79,0.0,1.45,18.9,96.37,44.8,18.56,IDR,22.72,75.86,subtropical_dry,NASA_POWER_daily_ag,3.854,10.83,2.1378,dewpoint,519.2,31.626
2020-10-09,25.32,30.62,20.18,71.61,0.0,1.2,18.12,96.36,49.46,19.56,IDR,22.72,75.86,subtropical_dry,NASA_POWER_daily_ag,3.718,10.572,2.2753,dewpoint,520.3,31.467
2020-10-10,25.5,30.08,20.67,71.48,0.0,0.96,18.39,96.25,57.78,19.75,IDR,22.72,75.86,subtropical_dry,NASA_POWER_daily_ag,3.678,10.715,2.3023,dewpoint,532.0,31.308
2020-10-11,25.28,31.01,19.51,70.22,0.05,1.64,16.86,96.08,82.49,19.15,IDR,22.72,75.86,subtropical_dry,NASA_POWER_daily_ag,3.735,9.855,2.218,dewpoint,550.2,31.149
2020-10-12,25.56,31.29,20.39,65.35,0.03,1.32,18.36,95.93,44.33,18.07,IDR,22.72,75.86,subtropical_dry,NASA_POWER_daily_ag,3.92,10.329,2.0731,dewpoint,566.3,30.989
2020-10-13,25.33,29.92,21.07,78.1,0.66,1.31,15.23,95.93,82.82,21.08,IDR,22.72,75.86,subtropical_dry,NASA_POWER_daily_ag,3.209,9.289,2.4993,dewpoint,566.3,30.829
2020-10-14,25.71,29.13,23.49,89.51,2.6,1.39,16.37,95.97,83.66,23.78,IDR,22.72,75.86,subtropical_dry,NASA_POWER_daily_ag,3.159,10.257,2.9447,dewpoint,562.0,30.67
2020-10-15,26.04,29.83,23.44,85.78,0.14,2.61,17.11,95.95,72.99,23.34,IDR,22.72,75.86,subtropical_dry,NASA_POWER_daily_ag,3.468,10.546,2.8677,dewpoint,564.1,30.511
2020-10-16,26.25,30.47,23.57,84.86,0.03,2.8,13.8,95.96,85.64,23.31,IDR,22.72,75.86,subtropical_dry,NASA_POWER_daily_ag,3.111,8.751,2.8625,dewpoint,563.0,30.351
2020-10-17,26.18,29.79,23.2,86.65,1.05,1.58,17.86,96.09,47.3,23.66,IDR,22.72,75.86,subtropical_dry,NASA_POWER_daily_ag,3.485,10.968,2.9236,dewpoint,549.1,30.192
2020-10-18,26.38,29.99,22.86,85.18,6.29,1.43,16.13,96.21,63.09,23.57,IDR,22.72,75.86,subtropical_dry,NASA_POWER_daily_ag,3.268,10.006,2.9078,dewpoint,536.3,30.034
2020-10-19,26.07,29.83,22.73,86.54,2.13,1.01,15.44,96.2,60.38,23.48,IDR,22.72,75.86,subtropical_dry,NASA_POWER_daily_ag,3.069,9.609,2.892,dewpoint,537.4,29.876
2020-10-20,26.59,30.42,22.92,80.37,0.61,0.91,15.37,96.18,50.12,22.73,IDR,22.72,75.86,subtropical_dry,NASA_POWER_daily_ag,3.162,9.42,2.7639,dewpoint,539.5,29.718
2020-10-21,26.63,30.57,22.62,77.91,0.09,0.66,14.99,96.26,44.03,22.29,IDR,22.72,75.86,subtropical_dry,NASA_POWER_daily_ag,3.055,9.137,2.691,dewpoint,530.9,29.561
2020-10-22,26.34,30.78,22.22,77.38,2.9,0.57,15.76,96.16,25.38,21.83,IDR,22.72,75.86,subtropical_dry,NASA_POWER_daily_ag,3.114,9.434,2.6167,dewpoint,541.6,29.405
2020-10-23,25.34,30.1,21.63,74.74,0.48,1.02,18.43,96.19,16.5,20.2,IDR,22.72,75.86,subtropical_dry,NASA_POWER_daily_ag,3.551,10.435,2.3674,dewpoint,538.4,29.249
2020-10-24,24.33,30.02,19.84,70.65,0.0,1.29,19.58,96.32,19.94,18.31,IDR,22.72,75.86,subtropical_dry,NASA_POWER_daily_ag,3.726,10.592,2.1046,dewpoint,524.5,29.095
2020-10-25,23.86,30.15,18.21,64.72,0.0,0.93,20.35,96.55,1.11,16.49,IDR,22.72,75.86,subtropical_dry,NASA_POWER_daily_ag,3.665,10.549,1.876,dewpoint,500.0,28.941
2020-10-26,22.79,29.89,17.06,67.84,0.0,1.25,19.0,96.67,0.05,15.97,IDR,22.72,75.86,subtropical_dry,NASA_POWER_daily_ag,3.514,9.888,1.8148,dewpoint,487.2,28.788
2020-10-27,22.84,29.62,15.74,61.76,0.0,0.87,18.84,96.62,0.25,14.46,IDR,22.72,75.86,subtropical_dry,NASA_POWER_daily_ag,3.377,9.56,1.647,dewpoint,492.5,28.636
2020-10-28,22.7,29.1,15.74,58.25,0.0,0.97,18.86,96.68,0.17,13.56,IDR,22.72,75.86,subtropical_dry,NASA_POWER_daily_ag,3.44,9.387,1.5535,dewpoint,486.1,28.486
2020-10-29,23.29,28.83,17.48,55.25,0.0,0.57,17.61,96.72,0.37,13.54,IDR,22.72,75.86,subtropical_dry,NASA_POWER_daily_ag,3.076,8.827,1.5515,dewpoint,481.8,28.337
2020-10-30,23.06,29.08,16.57,61.08,0.0,0.83,17.46,96.71,1.56,14.78,IDR,22.72,75.86,subtropical_dry,NASA_POWER_daily_ag,3.193,8.955,1.6813,dewpoint,482.9,28.189
2020-10-31,21.99,28.77,15.41,57.28,0.0,1.34,17.06,96.72,0.47,12.47,IDR,22.72,75.86,subtropical_dry,NASA_POWER_daily_ag,3.414,8.447,1.4466,dewpoint,481.8,28.043
2020-11-01,21.61,28.65,15.19,60.81,0.0,1.07,17.14,96.78,0.01,13.31,IDR,22.72,75.86,subtropical_dry,NASA_POWER_daily_ag,3.152,8.579,1.5284,dewpoint,475.5,27.898
2020-11-02,21.65,29.44,15.46,65.16,0.0,1.21,16.37,96.87,0.68,14.37,IDR,22.72,75.86,subtropical_dry,NASA_POWER_daily_ag,3.081,8.383,1.6374,dewpoint,465.9,27.755
2020-11-03,21.9,29.08,15.51,62.86,0.0,1.37,16.84,96.87,1.98,14.05,IDR,22.72,75.86,subtropical_dry,NASA_POWER_daily_ag,3.262,8.489,1.6038,dewpoint,465.9,27.613
2020-11-04,21.92,28.56,17.71,62.69,0.0,1.13,17.54,96.78,0.7,14.1,IDR,22.72,75.86,subtropical_dry,NASA_POWER_daily_ag,3.186,8.679,1.609,dewpoint,475.5,27.473
2020-11-05,21.42,28.21,15.16,62.15,0.0,1.2,18.05,96.85,1.6,13.53,IDR,22.72,75.86,subtropical_dry,NASA_POWER_daily_ag,3.237,8.826,1.5505,dewpoint,468.0,27.335
2020-11-06,20.44,27.56,14.43,61.9,0.0,1.46,18.49,97.06,0.25,12.33,IDR,22.72,75.86,subtropical_dry,NASA_POWER_daily_ag,3.314,8.783,1.4334,dewpoint,445.7,27.199
2020-11-07,18.93,27.45,12.13,64.66,0.0,1.63,17.98,97.14,0.09,11.5,IDR,22.72,75.86,subtropical_dry,NASA_POWER_daily_ag,3.139,8.507,1.357,dewpoint,437.2,27.065
2020-11-08,18.6,26.96,11.77,65.33,0.0,1.61,17.36,97.17,0.3,11.41,IDR,22.72,75.86,subtropical_dry,NASA_POWER_daily_ag,3.023,8.271,1.3489,dewpoint,434.0,26.933
2020-11-09,18.56,26.67,11.51,63.15,0.0,1.34,16.84,97.02,0.63,10.88,IDR,22.72,75.86,subtropical_dry,NASA_POWER_daily_ag,2.897,7.999,1.3023,dewpoint,449.9,26.803
2020-11-10,18.63,26.76,11.53,59.29,0.0,1.31,15.86,96.83,0.53,9.83,IDR,22.72,75.86,subtropical_dry,NASA_POWER_daily_ag,2.874,7.493,1.214,dewpoint,470.1,26.675
2020-11-11,17.2,25.38,10.71,67.19,0.0,1.61,15.39,96.92,1.61,10.48,IDR,22.72,75.86,subtropical_dry,NASA_POWER_daily_ag,2.685,7.457,1.268,dewpoint,460.6,26.55
2020-11-12,18.81,26.46,11.37,74.08,0.02,1.8,17.69,97.0,1.41,13.59,IDR,22.72,75.86,subtropical_dry,NASA_POWER_daily_ag,2.915,8.643,1.5566,dewpoint,452.1,26.426
2020-11-13,22.13,28.72,16.01,80.68,0.0,1.67,17.12,96.92,1.78,18.43,IDR,22.72,75.86,subtropical_dry,NASA_POWER_daily_ag,2.957,9.061,2.1205,dewpoint,460.6,26.306
2020-11-14,22.98,29.27,17.43,78.64,0.0,1.64,16.47,96.75,14.84,18.76,IDR,22.72,75.86,subtropical_dry,NASA_POWER_daily_ag,3.013,8.773,2.1647,dewpoint,478.7,26.188
2020-11-15,23.05,29.89,17.12,77.05,0.0,1.89,16.18,96.74,17.87,18.3,IDR,22.72,75.86,subtropical_dry,NASA_POWER_daily_ag,3.105,8.531,2.1032,dewpoint,479.7,26.072
2020-11-16,23.95,30.06,19.1,76.24,0.0,1.06,15.87,96.77,19.69,19.09,IDR,22.72,75.86,subtropical_dry,NASA_POWER_daily_ag,2.913,8.469,2.2098,dewpoint,476.5,25.959
2020-11-17,23.46,29.53,17.62,76.67,0.0,1.38,15.9,96.65,12.46,18.7,IDR,22.72,75.86,subtropical_dry,NASA_POWER_daily_ag,2.966,8.438,2.1566,dewpoint,489.3,25.848
2020-11-18,23.95,29.46,19.28,76.81,0.08,1.56,14.02,96.54,43.48,19.28,IDR,22.72,75.86,subtropical_dry,NASA_POWER_daily_ag,2.834,7.69,2.2361,dewpoint,501.0,25.741
2020-11-19,22.83,29.63,17.44,68.03,0.05,1.48,14.45,96.58,60.86,16.17,IDR,22.72,75.86,subtropical_dry,NASA_POWER_daily_ag,2.948,7.4,1.8381,dewpoint,496.8,25.636
2020-11-20,20.68,29.04,15.0,62.8,0.0,1.85,15.64,96.72,29.16,12.79,IDR,22.72,75.86,subtropical_dry,NASA_POWER_daily_ag,3.143,7.358,1.4773,dewpoint,481.8,25.534
2020-11-21,18.56,26.74,12.72,61.39,0.0,2.01,15.81,96.88,1.94,10.42,IDR,22.72,75.86,subtropical_dry,NASA_POWER_daily_ag,3.061,7.179,1.263,dewpoint,464.8,25.435
2020-11-22,17.39,26.49,10.24,55.86,0.0,1.83,16.34,96.95,1.19,7.66,IDR,22.72,75.86,subtropical_dry,NASA_POWER_daily_ag,3.05,7.007,1.0482,dewpoint,457.4,25.339
2020-11-23,18.61,28.13,9.75,59.0,0.0,1.46,16.52,96.88,0.47,9.73,IDR,22.72,75.86,subtropical_dry,NASA_POWER_daily_ag,2.91,7.28,1.2059,dewpoint,464.8,25.245
2020-11-24,20.18,29.45,12.76,62.85,0.0,1.49,16.01,96.79,2.5,12.0,IDR,22.72,75.86,subtropical_dry,NASA_POWER_daily_ag,2.955,7.3,1.4026,dewpoint,474.4,25.155
2020-11-25,19.69,28.45,12.3,64.66,0.0,1.71,15.16,96.79,4.03,11.97,IDR,22.72,75.86,subtropical_dry,NASA_POWER_daily_ag,2.917,7.051,1.3998,dewpoint,474.4,25.069
2020-11-26,19.72,28.49,12.64,62.69,0.0,1.87,14.5,96.9,8.15,11.69,IDR,22.72,75.86,subtropical_dry,NASA_POWER_daily_ag,2.968,6.769,1.3741,dewpoint,462.7,24.985
2020-11-27,18.28,26.75,12.18,57.85,0.0,3.67,15.37,97.17,0.45,8.9,IDR,22.72,75.86,subtropical_dry,NASA_POWER_daily_ag,3.839,6.692,1.1403,dewpoint,434.0,24.904
2020-11-28,18.74,27.57,12.36,63.96,0.0,2.84,16.17,97.16,0.05,11.2,IDR,22.72,75.86,subtropical_dry,NASA_POWER_daily_ag,3.311,7.203,1.3303,dewpoint,435.1,24.827
2020-11-29,20.39,28.6,13.6,66.95,0.0,2.12,16.22,97.03,4.43,13.41,IDR,22.72,75.86,subtropical_dry,NASA_POWER_daily_ag,3.133,7.483,1.5384,dewpoint,448.9,24.753
2020-11-30,21.6,30.16,14.74,63.57,0.0,1.55,15.67,96.96,8.76,13.85,IDR,22.72,75.86,subtropical_dry,NASA_POWER_daily_ag,3.014,7.268,1.5831,dewpoint,456.3,24.683
2020-12-01,21.11,30.44,14.28,62.2,0.0,1.65,15.81,96.97,5.13,12.87,IDR,22.72,75.86,subtropical_dry,NASA_POWER_daily_ag,3.063,7.133,1.4851,dewpoint,455.2,24.615
2020-12-02,20.65,29.99,12.59,54.55,0.0,1.48,16.32,96.88,1.5,10.02,IDR,22.72,75.86,subtropical_dry,NASA_POWER_daily_ag,3.13,6.872,1.2296,dewpoint,464.8,24.552
2020-12-03,20.61,29.79,12.47,52.49,0.0,1.46,16.82,96.8,0.53,9.42,IDR,22.72,75.86,subtropical_dry,NASA_POWER_daily_ag,3.174,6.904,1.181,dewpoint,473.3,24.491
2020-12-04,21.15,30.5,13.65,50.5,0.0,1.19,16.4,96.69,0.1,9.13,IDR,22.72,75.86,subtropical_dry,NASA_POWER_daily_ag,3.007,6.656,1.1582,dewpoint,485.0,24.435
2020-12-05,20.88,30.12,13.37,50.13,0.0,1.3,16.3,96.74,0.1,9.0,IDR,22.72,75.86,subtropical_dry,NASA_POWER_daily_ag,3.059,6.617,1.1481,dewpoint,479.7,24.381
2020-12-06,20.8,30.18,12.59,52.91,0.0,1.35,16.48,96.92,0.1,9.53,IDR,22.72,75.86,subtropical_dry,NASA_POWER_daily_ag,3.076,6.753,1.1898,dewpoint,460.6,24.332
2020-12-07,21.37,30.46,13.53,50.83,0.0,1.11,15.71,97.05,0.35,9.73,IDR,22.72,75.86,subtropical_dry,NASA_POWER_daily_ag,2.892,6.52,1.2059,dewpoint,446.7,24.286
2020-12-08,20.27,29.7,12.02,57.32,0.0,1.55,16.29,97.04,1.93,10.54,IDR,22.72,75.86,subtropical_dry,NASA_POWER_daily_ag,3.06,6.875,1.2731,dewpoint,447.8,24.243
2020-12-09,20.54,29.64,12.73,57.52,0.0,1.37,15.51,96.89,36.1,10.76,IDR,22.72,75.86,subtropical_dry,NASA_POWER_daily_ag,2.915,6.662,1.2919,dewpoint,463.8,24.205
2020-12-10,21.96,29.54,14.37,56.79,0.0,1.21,13.94,96.78,61.19,12.15,IDR,22.72,75.86,subtropical_dry,NASA_POWER_daily_ag,2.812,6.363,1.4165,dewpoint,475.5,24.169
2020-12-11,21.0,26.91,17.33,68.43,6.04,1.25,3.47,96.8,99.15,14.45,IDR,22.72,75.86,subtropical_dry,NASA_POWER_daily_ag,1.673,3.238,1.6459,dewpoint,473.3,24.138
2020-12-12,19.94,25.18,16.45,79.19,3.2,2.06,7.09,96.81,99.02,15.94,IDR,22.72,75.86,subtropical_dry,NASA_POWER_daily_ag,1.876,4.499,1.8113,dewpoint,472.3,24.11
2020-12-13,20.4,25.89,16.37,79.46,1.79,1.35,7.33,96.66,95.2,16.32,IDR,22.72,75.86,subtropical_dry,NASA_POWER_daily_ag,1.743,4.595,1.8558,dewpoint,488.2,24.086
2020-12-14,21.16,26.88,16.89,77.61,0.27,1.74,6.96,96.66,86.54,16.67,IDR,22.72,75.86,subtropical_dry,NASA_POWER_daily_ag,1.913,4.462,1.8976,dewpoint,488.2,24.066
2020-12-15,21.15,27.02,16.9,78.55,0.07,1.67,7.59,96.82,70.34,16.88,IDR,22.72,75.86,subtropical_dry,NASA_POWER_daily_ag,1.915,4.698,1.923,dewpoint,471.2,24.05
2020-12-16,20.65,27.59,15.88,74.77,0.0,1.93,10.0,97.0,56.03,15.44,IDR,22.72,75.86,subtropical_dry,NASA_POWER_daily_ag,2.311,5.46,1.7543,dewpoint,452.1,24.037
2020-12-17,18.38,25.78,13.3,72.11,0.0,2.03,11.63,97.08,22.42,12.62,IDR,22.72,75.86,subtropical_dry,NASA_POWER_daily_ag,2.393,5.806,1.4609,dewpoint,443.6,24.028
2020-12-18,17.14,25.6,10.52,60.99,0.0,1.65,13.8,97.06,3.86,8.92,IDR,22.72,75.86,subtropical_dry,NASA_POWER_daily_ag,2.568,6.097,1.1419,dewpoint,445.7,24.023
2020-12-19,16.06,25.92,8.93,48.83,0.0,2.08,15.46,97.16,12.61,4.09,IDR,22.72,75.86,subtropical_dry,NASA_POWER_daily_ag,3.103,5.943,0.8184,dewpoint,435.1,24.021
2020-12-20,15.59,25.95,7.46,46.69,0.0,2.05,16.68,97.21,31.48,3.06,IDR,22.72,75.86,subtropical_dry,NASA_POWER_daily_ag,3.141,6.124,0.761,dewpoint,429.8,24.024
2020-12-21,16.52,26.39,8.37,45.31,0.0,1.74,17.19,97.01,21.03,3.11,IDR,22.72,75.86,subtropical_dry,NASA_POWER_daily_ag,3.109,6.182,0.7637,dewpoint,451.0,24.03
2020-12-22,16.48,26.46,7.9,47.55,0.0,1.69,17.31,96.86,4.36,3.81,IDR,22.72,75.86,subtropical_dry,NASA_POWER_daily_ag,3.041,6.332,0.8024,dewpoint,466.9,24.04
2020-12-23,16.97,27.24,9.0,48.83,0.0,1.53,16.27,96.71,3.27,4.82,IDR,22.72,75.86,subtropical_dry,NASA_POWER_daily_ag,2.888,6.174,0.8614,dewpoint,482.9,24.054
2020-12-24,17.06,27.25,8.93,53.69,0.0,1.4,16.11,96.7,0.46,6.39,IDR,22.72,75.86,subtropical_dry,NASA_POWER_daily_ag,2.727,6.364,0.9607,dewpoint,484.0,24.071
2020-12-25,17.26,27.26,9.81,51.32,0.0,2.19,15.11,96.84,0.84,6.0,IDR,22.72,75.86,subtropical_dry,NASA_POWER_daily_ag,3.208,6.049,0.9351,dewpoint,469.1,24.092
2020-12-26,17.7,28.26,9.23,52.6,0.0,1.82,15.68,96.85,1.56,6.83,IDR,22.72,75.86,subtropical_dry,NASA_POWER_daily_ag,3.03,6.28,0.9902,dewpoint,468.0,24.117
2020-12-27,18.56,29.07,10.82,56.82,0.0,2.11,14.76,96.71,1.49,8.98,IDR,22.72,75.86,subtropical_dry,NASA_POWER_daily_ag,3.101,6.271,1.1465,dewpoint,482.9,24.146
2020-12-28,16.28,26.23,9.46,39.27,0.0,2.19,16.19,96.75,2.13,1.03,IDR,22.72,75.86,subtropical_dry,NASA_POWER_daily_ag,3.473,5.745,0.6581,dewpoint,478.7,24.179
2020-12-29,15.92,26.12,7.83,41.02,0.0,2.24,14.05,96.79,5.25,2.14,IDR,22.72,75.86,subtropical_dry,NASA_POWER_daily_ag,3.291,5.537,0.7127,dewpoint,474.4,24.215
2020-12-30,16.57,25.39,9.98,53.0,0.0,2.8,10.01,96.87,18.6,6.61,IDR,22.72,75.86,subtropical_dry,NASA_POWER_daily_ag,3.069,4.98,0.9753,dewpoint,465.9,24.255
2020-12-31,17.52,26.41,10.44,60.44,0.0,2.46,12.16,96.89,1.05,9.35,IDR,22.72,75.86,subtropical_dry,NASA_POWER_daily_ag,2.87,5.746,1.1755,dewpoint,463.8,24.298
2021-01-01,19.16,27.55,12.21,63.46,0.0,2.33,11.49,96.82,15.17,11.3,IDR,22.72,75.86,subtropical_dry,NASA_POWER_daily_ag,2.866,5.677,1.3391,dewpoint,471.2,24.298
2021-01-02,21.17,28.5,15.36,64.65,0.0,2.48,10.75,96.74,32.47,13.95,IDR,22.72,75.86,subtropical_dry,NASA_POWER_daily_ag,2.944,5.631,1.5934,dewpoint,479.7,24.346
2021-01-03,22.01,28.63,17.44,66.66,0.0,2.16,10.63,96.61,51.12,15.17,IDR,22.72,75.86,subtropical_dry,NASA_POWER_daily_ag,2.801,5.68,1.7241,dewpoint,493.6,24.397
2021-01-04,19.79,24.71,16.51,72.78,0.12,2.05,7.59,96.64,85.77,14.51,IDR,22.72,75.86,subtropical_dry,NASA_POWER_daily_ag,2.133,4.665,1.6523,dewpoint,490.4,24.451
2021-01-05,21.97,28.96,16.45,63.09,0.0,2.34,11.77,96.71,52.06,14.03,IDR,22.72,75.86,subtropical_dry,NASA_POWER_daily_ag,3.143,5.975,1.6017,dewpoint,482.9,24.509
2021-01-06,22.04,29.18,16.5,61.55,0.41,1.19,13.58,96.71,30.68,13.67,IDR,22.72,75.86,subtropical_dry,NASA_POWER_daily_ag,2.713,6.523,1.5647,dewpoint,482.9,24.571
2021-01-07,21.82,29.51,14.99,63.02,0.01,1.74,12.31,96.55,51.97,13.73,IDR,22.72,75.86,subtropical_dry,NASA_POWER_daily_ag,2.894,6.164,1.5708,dewpoint,500.0,24.636
2021-01-08,22.08,26.41,18.97,72.13,0.8,1.55,12.6,96.48,65.99,16.63,IDR,22.72,75.86,subtropical_dry,NASA_POWER_daily_ag,2.575,6.622,1.8928,dewpoint,507.4,24.705
2021-01-09,20.15,23.0,18.24,85.34,2.45,1.87,5.29,96.59,92.55,17.55,IDR,22.72,75.86,subtropical_dry,NASA_POWER_daily_ag,1.45,3.922,2.0063,dewpoint,495.7,24.777
2021-01-10,22.47,30.17,17.48,66.29,0.03,1.95,13.57,96.66,44.56,14.83,IDR,22.72,75.86,subtropical_dry,NASA_POWER_daily_ag,3.11,6.697,1.6868,dewpoint,488.2,24.852
2021-01-11,22.7,30.58,16.02,63.14,0.0,1.46,11.28,96.77,72.12,14.56,IDR,22.72,75.86,subtropical_dry,NASA_POWER_daily_ag,2.73,5.928,1.6576,dewpoint,476.5,24.931
2021-01-12,21.65,30.54,15.05,58.34,0.0,1.54,13.73,96.84,45.81,12.06,IDR,22.72,75.86,subtropical_dry,NASA_POWER_daily_ag,3.022,6.462,1.4081,dewpoint,469.1,25.013
2021-01-13,19.36,29.72,12.05,41.55,0.0,1.81,16.7,96.81,29.05,4.63,IDR,22.72,75.86,subtropical_dry,NASA_POWER_daily_ag,3.55,6.386,0.85,dewpoint,472.3,25.099
2021-01-14,18.78,29.78,10.61,32.96,0.0,2.26,17.45,96.75,14.45,0.54,IDR,22.72,75.86,subtropical_dry,NASA_POWER_daily_ag,4.106,6.08,0.6352,dewpoint,478.7,25.188
2021-01-15,19.83,30.98,10.14,34.38,0.0,1.82,16.02,96.6,3.56,2.92,IDR,22.72,75.86,subtropical_dry,NASA_POWER_daily_ag,3.71,6.103,0.7535,dewpoint,494.6,25.279
2021-01-16,21.52,31.06,13.15,39.69,0.0,1.73,14.24,96.47,9.58,6.6,IDR,22.72,75.86,subtropical_dry,NASA_POWER_daily_ag,3.59,6.076,0.9747,dewpoint,508.5,25.375
2021-01-17,23.1,31.85,15.12,43.92,0.0,2.0,13.85,96.52,12.87,9.61,IDR,22.72,75.86,subtropical_dry,NASA_POWER_daily_ag,3.852,6.275,1.1962,dewpoint,503.2,25.473
2021-01-18,23.93,32.06,16.84,48.1,0.0,1.4,13.03,96.62,15.16,11.61,IDR,22.72,75.86,subtropical_dry,NASA_POWER_daily_ag,3.267,6.253,1.3669,dewpoint,492.5,25.574
2021-01-19,22.5,31.87,16.47,43.12,0.0,1.67,15.75,96.59,6.07,7.84,IDR,22.72,75.86,subtropical_dry,NASA_POWER_daily_ag,3.706,6.556,1.0611,dewpoint,495.7,25.678
2021-01-20,20.51,30.2,12.31,41.96,0.0,1.59,16.54,96.72,1.61,5.7,IDR,22.72,75.86,subtropical_dry,NASA_POWER_daily_ag,3.537,6.707,0.9159,dewpoint,481.8,25.785
2021-01-21,20.99,30.73,12.31,29.1,0.0,1.57,17.39,96.73,11.86,1.24,IDR,22.72,75.86,subtropical_dry,NASA_POWER_daily_ag,3.801,6.315,0.6682,dewpoint,480.8,25.895
2021-01-22,20.89,31.24,11.17,25.69,0.0,1.39,17.93,96.69,4.79,-0.63,IDR,22.72,75.86,subtropical_dry,NASA_POWER_daily_ag,3.664,6.245,0.5834,dewpoint,485.0,26.008
2021-01-23,21.98,31.9,15.03,30.13,0.0,1.49,17.3,96.59,2.46,2.82,IDR,22.72,75.86,subtropical_dry,NASA_POWER_daily_ag,3.78,6.42,0.7481,dewpoint,495.7,26.123
2021-01-24,20.31,30.34,12.9,28.93,0.0,2.14,17.55,96.71,9.19,-0.08,IDR,22.72,75.86,subtropical_dry,NASA_POWER_daily_ag,4.371,6.308,0.6073,dewpoint,482.9,26.242
2021-01-25,18.54,28.81,9.93,25.85,0.0,1.88,18.01,96.85,12.49,-2.53,IDR,22.72,75.86,subtropical_dry,NASA_POWER_daily_ag,3.994,6.362,0.5071,dewpoint,468.0,26.362
2021-01-26,18.4,29.13,9.75,23.26,0.0,2.02,17.36,96.81,7.03,-3.68,IDR,22.72,75.86,subtropical_dry,NASA_POWER_daily_ag,4.13,6.158,0.4653,dewpoint,472.3,26.486
2021-01-27,18.65,28.79,9.8,24.87,0.0,1.98,16.55,96.82,14.7,-2.58,IDR,22.72,75.86,subtropical_dry,NASA_POWER_daily_ag,4.072,6.185,0.5052,dewpoint,471.2,26.612
2021-01-28,19.53,29.66,11.18,29.32,0.0,1.96,15.76,96.82,10.17,0.81,IDR,22.72,75.86,subtropical_dry,NASA_POWER_daily_ag,4.003,6.324,0.6478,dewpoint,471.2,26.74
2021-01-29,18.77,28.84,10.57,21.96,0.0,2.41,16.75,96.95,20.13,-4.19,IDR,22.72,75.86,subtropical_dry,NASA_POWER_daily_ag,4.597,6.119,0.4478,dewpoint,457.4,26.871
2021-01-30,18.21,29.17,9.53,17.3,0.0,2.13,18.22,96.96,10.07,-7.94,IDR,22.72,75.86,subtropical_dry,NASA_POWER_daily_ag,4.416,6.079,0.3359,dewpoint,456.3,27.004
2021-01-31,18.25,29.52,8.8,14.95,0.0,1.62,17.81,96.98,24.42,-9.94,IDR,22.72,75.86,subtropical_dry,NASA_POWER_daily_ag,3.891,5.903,0.2871,dewpoint,454.2,27.139
2021-02-01,19.33,30.48,9.56,16.84,0.0,1.81,18.9,97.14,21.36,-7.32,IDR,22.72,75.86,subtropical_dry,NASA_POWER_daily_ag,4.255,6.275,0.3525,dewpoint,437.2,27.276
2021-02-02,20.82,32.0,11.05,19.79,0.0,1.54,19.1,97.05,4.76,-4.33,IDR,22.72,75.86,subtropical_dry,NASA_POWER_daily_ag,4.074,6.53,0.4431,dewpoint,446.7,27.415
2021-02-03,21.33,31.84,11.88,22.16,0.0,1.78,18.37,96.87,8.22,-2.13,IDR,22.72,75.86,subtropical_dry,NASA_POWER_daily_ag,4.368,6.686,0.5224,dewpoint,465.9,27.557
2021-02-04,21.51,30.77,13.62,29.57,0.0,1.91,17.24,96.85,17.7,2.14,IDR,22.72,75.86,subtropical_dry,NASA_POWER_daily_ag,4.346,6.983,0.7127,dewpoint,468.0,27.7
2021-02-05,20.8,29.98,13.62,30.76,0.0,2.09,17.16,96.79,17.89,1.97,IDR,22.72,75.86,subtropical_dry,NASA_POWER_daily_ag,4.424,7.029,0.7041,dewpoint,474.4,27.845
2021-02-06,19.5,29.06,12.49,26.8,0.0,2.76,19.39,96.92,3.26,-1.16,IDR,22.72,75.86,subtropical_dry,NASA_POWER_daily_ag,5.092,7.306,0.5611,dewpoint,460.6,27.991
2021-02-07,18.73,29.0,10.33,22.18,0.0,2.09,20.26,97.04,14.48,-4.83,IDR,22.72,75.86,subtropical_dry,NASA_POWER_daily_ag,4.558,7.21,0.4266,dewpoint,447.8,28.14
2021-02-08,19.48,29.83,9.7,19.09,0.0,1.76,20.7,97.03,14.79,-6.05,IDR,22.72,75.86,subtropical_dry,NASA_POWER_daily_ag,4.382,7.198,0.3888,dewpoint,448.9,28.29
2021-02-09,21.96,32.23,12.14,16.35,0.0,1.23,20.43,96.84,13.72,-5.83,IDR,22.72,75.86,subtropical_dry,NASA_POWER_daily_ag,3.959,6.957,0.3954,dewpoint,469.1,28.441
2021-02-10,23.31,32.53,14.11,15.44,0.0,1.2,19.96,96.66,25.63,-5.13,IDR,22.72,75.86,subtropical_dry,NASA_POWER_daily_ag,4.024,6.902,0.417,dewpoint,488.2,28.594
2021-02-11,22.58,32.65,13.43,19.25,0.0,1.33,17.64,96.6,70.11,-3.12,IDR,22.72,75.86,subtropical_dry,NASA_POWER_daily_ag,4.028,6.767,0.4853,dewpoint,494.6,28.748
2021-02-12,23.12,33.13,13.98,20.98,0.0,1.54,19.47,96.65,13.03,-1.38,IDR,22.72,75.86,subtropical_dry,NASA_POWER_daily_ag,4.455,7.35,0.5521,dewpoint,489.3,28.904
2021-02-13,24.43,33.62,14.47,22.57,0.0,1.32,18.53,96.67,0.31,1.02,IDR,22.72,75.86,subtropical_dry,NASA_POWER_daily_ag,4.247,7.442,0.6577,dewpoint,487.2,29.061
2021-02-14,24.71,33.43,16.69,25.86,0.0,1.06,17.21,96.66,1.02,3.12,IDR,22.72,75.86,subtropical_dry,NASA_POWER_daily_ag,3.809,7.345,0.7642,dewpoint,488.2,29.218
2021-02-15,24.17,32.85,16.34,28.49,0.0,1.83,17.17,96.56,1.01,4.1,IDR,22.72,75.86,subtropical_dry,NASA_POWER_daily_ag,4.694,7.537,0.819,dewpoint,498.9,29.377
2021-02-16,23.92,31.48,16.86,33.81,0.22,1.8,13.92,96.53,20.5,6.52,IDR,22.72,75.86,subtropical_dry,NASA_POWER_daily_ag,4.275,6.931,0.9693,dewpoint,502.1,29.537
2021-02-17,23.39,31.32,16.25,31.64,0.01,1.36,17.06,96.6,8.7,4.91,IDR,22.72,75.86,subtropical_dry,NASA_POWER_daily_ag,4.046,7.756,0.8668,dewpoint,494.6,29.697
2021-02-18,23.76,31.96,15.49,38.6,0.39,1.33,14.82,96.8,41.63,7.38,IDR,22.72,75.86,subtropical_dry,NASA_POWER_daily_ag,3.807,7.378,1.0283,dewpoint,473.3,29.858
2021-02-19,22.7,30.78,16.23,40.63,0.45,1.57,17.65,97.03,15.9,7.38,IDR,22.72,75.86,subtropical_dry,NASA_POWER_daily_ag,4.142,8.339,1.0283,dewpoint,448.9,30.02
2021-02-20,21.58,30.85,14.09,30.27,0.0,2.45,20.2,97.07,2.72,2.25,IDR,22.72,75.86,subtropical_dry,NASA_POWER_daily_ag,5.248,8.553,0.7184,dewpoint,444.6,30.182
2021-02-21,22.25,32.24,13.37,23.84,0.0,1.92,19.98,97.04,15.01,-0.45,IDR,22.72,75.86,subtropical_dry,NASA_POWER_daily_ag,4.943,8.162,0.5911,dewpoint,447.8,30.345
2021-02-22,24.13,33.76,14.56,20.72,0.0,1.18,20.34,96.95,23.26,-0.8,IDR,22.72,75.86,subtropical_dry,NASA_POWER_daily_ag,4.28,8.132,0.5761,dewpoint,457.4,30.508
2021-02-23,26.21,35.12,17.85,17.9,0.0,0.9,20.62,96.75,28.23,-1.14,IDR,22.72,75.86,subtropical_dry,NASA_POWER_daily_ag,4.035,7.989,0.5619,dewpoint,478.7,30.672
2021-02-24,25.81,35.72,16.7,18.47,0.0,1.29,20.91,96.6,32.93,-1.01,IDR,22.72,75.86,subtropical_dry,NASA_POWER_daily_ag,4.644,8.158,0.5673,dewpoint,494.6,30.836
2021-02-25,25.61,35.74,16.79,28.5,0.0,2.34,20.93,96.58,34.61,4.98,IDR,22.72,75.86,subtropical_dry,NASA_POWER_daily_ag,5.849,9.066,0.8711,dewpoint,496.8,31.0
2021-02-26,25.66,35.8,16.95,24.31,0.0,2.78,22.31,96.45,26.09,2.66,IDR,22.72,75.86,subtropical_dry,NASA_POWER_daily_ag,6.566,9.146,0.7397,dewpoint,510.6,31.164
2021-02-27,26.4,36.35,17.37,29.67,0.0,2.61,22.08,96.37,26.84,6.61,IDR,22.72,75.86,subtropical_dry,NASA_POWER_daily_ag,6.318,9.735,0.9753,dewpoint,519.2,31.328
2021-02-28,27.23,36.61,18.73,29.12,0.0,2.61,22.16,96.43,21.59,6.6,IDR,22.72,75.86,subtropical_dry,NASA_POWER_daily_ag,6.507,9.736,0.9747,dewpoint,512.8,31.491
2021-03-01,27.17,36.91,19.27,23.32,0.0,2.6,23.06,96.69,7.19,2.44,IDR,22.72,75.86,subtropical_dry,NASA_POWER_daily_ag,6.747,9.302,0.7282,dewpoint,485.0,31.655
2021-03-02,25.94,37.02,16.57,12.29,0.0,1.87,24.03,96.79,5.02,-6.77,IDR,22.72,75.86,subtropical_dry,NASA_POWER_daily_ag,5.795,8.385,0.3678,dewpoint,474.4,31.818
2021-03-03,25.65,36.74,15.07,12.7,0.0,1.38,23.73,96.68,3.3,-7.15,IDR,22.72,75.86,subtropical_dry,NASA_POWER_daily_ag,5.035,8.458,0.3572,dewpoint,486.1,31.981
2021-03-04,26.08,37.5,17.88,10.2,0.0,1.93,23.86,96.63,9.65,-8.64,IDR,22.72,75.86,subtropical_dry,NASA_POWER_daily_ag,5.9,8.149,0.3181,dewpoint,491.4,32.144
2021-03-05,27.21,36.95,18.48,17.95,0.0,2.36,23.83,96.65,11.31,-0.35,IDR,22.72,75.86,subtropical_dry,NASA_POWER_daily_ag,6.651,9.345,0.5954,dewpoint,489.3,32.306
2021-03-06,28.15,37.58,20.84,15.69,0.0,1.71,23.57,96.65,0.7,-0.9,IDR,22.72,75.86,subtropical_dry,NASA_POWER_daily_ag,5.835,9.089,0.5719,dewpoint,489.3,32.467
2021-03-07,27.76,37.43,19.57,21.95,0.0,1.86,22.92,96.53,2.4,2.88,IDR,22.72,75.86,subtropical_dry,NASA_POWER_daily_ag,5.953,9.637,0.7513,dewpoint,502.1,32.628
2021-03-08,27.29,37.42,17.74,24.44,0.0,1.97,23.44,96.6,2.08,3.31,IDR,22.72,75.86,subtropical_dry,NASA_POWER_daily_ag,6.095,9.998,0.7746,dewpoint,494.6,32.788
2021-03-09,28.11,37.94,19.38,21.62,0.0,1.76,23.04,96.62,2.87,2.95,IDR,22.72,75.86,subtropical_dry,NASA_POWER_daily_ag,5.903,9.768,0.7551,dewpoint,492.5,32.947
2021-03-10,28.52,37.57,20.37,21.22,0.0,2.13,22.39,96.63,4.04,3.32,IDR,22.72,75.86,subtropical_dry,NASA_POWER_daily_ag,6.431,9.663,0.7751,dewpoint,491.4,33.105
2021-03-11,29.47,37.7,20.14,20.49,0.0,1.32,19.0,96.58,24.21,3.73,IDR,22.72,75.86,subtropical_dry,NASA_POWER_daily_ag,5.104,8.767,0.7979,dewpoint,496.8,33.263
2021-03-12,28.84,37.13,21.23,23.96,1.15,1.56,18.31,96.72,48.53,5.53,IDR,22.72,75.86,subtropical_dry,NASA_POWER_daily_ag,5.305,8.793,0.9051,dewpoint,481.8,33.419
2021-03-13,28.52,36.39,20.54,27.06,0.28,1.56,22.52,96.81,1.83,6.26,IDR,22.72,75.86,subtropical_dry,NASA_POWER_daily_ag,5.663,10.359,0.9521,dewpoint,472.3,33.574
2021-03-14,28.77,37.37,19.01,24.76,0.0,1.16,20.27,96.58,15.19,5.39,IDR,22.72,75.86,subtropical_dry,NASA_POWER_daily_ag,4.935,9.555,0.8963,dewpoint,496.8,33.728
2021-03-15,29.16,37.29,21.31,24.5,0.0,1.56,18.37,96.47,35.91,6.31,IDR,22.72,75.86,subtropical_dry,NASA_POWER_daily_ag,5.365,9.014,0.9554,dewpoint,508.5,33.881
2021-03-16,29.57,37.06,22.56,21.65,0.0,1.29,18.68,96.47,37.12,5.05,IDR,22.72,75.86,subtropical_dry,NASA_POWER_daily_ag,5.069,8.97,0.8754,dewpoint,508.5,34.032
2021-03-17,29.9,38.06,21.47,22.02,0.0,1.56,18.46,96.38,47.39,5.2,IDR,22.72,75.86,subtropical_dry,NASA_POWER_daily_ag,5.511,8.954,0.8846,dewpoint,518.1,34.183
2021-03-18,29.81,37.25,22.71,22.54,0.26,1.43,15.93,96.38,54.08,5.49,IDR,22.72,75.86,subtropical_dry,NASA_POWER_daily_ag,5.064,8.191,0.9026,dewpoint,518.1,34.331
2021-03-19,28.97,36.19,22.46,25.54,1.13,1.17,18.03,96.43,52.96,6.72,IDR,22.72,75.86,subtropical_dry,NASA_POWER_daily_ag,4.775,9.09,0.9828,dewpoint,512.8,34.479
2021-03-20,29.49,36.94,22.81,25.7,0.71,0.71,19.21,96.32,29.35,6.64,IDR,22.72,75.86,subtropical_dry,NASA_POWER_daily_ag,4.24,9.483,0.9774,dewpoint,524.5,34.624
2021-03-21,28.94,37.75,20.82,28.67,1.08,1.73,22.5,96.25,11.83,7.38,IDR,22.72,75.86,subtropical_dry,NASA_POWER_daily_ag,6.003,10.807,1.0283,dewpoint,532.0,34.769
2021-03-22,29.09,37.83,21.07,25.63,0.0,1.63,22.05,96.46,21.5,6.3,IDR,22.72,75.86,subtropical_dry,NASA_POWER_daily_ag,5.879,10.502,0.9547,dewpoint,509.6,34.911
2021-03-23,29.94,37.6,23.63,29.57,0.03,2.18,20.04,96.58,23.08,9.07,IDR,22.72,75.86,subtropical_dry,NASA_POWER_daily_ag,6.441,10.144,1.1535,dewpoint,496.8,35.052
2021-03-24,28.85,37.55,20.49,30.14,0.41,2.1,22.9,96.64,14.17,7.47,IDR,22.72,75.86,subtropical_dry,NASA_POWER_daily_ag,6.535,11.089,1.0347,dewpoint,490.4,35.191
2021-03-25,28.23,37.2,20.21,17.83,0.0,2.31,25.35,96.6,11.22,0.44,IDR,22.72,75.86,subtropical_dry,NASA_POWER_daily_ag,7.131,10.864,0.6306,dewpoint,494.6,35.328
2021-03-26,28.7,37.81,18.6,13.01,0.0,1.5,26.23,96.56,5.69,-3.6,IDR,22.72,75.86,subtropical_dry,NASA_POWER_daily_ag,6.107,10.62,0.4681,dewpoint,498.9,35.464
2021-03-27,30.16,39.39,21.17,15.34,0.0,1.14,26.34,96.39,2.45,0.07,IDR,22.72,75.86,subtropical_dry,NASA_POWER_daily_ag,5.676,11.005,0.6139,dewpoint,517.0,35.598
2021-03-28,30.93,41.35,20.64,15.25,0.0,1.69,25.9,96.22,3.19,-0.02,IDR,22.72,75.86,subtropical_dry,NASA_POWER_daily_ag,6.643,10.816,0.6099,dewpoint,535.2,35.729
2021-03-29,31.42,41.96,21.34,14.68,0.0,2.78,25.36,96.16,0.82,-0.1,IDR,22.72,75.86,subtropical_dry,NASA_POWER_daily_ag,8.381,10.621,0.6064,dewpoint,541.6,35.859
2021-03-30,30.71,40.65,21.62,19.02,0.0,4.51,26.16,96.05,2.13,1.83,IDR,22.72,75.86,subtropical_dry,NASA_POWER_daily_ag,10.479,11.28,0.6971,dewpoint,553.4,35.987
2021-03-31,30.17,39.61,20.7,23.64,0.0,4.3,25.58,95.95,1.32,5.93,IDR,22.72,75.86,subtropical_dry,NASA_POWER_daily_ag,9.758,11.945,0.9306,dewpoint,564.1,36.113
2021-04-01,29.48,40.15,20.09,25.8,0.0,2.92,26.9,95.91,9.92,1.65,IDR,22.72,75.86,subtropical_dry,NASA_POWER_daily_ag,8.321,11.682,0.6882,dewpoint,568.4,36.237
2021-04-02,28.76,39.57,17.83,20.5,0.0,2.24,26.41,96.03,4.45,-0.29,IDR,22.72,75.86,subtropical_dry,NASA_POWER_daily_ag,7.314,11.415,0.598,dewpoint,555.5,36.359
2021-04-03,29.44,39.69,19.25,18.75,0.0,2.25,26.02,96.14,4.77,0.86,IDR,22.72,75.86,subtropical_dry,NASA_POWER_daily_ag,7.393,11.425,0.6501,dewpoint,543.8,36.479
2021-04-04,30.41,40.04,20.4,16.48,0.0,1.91,25.72,96.33,2.87,0.73,IDR,22.72,75.86,subtropical_dry,NASA_POWER_daily_ag,7.017,11.264,0.644,dewpoint,523.5,36.596
2021-04-05,31.01,41.15,20.14,17.5,0.0,1.29,25.97,96.37,1.08,1.26,IDR,22.72,75.86,subtropical_dry,NASA_POWER_daily_ag,6.111,11.404,0.6691,dewpoint,519.2,36.712
2021-04-06,32.08,41.74,22.28,21.15,0.0,2.63,25.7,96.3,2.95,5.64,IDR,22.72,75.86,subtropical_dry,NASA_POWER_daily_ag,8.272,11.944,0.9121,dewpoint,526.7,36.825
2021-04-07,32.41,41.56,22.91,18.45,0.0,3.25,26.48,96.37,1.64,3.52,IDR,22.72,75.86,subtropical_dry,NASA_POWER_daily_ag,9.361,11.846,0.7862,dewpoint,519.2,36.937
2021-04-08,32.43,41.39,23.05,16.9,0.0,3.24,24.8,96.18,16.27,3.22,IDR,22.72,75.86,subtropical_dry,NASA_POWER_daily_ag,9.22,11.295,0.7697,dewpoint,539.5,37.046
2021-04-09,31.49,40.26,22.66,18.77,0.0,2.14,25.83,96.19,3.84,3.49,IDR,22.72,75.86,subtropical_dry,NASA_POWER_daily_ag,7.549,11.79,0.7845,dewpoint,538.4,37.153
2021-04-10,31.67,40.71,22.18,14.96,0.0,1.82,24.03,96.32,22.09,1.01,IDR,22.72,75.86,subtropical_dry,NASA_POWER_daily_ag,6.934,10.861,0.6572,dewpoint,524.5,37.257
2021-04-11,32.59,41.18,23.87,18.11,0.04,1.49,24.73,96.46,22.35,3.89,IDR,22.72,75.86,subtropical_dry,NASA_POWER_daily_ag,6.556,11.434,0.807,dewpoint,509.6,37.36
2021-04-12,32.74,40.72,23.86,16.31,0.05,0.93,23.89,96.56,26.0,2.84,IDR,22.72,75.86,subtropical_dry,NASA_POWER_daily_ag,5.496,11.05,0.7492,dewpoint,498.9,37.46
2021-04-13,32.95,41.38,23.44,13.58,0.0,1.26,20.53,96.46,62.9,0.61,IDR,22.72,75.86,subtropical_dry,NASA_POWER_daily_ag,5.783,9.723,0.6385,dewpoint,509.6,37.558
2021-04-14,29.46,36.71,24.27,22.56,0.0,3.0,12.04,96.49,74.99,5.33,IDR,22.72,75.86,subtropical_dry,NASA_POWER_daily_ag,6.98,7.379,0.8926,dewpoint,506.4,37.654
2021-04-15,31.01,39.32,23.4,22.88,0.0,1.91,23.67,96.37,16.79,6.24,IDR,22.72,75.86,subtropical_dry,NASA_POWER_daily_ag,6.916,11.65,0.9508,dewpoint,519.2,37.748
2021-04-16,31.92,39.92,24.01,21.23,0.0,3.2,25.76,96.3,8.87,6.15,IDR,22.72,75.86,subtropical_dry,NASA_POWER_daily_ag,9.074,12.366,0.9449,dewpoint,526.7,37.839
2021-04-17,31.67,39.68,23.63,26.79,0.0,3.49,25.58,96.4,10.82,9.11,IDR,22.72,75.86,subtropical_dry,NASA_POWER_daily_ag,9.167,12.873,1.1566,dewpoint,516.0,37.928
2021-04-18,32.55,40.51,23.8,23.42,0.0,2.19,25.42,96.44,16.81,7.67,IDR,22.72,75.86,subtropical_dry,NASA_POWER_daily_ag,7.749,12.527,1.0489,dewpoint,511.7,38.016
2021-04-19,32.59,40.46,24.53,20.24,0.0,2.44,22.7,96.21,35.18,6.02,IDR,22.72,75.86,subtropical_dry,NASA_POWER_daily_ag,7.877,11.263,0.9364,dewpoint,536.3,38.1
2021-04-20,31.88,39.52,24.4,25.38,0.0,3.84,25.65,96.12,29.71,8.48,IDR,22.72,75.86,subtropical_dry,NASA_POWER_daily_ag,9.693,12.835,1.1083,dewpoint,545.9,38.183
2021-04-21,31.13,37.65,25.86,26.36,0.0,3.75,21.99,96.31,68.51,8.83,IDR,22.72,75.86,subtropical_dry,NASA_POWER_daily_ag,8.975,11.499,1.1349,dewpoint,525.6,38.264
2021-04-22,31.12,38.99,23.24,20.82,0.0,1.97,24.96,96.39,57.25,4.12,IDR,22.72,75.86,subtropical_dry,NASA_POWER_daily_ag,7.247,11.969,0.8202,dewpoint,517.0,38.342
2021-04-23,31.13,39.06,22.34,23.05,0.0,2.67,24.65,96.32,67.0,6.55,IDR,22.72,75.86,subtropical_dry,NASA_POWER_daily_ag,8.139,12.288,0.9713,dewpoint,524.5,38.418
2021-04-24,31.39,38.12,22.78,29.85,0.0,2.76,24.01,96.35,59.21,10.82,IDR,22.72,75.86,subtropical_dry,NASA_POWER_daily_ag,8.006,12.769,1.2971,dewpoint,521.3,38.492
2021-04-25,32.85,40.44,26.68,20.39,0.0,1.73,24.72,96.33,70.19,4.6,IDR,22.72,75.86,subtropical_dry,NASA_POWER_daily_ag,7.066,11.796,0.8483,dewpoint,523.5,38.564
2021-04-26,33.06,41.15,24.06,12.37,0.0,1.6,26.81,96.26,12.47,-0.5,IDR,22.72,75.86,subtropical_dry,NASA_POWER_daily_ag,7.089,11.815,0.5889,dewpoint,530.9,38.634
2021-04-27,33.76,42.26,24.57,21.33,0.0,2.28,24.99,96.24,31.33,7.11,IDR,22.72,75.86,subtropical_dry,NASA_POWER_daily_ag,8.092,12.336,1.0095,dewpoint,533.1,38.702
2021-04-28,34.11,42.59,25.51,22.32,0.0,2.88,23.29,96.31,41.03,7.82,IDR,22.72,75.86,subtropical_dry,NASA_POWER_daily_ag,8.836,11.776,1.0597,dewpoint,525.6,38.768
2021-04-29,34.49,42.85,25.85,21.54,0.01,3.2,24.03,96.22,45.63,7.82,IDR,22.72,75.86,subtropical_dry,NASA_POWER_daily_ag,9.457,12.048,1.0597,dewpoint,535.2,38.831
2021-04-30,34.47,42.32,26.16,22.29,0.0,3.27,24.06,96.15,46.06,8.78,IDR,22.72,75.86,subtropical_dry,NASA_POWER_daily_ag,9.505,12.245,1.1311,dewpoint,542.7,38.893
2021-05-01,31.92,36.81,26.77,27.64,0.02,3.36,13.53,96.25,84.46,10.72,IDR,22.72,75.86,subtropical_dry,NASA_POWER_daily_ag,7.66,8.369,1.2885,dewpoint,532.0,38.953
2021-05-02,33.33,40.47,26.52,26.41,0.08,2.8,19.42,96.26,56.32,10.63,IDR,22.72,75.86,subtropical_dry,NASA_POWER_daily_ag,7.968,10.74,1.2808,dewpoint,530.9,39.011
2021-05-03,33.38,40.87,24.94,19.83,0.05,2.02,21.44,96.16,42.54,6.32,IDR,22.72,75.86,subtropical_dry,NASA_POWER_daily_ag,7.289,11.035,0.956,dewpoint,541.6,39.066
2021-05-04,33.33,40.82,25.34,23.38,0.0,2.98,23.53,96.12,23.49,8.83,IDR,22.72,75.86,subtropical_dry,NASA_POWER_daily_ag,8.808,12.193,1.1349,dewpoint,545.9,39.12
2021-05-05,33.5,41.2,25.13,22.62,0.0,3.54,26.16,96.12,16.42,8.24,IDR,22.72,75.86,subtropical_dry,NASA_POWER_daily_ag,9.911,13.13,1.0904,dewpoint,545.9,39.172
2021-05-06,33.51,39.72,26.05,26.07,0.0,3.06,22.36,96.16,33.87,10.89,IDR,22.72,75.86,subtropical_dry,NASA_POWER_daily_ag,8.697,12.075,1.3031,dewpoint,541.6,39.223
2021-05-07,34.24,41.06,27.74,24.9,0.0,2.91,24.98,96.24,22.01,10.75,IDR,22.72,75.86,subtropical_dry,NASA_POWER_daily_ag,8.971,13.035,1.2911,dewpoint,533.1,39.271
2021-05-08,34.86,42.5,26.25,24.84,0.0,2.6,24.17,96.11,23.71,10.87,IDR,22.72,75.86,subtropical_dry,NASA_POWER_daily_ag,8.58,12.73,1.3014,dewpoint,547.0,39.318
2021-05-09,35.01,41.43,27.52,26.8,0.0,2.51,21.41,95.96,30.55,12.26,IDR,22.72,75.86,subtropical_dry,NASA_POWER_daily_ag,8.069,11.809,1.4268,dewpoint,563.0,39.363
2021-05-10,34.66,42.35,26.69,29.46,0.0,3.86,25.31,95.97,15.79,13.08,IDR,22.72,75.86,subtropical_dry,NASA_POWER_daily_ag,10.13,13.634,1.5056,dewpoint,562.0,39.406
2021-05-11,33.43,40.93,25.42,28.69,0.0,4.41,27.42,95.99,11.36,11.3,IDR,22.72,75.86,subtropical_dry,NASA_POWER_daily_ag,10.8,14.303,1.3391,dewpoint,559.8,39.447
2021-05-12,32.93,40.42,25.23,31.75,0.0,4.07,27.08,95.85,18.94,12.19,IDR,22.72,75.86,subtropical_dry,NASA_POWER_daily_ag,10.136,14.384,1.4202,dewpoint,574.8,39.487
2021-05-13,33.04,40.92,24.71,34.69,0.0,4.32,27.64,95.8,13.01,13.55,IDR,22.72,75.86,subtropical_dry,NASA_POWER_daily_ag,10.331,14.927,1.5525,dewpoint,580.2,39.525
2021-05-14,33.41,40.98,25.41,28.76,0.0,3.09,27.03,95.74,12.31,11.62,IDR,22.72,75.86,subtropical_dry,NASA_POWER_daily_ag,9.215,14.234,1.3678,dewpoint,586.6,39.562
2021-05-15,35.06,41.64,27.64,26.11,0.29,2.51,20.2,95.69,86.33,11.99,IDR,22.72,75.86,subtropical_dry,NASA_POWER_daily_ag,7.948,11.293,1.4016,dewpoint,592.0,39.597
2021-05-16,34.34,40.44,29.75,39.33,0.65,5.33,21.78,95.78,88.38,18.1,IDR,22.72,75.86,subtropical_dry,NASA_POWER_daily_ag,10.234,12.944,2.077,dewpoint,582.4,39.63
2021-05-17,32.66,37.49,27.86,49.9,5.77,5.84,17.53,95.79,98.98,20.47,IDR,22.72,75.86,subtropical_dry,NASA_POWER_daily_ag,8.635,11.212,2.4072,dewpoint,581.3,39.662
2021-05-18,33.15,39.21,28.49,45.82,1.96,5.68,11.91,95.71,98.75,19.09,IDR,22.72,75.86,subtropical_dry,NASA_POWER_daily_ag,8.464,8.125,2.2098,dewpoint,589.9,39.693
2021-05-19,29.73,34.97,26.19,60.46,0.29,7.25,20.07,95.67,59.12,20.88,IDR,22.72,75.86,subtropical_dry,NASA_POWER_daily_ag,7.794,12.719,2.4687,dewpoint,594.2,39.722
2021-05-20,31.14,38.37,24.53,47.4,0.0,4.01,26.78,95.9,28.24,16.91,IDR,22.72,75.86,subtropical_dry,NASA_POWER_daily_ag,8.789,15.411,1.9267,dewpoint,569.5,39.75
2021-05-21,32.53,39.98,24.44,40.53,0.06,3.25,27.04,96.01,21.48,15.99,IDR,22.72,75.86,subtropical_dry,NASA_POWER_daily_ag,8.784,15.28,1.8171,dewpoint,557.7,39.776
2021-05-22,32.48,39.64,25.15,41.07,0.06,3.92,21.38,95.99,49.85,15.83,IDR,22.72,75.86,subtropical_dry,NASA_POWER_daily_ag,8.683,12.528,1.7986,dewpoint,559.8,39.801
2021-05-23,31.32,38.66,24.14,42.86,0.03,4.15,22.29,96.1,29.04,15.88,IDR,22.72,75.86,subtropical_dry,NASA_POWER_daily_ag,8.587,13.028,1.8044,dewpoint,548.1,39.825
2021-05-24,32.48,40.26,24.05,37.78,0.0,3.94,23.6,96.09,35.01,14.08,IDR,22.72,75.86,subtropical_dry,NASA_POWER_daily_ag,9.243,13.3,1.6069,dewpoint,549.1,39.847
2021-05-25,33.74,42.01,25.4,35.24,0.0,4.78,23.32,95.84,80.88,14.34,IDR,22.72,75.86,subtropical_dry,NASA_POWER_daily_ag,10.422,13.126,1.6342,dewpoint,575.9,39.868
2021-05-26,33.65,41.28,25.93,39.59,0.0,6.36,25.62,95.68,72.14,16.54,IDR,22.72,75.86,subtropical_dry,NASA_POWER_daily_ag,11.577,14.646,1.882,dewpoint,593.1,39.888
2021-05-27,33.1,41.37,25.55,49.8,1.18,5.98,23.07,95.72,63.15,19.67,IDR,22.72,75.86,subtropical_dry,NASA_POWER_daily_ag,9.898,14.005,2.2909,dewpoint,588.8,39.907
2021-05-28,33.91,41.68,25.81,49.36,1.73,5.15,23.58,95.78,47.46,20.1,IDR,22.72,75.86,subtropical_dry,NASA_POWER_daily_ag,9.687,14.345,2.3528,dewpoint,582.4,39.924
2021-05-29,32.43,39.37,26.48,55.39,8.75,4.0,21.18,95.96,59.22,21.41,IDR,22.72,75.86,subtropical_dry,NASA_POWER_daily_ag,7.623,13.343,2.5503,dewpoint,563.0,39.941
2021-05-30,32.57,40.22,25.97,52.86,2.5,4.4,24.15,95.96,47.1,20.36,IDR,22.72,75.86,subtropical_dry,NASA_POWER_daily_ag,8.597,14.737,2.3909,dewpoint,563.0,39.956
2021-05-31,32.61,40.59,25.45,49.25,0.49,4.18,26.49,95.78,26.32,19.07,IDR,22.72,75.86,subtropical_dry,NASA_POWER_daily_ag,9.048,15.689,2.207,dewpoint,582.4,39.971
2021-06-01,32.88,40.67,24.66,48.26,0.48,3.8,26.16,95.83,17.2,18.83,IDR,22.72,75.86,subtropical_dry,NASA_POWER_daily_ag,8.869,15.485,2.1742,dewpoint,577.0,39.984
2021-06-02,33.46,40.78,25.41,46.55,3.68,2.9,25.53,95.96,30.38,19.14,IDR,22.72,75.86,subtropical_dry,NASA_POWER_daily_ag,8.164,15.204,2.2167,dewpoint,563.0,39.996
2021-06-03,32.71,39.49,25.95,49.35,1.29,2.98,24.78,96.05,56.88,19.72,IDR,22.72,75.86,subtropical_dry,NASA_POWER_daily_ag,7.827,14.963,2.2981,dewpoint,553.4,40.007
2021-06-04,32.02,37.51,26.5,50.59,1.19,2.51,20.64,96.13,73.49,19.79,IDR,22.72,75.86,subtropical_dry,NASA_POWER_daily_ag,6.63,12.828,2.3081,dewpoint,544.8,40.018
2021-06-05,29.57,33.3,26.36,60.94,3.38,2.53,16.65,96.1,92.06,20.94,IDR,22.72,75.86,subtropical_dry,NASA_POWER_daily_ag,5.205,10.901,2.4779,dewpoint,548.1,40.027
2021-06-06,29.32,34.42,24.73,62.14,0.58,2.72,16.69,96.1,85.01,20.76,IDR,22.72,75.86,subtropical_dry,NASA_POWER_daily_ag,5.277,10.91,2.4506,dewpoint,548.1,40.035
2021-06-07,30.28,35.6,24.8,61.5,5.46,3.76,21.78,96.0,49.62,21.5,IDR,22.72,75.86,subtropical_dry,NASA_POWER_daily_ag,6.718,13.809,2.5644,dewpoint,558.8,40.043
2021-06-08,30.8,37.04,24.65,62.19,2.01,4.42,23.14,95.85,46.47,21.95,IDR,22.72,75.86,subtropical_dry,NASA_POWER_daily_ag,7.313,14.627,2.6359,dewpoint,574.8,40.049
2021-06-09,31.3,37.61,25.58,61.22,1.54,4.48,20.84,95.69,77.0,22.11,IDR,22.72,75.86,subtropical_dry,NASA_POWER_daily_ag,7.192,13.341,2.6617,dewpoint,592.0,40.055
2021-06-10,32.1,39.13,26.06,57.58,0.31,5.86,21.77,95.56,59.53,21.58,IDR,22.72,75.86,subtropical_dry,NASA_POWER_daily_ag,8.55,13.729,2.577,dewpoint,606.0,40.06
2021-06-11,31.57,37.99,26.22,58.39,0.58,6.26,22.55,95.54,59.24,21.43,IDR,22.72,75.86,subtropical_dry,NASA_POWER_daily_ag,8.6,14.153,2.5535,dewpoint,608.1,40.064
2021-06-12,31.54,36.96,26.4,59.92,1.03,5.36,22.55,95.57,70.06,22.11,IDR,22.72,75.86,subtropical_dry,NASA_POWER_daily_ag,7.956,14.301,2.6617,dewpoint,604.9,40.067
2021-06-13,31.16,36.24,26.55,61.88,1.01,5.81,23.45,95.52,71.67,22.42,IDR,22.72,75.86,subtropical_dry,NASA_POWER_daily_ag,7.955,14.883,2.7124,dewpoint,610.3,40.069
2021-06-14,32.4,38.86,26.34,55.1,0.97,5.45,22.6,95.38,67.99,21.13,IDR,22.72,75.86,subtropical_dry,NASA_POWER_daily_ag,8.742,14.105,2.5069,dewpoint,625.4,40.071
2021-06-15,31.33,36.78,26.38,59.07,3.23,5.6,22.19,95.28,71.3,21.71,IDR,22.72,75.86,subtropical_dry,NASA_POWER_daily_ag,8.033,14.034,2.5976,dewpoint,636.1,40.071
2021-06-16,31.41,37.72,25.78,58.89,5.76,4.43,22.76,95.41,58.07,21.57,IDR,22.72,75.86,subtropical_dry,NASA_POWER_daily_ag,7.632,14.313,2.5754,dewpoint,622.1,40.071
2021-06-17,29.17,33.5,25.53,67.19,6.42,3.43,19.99,95.59,78.04,22.0,IDR,22.72,75.86,subtropical_dry,NASA_POWER_daily_ag,5.768,12.922,2.6439,dewpoint,602.8,40.071
2021-06-18,28.76,34.17,24.75,69.51,4.44,3.84,19.63,95.63,89.73,22.0,IDR,22.72,75.86,subtropical_dry,NASA_POWER_daily_ag,5.697,12.718,2.6439,dewpoint,598.5,40.069
2021-06-19,27.38,31.55,24.49,70.95,3.03,5.43,19.86,95.76,69.34,21.22,IDR,22.72,75.86,subtropical_dry,NASA_POWER_daily_ag,5.773,12.78,2.5208,dewpoint,584.5,40.067
2021-06-20,28.11,33.74,23.77,68.71,2.8,5.45,14.48,95.89,51.76,21.16,IDR,22.72,75.86,subtropical_dry,NASA_POWER_daily_ag,5.513,9.748,2.5116,dewpoint,570.6,40.064
2021-06-21,28.81,34.93,23.63,66.39,0.92,4.65,13.38,95.97,53.6,21.12,IDR,22.72,75.86,subtropical_dry,NASA_POWER_daily_ag,5.438,9.123,2.5054,dewpoint,562.0,40.06
2021-06-22,28.09,32.91,24.53,75.0,21.56,4.34,13.82,95.92,79.63,22.93,IDR,22.72,75.86,subtropical_dry,NASA_POWER_daily_ag,4.452,9.512,2.7976,dewpoint,567.3,40.055
2021-06-23,26.4,30.05,24.13,83.07,21.4,4.52,12.01,95.92,97.65,23.16,IDR,22.72,75.86,subtropical_dry,NASA_POWER_daily_ag,3.365,8.493,2.8367,dewpoint,567.3,40.05
2021-06-24,25.95,28.59,23.9,82.62,6.92,4.46,10.46,95.93,96.03,22.64,IDR,22.72,75.86,subtropical_dry,NASA_POWER_daily_ag,3.146,7.573,2.7488,dewpoint,566.3,40.044
2021-06-25,27.06,31.65,23.63,75.96,2.16,4.16,16.24,95.86,91.36,22.1,IDR,22.72,75.86,subtropical_dry,NASA_POWER_daily_ag,4.56,10.849,2.6601,dewpoint,573.8,40.037
2021-06-26,28.42,33.8,24.03,72.33,2.79,3.7,17.15,95.85,89.41,22.46,IDR,22.72,75.86,subtropical_dry,NASA_POWER_daily_ag,5.035,11.378,2.719,dewpoint,574.8,40.029
2021-06-27,29.13,34.93,24.34,70.96,2.19,3.1,12.83,96.0,94.62,22.77,IDR,22.72,75.86,subtropical_dry,NASA_POWER_daily_ag,4.376,8.914,2.7706,dewpoint,558.8,40.021
2021-06-28,26.93,30.4,24.25,82.05,9.43,3.12,18.62,96.02,87.84,23.48,IDR,22.72,75.86,subtropical_dry,NASA_POWER_daily_ag,4.259,12.4,2.892,dewpoint,556.6,40.012
2021-06-29,29.26,35.2,24.49,72.96,4.15,3.22,24.16,95.93,54.11,23.34,IDR,22.72,75.86,subtropical_dry,NASA_POWER_daily_ag,6.028,15.531,2.8677,dewpoint,566.3,40.002
2021-06-30,28.59,33.63,24.68,75.28,0.8,4.56,19.79,95.89,73.85,23.44,IDR,22.72,75.86,subtropical_dry,NASA_POWER_daily_ag,5.383,13.028,2.8851,dewpoint,570.6,39.991
2021-07-01,28.88,34.03,24.84,70.79,0.03,4.99,17.78,95.68,98.95,22.48,IDR,22.72,75.86,subtropical_dry,NASA_POWER_daily_ag,5.7,11.725,2.7223,dewpoint,593.1,39.98
2021-07-02,29.03,34.85,24.55,68.38,0.0,5.29,19.39,95.74,56.65,21.97,IDR,22.72,75.86,subtropical_dry,NASA_POWER_daily_ag,6.259,12.559,2.6391,dewpoint,586.6,39.967
2021-07-03,28.99,35.34,23.91,67.18,0.0,4.41,20.92,95.91,48.69,21.54,IDR,22.72,75.86,subtropical_dry,NASA_POWER_daily_ag,6.298,13.349,2.5707,dewpoint,568.4,39.954
2021-07-04,28.9,35.22,23.34,67.01,0.5,3.63,18.75,96.01,55.38,21.53,IDR,22.72,75.86,subtropical_dry,NASA_POWER_daily_ag,5.678,12.143,2.5691,dewpoint,557.7,39.94
2021-07-05,29.08,34.79,23.98,68.3,4.46,3.56,17.24,95.99,67.74,22.11,IDR,22.72,75.86,subtropical_dry,NASA_POWER_daily_ag,5.355,11.365,2.6617,dewpoint,559.8,39.926
2021-07-06,29.3,35.1,24.18,67.46,0.22,3.32,20.64,95.86,44.11,22.13,IDR,22.72,75.86,subtropical_dry,NASA_POWER_daily_ag,5.833,13.284,2.665,dewpoint,573.8,39.91
2021-07-07,30.2,36.75,24.1,63.07,0.01,3.86,24.18,95.82,39.22,21.59,IDR,22.72,75.86,subtropical_dry,NASA_POWER_daily_ag,7.042,15.134,2.5786,dewpoint,578.1,39.894
2021-07-08,29.01,34.01,24.54,65.3,0.01,4.03,21.03,95.82,82.97,21.33,IDR,22.72,75.86,subtropical_dry,NASA_POWER_daily_ag,6.245,13.383,2.5379,dewpoint,578.1,39.876
2021-07-09,29.14,35.07,24.21,66.56,0.1,2.92,14.08,95.67,97.94,21.68,IDR,22.72,75.86,subtropical_dry,NASA_POWER_daily_ag,4.743,9.536,2.5928,dewpoint,594.2,39.858
2021-07-10,29.72,35.84,24.55,67.97,3.88,2.09,15.08,95.54,95.33,22.57,IDR,22.72,75.86,subtropical_dry,NASA_POWER_daily_ag,4.483,10.167,2.7372,dewpoint,608.1,39.839
2021-07-11,28.34,31.73,25.2,79.36,10.69,1.79,10.24,95.51,98.51,24.25,IDR,22.72,75.86,subtropical_dry,NASA_POWER_daily_ag,2.954,7.472,3.029,dewpoint,611.4,39.819
2021-07-12,30.24,35.74,26.14,71.17,5.0,3.65,21.97,95.46,75.21,23.87,IDR,22.72,75.86,subtropical_dry,NASA_POWER_daily_ag,6.073,14.305,2.9607,dewpoint,616.7,39.798
2021-07-13,29.72,35.14,24.75,72.09,3.49,1.71,21.41,95.51,71.93,23.63,IDR,22.72,75.86,subtropical_dry,NASA_POWER_daily_ag,5.209,13.963,2.9183,dewpoint,611.4,39.776
2021-07-14,30.27,35.88,25.61,70.59,6.23,1.81,13.06,95.53,93.36,23.66,IDR,22.72,75.86,subtropical_dry,NASA_POWER_daily_ag,3.97,9.079,2.9236,dewpoint,609.2,39.753
2021-07-15,29.89,34.81,25.82,72.43,8.39,2.63,19.08,95.5,66.99,23.95,IDR,22.72,75.86,subtropical_dry,NASA_POWER_daily_ag,5.145,12.638,2.975,dewpoint,612.4,39.729
2021-07-16,29.9,35.8,25.18,73.44,2.1,2.9,20.39,95.74,53.98,24.13,IDR,22.72,75.86,subtropical_dry,NASA_POWER_daily_ag,5.402,13.426,3.0073,dewpoint,586.6,39.704
2021-07-17,29.38,33.68,25.31,74.6,0.21,2.44,21.22,95.87,85.64,24.04,IDR,22.72,75.86,subtropical_dry,NASA_POWER_daily_ag,5.252,13.928,2.9911,dewpoint,572.7,39.677
2021-07-18,27.77,30.51,25.53,82.8,5.15,2.52,15.61,95.69,93.31,24.45,IDR,22.72,75.86,subtropical_dry,NASA_POWER_daily_ag,3.775,10.688,3.0655,dewpoint,592.0,39.65
2021-07-19,27.9,31.75,25.07,81.06,17.11,3.29,17.18,95.56,95.33,24.1,IDR,22.72,75.86,subtropical_dry,NASA_POWER_daily_ag,4.262,11.575,3.0019,dewpoint,606.0,39.622
2021-07-20,26.06,28.66,24.23,85.52,21.59,4.58,13.23,95.73,99.59,23.35,IDR,22.72,75.86,subtropical_dry,NASA_POWER_daily_ag,3.288,9.203,2.8695,dewpoint,587.7,39.592
2021-07-21,27.16,31.73,23.38,80.19,4.58,4.83,10.51,95.56,99.67,23.16,IDR,22.72,75.86,subtropical_dry,NASA_POWER_daily_ag,3.576,7.588,2.8367,dewpoint,606.0,39.561
2021-07-22,27.66,32.49,24.0,79.86,8.0,3.83,13.12,95.33,99.36,23.57,IDR,22.72,75.86,subtropical_dry,NASA_POWER_daily_ag,3.825,9.128,2.9078,dewpoint,630.7,39.529
2021-07-23,26.32,28.9,24.63,87.1,29.9,3.71,4.88,95.37,99.11,23.94,IDR,22.72,75.86,subtropical_dry,NASA_POWER_daily_ag,1.946,4.271,2.9732,dewpoint,626.4,39.496
2021-07-24,25.6,27.65,24.25,91.6,37.96,3.22,8.32,95.49,99.35,24.12,IDR,22.72,75.86,subtropical_dry,NASA_POWER_daily_ag,2.053,6.317,3.0055,dewpoint,613.5,39.462
2021-07-25,25.54,28.54,23.98,90.78,38.23,4.6,5.09,95.47,98.79,23.89,IDR,22.72,75.86,subtropical_dry,NASA_POWER_daily_ag,1.732,4.393,2.9643,dewpoint,615.7,39.426
2021-07-26,25.28,27.73,23.23,87.45,7.81,5.37,9.59,95.47,98.72,22.99,IDR,22.72,75.86,subtropical_dry,NASA_POWER_daily_ag,2.631,7.051,2.8077,dewpoint,615.7,39.389
2021-07-27,25.24,27.93,23.11,86.29,5.29,4.73,7.4,95.52,99.6,22.68,IDR,22.72,75.86,subtropical_dry,NASA_POWER_daily_ag,2.424,5.769,2.7555,dewpoint,610.3,39.351
2021-07-28,25.87,30.31,22.86,81.24,4.67,5.6,8.09,95.61,99.28,22.17,IDR,22.72,75.86,subtropical_dry,NASA_POWER_daily_ag,3.164,6.165,2.6715,dewpoint,600.6,39.311
2021-07-29,25.75,29.91,22.95,83.5,4.15,5.16,6.83,95.68,99.74,22.57,IDR,22.72,75.86,subtropical_dry,NASA_POWER_daily_ag,2.703,5.438,2.7372,dewpoint,593.1,39.269
2021-07-30,25.64,29.75,22.56,83.98,2.73,5.12,8.06,95.69,99.6,22.56,IDR,22.72,75.86,subtropical_dry,NASA_POWER_daily_ag,2.799,6.146,2.7355,dewpoint,592.0,39.227
2021-07-31,26.07,30.46,22.72,81.83,2.03,6.21,7.97,95.72,99.63,22.49,IDR,22.72,75.86,subtropical_dry,NASA_POWER_daily_ag,3.197,6.092,2.7239,dewpoint,588.8,39.183
2021-08-01,24.98,27.43,22.45,85.98,9.9,6.24,10.16,95.63,99.17,22.41,IDR,22.72,75.86,subtropical_dry,NASA_POWER_daily_ag,2.866,7.357,2.7107,dewpoint,598.5,39.137
2021-08-02,25.66,29.66,22.83,84.87,6.75,5.44,7.6,95.72,99.49,22.79,IDR,22.72,75.86,subtropical_dry,NASA_POWER_daily_ag,2.685,5.875,2.774,dewpoint,588.8,39.09
2021-08-03,25.54,29.05,22.62,84.42,2.54,5.28,9.5,95.85,99.58,22.58,IDR,22.72,75.86,subtropical_dry,NASA_POWER_daily_ag,2.933,6.969,2.7389,dewpoint,574.8,39.041
2021-08-04,26.16,29.61,23.31,84.67,6.4,4.78,10.84,95.83,99.02,23.24,IDR,22.72,75.86,subtropical_dry,NASA_POWER_daily_ag,3.079,7.761,2.8505,dewpoint,577.0,38.991
2021-08-05,25.35,28.24,23.35,85.4,4.07,4.1,9.33,95.75,99.18,22.62,IDR,22.72,75.86,subtropical_dry,NASA_POWER_daily_ag,2.68,6.868,2.7455,dewpoint,585.6,38.939
2021-08-06,25.24,28.12,23.06,87.3,8.03,3.65,10.82,95.72,94.19,22.88,IDR,22.72,75.86,subtropical_dry,NASA_POWER_daily_ag,2.699,7.738,2.7891,dewpoint,588.8,38.885
2021-08-07,26.26,30.27,23.27,86.16,14.73,3.25,6.93,95.84,95.16,23.63,IDR,22.72,75.86,subtropical_dry,NASA_POWER_daily_ag,2.259,5.471,2.9183,dewpoint,575.9,38.83
2021-08-08,26.44,30.51,23.07,85.04,3.92,2.42,11.82,96.0,96.31,23.56,IDR,22.72,75.86,subtropical_dry,NASA_POWER_daily_ag,2.952,8.334,2.906,dewpoint,558.8,38.773
2021-08-09,25.91,29.41,23.64,86.73,7.07,2.82,13.92,96.1,95.26,23.43,IDR,22.72,75.86,subtropical_dry,NASA_POWER_daily_ag,3.16,9.553,2.8833,dewpoint,548.1,38.714
2021-08-10,25.46,29.83,22.88,84.51,0.22,3.06,17.33,96.07,95.36,22.5,IDR,22.72,75.86,subtropical_dry,NASA_POWER_daily_ag,3.75,11.43,2.7256,dewpoint,551.3,38.653
2021-08-11,26.29,31.12,22.55,81.3,0.02,3.07,17.29,96.07,98.25,22.57,IDR,22.72,75.86,subtropical_dry,NASA_POWER_daily_ag,4.034,11.397,2.7372,dewpoint,551.3,38.591
2021-08-12,25.7,30.19,22.93,82.37,0.06,2.9,16.34,96.16,96.29,22.28,IDR,22.72,75.86,subtropical_dry,NASA_POWER_daily_ag,3.739,10.822,2.6894,dewpoint,541.6,38.527
2021-08-13,25.74,30.45,22.52,83.01,0.15,2.87,17.78,96.02,76.53,22.45,IDR,22.72,75.86,subtropical_dry,NASA_POWER_daily_ag,3.91,11.66,2.7173,dewpoint,556.6,38.461
2021-08-14,26.25,30.98,22.6,81.44,0.03,2.82,19.31,95.85,49.18,22.58,IDR,22.72,75.86,subtropical_dry,NASA_POWER_daily_ag,4.272,12.538,2.7389,dewpoint,574.8,38.393
2021-08-15,26.28,30.88,22.65,81.32,0.97,2.74,16.63,95.89,62.49,22.58,IDR,22.72,75.86,subtropical_dry,NASA_POWER_daily_ag,3.884,11.001,2.7389,dewpoint,570.6,38.323
2021-08-16,26.92,31.67,22.65,81.01,0.12,2.21,19.42,96.03,67.77,23.14,IDR,22.72,75.86,subtropical_dry,NASA_POWER_daily_ag,4.307,12.659,2.8333,dewpoint,555.5,38.252
2021-08-17,26.3,30.21,23.26,85.38,6.27,2.64,8.61,96.02,98.81,23.53,IDR,22.72,75.86,subtropical_dry,NASA_POWER_daily_ag,2.456,6.428,2.9008,dewpoint,556.6,38.178
2021-08-18,25.31,28.04,23.31,89.83,14.96,2.91,5.64,95.85,99.51,23.47,IDR,22.72,75.86,subtropical_dry,NASA_POWER_daily_ag,1.743,4.692,2.8903,dewpoint,574.8,38.103
2021-08-19,25.01,28.06,22.86,89.45,13.86,3.17,6.64,95.84,99.34,23.09,IDR,22.72,75.86,subtropical_dry,NASA_POWER_daily_ag,1.921,5.278,2.8248,dewpoint,575.9,38.026
2021-08-20,24.98,28.33,22.51,89.69,17.29,3.06,10.89,95.9,99.23,23.11,IDR,22.72,75.86,subtropical_dry,NASA_POWER_daily_ag,2.489,7.738,2.8282,dewpoint,569.5,37.946
2021-08-21,24.64,26.94,22.49,91.47,17.0,1.98,5.87,96.03,99.19,23.13,IDR,22.72,75.86,subtropical_dry,NASA_POWER_daily_ag,1.6,4.822,2.8316,dewpoint,555.5,37.865
2021-08-22,25.73,30.08,22.88,88.36,7.57,2.06,10.16,96.07,85.87,23.55,IDR,22.72,75.86,subtropical_dry,NASA_POWER_daily_ag,2.445,7.314,2.9043,dewpoint,551.3,37.782
2021-08-23,26.15,30.31,22.48,85.15,0.38,2.51,13.93,96.1,81.08,23.3,IDR,22.72,75.86,subtropical_dry,NASA_POWER_daily_ag,3.234,9.48,2.8608,dewpoint,548.1,37.696
2021-08-24,25.66,29.47,22.71,86.84,0.0,2.52,15.54,96.11,77.51,23.22,IDR,22.72,75.86,subtropical_dry,NASA_POWER_daily_ag,3.331,10.402,2.847,dewpoint,547.0,37.609
2021-08-25,26.2,30.76,23.04,82.82,0.02,3.37,16.67,95.94,98.13,22.82,IDR,22.72,75.86,subtropical_dry,NASA_POWER_daily_ag,3.855,10.979,2.779,dewpoint,565.2,37.519
2021-08-26,25.94,30.43,22.99,82.5,0.02,3.21,16.62,95.82,97.77,22.51,IDR,22.72,75.86,subtropical_dry,NASA_POWER_daily_ag,3.818,10.91,2.7272,dewpoint,578.1,37.428
2021-08-27,26.08,30.57,22.14,82.12,0.04,2.04,17.71,95.84,90.6,22.55,IDR,22.72,75.86,subtropical_dry,NASA_POWER_daily_ag,3.872,11.532,2.7339,dewpoint,575.9,37.335
2021-08-28,26.25,30.62,22.39,81.67,1.55,1.65,18.15,95.77,61.74,22.62,IDR,22.72,75.86,subtropical_dry,NASA_POWER_daily_ag,3.917,11.778,2.7455,dewpoint,583.4,37.239
2021-08-29,26.16,30.24,22.43,84.32,12.89,2.35,11.68,95.74,91.01,23.16,IDR,22.72,75.86,subtropical_dry,NASA_POWER_daily_ag,2.909,8.14,2.8367,dewpoint,586.6,37.141
2021-08-30,26.32,29.74,23.11,84.95,9.14,1.89,13.63,95.83,96.42,23.48,IDR,22.72,75.86,subtropical_dry,NASA_POWER_daily_ag,3.123,9.277,2.892,dewpoint,577.0,37.042
2021-08-31,25.9,28.37,23.75,90.42,12.74,1.99,12.86,95.86,98.77,24.18,IDR,22.72,75.86,subtropical_dry,NASA_POWER_daily_ag,2.761,8.885,3.0163,dewpoint,573.8,36.94
2021-09-01,26.65,30.24,23.71,87.38,31.76,2.48,16.09,95.91,92.81,24.28,IDR,22.72,75.86,subtropical_dry,NASA_POWER_daily_ag,3.468,10.765,3.0344,dewpoint,568.4,36.836
2021-09-02,26.49,30.56,23.09,85.44,5.41,2.27,17.01,95.92,83.12,23.68,IDR,22.72,75.86,subtropical_dry,NASA_POWER_daily_ag,3.676,11.216,2.9271,dewpoint,567.3,36.731
2021-09-03,26.69,30.8,22.62,82.88,0.28,1.72,19.77,95.9,71.31,23.35,IDR,22.72,75.86,subtropical_dry,NASA_POWER_daily_ag,4.165,12.745,2.8695,dewpoint,569.5,36.623
2021-09-04,25.97,29.53,23.09,86.61,2.16,2.0,18.54,95.95,87.24,23.45,IDR,22.72,75.86,subtropical_dry,NASA_POWER_daily_ag,3.783,12.057,2.8868,dewpoint,564.1,36.513
2021-09-05,26.13,30.28,23.07,85.35,2.86,2.02,15.78,95.88,95.66,23.31,IDR,22.72,75.86,subtropical_dry,NASA_POWER_daily_ag,3.431,10.438,2.8625,dewpoint,571.6,36.401
2021-09-06,26.07,29.59,22.84,88.57,14.33,1.58,15.63,95.9,97.88,23.96,IDR,22.72,75.86,subtropical_dry,NASA_POWER_daily_ag,3.259,10.43,2.9768,dewpoint,569.5,36.288
2021-09-07,26.5,29.02,24.27,90.1,16.53,2.32,18.02,95.72,85.48,24.71,IDR,22.72,75.86,subtropical_dry,NASA_POWER_daily_ag,3.605,11.912,3.1135,dewpoint,588.8,36.172
2021-09-08,27.44,31.3,23.84,85.74,4.08,1.4,13.16,95.53,96.48,24.69,IDR,22.72,75.86,subtropical_dry,NASA_POWER_daily_ag,3.035,9.025,3.1098,dewpoint,609.2,36.054
2021-09-09,25.19,26.78,23.87,92.52,7.5,3.33,13.26,95.75,98.08,23.88,IDR,22.72,75.86,subtropical_dry,NASA_POWER_daily_ag,2.627,9.038,2.9625,dewpoint,585.6,35.935
2021-09-10,24.67,26.64,23.28,92.21,10.07,3.57,12.69,95.84,97.44,23.31,IDR,22.72,75.86,subtropical_dry,NASA_POWER_daily_ag,2.52,8.66,2.8625,dewpoint,575.9,35.813
2021-09-11,26.07,29.92,23.28,89.11,12.71,2.6,14.62,95.71,89.27,24.04,IDR,22.72,75.86,subtropical_dry,NASA_POWER_daily_ag,3.096,9.8,2.9911,dewpoint,589.9,35.69
2021-09-12,26.28,29.91,23.34,86.15,1.59,1.82,15.87,95.55,90.53,23.59,IDR,22.72,75.86,subtropical_dry,NASA_POWER_daily_ag,3.403,10.455,2.9113,dewpoint,607.1,35.564
2021-09-13,25.71,27.86,23.89,92.74,1.88,1.78,17.09,95.43,88.03,24.43,IDR,22.72,75.86,subtropical_dry,NASA_POWER_daily_ag,3.305,11.281,3.0618,dewpoint,620.0,35.437
2021-09-14,26.54,30.35,23.62,88.11,4.1,1.61,13.05,95.55,94.98,24.29,IDR,22.72,75.86,subtropical_dry,NASA_POWER_daily_ag,2.888,8.883,3.0363,dewpoint,607.1,35.308
2021-09-15,25.57,29.0,23.59,90.84,19.19,2.94,10.97,95.73,94.0,23.91,IDR,22.72,75.86,subtropical_dry,NASA_POWER_daily_ag,2.43,7.657,2.9678,dewpoint,587.7,35.177
2021-09-16,24.93,27.18,22.79,92.29,23.09,3.76,7.56,95.8,96.82,23.58,IDR,22.72,75.86,subtropical_dry,NASA_POWER_daily_ag,1.843,5.694,2.9095,dewpoint,580.2,35.045
2021-09-17,25.85,29.97,23.07,88.81,16.47,3.86,13.03,95.8,81.22,23.77,IDR,22.72,75.86,subtropical_dry,NASA_POWER_daily_ag,2.891,8.802,2.943,dewpoint,580.2,34.911
2021-09-18,25.4,29.31,22.71,90.1,11.85,3.28,7.13,96.03,93.12,23.59,IDR,22.72,75.86,subtropical_dry,NASA_POWER_daily_ag,1.945,5.436,2.9113,dewpoint,555.5,34.775
2021-09-19,25.35,28.36,22.76,89.41,8.92,2.35,12.59,96.27,82.46,23.4,IDR,22.72,75.86,subtropical_dry,NASA_POWER_daily_ag,2.698,8.513,2.8781,dewpoint,529.9,34.637
2021-09-20,25.85,29.35,23.33,90.77,9.48,2.33,10.26,96.17,90.8,24.16,IDR,22.72,75.86,subtropical_dry,NASA_POWER_daily_ag,2.322,7.22,3.0127,dewpoint,540.6,34.498
2021-09-21,25.15,27.96,23.43,92.08,7.36,2.48,10.78,96.04,89.85,23.74,IDR,22.72,75.86,subtropical_dry,NASA_POWER_daily_ag,2.289,7.492,2.9377,dewpoint,554.5,34.358
2021-09-22,25.8,29.64,23.12,89.07,6.89,1.73,14.8,95.87,82.96,23.76,IDR,22.72,75.86,subtropical_dry,NASA_POWER_daily_ag,3.051,9.751,2.9412,dewpoint,572.7,34.216
2021-09-23,26.46,30.42,22.77,85.28,7.51,1.12,17.98,95.93,73.76,23.6,IDR,22.72,75.86,subtropical_dry,NASA_POWER_daily_ag,3.673,11.499,2.913,dewpoint,566.3,34.072
2021-09-24,26.29,30.03,23.45,88.52,10.01,2.0,14.58,96.03,80.35,24.15,IDR,22.72,75.86,subtropical_dry,NASA_POWER_daily_ag,3.075,9.638,3.0109,dewpoint,555.5,33.927
2021-09-25,25.41,28.5,23.6,92.11,30.5,3.11,10.71,96.02,96.09,24.01,IDR,22.72,75.86,subtropical_dry,NASA_POWER_daily_ag,2.283,7.428,2.9857,dewpoint,556.6,33.781
2021-09-26,25.28,28.12,23.09,91.84,9.52,2.93,11.98,95.87,95.85,23.82,IDR,22.72,75.86,subtropical_dry,NASA_POWER_daily_ag,2.469,8.13,2.9518,dewpoint,572.7,33.633
2021-09-27,25.51,28.29,23.54,92.3,15.18,1.84,14.21,95.74,89.83,24.15,IDR,22.72,75.86,subtropical_dry,NASA_POWER_daily_ag,2.805,9.41,3.0109,dewpoint,586.6,33.485
2021-09-28,25.7,28.85,23.52,89.38,10.23,3.54,15.19,95.7,95.47,23.76,IDR,22.72,75.86,subtropical_dry,NASA_POWER_daily_ag,3.082,9.896,2.9412,dewpoint,590.9,33.335
2021-09-29,25.24,28.63,23.38,89.8,1.54,3.4,13.53,95.84,99.21,23.37,IDR,22.72,75.86,subtropical_dry,NASA_POWER_daily_ag,2.793,8.914,2.8729,dewpoint,575.9,33.184
2021-09-30,25.54,29.7,21.45,77.99,0.03,0.97,18.96,96.31,65.72,21.11,IDR,22.72,75.86,subtropical_dry,NASA_POWER_daily_ag,3.776,11.501,2.5039,dewpoint,525.6,33.031
2021-10-01,26.33,30.87,21.4,81.33,17.08,0.88,16.55,96.34,77.68,22.69,IDR,22.72,75.86,subtropical_dry,NASA_POWER_daily_ag,3.415,10.44,2.7572,dewpoint,522.4,32.878
2021-10-02,26.73,30.16,23.46,84.16,7.24,0.95,17.0,96.32,88.74,23.7,IDR,22.72,75.86,subtropical_dry,NASA_POWER_daily_ag,3.489,10.809,2.9306,dewpoint,524.5,32.724
2021-10-03,26.24,29.95,23.47,87.43,3.26,0.88,15.64,96.26,71.58,23.88,IDR,22.72,75.86,subtropical_dry,NASA_POWER_daily_ag,3.173,10.069,2.9625,dewpoint,530.9,32.569
2021-10-04,26.26,30.37,22.98,86.78,0.15,1.3,18.99,96.18,32.4,23.74,IDR,22.72,75.86,subtropical_dry,NASA_POWER_daily_ag,3.731,11.886,2.9377,dewpoint,539.5,32.414
2021-10-05,27.09,31.4,22.39,82.2,0.68,1.21,18.25,96.25,64.78,23.61,IDR,22.72,75.86,subtropical_dry,NASA_POWER_daily_ag,3.777,11.424,2.9148,dewpoint,532.0,32.257
2021-10-06,26.78,30.16,23.71,85.7,1.94,1.24,17.77,96.22,70.43,24.11,IDR,22.72,75.86,subtropical_dry,NASA_POWER_daily_ag,3.596,11.233,3.0037,dewpoint,535.2,32.1
2021-10-07,27.2,31.08,22.39,80.25,8.31,0.96,17.76,96.18,45.52,23.33,IDR,22.72,75.86,subtropical_dry,NASA_POWER_daily_ag,3.684,11.072,2.866,dewpoint,539.5,31.943
2021-10-08,27.32,31.47,23.95,78.01,1.1,0.69,17.9,96.13,42.56,22.99,IDR,22.72,75.86,subtropical_dry,NASA_POWER_daily_ag,3.656,11.031,2.8077,dewpoint,544.8,31.785
2021-10-09,26.29,30.9,22.11,82.13,0.04,1.2,16.73,96.21,52.76,22.77,IDR,22.72,75.86,subtropical_dry,NASA_POWER_daily_ag,3.443,10.389,2.7706,dewpoint,536.3,31.626
2021-10-10,26.08,30.23,22.66,84.26,0.05,1.33,13.38,96.26,61.58,23.0,IDR,22.72,75.86,subtropical_dry,NASA_POWER_daily_ag,2.896,8.617,2.8094,dewpoint,530.9,31.467
2021-10-11,26.3,29.96,22.33,81.79,0.94,0.96,13.3,96.15,73.29,22.76,IDR,22.72,75.86,subtropical_dry,NASA_POWER_daily_ag,2.873,8.539,2.7689,dewpoint,542.7,31.308
2021-10-12,26.49,30.68,21.92,77.33,0.19,0.89,18.15,96.16,23.15,22.01,IDR,22.72,75.86,subtropical_dry,NASA_POWER_daily_ag,3.655,10.944,2.6455,dewpoint,541.6,31.149
2021-10-13,26.22,31.28,21.98,77.4,0.01,1.17,19.28,96.15,26.19,21.68,IDR,22.72,75.86,subtropical_dry,NASA_POWER_daily_ag,3.855,11.42,2.5928,dewpoint,542.7,30.989
2021-10-14,24.68,30.63,20.13,75.6,0.0,1.82,20.39,96.18,6.47,19.73,IDR,22.72,75.86,subtropical_dry,NASA_POWER_daily_ag,4.021,11.596,2.2995,dewpoint,539.5,30.829
2021-10-15,23.06,29.73,17.44,69.95,0.0,1.68,21.0,96.01,18.07,16.85,IDR,22.72,75.86,subtropical_dry,NASA_POWER_daily_ag,4.001,11.358,1.9194,dewpoint,557.7,30.67
2021-10-16,23.33,29.02,17.33,74.44,2.42,1.5,18.1,95.93,49.23,18.29,IDR,22.72,75.86,subtropical_dry,NASA_POWER_daily_ag,3.521,10.292,2.1019,dewpoint,566.3,30.511
2021-10-17,23.68,25.68,21.71,91.21,25.9,1.35,8.07,95.96,99.68,22.14,IDR,22.72,75.86,subtropical_dry,NASA_POWER_daily_ag,1.774,5.698,2.6666,dewpoint,563.0,30.351
2021-10-18,23.99,28.93,18.86,86.3,3.59,2.45,15.55,95.96,46.88,21.38,IDR,22.72,75.86,subtropical_dry,NASA_POWER_daily_ag,3.033,9.461,2.5457,dewpoint,563.0,30.192
2021-10-19,20.76,27.58,14.8,80.71,0.01,2.2,20.41,96.44,4.0,16.83,IDR,22.72,75.86,subtropical_dry,NASA_POWER_daily_ag,3.474,11.094,1.917,dewpoint,511.7,30.034
2021-10-20,22.2,28.99,16.74,77.54,0.0,1.43,19.69,96.74,10.94,17.61,IDR,22.72,75.86,subtropical_dry,NASA_POWER_daily_ag,3.49,10.78,2.0139,dewpoint,479.7,29.876
2021-10-21,22.47,29.63,15.71,69.86,0.0,0.9,20.62,96.76,1.23,16.07,IDR,22.72,75.86,subtropical_dry,NASA_POWER_daily_ag,3.57,10.859,1.8264,dewpoint,477.6,29.718
2021-10-22,22.38,28.09,17.1,67.72,0.0,1.34,19.74,96.77,0.15,15.8,IDR,22.72,75.86,subtropical_dry,NASA_POWER_daily_ag,3.631,10.405,1.7952,dewpoint,476.5,29.561
2021-10-23,22.15,27.71,16.65,70.11,0.0,1.16,20.48,96.77,5.09,16.22,IDR,22.72,75.86,subtropical_dry,NASA_POWER_daily_ag,3.581,10.794,1.844,dewpoint,476.5,29.405
2021-10-24,22.29,27.74,16.04,72.03,0.0,0.95,19.57,96.81,8.91,16.69,IDR,22.72,75.86,subtropical_dry,NASA_POWER_daily_ag,3.403,10.473,1.9,dewpoint,472.3,29.249
2021-10-25,22.51,27.31,17.58,70.68,0.0,0.94,17.96,96.78,23.5,16.71,IDR,22.72,75.86,subtropical_dry,NASA_POWER_daily_ag,3.226,9.713,1.9024,dewpoint,475.5,29.095
2021-10-26,22.84,27.87,18.53,70.68,0.02,0.74,14.11,96.69,56.85,16.99,IDR,22.72,75.86,subtropical_dry,NASA_POWER_daily_ag,2.708,8.025,1.9365,dewpoint,485.0,28.941
2021-10-27,22.85,27.91,19.29,80.02,0.03,1.0,15.15,96.81,27.28,18.94,IDR,22.72,75.86,subtropical_dry,NASA_POWER_daily_ag,2.806,8.704,2.1892,dewpoint,472.3,28.788
2021-10-28,21.25,27.62,16.77,75.63,0.0,1.8,18.15,96.88,0.52,16.4,IDR,22.72,75.86,subtropical_dry,NASA_POWER_daily_ag,3.263,9.654,1.8653,dewpoint,464.8,28.636
2021-10-29,19.74,26.72,13.77,70.25,0.0,1.77,19.39,97.03,9.78,13.71,IDR,22.72,75.86,subtropical_dry,NASA_POWER_daily_ag,3.356,9.766,1.5688,dewpoint,448.9,28.486
2021-10-30,19.51,26.9,13.0,67.8,0.0,1.7,18.38,97.02,36.15,12.9,IDR,22.72,75.86,subtropical_dry,NASA_POWER_daily_ag,3.267,9.214,1.488,dewpoint,449.9,28.337
2021-10-31,19.31,26.74,12.74,67.64,0.0,1.59,19.15,96.91,7.35,12.73,IDR,22.72,75.86,subtropical_dry,NASA_POWER_daily_ag,3.27,9.459,1.4715,dewpoint,461.6,28.189
2021-11-01,19.59,26.67,14.14,67.56,0.0,1.38,19.1,96.75,0.63,13.07,IDR,22.72,75.86,subtropical_dry,NASA_POWER_daily_ag,3.201,9.42,1.5046,dewpoint,478.7,28.043
2021-11-02,19.24,26.62,12.5,70.23,0.0,1.4,17.7,96.78,0.28,13.23,IDR,22.72,75.86,subtropical_dry,NASA_POWER_daily_ag,3.005,8.927,1.5205,dewpoint,475.5,27.898
2021-11-03,18.87,26.39,11.93,67.7,0.0,1.46,18.05,96.8,3.88,12.31,IDR,22.72,75.86,subtropical_dry,NASA_POWER_daily_ag,3.06,8.903,1.4315,dewpoint,473.3,27.755
2021-11-04,18.89,26.89,12.31,66.72,0.0,1.49,16.71,96.76,21.85,12.02,IDR,22.72,75.86,subtropical_dry,NASA_POWER_daily_ag,2.965,8.3,1.4044,dewpoint,477.6,27.613
2021-11-05,18.77,26.58,12.37,72.34,0.0,1.69,16.86,96.7,17.54,13.27,IDR,22.72,75.86,subtropical_dry,NASA_POWER_daily_ag,2.897,8.516,1.5244,dewpoint,484.0,27.473
2021-11-06,19.18,26.29,13.32,72.47,0.0,1.52,15.63,96.62,38.26,13.73,IDR,22.72,75.86,subtropical_dry,NASA_POWER_daily_ag,2.762,8.066,1.5708,dewpoint,492.5,27.335
2021-11-07,19.65,26.12,14.67,74.37,0.0,1.66,15.32,96.64,67.7,14.7,IDR,22.72,75.86,subtropical_dry,NASA_POWER_daily_ag,2.749,8.022,1.6727,dewpoint,490.4,27.199
2021-11-08,19.72,26.51,13.51,68.89,0.0,1.76,16.65,96.77,27.65,13.48,IDR,22.72,75.86,subtropical_dry,NASA_POWER_daily_ag,3.044,8.339,1.5455,dewpoint,476.5,27.065
2021-11-09,19.99,27.15,13.82,68.25,0.0,1.67,16.57,96.84,15.11,13.56,IDR,22.72,75.86,subtropical_dry,NASA_POWER_daily_ag,3.038,8.258,1.5535,dewpoint,469.1,26.933
2021-11-10,19.5,26.65,13.36,67.79,0.0,1.67,15.56,96.77,13.54,13.0,IDR,22.72,75.86,subtropical_dry,NASA_POWER_daily_ag,2.907,7.803,1.4978,dewpoint,476.5,26.803
2021-11-11,18.53,26.43,12.81,69.06,0.0,1.82,16.0,96.65,17.07,12.22,IDR,22.72,75.86,subtropical_dry,NASA_POWER_daily_ag,2.879,7.845,1.423,dewpoint,489.3,26.675
2021-11-12,18.06,26.26,12.71,68.71,0.0,2.52,15.25,96.66,42.85,11.61,IDR,22.72,75.86,subtropical_dry,NASA_POWER_daily_ag,3.006,7.477,1.3669,dewpoint,488.2,26.55
2021-11-13,18.28,26.82,12.43,70.23,0.0,2.55,15.68,96.62,5.83,12.39,IDR,22.72,75.86,subtropical_dry,NASA_POWER_daily_ag,2.973,7.693,1.439,dewpoint,492.5,26.426
2021-11-14,18.36,25.9,11.92,68.49,0.0,2.01,15.72,96.54,0.28,12.16,IDR,22.72,75.86,subtropical_dry,NASA_POWER_daily_ag,2.877,7.69,1.4174,dewpoint,501.0,26.306
2021-11-15,18.55,26.38,12.88,71.27,0.0,1.66,13.95,96.43,16.94,12.96,IDR,22.72,75.86,subtropical_dry,NASA_POWER_daily_ag,2.558,7.104,1.4939,dewpoint,512.8,26.188
2021-11-16,18.31,26.1,12.09,69.26,0.0,2.66,14.64,96.5,27.98,12.36,IDR,22.72,75.86,subtropical_dry,NASA_POWER_daily_ag,2.927,7.271,1.4362,dewpoint,505.3,26.072
2021-11-17,19.3,25.87,13.68,73.25,0.0,2.72,12.09,96.65,77.11,14.28,IDR,22.72,75.86,subtropical_dry,NASA_POWER_daily_ag,2.659,6.52,1.6279,dewpoint,489.3,25.959
2021-11-18,20.29,23.29,17.35,89.63,1.03,2.07,11.22,96.53,84.4,18.54,IDR,22.72,75.86,subtropical_dry,NASA_POWER_daily_ag,1.926,6.564,2.1351,dewpoint,502.1,25.848
2021-11-19,22.14,26.68,18.7,88.05,3.32,2.01,11.21,96.34,93.49,19.98,IDR,22.72,75.86,subtropical_dry,NASA_POWER_daily_ag,2.106,6.626,2.3354,dewpoint,522.4,25.741
2021-11-20,22.64,27.43,18.7,84.54,0.03,2.2,12.17,96.33,75.11,19.79,IDR,22.72,75.86,subtropical_dry,NASA_POWER_daily_ag,2.387,7.0,2.3081,dewpoint,523.5,25.636
2021-11-21,23.41,28.54,19.21,85.24,0.18,2.07,13.65,96.53,64.6,20.69,IDR,22.72,75.86,subtropical_dry,NASA_POWER_daily_ag,2.562,7.73,2.44,dewpoint,502.1,25.534
2021-11-22,23.74,28.51,20.34,85.48,0.29,1.47,12.85,96.62,28.83,21.0,IDR,22.72,75.86,subtropical_dry,NASA_POWER_daily_ag,2.422,7.381,2.487,dewpoint,492.5,25.435
2021-11-23,23.45,28.85,18.19,79.39,0.04,1.08,15.02,96.6,4.38,19.42,IDR,22.72,75.86,subtropical_dry,NASA_POWER_daily_ag,2.702,8.094,2.2556,dewpoint,494.6,25.339
2021-11-24,23.23,28.57,17.56,71.56,0.0,0.76,15.08,96.67,2.0,17.54,IDR,22.72,75.86,subtropical_dry,NASA_POWER_daily_ag,2.659,7.796,2.005,dewpoint,487.2,25.245
2021-11-25,22.34,28.2,17.12,70.68,0.0,0.84,15.81,96.74,0.67,16.42,IDR,22.72,75.86,subtropical_dry,NASA_POWER_daily_ag,2.693,7.883,1.8676,dewpoint,479.7,25.155
2021-11-26,20.85,27.41,14.24,70.18,0.0,1.25,16.08,96.79,0.1,14.89,IDR,22.72,75.86,subtropical_dry,NASA_POWER_daily_ag,2.764,7.801,1.6933,dewpoint,474.4,25.069
2021-11-27,20.07,27.5,13.16,70.81,0.0,1.56,16.65,96.82,5.84,14.22,IDR,22.72,75.86,subtropical_dry,NASA_POWER_daily_ag,2.838,7.893,1.6216,dewpoint,471.2,24.985
2021-11-28,18.77,25.48,13.41,73.93,0.0,1.63,16.21,96.96,35.84,13.6,IDR,22.72,75.86,subtropical_dry,NASA_POWER_daily_ag,2.636,7.673,1.5576,dewpoint,456.3,24.904
2021-11-29,17.87,25.86,11.5,67.45,0.0,1.9,15.35,97.02,43.76,11.22,IDR,22.72,75.86,subtropical_dry,NASA_POWER_daily_ag,2.73,7.045,1.332,dewpoint,449.9,24.827
2021-11-30,17.72,24.82,12.44,69.78,0.0,2.18,13.55,96.97,89.13,11.67,IDR,22.72,75.86,subtropical_dry,NASA_POWER_daily_ag,2.605,6.523,1.3723,dewpoint,455.2,24.753
2021-12-01,18.23,23.33,14.77,74.49,3.77,1.78,4.53,96.94,99.69,13.32,IDR,22.72,75.86,subtropical_dry,NASA_POWER_daily_ag,1.681,3.629,1.5294,dewpoint,458.4,24.683
2021-12-02,16.34,20.29,14.21,74.97,8.53,2.35,4.04,96.9,99.47,11.72,IDR,22.72,75.86,subtropical_dry,NASA_POWER_daily_ag,1.682,3.468,1.3769,dewpoint,462.7,24.615
2021-12-03,17.29,23.64,12.13,72.39,3.84,2.44,11.56,96.9,55.51,12.06,IDR,22.72,75.86,subtropical_dry,NASA_POWER_daily_ag,2.377,5.914,1.4081,dewpoint,462.7,24.552
2021-12-04,19.04,25.03,13.27,74.6,0.01,1.64,13.81,96.84,3.73,14.1,IDR,22.72,75.86,subtropical_dry,NASA_POWER_daily_ag,2.424,6.831,1.609,dewpoint,469.1,24.491
2021-12-05,20.06,26.09,16.01,76.02,0.0,1.53,12.06,96.8,40.96,15.47,IDR,22.72,75.86,subtropical_dry,NASA_POWER_daily_ag,2.266,6.29,1.7576,dewpoint,473.3,24.435
2021-12-06,19.79,25.91,14.7,76.17,0.0,1.58,9.24,96.83,39.34,15.2,IDR,22.72,75.86,subtropical_dry,NASA_POWER_daily_ag,2.022,5.274,1.7274,dewpoint,470.1,24.381
2021-12-07,18.93,25.28,14.89,77.45,0.0,2.5,12.53,96.96,4.58,14.54,IDR,22.72,75.86,subtropical_dry,NASA_POWER_daily_ag,2.42,6.362,1.6555,dewpoint,456.3,24.332
2021-12-08,18.33,24.66,12.74,75.0,0.0,1.83,11.43,96.99,15.12,13.58,IDR,22.72,75.86,subtropical_dry,NASA_POWER_daily_ag,2.199,5.928,1.5556,dewpoint,453.1,24.286
2021-12-09,19.07,25.49,14.37,73.1,0.0,1.55,9.95,97.11,51.21,13.86,IDR,22.72,75.86,subtropical_dry,NASA_POWER_daily_ag,2.098,5.404,1.5841,dewpoint,440.4,24.243
2021-12-10,18.07,24.95,12.54,70.29,0.0,1.83,12.15,97.17,11.79,12.21,IDR,22.72,75.86,subtropical_dry,NASA_POWER_daily_ag,2.369,6.0,1.4221,dewpoint,434.0,24.205
2021-12-11,17.46,24.94,10.97,67.98,0.0,1.28,12.73,97.11,0.4,11.08,IDR,22.72,75.86,subtropical_dry,NASA_POWER_daily_ag,2.221,6.085,1.3197,dewpoint,440.4,24.169
2021-12-12,17.5,24.9,11.08,72.46,0.0,1.59,13.53,97.07,2.23,12.13,IDR,22.72,75.86,subtropical_dry,NASA_POWER_daily_ag,2.297,6.449,1.4146,dewpoint,444.6,24.138
2021-12-13,18.01,25.27,11.65,72.84,0.0,1.44,13.07,96.97,18.22,12.63,IDR,22.72,75.86,subtropical_dry,NASA_POWER_daily_ag,2.253,6.334,1.4619,dewpoint,455.2,24.11
2021-12-14,18.67,25.62,12.33,72.78,0.0,1.33,12.29,96.86,13.86,13.28,IDR,22.72,75.86,subtropical_dry,NASA_POWER_daily_ag,2.202,6.129,1.5254,dewpoint,466.9,24.086
2021-12-15,18.45,25.52,12.52,71.76,0.0,1.51,10.54,96.93,62.44,12.73,IDR,22.72,75.86,subtropical_dry,NASA_POWER_daily_ag,2.144,5.501,1.4715,dewpoint,459.5,24.066
2021-12-16,18.94,25.91,11.59,71.82,0.0,1.41,12.33,96.95,5.68,13.26,IDR,22.72,75.86,subtropical_dry,NASA_POWER_daily_ag,2.279,6.138,1.5234,dewpoint,457.4,24.05
2021-12-17,18.23,24.56,13.27,76.4,0.0,1.48,11.11,97.06,25.23,13.65,IDR,22.72,75.86,subtropical_dry,NASA_POWER_daily_ag,2.041,5.769,1.5627,dewpoint,445.7,24.037
2021-12-18,15.32,22.89,9.95,60.61,0.0,2.46,11.72,97.17,14.02,7.39,IDR,22.72,75.86,subtropical_dry,NASA_POWER_daily_ag,2.617,5.478,1.029,dewpoint,434.0,24.028
2021-12-19,13.65,22.47,7.04,45.69,0.0,2.28,14.52,97.23,1.59,1.43,IDR,22.72,75.86,subtropical_dry,NASA_POWER_daily_ag,2.978,5.661,0.6774,dewpoint,427.6,24.023
2021-12-20,13.91,22.85,5.48,48.08,0.0,1.34,14.44,97.13,5.23,2.25,IDR,22.72,75.86,subtropical_dry,NASA_POWER_daily_ag,2.43,5.768,0.7184,dewpoint,438.2,24.021
2021-12-21,16.5,24.53,8.72,47.61,0.0,0.96,16.38,97.03,5.12,4.74,IDR,22.72,75.86,subtropical_dry,NASA_POWER_daily_ag,2.458,6.307,0.8566,dewpoint,448.9,24.024
2021-12-22,18.04,25.32,11.88,51.07,0.0,0.69,16.47,96.83,0.38,7.33,IDR,22.72,75.86,subtropical_dry,NASA_POWER_daily_ag,2.342,6.545,1.0248,dewpoint,470.1,24.03
2021-12-23,18.85,26.54,11.92,54.67,0.0,1.08,16.01,96.74,1.15,9.05,IDR,22.72,75.86,subtropical_dry,NASA_POWER_daily_ag,2.625,6.638,1.1519,dewpoint,479.7,24.04
2021-12-24,18.65,26.4,12.1,63.3,0.0,1.29,15.67,96.72,2.87,11.14,IDR,22.72,75.86,subtropical_dry,NASA_POWER_daily_ag,2.591,6.869,1.325,dewpoint,481.8,24.054
2021-12-25,19.33,26.42,12.37,68.27,0.0,1.03,14.43,96.79,9.33,12.81,IDR,22.72,75.86,subtropical_dry,NASA_POWER_daily_ag,2.382,6.734,1.4793,dewpoint,474.4,24.071
2021-12-26,19.57,25.98,12.79,61.15,0.0,0.92,14.38,96.95,21.0,11.36,IDR,22.72,75.86,subtropical_dry,NASA_POWER_daily_ag,2.417,6.52,1.3445,dewpoint,457.4,24.092
2021-12-27,19.9,26.27,15.36,56.17,0.0,0.68,14.23,96.96,33.91,10.39,IDR,22.72,75.86,subtropical_dry,NASA_POWER_daily_ag,2.289,6.266,1.2604,dewpoint,456.3,24.117
2021-12-28,17.75,23.85,13.72,73.9,0.23,1.57,7.58,96.85,81.11,12.75,IDR,22.72,75.86,subtropical_dry,NASA_POWER_daily_ag,1.824,4.574,1.4735,dewpoint,468.0,24.146
2021-12-29,16.23,23.0,11.95,76.23,0.06,1.9,10.63,97.03,53.04,11.5,IDR,22.72,75.86,subtropical_dry,NASA_POWER_daily_ag,2.012,5.506,1.357,dewpoint,448.9,24.179
2021-12-30,14.59,21.28,9.15,70.64,0.0,2.87,12.81,97.32,5.7,8.8,IDR,22.72,75.86,subtropical_dry,NASA_POWER_daily_ag,2.426,6.021,1.1326,dewpoint,418.1,24.215
2021-12-31,15.09,22.44,9.95,70.16,0.0,2.44,10.28,97.37,41.3,9.42,IDR,22.72,75.86,subtropical_dry,NASA_POWER_daily_ag,2.194,5.296,1.181,dewpoint,412.8,24.255
2022-01-01,17.1,24.46,10.45,76.02,0.0,1.92,12.01,97.26,41.99,12.53,IDR,22.72,75.86,subtropical_dry,NASA_POWER_daily_ag,2.158,6.063,1.4523,dewpoint,424.4,24.298
2022-01-02,18.48,25.57,12.68,73.38,0.0,1.7,13.52,97.12,25.17,13.23,IDR,22.72,75.86,subtropical_dry,NASA_POWER_daily_ag,2.395,6.578,1.5205,dewpoint,439.3,24.346
2022-01-03,18.36,25.77,12.35,71.01,0.0,1.8,13.64,97.03,20.35,12.49,IDR,22.72,75.86,subtropical_dry,NASA_POWER_daily_ag,2.5,6.539,1.4485,dewpoint,448.9,24.397
2022-01-04,19.17,26.82,12.57,68.06,0.0,1.34,13.29,96.99,9.81,12.62,IDR,22.72,75.86,subtropical_dry,NASA_POWER_daily_ag,2.432,6.422,1.4609,dewpoint,453.1,24.451
2022-01-05,20.47,27.41,13.97,68.3,0.0,1.64,11.79,96.85,62.94,13.92,IDR,22.72,75.86,subtropical_dry,NASA_POWER_daily_ag,2.537,6.05,1.5903,dewpoint,468.0,24.509
2022-01-06,19.53,25.3,15.28,78.11,2.31,1.32,8.31,96.8,69.7,15.31,IDR,22.72,75.86,subtropical_dry,NASA_POWER_daily_ag,1.815,4.978,1.7397,dewpoint,473.3,24.571
2022-01-07,20.3,26.23,15.61,77.92,6.3,1.54,10.1,96.74,72.73,15.88,IDR,22.72,75.86,subtropical_dry,NASA_POWER_daily_ag,2.103,5.663,1.8044,dewpoint,479.7,24.636
2022-01-08,19.63,25.51,15.48,76.72,2.87,1.55,10.49,96.76,44.5,15.05,IDR,22.72,75.86,subtropical_dry,NASA_POWER_daily_ag,2.122,5.758,1.7108,dewpoint,477.6,24.705
2022-01-09,16.13,23.74,10.4,58.15,0.67,2.18,13.62,96.79,45.19,7.29,IDR,22.72,75.86,subtropical_dry,NASA_POWER_daily_ag,2.828,6.144,1.022,dewpoint,474.4,24.777
2022-01-10,14.55,22.8,7.45,58.28,0.0,1.53,17.55,96.9,12.08,5.79,IDR,22.72,75.86,subtropical_dry,NASA_POWER_daily_ag,2.636,7.181,0.9216,dewpoint,462.7,24.852
2022-01-11,14.57,22.84,7.82,63.06,0.0,2.22,12.27,96.89,27.26,7.21,IDR,22.72,75.86,subtropical_dry,NASA_POWER_daily_ag,2.475,5.888,1.0164,dewpoint,463.8,24.931
2022-01-12,13.58,21.9,7.02,58.96,0.0,1.83,16.16,96.88,12.26,4.94,IDR,22.72,75.86,subtropical_dry,NASA_POWER_daily_ag,2.602,6.806,0.8687,dewpoint,464.8,25.013
2022-01-13,14.36,22.59,7.36,61.45,0.0,2.09,13.73,96.83,8.14,6.5,IDR,22.72,75.86,subtropical_dry,NASA_POWER_daily_ag,2.564,6.299,0.968,dewpoint,470.1,25.099
2022-01-14,15.76,22.52,10.54,61.35,0.0,2.29,13.63,96.83,12.22,8.01,IDR,22.72,75.86,subtropical_dry,NASA_POWER_daily_ag,2.737,6.365,1.0735,dewpoint,470.1,25.188
2022-01-15,15.26,23.44,8.76,67.12,0.0,2.08,15.51,97.0,5.87,8.43,IDR,22.72,75.86,subtropical_dry,NASA_POWER_daily_ag,2.63,7.017,1.1046,dewpoint,452.1,25.279
2022-01-16,15.57,24.36,8.71,66.87,0.0,2.1,15.01,97.11,9.99,8.83,IDR,22.72,75.86,subtropical_dry,NASA_POWER_daily_ag,2.623,6.908,1.1349,dewpoint,440.4,25.375
2022-01-17,17.3,26.26,9.38,64.52,0.0,1.68,15.57,97.18,18.36,9.79,IDR,22.72,75.86,subtropical_dry,NASA_POWER_daily_ag,2.743,7.143,1.2108,dewpoint,432.9,25.473
2022-01-18,17.95,27.32,10.59,62.82,0.0,1.41,16.41,97.04,9.8,9.79,IDR,22.72,75.86,subtropical_dry,NASA_POWER_daily_ag,2.787,7.356,1.2108,dewpoint,447.8,25.574
2022-01-19,18.46,27.08,9.47,49.95,0.0,1.26,17.78,96.87,3.2,6.82,IDR,22.72,75.86,subtropical_dry,NASA_POWER_daily_ag,3.049,7.401,0.9895,dewpoint,465.9,25.678
2022-01-20,19.23,28.74,11.25,59.41,0.0,2.38,17.72,96.48,13.08,9.76,IDR,22.72,75.86,subtropical_dry,NASA_POWER_daily_ag,3.605,7.747,1.2084,dewpoint,507.4,25.785
2022-01-21,19.9,28.05,13.06,66.86,0.0,1.87,17.16,96.44,24.12,12.38,IDR,22.72,75.86,subtropical_dry,NASA_POWER_daily_ag,3.2,8.001,1.4381,dewpoint,511.7,25.895
2022-01-22,19.59,26.36,14.57,68.59,0.86,3.98,11.57,96.2,49.63,13.13,IDR,22.72,75.86,subtropical_dry,NASA_POWER_daily_ag,3.29,6.213,1.5106,dewpoint,537.4,26.008
2022-01-23,13.83,22.19,7.63,46.1,0.01,2.1,14.12,96.4,61.61,0.64,IDR,22.72,75.86,subtropical_dry,NASA_POWER_daily_ag,3.084,6.16,0.6398,dewpoint,516.0,26.123
2022-01-24,12.8,21.15,5.56,45.91,0.0,1.19,16.08,96.64,24.63,0.15,IDR,22.72,75.86,subtropical_dry,NASA_POWER_daily_ag,2.532,6.743,0.6175,dewpoint,490.4,26.242
2022-01-25,13.2,21.87,5.83,54.71,0.0,1.53,18.14,96.73,4.75,2.98,IDR,22.72,75.86,subtropical_dry,NASA_POWER_daily_ag,2.757,7.601,0.7567,dewpoint,480.8,26.362
2022-01-26,13.8,23.1,6.01,53.3,0.0,1.45,19.28,96.82,6.01,3.12,IDR,22.72,75.86,subtropical_dry,NASA_POWER_daily_ag,2.865,7.907,0.7642,dewpoint,471.2,26.486
2022-01-27,13.66,23.3,6.18,48.43,0.0,2.04,18.74,96.97,7.48,1.45,IDR,22.72,75.86,subtropical_dry,NASA_POWER_daily_ag,3.222,7.564,0.6783,dewpoint,455.2,26.612
2022-01-28,14.56,24.68,5.51,42.97,0.0,1.74,19.36,97.03,9.31,0.36,IDR,22.72,75.86,subtropical_dry,NASA_POWER_daily_ag,3.306,7.585,0.627,dewpoint,448.9,26.74
2022-01-29,16.15,26.16,5.99,39.45,0.0,1.39,19.71,97.04,14.53,0.65,IDR,22.72,75.86,subtropical_dry,NASA_POWER_daily_ag,3.297,7.654,0.6403,dewpoint,447.8,26.871
2022-01-30,19.37,28.37,10.94,31.76,0.0,0.82,19.66,96.77,13.7,0.99,IDR,22.72,75.86,subtropical_dry,NASA_POWER_daily_ag,3.062,7.387,0.6562,dewpoint,476.5,27.004
2022-01-31,19.26,29.23,11.05,39.83,0.0,1.58,18.57,96.62,11.06,3.94,IDR,22.72,75.86,subtropical_dry,NASA_POWER_daily_ag,3.669,7.538,0.8098,dewpoint,492.5,27.139
2022-02-01,20.31,30.13,11.56,49.74,0.0,1.48,19.36,96.58,4.88,8.22,IDR,22.72,75.86,subtropical_dry,NASA_POWER_daily_ag,3.618,8.398,1.0889,dewpoint,496.8,27.276
2022-02-02,21.52,30.92,13.93,44.64,0.0,1.25,19.04,96.53,15.97,7.62,IDR,22.72,75.86,subtropical_dry,NASA_POWER_daily_ag,3.595,8.118,1.0453,dewpoint,502.1,27.415
2022-02-03,18.08,27.7,11.1,46.7,0.0,3.48,19.22,96.28,14.93,5.37,IDR,22.72,75.86,subtropical_dry,NASA_POWER_daily_ag,4.612,8.148,0.8951,dewpoint,528.8,27.557
2022-02-04,16.82,26.03,7.85,37.81,0.0,1.58,19.48,96.43,7.68,0.68,IDR,22.72,75.86,subtropical_dry,NASA_POWER_daily_ag,3.589,7.846,0.6417,dewpoint,512.8,27.7
2022-02-05,18.66,27.64,10.83,29.42,0.0,0.78,19.58,96.62,21.59,-1.21,IDR,22.72,75.86,subtropical_dry,NASA_POWER_daily_ag,3.037,7.455,0.5591,dewpoint,492.5,27.845
2022-02-06,17.92,28.5,8.25,32.89,0.0,1.74,19.45,96.85,30.77,-0.54,IDR,22.72,75.86,subtropical_dry,NASA_POWER_daily_ag,3.929,7.626,0.5872,dewpoint,468.0,27.991
2022-02-07,19.96,29.16,10.58,32.21,0.0,0.97,19.19,96.82,38.54,1.64,IDR,22.72,75.86,subtropical_dry,NASA_POWER_daily_ag,3.358,7.755,0.6877,dewpoint,471.2,28.14
2022-02-08,20.81,29.49,12.76,40.2,0.0,1.33,18.68,96.66,34.59,5.9,IDR,22.72,75.86,subtropical_dry,NASA_POWER_daily_ag,3.692,8.145,0.9287,dewpoint,488.2,28.29
2022-02-09,19.43,28.86,11.89,48.64,0.0,2.28,19.52,96.69,14.07,6.91,IDR,22.72,75.86,subtropical_dry,NASA_POWER_daily_ag,4.184,8.658,0.9957,dewpoint,485.0,28.441
2022-02-10,18.52,27.71,11.88,49.8,0.0,2.34,19.53,96.91,6.01,6.6,IDR,22.72,75.86,subtropical_dry,NASA_POWER_daily_ag,4.067,8.711,0.9747,dewpoint,461.6,28.594
2022-02-11,17.8,27.78,9.69,39.05,0.0,1.98,20.98,96.95,3.63,1.67,IDR,22.72,75.86,subtropical_dry,NASA_POWER_daily_ag,4.154,8.562,0.6891,dewpoint,457.4,28.748
2022-02-12,18.34,28.76,8.69,33.69,0.0,1.41,20.91,96.82,11.61,-0.16,IDR,22.72,75.86,subtropical_dry,NASA_POWER_daily_ag,3.834,8.344,0.6037,dewpoint,471.2,28.904
2022-02-13,19.48,29.6,9.62,32.9,0.0,1.55,20.33,96.58,8.55,1.29,IDR,22.72,75.86,subtropical_dry,NASA_POWER_daily_ag,4.053,8.356,0.6706,dewpoint,496.8,29.061
2022-02-14,20.43,30.43,11.06,37.02,0.0,1.59,18.4,96.51,19.89,3.98,IDR,22.72,75.86,subtropical_dry,NASA_POWER_daily_ag,4.0,8.117,0.8121,dewpoint,504.2,29.218
2022-02-15,21.11,30.82,12.55,39.14,0.0,1.75,19.22,96.49,18.11,5.56,IDR,22.72,75.86,subtropical_dry,NASA_POWER_daily_ag,4.236,8.546,0.907,dewpoint,506.4,29.377
2022-02-16,21.01,30.4,12.57,41.48,0.0,1.76,18.79,96.38,10.81,6.18,IDR,22.72,75.86,subtropical_dry,NASA_POWER_daily_ag,4.178,8.566,0.9468,dewpoint,518.1,29.537
2022-02-17,21.71,30.83,13.64,35.17,0.0,1.72,19.3,96.33,13.87,4.67,IDR,22.72,75.86,subtropical_dry,NASA_POWER_daily_ag,4.373,8.506,0.8524,dewpoint,523.5,29.697
2022-02-18,23.06,30.93,15.59,38.86,0.0,1.97,15.81,96.44,36.18,7.98,IDR,22.72,75.86,subtropical_dry,NASA_POWER_daily_ag,4.373,7.797,1.0713,dewpoint,511.7,29.858
2022-02-19,24.15,31.66,18.56,43.24,0.02,2.14,15.62,96.58,18.96,10.29,IDR,22.72,75.86,subtropical_dry,NASA_POWER_daily_ag,4.516,7.929,1.252,dewpoint,496.8,30.02
2022-02-20,22.64,32.98,14.42,31.55,0.0,2.38,21.41,96.47,0.65,1.86,IDR,22.72,75.86,subtropical_dry,NASA_POWER_daily_ag,5.466,8.716,0.6986,dewpoint,508.5,30.182
2022-02-21,23.66,33.6,13.32,22.24,0.0,1.64,22.17,96.38,9.67,-0.66,IDR,22.72,75.86,subtropical_dry,NASA_POWER_daily_ag,4.954,8.629,0.5821,dewpoint,518.1,30.345
2022-02-22,24.39,35.15,14.86,24.85,0.0,1.67,21.49,96.52,6.22,1.51,IDR,22.72,75.86,subtropical_dry,NASA_POWER_daily_ag,4.994,8.655,0.6813,dewpoint,503.2,30.508
2022-02-23,24.76,35.22,15.96,27.26,0.0,1.66,21.29,96.72,10.3,3.25,IDR,22.72,75.86,subtropical_dry,NASA_POWER_daily_ag,4.991,8.857,0.7713,dewpoint,481.8,30.672
2022-02-24,24.3,34.79,15.49,25.22,0.0,2.18,22.26,96.8,3.2,1.52,IDR,22.72,75.86,subtropical_dry,NASA_POWER_daily_ag,5.667,8.959,0.6818,dewpoint,473.3,30.836
2022-02-25,24.45,34.27,14.27,26.48,0.0,1.52,22.09,96.78,9.44,1.87,IDR,22.72,75.86,subtropical_dry,NASA_POWER_daily_ag,4.92,9.115,0.6991,dewpoint,475.5,31.0
2022-02-26,24.66,34.54,15.52,23.07,0.0,1.68,21.48,96.75,0.49,0.99,IDR,22.72,75.86,subtropical_dry,NASA_POWER_daily_ag,5.118,8.807,0.6562,dewpoint,478.7,31.164
2022-02-27,24.39,34.61,16.01,22.82,0.0,2.0,21.52,96.8,0.49,0.25,IDR,22.72,75.86,subtropical_dry,NASA_POWER_daily_ag,5.499,8.744,0.622,dewpoint,473.3,31.328
2022-02-28,23.54,32.95,15.03,31.39,0.0,2.28,20.82,96.82,1.54,4.14,IDR,22.72,75.86,subtropical_dry,NASA_POWER_daily_ag,5.494,9.271,0.8213,dewpoint,471.2,31.491
2022-03-01,24.39,34.23,15.38,29.96,0.0,1.75,20.52,96.84,0.19,4.33,IDR,22.72,75.86,subtropical_dry,NASA_POWER_daily_ag,5.052,9.178,0.8323,dewpoint,469.1,31.655
2022-03-02,25.41,34.56,16.16,25.9,0.0,1.56,20.77,96.8,16.51,3.38,IDR,22.72,75.86,subtropical_dry,NASA_POWER_daily_ag,5.029,9.124,0.7784,dewpoint,473.3,31.818
2022-03-03,26.23,34.95,18.19,24.86,0.0,1.52,18.97,96.74,18.03,3.86,IDR,22.72,75.86,subtropical_dry,NASA_POWER_daily_ag,4.926,8.605,0.8053,dewpoint,479.7,31.981
2022-03-04,25.32,35.11,17.22,25.42,0.0,2.38,21.1,96.78,1.81,3.09,IDR,22.72,75.86,subtropical_dry,NASA_POWER_daily_ag,6.035,9.21,0.7626,dewpoint,475.5,32.144
2022-03-05,25.4,35.27,16.4,24.55,0.0,1.99,21.88,96.74,0.55,2.52,IDR,22.72,75.86,subtropical_dry,NASA_POWER_daily_ag,5.696,9.438,0.7323,dewpoint,479.7,32.306
2022-03-06,25.73,35.75,15.86,20.71,0.0,1.41,21.13,96.6,4.14,0.54,IDR,22.72,75.86,subtropical_dry,NASA_POWER_daily_ag,4.982,9.009,0.6352,dewpoint,494.6,32.467
2022-03-07,27.59,35.18,20.1,26.88,0.01,1.97,14.74,96.61,49.72,6.57,IDR,22.72,75.86,subtropical_dry,NASA_POWER_daily_ag,5.279,7.667,0.9727,dewpoint,493.6,32.628
2022-03-08,26.57,32.29,22.66,35.06,0.81,1.21,13.48,96.69,60.73,9.56,IDR,22.72,75.86,subtropical_dry,NASA_POWER_daily_ag,3.934,7.523,1.1922,dewpoint,485.0,32.788
2022-03-09,26.88,35.1,19.69,33.32,0.62,1.8,18.64,96.65,17.7,8.56,IDR,22.72,75.86,subtropical_dry,NASA_POWER_daily_ag,5.235,9.294,1.1144,dewpoint,489.3,32.947
2022-03-10,28.02,34.86,21.54,31.59,0.71,0.72,19.42,96.58,21.62,8.91,IDR,22.72,75.86,subtropical_dry,NASA_POWER_daily_ag,4.093,9.608,1.1411,dewpoint,496.8,33.105
2022-03-11,26.95,35.64,19.13,29.27,0.56,1.77,21.79,96.6,2.86,6.17,IDR,22.72,75.86,subtropical_dry,NASA_POWER_daily_ag,5.62,10.113,0.9462,dewpoint,494.6,33.263
2022-03-12,27.02,36.09,18.32,23.88,0.0,1.47,23.14,96.58,0.0,2.73,IDR,22.72,75.86,subtropical_dry,NASA_POWER_daily_ag,5.434,10.075,0.7434,dewpoint,496.8,33.419
2022-03-13,27.91,37.6,18.99,20.32,0.0,1.6,23.11,96.58,0.04,1.47,IDR,22.72,75.86,subtropical_dry,NASA_POWER_daily_ag,5.731,9.812,0.6793,dewpoint,496.8,33.574
2022-03-14,30.19,38.89,21.55,17.74,0.0,0.81,24.23,96.54,0.4,2.18,IDR,22.72,75.86,subtropical_dry,NASA_POWER_daily_ag,4.772,10.09,0.7148,dewpoint,501.0,33.728
2022-03-15,30.55,40.49,20.36,18.66,0.0,1.89,23.47,96.34,0.12,2.46,IDR,22.72,75.86,subtropical_dry,NASA_POWER_daily_ag,6.542,9.942,0.7292,dewpoint,522.4,33.881
2022-03-16,30.57,41.24,20.9,16.89,0.0,2.56,24.15,96.21,2.35,1.24,IDR,22.72,75.86,subtropical_dry,NASA_POWER_daily_ag,7.615,9.923,0.6682,dewpoint,536.3,34.032
2022-03-17,31.12,42.05,21.64,16.49,0.0,2.78,24.26,96.15,1.01,1.35,IDR,22.72,75.86,subtropical_dry,NASA_POWER_daily_ag,8.039,9.937,0.6735,dewpoint,542.7,34.183
2022-03-18,31.14,41.61,20.88,17.62,0.0,1.95,24.89,96.06,1.66,2.52,IDR,22.72,75.86,subtropical_dry,NASA_POWER_daily_ag,6.859,10.428,0.7323,dewpoint,552.3,34.331
2022-03-19,31.34,41.16,22.23,17.83,0.0,2.19,24.48,96.01,6.38,1.91,IDR,22.72,75.86,subtropical_dry,NASA_POWER_daily_ag,7.238,10.222,0.7011,dewpoint,557.7,34.479
2022-03-20,30.83,40.34,21.98,16.03,0.0,3.34,23.11,96.04,12.57,1.37,IDR,22.72,75.86,subtropical_dry,NASA_POWER_daily_ag,8.732,9.861,0.6745,dewpoint,554.5,34.624
2022-03-21,30.36,39.43,22.39,14.95,0.0,3.57,20.6,96.24,46.34,0.39,IDR,22.72,75.86,subtropical_dry,NASA_POWER_daily_ag,8.806,9.096,0.6284,dewpoint,533.1,34.769
2022-03-22,30.53,40.08,21.93,14.14,0.0,2.77,21.63,96.26,19.98,-0.47,IDR,22.72,75.86,subtropical_dry,NASA_POWER_daily_ag,7.851,9.303,0.5902,dewpoint,530.9,34.911
2022-03-23,31.29,40.66,21.57,16.03,0.0,2.36,19.2,96.2,73.44,1.55,IDR,22.72,75.86,subtropical_dry,NASA_POWER_daily_ag,7.138,8.886,0.6832,dewpoint,537.4,35.052
2022-03-24,32.05,40.41,24.18,17.91,0.0,3.55,18.67,96.13,84.33,4.15,IDR,22.72,75.86,subtropical_dry,NASA_POWER_daily_ag,8.841,8.976,0.8219,dewpoint,544.8,35.191
2022-03-25,31.85,40.45,24.2,16.78,0.0,3.39,16.19,96.2,84.39,2.92,IDR,22.72,75.86,subtropical_dry,NASA_POWER_daily_ag,8.458,8.127,0.7535,dewpoint,537.4,35.328
2022-03-26,31.78,40.63,24.48,19.15,0.0,3.04,22.32,96.39,34.92,4.67,IDR,22.72,75.86,subtropical_dry,NASA_POWER_daily_ag,8.384,10.231,0.8524,dewpoint,517.0,35.464
2022-03-27,31.27,41.2,21.75,18.77,0.0,2.67,24.43,96.45,0.87,2.98,IDR,22.72,75.86,subtropical_dry,NASA_POWER_daily_ag,8.033,10.757,0.7567,dewpoint,510.6,35.598
2022-03-28,31.39,41.18,22.46,17.7,0.0,2.88,25.47,96.39,1.35,1.96,IDR,22.72,75.86,subtropical_dry,NASA_POWER_daily_ag,8.474,10.918,0.7036,dewpoint,517.0,35.729
2022-03-29,31.11,41.31,22.04,17.19,0.0,3.27,25.59,96.27,3.69,1.11,IDR,22.72,75.86,subtropical_dry,NASA_POWER_daily_ag,9.002,10.878,0.6619,dewpoint,529.9,35.859
2022-03-30,31.03,41.63,20.91,12.06,0.0,2.5,26.14,96.21,6.28,-3.2,IDR,22.72,75.86,subtropical_dry,NASA_POWER_daily_ag,7.999,10.461,0.4824,dewpoint,536.3,35.987
2022-03-31,31.29,41.84,20.69,17.04,0.0,2.12,26.0,96.25,0.9,0.28,IDR,22.72,75.86,subtropical_dry,NASA_POWER_daily_ag,7.43,10.99,0.6234,dewpoint,532.0,36.113
2022-04-01,31.57,41.83,21.55,16.12,0.0,2.45,26.05,96.26,6.0,1.6,IDR,22.72,75.86,subtropical_dry,NASA_POWER_daily_ag,7.982,11.215,0.6857,dewpoint,530.9,36.237
2022-04-02,32.06,41.99,22.12,15.25,0.0,2.04,25.28,96.35,15.13,1.03,IDR,22.72,75.86,subtropical_dry,NASA_POWER_daily_ag,7.364,10.891,0.6581,dewpoint,521.3,36.359
2022-04-03,32.17,42.24,22.31,14.52,0.0,2.49,25.87,96.35,5.07,0.06,IDR,22.72,75.86,subtropical_dry,NASA_POWER_daily_ag,8.165,10.928,0.6135,dewpoint,521.3,36.479
2022-04-04,32.42,42.38,22.77,12.87,0.0,2.57,26.59,96.36,6.31,-1.36,IDR,22.72,75.86,subtropical_dry,NASA_POWER_daily_ag,8.409,10.917,0.5529,dewpoint,520.3,36.596
2022-04-05,33.42,43.09,24.06,12.92,0.0,2.45,26.69,96.48,15.3,-0.68,IDR,22.72,75.86,subtropical_dry,NASA_POWER_daily_ag,8.378,10.968,0.5812,dewpoint,507.4,36.712
2022-04-06,33.99,43.21,25.13,17.27,0.0,3.13,25.13,96.47,13.19,4.26,IDR,22.72,75.86,subtropical_dry,NASA_POWER_daily_ag,9.35,11.294,0.8283,dewpoint,508.5,36.825
2022-04-07,34.38,43.36,24.89,13.91,0.0,1.8,25.1,96.36,13.27,2.02,IDR,22.72,75.86,subtropical_dry,NASA_POWER_daily_ag,7.272,10.959,0.7067,dewpoint,520.3,36.937
2022-04-08,34.34,43.77,24.85,13.4,0.0,2.21,25.15,96.18,14.86,1.55,IDR,22.72,75.86,subtropical_dry,NASA_POWER_daily_ag,7.994,10.918,0.6832,dewpoint,539.5,37.046
2022-04-09,34.29,43.37,24.44,15.32,0.0,3.32,25.46,96.1,4.83,3.21,IDR,22.72,75.86,subtropical_dry,NASA_POWER_daily_ag,9.793,11.36,0.7691,dewpoint,548.1,37.153
2022-04-10,34.1,43.09,24.77,17.73,0.0,3.83,25.41,96.13,6.97,4.43,IDR,22.72,75.86,subtropical_dry,NASA_POWER_daily_ag,10.438,11.58,0.8382,dewpoint,544.8,37.257
2022-04-11,34.28,42.88,25.13,21.39,0.0,3.87,23.12,96.09,48.02,7.81,IDR,22.72,75.86,subtropical_dry,NASA_POWER_daily_ag,10.129,11.375,1.059,dewpoint,549.1,37.36
2022-04-12,34.39,43.11,26.01,17.06,0.0,3.58,21.65,96.0,61.58,4.91,IDR,22.72,75.86,subtropical_dry,NASA_POWER_daily_ag,9.79,10.42,0.8668,dewpoint,558.8,37.46
2022-04-13,33.48,41.82,26.19,13.86,0.0,3.04,24.13,95.97,11.67,1.48,IDR,22.72,75.86,subtropical_dry,NASA_POWER_daily_ag,9.152,10.813,0.6798,dewpoint,562.0,37.558
2022-04-14,32.72,42.02,24.01,14.76,0.0,3.66,26.2,95.95,4.98,0.91,IDR,22.72,75.86,subtropical_dry,NASA_POWER_daily_ag,10.106,11.487,0.6525,dewpoint,564.1,37.654
2022-04-15,31.48,41.01,21.94,20.74,0.0,3.63,27.53,95.98,2.39,3.43,IDR,22.72,75.86,subtropical_dry,NASA_POWER_daily_ag,9.805,12.532,0.7812,dewpoint,560.9,37.748
2022-04-16,31.76,40.69,22.83,27.01,0.0,3.59,26.64,95.94,2.41,7.76,IDR,22.72,75.86,subtropical_dry,NASA_POWER_daily_ag,9.498,13.004,1.0554,dewpoint,565.2,37.839
2022-04-17,32.69,41.84,23.1,21.55,0.0,3.43,26.92,96.01,4.23,4.91,IDR,22.72,75.86,subtropical_dry,NASA_POWER_daily_ag,9.729,12.531,0.8668,dewpoint,557.7,37.928
2022-04-18,33.42,42.47,23.96,20.19,0.0,3.36,26.73,96.21,3.0,5.41,IDR,22.72,75.86,subtropical_dry,NASA_POWER_daily_ag,9.771,12.496,0.8976,dewpoint,536.3,38.016
2022-04-19,33.83,42.44,24.37,14.92,0.0,3.83,26.94,96.37,27.28,2.08,IDR,22.72,75.86,subtropical_dry,NASA_POWER_daily_ag,10.696,11.992,0.7097,dewpoint,519.2,38.1
2022-04-20,33.99,41.15,26.96,14.54,0.0,4.33,26.88,96.22,28.1,2.38,IDR,22.72,75.86,subtropical_dry,NASA_POWER_daily_ag,11.401,11.998,0.7251,dewpoint,535.2,38.183
2022-04-21,34.18,41.33,28.13,19.66,0.0,3.53,11.23,96.15,85.99,6.88,IDR,22.72,75.86,subtropical_dry,NASA_POWER_daily_ag,8.569,7.135,0.9936,dewpoint,542.7,38.264
2022-04-22,34.1,41.87,26.07,19.84,0.0,2.41,22.67,96.22,33.04,6.63,IDR,22.72,75.86,subtropical_dry,NASA_POWER_daily_ag,8.081,11.28,0.9767,dewpoint,535.2,38.342
2022-04-23,33.88,41.33,26.19,17.62,0.0,3.4,23.36,96.24,27.32,5.63,IDR,22.72,75.86,subtropical_dry,NASA_POWER_daily_ag,9.625,11.417,0.9114,dewpoint,533.1,38.418
2022-04-24,34.35,42.36,27.0,15.26,0.0,4.22,25.5,96.19,15.44,3.55,IDR,22.72,75.86,subtropical_dry,NASA_POWER_daily_ag,11.183,11.764,0.7879,dewpoint,538.4,38.492
2022-04-25,33.62,42.56,24.46,12.82,0.0,3.84,27.67,96.15,0.87,0.38,IDR,22.72,75.86,subtropical_dry,NASA_POWER_daily_ag,10.805,12.088,0.6279,dewpoint,542.7,38.564
2022-04-26,33.6,42.29,24.65,13.86,0.0,3.75,27.52,96.15,1.59,1.72,IDR,22.72,75.86,subtropical_dry,NASA_POWER_daily_ag,10.623,12.291,0.6916,dewpoint,542.7,38.634
2022-04-27,34.33,43.78,24.42,12.7,0.0,2.68,28.2,96.1,0.41,0.35,IDR,22.72,75.86,subtropical_dry,NASA_POWER_daily_ag,9.226,12.216,0.6265,dewpoint,548.1,38.702
2022-04-28,35.46,44.65,25.72,14.9,0.0,3.56,27.66,96.13,4.18,2.8,IDR,22.72,75.86,subtropical_dry,NASA_POWER_daily_ag,10.753,12.358,0.7471,dewpoint,544.8,38.768
2022-04-29,35.5,44.11,26.14,17.11,0.0,4.44,27.2,96.17,4.42,5.31,IDR,22.72,75.86,subtropical_dry,NASA_POWER_daily_ag,11.899,12.684,0.8914,dewpoint,540.6,38.831
2022-04-30,34.66,43.07,25.5,22.14,0.0,4.08,28.06,95.95,0.59,7.67,IDR,22.72,75.86,subtropical_dry,NASA_POWER_daily_ag,11.123,13.562,1.0489,dewpoint,564.1,38.893
2022-05-01,34.95,43.06,26.2,29.11,0.0,4.21,26.45,95.8,9.12,12.12,IDR,22.72,75.86,subtropical_dry,NASA_POWER_daily_ag,10.83,13.819,1.4137,dewpoint,580.2,38.953
2022-05-02,34.58,42.81,26.95,30.84,0.0,4.42,27.35,95.83,7.4,12.5,IDR,22.72,75.86,subtropical_dry,NASA_POWER_daily_ag,11.005,14.275,1.4495,dewpoint,577.0,39.011
2022-05-03,34.19,42.14,26.19,29.06,0.0,4.16,27.19,95.98,4.83,11.8,IDR,22.72,75.86,subtropical_dry,NASA_POWER_daily_ag,10.658,14.129,1.3842,dewpoint,560.9,39.066
2022-05-04,33.51,41.88,24.86,28.45,0.0,3.78,27.58,96.14,1.64,10.45,IDR,22.72,75.86,subtropical_dry,NASA_POWER_daily_ag,10.193,14.087,1.2655,dewpoint,543.8,39.12
2022-05-05,33.78,41.55,25.26,25.2,0.0,3.23,26.84,96.09,9.61,9.43,IDR,22.72,75.86,subtropical_dry,NASA_POWER_daily_ag,9.58,13.598,1.1818,dewpoint,549.1,39.172
2022-05-06,34.69,42.89,26.6,22.38,0.0,3.52,26.1,96.0,10.33,8.86,IDR,22.72,75.86,subtropical_dry,NASA_POWER_daily_ag,10.127,13.091,1.1372,dewpoint,558.8,39.223
2022-05-07,34.9,41.91,27.29,21.64,0.0,3.08,19.07,95.98,36.37,9.07,IDR,22.72,75.86,subtropical_dry,NASA_POWER_daily_ag,8.781,10.405,1.1535,dewpoint,560.9,39.271
2022-05-08,36.21,44.49,27.99,18.08,0.0,3.32,23.87,95.81,34.22,6.97,IDR,22.72,75.86,subtropical_dry,NASA_POWER_daily_ag,10.053,11.826,0.9998,dewpoint,579.1,39.318
2022-05-09,36.59,44.52,28.57,16.21,0.0,3.46,22.66,95.65,51.14,5.85,IDR,22.72,75.86,subtropical_dry,NASA_POWER_daily_ag,10.278,11.218,0.9254,dewpoint,596.3,39.363
2022-05-10,36.59,45.66,27.42,15.0,0.0,2.63,23.28,95.62,60.05,4.78,IDR,22.72,75.86,subtropical_dry,NASA_POWER_daily_ag,9.017,11.285,0.859,dewpoint,599.5,39.406
2022-05-11,36.9,45.49,28.45,16.66,0.0,1.9,24.8,95.59,28.65,6.14,IDR,22.72,75.86,subtropical_dry,NASA_POWER_daily_ag,7.921,11.999,0.9442,dewpoint,602.8,39.447
2022-05-12,37.25,46.62,27.51,17.64,0.0,3.2,23.73,95.51,33.66,6.6,IDR,22.72,75.86,subtropical_dry,NASA_POWER_daily_ag,10.085,11.689,0.9747,dewpoint,611.4,39.487
2022-05-13,36.67,45.73,27.36,26.5,0.0,5.15,26.0,95.5,16.7,10.62,IDR,22.72,75.86,subtropical_dry,NASA_POWER_daily_ag,12.654,13.308,1.2799,dewpoint,612.4,39.525
2022-05-14,35.32,44.2,26.39,33.98,0.0,5.09,24.75,95.63,32.67,13.62,IDR,22.72,75.86,subtropical_dry,NASA_POWER_daily_ag,11.586,13.47,1.5596,dewpoint,598.5,39.562
2022-05-15,34.89,43.74,26.05,35.4,0.0,5.03,26.49,95.79,37.74,13.94,IDR,22.72,75.86,subtropical_dry,NASA_POWER_daily_ag,11.523,14.34,1.5924,dewpoint,581.3,39.597
2022-05-16,34.78,42.97,26.88,30.62,0.0,4.68,27.22,95.84,28.64,11.74,IDR,22.72,75.86,subtropical_dry,NASA_POWER_daily_ag,11.476,14.202,1.3787,dewpoint,575.9,39.63
2022-05-17,34.04,42.12,26.57,30.27,0.0,4.12,26.83,95.72,6.08,11.77,IDR,22.72,75.86,subtropical_dry,NASA_POWER_daily_ag,10.552,14.105,1.3814,dewpoint,588.8,39.662
2022-05-18,33.79,42.02,25.32,31.15,0.0,3.53,25.94,95.82,6.91,11.75,IDR,22.72,75.86,subtropical_dry,NASA_POWER_daily_ag,9.707,13.778,1.3796,dewpoint,578.1,39.693
2022-05-19,35.69,44.0,26.64,22.92,0.0,3.24,25.65,95.81,6.8,9.38,IDR,22.72,75.86,subtropical_dry,NASA_POWER_daily_ag,9.934,13.084,1.1779,dewpoint,579.1,39.722
2022-05-20,35.48,43.89,26.94,28.31,0.0,5.17,26.36,95.75,1.74,12.55,IDR,22.72,75.86,subtropical_dry,NASA_POWER_daily_ag,12.082,13.989,1.4542,dewpoint,585.6,39.75
2022-05-21,32.48,40.78,24.97,43.15,0.0,7.46,27.46,95.65,9.29,15.96,IDR,22.72,75.86,subtropical_dry,NASA_POWER_daily_ag,12.052,15.433,1.8136,dewpoint,596.3,39.776
2022-05-22,31.66,40.08,24.74,51.03,0.0,7.02,26.51,95.53,7.42,18.82,IDR,22.72,75.86,subtropical_dry,NASA_POWER_daily_ag,10.367,15.655,2.1728,dewpoint,609.2,39.801
2022-05-23,32.3,40.08,25.35,49.07,0.17,5.85,23.79,95.53,37.33,18.83,IDR,22.72,75.86,subtropical_dry,NASA_POWER_daily_ag,9.731,14.245,2.1742,dewpoint,609.2,39.825
2022-05-24,32.61,39.99,25.81,45.19,0.69,4.38,21.32,95.88,73.99,17.22,IDR,22.72,75.86,subtropical_dry,NASA_POWER_daily_ag,8.876,12.702,1.9649,dewpoint,571.6,39.847
2022-05-25,33.76,40.73,25.84,44.06,0.01,4.42,22.66,96.04,31.09,18.15,IDR,22.72,75.86,subtropical_dry,NASA_POWER_daily_ag,9.357,13.509,2.0835,dewpoint,554.5,39.868
2022-05-26,33.81,41.11,26.42,39.68,0.01,5.43,25.97,95.96,4.0,16.83,IDR,22.72,75.86,subtropical_dry,NASA_POWER_daily_ag,10.905,14.862,1.917,dewpoint,563.0,39.888
2022-05-27,32.5,39.84,25.37,46.21,0.01,6.19,27.7,95.91,3.4,17.68,IDR,22.72,75.86,subtropical_dry,NASA_POWER_daily_ag,10.843,15.993,2.0228,dewpoint,568.4,39.907
2022-05-28,32.74,40.57,25.84,46.09,0.0,6.25,26.44,95.83,19.28,17.68,IDR,22.72,75.86,subtropical_dry,NASA_POWER_daily_ag,10.848,15.327,2.0228,dewpoint,577.0,39.924
2022-05-29,32.56,39.82,25.44,46.85,0.0,5.81,23.73,95.84,23.71,18.3,IDR,22.72,75.86,subtropical_dry,NASA_POWER_daily_ag,9.984,14.129,2.1032,dewpoint,575.9,39.941
2022-05-30,33.5,41.26,25.69,45.42,0.0,5.41,23.78,95.81,21.57,18.63,IDR,22.72,75.86,subtropical_dry,NASA_POWER_daily_ag,10.073,14.174,2.1472,dewpoint,579.1,39.956
2022-05-31,33.82,41.81,25.6,40.6,0.0,4.83,26.09,95.75,9.29,16.13,IDR,22.72,75.86,subtropical_dry,NASA_POWER_daily_ag,10.542,14.79,1.8334,dewpoint,585.6,39.971
2022-06-01,35.08,43.31,25.62,30.32,0.09,5.16,24.26,95.72,40.52,12.3,IDR,22.72,75.86,subtropical_dry,NASA_POWER_daily_ag,11.741,13.158,1.4306,dewpoint,588.8,39.984
2022-06-02,35.04,42.94,26.34,27.91,0.14,5.48,24.07,95.77,61.24,11.53,IDR,22.72,75.86,subtropical_dry,NASA_POWER_daily_ag,12.159,12.935,1.3597,dewpoint,583.4,39.996
2022-06-03,35.04,42.79,27.64,29.61,0.0,4.92,26.17,95.74,31.6,12.67,IDR,22.72,75.86,subtropical_dry,NASA_POWER_daily_ag,11.621,14.011,1.4657,dewpoint,586.6,40.007
2022-06-04,34.56,42.45,26.25,30.26,0.0,4.75,26.92,95.75,21.94,12.16,IDR,22.72,75.86,subtropical_dry,NASA_POWER_daily_ag,11.423,14.302,1.4174,dewpoint,585.6,40.018
2022-06-05,35.01,42.76,25.9,26.19,0.0,4.36,26.4,95.77,10.26,10.51,IDR,22.72,75.86,subtropical_dry,NASA_POWER_daily_ag,11.256,13.758,1.2706,dewpoint,583.4,40.027
2022-06-06,35.01,42.65,26.36,28.08,0.0,5.32,26.36,95.76,39.19,11.46,IDR,22.72,75.86,subtropical_dry,NASA_POWER_daily_ag,12.239,13.913,1.3534,dewpoint,584.5,40.035
2022-06-07,34.27,42.27,26.68,32.61,0.0,5.57,25.98,95.78,13.77,12.66,IDR,22.72,75.86,subtropical_dry,NASA_POWER_daily_ag,11.978,13.99,1.4648,dewpoint,582.4,40.043
2022-06-08,34.0,40.94,26.98,40.84,0.05,5.71,23.01,95.76,27.44,17.88,IDR,22.72,75.86,subtropical_dry,NASA_POWER_daily_ag,10.619,13.635,2.0485,dewpoint,584.5,40.049
2022-06-09,34.0,40.7,27.18,42.21,0.41,5.52,27.13,95.7,13.72,17.76,IDR,22.72,75.86,subtropical_dry,NASA_POWER_daily_ag,11.013,15.67,2.033,dewpoint,590.9,40.055
2022-06-10,34.12,41.41,26.66,43.99,0.4,5.36,25.71,95.72,40.7,18.52,IDR,22.72,75.86,subtropical_dry,NASA_POWER_daily_ag,10.595,15.12,2.1324,dewpoint,588.8,40.06
2022-06-11,32.6,37.88,27.03,49.22,8.43,4.41,21.41,95.79,61.49,19.86,IDR,22.72,75.86,subtropical_dry,NASA_POWER_daily_ag,8.364,13.239,2.3181,dewpoint,581.3,40.064
2022-06-12,28.42,31.87,25.34,75.88,32.39,2.55,19.38,95.89,82.84,23.61,IDR,22.72,75.86,subtropical_dry,NASA_POWER_daily_ag,4.778,12.837,2.9148,dewpoint,570.6,40.067
2022-06-13,27.97,31.53,24.72,73.68,1.13,2.67,20.15,96.04,82.9,22.54,IDR,22.72,75.86,subtropical_dry,NASA_POWER_daily_ag,5.002,13.136,2.7322,dewpoint,554.5,40.069
2022-06-14,30.51,37.28,24.17,57.76,0.07,4.09,24.76,95.97,60.64,20.23,IDR,22.72,75.86,subtropical_dry,NASA_POWER_daily_ag,7.686,15.175,2.3718,dewpoint,562.0,40.071
2022-06-15,29.48,35.07,24.7,64.89,1.38,4.09,22.37,95.88,77.43,21.73,IDR,22.72,75.86,subtropical_dry,NASA_POWER_daily_ag,6.549,14.198,2.6007,dewpoint,571.6,40.071
2022-06-16,29.52,33.68,24.92,68.06,1.28,3.18,21.79,95.83,79.36,22.61,IDR,22.72,75.86,subtropical_dry,NASA_POWER_daily_ag,5.933,14.052,2.7438,dewpoint,577.0,40.071
2022-06-17,29.67,34.56,25.04,67.75,3.31,3.27,18.74,95.8,94.04,22.59,IDR,22.72,75.86,subtropical_dry,NASA_POWER_daily_ag,5.566,12.285,2.7405,dewpoint,580.2,40.071
2022-06-18,29.83,35.53,24.84,66.08,10.19,3.15,21.76,95.81,78.8,22.09,IDR,22.72,75.86,subtropical_dry,NASA_POWER_daily_ag,6.135,13.908,2.6585,dewpoint,579.1,40.069
2022-06-19,28.88,33.2,24.78,70.32,5.1,3.76,21.17,95.81,83.32,22.53,IDR,22.72,75.86,subtropical_dry,NASA_POWER_daily_ag,5.8,13.693,2.7306,dewpoint,579.1,40.067
2022-06-20,27.66,31.22,25.09,79.34,11.95,4.22,20.63,95.68,72.86,23.54,IDR,22.72,75.86,subtropical_dry,NASA_POWER_daily_ag,4.967,13.577,2.9025,dewpoint,593.1,40.064
2022-06-21,28.54,33.85,24.76,74.35,13.41,3.76,20.24,95.54,90.8,23.02,IDR,22.72,75.86,subtropical_dry,NASA_POWER_daily_ag,5.382,13.229,2.8128,dewpoint,608.1,40.06
2022-06-22,29.05,34.46,24.01,71.67,7.5,1.93,17.32,95.78,78.72,22.81,IDR,22.72,75.86,subtropical_dry,NASA_POWER_daily_ag,4.574,11.512,2.7773,dewpoint,582.4,40.055
2022-06-23,29.42,33.76,25.11,72.75,16.74,1.52,18.34,95.92,86.61,23.6,IDR,22.72,75.86,subtropical_dry,NASA_POWER_daily_ag,4.564,12.2,2.913,dewpoint,567.3,40.05
2022-06-24,29.24,34.3,25.21,72.88,7.73,1.96,16.5,95.76,88.59,23.45,IDR,22.72,75.86,subtropical_dry,NASA_POWER_daily_ag,4.399,11.099,2.8868,dewpoint,584.5,40.044
2022-06-25,29.67,35.32,25.16,67.4,3.74,2.09,20.62,95.52,60.89,22.35,IDR,22.72,75.86,subtropical_dry,NASA_POWER_daily_ag,5.393,13.306,2.7009,dewpoint,610.3,40.037
2022-06-26,29.92,35.51,24.68,66.09,0.54,1.95,16.22,95.53,92.93,22.31,IDR,22.72,75.86,subtropical_dry,NASA_POWER_daily_ag,4.688,10.806,2.6943,dewpoint,609.2,40.029
2022-06-27,29.26,33.96,25.3,72.16,1.84,2.38,14.09,95.68,94.33,23.42,IDR,22.72,75.86,subtropical_dry,NASA_POWER_daily_ag,4.18,9.693,2.8816,dewpoint,593.1,40.021
2022-06-28,27.57,31.29,25.0,76.87,0.79,3.64,17.13,95.7,93.57,22.94,IDR,22.72,75.86,subtropical_dry,NASA_POWER_daily_ag,4.53,11.442,2.7993,dewpoint,590.9,40.012
2022-06-29,26.72,30.21,24.32,81.43,1.1,3.75,15.32,95.59,98.39,23.12,IDR,22.72,75.86,subtropical_dry,NASA_POWER_daily_ag,3.882,10.425,2.8299,dewpoint,602.8,40.002
2022-06-30,27.85,32.49,25.09,78.29,8.34,3.83,10.72,95.55,99.18,23.38,IDR,22.72,75.86,subtropical_dry,NASA_POWER_daily_ag,3.631,7.732,2.8747,dewpoint,607.1,39.991
2022-07-01,27.01,29.86,24.83,81.33,6.06,3.82,16.8,95.63,98.43,23.32,IDR,22.72,75.86,subtropical_dry,NASA_POWER_daily_ag,4.158,11.31,2.8643,dewpoint,598.5,39.98
2022-07-02,27.3,31.61,24.39,79.63,6.39,2.98,14.97,95.49,96.43,23.16,IDR,22.72,75.86,subtropical_dry,NASA_POWER_daily_ag,3.92,10.209,2.8367,dewpoint,613.5,39.967
2022-07-03,26.91,30.47,24.43,83.5,11.16,3.53,17.73,95.49,95.25,23.7,IDR,22.72,75.86,subtropical_dry,NASA_POWER_daily_ag,4.096,11.9,2.9306,dewpoint,613.5,39.954
2022-07-04,26.58,29.77,24.04,81.72,12.43,2.61,12.61,95.47,98.94,23.02,IDR,22.72,75.86,subtropical_dry,NASA_POWER_daily_ag,3.295,8.835,2.8128,dewpoint,615.7,39.94
2022-07-05,26.52,29.48,23.94,85.98,43.03,2.88,3.16,95.3,93.71,23.88,IDR,22.72,75.86,subtropical_dry,NASA_POWER_daily_ag,1.662,3.258,2.9625,dewpoint,634.0,39.926
2022-07-06,27.69,32.14,24.57,83.19,12.82,1.66,19.76,95.44,81.02,24.36,IDR,22.72,75.86,subtropical_dry,NASA_POWER_daily_ag,4.348,13.174,3.049,dewpoint,618.9,39.91
2022-07-07,26.93,30.54,24.34,85.14,17.29,3.48,13.26,95.7,98.48,24.09,IDR,22.72,75.86,subtropical_dry,NASA_POWER_daily_ag,3.324,9.277,3.0001,dewpoint,590.9,39.894
2022-07-08,25.96,28.02,24.61,89.56,5.77,4.76,12.14,95.54,98.39,24.09,IDR,22.72,75.86,subtropical_dry,NASA_POWER_daily_ag,2.795,8.62,3.0001,dewpoint,608.1,39.876
2022-07-09,26.23,29.43,24.28,86.61,11.44,4.3,15.05,95.44,89.69,23.73,IDR,22.72,75.86,subtropical_dry,NASA_POWER_daily_ag,3.453,10.321,2.9359,dewpoint,618.9,39.858
2022-07-10,26.71,31.08,23.81,83.0,11.18,4.57,11.65,95.53,96.79,23.36,IDR,22.72,75.86,subtropical_dry,NASA_POWER_daily_ag,3.39,8.279,2.8712,dewpoint,609.2,39.839
2022-07-11,26.38,30.25,23.94,84.49,14.87,4.11,8.97,95.67,99.63,23.38,IDR,22.72,75.86,subtropical_dry,NASA_POWER_daily_ag,2.807,6.706,2.8747,dewpoint,594.2,39.819
2022-07-12,26.32,29.76,24.14,87.62,18.61,4.21,9.15,95.54,99.55,24.03,IDR,22.72,75.86,subtropical_dry,NASA_POWER_daily_ag,2.562,6.822,2.9893,dewpoint,608.1,39.798
2022-07-13,26.54,28.96,24.27,91.4,50.12,3.72,7.05,95.25,99.51,25.01,IDR,22.72,75.86,subtropical_dry,NASA_POWER_daily_ag,1.944,5.559,3.1697,dewpoint,639.4,39.776
2022-07-14,27.02,30.4,24.71,88.97,39.7,2.07,11.14,95.1,99.2,24.96,IDR,22.72,75.86,subtropical_dry,NASA_POWER_daily_ag,2.674,8.045,3.1602,dewpoint,655.5,39.753
2022-07-15,26.67,30.34,23.65,86.6,12.96,2.52,16.41,95.29,99.75,24.11,IDR,22.72,75.86,subtropical_dry,NASA_POWER_daily_ag,3.627,11.158,3.0037,dewpoint,635.0,39.729
2022-07-16,26.53,29.8,23.4,85.53,5.52,2.66,18.73,95.5,85.8,23.76,IDR,22.72,75.86,subtropical_dry,NASA_POWER_daily_ag,4.026,12.501,2.9412,dewpoint,612.4,39.704
2022-07-17,26.6,30.22,23.85,86.0,9.11,3.05,16.1,95.73,97.11,23.94,IDR,22.72,75.86,subtropical_dry,NASA_POWER_daily_ag,3.623,10.947,2.9732,dewpoint,587.7,39.677
2022-07-18,25.53,28.89,23.68,91.21,38.34,4.42,5.58,95.55,99.91,23.96,IDR,22.72,75.86,subtropical_dry,NASA_POWER_daily_ag,1.752,4.688,2.9768,dewpoint,607.1,39.65
2022-07-19,24.9,27.86,23.31,90.51,32.91,5.07,5.19,95.65,98.65,23.21,IDR,22.72,75.86,subtropical_dry,NASA_POWER_daily_ag,1.769,4.475,2.8453,dewpoint,596.3,39.622
2022-07-20,25.62,28.25,23.44,89.49,12.56,3.92,10.34,95.8,96.86,23.71,IDR,22.72,75.86,subtropical_dry,NASA_POWER_daily_ag,2.516,7.518,2.9324,dewpoint,580.2,39.592
2022-07-21,26.35,30.29,23.65,85.77,0.89,3.88,16.98,95.87,97.86,23.63,IDR,22.72,75.86,subtropical_dry,NASA_POWER_daily_ag,3.783,11.425,2.9183,dewpoint,572.7,39.561
2022-07-22,25.64,29.32,23.53,87.61,1.73,3.76,12.56,95.93,98.75,23.34,IDR,22.72,75.86,subtropical_dry,NASA_POWER_daily_ag,2.956,8.803,2.8677,dewpoint,566.3,39.529
2022-07-23,25.18,27.57,23.5,88.69,4.78,3.22,10.1,95.69,99.82,23.12,IDR,22.72,75.86,subtropical_dry,NASA_POWER_daily_ag,2.476,7.356,2.8299,dewpoint,592.0,39.496
2022-07-24,26.01,29.59,23.71,88.55,9.24,3.52,5.61,95.61,99.49,23.89,IDR,22.72,75.86,subtropical_dry,NASA_POWER_daily_ag,1.922,4.705,2.9643,dewpoint,600.6,39.462
2022-07-25,24.62,26.71,23.05,90.82,13.97,3.16,9.35,95.92,99.9,23.0,IDR,22.72,75.86,subtropical_dry,NASA_POWER_daily_ag,2.196,6.912,2.8094,dewpoint,567.3,39.426
2022-07-26,25.37,29.04,22.73,87.53,10.89,2.81,12.03,96.11,99.59,23.04,IDR,22.72,75.86,subtropical_dry,NASA_POWER_daily_ag,2.816,8.472,2.8162,dewpoint,547.0,39.389
2022-07-27,26.0,29.84,23.1,85.46,1.37,2.63,11.98,96.13,98.26,23.22,IDR,22.72,75.86,subtropical_dry,NASA_POWER_daily_ag,2.955,8.444,2.847,dewpoint,544.8,39.351
2022-07-28,26.62,30.92,23.13,85.78,0.92,2.01,15.12,96.23,96.83,23.87,IDR,22.72,75.86,subtropical_dry,NASA_POWER_daily_ag,3.413,10.329,2.9607,dewpoint,534.1,39.311
2022-07-29,25.94,29.2,23.44,88.54,15.23,2.45,14.63,96.23,98.49,23.81,IDR,22.72,75.86,subtropical_dry,NASA_POWER_daily_ag,3.171,10.043,2.9501,dewpoint,534.1,39.269
2022-07-30,25.2,28.92,21.88,86.34,6.83,2.42,15.06,96.12,90.8,22.65,IDR,22.72,75.86,subtropical_dry,NASA_POWER_daily_ag,3.276,10.204,2.7505,dewpoint,545.9,39.227
2022-07-31,25.93,30.37,22.99,84.13,0.1,2.98,19.94,95.89,70.94,22.82,IDR,22.72,75.86,subtropical_dry,NASA_POWER_daily_ag,4.219,13.018,2.779,dewpoint,570.6,39.183
2022-08-01,26.14,29.98,22.91,85.64,0.13,2.89,16.41,95.88,86.91,23.38,IDR,22.72,75.86,subtropical_dry,NASA_POWER_daily_ag,3.634,11.039,2.8747,dewpoint,571.6,39.137
2022-08-02,26.46,30.61,23.46,86.42,1.03,2.55,12.92,95.78,96.76,23.86,IDR,22.72,75.86,subtropical_dry,NASA_POWER_daily_ag,3.071,9.016,2.9589,dewpoint,582.4,39.09
2022-08-03,26.59,30.05,23.81,86.7,3.95,1.77,16.72,95.77,95.83,24.08,IDR,22.72,75.86,subtropical_dry,NASA_POWER_daily_ag,3.606,11.286,2.9983,dewpoint,583.4,39.041
2022-08-04,26.66,30.51,23.7,87.01,10.73,2.2,16.86,95.63,95.23,24.19,IDR,22.72,75.86,subtropical_dry,NASA_POWER_daily_ag,3.645,11.376,3.0181,dewpoint,598.5,38.991
2022-08-05,26.46,29.66,24.16,90.23,33.77,2.68,17.76,95.54,85.31,24.68,IDR,22.72,75.86,subtropical_dry,NASA_POWER_daily_ag,3.606,11.978,3.1079,dewpoint,608.1,38.939
2022-08-06,25.94,29.3,23.73,87.91,10.27,1.82,17.68,95.46,90.69,23.68,IDR,22.72,75.86,subtropical_dry,NASA_POWER_daily_ag,3.659,11.804,2.9271,dewpoint,616.7,38.885
2022-08-07,25.28,27.2,23.71,92.37,8.67,1.64,10.24,95.4,99.44,23.94,IDR,22.72,75.86,subtropical_dry,NASA_POWER_daily_ag,2.269,7.435,2.9732,dewpoint,623.2,38.83
2022-08-08,25.69,28.07,23.32,90.59,10.42,1.69,13.13,95.27,98.94,24.02,IDR,22.72,75.86,subtropical_dry,NASA_POWER_daily_ag,2.815,9.154,2.9875,dewpoint,637.2,38.773
2022-08-09,26.63,29.49,23.84,89.04,47.45,1.29,14.55,95.14,99.01,24.61,IDR,22.72,75.86,subtropical_dry,NASA_POWER_daily_ag,3.162,10.034,3.0949,dewpoint,651.2,38.714
2022-08-10,26.36,29.64,23.89,89.59,48.14,1.93,7.81,94.94,99.78,24.43,IDR,22.72,75.86,subtropical_dry,NASA_POWER_daily_ag,2.054,5.986,3.0618,dewpoint,672.8,38.653
2022-08-11,25.55,29.07,23.23,90.91,20.7,4.24,11.87,95.15,99.12,23.92,IDR,22.72,75.86,subtropical_dry,NASA_POWER_daily_ag,2.609,8.385,2.9696,dewpoint,650.1,38.591
2022-08-12,25.53,29.7,22.64,89.98,5.07,4.15,15.08,95.47,90.45,23.7,IDR,22.72,75.86,subtropical_dry,NASA_POWER_daily_ag,3.113,10.255,2.9306,dewpoint,615.7,38.527
2022-08-13,25.47,29.73,22.6,89.08,2.51,4.22,15.95,95.67,81.05,23.47,IDR,22.72,75.86,subtropical_dry,NASA_POWER_daily_ag,3.285,10.735,2.8903,dewpoint,594.2,38.461
2022-08-14,25.42,29.53,22.38,88.5,1.65,3.37,13.07,95.83,96.6,23.29,IDR,22.72,75.86,subtropical_dry,NASA_POWER_daily_ag,2.921,9.036,2.8591,dewpoint,577.0,38.393
2022-08-15,24.35,26.76,22.29,91.73,9.36,4.96,8.92,95.71,99.56,22.91,IDR,22.72,75.86,subtropical_dry,NASA_POWER_daily_ag,2.077,6.613,2.7942,dewpoint,589.9,38.323
2022-08-16,24.04,26.27,22.45,93.43,30.39,4.85,5.62,95.65,99.69,22.92,IDR,22.72,75.86,subtropical_dry,NASA_POWER_daily_ag,1.512,4.692,2.7959,dewpoint,596.3,38.252
2022-08-17,25.09,29.13,22.07,90.82,47.65,4.17,14.56,95.9,69.32,23.44,IDR,22.72,75.86,subtropical_dry,NASA_POWER_daily_ag,2.929,9.908,2.8851,dewpoint,569.5,38.178
2022-08-18,25.16,29.3,21.97,89.69,3.69,3.16,14.32,95.95,74.3,23.27,IDR,22.72,75.86,subtropical_dry,NASA_POWER_daily_ag,2.991,9.746,2.8556,dewpoint,564.1,38.103
2022-08-19,25.78,29.97,22.6,88.63,1.51,3.12,14.97,95.94,79.44,23.67,IDR,22.72,75.86,subtropical_dry,NASA_POWER_daily_ag,3.198,10.146,2.9253,dewpoint,565.2,38.026
2022-08-20,24.31,26.3,23.17,93.09,9.3,3.02,12.08,95.96,92.4,23.12,IDR,22.72,75.86,subtropical_dry,NASA_POWER_daily_ag,2.406,8.436,2.8299,dewpoint,563.0,37.946
2022-08-21,24.67,27.01,23.11,92.25,3.25,3.86,8.94,95.79,99.6,23.32,IDR,22.72,75.86,subtropical_dry,NASA_POWER_daily_ag,2.043,6.61,2.8643,dewpoint,581.3,37.865
2022-08-22,23.97,25.32,22.84,93.96,37.53,5.28,3.93,95.51,99.53,22.95,IDR,22.72,75.86,subtropical_dry,NASA_POWER_daily_ag,1.263,3.697,2.801,dewpoint,611.4,37.782
2022-08-23,25.39,28.88,22.86,88.42,15.23,4.22,11.96,95.59,80.59,23.25,IDR,22.72,75.86,subtropical_dry,NASA_POWER_daily_ag,2.796,8.348,2.8522,dewpoint,602.8,37.696
2022-08-24,25.19,28.89,22.31,88.5,0.81,2.57,16.7,96.04,80.03,23.05,IDR,22.72,75.86,subtropical_dry,NASA_POWER_daily_ag,3.389,11.063,2.8179,dewpoint,554.5,37.609
2022-08-25,25.15,28.96,21.88,86.73,0.05,1.68,20.49,96.08,39.58,22.64,IDR,22.72,75.86,subtropical_dry,NASA_POWER_daily_ag,4.017,13.174,2.7488,dewpoint,550.2,37.519
2022-08-26,25.05,29.38,21.58,86.75,0.09,2.31,21.1,96.08,52.48,22.53,IDR,22.72,75.86,subtropical_dry,NASA_POWER_daily_ag,4.09,13.489,2.7306,dewpoint,550.2,37.428
2022-08-27,24.98,29.42,20.82,85.93,0.0,2.41,22.68,96.06,26.45,22.29,IDR,22.72,75.86,subtropical_dry,NASA_POWER_daily_ag,4.342,14.344,2.691,dewpoint,552.3,37.335
2022-08-28,24.92,28.64,20.99,83.89,0.0,1.73,19.04,96.09,92.67,21.83,IDR,22.72,75.86,subtropical_dry,NASA_POWER_daily_ag,3.854,12.214,2.6167,dewpoint,549.1,37.239
2022-08-29,24.61,27.34,22.08,88.82,0.21,1.15,14.09,96.28,96.85,22.57,IDR,22.72,75.86,subtropical_dry,NASA_POWER_daily_ag,2.906,9.496,2.7372,dewpoint,528.8,37.141
2022-08-30,25.47,29.37,22.42,85.48,0.54,1.44,17.47,96.31,71.79,22.71,IDR,22.72,75.86,subtropical_dry,NASA_POWER_daily_ag,3.593,11.398,2.7605,dewpoint,525.6,37.042
2022-08-31,26.47,30.52,22.35,84.96,4.51,1.47,19.66,96.14,49.15,23.61,IDR,22.72,75.86,subtropical_dry,NASA_POWER_daily_ag,4.051,12.765,2.9148,dewpoint,543.8,36.94
2022-09-01,26.44,29.46,23.44,87.01,17.04,1.13,8.26,96.12,92.36,24.04,IDR,22.72,75.86,subtropical_dry,NASA_POWER_daily_ag,2.097,6.175,2.9911,dewpoint,545.9,36.836
2022-09-02,27.33,30.62,23.91,84.62,9.68,0.91,20.44,96.23,77.03,24.43,IDR,22.72,75.86,subtropical_dry,NASA_POWER_daily_ag,4.235,13.317,3.0618,dewpoint,534.1,36.731
2022-09-03,27.32,31.32,23.94,85.1,0.72,1.44,22.04,96.12,40.4,24.46,IDR,22.72,75.86,subtropical_dry,NASA_POWER_daily_ag,4.519,14.237,3.0673,dewpoint,545.9,36.623
2022-09-04,26.48,29.82,24.03,90.14,5.72,2.08,11.16,96.07,90.75,24.67,IDR,22.72,75.86,subtropical_dry,NASA_POWER_daily_ag,2.543,7.88,3.106,dewpoint,551.3,36.513
2022-09-05,25.84,29.91,23.06,87.89,1.2,2.16,15.24,96.1,72.52,23.57,IDR,22.72,75.86,subtropical_dry,NASA_POWER_daily_ag,3.223,10.161,2.9078,dewpoint,548.1,36.401
2022-09-06,26.59,30.67,22.03,78.94,1.39,0.55,21.45,96.15,33.72,22.38,IDR,22.72,75.86,subtropical_dry,NASA_POWER_daily_ag,4.307,13.488,2.7058,dewpoint,542.7,36.288
2022-09-07,26.77,30.68,22.22,81.48,6.79,1.35,16.78,96.15,63.77,23.23,IDR,22.72,75.86,subtropical_dry,NASA_POWER_daily_ag,3.664,10.98,2.8488,dewpoint,542.7,36.172
2022-09-08,27.01,30.85,23.86,87.51,6.25,2.22,17.03,96.09,68.29,24.66,IDR,22.72,75.86,subtropical_dry,NASA_POWER_daily_ag,3.613,11.29,3.1042,dewpoint,549.1,36.054
2022-09-09,26.61,29.17,24.4,89.64,3.82,1.68,20.3,96.05,66.16,24.72,IDR,22.72,75.86,subtropical_dry,NASA_POWER_daily_ag,4.013,13.226,3.1153,dewpoint,553.4,35.935
2022-09-10,27.28,30.18,24.29,86.92,5.44,1.24,13.28,95.92,98.11,24.85,IDR,22.72,75.86,subtropical_dry,NASA_POWER_daily_ag,2.979,9.096,3.1396,dewpoint,567.3,35.813
2022-09-11,27.03,30.09,24.58,88.1,17.65,1.49,17.22,95.63,92.99,24.83,IDR,22.72,75.86,subtropical_dry,NASA_POWER_daily_ag,3.597,11.4,3.1358,dewpoint,598.5,35.69
2022-09-12,27.13,30.46,23.9,85.72,33.98,1.66,11.37,95.42,98.88,24.43,IDR,22.72,75.86,subtropical_dry,NASA_POWER_daily_ag,2.741,7.935,3.0618,dewpoint,621.0,35.564
2022-09-13,26.63,29.86,24.21,88.73,27.26,1.49,12.8,95.53,98.96,24.52,IDR,22.72,75.86,subtropical_dry,NASA_POWER_daily_ag,2.827,8.767,3.0783,dewpoint,609.2,35.437
2022-09-14,24.68,27.13,23.22,94.27,20.38,3.64,6.93,95.78,99.82,23.71,IDR,22.72,75.86,subtropical_dry,NASA_POWER_daily_ag,1.608,5.344,2.9324,dewpoint,582.4,35.308
2022-09-15,25.15,27.99,22.83,93.25,7.61,4.04,7.78,95.84,99.59,23.98,IDR,22.72,75.86,subtropical_dry,NASA_POWER_daily_ag,1.816,5.829,2.9803,dewpoint,575.9,35.177
2022-09-16,25.11,27.86,23.39,91.5,16.94,3.46,7.39,95.79,92.12,23.6,IDR,22.72,75.86,subtropical_dry,NASA_POWER_daily_ag,1.878,5.596,2.913,dewpoint,581.3,35.045
2022-09-17,25.51,29.12,23.12,89.18,7.75,2.76,17.69,95.97,61.34,23.52,IDR,22.72,75.86,subtropical_dry,NASA_POWER_daily_ag,3.458,11.427,2.899,dewpoint,562.0,34.911
2022-09-18,25.49,29.62,21.91,86.32,0.33,1.76,20.08,96.18,36.99,22.89,IDR,22.72,75.86,subtropical_dry,NASA_POWER_daily_ag,3.919,12.656,2.7908,dewpoint,539.5,34.775
2022-09-19,25.95,30.47,22.28,86.97,1.83,2.53,19.11,96.14,54.74,23.49,IDR,22.72,75.86,subtropical_dry,NASA_POWER_daily_ag,3.81,12.184,2.8938,dewpoint,543.8,34.637
2022-09-20,25.78,29.8,22.61,87.89,1.92,3.2,17.22,96.08,68.52,23.51,IDR,22.72,75.86,subtropical_dry,NASA_POWER_daily_ag,3.486,11.113,2.8973,dewpoint,550.2,34.498
2022-09-21,25.15,28.87,22.45,89.2,6.08,3.66,19.21,96.03,62.5,23.17,IDR,22.72,75.86,subtropical_dry,NASA_POWER_daily_ag,3.59,12.178,2.8385,dewpoint,555.5,34.358
2022-09-22,23.86,26.77,21.89,92.66,10.63,3.98,11.48,96.03,93.47,22.59,IDR,22.72,75.86,subtropical_dry,NASA_POWER_daily_ag,2.242,7.82,2.7405,dewpoint,555.5,34.216
2022-09-23,22.91,25.34,21.49,91.64,5.04,4.66,6.83,96.06,88.3,21.46,IDR,22.72,75.86,subtropical_dry,NASA_POWER_daily_ag,1.72,5.235,2.5582,dewpoint,552.3,34.072
2022-09-24,23.58,27.34,21.1,89.15,0.52,3.27,17.12,96.11,60.33,21.6,IDR,22.72,75.86,subtropical_dry,NASA_POWER_daily_ag,3.156,10.774,2.5802,dewpoint,547.0,33.927
2022-09-25,24.24,28.93,20.51,87.25,0.0,2.03,17.84,96.2,39.53,21.84,IDR,22.72,75.86,subtropical_dry,NASA_POWER_daily_ag,3.408,11.162,2.6183,dewpoint,537.4,33.781
2022-09-26,24.69,29.12,20.45,83.26,0.0,1.49,18.37,96.38,19.14,21.49,IDR,22.72,75.86,subtropical_dry,NASA_POWER_daily_ag,3.61,11.367,2.5629,dewpoint,518.1,33.633
2022-09-27,25.83,30.44,21.51,84.28,0.11,1.65,18.91,96.22,27.92,22.8,IDR,22.72,75.86,subtropical_dry,NASA_POWER_daily_ag,3.792,11.824,2.7756,dewpoint,535.2,33.485
2022-09-28,26.71,31.41,21.88,80.3,0.15,1.3,16.17,96.13,62.54,22.81,IDR,22.72,75.86,subtropical_dry,NASA_POWER_daily_ag,3.51,10.29,2.7773,dewpoint,544.8,33.335
2022-09-29,26.81,30.96,22.84,78.18,0.64,1.05,15.83,96.12,68.82,22.51,IDR,22.72,75.86,subtropical_dry,NASA_POWER_daily_ag,3.435,10.04,2.7272,dewpoint,545.9,33.184
2022-09-30,26.36,31.86,21.56,78.8,1.29,1.3,19.87,96.19,36.1,22.03,IDR,22.72,75.86,subtropical_dry,NASA_POWER_daily_ag,4.058,12.104,2.6488,dewpoint,538.4,33.031
2022-10-01,25.39,30.93,21.52,83.31,1.09,2.33,20.38,96.2,25.5,22.1,IDR,22.72,75.86,subtropical_dry,NASA_POWER_daily_ag,4.02,12.389,2.6601,dewpoint,537.4,32.878
2022-10-02,24.58,29.92,20.51,84.03,0.6,2.74,20.61,96.23,11.24,21.47,IDR,22.72,75.86,subtropical_dry,NASA_POWER_daily_ag,3.942,12.403,2.5597,dewpoint,534.1,32.724
2022-10-03,24.6,29.98,20.45,83.16,0.64,2.66,19.59,96.3,53.49,21.32,IDR,22.72,75.86,subtropical_dry,NASA_POWER_daily_ag,3.839,11.815,2.5363,dewpoint,526.7,32.569
2022-10-04,25.15,30.81,20.4,82.11,0.26,2.7,17.8,96.27,78.32,21.64,IDR,22.72,75.86,subtropical_dry,NASA_POWER_daily_ag,3.718,10.898,2.5865,dewpoint,529.9,32.414
2022-10-05,25.03,29.38,22.1,86.68,2.99,1.99,10.0,96.13,97.01,22.5,IDR,22.72,75.86,subtropical_dry,NASA_POWER_daily_ag,2.364,6.847,2.7256,dewpoint,544.8,32.257
2022-10-06,24.72,26.88,22.99,93.33,26.66,1.46,9.69,96.04,98.56,23.56,IDR,22.72,75.86,subtropical_dry,NASA_POWER_daily_ag,2.024,6.734,2.906,dewpoint,554.5,32.1
2022-10-07,24.45,26.52,23.25,92.8,35.97,2.19,10.54,96.04,97.59,23.19,IDR,22.72,75.86,subtropical_dry,NASA_POWER_daily_ag,2.14,7.169,2.8419,dewpoint,554.5,31.943
2022-10-08,24.43,27.32,22.28,93.89,21.67,3.07,10.08,96.05,98.09,23.37,IDR,22.72,75.86,subtropical_dry,NASA_POWER_daily_ag,2.005,6.918,2.8729,dewpoint,553.4,31.785
2022-10-09,25.1,29.24,21.72,86.99,2.75,1.35,15.57,96.38,68.27,22.66,IDR,22.72,75.86,subtropical_dry,NASA_POWER_daily_ag,3.075,9.785,2.7522,dewpoint,518.1,31.626
2022-10-10,25.61,28.83,22.31,86.98,17.5,0.6,14.41,96.45,73.1,23.18,IDR,22.72,75.86,subtropical_dry,NASA_POWER_daily_ag,2.881,9.212,2.8402,dewpoint,510.6,31.467
2022-10-11,25.59,29.72,22.43,87.43,3.15,1.66,14.65,96.3,91.45,23.25,IDR,22.72,75.86,subtropical_dry,NASA_POWER_daily_ag,2.977,9.322,2.8522,dewpoint,526.7,31.308
2022-10-12,24.18,28.56,20.07,80.12,0.69,1.96,17.85,96.45,70.18,20.22,IDR,22.72,75.86,subtropical_dry,NASA_POWER_daily_ag,3.56,10.55,2.3703,dewpoint,510.6,31.149
2022-10-13,22.0,27.49,17.69,79.59,0.0,1.92,22.04,96.59,7.29,18.08,IDR,22.72,75.86,subtropical_dry,NASA_POWER_daily_ag,3.808,12.222,2.0744,dewpoint,495.7,30.989
2022-10-14,21.11,28.0,15.17,75.59,0.0,1.99,21.93,96.61,0.14,16.25,IDR,22.72,75.86,subtropical_dry,NASA_POWER_daily_ag,3.815,11.81,1.8475,dewpoint,493.6,30.829
2022-10-15,21.11,28.21,15.11,74.82,0.0,1.84,21.39,96.55,0.33,16.07,IDR,22.72,75.86,subtropical_dry,NASA_POWER_daily_ag,3.741,11.491,1.8264,dewpoint,500.0,30.67
2022-10-16,21.1,27.64,15.03,76.77,0.0,2.04,21.08,96.69,0.18,16.52,IDR,22.72,75.86,subtropical_dry,NASA_POWER_daily_ag,3.68,11.426,1.8796,dewpoint,485.0,30.511
2022-10-17,22.92,28.72,17.47,80.96,0.03,1.84,17.36,96.72,14.82,19.32,IDR,22.72,75.86,subtropical_dry,NASA_POWER_daily_ag,3.27,10.078,2.2416,dewpoint,481.8,30.351
2022-10-18,23.53,29.23,18.85,78.66,0.08,1.58,16.68,96.56,35.8,19.42,IDR,22.72,75.86,subtropical_dry,NASA_POWER_daily_ag,3.257,9.705,2.2556,dewpoint,498.9,30.192
2022-10-19,21.35,27.65,16.06,72.51,0.0,1.78,19.27,96.6,11.95,15.81,IDR,22.72,75.86,subtropical_dry,NASA_POWER_daily_ag,3.548,10.358,1.7963,dewpoint,494.6,30.034
2022-10-20,22.51,29.29,15.66,80.26,0.0,1.42,19.54,96.66,1.85,18.75,IDR,22.72,75.86,subtropical_dry,NASA_POWER_daily_ag,3.437,10.954,2.1634,dewpoint,488.2,29.876
2022-10-21,22.73,28.89,18.21,80.66,0.0,1.89,16.84,96.87,15.17,18.92,IDR,22.72,75.86,subtropical_dry,NASA_POWER_daily_ag,3.193,9.638,2.1865,dewpoint,465.9,29.718
2022-10-22,21.75,28.28,16.37,73.34,0.01,2.09,20.83,97.03,0.71,16.15,IDR,22.72,75.86,subtropical_dry,NASA_POWER_daily_ag,3.812,10.951,1.8358,dewpoint,448.9,29.561
2022-10-23,21.53,28.58,16.11,69.93,0.0,1.33,18.34,96.89,0.0,15.33,IDR,22.72,75.86,subtropical_dry,NASA_POWER_daily_ag,3.346,9.705,1.7419,dewpoint,463.8,29.405
2022-10-24,20.94,28.44,15.43,71.83,0.0,1.5,20.47,96.57,0.26,15.05,IDR,22.72,75.86,subtropical_dry,NASA_POWER_daily_ag,3.534,10.537,1.7108,dewpoint,497.8,29.249
2022-10-25,20.81,28.88,14.32,69.57,0.0,1.76,20.41,96.56,0.14,14.54,IDR,22.72,75.86,subtropical_dry,NASA_POWER_daily_ag,3.621,10.394,1.6555,dewpoint,498.9,29.095
2022-10-26,22.56,29.19,15.23,61.42,0.0,0.86,20.19,96.78,0.11,14.06,IDR,22.72,75.86,subtropical_dry,NASA_POWER_daily_ag,3.517,10.126,1.6048,dewpoint,475.5,28.941
2022-10-27,22.7,28.87,16.35,59.19,0.0,0.96,19.75,96.79,0.46,13.98,IDR,22.72,75.86,subtropical_dry,NASA_POWER_daily_ag,3.532,9.872,1.5965,dewpoint,474.4,28.788
2022-10-28,22.92,28.57,18.02,59.02,0.0,0.73,19.49,96.76,0.36,14.28,IDR,22.72,75.86,subtropical_dry,NASA_POWER_daily_ag,3.364,9.744,1.6279,dewpoint,477.6,28.636
2022-10-29,23.2,28.75,16.66,59.77,0.0,0.82,19.15,96.77,0.99,14.72,IDR,22.72,75.86,subtropical_dry,NASA_POWER_daily_ag,3.411,9.692,1.6748,dewpoint,476.5,28.486
2022-10-30,21.89,28.63,16.17,66.57,0.0,1.14,17.01,96.78,0.01,15.0,IDR,22.72,75.86,subtropical_dry,NASA_POWER_daily_ag,3.15,8.87,1.7053,dewpoint,475.5,28.337
2022-10-31,20.19,27.85,14.63,75.38,0.0,1.86,18.22,96.78,0.11,15.16,IDR,22.72,75.86,subtropical_dry,NASA_POWER_daily_ag,3.176,9.419,1.723,dewpoint,475.5,28.189
2022-11-01,19.66,26.43,13.34,77.14,0.0,1.67,18.67,96.9,0.0,15.18,IDR,22.72,75.86,subtropical_dry,NASA_POWER_daily_ag,3.071,9.655,1.7252,dewpoint,462.7,28.043
2022-11-02,21.69,28.17,14.98,69.19,0.0,1.17,18.49,96.8,0.17,15.53,IDR,22.72,75.86,subtropical_dry,NASA_POWER_daily_ag,3.242,9.503,1.7644,dewpoint,473.3,27.898
2022-11-03,22.64,29.08,15.74,64.76,0.0,0.78,18.52,96.74,0.46,15.11,IDR,22.72,75.86,subtropical_dry,NASA_POWER_daily_ag,3.198,9.349,1.7175,dewpoint,479.7,27.755
2022-11-04,23.3,29.49,17.34,63.08,0.0,0.86,18.36,96.82,0.24,15.64,IDR,22.72,75.86,subtropical_dry,NASA_POWER_daily_ag,3.269,9.285,1.7769,dewpoint,471.2,27.613
2022-11-05,24.16,30.02,18.0,63.79,0.0,0.79,17.69,96.93,5.62,16.54,IDR,22.72,75.86,subtropical_dry,NASA_POWER_daily_ag,3.224,9.113,1.882,dewpoint,459.5,27.473
2022-11-06,24.26,29.93,19.17,61.11,0.0,0.8,16.72,96.94,23.14,16.03,IDR,22.72,75.86,subtropical_dry,NASA_POWER_daily_ag,3.126,8.575,1.8218,dewpoint,458.4,27.335
2022-11-07,24.03,29.75,17.88,62.09,0.0,0.7,15.08,96.86,42.95,16.03,IDR,22.72,75.86,subtropical_dry,NASA_POWER_daily_ag,2.858,7.941,1.8218,dewpoint,466.9,27.199
2022-11-08,23.72,29.37,18.3,67.51,0.0,0.79,15.36,96.86,25.41,17.1,IDR,22.72,75.86,subtropical_dry,NASA_POWER_daily_ag,2.871,8.187,1.95,dewpoint,466.9,27.065
2022-11-09,22.74,28.69,16.37,71.36,0.0,0.88,15.82,96.88,16.13,16.87,IDR,22.72,75.86,subtropical_dry,NASA_POWER_daily_ag,2.858,8.374,1.9218,dewpoint,464.8,26.933
2022-11-10,22.67,28.11,17.26,71.48,0.0,0.9,15.98,96.94,4.91,16.95,IDR,22.72,75.86,subtropical_dry,NASA_POWER_daily_ag,2.861,8.418,1.9316,dewpoint,458.4,26.803
2022-11-11,21.55,28.16,16.79,75.54,0.0,1.61,15.08,96.98,10.85,16.67,IDR,22.72,75.86,subtropical_dry,NASA_POWER_daily_ag,2.828,7.992,1.8976,dewpoint,454.2,26.675
2022-11-12,20.22,26.55,15.27,76.84,0.0,1.99,15.55,97.01,4.47,15.61,IDR,22.72,75.86,subtropical_dry,NASA_POWER_daily_ag,2.818,8.07,1.7735,dewpoint,451.0,26.55
2022-11-13,18.96,25.97,13.4,73.77,0.0,1.76,16.41,96.91,0.02,13.75,IDR,22.72,75.86,subtropical_dry,NASA_POWER_daily_ag,2.8,8.152,1.5729,dewpoint,461.6,26.426
2022-11-14,19.15,26.34,12.63,74.39,0.0,1.31,16.09,96.91,0.37,14.1,IDR,22.72,75.86,subtropical_dry,NASA_POWER_daily_ag,2.651,8.067,1.609,dewpoint,461.6,26.306
2022-11-15,20.07,26.33,13.05,66.29,0.0,0.87,16.52,96.89,0.35,13.14,IDR,22.72,75.86,subtropical_dry,NASA_POWER_daily_ag,2.712,8.035,1.5115,dewpoint,463.8,26.188
2022-11-16,20.42,27.61,15.05,67.29,0.0,1.2,16.7,96.82,0.44,13.77,IDR,22.72,75.86,subtropical_dry,NASA_POWER_daily_ag,2.86,8.067,1.5749,dewpoint,471.2,26.072
2022-11-17,18.77,26.57,13.61,70.74,0.0,2.04,16.98,96.86,0.11,12.63,IDR,22.72,75.86,subtropical_dry,NASA_POWER_daily_ag,2.981,8.028,1.4619,dewpoint,466.9,25.959
2022-11-18,17.29,25.46,11.25,67.39,0.0,1.94,18.34,96.93,0.31,10.36,IDR,22.72,75.86,subtropical_dry,NASA_POWER_daily_ag,2.997,8.194,1.2579,dewpoint,459.5,25.848
2022-11-19,16.86,25.2,10.06,67.89,0.0,1.82,18.17,96.92,0.48,10.13,IDR,22.72,75.86,subtropical_dry,NASA_POWER_daily_ag,2.883,8.122,1.2387,dewpoint,460.6,25.741
2022-11-20,16.72,24.65,10.27,70.11,0.0,1.69,17.37,96.8,0.34,10.67,IDR,22.72,75.86,subtropical_dry,NASA_POWER_daily_ag,2.703,7.936,1.2842,dewpoint,473.3,25.636
2022-11-21,16.28,24.54,9.67,73.65,0.0,1.95,16.41,96.75,1.49,10.95,IDR,22.72,75.86,subtropical_dry,NASA_POWER_daily_ag,2.58,7.657,1.3084,dewpoint,478.7,25.534
2022-11-22,17.06,25.57,10.34,72.57,0.0,1.87,16.68,96.78,2.83,11.38,IDR,22.72,75.86,subtropical_dry,NASA_POWER_daily_ag,2.678,7.723,1.3462,dewpoint,475.5,25.435
2022-11-23,17.64,25.97,10.32,68.55,0.0,1.56,16.98,96.84,11.29,11.13,IDR,22.72,75.86,subtropical_dry,NASA_POWER_daily_ag,2.735,7.737,1.3241,dewpoint,469.1,25.339
2022-11-24,17.55,25.95,10.92,69.1,0.0,1.62,17.06,96.82,8.42,11.17,IDR,22.72,75.86,subtropical_dry,NASA_POWER_daily_ag,2.73,7.723,1.3276,dewpoint,471.2,25.245
2022-11-25,17.16,25.77,10.66,70.03,0.0,1.92,16.46,96.89,2.48,11.17,IDR,22.72,75.86,subtropical_dry,NASA_POWER_daily_ag,2.698,7.517,1.3276,dewpoint,463.8,25.155
2022-11-26,16.76,24.99,9.78,62.99,0.0,1.68,16.97,96.74,6.33,9.0,IDR,22.72,75.86,subtropical_dry,NASA_POWER_daily_ag,2.79,7.38,1.1481,dewpoint,479.7,25.069
2022-11-27,17.58,25.59,9.99,58.57,0.0,1.42,16.98,96.52,8.47,8.87,IDR,22.72,75.86,subtropical_dry,NASA_POWER_daily_ag,2.812,7.309,1.138,dewpoint,503.2,24.985
2022-11-28,17.65,26.22,9.99,66.46,0.0,1.49,16.83,96.57,0.56,10.81,IDR,22.72,75.86,subtropical_dry,NASA_POWER_daily_ag,2.698,7.514,1.2962,dewpoint,497.8,24.904
2022-11-29,17.67,26.19,10.64,67.6,0.0,1.93,16.24,96.74,18.11,11.07,IDR,22.72,75.86,subtropical_dry,NASA_POWER_daily_ag,2.782,7.322,1.3188,dewpoint,479.7,24.827
2022-11-30,17.48,25.72,11.2,70.07,0.0,2.03,15.69,96.84,11.12,11.43,IDR,22.72,75.86,subtropical_dry,NASA_POWER_daily_ag,2.687,7.179,1.3507,dewpoint,469.1,24.753
2022-12-01,17.66,25.34,11.39,74.64,0.0,1.85,15.13,96.8,8.53,12.68,IDR,22.72,75.86,subtropical_dry,NASA_POWER_daily_ag,2.483,7.17,1.4667,dewpoint,473.3,24.683
2022-12-02,18.61,25.82,11.26,68.94,0.0,1.15,15.09,96.7,2.2,12.19,IDR,22.72,75.86,subtropical_dry,NASA_POWER_daily_ag,2.467,7.057,1.4202,dewpoint,484.0,24.615
2022-12-03,18.82,25.71,12.84,67.04,0.0,1.18,13.43,96.74,20.18,12.16,IDR,22.72,75.86,subtropical_dry,NASA_POWER_daily_ag,2.368,6.463,1.4174,dewpoint,479.7,24.552
2022-12-04,18.86,26.38,11.8,73.09,0.0,1.24,11.93,96.82,21.09,13.44,IDR,22.72,75.86,subtropical_dry,NASA_POWER_daily_ag,2.179,6.108,1.5414,dewpoint,471.2,24.491
2022-12-05,19.95,26.92,14.2,74.21,0.0,1.38,11.55,96.9,13.51,14.88,IDR,22.72,75.86,subtropical_dry,NASA_POWER_daily_ag,2.223,6.06,1.6922,dewpoint,462.7,24.435
2022-12-06,19.61,26.81,13.98,77.52,0.0,1.63,12.37,96.88,7.03,15.17,IDR,22.72,75.86,subtropical_dry,NASA_POWER_daily_ag,2.27,6.377,1.7241,dewpoint,464.8,24.381
2022-12-07,17.64,25.85,11.86,68.76,0.0,2.13,12.86,96.87,19.74,11.15,IDR,22.72,75.86,subtropical_dry,NASA_POWER_daily_ag,2.569,6.13,1.3259,dewpoint,465.9,24.332
2022-12-08,15.66,25.41,8.39,60.24,0.0,2.12,17.4,96.86,39.99,6.99,IDR,22.72,75.86,subtropical_dry,NASA_POWER_daily_ag,2.912,6.955,1.0012,dewpoint,466.9,24.286
2022-12-09,15.64,25.3,8.24,63.45,0.0,2.43,17.0,96.72,34.77,7.74,IDR,22.72,75.86,subtropical_dry,NASA_POWER_daily_ag,2.922,6.964,1.0539,dewpoint,481.8,24.243
2022-12-10,16.59,25.96,9.19,67.51,0.0,2.45,16.89,96.67,3.89,9.77,IDR,22.72,75.86,subtropical_dry,NASA_POWER_daily_ag,2.874,7.176,1.2092,dewpoint,487.2,24.205
2022-12-11,18.63,27.58,11.65,66.09,0.11,2.5,15.91,96.72,9.84,11.51,IDR,22.72,75.86,subtropical_dry,NASA_POWER_daily_ag,3.062,7.004,1.3579,dewpoint,481.8,24.169
2022-12-12,20.93,28.77,14.27,72.75,0.08,2.12,11.91,96.67,61.89,15.53,IDR,22.72,75.86,subtropical_dry,NASA_POWER_daily_ag,2.586,6.16,1.7644,dewpoint,487.2,24.138
2022-12-13,20.07,24.6,16.8,83.03,0.52,2.85,9.39,96.82,63.78,16.96,IDR,22.72,75.86,subtropical_dry,NASA_POWER_daily_ag,2.039,5.409,1.9328,dewpoint,471.2,24.11
2022-12-14,18.83,23.9,15.64,76.98,3.23,2.63,10.51,96.89,77.66,14.64,IDR,22.72,75.86,subtropical_dry,NASA_POWER_daily_ag,2.242,5.641,1.6662,dewpoint,463.8,24.086
2022-12-15,19.43,23.81,16.13,79.88,1.13,1.64,11.29,96.79,76.38,15.77,IDR,22.72,75.86,subtropical_dry,NASA_POWER_daily_ag,2.06,6.018,1.7917,dewpoint,474.4,24.066
2022-12-16,22.76,28.78,16.74,73.7,0.0,0.95,12.9,96.67,40.98,17.42,IDR,22.72,75.86,subtropical_dry,NASA_POWER_daily_ag,2.385,6.693,1.9899,dewpoint,487.2,24.05
2022-12-17,21.58,29.31,15.49,67.74,0.0,1.41,15.01,96.79,2.45,14.64,IDR,22.72,75.86,subtropical_dry,NASA_POWER_daily_ag,2.783,7.014,1.6662,dewpoint,474.4,24.037
2022-12-18,19.82,28.64,13.54,60.89,0.0,1.92,16.4,96.81,4.17,11.14,IDR,22.72,75.86,subtropical_dry,NASA_POWER_daily_ag,3.125,6.93,1.325,dewpoint,472.3,24.028
2022-12-19,18.85,28.1,11.74,60.14,0.0,1.76,16.72,96.69,0.56,10.0,IDR,22.72,75.86,subtropical_dry,NASA_POWER_daily_ag,2.994,6.916,1.228,dewpoint,485.0,24.023
2022-12-20,19.98,28.38,12.1,59.25,0.0,1.24,15.81,96.64,0.0,10.87,IDR,22.72,75.86,subtropical_dry,NASA_POWER_daily_ag,2.768,6.781,1.3014,dewpoint,490.4,24.021
2022-12-21,20.5,29.43,12.57,61.44,0.0,1.06,15.84,96.65,0.12,11.97,IDR,22.72,75.86,subtropical_dry,NASA_POWER_daily_ag,2.671,6.912,1.3998,dewpoint,489.3,24.024
2022-12-22,21.25,29.15,14.72,60.44,0.0,1.14,14.25,96.61,0.0,12.59,IDR,22.72,75.86,subtropical_dry,NASA_POWER_daily_ag,2.659,6.485,1.4581,dewpoint,493.6,24.03
2022-12-23,20.15,29.04,14.36,59.87,0.0,1.74,14.8,96.54,0.3,11.48,IDR,22.72,75.86,subtropical_dry,NASA_POWER_daily_ag,2.949,6.5,1.3552,dewpoint,501.0,24.04
2022-12-24,17.44,27.21,10.48,48.61,0.0,1.94,16.05,96.7,2.57,5.4,IDR,22.72,75.86,subtropical_dry,NASA_POWER_daily_ag,3.178,6.149,0.897,dewpoint,484.0,24.054
2022-12-25,17.59,27.03,9.8,61.77,0.0,2.18,13.95,96.76,1.84,9.26,IDR,22.72,75.86,subtropical_dry,NASA_POWER_daily_ag,2.87,6.171,1.1684,dewpoint,477.6,24.071
2022-12-26,18.83,27.11,11.97,67.91,0.0,1.99,13.72,96.87,0.24,12.2,IDR,22.72,75.86,subtropical_dry,NASA_POWER_daily_ag,2.68,6.421,1.4212,dewpoint,465.9,24.092
2022-12-27,19.0,27.7,11.98,65.63,0.0,1.8,14.28,96.99,2.65,11.74,IDR,22.72,75.86,subtropical_dry,NASA_POWER_daily_ag,2.727,6.515,1.3787,dewpoint,453.1,24.117
2022-12-28,17.77,28.05,10.66,53.25,0.0,1.76,15.73,97.1,6.85,7.13,IDR,22.72,75.86,subtropical_dry,NASA_POWER_daily_ag,2.979,6.296,1.0108,dewpoint,441.4,24.146
2022-12-29,18.53,27.28,9.38,48.79,0.0,1.16,16.54,97.18,5.84,6.58,IDR,22.72,75.86,subtropical_dry,NASA_POWER_daily_ag,2.785,6.503,0.9733,dewpoint,432.9,24.179
2022-12-30,20.01,29.0,13.68,52.39,0.0,1.36,16.07,97.19,12.84,9.14,IDR,22.72,75.86,subtropical_dry,NASA_POWER_daily_ag,2.949,6.55,1.159,dewpoint,431.9,24.215
2022-12-31,18.07,26.9,11.84,59.9,0.0,2.11,16.78,97.16,2.37,9.24,IDR,22.72,75.86,subtropical_dry,NASA_POWER_daily_ag,3.11,6.926,1.1668,dewpoint,435.1,24.255
2023-01-01,16.77,25.71,10.22,62.33,0.0,2.3,15.86,97.18,2.69,8.79,IDR,22.72,75.86,subtropical_dry,NASA_POWER_daily_ag,2.927,6.729,1.1319,dewpoint,432.9,24.298
2023-01-02,15.87,25.02,9.0,62.48,0.0,2.36,16.19,97.21,1.34,7.7,IDR,22.72,75.86,subtropical_dry,NASA_POWER_daily_ag,2.912,6.749,1.051,dewpoint,429.8,24.346
2023-01-03,15.18,24.63,8.15,59.02,0.0,2.62,15.33,97.19,1.59,6.29,IDR,22.72,75.86,subtropical_dry,NASA_POWER_daily_ag,2.991,6.397,0.9541,dewpoint,431.9,24.397
2023-01-04,14.2,23.27,7.53,56.98,0.0,3.45,13.7,97.19,11.23,4.82,IDR,22.72,75.86,subtropical_dry,NASA_POWER_daily_ag,3.189,5.908,0.8614,dewpoint,431.9,24.451
2023-01-05,14.67,23.02,8.33,68.63,0.0,3.1,5.95,97.29,46.48,8.65,IDR,22.72,75.86,subtropical_dry,NASA_POWER_daily_ag,2.168,4.042,1.1212,dewpoint,421.3,24.509
2023-01-06,16.32,24.42,10.04,68.21,0.0,2.56,11.03,97.39,6.23,10.04,IDR,22.72,75.86,subtropical_dry,NASA_POWER_daily_ag,2.472,5.59,1.2313,dewpoint,410.7,24.571
2023-01-07,16.33,26.26,9.66,54.11,0.0,2.42,15.45,97.31,7.51,6.36,IDR,22.72,75.86,subtropical_dry,NASA_POWER_daily_ag,3.158,6.393,0.9587,dewpoint,419.1,24.636
2023-01-08,15.21,26.06,7.13,49.02,0.0,1.88,17.31,97.17,36.03,3.4,IDR,22.72,75.86,subtropical_dry,NASA_POWER_daily_ag,3.033,6.579,0.7795,dewpoint,434.0,24.705
2023-01-09,16.6,26.68,6.36,40.49,0.0,1.43,18.17,97.24,22.25,1.13,IDR,22.72,75.86,subtropical_dry,NASA_POWER_daily_ag,3.099,6.482,0.6629,dewpoint,426.6,24.777
2023-01-10,17.82,27.84,8.06,41.3,0.0,1.47,17.78,97.14,11.0,3.2,IDR,22.72,75.86,subtropical_dry,NASA_POWER_daily_ag,3.19,6.581,0.7686,dewpoint,437.2,24.852
2023-01-11,18.32,28.04,9.48,48.77,0.0,1.26,17.5,96.85,3.68,6.04,IDR,22.72,75.86,subtropical_dry,NASA_POWER_daily_ag,2.966,6.9,0.9377,dewpoint,468.0,24.931
2023-01-12,18.15,27.46,11.37,55.63,0.0,1.78,16.88,96.63,12.89,8.03,IDR,22.72,75.86,subtropical_dry,NASA_POWER_daily_ag,3.127,7.028,1.075,dewpoint,491.4,25.013
2023-01-13,17.94,26.93,11.66,56.76,0.0,2.09,16.75,96.72,10.91,8.27,IDR,22.72,75.86,subtropical_dry,NASA_POWER_daily_ag,3.232,7.067,1.0927,dewpoint,481.8,25.099
2023-01-14,15.02,24.71,7.33,41.85,0.0,1.83,17.63,96.87,10.47,0.72,IDR,22.72,75.86,subtropical_dry,NASA_POWER_daily_ag,3.199,6.554,0.6436,dewpoint,465.9,25.188
2023-01-15,15.1,25.12,7.17,47.81,0.0,1.96,17.13,96.8,7.54,2.64,IDR,22.72,75.86,subtropical_dry,NASA_POWER_daily_ag,3.158,6.705,0.7386,dewpoint,473.3,25.279
2023-01-16,15.69,25.8,7.43,43.97,0.0,2.07,16.55,96.78,6.18,2.58,IDR,22.72,75.86,subtropical_dry,NASA_POWER_daily_ag,3.307,6.553,0.7355,dewpoint,475.5,25.375
2023-01-17,16.29,26.94,8.01,38.76,0.0,2.26,16.62,96.84,7.41,1.45,IDR,22.72,75.86,subtropical_dry,NASA_POWER_daily_ag,3.619,6.391,0.6783,dewpoint,469.1,25.473
2023-01-18,16.27,26.84,7.7,39.44,0.0,2.51,17.09,96.99,5.18,1.4,IDR,22.72,75.86,subtropical_dry,NASA_POWER_daily_ag,3.815,6.538,0.6759,dewpoint,453.1,25.574
2023-01-19,17.73,28.14,8.96,49.88,0.0,2.24,16.57,96.89,5.18,6.36,IDR,22.72,75.86,subtropical_dry,NASA_POWER_daily_ag,3.49,6.977,0.9587,dewpoint,463.8,25.678
2023-01-20,19.46,29.91,11.51,51.63,0.0,1.79,16.57,96.73,3.67,7.52,IDR,22.72,75.86,subtropical_dry,NASA_POWER_daily_ag,3.423,7.009,1.0382,dewpoint,480.8,25.785
2023-01-21,19.66,29.35,11.12,42.86,0.0,1.55,16.86,96.75,7.48,5.59,IDR,22.72,75.86,subtropical_dry,NASA_POWER_daily_ag,3.424,6.891,0.9089,dewpoint,478.7,25.895
2023-01-22,18.84,27.88,11.28,41.36,0.0,1.97,16.22,96.71,11.23,4.53,IDR,22.72,75.86,subtropical_dry,NASA_POWER_daily_ag,3.663,6.69,0.8441,dewpoint,482.9,26.008
2023-01-23,19.48,28.35,11.81,43.51,0.0,1.67,15.48,96.63,15.17,5.93,IDR,22.72,75.86,subtropical_dry,NASA_POWER_daily_ag,3.41,6.673,0.9306,dewpoint,491.4,26.123
2023-01-24,18.85,27.7,11.68,41.72,0.02,2.11,15.03,96.64,17.09,4.8,IDR,22.72,75.86,subtropical_dry,NASA_POWER_daily_ag,3.697,6.491,0.8602,dewpoint,490.4,26.242
2023-01-25,17.97,24.88,12.92,48.62,0.76,1.3,10.25,96.75,52.56,6.21,IDR,22.72,75.86,subtropical_dry,NASA_POWER_daily_ag,2.579,5.409,0.9488,dewpoint,478.7,26.362
2023-01-26,17.16,23.67,12.78,72.61,0.73,2.42,6.18,96.9,75.82,11.63,IDR,22.72,75.86,subtropical_dry,NASA_POWER_daily_ag,2.092,4.354,1.3687,dewpoint,462.7,26.486
2023-01-27,19.06,27.74,11.28,63.29,0.0,2.7,11.04,96.93,55.16,11.47,IDR,22.72,75.86,subtropical_dry,NASA_POWER_daily_ag,3.042,6.019,1.3543,dewpoint,459.5,26.612
2023-01-28,20.74,30.39,13.04,58.18,0.0,2.34,16.51,96.74,12.35,11.32,IDR,22.72,75.86,subtropical_dry,NASA_POWER_daily_ag,3.71,7.759,1.3409,dewpoint,479.7,26.74
2023-01-29,22.05,31.03,14.61,52.29,0.0,2.46,16.62,96.5,10.04,10.54,IDR,22.72,75.86,subtropical_dry,NASA_POWER_daily_ag,4.18,7.647,1.2731,dewpoint,505.3,26.871
2023-01-30,21.8,29.64,15.19,53.8,0.0,1.31,13.46,96.8,25.67,11.24,IDR,22.72,75.86,subtropical_dry,NASA_POWER_daily_ag,3.049,6.774,1.3338,dewpoint,473.3,27.004
2023-01-31,20.31,27.55,14.74,56.39,0.0,3.55,13.44,97.01,24.31,10.71,IDR,22.72,75.86,subtropical_dry,NASA_POWER_daily_ag,4.07,6.802,1.2876,dewpoint,451.0,27.139
2023-02-01,17.9,27.96,10.56,41.84,0.0,2.72,17.61,97.05,3.21,2.79,IDR,22.72,75.86,subtropical_dry,NASA_POWER_daily_ag,4.306,7.257,0.7465,dewpoint,446.7,27.276
2023-02-02,17.88,29.15,9.19,28.5,0.0,2.25,20.15,97.02,6.1,-2.96,IDR,22.72,75.86,subtropical_dry,NASA_POWER_daily_ag,4.434,7.166,0.4911,dewpoint,449.9,27.415
2023-02-03,18.99,29.83,9.83,28.84,0.0,2.03,20.52,96.98,9.42,-1.5,IDR,22.72,75.86,subtropical_dry,NASA_POWER_daily_ag,4.39,7.419,0.5473,dewpoint,454.2,27.557
2023-02-04,19.76,30.79,9.85,27.87,0.0,1.61,20.49,96.8,11.13,-1.37,IDR,22.72,75.86,subtropical_dry,NASA_POWER_daily_ag,4.088,7.434,0.5525,dewpoint,473.3,27.7
2023-02-05,21.5,31.23,11.09,23.99,0.0,1.08,20.44,96.67,9.01,-1.91,IDR,22.72,75.86,subtropical_dry,NASA_POWER_daily_ag,3.678,7.324,0.5309,dewpoint,487.2,27.845
2023-02-06,21.67,31.74,13.74,23.9,0.0,1.53,19.57,96.63,9.56,-1.24,IDR,22.72,75.86,subtropical_dry,NASA_POWER_daily_ag,4.184,7.13,0.5578,dewpoint,491.4,27.991
2023-02-07,21.19,31.6,12.99,30.67,0.0,2.08,20.74,96.63,1.09,1.31,IDR,22.72,75.86,subtropical_dry,NASA_POWER_daily_ag,4.728,7.846,0.6715,dewpoint,491.4,28.14
2023-02-08,21.49,32.54,11.98,21.17,0.0,1.78,21.13,96.78,1.22,-3.41,IDR,22.72,75.86,subtropical_dry,NASA_POWER_daily_ag,4.609,7.315,0.4748,dewpoint,475.5,28.29
2023-02-09,22.48,33.65,11.78,23.64,0.0,1.33,20.99,96.74,1.19,-1.1,IDR,22.72,75.86,subtropical_dry,NASA_POWER_daily_ag,4.157,7.605,0.5636,dewpoint,479.7,28.441
2023-02-10,23.28,34.95,13.97,21.6,0.0,2.13,20.92,96.74,0.45,-1.62,IDR,22.72,75.86,subtropical_dry,NASA_POWER_daily_ag,5.234,7.384,0.5424,dewpoint,479.7,28.594
2023-02-11,22.45,33.15,13.76,24.81,0.0,2.31,21.24,96.84,2.94,0.0,IDR,22.72,75.86,subtropical_dry,NASA_POWER_daily_ag,5.301,7.869,0.6108,dewpoint,469.1,28.748
2023-02-12,22.18,33.0,14.23,26.39,0.0,2.43,21.36,97.04,0.38,-0.3,IDR,22.72,75.86,subtropical_dry,NASA_POWER_daily_ag,5.405,7.894,0.5976,dewpoint,447.8,28.904
2023-02-13,21.15,33.04,11.32,16.73,0.0,1.81,22.0,97.06,5.49,-7.07,IDR,22.72,75.86,subtropical_dry,NASA_POWER_daily_ag,4.763,7.342,0.3594,dewpoint,445.7,29.061
2023-02-14,22.31,34.12,11.63,14.1,0.0,1.42,21.99,96.96,1.34,-7.42,IDR,22.72,75.86,subtropical_dry,NASA_POWER_daily_ag,4.396,7.277,0.3498,dewpoint,456.3,29.218
2023-02-15,23.62,35.72,13.82,18.97,0.0,2.09,21.98,96.78,0.36,-2.82,IDR,22.72,75.86,subtropical_dry,NASA_POWER_daily_ag,5.392,7.714,0.4962,dewpoint,475.5,29.377
2023-02-16,24.64,36.79,14.9,20.04,0.0,1.85,21.52,96.81,12.66,-1.57,IDR,22.72,75.86,subtropical_dry,NASA_POWER_daily_ag,5.188,7.732,0.5444,dewpoint,472.3,29.537
2023-02-17,24.3,35.67,14.57,23.21,0.0,2.14,22.13,96.85,6.1,0.17,IDR,22.72,75.86,subtropical_dry,NASA_POWER_daily_ag,5.539,8.277,0.6184,dewpoint,468.0,29.697
2023-02-18,24.19,35.54,14.74,26.94,0.0,2.13,22.12,96.83,2.7,2.02,IDR,22.72,75.86,subtropical_dry,NASA_POWER_daily_ag,5.47,8.626,0.7067,dewpoint,470.1,29.858
2023-02-19,25.29,36.85,14.82,22.51,0.0,1.65,21.89,96.81,5.07,-0.19,IDR,22.72,75.86,subtropical_dry,NASA_POWER_daily_ag,5.072,8.208,0.6024,dewpoint,472.3,30.02
2023-02-20,25.58,36.53,15.78,17.71,0.0,1.47,22.67,96.71,0.92,-2.99,IDR,22.72,75.86,subtropical_dry,NASA_POWER_daily_ag,4.916,8.01,0.49,dewpoint,482.9,30.182
2023-02-21,24.6,36.18,14.96,13.51,0.0,2.27,21.43,96.73,20.78,-6.28,IDR,22.72,75.86,subtropical_dry,NASA_POWER_daily_ag,5.894,7.475,0.382,dewpoint,480.8,30.345
2023-02-22,24.27,35.06,14.87,21.43,0.0,2.17,20.45,96.7,49.26,-0.26,IDR,22.72,75.86,subtropical_dry,NASA_POWER_daily_ag,5.562,8.149,0.5993,dewpoint,484.0,30.508
2023-02-23,24.83,35.12,16.36,23.97,0.0,1.98,22.07,96.7,37.59,1.37,IDR,22.72,75.86,subtropical_dry,NASA_POWER_daily_ag,5.485,8.767,0.6745,dewpoint,484.0,30.672
2023-02-24,24.65,35.39,15.91,19.59,0.0,2.33,22.97,96.84,3.02,-2.17,IDR,22.72,75.86,subtropical_dry,NASA_POWER_daily_ag,6.039,8.528,0.5208,dewpoint,469.1,30.836
2023-02-25,24.77,35.69,15.17,15.62,0.0,1.68,22.38,96.97,5.16,-4.89,IDR,22.72,75.86,subtropical_dry,NASA_POWER_daily_ag,5.217,8.114,0.4247,dewpoint,455.2,31.0
2023-02-26,24.92,35.46,15.51,14.6,0.0,1.5,22.81,97.02,0.13,-5.16,IDR,22.72,75.86,subtropical_dry,NASA_POWER_daily_ag,5.016,8.232,0.4161,dewpoint,449.9,31.164
2023-02-27,25.18,35.37,14.91,20.1,0.0,1.79,22.96,96.97,0.32,-1.34,IDR,22.72,75.86,subtropical_dry,NASA_POWER_daily_ag,5.484,8.889,0.5537,dewpoint,455.2,31.328
2023-02-28,25.06,35.91,15.13,19.76,0.0,2.08,20.98,96.92,0.87,-1.32,IDR,22.72,75.86,subtropical_dry,NASA_POWER_daily_ag,5.722,8.421,0.5546,dewpoint,460.6,31.491
2023-03-01,25.82,35.76,17.27,17.51,0.0,1.67,18.54,97.0,14.63,-1.56,IDR,22.72,75.86,subtropical_dry,NASA_POWER_daily_ag,5.121,7.766,0.5448,dewpoint,452.1,31.655
2023-03-02,27.1,36.05,18.35,20.05,0.0,1.42,18.6,97.09,5.94,1.68,IDR,22.72,75.86,subtropical_dry,NASA_POWER_daily_ag,4.882,8.13,0.6896,dewpoint,442.5,31.818
2023-03-03,27.64,36.64,18.88,22.56,0.0,1.52,17.21,97.14,18.58,3.43,IDR,22.72,75.86,subtropical_dry,NASA_POWER_daily_ag,4.963,7.942,0.7812,dewpoint,437.2,31.981
2023-03-04,28.09,36.48,19.38,23.95,0.01,1.25,15.13,97.11,27.6,4.71,IDR,22.72,75.86,subtropical_dry,NASA_POWER_daily_ag,4.429,7.495,0.8548,dewpoint,440.4,32.144
2023-03-05,27.11,34.32,19.94,27.5,0.99,1.53,16.6,97.11,29.87,6.04,IDR,22.72,75.86,subtropical_dry,NASA_POWER_daily_ag,4.818,8.168,0.9377,dewpoint,440.4,32.306
2023-03-06,28.02,35.11,20.88,25.3,0.0,1.16,15.6,96.92,57.05,5.55,IDR,22.72,75.86,subtropical_dry,NASA_POWER_daily_ag,4.332,7.793,0.9064,dewpoint,460.6,32.467
2023-03-07,25.61,31.75,20.64,29.33,0.44,1.42,19.18,96.97,57.89,6.02,IDR,22.72,75.86,subtropical_dry,NASA_POWER_daily_ag,4.738,9.157,0.9364,dewpoint,455.2,32.628
2023-03-08,26.21,34.9,17.6,27.55,0.0,1.1,19.02,96.94,30.7,4.42,IDR,22.72,75.86,subtropical_dry,NASA_POWER_daily_ag,4.418,8.927,0.8376,dewpoint,458.4,32.788
2023-03-09,25.66,34.17,18.68,24.36,0.19,2.17,22.03,96.92,11.85,2.53,IDR,22.72,75.86,subtropical_dry,NASA_POWER_daily_ag,6.013,9.639,0.7329,dewpoint,460.6,32.947
2023-03-10,24.95,34.22,16.47,24.8,0.0,1.81,23.99,96.88,1.39,1.35,IDR,22.72,75.86,subtropical_dry,NASA_POWER_daily_ag,5.676,10.205,0.6735,dewpoint,464.8,33.105
2023-03-11,26.17,35.42,17.29,25.39,0.0,1.63,23.61,96.84,0.03,3.1,IDR,22.72,75.86,subtropical_dry,NASA_POWER_daily_ag,5.57,10.304,0.7632,dewpoint,469.1,33.263
2023-03-12,27.42,35.98,17.2,22.55,0.0,1.06,22.1,96.8,31.61,3.21,IDR,22.72,75.86,subtropical_dry,NASA_POWER_daily_ag,4.816,9.878,0.7691,dewpoint,473.3,33.419
2023-03-13,27.92,35.97,20.28,22.37,0.0,1.36,19.03,96.66,70.82,3.98,IDR,22.72,75.86,subtropical_dry,NASA_POWER_daily_ag,5.019,8.953,0.8121,dewpoint,488.2,33.574
2023-03-14,28.15,35.28,20.49,22.62,0.0,1.25,17.68,96.47,67.11,4.24,IDR,22.72,75.86,subtropical_dry,NASA_POWER_daily_ag,4.775,8.62,0.8271,dewpoint,508.5,33.728
2023-03-15,27.81,34.15,21.33,24.93,0.05,1.55,14.16,96.36,88.75,5.34,IDR,22.72,75.86,subtropical_dry,NASA_POWER_daily_ag,4.823,7.622,0.8932,dewpoint,520.3,33.881
2023-03-16,27.17,34.91,20.19,36.27,0.77,2.05,17.28,96.45,65.72,9.83,IDR,22.72,75.86,subtropical_dry,NASA_POWER_daily_ag,5.414,9.183,1.214,dewpoint,510.6,34.032
2023-03-17,25.82,30.89,21.65,43.06,1.36,1.66,14.67,96.55,72.37,11.86,IDR,22.72,75.86,subtropical_dry,NASA_POWER_daily_ag,4.373,8.448,1.3897,dewpoint,500.0,34.183
2023-03-18,26.24,32.83,21.23,41.17,2.27,1.28,19.16,96.41,42.75,11.25,IDR,22.72,75.86,subtropical_dry,NASA_POWER_daily_ag,4.6,10.194,1.3347,dewpoint,514.9,34.331
2023-03-19,25.52,31.22,18.8,49.18,2.88,1.17,17.46,96.27,55.77,12.82,IDR,22.72,75.86,subtropical_dry,NASA_POWER_daily_ag,4.167,9.826,1.4802,dewpoint,529.9,34.479
2023-03-20,24.8,31.75,18.04,46.39,0.69,2.59,20.43,96.18,50.53,11.47,IDR,22.72,75.86,subtropical_dry,NASA_POWER_daily_ag,5.611,10.94,1.3543,dewpoint,539.5,34.624
2023-03-21,24.25,31.01,18.08,48.65,0.01,2.62,20.02,96.29,53.0,11.88,IDR,22.72,75.86,subtropical_dry,NASA_POWER_daily_ag,5.411,10.877,1.3915,dewpoint,527.7,34.769
2023-03-22,24.9,31.84,17.95,45.83,0.0,1.62,18.58,96.39,58.31,11.68,IDR,22.72,75.86,subtropical_dry,NASA_POWER_daily_ag,4.673,10.243,1.3732,dewpoint,517.0,34.911
2023-03-23,25.49,31.9,19.31,45.79,0.0,2.32,19.45,96.38,51.63,12.37,IDR,22.72,75.86,subtropical_dry,NASA_POWER_daily_ag,5.394,10.693,1.4372,dewpoint,518.1,35.052
2023-03-24,26.45,34.43,19.24,42.92,0.0,3.32,23.49,96.39,16.27,11.83,IDR,22.72,75.86,subtropical_dry,NASA_POWER_daily_ag,6.879,12.257,1.3869,dewpoint,517.0,35.191
2023-03-25,25.4,34.3,17.0,36.84,0.0,2.88,25.68,96.54,2.86,7.99,IDR,22.72,75.86,subtropical_dry,NASA_POWER_daily_ag,6.877,12.562,1.072,dewpoint,501.0,35.328
2023-03-26,25.49,34.54,16.96,28.03,0.0,2.74,26.23,96.48,1.83,4.19,IDR,22.72,75.86,subtropical_dry,NASA_POWER_daily_ag,7.085,12.126,0.8242,dewpoint,507.4,35.464
2023-03-27,26.37,35.82,17.45,27.36,0.0,2.76,25.82,96.4,0.14,4.51,IDR,22.72,75.86,subtropical_dry,NASA_POWER_daily_ag,7.25,11.982,0.8429,dewpoint,516.0,35.598
2023-03-28,26.81,36.06,17.62,26.1,0.0,2.08,25.11,96.41,3.47,4.33,IDR,22.72,75.86,subtropical_dry,NASA_POWER_daily_ag,6.535,11.722,0.8323,dewpoint,514.9,35.729
2023-03-29,28.3,37.51,19.35,22.16,0.0,2.45,24.96,96.4,11.06,3.67,IDR,22.72,75.86,subtropical_dry,NASA_POWER_daily_ag,7.259,11.444,0.7946,dewpoint,516.0,35.859
2023-03-30,28.26,36.22,20.06,32.91,0.0,3.23,18.03,96.28,63.48,9.39,IDR,22.72,75.86,subtropical_dry,NASA_POWER_daily_ag,7.084,9.769,1.1787,dewpoint,528.8,35.987
2023-03-31,26.27,33.84,19.98,36.58,0.03,3.09,23.91,96.32,17.37,8.32,IDR,22.72,75.86,subtropical_dry,NASA_POWER_daily_ag,7.122,12.045,1.0964,dewpoint,524.5,36.113
2023-04-01,26.04,33.82,18.46,35.36,0.0,2.5,22.62,96.4,18.97,8.84,IDR,22.72,75.86,subtropical_dry,NASA_POWER_daily_ag,6.383,11.702,1.1357,dewpoint,516.0,36.237
2023-04-02,27.67,36.12,19.3,30.61,0.0,2.36,24.56,96.33,8.0,7.61,IDR,22.72,75.86,subtropical_dry,NASA_POWER_daily_ag,6.867,12.162,1.0446,dewpoint,523.5,36.359
2023-04-03,27.89,36.3,19.72,29.57,0.0,2.75,25.84,96.3,2.86,7.68,IDR,22.72,75.86,subtropical_dry,NASA_POWER_daily_ag,7.459,12.669,1.0496,dewpoint,526.7,36.479
2023-04-04,28.57,37.16,20.35,31.96,0.0,3.2,24.36,96.4,9.4,9.15,IDR,22.72,75.86,subtropical_dry,NASA_POWER_daily_ag,7.826,12.314,1.1597,dewpoint,516.0,36.596
2023-04-05,29.12,37.2,20.91,29.89,0.0,2.88,22.36,96.42,39.69,8.31,IDR,22.72,75.86,subtropical_dry,NASA_POWER_daily_ag,7.504,11.404,1.0956,dewpoint,513.8,36.712
2023-04-06,29.86,38.33,21.37,25.92,0.0,1.9,22.36,96.49,27.18,6.97,IDR,22.72,75.86,subtropical_dry,NASA_POWER_daily_ag,6.519,11.167,0.9998,dewpoint,506.4,36.825
2023-04-07,30.94,39.26,22.77,21.02,0.67,1.8,22.04,96.64,67.02,5.06,IDR,22.72,75.86,subtropical_dry,NASA_POWER_daily_ag,6.549,10.714,0.876,dewpoint,490.4,36.937
2023-04-08,30.2,37.46,23.7,28.27,0.79,2.35,21.03,96.81,50.35,9.05,IDR,22.72,75.86,subtropical_dry,NASA_POWER_daily_ag,6.938,10.958,1.1519,dewpoint,472.3,37.046
2023-04-09,30.37,37.52,22.25,36.44,0.01,1.5,22.12,96.77,26.84,12.01,IDR,22.72,75.86,subtropical_dry,NASA_POWER_daily_ag,5.924,11.913,1.4035,dewpoint,476.5,37.153
2023-04-10,31.23,39.07,23.35,24.78,0.0,1.25,22.45,96.62,28.64,7.76,IDR,22.72,75.86,subtropical_dry,NASA_POWER_daily_ag,5.781,11.314,1.0554,dewpoint,492.5,37.257
2023-04-11,32.17,40.45,24.26,21.81,0.37,2.07,21.89,96.6,27.31,6.79,IDR,22.72,75.86,subtropical_dry,NASA_POWER_daily_ag,7.099,10.902,0.9875,dewpoint,494.6,37.36
2023-04-12,32.99,41.0,25.03,23.1,0.0,2.64,22.18,96.57,28.47,8.32,IDR,22.72,75.86,subtropical_dry,NASA_POWER_daily_ag,8.046,11.206,1.0964,dewpoint,497.8,37.46
2023-04-13,31.11,37.51,25.31,26.59,0.0,2.99,20.9,96.58,61.0,9.18,IDR,22.72,75.86,subtropical_dry,NASA_POWER_daily_ag,7.918,10.987,1.1621,dewpoint,496.8,37.558
2023-04-14,29.64,36.47,23.66,29.58,0.0,2.92,21.38,96.54,65.35,8.59,IDR,22.72,75.86,subtropical_dry,NASA_POWER_daily_ag,7.596,11.206,1.1166,dewpoint,501.0,37.654
2023-04-15,30.15,38.07,21.12,27.39,0.0,2.21,25.27,96.49,24.66,7.51,IDR,22.72,75.86,subtropical_dry,NASA_POWER_daily_ag,7.344,12.604,1.0375,dewpoint,506.4,37.748
2023-04-16,30.79,40.25,21.3,24.48,0.73,2.3,26.17,96.37,16.71,6.61,IDR,22.72,75.86,subtropical_dry,NASA_POWER_daily_ag,7.688,12.698,0.9753,dewpoint,519.2,37.839
2023-04-17,31.66,40.93,22.9,18.79,0.0,2.8,26.54,96.39,21.52,3.76,IDR,22.72,75.86,subtropical_dry,NASA_POWER_daily_ag,8.655,12.252,0.7996,dewpoint,517.0,37.928
2023-04-18,33.12,41.7,24.4,19.4,0.0,3.14,20.42,96.47,49.45,5.77,IDR,22.72,75.86,subtropical_dry,NASA_POWER_daily_ag,8.769,10.343,0.9203,dewpoint,508.5,38.016
2023-04-19,33.31,41.38,26.38,20.06,0.02,3.39,19.62,96.23,48.77,6.86,IDR,22.72,75.86,subtropical_dry,NASA_POWER_daily_ag,9.0,10.162,0.9923,dewpoint,534.1,38.1
2023-04-20,32.03,38.88,25.48,22.14,0.0,3.69,22.96,95.99,35.21,7.14,IDR,22.72,75.86,subtropical_dry,NASA_POWER_daily_ag,9.391,11.579,1.0115,dewpoint,559.8,38.183
2023-04-21,30.75,38.45,23.07,24.15,0.06,3.37,24.57,95.99,21.64,6.9,IDR,22.72,75.86,subtropical_dry,NASA_POWER_daily_ag,8.868,12.282,0.995,dewpoint,559.8,38.264
2023-04-22,30.29,37.5,23.35,26.15,0.0,3.18,16.52,96.01,67.99,8.05,IDR,22.72,75.86,subtropical_dry,NASA_POWER_daily_ag,7.616,9.35,1.0764,dewpoint,557.7,38.342
2023-04-23,29.88,38.78,21.15,22.77,0.0,3.33,22.3,96.01,23.43,3.57,IDR,22.72,75.86,subtropical_dry,NASA_POWER_daily_ag,8.615,11.074,0.789,dewpoint,557.7,38.418
2023-04-24,29.54,37.98,20.4,12.79,0.0,2.87,27.06,96.22,34.77,-3.17,IDR,22.72,75.86,subtropical_dry,NASA_POWER_daily_ag,8.634,11.867,0.4834,dewpoint,535.2,38.492
2023-04-25,31.49,39.06,23.21,14.52,0.0,1.61,26.02,96.28,32.49,0.76,IDR,22.72,75.86,subtropical_dry,NASA_POWER_daily_ag,6.875,11.895,0.6454,dewpoint,528.8,38.564
2023-04-26,30.58,36.62,24.81,30.47,0.44,2.42,21.53,96.22,64.11,10.62,IDR,22.72,75.86,subtropical_dry,NASA_POWER_daily_ag,7.146,11.716,1.2799,dewpoint,535.2,38.634
2023-04-27,31.93,38.9,24.16,30.55,0.02,1.7,22.79,96.27,47.01,11.57,IDR,22.72,75.86,subtropical_dry,NASA_POWER_daily_ag,6.595,12.344,1.3633,dewpoint,529.9,38.702
2023-04-28,30.36,35.32,26.69,44.1,11.05,1.73,19.45,96.38,60.62,16.04,IDR,22.72,75.86,subtropical_dry,NASA_POWER_daily_ag,5.7,11.546,1.8229,dewpoint,518.1,38.768
2023-04-29,26.11,30.32,23.08,60.58,9.56,1.8,16.21,96.38,90.63,17.26,IDR,22.72,75.86,subtropical_dry,NASA_POWER_daily_ag,4.376,10.255,1.9699,dewpoint,518.1,38.831
2023-04-30,26.72,32.44,21.92,60.87,6.33,1.81,19.8,96.17,63.25,17.72,IDR,22.72,75.86,subtropical_dry,NASA_POWER_daily_ag,4.96,12.136,2.0279,dewpoint,540.6,38.893
2023-05-01,26.66,32.72,20.52,59.62,0.95,1.94,21.14,96.16,33.62,17.11,IDR,22.72,75.86,subtropical_dry,NASA_POWER_daily_ag,5.28,12.763,1.9513,dewpoint,541.6,38.953
2023-05-02,27.51,33.96,19.67,53.01,1.31,2.14,24.16,96.26,43.26,16.2,IDR,22.72,75.86,subtropical_dry,NASA_POWER_daily_ag,6.114,14.126,1.8416,dewpoint,530.9,39.011
2023-05-03,28.71,34.34,22.53,54.22,1.74,1.06,21.48,96.37,53.28,17.65,IDR,22.72,75.86,subtropical_dry,NASA_POWER_daily_ag,5.056,12.948,2.019,dewpoint,519.2,39.066
2023-05-04,28.3,33.13,21.92,57.98,0.84,0.89,17.39,96.36,68.46,18.2,IDR,22.72,75.86,subtropical_dry,NASA_POWER_daily_ag,4.231,10.963,2.0901,dewpoint,520.3,39.12
2023-05-05,29.82,35.43,22.89,48.76,0.0,0.81,20.99,96.21,76.93,16.96,IDR,22.72,75.86,subtropical_dry,NASA_POWER_daily_ag,4.915,12.575,1.9328,dewpoint,536.3,39.172
2023-05-06,31.19,37.68,23.67,42.24,0.04,2.16,21.57,96.12,54.43,15.62,IDR,22.72,75.86,subtropical_dry,NASA_POWER_daily_ag,6.654,12.583,1.7746,dewpoint,545.9,39.223
2023-05-07,31.99,39.6,23.52,37.12,0.0,2.72,23.28,96.12,40.24,14.17,IDR,22.72,75.86,subtropical_dry,NASA_POWER_daily_ag,7.774,13.1,1.6163,dewpoint,545.9,39.271
2023-05-08,32.88,40.54,25.82,33.08,0.0,3.16,23.86,96.06,17.0,13.29,IDR,22.72,75.86,subtropical_dry,NASA_POWER_daily_ag,8.624,13.114,1.5264,dewpoint,552.3,39.318
2023-05-09,33.01,41.87,24.43,20.47,0.0,3.05,28.14,96.15,2.68,5.77,IDR,22.72,75.86,subtropical_dry,NASA_POWER_daily_ag,9.48,13.474,0.9203,dewpoint,542.7,39.363
2023-05-10,33.28,42.9,23.15,16.07,0.0,1.99,28.8,96.1,6.11,1.94,IDR,22.72,75.86,subtropical_dry,NASA_POWER_daily_ag,8.059,13.037,0.7026,dewpoint,548.1,39.406
2023-05-11,33.65,43.07,23.16,14.37,0.0,1.4,29.08,96.15,6.4,0.97,IDR,22.72,75.86,subtropical_dry,NASA_POWER_daily_ag,7.103,12.964,0.6553,dewpoint,542.7,39.447
2023-05-12,34.73,44.11,24.73,14.29,0.0,1.95,28.91,96.08,0.59,2.22,IDR,22.72,75.86,subtropical_dry,NASA_POWER_daily_ag,8.19,12.985,0.7168,dewpoint,550.2,39.487
2023-05-13,35.12,44.58,24.51,15.93,0.0,3.65,27.92,96.06,9.95,3.87,IDR,22.72,75.86,subtropical_dry,NASA_POWER_daily_ag,10.875,12.937,0.8058,dewpoint,552.3,39.525
2023-05-14,35.12,43.95,26.29,25.46,0.0,5.6,26.99,95.94,5.55,10.59,IDR,22.72,75.86,subtropical_dry,NASA_POWER_daily_ag,12.73,13.828,1.2774,dewpoint,565.2,39.562
2023-05-15,33.31,41.18,25.16,36.94,0.0,5.15,27.69,96.05,6.27,14.85,IDR,22.72,75.86,subtropical_dry,NASA_POWER_daily_ag,11.021,15.22,1.6889,dewpoint,553.4,39.597
2023-05-16,33.25,40.63,25.73,39.52,0.0,4.63,24.1,96.22,33.06,15.71,IDR,22.72,75.86,subtropical_dry,NASA_POWER_daily_ag,9.963,13.724,1.7849,dewpoint,535.2,39.63
2023-05-17,33.61,40.83,25.87,39.68,0.0,4.6,25.34,96.29,17.18,16.02,IDR,22.72,75.86,subtropical_dry,NASA_POWER_daily_ag,10.179,14.367,1.8206,dewpoint,527.7,39.662
2023-05-18,33.76,41.41,26.39,31.22,0.0,4.29,28.29,96.44,0.87,12.25,IDR,22.72,75.86,subtropical_dry,NASA_POWER_daily_ag,10.792,14.861,1.4259,dewpoint,511.7,39.693
2023-05-19,34.56,41.59,26.68,29.01,0.07,3.97,26.51,96.29,13.42,12.97,IDR,22.72,75.86,subtropical_dry,NASA_POWER_daily_ag,10.416,14.23,1.4948,dewpoint,527.7,39.722
2023-05-20,34.95,42.16,27.52,27.68,4.3,4.04,24.98,96.17,28.38,12.4,IDR,22.72,75.86,subtropical_dry,NASA_POWER_daily_ag,10.486,13.408,1.44,dewpoint,540.6,39.75
2023-05-21,33.18,41.12,27.24,34.49,6.75,3.69,27.12,96.27,14.5,14.47,IDR,22.72,75.86,subtropical_dry,NASA_POWER_daily_ag,9.573,14.833,1.648,dewpoint,529.9,39.776
2023-05-22,32.97,41.46,24.22,36.03,1.46,4.05,26.74,96.35,11.49,14.39,IDR,22.72,75.86,subtropical_dry,NASA_POWER_daily_ag,9.851,14.739,1.6395,dewpoint,521.3,39.801
2023-05-23,33.37,41.71,25.13,33.51,0.06,4.2,26.39,96.36,8.09,14.01,IDR,22.72,75.86,subtropical_dry,NASA_POWER_daily_ag,10.14,14.462,1.5996,dewpoint,520.3,39.825
2023-05-24,32.17,38.93,25.79,36.42,0.0,4.53,28.29,96.27,6.28,13.98,IDR,22.72,75.86,subtropical_dry,NASA_POWER_daily_ag,10.254,15.424,1.5965,dewpoint,529.9,39.847
2023-05-25,32.34,39.46,25.71,43.16,0.0,4.91,27.59,96.23,18.76,16.55,IDR,22.72,75.86,subtropical_dry,NASA_POWER_daily_ag,10.114,15.663,1.8832,dewpoint,534.1,39.868
2023-05-26,32.19,39.69,25.2,45.96,0.01,5.32,26.43,96.29,19.62,17.57,IDR,22.72,75.86,subtropical_dry,NASA_POWER_daily_ag,9.991,15.332,2.0088,dewpoint,527.7,39.888
2023-05-27,32.56,40.16,25.37,47.99,0.08,5.53,26.63,96.18,11.38,18.82,IDR,22.72,75.86,subtropical_dry,NASA_POWER_daily_ag,10.031,15.701,2.1728,dewpoint,539.5,39.907
2023-05-28,31.67,37.57,25.67,51.04,1.89,4.18,23.54,96.2,48.25,19.41,IDR,22.72,75.86,subtropical_dry,NASA_POWER_daily_ag,8.223,14.293,2.2542,dewpoint,537.4,39.924
2023-05-29,32.23,38.65,27.0,43.61,1.93,3.03,26.94,96.28,37.55,17.56,IDR,22.72,75.86,subtropical_dry,NASA_POWER_daily_ag,8.299,15.575,2.0076,dewpoint,528.8,39.941
2023-05-30,32.69,39.84,25.9,35.72,0.03,3.12,23.78,96.29,43.36,14.25,IDR,22.72,75.86,subtropical_dry,NASA_POWER_daily_ag,8.466,13.388,1.6247,dewpoint,527.7,39.956
2023-05-31,32.34,39.49,25.19,30.84,0.0,3.73,26.33,96.25,23.77,12.2,IDR,22.72,75.86,subtropical_dry,NASA_POWER_daily_ag,9.545,14.198,1.4212,dewpoint,532.0,39.971
2023-06-01,33.38,40.89,25.88,28.68,0.0,3.83,28.08,96.15,5.1,11.65,IDR,22.72,75.86,subtropical_dry,NASA_POWER_daily_ag,10.22,14.765,1.3705,dewpoint,542.7,39.984
2023-06-02,33.32,39.95,27.14,36.29,0.0,5.06,26.54,96.12,20.7,15.56,IDR,22.72,75.86,subtropical_dry,NASA_POWER_daily_ag,10.704,14.899,1.7678,dewpoint,545.9,39.996
2023-06-03,32.87,37.97,27.57,44.9,0.69,3.75,22.63,96.11,35.32,18.71,IDR,22.72,75.86,subtropical_dry,NASA_POWER_daily_ag,8.364,13.648,2.158,dewpoint,547.0,40.007
2023-06-04,33.04,39.52,26.89,41.91,0.18,3.85,16.7,96.12,37.75,17.38,IDR,22.72,75.86,subtropical_dry,NASA_POWER_daily_ag,7.941,10.446,1.9849,dewpoint,545.9,40.018
2023-06-05,32.74,38.61,26.72,42.05,0.05,4.26,25.05,96.04,9.64,17.51,IDR,22.72,75.86,subtropical_dry,NASA_POWER_daily_ag,9.271,14.651,2.0012,dewpoint,554.5,40.027
2023-06-06,33.17,39.66,26.55,42.39,0.01,4.49,23.49,96.0,26.1,17.72,IDR,22.72,75.86,subtropical_dry,NASA_POWER_daily_ag,9.381,13.886,2.0279,dewpoint,558.8,40.035
2023-06-07,33.28,40.3,25.68,40.22,2.42,3.95,25.42,95.98,22.03,16.77,IDR,22.72,75.86,subtropical_dry,NASA_POWER_daily_ag,9.371,14.66,1.9097,dewpoint,560.9,40.043
2023-06-08,33.72,40.43,26.26,42.0,1.53,4.27,25.02,96.01,27.1,17.89,IDR,22.72,75.86,subtropical_dry,NASA_POWER_daily_ag,9.58,14.673,2.0498,dewpoint,557.7,40.049
2023-06-09,34.15,40.84,26.87,37.77,0.0,4.25,27.22,95.85,10.03,16.26,IDR,22.72,75.86,subtropical_dry,NASA_POWER_daily_ag,10.263,15.37,1.8487,dewpoint,574.8,40.055
2023-06-10,33.89,41.38,25.44,43.49,0.0,5.02,27.71,95.73,8.52,17.82,IDR,22.72,75.86,subtropical_dry,NASA_POWER_daily_ag,10.636,16.004,2.0407,dewpoint,587.7,40.06
2023-06-11,34.46,41.23,27.45,45.03,0.0,3.91,24.95,95.74,31.68,19.58,IDR,22.72,75.86,subtropical_dry,NASA_POWER_daily_ag,9.228,14.947,2.2782,dewpoint,586.6,40.064
2023-06-12,34.31,39.02,28.6,42.06,0.0,4.24,27.01,95.73,21.64,19.03,IDR,22.72,75.86,subtropical_dry,NASA_POWER_daily_ag,9.847,15.925,2.2015,dewpoint,587.7,40.067
2023-06-13,34.46,41.82,27.82,39.79,0.0,5.16,26.91,95.79,18.47,17.93,IDR,22.72,75.86,subtropical_dry,NASA_POWER_daily_ag,10.859,15.54,2.0549,dewpoint,581.3,40.069
2023-06-14,33.16,40.2,26.6,42.82,0.0,5.67,23.67,95.92,34.57,17.88,IDR,22.72,75.86,subtropical_dry,NASA_POWER_daily_ag,10.278,13.997,2.0485,dewpoint,567.3,40.071
2023-06-15,32.89,40.39,26.17,46.98,0.01,5.81,26.18,95.95,13.22,18.8,IDR,22.72,75.86,subtropical_dry,NASA_POWER_daily_ag,10.323,15.467,2.1701,dewpoint,564.1,40.071
2023-06-16,32.4,39.82,26.51,50.98,0.01,6.19,21.22,95.86,40.92,20.0,IDR,22.72,75.86,subtropical_dry,NASA_POWER_daily_ag,9.332,13.129,2.3383,dewpoint,573.8,40.071
2023-06-17,30.48,35.03,26.62,58.6,0.22,6.97,19.67,95.86,68.0,20.88,IDR,22.72,75.86,subtropical_dry,NASA_POWER_daily_ag,8.119,12.528,2.4687,dewpoint,573.8,40.071
2023-06-18,31.33,37.81,25.41,57.75,3.23,7.01,18.57,95.84,96.88,21.18,IDR,22.72,75.86,subtropical_dry,NASA_POWER_daily_ag,8.394,11.939,2.5146,dewpoint,575.9,40.069
2023-06-19,31.07,37.76,25.14,55.54,1.03,6.03,15.76,95.82,92.34,20.14,IDR,22.72,75.86,subtropical_dry,NASA_POWER_daily_ag,7.817,10.298,2.3586,dewpoint,578.1,40.067
2023-06-20,31.7,37.98,25.76,57.97,0.86,5.08,18.33,95.79,82.27,21.67,IDR,22.72,75.86,subtropical_dry,NASA_POWER_daily_ag,7.465,11.866,2.5912,dewpoint,581.3,40.064
2023-06-21,31.26,36.17,26.0,56.01,0.08,4.17,16.7,95.85,90.2,20.84,IDR,22.72,75.86,subtropical_dry,NASA_POWER_daily_ag,6.776,10.89,2.4627,dewpoint,574.8,40.06
2023-06-22,30.29,35.65,26.27,59.15,1.3,4.4,14.81,95.84,98.98,21.09,IDR,22.72,75.86,subtropical_dry,NASA_POWER_daily_ag,6.169,9.882,2.5008,dewpoint,575.9,40.055
2023-06-23,27.56,31.64,24.15,72.1,22.61,3.55,10.43,95.9,99.34,21.81,IDR,22.72,75.86,subtropical_dry,NASA_POWER_daily_ag,3.894,7.519,2.6135,dewpoint,569.5,40.05
2023-06-24,27.53,32.69,23.37,73.49,6.14,3.27,7.01,95.79,90.11,22.05,IDR,22.72,75.86,subtropical_dry,NASA_POWER_daily_ag,3.231,5.577,2.652,dewpoint,581.3,40.044
2023-06-25,28.56,34.2,24.06,70.29,10.06,3.68,14.02,95.7,98.8,22.21,IDR,22.72,75.86,subtropical_dry,NASA_POWER_daily_ag,4.71,9.565,2.678,dewpoint,590.9,40.037
2023-06-26,26.38,30.6,23.18,76.5,12.22,4.18,11.09,95.8,99.31,21.72,IDR,22.72,75.86,subtropical_dry,NASA_POWER_daily_ag,3.711,7.898,2.5991,dewpoint,580.2,40.029
2023-06-27,26.02,29.67,22.84,78.29,1.06,3.72,10.23,95.75,99.69,21.71,IDR,22.72,75.86,subtropical_dry,NASA_POWER_daily_ag,3.349,7.412,2.5976,dewpoint,585.6,40.021
2023-06-28,26.48,30.28,23.51,79.95,3.6,4.09,13.15,95.81,99.44,22.56,IDR,22.72,75.86,subtropical_dry,NASA_POWER_daily_ag,3.719,9.122,2.7355,dewpoint,579.1,40.012
2023-06-29,26.38,30.71,23.71,81.86,9.37,4.29,9.17,95.74,99.5,22.83,IDR,22.72,75.86,subtropical_dry,NASA_POWER_daily_ag,3.072,6.821,2.7807,dewpoint,586.6,40.002
2023-06-30,25.84,28.63,23.96,87.5,21.23,3.84,14.03,95.69,97.33,23.53,IDR,22.72,75.86,subtropical_dry,NASA_POWER_daily_ag,3.19,9.715,2.9008,dewpoint,592.0,39.991
2023-07-01,27.05,30.68,24.51,82.58,5.63,3.92,14.51,95.83,98.52,23.62,IDR,22.72,75.86,subtropical_dry,NASA_POWER_daily_ag,3.762,9.984,2.9165,dewpoint,577.0,39.98
2023-07-02,28.17,33.0,24.16,76.92,5.69,3.29,13.01,95.88,98.22,23.36,IDR,22.72,75.86,subtropical_dry,NASA_POWER_daily_ag,3.961,9.068,2.8712,dewpoint,571.6,39.967
2023-07-03,29.06,34.1,24.62,74.88,0.85,2.04,19.0,95.78,81.32,23.72,IDR,22.72,75.86,subtropical_dry,NASA_POWER_daily_ag,4.746,12.599,2.9341,dewpoint,582.4,39.954
2023-07-04,28.79,33.73,25.44,79.01,12.24,2.24,19.53,95.55,89.87,24.47,IDR,22.72,75.86,subtropical_dry,NASA_POWER_daily_ag,4.674,13.022,3.0691,dewpoint,607.1,39.94
2023-07-05,27.07,29.18,25.6,90.13,11.98,3.5,13.39,95.35,95.9,25.29,IDR,22.72,75.86,subtropical_dry,NASA_POWER_daily_ag,3.001,9.446,3.2229,dewpoint,628.6,39.926
2023-07-06,27.35,30.75,24.92,84.25,14.43,3.18,15.19,95.52,97.34,24.33,IDR,22.72,75.86,subtropical_dry,NASA_POWER_daily_ag,3.674,10.447,3.0435,dewpoint,610.3,39.91
2023-07-07,27.86,32.67,23.91,81.03,16.56,2.7,16.25,95.64,97.7,24.01,IDR,22.72,75.86,subtropical_dry,NASA_POWER_daily_ag,4.041,11.034,2.9857,dewpoint,597.4,39.894
2023-07-08,27.07,30.45,24.56,83.71,10.0,3.91,15.22,95.71,98.15,23.91,IDR,22.72,75.86,subtropical_dry,NASA_POWER_daily_ag,3.769,10.426,2.9678,dewpoint,589.9,39.876
2023-07-09,27.05,31.33,23.81,82.36,4.77,4.07,12.23,95.8,94.65,23.56,IDR,22.72,75.86,subtropical_dry,NASA_POWER_daily_ag,3.482,8.628,2.906,dewpoint,580.2,39.858
2023-07-10,27.1,31.54,24.35,81.7,3.27,4.96,14.0,95.79,96.47,23.47,IDR,22.72,75.86,subtropical_dry,NASA_POWER_daily_ag,3.901,9.657,2.8903,dewpoint,581.3,39.839
2023-07-11,27.02,31.34,23.93,83.32,18.92,4.3,6.53,95.86,99.45,23.75,IDR,22.72,75.86,subtropical_dry,NASA_POWER_daily_ag,2.642,5.266,2.9394,dewpoint,573.8,39.819
2023-07-12,27.31,31.5,24.59,83.98,9.66,4.18,11.03,95.78,98.74,24.18,IDR,22.72,75.86,subtropical_dry,NASA_POWER_daily_ag,3.214,7.941,3.0163,dewpoint,582.4,39.798
2023-07-13,27.86,32.36,24.48,81.87,4.98,3.8,12.07,95.78,98.47,24.24,IDR,22.72,75.86,subtropical_dry,NASA_POWER_daily_ag,3.528,8.559,3.0272,dewpoint,582.4,39.776
2023-07-14,26.82,30.4,24.4,84.9,10.49,3.11,15.11,95.92,98.19,23.93,IDR,22.72,75.86,subtropical_dry,NASA_POWER_daily_ag,3.566,10.355,2.9714,dewpoint,567.3,39.753
2023-07-15,26.42,30.79,23.22,85.76,9.22,2.97,12.33,95.93,99.73,23.69,IDR,22.72,75.86,subtropical_dry,NASA_POWER_daily_ag,3.063,8.693,2.9288,dewpoint,566.3,39.729
2023-07-16,26.94,31.09,23.95,81.64,2.87,3.5,10.27,95.88,98.42,23.3,IDR,22.72,75.86,subtropical_dry,NASA_POWER_daily_ag,3.153,7.458,2.8608,dewpoint,571.6,39.704
2023-07-17,27.55,32.2,23.99,81.12,10.26,3.64,13.04,95.74,97.9,23.74,IDR,22.72,75.86,subtropical_dry,NASA_POWER_daily_ag,3.678,9.101,2.9377,dewpoint,586.6,39.677
2023-07-18,26.23,28.7,24.44,90.46,24.17,3.65,9.7,95.54,97.32,24.5,IDR,22.72,75.86,subtropical_dry,NASA_POWER_daily_ag,2.385,7.157,3.0746,dewpoint,608.1,39.65
2023-07-19,28.42,32.47,25.12,84.02,20.85,1.84,11.47,95.37,95.9,25.28,IDR,22.72,75.86,subtropical_dry,NASA_POWER_daily_ag,2.999,8.244,3.221,dewpoint,626.4,39.622
2023-07-20,28.76,32.54,25.43,84.81,30.77,1.45,17.7,95.4,87.12,25.79,IDR,22.72,75.86,subtropical_dry,NASA_POWER_daily_ag,4.025,12.096,3.3199,dewpoint,623.2,39.592
2023-07-21,27.39,29.85,25.69,90.27,15.57,2.53,13.88,95.57,97.76,25.62,IDR,22.72,75.86,subtropical_dry,NASA_POWER_daily_ag,3.083,9.746,3.2867,dewpoint,604.9,39.561
2023-07-22,26.99,29.75,24.65,89.57,49.92,1.43,14.92,95.61,97.64,25.09,IDR,22.72,75.86,subtropical_dry,NASA_POWER_daily_ag,3.246,10.341,3.1848,dewpoint,600.6,39.529
2023-07-23,27.67,31.74,25.15,86.64,8.07,1.48,16.0,95.56,93.19,25.12,IDR,22.72,75.86,subtropical_dry,NASA_POWER_daily_ag,3.574,10.978,3.1905,dewpoint,606.0,39.496
2023-07-24,27.34,31.71,24.02,84.11,2.15,3.28,18.78,95.65,92.24,24.23,IDR,22.72,75.86,subtropical_dry,NASA_POWER_daily_ag,4.236,12.543,3.0254,dewpoint,596.3,39.462
2023-07-25,27.19,31.69,23.8,83.71,0.68,3.47,16.09,95.82,88.59,24.0,IDR,22.72,75.86,subtropical_dry,NASA_POWER_daily_ag,3.863,10.914,2.9839,dewpoint,578.1,39.426
2023-07-26,26.75,30.42,24.01,85.8,0.89,3.93,15.58,95.9,95.84,24.06,IDR,22.72,75.86,subtropical_dry,NASA_POWER_daily_ag,3.616,10.625,2.9947,dewpoint,569.5,39.389
2023-07-27,28.08,33.01,24.14,82.85,1.49,3.51,13.23,95.82,98.51,24.64,IDR,22.72,75.86,subtropical_dry,NASA_POWER_daily_ag,3.604,9.251,3.1005,dewpoint,578.1,39.351
2023-07-28,26.73,29.85,25.0,88.43,9.56,4.65,5.99,95.82,99.51,24.59,IDR,22.72,75.86,subtropical_dry,NASA_POWER_daily_ag,2.118,4.913,3.0912,dewpoint,578.1,39.311
2023-07-29,26.25,29.89,23.39,84.8,4.33,4.5,14.8,95.92,92.45,23.34,IDR,22.72,75.86,subtropical_dry,NASA_POWER_daily_ag,3.581,10.098,2.8677,dewpoint,567.3,39.269
2023-07-30,26.34,30.53,23.3,84.82,7.8,4.38,15.83,95.83,85.42,23.41,IDR,22.72,75.86,subtropical_dry,NASA_POWER_daily_ag,3.725,10.7,2.8799,dewpoint,577.0,39.227
2023-07-31,26.87,31.41,23.26,85.01,9.78,4.23,14.83,95.72,87.84,23.96,IDR,22.72,75.86,subtropical_dry,NASA_POWER_daily_ag,3.622,10.155,2.9768,dewpoint,588.8,39.183
2023-08-01,26.65,30.97,23.72,85.59,9.61,4.82,10.88,95.72,92.51,23.89,IDR,22.72,75.86,subtropical_dry,NASA_POWER_daily_ag,3.058,7.813,2.9643,dewpoint,588.8,39.137
2023-08-02,25.86,29.38,23.09,86.17,3.14,5.06,10.9,95.78,99.73,23.26,IDR,22.72,75.86,subtropical_dry,NASA_POWER_daily_ag,2.952,7.805,2.8539,dewpoint,582.4,39.09
2023-08-03,24.44,26.72,22.88,89.43,2.21,4.79,6.51,95.79,99.52,22.55,IDR,22.72,75.86,subtropical_dry,NASA_POWER_daily_ag,1.986,5.241,2.7339,dewpoint,581.3,39.041
2023-08-04,25.73,29.97,23.0,85.95,3.53,3.92,7.62,95.91,99.5,23.05,IDR,22.72,75.86,subtropical_dry,NASA_POWER_daily_ag,2.435,5.882,2.8179,dewpoint,568.4,38.991
2023-08-05,25.67,29.15,23.19,86.16,1.86,3.97,11.49,96.08,99.65,23.05,IDR,22.72,75.86,subtropical_dry,NASA_POWER_daily_ag,2.934,8.13,2.8179,dewpoint,550.2,38.939
2023-08-06,25.53,29.44,23.15,86.56,0.74,4.18,11.24,95.98,99.05,23.0,IDR,22.72,75.86,subtropical_dry,NASA_POWER_daily_ag,2.873,7.979,2.8094,dewpoint,560.9,38.885
2023-08-07,25.79,30.55,22.4,82.2,0.11,5.19,10.04,95.82,99.01,22.29,IDR,22.72,75.86,subtropical_dry,NASA_POWER_daily_ag,3.242,7.258,2.691,dewpoint,578.1,38.83
2023-08-08,25.07,29.25,22.29,84.94,0.04,4.56,10.39,95.93,89.57,22.23,IDR,22.72,75.86,subtropical_dry,NASA_POWER_daily_ag,2.883,7.457,2.6812,dewpoint,566.3,38.773
2023-08-09,25.86,30.39,22.57,83.33,0.06,3.62,14.63,96.17,83.1,22.62,IDR,22.72,75.86,subtropical_dry,NASA_POWER_daily_ag,3.549,9.895,2.7455,dewpoint,540.6,38.714
2023-08-10,26.13,30.72,22.76,83.01,5.86,3.49,15.43,96.25,75.99,22.8,IDR,22.72,75.86,subtropical_dry,NASA_POWER_daily_ag,3.697,10.362,2.7756,dewpoint,532.0,38.653
2023-08-11,25.93,30.6,22.47,83.05,1.59,3.13,18.75,96.23,48.5,22.59,IDR,22.72,75.86,subtropical_dry,NASA_POWER_daily_ag,4.105,12.242,2.7405,dewpoint,534.1,38.591
2023-08-12,25.7,29.72,22.99,84.84,3.55,3.67,15.19,96.14,80.16,22.78,IDR,22.72,75.86,subtropical_dry,NASA_POWER_daily_ag,3.508,10.221,2.7723,dewpoint,543.8,38.527
2023-08-13,25.63,30.04,22.6,83.28,1.29,4.1,10.76,95.97,99.6,22.39,IDR,22.72,75.86,subtropical_dry,NASA_POWER_daily_ag,3.068,7.653,2.7074,dewpoint,562.0,38.461
2023-08-14,25.5,30.26,22.01,81.91,0.29,3.58,13.05,96.1,99.28,21.95,IDR,22.72,75.86,subtropical_dry,NASA_POWER_daily_ag,3.394,8.925,2.6359,dewpoint,548.1,38.393
2023-08-15,25.48,29.82,22.1,83.4,0.56,2.85,15.05,96.18,72.84,22.24,IDR,22.72,75.86,subtropical_dry,NASA_POWER_daily_ag,3.483,10.08,2.6829,dewpoint,539.5,38.323
2023-08-16,25.69,30.36,22.14,82.84,0.37,2.99,13.21,96.24,75.13,22.33,IDR,22.72,75.86,subtropical_dry,NASA_POWER_daily_ag,3.29,9.03,2.6976,dewpoint,533.1,38.252
2023-08-17,25.92,30.17,22.57,82.99,0.35,3.16,13.54,96.19,60.42,22.59,IDR,22.72,75.86,subtropical_dry,NASA_POWER_daily_ag,3.369,9.231,2.7405,dewpoint,538.4,38.178
2023-08-18,25.02,28.44,22.85,86.58,3.07,2.93,10.04,96.08,97.39,22.51,IDR,22.72,75.86,subtropical_dry,NASA_POWER_daily_ag,2.555,7.231,2.7272,dewpoint,550.2,38.103
2023-08-19,25.49,29.71,22.99,85.65,12.99,3.48,5.71,95.91,99.79,22.76,IDR,22.72,75.86,subtropical_dry,NASA_POWER_daily_ag,2.118,4.751,2.7689,dewpoint,568.4,38.026
2023-08-20,25.99,30.81,22.57,86.4,9.44,4.11,6.21,95.82,93.12,23.41,IDR,22.72,75.86,subtropical_dry,NASA_POWER_daily_ag,2.235,5.025,2.8799,dewpoint,578.1,37.946
2023-08-21,25.45,29.44,22.84,86.61,2.02,3.88,8.45,95.93,81.71,22.94,IDR,22.72,75.86,subtropical_dry,NASA_POWER_daily_ag,2.454,6.316,2.7993,dewpoint,566.3,37.865
2023-08-22,25.25,28.33,23.06,87.43,0.81,3.38,7.84,95.99,95.14,22.93,IDR,22.72,75.86,subtropical_dry,NASA_POWER_daily_ag,2.244,5.962,2.7976,dewpoint,559.8,37.782
2023-08-23,25.93,30.07,23.08,85.1,0.68,3.44,14.08,95.97,98.44,23.05,IDR,22.72,75.86,subtropical_dry,NASA_POWER_daily_ag,3.332,9.543,2.8179,dewpoint,562.0,37.696
2023-08-24,25.76,29.81,23.12,84.55,0.25,3.79,15.6,95.88,77.69,22.79,IDR,22.72,75.86,subtropical_dry,NASA_POWER_daily_ag,3.579,10.384,2.774,dewpoint,571.6,37.609
2023-08-25,25.89,30.18,22.65,83.81,0.14,3.18,17.97,95.92,41.21,22.75,IDR,22.72,75.86,subtropical_dry,NASA_POWER_daily_ag,3.919,11.723,2.7672,dewpoint,567.3,37.519
2023-08-26,26.29,30.66,23.52,83.24,0.26,3.19,18.28,96.05,51.18,23.02,IDR,22.72,75.86,subtropical_dry,NASA_POWER_daily_ag,4.037,11.909,2.8128,dewpoint,553.4,37.428
2023-08-27,25.89,30.24,23.01,81.95,0.04,3.65,18.75,96.13,35.14,22.34,IDR,22.72,75.86,subtropical_dry,NASA_POWER_daily_ag,4.177,12.079,2.6992,dewpoint,544.8,37.335
2023-08-28,25.62,30.09,22.65,80.92,0.01,3.54,17.9,96.12,29.89,21.83,IDR,22.72,75.86,subtropical_dry,NASA_POWER_daily_ag,4.091,11.528,2.6167,dewpoint,545.9,37.239
2023-08-29,25.64,30.3,22.42,80.94,0.0,2.84,19.57,96.19,30.32,21.84,IDR,22.72,75.86,subtropical_dry,NASA_POWER_daily_ag,4.235,12.447,2.6183,dewpoint,538.4,37.141
2023-08-30,26.09,31.8,21.29,80.73,0.0,2.58,20.82,96.3,25.44,22.21,IDR,22.72,75.86,subtropical_dry,NASA_POWER_daily_ag,4.448,13.185,2.678,dewpoint,526.7,37.042
2023-08-31,26.24,31.64,21.07,78.16,0.01,1.8,23.25,96.32,11.56,21.77,IDR,22.72,75.86,subtropical_dry,NASA_POWER_daily_ag,4.809,14.446,2.6071,dewpoint,524.5,36.94
2023-09-01,26.81,32.14,22.08,78.15,0.01,1.76,22.43,96.31,14.6,22.32,IDR,22.72,75.86,subtropical_dry,NASA_POWER_daily_ag,4.746,14.057,2.6959,dewpoint,525.6,36.836
2023-09-02,26.43,32.13,21.58,75.88,0.0,2.35,21.55,96.23,21.61,21.41,IDR,22.72,75.86,subtropical_dry,NASA_POWER_daily_ag,4.762,13.391,2.5503,dewpoint,534.1,36.731
2023-09-03,26.36,31.8,21.29,77.19,0.0,2.4,20.36,96.1,59.48,21.71,IDR,22.72,75.86,subtropical_dry,NASA_POWER_daily_ag,4.528,12.793,2.5976,dewpoint,548.1,36.623
2023-09-04,26.72,31.92,22.72,78.88,1.68,3.0,18.91,95.97,77.25,22.44,IDR,22.72,75.86,subtropical_dry,NASA_POWER_daily_ag,4.389,12.074,2.7157,dewpoint,562.0,36.513
2023-09-05,26.98,32.62,22.13,74.54,0.34,3.61,22.58,95.9,36.18,21.73,IDR,22.72,75.86,subtropical_dry,NASA_POWER_daily_ag,5.279,13.954,2.6007,dewpoint,569.5,36.401
2023-09-06,26.86,31.79,23.29,81.05,9.06,3.93,11.14,95.77,88.05,23.1,IDR,22.72,75.86,subtropical_dry,NASA_POWER_daily_ag,3.341,7.763,2.8265,dewpoint,583.4,36.288
2023-09-07,25.54,27.76,23.96,91.01,29.26,2.78,9.64,95.72,99.42,23.94,IDR,22.72,75.86,subtropical_dry,NASA_POWER_daily_ag,2.231,6.95,2.9732,dewpoint,588.8,36.172
2023-09-08,25.59,27.87,23.99,93.26,49.5,2.67,4.15,95.73,99.48,24.42,IDR,22.72,75.86,subtropical_dry,NASA_POWER_daily_ag,1.298,3.74,3.06,dewpoint,587.7,36.054
2023-09-09,25.62,28.98,23.75,89.92,42.43,3.89,8.25,95.8,99.3,23.77,IDR,22.72,75.86,subtropical_dry,NASA_POWER_daily_ag,2.17,6.128,2.943,dewpoint,580.2,35.935
2023-09-10,26.04,30.38,23.18,85.35,1.5,4.03,10.86,95.79,97.92,23.25,IDR,22.72,75.86,subtropical_dry,NASA_POWER_daily_ag,2.903,7.591,2.8522,dewpoint,581.3,35.813
2023-09-11,25.54,29.53,23.18,84.35,0.02,4.01,18.86,95.91,51.49,22.54,IDR,22.72,75.86,subtropical_dry,NASA_POWER_daily_ag,3.962,12.005,2.7322,dewpoint,568.4,35.69
2023-09-12,24.76,27.32,22.69,86.09,0.06,3.76,15.73,96.02,77.64,22.19,IDR,22.72,75.86,subtropical_dry,NASA_POWER_daily_ag,3.327,10.242,2.6747,dewpoint,556.6,35.564
2023-09-13,23.95,26.63,21.84,87.97,1.13,3.07,6.98,96.02,97.12,21.76,IDR,22.72,75.86,subtropical_dry,NASA_POWER_daily_ag,1.978,5.377,2.6055,dewpoint,556.6,35.437
2023-09-14,24.58,28.48,21.57,89.57,12.62,2.81,7.31,96.01,99.48,22.69,IDR,22.72,75.86,subtropical_dry,NASA_POWER_daily_ag,1.935,5.557,2.7572,dewpoint,557.7,35.308
2023-09-15,25.13,28.31,22.35,91.86,43.9,3.53,9.28,95.88,98.89,23.68,IDR,22.72,75.86,subtropical_dry,NASA_POWER_daily_ag,2.115,6.685,2.9271,dewpoint,571.6,35.177
2023-09-16,23.18,25.28,21.84,94.58,189.45,6.27,2.2,95.6,99.49,22.27,IDR,22.72,75.86,subtropical_dry,NASA_POWER_daily_ag,1.007,2.697,2.6878,dewpoint,601.7,35.045
2023-09-17,23.5,26.51,21.13,90.9,59.9,5.15,6.22,95.71,99.29,21.91,IDR,22.72,75.86,subtropical_dry,NASA_POWER_daily_ag,1.763,4.937,2.6295,dewpoint,589.9,34.911
2023-09-18,25.11,29.76,21.11,87.96,5.49,2.93,14.51,95.87,85.56,22.83,IDR,22.72,75.86,subtropical_dry,NASA_POWER_daily_ag,3.058,9.552,2.7807,dewpoint,572.7,34.775
2023-09-19,25.94,30.12,22.58,87.68,5.1,2.09,15.58,96.09,54.82,23.6,IDR,22.72,75.86,subtropical_dry,NASA_POWER_daily_ag,3.255,10.209,2.913,dewpoint,549.1,34.637
2023-09-20,26.49,30.58,22.48,85.08,0.25,1.1,17.59,96.2,76.28,23.61,IDR,22.72,75.86,subtropical_dry,NASA_POWER_daily_ag,3.624,11.326,2.9148,dewpoint,537.4,34.498
2023-09-21,26.08,29.2,23.97,89.31,11.57,1.63,16.24,96.16,90.61,24.12,IDR,22.72,75.86,subtropical_dry,NASA_POWER_daily_ag,3.283,10.622,3.0055,dewpoint,541.6,34.358
2023-09-22,25.97,29.11,23.7,90.8,2.72,2.39,12.86,96.17,98.38,24.3,IDR,22.72,75.86,subtropical_dry,NASA_POWER_daily_ag,2.705,8.701,3.0381,dewpoint,540.6,34.216
2023-09-23,25.39,27.43,23.64,92.79,3.39,2.6,8.3,96.2,97.15,24.13,IDR,22.72,75.86,subtropical_dry,NASA_POWER_daily_ag,1.902,6.079,3.0073,dewpoint,537.4,34.072
2023-09-24,26.31,30.32,23.58,88.64,8.91,2.25,16.27,96.19,73.95,24.18,IDR,22.72,75.86,subtropical_dry,NASA_POWER_daily_ag,3.333,10.597,3.0163,dewpoint,538.4,33.927
2023-09-25,26.06,29.54,23.42,86.9,7.57,1.51,13.88,96.2,90.84,23.59,IDR,22.72,75.86,subtropical_dry,NASA_POWER_daily_ag,2.972,9.171,2.9113,dewpoint,537.4,33.781
2023-09-26,26.1,30.0,23.17,87.34,5.98,1.59,15.67,96.21,88.25,23.71,IDR,22.72,75.86,subtropical_dry,NASA_POWER_daily_ag,3.24,10.172,2.9324,dewpoint,536.3,33.633
2023-09-27,26.76,30.43,23.13,84.5,7.09,1.33,17.32,96.2,68.64,23.8,IDR,22.72,75.86,subtropical_dry,NASA_POWER_daily_ag,3.605,11.09,2.9483,dewpoint,537.4,33.485
2023-09-28,26.88,30.77,22.98,81.64,3.14,0.87,17.38,96.17,67.99,23.32,IDR,22.72,75.86,subtropical_dry,NASA_POWER_daily_ag,3.604,11.025,2.8643,dewpoint,540.6,33.335
2023-09-29,27.09,30.64,23.34,77.82,1.54,1.05,17.74,96.17,76.75,22.72,IDR,22.72,75.86,subtropical_dry,NASA_POWER_daily_ag,3.763,11.101,2.7622,dewpoint,540.6,33.184
2023-09-30,26.88,31.86,22.97,72.59,0.0,1.21,20.49,96.14,14.48,21.26,IDR,22.72,75.86,subtropical_dry,NASA_POWER_daily_ag,4.273,12.245,2.527,dewpoint,543.8,33.031
2023-10-01,26.09,31.81,21.9,72.99,0.0,1.21,20.85,96.05,12.51,20.49,IDR,22.72,75.86,subtropical_dry,NASA_POWER_daily_ag,4.227,12.273,2.4102,dewpoint,553.4,32.878
2023-10-02,25.62,31.98,20.8,72.6,0.0,1.56,21.12,96.17,16.99,19.85,IDR,22.72,75.86,subtropical_dry,NASA_POWER_daily_ag,4.329,12.27,2.3167,dewpoint,540.6,32.724
2023-10-03,24.13,31.28,19.23,75.4,0.0,2.58,21.35,96.37,9.74,19.1,IDR,22.72,75.86,subtropical_dry,NASA_POWER_daily_ag,4.326,12.258,2.2111,dewpoint,519.2,32.569
2023-10-04,23.11,29.8,17.87,78.16,0.0,2.64,22.19,96.45,2.27,18.81,IDR,22.72,75.86,subtropical_dry,NASA_POWER_daily_ag,4.172,12.66,2.1715,dewpoint,510.6,32.414
2023-10-05,22.97,29.58,17.8,80.96,0.0,2.64,22.33,96.42,0.13,19.19,IDR,22.72,75.86,subtropical_dry,NASA_POWER_daily_ag,4.065,12.791,2.2236,dewpoint,513.8,32.257
2023-10-06,22.99,29.58,17.35,82.86,0.0,2.49,21.15,96.37,16.18,19.61,IDR,22.72,75.86,subtropical_dry,NASA_POWER_daily_ag,3.837,12.277,2.2824,dewpoint,519.2,32.1
2023-10-07,23.67,30.08,18.28,84.34,0.0,2.03,21.51,96.47,1.62,20.64,IDR,22.72,75.86,subtropical_dry,NASA_POWER_daily_ag,3.868,12.61,2.4325,dewpoint,508.5,31.943
2023-10-08,23.88,30.21,18.6,81.17,0.0,1.78,21.66,96.58,0.13,20.09,IDR,22.72,75.86,subtropical_dry,NASA_POWER_daily_ag,3.989,12.523,2.3513,dewpoint,496.8,31.785
2023-10-09,23.8,30.31,18.06,82.22,0.0,1.84,21.42,96.68,0.24,20.25,IDR,22.72,75.86,subtropical_dry,NASA_POWER_daily_ag,3.917,12.418,2.3747,dewpoint,486.1,31.626
2023-10-10,23.61,29.99,17.99,81.79,0.0,1.55,21.28,96.71,0.38,20.06,IDR,22.72,75.86,subtropical_dry,NASA_POWER_daily_ag,3.842,12.288,2.347,dewpoint,482.9,31.467
2023-10-11,23.58,29.78,18.59,78.83,0.0,1.35,21.47,96.71,3.0,19.3,IDR,22.72,75.86,subtropical_dry,NASA_POWER_daily_ag,3.892,12.177,2.2389,dewpoint,482.9,31.308
2023-10-12,24.31,30.46,18.56,77.42,0.0,1.4,20.32,96.78,3.77,19.8,IDR,22.72,75.86,subtropical_dry,NASA_POWER_daily_ag,3.848,11.672,2.3095,dewpoint,475.5,31.149
2023-10-13,25.56,31.04,20.72,66.96,0.0,1.13,18.22,96.85,7.9,18.72,IDR,22.72,75.86,subtropical_dry,NASA_POWER_daily_ag,3.762,10.362,2.1593,dewpoint,468.0,30.989
2023-10-14,25.24,31.01,21.21,68.95,0.0,1.21,17.1,96.79,15.75,18.77,IDR,22.72,75.86,subtropical_dry,NASA_POWER_daily_ag,3.586,9.811,2.1661,dewpoint,474.4,30.829
2023-10-15,24.33,30.29,20.03,75.38,0.0,1.7,17.14,96.63,29.65,19.41,IDR,22.72,75.86,subtropical_dry,NASA_POWER_daily_ag,3.529,9.951,2.2542,dewpoint,491.4,30.67
2023-10-16,24.49,30.43,19.6,77.58,2.74,1.39,16.37,96.66,22.5,19.99,IDR,22.72,75.86,subtropical_dry,NASA_POWER_daily_ag,3.314,9.653,2.3368,dewpoint,488.2,30.511
2023-10-17,24.45,30.16,20.2,77.0,0.05,1.31,15.85,96.78,29.83,19.79,IDR,22.72,75.86,subtropical_dry,NASA_POWER_daily_ag,3.227,9.34,2.3081,dewpoint,475.5,30.351
2023-10-18,24.77,30.35,19.15,71.06,0.04,0.84,18.31,96.87,7.46,18.71,IDR,22.72,75.86,subtropical_dry,NASA_POWER_daily_ag,3.501,10.313,2.158,dewpoint,465.9,30.192
2023-10-19,24.16,30.4,18.39,70.76,0.0,1.13,17.91,96.85,9.31,18.07,IDR,22.72,75.86,subtropical_dry,NASA_POWER_daily_ag,3.5,10.003,2.0731,dewpoint,468.0,30.034
2023-10-20,23.73,30.2,18.53,77.37,0.03,1.37,15.36,96.9,32.77,19.16,IDR,22.72,75.86,subtropical_dry,NASA_POWER_daily_ag,3.093,8.972,2.2194,dewpoint,462.7,29.876
2023-10-21,23.74,29.64,18.22,76.41,0.0,1.21,16.3,96.96,45.57,19.04,IDR,22.72,75.86,subtropical_dry,NASA_POWER_daily_ag,3.177,9.386,2.2029,dewpoint,456.3,29.718
2023-10-22,24.4,30.49,19.12,70.15,0.0,0.8,15.89,96.94,33.93,18.13,IDR,22.72,75.86,subtropical_dry,NASA_POWER_daily_ag,3.109,8.996,2.0809,dewpoint,458.4,29.561
2023-10-23,24.21,30.09,18.69,68.48,0.0,1.26,17.98,96.83,11.84,17.65,IDR,22.72,75.86,subtropical_dry,NASA_POWER_daily_ag,3.565,9.84,2.019,dewpoint,470.1,29.405
2023-10-24,23.73,29.23,18.99,68.14,0.0,1.02,17.0,96.81,22.8,17.14,IDR,22.72,75.86,subtropical_dry,NASA_POWER_daily_ag,3.29,9.31,1.955,dewpoint,472.3,29.249
2023-10-25,23.45,29.48,17.31,62.22,0.0,1.07,18.66,96.93,4.48,15.38,IDR,22.72,75.86,subtropical_dry,NASA_POWER_daily_ag,3.543,9.712,1.7475,dewpoint,459.5,29.095
2023-10-26,23.28,29.84,17.34,58.15,0.0,0.8,18.61,96.93,5.63,14.14,IDR,22.72,75.86,subtropical_dry,NASA_POWER_daily_ag,3.372,9.424,1.6132,dewpoint,459.5,28.941
2023-10-27,22.78,29.73,16.12,58.87,0.0,1.27,19.48,96.81,1.73,13.78,IDR,22.72,75.86,subtropical_dry,NASA_POWER_daily_ag,3.701,9.704,1.5759,dewpoint,472.3,28.788
2023-10-28,22.36,29.29,15.24,62.97,0.0,1.26,18.92,96.83,17.97,14.51,IDR,22.72,75.86,subtropical_dry,NASA_POWER_daily_ag,3.53,9.623,1.6523,dewpoint,470.1,28.636
2023-10-29,22.94,30.03,17.08,63.34,0.0,1.04,18.57,96.8,11.29,15.11,IDR,22.72,75.86,subtropical_dry,NASA_POWER_daily_ag,3.411,9.474,1.7175,dewpoint,473.3,28.486
2023-10-30,21.19,28.26,16.18,73.01,0.0,1.55,17.44,96.81,34.99,15.78,IDR,22.72,75.86,subtropical_dry,NASA_POWER_daily_ag,3.162,9.182,1.7929,dewpoint,472.3,28.337
2023-10-31,21.32,28.15,15.2,73.38,0.0,1.78,17.44,96.9,19.95,15.93,IDR,22.72,75.86,subtropical_dry,NASA_POWER_daily_ag,3.238,9.203,1.8102,dewpoint,462.7,28.189
2023-11-01,21.97,29.02,15.7,73.85,0.0,1.45,17.23,96.93,0.52,16.59,IDR,22.72,75.86,subtropical_dry,NASA_POWER_daily_ag,3.17,9.155,1.888,dewpoint,459.5,28.043
2023-11-02,22.88,29.41,16.14,64.33,0.0,1.14,17.17,96.84,0.3,15.15,IDR,22.72,75.86,subtropical_dry,NASA_POWER_daily_ag,3.28,8.834,1.7219,dewpoint,469.1,27.898
2023-11-03,23.24,29.96,16.98,57.03,0.0,1.15,16.75,96.68,0.34,13.58,IDR,22.72,75.86,subtropical_dry,NASA_POWER_daily_ag,3.354,8.349,1.5556,dewpoint,486.1,27.755
2023-11-04,22.36,30.11,15.12,59.2,0.0,1.55,16.64,96.69,3.83,13.29,IDR,22.72,75.86,subtropical_dry,NASA_POWER_daily_ag,3.475,8.277,1.5264,dewpoint,485.0,27.613
2023-11-05,21.92,30.03,14.87,61.61,0.0,1.53,17.32,96.84,1.53,13.5,IDR,22.72,75.86,subtropical_dry,NASA_POWER_daily_ag,3.423,8.532,1.5475,dewpoint,469.1,27.473
2023-11-06,21.85,29.87,14.58,62.51,0.0,1.6,17.03,96.96,9.73,13.62,IDR,22.72,75.86,subtropical_dry,NASA_POWER_daily_ag,3.404,8.422,1.5596,dewpoint,456.3,27.335
2023-11-07,22.37,29.26,15.61,62.76,0.0,1.26,16.64,96.93,14.27,14.35,IDR,22.72,75.86,subtropical_dry,NASA_POWER_daily_ag,3.216,8.352,1.6353,dewpoint,459.5,27.199
2023-11-08,22.65,29.94,15.78,59.3,0.0,1.3,16.41,96.85,4.06,13.71,IDR,22.72,75.86,subtropical_dry,NASA_POWER_daily_ag,3.285,8.108,1.5688,dewpoint,468.0,27.065
2023-11-09,23.1,29.99,16.46,59.29,0.0,1.23,16.06,96.88,3.77,14.27,IDR,22.72,75.86,subtropical_dry,NASA_POWER_daily_ag,3.233,8.015,1.6268,dewpoint,464.8,26.933
2023-11-10,23.0,29.45,16.47,63.51,0.0,1.22,14.83,96.99,7.0,15.18,IDR,22.72,75.86,subtropical_dry,NASA_POWER_daily_ag,3.031,7.677,1.7252,dewpoint,453.1,26.803
2023-11-11,23.21,31.27,17.61,61.04,0.0,1.05,16.47,97.08,5.97,14.6,IDR,22.72,75.86,subtropical_dry,NASA_POWER_daily_ag,3.122,8.076,1.6619,dewpoint,443.6,26.675
2023-11-12,21.22,30.06,13.6,53.18,0.0,1.65,17.79,97.12,15.58,10.27,IDR,22.72,75.86,subtropical_dry,NASA_POWER_daily_ag,3.581,7.936,1.2504,dewpoint,439.3,26.55
2023-11-13,20.47,29.12,14.02,58.82,0.0,1.71,14.11,97.06,34.51,11.23,IDR,22.72,75.86,subtropical_dry,NASA_POWER_daily_ag,3.117,6.891,1.3329,dewpoint,445.7,26.426
2023-11-14,20.01,27.46,14.31,60.62,0.0,1.74,16.47,96.97,5.62,11.49,IDR,22.72,75.86,subtropical_dry,NASA_POWER_daily_ag,3.212,7.715,1.3561,dewpoint,455.2,26.306
2023-11-15,20.2,28.4,13.05,60.88,0.0,2.04,15.31,96.95,0.0,11.78,IDR,22.72,75.86,subtropical_dry,NASA_POWER_daily_ag,3.273,7.346,1.3823,dewpoint,457.4,26.188
2023-11-16,19.94,28.6,13.24,64.11,0.0,1.82,15.64,97.0,0.29,12.25,IDR,22.72,75.86,subtropical_dry,NASA_POWER_daily_ag,3.081,7.481,1.4259,dewpoint,452.1,26.072
2023-11-17,19.41,27.65,13.12,64.96,0.0,2.03,15.0,97.01,0.3,11.91,IDR,22.72,75.86,subtropical_dry,NASA_POWER_daily_ag,3.049,7.224,1.3943,dewpoint,451.0,25.959
2023-11-18,20.12,28.67,13.19,64.76,0.0,1.72,14.77,96.91,2.7,12.56,IDR,22.72,75.86,subtropical_dry,NASA_POWER_daily_ag,2.958,7.176,1.4552,dewpoint,461.6,25.848
2023-11-19,21.2,28.98,14.52,68.52,0.0,1.68,14.41,96.91,1.11,14.67,IDR,22.72,75.86,subtropical_dry,NASA_POWER_daily_ag,2.891,7.273,1.6695,dewpoint,461.6,25.741
2023-11-20,21.99,29.81,15.49,66.75,0.0,1.49,14.62,96.95,2.97,14.85,IDR,22.72,75.86,subtropical_dry,NASA_POWER_daily_ag,2.941,7.303,1.6889,dewpoint,457.4,25.636
2023-11-21,21.55,28.89,15.33,67.38,0.0,1.53,14.77,96.94,3.45,14.6,IDR,22.72,75.86,subtropical_dry,NASA_POWER_daily_ag,2.916,7.326,1.6619,dewpoint,458.4,25.534
2023-11-22,21.04,28.49,14.64,61.17,0.0,1.11,14.45,96.83,1.76,12.36,IDR,22.72,75.86,subtropical_dry,NASA_POWER_daily_ag,2.741,6.908,1.4362,dewpoint,470.1,25.435
2023-11-23,20.16,28.14,13.42,60.88,0.0,1.31,13.61,96.71,12.46,11.55,IDR,22.72,75.86,subtropical_dry,NASA_POWER_daily_ag,2.717,6.556,1.3615,dewpoint,482.9,25.339
2023-11-24,20.5,28.48,14.33,62.64,0.0,1.7,13.32,96.79,0.74,12.57,IDR,22.72,75.86,subtropical_dry,NASA_POWER_daily_ag,2.864,6.532,1.4562,dewpoint,474.4,25.245
2023-11-25,20.15,27.87,14.06,64.43,0.0,1.88,13.69,96.94,1.38,12.76,IDR,22.72,75.86,subtropical_dry,NASA_POWER_daily_ag,2.889,6.675,1.4744,dewpoint,458.4,25.155
2023-11-26,18.5,24.28,14.15,66.9,9.72,2.28,4.43,96.97,77.18,11.95,IDR,22.72,75.86,subtropical_dry,NASA_POWER_daily_ag,2.138,3.635,1.3979,dewpoint,455.2,25.069
2023-11-27,18.51,22.69,15.11,89.99,40.72,2.65,6.21,96.73,92.69,16.77,IDR,22.72,75.86,subtropical_dry,NASA_POWER_daily_ag,1.372,4.302,1.9097,dewpoint,480.8,24.985
2023-11-28,21.16,26.2,17.74,80.73,0.57,0.98,10.03,96.61,47.43,17.4,IDR,22.72,75.86,subtropical_dry,NASA_POWER_daily_ag,1.937,5.781,1.9874,dewpoint,493.6,24.904
2023-11-29,20.82,26.39,16.49,85.05,0.27,1.61,6.9,96.71,68.98,18.03,IDR,22.72,75.86,subtropical_dry,NASA_POWER_daily_ag,1.621,4.575,2.0679,dewpoint,482.9,24.827
2023-11-30,22.29,27.4,18.26,82.54,1.09,1.57,8.94,96.75,65.74,18.86,IDR,22.72,75.86,subtropical_dry,NASA_POWER_daily_ag,1.98,5.417,2.1783,dewpoint,478.7,24.753
2023-12-01,22.11,27.43,18.45,83.46,3.09,1.87,10.67,96.76,66.12,18.9,IDR,22.72,75.86,subtropical_dry,NASA_POWER_daily_ag,2.169,6.114,2.1837,dewpoint,477.6,24.683
2023-12-02,21.89,27.43,18.0,81.43,0.85,2.12,10.23,96.82,48.78,18.24,IDR,22.72,75.86,subtropical_dry,NASA_POWER_daily_ag,2.231,5.868,2.0953,dewpoint,471.2,24.615
2023-12-03,21.49,28.08,16.96,77.64,0.55,2.65,13.38,96.85,42.1,17.02,IDR,22.72,75.86,subtropical_dry,NASA_POWER_daily_ag,2.751,6.933,1.9402,dewpoint,468.0,24.552
2023-12-04,20.99,27.49,15.27,76.39,0.24,1.46,9.76,96.77,77.89,16.21,IDR,22.72,75.86,subtropical_dry,NASA_POWER_daily_ag,2.125,5.527,1.8428,dewpoint,476.5,24.491
2023-12-05,20.61,27.16,16.01,76.51,0.0,2.7,4.84,96.7,85.5,15.85,IDR,22.72,75.86,subtropical_dry,NASA_POWER_daily_ag,2.054,3.716,1.8009,dewpoint,484.0,24.435
2023-12-06,20.22,26.58,15.38,77.31,0.0,2.8,6.6,96.75,71.77,15.7,IDR,22.72,75.86,subtropical_dry,NASA_POWER_daily_ag,2.146,4.344,1.7837,dewpoint,478.7,24.381
2023-12-07,19.71,24.79,16.51,79.9,0.0,2.13,11.22,96.78,40.47,15.84,IDR,22.72,75.86,subtropical_dry,NASA_POWER_daily_ag,2.208,6.025,1.7998,dewpoint,475.5,24.332
2023-12-08,20.4,26.41,14.54,72.89,0.0,1.19,13.59,96.83,18.67,14.85,IDR,22.72,75.86,subtropical_dry,NASA_POWER_daily_ag,2.405,6.741,1.6889,dewpoint,470.1,24.286
2023-12-09,20.34,27.01,14.5,66.08,0.0,0.89,14.99,96.93,11.03,13.22,IDR,22.72,75.86,subtropical_dry,NASA_POWER_daily_ag,2.464,6.938,1.5195,dewpoint,459.5,24.243
2023-12-10,19.18,26.84,12.57,65.18,0.0,1.0,15.77,96.83,8.11,11.71,IDR,22.72,75.86,subtropical_dry,NASA_POWER_daily_ag,2.506,7.0,1.376,dewpoint,470.1,24.205
2023-12-11,19.21,27.02,11.89,64.44,0.0,1.22,15.67,96.82,2.56,11.6,IDR,22.72,75.86,subtropical_dry,NASA_POWER_daily_ag,2.619,6.958,1.366,dewpoint,471.2,24.169
2023-12-12,19.5,27.09,12.5,65.46,0.0,1.24,14.0,96.7,23.27,12.24,IDR,22.72,75.86,subtropical_dry,NASA_POWER_daily_ag,2.501,6.514,1.4249,dewpoint,484.0,24.138
2023-12-13,19.19,26.91,13.38,66.58,0.0,1.34,14.68,96.85,32.61,12.17,IDR,22.72,75.86,subtropical_dry,NASA_POWER_daily_ag,2.548,6.684,1.4184,dewpoint,468.0,24.11
2023-12-14,18.1,26.69,11.04,62.65,0.0,1.56,14.9,97.0,7.49,10.14,IDR,22.72,75.86,subtropical_dry,NASA_POWER_daily_ag,2.653,6.526,1.2395,dewpoint,452.1,24.086
2023-12-15,18.49,26.7,11.09,64.13,0.0,1.42,13.63,97.04,14.95,11.06,IDR,22.72,75.86,subtropical_dry,NASA_POWER_daily_ag,2.491,6.273,1.318,dewpoint,447.8,24.066
2023-12-16,19.36,26.02,12.78,64.34,0.0,0.77,12.48,96.95,24.21,11.76,IDR,22.72,75.86,subtropical_dry,NASA_POWER_daily_ag,2.143,5.987,1.3805,dewpoint,457.4,24.05
2023-12-17,18.49,25.82,12.75,66.12,0.0,1.24,12.6,96.99,10.12,11.47,IDR,22.72,75.86,subtropical_dry,NASA_POWER_daily_ag,2.298,5.993,1.3543,dewpoint,453.1,24.037
2023-12-18,16.96,24.64,11.45,55.76,0.0,2.4,15.27,97.2,28.49,7.15,IDR,22.72,75.86,subtropical_dry,NASA_POWER_daily_ag,3.152,6.258,1.0122,dewpoint,430.8,24.028
2023-12-19,16.83,25.15,11.39,53.42,0.0,2.27,14.29,97.24,86.5,6.25,IDR,22.72,75.86,subtropical_dry,NASA_POWER_daily_ag,3.1,5.887,0.9514,dewpoint,426.6,24.023
2023-12-20,14.39,21.1,10.37,50.75,0.0,2.41,15.54,97.22,76.53,3.6,IDR,22.72,75.86,subtropical_dry,NASA_POWER_daily_ag,3.023,6.056,0.7906,dewpoint,428.7,24.021
2023-12-21,15.31,22.52,10.38,50.34,0.0,1.88,13.79,97.07,86.48,4.39,IDR,22.72,75.86,subtropical_dry,NASA_POWER_daily_ag,2.768,5.698,0.8359,dewpoint,444.6,24.024
2023-12-22,15.3,21.34,11.4,52.23,0.0,1.83,7.8,97.0,94.35,5.15,IDR,22.72,75.86,subtropical_dry,NASA_POWER_daily_ag,2.381,4.37,0.8815,dewpoint,452.1,24.03
2023-12-23,18.88,28.34,10.99,46.76,0.0,1.8,16.07,97.06,14.95,6.19,IDR,22.72,75.86,subtropical_dry,NASA_POWER_daily_ag,3.269,6.179,0.9475,dewpoint,445.7,24.04
2023-12-24,19.81,28.86,11.17,52.39,0.0,1.43,15.82,97.21,0.48,8.91,IDR,22.72,75.86,subtropical_dry,NASA_POWER_daily_ag,2.974,6.491,1.1411,dewpoint,429.8,24.054
2023-12-25,19.93,28.98,11.68,54.79,0.0,1.33,14.95,97.14,7.69,9.6,IDR,22.72,75.86,subtropical_dry,NASA_POWER_daily_ag,2.826,6.35,1.1954,dewpoint,437.2,24.071
2023-12-26,19.07,28.66,11.22,58.37,0.0,1.53,14.32,97.12,12.84,9.7,IDR,22.72,75.86,subtropical_dry,NASA_POWER_daily_ag,2.779,6.229,1.2035,dewpoint,439.3,24.092
2023-12-27,19.25,28.24,11.43,62.73,0.0,1.38,14.18,97.17,14.67,11.13,IDR,22.72,75.86,subtropical_dry,NASA_POWER_daily_ag,2.616,6.396,1.3241,dewpoint,434.0,24.117
2023-12-28,19.03,27.63,11.99,64.07,0.0,1.58,12.0,97.03,57.27,11.34,IDR,22.72,75.86,subtropical_dry,NASA_POWER_daily_ag,2.514,5.797,1.3427,dewpoint,448.9,24.146
2023-12-29,19.39,28.21,12.57,69.2,0.0,1.48,11.7,97.03,50.16,12.81,IDR,22.72,75.86,subtropical_dry,NASA_POWER_daily_ag,2.365,5.84,1.4793,dewpoint,448.9,24.179
2023-12-30,19.83,28.47,12.6,70.3,0.0,1.42,13.29,96.93,3.96,13.46,IDR,22.72,75.86,subtropical_dry,NASA_POWER_daily_ag,2.48,6.425,1.5434,dewpoint,459.5,24.215
2023-12-31,20.08,28.69,13.2,69.27,0.0,1.52,13.37,96.89,1.9,13.49,IDR,22.72,75.86,subtropical_dry,NASA_POWER_daily_ag,2.566,6.444,1.5465,dewpoint,463.8,24.255
2024-01-01,20.03,27.97,13.51,71.09,0.0,1.45,13.02,96.9,18.34,13.89,IDR,22.72,75.86,subtropical_dry,NASA_POWER_daily_ag,2.47,6.405,1.5872,dewpoint,462.7,24.298
2024-01-02,20.06,27.71,13.48,70.8,0.2,1.67,11.74,96.81,40.24,13.83,IDR,22.72,75.86,subtropical_dry,NASA_POWER_daily_ag,2.47,5.993,1.5811,dewpoint,472.3,24.346
2024-01-03,20.53,27.47,14.92,69.09,0.71,1.54,8.21,96.74,72.08,13.9,IDR,22.72,75.86,subtropical_dry,NASA_POWER_daily_ag,2.205,4.824,1.5883,dewpoint,479.7,24.397
2024-01-04,20.0,27.63,13.96,71.37,0.09,1.56,5.61,96.74,88.99,13.92,IDR,22.72,75.86,subtropical_dry,NASA_POWER_daily_ag,1.913,3.973,1.5903,dewpoint,479.7,24.451
2024-01-05,19.7,26.85,14.68,73.09,0.27,1.85,4.15,96.79,85.35,14.11,IDR,22.72,75.86,subtropical_dry,NASA_POWER_daily_ag,1.834,3.488,1.6101,dewpoint,474.4,24.509
2024-01-06,19.1,26.59,13.86,73.73,0.05,2.05,8.52,96.93,50.24,13.62,IDR,22.72,75.86,subtropical_dry,NASA_POWER_daily_ag,2.2,4.956,1.5596,dewpoint,459.5,24.571
2024-01-07,18.75,24.5,14.72,72.06,0.65,2.44,8.24,97.01,79.05,13.35,IDR,22.72,75.86,subtropical_dry,NASA_POWER_daily_ag,2.271,4.872,1.5324,dewpoint,451.0,24.636
2024-01-08,20.19,27.77,15.52,69.61,1.98,2.17,13.83,97.0,27.0,13.75,IDR,22.72,75.86,subtropical_dry,NASA_POWER_daily_ag,2.868,6.707,1.5729,dewpoint,452.1,24.705
2024-01-09,21.17,29.1,14.34,64.04,0.07,2.07,12.4,96.98,46.94,13.23,IDR,22.72,75.86,subtropical_dry,NASA_POWER_daily_ag,3.009,6.184,1.5205,dewpoint,454.2,24.777
2024-01-10,20.28,27.72,14.52,67.93,0.07,1.45,9.95,97.0,68.15,13.48,IDR,22.72,75.86,subtropical_dry,NASA_POWER_daily_ag,2.326,5.445,1.5455,dewpoint,452.1,24.852
2024-01-11,21.04,28.95,14.51,65.5,0.0,1.1,12.96,97.03,39.0,13.62,IDR,22.72,75.86,subtropical_dry,NASA_POWER_daily_ag,2.505,6.448,1.5596,dewpoint,448.9,24.931
2024-01-12,21.16,29.37,14.0,63.58,0.0,1.41,14.96,96.98,15.7,13.1,IDR,22.72,75.86,subtropical_dry,NASA_POWER_daily_ag,2.897,7.056,1.5076,dewpoint,454.2,25.013
2024-01-13,21.38,30.3,14.56,58.56,0.0,1.61,15.45,96.93,2.69,12.16,IDR,22.72,75.86,subtropical_dry,NASA_POWER_daily_ag,3.153,7.045,1.4174,dewpoint,459.5,25.099
2024-01-14,19.16,29.18,12.15,41.16,0.0,1.99,17.81,96.93,11.23,3.82,IDR,22.72,75.86,subtropical_dry,NASA_POWER_daily_ag,3.775,6.564,0.803,dewpoint,459.5,25.188
2024-01-15,18.21,27.9,10.29,46.94,0.0,1.78,17.65,96.87,9.61,5.41,IDR,22.72,75.86,subtropical_dry,NASA_POWER_daily_ag,3.387,6.943,0.8976,dewpoint,465.9,25.279
2024-01-16,18.33,27.12,9.88,48.64,0.0,1.4,17.45,96.68,8.31,6.06,IDR,22.72,75.86,subtropical_dry,NASA_POWER_daily_ag,3.112,7.082,0.939,dewpoint,486.1,25.375
2024-01-17,18.75,27.61,11.02,43.24,0.0,1.34,16.76,96.58,6.97,4.76,IDR,22.72,75.86,subtropical_dry,NASA_POWER_daily_ag,3.131,6.696,0.8578,dewpoint,496.8,25.473
2024-01-18,17.86,27.11,10.11,42.23,0.0,1.61,16.1,96.76,8.23,3.75,IDR,22.72,75.86,subtropical_dry,NASA_POWER_daily_ag,3.245,6.497,0.7991,dewpoint,477.6,25.574
2024-01-19,17.8,27.06,10.2,46.91,0.0,2.59,15.35,96.86,2.24,5.31,IDR,22.72,75.86,subtropical_dry,NASA_POWER_daily_ag,3.744,6.528,0.8914,dewpoint,466.9,25.678
2024-01-20,18.46,27.91,11.02,40.78,0.0,2.23,13.77,96.88,17.91,4.49,IDR,22.72,75.86,subtropical_dry,NASA_POWER_daily_ag,3.637,6.021,0.8417,dewpoint,464.8,25.785
2024-01-21,17.57,27.62,9.86,33.37,0.01,2.51,16.31,97.03,15.77,0.12,IDR,22.72,75.86,subtropical_dry,NASA_POWER_daily_ag,4.141,6.214,0.6162,dewpoint,448.9,25.895
2024-01-22,17.37,27.39,8.98,33.34,0.0,1.67,16.49,97.04,28.07,-0.01,IDR,22.72,75.86,subtropical_dry,NASA_POWER_daily_ag,3.453,6.323,0.6104,dewpoint,447.8,26.008
2024-01-23,16.72,27.03,8.58,32.37,0.0,1.86,18.4,96.97,1.55,-1.31,IDR,22.72,75.86,subtropical_dry,NASA_POWER_daily_ag,3.671,6.646,0.555,dewpoint,455.2,26.123
2024-01-24,16.13,26.22,7.7,32.34,0.0,1.64,18.87,97.02,0.28,-1.71,IDR,22.72,75.86,subtropical_dry,NASA_POWER_daily_ag,3.459,6.828,0.5388,dewpoint,449.9,26.242
2024-01-25,16.31,26.58,8.02,37.16,0.0,1.87,16.85,97.19,38.76,0.02,IDR,22.72,75.86,subtropical_dry,NASA_POWER_daily_ag,3.509,6.602,0.6117,dewpoint,431.9,26.362
2024-01-26,17.75,28.29,8.61,32.58,0.0,1.61,16.82,97.29,26.53,-0.51,IDR,22.72,75.86,subtropical_dry,NASA_POWER_daily_ag,3.522,6.472,0.5885,dewpoint,421.3,26.486
2024-01-27,19.24,29.96,9.93,30.77,0.0,1.93,15.32,97.24,90.7,-0.02,IDR,22.72,75.86,subtropical_dry,NASA_POWER_daily_ag,3.943,6.126,0.6099,dewpoint,426.6,26.612
2024-01-28,21.01,31.04,10.87,31.38,0.0,1.34,15.11,97.07,93.65,1.74,IDR,22.72,75.86,subtropical_dry,NASA_POWER_daily_ag,3.499,6.224,0.6926,dewpoint,444.6,26.74
2024-01-29,21.45,31.33,14.0,26.76,0.0,1.62,15.97,97.02,68.85,0.11,IDR,22.72,75.86,subtropical_dry,NASA_POWER_daily_ag,3.949,6.155,0.6157,dewpoint,449.9,26.871
2024-01-30,21.0,29.21,11.74,31.94,0.0,1.19,16.53,96.92,61.55,2.66,IDR,22.72,75.86,subtropical_dry,NASA_POWER_daily_ag,3.425,6.786,0.7397,dewpoint,460.6,27.004
2024-01-31,20.92,28.69,15.68,34.23,0.0,1.39,13.83,96.81,75.59,3.87,IDR,22.72,75.86,subtropical_dry,NASA_POWER_daily_ag,3.408,6.192,0.8058,dewpoint,472.3,27.139
2024-02-01,20.82,29.3,13.3,51.91,0.0,1.76,16.4,96.88,20.85,9.71,IDR,22.72,75.86,subtropical_dry,NASA_POWER_daily_ag,3.576,7.667,1.2043,dewpoint,464.8,27.276
2024-02-02,21.38,29.93,13.67,43.11,0.0,1.22,17.33,97.01,9.09,7.0,IDR,22.72,75.86,subtropical_dry,NASA_POWER_daily_ag,3.452,7.574,1.0019,dewpoint,451.0,27.415
2024-02-03,22.35,31.22,13.74,39.18,0.0,1.22,18.48,97.07,3.86,6.78,IDR,22.72,75.86,subtropical_dry,NASA_POWER_daily_ag,3.668,7.852,0.9868,dewpoint,444.6,27.557
2024-02-04,24.61,33.81,16.71,34.48,0.0,1.9,18.23,97.01,5.46,6.96,IDR,22.72,75.86,subtropical_dry,NASA_POWER_daily_ag,4.644,7.622,0.9991,dewpoint,451.0,27.7
2024-02-05,23.62,32.89,16.08,44.3,0.0,2.26,18.55,96.99,2.43,9.78,IDR,22.72,75.86,subtropical_dry,NASA_POWER_daily_ag,4.654,8.279,1.21,dewpoint,453.1,27.845
2024-02-06,23.33,32.51,15.77,40.85,0.0,1.99,18.66,97.03,10.96,8.32,IDR,22.72,75.86,subtropical_dry,NASA_POWER_daily_ag,4.5,8.147,1.0964,dewpoint,448.9,27.991
2024-02-07,22.84,32.09,14.96,35.23,0.0,2.26,17.58,97.15,31.63,5.94,IDR,22.72,75.86,subtropical_dry,NASA_POWER_daily_ag,4.751,7.579,0.9312,dewpoint,436.1,28.14
2024-02-08,20.42,28.54,14.47,30.37,0.0,2.73,17.67,97.2,47.67,1.55,IDR,22.72,75.86,subtropical_dry,NASA_POWER_daily_ag,5.018,7.271,0.6832,dewpoint,430.8,28.29
2024-02-09,20.16,30.0,11.76,19.55,0.0,2.06,19.54,97.12,19.27,-4.23,IDR,22.72,75.86,subtropical_dry,NASA_POWER_daily_ag,4.716,7.121,0.4465,dewpoint,439.3,28.441
2024-02-10,21.11,30.55,12.83,22.91,0.0,2.33,18.85,97.13,20.92,-1.18,IDR,22.72,75.86,subtropical_dry,NASA_POWER_daily_ag,5.022,7.303,0.5603,dewpoint,438.2,28.594
2024-02-11,22.0,31.9,13.56,25.04,0.0,2.14,16.74,97.09,45.73,0.67,IDR,22.72,75.86,subtropical_dry,NASA_POWER_daily_ag,4.779,6.981,0.6412,dewpoint,442.5,28.748
2024-02-12,22.76,32.48,14.21,29.29,0.0,2.04,15.79,96.98,98.48,3.04,IDR,22.72,75.86,subtropical_dry,NASA_POWER_daily_ag,4.632,6.995,0.7599,dewpoint,454.2,28.904
2024-02-13,22.5,31.47,14.57,24.76,0.0,2.08,14.98,96.92,96.62,0.11,IDR,22.72,75.86,subtropical_dry,NASA_POWER_daily_ag,4.742,6.591,0.6157,dewpoint,460.6,29.061
2024-02-14,22.85,32.46,14.66,28.21,0.0,1.98,17.11,96.94,19.18,2.53,IDR,22.72,75.86,subtropical_dry,NASA_POWER_daily_ag,4.712,7.359,0.7329,dewpoint,458.4,29.218
2024-02-15,22.53,31.35,14.88,36.94,0.0,2.32,18.04,97.04,1.11,6.23,IDR,22.72,75.86,subtropical_dry,NASA_POWER_daily_ag,4.849,8.156,0.9501,dewpoint,447.8,29.377
2024-02-16,23.62,32.76,15.42,36.17,0.0,2.1,17.82,97.09,14.17,6.72,IDR,22.72,75.86,subtropical_dry,NASA_POWER_daily_ag,4.812,8.122,0.9828,dewpoint,442.5,29.537
2024-02-17,25.38,33.97,18.28,30.82,0.0,1.5,19.0,96.81,12.17,6.13,IDR,22.72,75.86,subtropical_dry,NASA_POWER_daily_ag,4.556,8.286,0.9436,dewpoint,472.3,29.697
2024-02-18,25.07,34.37,17.16,27.09,0.0,1.63,19.43,96.62,12.07,4.06,IDR,22.72,75.86,subtropical_dry,NASA_POWER_daily_ag,4.773,8.19,0.8167,dewpoint,492.5,29.858
2024-02-19,24.88,34.75,16.42,24.36,0.0,2.28,18.94,96.64,55.85,2.18,IDR,22.72,75.86,subtropical_dry,NASA_POWER_daily_ag,5.565,7.873,0.7148,dewpoint,490.4,30.02
2024-02-20,24.54,34.06,16.24,30.11,0.0,2.38,21.69,96.63,2.35,4.52,IDR,22.72,75.86,subtropical_dry,NASA_POWER_daily_ag,5.711,9.053,0.8435,dewpoint,491.4,30.182
2024-02-21,23.39,31.62,16.34,45.96,0.0,3.71,19.25,96.55,14.36,10.27,IDR,22.72,75.86,subtropical_dry,NASA_POWER_daily_ag,5.768,9.354,1.2504,dewpoint,500.0,30.345
2024-02-22,22.28,30.67,14.88,38.22,0.0,2.74,18.52,96.68,19.34,6.07,IDR,22.72,75.86,subtropical_dry,NASA_POWER_daily_ag,5.268,8.638,0.9397,dewpoint,486.1,30.508
2024-02-23,22.25,30.6,13.37,25.93,0.0,1.35,22.2,96.74,2.52,0.31,IDR,22.72,75.86,subtropical_dry,NASA_POWER_daily_ag,4.469,9.063,0.6247,dewpoint,479.7,30.672
2024-02-24,21.61,31.5,13.65,19.9,0.0,1.82,22.67,96.69,0.95,-4.65,IDR,22.72,75.86,subtropical_dry,NASA_POWER_daily_ag,5.027,8.514,0.4325,dewpoint,485.0,30.836
2024-02-25,21.45,31.61,11.42,16.38,0.0,1.89,22.45,96.72,20.42,-5.94,IDR,22.72,75.86,subtropical_dry,NASA_POWER_daily_ag,5.134,8.484,0.392,dewpoint,481.8,31.0
2024-02-26,23.36,32.4,15.12,37.19,2.1,2.83,14.18,96.72,79.98,7.62,IDR,22.72,75.86,subtropical_dry,NASA_POWER_daily_ag,5.132,7.46,1.0453,dewpoint,481.8,31.164
2024-02-27,25.8,34.02,18.94,48.24,0.72,2.01,16.34,96.75,20.69,12.87,IDR,22.72,75.86,subtropical_dry,NASA_POWER_daily_ag,4.636,8.704,1.4851,dewpoint,478.7,31.328
2024-02-28,25.54,34.17,17.45,43.54,0.0,1.48,20.79,96.75,1.66,10.58,IDR,22.72,75.86,subtropical_dry,NASA_POWER_daily_ag,4.724,10.117,1.2765,dewpoint,478.7,31.491
2024-02-29,26.22,35.56,16.63,30.6,0.0,1.55,21.66,96.73,1.39,5.81,IDR,22.72,75.86,subtropical_dry,NASA_POWER_daily_ag,5.13,9.638,0.9229,dewpoint,480.8,31.655
2024-03-01,27.57,37.09,18.06,34.37,0.98,2.35,20.69,96.68,16.85,8.83,IDR,22.72,75.86,subtropical_dry,NASA_POWER_daily_ag,6.07,9.729,1.1349,dewpoint,486.1,31.818
2024-03-02,26.85,34.45,20.25,44.34,0.29,2.9,18.11,96.56,37.72,12.48,IDR,22.72,75.86,subtropical_dry,NASA_POWER_daily_ag,5.864,9.43,1.4476,dewpoint,498.9,31.981
2024-03-03,21.91,29.32,14.01,35.44,0.0,3.53,20.81,96.65,34.58,2.87,IDR,22.72,75.86,subtropical_dry,NASA_POWER_daily_ag,6.373,9.514,0.7508,dewpoint,489.3,32.144
2024-03-04,19.44,30.14,9.86,15.08,0.0,2.13,24.97,96.83,1.91,-8.94,IDR,22.72,75.86,subtropical_dry,NASA_POWER_daily_ag,5.421,9.442,0.3107,dewpoint,470.1,32.306
2024-03-05,21.46,32.38,10.55,18.94,0.0,1.86,24.8,96.79,0.27,-4.66,IDR,22.72,75.86,subtropical_dry,NASA_POWER_daily_ag,5.363,9.788,0.4322,dewpoint,474.4,32.467
2024-03-06,23.14,34.3,12.28,19.33,0.0,1.78,24.0,96.7,1.59,-3.57,IDR,22.72,75.86,subtropical_dry,NASA_POWER_daily_ag,5.43,9.559,0.4692,dewpoint,484.0,32.628
2024-03-07,23.79,34.12,14.61,23.42,0.0,2.22,23.66,96.69,1.14,0.67,IDR,22.72,75.86,subtropical_dry,NASA_POWER_daily_ag,5.934,10.003,0.6412,dewpoint,485.0,32.788
2024-03-08,23.79,33.4,14.6,23.3,0.0,1.64,23.78,96.77,0.11,0.19,IDR,22.72,75.86,subtropical_dry,NASA_POWER_daily_ag,5.308,10.065,0.6193,dewpoint,476.5,32.947
2024-03-09,24.65,34.52,14.87,22.32,0.0,1.88,24.4,96.74,2.9,0.27,IDR,22.72,75.86,subtropical_dry,NASA_POWER_daily_ag,5.779,10.231,0.6229,dewpoint,479.7,33.105
2024-03-10,25.27,36.11,15.13,21.13,0.0,2.24,24.22,96.77,7.54,0.14,IDR,22.72,75.86,subtropical_dry,NASA_POWER_daily_ag,6.302,10.1,0.6171,dewpoint,476.5,33.263
2024-03-11,27.07,37.22,17.33,23.79,0.0,2.52,23.27,96.88,5.76,3.98,IDR,22.72,75.86,subtropical_dry,NASA_POWER_daily_ag,6.762,10.283,0.8121,dewpoint,464.8,33.419
2024-03-12,27.24,36.4,19.3,26.18,0.0,2.83,23.38,96.77,0.0,5.46,IDR,22.72,75.86,subtropical_dry,NASA_POWER_daily_ag,7.085,10.565,0.9007,dewpoint,476.5,33.574
2024-03-13,26.47,36.32,17.41,23.27,0.0,2.89,24.69,96.65,1.04,2.42,IDR,22.72,75.86,subtropical_dry,NASA_POWER_daily_ag,7.269,10.629,0.7271,dewpoint,489.3,33.728
2024-03-14,25.79,35.04,17.82,27.26,0.0,2.3,24.65,96.71,0.07,4.0,IDR,22.72,75.86,subtropical_dry,NASA_POWER_daily_ag,6.419,10.98,0.8133,dewpoint,482.9,33.881
2024-03-15,25.74,35.88,16.52,21.56,0.0,1.71,24.87,96.64,2.35,0.6,IDR,22.72,75.86,subtropical_dry,NASA_POWER_daily_ag,5.813,10.575,0.638,dewpoint,490.4,34.032
2024-03-16,26.42,36.16,17.12,23.67,0.0,2.09,23.47,96.63,2.42,2.4,IDR,22.72,75.86,subtropical_dry,NASA_POWER_daily_ag,6.267,10.421,0.7261,dewpoint,491.4,34.183
2024-03-17,27.31,36.76,18.26,27.02,0.0,2.2,21.57,96.59,3.42,6.04,IDR,22.72,75.86,subtropical_dry,NASA_POWER_daily_ag,6.26,10.297,0.9377,dewpoint,495.7,34.331
2024-03-18,27.5,35.3,19.78,29.16,0.01,1.55,22.4,96.54,8.91,6.98,IDR,22.72,75.86,subtropical_dry,NASA_POWER_daily_ag,5.565,10.777,1.0005,dewpoint,501.0,34.479
2024-03-19,27.2,36.31,20.22,17.1,0.0,2.51,24.66,96.6,9.38,-1.51,IDR,22.72,75.86,subtropical_dry,NASA_POWER_daily_ag,7.138,10.19,0.5468,dewpoint,494.6,34.624
2024-03-20,27.21,37.3,17.57,14.88,0.0,1.51,25.18,96.62,5.41,-2.69,IDR,22.72,75.86,subtropical_dry,NASA_POWER_daily_ag,5.807,10.297,0.5011,dewpoint,492.5,34.769
2024-03-21,27.86,37.65,17.48,15.69,0.0,1.54,20.61,96.53,44.67,-1.92,IDR,22.72,75.86,subtropical_dry,NASA_POWER_daily_ag,5.59,9.157,0.5305,dewpoint,502.1,34.911
2024-03-22,28.4,38.53,18.62,15.45,0.0,1.53,23.97,96.37,9.11,-1.34,IDR,22.72,75.86,subtropical_dry,NASA_POWER_daily_ag,5.894,10.121,0.5537,dewpoint,519.2,35.052
2024-03-23,29.05,39.07,19.2,15.84,0.0,2.3,24.64,96.35,25.85,-0.75,IDR,22.72,75.86,subtropical_dry,NASA_POWER_daily_ag,7.199,10.378,0.5783,dewpoint,521.3,35.191
2024-03-24,30.05,38.45,22.72,21.24,0.0,2.85,21.04,96.49,36.99,5.05,IDR,22.72,75.86,subtropical_dry,NASA_POWER_daily_ag,7.646,10.002,0.8754,dewpoint,506.4,35.328
2024-03-25,30.0,39.42,20.8,21.42,0.0,2.17,24.11,96.56,21.06,4.43,IDR,22.72,75.86,subtropical_dry,NASA_POWER_daily_ag,7.044,10.987,0.8382,dewpoint,498.9,35.464
2024-03-26,30.54,38.07,21.4,22.12,0.0,1.1,22.87,96.59,14.58,5.5,IDR,22.72,75.86,subtropical_dry,NASA_POWER_daily_ag,5.414,10.821,0.9032,dewpoint,495.7,35.598
2024-03-27,32.3,40.9,24.44,20.55,0.0,1.05,22.68,96.68,26.84,6.09,IDR,22.72,75.86,subtropical_dry,NASA_POWER_daily_ag,5.436,10.62,0.941,dewpoint,486.1,35.729
2024-03-28,33.33,41.8,25.23,24.17,0.0,2.95,20.99,96.49,12.52,9.38,IDR,22.72,75.86,subtropical_dry,NASA_POWER_daily_ag,8.247,10.514,1.1779,dewpoint,506.4,35.859
2024-03-29,32.3,39.79,25.89,23.11,0.0,2.27,14.77,96.45,55.28,8.17,IDR,22.72,75.86,subtropical_dry,NASA_POWER_daily_ag,6.529,8.201,1.0853,dewpoint,510.6,35.987
2024-03-30,31.27,38.62,25.28,22.6,0.02,1.79,18.36,96.6,26.01,7.09,IDR,22.72,75.86,subtropical_dry,NASA_POWER_daily_ag,6.087,9.436,1.0081,dewpoint,494.6,36.113
2024-03-31,30.63,39.35,22.52,20.62,0.0,2.64,23.0,96.67,15.27,4.68,IDR,22.72,75.86,subtropical_dry,NASA_POWER_daily_ag,7.748,10.807,0.853,dewpoint,487.2,36.237
2024-04-01,30.11,39.47,20.61,15.91,0.0,3.0,22.44,96.39,42.5,0.5,IDR,22.72,75.86,subtropical_dry,NASA_POWER_daily_ag,8.264,10.174,0.6334,dewpoint,517.0,36.359
2024-04-02,30.67,40.58,21.07,15.1,0.0,2.38,20.55,96.26,60.38,0.06,IDR,22.72,75.86,subtropical_dry,NASA_POWER_daily_ag,7.323,9.518,0.6135,dewpoint,530.9,36.479
2024-04-03,30.92,40.32,22.69,17.57,0.0,2.59,24.95,96.37,38.73,2.68,IDR,22.72,75.86,subtropical_dry,NASA_POWER_daily_ag,7.988,11.193,0.7407,dewpoint,519.2,36.596
2024-04-04,29.63,37.75,23.36,23.21,0.0,2.96,23.47,96.46,50.91,6.0,IDR,22.72,75.86,subtropical_dry,NASA_POWER_daily_ag,7.952,11.346,0.9351,dewpoint,509.6,36.712
2024-04-05,31.15,39.37,23.88,23.52,0.0,3.48,25.36,96.4,20.59,7.02,IDR,22.72,75.86,subtropical_dry,NASA_POWER_daily_ag,9.062,12.122,1.0032,dewpoint,516.0,36.825
2024-04-06,30.67,38.66,23.01,22.13,0.0,2.95,24.05,96.34,51.75,5.88,IDR,22.72,75.86,subtropical_dry,NASA_POWER_daily_ag,8.258,11.567,0.9274,dewpoint,522.4,36.937
2024-04-07,31.34,38.86,25.36,19.7,0.0,2.29,21.37,96.25,45.91,4.86,IDR,22.72,75.86,subtropical_dry,NASA_POWER_daily_ag,7.264,10.416,0.8638,dewpoint,532.0,37.046
2024-04-08,31.4,40.02,21.4,17.6,0.0,1.57,25.39,96.33,4.77,2.91,IDR,22.72,75.86,subtropical_dry,NASA_POWER_daily_ag,6.626,11.621,0.7529,dewpoint,523.5,37.153
2024-04-09,31.52,39.69,21.42,30.46,0.14,2.0,22.43,96.36,12.4,10.88,IDR,22.72,75.86,subtropical_dry,NASA_POWER_daily_ag,6.828,11.837,1.3023,dewpoint,520.3,37.257
2024-04-10,30.58,37.95,24.75,37.85,0.89,2.89,17.92,96.41,56.67,13.48,IDR,22.72,75.86,subtropical_dry,NASA_POWER_daily_ag,6.915,10.279,1.5455,dewpoint,514.9,37.36
2024-04-11,30.13,37.65,23.64,43.92,1.15,3.53,16.83,96.5,87.73,15.45,IDR,22.72,75.86,subtropical_dry,NASA_POWER_daily_ag,6.992,10.059,1.7554,dewpoint,505.3,37.46
2024-04-12,30.62,37.83,24.24,41.66,3.08,3.11,20.05,96.42,44.96,15.18,IDR,22.72,75.86,subtropical_dry,NASA_POWER_daily_ag,7.201,11.508,1.7252,dewpoint,513.8,37.558
2024-04-13,29.96,38.43,22.79,36.3,0.0,1.85,23.86,96.4,19.35,11.2,IDR,22.72,75.86,subtropical_dry,NASA_POWER_daily_ag,6.532,12.572,1.3303,dewpoint,516.0,37.654
2024-04-14,31.15,39.54,22.3,35.35,0.22,1.15,25.03,96.47,21.42,12.06,IDR,22.72,75.86,subtropical_dry,NASA_POWER_daily_ag,5.969,13.212,1.4081,dewpoint,508.5,37.748
2024-04-15,33.46,40.72,25.72,34.93,0.2,1.97,22.44,96.52,19.34,14.96,IDR,22.72,75.86,subtropical_dry,NASA_POWER_daily_ag,6.96,12.479,1.701,dewpoint,503.2,37.839
2024-04-16,33.71,41.69,26.21,28.58,0.03,2.98,24.45,96.42,14.88,11.59,IDR,22.72,75.86,subtropical_dry,NASA_POWER_daily_ag,8.741,12.688,1.3651,dewpoint,513.8,37.928
2024-04-17,34.47,42.86,25.89,23.22,0.0,2.34,23.56,96.28,25.72,9.41,IDR,22.72,75.86,subtropical_dry,NASA_POWER_daily_ag,8.02,11.932,1.1802,dewpoint,528.8,38.016
2024-04-18,34.59,43.06,25.97,20.87,0.0,3.23,24.52,96.2,23.89,8.08,IDR,22.72,75.86,subtropical_dry,NASA_POWER_daily_ag,9.506,12.077,1.0786,dewpoint,537.4,38.1
2024-04-19,33.53,40.59,25.32,24.86,0.0,3.23,21.28,96.09,32.12,10.14,IDR,22.72,75.86,subtropical_dry,NASA_POWER_daily_ag,8.792,11.304,1.2395,dewpoint,549.1,38.183
2024-04-20,32.95,40.5,26.96,24.0,0.0,3.26,22.96,96.12,22.79,8.9,IDR,22.72,75.86,subtropical_dry,NASA_POWER_daily_ag,8.947,11.742,1.1403,dewpoint,545.9,38.264
2024-04-21,30.63,38.4,24.46,30.86,0.03,3.22,20.62,96.24,59.58,10.71,IDR,22.72,75.86,subtropical_dry,NASA_POWER_daily_ag,7.924,11.242,1.2876,dewpoint,533.1,38.342
2024-04-22,31.26,38.32,24.56,34.97,1.05,1.78,17.09,96.3,61.82,12.95,IDR,22.72,75.86,subtropical_dry,NASA_POWER_daily_ag,5.783,10.015,1.4929,dewpoint,526.7,38.418
2024-04-23,31.8,40.01,23.1,24.68,0.02,2.38,26.18,96.17,1.72,8.05,IDR,22.72,75.86,subtropical_dry,NASA_POWER_daily_ag,7.985,13.072,1.0764,dewpoint,540.6,38.492
2024-04-24,32.89,41.02,24.57,23.88,0.03,1.79,26.18,96.12,4.44,8.71,IDR,22.72,75.86,subtropical_dry,NASA_POWER_daily_ag,7.312,13.1,1.1258,dewpoint,545.9,38.564
2024-04-25,34.34,41.97,25.42,25.45,0.01,1.93,21.47,96.11,36.85,11.16,IDR,22.72,75.86,subtropical_dry,NASA_POWER_daily_ag,7.127,11.569,1.3267,dewpoint,547.0,38.634
2024-04-26,33.47,39.37,28.81,30.21,1.02,2.97,15.23,96.17,57.29,13.1,IDR,22.72,75.86,subtropical_dry,NASA_POWER_daily_ag,7.476,9.164,1.5076,dewpoint,540.6,38.702
2024-04-27,33.17,39.65,27.24,29.96,0.35,0.97,20.73,96.22,66.93,12.3,IDR,22.72,75.86,subtropical_dry,NASA_POWER_daily_ag,5.404,11.473,1.4306,dewpoint,535.2,38.768
2024-04-28,34.09,41.75,26.7,22.73,0.0,1.86,21.55,96.22,43.79,8.94,IDR,22.72,75.86,subtropical_dry,NASA_POWER_daily_ag,7.055,11.286,1.1434,dewpoint,535.2,38.831
2024-04-29,33.84,42.08,25.36,19.44,0.0,3.0,25.16,96.26,23.49,6.44,IDR,22.72,75.86,subtropical_dry,NASA_POWER_daily_ag,9.223,12.312,0.964,dewpoint,530.9,38.893
2024-04-30,33.48,41.91,25.42,15.91,0.0,3.51,27.57,96.1,4.88,2.38,IDR,22.72,75.86,subtropical_dry,NASA_POWER_daily_ag,10.255,12.502,0.7251,dewpoint,548.1,38.953
2024-05-01,32.07,41.46,22.9,10.74,0.0,3.5,28.74,95.9,1.15,-4.32,IDR,22.72,75.86,subtropical_dry,NASA_POWER_daily_ag,10.197,12.017,0.4434,dewpoint,569.5,39.011
2024-05-02,30.95,40.05,21.47,9.61,0.0,1.96,28.91,95.99,17.36,-5.57,IDR,22.72,75.86,subtropical_dry,NASA_POWER_daily_ag,7.66,12.095,0.4033,dewpoint,559.8,39.066
2024-05-03,32.08,41.77,23.41,10.59,0.0,1.58,28.61,96.13,1.79,-3.68,IDR,22.72,75.86,subtropical_dry,NASA_POWER_daily_ag,7.094,12.049,0.4653,dewpoint,544.8,39.12
2024-05-04,33.76,42.92,23.6,14.74,0.0,2.7,27.68,96.13,36.38,1.75,IDR,22.72,75.86,subtropical_dry,NASA_POWER_daily_ag,9.158,12.533,0.6931,dewpoint,544.8,39.172
2024-05-05,33.76,40.37,27.85,25.32,0.0,4.48,22.97,96.01,64.64,10.38,IDR,22.72,75.86,subtropical_dry,NASA_POWER_daily_ag,10.578,12.169,1.2596,dewpoint,557.7,39.223
2024-05-06,34.04,41.88,26.46,28.83,0.0,3.61,26.4,96.04,29.34,12.72,IDR,22.72,75.86,subtropical_dry,NASA_POWER_daily_ag,9.813,14.032,1.4706,dewpoint,554.5,39.271
2024-05-07,35.18,43.31,26.24,24.11,0.0,2.62,26.69,96.09,28.9,10.22,IDR,22.72,75.86,subtropical_dry,NASA_POWER_daily_ag,8.996,13.601,1.2462,dewpoint,549.1,39.318
2024-05-08,35.01,42.75,26.03,26.4,0.38,2.47,24.95,96.07,39.49,11.73,IDR,22.72,75.86,subtropical_dry,NASA_POWER_daily_ag,8.485,13.218,1.3778,dewpoint,551.3,39.363
2024-05-09,35.01,42.39,27.49,29.24,2.32,3.22,25.21,96.05,23.57,13.59,IDR,22.72,75.86,subtropical_dry,NASA_POWER_daily_ag,9.395,13.659,1.5566,dewpoint,553.4,39.406
2024-05-10,35.26,42.37,27.07,30.73,0.0,3.97,26.29,96.16,17.62,14.5,IDR,22.72,75.86,subtropical_dry,NASA_POWER_daily_ag,10.424,14.35,1.6512,dewpoint,541.6,39.447
2024-05-11,35.64,42.34,27.96,28.66,0.01,1.69,24.29,96.32,39.45,13.53,IDR,22.72,75.86,subtropical_dry,NASA_POWER_daily_ag,7.311,13.24,1.5505,dewpoint,524.5,39.487
2024-05-12,36.0,42.42,28.77,28.47,0.05,2.15,22.91,96.32,44.2,14.25,IDR,22.72,75.86,subtropical_dry,NASA_POWER_daily_ag,7.842,12.739,1.6247,dewpoint,524.5,39.525
2024-05-13,34.65,41.51,27.56,32.03,3.07,2.57,22.23,96.34,64.25,14.27,IDR,22.72,75.86,subtropical_dry,NASA_POWER_daily_ag,8.064,12.509,1.6268,dewpoint,522.4,39.562
2024-05-14,34.38,40.11,28.57,31.46,0.52,2.15,20.44,96.37,77.33,14.34,IDR,22.72,75.86,subtropical_dry,NASA_POWER_daily_ag,7.214,11.732,1.6342,dewpoint,519.2,39.597
2024-05-15,35.0,41.79,28.48,28.87,0.0,1.98,20.77,96.37,72.2,13.17,IDR,22.72,75.86,subtropical_dry,NASA_POWER_daily_ag,7.184,11.669,1.5145,dewpoint,519.2,39.63
2024-05-16,35.85,42.23,29.45,25.9,0.01,1.51,21.79,96.32,46.95,12.33,IDR,22.72,75.86,subtropical_dry,NASA_POWER_daily_ag,6.739,11.948,1.4334,dewpoint,524.5,39.662
2024-05-17,35.32,40.75,29.75,27.29,0.93,2.03,20.73,96.15,62.84,13.02,IDR,22.72,75.86,subtropical_dry,NASA_POWER_daily_ag,7.315,11.642,1.4997,dewpoint,542.7,39.693
2024-05-18,35.72,43.46,27.11,33.95,0.6,3.01,24.03,95.92,36.72,15.54,IDR,22.72,75.86,subtropical_dry,NASA_POWER_daily_ag,9.016,13.544,1.7655,dewpoint,567.3,39.722
2024-05-19,37.04,44.81,29.4,23.16,0.0,2.86,24.59,95.71,50.52,11.19,IDR,22.72,75.86,subtropical_dry,NASA_POWER_daily_ag,9.438,12.857,1.3294,dewpoint,589.9,39.75
2024-05-20,37.75,45.67,28.42,20.18,0.02,1.69,23.28,95.68,53.4,10.01,IDR,22.72,75.86,subtropical_dry,NASA_POWER_daily_ag,7.497,12.134,1.2288,dewpoint,593.1,39.776
2024-05-21,38.17,45.12,30.12,20.59,0.06,1.56,21.79,95.71,54.67,10.92,IDR,22.72,75.86,subtropical_dry,NASA_POWER_daily_ag,7.115,11.654,1.3057,dewpoint,589.9,39.801
2024-05-22,38.78,45.68,31.56,22.27,0.0,2.33,23.87,95.7,40.0,12.46,IDR,22.72,75.86,subtropical_dry,NASA_POWER_daily_ag,8.781,12.699,1.4457,dewpoint,590.9,39.825
2024-05-23,38.89,45.72,31.83,17.91,0.0,4.02,24.17,95.51,38.6,9.57,IDR,22.72,75.86,subtropical_dry,NASA_POWER_daily_ag,11.678,12.302,1.193,dewpoint,611.4,39.847
2024-05-24,38.53,46.47,30.04,20.26,0.0,5.12,24.35,95.39,30.59,11.09,IDR,22.72,75.86,subtropical_dry,NASA_POWER_daily_ag,13.044,12.683,1.3206,dewpoint,624.3,39.868
2024-05-25,38.07,46.08,30.27,22.41,0.0,3.35,24.01,95.43,38.89,12.34,IDR,22.72,75.86,subtropical_dry,NASA_POWER_daily_ag,10.265,12.783,1.4343,dewpoint,620.0,39.888
2024-05-26,37.26,44.92,29.15,29.78,0.0,4.9,19.87,95.55,83.44,15.02,IDR,22.72,75.86,subtropical_dry,NASA_POWER_daily_ag,11.308,11.493,1.7075,dewpoint,607.1,39.907
2024-05-27,37.28,45.33,29.57,31.86,0.07,7.64,24.95,95.41,44.02,15.59,IDR,22.72,75.86,subtropical_dry,NASA_POWER_daily_ag,14.671,13.885,1.7712,dewpoint,622.1,39.924
2024-05-28,35.64,44.08,27.39,39.66,0.0,7.41,26.63,95.45,20.03,17.53,IDR,22.72,75.86,subtropical_dry,NASA_POWER_daily_ag,13.296,15.223,2.0038,dewpoint,617.8,39.941
2024-05-29,34.52,43.14,26.7,44.87,0.0,6.33,26.4,95.58,30.29,18.72,IDR,22.72,75.86,subtropical_dry,NASA_POWER_daily_ag,11.542,15.441,2.1593,dewpoint,603.8,39.956
2024-05-30,34.54,42.42,26.79,44.12,0.02,4.92,26.45,95.79,27.45,18.52,IDR,22.72,75.86,subtropical_dry,NASA_POWER_daily_ag,10.515,15.44,2.1324,dewpoint,581.3,39.971
2024-05-31,35.05,42.62,26.98,41.73,0.0,4.49,26.52,95.87,19.78,17.84,IDR,22.72,75.86,subtropical_dry,NASA_POWER_daily_ag,10.478,15.306,2.0433,dewpoint,572.7,39.984
2024-06-01,34.96,42.23,26.91,36.43,0.02,4.61,25.32,95.91,47.71,15.87,IDR,22.72,75.86,subtropical_dry,NASA_POWER_daily_ag,10.725,14.314,1.8032,dewpoint,568.4,39.996
2024-06-02,34.6,40.64,27.89,37.59,0.2,3.54,23.81,95.99,46.71,16.95,IDR,22.72,75.86,subtropical_dry,NASA_POWER_daily_ag,9.156,13.829,1.9316,dewpoint,559.8,40.007
2024-06-03,35.81,42.53,29.07,34.03,0.12,4.4,20.62,95.93,48.83,16.92,IDR,22.72,75.86,subtropical_dry,NASA_POWER_daily_ag,10.037,12.2,1.9279,dewpoint,566.3,40.018
2024-06-04,35.94,42.65,28.62,35.88,9.7,3.92,25.35,95.99,16.91,17.47,IDR,22.72,75.86,subtropical_dry,NASA_POWER_daily_ag,10.123,14.603,1.9962,dewpoint,559.8,40.027
2024-06-05,34.23,40.82,27.65,42.74,1.59,3.09,24.58,96.05,27.32,18.87,IDR,22.72,75.86,subtropical_dry,NASA_POWER_daily_ag,8.454,14.602,2.1796,dewpoint,553.4,40.035
2024-06-06,35.26,41.83,27.93,40.3,0.12,3.0,23.29,96.07,29.91,18.75,IDR,22.72,75.86,subtropical_dry,NASA_POWER_daily_ag,8.483,13.885,2.1634,dewpoint,551.3,40.043
2024-06-07,36.33,43.17,28.67,35.43,0.87,2.87,21.72,95.87,65.07,17.48,IDR,22.72,75.86,subtropical_dry,NASA_POWER_daily_ag,8.509,12.822,1.9975,dewpoint,572.7,40.049
2024-06-08,33.15,37.58,29.07,47.07,5.13,2.9,10.58,95.87,97.43,19.82,IDR,22.72,75.86,subtropical_dry,NASA_POWER_daily_ag,5.767,7.495,2.3124,dewpoint,572.7,40.055
2024-06-09,32.81,38.56,27.77,49.78,4.46,2.64,19.68,95.81,75.59,20.18,IDR,22.72,75.86,subtropical_dry,NASA_POWER_daily_ag,6.745,12.344,2.3645,dewpoint,579.1,40.06
2024-06-10,31.64,37.82,26.29,55.03,3.48,3.35,16.78,95.91,84.71,20.75,IDR,22.72,75.86,subtropical_dry,NASA_POWER_daily_ag,6.415,10.896,2.4491,dewpoint,568.4,40.064
2024-06-11,30.41,35.71,25.82,59.6,2.83,4.29,19.84,95.97,82.0,21.11,IDR,22.72,75.86,subtropical_dry,NASA_POWER_daily_ag,6.851,12.655,2.5039,dewpoint,562.0,40.067
2024-06-12,31.16,37.55,24.89,58.0,3.94,3.73,18.89,96.0,85.32,21.07,IDR,22.72,75.86,subtropical_dry,NASA_POWER_daily_ag,6.727,12.11,2.4977,dewpoint,558.8,40.069
2024-06-13,31.64,38.33,25.38,54.28,0.49,4.2,23.02,95.95,53.72,20.05,IDR,22.72,75.86,subtropical_dry,NASA_POWER_daily_ag,8.011,14.152,2.3455,dewpoint,564.1,40.071
2024-06-14,31.53,38.4,25.44,56.91,4.8,4.19,20.97,95.89,59.89,20.91,IDR,22.72,75.86,subtropical_dry,NASA_POWER_daily_ag,7.471,13.198,2.4733,dewpoint,570.6,40.071
2024-06-15,31.26,37.06,25.62,60.5,3.99,3.3,19.5,95.85,78.86,22.04,IDR,22.72,75.86,subtropical_dry,NASA_POWER_daily_ag,6.387,12.588,2.6504,dewpoint,574.8,40.071
2024-06-16,31.82,38.02,25.8,58.18,2.17,3.69,21.69,95.89,80.01,21.92,IDR,22.72,75.86,subtropical_dry,NASA_POWER_daily_ag,7.165,13.771,2.6311,dewpoint,570.6,40.071
2024-06-17,31.76,37.22,25.97,59.56,1.68,3.34,21.34,95.94,67.76,22.27,IDR,22.72,75.86,subtropical_dry,NASA_POWER_daily_ag,6.817,13.649,2.6878,dewpoint,565.2,40.069
2024-06-18,31.62,37.48,26.05,59.87,0.52,4.14,23.17,95.83,69.54,22.18,IDR,22.72,75.86,subtropical_dry,NASA_POWER_daily_ag,7.481,14.655,2.6731,dewpoint,577.0,40.067
2024-06-19,31.22,37.26,26.15,59.18,0.83,5.05,20.46,95.6,83.69,21.54,IDR,22.72,75.86,subtropical_dry,NASA_POWER_daily_ag,7.545,13.034,2.5707,dewpoint,601.7,40.064
2024-06-20,31.18,37.03,25.98,61.93,2.95,4.51,18.93,95.57,75.2,22.32,IDR,22.72,75.86,subtropical_dry,NASA_POWER_daily_ag,6.821,12.306,2.6959,dewpoint,604.9,40.06
2024-06-21,30.47,35.03,26.15,67.72,12.11,2.83,11.79,95.64,99.12,23.25,IDR,22.72,75.86,subtropical_dry,NASA_POWER_daily_ag,4.417,8.336,2.8522,dewpoint,597.4,40.055
2024-06-22,31.11,36.66,25.74,63.66,13.83,1.96,15.98,95.56,84.15,22.61,IDR,22.72,75.86,subtropical_dry,NASA_POWER_daily_ag,4.89,10.679,2.7438,dewpoint,606.0,40.05
2024-06-23,30.37,34.74,25.49,69.36,15.44,1.93,19.36,95.52,82.65,23.63,IDR,22.72,75.86,subtropical_dry,NASA_POWER_daily_ag,5.121,12.787,2.9183,dewpoint,610.3,40.044
2024-06-24,31.2,36.19,26.06,66.15,5.38,1.03,19.95,95.36,81.35,23.6,IDR,22.72,75.86,subtropical_dry,NASA_POWER_daily_ag,4.93,13.097,2.913,dewpoint,627.5,40.037
2024-06-25,31.12,36.28,26.98,69.59,3.99,1.67,18.25,95.32,88.5,24.42,IDR,22.72,75.86,subtropical_dry,NASA_POWER_daily_ag,4.879,12.211,3.06,dewpoint,631.8,40.029
2024-06-26,31.12,35.18,26.98,69.32,2.16,1.22,21.65,95.35,84.53,24.38,IDR,22.72,75.86,subtropical_dry,NASA_POWER_daily_ag,5.276,14.233,3.0527,dewpoint,628.6,40.021
2024-06-27,30.38,34.73,26.84,73.03,8.87,2.16,19.52,95.43,94.27,24.68,IDR,22.72,75.86,subtropical_dry,NASA_POWER_daily_ag,5.076,13.025,3.1079,dewpoint,620.0,40.012
2024-06-28,29.16,34.33,24.44,75.4,11.71,2.28,15.86,95.53,99.07,24.11,IDR,22.72,75.86,subtropical_dry,NASA_POWER_daily_ag,4.266,10.801,3.0037,dewpoint,609.2,40.002
2024-06-29,27.66,30.81,25.62,82.3,11.09,3.69,15.45,95.67,98.79,24.22,IDR,22.72,75.86,subtropical_dry,NASA_POWER_daily_ag,3.93,10.589,3.0235,dewpoint,594.2,39.991
2024-06-30,28.0,32.01,25.05,80.84,9.33,3.69,13.37,95.69,97.52,24.13,IDR,22.72,75.86,subtropical_dry,NASA_POWER_daily_ag,3.798,9.336,3.0073,dewpoint,592.0,39.98
2024-07-01,27.24,30.83,24.76,83.3,12.39,5.08,12.74,95.53,99.47,24.02,IDR,22.72,75.86,subtropical_dry,NASA_POWER_daily_ag,3.59,8.963,2.9875,dewpoint,609.2,39.967
2024-07-02,27.18,30.54,24.42,82.35,3.64,5.25,11.71,95.38,97.02,23.76,IDR,22.72,75.86,subtropical_dry,NASA_POWER_daily_ag,3.557,8.34,2.9412,dewpoint,625.4,39.954
2024-07-03,28.37,33.34,24.77,77.24,3.25,4.22,15.3,95.57,97.67,23.61,IDR,22.72,75.86,subtropical_dry,NASA_POWER_daily_ag,4.518,10.422,2.9148,dewpoint,604.9,39.94
2024-07-04,28.55,33.91,24.71,75.91,1.28,3.7,11.36,95.68,99.67,23.44,IDR,22.72,75.86,subtropical_dry,NASA_POWER_daily_ag,3.954,8.1,2.8851,dewpoint,593.1,39.926
2024-07-05,27.04,30.17,24.92,81.59,7.17,4.31,11.17,95.54,99.66,23.42,IDR,22.72,75.86,subtropical_dry,NASA_POWER_daily_ag,3.421,8.003,2.8816,dewpoint,608.1,39.91
2024-07-06,28.0,32.86,24.78,80.61,1.63,4.06,12.34,95.37,99.48,24.08,IDR,22.72,75.86,subtropical_dry,NASA_POWER_daily_ag,3.731,8.715,2.9983,dewpoint,626.4,39.894
2024-07-07,28.97,33.9,24.83,76.21,2.91,2.81,14.29,95.55,91.23,23.95,IDR,22.72,75.86,subtropical_dry,NASA_POWER_daily_ag,4.147,9.849,2.975,dewpoint,607.1,39.876
2024-07-08,28.68,32.86,25.18,78.67,4.87,2.06,10.02,95.63,98.91,24.31,IDR,22.72,75.86,subtropical_dry,NASA_POWER_daily_ag,3.069,7.341,3.0399,dewpoint,598.5,39.858
2024-07-09,29.96,35.19,25.58,75.49,5.32,1.85,18.73,95.67,88.2,24.68,IDR,22.72,75.86,subtropical_dry,NASA_POWER_daily_ag,4.723,12.545,3.1079,dewpoint,594.2,39.839
2024-07-10,28.14,32.29,24.62,77.71,1.36,3.35,18.25,95.94,83.08,23.63,IDR,22.72,75.86,subtropical_dry,NASA_POWER_daily_ag,4.662,12.157,2.9183,dewpoint,565.2,39.819
2024-07-11,28.01,33.07,23.92,77.32,0.33,3.59,18.51,95.83,93.87,23.34,IDR,22.72,75.86,subtropical_dry,NASA_POWER_daily_ag,4.776,12.267,2.8677,dewpoint,577.0,39.798
2024-07-12,27.08,30.09,25.3,83.48,3.77,3.67,15.77,95.61,90.22,23.88,IDR,22.72,75.86,subtropical_dry,NASA_POWER_daily_ag,3.836,10.74,2.9625,dewpoint,600.6,39.776
2024-07-13,28.27,33.13,24.45,78.83,19.6,3.97,15.92,95.49,93.03,23.87,IDR,22.72,75.86,subtropical_dry,NASA_POWER_daily_ag,4.42,10.805,2.9607,dewpoint,613.5,39.753
2024-07-14,28.12,31.73,25.1,80.91,13.58,3.03,16.5,95.42,93.06,24.3,IDR,22.72,75.86,subtropical_dry,NASA_POWER_daily_ag,4.15,11.204,3.0381,dewpoint,621.0,39.729
2024-07-15,28.8,32.63,25.17,81.1,29.31,2.03,12.18,95.4,95.25,25.05,IDR,22.72,75.86,subtropical_dry,NASA_POWER_daily_ag,3.302,8.665,3.1772,dewpoint,623.2,39.704
2024-07-16,28.99,33.04,25.57,81.33,6.82,1.46,16.42,95.37,92.44,25.27,IDR,22.72,75.86,subtropical_dry,NASA_POWER_daily_ag,3.917,11.247,3.2191,dewpoint,626.4,39.677
2024-07-17,27.6,31.17,24.83,84.6,7.62,2.81,8.76,95.49,99.04,24.66,IDR,22.72,75.86,subtropical_dry,NASA_POWER_daily_ag,2.632,6.59,3.1042,dewpoint,613.5,39.65
2024-07-18,28.41,33.53,24.72,81.44,1.85,2.39,17.18,95.43,92.0,24.68,IDR,22.72,75.86,subtropical_dry,NASA_POWER_daily_ag,4.157,11.633,3.1079,dewpoint,620.0,39.622
2024-07-19,27.99,31.89,25.08,83.21,2.92,2.85,21.16,95.39,84.74,24.72,IDR,22.72,75.86,subtropical_dry,NASA_POWER_daily_ag,4.693,14.043,3.1153,dewpoint,624.3,39.592
2024-07-20,27.31,30.83,24.72,84.8,1.4,2.11,14.25,95.47,99.23,24.41,IDR,22.72,75.86,subtropical_dry,NASA_POWER_daily_ag,3.376,9.87,3.0581,dewpoint,615.7,39.561
2024-07-21,28.33,33.11,24.61,81.63,9.31,2.65,8.08,95.45,99.46,24.62,IDR,22.72,75.86,subtropical_dry,NASA_POWER_daily_ag,2.74,6.176,3.0968,dewpoint,617.8,39.529
2024-07-22,27.07,30.34,24.87,86.57,5.38,4.14,9.16,95.51,99.61,24.54,IDR,22.72,75.86,subtropical_dry,NASA_POWER_daily_ag,2.693,6.823,3.082,dewpoint,611.4,39.496
2024-07-23,25.69,27.71,24.45,90.88,22.72,4.21,7.99,95.56,99.6,24.08,IDR,22.72,75.86,subtropical_dry,NASA_POWER_daily_ag,2.09,6.119,2.9983,dewpoint,606.0,39.462
2024-07-24,26.4,29.77,24.25,88.25,9.36,5.42,8.13,95.3,99.61,24.23,IDR,22.72,75.86,subtropical_dry,NASA_POWER_daily_ag,2.463,6.202,3.0254,dewpoint,634.0,39.426
2024-07-25,26.55,30.45,24.1,85.99,14.95,4.96,9.0,95.26,99.74,23.89,IDR,22.72,75.86,subtropical_dry,NASA_POWER_daily_ag,2.775,6.715,2.9643,dewpoint,638.3,39.389
2024-07-26,25.67,28.11,23.93,89.92,12.54,4.4,6.47,95.39,99.34,23.86,IDR,22.72,75.86,subtropical_dry,NASA_POWER_daily_ag,1.977,5.211,2.9589,dewpoint,624.3,39.351
2024-07-27,26.08,29.38,24.22,87.26,15.1,4.84,4.33,95.46,99.32,23.72,IDR,22.72,75.86,subtropical_dry,NASA_POWER_daily_ag,1.99,3.951,2.9341,dewpoint,616.7,39.311
2024-07-28,27.15,31.26,24.38,88.62,21.74,3.79,3.42,95.21,99.03,25.03,IDR,22.72,75.86,subtropical_dry,NASA_POWER_daily_ag,1.666,3.348,3.1734,dewpoint,643.7,39.269
2024-07-29,26.7,31.99,23.19,89.71,55.81,3.58,5.28,95.1,98.59,24.79,IDR,22.72,75.86,subtropical_dry,NASA_POWER_daily_ag,1.824,4.481,3.1284,dewpoint,655.5,39.227
2024-07-30,25.69,29.89,22.6,86.09,1.72,3.46,13.75,95.64,91.14,23.06,IDR,22.72,75.86,subtropical_dry,NASA_POWER_daily_ag,3.215,9.463,2.8196,dewpoint,597.4,39.183
2024-07-31,27.2,31.9,23.44,83.75,1.72,3.08,12.81,95.83,99.43,23.99,IDR,22.72,75.86,subtropical_dry,NASA_POWER_daily_ag,3.335,8.954,2.9821,dewpoint,577.0,39.137
2024-08-01,26.39,29.85,24.05,87.22,6.49,4.3,10.78,95.68,99.81,23.99,IDR,22.72,75.86,subtropical_dry,NASA_POWER_daily_ag,2.833,7.759,2.9821,dewpoint,593.1,39.09
2024-08-02,25.57,28.54,23.7,90.63,22.89,4.97,9.58,95.56,99.84,23.9,IDR,22.72,75.86,subtropical_dry,NASA_POWER_daily_ag,2.34,7.047,2.9661,dewpoint,606.0,39.041
2024-08-03,25.52,27.46,23.64,92.14,9.56,3.73,8.59,95.64,99.59,24.14,IDR,22.72,75.86,subtropical_dry,NASA_POWER_daily_ag,2.057,6.461,3.0091,dewpoint,597.4,38.991
2024-08-04,25.28,27.61,23.76,92.4,18.35,3.44,4.12,95.7,99.44,23.95,IDR,22.72,75.86,subtropical_dry,NASA_POWER_daily_ag,1.394,3.799,2.975,dewpoint,590.9,38.939
2024-08-05,25.97,30.47,23.04,86.59,3.65,4.32,8.99,95.85,92.45,23.42,IDR,22.72,75.86,subtropical_dry,NASA_POWER_daily_ag,2.624,6.679,2.8816,dewpoint,574.8,38.885
2024-08-06,25.94,30.24,22.7,85.43,1.24,4.12,12.61,95.87,83.62,23.14,IDR,22.72,75.86,subtropical_dry,NASA_POWER_daily_ag,3.183,8.778,2.8333,dewpoint,572.7,38.83
2024-08-07,25.4,28.45,23.11,87.76,5.81,3.59,11.44,95.93,99.3,23.13,IDR,22.72,75.86,subtropical_dry,NASA_POWER_daily_ag,2.757,8.1,2.8316,dewpoint,566.3,38.773
2024-08-08,25.73,29.3,23.44,87.3,8.49,3.47,10.09,96.02,99.65,23.34,IDR,22.72,75.86,subtropical_dry,NASA_POWER_daily_ag,2.622,7.313,2.8677,dewpoint,556.6,38.714
2024-08-09,25.58,28.87,23.33,87.39,8.02,3.21,6.87,96.12,99.55,23.22,IDR,22.72,75.86,subtropical_dry,NASA_POWER_daily_ag,2.127,5.431,2.847,dewpoint,545.9,38.653
2024-08-10,25.78,29.65,23.24,87.59,10.59,3.59,6.7,96.06,99.68,23.45,IDR,22.72,75.86,subtropical_dry,NASA_POWER_daily_ag,2.143,5.329,2.8868,dewpoint,552.3,38.591
2024-08-11,25.86,29.43,23.64,87.97,4.64,3.63,12.04,95.89,97.41,23.61,IDR,22.72,75.86,subtropical_dry,NASA_POWER_daily_ag,2.863,8.455,2.9148,dewpoint,570.6,38.527
2024-08-12,25.91,29.44,23.52,87.94,5.9,3.12,12.55,95.95,95.81,23.66,IDR,22.72,75.86,subtropical_dry,NASA_POWER_daily_ag,2.91,8.754,2.9236,dewpoint,564.1,38.461
2024-08-13,26.8,30.69,23.95,86.0,0.51,2.92,12.38,96.02,83.3,24.11,IDR,22.72,75.86,subtropical_dry,NASA_POWER_daily_ag,3.061,8.668,3.0037,dewpoint,556.6,38.393
2024-08-14,26.45,30.39,23.93,86.08,0.05,2.41,19.32,96.09,85.91,23.78,IDR,22.72,75.86,subtropical_dry,NASA_POWER_daily_ag,4.034,12.709,2.9447,dewpoint,549.1,38.323
2024-08-15,26.9,30.71,23.81,86.39,1.75,2.36,17.39,95.95,91.81,24.28,IDR,22.72,75.86,subtropical_dry,NASA_POWER_daily_ag,3.771,11.638,3.0344,dewpoint,564.1,38.252
2024-08-16,26.43,29.39,23.96,87.42,3.08,2.24,15.08,95.89,98.99,24.07,IDR,22.72,75.86,subtropical_dry,NASA_POWER_daily_ag,3.309,10.255,2.9965,dewpoint,570.6,38.178
2024-08-17,26.87,31.04,23.49,83.81,0.22,1.65,19.77,96.03,97.05,23.69,IDR,22.72,75.86,subtropical_dry,NASA_POWER_daily_ag,4.193,12.934,2.9288,dewpoint,555.5,38.103
2024-08-18,27.02,31.49,23.08,81.71,0.03,1.25,19.61,96.15,91.86,23.39,IDR,22.72,75.86,subtropical_dry,NASA_POWER_daily_ag,4.187,12.782,2.8764,dewpoint,542.7,38.026
2024-08-19,27.38,31.64,23.93,81.66,0.51,1.4,21.7,96.03,72.88,23.75,IDR,22.72,75.86,subtropical_dry,NASA_POWER_daily_ag,4.586,14.035,2.9394,dewpoint,555.5,37.946
2024-08-20,27.22,31.43,23.47,83.97,39.82,1.43,17.18,96.03,89.89,24.1,IDR,22.72,75.86,subtropical_dry,NASA_POWER_daily_ag,3.77,11.453,3.0019,dewpoint,555.5,37.865
2024-08-21,26.88,29.62,23.94,86.55,10.51,1.12,16.33,96.08,92.53,24.35,IDR,22.72,75.86,subtropical_dry,NASA_POWER_daily_ag,3.506,10.992,3.0472,dewpoint,550.2,37.782
2024-08-22,27.71,31.0,24.33,81.98,17.4,0.57,17.47,96.03,91.0,24.18,IDR,22.72,75.86,subtropical_dry,NASA_POWER_daily_ag,3.767,11.615,3.0163,dewpoint,555.5,37.696
2024-08-23,26.5,28.75,24.56,90.17,63.87,1.2,11.38,96.01,99.26,24.73,IDR,22.72,75.86,subtropical_dry,NASA_POWER_daily_ag,2.557,8.076,3.1172,dewpoint,557.7,37.609
2024-08-24,25.5,27.05,24.31,94.32,67.52,3.35,10.24,95.82,99.65,24.53,IDR,22.72,75.86,subtropical_dry,NASA_POWER_daily_ag,2.127,7.391,3.0802,dewpoint,578.1,37.519
2024-08-25,24.99,26.57,23.72,94.9,19.69,4.45,6.15,95.53,99.76,24.13,IDR,22.72,75.86,subtropical_dry,NASA_POWER_daily_ag,1.484,4.958,3.0073,dewpoint,609.2,37.428
2024-08-26,24.23,25.88,22.45,93.5,20.54,5.57,7.19,95.42,99.53,23.13,IDR,22.72,75.86,subtropical_dry,NASA_POWER_daily_ag,1.698,5.572,2.8316,dewpoint,621.0,37.335
2024-08-27,24.94,29.27,21.46,88.22,4.11,3.54,16.02,95.83,85.47,22.75,IDR,22.72,75.86,subtropical_dry,NASA_POWER_daily_ag,3.287,10.613,2.7672,dewpoint,577.0,37.239
2024-08-28,25.52,29.71,22.15,89.54,3.54,3.01,12.53,95.9,71.9,23.59,IDR,22.72,75.86,subtropical_dry,NASA_POWER_daily_ag,2.76,8.663,2.9113,dewpoint,569.5,37.141
2024-08-29,26.0,29.57,22.97,88.54,3.11,2.27,20.19,95.88,59.18,23.87,IDR,22.72,75.86,subtropical_dry,NASA_POWER_daily_ag,3.977,13.137,2.9607,dewpoint,571.6,37.042
2024-08-30,26.35,29.72,22.6,85.42,3.28,1.05,16.88,96.06,70.42,23.56,IDR,22.72,75.86,subtropical_dry,NASA_POWER_daily_ag,3.554,11.159,2.906,dewpoint,552.3,36.94
2024-08-31,25.57,28.65,23.48,89.49,8.67,2.32,16.77,96.13,87.46,23.65,IDR,22.72,75.86,subtropical_dry,NASA_POWER_daily_ag,3.366,11.1,2.9218,dewpoint,544.8,36.836
2024-09-01,25.26,27.91,22.7,93.06,27.34,2.95,14.18,96.0,98.55,24.05,IDR,22.72,75.86,subtropical_dry,NASA_POWER_daily_ag,2.758,9.644,2.9929,dewpoint,558.8,36.731
2024-09-02,27.13,30.92,24.4,89.23,28.5,2.34,11.07,95.77,98.44,25.12,IDR,22.72,75.86,subtropical_dry,NASA_POWER_daily_ag,2.629,7.853,3.1905,dewpoint,583.4,36.623
2024-09-03,26.38,28.93,24.2,90.65,8.66,2.0,11.06,95.84,98.56,24.68,IDR,22.72,75.86,subtropical_dry,NASA_POWER_daily_ag,2.497,7.826,3.1079,dewpoint,575.9,36.513
2024-09-04,25.54,28.72,23.62,91.49,13.74,3.38,12.33,95.94,96.74,24.01,IDR,22.72,75.86,subtropical_dry,NASA_POWER_daily_ag,2.599,8.526,2.9857,dewpoint,565.2,36.401
2024-09-05,25.38,28.75,23.09,89.96,2.54,2.4,16.27,95.86,79.09,23.55,IDR,22.72,75.86,subtropical_dry,NASA_POWER_daily_ag,3.243,10.757,2.9043,dewpoint,573.8,36.288
2024-09-06,25.98,29.11,23.63,91.21,8.99,2.72,11.15,95.9,89.79,24.39,IDR,22.72,75.86,subtropical_dry,NASA_POWER_daily_ag,2.47,7.846,3.0545,dewpoint,569.5,36.172
2024-09-07,25.38,28.15,23.6,91.82,5.21,2.96,16.22,96.03,89.06,23.92,IDR,22.72,75.86,subtropical_dry,NASA_POWER_daily_ag,3.115,10.755,2.9696,dewpoint,555.5,36.054
2024-09-08,25.37,28.29,23.17,92.12,1.8,3.47,14.79,96.0,82.17,23.98,IDR,22.72,75.86,subtropical_dry,NASA_POWER_daily_ag,2.87,9.926,2.9803,dewpoint,558.8,35.935
2024-09-09,25.81,28.84,23.1,91.97,5.62,3.4,10.86,95.75,94.35,24.38,IDR,22.72,75.86,subtropical_dry,NASA_POWER_daily_ag,2.37,7.66,3.0527,dewpoint,585.6,35.813
2024-09-10,25.74,28.3,24.0,93.46,9.3,4.04,11.27,95.64,97.23,24.6,IDR,22.72,75.86,subtropical_dry,NASA_POWER_daily_ag,2.306,7.905,3.0931,dewpoint,597.4,35.69
2024-09-11,24.66,26.48,23.32,94.12,11.9,4.1,7.58,95.76,99.22,23.66,IDR,22.72,75.86,subtropical_dry,NASA_POWER_daily_ag,1.705,5.729,2.9236,dewpoint,584.5,35.564
2024-09-12,24.79,27.59,22.92,90.73,1.28,3.76,12.22,95.95,96.77,23.13,IDR,22.72,75.86,subtropical_dry,NASA_POWER_daily_ag,2.563,8.347,2.8316,dewpoint,564.1,35.437
2024-09-13,24.55,28.07,21.92,88.48,0.01,3.22,15.29,96.09,59.53,22.41,IDR,22.72,75.86,subtropical_dry,NASA_POWER_daily_ag,3.093,9.998,2.7107,dewpoint,549.1,35.308
2024-09-14,24.23,28.67,21.03,87.84,0.03,2.56,19.43,96.1,47.17,21.93,IDR,22.72,75.86,subtropical_dry,NASA_POWER_daily_ag,3.649,12.21,2.6327,dewpoint,548.1,35.177
2024-09-15,24.21,29.3,20.53,87.18,0.03,2.45,17.99,96.12,44.21,21.75,IDR,22.72,75.86,subtropical_dry,NASA_POWER_daily_ag,3.482,11.373,2.6039,dewpoint,545.9,35.045
2024-09-16,24.12,28.84,20.26,86.8,0.0,2.66,19.77,96.23,25.44,21.61,IDR,22.72,75.86,subtropical_dry,NASA_POWER_daily_ag,3.721,12.317,2.5817,dewpoint,534.1,34.911
2024-09-17,24.22,28.72,20.05,86.6,0.57,2.86,15.95,96.18,55.74,21.68,IDR,22.72,75.86,subtropical_dry,NASA_POWER_daily_ag,3.238,10.236,2.5928,dewpoint,539.5,34.775
2024-09-18,24.59,28.84,21.49,88.82,1.57,3.12,14.48,95.97,73.39,22.51,IDR,22.72,75.86,subtropical_dry,NASA_POWER_daily_ag,2.956,9.494,2.7272,dewpoint,562.0,34.637
2024-09-19,25.25,29.52,22.14,87.15,0.05,2.63,18.96,96.07,32.46,22.82,IDR,22.72,75.86,subtropical_dry,NASA_POWER_daily_ag,3.703,11.986,2.779,dewpoint,551.3,34.498
2024-09-20,25.72,30.24,21.86,87.53,0.0,2.03,17.2,96.1,36.85,23.35,IDR,22.72,75.86,subtropical_dry,NASA_POWER_daily_ag,3.472,11.067,2.8695,dewpoint,548.1,34.358
2024-09-21,26.39,30.91,22.25,86.6,0.0,1.68,16.77,96.2,38.61,23.81,IDR,22.72,75.86,subtropical_dry,NASA_POWER_daily_ag,3.485,10.863,2.9501,dewpoint,537.4,34.216
2024-09-22,26.29,29.5,24.16,90.23,2.74,2.25,16.19,96.14,82.32,24.51,IDR,22.72,75.86,subtropical_dry,NASA_POWER_daily_ag,3.249,10.616,3.0765,dewpoint,543.8,34.072
2024-09-23,26.53,28.9,24.52,92.63,14.22,2.1,15.18,96.03,84.79,25.22,IDR,22.72,75.86,subtropical_dry,NASA_POWER_daily_ag,3.02,10.12,3.2095,dewpoint,555.5,33.927
2024-09-24,27.54,30.63,24.27,86.24,8.48,1.23,16.68,95.92,84.59,24.93,IDR,22.72,75.86,subtropical_dry,NASA_POWER_daily_ag,3.54,10.92,3.1546,dewpoint,567.3,33.781
2024-09-25,27.17,30.35,24.72,88.75,9.15,1.26,12.9,95.83,94.1,25.07,IDR,22.72,75.86,subtropical_dry,NASA_POWER_daily_ag,2.825,8.738,3.181,dewpoint,577.0,33.633
2024-09-26,26.17,28.41,24.3,92.15,22.55,1.13,13.0,95.76,96.45,24.77,IDR,22.72,75.86,subtropical_dry,NASA_POWER_daily_ag,2.69,8.775,3.1246,dewpoint,584.5,33.485
2024-09-27,25.79,28.17,23.9,91.01,30.01,1.29,10.89,95.78,98.49,24.16,IDR,22.72,75.86,subtropical_dry,NASA_POWER_daily_ag,2.354,7.512,3.0127,dewpoint,582.4,33.335
2024-09-28,26.11,29.36,23.82,90.08,13.25,1.7,9.18,96.03,99.21,24.3,IDR,22.72,75.86,subtropical_dry,NASA_POWER_daily_ag,2.147,6.534,3.0381,dewpoint,555.5,33.184
2024-09-29,25.88,28.74,23.53,91.4,14.25,1.65,10.97,96.3,88.98,24.33,IDR,22.72,75.86,subtropical_dry,NASA_POWER_daily_ag,2.358,7.544,3.0435,dewpoint,526.7,33.031
2024-09-30,25.74,28.68,23.49,90.17,1.56,1.59,15.36,96.38,56.0,23.95,IDR,22.72,75.86,subtropical_dry,NASA_POWER_daily_ag,3.054,9.969,2.975,dewpoint,518.1,32.878
2024-10-01,26.7,31.14,22.7,85.52,0.11,1.5,18.97,96.29,32.65,23.91,IDR,22.72,75.86,subtropical_dry,NASA_POWER_daily_ag,3.824,11.936,2.9678,dewpoint,527.7,32.724
2024-10-02,26.9,31.24,23.17,87.06,0.0,1.76,19.81,96.3,42.93,24.42,IDR,22.72,75.86,subtropical_dry,NASA_POWER_daily_ag,3.941,12.481,3.06,dewpoint,526.7,32.569
2024-10-03,26.33,30.61,23.41,87.52,0.0,2.28,18.57,96.26,37.4,23.94,IDR,22.72,75.86,subtropical_dry,NASA_POWER_daily_ag,3.682,11.68,2.9732,dewpoint,530.9,32.414
2024-10-04,25.54,30.08,22.42,88.03,0.0,2.07,19.06,96.31,21.18,23.27,IDR,22.72,75.86,subtropical_dry,NASA_POWER_daily_ag,3.636,11.826,2.8556,dewpoint,525.6,32.257
2024-10-05,25.49,30.16,21.52,83.66,0.0,1.22,19.42,96.43,20.05,22.31,IDR,22.72,75.86,subtropical_dry,NASA_POWER_daily_ag,3.754,11.822,2.6943,dewpoint,512.8,32.1
2024-10-06,25.39,30.5,21.08,81.53,0.0,1.65,19.14,96.56,19.42,21.75,IDR,22.72,75.86,subtropical_dry,NASA_POWER_daily_ag,3.793,11.541,2.6039,dewpoint,498.9,31.943
2024-10-07,24.86,30.39,19.9,79.62,0.0,1.59,19.86,96.69,15.46,20.87,IDR,22.72,75.86,subtropical_dry,NASA_POWER_daily_ag,3.86,11.74,2.4672,dewpoint,485.0,31.785
2024-10-08,24.91,29.65,20.27,83.87,0.0,1.4,18.08,96.7,22.96,21.8,IDR,22.72,75.86,subtropical_dry,NASA_POWER_daily_ag,3.495,10.984,2.6119,dewpoint,484.0,31.626
2024-10-09,24.92,29.02,21.37,83.63,0.49,1.06,11.99,96.53,76.59,21.83,IDR,22.72,75.86,subtropical_dry,NASA_POWER_daily_ag,2.57,7.789,2.6167,dewpoint,502.1,31.467
2024-10-10,24.74,28.9,21.45,87.38,4.2,1.65,11.04,96.43,97.14,22.44,IDR,22.72,75.86,subtropical_dry,NASA_POWER_daily_ag,2.395,7.327,2.7157,dewpoint,512.8,31.308
2024-10-11,23.81,27.2,20.91,87.42,15.86,2.29,8.49,96.45,98.95,21.55,IDR,22.72,75.86,subtropical_dry,NASA_POWER_daily_ag,2.053,5.945,2.5723,dewpoint,510.6,31.149
2024-10-12,24.26,27.77,21.27,89.53,1.67,1.95,15.29,96.49,80.85,22.39,IDR,22.72,75.86,subtropical_dry,NASA_POWER_daily_ag,2.879,9.55,2.7074,dewpoint,506.4,30.989
2024-10-13,25.51,29.17,22.41,88.16,6.45,1.59,14.45,96.51,74.58,23.31,IDR,22.72,75.86,subtropical_dry,NASA_POWER_daily_ag,2.902,9.176,2.8625,dewpoint,504.2,30.829
2024-10-14,25.49,29.54,22.28,87.75,4.31,1.06,16.51,96.56,81.66,23.21,IDR,22.72,75.86,subtropical_dry,NASA_POWER_daily_ag,3.183,10.241,2.8453,dewpoint,498.9,30.67
2024-10-15,25.72,29.93,22.3,86.98,5.12,1.37,15.87,96.55,63.5,23.26,IDR,22.72,75.86,subtropical_dry,NASA_POWER_daily_ag,3.136,9.881,2.8539,dewpoint,500.0,30.511
2024-10-16,25.85,30.6,21.2,80.37,0.54,1.21,17.18,96.48,22.06,21.98,IDR,22.72,75.86,subtropical_dry,NASA_POWER_daily_ag,3.451,10.333,2.6407,dewpoint,507.4,30.351
2024-10-17,24.73,29.76,20.93,82.13,0.0,1.59,16.19,96.49,36.35,21.25,IDR,22.72,75.86,subtropical_dry,NASA_POWER_daily_ag,3.227,9.707,2.5255,dewpoint,506.4,30.192
2024-10-18,24.6,28.54,21.22,80.21,1.17,1.6,12.65,96.5,90.51,20.77,IDR,22.72,75.86,subtropical_dry,NASA_POWER_daily_ag,2.794,7.879,2.4521,dewpoint,505.3,30.034
2024-10-19,24.46,28.64,21.12,81.06,7.02,1.14,16.47,96.64,77.11,20.86,IDR,22.72,75.86,subtropical_dry,NASA_POWER_daily_ag,3.167,9.753,2.4657,dewpoint,490.4,29.876
2024-10-20,24.35,28.68,21.13,82.59,3.34,1.24,16.73,96.7,52.47,21.1,IDR,22.72,75.86,subtropical_dry,NASA_POWER_daily_ag,3.17,9.896,2.5023,dewpoint,484.0,29.718
2024-10-21,24.52,29.24,19.6,81.17,0.93,1.16,18.77,96.72,36.33,20.92,IDR,22.72,75.86,subtropical_dry,NASA_POWER_daily_ag,3.478,10.863,2.4748,dewpoint,481.8,29.561
2024-10-22,25.04,29.49,21.2,80.82,6.34,0.97,16.78,96.7,24.41,21.38,IDR,22.72,75.86,subtropical_dry,NASA_POWER_daily_ag,3.214,9.902,2.5457,dewpoint,484.0,29.405
2024-10-23,24.38,29.89,20.24,79.79,0.15,1.19,16.81,96.69,10.19,20.42,IDR,22.72,75.86,subtropical_dry,NASA_POWER_daily_ag,3.211,9.733,2.3998,dewpoint,485.0,29.249
2024-10-24,23.32,29.71,18.56,77.77,0.0,1.63,16.08,96.6,18.2,18.94,IDR,22.72,75.86,subtropical_dry,NASA_POWER_daily_ag,3.156,9.159,2.1892,dewpoint,494.6,29.095
2024-10-25,22.55,29.49,16.39,75.79,0.0,1.58,18.53,96.56,9.35,17.76,IDR,22.72,75.86,subtropical_dry,NASA_POWER_daily_ag,3.399,10.09,2.033,dewpoint,498.9,28.941
2024-10-26,23.29,30.4,17.58,73.38,0.0,1.43,17.4,96.56,0.15,17.87,IDR,22.72,75.86,subtropical_dry,NASA_POWER_daily_ag,3.347,9.523,2.0472,dewpoint,498.9,28.788
2024-10-27,23.45,30.48,17.97,75.0,0.0,1.32,19.07,96.4,0.22,18.42,IDR,22.72,75.86,subtropical_dry,NASA_POWER_daily_ag,3.485,10.325,2.1191,dewpoint,516.0,28.636
2024-10-28,23.04,29.39,17.2,80.55,0.0,1.21,19.15,96.32,0.23,19.22,IDR,22.72,75.86,subtropical_dry,NASA_POWER_daily_ag,3.343,10.55,2.2277,dewpoint,524.5,28.486
2024-10-29,25.03,30.7,19.35,69.64,0.0,0.66,19.05,96.42,0.44,18.75,IDR,22.72,75.86,subtropical_dry,NASA_POWER_daily_ag,3.444,10.274,2.1634,dewpoint,513.8,28.337
2024-10-30,25.0,30.63,20.58,68.56,0.0,1.03,17.64,96.57,0.0,18.56,IDR,22.72,75.86,subtropical_dry,NASA_POWER_daily_ag,3.417,9.55,2.1378,dewpoint,497.8,28.189
2024-10-31,24.9,30.62,18.81,65.68,0.0,1.0,19.24,96.7,0.22,17.66,IDR,22.72,75.86,subtropical_dry,NASA_POWER_daily_ag,3.617,10.072,2.0203,dewpoint,484.0,28.043
2024-11-01,25.06,31.36,18.68,61.8,0.0,0.82,18.28,96.79,0.0,16.69,IDR,22.72,75.86,subtropical_dry,NASA_POWER_daily_ag,3.429,9.42,1.9,dewpoint,474.4,27.898
2024-11-02,24.81,30.61,18.7,59.37,0.0,0.52,18.49,96.81,0.64,15.88,IDR,22.72,75.86,subtropical_dry,NASA_POWER_daily_ag,3.222,9.337,1.8044,dewpoint,472.3,27.755
2024-11-03,24.62,29.96,19.58,60.89,0.0,0.6,17.37,96.82,0.97,16.35,IDR,22.72,75.86,subtropical_dry,NASA_POWER_daily_ag,3.122,8.942,1.8593,dewpoint,471.2,27.613
2024-11-04,24.0,29.93,17.44,64.79,0.0,0.95,17.29,96.7,0.71,16.6,IDR,22.72,75.86,subtropical_dry,NASA_POWER_daily_ag,3.252,8.985,1.8892,dewpoint,484.0,27.473
2024-11-05,23.14,29.51,17.67,68.37,0.0,1.03,17.43,96.8,0.11,16.67,IDR,22.72,75.86,subtropical_dry,NASA_POWER_daily_ag,3.173,9.027,1.8976,dewpoint,473.3,27.335
2024-11-06,21.79,28.67,15.64,75.45,0.0,1.3,17.04,96.9,0.21,16.81,IDR,22.72,75.86,subtropical_dry,NASA_POWER_daily_ag,3.01,8.941,1.9145,dewpoint,462.7,27.199
2024-11-07,22.01,28.3,15.72,75.25,0.0,1.06,15.49,96.86,0.83,17.08,IDR,22.72,75.86,subtropical_dry,NASA_POWER_daily_ag,2.785,8.325,1.9476,dewpoint,466.9,27.065
2024-11-08,23.44,29.65,17.21,68.31,0.0,0.84,15.32,96.81,1.05,16.87,IDR,22.72,75.86,subtropical_dry,NASA_POWER_daily_ag,2.863,8.127,1.9218,dewpoint,472.3,26.933
2024-11-09,22.85,29.19,17.62,70.42,0.0,1.12,15.7,96.81,0.12,16.89,IDR,22.72,75.86,subtropical_dry,NASA_POWER_daily_ag,2.938,8.258,1.9243,dewpoint,472.3,26.803
2024-11-10,21.91,28.4,15.48,71.78,0.0,1.2,15.52,96.88,0.0,16.2,IDR,22.72,75.86,subtropical_dry,NASA_POWER_daily_ag,2.857,8.122,1.8416,dewpoint,464.8,26.675
2024-11-11,21.62,27.82,15.1,72.34,0.0,1.13,16.0,96.84,0.15,16.12,IDR,22.72,75.86,subtropical_dry,NASA_POWER_daily_ag,2.84,8.298,1.8323,dewpoint,469.1,26.55
2024-11-12,21.2,27.62,15.24,73.53,0.0,1.43,16.21,96.82,0.42,15.94,IDR,22.72,75.86,subtropical_dry,NASA_POWER_daily_ag,2.893,8.326,1.8113,dewpoint,471.2,26.426
2024-11-13,19.88,27.36,13.82,74.5,0.0,1.66,16.63,96.73,0.01,14.78,IDR,22.72,75.86,subtropical_dry,NASA_POWER_daily_ag,2.855,8.316,1.6813,dewpoint,480.8,26.306
2024-11-14,19.12,26.44,12.98,73.76,0.0,1.73,16.63,96.84,0.53,13.9,IDR,22.72,75.86,subtropical_dry,NASA_POWER_daily_ag,2.814,8.195,1.5883,dewpoint,469.1,26.188
2024-11-15,19.54,26.64,12.53,71.09,0.0,1.33,16.18,96.88,23.11,13.7,IDR,22.72,75.86,subtropical_dry,NASA_POWER_daily_ag,2.748,7.975,1.5677,dewpoint,464.8,26.072
2024-11-16,19.65,26.81,12.76,66.31,0.0,1.28,15.68,96.78,9.2,12.8,IDR,22.72,75.86,subtropical_dry,NASA_POWER_daily_ag,2.76,7.622,1.4783,dewpoint,475.5,25.959
2024-11-17,19.9,26.54,13.1,65.18,0.0,1.26,15.65,96.81,0.14,12.87,IDR,22.72,75.86,subtropical_dry,NASA_POWER_daily_ag,2.776,7.592,1.4851,dewpoint,472.3,25.848
2024-11-18,20.11,26.18,13.68,67.15,0.0,1.25,15.0,96.88,0.31,13.6,IDR,22.72,75.86,subtropical_dry,NASA_POWER_daily_ag,2.691,7.436,1.5576,dewpoint,464.8,25.741
2024-11-19,19.38,25.59,13.36,70.51,0.0,1.09,14.08,96.96,1.05,13.58,IDR,22.72,75.86,subtropical_dry,NASA_POWER_daily_ag,2.435,7.105,1.5556,dewpoint,456.3,25.636
2024-11-20,18.64,25.34,12.61,70.9,0.0,1.33,14.19,96.9,0.9,12.82,IDR,22.72,75.86,subtropical_dry,NASA_POWER_daily_ag,2.471,7.049,1.4802,dewpoint,462.7,25.534
2024-11-21,17.56,24.72,10.7,63.74,0.0,1.19,13.91,96.85,1.39,10.11,IDR,22.72,75.86,subtropical_dry,NASA_POWER_daily_ag,2.43,6.672,1.237,dewpoint,468.0,25.435
2024-11-22,16.46,23.8,10.1,67.35,0.0,1.43,14.04,96.82,3.38,9.98,IDR,22.72,75.86,subtropical_dry,NASA_POWER_daily_ag,2.381,6.718,1.2263,dewpoint,471.2,25.339
2024-11-23,16.66,24.45,9.68,72.89,0.0,1.25,13.64,96.88,1.12,11.44,IDR,22.72,75.86,subtropical_dry,NASA_POWER_daily_ag,2.199,6.723,1.3516,dewpoint,464.8,25.245
2024-11-24,17.57,24.47,11.05,67.37,0.0,1.24,13.89,96.94,4.49,11.09,IDR,22.72,75.86,subtropical_dry,NASA_POWER_daily_ag,2.369,6.708,1.3206,dewpoint,458.4,25.155
2024-11-25,17.38,25.0,10.27,64.21,0.0,1.62,15.38,96.93,13.37,10.07,IDR,22.72,75.86,subtropical_dry,NASA_POWER_daily_ag,2.675,7.031,1.2337,dewpoint,459.5,25.069
2024-11-26,17.64,25.34,10.55,64.3,0.0,1.49,16.0,96.93,0.42,10.34,IDR,22.72,75.86,subtropical_dry,NASA_POWER_daily_ag,2.679,7.216,1.2562,dewpoint,459.5,24.985
2024-11-27,17.62,25.04,10.85,63.67,0.0,1.51,16.0,96.86,0.62,10.24,IDR,22.72,75.86,subtropical_dry,NASA_POWER_daily_ag,2.687,7.18,1.2479,dewpoint,466.9,24.904
2024-11-28,16.77,24.6,10.45,72.58,0.0,1.88,15.74,96.9,0.13,11.38,IDR,22.72,75.86,subtropical_dry,NASA_POWER_daily_ag,2.52,7.271,1.3462,dewpoint,462.7,24.827
2024-11-29,15.44,23.29,9.63,68.71,0.0,2.26,15.05,96.91,2.49,9.13,IDR,22.72,75.86,subtropical_dry,NASA_POWER_daily_ag,2.574,6.798,1.1582,dewpoint,461.6,24.753
2024-11-30,15.68,24.38,9.26,67.23,0.0,2.26,15.05,96.77,4.52,9.08,IDR,22.72,75.86,subtropical_dry,NASA_POWER_daily_ag,2.626,6.746,1.1543,dewpoint,476.5,24.683
2024-12-01,17.63,25.51,11.3,68.67,0.0,2.13,13.86,96.58,36.79,11.55,IDR,22.72,75.86,subtropical_dry,NASA_POWER_daily_ag,2.603,6.588,1.3615,dewpoint,496.8,24.615
2024-12-02,18.2,26.19,11.9,64.64,0.0,2.07,14.28,96.6,6.99,11.04,IDR,22.72,75.86,subtropical_dry,NASA_POWER_daily_ag,2.789,6.599,1.3162,dewpoint,494.6,24.552
2024-12-03,19.5,27.04,13.15,69.74,0.0,2.02,13.28,96.75,36.23,13.6,IDR,22.72,75.86,subtropical_dry,NASA_POWER_daily_ag,2.643,6.535,1.5576,dewpoint,478.7,24.491
2024-12-04,20.14,26.99,14.69,72.4,0.0,2.13,10.83,96.82,54.82,14.74,IDR,22.72,75.86,subtropical_dry,NASA_POWER_daily_ag,2.458,5.787,1.677,dewpoint,471.2,24.435
2024-12-05,20.37,26.68,15.1,69.05,0.0,1.49,12.53,96.82,13.12,14.26,IDR,22.72,75.86,subtropical_dry,NASA_POWER_daily_ag,2.474,6.304,1.6258,dewpoint,471.2,24.381
2024-12-06,21.4,27.88,15.1,72.39,0.0,1.15,14.28,96.7,25.95,15.91,IDR,22.72,75.86,subtropical_dry,NASA_POWER_daily_ag,2.523,7.098,1.8079,dewpoint,484.0,24.332
2024-12-07,20.38,26.64,15.96,65.54,0.0,1.43,15.14,96.57,39.15,13.12,IDR,22.72,75.86,subtropical_dry,NASA_POWER_daily_ag,2.749,6.958,1.5096,dewpoint,497.8,24.286
2024-12-08,17.12,25.5,11.05,61.23,0.0,1.54,16.75,96.6,28.2,8.94,IDR,22.72,75.86,subtropical_dry,NASA_POWER_daily_ag,2.708,6.97,1.1434,dewpoint,494.6,24.243
2024-12-09,13.65,23.13,6.8,48.9,0.0,2.14,17.53,96.82,45.86,1.93,IDR,22.72,75.86,subtropical_dry,NASA_POWER_daily_ag,2.997,6.41,0.7021,dewpoint,471.2,24.205
2024-12-10,13.46,22.7,6.28,55.46,0.0,2.13,16.9,96.94,25.86,4.01,IDR,22.72,75.86,subtropical_dry,NASA_POWER_daily_ag,2.76,6.573,0.8138,dewpoint,458.4,24.169
2024-12-11,13.99,22.74,6.56,60.9,0.0,2.13,16.18,96.94,29.42,5.92,IDR,22.72,75.86,subtropical_dry,NASA_POWER_daily_ag,2.643,6.624,0.9299,dewpoint,458.4,24.138
2024-12-12,14.37,23.35,7.15,62.35,0.0,1.49,16.05,96.86,25.73,6.72,IDR,22.72,75.86,subtropical_dry,NASA_POWER_daily_ag,2.384,6.642,0.9828,dewpoint,466.9,24.11
2024-12-13,13.67,22.85,7.01,56.44,0.0,2.5,16.31,97.03,17.85,4.28,IDR,22.72,75.86,subtropical_dry,NASA_POWER_daily_ag,2.885,6.399,0.8294,dewpoint,448.9,24.086
2024-12-14,13.53,23.29,5.76,50.68,0.0,2.35,16.85,97.12,32.86,2.56,IDR,22.72,75.86,subtropical_dry,NASA_POWER_daily_ag,2.99,6.319,0.7344,dewpoint,439.3,24.066
2024-12-15,13.78,24.2,5.39,53.97,0.0,1.84,17.05,97.13,41.53,3.68,IDR,22.72,75.86,subtropical_dry,NASA_POWER_daily_ag,2.709,6.476,0.7951,dewpoint,438.2,24.05
2024-12-16,14.61,24.59,6.06,56.35,0.0,1.92,16.87,96.96,43.46,5.15,IDR,22.72,75.86,subtropical_dry,NASA_POWER_daily_ag,2.764,6.59,0.8815,dewpoint,456.3,24.037
2024-12-17,16.37,25.94,7.03,53.07,0.0,1.19,16.31,96.81,33.57,5.94,IDR,22.72,75.86,subtropical_dry,NASA_POWER_daily_ag,2.557,6.463,0.9312,dewpoint,472.3,24.028
2024-12-18,17.24,25.7,9.19,52.64,0.0,1.35,16.18,96.76,25.54,6.79,IDR,22.72,75.86,subtropical_dry,NASA_POWER_daily_ag,2.716,6.479,0.9875,dewpoint,477.6,24.023
2024-12-19,16.9,26.41,8.51,56.16,0.0,1.62,15.06,96.68,17.42,7.36,IDR,22.72,75.86,subtropical_dry,NASA_POWER_daily_ag,2.718,6.271,1.0269,dewpoint,486.1,24.021
2024-12-20,17.89,26.52,9.57,55.19,0.0,1.17,14.65,96.62,7.7,8.03,IDR,22.72,75.86,subtropical_dry,NASA_POWER_daily_ag,2.531,6.216,1.075,dewpoint,492.5,24.024
2024-12-21,17.53,26.06,11.48,60.76,0.0,1.69,13.74,96.68,9.9,9.28,IDR,22.72,75.86,subtropical_dry,NASA_POWER_daily_ag,2.613,6.091,1.17,dewpoint,486.1,24.03
2024-12-22,16.7,25.04,9.93,63.85,0.0,2.13,12.09,96.71,11.41,9.26,IDR,22.72,75.86,subtropical_dry,NASA_POWER_daily_ag,2.56,5.705,1.1684,dewpoint,482.9,24.04
2024-12-23,18.1,25.31,11.32,74.04,0.0,1.65,7.19,96.68,54.88,13.06,IDR,22.72,75.86,subtropical_dry,NASA_POWER_daily_ag,1.842,4.453,1.5037,dewpoint,486.1,24.054
2024-12-24,18.87,23.38,15.5,83.78,0.0,1.02,8.31,96.76,43.86,15.91,IDR,22.72,75.86,subtropical_dry,NASA_POWER_daily_ag,1.574,4.959,1.8079,dewpoint,477.6,24.071
2024-12-25,19.33,25.71,14.34,78.97,0.0,1.51,8.9,96.9,35.91,15.31,IDR,22.72,75.86,subtropical_dry,NASA_POWER_daily_ag,1.866,5.122,1.7397,dewpoint,462.7,24.092
2024-12-26,20.05,26.84,14.9,74.07,0.0,2.4,12.78,97.1,56.53,14.82,IDR,22.72,75.86,subtropical_dry,NASA_POWER_daily_ag,2.64,6.395,1.6857,dewpoint,441.4,24.117
2024-12-27,20.7,27.33,15.13,81.92,10.82,1.73,11.65,97.05,70.11,17.16,IDR,22.72,75.86,subtropical_dry,NASA_POWER_daily_ag,2.175,6.266,1.9575,dewpoint,446.7,24.146
2024-12-28,20.51,25.96,16.33,82.35,4.54,1.2,9.69,97.03,49.92,17.1,IDR,22.72,75.86,subtropical_dry,NASA_POWER_daily_ag,1.86,5.53,1.95,dewpoint,448.9,24.179
2024-12-29,18.48,25.46,13.03,78.46,0.76,1.86,8.04,97.14,68.19,14.36,IDR,22.72,75.86,subtropical_dry,NASA_POWER_daily_ag,1.856,4.798,1.6363,dewpoint,437.2,24.215
2024-12-30,17.38,25.0,10.37,68.24,0.0,1.7,13.11,97.15,25.75,11.15,IDR,22.72,75.86,subtropical_dry,NASA_POWER_daily_ag,2.392,6.243,1.3259,dewpoint,436.1,24.255
2024-12-31,18.24,26.34,11.18,70.88,0.0,1.4,13.7,97.16,11.84,12.43,IDR,22.72,75.86,subtropical_dry,NASA_POWER_daily_ag,2.35,6.536,1.4428,dewpoint,435.1,24.298
