date,T2M,T2M_MAX,T2M_MIN,RH2M,PRECTOTCORR,WS2M,ALLSKY_SFC_SW_DWN,PS,CLOUD_AMT,T2MDEW,station,latitude,longitude,climate,source,et0_mm_day,rn_mj_m2_day,g_vapour_kpa,vapour_pressure_source,elevation_m,ra_mj_m2_day
2015-01-01,12.88,22.81,7.71,40.88,0.0,1.54,11.77,98.97,13.33,-0.68,LUD,30.9,75.85,subtropical_humid,NASA_POWER_daily_ag,2.112,3.24,0.5812,dewpoint,244.3,19.44
2015-01-02,14.61,23.19,8.44,41.27,0.18,0.91,8.83,98.98,46.78,0.86,LUD,30.9,75.85,subtropical_humid,NASA_POWER_daily_ag,1.708,3.212,0.6501,dewpoint,243.2,19.492
2015-01-03,12.63,19.8,7.08,63.39,3.18,0.82,6.16,98.96,56.76,4.82,LUD,30.9,75.85,subtropical_humid,NASA_POWER_daily_ag,1.274,3.255,0.8614,dewpoint,245.3,19.549
2015-01-04,11.7,19.78,6.73,51.16,0.06,1.54,6.7,99.14,51.46,1.22,LUD,30.9,75.85,subtropical_humid,NASA_POWER_daily_ag,1.809,3.208,0.6672,dewpoint,226.5,19.61
2015-01-05,10.73,20.36,4.05,44.84,0.0,1.99,8.12,98.93,43.93,-1.53,LUD,30.9,75.85,subtropical_humid,NASA_POWER_daily_ag,2.155,3.254,0.546,dewpoint,248.5,19.675
2015-01-06,12.12,21.5,5.4,47.31,0.0,1.66,8.17,98.65,48.36,0.48,LUD,30.9,75.85,subtropical_humid,NASA_POWER_daily_ag,2.019,3.332,0.6325,dewpoint,277.8,19.745
2015-01-07,12.0,21.43,5.05,48.88,0.0,1.52,9.07,98.72,52.0,0.8,LUD,30.9,75.85,subtropical_humid,NASA_POWER_daily_ag,1.918,3.457,0.6473,dewpoint,270.5,19.818
2015-01-08,12.7,22.19,5.26,42.11,0.0,1.33,7.56,98.93,49.45,-0.88,LUD,30.9,75.85,subtropical_humid,NASA_POWER_daily_ag,1.952,3.247,0.5728,dewpoint,248.5,19.895
2015-01-09,11.99,20.82,6.62,38.11,0.0,1.09,5.45,99.08,63.07,-2.39,LUD,30.9,75.85,subtropical_humid,NASA_POWER_daily_ag,1.742,3.093,0.5124,dewpoint,232.8,19.976
2015-01-10,10.19,21.11,3.0,39.04,0.0,1.7,7.43,99.01,71.42,-4.2,LUD,30.9,75.85,subtropical_humid,NASA_POWER_daily_ag,2.096,3.209,0.4475,dewpoint,240.1,20.062
2015-01-11,11.33,22.63,3.91,34.05,0.0,1.78,7.03,98.99,95.63,-5.0,LUD,30.9,75.85,subtropical_humid,NASA_POWER_daily_ag,2.341,3.146,0.4212,dewpoint,242.2,20.151
2015-01-12,13.76,23.19,7.36,30.42,0.0,1.06,8.37,98.97,64.12,-3.93,LUD,30.9,75.85,subtropical_humid,NASA_POWER_daily_ag,1.969,3.187,0.4567,dewpoint,244.3,20.244
2015-01-13,12.47,21.42,5.12,41.03,0.28,1.38,8.76,98.76,68.42,-1.07,LUD,30.9,75.85,subtropical_humid,NASA_POWER_daily_ag,2.02,3.477,0.5648,dewpoint,266.3,20.341
2015-01-14,11.33,16.72,8.42,71.69,8.6,1.76,6.5,98.88,54.81,6.16,LUD,30.9,75.85,subtropical_humid,NASA_POWER_daily_ag,1.411,3.547,0.9455,dewpoint,253.7,20.442
2015-01-15,11.83,19.69,6.46,73.92,0.0,1.15,13.5,99.11,3.53,6.82,LUD,30.9,75.85,subtropical_humid,NASA_POWER_daily_ag,1.523,4.924,0.9895,dewpoint,229.6,20.546
2015-01-16,12.17,21.66,5.31,61.28,0.0,1.51,14.22,99.04,4.02,3.62,LUD,30.9,75.85,subtropical_humid,NASA_POWER_daily_ag,1.933,4.633,0.7918,dewpoint,236.9,20.654
2015-01-17,11.69,21.89,5.3,48.69,0.0,1.61,13.38,99.06,24.26,0.25,LUD,30.9,75.85,subtropical_humid,NASA_POWER_daily_ag,2.109,4.164,0.622,dewpoint,234.9,20.766
2015-01-18,12.44,22.04,5.76,42.66,0.0,1.72,14.59,98.97,3.78,-0.67,LUD,30.9,75.85,subtropical_humid,NASA_POWER_daily_ag,2.364,4.216,0.5817,dewpoint,244.3,20.882
2015-01-19,13.8,21.98,8.34,39.19,0.0,1.16,13.15,98.97,16.06,-0.38,LUD,30.9,75.85,subtropical_humid,NASA_POWER_daily_ag,2.085,4.052,0.5941,dewpoint,244.3,21.001
2015-01-20,12.48,21.13,6.77,43.62,0.0,1.08,5.6,99.03,61.55,-0.27,LUD,30.9,75.85,subtropical_humid,NASA_POWER_daily_ag,1.73,3.35,0.5989,dewpoint,238.0,21.124
2015-01-21,10.68,17.07,6.53,62.88,8.14,1.92,1.79,99.25,96.58,3.46,LUD,30.9,75.85,subtropical_humid,NASA_POWER_daily_ag,1.534,2.773,0.7829,dewpoint,215.0,21.25
2015-01-22,10.97,13.74,8.84,90.06,6.44,1.44,5.51,99.19,87.28,9.39,LUD,30.9,75.85,subtropical_humid,NASA_POWER_daily_ag,0.898,3.572,1.1787,dewpoint,221.3,21.38
2015-01-23,12.19,19.44,7.67,74.69,0.1,0.9,8.0,99.16,51.17,7.14,LUD,30.9,75.85,subtropical_humid,NASA_POWER_daily_ag,1.291,4.073,1.0115,dewpoint,224.4,21.513
2015-01-24,12.23,20.6,5.28,64.14,0.0,1.47,9.39,99.12,67.03,4.62,LUD,30.9,75.85,subtropical_humid,NASA_POWER_daily_ag,1.759,4.265,0.8494,dewpoint,228.6,21.65
2015-01-25,11.83,19.56,6.47,53.45,0.0,1.29,3.88,99.15,57.63,2.02,LUD,30.9,75.85,subtropical_humid,NASA_POWER_daily_ag,1.626,3.218,0.7067,dewpoint,225.4,21.789
2015-01-26,11.69,18.86,7.33,47.53,0.1,0.79,11.35,99.14,19.02,0.37,LUD,30.9,75.85,subtropical_humid,NASA_POWER_daily_ag,1.636,4.385,0.6274,dewpoint,226.5,21.932
2015-01-27,10.47,17.72,6.31,51.64,0.06,1.33,9.33,99.1,33.2,0.49,LUD,30.9,75.85,subtropical_humid,NASA_POWER_daily_ag,1.777,4.167,0.6329,dewpoint,230.7,22.079
2015-01-28,10.01,18.84,4.37,51.07,0.0,1.73,14.65,98.92,22.15,-0.65,LUD,30.9,75.85,subtropical_humid,NASA_POWER_daily_ag,2.156,5.028,0.5825,dewpoint,249.5,22.228
2015-01-29,10.62,18.84,5.53,44.54,0.0,1.48,14.95,99.04,13.17,-1.76,LUD,30.9,75.85,subtropical_humid,NASA_POWER_daily_ag,2.186,4.97,0.5369,dewpoint,236.9,22.38
2015-01-30,10.77,20.84,3.32,45.8,0.0,2.04,16.27,99.2,7.0,-1.71,LUD,30.9,75.85,subtropical_humid,NASA_POWER_daily_ag,2.556,5.234,0.5388,dewpoint,220.2,22.535
2015-01-31,12.16,22.37,4.51,42.35,0.0,1.66,15.34,98.93,5.78,-1.38,LUD,30.9,75.85,subtropical_humid,NASA_POWER_daily_ag,2.503,5.069,0.5521,dewpoint,248.5,22.693
2015-02-01,14.33,22.5,6.22,40.01,0.0,1.22,13.13,98.87,54.71,0.1,LUD,30.9,75.85,subtropical_humid,NASA_POWER_daily_ag,2.342,4.862,0.6153,dewpoint,254.7,22.854
2015-02-02,15.0,22.12,8.71,46.94,3.61,1.13,10.3,98.94,89.03,2.88,LUD,30.9,75.85,subtropical_humid,NASA_POWER_daily_ag,2.123,4.573,0.7513,dewpoint,247.4,23.018
2015-02-03,13.69,20.51,10.21,79.27,13.32,1.44,7.58,99.21,68.56,9.75,LUD,30.9,75.85,subtropical_humid,NASA_POWER_daily_ag,1.438,4.347,1.2075,dewpoint,219.2,23.184
2015-02-04,13.32,22.42,6.67,67.43,0.14,1.77,14.63,99.4,21.59,6.69,LUD,30.9,75.85,subtropical_humid,NASA_POWER_daily_ag,2.173,6.022,0.9807,dewpoint,199.3,23.353
2015-02-05,13.0,23.04,5.07,52.28,0.0,1.66,15.97,99.07,29.95,2.3,LUD,30.9,75.85,subtropical_humid,NASA_POWER_daily_ag,2.499,5.882,0.7209,dewpoint,233.8,23.525
2015-02-06,14.16,21.76,8.87,43.23,0.0,0.98,14.86,99.0,35.85,1.33,LUD,30.9,75.85,subtropical_humid,NASA_POWER_daily_ag,2.217,5.526,0.6725,dewpoint,241.1,23.699
2015-02-07,14.72,23.25,9.07,45.75,0.0,1.23,15.42,98.9,29.98,2.23,LUD,30.9,75.85,subtropical_humid,NASA_POWER_daily_ag,2.458,5.729,0.7173,dewpoint,251.6,23.875
2015-02-08,15.28,23.67,10.02,54.47,0.0,2.52,15.53,98.98,42.04,5.51,LUD,30.9,75.85,subtropical_humid,NASA_POWER_daily_ag,3.044,6.165,0.9039,dewpoint,243.2,24.054
2015-02-09,14.56,24.43,7.08,54.46,0.0,1.64,17.57,99.15,5.19,4.24,LUD,30.9,75.85,subtropical_humid,NASA_POWER_daily_ag,2.716,6.61,0.8271,dewpoint,225.4,24.235
2015-02-10,14.83,24.5,8.29,43.26,0.0,1.44,17.08,99.15,36.83,1.47,LUD,30.9,75.85,subtropical_humid,NASA_POWER_daily_ag,2.761,6.14,0.6793,dewpoint,225.4,24.418
2015-02-11,15.56,25.09,10.64,41.55,0.0,1.47,14.1,98.84,57.73,1.61,LUD,30.9,75.85,subtropical_humid,NASA_POWER_daily_ag,2.743,5.523,0.6862,dewpoint,257.9,24.603
2015-02-12,14.84,25.05,8.57,37.71,0.0,1.59,17.19,98.77,4.92,-0.57,LUD,30.9,75.85,subtropical_humid,NASA_POWER_daily_ag,2.987,6.023,0.5859,dewpoint,265.2,24.79
2015-02-13,16.02,25.31,7.3,39.56,0.0,1.52,16.8,98.46,10.93,1.3,LUD,30.9,75.85,subtropical_humid,NASA_POWER_daily_ag,3.038,6.297,0.6711,dewpoint,297.8,24.979
2015-02-14,19.34,28.93,12.7,40.72,0.0,1.42,17.48,98.25,18.27,4.9,LUD,30.9,75.85,subtropical_humid,NASA_POWER_daily_ag,3.254,6.598,0.8662,dewpoint,319.8,25.17
2015-02-15,18.8,27.3,13.12,44.07,0.0,1.17,16.85,98.37,52.55,5.45,LUD,30.9,75.85,subtropical_humid,NASA_POWER_daily_ag,2.944,6.661,0.9001,dewpoint,307.2,25.363
2015-02-16,18.3,27.83,11.65,45.7,1.11,2.39,11.63,98.54,80.9,5.02,LUD,30.9,75.85,subtropical_humid,NASA_POWER_daily_ag,3.543,5.446,0.8735,dewpoint,289.4,25.557
2015-02-17,19.02,27.2,13.55,53.3,6.55,1.03,14.5,98.49,25.38,8.46,LUD,30.9,75.85,subtropical_humid,NASA_POWER_daily_ag,2.633,6.551,1.1068,dewpoint,294.6,25.752
2015-02-18,18.77,26.7,13.89,49.8,0.1,1.26,12.14,98.38,52.93,7.49,LUD,30.9,75.85,subtropical_humid,NASA_POWER_daily_ag,2.668,5.853,1.0361,dewpoint,306.2,25.95
2015-02-19,18.2,24.75,14.22,57.45,2.86,1.23,11.71,98.43,82.47,9.32,LUD,30.9,75.85,subtropical_humid,NASA_POWER_daily_ag,2.444,5.965,1.1731,dewpoint,300.9,26.148
2015-02-20,18.48,25.96,13.47,65.84,10.66,1.18,11.01,98.62,59.28,11.47,LUD,30.9,75.85,subtropical_humid,NASA_POWER_daily_ag,2.254,5.938,1.3543,dewpoint,281.0,26.348
2015-02-21,19.64,28.55,12.67,55.26,0.0,2.16,18.03,98.77,33.08,9.35,LUD,30.9,75.85,subtropical_humid,NASA_POWER_daily_ag,3.688,7.92,1.1755,dewpoint,265.2,26.549
2015-02-22,19.48,29.86,11.01,58.8,0.0,2.1,17.75,98.56,39.53,9.89,LUD,30.9,75.85,subtropical_humid,NASA_POWER_daily_ag,3.562,7.99,1.2189,dewpoint,287.3,26.751
2015-02-23,20.89,27.13,14.18,51.25,0.0,0.81,14.26,98.63,75.63,9.78,LUD,30.9,75.85,subtropical_humid,NASA_POWER_daily_ag,2.692,6.923,1.21,dewpoint,279.9,26.954
2015-02-24,20.54,28.21,16.07,49.62,0.0,1.5,8.1,98.27,99.84,9.25,LUD,30.9,75.85,subtropical_humid,NASA_POWER_daily_ag,2.732,4.951,1.1676,dewpoint,317.7,27.158
2015-02-25,17.34,22.76,9.16,56.28,10.7,3.57,12.41,98.0,60.3,8.25,LUD,30.9,75.85,subtropical_humid,NASA_POWER_daily_ag,3.611,6.5,1.0912,dewpoint,346.2,27.363
2015-02-26,14.16,23.56,7.84,35.49,0.0,1.05,19.4,98.18,8.91,-2.43,LUD,30.9,75.85,subtropical_humid,NASA_POWER_daily_ag,2.882,7.487,0.5109,dewpoint,327.2,27.569
2015-02-27,13.82,23.08,5.94,48.05,0.04,1.38,19.94,98.5,17.35,1.46,LUD,30.9,75.85,subtropical_humid,NASA_POWER_daily_ag,3.03,8.285,0.6788,dewpoint,293.6,27.775
2015-02-28,14.68,21.31,8.67,46.13,0.06,1.73,15.81,98.62,89.02,2.49,LUD,30.9,75.85,subtropical_humid,NASA_POWER_daily_ag,3.078,7.248,0.7308,dewpoint,281.0,27.982
2015-03-01,14.72,17.77,11.25,83.79,45.91,3.2,2.01,98.22,99.65,11.91,LUD,30.9,75.85,subtropical_humid,NASA_POWER_daily_ag,1.265,2.855,1.3943,dewpoint,323.0,28.189
2015-03-02,16.08,19.26,13.41,83.55,20.58,3.16,9.13,98.34,70.87,13.16,LUD,30.9,75.85,subtropical_humid,NASA_POWER_daily_ag,1.883,5.735,1.5135,dewpoint,310.4,28.396
2015-03-03,14.72,20.99,9.3,71.12,2.09,1.3,15.21,98.59,36.56,8.89,LUD,30.9,75.85,subtropical_humid,NASA_POWER_daily_ag,2.408,7.83,1.1396,dewpoint,284.1,28.604
2015-03-04,14.82,21.66,8.02,65.86,1.22,1.67,19.82,98.56,4.41,7.89,LUD,30.9,75.85,subtropical_humid,NASA_POWER_daily_ag,2.986,9.446,1.0648,dewpoint,287.3,28.812
2015-03-05,15.13,21.79,9.78,69.12,1.5,1.69,13.95,98.78,75.53,9.12,LUD,30.9,75.85,subtropical_humid,NASA_POWER_daily_ag,2.479,7.437,1.1574,dewpoint,264.2,29.021
2015-03-06,16.42,24.1,10.78,64.89,0.06,1.43,20.53,98.88,7.82,9.07,LUD,30.9,75.85,subtropical_humid,NASA_POWER_daily_ag,3.155,9.783,1.1535,dewpoint,253.7,29.229
2015-03-07,16.41,22.86,9.49,65.19,2.49,1.01,7.99,98.57,55.55,9.29,LUD,30.9,75.85,subtropical_humid,NASA_POWER_daily_ag,1.929,5.276,1.1707,dewpoint,286.2,29.437
2015-03-08,16.2,23.22,10.47,72.84,3.59,2.71,14.78,98.6,56.19,10.26,LUD,30.9,75.85,subtropical_humid,NASA_POWER_daily_ag,2.906,7.93,1.2495,dewpoint,283.1,29.645
2015-03-09,13.8,21.42,7.71,68.5,0.15,1.57,19.17,99.25,10.79,6.99,LUD,30.9,75.85,subtropical_humid,NASA_POWER_daily_ag,2.845,9.373,1.0012,dewpoint,215.0,29.853
2015-03-10,15.31,25.01,6.98,57.25,0.0,1.72,21.73,99.16,15.8,5.85,LUD,30.9,75.85,subtropical_humid,NASA_POWER_daily_ag,3.453,10.054,0.9254,dewpoint,224.4,30.06
2015-03-11,17.03,26.35,8.82,51.14,0.0,1.23,21.47,98.95,53.65,5.9,LUD,30.9,75.85,subtropical_humid,NASA_POWER_daily_ag,3.472,9.896,0.9287,dewpoint,246.4,30.267
2015-03-12,18.21,25.95,12.33,46.39,0.0,1.21,16.33,98.93,81.76,5.7,LUD,30.9,75.85,subtropical_humid,NASA_POWER_daily_ag,3.22,8.075,0.9159,dewpoint,248.5,30.473
2015-03-13,19.4,27.9,11.68,41.89,0.0,1.11,20.46,98.63,46.99,5.19,LUD,30.9,75.85,subtropical_humid,NASA_POWER_daily_ag,3.661,9.393,0.8839,dewpoint,279.9,30.679
2015-03-14,20.27,27.36,14.62,55.74,1.4,1.28,15.06,98.67,91.2,10.72,LUD,30.9,75.85,subtropical_humid,NASA_POWER_daily_ag,3.184,8.121,1.2885,dewpoint,275.7,30.884
2015-03-15,18.55,23.93,13.89,73.84,10.38,2.81,15.45,98.57,83.81,13.42,LUD,30.9,75.85,subtropical_humid,NASA_POWER_daily_ag,3.109,8.7,1.5394,dewpoint,286.2,31.089
2015-03-16,17.96,22.54,14.03,77.18,11.06,2.58,13.08,98.85,60.52,13.63,LUD,30.9,75.85,subtropical_humid,NASA_POWER_daily_ag,2.652,7.748,1.5606,dewpoint,256.8,31.292
2015-03-17,18.27,24.44,12.86,69.44,0.14,1.68,21.05,98.89,13.9,12.12,LUD,30.9,75.85,subtropical_humid,NASA_POWER_daily_ag,3.507,10.983,1.4137,dewpoint,252.7,31.495
2015-03-18,18.04,26.49,10.49,66.08,0.0,1.96,23.15,98.54,3.96,10.72,LUD,30.9,75.85,subtropical_humid,NASA_POWER_daily_ag,3.883,11.666,1.2885,dewpoint,289.4,31.697
2015-03-19,19.76,28.3,11.76,54.82,0.0,1.63,20.81,98.63,61.37,9.52,LUD,30.9,75.85,subtropical_humid,NASA_POWER_daily_ag,3.988,10.461,1.189,dewpoint,279.9,31.897
2015-03-20,20.82,29.66,12.62,51.0,0.0,1.58,21.37,98.71,35.82,9.43,LUD,30.9,75.85,subtropical_humid,NASA_POWER_daily_ag,4.21,10.625,1.1818,dewpoint,271.5,32.097
2015-03-21,22.1,30.79,15.09,55.79,0.0,1.58,21.95,98.77,12.91,11.96,LUD,30.9,75.85,subtropical_humid,NASA_POWER_daily_ag,4.331,11.193,1.3989,dewpoint,265.2,32.295
2015-03-22,22.86,32.22,15.04,57.62,0.0,2.13,22.73,98.49,41.22,13.07,LUD,30.9,75.85,subtropical_humid,NASA_POWER_daily_ag,4.794,11.716,1.5046,dewpoint,294.6,32.492
2015-03-23,23.71,33.38,14.67,57.09,0.0,2.0,23.45,98.23,33.99,13.44,LUD,30.9,75.85,subtropical_humid,NASA_POWER_daily_ag,4.972,12.109,1.5414,dewpoint,321.9,32.688
2015-03-24,25.99,34.63,18.02,45.01,0.0,1.09,22.4,98.23,46.78,12.07,LUD,30.9,75.85,subtropical_humid,NASA_POWER_daily_ag,4.624,11.285,1.4091,dewpoint,321.9,32.882
2015-03-25,25.44,34.86,18.43,49.25,0.0,1.71,22.1,98.5,24.92,12.63,LUD,30.9,75.85,subtropical_humid,NASA_POWER_daily_ag,5.035,11.288,1.4619,dewpoint,293.6,33.075
2015-03-26,25.36,34.37,17.4,48.36,0.0,1.25,21.23,98.6,47.32,12.69,LUD,30.9,75.85,subtropical_humid,NASA_POWER_daily_ag,4.562,11.043,1.4677,dewpoint,283.1,33.266
2015-03-27,25.18,34.91,17.47,41.21,0.0,1.93,24.15,98.55,19.46,9.31,LUD,30.9,75.85,subtropical_humid,NASA_POWER_daily_ag,5.604,11.591,1.1723,dewpoint,288.3,33.456
2015-03-28,26.3,36.33,16.71,37.86,0.03,1.37,22.57,98.19,50.63,9.33,LUD,30.9,75.85,subtropical_humid,NASA_POWER_daily_ag,5.085,11.03,1.1739,dewpoint,326.2,33.644
2015-03-29,22.2,26.39,17.7,55.5,3.81,2.27,14.99,98.01,81.22,12.4,LUD,30.9,75.85,subtropical_humid,NASA_POWER_daily_ag,4.085,8.719,1.44,dewpoint,345.1,33.83
2015-03-30,22.08,28.63,16.86,70.07,10.57,1.93,17.01,98.26,71.07,15.83,LUD,30.9,75.85,subtropical_humid,NASA_POWER_daily_ag,3.664,9.985,1.7986,dewpoint,318.8,34.015
2015-03-31,23.08,29.27,16.59,62.43,0.15,0.92,17.99,98.36,60.45,14.8,LUD,30.9,75.85,subtropical_humid,NASA_POWER_daily_ag,3.615,10.327,1.6835,dewpoint,308.3,34.197
2015-04-01,23.69,28.67,18.99,59.87,0.24,1.26,12.59,98.07,90.58,14.98,LUD,30.9,75.85,subtropical_humid,NASA_POWER_daily_ag,3.235,7.872,1.7032,dewpoint,338.8,34.378
2015-04-02,24.84,30.72,18.73,52.57,0.02,0.99,18.14,97.77,78.4,13.73,LUD,30.9,75.85,subtropical_humid,NASA_POWER_daily_ag,3.965,10.239,1.5708,dewpoint,370.5,34.557
2015-04-03,22.98,28.52,17.17,62.05,7.54,2.04,17.34,97.64,74.6,14.87,LUD,30.9,75.85,subtropical_humid,NASA_POWER_daily_ag,4.115,10.137,1.6911,dewpoint,384.2,34.734
2015-04-04,23.34,28.15,17.7,55.67,0.71,0.67,17.06,97.64,69.23,13.39,LUD,30.9,75.85,subtropical_humid,NASA_POWER_daily_ag,3.451,9.864,1.5364,dewpoint,384.2,34.909
2015-04-05,22.97,31.06,15.34,55.08,0.01,1.52,23.29,97.97,8.89,12.42,LUD,30.9,75.85,subtropical_humid,NASA_POWER_daily_ag,4.748,12.489,1.4419,dewpoint,349.3,35.082
2015-04-06,23.58,31.21,17.08,54.78,0.68,1.83,12.4,98.06,79.79,12.86,LUD,30.9,75.85,subtropical_humid,NASA_POWER_daily_ag,3.806,7.741,1.4841,dewpoint,339.9,35.252
2015-04-07,21.11,25.5,18.23,69.07,4.96,1.43,12.62,98.25,86.28,14.94,LUD,30.9,75.85,subtropical_humid,NASA_POWER_daily_ag,2.929,8.043,1.6988,dewpoint,319.8,35.421
2015-04-08,23.13,30.22,17.25,56.42,0.04,1.32,24.55,98.48,15.14,13.19,LUD,30.9,75.85,subtropical_humid,NASA_POWER_daily_ag,4.778,13.256,1.5165,dewpoint,295.7,35.587
2015-04-09,23.77,32.29,15.46,54.17,0.0,1.82,25.55,98.3,5.95,12.79,LUD,30.9,75.85,subtropical_humid,NASA_POWER_daily_ag,5.354,13.644,1.4773,dewpoint,314.6,35.751
2015-04-10,25.33,34.07,17.44,49.5,0.0,1.75,25.62,98.13,14.71,12.78,LUD,30.9,75.85,subtropical_humid,NASA_POWER_daily_ag,5.629,13.562,1.4764,dewpoint,332.5,35.913
2015-04-11,27.26,35.63,19.77,46.4,0.0,1.47,23.76,98.13,43.13,13.78,LUD,30.9,75.85,subtropical_humid,NASA_POWER_daily_ag,5.478,12.828,1.5759,dewpoint,332.5,36.073
2015-04-12,24.98,30.59,20.33,58.58,0.93,1.74,14.48,98.5,92.73,15.68,LUD,30.9,75.85,subtropical_humid,NASA_POWER_daily_ag,3.983,8.973,1.7815,dewpoint,293.6,36.23
2015-04-13,26.62,33.79,19.06,49.46,0.0,1.24,22.75,98.57,22.37,14.41,LUD,30.9,75.85,subtropical_humid,NASA_POWER_daily_ag,5.055,12.635,1.6416,dewpoint,286.2,36.385
2015-04-14,26.08,33.11,18.96,54.76,0.09,2.01,19.86,98.55,34.53,15.49,LUD,30.9,75.85,subtropical_humid,NASA_POWER_daily_ag,5.095,11.516,1.7599,dewpoint,288.3,36.537
2015-04-15,26.71,32.27,20.08,56.34,16.96,1.19,19.25,98.5,44.86,16.83,LUD,30.9,75.85,subtropical_humid,NASA_POWER_daily_ag,4.473,11.436,1.917,dewpoint,293.6,36.687
2015-04-16,26.08,32.63,20.36,57.9,2.89,1.49,11.68,98.68,71.38,16.37,LUD,30.9,75.85,subtropical_humid,NASA_POWER_daily_ag,3.599,7.715,1.8617,dewpoint,274.7,36.835
2015-04-17,26.32,34.71,18.17,57.42,0.75,2.53,23.82,98.13,19.89,15.89,LUD,30.9,75.85,subtropical_humid,NASA_POWER_daily_ag,5.933,13.524,1.8056,dewpoint,332.5,36.98
2015-04-18,28.52,37.77,21.1,47.9,0.0,1.89,24.19,97.58,34.45,14.88,LUD,30.9,75.85,subtropical_humid,NASA_POWER_daily_ag,6.124,13.34,1.6922,dewpoint,390.5,37.123
2015-04-19,30.23,38.33,22.96,41.07,0.0,1.14,23.86,97.64,38.04,14.31,LUD,30.9,75.85,subtropical_humid,NASA_POWER_daily_ag,5.634,13.027,1.631,dewpoint,384.2,37.264
2015-04-20,29.88,39.32,22.03,38.73,0.17,2.89,23.15,97.77,70.29,12.87,LUD,30.9,75.85,subtropical_humid,NASA_POWER_daily_ag,7.428,12.468,1.4851,dewpoint,370.5,37.401
2015-04-21,28.3,37.64,20.78,42.63,0.0,2.54,25.76,97.88,19.67,11.89,LUD,30.9,75.85,subtropical_humid,NASA_POWER_daily_ag,7.098,13.548,1.3924,dewpoint,358.8,37.537
2015-04-22,28.6,38.24,19.16,38.29,0.0,2.17,27.8,97.61,17.71,10.9,LUD,30.9,75.85,subtropical_humid,NASA_POWER_daily_ag,7.124,14.289,1.304,dewpoint,387.4,37.67
2015-04-23,30.42,39.24,22.34,29.78,0.0,1.43,27.73,97.68,20.57,8.97,LUD,30.9,75.85,subtropical_humid,NASA_POWER_daily_ag,6.581,13.7,1.1457,dewpoint,380.0,37.8
2015-04-24,31.24,39.77,24.17,28.57,0.0,0.96,27.72,97.75,22.07,9.15,LUD,30.9,75.85,subtropical_humid,NASA_POWER_daily_ag,5.995,13.653,1.1597,dewpoint,372.6,37.928
2015-04-25,31.83,40.42,23.11,29.8,0.0,1.23,27.38,97.75,18.73,10.23,LUD,30.9,75.85,subtropical_humid,NASA_POWER_daily_ag,6.459,13.789,1.247,dewpoint,372.6,38.053
2015-04-26,29.38,36.94,21.11,38.75,0.0,2.76,25.52,98.02,24.08,13.19,LUD,30.9,75.85,subtropical_humid,NASA_POWER_daily_ag,7.492,13.855,1.5165,dewpoint,344.1,38.176
2015-04-27,30.04,37.93,22.36,40.55,0.0,2.71,23.04,97.95,78.93,14.14,LUD,30.9,75.85,subtropical_humid,NASA_POWER_daily_ag,7.217,12.857,1.6132,dewpoint,351.5,38.296
2015-04-28,31.25,39.06,25.01,37.99,2.61,1.92,22.9,97.79,72.2,14.06,LUD,30.9,75.85,subtropical_humid,NASA_POWER_daily_ag,6.634,12.687,1.6048,dewpoint,368.3,38.414
2015-04-29,30.87,39.15,22.45,33.43,0.9,1.3,25.83,97.74,41.22,10.9,LUD,30.9,75.85,subtropical_humid,NASA_POWER_daily_ag,6.291,13.491,1.304,dewpoint,373.6,38.529
2015-04-30,29.99,38.69,22.47,35.89,0.47,2.37,23.04,97.79,71.22,11.84,LUD,30.9,75.85,subtropical_humid,NASA_POWER_daily_ag,7.063,12.511,1.3878,dewpoint,368.3,38.641
2015-05-01,28.44,37.14,19.97,42.33,6.33,2.28,27.32,97.93,29.06,12.34,LUD,30.9,75.85,subtropical_humid,NASA_POWER_daily_ag,7.13,14.654,1.4343,dewpoint,353.6,38.751
2015-05-02,29.43,38.1,21.13,30.54,0.0,2.29,28.35,97.91,22.7,7.97,LUD,30.9,75.85,subtropical_humid,NASA_POWER_daily_ag,7.698,14.148,1.0706,dewpoint,355.7,38.859
2015-05-03,30.46,39.55,22.61,26.96,0.0,1.88,29.13,97.96,21.73,7.41,LUD,30.9,75.85,subtropical_humid,NASA_POWER_daily_ag,7.455,14.219,1.0304,dewpoint,350.4,38.964
2015-05-04,30.76,40.59,21.22,27.05,0.0,1.93,28.74,97.97,21.1,7.35,LUD,30.9,75.85,subtropical_humid,NASA_POWER_daily_ag,7.547,14.091,1.0262,dewpoint,349.3,39.066
2015-05-05,31.85,41.0,24.15,28.95,0.0,1.62,26.3,97.75,30.57,9.78,LUD,30.9,75.85,subtropical_humid,NASA_POWER_daily_ag,6.954,13.473,1.21,dewpoint,372.6,39.166
2015-05-06,33.04,41.84,24.65,30.87,0.0,1.53,26.17,97.47,25.92,11.72,LUD,30.9,75.85,subtropical_humid,NASA_POWER_daily_ag,6.968,13.765,1.3769,dewpoint,402.2,39.263
2015-05-07,34.29,43.38,25.68,29.39,0.0,1.54,25.63,97.59,40.29,11.89,LUD,30.9,75.85,subtropical_humid,NASA_POWER_daily_ag,7.081,13.481,1.3924,dewpoint,389.5,39.358
2015-05-08,32.88,40.42,25.97,28.09,0.0,2.26,23.78,97.56,59.17,10.71,LUD,30.9,75.85,subtropical_humid,NASA_POWER_daily_ag,7.705,12.63,1.2876,dewpoint,392.7,39.451
2015-05-09,34.07,42.26,25.69,27.44,0.0,0.9,23.69,97.45,43.29,11.36,LUD,30.9,75.85,subtropical_humid,NASA_POWER_daily_ag,5.809,12.66,1.3445,dewpoint,404.3,39.541
2015-05-10,34.49,41.49,27.18,30.69,0.0,1.11,20.19,97.43,74.57,13.6,LUD,30.9,75.85,subtropical_humid,NASA_POWER_daily_ag,5.72,11.496,1.5576,dewpoint,406.4,39.628
2015-05-11,34.43,40.87,26.37,31.94,1.89,1.72,23.21,97.61,68.72,13.98,LUD,30.9,75.85,subtropical_humid,NASA_POWER_daily_ag,7.051,12.959,1.5965,dewpoint,387.4,39.713
2015-05-12,32.57,38.77,26.22,34.04,1.76,1.64,21.36,97.77,70.84,13.62,LUD,30.9,75.85,subtropical_humid,NASA_POWER_daily_ag,6.414,12.148,1.5596,dewpoint,370.5,39.796
2015-05-13,30.71,38.07,23.0,43.32,5.0,1.9,23.75,97.85,45.39,15.06,LUD,30.9,75.85,subtropical_humid,NASA_POWER_daily_ag,6.659,13.614,1.7119,dewpoint,362.0,39.876
2015-05-14,30.52,36.44,25.46,45.97,4.14,1.29,24.75,98.01,48.27,16.82,LUD,30.9,75.85,subtropical_humid,NASA_POWER_daily_ag,6.059,14.419,1.9157,dewpoint,345.1,39.953
2015-05-15,31.45,37.93,25.0,41.1,0.44,1.7,23.17,97.92,60.63,15.6,LUD,30.9,75.85,subtropical_humid,NASA_POWER_daily_ag,6.475,13.405,1.7723,dewpoint,354.6,40.029
2015-05-16,32.9,40.03,24.96,33.32,1.12,1.73,28.12,97.62,19.77,13.17,LUD,30.9,75.85,subtropical_humid,NASA_POWER_daily_ag,7.53,15.174,1.5145,dewpoint,386.3,40.102
2015-05-17,33.72,40.22,24.82,28.14,0.0,1.47,26.88,97.43,27.57,11.85,LUD,30.9,75.85,subtropical_humid,NASA_POWER_daily_ag,7.161,14.369,1.3888,dewpoint,406.4,40.172
2015-05-18,35.55,42.9,28.9,30.74,0.0,1.39,24.66,97.37,46.04,14.43,LUD,30.9,75.85,subtropical_humid,NASA_POWER_daily_ag,6.919,13.651,1.6438,dewpoint,412.8,40.24
2015-05-19,34.62,42.55,27.78,28.36,0.0,3.16,18.23,97.45,62.23,11.54,LUD,30.9,75.85,subtropical_humid,NASA_POWER_daily_ag,8.612,10.459,1.3606,dewpoint,404.3,40.306
2015-05-20,33.78,42.77,24.5,25.78,0.28,2.98,28.98,97.48,27.89,8.91,LUD,30.9,75.85,subtropical_humid,NASA_POWER_daily_ag,9.623,14.593,1.1411,dewpoint,401.1,40.37
2015-05-21,34.46,43.85,24.74,24.87,0.0,2.6,29.87,97.33,28.86,9.01,LUD,30.9,75.85,subtropical_humid,NASA_POWER_daily_ag,9.337,14.921,1.1488,dewpoint,417.0,40.431
2015-05-22,35.19,44.48,25.74,23.32,0.0,2.11,29.34,97.14,24.16,8.82,LUD,30.9,75.85,subtropical_humid,NASA_POWER_daily_ag,8.667,14.608,1.1342,dewpoint,437.2,40.49
2015-05-23,36.28,44.92,27.82,21.65,0.0,1.47,26.53,96.92,35.47,8.98,LUD,30.9,75.85,subtropical_humid,NASA_POWER_daily_ag,7.396,13.437,1.1465,dewpoint,460.6,40.547
2015-05-24,37.1,45.59,29.17,18.45,0.0,1.55,27.5,96.95,57.37,7.15,LUD,30.9,75.85,subtropical_humid,NASA_POWER_daily_ag,7.721,13.383,1.0122,dewpoint,457.4,40.601
2015-05-25,36.81,45.7,28.0,19.79,0.0,2.04,25.73,96.93,34.22,7.59,LUD,30.9,75.85,subtropical_humid,NASA_POWER_daily_ag,8.375,12.86,1.0432,dewpoint,459.5,40.653
2015-05-26,35.05,44.69,26.07,14.49,0.0,3.4,28.84,97.15,34.42,1.82,LUD,30.9,75.85,subtropical_humid,NASA_POWER_daily_ag,10.736,13.127,0.6966,dewpoint,436.1,40.703
2015-05-27,33.08,43.07,22.23,14.17,0.0,2.3,30.17,97.45,29.35,0.0,LUD,30.9,75.85,subtropical_humid,NASA_POWER_daily_ag,8.821,13.589,0.6108,dewpoint,404.3,40.751
2015-05-28,34.6,43.51,26.71,13.93,0.0,2.09,26.42,97.31,70.84,1.2,LUD,30.9,75.85,subtropical_humid,NASA_POWER_daily_ag,8.279,12.284,0.6662,dewpoint,419.1,40.796
2015-05-29,35.21,42.93,26.33,18.44,0.04,2.74,22.08,97.43,60.06,6.87,LUD,30.9,75.85,subtropical_humid,NASA_POWER_daily_ag,8.92,11.572,0.993,dewpoint,406.4,40.84
2015-05-30,35.73,43.65,27.06,19.64,0.0,2.81,26.81,97.51,32.98,7.99,LUD,30.9,75.85,subtropical_humid,NASA_POWER_daily_ag,9.62,13.526,1.072,dewpoint,398.0,40.881
2015-05-31,35.94,42.89,28.63,20.31,0.07,1.41,23.28,97.36,75.22,8.8,LUD,30.9,75.85,subtropical_humid,NASA_POWER_daily_ag,6.888,12.254,1.1326,dewpoint,413.8,40.92
2015-06-01,36.03,42.3,29.61,18.78,0.7,1.39,27.39,97.29,55.18,7.56,LUD,30.9,75.85,subtropical_humid,NASA_POWER_daily_ag,7.362,13.655,1.041,dewpoint,421.3,40.957
2015-06-02,33.21,38.78,27.84,27.11,0.05,2.47,18.61,97.66,81.68,11.14,LUD,30.9,75.85,subtropical_humid,NASA_POWER_daily_ag,7.485,10.773,1.325,dewpoint,382.1,40.992
2015-06-03,33.86,40.95,26.9,27.8,1.25,1.38,16.29,97.69,94.21,11.49,LUD,30.9,75.85,subtropical_humid,NASA_POWER_daily_ag,5.658,9.775,1.3561,dewpoint,378.9,41.024
2015-06-04,30.57,35.78,26.83,41.91,6.49,1.64,19.14,97.91,72.52,15.89,LUD,30.9,75.85,subtropical_humid,NASA_POWER_daily_ag,5.704,11.654,1.8056,dewpoint,355.7,41.055
2015-06-05,33.3,39.8,26.44,36.17,0.21,1.39,25.38,97.72,41.99,15.08,LUD,30.9,75.85,subtropical_humid,NASA_POWER_daily_ag,6.782,14.451,1.7141,dewpoint,375.7,41.083
2015-06-06,34.53,41.72,26.73,27.34,0.0,2.62,27.84,97.43,27.75,11.66,LUD,30.9,75.85,subtropical_humid,NASA_POWER_daily_ag,9.094,14.818,1.3714,dewpoint,406.4,41.11
2015-06-07,36.26,43.23,29.15,21.68,0.0,1.46,28.4,97.26,18.21,9.9,LUD,30.9,75.85,subtropical_humid,NASA_POWER_daily_ag,7.679,14.53,1.2198,dewpoint,424.4,41.134
2015-06-08,37.73,45.57,29.42,18.33,0.0,2.23,27.84,97.2,21.59,8.56,LUD,30.9,75.85,subtropical_humid,NASA_POWER_daily_ag,9.133,13.913,1.1144,dewpoint,430.8,41.157
2015-06-09,38.08,45.54,29.42,18.52,0.18,2.8,27.16,97.15,34.0,8.96,LUD,30.9,75.85,subtropical_humid,NASA_POWER_daily_ag,10.084,13.732,1.145,dewpoint,436.1,41.177
2015-06-10,37.47,43.84,31.14,29.01,0.0,4.29,23.63,97.19,77.03,15.59,LUD,30.9,75.85,subtropical_humid,NASA_POWER_daily_ag,11.158,13.477,1.7712,dewpoint,431.9,41.195
2015-06-11,36.43,42.69,30.33,28.57,3.38,3.43,26.54,97.32,62.17,14.61,LUD,30.9,75.85,subtropical_humid,NASA_POWER_daily_ag,10.253,14.696,1.663,dewpoint,418.1,41.212
2015-06-12,36.39,43.88,28.23,27.14,0.0,2.69,27.21,97.14,50.14,13.54,LUD,30.9,75.85,subtropical_humid,NASA_POWER_daily_ag,9.413,14.809,1.5515,dewpoint,437.2,41.226
2015-06-13,36.4,42.5,29.86,28.43,0.55,2.2,18.65,97.0,66.34,14.72,LUD,30.9,75.85,subtropical_humid,NASA_POWER_daily_ag,7.465,11.113,1.6748,dewpoint,452.1,41.238
2015-06-14,34.86,40.57,29.14,34.18,2.98,3.81,22.9,97.09,60.32,15.96,LUD,30.9,75.85,subtropical_humid,NASA_POWER_daily_ag,9.611,13.362,1.8136,dewpoint,442.5,41.248
2015-06-15,32.77,38.24,27.3,51.9,15.31,1.64,24.33,97.24,60.0,20.44,LUD,30.9,75.85,subtropical_humid,NASA_POWER_daily_ag,6.613,15.032,2.4027,dewpoint,426.6,41.257
2015-06-16,34.61,41.02,27.62,38.88,0.02,2.29,25.45,97.21,36.99,17.61,LUD,30.9,75.85,subtropical_humid,NASA_POWER_daily_ag,8.028,14.953,2.0139,dewpoint,429.8,41.263
2015-06-17,35.5,42.59,28.17,36.45,0.05,2.43,26.57,97.06,34.98,17.13,LUD,30.9,75.85,subtropical_humid,NASA_POWER_daily_ag,8.582,15.342,1.9538,dewpoint,445.7,41.268
2015-06-18,36.55,43.7,28.48,32.77,0.05,1.92,26.1,96.99,20.08,16.34,LUD,30.9,75.85,subtropical_humid,NASA_POWER_daily_ag,8.089,14.896,1.8582,dewpoint,453.1,41.27
2015-06-19,37.53,45.22,29.55,31.66,0.13,1.9,24.55,96.89,18.17,16.74,LUD,30.9,75.85,subtropical_humid,NASA_POWER_daily_ag,7.971,14.151,1.906,dewpoint,463.8,41.271
2015-06-20,35.55,41.44,30.19,36.12,2.05,3.49,23.12,97.05,38.47,17.43,LUD,30.9,75.85,subtropical_humid,NASA_POWER_daily_ag,9.302,13.679,1.9912,dewpoint,446.7,41.269
2015-06-21,35.86,41.58,31.02,38.88,12.82,1.67,23.2,97.05,62.57,18.89,LUD,30.9,75.85,subtropical_humid,NASA_POWER_daily_ag,7.085,13.964,2.1824,dewpoint,446.7,41.266
2015-06-22,34.79,41.4,27.59,39.27,4.5,1.72,26.45,96.85,34.9,17.78,LUD,30.9,75.85,subtropical_humid,NASA_POWER_daily_ag,7.529,15.487,2.0356,dewpoint,468.0,41.26
2015-06-23,35.47,41.26,29.35,39.47,2.96,1.38,10.87,96.76,86.76,18.97,LUD,30.9,75.85,subtropical_humid,NASA_POWER_daily_ag,4.66,7.672,2.1933,dewpoint,477.6,41.253
2015-06-24,34.37,40.51,28.6,47.82,9.15,1.8,10.1,96.83,88.36,20.59,LUD,30.9,75.85,subtropical_humid,NASA_POWER_daily_ag,4.737,7.318,2.4251,dewpoint,470.1,41.244
2015-06-25,32.74,38.31,27.61,48.4,7.78,1.33,25.2,96.78,50.02,19.34,LUD,30.9,75.85,subtropical_humid,NASA_POWER_daily_ag,6.501,15.267,2.2444,dewpoint,475.5,41.233
2015-06-26,33.48,40.71,25.94,36.18,0.0,2.77,27.55,96.75,23.45,14.93,LUD,30.9,75.85,subtropical_humid,NASA_POWER_daily_ag,8.798,15.481,1.6977,dewpoint,478.7,41.22
2015-06-27,34.02,41.07,26.41,39.32,0.08,2.44,25.01,96.89,29.16,16.9,LUD,30.9,75.85,subtropical_humid,NASA_POWER_daily_ag,8.049,14.62,1.9255,dewpoint,463.8,41.205
2015-06-28,35.31,43.2,26.79,35.27,0.0,1.94,26.72,97.19,20.27,16.27,LUD,30.9,75.85,subtropical_humid,NASA_POWER_daily_ag,7.989,15.232,1.8499,dewpoint,431.9,41.188
2015-06-29,35.61,42.24,29.1,35.32,0.69,2.21,22.19,97.43,50.21,16.96,LUD,30.9,75.85,subtropical_humid,NASA_POWER_daily_ag,7.692,13.122,1.9328,dewpoint,406.4,41.169
2015-06-30,32.82,38.01,26.49,50.66,19.57,1.14,21.03,97.53,59.66,20.12,LUD,30.9,75.85,subtropical_humid,NASA_POWER_daily_ag,5.618,13.196,2.3557,dewpoint,395.8,41.148
2015-07-01,34.19,40.07,28.41,40.53,0.0,1.39,23.86,97.43,34.15,17.96,LUD,30.9,75.85,subtropical_humid,NASA_POWER_daily_ag,6.612,14.202,2.0588,dewpoint,406.4,41.125
2015-07-02,34.06,39.59,27.88,43.22,0.21,1.99,22.56,97.4,55.34,19.11,LUD,30.9,75.85,subtropical_humid,NASA_POWER_daily_ag,7.024,13.768,2.2125,dewpoint,409.6,41.1
2015-07-03,35.15,41.49,29.11,41.5,0.64,3.12,23.27,97.21,59.06,19.31,LUD,30.9,75.85,subtropical_humid,NASA_POWER_daily_ag,8.562,14.097,2.2403,dewpoint,429.8,41.073
2015-07-04,35.63,42.03,28.8,44.66,1.0,2.57,21.89,97.0,60.68,20.72,LUD,30.9,75.85,subtropical_humid,NASA_POWER_daily_ag,7.736,13.624,2.4446,dewpoint,452.1,41.045
2015-07-05,36.29,42.24,31.01,43.49,6.16,2.73,19.91,96.71,84.25,21.13,LUD,30.9,75.85,subtropical_humid,NASA_POWER_daily_ag,7.701,12.586,2.5069,dewpoint,482.9,41.014
2015-07-06,33.02,38.32,28.58,56.92,8.36,1.43,17.18,96.82,87.82,22.74,LUD,30.9,75.85,subtropical_humid,NASA_POWER_daily_ag,5.097,11.39,2.7656,dewpoint,471.2,40.981
2015-07-07,31.89,36.71,27.65,60.94,9.31,2.38,11.11,96.99,97.97,22.87,LUD,30.9,75.85,subtropical_humid,NASA_POWER_daily_ag,4.546,7.954,2.7874,dewpoint,453.1,40.947
2015-07-08,32.42,36.71,28.07,56.57,10.88,1.45,17.26,97.1,87.93,22.33,LUD,30.9,75.85,subtropical_humid,NASA_POWER_daily_ag,5.059,11.404,2.6976,dewpoint,441.4,40.91
2015-07-09,33.51,38.59,27.99,51.63,4.2,1.68,17.71,97.03,73.71,21.67,LUD,30.9,75.85,subtropical_humid,NASA_POWER_daily_ag,5.595,11.547,2.5912,dewpoint,448.9,40.871
2015-07-10,33.6,39.27,28.39,49.91,2.1,2.33,13.75,96.96,77.61,20.96,LUD,30.9,75.85,subtropical_humid,NASA_POWER_daily_ag,5.667,9.29,2.4809,dewpoint,456.3,40.83
2015-07-11,29.56,32.67,26.75,70.81,26.06,1.85,11.77,97.32,92.48,23.46,LUD,30.9,75.85,subtropical_humid,NASA_POWER_daily_ag,3.662,8.373,2.8886,dewpoint,418.1,40.788
2015-07-12,29.69,33.06,26.15,74.4,63.52,1.58,10.81,97.33,99.24,24.4,LUD,30.9,75.85,subtropical_humid,NASA_POWER_daily_ag,3.258,7.843,3.0563,dewpoint,417.0,40.743
2015-07-13,30.71,35.59,26.08,66.14,2.93,0.91,14.88,97.34,75.5,23.2,LUD,30.9,75.85,subtropical_humid,NASA_POWER_daily_ag,3.914,10.146,2.8436,dewpoint,416.0,40.696
2015-07-14,32.14,37.11,26.38,60.46,0.01,1.06,24.57,97.1,24.87,22.96,LUD,30.9,75.85,subtropical_humid,NASA_POWER_daily_ag,5.946,15.666,2.8026,dewpoint,441.4,40.647
2015-07-15,33.59,39.38,27.55,55.33,0.0,1.88,23.63,96.62,10.7,22.71,LUD,30.9,75.85,subtropical_humid,NASA_POWER_daily_ag,6.677,15.004,2.7605,dewpoint,492.5,40.596
2015-07-16,33.83,39.8,28.1,54.5,0.76,2.48,20.03,96.5,52.19,22.7,LUD,30.9,75.85,subtropical_humid,NASA_POWER_daily_ag,6.61,12.946,2.7589,dewpoint,505.3,40.543
2015-07-17,30.81,34.51,27.15,73.25,61.9,1.24,20.32,96.93,73.8,25.19,LUD,30.9,75.85,subtropical_humid,NASA_POWER_daily_ag,4.93,13.614,3.2038,dewpoint,459.5,40.488
2015-07-18,29.71,32.23,27.07,77.36,19.98,1.02,9.71,97.09,92.24,25.17,LUD,30.9,75.85,subtropical_humid,NASA_POWER_daily_ag,2.736,7.191,3.2,dewpoint,442.5,40.431
2015-07-19,30.1,33.71,26.03,72.32,3.08,0.86,21.4,97.04,64.61,24.23,LUD,30.9,75.85,subtropical_humid,NASA_POWER_daily_ag,4.917,14.111,3.0254,dewpoint,447.8,40.371
2015-07-20,30.3,34.77,25.77,70.54,1.45,1.33,16.83,97.1,86.73,23.97,LUD,30.9,75.85,subtropical_humid,NASA_POWER_daily_ag,4.357,11.351,2.9785,dewpoint,441.4,40.31
2015-07-21,31.08,35.56,26.3,69.01,1.72,1.07,22.16,97.32,63.7,24.29,LUD,30.9,75.85,subtropical_humid,NASA_POWER_daily_ag,5.287,14.522,3.0363,dewpoint,418.1,40.246
2015-07-22,31.4,35.44,26.79,67.03,0.03,1.03,18.03,97.36,86.58,24.08,LUD,30.9,75.85,subtropical_humid,NASA_POWER_daily_ag,4.584,12.04,2.9983,dewpoint,413.8,40.18
2015-07-23,30.23,34.29,26.28,74.46,3.8,1.78,21.1,97.48,61.83,24.95,LUD,30.9,75.85,subtropical_humid,NASA_POWER_daily_ag,5.136,14.02,3.1584,dewpoint,401.1,40.112
2015-07-24,30.32,34.17,26.55,75.25,2.66,1.8,19.16,97.41,56.27,25.2,LUD,30.9,75.85,subtropical_humid,NASA_POWER_daily_ag,4.794,12.885,3.2057,dewpoint,408.5,40.042
2015-07-25,30.76,34.57,26.4,73.37,6.11,1.58,20.92,97.21,33.5,25.2,LUD,30.9,75.85,subtropical_humid,NASA_POWER_daily_ag,5.136,13.941,3.2057,dewpoint,429.8,39.97
2015-07-26,29.58,32.3,26.59,78.07,1.56,2.06,23.26,97.25,52.86,25.19,LUD,30.9,75.85,subtropical_humid,NASA_POWER_daily_ag,5.361,15.381,3.2038,dewpoint,425.5,39.895
2015-07-27,29.74,33.96,25.36,75.31,0.17,2.0,25.66,97.28,25.35,24.58,LUD,30.9,75.85,subtropical_humid,NASA_POWER_daily_ag,5.885,16.668,3.0894,dewpoint,422.3,39.818
2015-07-28,29.79,34.92,25.95,70.78,0.65,2.4,24.87,97.26,19.36,23.37,LUD,30.9,75.85,subtropical_humid,NASA_POWER_daily_ag,6.053,15.878,2.8729,dewpoint,424.4,39.739
2015-07-29,29.49,34.46,24.6,70.7,0.0,2.54,25.53,97.09,18.36,23.25,LUD,30.9,75.85,subtropical_humid,NASA_POWER_daily_ag,6.133,16.263,2.8522,dewpoint,442.5,39.658
2015-07-30,30.4,35.25,25.61,70.17,0.35,2.52,19.96,97.02,37.95,23.92,LUD,30.9,75.85,subtropical_humid,NASA_POWER_daily_ag,5.407,13.116,2.9696,dewpoint,449.9,39.574
2015-07-31,30.2,35.01,25.74,70.64,1.88,2.74,16.13,97.02,91.4,23.91,LUD,30.9,75.85,subtropical_humid,NASA_POWER_daily_ag,4.818,10.869,2.9678,dewpoint,449.9,39.488
2015-08-01,29.5,34.53,25.67,74.8,3.04,2.96,11.68,97.36,98.07,24.18,LUD,30.9,75.85,subtropical_humid,NASA_POWER_daily_ag,3.901,8.279,3.0163,dewpoint,413.8,39.4
2015-08-02,28.54,33.06,25.62,79.92,8.78,2.39,15.34,97.6,83.11,24.47,LUD,30.9,75.85,subtropical_humid,NASA_POWER_daily_ag,3.929,10.468,3.0691,dewpoint,388.4,39.31
2015-08-03,30.0,34.69,24.98,73.22,1.95,1.53,20.87,97.49,62.14,24.28,LUD,30.9,75.85,subtropical_humid,NASA_POWER_daily_ag,5.017,13.692,3.0344,dewpoint,400.1,39.217
2015-08-04,31.67,36.75,26.61,64.94,0.05,1.49,19.84,97.26,66.29,23.79,LUD,30.9,75.85,subtropical_humid,NASA_POWER_daily_ag,5.211,12.941,2.9465,dewpoint,424.4,39.122
2015-08-05,32.17,36.92,27.13,62.79,4.27,1.53,17.32,97.08,88.5,23.79,LUD,30.9,75.85,subtropical_humid,NASA_POWER_daily_ag,4.899,11.47,2.9465,dewpoint,443.6,39.025
2015-08-06,32.35,37.03,27.53,61.83,11.68,1.34,18.15,96.99,72.08,23.72,LUD,30.9,75.85,subtropical_humid,NASA_POWER_daily_ag,4.95,11.923,2.9341,dewpoint,453.1,38.925
2015-08-07,32.51,37.87,27.45,61.62,0.23,1.37,8.26,97.11,98.59,23.68,LUD,30.9,75.85,subtropical_humid,NASA_POWER_daily_ag,3.279,6.237,2.9271,dewpoint,440.4,38.823
2015-08-08,31.45,36.67,26.97,65.27,4.64,1.78,15.98,97.28,94.8,23.63,LUD,30.9,75.85,subtropical_humid,NASA_POWER_daily_ag,4.687,10.657,2.9183,dewpoint,422.3,38.718
2015-08-09,32.27,37.51,27.34,60.44,1.73,1.29,11.13,97.12,94.75,23.02,LUD,30.9,75.85,subtropical_humid,NASA_POWER_daily_ag,3.739,7.836,2.8128,dewpoint,439.3,38.612
2015-08-10,32.62,38.13,26.46,56.05,0.46,1.14,16.95,97.21,86.45,22.02,LUD,30.9,75.85,subtropical_humid,NASA_POWER_daily_ag,4.729,10.971,2.6472,dewpoint,429.8,38.502
2015-08-11,32.8,38.53,28.17,53.37,0.2,1.64,13.04,97.46,93.03,21.37,LUD,30.9,75.85,subtropical_humid,NASA_POWER_daily_ag,4.621,8.751,2.5441,dewpoint,403.2,38.391
2015-08-12,29.13,32.2,26.17,74.07,16.15,1.69,16.81,97.63,62.71,23.88,LUD,30.9,75.85,subtropical_humid,NASA_POWER_daily_ag,4.219,11.188,2.9625,dewpoint,385.3,38.277
2015-08-13,30.16,34.64,25.91,67.69,5.28,0.89,18.63,97.54,79.36,23.23,LUD,30.9,75.85,subtropical_humid,NASA_POWER_daily_ag,4.418,12.103,2.8488,dewpoint,394.8,38.161
2015-08-14,31.45,35.92,26.93,66.65,1.08,1.28,15.85,97.43,87.23,24.14,LUD,30.9,75.85,subtropical_humid,NASA_POWER_daily_ag,4.296,10.596,3.0091,dewpoint,406.4,38.042
2015-08-15,31.3,35.17,27.71,69.78,9.76,1.61,15.81,97.46,86.81,24.86,LUD,30.9,75.85,subtropical_humid,NASA_POWER_daily_ag,4.359,10.651,3.1415,dewpoint,403.2,37.921
2015-08-16,30.83,35.54,26.25,69.26,1.76,1.4,17.44,97.52,49.63,24.09,LUD,30.9,75.85,subtropical_humid,NASA_POWER_daily_ag,4.522,11.498,3.0001,dewpoint,396.9,37.798
2015-08-17,31.6,36.39,26.1,61.47,4.58,1.55,22.4,97.38,17.63,22.77,LUD,30.9,75.85,subtropical_humid,NASA_POWER_daily_ag,5.705,14.051,2.7706,dewpoint,411.7,37.672
2015-08-18,31.53,36.38,26.63,65.14,12.03,1.64,17.74,97.42,64.02,23.67,LUD,30.9,75.85,subtropical_humid,NASA_POWER_daily_ag,4.882,11.569,2.9253,dewpoint,407.5,37.544
2015-08-19,31.2,37.39,25.32,63.3,5.43,1.88,19.84,97.42,55.73,22.63,LUD,30.9,75.85,subtropical_humid,NASA_POWER_daily_ag,5.409,12.566,2.7472,dewpoint,407.5,37.413
2015-08-20,30.68,36.78,24.72,62.72,7.99,2.18,20.96,97.29,38.43,22.17,LUD,30.9,75.85,subtropical_humid,NASA_POWER_daily_ag,5.69,13.106,2.6715,dewpoint,421.3,37.281
2015-08-21,30.44,35.41,26.06,66.01,13.04,1.65,20.55,97.29,52.52,23.08,LUD,30.9,75.85,subtropical_humid,NASA_POWER_daily_ag,5.167,13.038,2.8231,dewpoint,421.3,37.145
2015-08-22,29.76,34.35,25.45,68.43,16.32,1.42,20.39,97.27,52.44,22.86,LUD,30.9,75.85,subtropical_humid,NASA_POWER_daily_ag,4.905,12.923,2.7857,dewpoint,423.4,37.008
2015-08-23,30.38,35.65,24.77,63.3,0.31,1.38,20.35,97.3,45.77,22.05,LUD,30.9,75.85,subtropical_humid,NASA_POWER_daily_ag,5.053,12.721,2.652,dewpoint,420.2,36.868
2015-08-24,30.86,35.85,25.49,61.53,0.49,1.49,23.61,97.41,14.89,22.12,LUD,30.9,75.85,subtropical_humid,NASA_POWER_daily_ag,5.723,14.47,2.6633,dewpoint,408.5,36.726
2015-08-25,30.78,36.74,24.76,58.45,0.0,1.89,24.25,97.37,7.3,21.11,LUD,30.9,75.85,subtropical_humid,NASA_POWER_daily_ag,6.129,14.549,2.5039,dewpoint,412.8,36.581
2015-08-26,30.94,37.42,24.37,57.94,0.0,1.62,23.24,97.36,13.52,21.16,LUD,30.9,75.85,subtropical_humid,NASA_POWER_daily_ag,5.815,13.995,2.5116,dewpoint,413.8,36.435
2015-08-27,31.88,37.53,25.05,53.66,0.0,1.06,22.27,97.44,6.84,20.67,LUD,30.9,75.85,subtropical_humid,NASA_POWER_daily_ag,5.396,13.338,2.437,dewpoint,405.4,36.286
2015-08-28,31.03,36.13,26.38,58.17,0.46,1.41,21.92,97.55,10.45,21.42,LUD,30.9,75.85,subtropical_humid,NASA_POWER_daily_ag,5.444,13.294,2.5519,dewpoint,393.7,36.134
2015-08-29,31.93,37.75,25.71,54.72,0.14,1.21,22.81,97.41,10.23,20.95,LUD,30.9,75.85,subtropical_humid,NASA_POWER_daily_ag,5.593,13.61,2.4794,dewpoint,408.5,35.981
2015-08-30,32.22,37.98,26.81,52.33,0.0,1.61,23.28,97.38,13.18,20.67,LUD,30.9,75.85,subtropical_humid,NASA_POWER_daily_ag,6.057,13.729,2.437,dewpoint,411.7,35.825
2015-08-31,30.75,37.74,24.33,49.25,0.22,1.74,22.97,97.46,24.38,17.98,LUD,30.9,75.85,subtropical_humid,NASA_POWER_daily_ag,5.997,13.023,2.0614,dewpoint,403.2,35.667
2015-09-01,31.0,37.6,24.17,46.31,0.0,1.71,21.72,97.3,58.9,17.18,LUD,30.9,75.85,subtropical_humid,NASA_POWER_daily_ag,5.888,12.253,1.9599,dewpoint,420.2,35.507
2015-09-02,30.57,38.08,23.51,46.0,0.0,1.89,21.87,97.33,51.84,16.74,LUD,30.9,75.85,subtropical_humid,NASA_POWER_daily_ag,6.016,12.21,1.906,dewpoint,417.0,35.345
2015-09-03,30.45,38.12,23.14,45.08,0.22,1.45,22.05,97.69,40.83,16.22,LUD,30.9,75.85,subtropical_humid,NASA_POWER_daily_ag,5.598,12.161,1.844,dewpoint,378.9,35.181
2015-09-04,30.4,37.69,22.82,42.86,0.0,1.68,21.94,98.03,39.92,15.5,LUD,30.9,75.85,subtropical_humid,NASA_POWER_daily_ag,5.844,11.957,1.761,dewpoint,343.0,35.015
2015-09-05,30.23,37.15,22.9,42.53,0.0,1.7,22.12,97.97,30.21,15.3,LUD,30.9,75.85,subtropical_humid,NASA_POWER_daily_ag,5.86,11.981,1.7386,dewpoint,349.3,34.846
2015-09-06,30.2,37.15,23.11,41.68,0.04,1.88,22.0,97.89,32.92,14.88,LUD,30.9,75.85,subtropical_humid,NASA_POWER_daily_ag,6.038,11.807,1.6922,dewpoint,357.8,34.676
2015-09-07,30.45,37.65,22.71,40.91,0.0,1.83,22.72,97.83,36.9,14.78,LUD,30.9,75.85,subtropical_humid,NASA_POWER_daily_ag,6.116,12.055,1.6813,dewpoint,364.1,34.504
2015-09-08,30.25,37.88,23.25,42.68,0.0,1.85,22.66,97.84,18.86,15.29,LUD,30.9,75.85,subtropical_humid,NASA_POWER_daily_ag,6.045,12.067,1.7374,dewpoint,363.1,34.33
2015-09-09,30.74,39.11,23.66,43.05,0.0,1.73,23.3,97.81,25.75,15.73,LUD,30.9,75.85,subtropical_humid,NASA_POWER_daily_ag,6.045,12.336,1.7872,dewpoint,366.2,34.154
2015-09-10,30.57,38.22,23.45,41.01,0.0,1.51,23.86,97.96,26.0,14.75,LUD,30.9,75.85,subtropical_humid,NASA_POWER_daily_ag,5.878,12.357,1.6781,dewpoint,350.4,33.976
2015-09-11,30.8,38.39,24.12,38.56,0.0,1.2,23.74,97.92,24.0,14.18,LUD,30.9,75.85,subtropical_humid,NASA_POWER_daily_ag,5.522,12.105,1.6174,dewpoint,354.6,33.796
2015-09-12,31.96,39.16,24.99,35.81,0.0,0.8,22.69,97.88,26.42,14.06,LUD,30.9,75.85,subtropical_humid,NASA_POWER_daily_ag,4.973,11.544,1.6048,dewpoint,358.8,33.615
2015-09-13,30.98,38.76,22.88,37.91,0.0,1.24,22.53,97.9,16.6,13.97,LUD,30.9,75.85,subtropical_humid,NASA_POWER_daily_ag,5.432,11.507,1.5955,dewpoint,356.7,33.432
2015-09-14,31.82,39.39,24.82,35.81,0.0,1.23,20.71,97.66,20.19,13.8,LUD,30.9,75.85,subtropical_humid,NASA_POWER_daily_ag,5.278,10.618,1.578,dewpoint,382.1,33.247
2015-09-15,32.33,39.24,24.26,33.26,0.02,1.08,19.93,97.64,19.93,13.12,LUD,30.9,75.85,subtropical_humid,NASA_POWER_daily_ag,5.037,10.172,1.5096,dewpoint,384.2,33.061
2015-09-16,31.26,39.11,24.02,35.19,0.7,0.93,17.85,97.67,41.22,12.98,LUD,30.9,75.85,subtropical_humid,NASA_POWER_daily_ag,4.448,9.322,1.4958,dewpoint,381.0,32.873
2015-09-17,30.43,37.76,23.41,43.11,4.4,0.75,21.84,97.78,22.55,15.34,LUD,30.9,75.85,subtropical_humid,NASA_POWER_daily_ag,4.628,11.352,1.743,dewpoint,369.4,32.684
2015-09-18,30.9,38.72,22.92,39.95,0.0,0.82,20.71,97.83,53.38,14.52,LUD,30.9,75.85,subtropical_humid,NASA_POWER_daily_ag,4.594,10.66,1.6534,dewpoint,364.1,32.493
2015-09-19,26.9,30.69,23.47,64.12,5.04,1.2,7.71,97.84,97.01,19.37,LUD,30.9,75.85,subtropical_humid,NASA_POWER_daily_ag,2.584,5.545,2.2486,dewpoint,363.1,32.301
2015-09-20,28.23,32.82,24.18,73.21,22.0,0.94,4.34,97.65,91.05,22.73,LUD,30.9,75.85,subtropical_humid,NASA_POWER_daily_ag,1.756,3.818,2.7639,dewpoint,383.1,32.108
2015-09-21,29.44,35.12,24.12,65.25,8.37,1.04,16.47,97.56,75.1,21.65,LUD,30.9,75.85,subtropical_humid,NASA_POWER_daily_ag,3.912,9.984,2.5881,dewpoint,392.7,31.913
2015-09-22,28.35,33.26,25.01,73.32,39.04,2.43,11.7,97.42,73.56,22.92,LUD,30.9,75.85,subtropical_humid,NASA_POWER_daily_ag,3.508,7.677,2.7959,dewpoint,407.5,31.718
2015-09-23,26.25,31.17,22.61,74.71,10.03,1.98,19.36,97.87,23.31,21.01,LUD,30.9,75.85,subtropical_humid,NASA_POWER_daily_ag,4.165,11.375,2.4885,dewpoint,359.9,31.521
2015-09-24,26.79,32.99,21.36,61.22,0.0,1.6,20.27,97.75,26.29,18.12,LUD,30.9,75.85,subtropical_humid,NASA_POWER_daily_ag,4.535,11.172,2.0796,dewpoint,372.6,31.323
2015-09-25,26.78,33.84,20.34,57.0,0.0,1.56,19.4,97.59,23.33,16.91,LUD,30.9,75.85,subtropical_humid,NASA_POWER_daily_ag,4.479,10.511,1.9267,dewpoint,389.5,31.125
2015-09-26,27.67,34.51,20.94,51.41,0.07,1.05,20.92,97.74,10.03,16.08,LUD,30.9,75.85,subtropical_humid,NASA_POWER_daily_ag,4.423,10.91,1.8276,dewpoint,373.6,30.925
2015-09-27,27.78,34.33,21.71,52.14,0.13,1.25,19.05,97.98,37.02,16.46,LUD,30.9,75.85,subtropical_humid,NASA_POWER_daily_ag,4.357,10.131,1.8724,dewpoint,348.3,30.725
2015-09-28,26.81,34.48,20.66,53.02,0.07,1.5,21.24,98.13,14.66,15.53,LUD,30.9,75.85,subtropical_humid,NASA_POWER_daily_ag,4.687,10.83,1.7644,dewpoint,332.5,30.524
2015-09-29,26.64,34.71,20.09,49.91,0.0,1.8,21.08,98.34,13.39,14.43,LUD,30.9,75.85,subtropical_humid,NASA_POWER_daily_ag,4.929,10.489,1.6438,dewpoint,310.4,30.322
2015-09-30,25.96,34.96,18.34,50.05,0.0,2.09,21.81,98.43,12.96,13.4,LUD,30.9,75.85,subtropical_humid,NASA_POWER_daily_ag,5.161,10.548,1.5374,dewpoint,300.9,30.12
2015-10-01,26.69,35.61,18.65,45.66,0.0,1.58,22.06,98.45,20.0,12.9,LUD,30.9,75.85,subtropical_humid,NASA_POWER_daily_ag,4.899,10.432,1.488,dewpoint,298.8,29.917
2015-10-02,27.2,36.36,20.8,44.38,0.0,1.64,21.27,98.36,23.58,12.97,LUD,30.9,75.85,subtropical_humid,NASA_POWER_daily_ag,4.918,9.985,1.4948,dewpoint,308.3,29.714
2015-10-03,27.88,36.52,19.82,43.46,0.0,1.44,20.57,98.09,21.51,13.09,LUD,30.9,75.85,subtropical_humid,NASA_POWER_daily_ag,4.749,9.737,1.5066,dewpoint,336.7,29.51
2015-10-04,28.58,35.33,22.14,37.1,0.0,0.92,19.65,98.2,22.52,11.81,LUD,30.9,75.85,subtropical_humid,NASA_POWER_daily_ag,4.134,9.072,1.3851,dewpoint,325.1,29.306
2015-10-05,28.21,35.83,21.39,41.35,0.0,0.98,19.44,98.25,16.88,13.07,LUD,30.9,75.85,subtropical_humid,NASA_POWER_daily_ag,4.128,9.187,1.5046,dewpoint,319.8,29.102
2015-10-06,27.84,35.3,22.21,46.13,0.0,1.08,19.36,98.18,12.71,14.45,LUD,30.9,75.85,subtropical_humid,NASA_POWER_daily_ag,4.152,9.367,1.6459,dewpoint,327.2,28.898
2015-10-07,28.0,35.78,22.59,47.76,0.0,1.33,18.14,98.21,11.27,15.12,LUD,30.9,75.85,subtropical_humid,NASA_POWER_daily_ag,4.256,8.965,1.7186,dewpoint,324.1,28.694
2015-10-08,27.71,35.81,21.67,46.99,0.0,1.54,19.58,98.07,24.72,14.48,LUD,30.9,75.85,subtropical_humid,NASA_POWER_daily_ag,4.579,9.341,1.6491,dewpoint,338.8,28.49
2015-10-09,28.17,36.21,21.67,42.46,0.0,1.21,19.51,97.73,18.27,13.24,LUD,30.9,75.85,subtropical_humid,NASA_POWER_daily_ag,4.317,8.994,1.5214,dewpoint,374.7,28.286
2015-10-10,28.47,35.93,20.89,39.95,0.0,0.9,18.66,97.71,18.81,12.65,LUD,30.9,75.85,subtropical_humid,NASA_POWER_daily_ag,3.904,8.575,1.4638,dewpoint,376.8,28.083
2015-10-11,28.45,36.19,20.07,43.88,0.0,1.35,17.88,98.02,20.76,14.25,LUD,30.9,75.85,subtropical_humid,NASA_POWER_daily_ag,4.307,8.564,1.6247,dewpoint,344.1,27.88
2015-10-12,28.6,34.94,22.37,51.77,0.0,0.94,15.98,98.25,27.26,17.24,LUD,30.9,75.85,subtropical_humid,NASA_POWER_daily_ag,3.599,8.318,1.9674,dewpoint,319.8,27.677
2015-10-13,28.3,33.89,23.14,52.97,0.25,1.08,14.02,98.33,22.65,17.35,LUD,30.9,75.85,subtropical_humid,NASA_POWER_daily_ag,3.453,7.533,1.9811,dewpoint,311.4,27.474
2015-10-14,26.62,32.61,21.85,58.55,4.27,1.0,12.07,98.56,41.01,17.36,LUD,30.9,75.85,subtropical_humid,NASA_POWER_daily_ag,2.947,6.776,1.9824,dewpoint,287.3,27.273
2015-10-15,26.51,32.39,21.72,58.28,0.17,0.75,16.79,98.66,6.36,17.07,LUD,30.9,75.85,subtropical_humid,NASA_POWER_daily_ag,3.269,8.551,1.9463,dewpoint,276.8,27.072
2015-10-16,26.91,33.75,21.83,51.19,0.0,1.0,17.41,98.64,15.98,15.29,LUD,30.9,75.85,subtropical_humid,NASA_POWER_daily_ag,3.596,8.344,1.7374,dewpoint,278.9,26.871
2015-10-17,26.45,32.93,20.31,48.82,0.0,1.3,16.64,98.52,12.08,14.17,LUD,30.9,75.85,subtropical_humid,NASA_POWER_daily_ag,3.777,7.896,1.6163,dewpoint,291.5,26.672
2015-10-18,27.66,34.1,21.8,43.6,0.0,0.82,16.64,98.54,16.72,13.59,LUD,30.9,75.85,subtropical_humid,NASA_POWER_daily_ag,3.402,7.651,1.5566,dewpoint,289.4,26.474
2015-10-19,27.07,34.6,20.72,45.71,0.38,1.18,11.85,98.5,59.3,13.51,LUD,30.9,75.85,subtropical_humid,NASA_POWER_daily_ag,3.288,6.083,1.5485,dewpoint,293.6,26.276
2015-10-20,26.39,34.38,21.1,46.37,0.0,1.34,16.07,98.31,19.7,12.98,LUD,30.9,75.85,subtropical_humid,NASA_POWER_daily_ag,3.738,7.272,1.4958,dewpoint,313.5,26.08
2015-10-21,23.94,32.08,17.93,49.51,0.0,1.41,17.54,98.39,14.63,11.73,LUD,30.9,75.85,subtropical_humid,NASA_POWER_daily_ag,3.64,7.633,1.3778,dewpoint,305.1,25.885
2015-10-22,23.19,32.5,16.36,40.22,0.0,1.51,18.34,98.44,20.27,7.7,LUD,30.9,75.85,subtropical_humid,NASA_POWER_daily_ag,3.825,7.104,1.051,dewpoint,299.9,25.691
2015-10-23,23.46,32.62,15.71,40.58,0.0,1.59,18.28,98.42,36.67,7.88,LUD,30.9,75.85,subtropical_humid,NASA_POWER_daily_ag,3.924,7.071,1.064,dewpoint,302.0,25.499
2015-10-24,24.53,31.89,19.86,37.68,0.03,0.95,14.52,98.35,80.87,8.25,LUD,30.9,75.85,subtropical_humid,NASA_POWER_daily_ag,3.059,6.046,1.0912,dewpoint,309.3,25.308
2015-10-25,23.52,31.38,18.08,45.28,1.44,1.51,10.2,98.58,92.53,9.98,LUD,30.9,75.85,subtropical_humid,NASA_POWER_daily_ag,3.179,5.165,1.2263,dewpoint,285.2,25.118
2015-10-26,23.16,31.41,17.08,50.17,1.99,1.61,15.69,98.79,36.84,10.87,LUD,30.9,75.85,subtropical_humid,NASA_POWER_daily_ag,3.524,6.704,1.3014,dewpoint,263.1,24.931
2015-10-27,21.19,29.03,15.39,49.83,0.63,2.02,17.11,98.75,16.66,9.41,LUD,30.9,75.85,subtropical_humid,NASA_POWER_daily_ag,3.694,6.943,1.1802,dewpoint,267.3,24.745
2015-10-28,21.42,29.65,14.8,47.45,0.04,1.06,15.15,98.73,54.4,8.81,LUD,30.9,75.85,subtropical_humid,NASA_POWER_daily_ag,2.86,6.282,1.1334,dewpoint,269.4,24.561
2015-10-29,21.94,29.77,17.08,42.71,0.05,1.22,14.79,98.86,17.78,7.83,LUD,30.9,75.85,subtropical_humid,NASA_POWER_daily_ag,3.047,5.916,1.0604,dewpoint,255.8,24.378
2015-10-30,21.41,29.43,14.49,40.73,0.0,1.26,13.44,98.92,21.31,6.87,LUD,30.9,75.85,subtropical_humid,NASA_POWER_daily_ag,2.987,5.535,0.993,dewpoint,249.5,24.198
2015-10-31,22.07,30.32,16.9,42.34,0.0,1.25,14.85,98.86,18.61,7.96,LUD,30.9,75.85,subtropical_humid,NASA_POWER_daily_ag,3.057,5.81,1.0698,dewpoint,255.8,24.02
2015-11-01,22.06,29.71,16.59,43.1,0.0,0.99,13.74,98.87,26.01,8.31,LUD,30.9,75.85,subtropical_humid,NASA_POWER_daily_ag,2.717,5.591,1.0956,dewpoint,254.7,23.844
2015-11-02,22.75,29.62,17.85,44.27,0.0,0.94,11.47,98.84,39.52,9.45,LUD,30.9,75.85,subtropical_humid,NASA_POWER_daily_ag,2.55,5.131,1.1834,dewpoint,257.9,23.67
2015-11-03,22.21,29.23,17.22,46.12,0.0,1.14,11.31,98.71,29.78,9.49,LUD,30.9,75.85,subtropical_humid,NASA_POWER_daily_ag,2.669,5.081,1.1866,dewpoint,271.5,23.498
2015-11-04,22.48,29.06,15.28,45.16,0.1,1.36,9.53,98.47,26.65,9.51,LUD,30.9,75.85,subtropical_humid,NASA_POWER_daily_ag,2.802,4.677,1.1882,dewpoint,296.7,23.329
2015-11-05,22.45,29.47,15.93,45.66,1.95,1.59,10.63,98.43,32.71,9.51,LUD,30.9,75.85,subtropical_humid,NASA_POWER_daily_ag,3.056,4.869,1.1882,dewpoint,300.9,23.162
2015-11-06,20.41,28.6,14.45,49.01,0.18,1.13,12.59,98.53,35.14,8.33,LUD,30.9,75.85,subtropical_humid,NASA_POWER_daily_ag,2.551,5.19,1.0971,dewpoint,290.4,22.998
2015-11-07,20.48,28.3,14.46,45.46,0.0,0.97,13.21,98.7,51.13,7.54,LUD,30.9,75.85,subtropical_humid,NASA_POWER_daily_ag,2.464,5.178,1.0396,dewpoint,272.6,22.836
2015-11-08,20.51,27.45,16.06,38.92,0.12,1.03,8.9,98.88,34.8,5.49,LUD,30.9,75.85,subtropical_humid,NASA_POWER_daily_ag,2.38,4.147,0.9026,dewpoint,253.7,22.677
2015-11-09,21.03,28.11,16.37,40.21,0.0,1.23,8.47,98.82,38.65,6.54,LUD,30.9,75.85,subtropical_humid,NASA_POWER_daily_ag,2.564,4.085,0.9706,dewpoint,260.0,22.521
2015-11-10,20.13,27.88,15.75,46.1,0.0,1.66,11.17,98.68,52.85,7.61,LUD,30.9,75.85,subtropical_humid,NASA_POWER_daily_ag,2.875,4.627,1.0446,dewpoint,274.7,22.367
2015-11-11,19.49,28.6,12.82,51.76,0.0,2.28,15.05,98.74,7.41,8.34,LUD,30.9,75.85,subtropical_humid,NASA_POWER_daily_ag,3.313,5.478,1.0979,dewpoint,268.4,22.217
2015-11-12,20.48,29.26,12.25,50.79,0.0,1.57,14.29,98.74,23.63,8.87,LUD,30.9,75.85,subtropical_humid,NASA_POWER_daily_ag,2.911,5.344,1.138,dewpoint,268.4,22.069
2015-11-13,22.11,30.01,15.9,49.54,0.04,2.19,11.86,98.73,59.54,10.53,LUD,30.9,75.85,subtropical_humid,NASA_POWER_daily_ag,3.37,4.884,1.2723,dewpoint,269.4,21.925
2015-11-14,21.1,29.55,14.93,49.56,0.0,2.18,14.48,98.5,14.93,8.8,LUD,30.9,75.85,subtropical_humid,NASA_POWER_daily_ag,3.444,5.157,1.1326,dewpoint,293.6,21.783
2015-11-15,21.16,29.53,14.27,43.78,0.0,1.54,13.44,98.46,30.08,7.73,LUD,30.9,75.85,subtropical_humid,NASA_POWER_daily_ag,2.959,4.79,1.0532,dewpoint,297.8,21.645
2015-11-16,19.79,28.26,13.85,40.63,0.03,2.32,15.99,98.54,11.97,4.83,LUD,30.9,75.85,subtropical_humid,NASA_POWER_daily_ag,3.659,4.74,0.862,dewpoint,289.4,21.509
2015-11-17,17.98,28.31,10.81,41.44,0.0,1.99,15.44,98.55,13.04,3.31,LUD,30.9,75.85,subtropical_humid,NASA_POWER_daily_ag,3.164,4.513,0.7746,dewpoint,288.3,21.377
2015-11-18,18.29,27.95,11.39,34.85,0.0,1.61,14.78,98.8,31.17,1.53,LUD,30.9,75.85,subtropical_humid,NASA_POWER_daily_ag,2.936,4.12,0.6823,dewpoint,262.1,21.249
2015-11-19,19.11,27.29,13.59,30.83,0.0,1.16,14.33,98.99,14.87,0.79,LUD,30.9,75.85,subtropical_humid,NASA_POWER_daily_ag,2.549,3.859,0.6468,dewpoint,242.2,21.123
2015-11-20,19.03,27.64,14.22,35.46,0.0,1.01,14.07,98.86,14.73,2.8,LUD,30.9,75.85,subtropical_humid,NASA_POWER_daily_ag,2.313,4.004,0.7471,dewpoint,255.8,21.002
2015-11-21,18.47,27.92,12.4,39.77,0.0,1.34,14.65,98.74,14.33,3.73,LUD,30.9,75.85,subtropical_humid,NASA_POWER_daily_ag,2.575,4.201,0.7979,dewpoint,268.4,20.883
2015-11-22,18.54,27.53,11.97,37.57,0.0,1.3,14.07,98.71,20.06,2.93,LUD,30.9,75.85,subtropical_humid,NASA_POWER_daily_ag,2.554,4.02,0.754,dewpoint,271.5,20.768
2015-11-23,18.51,25.19,14.72,36.27,0.0,0.97,12.42,98.8,37.81,2.88,LUD,30.9,75.85,subtropical_humid,NASA_POWER_daily_ag,2.171,3.817,0.7513,dewpoint,262.1,20.657
2015-11-24,17.87,26.93,11.75,38.38,0.0,1.63,13.72,98.84,12.61,2.68,LUD,30.9,75.85,subtropical_humid,NASA_POWER_daily_ag,2.76,3.892,0.7407,dewpoint,257.9,20.549
2015-11-25,17.41,27.94,10.23,41.49,0.0,2.05,13.44,98.72,45.55,2.81,LUD,30.9,75.85,subtropical_humid,NASA_POWER_daily_ag,3.017,3.855,0.7476,dewpoint,270.5,20.445
2015-11-26,18.68,27.0,13.75,37.03,0.33,1.29,8.53,98.51,32.14,2.98,LUD,30.9,75.85,subtropical_humid,NASA_POWER_daily_ag,2.405,3.39,0.7567,dewpoint,292.5,20.345
2015-11-27,17.87,25.69,13.89,48.64,0.48,1.63,12.29,98.45,12.2,5.44,LUD,30.9,75.85,subtropical_humid,NASA_POWER_daily_ag,2.546,3.958,0.8995,dewpoint,298.8,20.248
2015-11-28,19.17,26.05,12.87,42.75,0.04,1.17,9.73,98.78,36.18,5.77,LUD,30.9,75.85,subtropical_humid,NASA_POWER_daily_ag,2.242,3.688,0.9203,dewpoint,264.2,20.156
2015-11-29,19.38,25.71,13.45,46.01,0.0,1.16,9.56,99.04,20.33,6.59,LUD,30.9,75.85,subtropical_humid,NASA_POWER_daily_ag,2.207,3.702,0.974,dewpoint,236.9,20.067
2015-11-30,19.18,25.72,15.45,43.62,0.0,0.79,9.71,99.0,38.74,6.2,LUD,30.9,75.85,subtropical_humid,NASA_POWER_daily_ag,1.838,3.61,0.9481,dewpoint,241.1,19.982
2015-12-01,18.1,25.54,13.5,45.57,0.0,1.16,10.59,98.77,32.9,5.75,LUD,30.9,75.85,subtropical_humid,NASA_POWER_daily_ag,2.113,3.692,0.919,dewpoint,265.2,19.9
2015-12-02,17.61,25.05,13.01,46.43,0.0,1.1,10.32,98.82,28.66,5.61,LUD,30.9,75.85,subtropical_humid,NASA_POWER_daily_ag,2.008,3.652,0.9102,dewpoint,260.0,19.823
2015-12-03,16.86,26.35,11.65,43.77,0.0,1.83,13.01,98.84,11.68,3.63,LUD,30.9,75.85,subtropical_humid,NASA_POWER_daily_ag,2.633,3.626,0.7923,dewpoint,257.9,19.75
2015-12-04,17.4,25.85,8.9,37.42,0.0,1.31,12.98,98.64,32.65,1.84,LUD,30.9,75.85,subtropical_humid,NASA_POWER_daily_ag,2.374,3.506,0.6976,dewpoint,278.9,19.681
2015-12-05,18.61,26.38,12.69,32.86,0.0,1.04,12.14,98.76,19.58,1.28,LUD,30.9,75.85,subtropical_humid,NASA_POWER_daily_ag,2.177,3.194,0.6701,dewpoint,266.3,19.615
2015-12-06,18.13,25.45,12.51,32.91,0.0,0.81,11.52,98.8,22.44,0.95,LUD,30.9,75.85,subtropical_humid,NASA_POWER_daily_ag,1.88,3.16,0.6543,dewpoint,262.1,19.554
2015-12-07,17.24,24.06,9.79,35.1,0.0,1.03,9.41,98.9,70.49,0.97,LUD,30.9,75.85,subtropical_humid,NASA_POWER_daily_ag,2.053,3.194,0.6553,dewpoint,251.6,19.497
2015-12-08,17.68,25.26,12.41,35.84,0.0,0.97,8.59,98.77,88.26,1.77,LUD,30.9,75.85,subtropical_humid,NASA_POWER_daily_ag,1.972,3.104,0.6941,dewpoint,265.2,19.444
2015-12-09,16.11,25.39,10.09,41.72,0.0,2.56,6.93,98.65,64.62,2.15,LUD,30.9,75.85,subtropical_humid,NASA_POWER_daily_ag,3.053,3.081,0.7133,dewpoint,277.8,19.395
2015-12-10,16.77,25.03,11.65,44.25,2.11,2.28,7.45,98.43,52.53,3.87,LUD,30.9,75.85,subtropical_humid,NASA_POWER_daily_ag,2.815,3.168,0.8058,dewpoint,300.9,19.351
2015-12-11,15.51,21.62,10.28,53.96,3.22,0.97,6.33,98.28,49.31,5.74,LUD,30.9,75.85,subtropical_humid,NASA_POWER_daily_ag,1.576,3.213,0.9184,dewpoint,316.7,19.31
2015-12-12,14.27,22.06,9.1,54.23,0.05,2.09,12.78,98.56,3.66,3.93,LUD,30.9,75.85,subtropical_humid,NASA_POWER_daily_ag,2.352,3.735,0.8093,dewpoint,287.3,19.274
2015-12-13,12.8,21.37,7.14,40.43,0.0,1.6,12.94,98.71,1.91,-1.14,LUD,30.9,75.85,subtropical_humid,NASA_POWER_daily_ag,2.175,3.24,0.5619,dewpoint,271.5,19.242
2015-12-14,11.96,21.29,5.48,35.45,0.0,1.87,12.68,98.89,1.56,-3.9,LUD,30.9,75.85,subtropical_humid,NASA_POWER_daily_ag,2.395,3.004,0.4577,dewpoint,252.7,19.214
2015-12-15,12.28,22.37,5.01,41.31,0.0,1.75,13.24,98.75,2.79,-1.72,LUD,30.9,75.85,subtropical_humid,NASA_POWER_daily_ag,2.242,3.201,0.5384,dewpoint,267.3,19.19
2015-12-16,14.47,22.75,8.53,27.4,0.0,1.01,12.89,98.71,4.35,-5.05,LUD,30.9,75.85,subtropical_humid,NASA_POWER_daily_ag,1.903,2.658,0.4196,dewpoint,271.5,19.171
2015-12-17,13.81,21.65,8.38,29.1,0.0,1.16,10.25,98.84,41.07,-4.49,LUD,30.9,75.85,subtropical_humid,NASA_POWER_daily_ag,2.01,2.803,0.4378,dewpoint,257.9,19.156
2015-12-18,11.48,21.32,5.34,36.49,0.02,1.86,13.47,99.02,3.8,-3.85,LUD,30.9,75.85,subtropical_humid,NASA_POWER_daily_ag,2.314,2.983,0.4594,dewpoint,239.0,19.145
2015-12-19,12.63,22.12,4.47,32.81,0.0,1.51,13.3,99.01,4.91,-4.27,LUD,30.9,75.85,subtropical_humid,NASA_POWER_daily_ag,2.215,2.93,0.4451,dewpoint,240.1,19.138
2015-12-20,12.7,21.05,7.62,32.56,0.0,1.21,12.24,99.04,5.39,-3.88,LUD,30.9,75.85,subtropical_humid,NASA_POWER_daily_ag,1.938,2.881,0.4584,dewpoint,236.9,19.136
2015-12-21,12.42,20.9,5.98,36.09,0.0,1.18,12.74,99.01,12.73,-2.97,LUD,30.9,75.85,subtropical_humid,NASA_POWER_daily_ag,1.878,3.055,0.4907,dewpoint,240.1,19.138
2015-12-22,13.12,18.98,7.17,31.77,0.0,0.88,10.14,99.23,32.1,-3.79,LUD,30.9,75.85,subtropical_humid,NASA_POWER_daily_ag,1.688,2.976,0.4615,dewpoint,217.1,19.144
2015-12-23,12.02,18.74,7.97,35.08,0.01,1.43,9.68,99.23,33.4,-3.49,LUD,30.9,75.85,subtropical_humid,NASA_POWER_daily_ag,2.047,2.978,0.472,dewpoint,217.1,19.154
2015-12-24,10.21,19.55,3.95,42.84,0.0,2.43,13.61,99.31,3.95,-3.37,LUD,30.9,75.85,subtropical_humid,NASA_POWER_daily_ag,2.458,3.206,0.4763,dewpoint,208.7,19.169
2015-12-25,10.13,20.33,3.74,29.3,0.0,1.68,13.2,99.33,9.16,-7.87,LUD,30.9,75.85,subtropical_humid,NASA_POWER_daily_ag,2.197,2.732,0.3378,dewpoint,206.6,19.188
2015-12-26,12.14,23.46,4.31,29.19,0.0,1.87,11.95,99.21,27.58,-6.27,LUD,30.9,75.85,subtropical_humid,NASA_POWER_daily_ag,2.515,2.721,0.3822,dewpoint,219.2,19.211
2015-12-27,14.86,25.26,7.87,36.03,0.0,1.78,12.2,99.24,44.33,-0.76,LUD,30.9,75.85,subtropical_humid,NASA_POWER_daily_ag,2.527,3.026,0.5778,dewpoint,216.0,19.239
2015-12-28,15.8,25.57,8.26,44.7,0.0,1.92,12.56,99.27,46.01,2.84,LUD,30.9,75.85,subtropical_humid,NASA_POWER_daily_ag,2.564,3.435,0.7492,dewpoint,212.9,19.271
2015-12-29,16.32,26.18,10.66,41.6,0.0,2.27,12.87,99.02,20.16,2.06,LUD,30.9,75.85,subtropical_humid,NASA_POWER_daily_ag,2.938,3.25,0.7087,dewpoint,239.0,19.307
2015-12-30,15.36,25.21,9.87,35.28,0.0,1.5,13.87,98.96,8.93,-0.65,LUD,30.9,75.85,subtropical_humid,NASA_POWER_daily_ag,2.352,3.039,0.5825,dewpoint,245.3,19.347
2015-12-31,15.01,24.82,6.9,35.32,0.0,1.48,13.52,99.21,35.33,-1.52,LUD,30.9,75.85,subtropical_humid,NASA_POWER_daily_ag,2.359,3.105,0.5464,dewpoint,219.2,19.391
2016-01-01,15.03,22.42,9.96,29.22,0.0,1.05,12.66,99.29,43.85,-3.36,LUD,30.9,75.85,subtropical_humid,NASA_POWER_daily_ag,1.991,2.907,0.4766,dewpoint,210.8,19.44
2016-01-02,15.12,24.12,10.56,26.63,0.0,1.24,11.79,99.31,22.78,-4.94,LUD,30.9,75.85,subtropical_humid,NASA_POWER_daily_ag,2.214,2.689,0.4231,dewpoint,208.7,19.492
2016-01-03,15.16,24.81,7.53,30.35,0.0,1.59,12.38,99.01,18.06,-2.83,LUD,30.9,75.85,subtropical_humid,NASA_POWER_daily_ag,2.531,3.006,0.4959,dewpoint,240.1,19.549
2016-01-04,16.44,23.9,10.99,31.66,0.0,0.85,8.14,99.07,71.57,-0.87,LUD,30.9,75.85,subtropical_humid,NASA_POWER_daily_ag,1.833,3.046,0.5732,dewpoint,233.8,19.61
2016-01-05,16.66,24.66,12.24,37.86,0.13,1.02,12.14,98.98,31.66,1.62,LUD,30.9,75.85,subtropical_humid,NASA_POWER_daily_ag,1.994,3.348,0.6867,dewpoint,243.2,19.675
2016-01-06,16.17,23.41,11.24,46.38,0.0,1.11,9.66,98.91,59.97,4.13,LUD,30.9,75.85,subtropical_humid,NASA_POWER_daily_ag,1.923,3.522,0.8207,dewpoint,250.6,19.745
2016-01-07,16.07,23.17,11.51,44.73,0.24,1.03,8.44,99.05,65.22,3.56,LUD,30.9,75.85,subtropical_humid,NASA_POWER_daily_ag,1.851,3.39,0.7884,dewpoint,235.9,19.818
2016-01-08,14.93,23.73,8.93,47.2,0.14,1.89,12.51,98.98,25.46,3.08,LUD,30.9,75.85,subtropical_humid,NASA_POWER_daily_ag,2.453,3.801,0.7621,dewpoint,243.2,19.895
2016-01-09,13.62,23.18,6.37,47.23,0.0,2.09,13.37,98.75,25.66,1.1,LUD,30.9,75.85,subtropical_humid,NASA_POWER_daily_ag,2.549,3.813,0.6615,dewpoint,267.3,19.976
2016-01-10,15.28,23.81,8.39,34.75,0.0,1.06,13.63,98.85,19.7,-0.9,LUD,30.9,75.85,subtropical_humid,NASA_POWER_daily_ag,2.057,3.517,0.5719,dewpoint,256.8,20.062
2016-01-11,15.77,23.33,9.2,38.12,0.0,0.95,12.24,98.92,27.71,1.02,LUD,30.9,75.85,subtropical_humid,NASA_POWER_daily_ag,1.946,3.669,0.6577,dewpoint,249.5,20.151
2016-01-12,16.34,24.63,9.32,36.33,0.28,1.4,11.96,98.67,33.54,0.56,LUD,30.9,75.85,subtropical_humid,NASA_POWER_daily_ag,2.428,3.588,0.6361,dewpoint,275.7,20.244
2016-01-13,14.81,22.71,10.27,46.48,2.63,0.81,8.48,98.7,50.21,2.75,LUD,30.9,75.85,subtropical_humid,NASA_POWER_daily_ag,1.627,3.533,0.7444,dewpoint,272.6,20.341
2016-01-14,13.45,20.24,9.87,49.93,0.03,1.05,3.74,98.78,80.31,2.76,LUD,30.9,75.85,subtropical_humid,NASA_POWER_daily_ag,1.571,3.05,0.745,dewpoint,264.2,20.442
2016-01-15,12.42,21.02,6.81,54.06,0.0,1.54,6.63,98.81,69.77,2.68,LUD,30.9,75.85,subtropical_humid,NASA_POWER_daily_ag,1.831,3.441,0.7407,dewpoint,261.0,20.546
2016-01-16,12.32,21.91,5.07,48.27,0.0,1.68,7.27,98.56,41.24,0.36,LUD,30.9,75.85,subtropical_humid,NASA_POWER_daily_ag,2.096,3.473,0.627,dewpoint,287.3,20.654
2016-01-17,13.44,21.29,8.5,37.76,0.0,0.66,8.2,98.7,37.78,-1.24,LUD,30.9,75.85,subtropical_humid,NASA_POWER_daily_ag,1.529,3.479,0.5578,dewpoint,272.6,20.766
2016-01-18,12.38,20.5,7.59,40.38,0.0,1.2,6.52,98.67,40.98,-1.52,LUD,30.9,75.85,subtropical_humid,NASA_POWER_daily_ag,1.881,3.375,0.5464,dewpoint,275.7,20.882
2016-01-19,11.85,20.08,5.74,43.45,0.0,1.31,5.88,98.67,44.58,-0.83,LUD,30.9,75.85,subtropical_humid,NASA_POWER_daily_ag,1.861,3.369,0.5749,dewpoint,275.7,21.001
2016-01-20,11.6,20.85,4.48,39.16,0.03,1.72,5.59,98.9,47.57,-3.07,LUD,30.9,75.85,subtropical_humid,NASA_POWER_daily_ag,2.245,3.323,0.4871,dewpoint,251.6,21.124
2016-01-21,11.21,20.32,4.72,29.59,0.0,1.4,9.03,99.08,45.4,-6.8,LUD,30.9,75.85,subtropical_humid,NASA_POWER_daily_ag,2.201,3.52,0.367,dewpoint,232.8,21.25
2016-01-22,12.06,20.15,5.95,24.31,0.0,0.89,7.38,99.03,44.07,-8.21,LUD,30.9,75.85,subtropical_humid,NASA_POWER_daily_ag,1.837,3.389,0.3289,dewpoint,238.0,21.38
2016-01-23,11.57,20.38,6.23,27.07,0.0,1.27,8.16,99.17,44.86,-7.24,LUD,30.9,75.85,subtropical_humid,NASA_POWER_daily_ag,2.142,3.488,0.3547,dewpoint,223.4,21.513
2016-01-24,10.98,20.21,5.62,29.4,0.0,1.25,5.7,99.05,53.9,-6.82,LUD,30.9,75.85,subtropical_humid,NASA_POWER_daily_ag,2.024,3.371,0.3664,dewpoint,235.9,21.65
2016-01-25,10.7,20.06,2.68,30.99,0.0,1.36,6.41,98.9,64.28,-6.48,LUD,30.9,75.85,subtropical_humid,NASA_POWER_daily_ag,2.092,3.49,0.3761,dewpoint,251.6,21.789
2016-01-26,13.73,22.34,7.77,27.75,0.0,1.03,10.73,98.76,73.31,-5.36,LUD,30.9,75.85,subtropical_humid,NASA_POWER_daily_ag,2.122,3.803,0.4098,dewpoint,266.3,21.932
2016-01-27,14.58,23.69,9.63,33.87,0.0,1.17,11.38,98.71,53.69,-2.3,LUD,30.9,75.85,subtropical_humid,NASA_POWER_daily_ag,2.265,4.015,0.5158,dewpoint,271.5,22.079
2016-01-28,15.34,24.13,8.35,48.18,0.0,1.66,14.09,98.73,45.44,3.55,LUD,30.9,75.85,subtropical_humid,NASA_POWER_daily_ag,2.581,5.015,0.7879,dewpoint,269.4,22.228
2016-01-29,16.54,23.09,10.95,46.81,5.51,0.98,7.52,98.81,68.98,4.56,LUD,30.9,75.85,subtropical_humid,NASA_POWER_daily_ag,1.93,3.945,0.8459,dewpoint,261.0,22.38
2016-01-30,16.27,25.2,10.66,56.52,0.69,1.21,10.29,98.79,42.95,6.73,LUD,30.9,75.85,subtropical_humid,NASA_POWER_daily_ag,2.07,4.61,0.9834,dewpoint,263.1,22.535
2016-01-31,14.51,23.2,9.5,51.39,0.05,1.83,14.08,98.81,34.95,3.34,LUD,30.9,75.85,subtropical_humid,NASA_POWER_daily_ag,2.599,5.158,0.7762,dewpoint,261.0,22.693
2016-02-01,13.16,22.9,6.21,40.83,0.02,1.6,16.47,98.94,5.58,-1.25,LUD,30.9,75.85,subtropical_humid,NASA_POWER_daily_ag,2.629,5.218,0.5574,dewpoint,247.4,22.854
2016-02-02,12.64,22.56,5.46,41.52,0.0,1.58,16.31,98.96,9.32,-1.19,LUD,30.9,75.85,subtropical_humid,NASA_POWER_daily_ag,2.559,5.326,0.5599,dewpoint,245.3,23.018
2016-02-03,12.79,23.78,4.37,38.91,0.0,2.11,16.56,98.96,12.43,-2.26,LUD,30.9,75.85,subtropical_humid,NASA_POWER_daily_ag,2.997,5.294,0.5173,dewpoint,245.3,23.184
2016-02-04,13.7,25.01,4.82,36.81,0.0,1.63,17.09,98.86,7.07,-2.28,LUD,30.9,75.85,subtropical_humid,NASA_POWER_daily_ag,2.824,5.356,0.5166,dewpoint,255.8,23.353
2016-02-05,14.45,25.8,6.2,32.35,0.0,1.54,16.72,98.75,18.29,-3.43,LUD,30.9,75.85,subtropical_humid,NASA_POWER_daily_ag,2.877,5.137,0.4741,dewpoint,267.3,23.525
2016-02-06,15.46,25.14,8.32,29.66,0.0,1.28,14.68,98.47,35.73,-3.34,LUD,30.9,75.85,subtropical_humid,NASA_POWER_daily_ag,2.709,4.901,0.4773,dewpoint,296.7,23.699
2016-02-07,15.26,22.55,9.66,46.73,1.63,1.66,12.2,98.76,39.8,2.96,LUD,30.9,75.85,subtropical_humid,NASA_POWER_daily_ag,2.651,5.16,0.7556,dewpoint,266.3,23.875
2016-02-08,15.12,23.83,8.99,56.42,0.0,1.07,15.59,98.89,7.2,5.6,LUD,30.9,75.85,subtropical_humid,NASA_POWER_daily_ag,2.29,6.224,0.9095,dewpoint,252.7,24.054
2016-02-09,15.82,25.11,8.66,46.41,0.0,1.56,15.84,98.66,16.05,2.99,LUD,30.9,75.85,subtropical_humid,NASA_POWER_daily_ag,2.842,5.975,0.7572,dewpoint,276.8,24.235
2016-02-10,15.97,25.08,9.8,35.15,0.0,1.31,13.98,98.37,39.47,-0.64,LUD,30.9,75.85,subtropical_humid,NASA_POWER_daily_ag,2.745,5.263,0.5829,dewpoint,307.2,24.418
2016-02-11,14.71,23.16,9.14,31.53,0.06,3.24,13.87,98.17,39.29,-3.69,LUD,30.9,75.85,subtropical_humid,NASA_POWER_daily_ag,4.188,5.151,0.465,dewpoint,328.3,24.603
2016-02-12,14.04,22.79,6.83,40.52,0.0,1.43,14.0,98.55,53.95,-1.17,LUD,30.9,75.85,subtropical_humid,NASA_POWER_daily_ag,2.686,5.532,0.5607,dewpoint,288.3,24.79
2016-02-13,15.34,23.47,10.13,35.87,0.13,1.01,13.91,98.72,46.39,-0.75,LUD,30.9,75.85,subtropical_humid,NASA_POWER_daily_ag,2.453,5.472,0.5783,dewpoint,270.5,24.979
2016-02-14,14.45,24.24,8.01,35.39,0.09,1.51,16.88,98.91,7.95,-1.82,LUD,30.9,75.85,subtropical_humid,NASA_POWER_daily_ag,2.95,6.036,0.5345,dewpoint,250.6,25.17
2016-02-15,14.12,23.55,7.54,32.67,0.0,1.29,16.52,99.03,26.11,-2.92,LUD,30.9,75.85,subtropical_humid,NASA_POWER_daily_ag,2.774,5.978,0.4926,dewpoint,238.0,25.363
2016-02-16,15.08,24.92,7.45,32.76,0.0,1.36,17.77,99.14,10.2,-2.51,LUD,30.9,75.85,subtropical_humid,NASA_POWER_daily_ag,2.998,6.261,0.5078,dewpoint,226.5,25.557
2016-02-17,16.25,27.14,8.03,24.74,0.0,1.26,18.69,99.16,15.58,-5.62,LUD,30.9,75.85,subtropical_humid,NASA_POWER_daily_ag,3.12,5.987,0.4018,dewpoint,224.4,25.752
2016-02-18,18.51,28.81,10.11,31.51,0.06,1.11,13.88,98.95,63.67,0.65,LUD,30.9,75.85,subtropical_humid,NASA_POWER_daily_ag,2.882,5.687,0.6403,dewpoint,246.4,25.95
2016-02-19,20.05,27.17,15.61,47.05,1.57,1.76,6.73,98.78,96.29,8.01,LUD,30.9,75.85,subtropical_humid,NASA_POWER_daily_ag,2.845,4.389,1.0735,dewpoint,264.2,26.148
2016-02-20,19.87,26.87,14.65,64.53,3.91,1.89,16.28,98.77,33.76,12.23,LUD,30.9,75.85,subtropical_humid,NASA_POWER_daily_ag,3.164,7.749,1.424,dewpoint,265.2,26.348
2016-02-21,18.14,28.56,10.43,42.03,0.0,2.38,19.56,98.72,7.88,2.56,LUD,30.9,75.85,subtropical_humid,NASA_POWER_daily_ag,4.184,7.368,0.7344,dewpoint,270.5,26.549
2016-02-22,18.5,30.74,9.23,32.85,0.0,2.37,20.12,98.64,6.55,-0.6,LUD,30.9,75.85,subtropical_humid,NASA_POWER_daily_ag,4.467,7.042,0.5846,dewpoint,278.9,26.751
2016-02-23,18.86,32.01,9.09,28.65,0.0,1.89,20.22,98.43,10.24,-2.23,LUD,30.9,75.85,subtropical_humid,NASA_POWER_daily_ag,4.162,6.854,0.5185,dewpoint,300.9,26.954
2016-02-24,20.52,33.04,10.02,21.02,0.0,1.4,19.46,98.39,8.38,-4.77,LUD,30.9,75.85,subtropical_humid,NASA_POWER_daily_ag,3.85,6.372,0.4286,dewpoint,305.1,27.158
2016-02-25,20.08,29.51,9.7,18.28,0.0,1.39,18.58,98.71,25.57,-6.12,LUD,30.9,75.85,subtropical_humid,NASA_POWER_daily_ag,3.838,6.386,0.3867,dewpoint,271.5,27.363
2016-02-26,19.59,30.18,10.39,20.99,0.0,1.44,17.71,99.04,4.02,-4.79,LUD,30.9,75.85,subtropical_humid,NASA_POWER_daily_ag,3.789,6.371,0.4279,dewpoint,236.9,27.569
2016-02-27,20.6,30.24,13.93,24.21,0.0,0.86,17.29,99.02,6.75,-1.75,LUD,30.9,75.85,subtropical_humid,NASA_POWER_daily_ag,3.096,6.531,0.5372,dewpoint,239.0,27.775
2016-02-28,21.15,29.77,14.69,29.51,0.0,0.79,17.21,99.07,9.62,1.6,LUD,30.9,75.85,subtropical_humid,NASA_POWER_daily_ag,3.061,6.952,0.6857,dewpoint,233.8,27.982
2016-02-29,20.96,30.36,14.71,30.81,0.0,1.15,17.51,99.07,5.55,1.9,LUD,30.9,75.85,subtropical_humid,NASA_POWER_daily_ag,3.501,7.099,0.7006,dewpoint,233.8,28.189
2016-03-01,22.4,32.19,15.67,29.71,0.05,1.23,17.26,98.76,44.12,2.64,LUD,30.9,75.85,subtropical_humid,NASA_POWER_daily_ag,3.727,7.083,0.7386,dewpoint,266.3,28.396
2016-03-02,23.49,32.2,17.26,29.11,0.0,1.22,16.45,98.72,49.76,3.6,LUD,30.9,75.85,subtropical_humid,NASA_POWER_daily_ag,3.778,7.006,0.7906,dewpoint,270.5,28.604
2016-03-03,24.85,34.71,17.54,28.27,0.0,1.61,16.48,98.7,51.45,3.87,LUD,30.9,75.85,subtropical_humid,NASA_POWER_daily_ag,4.431,6.995,0.8058,dewpoint,272.6,28.812
2016-03-04,24.12,34.13,16.03,32.37,0.0,1.77,18.75,98.47,34.9,4.82,LUD,30.9,75.85,subtropical_humid,NASA_POWER_daily_ag,4.665,7.851,0.8614,dewpoint,296.7,29.021
2016-03-05,21.06,29.33,16.49,48.0,5.84,1.45,14.35,98.49,83.51,8.54,LUD,30.9,75.85,subtropical_humid,NASA_POWER_daily_ag,3.4,7.222,1.1129,dewpoint,294.6,29.229
2016-03-06,21.11,29.01,14.14,56.31,1.13,1.19,14.13,98.63,44.27,10.6,LUD,30.9,75.85,subtropical_humid,NASA_POWER_daily_ag,3.092,7.454,1.2782,dewpoint,279.9,29.437
2016-03-07,21.38,29.01,15.38,49.31,0.72,1.06,19.88,98.56,5.64,9.33,LUD,30.9,75.85,subtropical_humid,NASA_POWER_daily_ag,3.611,9.331,1.1739,dewpoint,287.3,29.645
2016-03-08,21.88,31.02,13.76,42.12,0.0,1.5,20.57,98.38,27.86,7.12,LUD,30.9,75.85,subtropical_humid,NASA_POWER_daily_ag,4.2,9.243,1.0101,dewpoint,306.2,29.853
2016-03-09,22.39,30.36,16.63,36.69,0.0,1.3,19.15,98.39,56.25,6.22,LUD,30.9,75.85,subtropical_humid,NASA_POWER_daily_ag,4.0,8.638,0.9494,dewpoint,305.1,30.06
2016-03-10,24.76,32.91,16.68,34.63,0.0,1.28,19.94,98.48,53.71,7.18,LUD,30.9,75.85,subtropical_humid,NASA_POWER_daily_ag,4.338,8.969,1.0143,dewpoint,295.7,30.267
2016-03-11,23.53,28.55,19.99,50.61,8.13,2.07,11.1,98.35,93.06,11.97,LUD,30.9,75.85,subtropical_humid,NASA_POWER_daily_ag,3.783,6.535,1.3998,dewpoint,309.3,30.473
2016-03-12,20.91,26.67,16.78,68.64,14.8,2.56,12.13,98.27,82.26,14.23,LUD,30.9,75.85,subtropical_humid,NASA_POWER_daily_ag,3.218,7.205,1.6226,dewpoint,317.7,30.679
2016-03-13,20.42,25.54,16.5,67.4,5.22,1.62,14.46,98.34,80.21,13.62,LUD,30.9,75.85,subtropical_humid,NASA_POWER_daily_ag,3.076,8.183,1.5596,dewpoint,310.4,30.884
2016-03-14,20.91,28.37,14.55,54.37,1.35,1.28,21.24,98.61,18.88,10.05,LUD,30.9,75.85,subtropical_humid,NASA_POWER_daily_ag,3.916,10.398,1.2321,dewpoint,282.0,31.089
2016-03-15,20.58,28.84,13.94,44.04,0.0,1.91,22.1,98.73,28.55,6.74,LUD,30.9,75.85,subtropical_humid,NASA_POWER_daily_ag,4.565,10.221,0.9841,dewpoint,269.4,31.292
2016-03-16,20.87,30.06,11.63,41.3,0.0,2.34,15.36,98.49,69.83,5.73,LUD,30.9,75.85,subtropical_humid,NASA_POWER_daily_ag,4.51,7.875,0.9178,dewpoint,294.6,31.495
2016-03-17,21.63,28.12,16.77,51.53,2.14,2.06,3.74,98.35,85.48,10.45,LUD,30.9,75.85,subtropical_humid,NASA_POWER_daily_ag,2.935,3.834,1.2655,dewpoint,309.3,31.697
2016-03-18,23.33,31.06,16.08,50.19,0.83,2.56,20.78,98.22,9.75,11.26,LUD,30.9,75.85,subtropical_humid,NASA_POWER_daily_ag,5.138,10.475,1.3356,dewpoint,323.0,31.897
2016-03-19,26.33,33.1,18.49,41.65,2.86,0.9,20.06,98.14,33.75,11.48,LUD,30.9,75.85,subtropical_humid,NASA_POWER_daily_ag,4.179,10.123,1.3552,dewpoint,331.4,32.097
2016-03-20,24.75,31.69,18.59,39.82,0.24,1.22,20.85,98.28,29.03,9.34,LUD,30.9,75.85,subtropical_humid,NASA_POWER_daily_ag,4.457,10.173,1.1747,dewpoint,316.7,32.295
2016-03-21,22.02,30.67,15.44,33.18,0.09,3.43,23.69,98.51,26.16,2.63,LUD,30.9,75.85,subtropical_humid,NASA_POWER_daily_ag,6.554,10.312,0.7381,dewpoint,292.5,32.492
2016-03-22,21.06,32.99,10.86,30.68,0.0,2.89,25.14,98.19,16.62,0.01,LUD,30.9,75.85,subtropical_humid,NASA_POWER_daily_ag,6.178,10.521,0.6112,dewpoint,326.2,32.688
2016-03-23,22.97,35.44,12.21,31.13,0.0,1.8,24.46,98.17,17.56,2.32,LUD,30.9,75.85,subtropical_humid,NASA_POWER_daily_ag,5.356,10.519,0.722,dewpoint,328.3,32.882
2016-03-24,25.13,33.55,15.94,27.77,0.0,1.27,19.01,98.49,77.27,3.74,LUD,30.9,75.85,subtropical_humid,NASA_POWER_daily_ag,4.575,8.994,0.7985,dewpoint,294.6,33.075
2016-03-25,25.32,33.73,19.51,34.97,0.0,2.69,20.78,98.64,78.78,7.74,LUD,30.9,75.85,subtropical_humid,NASA_POWER_daily_ag,6.119,10.026,1.0539,dewpoint,278.9,33.266
2016-03-26,22.83,32.2,14.85,49.64,0.3,2.84,22.81,98.66,45.02,9.82,LUD,30.9,75.85,subtropical_humid,NASA_POWER_daily_ag,5.623,11.404,1.2132,dewpoint,276.8,33.456
2016-03-27,23.05,33.23,13.98,40.64,0.0,1.84,24.11,98.51,24.33,6.76,LUD,30.9,75.85,subtropical_humid,NASA_POWER_daily_ag,5.29,11.411,0.9855,dewpoint,292.5,33.644
2016-03-28,23.94,33.35,15.05,36.28,0.09,1.55,23.34,98.51,39.95,6.45,LUD,30.9,75.85,subtropical_humid,NASA_POWER_daily_ag,5.117,11.084,0.9646,dewpoint,292.5,33.83
2016-03-29,25.14,33.75,16.51,34.07,0.0,2.02,22.62,98.35,43.21,6.82,LUD,30.9,75.85,subtropical_humid,NASA_POWER_daily_ag,5.731,10.861,0.9895,dewpoint,309.3,34.015
2016-03-30,26.38,35.97,17.64,31.65,0.0,1.48,23.52,98.37,36.71,6.33,LUD,30.9,75.85,subtropical_humid,NASA_POWER_daily_ag,5.419,10.994,0.9567,dewpoint,307.2,34.197
2016-03-31,27.71,37.84,17.9,29.32,0.0,1.59,21.41,98.2,60.56,6.2,LUD,30.9,75.85,subtropical_humid,NASA_POWER_daily_ag,5.553,10.201,0.9481,dewpoint,325.1,34.378
2016-04-01,28.02,37.3,20.4,33.2,0.0,2.5,21.48,97.91,84.88,9.06,LUD,30.9,75.85,subtropical_humid,NASA_POWER_daily_ag,6.566,10.645,1.1527,dewpoint,355.7,34.557
2016-04-02,30.25,40.12,21.63,35.64,0.0,1.53,19.77,98.03,94.74,11.75,LUD,30.9,75.85,subtropical_humid,NASA_POWER_daily_ag,5.504,10.303,1.3796,dewpoint,343.0,34.734
2016-04-03,30.1,37.75,24.15,37.28,0.0,1.24,16.72,98.01,98.95,12.91,LUD,30.9,75.85,subtropical_humid,NASA_POWER_daily_ag,4.725,9.286,1.489,dewpoint,345.1,34.909
2016-04-04,29.48,37.83,22.58,36.23,0.03,1.77,21.3,97.92,74.09,11.75,LUD,30.9,75.85,subtropical_humid,NASA_POWER_daily_ag,5.879,11.04,1.3796,dewpoint,354.6,35.082
2016-04-05,26.86,34.15,20.63,36.46,0.65,1.93,14.15,98.01,97.13,9.31,LUD,30.9,75.85,subtropical_humid,NASA_POWER_daily_ag,5.01,8.129,1.1723,dewpoint,345.1,35.252
2016-04-06,27.21,35.56,19.45,32.87,0.52,2.71,17.97,98.03,67.27,7.82,LUD,30.9,75.85,subtropical_humid,NASA_POWER_daily_ag,6.436,9.463,1.0597,dewpoint,343.0,35.421
2016-04-07,26.31,34.84,18.34,33.63,0.0,2.36,23.43,98.06,68.45,7.65,LUD,30.9,75.85,subtropical_humid,NASA_POWER_daily_ag,6.432,11.592,1.0475,dewpoint,339.9,35.587
2016-04-08,26.84,35.91,18.99,30.18,0.11,1.13,24.92,98.17,43.76,5.94,LUD,30.9,75.85,subtropical_humid,NASA_POWER_daily_ag,5.293,11.821,0.9312,dewpoint,328.3,35.751
2016-04-09,27.48,35.74,19.24,29.88,0.0,2.42,22.97,98.27,68.92,7.2,LUD,30.9,75.85,subtropical_humid,NASA_POWER_daily_ag,6.743,11.351,1.0157,dewpoint,317.7,35.913
2016-04-10,27.66,36.42,19.18,30.22,0.0,2.84,20.32,98.25,75.37,6.82,LUD,30.9,75.85,subtropical_humid,NASA_POWER_daily_ag,7.021,10.328,0.9895,dewpoint,319.8,36.073
2016-04-11,27.21,34.67,19.61,32.63,0.05,2.59,24.59,98.2,33.56,8.5,LUD,30.9,75.85,subtropical_humid,NASA_POWER_daily_ag,6.966,12.299,1.1099,dewpoint,325.1,36.23
2016-04-12,27.56,36.42,19.19,31.59,0.09,3.37,27.01,97.96,7.35,7.24,LUD,30.9,75.85,subtropical_humid,NASA_POWER_daily_ag,8.145,12.975,1.0185,dewpoint,350.4,36.385
2016-04-13,29.24,38.75,19.61,25.65,0.0,3.55,27.0,97.63,13.65,6.12,LUD,30.9,75.85,subtropical_humid,NASA_POWER_daily_ag,8.874,12.661,0.9429,dewpoint,385.3,36.537
2016-04-14,30.46,41.11,19.49,22.38,0.0,2.57,26.73,97.59,26.87,4.23,LUD,30.9,75.85,subtropical_humid,NASA_POWER_daily_ag,8.037,12.134,0.8265,dewpoint,389.5,36.687
2016-04-15,31.61,41.32,21.54,19.61,0.0,2.22,21.07,97.69,86.19,4.43,LUD,30.9,75.85,subtropical_humid,NASA_POWER_daily_ag,7.209,10.203,0.8382,dewpoint,378.9,36.835
2016-04-16,34.41,43.99,25.75,21.67,0.0,1.86,23.07,97.53,87.25,8.07,LUD,30.9,75.85,subtropical_humid,NASA_POWER_daily_ag,7.159,11.189,1.0779,dewpoint,395.8,36.98
2016-04-17,34.62,42.63,26.28,22.66,0.28,2.38,22.66,97.4,79.26,9.29,LUD,30.9,75.85,subtropical_humid,NASA_POWER_daily_ag,7.968,11.324,1.1707,dewpoint,409.6,37.123
2016-04-18,32.14,40.38,24.35,26.8,0.14,2.07,23.54,97.73,73.76,8.52,LUD,30.9,75.85,subtropical_humid,NASA_POWER_daily_ag,7.225,11.722,1.1114,dewpoint,374.7,37.264
2016-04-19,32.84,41.16,25.37,18.89,0.0,2.18,21.65,97.84,96.86,5.33,LUD,30.9,75.85,subtropical_humid,NASA_POWER_daily_ag,7.4,10.522,0.8926,dewpoint,363.1,37.401
2016-04-20,31.87,40.0,25.02,21.1,0.04,4.25,25.53,97.95,59.65,5.77,LUD,30.9,75.85,subtropical_humid,NASA_POWER_daily_ag,10.36,12.034,0.9203,dewpoint,351.5,37.537
2016-04-21,31.49,40.34,22.15,22.54,0.0,3.38,25.83,97.65,57.18,5.88,LUD,30.9,75.85,subtropical_humid,NASA_POWER_daily_ag,9.244,12.319,0.9274,dewpoint,383.1,37.67
2016-04-22,31.75,39.89,25.38,26.89,2.04,2.18,22.51,97.37,81.3,8.96,LUD,30.9,75.85,subtropical_humid,NASA_POWER_daily_ag,7.205,11.522,1.145,dewpoint,412.8,37.8
2016-04-23,29.1,37.82,20.31,22.83,0.0,2.34,28.1,97.46,52.44,1.79,LUD,30.9,75.85,subtropical_humid,NASA_POWER_daily_ag,7.78,12.739,0.6951,dewpoint,403.2,37.928
2016-04-24,28.96,37.84,20.31,16.41,0.0,2.7,28.31,97.55,40.52,-0.54,LUD,30.9,75.85,subtropical_humid,NASA_POWER_daily_ag,8.313,12.467,0.5872,dewpoint,393.7,38.053
2016-04-25,29.85,39.21,20.32,15.03,0.0,2.44,27.15,97.72,60.4,-1.47,LUD,30.9,75.85,subtropical_humid,NASA_POWER_daily_ag,8.037,11.902,0.5485,dewpoint,375.7,38.176
2016-04-26,31.5,40.73,22.71,12.79,0.0,1.84,26.35,97.93,52.58,-2.01,LUD,30.9,75.85,subtropical_humid,NASA_POWER_daily_ag,7.251,11.388,0.527,dewpoint,353.6,38.296
2016-04-27,31.66,41.02,21.84,16.55,0.0,2.77,24.23,97.85,51.96,1.88,LUD,30.9,75.85,subtropical_humid,NASA_POWER_daily_ag,8.531,11.328,0.6996,dewpoint,362.0,38.414
2016-04-28,31.99,40.71,23.68,17.88,0.0,2.68,27.62,97.76,31.63,2.65,LUD,30.9,75.85,subtropical_humid,NASA_POWER_daily_ag,8.751,12.541,0.7391,dewpoint,371.5,38.529
2016-04-29,32.7,41.5,24.45,12.75,0.0,2.15,27.7,97.75,26.31,-0.7,LUD,30.9,75.85,subtropical_humid,NASA_POWER_daily_ag,8.074,11.964,0.5804,dewpoint,372.6,38.641
2016-04-30,32.67,42.79,22.77,11.22,0.0,2.32,27.79,97.69,27.41,-2.52,LUD,30.9,75.85,subtropical_humid,NASA_POWER_daily_ag,8.374,11.76,0.5075,dewpoint,378.9,38.751
2016-05-01,33.83,44.42,23.08,11.53,0.0,2.3,28.15,97.47,24.14,-1.38,LUD,30.9,75.85,subtropical_humid,NASA_POWER_daily_ag,8.541,11.955,0.5521,dewpoint,402.2,38.859
2016-05-02,35.38,45.51,26.65,10.68,0.0,1.93,26.43,97.4,38.03,-1.38,LUD,30.9,75.85,subtropical_humid,NASA_POWER_daily_ag,7.889,11.225,0.5521,dewpoint,409.6,38.964
2016-05-03,34.5,42.04,28.16,20.82,0.0,1.85,14.04,97.57,94.43,8.16,LUD,30.9,75.85,subtropical_humid,NASA_POWER_daily_ag,6.279,8.308,1.0845,dewpoint,391.6,39.066
2016-05-04,33.82,42.08,25.13,23.59,0.07,2.53,19.21,97.55,79.97,8.71,LUD,30.9,75.85,subtropical_humid,NASA_POWER_daily_ag,7.824,10.418,1.1258,dewpoint,393.7,39.166
2016-05-05,32.71,40.01,25.6,28.28,2.91,1.68,20.64,97.82,67.92,11.05,LUD,30.9,75.85,subtropical_humid,NASA_POWER_daily_ag,6.459,11.354,1.3171,dewpoint,365.2,39.263
2016-05-06,32.04,38.59,25.21,32.69,2.88,1.57,24.22,97.79,47.0,12.65,LUD,30.9,75.85,subtropical_humid,NASA_POWER_daily_ag,6.632,13.223,1.4638,dewpoint,368.3,39.358
2016-05-07,33.02,40.2,25.68,26.42,0.0,1.63,23.95,97.74,33.46,10.34,LUD,30.9,75.85,subtropical_humid,NASA_POWER_daily_ag,6.874,12.653,1.2562,dewpoint,373.6,39.451
2016-05-08,35.26,42.54,27.42,21.96,0.0,2.01,24.55,97.74,33.16,9.71,LUD,30.9,75.85,subtropical_humid,NASA_POWER_daily_ag,7.876,12.649,1.2043,dewpoint,373.6,39.541
2016-05-09,36.22,43.96,27.44,17.9,0.0,1.48,23.92,97.7,48.43,7.19,LUD,30.9,75.85,subtropical_humid,NASA_POWER_daily_ag,7.036,11.949,1.015,dewpoint,377.9,39.628
2016-05-10,35.43,43.04,28.25,22.59,0.0,2.94,23.07,97.78,39.99,10.03,LUD,30.9,75.85,subtropical_humid,NASA_POWER_daily_ag,9.148,12.1,1.2304,dewpoint,369.4,39.713
2016-05-11,32.45,39.19,25.32,42.92,22.54,1.82,25.11,97.83,51.1,16.72,LUD,30.9,75.85,subtropical_humid,NASA_POWER_daily_ag,6.996,14.466,1.9036,dewpoint,364.1,39.796
2016-05-12,33.38,40.33,25.53,33.55,0.0,1.91,25.06,97.5,32.63,13.94,LUD,30.9,75.85,subtropical_humid,NASA_POWER_daily_ag,7.395,13.869,1.5924,dewpoint,399.0,39.876
2016-05-13,35.09,42.46,26.41,30.11,0.05,1.16,26.38,97.37,39.02,13.58,LUD,30.9,75.85,subtropical_humid,NASA_POWER_daily_ag,6.757,14.295,1.5556,dewpoint,412.8,39.953
2016-05-14,35.82,43.08,28.27,26.36,0.81,2.56,27.64,97.54,23.99,12.31,LUD,30.9,75.85,subtropical_humid,NASA_POWER_daily_ag,9.144,14.489,1.4315,dewpoint,394.8,40.029
2016-05-15,34.81,43.29,26.52,24.86,0.0,3.09,27.52,97.63,33.84,10.01,LUD,30.9,75.85,subtropical_humid,NASA_POWER_daily_ag,9.763,14.036,1.2288,dewpoint,385.3,40.102
2016-05-16,34.54,43.36,25.09,20.45,0.0,2.85,28.63,97.36,20.41,7.29,LUD,30.9,75.85,subtropical_humid,NASA_POWER_daily_ag,9.611,14.021,1.022,dewpoint,413.8,40.172
2016-05-17,35.63,44.42,26.55,18.96,0.0,3.28,29.81,97.18,27.38,6.77,LUD,30.9,75.85,subtropical_humid,NASA_POWER_daily_ag,10.616,14.252,0.9861,dewpoint,432.9,40.24
2016-05-18,36.58,46.17,25.7,18.51,0.0,2.87,29.16,97.02,29.85,7.31,LUD,30.9,75.85,subtropical_humid,NASA_POWER_daily_ag,10.108,14.082,1.0234,dewpoint,449.9,40.306
2016-05-19,38.46,46.25,29.36,16.91,0.0,1.96,27.78,97.03,30.97,7.93,LUD,30.9,75.85,subtropical_humid,NASA_POWER_daily_ag,8.684,13.529,1.0677,dewpoint,448.9,40.37
2016-05-20,37.86,45.83,29.1,17.11,0.0,2.51,27.12,96.93,19.89,7.53,LUD,30.9,75.85,subtropical_humid,NASA_POWER_daily_ag,9.505,13.259,1.0389,dewpoint,459.5,40.431
2016-05-21,39.18,47.2,30.4,15.72,0.11,1.98,27.08,96.76,31.55,7.11,LUD,30.9,75.85,subtropical_humid,NASA_POWER_daily_ag,8.718,13.054,1.0095,dewpoint,477.6,40.49
2016-05-22,38.93,47.74,29.01,19.53,0.0,2.52,26.36,96.82,30.28,9.61,LUD,30.9,75.85,subtropical_humid,NASA_POWER_daily_ag,9.585,13.306,1.1962,dewpoint,471.2,40.547
2016-05-23,37.99,45.02,30.21,24.36,0.56,2.55,17.78,96.97,62.47,13.59,LUD,30.9,75.85,subtropical_humid,NASA_POWER_daily_ag,8.224,10.437,1.5566,dewpoint,455.2,40.601
2016-05-24,32.78,38.45,25.25,47.2,14.6,3.31,21.86,97.22,75.47,19.05,LUD,30.9,75.85,subtropical_humid,NASA_POWER_daily_ag,7.849,13.419,2.2043,dewpoint,428.7,40.653
2016-05-25,33.01,39.82,25.82,34.73,0.06,2.44,27.19,97.05,64.81,14.03,LUD,30.9,75.85,subtropical_humid,NASA_POWER_daily_ag,8.299,15.052,1.6017,dewpoint,446.7,40.703
2016-05-26,35.13,42.73,27.28,27.59,0.0,1.54,27.45,97.08,49.25,12.31,LUD,30.9,75.85,subtropical_humid,NASA_POWER_daily_ag,7.534,14.642,1.4315,dewpoint,443.6,40.751
2016-05-27,36.15,43.94,28.34,25.58,0.0,2.95,27.47,97.19,41.56,11.6,LUD,30.9,75.85,subtropical_humid,NASA_POWER_daily_ag,9.825,14.413,1.366,dewpoint,431.9,40.796
2016-05-28,35.86,43.26,27.41,27.6,0.1,2.41,24.38,97.1,58.55,13.39,LUD,30.9,75.85,subtropical_humid,NASA_POWER_daily_ag,8.518,13.488,1.5364,dewpoint,441.4,40.84
2016-05-29,34.94,42.32,27.61,33.85,10.84,2.63,25.57,97.11,45.61,14.59,LUD,30.9,75.85,subtropical_humid,NASA_POWER_daily_ag,8.709,14.291,1.6608,dewpoint,440.4,40.881
2016-05-30,32.54,39.47,25.55,47.38,2.48,3.04,21.47,97.36,76.11,18.5,LUD,30.9,75.85,subtropical_humid,NASA_POWER_daily_ag,7.569,13.129,2.1298,dewpoint,413.8,40.92
2016-05-31,34.27,41.5,26.37,36.82,0.08,2.01,26.53,97.5,48.85,16.1,LUD,30.9,75.85,subtropical_humid,NASA_POWER_daily_ag,7.857,15.13,1.8299,dewpoint,399.0,40.957
2016-06-01,35.82,42.97,28.3,33.2,0.0,2.11,25.83,97.43,37.98,16.12,LUD,30.9,75.85,subtropical_humid,NASA_POWER_daily_ag,8.173,14.692,1.8323,dewpoint,406.4,40.992
2016-06-02,36.69,44.09,29.54,28.89,0.01,3.32,26.0,97.39,37.82,14.53,LUD,30.9,75.85,subtropical_humid,NASA_POWER_daily_ag,10.103,14.366,1.6544,dewpoint,410.7,41.024
2016-06-03,36.55,44.06,28.02,26.21,0.0,1.73,26.42,97.46,24.82,12.93,LUD,30.9,75.85,subtropical_humid,NASA_POWER_daily_ag,7.909,14.288,1.4909,dewpoint,403.2,41.055
2016-06-04,37.86,45.6,29.57,25.55,0.0,2.15,27.67,97.41,31.68,13.47,LUD,30.9,75.85,subtropical_humid,NASA_POWER_daily_ag,8.936,14.835,1.5444,dewpoint,408.5,41.083
2016-06-05,38.51,46.15,29.92,20.49,0.0,1.56,26.23,97.38,48.54,10.66,LUD,30.9,75.85,subtropical_humid,NASA_POWER_daily_ag,7.835,13.614,1.2833,dewpoint,411.7,41.11
2016-06-06,37.8,45.35,29.66,21.48,1.17,2.37,26.49,97.34,34.0,10.82,LUD,30.9,75.85,subtropical_humid,NASA_POWER_daily_ag,9.187,13.805,1.2971,dewpoint,416.0,41.134
2016-06-07,35.93,43.33,28.21,25.65,3.18,2.64,26.41,97.33,33.89,11.66,LUD,30.9,75.85,subtropical_humid,NASA_POWER_daily_ag,9.225,14.084,1.3714,dewpoint,417.0,41.157
2016-06-08,36.39,44.8,27.37,24.53,0.58,2.52,25.7,97.15,35.15,11.24,LUD,30.9,75.85,subtropical_humid,NASA_POWER_daily_ag,9.062,13.679,1.3338,dewpoint,436.1,41.177
2016-06-09,36.49,43.72,27.49,27.67,5.88,2.15,24.87,97.01,57.98,13.16,LUD,30.9,75.85,subtropical_humid,NASA_POWER_daily_ag,8.35,13.717,1.5135,dewpoint,451.0,41.195
2016-06-10,37.6,44.3,28.64,26.15,0.74,1.73,25.56,96.98,49.65,13.78,LUD,30.9,75.85,subtropical_humid,NASA_POWER_daily_ag,7.945,14.086,1.5759,dewpoint,454.2,41.212
2016-06-11,37.55,43.94,30.76,26.31,0.95,1.85,23.75,97.06,72.79,13.96,LUD,30.9,75.85,subtropical_humid,NASA_POWER_daily_ag,7.858,13.254,1.5945,dewpoint,445.7,41.226
2016-06-12,38.05,43.79,32.24,32.52,0.01,3.35,23.23,97.03,76.2,18.04,LUD,30.9,75.85,subtropical_humid,NASA_POWER_daily_ag,9.799,13.724,2.0692,dewpoint,448.9,41.238
2016-06-13,37.78,43.46,32.33,32.79,1.96,3.17,21.59,96.98,55.95,17.81,LUD,30.9,75.85,subtropical_humid,NASA_POWER_daily_ag,9.276,12.883,2.0395,dewpoint,454.2,41.248
2016-06-14,36.55,43.06,30.98,38.14,4.61,3.58,20.14,96.86,78.32,19.18,LUD,30.9,75.85,subtropical_humid,NASA_POWER_daily_ag,9.028,12.415,2.2222,dewpoint,466.9,41.257
2016-06-15,36.1,42.28,29.47,39.69,1.71,2.83,20.45,96.74,75.71,19.12,LUD,30.9,75.85,subtropical_humid,NASA_POWER_daily_ag,8.107,12.612,2.2139,dewpoint,479.7,41.263
2016-06-16,35.44,41.71,29.41,42.52,7.3,2.42,22.44,96.96,79.06,20.04,LUD,30.9,75.85,subtropical_humid,NASA_POWER_daily_ag,7.691,13.818,2.3441,dewpoint,456.3,41.268
2016-06-17,35.71,41.85,29.3,38.23,1.65,1.56,23.94,97.16,44.19,18.4,LUD,30.9,75.85,subtropical_humid,NASA_POWER_daily_ag,7.064,14.281,2.1165,dewpoint,435.1,41.27
2016-06-18,36.86,43.04,30.08,31.91,0.0,1.63,23.11,97.28,55.53,16.32,LUD,30.9,75.85,subtropical_humid,NASA_POWER_daily_ag,7.269,13.428,1.8558,dewpoint,422.3,41.271
2016-06-19,36.62,42.45,30.32,32.65,0.29,2.09,23.21,97.35,41.36,16.94,LUD,30.9,75.85,subtropical_humid,NASA_POWER_daily_ag,7.885,13.597,1.9304,dewpoint,414.9,41.269
2016-06-20,37.31,42.36,31.24,32.95,0.21,2.11,23.82,97.21,36.23,18.01,LUD,30.9,75.85,subtropical_humid,NASA_POWER_daily_ag,8.081,14.079,2.0653,dewpoint,429.8,41.266
2016-06-21,36.47,41.23,30.91,37.67,4.08,1.78,23.6,97.11,63.9,19.42,LUD,30.9,75.85,subtropical_humid,NASA_POWER_daily_ag,7.383,14.282,2.2556,dewpoint,440.4,41.26
2016-06-22,33.57,36.0,30.38,51.99,27.65,1.48,16.11,97.35,77.99,22.2,LUD,30.9,75.85,subtropical_humid,NASA_POWER_daily_ag,5.112,10.749,2.6763,dewpoint,414.9,41.253
2016-06-23,35.15,41.37,29.06,46.11,0.98,1.74,23.86,97.22,56.37,20.96,LUD,30.9,75.85,subtropical_humid,NASA_POWER_daily_ag,7.052,14.763,2.4809,dewpoint,428.7,41.244
2016-06-24,36.23,42.31,30.41,38.19,0.0,1.41,25.49,97.03,58.13,18.89,LUD,30.9,75.85,subtropical_humid,NASA_POWER_daily_ag,7.174,15.125,2.1824,dewpoint,448.9,41.233
2016-06-25,36.82,43.26,29.92,34.35,0.0,1.79,24.65,97.18,42.24,17.73,LUD,30.9,75.85,subtropical_humid,NASA_POWER_daily_ag,7.683,14.437,2.0292,dewpoint,432.9,41.22
2016-06-26,36.61,42.77,30.13,36.57,0.71,2.28,22.1,97.22,51.64,18.68,LUD,30.9,75.85,subtropical_humid,NASA_POWER_daily_ag,7.852,13.344,2.1539,dewpoint,428.7,41.205
2016-06-27,36.13,41.47,30.27,39.71,3.06,1.71,12.12,97.13,91.02,19.82,LUD,30.9,75.85,subtropical_humid,NASA_POWER_daily_ag,5.341,8.344,2.3124,dewpoint,438.2,41.188
2016-06-28,34.84,38.67,31.15,50.07,25.77,0.95,19.99,97.33,66.09,22.64,LUD,30.9,75.85,subtropical_humid,NASA_POWER_daily_ag,5.42,12.939,2.7488,dewpoint,417.0,41.169
2016-06-29,36.17,41.3,30.97,44.66,0.08,0.94,22.76,97.36,36.69,21.61,LUD,30.9,75.85,subtropical_humid,NASA_POWER_daily_ag,6.073,14.243,2.5817,dewpoint,413.8,41.148
2016-06-30,36.96,42.48,31.01,40.54,0.72,1.42,21.4,97.06,41.92,20.72,LUD,30.9,75.85,subtropical_humid,NASA_POWER_daily_ag,6.569,13.319,2.4446,dewpoint,445.7,41.125
2016-07-01,35.28,39.15,31.28,49.58,21.57,1.52,18.61,96.69,66.02,22.76,LUD,30.9,75.85,subtropical_humid,NASA_POWER_daily_ag,5.826,12.17,2.7689,dewpoint,485.0,41.1
2016-07-02,32.12,36.06,28.98,66.62,27.23,2.48,5.49,96.82,98.0,24.88,LUD,30.9,75.85,subtropical_humid,NASA_POWER_daily_ag,3.312,4.669,3.1452,dewpoint,471.2,41.073
2016-07-03,31.37,36.14,26.62,66.86,9.98,1.83,21.46,97.01,69.25,24.12,LUD,30.9,75.85,subtropical_humid,NASA_POWER_daily_ag,5.629,14.141,3.0055,dewpoint,451.0,41.045
2016-07-04,32.85,38.13,27.69,57.93,0.44,1.5,24.75,96.93,15.37,22.89,LUD,30.9,75.85,subtropical_humid,NASA_POWER_daily_ag,6.425,15.75,2.7908,dewpoint,459.5,41.014
2016-07-05,34.01,39.19,28.52,55.43,2.92,1.86,22.45,96.77,25.67,23.31,LUD,30.9,75.85,subtropical_humid,NASA_POWER_daily_ag,6.512,14.479,2.8625,dewpoint,476.5,40.981
2016-07-06,35.0,40.01,29.43,54.44,13.56,1.34,18.87,96.84,65.88,23.73,LUD,30.9,75.85,subtropical_humid,NASA_POWER_daily_ag,5.579,12.456,2.9359,dewpoint,469.1,40.947
2016-07-07,35.46,40.52,29.7,48.48,0.28,1.28,19.76,96.99,62.17,22.37,LUD,30.9,75.85,subtropical_humid,NASA_POWER_daily_ag,5.822,12.736,2.7041,dewpoint,453.1,40.91
2016-07-08,36.27,41.55,30.86,45.3,0.44,1.26,22.57,96.86,35.42,21.86,LUD,30.9,75.85,subtropical_humid,NASA_POWER_daily_ag,6.424,14.158,2.6215,dewpoint,466.9,40.871
2016-07-09,35.01,41.09,29.37,47.35,2.35,1.67,8.54,96.87,76.13,21.42,LUD,30.9,75.85,subtropical_humid,NASA_POWER_daily_ag,4.336,6.463,2.5519,dewpoint,465.9,40.83
2016-07-10,34.43,39.96,29.24,49.53,1.07,1.1,23.64,96.82,14.16,21.69,LUD,30.9,75.85,subtropical_humid,NASA_POWER_daily_ag,6.176,14.77,2.5944,dewpoint,471.2,40.788
2016-07-11,34.4,39.55,29.23,49.16,0.02,1.75,22.18,96.91,45.56,21.72,LUD,30.9,75.85,subtropical_humid,NASA_POWER_daily_ag,6.57,13.975,2.5991,dewpoint,461.6,40.743
2016-07-12,33.53,38.99,28.55,54.32,3.64,2.61,21.2,97.09,39.96,22.6,LUD,30.9,75.85,subtropical_humid,NASA_POWER_daily_ag,6.841,13.605,2.7422,dewpoint,442.5,40.696
2016-07-13,34.25,39.99,28.61,53.94,2.45,1.72,21.49,97.05,57.51,23.04,LUD,30.9,75.85,subtropical_humid,NASA_POWER_daily_ag,6.29,13.824,2.8162,dewpoint,446.7,40.647
2016-07-14,33.13,36.9,29.5,56.69,3.96,2.16,15.99,96.95,89.26,23.06,LUD,30.9,75.85,subtropical_humid,NASA_POWER_daily_ag,5.464,10.723,2.8196,dewpoint,457.4,40.596
2016-07-15,32.32,36.22,28.0,67.87,23.0,1.92,15.22,96.98,88.53,25.38,LUD,30.9,75.85,subtropical_humid,NASA_POWER_daily_ag,4.629,10.528,3.2402,dewpoint,454.2,40.543
2016-07-16,31.7,35.83,28.04,69.43,9.01,2.43,12.96,97.07,85.3,25.09,LUD,30.9,75.85,subtropical_humid,NASA_POWER_daily_ag,4.384,9.138,3.1848,dewpoint,444.6,40.488
2016-07-17,30.43,35.13,26.2,70.7,5.83,2.26,15.99,97.27,65.82,24.11,LUD,30.9,75.85,subtropical_humid,NASA_POWER_daily_ag,4.644,10.871,3.0037,dewpoint,423.4,40.431
2016-07-18,31.75,36.54,26.6,63.91,3.32,1.2,20.72,97.25,57.42,23.44,LUD,30.9,75.85,subtropical_humid,NASA_POWER_daily_ag,5.265,13.516,2.8851,dewpoint,425.5,40.371
2016-07-19,33.2,38.45,28.14,52.45,0.02,1.71,24.18,97.17,26.21,21.49,LUD,30.9,75.85,subtropical_humid,NASA_POWER_daily_ag,6.627,15.018,2.5629,dewpoint,434.0,40.31
2016-07-20,34.16,40.4,27.42,46.15,0.25,1.75,24.6,97.13,10.07,20.14,LUD,30.9,75.85,subtropical_humid,NASA_POWER_daily_ag,7.005,14.913,2.3586,dewpoint,438.2,40.246
2016-07-21,35.29,41.23,29.09,44.1,1.58,1.33,23.45,97.04,21.28,20.47,LUD,30.9,75.85,subtropical_humid,NASA_POWER_daily_ag,6.525,14.304,2.4072,dewpoint,447.8,40.18
2016-07-22,34.47,40.48,28.17,49.8,5.3,1.26,22.93,97.01,27.06,21.7,LUD,30.9,75.85,subtropical_humid,NASA_POWER_daily_ag,6.2,14.304,2.596,dewpoint,451.0,40.112
2016-07-23,30.72,34.8,27.7,63.86,22.09,2.43,20.79,97.31,65.21,22.88,LUD,30.9,75.85,subtropical_humid,NASA_POWER_daily_ag,5.787,13.439,2.7891,dewpoint,419.1,40.042
2016-07-24,31.54,36.48,26.03,61.8,5.57,1.56,19.33,97.46,37.12,22.9,LUD,30.9,75.85,subtropical_humid,NASA_POWER_daily_ag,5.25,12.597,2.7925,dewpoint,403.2,39.97
2016-07-25,33.0,38.36,27.09,54.91,0.15,1.34,21.14,97.39,23.88,22.17,LUD,30.9,75.85,subtropical_humid,NASA_POWER_daily_ag,5.71,13.44,2.6715,dewpoint,410.7,39.895
2016-07-26,33.54,39.24,27.62,55.19,0.52,1.79,19.46,97.36,45.5,22.77,LUD,30.9,75.85,subtropical_humid,NASA_POWER_daily_ag,5.858,12.569,2.7706,dewpoint,413.8,39.818
2016-07-27,30.61,35.38,26.86,68.36,8.36,3.3,15.98,97.64,76.96,23.75,LUD,30.9,75.85,subtropical_humid,NASA_POWER_daily_ag,5.211,10.763,2.9394,dewpoint,384.2,39.739
2016-07-28,29.94,34.71,25.48,69.68,2.87,1.22,15.38,97.51,77.73,23.39,LUD,30.9,75.85,subtropical_humid,NASA_POWER_daily_ag,4.027,10.391,2.8764,dewpoint,398.0,39.658
2016-07-29,30.44,34.47,26.27,70.48,18.5,1.43,19.9,97.28,65.59,24.19,LUD,30.9,75.85,subtropical_humid,NASA_POWER_daily_ag,4.923,13.125,3.0181,dewpoint,422.3,39.574
2016-07-30,30.94,36.05,25.72,68.42,8.49,1.4,19.55,97.3,45.73,23.92,LUD,30.9,75.85,subtropical_humid,NASA_POWER_daily_ag,4.969,12.852,2.9696,dewpoint,420.2,39.488
2016-07-31,31.33,36.2,25.79,68.1,4.15,1.3,21.84,97.26,33.92,24.18,LUD,30.9,75.85,subtropical_humid,NASA_POWER_daily_ag,5.371,14.225,3.0163,dewpoint,424.4,39.4
2016-08-01,31.77,37.09,26.47,64.24,4.88,2.17,21.12,97.07,37.06,23.64,LUD,30.9,75.85,subtropical_humid,NASA_POWER_daily_ag,5.863,13.67,2.92,dewpoint,444.6,39.31
2016-08-02,30.66,35.46,26.17,68.65,5.37,2.31,20.01,97.06,70.55,23.74,LUD,30.9,75.85,subtropical_humid,NASA_POWER_daily_ag,5.426,13.069,2.9377,dewpoint,445.7,39.217
2016-08-03,31.87,36.81,26.21,61.34,0.36,1.09,25.76,97.15,35.86,22.95,LUD,30.9,75.85,subtropical_humid,NASA_POWER_daily_ag,6.073,16.16,2.801,dewpoint,436.1,39.122
2016-08-04,33.22,37.5,28.24,57.03,0.69,0.95,25.62,97.19,38.49,23.0,LUD,30.9,75.85,subtropical_humid,NASA_POWER_daily_ag,6.138,16.015,2.8094,dewpoint,431.9,39.025
2016-08-05,30.23,32.65,27.48,67.85,1.69,1.16,25.72,97.3,52.96,23.53,LUD,30.9,75.85,subtropical_humid,NASA_POWER_daily_ag,5.8,16.325,2.9008,dewpoint,420.2,38.925
2016-08-06,28.41,29.84,26.6,79.52,11.91,1.67,10.91,97.32,89.92,24.52,LUD,30.9,75.85,subtropical_humid,NASA_POWER_daily_ag,2.984,7.827,3.0783,dewpoint,418.1,38.823
2016-08-07,30.53,35.01,26.07,69.13,5.35,0.88,12.49,97.33,97.92,23.8,LUD,30.9,75.85,subtropical_humid,NASA_POWER_daily_ag,3.372,8.684,2.9483,dewpoint,417.0,38.718
2016-08-08,31.16,35.22,26.94,68.35,1.95,1.08,15.52,97.31,59.68,24.31,LUD,30.9,75.85,subtropical_humid,NASA_POWER_daily_ag,4.074,10.476,3.0399,dewpoint,419.1,38.612
2016-08-09,32.05,36.24,27.77,64.11,4.42,0.8,22.74,97.1,24.99,24.02,LUD,30.9,75.85,subtropical_humid,NASA_POWER_daily_ag,5.333,14.586,2.9875,dewpoint,441.4,38.502
2016-08-10,29.79,34.29,26.31,73.42,8.64,2.69,18.84,97.19,72.97,24.2,LUD,30.9,75.85,subtropical_humid,NASA_POWER_daily_ag,5.004,12.401,3.0199,dewpoint,431.9,38.391
2016-08-11,29.05,33.45,25.2,77.15,10.08,2.08,14.67,97.41,91.38,24.36,LUD,30.9,75.85,subtropical_humid,NASA_POWER_daily_ag,3.895,9.991,3.049,dewpoint,408.5,38.277
2016-08-12,30.29,35.42,25.5,70.58,7.87,1.04,18.21,97.4,79.94,23.76,LUD,30.9,75.85,subtropical_humid,NASA_POWER_daily_ag,4.415,11.939,2.9412,dewpoint,409.6,38.161
2016-08-13,32.03,37.13,26.68,59.69,2.01,0.95,23.48,97.22,57.08,22.69,LUD,30.9,75.85,subtropical_humid,NASA_POWER_daily_ag,5.562,14.656,2.7572,dewpoint,428.7,38.042
2016-08-14,32.82,37.08,27.04,55.37,2.02,0.89,21.26,97.15,38.88,22.32,LUD,30.9,75.85,subtropical_humid,NASA_POWER_daily_ag,5.243,13.331,2.6959,dewpoint,436.1,37.921
2016-08-15,32.27,38.14,26.84,58.84,5.77,1.7,22.8,97.03,27.7,22.6,LUD,30.9,75.85,subtropical_humid,NASA_POWER_daily_ag,6.021,14.203,2.7422,dewpoint,448.9,37.798
2016-08-16,32.39,38.54,26.42,57.44,0.18,1.49,23.92,96.9,11.25,22.13,LUD,30.9,75.85,subtropical_humid,NASA_POWER_daily_ag,6.101,14.695,2.665,dewpoint,462.7,37.672
2016-08-17,32.38,38.17,25.91,54.18,0.79,1.25,21.26,97.03,38.98,21.14,LUD,30.9,75.85,subtropical_humid,NASA_POWER_daily_ag,5.515,13.056,2.5085,dewpoint,448.9,37.544
2016-08-18,31.93,36.06,27.02,54.93,0.79,0.54,17.17,97.23,93.93,21.28,LUD,30.9,75.85,subtropical_humid,NASA_POWER_daily_ag,4.12,10.904,2.5301,dewpoint,427.6,37.413
2016-08-19,32.78,38.54,27.29,54.72,0.11,1.25,18.7,97.16,89.1,21.93,LUD,30.9,75.85,subtropical_humid,NASA_POWER_daily_ag,5.104,11.759,2.6327,dewpoint,435.1,37.281
2016-08-20,32.31,36.83,27.79,59.43,4.5,1.04,9.43,97.27,95.52,22.91,LUD,30.9,75.85,subtropical_humid,NASA_POWER_daily_ag,3.225,6.8,2.7942,dewpoint,423.4,37.145
2016-08-21,31.12,35.22,26.61,69.55,32.21,0.63,23.33,97.32,59.87,24.58,LUD,30.9,75.85,subtropical_humid,NASA_POWER_daily_ag,5.178,14.92,3.0894,dewpoint,418.1,37.008
2016-08-22,31.46,35.84,26.59,65.94,2.68,1.06,20.26,97.46,60.77,23.93,LUD,30.9,75.85,subtropical_humid,NASA_POWER_daily_ag,4.915,12.986,2.9714,dewpoint,403.2,36.868
2016-08-23,31.19,35.49,26.68,66.57,4.85,0.92,21.15,97.55,72.98,23.75,LUD,30.9,75.85,subtropical_humid,NASA_POWER_daily_ag,4.948,13.444,2.9394,dewpoint,393.7,36.726
2016-08-24,29.65,33.95,26.1,70.38,5.85,1.26,9.99,97.56,96.99,23.39,LUD,30.9,75.85,subtropical_humid,NASA_POWER_daily_ag,3.031,7.112,2.8764,dewpoint,392.7,36.581
2016-08-25,29.92,34.32,25.4,72.49,6.51,1.05,18.82,97.71,74.61,24.07,LUD,30.9,75.85,subtropical_humid,NASA_POWER_daily_ag,4.398,12.185,2.9965,dewpoint,376.8,36.435
2016-08-26,31.67,36.59,26.86,64.0,3.11,0.66,21.65,97.71,54.93,23.59,LUD,30.9,75.85,subtropical_humid,NASA_POWER_daily_ag,4.915,13.61,2.9113,dewpoint,376.8,36.286
2016-08-27,28.78,31.78,25.92,77.72,12.09,1.86,11.44,97.9,88.16,24.39,LUD,30.9,75.85,subtropical_humid,NASA_POWER_daily_ag,3.192,7.974,3.0545,dewpoint,356.7,36.134
2016-08-28,29.7,34.29,25.54,72.17,2.68,0.85,23.05,97.9,44.08,23.69,LUD,30.9,75.85,subtropical_humid,NASA_POWER_daily_ag,4.999,14.454,2.9288,dewpoint,356.7,35.981
2016-08-29,28.78,33.08,25.2,74.03,3.15,1.22,9.94,97.62,98.26,23.44,LUD,30.9,75.85,subtropical_humid,NASA_POWER_daily_ag,2.84,7.049,2.8851,dewpoint,386.3,35.825
2016-08-30,28.81,33.15,24.67,71.54,2.56,1.05,19.87,97.44,66.36,22.83,LUD,30.9,75.85,subtropical_humid,NASA_POWER_daily_ag,4.443,12.504,2.7807,dewpoint,405.4,35.667
2016-08-31,29.66,34.37,25.43,70.41,1.99,1.29,21.83,97.45,37.74,23.34,LUD,30.9,75.85,subtropical_humid,NASA_POWER_daily_ag,4.97,13.634,2.8677,dewpoint,404.3,35.507
2016-09-01,29.43,34.12,24.73,72.05,4.79,1.1,19.19,97.46,81.1,23.48,LUD,30.9,75.85,subtropical_humid,NASA_POWER_daily_ag,4.404,12.189,2.892,dewpoint,403.2,35.345
2016-09-02,29.63,35.69,24.39,63.28,0.37,1.62,21.89,97.31,40.67,21.3,LUD,30.9,75.85,subtropical_humid,NASA_POWER_daily_ag,5.273,13.169,2.5332,dewpoint,419.1,35.181
2016-09-03,29.82,36.41,23.43,55.44,0.0,1.85,24.14,97.23,6.34,19.24,LUD,30.9,75.85,subtropical_humid,NASA_POWER_daily_ag,5.946,13.825,2.2305,dewpoint,427.6,35.015
2016-09-04,29.84,36.7,23.52,55.58,0.16,1.72,22.77,97.44,8.81,19.19,LUD,30.9,75.85,subtropical_humid,NASA_POWER_daily_ag,5.654,13.092,2.2236,dewpoint,405.4,34.846
2016-09-05,29.97,37.01,23.32,59.05,2.35,1.37,21.98,97.5,14.9,20.25,LUD,30.9,75.85,subtropical_humid,NASA_POWER_daily_ag,5.235,12.895,2.3747,dewpoint,399.0,34.676
2016-09-06,30.13,36.97,23.65,58.59,0.01,1.69,21.65,97.55,8.92,20.42,LUD,30.9,75.85,subtropical_humid,NASA_POWER_daily_ag,5.423,12.729,2.3998,dewpoint,393.7,34.504
2016-09-07,30.07,36.35,24.07,57.46,0.0,1.61,21.39,97.58,10.83,20.09,LUD,30.9,75.85,subtropical_humid,NASA_POWER_daily_ag,5.334,12.505,2.3513,dewpoint,390.5,34.33
2016-09-08,30.51,37.01,24.21,55.79,0.0,1.77,21.1,97.67,8.0,20.07,LUD,30.9,75.85,subtropical_humid,NASA_POWER_daily_ag,5.491,12.304,2.3484,dewpoint,381.0,34.154
2016-09-09,30.43,37.44,24.28,52.98,0.0,2.0,20.11,97.74,21.42,19.13,LUD,30.9,75.85,subtropical_humid,NASA_POWER_daily_ag,5.584,11.587,2.2153,dewpoint,373.6,33.976
2016-09-10,30.2,37.34,23.06,53.29,1.85,1.54,21.42,97.65,5.62,18.84,LUD,30.9,75.85,subtropical_humid,NASA_POWER_daily_ag,5.359,12.159,2.1756,dewpoint,383.1,33.796
2016-09-11,30.47,37.09,23.53,52.75,0.32,1.91,21.02,97.57,17.22,19.15,LUD,30.9,75.85,subtropical_humid,NASA_POWER_daily_ag,5.633,11.996,2.218,dewpoint,391.6,33.615
2016-09-12,30.56,37.29,24.12,51.98,0.29,1.72,20.84,97.62,12.01,18.82,LUD,30.9,75.85,subtropical_humid,NASA_POWER_daily_ag,5.478,11.786,2.1728,dewpoint,386.3,33.432
2016-09-13,30.69,36.72,24.37,53.31,2.93,1.22,20.7,97.82,27.07,19.39,LUD,30.9,75.85,subtropical_humid,NASA_POWER_daily_ag,5.008,11.81,2.2514,dewpoint,365.2,33.247
2016-09-14,29.78,35.95,24.82,59.32,5.29,1.28,19.81,97.95,28.75,20.33,LUD,30.9,75.85,subtropical_humid,NASA_POWER_daily_ag,4.73,11.546,2.3865,dewpoint,351.5,33.061
2016-09-15,29.98,36.77,24.27,55.4,0.0,1.18,22.41,97.81,11.51,19.2,LUD,30.9,75.85,subtropical_humid,NASA_POWER_daily_ag,5.086,12.511,2.225,dewpoint,366.2,32.873
2016-09-16,30.55,37.38,24.22,50.15,0.0,1.1,21.19,97.7,18.22,18.16,LUD,30.9,75.85,subtropical_humid,NASA_POWER_daily_ag,4.937,11.657,2.0848,dewpoint,377.9,32.684
2016-09-17,31.29,37.81,24.74,49.14,0.0,0.9,20.46,97.59,18.43,18.63,LUD,30.9,75.85,subtropical_humid,NASA_POWER_daily_ag,4.708,11.359,2.1472,dewpoint,389.5,32.493
2016-09-18,31.22,37.75,24.09,46.9,0.06,0.88,18.61,97.71,22.72,17.71,LUD,30.9,75.85,subtropical_humid,NASA_POWER_daily_ag,4.42,10.326,2.0267,dewpoint,376.8,32.301
2016-09-19,30.53,36.37,23.87,52.18,3.63,1.12,17.37,97.64,29.03,19.07,LUD,30.9,75.85,subtropical_humid,NASA_POWER_daily_ag,4.38,10.005,2.207,dewpoint,384.2,32.108
2016-09-20,31.19,36.92,25.38,58.19,12.08,0.72,18.01,97.53,25.85,21.24,LUD,30.9,75.85,subtropical_humid,NASA_POWER_daily_ag,4.124,10.621,2.5239,dewpoint,395.8,31.913
2016-09-21,31.44,37.46,25.16,51.69,0.84,0.96,16.86,97.73,23.47,19.46,LUD,30.9,75.85,subtropical_humid,NASA_POWER_daily_ag,4.225,9.715,2.2613,dewpoint,374.7,31.718
2016-09-22,28.95,34.52,23.76,58.59,5.93,1.39,15.69,97.97,36.18,19.53,LUD,30.9,75.85,subtropical_humid,NASA_POWER_daily_ag,4.085,9.235,2.2711,dewpoint,349.3,31.521
2016-09-23,28.89,35.18,22.9,57.77,1.68,1.1,19.33,97.73,24.72,19.0,LUD,30.9,75.85,subtropical_humid,NASA_POWER_daily_ag,4.368,10.812,2.1974,dewpoint,374.7,31.323
2016-09-24,30.22,35.86,23.67,49.04,0.24,1.05,18.84,97.59,20.48,17.67,LUD,30.9,75.85,subtropical_humid,NASA_POWER_daily_ag,4.46,10.258,2.0215,dewpoint,389.5,31.125
2016-09-25,29.84,35.74,24.2,48.34,0.0,0.99,17.28,97.69,20.76,17.3,LUD,30.9,75.85,subtropical_humid,NASA_POWER_daily_ag,4.139,9.468,1.9749,dewpoint,378.9,30.925
2016-09-26,29.84,35.96,23.26,48.17,0.24,0.88,15.78,97.82,28.7,17.08,LUD,30.9,75.85,subtropical_humid,NASA_POWER_daily_ag,3.829,8.772,1.9476,dewpoint,365.2,30.725
2016-09-27,29.02,36.27,22.53,50.11,0.04,1.21,14.97,97.86,21.03,16.78,LUD,30.9,75.85,subtropical_humid,NASA_POWER_daily_ag,3.966,8.361,1.9109,dewpoint,361.0,30.524
2016-09-28,29.62,36.39,23.14,48.99,0.0,0.99,15.59,97.76,20.61,16.94,LUD,30.9,75.85,subtropical_humid,NASA_POWER_daily_ag,3.876,8.592,1.9304,dewpoint,371.5,30.322
2016-09-29,29.37,36.05,22.44,48.33,0.0,1.07,14.14,97.78,30.82,16.66,LUD,30.9,75.85,subtropical_humid,NASA_POWER_daily_ag,3.756,7.941,1.8964,dewpoint,369.4,30.12
2016-09-30,29.77,36.74,23.26,48.91,0.0,1.06,13.92,97.81,40.9,17.27,LUD,30.9,75.85,subtropical_humid,NASA_POWER_daily_ag,3.725,7.862,1.9711,dewpoint,366.2,29.917
2016-10-01,29.92,35.88,24.34,52.75,0.0,0.9,13.98,97.95,40.1,18.81,LUD,30.9,75.85,subtropical_humid,NASA_POWER_daily_ag,3.522,8.047,2.1715,dewpoint,351.5,29.714
2016-10-02,31.07,37.57,25.65,49.18,0.09,0.92,14.0,98.12,41.35,18.58,LUD,30.9,75.85,subtropical_humid,NASA_POWER_daily_ag,3.658,7.935,2.1405,dewpoint,333.5,29.51
2016-10-03,31.02,37.2,25.91,44.93,0.0,1.06,15.0,97.95,51.87,17.03,LUD,30.9,75.85,subtropical_humid,NASA_POWER_daily_ag,3.97,8.095,1.9414,dewpoint,351.5,29.306
2016-10-04,30.05,36.69,23.6,46.57,0.2,1.05,13.78,97.76,58.19,16.67,LUD,30.9,75.85,subtropical_humid,NASA_POWER_daily_ag,3.712,7.586,1.8976,dewpoint,371.5,29.102
2016-10-05,29.85,36.91,23.08,48.39,0.0,1.13,14.69,97.69,22.04,16.91,LUD,30.9,75.85,subtropical_humid,NASA_POWER_daily_ag,3.864,7.948,1.9267,dewpoint,378.9,28.898
2016-10-06,28.9,35.68,23.44,51.09,2.34,0.84,17.11,97.88,10.36,17.05,LUD,30.9,75.85,subtropical_humid,NASA_POWER_daily_ag,3.725,8.912,1.9439,dewpoint,358.8,28.694
2016-10-07,28.56,35.87,22.67,50.01,0.0,1.54,18.01,97.97,13.18,16.32,LUD,30.9,75.85,subtropical_humid,NASA_POWER_daily_ag,4.464,9.094,1.8558,dewpoint,349.3,28.49
2016-10-08,28.47,36.64,22.59,43.88,0.0,1.24,18.97,97.91,11.48,13.83,LUD,30.9,75.85,subtropical_humid,NASA_POWER_daily_ag,4.313,8.874,1.5811,dewpoint,355.7,28.286
2016-10-09,27.76,36.2,21.57,43.52,0.0,1.18,18.43,97.81,18.65,13.16,LUD,30.9,75.85,subtropical_humid,NASA_POWER_daily_ag,4.108,8.558,1.5135,dewpoint,366.2,28.083
2016-10-10,27.22,35.1,21.67,42.7,0.0,1.33,18.78,97.82,23.18,12.56,LUD,30.9,75.85,subtropical_humid,NASA_POWER_daily_ag,4.237,8.541,1.4552,dewpoint,365.2,27.88
2016-10-11,26.93,35.55,20.61,38.87,0.0,1.44,19.04,97.87,12.26,10.46,LUD,30.9,75.85,subtropical_humid,NASA_POWER_daily_ag,4.382,8.18,1.2663,dewpoint,359.9,27.677
2016-10-12,26.62,35.26,20.48,31.96,0.0,1.4,19.31,97.82,15.68,7.49,LUD,30.9,75.85,subtropical_humid,NASA_POWER_daily_ag,4.356,7.663,1.0361,dewpoint,365.2,27.474
2016-10-13,25.18,35.51,17.48,29.89,0.0,1.65,19.59,98.02,12.97,4.48,LUD,30.9,75.85,subtropical_humid,NASA_POWER_daily_ag,4.551,7.253,0.8411,dewpoint,344.1,27.273
2016-10-14,25.74,34.72,19.7,31.67,0.0,1.38,19.9,98.12,18.48,6.28,LUD,30.9,75.85,subtropical_humid,NASA_POWER_daily_ag,4.243,7.492,0.9534,dewpoint,333.5,27.072
2016-10-15,25.79,34.91,19.11,30.59,0.0,1.6,19.31,98.21,17.73,5.84,LUD,30.9,75.85,subtropical_humid,NASA_POWER_daily_ag,4.481,7.215,0.9248,dewpoint,324.1,26.871
2016-10-16,25.98,34.44,18.44,30.51,0.0,1.24,18.67,98.35,14.61,6.35,LUD,30.9,75.85,subtropical_humid,NASA_POWER_daily_ag,3.991,7.132,0.958,dewpoint,309.3,26.672
2016-10-17,26.23,34.09,19.19,30.85,0.0,1.27,18.54,98.25,22.58,6.7,LUD,30.9,75.85,subtropical_humid,NASA_POWER_daily_ag,4.025,7.074,0.9814,dewpoint,319.8,26.474
2016-10-18,25.9,34.02,18.4,29.34,0.0,0.94,18.06,98.11,14.7,5.56,LUD,30.9,75.85,subtropical_humid,NASA_POWER_daily_ag,3.501,6.746,0.907,dewpoint,334.6,26.276
2016-10-19,25.85,33.73,18.53,29.97,0.0,1.03,16.89,98.02,20.1,5.87,LUD,30.9,75.85,subtropical_humid,NASA_POWER_daily_ag,3.533,6.48,0.9267,dewpoint,344.1,26.08
2016-10-20,26.77,34.55,19.9,29.94,0.0,0.95,16.41,97.86,10.51,7.1,LUD,30.9,75.85,subtropical_humid,NASA_POWER_daily_ag,3.435,6.403,1.0088,dewpoint,361.0,25.885
2016-10-21,25.88,34.08,20.44,32.23,0.0,0.94,15.15,98.01,21.91,7.13,LUD,30.9,75.85,subtropical_humid,NASA_POWER_daily_ag,3.238,6.064,1.0108,dewpoint,345.1,25.691
2016-10-22,25.0,33.21,19.02,35.23,0.0,1.38,15.38,98.12,23.24,7.66,LUD,30.9,75.85,subtropical_humid,NASA_POWER_daily_ag,3.705,6.207,1.0482,dewpoint,333.5,25.499
2016-10-23,23.84,33.09,17.01,35.36,0.0,1.91,15.84,98.1,23.3,6.46,LUD,30.9,75.85,subtropical_humid,NASA_POWER_daily_ag,4.199,6.153,0.9653,dewpoint,335.6,25.308
2016-10-24,24.61,33.15,18.16,27.96,0.0,1.26,15.74,97.98,27.67,3.58,LUD,30.9,75.85,subtropical_humid,NASA_POWER_daily_ag,3.586,5.626,0.7895,dewpoint,348.3,25.118
2016-10-25,23.94,33.11,15.98,30.9,0.0,1.3,15.9,98.03,17.84,4.65,LUD,30.9,75.85,subtropical_humid,NASA_POWER_daily_ag,3.554,5.816,0.8512,dewpoint,343.0,24.931
2016-10-26,24.93,33.1,19.92,30.49,0.0,1.17,15.14,98.33,17.41,5.5,LUD,30.9,75.85,subtropical_humid,NASA_POWER_daily_ag,3.39,5.567,0.9032,dewpoint,311.4,24.745
2016-10-27,22.93,32.81,15.97,33.29,0.0,1.89,16.4,98.63,18.6,4.44,LUD,30.9,75.85,subtropical_humid,NASA_POWER_daily_ag,4.095,5.733,0.8388,dewpoint,279.9,24.561
2016-10-28,23.11,32.66,16.2,31.27,0.0,1.49,15.24,98.4,28.19,3.82,LUD,30.9,75.85,subtropical_humid,NASA_POWER_daily_ag,3.62,5.385,0.803,dewpoint,304.1,24.378
2016-10-29,23.09,31.8,14.38,25.49,0.0,1.17,13.66,98.45,25.59,0.74,LUD,30.9,75.85,subtropical_humid,NASA_POWER_daily_ag,3.219,4.832,0.6445,dewpoint,298.8,24.198
2016-10-30,20.06,26.16,14.27,30.7,0.0,0.92,11.69,98.7,38.5,1.69,LUD,30.9,75.85,subtropical_humid,NASA_POWER_daily_ag,2.549,4.768,0.6901,dewpoint,272.6,24.02
2016-10-31,21.14,29.41,16.14,31.43,0.0,0.98,12.87,98.95,34.95,2.7,LUD,30.9,75.85,subtropical_humid,NASA_POWER_daily_ag,2.695,4.818,0.7418,dewpoint,246.4,23.844
2016-11-01,21.9,30.27,16.13,33.88,0.0,1.04,13.43,98.82,18.4,4.54,LUD,30.9,75.85,subtropical_humid,NASA_POWER_daily_ag,2.808,5.014,0.8447,dewpoint,260.0,23.67
2016-11-02,21.46,29.68,15.48,35.15,0.0,0.87,11.91,98.8,33.25,4.63,LUD,30.9,75.85,subtropical_humid,NASA_POWER_daily_ag,2.492,4.757,0.85,dewpoint,262.1,23.498
2016-11-03,21.84,30.26,15.9,36.87,0.0,1.06,13.86,98.83,28.6,5.74,LUD,30.9,75.85,subtropical_humid,NASA_POWER_daily_ag,2.79,5.118,0.9184,dewpoint,258.9,23.329
2016-11-04,21.88,30.29,16.64,38.45,0.0,1.18,11.03,98.52,43.11,6.35,LUD,30.9,75.85,subtropical_humid,NASA_POWER_daily_ag,2.76,4.624,0.958,dewpoint,291.5,23.162
2016-11-05,20.7,28.24,16.78,43.11,0.0,1.03,12.65,98.25,33.0,7.34,LUD,30.9,75.85,subtropical_humid,NASA_POWER_daily_ag,2.519,5.038,1.0255,dewpoint,319.8,22.998
2016-11-06,21.02,29.57,15.44,35.39,0.0,1.04,13.25,98.33,26.47,4.22,LUD,30.9,75.85,subtropical_humid,NASA_POWER_daily_ag,2.654,4.717,0.8259,dewpoint,311.4,22.836
2016-11-07,20.02,29.76,14.28,34.4,0.0,1.92,14.9,98.49,25.55,2.97,LUD,30.9,75.85,subtropical_humid,NASA_POWER_daily_ag,3.529,4.755,0.7562,dewpoint,294.6,22.677
2016-11-08,19.47,30.98,10.82,30.19,0.0,2.01,15.65,98.51,11.19,-0.01,LUD,30.9,75.85,subtropical_humid,NASA_POWER_daily_ag,3.689,4.463,0.6104,dewpoint,292.5,22.521
2016-11-09,20.57,31.09,12.89,25.32,0.0,1.67,15.43,98.62,14.31,-1.3,LUD,30.9,75.85,subtropical_humid,NASA_POWER_daily_ag,3.477,4.099,0.5554,dewpoint,281.0,22.367
2016-11-10,21.94,30.89,15.43,20.73,0.0,0.87,15.11,98.51,17.04,-2.97,LUD,30.9,75.85,subtropical_humid,NASA_POWER_daily_ag,2.505,3.694,0.4907,dewpoint,292.5,22.217
2016-11-11,19.07,29.71,11.23,26.41,0.0,1.78,12.62,98.51,24.86,-1.62,LUD,30.9,75.85,subtropical_humid,NASA_POWER_daily_ag,3.363,3.887,0.5424,dewpoint,292.5,22.069
2016-11-12,20.26,29.85,11.87,27.47,0.0,1.3,11.54,98.67,37.62,-0.02,LUD,30.9,75.85,subtropical_humid,NASA_POWER_daily_ag,2.875,3.867,0.6099,dewpoint,275.7,21.925
2016-11-13,20.78,28.84,15.07,34.57,1.94,0.99,12.42,98.86,24.28,3.94,LUD,30.9,75.85,subtropical_humid,NASA_POWER_daily_ag,2.46,4.219,0.8098,dewpoint,255.8,21.783
2016-11-14,19.77,28.36,14.74,35.62,0.0,1.23,14.16,98.8,13.03,3.42,LUD,30.9,75.85,subtropical_humid,NASA_POWER_daily_ag,2.673,4.327,0.7807,dewpoint,262.1,21.645
2016-11-15,18.43,27.25,12.88,35.18,0.0,1.53,14.72,98.81,25.16,2.01,LUD,30.9,75.85,subtropical_humid,NASA_POWER_daily_ag,2.881,4.27,0.7061,dewpoint,261.0,21.509
2016-11-16,18.03,27.51,12.04,33.84,0.0,1.67,14.61,98.92,13.84,0.88,LUD,30.9,75.85,subtropical_humid,NASA_POWER_daily_ag,2.991,4.072,0.651,dewpoint,249.5,21.377
2016-11-17,17.41,28.8,9.9,31.83,0.0,1.94,14.45,98.87,14.72,-0.82,LUD,30.9,75.85,subtropical_humid,NASA_POWER_daily_ag,3.213,3.815,0.5753,dewpoint,254.7,21.249
2016-11-18,17.71,27.72,11.22,28.19,0.0,1.65,13.83,98.62,14.02,-1.91,LUD,30.9,75.85,subtropical_humid,NASA_POWER_daily_ag,2.993,3.602,0.5309,dewpoint,281.0,21.123
2016-11-19,20.41,29.19,13.78,23.19,0.0,0.93,13.44,98.4,23.26,-2.07,LUD,30.9,75.85,subtropical_humid,NASA_POWER_daily_ag,2.353,3.331,0.5247,dewpoint,304.1,21.002
2016-11-20,18.97,27.89,10.74,27.74,0.0,1.46,13.31,98.49,16.19,-0.9,LUD,30.9,75.85,subtropical_humid,NASA_POWER_daily_ag,2.889,3.593,0.5719,dewpoint,294.6,20.883
2016-11-21,19.98,29.69,12.61,27.66,0.0,1.25,12.81,98.52,22.59,-0.3,LUD,30.9,75.85,subtropical_humid,NASA_POWER_daily_ag,2.686,3.422,0.5976,dewpoint,291.5,20.768
2016-11-22,21.1,30.03,16.31,28.66,0.0,1.0,13.62,98.42,19.55,1.54,LUD,30.9,75.85,subtropical_humid,NASA_POWER_daily_ag,2.406,3.448,0.6827,dewpoint,302.0,20.657
2016-11-23,19.13,26.7,14.01,31.74,0.0,1.31,10.78,98.46,66.67,1.23,LUD,30.9,75.85,subtropical_humid,NASA_POWER_daily_ag,2.597,3.469,0.6677,dewpoint,297.8,20.549
2016-11-24,19.79,28.4,14.91,29.17,0.0,1.83,12.92,98.68,42.69,0.3,LUD,30.9,75.85,subtropical_humid,NASA_POWER_daily_ag,3.264,3.307,0.6243,dewpoint,274.7,20.445
2016-11-25,19.7,30.45,11.63,28.62,0.0,2.43,13.83,98.59,22.3,-0.27,LUD,30.9,75.85,subtropical_humid,NASA_POWER_daily_ag,3.89,3.249,0.5989,dewpoint,284.1,20.345
2016-11-26,20.44,31.07,13.09,33.3,0.0,2.37,13.88,98.53,23.38,2.56,LUD,30.9,75.85,subtropical_humid,NASA_POWER_daily_ag,3.771,3.481,0.7344,dewpoint,290.4,20.248
2016-11-27,19.89,30.8,12.53,28.77,0.0,2.24,13.81,98.57,8.88,-0.79,LUD,30.9,75.85,subtropical_humid,NASA_POWER_daily_ag,3.722,3.024,0.5766,dewpoint,286.2,20.156
2016-11-28,18.82,30.15,10.23,20.74,0.0,1.97,14.58,98.46,12.22,-6.03,LUD,30.9,75.85,subtropical_humid,NASA_POWER_daily_ag,3.454,2.475,0.3894,dewpoint,297.8,20.067
2016-11-29,20.78,29.91,15.23,16.56,0.0,0.8,13.45,98.63,16.53,-6.3,LUD,30.9,75.85,subtropical_humid,NASA_POWER_daily_ag,2.004,2.22,0.3814,dewpoint,279.9,19.982
2016-11-30,18.75,27.34,10.44,21.39,0.0,1.43,11.6,98.81,17.83,-4.58,LUD,30.9,75.85,subtropical_humid,NASA_POWER_daily_ag,2.812,2.788,0.4348,dewpoint,261.0,19.9
2016-12-01,17.88,26.66,11.88,25.02,0.0,1.29,11.34,98.9,31.67,-3.06,LUD,30.9,75.85,subtropical_humid,NASA_POWER_daily_ag,2.507,2.865,0.4874,dewpoint,251.6,19.823
2016-12-02,18.22,27.95,12.88,30.49,0.0,1.39,12.99,98.95,18.16,-0.48,LUD,30.9,75.85,subtropical_humid,NASA_POWER_daily_ag,2.561,2.979,0.5898,dewpoint,246.4,19.75
2016-12-03,18.39,27.69,11.98,24.19,0.0,1.16,12.25,99.08,12.26,-3.33,LUD,30.9,75.85,subtropical_humid,NASA_POWER_daily_ag,2.371,2.693,0.4777,dewpoint,232.8,19.681
2016-12-04,18.28,26.36,13.13,24.17,0.0,1.24,11.63,99.11,20.48,-2.97,LUD,30.9,75.85,subtropical_humid,NASA_POWER_daily_ag,2.454,2.731,0.4907,dewpoint,229.6,19.615
2016-12-05,18.11,26.84,11.74,27.26,0.0,1.43,11.72,98.89,14.01,-1.83,LUD,30.9,75.85,subtropical_humid,NASA_POWER_daily_ag,2.631,2.848,0.5341,dewpoint,252.7,19.554
2016-12-06,18.89,27.35,13.0,26.67,0.0,1.04,11.73,98.96,10.52,-1.28,LUD,30.9,75.85,subtropical_humid,NASA_POWER_daily_ag,2.214,2.802,0.5562,dewpoint,245.3,19.497
2016-12-07,19.04,27.36,13.45,28.47,0.0,1.11,10.77,98.85,36.33,-0.21,LUD,30.9,75.85,subtropical_humid,NASA_POWER_daily_ag,2.288,2.88,0.6015,dewpoint,256.8,19.444
2016-12-08,18.09,26.1,11.94,31.99,0.0,1.07,8.68,98.73,40.17,0.58,LUD,30.9,75.85,subtropical_humid,NASA_POWER_daily_ag,2.147,3.002,0.6371,dewpoint,269.4,19.395
2016-12-09,17.61,26.01,12.09,34.26,0.0,0.89,10.07,98.54,38.71,1.09,LUD,30.9,75.85,subtropical_humid,NASA_POWER_daily_ag,1.895,3.052,0.661,dewpoint,289.4,19.351
2016-12-10,17.81,27.5,10.21,36.27,0.0,2.15,9.91,98.47,35.37,1.25,LUD,30.9,75.85,subtropical_humid,NASA_POWER_daily_ag,3.132,3.052,0.6687,dewpoint,296.7,19.31
2016-12-11,18.55,26.89,12.55,34.98,0.0,1.32,7.57,98.51,58.16,2.3,LUD,30.9,75.85,subtropical_humid,NASA_POWER_daily_ag,2.372,3.015,0.7209,dewpoint,292.5,19.274
2016-12-12,17.24,25.13,11.85,35.81,0.0,1.35,7.06,98.58,34.65,1.08,LUD,30.9,75.85,subtropical_humid,NASA_POWER_daily_ag,2.316,2.977,0.6605,dewpoint,285.2,19.242
2016-12-13,16.73,24.84,11.92,36.19,0.0,1.46,7.35,98.75,40.83,1.19,LUD,30.9,75.85,subtropical_humid,NASA_POWER_daily_ag,2.355,2.983,0.6658,dewpoint,267.3,19.214
2016-12-14,15.76,25.4,9.04,33.31,0.0,1.74,11.11,98.89,21.4,-1.61,LUD,30.9,75.85,subtropical_humid,NASA_POWER_daily_ag,2.642,2.871,0.5428,dewpoint,252.7,19.19
2016-12-15,15.53,24.68,7.86,27.6,0.0,1.72,11.55,98.81,20.55,-3.93,LUD,30.9,75.85,subtropical_humid,NASA_POWER_daily_ag,2.701,2.725,0.4567,dewpoint,261.0,19.171
2016-12-16,15.4,22.5,10.37,29.18,0.0,1.11,11.4,98.97,35.35,-2.79,LUD,30.9,75.85,subtropical_humid,NASA_POWER_daily_ag,2.043,2.82,0.4974,dewpoint,244.3,19.156
2016-12-17,14.59,23.43,7.62,33.72,0.0,1.6,12.8,98.95,11.72,-1.91,LUD,30.9,75.85,subtropical_humid,NASA_POWER_daily_ag,2.405,2.972,0.5309,dewpoint,246.4,19.145
2016-12-18,15.25,24.47,8.41,29.57,0.0,1.47,12.89,98.93,32.45,-3.51,LUD,30.9,75.85,subtropical_humid,NASA_POWER_daily_ag,2.399,2.706,0.4713,dewpoint,248.5,19.138
2016-12-19,15.41,25.57,9.11,29.04,0.0,1.74,12.53,98.95,8.93,-3.14,LUD,30.9,75.85,subtropical_humid,NASA_POWER_daily_ag,2.646,2.662,0.4845,dewpoint,246.4,19.136
2016-12-20,14.98,26.59,7.29,32.12,0.0,2.23,13.25,98.81,2.11,-2.63,LUD,30.9,75.85,subtropical_humid,NASA_POWER_daily_ag,2.983,2.735,0.5033,dewpoint,261.0,19.138
2016-12-21,14.51,25.75,6.1,28.95,0.0,1.72,13.74,98.75,15.25,-4.63,LUD,30.9,75.85,subtropical_humid,NASA_POWER_daily_ag,2.583,2.608,0.4332,dewpoint,267.3,19.144
2016-12-22,16.13,27.71,7.16,20.52,0.0,1.58,13.63,98.72,9.42,-7.68,LUD,30.9,75.85,subtropical_humid,NASA_POWER_daily_ag,2.673,2.118,0.3428,dewpoint,270.5,19.154
2016-12-23,17.34,26.49,10.22,18.39,0.0,1.0,12.39,98.54,20.15,-7.2,LUD,30.9,75.85,subtropical_humid,NASA_POWER_daily_ag,2.077,2.2,0.3558,dewpoint,289.4,19.169
2016-12-24,16.37,24.11,8.5,24.72,0.0,1.33,9.01,98.32,26.16,-4.1,LUD,30.9,75.85,subtropical_humid,NASA_POWER_daily_ag,2.418,2.785,0.4509,dewpoint,312.5,19.188
2016-12-25,14.78,23.56,9.61,28.58,0.04,1.03,10.28,98.66,20.6,-3.78,LUD,30.9,75.85,subtropical_humid,NASA_POWER_daily_ag,1.93,2.769,0.4618,dewpoint,276.8,19.211
2016-12-26,13.37,24.35,6.79,25.1,1.14,1.66,12.88,98.88,3.35,-7.96,LUD,30.9,75.85,subtropical_humid,NASA_POWER_daily_ag,2.51,2.404,0.3354,dewpoint,253.7,19.239
2016-12-27,15.51,24.86,8.67,19.32,0.0,1.36,12.11,98.86,18.65,-8.03,LUD,30.9,75.85,subtropical_humid,NASA_POWER_daily_ag,2.423,2.348,0.3336,dewpoint,255.8,19.271
2016-12-28,17.16,25.14,10.83,18.54,0.0,1.05,11.19,98.74,42.37,-7.28,LUD,30.9,75.85,subtropical_humid,NASA_POWER_daily_ag,2.178,2.39,0.3536,dewpoint,268.4,19.307
2016-12-29,15.99,24.98,8.96,23.4,0.0,1.52,10.47,98.8,28.22,-5.35,LUD,30.9,75.85,subtropical_humid,NASA_POWER_daily_ag,2.614,2.668,0.4101,dewpoint,262.1,19.347
2016-12-30,13.85,22.98,7.42,29.2,0.0,1.81,9.4,98.88,27.68,-4.37,LUD,30.9,75.85,subtropical_humid,NASA_POWER_daily_ag,2.619,2.893,0.4418,dewpoint,253.7,19.391
2016-12-31,13.59,21.07,7.78,36.4,0.0,1.71,9.36,98.8,32.05,-1.54,LUD,30.9,75.85,subtropical_humid,NASA_POWER_daily_ag,2.371,3.142,0.5456,dewpoint,262.1,19.44
2017-01-01,14.95,22.58,9.45,47.07,0.0,1.33,11.59,98.88,8.78,3.41,LUD,30.9,75.85,subtropical_humid,NASA_POWER_daily_ag,2.011,3.597,0.7801,dewpoint,253.7,19.44
2017-01-02,15.91,24.17,11.04,48.78,0.03,1.11,12.44,99.05,4.82,4.53,LUD,30.9,75.85,subtropical_humid,NASA_POWER_daily_ag,1.909,3.697,0.8441,dewpoint,235.9,19.492
2017-01-03,16.38,23.89,10.68,44.26,0.02,1.13,9.47,99.0,55.53,3.45,LUD,30.9,75.85,subtropical_humid,NASA_POWER_daily_ag,1.973,3.385,0.7823,dewpoint,241.1,19.549
2017-01-04,17.05,24.15,10.83,42.84,0.01,1.24,9.58,98.72,16.83,3.8,LUD,30.9,75.85,subtropical_humid,NASA_POWER_daily_ag,2.13,3.436,0.8019,dewpoint,270.5,19.61
2017-01-05,16.42,24.8,10.53,43.26,0.1,1.11,9.23,98.61,46.66,3.29,LUD,30.9,75.85,subtropical_humid,NASA_POWER_daily_ag,1.968,3.381,0.7735,dewpoint,282.0,19.675
2017-01-06,15.11,21.79,9.0,49.8,8.6,1.64,4.26,98.35,73.79,4.13,LUD,30.9,75.85,subtropical_humid,NASA_POWER_daily_ag,2.057,3.025,0.8207,dewpoint,309.3,19.745
2017-01-07,13.04,18.11,9.24,74.48,11.13,1.67,6.51,98.34,57.17,8.34,LUD,30.9,75.85,subtropical_humid,NASA_POWER_daily_ag,1.389,3.494,1.0979,dewpoint,310.4,19.818
2017-01-08,12.1,17.53,8.19,70.21,0.17,1.03,8.35,98.74,36.33,6.04,LUD,30.9,75.85,subtropical_humid,NASA_POWER_daily_ag,1.339,3.741,0.9377,dewpoint,268.4,19.895
2017-01-09,9.91,17.97,4.5,56.41,0.0,1.55,13.44,98.8,3.29,-0.12,LUD,30.9,75.85,subtropical_humid,NASA_POWER_daily_ag,1.829,4.009,0.6055,dewpoint,262.1,19.976
2017-01-10,8.23,18.11,1.07,38.86,0.0,1.91,14.61,98.79,3.76,-6.18,LUD,30.9,75.85,subtropical_humid,NASA_POWER_daily_ag,2.157,3.659,0.3849,dewpoint,263.1,20.062
2017-01-11,8.6,18.75,1.16,37.18,0.03,1.62,14.38,98.79,3.35,-6.02,LUD,30.9,75.85,subtropical_humid,NASA_POWER_daily_ag,2.031,3.665,0.3896,dewpoint,263.1,20.151
2017-01-12,8.98,18.49,1.27,32.45,0.0,1.48,14.42,98.78,8.44,-7.38,LUD,30.9,75.85,subtropical_humid,NASA_POWER_daily_ag,2.046,3.594,0.3509,dewpoint,264.2,20.244
2017-01-13,10.2,18.97,4.52,29.08,0.0,1.19,14.02,98.88,9.16,-7.55,LUD,30.9,75.85,subtropical_humid,NASA_POWER_daily_ag,1.934,3.424,0.3463,dewpoint,253.7,20.341
2017-01-14,9.96,17.65,5.39,36.42,0.0,2.33,7.1,99.04,95.45,-4.74,LUD,30.9,75.85,subtropical_humid,NASA_POWER_daily_ag,2.49,3.292,0.4296,dewpoint,236.9,20.442
2017-01-15,11.5,17.59,7.23,59.5,3.09,1.52,10.42,99.05,80.96,3.5,LUD,30.9,75.85,subtropical_humid,NASA_POWER_daily_ag,1.745,4.092,0.7851,dewpoint,235.9,20.546
2017-01-16,11.55,18.75,7.24,68.15,2.53,1.4,5.82,98.86,56.65,5.22,LUD,30.9,75.85,subtropical_humid,NASA_POWER_daily_ag,1.413,3.426,0.8858,dewpoint,255.8,20.654
2017-01-17,11.21,18.64,5.6,58.45,0.13,1.41,6.21,98.93,53.3,2.65,LUD,30.9,75.85,subtropical_humid,NASA_POWER_daily_ag,1.608,3.46,0.7391,dewpoint,248.5,20.766
2017-01-18,12.06,19.93,7.31,49.42,0.02,1.01,9.39,99.35,39.2,1.07,LUD,30.9,75.85,subtropical_humid,NASA_POWER_daily_ag,1.662,3.806,0.66,dewpoint,204.6,20.882
2017-01-19,10.37,19.09,4.0,59.42,0.0,2.13,14.89,99.55,15.64,1.58,LUD,30.9,75.85,subtropical_humid,NASA_POWER_daily_ag,2.127,4.794,0.6847,dewpoint,183.7,21.001
2017-01-20,10.58,21.93,2.17,55.44,0.0,1.63,14.57,99.34,38.57,0.43,LUD,30.9,75.85,subtropical_humid,NASA_POWER_daily_ag,2.027,4.602,0.6302,dewpoint,205.6,21.124
2017-01-21,10.63,15.78,7.44,47.33,0.43,1.03,8.21,99.2,94.75,-0.28,LUD,30.9,75.85,subtropical_humid,NASA_POWER_daily_ag,1.596,3.768,0.5985,dewpoint,220.2,21.25
2017-01-22,14.39,23.82,9.4,41.9,0.1,1.11,13.2,99.36,45.86,0.6,LUD,30.9,75.85,subtropical_humid,NASA_POWER_daily_ag,2.086,4.184,0.638,dewpoint,203.5,21.38
2017-01-23,14.02,23.72,7.29,41.31,0.0,1.3,11.63,99.18,63.5,-0.02,LUD,30.9,75.85,subtropical_humid,NASA_POWER_daily_ag,2.209,4.084,0.6099,dewpoint,222.3,21.513
2017-01-24,13.56,20.81,8.01,48.91,0.19,1.22,9.19,99.05,89.65,2.15,LUD,30.9,75.85,subtropical_humid,NASA_POWER_daily_ag,1.946,4.024,0.7133,dewpoint,235.9,21.65
2017-01-25,13.38,16.93,11.43,84.0,13.82,1.52,7.36,99.01,95.61,10.66,LUD,30.9,75.85,subtropical_humid,NASA_POWER_daily_ag,1.239,4.126,1.2833,dewpoint,240.1,21.789
2017-01-26,12.0,14.79,8.8,92.77,28.0,2.11,4.12,98.99,89.38,10.86,LUD,30.9,75.85,subtropical_humid,NASA_POWER_daily_ag,0.815,3.254,1.3005,dewpoint,242.2,21.932
2017-01-27,12.65,20.41,7.77,77.45,0.32,0.93,12.73,99.05,47.93,8.32,LUD,30.9,75.85,subtropical_humid,NASA_POWER_daily_ag,1.544,5.39,1.0964,dewpoint,235.9,22.079
2017-01-28,13.4,21.06,7.2,68.41,0.0,1.49,9.81,99.12,74.29,6.96,LUD,30.9,75.85,subtropical_humid,NASA_POWER_daily_ag,1.777,4.606,0.9991,dewpoint,228.6,22.228
2017-01-29,15.11,24.17,9.89,53.56,0.0,1.61,13.14,98.86,85.78,4.95,LUD,30.9,75.85,subtropical_humid,NASA_POWER_daily_ag,2.384,5.003,0.8693,dewpoint,255.8,22.38
2017-01-30,15.76,24.3,9.9,50.33,0.0,1.1,10.92,98.74,50.43,4.64,LUD,30.9,75.85,subtropical_humid,NASA_POWER_daily_ag,2.085,4.607,0.8506,dewpoint,268.4,22.535
2017-01-31,15.46,23.11,10.4,57.36,0.09,1.73,14.56,98.75,13.43,6.57,LUD,30.9,75.85,subtropical_humid,NASA_POWER_daily_ag,2.472,5.623,0.9727,dewpoint,267.3,22.693
2017-02-01,14.62,23.5,7.48,56.53,0.0,1.3,15.79,98.88,52.68,4.98,LUD,30.9,75.85,subtropical_humid,NASA_POWER_daily_ag,2.31,5.822,0.8711,dewpoint,253.7,22.854
2017-02-02,15.46,21.93,11.13,45.82,0.0,0.74,12.38,99.11,96.5,3.45,LUD,30.9,75.85,subtropical_humid,NASA_POWER_daily_ag,1.926,4.953,0.7823,dewpoint,229.6,23.018
2017-02-03,14.96,22.3,8.14,51.23,0.0,0.91,12.08,98.93,98.53,4.13,LUD,30.9,75.85,subtropical_humid,NASA_POWER_daily_ag,2.002,5.082,0.8207,dewpoint,248.5,23.184
2017-02-04,16.6,24.33,10.43,49.06,0.92,3.15,8.88,98.46,99.08,5.21,LUD,30.9,75.85,subtropical_humid,NASA_POWER_daily_ag,3.367,4.435,0.8852,dewpoint,297.8,23.353
2017-02-05,13.83,15.76,12.24,77.01,4.23,2.01,9.68,98.6,51.64,9.84,LUD,30.9,75.85,subtropical_humid,NASA_POWER_daily_ag,1.708,5.069,1.2149,dewpoint,283.1,23.525
2017-02-06,12.81,21.03,6.63,59.86,0.06,1.57,16.09,98.85,9.36,3.69,LUD,30.9,75.85,subtropical_humid,NASA_POWER_daily_ag,2.36,6.186,0.7957,dewpoint,256.8,23.699
2017-02-07,13.24,21.87,5.38,46.73,0.0,1.36,16.52,98.8,51.18,1.22,LUD,30.9,75.85,subtropical_humid,NASA_POWER_daily_ag,2.483,6.051,0.6672,dewpoint,262.1,23.875
2017-02-08,14.82,22.48,9.44,44.14,0.0,1.09,12.88,98.68,57.72,2.12,LUD,30.9,75.85,subtropical_humid,NASA_POWER_daily_ag,2.278,5.291,0.7117,dewpoint,274.7,24.054
2017-02-09,13.5,22.29,7.3,45.11,0.0,1.68,16.1,98.83,9.95,1.02,LUD,30.9,75.85,subtropical_humid,NASA_POWER_daily_ag,2.717,5.977,0.6577,dewpoint,258.9,24.235
2017-02-10,13.68,23.44,5.85,50.38,0.0,1.65,18.13,98.74,2.32,2.41,LUD,30.9,75.85,subtropical_humid,NASA_POWER_daily_ag,2.752,6.667,0.7266,dewpoint,268.4,24.418
2017-02-11,15.01,24.77,7.64,40.74,0.0,1.27,18.27,98.83,8.76,0.47,LUD,30.9,75.85,subtropical_humid,NASA_POWER_daily_ag,2.768,6.343,0.632,dewpoint,258.9,24.603
2017-02-12,15.36,24.12,9.14,39.07,0.0,0.96,17.68,99.2,10.86,0.68,LUD,30.9,75.85,subtropical_humid,NASA_POWER_daily_ag,2.533,6.287,0.6417,dewpoint,220.2,24.79
2017-02-13,15.19,25.23,7.06,43.7,0.0,1.57,17.9,99.34,5.62,1.96,LUD,30.9,75.85,subtropical_humid,NASA_POWER_daily_ag,2.97,6.61,0.7036,dewpoint,205.6,24.979
2017-02-14,15.71,26.83,7.09,46.66,0.0,1.54,14.73,99.3,62.49,2.85,LUD,30.9,75.85,subtropical_humid,NASA_POWER_daily_ag,2.83,6.004,0.7497,dewpoint,209.8,25.17
2017-02-15,18.68,27.96,12.05,44.42,0.0,1.37,16.4,99.21,72.98,5.21,LUD,30.9,75.85,subtropical_humid,NASA_POWER_daily_ag,3.076,6.512,0.8852,dewpoint,219.2,25.363
2017-02-16,20.47,29.84,14.05,47.21,0.0,1.91,15.86,99.01,87.62,7.79,LUD,30.9,75.85,subtropical_humid,NASA_POWER_daily_ag,3.592,6.649,1.0575,dewpoint,240.1,25.557
2017-02-17,20.5,29.67,14.39,52.23,0.0,2.07,15.11,98.91,90.45,9.44,LUD,30.9,75.85,subtropical_humid,NASA_POWER_daily_ag,3.533,6.728,1.1826,dewpoint,250.6,25.752
2017-02-18,19.92,29.56,13.05,56.4,0.0,1.77,14.3,98.9,88.78,10.0,LUD,30.9,75.85,subtropical_humid,NASA_POWER_daily_ag,3.145,6.661,1.228,dewpoint,251.6,25.95
2017-02-19,21.92,30.18,15.38,50.03,0.23,1.1,14.08,98.57,72.23,10.05,LUD,30.9,75.85,subtropical_humid,NASA_POWER_daily_ag,2.948,6.578,1.2321,dewpoint,286.2,26.148
2017-02-20,20.15,29.02,14.45,50.05,0.71,2.17,15.05,97.87,40.22,8.32,LUD,30.9,75.85,subtropical_humid,NASA_POWER_daily_ag,3.673,6.778,1.0964,dewpoint,359.9,26.348
2017-02-21,18.1,26.18,11.82,51.5,1.06,1.33,17.08,97.92,18.54,6.43,LUD,30.9,75.85,subtropical_humid,NASA_POWER_daily_ag,3.067,7.362,0.9633,dewpoint,354.6,26.549
2017-02-22,17.29,25.85,11.49,35.49,0.01,1.33,19.82,98.45,1.85,0.55,LUD,30.9,75.85,subtropical_humid,NASA_POWER_daily_ag,3.34,7.33,0.6357,dewpoint,298.8,26.751
2017-02-23,15.97,26.48,7.74,37.29,0.0,2.37,20.06,98.74,0.98,-0.8,LUD,30.9,75.85,subtropical_humid,NASA_POWER_daily_ag,4.057,7.423,0.5761,dewpoint,268.4,26.954
2017-02-24,15.89,27.04,6.94,36.33,0.0,2.47,20.92,98.84,3.16,-1.03,LUD,30.9,75.85,subtropical_humid,NASA_POWER_daily_ag,4.181,7.674,0.5665,dewpoint,257.9,27.158
2017-02-25,17.08,27.67,8.62,38.18,0.0,1.94,18.86,98.7,15.07,0.66,LUD,30.9,75.85,subtropical_humid,NASA_POWER_daily_ag,3.822,7.381,0.6408,dewpoint,272.6,27.363
2017-02-26,17.95,29.16,9.26,40.11,0.0,2.01,21.37,98.46,1.15,2.59,LUD,30.9,75.85,subtropical_humid,NASA_POWER_daily_ag,4.063,8.25,0.736,dewpoint,297.8,27.569
2017-02-27,19.44,28.87,10.22,34.31,0.0,1.43,20.75,98.6,19.87,1.44,LUD,30.9,75.85,subtropical_humid,NASA_POWER_daily_ag,3.836,7.965,0.6779,dewpoint,283.1,27.775
2017-02-28,19.17,27.46,13.8,34.83,0.01,1.41,14.97,98.7,65.53,2.04,LUD,30.9,75.85,subtropical_humid,NASA_POWER_daily_ag,3.412,6.592,0.7077,dewpoint,272.6,27.982
2017-03-01,19.41,28.26,11.76,43.69,0.06,1.36,19.59,98.57,5.24,5.51,LUD,30.9,75.85,subtropical_humid,NASA_POWER_daily_ag,3.598,8.372,0.9039,dewpoint,286.2,28.189
2017-03-02,18.42,27.26,12.07,41.03,0.06,1.55,21.09,98.55,7.08,3.32,LUD,30.9,75.85,subtropical_humid,NASA_POWER_daily_ag,3.806,8.578,0.7751,dewpoint,288.3,28.396
2017-03-03,17.85,26.85,10.15,41.84,0.0,1.74,18.55,98.36,42.68,3.38,LUD,30.9,75.85,subtropical_humid,NASA_POWER_daily_ag,3.731,8.049,0.7784,dewpoint,308.3,28.604
2017-03-04,17.2,26.9,9.17,37.11,0.0,1.95,21.24,98.27,7.48,0.47,LUD,30.9,75.85,subtropical_humid,NASA_POWER_daily_ag,4.113,8.525,0.632,dewpoint,317.7,28.812
2017-03-05,17.77,28.0,9.26,36.42,0.0,2.47,21.83,98.34,3.69,0.82,LUD,30.9,75.85,subtropical_humid,NASA_POWER_daily_ag,4.628,8.739,0.6482,dewpoint,310.4,29.021
2017-03-06,18.85,28.46,9.68,35.51,0.0,1.95,20.5,98.27,32.46,1.77,LUD,30.9,75.85,subtropical_humid,NASA_POWER_daily_ag,4.318,8.538,0.6941,dewpoint,317.7,29.229
2017-03-07,18.04,23.95,14.35,51.26,0.93,1.76,16.69,98.26,75.72,7.46,LUD,30.9,75.85,subtropical_humid,NASA_POWER_daily_ag,3.417,8.16,1.0339,dewpoint,318.8,29.437
2017-03-08,18.04,23.85,13.3,56.7,9.97,1.26,10.33,98.18,67.84,8.91,LUD,30.9,75.85,subtropical_humid,NASA_POWER_daily_ag,2.51,6.112,1.1411,dewpoint,327.2,29.645
2017-03-09,18.09,25.69,10.9,54.07,7.85,1.84,12.81,98.0,78.39,7.58,LUD,30.9,75.85,subtropical_humid,NASA_POWER_daily_ag,3.187,6.957,1.0425,dewpoint,346.2,29.853
2017-03-10,17.34,25.01,11.89,50.39,2.3,1.39,18.14,97.89,53.28,5.66,LUD,30.9,75.85,subtropical_humid,NASA_POWER_daily_ag,3.351,8.644,0.9133,dewpoint,357.8,30.06
2017-03-11,15.33,22.35,8.95,49.52,10.5,1.3,18.34,98.21,21.14,2.94,LUD,30.9,75.85,subtropical_humid,NASA_POWER_daily_ag,3.187,8.656,0.7545,dewpoint,324.1,30.267
2017-03-12,15.67,23.39,9.37,36.44,0.01,1.45,22.33,98.65,25.15,0.04,LUD,30.9,75.85,subtropical_humid,NASA_POWER_daily_ag,3.73,9.55,0.6126,dewpoint,277.8,30.473
2017-03-13,16.19,25.66,8.59,35.03,0.0,1.95,22.19,98.64,7.29,-0.98,LUD,30.9,75.85,subtropical_humid,NASA_POWER_daily_ag,4.214,9.356,0.5686,dewpoint,278.9,30.679
2017-03-14,17.31,26.43,8.98,35.25,0.0,1.27,20.9,98.83,45.62,0.53,LUD,30.9,75.85,subtropical_humid,NASA_POWER_daily_ag,3.717,9.163,0.6348,dewpoint,258.9,30.884
2017-03-15,18.33,26.09,11.8,38.08,0.01,1.64,18.15,98.73,43.97,2.9,LUD,30.9,75.85,subtropical_humid,NASA_POWER_daily_ag,3.888,8.547,0.7524,dewpoint,269.4,31.089
2017-03-16,19.06,28.01,11.79,50.81,0.2,1.96,13.72,98.47,67.02,7.34,LUD,30.9,75.85,subtropical_humid,NASA_POWER_daily_ag,3.586,7.446,1.0255,dewpoint,296.7,31.292
2017-03-17,19.86,28.07,12.98,47.86,0.14,1.73,21.94,98.31,4.33,7.46,LUD,30.9,75.85,subtropical_humid,NASA_POWER_daily_ag,4.273,10.427,1.0339,dewpoint,313.5,31.495
2017-03-18,21.31,30.39,12.81,37.06,0.0,1.59,22.34,98.23,13.07,4.08,LUD,30.9,75.85,subtropical_humid,NASA_POWER_daily_ag,4.605,9.993,0.8179,dewpoint,321.9,31.697
2017-03-19,21.75,30.41,15.11,36.22,0.0,1.67,22.15,98.4,28.35,5.08,LUD,30.9,75.85,subtropical_humid,NASA_POWER_daily_ag,4.692,10.039,0.8772,dewpoint,304.1,31.897
2017-03-20,22.48,32.45,13.5,37.44,0.0,2.29,22.1,98.46,45.23,5.54,LUD,30.9,75.85,subtropical_humid,NASA_POWER_daily_ag,5.366,10.117,0.9057,dewpoint,297.8,32.097
2017-03-21,24.86,34.08,17.77,33.29,0.0,1.42,21.33,98.45,43.68,6.23,LUD,30.9,75.85,subtropical_humid,NASA_POWER_daily_ag,4.79,9.771,0.9501,dewpoint,298.8,32.295
2017-03-22,26.16,35.2,18.71,37.5,0.0,1.79,20.55,98.32,57.47,9.3,LUD,30.9,75.85,subtropical_humid,NASA_POWER_daily_ag,5.225,9.957,1.1715,dewpoint,312.5,32.492
2017-03-23,26.48,35.48,18.91,38.97,0.0,2.09,20.61,98.28,61.4,10.02,LUD,30.9,75.85,subtropical_humid,NASA_POWER_daily_ag,5.567,10.127,1.2296,dewpoint,316.7,32.688
2017-03-24,25.11,35.05,16.87,34.64,0.0,2.25,22.69,98.31,42.34,6.41,LUD,30.9,75.85,subtropical_humid,NASA_POWER_daily_ag,5.884,10.417,0.962,dewpoint,313.5,32.882
2017-03-25,24.83,35.32,15.8,32.41,0.0,2.09,23.62,98.28,20.08,5.22,LUD,30.9,75.85,subtropical_humid,NASA_POWER_daily_ag,5.82,10.622,0.8858,dewpoint,316.7,33.075
2017-03-26,26.75,36.67,17.33,35.55,0.0,3.02,24.06,98.35,11.91,8.6,LUD,30.9,75.85,subtropical_humid,NASA_POWER_daily_ag,6.996,11.289,1.1174,dewpoint,309.3,33.266
2017-03-27,28.0,38.86,18.06,36.98,0.0,2.16,22.15,98.22,16.17,10.1,LUD,30.9,75.85,subtropical_humid,NASA_POWER_daily_ag,6.125,10.791,1.2362,dewpoint,323.0,33.456
2017-03-28,28.69,38.51,19.8,34.92,0.0,1.95,21.59,98.18,63.9,9.87,LUD,30.9,75.85,subtropical_humid,NASA_POWER_daily_ag,5.982,10.548,1.2173,dewpoint,327.2,33.644
2017-03-29,28.97,38.58,21.42,36.94,0.0,2.28,22.04,98.06,52.99,11.27,LUD,30.9,75.85,subtropical_humid,NASA_POWER_daily_ag,6.378,10.95,1.3365,dewpoint,339.9,33.83
2017-03-30,28.42,36.88,19.62,33.41,0.0,2.4,21.42,98.03,70.99,8.99,LUD,30.9,75.85,subtropical_humid,NASA_POWER_daily_ag,6.522,10.518,1.1473,dewpoint,343.0,34.015
2017-03-31,30.17,39.59,21.29,35.43,0.0,2.07,21.38,98.08,57.12,11.88,LUD,30.9,75.85,subtropical_humid,NASA_POWER_daily_ag,6.301,10.858,1.3915,dewpoint,337.7,34.197
2017-04-01,29.66,39.08,22.27,31.44,0.0,2.22,24.0,97.91,7.86,9.09,LUD,30.9,75.85,subtropical_humid,NASA_POWER_daily_ag,6.792,11.361,1.1551,dewpoint,355.7,34.378
2017-04-02,28.47,39.05,18.49,28.5,0.0,2.32,24.81,97.74,9.89,6.11,LUD,30.9,75.85,subtropical_humid,NASA_POWER_daily_ag,6.924,11.319,0.9423,dewpoint,373.6,34.557
2017-04-03,29.0,38.96,19.82,26.29,0.01,1.75,24.18,97.78,49.07,5.84,LUD,30.9,75.85,subtropical_humid,NASA_POWER_daily_ag,6.233,11.058,0.9248,dewpoint,369.4,34.734
2017-04-04,29.06,36.78,24.05,29.79,0.8,1.44,13.92,97.89,74.91,8.43,LUD,30.9,75.85,subtropical_humid,NASA_POWER_daily_ag,4.722,7.812,1.1046,dewpoint,357.8,34.909
2017-04-05,27.09,34.83,22.34,45.95,8.97,3.71,11.15,97.58,83.07,13.44,LUD,30.9,75.85,subtropical_humid,NASA_POWER_daily_ag,5.844,7.121,1.5414,dewpoint,390.5,35.082
2017-04-06,26.53,34.35,20.52,44.4,0.21,4.12,17.58,97.34,83.24,11.85,LUD,30.9,75.85,subtropical_humid,NASA_POWER_daily_ag,6.894,9.757,1.3888,dewpoint,416.0,35.252
2017-04-07,24.47,32.64,17.42,34.1,0.14,1.46,23.33,98.0,41.79,4.26,LUD,30.9,75.85,subtropical_humid,NASA_POWER_daily_ag,5.264,11.141,0.8283,dewpoint,346.2,35.421
2017-04-08,23.68,33.23,14.33,29.59,0.0,2.36,25.54,98.34,28.49,2.25,LUD,30.9,75.85,subtropical_humid,NASA_POWER_daily_ag,6.392,11.761,0.7184,dewpoint,310.4,35.587
2017-04-09,23.14,33.06,13.75,23.41,0.0,3.21,27.41,98.45,5.73,-2.27,LUD,30.9,75.85,subtropical_humid,NASA_POWER_daily_ag,7.476,11.796,0.517,dewpoint,298.8,35.751
2017-04-10,24.49,35.63,14.08,23.93,0.0,3.48,26.89,98.18,23.32,0.09,LUD,30.9,75.85,subtropical_humid,NASA_POWER_daily_ag,7.902,11.857,0.6148,dewpoint,327.2,35.913
2017-04-11,26.36,38.11,14.74,26.4,0.0,3.07,26.63,97.97,19.53,2.9,LUD,30.9,75.85,subtropical_humid,NASA_POWER_daily_ag,7.779,12.086,0.7524,dewpoint,349.3,36.073
2017-04-12,28.28,40.43,16.96,24.94,0.0,2.86,27.29,97.88,17.13,2.93,LUD,30.9,75.85,subtropical_humid,NASA_POWER_daily_ag,8.019,12.104,0.754,dewpoint,358.8,36.23
2017-04-13,29.44,40.55,19.79,22.29,0.0,1.28,26.51,97.93,35.17,2.92,LUD,30.9,75.85,subtropical_humid,NASA_POWER_daily_ag,5.956,11.744,0.7535,dewpoint,353.6,36.385
2017-04-14,31.21,41.45,22.79,21.85,0.0,1.53,26.62,97.79,16.0,5.14,LUD,30.9,75.85,subtropical_humid,NASA_POWER_daily_ag,6.568,12.023,0.8809,dewpoint,368.3,36.537
2017-04-15,32.24,42.67,23.06,20.37,0.0,2.7,27.15,97.58,12.57,4.33,LUD,30.9,75.85,subtropical_humid,NASA_POWER_daily_ag,8.559,12.012,0.8323,dewpoint,390.5,36.687
2017-04-16,32.65,44.57,21.92,20.27,0.0,1.56,27.41,97.58,2.44,3.84,LUD,30.9,75.85,subtropical_humid,NASA_POWER_daily_ag,6.869,11.99,0.8041,dewpoint,390.5,36.835
2017-04-17,33.99,43.71,22.84,15.8,0.0,1.51,25.75,97.75,25.42,2.42,LUD,30.9,75.85,subtropical_humid,NASA_POWER_daily_ag,6.8,11.27,0.7271,dewpoint,372.6,36.98
2017-04-18,35.09,45.1,26.33,14.47,0.0,1.95,25.04,97.57,26.96,2.67,LUD,30.9,75.85,subtropical_humid,NASA_POWER_daily_ag,7.623,10.891,0.7402,dewpoint,391.6,37.123
2017-04-19,34.3,44.7,24.16,12.77,0.0,2.09,23.91,97.36,52.18,0.72,LUD,30.9,75.85,subtropical_humid,NASA_POWER_daily_ag,7.705,10.44,0.6436,dewpoint,413.8,37.264
2017-04-20,35.89,45.56,26.72,13.95,0.0,1.42,25.05,97.14,20.78,3.41,LUD,30.9,75.85,subtropical_humid,NASA_POWER_daily_ag,6.748,11.072,0.7801,dewpoint,437.2,37.401
2017-04-21,36.09,44.69,26.86,19.34,0.24,1.56,23.87,97.19,41.87,7.86,LUD,30.9,75.85,subtropical_humid,NASA_POWER_daily_ag,6.988,11.515,1.0626,dewpoint,431.9,37.537
2017-04-22,33.96,41.99,27.25,31.43,3.75,0.92,19.55,97.42,78.33,13.3,LUD,30.9,75.85,subtropical_humid,NASA_POWER_daily_ag,5.164,10.821,1.5274,dewpoint,407.5,37.67
2017-04-23,30.55,38.38,23.65,38.77,3.93,2.84,22.22,97.61,85.67,13.76,LUD,30.9,75.85,subtropical_humid,NASA_POWER_daily_ag,7.377,12.282,1.5739,dewpoint,387.4,37.8
2017-04-24,28.47,36.6,21.54,38.08,3.4,2.32,25.43,97.78,35.49,11.03,LUD,30.9,75.85,subtropical_humid,NASA_POWER_daily_ag,6.98,13.355,1.3153,dewpoint,369.4,37.928
2017-04-25,28.96,38.04,19.96,32.39,0.0,2.85,26.6,97.78,37.0,9.05,LUD,30.9,75.85,subtropical_humid,NASA_POWER_daily_ag,7.919,13.497,1.1519,dewpoint,369.4,38.053
2017-04-26,30.43,38.63,21.98,26.31,0.01,1.69,26.01,97.74,38.65,7.75,LUD,30.9,75.85,subtropical_humid,NASA_POWER_daily_ag,6.799,12.944,1.0546,dewpoint,373.6,38.176
2017-04-27,31.38,39.55,23.19,25.66,0.58,1.4,26.34,97.88,45.81,8.02,LUD,30.9,75.85,subtropical_humid,NASA_POWER_daily_ag,6.546,13.049,1.0742,dewpoint,358.8,38.296
2017-04-28,32.74,40.38,25.95,22.03,0.04,1.44,24.93,97.77,39.21,7.19,LUD,30.9,75.85,subtropical_humid,NASA_POWER_daily_ag,6.601,12.244,1.015,dewpoint,370.5,38.414
2017-04-29,32.67,40.34,24.74,22.46,0.0,1.42,23.9,97.74,63.87,7.32,LUD,30.9,75.85,subtropical_humid,NASA_POWER_daily_ag,6.466,11.962,1.0241,dewpoint,373.6,38.529
2017-04-30,31.01,38.73,24.49,29.12,1.95,1.93,25.68,97.86,47.35,9.59,LUD,30.9,75.85,subtropical_humid,NASA_POWER_daily_ag,7.149,13.149,1.1946,dewpoint,361.0,38.641
2017-05-01,30.41,38.88,21.23,20.7,0.46,1.52,29.62,98.04,32.77,3.38,LUD,30.9,75.85,subtropical_humid,NASA_POWER_daily_ag,7.007,13.669,0.7784,dewpoint,342.0,38.751
2017-05-02,30.71,39.77,21.81,21.22,0.0,2.19,23.36,98.09,72.72,3.95,LUD,30.9,75.85,subtropical_humid,NASA_POWER_daily_ag,7.403,11.484,0.8104,dewpoint,336.7,38.859
2017-05-03,29.86,35.98,25.53,33.65,0.03,3.01,13.04,98.02,88.31,11.8,LUD,30.9,75.85,subtropical_humid,NASA_POWER_daily_ag,6.581,8.227,1.3842,dewpoint,344.1,38.964
2017-05-04,31.72,39.57,23.81,28.59,0.0,2.1,24.94,97.99,24.24,9.84,LUD,30.9,75.85,subtropical_humid,NASA_POWER_daily_ag,7.443,12.978,1.2149,dewpoint,347.2,39.066
2017-05-05,33.09,42.17,23.73,19.82,0.0,2.84,27.5,97.87,19.08,5.51,LUD,30.9,75.85,subtropical_humid,NASA_POWER_daily_ag,9.168,13.099,0.9039,dewpoint,359.9,39.166
2017-05-06,34.29,43.3,24.21,18.95,0.0,2.07,25.91,97.84,33.06,6.09,LUD,30.9,75.85,subtropical_humid,NASA_POWER_daily_ag,8.028,12.566,0.941,dewpoint,363.1,39.263
2017-05-07,35.91,44.91,26.62,18.14,0.0,2.51,26.48,97.75,22.51,6.63,LUD,30.9,75.85,subtropical_humid,NASA_POWER_daily_ag,9.051,12.704,0.9767,dewpoint,372.6,39.358
2017-05-08,36.54,45.19,27.97,18.17,0.0,1.72,26.47,97.63,24.71,7.04,LUD,30.9,75.85,subtropical_humid,NASA_POWER_daily_ag,7.769,12.728,1.0046,dewpoint,385.3,39.451
2017-05-09,36.98,44.92,28.17,15.8,0.01,1.53,24.64,97.39,33.24,6.0,LUD,30.9,75.85,subtropical_humid,NASA_POWER_daily_ag,7.266,11.932,0.9351,dewpoint,410.7,39.541
2017-05-10,36.11,43.5,28.57,18.47,0.0,2.59,22.75,97.62,56.66,7.68,LUD,30.9,75.85,subtropical_humid,NASA_POWER_daily_ag,8.803,11.57,1.0496,dewpoint,386.3,39.628
2017-05-11,35.85,42.72,28.66,20.05,0.28,1.93,23.84,97.82,55.22,8.96,LUD,30.9,75.85,subtropical_humid,NASA_POWER_daily_ag,7.769,12.227,1.145,dewpoint,365.2,39.713
2017-05-12,35.83,43.47,27.97,19.65,0.0,1.95,25.8,97.84,27.66,8.08,LUD,30.9,75.85,subtropical_humid,NASA_POWER_daily_ag,8.045,12.841,1.0786,dewpoint,363.1,39.796
2017-05-13,36.57,44.54,27.68,20.87,0.12,2.55,25.15,97.63,38.89,9.77,LUD,30.9,75.85,subtropical_humid,NASA_POWER_daily_ag,9.051,12.88,1.2092,dewpoint,385.3,39.876
2017-05-14,37.33,44.42,30.02,18.88,0.01,2.57,26.04,97.38,29.49,9.04,LUD,30.9,75.85,subtropical_humid,NASA_POWER_daily_ag,9.335,13.029,1.1512,dewpoint,411.7,39.953
2017-05-15,37.65,45.11,29.97,18.49,0.0,1.79,23.83,97.2,65.2,8.71,LUD,30.9,75.85,subtropical_humid,NASA_POWER_daily_ag,7.767,12.121,1.1258,dewpoint,430.8,40.029
2017-05-16,36.3,42.37,30.31,22.96,0.16,3.38,21.97,97.24,70.16,11.28,LUD,30.9,75.85,subtropical_humid,NASA_POWER_daily_ag,9.786,11.897,1.3373,dewpoint,426.6,40.102
2017-05-17,35.06,41.18,29.18,23.76,0.23,2.67,18.49,97.41,82.26,10.69,LUD,30.9,75.85,subtropical_humid,NASA_POWER_daily_ag,8.112,10.457,1.2859,dewpoint,408.5,40.172
2017-05-18,34.98,41.68,27.49,25.57,0.79,1.97,26.6,97.43,35.8,11.55,LUD,30.9,75.85,subtropical_humid,NASA_POWER_daily_ag,8.038,14.036,1.3615,dewpoint,406.4,40.24
2017-05-19,36.37,43.12,28.64,22.43,0.58,1.6,25.6,97.39,59.27,10.85,LUD,30.9,75.85,subtropical_humid,NASA_POWER_daily_ag,7.524,13.392,1.2997,dewpoint,410.7,40.306
2017-05-20,35.62,42.05,29.06,25.8,3.42,1.89,24.27,97.32,79.76,12.18,LUD,30.9,75.85,subtropical_humid,NASA_POWER_daily_ag,7.697,13.118,1.4193,dewpoint,418.1,40.37
2017-05-21,33.71,41.11,26.73,34.73,6.18,1.94,14.29,97.39,98.12,14.82,LUD,30.9,75.85,subtropical_humid,NASA_POWER_daily_ag,5.979,9.07,1.6857,dewpoint,410.7,40.431
2017-05-22,30.97,36.28,25.72,46.76,4.4,1.2,23.96,97.72,50.48,17.4,LUD,30.9,75.85,subtropical_humid,NASA_POWER_daily_ag,5.935,14.224,1.9874,dewpoint,375.7,40.49
2017-05-23,33.41,40.36,26.07,34.92,0.0,1.36,25.91,97.65,16.98,14.86,LUD,30.9,75.85,subtropical_humid,NASA_POWER_daily_ag,6.807,14.551,1.69,dewpoint,383.1,40.547
2017-05-24,35.46,41.99,28.91,29.11,0.0,1.49,26.55,97.46,24.08,13.83,LUD,30.9,75.85,subtropical_humid,NASA_POWER_daily_ag,7.361,14.488,1.5811,dewpoint,403.2,40.601
2017-05-25,36.71,43.93,29.18,25.06,0.0,1.99,24.94,97.27,44.8,12.53,LUD,30.9,75.85,subtropical_humid,NASA_POWER_daily_ag,8.118,13.451,1.4523,dewpoint,423.4,40.653
2017-05-26,37.56,45.84,29.06,21.95,0.0,2.23,25.56,97.13,59.03,11.02,LUD,30.9,75.85,subtropical_humid,NASA_POWER_daily_ag,8.753,13.369,1.3145,dewpoint,438.2,40.703
2017-05-27,38.35,45.62,30.05,17.13,0.18,0.92,26.66,97.0,62.58,7.22,LUD,30.9,75.85,subtropical_humid,NASA_POWER_daily_ag,6.522,13.082,1.0171,dewpoint,452.1,40.751
2017-05-28,37.15,43.98,30.03,18.8,0.0,3.33,25.06,97.05,79.11,8.85,LUD,30.9,75.85,subtropical_humid,NASA_POWER_daily_ag,10.463,12.848,1.1365,dewpoint,446.7,40.796
2017-05-29,35.71,42.82,28.71,27.48,1.69,3.07,24.88,97.09,70.07,12.99,LUD,30.9,75.85,subtropical_humid,NASA_POWER_daily_ag,9.481,13.612,1.4968,dewpoint,442.5,40.84
2017-05-30,35.38,41.97,28.56,31.9,1.36,2.52,25.87,97.04,55.39,15.09,LUD,30.9,75.85,subtropical_humid,NASA_POWER_daily_ag,8.676,14.514,1.7153,dewpoint,447.8,40.881
2017-05-31,33.8,39.17,27.74,39.32,7.55,1.55,19.1,97.2,73.49,17.02,LUD,30.9,75.85,subtropical_humid,NASA_POWER_daily_ag,6.055,11.681,1.9402,dewpoint,430.8,40.92
2017-06-01,33.62,41.06,26.46,32.3,0.27,1.71,27.69,97.43,36.16,13.38,LUD,30.9,75.85,subtropical_humid,NASA_POWER_daily_ag,7.597,15.114,1.5354,dewpoint,406.4,40.957
2017-06-02,34.64,42.91,25.77,24.19,0.0,1.92,26.95,97.34,52.69,9.62,LUD,30.9,75.85,subtropical_humid,NASA_POWER_daily_ag,8.034,14.001,1.197,dewpoint,416.0,40.992
2017-06-03,37.49,46.22,27.95,21.14,0.0,2.69,27.73,97.11,36.87,10.13,LUD,30.9,75.85,subtropical_humid,NASA_POWER_daily_ag,9.812,14.182,1.2387,dewpoint,440.4,41.024
2017-06-04,39.48,48.46,29.55,17.15,0.0,2.94,26.91,96.93,48.04,8.65,LUD,30.9,75.85,subtropical_humid,NASA_POWER_daily_ag,10.537,13.399,1.1212,dewpoint,459.5,41.055
2017-06-05,39.73,46.63,32.21,21.1,0.0,4.33,24.75,96.99,54.68,13.01,LUD,30.9,75.85,subtropical_humid,NASA_POWER_daily_ag,12.33,13.346,1.4988,dewpoint,453.1,41.083
2017-06-06,39.36,45.33,33.88,25.43,0.01,3.7,19.88,97.12,94.76,15.6,LUD,30.9,75.85,subtropical_humid,NASA_POWER_daily_ag,10.421,11.622,1.7723,dewpoint,439.3,41.11
2017-06-07,33.89,37.07,29.83,45.4,29.85,2.36,22.25,97.57,54.09,20.1,LUD,30.9,75.85,subtropical_humid,NASA_POWER_daily_ag,7.232,13.799,2.3528,dewpoint,391.6,41.134
2017-06-08,33.7,40.18,27.48,41.88,0.74,2.07,16.37,97.48,81.57,17.94,LUD,30.9,75.85,subtropical_humid,NASA_POWER_daily_ag,6.193,10.426,2.0562,dewpoint,401.1,41.157
2017-06-09,32.88,38.4,27.66,44.66,3.97,1.87,25.03,97.41,63.08,18.64,LUD,30.9,75.85,subtropical_humid,NASA_POWER_daily_ag,7.072,15.011,2.1485,dewpoint,408.5,41.177
2017-06-10,34.6,41.0,28.64,38.52,0.16,1.78,25.38,97.3,63.26,17.47,LUD,30.9,75.85,subtropical_humid,NASA_POWER_daily_ag,7.407,14.848,1.9962,dewpoint,420.2,41.195
2017-06-11,34.28,40.46,29.03,34.71,0.84,1.87,27.47,97.23,36.83,15.67,LUD,30.9,75.85,subtropical_humid,NASA_POWER_daily_ag,7.835,15.494,1.7803,dewpoint,427.6,41.212
2017-06-12,33.73,41.11,25.86,34.18,0.0,2.37,28.04,97.08,30.43,14.47,LUD,30.9,75.85,subtropical_humid,NASA_POWER_daily_ag,8.492,15.593,1.648,dewpoint,443.6,41.226
2017-06-13,35.7,43.13,28.22,32.0,0.0,2.06,24.21,96.99,65.39,15.29,LUD,30.9,75.85,subtropical_humid,NASA_POWER_daily_ag,7.892,13.812,1.7374,dewpoint,453.1,41.238
2017-06-14,36.68,43.4,30.21,29.38,0.86,1.77,26.19,97.17,50.38,15.01,LUD,30.9,75.85,subtropical_humid,NASA_POWER_daily_ag,7.926,14.606,1.7064,dewpoint,434.0,41.248
2017-06-15,36.37,42.35,30.63,33.51,1.23,2.23,24.44,97.17,72.77,16.74,LUD,30.9,75.85,subtropical_humid,NASA_POWER_daily_ag,8.214,14.152,1.906,dewpoint,434.0,41.257
2017-06-16,36.17,42.21,29.67,37.76,2.28,1.98,23.66,97.11,60.22,18.45,LUD,30.9,75.85,subtropical_humid,NASA_POWER_daily_ag,7.64,14.129,2.1231,dewpoint,440.4,41.263
2017-06-17,35.54,41.32,30.0,36.37,0.57,2.51,15.03,97.19,87.43,17.47,LUD,30.9,75.85,subtropical_humid,NASA_POWER_daily_ag,6.966,9.679,1.9962,dewpoint,431.9,41.268
2017-06-18,33.57,38.07,30.41,52.95,8.98,1.67,21.21,97.09,78.19,22.44,LUD,30.9,75.85,subtropical_humid,NASA_POWER_daily_ag,6.126,13.629,2.7157,dewpoint,442.5,41.27
2017-06-19,35.56,41.31,30.11,47.54,5.04,2.86,19.57,96.77,77.94,21.78,LUD,30.9,75.85,subtropical_humid,NASA_POWER_daily_ag,7.505,12.56,2.6087,dewpoint,476.5,41.271
2017-06-20,33.26,37.99,28.36,54.88,14.57,2.07,16.51,96.97,77.53,22.24,LUD,30.9,75.85,subtropical_humid,NASA_POWER_daily_ag,5.637,10.983,2.6829,dewpoint,455.2,41.269
2017-06-21,30.79,33.42,27.76,57.14,14.7,1.69,20.01,97.12,83.67,21.13,LUD,30.9,75.85,subtropical_humid,NASA_POWER_daily_ag,5.508,12.874,2.5069,dewpoint,439.3,41.266
2017-06-22,31.56,35.92,26.58,50.89,5.86,1.3,21.34,97.27,65.68,19.58,LUD,30.9,75.85,subtropical_humid,NASA_POWER_daily_ag,5.662,13.336,2.2782,dewpoint,423.4,41.26
2017-06-23,33.07,39.19,27.29,44.56,1.27,1.67,25.84,97.28,12.77,18.65,LUD,30.9,75.85,subtropical_humid,NASA_POWER_daily_ag,7.032,15.433,2.1499,dewpoint,422.3,41.253
2017-06-24,34.33,40.79,27.88,42.9,0.0,1.61,25.11,97.03,28.16,19.08,LUD,30.9,75.85,subtropical_humid,NASA_POWER_daily_ag,7.057,15.084,2.2084,dewpoint,448.9,41.244
2017-06-25,35.3,41.73,28.38,39.74,0.0,1.7,23.65,97.0,46.94,18.69,LUD,30.9,75.85,subtropical_humid,NASA_POWER_daily_ag,7.117,14.212,2.1553,dewpoint,452.1,41.233
2017-06-26,35.97,42.25,29.49,40.62,0.03,2.42,19.87,97.1,51.96,19.78,LUD,30.9,75.85,subtropical_humid,NASA_POWER_daily_ag,7.439,12.401,2.3066,dewpoint,441.4,41.22
2017-06-27,35.23,38.87,30.23,45.6,8.0,1.49,20.16,97.1,58.48,21.35,LUD,30.9,75.85,subtropical_humid,NASA_POWER_daily_ag,6.155,12.847,2.541,dewpoint,441.4,41.205
2017-06-28,32.84,36.73,28.63,54.95,11.73,1.31,7.81,97.24,99.73,22.22,LUD,30.9,75.85,subtropical_humid,NASA_POWER_daily_ag,3.397,6.073,2.6796,dewpoint,426.6,41.188
2017-06-29,29.71,32.34,26.8,72.54,17.61,1.72,7.94,97.22,97.65,24.14,LUD,30.9,75.85,subtropical_humid,NASA_POWER_daily_ag,2.88,6.141,3.0091,dewpoint,428.7,41.169
2017-06-30,29.49,33.58,26.3,74.95,16.36,2.15,15.6,96.98,91.76,24.37,LUD,30.9,75.85,subtropical_humid,NASA_POWER_daily_ag,4.242,10.73,3.0508,dewpoint,454.2,41.148
2017-07-01,32.65,37.76,27.47,59.51,1.33,1.27,23.68,96.87,62.07,23.16,LUD,30.9,75.85,subtropical_humid,NASA_POWER_daily_ag,6.026,15.219,2.8367,dewpoint,465.9,41.125
2017-07-02,33.45,38.29,28.44,57.97,3.62,1.87,21.33,96.86,67.56,23.54,LUD,30.9,75.85,subtropical_humid,NASA_POWER_daily_ag,6.182,13.905,2.9025,dewpoint,466.9,41.1
2017-07-03,33.52,39.06,27.47,53.63,3.07,1.95,22.26,96.89,52.44,22.05,LUD,30.9,75.85,subtropical_humid,NASA_POWER_daily_ag,6.568,14.163,2.652,dewpoint,463.8,41.073
2017-07-04,35.17,41.24,28.31,47.85,1.95,1.79,22.69,96.72,74.16,21.79,LUD,30.9,75.85,subtropical_humid,NASA_POWER_daily_ag,6.856,14.29,2.6103,dewpoint,481.8,41.045
2017-07-05,34.38,40.23,28.6,55.55,11.51,1.99,20.62,96.79,88.84,23.58,LUD,30.9,75.85,subtropical_humid,NASA_POWER_daily_ag,6.355,13.458,2.9095,dewpoint,474.4,41.014
2017-07-06,34.58,40.77,28.83,49.96,1.52,1.95,20.16,97.0,88.12,21.78,LUD,30.9,75.85,subtropical_humid,NASA_POWER_daily_ag,6.465,12.881,2.6087,dewpoint,452.1,40.981
2017-07-07,32.14,37.0,26.35,56.19,2.95,1.7,22.56,97.29,44.81,21.73,LUD,30.9,75.85,subtropical_humid,NASA_POWER_daily_ag,6.149,14.316,2.6007,dewpoint,421.3,40.947
2017-07-08,34.14,40.12,28.57,48.26,0.0,1.37,23.71,97.22,41.39,20.97,LUD,30.9,75.85,subtropical_humid,NASA_POWER_daily_ag,6.447,14.682,2.4824,dewpoint,428.7,40.91
2017-07-09,35.18,40.73,29.59,45.5,0.03,1.9,23.44,97.07,25.02,20.97,LUD,30.9,75.85,subtropical_humid,NASA_POWER_daily_ag,7.145,14.496,2.4824,dewpoint,444.6,40.871
2017-07-10,35.47,41.62,29.63,42.07,1.12,2.59,23.45,97.06,41.94,19.86,LUD,30.9,75.85,subtropical_humid,NASA_POWER_daily_ag,8.041,14.25,2.3181,dewpoint,445.7,40.83
2017-07-11,32.82,37.56,28.53,57.62,31.59,1.75,19.89,97.13,57.91,22.76,LUD,30.9,75.85,subtropical_humid,NASA_POWER_daily_ag,5.775,12.924,2.7689,dewpoint,438.2,40.788
2017-07-12,30.38,34.31,26.54,69.11,28.21,1.05,16.86,97.32,92.68,23.74,LUD,30.9,75.85,subtropical_humid,NASA_POWER_daily_ag,4.265,11.37,2.9377,dewpoint,418.1,40.743
2017-07-13,31.41,35.53,26.7,64.58,2.26,1.1,18.23,97.37,60.43,23.44,LUD,30.9,75.85,subtropical_humid,NASA_POWER_daily_ag,4.717,12.112,2.8851,dewpoint,412.8,40.696
2017-07-14,32.96,37.52,27.47,58.18,0.45,0.48,22.07,97.28,30.65,23.13,LUD,30.9,75.85,subtropical_humid,NASA_POWER_daily_ag,5.16,14.235,2.8316,dewpoint,422.3,40.647
2017-07-15,33.45,38.18,28.16,57.37,0.45,1.31,22.6,97.22,34.83,23.4,LUD,30.9,75.85,subtropical_humid,NASA_POWER_daily_ag,5.973,14.562,2.8781,dewpoint,428.7,40.596
2017-07-16,32.89,37.17,28.01,61.22,2.88,1.83,20.88,97.18,42.44,24.08,LUD,30.9,75.85,subtropical_humid,NASA_POWER_daily_ag,5.877,13.706,2.9983,dewpoint,432.9,40.543
2017-07-17,33.32,38.35,28.2,59.02,2.93,1.69,16.12,97.18,90.14,23.71,LUD,30.9,75.85,subtropical_humid,NASA_POWER_daily_ag,5.077,10.856,2.9324,dewpoint,432.9,40.488
2017-07-18,32.12,36.93,27.95,64.78,5.01,1.8,13.55,97.27,85.27,24.16,LUD,30.9,75.85,subtropical_humid,NASA_POWER_daily_ag,4.397,9.41,3.0127,dewpoint,423.4,40.431
2017-07-19,32.91,37.83,28.29,59.37,0.82,0.97,22.65,97.15,44.0,23.37,LUD,30.9,75.85,subtropical_humid,NASA_POWER_daily_ag,5.623,14.566,2.8729,dewpoint,436.1,40.371
2017-07-20,33.58,38.61,29.06,55.65,0.04,1.66,12.18,97.0,60.83,23.0,LUD,30.9,75.85,subtropical_humid,NASA_POWER_daily_ag,4.497,8.518,2.8094,dewpoint,452.1,40.31
2017-07-21,32.67,37.39,27.88,56.99,2.65,1.19,20.79,97.1,67.96,22.6,LUD,30.9,75.85,subtropical_humid,NASA_POWER_daily_ag,5.459,13.366,2.7422,dewpoint,441.4,40.246
2017-07-22,32.47,37.44,27.97,59.2,3.24,2.24,22.68,97.14,44.45,23.09,LUD,30.9,75.85,subtropical_humid,NASA_POWER_daily_ag,6.447,14.52,2.8248,dewpoint,437.2,40.18
2017-07-23,31.7,35.05,27.58,65.97,15.86,1.01,22.72,97.1,73.18,24.33,LUD,30.9,75.85,subtropical_humid,NASA_POWER_daily_ag,5.454,14.838,3.0435,dewpoint,441.4,40.112
2017-07-24,30.79,33.85,27.55,69.86,6.59,1.37,20.55,97.0,80.11,24.42,LUD,30.9,75.85,subtropical_humid,NASA_POWER_daily_ag,5.074,13.585,3.06,dewpoint,452.1,40.042
2017-07-25,31.44,36.09,26.86,66.27,1.52,1.43,21.79,96.98,44.96,24.01,LUD,30.9,75.85,subtropical_humid,NASA_POWER_daily_ag,5.479,14.209,2.9857,dewpoint,454.2,39.97
2017-07-26,32.33,37.24,26.84,62.05,1.15,1.2,21.96,97.15,40.81,23.62,LUD,30.9,75.85,subtropical_humid,NASA_POWER_daily_ag,5.557,14.203,2.9165,dewpoint,436.1,39.895
2017-07-27,32.16,36.91,27.47,62.1,14.1,1.52,16.14,97.33,70.27,23.6,LUD,30.9,75.85,subtropical_humid,NASA_POWER_daily_ag,4.724,10.825,2.913,dewpoint,417.0,39.818
2017-07-28,30.73,34.61,26.58,68.99,14.46,1.52,20.75,97.42,60.23,24.09,LUD,30.9,75.85,subtropical_humid,NASA_POWER_daily_ag,5.183,13.615,3.0001,dewpoint,407.5,39.739
2017-07-29,30.05,33.5,26.2,72.38,2.03,2.0,19.19,97.46,85.01,24.36,LUD,30.9,75.85,subtropical_humid,NASA_POWER_daily_ag,4.914,12.754,3.049,dewpoint,403.2,39.658
2017-07-30,31.18,35.81,27.14,67.57,1.81,1.35,17.94,97.28,83.85,24.04,LUD,30.9,75.85,subtropical_humid,NASA_POWER_daily_ag,4.697,11.923,2.9911,dewpoint,422.3,39.574
2017-07-31,30.08,34.67,25.97,73.25,2.87,2.68,11.39,97.25,97.24,24.52,LUD,30.9,75.85,subtropical_humid,NASA_POWER_daily_ag,3.859,8.128,3.0783,dewpoint,425.5,39.488
2017-08-01,28.71,31.81,26.51,83.76,26.12,2.01,6.95,97.34,98.76,25.6,LUD,30.9,75.85,subtropical_humid,NASA_POWER_daily_ag,2.268,5.479,3.2828,dewpoint,416.0,39.4
2017-08-02,30.15,34.41,26.11,76.66,13.34,1.69,15.22,97.19,93.58,25.25,LUD,30.9,75.85,subtropical_humid,NASA_POWER_daily_ag,4.012,10.465,3.2153,dewpoint,431.9,39.31
2017-08-03,31.52,37.0,26.1,66.94,5.72,2.28,19.5,96.92,63.77,24.12,LUD,30.9,75.85,subtropical_humid,NASA_POWER_daily_ag,5.51,12.814,3.0055,dewpoint,460.6,39.217
2017-08-04,31.5,38.23,25.43,64.02,8.77,2.16,18.86,96.81,96.86,23.18,LUD,30.9,75.85,subtropical_humid,NASA_POWER_daily_ag,5.472,12.278,2.8402,dewpoint,472.3,39.122
2017-08-05,31.48,37.24,25.67,65.35,8.89,1.37,20.96,97.08,48.88,23.62,LUD,30.9,75.85,subtropical_humid,NASA_POWER_daily_ag,5.309,13.554,2.9165,dewpoint,443.6,39.025
2017-08-06,31.92,37.01,26.03,63.98,2.64,0.99,21.06,97.24,54.65,23.7,LUD,30.9,75.85,subtropical_humid,NASA_POWER_daily_ag,5.16,13.613,2.9306,dewpoint,426.6,38.925
2017-08-07,30.46,34.43,26.82,70.75,9.5,1.18,13.29,97.35,98.04,24.28,LUD,30.9,75.85,subtropical_humid,NASA_POWER_daily_ag,3.63,9.191,3.0344,dewpoint,414.9,38.823
2017-08-08,30.98,35.63,25.83,70.26,13.07,1.37,16.7,97.38,82.57,24.45,LUD,30.9,75.85,subtropical_humid,NASA_POWER_daily_ag,4.397,11.198,3.0655,dewpoint,411.7,38.718
2017-08-09,32.04,36.71,27.27,66.0,2.33,0.98,19.09,97.23,83.69,24.4,LUD,30.9,75.85,subtropical_humid,NASA_POWER_daily_ag,4.778,12.551,3.0563,dewpoint,427.6,38.612
2017-08-10,32.61,38.67,26.84,63.5,0.97,1.66,21.44,97.0,58.93,24.12,LUD,30.9,75.85,subtropical_humid,NASA_POWER_daily_ag,5.734,13.827,3.0055,dewpoint,452.1,38.502
2017-08-11,32.79,38.22,27.29,60.4,2.37,2.12,22.48,96.95,47.43,23.66,LUD,30.9,75.85,subtropical_humid,NASA_POWER_daily_ag,6.291,14.317,2.9236,dewpoint,457.4,38.391
2017-08-12,32.16,38.07,26.82,61.62,4.23,2.01,21.07,96.96,53.26,23.44,LUD,30.9,75.85,subtropical_humid,NASA_POWER_daily_ag,5.85,13.469,2.8851,dewpoint,456.3,38.277
2017-08-13,32.22,37.67,27.03,61.84,3.09,1.68,21.54,97.19,49.17,23.52,LUD,30.9,75.85,subtropical_humid,NASA_POWER_daily_ag,5.724,13.74,2.899,dewpoint,431.9,38.161
2017-08-14,30.86,35.43,25.6,64.33,5.83,1.1,21.68,97.58,25.2,22.92,LUD,30.9,75.85,subtropical_humid,NASA_POWER_daily_ag,5.176,13.751,2.7959,dewpoint,390.5,38.042
2017-08-15,31.41,35.0,27.3,64.9,9.13,1.04,20.78,97.48,48.02,23.77,LUD,30.9,75.85,subtropical_humid,NASA_POWER_daily_ag,5.029,13.371,2.943,dewpoint,401.1,37.921
2017-08-16,31.43,37.68,26.85,59.46,0.0,1.47,25.0,97.22,12.6,21.82,LUD,30.9,75.85,subtropical_humid,NASA_POWER_daily_ag,6.093,15.234,2.6151,dewpoint,428.7,37.798
2017-08-17,31.63,38.24,24.87,56.05,0.0,1.27,23.97,97.12,24.56,20.74,LUD,30.9,75.85,subtropical_humid,NASA_POWER_daily_ag,5.867,14.446,2.4476,dewpoint,439.3,37.672
2017-08-18,32.23,39.13,25.74,52.38,0.0,1.12,23.97,97.22,19.09,20.32,LUD,30.9,75.85,subtropical_humid,NASA_POWER_daily_ag,5.825,14.283,2.385,dewpoint,428.7,37.544
2017-08-19,30.68,37.45,24.68,63.18,6.56,2.33,16.81,97.51,80.72,22.02,LUD,30.9,75.85,subtropical_humid,NASA_POWER_daily_ag,5.166,10.816,2.6472,dewpoint,398.0,37.413
2017-08-20,29.48,33.54,26.3,77.95,29.11,1.17,15.49,97.6,78.99,24.98,LUD,30.9,75.85,subtropical_humid,NASA_POWER_daily_ag,3.744,10.457,3.164,dewpoint,388.4,37.281
2017-08-21,29.7,33.42,25.96,75.66,19.06,1.2,19.75,97.43,43.72,24.72,LUD,30.9,75.85,subtropical_humid,NASA_POWER_daily_ag,4.555,12.919,3.1153,dewpoint,406.4,37.145
2017-08-22,30.3,35.33,25.47,71.03,2.6,0.85,20.2,97.42,49.52,24.03,LUD,30.9,75.85,subtropical_humid,NASA_POWER_daily_ag,4.624,13.014,2.9893,dewpoint,407.5,37.008
2017-08-23,30.1,34.76,25.53,69.88,3.44,0.88,20.36,97.52,76.48,23.62,LUD,30.9,75.85,subtropical_humid,NASA_POWER_daily_ag,4.647,13.02,2.9165,dewpoint,396.9,36.868
2017-08-24,30.19,35.3,25.06,69.65,3.08,1.19,17.36,97.43,56.87,23.56,LUD,30.9,75.85,subtropical_humid,NASA_POWER_daily_ag,4.303,11.295,2.906,dewpoint,406.4,36.726
2017-08-25,30.61,34.39,26.21,69.08,14.99,0.72,11.45,97.33,80.41,23.99,LUD,30.9,75.85,subtropical_humid,NASA_POWER_daily_ag,3.049,7.969,2.9821,dewpoint,417.0,36.581
2017-08-26,30.33,34.98,25.5,68.04,0.37,1.36,21.64,97.25,37.49,23.43,LUD,30.9,75.85,subtropical_humid,NASA_POWER_daily_ag,5.13,13.654,2.8833,dewpoint,425.5,36.435
2017-08-27,30.31,35.83,25.06,66.8,0.08,1.18,24.74,97.24,6.35,22.9,LUD,30.9,75.85,subtropical_humid,NASA_POWER_daily_ag,5.57,15.228,2.7925,dewpoint,426.6,36.286
2017-08-28,29.42,34.81,23.89,68.04,0.1,1.13,23.72,97.45,23.63,22.26,LUD,30.9,75.85,subtropical_humid,NASA_POWER_daily_ag,5.248,14.54,2.6861,dewpoint,404.3,36.134
2017-08-29,29.71,33.59,25.87,69.88,2.97,0.99,9.15,97.58,91.45,23.26,LUD,30.9,75.85,subtropical_humid,NASA_POWER_daily_ag,2.751,6.605,2.8539,dewpoint,390.5,35.981
2017-08-30,30.08,34.1,25.88,70.26,1.5,1.29,20.64,97.59,74.46,23.8,LUD,30.9,75.85,subtropical_humid,NASA_POWER_daily_ag,4.835,13.1,2.9483,dewpoint,389.5,35.825
2017-08-31,29.33,32.56,26.29,78.91,17.93,1.13,17.32,97.58,69.86,25.19,LUD,30.9,75.85,subtropical_humid,NASA_POWER_daily_ag,3.969,11.442,3.2038,dewpoint,390.5,35.667
2017-09-01,28.14,31.21,25.68,85.01,32.8,1.62,9.59,97.49,96.37,25.26,LUD,30.9,75.85,subtropical_humid,NASA_POWER_daily_ag,2.518,6.912,3.2172,dewpoint,400.1,35.507
2017-09-02,28.24,32.17,24.47,80.28,8.36,1.62,19.0,97.47,70.56,24.31,LUD,30.9,75.85,subtropical_humid,NASA_POWER_daily_ag,4.219,12.268,3.0399,dewpoint,402.2,35.345
2017-09-03,28.87,32.64,23.74,70.27,0.04,1.44,21.97,97.55,10.56,22.52,LUD,30.9,75.85,subtropical_humid,NASA_POWER_daily_ag,4.959,13.561,2.7289,dewpoint,393.7,35.181
2017-09-04,29.02,34.12,23.77,70.67,1.82,1.36,19.32,97.72,44.11,22.84,LUD,30.9,75.85,subtropical_humid,NASA_POWER_daily_ag,4.496,12.118,2.7824,dewpoint,375.7,35.015
2017-09-05,29.68,34.5,25.08,71.42,0.69,1.48,21.95,97.67,25.65,23.56,LUD,30.9,75.85,subtropical_humid,NASA_POWER_daily_ag,5.028,13.664,2.906,dewpoint,381.0,34.846
2017-09-06,29.67,34.77,24.69,68.26,3.15,1.04,21.13,97.66,29.78,22.74,LUD,30.9,75.85,subtropical_humid,NASA_POWER_daily_ag,4.74,13.01,2.7656,dewpoint,382.1,34.676
2017-09-07,29.42,34.42,24.46,67.94,2.84,0.92,21.86,97.78,34.01,22.48,LUD,30.9,75.85,subtropical_humid,NASA_POWER_daily_ag,4.762,13.334,2.7223,dewpoint,369.4,34.504
2017-09-08,29.54,34.93,23.54,64.69,0.1,0.93,22.28,97.85,10.2,21.64,LUD,30.9,75.85,subtropical_humid,NASA_POWER_daily_ag,4.864,13.348,2.5865,dewpoint,362.0,34.33
2017-09-09,29.66,35.6,23.9,62.36,0.15,1.43,21.57,97.68,15.89,21.17,LUD,30.9,75.85,subtropical_humid,NASA_POWER_daily_ag,5.083,12.822,2.5131,dewpoint,380.0,34.154
2017-09-10,29.37,35.0,23.08,60.41,0.98,1.06,21.55,97.75,5.52,20.26,LUD,30.9,75.85,subtropical_humid,NASA_POWER_daily_ag,4.83,12.621,2.3762,dewpoint,372.6,33.976
2017-09-11,30.13,35.57,25.51,59.71,0.01,1.21,16.33,97.95,28.98,20.9,LUD,30.9,75.85,subtropical_humid,NASA_POWER_daily_ag,4.222,10.011,2.4718,dewpoint,351.5,33.796
2017-09-12,30.08,35.78,24.99,60.24,0.0,1.16,21.07,97.93,18.98,21.03,LUD,30.9,75.85,subtropical_humid,NASA_POWER_daily_ag,4.878,12.413,2.4916,dewpoint,353.6,33.615
2017-09-13,29.86,35.35,24.2,60.39,0.0,0.76,20.03,97.91,30.75,20.86,LUD,30.9,75.85,subtropical_humid,NASA_POWER_daily_ag,4.403,11.852,2.4657,dewpoint,355.7,33.432
2017-09-14,30.11,35.88,25.07,59.0,0.02,1.02,21.3,97.89,43.27,20.66,LUD,30.9,75.85,subtropical_humid,NASA_POWER_daily_ag,4.807,12.381,2.4355,dewpoint,357.8,33.247
2017-09-15,29.98,36.46,25.15,55.57,0.0,1.28,22.42,97.8,53.31,19.37,LUD,30.9,75.85,subtropical_humid,NASA_POWER_daily_ag,5.17,12.578,2.2486,dewpoint,367.3,33.061
2017-09-16,30.15,37.14,23.33,50.57,0.0,0.96,17.76,97.75,73.07,17.91,LUD,30.9,75.85,subtropical_humid,NASA_POWER_daily_ag,4.298,10.114,2.0523,dewpoint,372.6,32.873
2017-09-17,29.5,37.68,23.55,48.16,0.0,1.58,22.9,97.72,24.01,16.17,LUD,30.9,75.85,subtropical_humid,NASA_POWER_daily_ag,5.509,11.979,1.8381,dewpoint,375.7,32.684
2017-09-18,28.86,37.6,20.52,43.72,0.0,1.65,23.87,97.65,14.39,13.8,LUD,30.9,75.85,subtropical_humid,NASA_POWER_daily_ag,5.683,11.911,1.578,dewpoint,383.1,32.493
2017-09-19,29.7,37.31,23.49,33.51,0.0,0.79,23.49,97.61,43.07,10.97,LUD,30.9,75.85,subtropical_humid,NASA_POWER_daily_ag,4.691,10.988,1.3101,dewpoint,387.4,32.301
2017-09-20,29.9,37.45,23.5,31.23,0.0,0.92,22.27,97.55,30.91,10.25,LUD,30.9,75.85,subtropical_humid,NASA_POWER_daily_ag,4.734,10.353,1.2487,dewpoint,393.7,32.108
2017-09-21,29.3,37.38,22.01,36.56,0.0,1.09,20.85,97.54,20.38,11.85,LUD,30.9,75.85,subtropical_humid,NASA_POWER_daily_ag,4.753,10.157,1.3888,dewpoint,394.8,31.913
2017-09-22,28.02,36.31,20.27,57.89,0.94,1.53,17.74,97.61,60.7,17.45,LUD,30.9,75.85,subtropical_humid,NASA_POWER_daily_ag,4.462,9.919,1.9937,dewpoint,387.4,31.718
2017-09-23,25.83,30.0,20.79,70.33,19.01,1.23,14.6,97.81,70.08,19.49,LUD,30.9,75.85,subtropical_humid,NASA_POWER_daily_ag,3.342,8.843,2.2655,dewpoint,366.2,31.521
2017-09-24,26.62,34.42,18.46,56.22,0.02,0.84,21.35,97.96,9.29,15.76,LUD,30.9,75.85,subtropical_humid,NASA_POWER_daily_ag,4.209,11.198,1.7906,dewpoint,350.4,31.323
2017-09-25,28.89,36.07,23.11,43.21,0.0,1.16,19.48,97.73,14.17,14.24,LUD,30.9,75.85,subtropical_humid,NASA_POWER_daily_ag,4.546,9.89,1.6237,dewpoint,374.7,31.125
2017-09-26,28.69,36.01,22.55,41.53,0.0,1.02,18.12,97.81,12.65,13.48,LUD,30.9,75.85,subtropical_humid,NASA_POWER_daily_ag,4.213,9.21,1.5455,dewpoint,366.2,30.925
2017-09-27,29.34,36.0,23.25,42.38,0.15,0.83,17.86,97.89,16.63,14.45,LUD,30.9,75.85,subtropical_humid,NASA_POWER_daily_ag,4.002,9.203,1.6459,dewpoint,357.8,30.725
2017-09-28,29.59,36.08,23.98,43.28,0.0,0.83,18.43,97.78,16.5,15.07,LUD,30.9,75.85,subtropical_humid,NASA_POWER_daily_ag,4.073,9.463,1.713,dewpoint,369.4,30.524
2017-09-29,28.84,37.08,21.51,47.28,0.0,1.23,19.81,97.76,3.35,15.55,LUD,30.9,75.85,subtropical_humid,NASA_POWER_daily_ag,4.569,10.09,1.7667,dewpoint,371.5,30.322
2017-09-30,28.51,37.24,21.61,39.35,0.0,1.19,20.57,97.95,15.67,12.01,LUD,30.9,75.85,subtropical_humid,NASA_POWER_daily_ag,4.604,9.602,1.4035,dewpoint,351.5,30.12
2017-10-01,28.66,36.81,20.05,32.75,0.0,1.02,20.69,97.92,14.56,9.51,LUD,30.9,75.85,subtropical_humid,NASA_POWER_daily_ag,4.427,9.187,1.1882,dewpoint,354.6,29.917
2017-10-02,28.54,37.68,20.14,36.89,0.0,1.33,20.36,97.82,22.99,11.31,LUD,30.9,75.85,subtropical_humid,NASA_POWER_daily_ag,4.743,9.315,1.34,dewpoint,365.2,29.714
2017-10-03,28.33,36.01,20.73,37.81,0.0,1.2,19.24,97.95,31.66,11.7,LUD,30.9,75.85,subtropical_humid,NASA_POWER_daily_ag,4.439,9.001,1.3751,dewpoint,351.5,29.51
2017-10-04,27.7,35.55,19.27,37.82,0.0,1.16,19.5,98.12,33.3,11.16,LUD,30.9,75.85,subtropical_humid,NASA_POWER_daily_ag,4.344,9.001,1.3267,dewpoint,333.5,29.306
2017-10-05,28.06,35.71,21.65,41.11,0.0,1.31,20.08,98.15,11.06,12.83,LUD,30.9,75.85,subtropical_humid,NASA_POWER_daily_ag,4.551,9.36,1.4812,dewpoint,330.4,29.102
2017-10-06,27.7,35.92,21.58,41.58,0.0,1.47,20.49,98.13,9.26,12.47,LUD,30.9,75.85,subtropical_humid,NASA_POWER_daily_ag,4.7,9.359,1.4466,dewpoint,332.5,28.898
2017-10-07,27.85,36.31,21.37,42.94,0.0,1.42,19.78,98.01,22.91,13.12,LUD,30.9,75.85,subtropical_humid,NASA_POWER_daily_ag,4.564,9.183,1.5096,dewpoint,345.1,28.694
2017-10-08,28.41,35.94,20.43,41.19,0.0,0.91,18.72,97.96,9.21,12.89,LUD,30.9,75.85,subtropical_humid,NASA_POWER_daily_ag,3.954,8.768,1.487,dewpoint,350.4,28.49
2017-10-09,28.28,35.98,19.87,40.42,0.0,0.96,18.06,97.98,9.08,12.53,LUD,30.9,75.85,subtropical_humid,NASA_POWER_daily_ag,3.924,8.44,1.4523,dewpoint,348.3,28.286
2017-10-10,28.08,35.28,20.81,41.17,0.0,0.89,17.63,97.96,27.93,12.83,LUD,30.9,75.85,subtropical_humid,NASA_POWER_daily_ag,3.756,8.289,1.4812,dewpoint,350.4,28.083
2017-10-11,28.76,35.46,22.02,38.26,0.0,0.4,18.37,97.98,47.01,12.48,LUD,30.9,75.85,subtropical_humid,NASA_POWER_daily_ag,3.356,8.362,1.4476,dewpoint,348.3,27.88
2017-10-12,27.82,35.82,22.02,41.76,0.0,1.2,18.38,97.93,43.66,13.02,LUD,30.9,75.85,subtropical_humid,NASA_POWER_daily_ag,4.102,8.394,1.4997,dewpoint,353.6,27.677
2017-10-13,27.43,35.91,21.76,40.01,0.0,1.39,18.65,97.73,26.91,11.6,LUD,30.9,75.85,subtropical_humid,NASA_POWER_daily_ag,4.301,8.156,1.366,dewpoint,374.7,27.474
2017-10-14,27.07,36.17,19.79,38.29,0.0,1.31,18.8,97.73,13.89,10.33,LUD,30.9,75.85,subtropical_humid,NASA_POWER_daily_ag,4.197,7.96,1.2554,dewpoint,374.7,27.273
2017-10-15,27.57,35.78,20.62,33.41,0.0,0.98,17.36,97.78,24.63,8.81,LUD,30.9,75.85,subtropical_humid,NASA_POWER_daily_ag,3.713,7.22,1.1334,dewpoint,369.4,27.072
2017-10-16,26.82,36.12,20.71,35.15,0.0,1.7,18.27,97.86,24.15,8.89,LUD,30.9,75.85,subtropical_humid,NASA_POWER_daily_ag,4.572,7.379,1.1396,dewpoint,361.0,26.871
2017-10-17,25.71,35.43,18.39,36.21,0.0,1.63,18.29,97.98,29.36,8.07,LUD,30.9,75.85,subtropical_humid,NASA_POWER_daily_ag,4.36,7.296,1.0779,dewpoint,348.3,26.672
2017-10-18,25.96,34.84,19.48,30.33,0.0,1.2,18.71,98.11,53.75,6.1,LUD,30.9,75.85,subtropical_humid,NASA_POWER_daily_ag,3.9,6.961,0.9416,dewpoint,334.6,26.474
2017-10-19,26.48,35.66,18.02,29.91,0.0,1.15,18.16,98.14,51.21,6.28,LUD,30.9,75.85,subtropical_humid,NASA_POWER_daily_ag,3.842,6.816,0.9534,dewpoint,331.4,26.276
2017-10-20,26.29,35.64,19.54,31.2,0.0,1.15,16.59,98.1,34.91,6.65,LUD,30.9,75.85,subtropical_humid,NASA_POWER_daily_ag,3.685,6.402,0.978,dewpoint,335.6,26.08
2017-10-21,26.04,34.59,20.87,30.02,0.0,1.21,17.65,97.93,28.3,6.09,LUD,30.9,75.85,subtropical_humid,NASA_POWER_daily_ag,3.783,6.463,0.941,dewpoint,353.6,25.885
2017-10-22,25.6,34.06,17.32,27.4,0.0,1.06,13.64,97.83,31.98,4.34,LUD,30.9,75.85,subtropical_humid,NASA_POWER_daily_ag,3.349,5.529,0.8329,dewpoint,364.1,25.691
2017-10-23,24.29,33.07,17.85,32.34,0.0,1.24,14.05,98.08,33.89,5.65,LUD,30.9,75.85,subtropical_humid,NASA_POWER_daily_ag,3.436,5.709,0.9127,dewpoint,337.7,25.499
2017-10-24,23.8,33.49,16.04,34.59,0.0,1.84,16.72,98.32,13.9,6.04,LUD,30.9,75.85,subtropical_humid,NASA_POWER_daily_ag,4.192,6.292,0.9377,dewpoint,312.5,25.308
2017-10-25,23.76,32.8,14.76,30.35,0.0,1.15,17.08,98.5,46.61,3.81,LUD,30.9,75.85,subtropical_humid,NASA_POWER_daily_ag,3.45,6.041,0.8024,dewpoint,293.6,25.118
2017-10-26,22.64,31.54,14.87,30.93,0.0,1.38,14.39,98.64,40.89,3.59,LUD,30.9,75.85,subtropical_humid,NASA_POWER_daily_ag,3.473,5.499,0.7901,dewpoint,278.9,24.931
2017-10-27,22.08,30.92,15.33,36.32,0.0,1.16,13.59,98.58,30.57,5.44,LUD,30.9,75.85,subtropical_humid,NASA_POWER_daily_ag,3.044,5.502,0.8995,dewpoint,285.2,24.745
2017-10-28,22.77,31.54,16.99,33.96,0.0,1.17,13.99,98.53,22.6,5.15,LUD,30.9,75.85,subtropical_humid,NASA_POWER_daily_ag,3.127,5.412,0.8815,dewpoint,290.4,24.561
2017-10-29,21.79,30.06,15.4,36.98,0.0,1.05,12.02,98.75,38.34,5.77,LUD,30.9,75.85,subtropical_humid,NASA_POWER_daily_ag,2.775,5.134,0.9203,dewpoint,267.3,24.378
2017-10-30,21.59,28.95,15.86,38.66,0.0,1.05,11.97,98.79,62.66,6.43,LUD,30.9,75.85,subtropical_humid,NASA_POWER_daily_ag,2.723,5.156,0.9633,dewpoint,263.1,24.198
2017-10-31,21.97,30.6,15.91,39.76,0.0,0.92,11.41,98.56,77.72,6.91,LUD,30.9,75.85,subtropical_humid,NASA_POWER_daily_ag,2.552,4.992,0.9957,dewpoint,287.3,24.02
2017-11-01,20.87,28.52,14.45,46.5,0.0,1.53,10.24,98.66,79.07,8.4,LUD,30.9,75.85,subtropical_humid,NASA_POWER_daily_ag,2.874,4.898,1.1023,dewpoint,276.8,23.844
2017-11-02,21.93,29.33,16.43,43.63,0.0,0.92,9.6,98.6,76.72,8.5,LUD,30.9,75.85,subtropical_humid,NASA_POWER_daily_ag,2.377,4.669,1.1099,dewpoint,283.1,23.67
2017-11-03,22.22,28.79,16.33,42.0,0.0,0.64,9.45,98.59,93.66,8.2,LUD,30.9,75.85,subtropical_humid,NASA_POWER_daily_ag,2.096,4.589,1.0875,dewpoint,284.1,23.498
2017-11-04,21.94,29.27,18.16,43.64,0.0,0.74,11.28,98.81,94.68,8.64,LUD,30.9,75.85,subtropical_humid,NASA_POWER_daily_ag,2.253,4.921,1.1204,dewpoint,261.0,23.329
2017-11-05,21.31,28.4,16.75,46.38,0.0,0.94,10.1,98.81,93.69,8.87,LUD,30.9,75.85,subtropical_humid,NASA_POWER_daily_ag,2.32,4.699,1.138,dewpoint,261.0,23.162
2017-11-06,21.08,27.78,16.81,44.83,0.0,1.22,9.95,98.69,88.62,8.17,LUD,30.9,75.85,subtropical_humid,NASA_POWER_daily_ag,2.573,4.586,1.0853,dewpoint,273.6,22.998
2017-11-07,21.03,28.75,16.41,41.8,0.0,0.83,8.88,98.66,76.98,6.95,LUD,30.9,75.85,subtropical_humid,NASA_POWER_daily_ag,2.167,4.243,0.9984,dewpoint,276.8,22.836
2017-11-08,20.85,28.86,15.38,42.04,0.0,1.07,10.11,98.65,75.04,6.88,LUD,30.9,75.85,subtropical_humid,NASA_POWER_daily_ag,2.45,4.438,0.9936,dewpoint,277.8,22.677
2017-11-09,21.5,29.23,16.61,38.4,0.0,0.99,10.47,98.53,68.23,6.09,LUD,30.9,75.85,subtropical_humid,NASA_POWER_daily_ag,2.457,4.356,0.941,dewpoint,290.4,22.521
2017-11-10,21.28,28.89,16.79,37.46,0.0,0.88,10.5,98.63,85.25,5.6,LUD,30.9,75.85,subtropical_humid,NASA_POWER_daily_ag,2.317,4.277,0.9095,dewpoint,279.9,22.367
2017-11-11,21.23,29.03,16.96,36.99,0.0,0.94,8.78,98.71,83.11,5.39,LUD,30.9,75.85,subtropical_humid,NASA_POWER_daily_ag,2.309,3.966,0.8963,dewpoint,271.5,22.217
2017-11-12,19.55,28.18,14.06,37.3,0.0,1.25,8.75,98.48,96.09,3.9,LUD,30.9,75.85,subtropical_humid,NASA_POWER_daily_ag,2.534,3.908,0.8076,dewpoint,295.7,22.069
2017-11-13,19.96,27.25,15.58,33.81,0.0,0.69,8.17,98.31,82.44,3.04,LUD,30.9,75.85,subtropical_humid,NASA_POWER_daily_ag,1.949,3.749,0.7599,dewpoint,313.5,21.925
2017-11-14,18.4,26.54,12.99,45.16,0.08,2.51,7.69,98.28,71.06,5.63,LUD,30.9,75.85,subtropical_humid,NASA_POWER_daily_ag,3.222,3.828,0.9114,dewpoint,316.7,21.783
2017-11-15,18.4,25.41,13.18,51.48,2.86,1.37,4.63,98.54,85.84,7.58,LUD,30.9,75.85,subtropical_humid,NASA_POWER_daily_ag,2.092,3.338,1.0425,dewpoint,289.4,21.645
2017-11-16,18.66,24.93,14.75,52.78,2.67,1.07,7.73,98.7,54.46,8.44,LUD,30.9,75.85,subtropical_humid,NASA_POWER_daily_ag,1.97,3.912,1.1053,dewpoint,272.6,21.509
2017-11-17,18.04,24.74,13.33,50.58,0.36,1.54,9.6,98.72,51.37,7.21,LUD,30.9,75.85,subtropical_humid,NASA_POWER_daily_ag,2.392,4.168,1.0164,dewpoint,270.5,21.377
2017-11-18,17.5,25.51,12.67,51.56,0.21,1.41,11.46,98.74,20.26,6.63,LUD,30.9,75.85,subtropical_humid,NASA_POWER_daily_ag,2.325,4.384,0.9767,dewpoint,268.4,21.249
2017-11-19,16.3,24.54,9.42,43.3,0.04,1.44,13.85,98.84,7.84,2.87,LUD,30.9,75.85,subtropical_humid,NASA_POWER_daily_ag,2.483,4.392,0.7508,dewpoint,257.9,21.123
2017-11-20,16.41,25.24,10.94,39.79,0.05,1.3,13.37,98.89,9.66,2.03,LUD,30.9,75.85,subtropical_humid,NASA_POWER_daily_ag,2.371,4.091,0.7072,dewpoint,252.7,21.002
2017-11-21,16.0,25.36,9.89,40.97,0.0,1.53,13.09,98.68,10.98,1.91,LUD,30.9,75.85,subtropical_humid,NASA_POWER_daily_ag,2.505,4.04,0.7011,dewpoint,274.7,20.883
2017-11-22,15.21,25.74,8.34,34.85,0.0,1.89,13.7,98.62,13.41,-1.49,LUD,30.9,75.85,subtropical_humid,NASA_POWER_daily_ag,2.855,3.701,0.5477,dewpoint,281.0,20.768
2017-11-23,16.83,25.55,10.3,27.84,0.0,1.39,13.76,98.53,31.65,-2.92,LUD,30.9,75.85,subtropical_humid,NASA_POWER_daily_ag,2.625,3.42,0.4926,dewpoint,290.4,20.657
2017-11-24,16.58,26.17,11.0,27.38,0.0,1.33,13.71,98.69,5.31,-3.16,LUD,30.9,75.85,subtropical_humid,NASA_POWER_daily_ag,2.511,3.269,0.4838,dewpoint,273.6,20.549
2017-11-25,16.91,26.46,9.35,27.5,0.0,1.25,13.71,98.71,6.0,-2.91,LUD,30.9,75.85,subtropical_humid,NASA_POWER_daily_ag,2.456,3.303,0.4929,dewpoint,271.5,20.445
2017-11-26,17.13,25.73,12.2,28.66,0.0,1.16,13.03,98.9,9.11,-1.82,LUD,30.9,75.85,subtropical_humid,NASA_POWER_daily_ag,2.324,3.264,0.5345,dewpoint,251.6,20.345
2017-11-27,16.86,26.12,11.02,33.22,0.0,1.67,12.83,98.6,8.39,-0.06,LUD,30.9,75.85,subtropical_humid,NASA_POWER_daily_ag,2.748,3.443,0.6081,dewpoint,283.1,20.248
2017-11-28,18.16,26.66,11.23,30.68,0.0,1.32,12.79,98.51,15.58,-0.2,LUD,30.9,75.85,subtropical_humid,NASA_POWER_daily_ag,2.548,3.351,0.602,dewpoint,292.5,20.156
2017-11-29,18.09,26.78,11.19,30.52,0.0,1.24,12.24,98.77,10.62,-0.23,LUD,30.9,75.85,subtropical_humid,NASA_POWER_daily_ag,2.439,3.278,0.6007,dewpoint,265.2,20.067
2017-11-30,17.44,26.71,11.78,31.09,0.0,1.53,12.64,98.75,7.34,-0.61,LUD,30.9,75.85,subtropical_humid,NASA_POWER_daily_ag,2.668,3.189,0.5842,dewpoint,267.3,19.982
2017-12-01,17.56,25.99,11.42,28.26,0.0,1.05,13.33,98.73,5.09,-1.78,LUD,30.9,75.85,subtropical_humid,NASA_POWER_daily_ag,2.194,3.079,0.5361,dewpoint,269.4,19.9
2017-12-02,17.48,25.32,11.09,29.01,0.0,0.86,12.82,98.83,8.06,-1.28,LUD,30.9,75.85,subtropical_humid,NASA_POWER_daily_ag,1.961,3.137,0.5562,dewpoint,258.9,19.823
2017-12-03,16.67,24.67,9.7,33.41,0.0,1.03,11.81,98.82,51.23,-0.14,LUD,30.9,75.85,subtropical_humid,NASA_POWER_daily_ag,2.07,3.28,0.6046,dewpoint,260.0,19.75
2017-12-04,16.62,23.9,11.07,32.89,0.0,0.75,10.87,98.64,92.18,-0.24,LUD,30.9,75.85,subtropical_humid,NASA_POWER_daily_ag,1.749,3.196,0.6002,dewpoint,278.9,19.681
2017-12-05,15.38,25.0,9.84,33.98,0.0,1.35,9.91,98.72,71.21,-1.22,LUD,30.9,75.85,subtropical_humid,NASA_POWER_daily_ag,2.256,3.063,0.5586,dewpoint,270.5,19.615
2017-12-06,14.89,25.27,8.61,26.19,0.0,2.3,13.15,98.65,2.85,-5.66,LUD,30.9,75.85,subtropical_humid,NASA_POWER_daily_ag,3.221,2.654,0.4005,dewpoint,277.8,19.554
2017-12-07,14.7,25.47,7.29,22.18,0.02,1.99,13.39,98.75,5.42,-7.83,LUD,30.9,75.85,subtropical_humid,NASA_POWER_daily_ag,2.995,2.448,0.3388,dewpoint,267.3,19.497
2017-12-08,15.16,25.55,9.21,25.33,0.0,1.54,13.23,98.72,12.07,-5.13,LUD,30.9,75.85,subtropical_humid,NASA_POWER_daily_ag,2.514,2.6,0.417,dewpoint,270.5,19.444
2017-12-09,17.06,25.08,10.41,23.64,0.0,0.68,13.03,98.67,8.31,-4.53,LUD,30.9,75.85,subtropical_humid,NASA_POWER_daily_ag,1.668,2.614,0.4364,dewpoint,275.7,19.395
2017-12-10,16.89,24.7,10.55,26.95,0.0,0.97,12.28,98.71,38.39,-2.95,LUD,30.9,75.85,subtropical_humid,NASA_POWER_daily_ag,2.015,2.785,0.4915,dewpoint,271.5,19.351
2017-12-11,12.68,15.44,10.9,61.29,13.6,1.24,3.33,98.63,97.24,4.66,LUD,30.9,75.85,subtropical_humid,NASA_POWER_daily_ag,1.423,2.855,0.8518,dewpoint,279.9,19.31
2017-12-12,14.45,18.98,11.31,76.77,4.71,2.02,4.46,98.69,74.44,10.17,LUD,30.9,75.85,subtropical_humid,NASA_POWER_daily_ag,1.38,3.038,1.242,dewpoint,273.6,19.274
2017-12-13,12.62,19.14,8.44,70.38,0.35,0.99,5.73,98.99,72.21,6.66,LUD,30.9,75.85,subtropical_humid,NASA_POWER_daily_ag,1.217,3.187,0.9787,dewpoint,242.2,19.242
2017-12-14,11.33,19.26,6.0,70.91,0.7,1.4,8.38,99.16,63.32,5.62,LUD,30.9,75.85,subtropical_humid,NASA_POWER_daily_ag,1.365,3.538,0.9108,dewpoint,224.4,19.214
2017-12-15,10.85,19.74,4.76,55.3,0.0,1.94,6.83,99.27,72.3,1.21,LUD,30.9,75.85,subtropical_humid,NASA_POWER_daily_ag,1.877,3.143,0.6667,dewpoint,212.9,19.19
2017-12-16,10.4,21.6,2.95,47.13,0.0,2.01,13.03,99.35,6.7,-1.9,LUD,30.9,75.85,subtropical_humid,NASA_POWER_daily_ag,2.151,3.278,0.5313,dewpoint,204.6,19.171
2017-12-17,11.43,23.11,3.5,41.56,0.0,1.9,13.48,99.35,0.76,-2.43,LUD,30.9,75.85,subtropical_humid,NASA_POWER_daily_ag,2.258,3.121,0.5109,dewpoint,204.6,19.156
2017-12-18,13.28,25.32,6.02,39.69,0.0,2.06,13.24,99.2,9.16,-1.34,LUD,30.9,75.85,subtropical_humid,NASA_POWER_daily_ag,2.537,3.005,0.5537,dewpoint,220.2,19.145
2017-12-19,14.46,26.37,6.63,42.56,0.0,1.8,12.91,99.13,18.08,0.75,LUD,30.9,75.85,subtropical_humid,NASA_POWER_daily_ag,2.396,3.163,0.645,dewpoint,227.5,19.138
2017-12-20,15.44,24.75,8.97,45.4,0.0,1.55,9.29,99.24,51.58,3.11,LUD,30.9,75.85,subtropical_humid,NASA_POWER_daily_ag,2.175,3.219,0.7637,dewpoint,216.0,19.136
2017-12-21,16.45,26.54,10.29,45.95,0.0,1.89,12.31,99.24,10.2,3.92,LUD,30.9,75.85,subtropical_humid,NASA_POWER_daily_ag,2.531,3.372,0.8087,dewpoint,216.0,19.138
2017-12-22,14.9,25.41,8.3,46.28,0.0,2.14,13.95,99.03,5.34,2.29,LUD,30.9,75.85,subtropical_humid,NASA_POWER_daily_ag,2.602,3.39,0.7204,dewpoint,238.0,19.144
2017-12-23,13.92,24.3,6.51,44.56,0.0,1.65,13.22,98.7,11.41,0.77,LUD,30.9,75.85,subtropical_humid,NASA_POWER_daily_ag,2.237,3.309,0.6459,dewpoint,272.6,19.154
2017-12-24,14.55,22.47,9.78,42.62,0.0,1.06,10.9,98.76,26.86,1.63,LUD,30.9,75.85,subtropical_humid,NASA_POWER_daily_ag,1.799,3.255,0.6872,dewpoint,266.3,19.169
2017-12-25,13.54,22.48,7.67,43.76,0.0,1.61,12.55,98.97,19.89,0.6,LUD,30.9,75.85,subtropical_humid,NASA_POWER_daily_ag,2.171,3.309,0.638,dewpoint,244.3,19.188
2017-12-26,14.28,23.43,7.33,38.71,0.0,1.28,11.21,98.92,83.94,-0.49,LUD,30.9,75.85,subtropical_humid,NASA_POWER_daily_ag,2.044,3.127,0.5894,dewpoint,249.5,19.211
2017-12-27,16.3,23.45,11.38,35.14,0.0,0.97,8.66,98.85,83.33,0.51,LUD,30.9,75.85,subtropical_humid,NASA_POWER_daily_ag,1.887,3.026,0.6338,dewpoint,256.8,19.239
2017-12-28,15.35,24.17,10.48,40.07,0.0,1.33,11.23,98.86,34.74,1.36,LUD,30.9,75.85,subtropical_humid,NASA_POWER_daily_ag,2.111,3.193,0.674,dewpoint,255.8,19.271
2017-12-29,13.64,24.22,7.57,39.75,0.0,1.68,11.96,98.9,43.95,-1.1,LUD,30.9,75.85,subtropical_humid,NASA_POWER_daily_ag,2.314,3.087,0.5636,dewpoint,251.6,19.307
2017-12-30,13.89,22.52,8.22,30.27,0.0,0.95,11.61,98.91,31.33,-3.95,LUD,30.9,75.85,subtropical_humid,NASA_POWER_daily_ag,1.805,2.887,0.456,dewpoint,250.6,19.347
2017-12-31,14.14,21.56,8.86,27.96,0.0,0.83,9.5,98.78,38.17,-4.58,LUD,30.9,75.85,subtropical_humid,NASA_POWER_daily_ag,1.719,2.888,0.4348,dewpoint,264.2,19.391
2018-01-01,12.93,19.61,7.55,29.8,0.0,0.85,10.44,98.58,45.58,-4.57,LUD,30.9,75.85,subtropical_humid,NASA_POWER_daily_ag,1.678,3.023,0.4351,dewpoint,285.2,19.44
2018-01-02,12.48,20.59,6.49,33.33,0.0,1.01,6.96,98.66,92.18,-3.59,LUD,30.9,75.85,subtropical_humid,NASA_POWER_daily_ag,1.756,3.021,0.4685,dewpoint,276.8,19.492
2018-01-03,11.64,19.87,6.36,36.26,0.0,1.12,5.56,98.73,97.73,-3.27,LUD,30.9,75.85,subtropical_humid,NASA_POWER_daily_ag,1.755,3.01,0.4798,dewpoint,269.4,19.549
2018-01-04,12.51,20.97,6.81,35.01,0.0,0.9,9.23,98.69,77.39,-3.36,LUD,30.9,75.85,subtropical_humid,NASA_POWER_daily_ag,1.671,3.115,0.4766,dewpoint,273.6,19.61
2018-01-05,11.62,20.85,5.22,39.08,0.0,1.32,7.39,98.67,62.53,-2.61,LUD,30.9,75.85,subtropical_humid,NASA_POWER_daily_ag,1.899,3.137,0.5041,dewpoint,275.7,19.675
2018-01-06,10.97,20.65,5.47,46.71,0.0,1.61,10.88,98.61,44.73,-0.73,LUD,30.9,75.85,subtropical_humid,NASA_POWER_daily_ag,1.953,3.483,0.5791,dewpoint,282.0,19.745
2018-01-07,10.79,20.89,4.05,45.6,0.0,1.66,13.72,98.68,3.3,-1.49,LUD,30.9,75.85,subtropical_humid,NASA_POWER_daily_ag,2.052,3.685,0.5477,dewpoint,274.7,19.818
2018-01-08,11.6,20.96,4.0,40.58,0.0,1.26,13.66,98.82,8.12,-2.26,LUD,30.9,75.85,subtropical_humid,NASA_POWER_daily_ag,1.932,3.629,0.5173,dewpoint,260.0,19.895
2018-01-09,12.09,22.69,5.73,37.63,0.0,1.54,13.25,99.05,15.78,-2.8,LUD,30.9,75.85,subtropical_humid,NASA_POWER_daily_ag,2.185,3.418,0.497,dewpoint,235.9,19.976
2018-01-10,11.45,23.46,3.66,37.23,0.0,1.88,13.18,99.0,24.6,-3.75,LUD,30.9,75.85,subtropical_humid,NASA_POWER_daily_ag,2.395,3.41,0.4629,dewpoint,241.1,20.062
2018-01-11,12.61,21.5,4.84,37.06,0.0,1.33,12.9,98.84,54.38,-2.31,LUD,30.9,75.85,subtropical_humid,NASA_POWER_daily_ag,2.103,3.631,0.5154,dewpoint,257.9,20.151
2018-01-12,14.29,21.85,8.59,34.92,0.0,1.17,12.52,98.75,53.96,-1.61,LUD,30.9,75.85,subtropical_humid,NASA_POWER_daily_ag,2.101,3.555,0.5428,dewpoint,267.3,20.244
2018-01-13,14.28,22.52,8.79,33.32,0.0,1.07,13.38,98.78,30.02,-2.22,LUD,30.9,75.85,subtropical_humid,NASA_POWER_daily_ag,2.034,3.543,0.5189,dewpoint,264.2,20.341
2018-01-14,13.68,23.16,8.47,33.68,0.0,1.19,13.82,98.79,14.28,-2.75,LUD,30.9,75.85,subtropical_humid,NASA_POWER_daily_ag,2.106,3.537,0.4988,dewpoint,263.1,20.442
2018-01-15,12.34,23.16,5.26,35.78,0.0,1.66,14.7,98.8,10.49,-3.38,LUD,30.9,75.85,subtropical_humid,NASA_POWER_daily_ag,2.398,3.715,0.4759,dewpoint,262.1,20.546
2018-01-16,13.24,25.17,3.37,29.14,0.0,1.47,15.11,98.51,7.62,-5.94,LUD,30.9,75.85,subtropical_humid,NASA_POWER_daily_ag,2.446,3.487,0.392,dewpoint,292.5,20.654
2018-01-17,13.53,23.58,6.08,30.81,0.0,2.25,12.07,98.62,39.87,-4.17,LUD,30.9,75.85,subtropical_humid,NASA_POWER_daily_ag,3.03,3.545,0.4485,dewpoint,281.0,20.766
2018-01-18,15.48,25.51,9.86,32.01,0.0,1.24,13.16,98.75,16.51,-1.78,LUD,30.9,75.85,subtropical_humid,NASA_POWER_daily_ag,2.319,3.636,0.5361,dewpoint,267.3,20.882
2018-01-19,13.69,23.79,8.05,34.08,0.0,1.36,14.23,98.81,28.07,-2.87,LUD,30.9,75.85,subtropical_humid,NASA_POWER_daily_ag,2.318,3.802,0.4944,dewpoint,261.0,21.001
2018-01-20,12.51,24.85,4.4,33.21,0.0,1.67,15.42,98.65,0.97,-4.43,LUD,30.9,75.85,subtropical_humid,NASA_POWER_daily_ag,2.523,3.881,0.4398,dewpoint,277.8,21.124
2018-01-21,13.51,23.45,5.49,24.47,0.0,1.16,15.01,98.59,8.4,-7.21,LUD,30.9,75.85,subtropical_humid,NASA_POWER_daily_ag,2.266,3.662,0.3555,dewpoint,284.1,21.25
2018-01-22,13.82,22.52,6.26,25.92,0.0,0.98,13.71,98.45,11.18,-6.14,LUD,30.9,75.85,subtropical_humid,NASA_POWER_daily_ag,2.099,3.781,0.3861,dewpoint,298.8,21.38
2018-01-23,8.23,11.17,5.99,69.43,16.84,1.63,4.45,98.39,78.2,2.33,LUD,30.9,75.85,subtropical_humid,NASA_POWER_daily_ag,1.28,3.295,0.7225,dewpoint,305.1,21.513
2018-01-24,10.36,18.48,6.12,78.26,0.22,1.14,13.41,98.62,22.53,6.23,LUD,30.9,75.85,subtropical_humid,NASA_POWER_daily_ag,1.455,5.298,0.9501,dewpoint,281.0,21.65
2018-01-25,11.01,19.61,3.71,53.56,0.0,1.68,11.38,98.47,67.73,0.5,LUD,30.9,75.85,subtropical_humid,NASA_POWER_daily_ag,2.079,4.445,0.6334,dewpoint,296.7,21.789
2018-01-26,12.92,20.95,7.63,41.06,0.0,0.89,5.83,98.57,99.71,-0.63,LUD,30.9,75.85,subtropical_humid,NASA_POWER_daily_ag,1.674,3.512,0.5834,dewpoint,286.2,21.932
2018-01-27,12.06,20.81,7.1,40.21,0.0,1.09,8.46,98.59,92.6,-1.7,LUD,30.9,75.85,subtropical_humid,NASA_POWER_daily_ag,1.874,3.861,0.5392,dewpoint,284.1,22.079
2018-01-28,12.99,22.36,7.31,37.28,0.0,1.29,7.96,98.66,97.84,-2.03,LUD,30.9,75.85,subtropical_humid,NASA_POWER_daily_ag,2.131,3.788,0.5262,dewpoint,276.8,22.228
2018-01-29,14.21,24.05,8.09,36.25,0.0,1.59,12.85,98.81,52.23,-1.62,LUD,30.9,75.85,subtropical_humid,NASA_POWER_daily_ag,2.62,4.372,0.5424,dewpoint,261.0,22.38
2018-01-30,15.76,26.55,8.93,37.78,0.0,2.14,13.1,98.81,49.82,0.32,LUD,30.9,75.85,subtropical_humid,NASA_POWER_daily_ag,3.163,4.508,0.6252,dewpoint,261.0,22.535
2018-01-31,15.62,24.43,9.25,42.56,0.0,2.02,12.55,98.66,78.33,1.92,LUD,30.9,75.85,subtropical_humid,NASA_POWER_daily_ag,2.951,4.714,0.7016,dewpoint,276.8,22.693
2018-02-01,17.96,27.08,12.22,39.64,0.0,1.63,14.71,98.66,38.94,3.23,LUD,30.9,75.85,subtropical_humid,NASA_POWER_daily_ag,2.992,5.041,0.7702,dewpoint,276.8,22.854
2018-02-02,15.05,24.78,8.68,39.27,0.0,1.78,16.01,98.48,13.09,0.16,LUD,30.9,75.85,subtropical_humid,NASA_POWER_daily_ag,2.933,5.191,0.6179,dewpoint,295.7,23.018
2018-02-03,14.04,24.41,7.41,33.67,0.0,1.51,17.08,98.74,1.11,-2.97,LUD,30.9,75.85,subtropical_humid,NASA_POWER_daily_ag,2.765,5.104,0.4907,dewpoint,268.4,23.184
2018-02-04,13.31,24.46,5.24,32.49,0.0,1.77,17.14,98.76,35.64,-4.64,LUD,30.9,75.85,subtropical_humid,NASA_POWER_daily_ag,2.966,5.101,0.4328,dewpoint,266.3,23.353
2018-02-05,14.25,24.71,7.42,26.29,0.0,1.39,14.43,98.95,89.48,-6.19,LUD,30.9,75.85,subtropical_humid,NASA_POWER_daily_ag,2.733,4.589,0.3846,dewpoint,246.4,23.525
2018-02-06,12.65,24.53,4.17,27.23,0.0,2.1,17.22,98.99,37.02,-7.25,LUD,30.9,75.85,subtropical_humid,NASA_POWER_daily_ag,3.258,5.034,0.3544,dewpoint,242.2,23.699
2018-02-07,12.68,23.87,5.68,28.17,0.0,1.47,16.1,98.68,18.25,-6.49,LUD,30.9,75.85,subtropical_humid,NASA_POWER_daily_ag,2.718,5.03,0.3758,dewpoint,274.7,23.875
2018-02-08,13.27,23.71,7.25,27.03,0.0,1.34,16.62,98.54,13.97,-6.38,LUD,30.9,75.85,subtropical_humid,NASA_POWER_daily_ag,2.69,5.123,0.379,dewpoint,289.4,24.054
2018-02-09,13.86,23.85,6.14,26.4,0.0,1.45,16.57,98.57,7.88,-6.32,LUD,30.9,75.85,subtropical_humid,NASA_POWER_daily_ag,2.884,5.246,0.3808,dewpoint,286.2,24.235
2018-02-10,16.08,25.44,9.7,24.19,0.0,1.04,16.37,98.81,36.2,-5.43,LUD,30.9,75.85,subtropical_humid,NASA_POWER_daily_ag,2.656,5.124,0.4076,dewpoint,261.0,24.418
2018-02-11,14.03,20.02,9.08,41.6,0.78,1.62,9.54,98.75,97.91,0.6,LUD,30.9,75.85,subtropical_humid,NASA_POWER_daily_ag,2.533,4.711,0.638,dewpoint,267.3,24.603
2018-02-12,12.84,16.15,9.85,80.8,17.41,4.66,7.85,98.87,80.42,9.48,LUD,30.9,75.85,subtropical_humid,NASA_POWER_daily_ag,1.77,4.711,1.1858,dewpoint,254.7,24.79
2018-02-13,13.52,22.1,7.54,69.28,0.73,1.75,17.25,99.45,18.81,6.94,LUD,30.9,75.85,subtropical_humid,NASA_POWER_daily_ag,2.423,7.275,0.9977,dewpoint,194.1,24.979
2018-02-14,14.12,23.54,6.41,57.76,0.0,2.17,17.53,99.43,13.5,4.3,LUD,30.9,75.85,subtropical_humid,NASA_POWER_daily_ag,2.965,7.024,0.8306,dewpoint,196.2,25.17
2018-02-15,15.5,24.96,8.26,53.39,0.0,2.02,13.37,99.18,72.02,5.22,LUD,30.9,75.85,subtropical_humid,NASA_POWER_daily_ag,2.856,6.003,0.8858,dewpoint,222.3,25.363
2018-02-16,16.73,26.02,9.04,54.16,0.0,1.72,15.46,99.01,62.0,6.47,LUD,30.9,75.85,subtropical_humid,NASA_POWER_daily_ag,2.932,6.691,0.966,dewpoint,240.1,25.557
2018-02-17,18.22,28.71,11.56,41.51,0.0,2.2,16.68,98.47,75.7,2.76,LUD,30.9,75.85,subtropical_humid,NASA_POWER_daily_ag,3.835,6.396,0.745,dewpoint,296.7,25.752
2018-02-18,16.95,27.38,8.48,32.38,0.0,1.58,19.15,98.42,46.86,-1.91,LUD,30.9,75.85,subtropical_humid,NASA_POWER_daily_ag,3.491,6.587,0.5309,dewpoint,302.0,25.95
2018-02-19,18.98,28.24,13.07,31.59,0.0,1.26,17.87,98.57,57.18,0.98,LUD,30.9,75.85,subtropical_humid,NASA_POWER_daily_ag,3.279,6.52,0.6558,dewpoint,286.2,26.148
2018-02-20,20.08,29.49,13.28,37.94,0.0,1.49,17.77,98.5,43.81,4.27,LUD,30.9,75.85,subtropical_humid,NASA_POWER_daily_ag,3.557,6.95,0.8288,dewpoint,293.6,26.348
2018-02-21,21.06,30.12,14.57,40.29,0.14,1.75,16.35,98.35,66.73,6.05,LUD,30.9,75.85,subtropical_humid,NASA_POWER_daily_ag,3.779,6.839,0.9384,dewpoint,309.3,26.549
2018-02-22,20.22,29.14,14.23,41.1,0.0,1.42,14.49,98.26,71.08,5.24,LUD,30.9,75.85,subtropical_humid,NASA_POWER_daily_ag,3.303,6.382,0.887,dewpoint,318.8,26.751
2018-02-23,21.58,30.77,13.97,35.02,0.13,1.09,13.84,98.26,86.88,4.25,LUD,30.9,75.85,subtropical_humid,NASA_POWER_daily_ag,3.135,6.13,0.8277,dewpoint,318.8,26.954
2018-02-24,20.7,28.73,15.22,47.0,3.59,2.21,13.9,98.46,67.5,7.61,LUD,30.9,75.85,subtropical_humid,NASA_POWER_daily_ag,3.855,6.559,1.0446,dewpoint,297.8,27.158
2018-02-25,19.79,28.68,13.91,51.27,0.57,1.67,19.08,98.85,7.42,7.9,LUD,30.9,75.85,subtropical_humid,NASA_POWER_daily_ag,3.65,8.207,1.0655,dewpoint,256.8,27.363
2018-02-26,19.25,28.88,11.13,48.32,0.0,2.13,19.11,98.59,48.26,6.64,LUD,30.9,75.85,subtropical_humid,NASA_POWER_daily_ag,3.984,8.193,0.9774,dewpoint,284.1,27.569
2018-02-27,21.57,30.89,14.79,45.38,0.0,1.53,18.98,98.47,43.06,8.46,LUD,30.9,75.85,subtropical_humid,NASA_POWER_daily_ag,3.817,8.273,1.1068,dewpoint,296.7,27.775
2018-02-28,21.15,28.89,15.72,44.85,0.0,1.02,15.87,98.51,79.27,7.84,LUD,30.9,75.85,subtropical_humid,NASA_POWER_daily_ag,3.131,7.355,1.0611,dewpoint,292.5,27.982
2018-03-01,21.55,27.99,16.29,42.6,0.12,1.33,17.28,98.34,64.14,7.79,LUD,30.9,75.85,subtropical_humid,NASA_POWER_daily_ag,3.593,7.853,1.0575,dewpoint,310.4,28.189
2018-03-02,22.69,30.98,16.98,43.07,0.16,1.65,17.85,98.21,53.25,8.48,LUD,30.9,75.85,subtropical_humid,NASA_POWER_daily_ag,4.048,8.044,1.1083,dewpoint,324.1,28.396
2018-03-03,19.2,23.25,15.38,60.47,1.23,1.59,8.32,98.15,82.58,11.14,LUD,30.9,75.85,subtropical_humid,NASA_POWER_daily_ag,2.461,5.321,1.325,dewpoint,330.4,28.604
2018-03-04,19.71,26.63,15.18,54.41,0.07,1.4,16.45,98.21,54.31,9.36,LUD,30.9,75.85,subtropical_humid,NASA_POWER_daily_ag,3.276,8.042,1.1763,dewpoint,324.1,28.812
2018-03-05,20.02,28.98,12.78,42.95,0.0,1.65,21.13,98.55,1.08,5.59,LUD,30.9,75.85,subtropical_humid,NASA_POWER_daily_ag,4.087,9.042,0.9089,dewpoint,288.3,29.021
2018-03-06,19.58,29.23,11.62,41.04,0.0,2.02,21.86,98.58,16.01,4.57,LUD,30.9,75.85,subtropical_humid,NASA_POWER_daily_ag,4.422,9.206,0.8465,dewpoint,285.2,29.229
2018-03-07,20.62,30.9,11.23,35.48,0.0,2.03,21.72,98.46,2.31,2.87,LUD,30.9,75.85,subtropical_humid,NASA_POWER_daily_ag,4.714,8.897,0.7508,dewpoint,297.8,29.437
2018-03-08,22.65,31.47,14.94,31.74,0.0,1.14,20.16,98.6,19.7,4.22,LUD,30.9,75.85,subtropical_humid,NASA_POWER_daily_ag,3.951,8.53,0.8259,dewpoint,283.1,29.645
2018-03-09,22.37,31.44,15.02,35.37,0.0,1.75,19.44,98.65,39.05,5.02,LUD,30.9,75.85,subtropical_humid,NASA_POWER_daily_ag,4.5,8.501,0.8735,dewpoint,277.8,29.853
2018-03-10,21.96,31.32,14.19,38.12,0.0,2.14,19.96,98.51,30.75,5.63,LUD,30.9,75.85,subtropical_humid,NASA_POWER_daily_ag,4.815,8.852,0.9114,dewpoint,292.5,30.06
2018-03-11,22.42,31.86,14.0,41.64,0.0,1.79,20.99,98.37,2.61,7.41,LUD,30.9,75.85,subtropical_humid,NASA_POWER_daily_ag,4.588,9.503,1.0304,dewpoint,307.2,30.267
2018-03-12,24.3,33.9,16.53,36.88,0.0,1.69,19.78,98.37,17.26,6.86,LUD,30.9,75.85,subtropical_humid,NASA_POWER_daily_ag,4.72,8.895,0.9923,dewpoint,307.2,30.473
2018-03-13,26.59,35.07,18.43,27.27,0.0,1.04,21.27,98.18,12.27,4.46,LUD,30.9,75.85,subtropical_humid,NASA_POWER_daily_ag,4.372,8.894,0.84,dewpoint,327.2,30.679
2018-03-14,24.88,34.85,15.94,24.09,0.0,2.26,20.98,97.96,19.08,1.0,LUD,30.9,75.85,subtropical_humid,NASA_POWER_daily_ag,5.807,8.507,0.6567,dewpoint,350.4,30.884
2018-03-15,23.58,32.93,16.07,29.18,0.04,1.29,20.22,98.09,20.56,3.4,LUD,30.9,75.85,subtropical_humid,NASA_POWER_daily_ag,4.357,8.788,0.7795,dewpoint,336.7,31.089
2018-03-16,23.13,31.2,17.32,31.62,0.36,1.37,22.48,98.21,0.45,4.17,LUD,30.9,75.85,subtropical_humid,NASA_POWER_daily_ag,4.577,9.669,0.823,dewpoint,324.1,31.292
2018-03-17,21.6,31.05,13.26,27.48,0.0,2.2,24.18,98.29,1.25,-0.35,LUD,30.9,75.85,subtropical_humid,NASA_POWER_daily_ag,5.511,9.744,0.5954,dewpoint,315.6,31.495
2018-03-18,22.59,32.68,14.46,25.06,0.0,1.86,22.6,98.43,17.37,-0.05,LUD,30.9,75.85,subtropical_humid,NASA_POWER_daily_ag,5.193,9.258,0.6086,dewpoint,300.9,31.697
2018-03-19,24.51,34.69,16.64,24.71,0.0,1.72,21.4,98.57,23.74,1.67,LUD,30.9,75.85,subtropical_humid,NASA_POWER_daily_ag,5.179,9.014,0.6891,dewpoint,286.2,31.897
2018-03-20,25.27,35.85,16.89,32.47,0.77,1.51,16.31,98.23,75.82,5.61,LUD,30.9,75.85,subtropical_humid,NASA_POWER_daily_ag,4.519,7.994,0.9102,dewpoint,321.9,32.097
2018-03-21,23.11,30.32,17.74,46.79,3.32,1.25,11.15,98.13,92.02,9.97,LUD,30.9,75.85,subtropical_humid,NASA_POWER_daily_ag,3.276,6.698,1.2255,dewpoint,332.5,32.295
2018-03-22,22.35,30.07,16.14,48.86,1.32,1.11,20.29,98.22,42.47,9.82,LUD,30.9,75.85,subtropical_humid,NASA_POWER_daily_ag,3.992,10.241,1.2132,dewpoint,323.0,32.492
2018-03-23,23.08,31.36,14.83,39.53,0.0,1.36,22.4,98.25,14.82,7.42,LUD,30.9,75.85,subtropical_humid,NASA_POWER_daily_ag,4.615,10.694,1.0311,dewpoint,319.8,32.688
2018-03-24,24.13,33.32,15.29,35.58,0.0,2.12,22.95,98.54,23.0,6.52,LUD,30.9,75.85,subtropical_humid,NASA_POWER_daily_ag,5.605,10.674,0.9693,dewpoint,289.4,32.882
2018-03-25,24.89,34.75,15.77,28.23,0.0,2.44,23.43,98.61,19.21,3.53,LUD,30.9,75.85,subtropical_humid,NASA_POWER_daily_ag,6.276,10.311,0.7867,dewpoint,282.0,33.075
2018-03-26,25.41,35.82,15.6,24.01,0.0,1.98,22.58,98.42,17.62,1.24,LUD,30.9,75.85,subtropical_humid,NASA_POWER_daily_ag,5.864,9.728,0.6682,dewpoint,302.0,33.266
2018-03-27,28.12,37.56,19.2,18.0,0.0,1.01,22.85,98.09,17.93,-0.14,LUD,30.9,75.85,subtropical_humid,NASA_POWER_daily_ag,4.791,9.412,0.6046,dewpoint,336.7,33.456
2018-03-28,28.18,37.59,20.78,16.05,0.0,1.63,23.65,98.07,36.58,-1.6,LUD,30.9,75.85,subtropical_humid,NASA_POWER_daily_ag,5.851,9.399,0.5432,dewpoint,338.8,33.644
2018-03-29,27.26,38.01,16.25,19.24,0.0,3.32,24.29,97.9,40.94,-0.36,LUD,30.9,75.85,subtropical_humid,NASA_POWER_daily_ag,8.066,10.031,0.595,dewpoint,356.7,33.83
2018-03-30,26.86,38.44,16.27,15.03,0.0,1.53,25.57,97.65,27.03,-4.63,LUD,30.9,75.85,subtropical_humid,NASA_POWER_daily_ag,5.731,9.802,0.4332,dewpoint,383.1,34.015
2018-03-31,27.82,38.91,16.11,11.22,0.0,1.71,23.39,97.91,21.13,-6.24,LUD,30.9,75.85,subtropical_humid,NASA_POWER_daily_ag,6.007,9.107,0.3831,dewpoint,355.7,34.197
2018-04-01,26.72,35.81,15.86,14.49,0.0,1.61,22.67,98.18,26.53,-3.17,LUD,30.9,75.85,subtropical_humid,NASA_POWER_daily_ag,5.72,9.543,0.4834,dewpoint,327.2,34.378
2018-04-02,27.33,36.32,17.56,20.88,0.0,1.22,20.38,98.18,43.79,1.9,LUD,30.9,75.85,subtropical_humid,NASA_POWER_daily_ag,4.979,9.433,0.7006,dewpoint,327.2,34.557
2018-04-03,28.0,36.06,21.02,22.34,0.08,1.44,16.73,98.11,63.77,3.76,LUD,30.9,75.85,subtropical_humid,NASA_POWER_daily_ag,5.022,8.421,0.7996,dewpoint,334.6,34.734
2018-04-04,29.97,38.75,22.61,25.54,0.06,1.42,20.93,97.85,41.88,7.02,LUD,30.9,75.85,subtropical_humid,NASA_POWER_daily_ag,5.56,10.089,1.0032,dewpoint,362.0,34.909
2018-04-05,30.34,38.57,22.68,28.32,0.02,1.65,14.57,97.68,71.95,9.13,LUD,30.9,75.85,subtropical_humid,NASA_POWER_daily_ag,5.238,8.122,1.1582,dewpoint,380.0,35.082
2018-04-06,30.83,38.97,24.28,27.2,0.12,1.52,18.65,97.82,76.69,8.44,LUD,30.9,75.85,subtropical_humid,NASA_POWER_daily_ag,5.572,9.505,1.1053,dewpoint,365.2,35.252
2018-04-07,29.84,37.4,21.61,27.67,0.14,1.1,23.19,98.04,38.37,8.33,LUD,30.9,75.85,subtropical_humid,NASA_POWER_daily_ag,5.37,11.324,1.0971,dewpoint,342.0,35.421
2018-04-08,28.91,36.38,21.66,36.81,3.56,2.64,22.64,98.13,44.89,11.79,LUD,30.9,75.85,subtropical_humid,NASA_POWER_daily_ag,6.899,11.785,1.3833,dewpoint,332.5,35.587
2018-04-09,28.2,35.75,21.06,42.53,2.62,1.23,20.17,98.18,75.76,13.3,LUD,30.9,75.85,subtropical_humid,NASA_POWER_daily_ag,4.938,11.068,1.5274,dewpoint,327.2,35.751
2018-04-10,24.89,30.49,21.73,57.31,8.14,2.2,14.68,98.1,85.91,15.37,LUD,30.9,75.85,subtropical_humid,NASA_POWER_daily_ag,4.295,8.989,1.7464,dewpoint,335.6,35.913
2018-04-11,26.59,32.93,21.16,54.78,2.08,0.75,14.22,98.04,80.1,15.47,LUD,30.9,75.85,subtropical_humid,NASA_POWER_daily_ag,3.441,8.773,1.7576,dewpoint,342.0,36.073
2018-04-12,25.71,33.79,18.1,46.21,0.01,1.43,25.64,98.09,11.14,11.23,LUD,30.9,75.85,subtropical_humid,NASA_POWER_daily_ag,5.53,13.329,1.3329,dewpoint,336.7,36.23
2018-04-13,26.41,35.77,16.87,30.0,0.0,2.07,24.0,98.12,39.92,5.07,LUD,30.9,75.85,subtropical_humid,NASA_POWER_daily_ag,6.383,11.626,0.8766,dewpoint,333.5,36.385
2018-04-14,28.41,37.2,20.33,27.63,0.0,2.22,23.27,97.98,35.96,6.62,LUD,30.9,75.85,subtropical_humid,NASA_POWER_daily_ag,6.779,11.43,0.976,dewpoint,348.3,36.537
2018-04-15,29.95,38.14,21.13,28.83,0.0,1.88,23.95,97.9,30.67,8.66,LUD,30.9,75.85,subtropical_humid,NASA_POWER_daily_ag,6.63,11.979,1.122,dewpoint,356.7,36.687
2018-04-16,30.29,38.7,24.26,31.59,0.45,1.42,20.65,97.95,65.91,10.37,LUD,30.9,75.85,subtropical_humid,NASA_POWER_daily_ag,5.628,10.865,1.2587,dewpoint,351.5,36.835
2018-04-17,30.07,38.38,22.58,32.06,0.08,2.7,24.65,98.17,40.98,10.21,LUD,30.9,75.85,subtropical_humid,NASA_POWER_daily_ag,7.65,12.525,1.2454,dewpoint,328.3,36.98
2018-04-18,29.96,38.46,20.98,32.11,0.01,3.04,24.9,98.08,12.14,9.75,LUD,30.9,75.85,subtropical_humid,NASA_POWER_daily_ag,8.081,12.638,1.2075,dewpoint,337.7,37.123
2018-04-19,30.04,38.71,23.76,23.63,0.02,2.66,20.6,97.71,46.47,5.29,LUD,30.9,75.85,subtropical_humid,NASA_POWER_daily_ag,7.479,10.283,0.8901,dewpoint,376.8,37.264
2018-04-20,28.18,38.26,19.14,27.69,1.43,4.23,21.77,97.45,69.1,6.42,LUD,30.9,75.85,subtropical_humid,NASA_POWER_daily_ag,8.795,11.065,0.9627,dewpoint,404.3,37.401
2018-04-21,25.54,34.19,17.1,35.11,0.0,2.83,26.2,98.12,29.85,5.94,LUD,30.9,75.85,subtropical_humid,NASA_POWER_daily_ag,7.232,12.969,0.9312,dewpoint,333.5,37.537
2018-04-22,25.68,35.13,15.68,28.48,0.0,2.18,28.39,98.13,18.35,3.58,LUD,30.9,75.85,subtropical_humid,NASA_POWER_daily_ag,6.95,13.452,0.7895,dewpoint,332.5,37.67
2018-04-23,28.43,38.78,17.94,23.02,0.0,3.15,28.02,97.99,18.98,2.85,LUD,30.9,75.85,subtropical_humid,NASA_POWER_daily_ag,8.612,12.895,0.7497,dewpoint,347.2,37.8
2018-04-24,30.42,41.53,19.72,18.4,0.0,2.31,27.84,97.81,23.26,1.34,LUD,30.9,75.85,subtropical_humid,NASA_POWER_daily_ag,7.925,12.356,0.673,dewpoint,366.2,37.928
2018-04-25,32.51,42.5,22.13,17.27,0.0,1.76,26.73,97.52,25.82,2.39,LUD,30.9,75.85,subtropical_humid,NASA_POWER_daily_ag,7.263,12.033,0.7256,dewpoint,396.9,38.053
2018-04-26,33.59,42.88,25.2,19.2,0.0,2.1,26.33,97.44,43.3,5.42,LUD,30.9,75.85,subtropical_humid,NASA_POWER_daily_ag,7.905,12.285,0.8982,dewpoint,405.4,38.176
2018-04-27,33.69,41.76,25.4,19.37,0.04,1.53,23.63,97.69,64.86,5.74,LUD,30.9,75.85,subtropical_humid,NASA_POWER_daily_ag,6.715,11.47,0.9184,dewpoint,378.9,38.296
2018-04-28,34.33,42.11,25.69,19.59,0.04,1.57,24.55,97.68,27.88,6.67,LUD,30.9,75.85,subtropical_humid,NASA_POWER_daily_ag,6.971,11.947,0.9794,dewpoint,380.0,38.414
2018-04-29,34.34,42.93,25.54,17.83,0.41,2.05,25.04,97.43,25.87,4.78,LUD,30.9,75.85,subtropical_humid,NASA_POWER_daily_ag,7.848,11.815,0.859,dewpoint,406.4,38.529
2018-04-30,34.84,43.9,24.42,15.57,0.0,1.54,26.94,97.21,21.07,3.18,LUD,30.9,75.85,subtropical_humid,NASA_POWER_daily_ag,7.218,12.226,0.7675,dewpoint,429.8,38.641
2018-05-01,35.12,43.76,26.17,14.61,0.0,2.14,25.24,97.48,38.58,3.39,LUD,30.9,75.85,subtropical_humid,NASA_POWER_daily_ag,8.158,11.649,0.779,dewpoint,401.1,38.751
2018-05-02,34.06,42.37,25.5,18.09,0.82,2.27,9.52,97.62,88.88,5.85,LUD,30.9,75.85,subtropical_humid,NASA_POWER_daily_ag,6.552,6.553,0.9254,dewpoint,386.3,38.859
2018-05-03,33.35,40.37,25.87,22.91,1.27,2.65,23.3,97.71,64.47,8.57,LUD,30.9,75.85,subtropical_humid,NASA_POWER_daily_ag,8.366,11.987,1.1151,dewpoint,376.8,38.964
2018-05-04,33.2,39.51,26.39,29.26,0.0,1.92,24.2,97.82,43.6,12.37,LUD,30.9,75.85,subtropical_humid,NASA_POWER_daily_ag,7.273,13.028,1.4372,dewpoint,365.2,39.066
2018-05-05,34.08,41.6,27.24,22.97,0.05,1.71,23.58,97.75,43.38,9.09,LUD,30.9,75.85,subtropical_humid,NASA_POWER_daily_ag,7.085,12.123,1.1551,dewpoint,372.6,39.166
2018-05-06,32.36,39.92,25.72,26.18,0.3,3.0,18.4,97.87,88.67,9.68,LUD,30.9,75.85,subtropical_humid,NASA_POWER_daily_ag,8.016,10.264,1.2019,dewpoint,359.9,39.263
2018-05-07,31.9,38.82,26.45,28.31,1.49,1.94,23.11,97.75,83.42,10.46,LUD,30.9,75.85,subtropical_humid,NASA_POWER_daily_ag,7.019,12.333,1.2663,dewpoint,372.6,39.358
2018-05-08,28.62,35.71,22.3,40.48,2.52,3.0,22.9,97.72,44.49,13.01,LUD,30.9,75.85,subtropical_humid,NASA_POWER_daily_ag,7.264,12.902,1.4988,dewpoint,375.7,39.451
2018-05-09,30.37,37.66,22.98,31.96,0.04,1.92,26.48,97.88,34.5,10.32,LUD,30.9,75.85,subtropical_humid,NASA_POWER_daily_ag,7.177,13.937,1.2545,dewpoint,358.8,39.541
2018-05-10,32.4,40.56,24.03,25.32,0.0,1.75,26.85,97.92,16.73,8.53,LUD,30.9,75.85,subtropical_humid,NASA_POWER_daily_ag,7.357,13.598,1.1121,dewpoint,354.6,39.628
2018-05-11,34.71,44.14,24.27,22.48,0.0,2.19,27.4,97.61,10.71,8.82,LUD,30.9,75.85,subtropical_humid,NASA_POWER_daily_ag,8.441,13.707,1.1342,dewpoint,387.4,39.713
2018-05-12,36.81,44.79,29.84,20.71,0.29,1.62,18.24,97.54,78.64,9.72,LUD,30.9,75.85,subtropical_humid,NASA_POWER_daily_ag,6.646,10.072,1.2051,dewpoint,394.8,39.796
2018-05-13,35.39,43.17,28.63,25.8,1.82,3.27,23.54,97.63,74.72,11.31,LUD,30.9,75.85,subtropical_humid,NASA_POWER_daily_ag,9.58,12.521,1.34,dewpoint,385.3,39.876
2018-05-14,31.99,38.94,24.72,29.56,1.16,2.0,17.99,97.7,84.74,11.08,LUD,30.9,75.85,subtropical_humid,NASA_POWER_daily_ag,6.502,10.402,1.3197,dewpoint,377.9,39.953
2018-05-15,33.17,40.09,25.47,26.73,0.0,1.82,20.93,97.6,84.02,10.46,LUD,30.9,75.85,subtropical_humid,NASA_POWER_daily_ag,6.837,11.543,1.2663,dewpoint,388.4,40.029
2018-05-16,34.08,41.0,27.44,26.24,0.19,3.43,22.51,97.52,73.12,11.12,LUD,30.9,75.85,subtropical_humid,NASA_POWER_daily_ag,9.374,12.228,1.3232,dewpoint,396.9,40.102
2018-05-17,34.29,42.06,25.22,21.41,0.0,2.68,17.51,97.51,93.65,7.13,LUD,30.9,75.85,subtropical_humid,NASA_POWER_daily_ag,8.096,9.776,1.0108,dewpoint,398.0,40.172
2018-05-18,33.47,40.69,27.8,22.72,0.0,2.32,21.11,97.48,57.17,8.84,LUD,30.9,75.85,subtropical_humid,NASA_POWER_daily_ag,7.704,11.361,1.1357,dewpoint,401.1,40.24
2018-05-19,34.63,42.07,25.9,20.95,0.0,2.57,24.27,97.49,59.67,7.46,LUD,30.9,75.85,subtropical_humid,NASA_POWER_daily_ag,8.739,12.432,1.0339,dewpoint,400.1,40.306
2018-05-20,34.6,42.41,26.28,15.38,0.04,2.16,26.44,97.65,52.42,3.08,LUD,30.9,75.85,subtropical_humid,NASA_POWER_daily_ag,8.389,12.526,0.7621,dewpoint,383.1,40.37
2018-05-21,34.97,42.78,26.34,13.32,0.0,3.02,24.91,97.69,72.81,2.04,LUD,30.9,75.85,subtropical_humid,NASA_POWER_daily_ag,9.756,11.843,0.7077,dewpoint,378.9,40.431
2018-05-22,36.04,43.91,27.29,13.33,0.0,3.2,24.88,97.6,64.01,3.15,LUD,30.9,75.85,subtropical_humid,NASA_POWER_daily_ag,10.225,11.909,0.7659,dewpoint,388.4,40.49
2018-05-23,35.73,43.97,27.37,11.03,0.0,3.43,26.24,97.52,60.47,-0.78,LUD,30.9,75.85,subtropical_humid,NASA_POWER_daily_ag,10.754,11.804,0.577,dewpoint,396.9,40.547
2018-05-24,35.26,43.88,25.52,10.46,0.0,3.14,28.88,97.4,39.98,-1.61,LUD,30.9,75.85,subtropical_humid,NASA_POWER_daily_ag,10.445,12.626,0.5428,dewpoint,409.6,40.601
2018-05-25,36.26,45.16,26.01,10.04,0.0,3.35,27.69,97.35,31.47,-1.18,LUD,30.9,75.85,subtropical_humid,NASA_POWER_daily_ag,10.879,12.23,0.5603,dewpoint,414.9,40.653
2018-05-26,36.88,45.72,27.09,9.46,0.0,1.9,27.3,97.21,38.88,-1.36,LUD,30.9,75.85,subtropical_humid,NASA_POWER_daily_ag,8.274,12.012,0.5529,dewpoint,429.8,40.703
2018-05-27,37.09,45.56,28.38,9.9,0.0,1.86,24.4,97.16,91.54,-0.39,LUD,30.9,75.85,subtropical_humid,NASA_POWER_daily_ag,7.942,11.221,0.5937,dewpoint,435.1,40.751
2018-05-28,37.42,45.92,28.29,12.84,0.0,2.79,27.51,96.95,33.58,3.0,LUD,30.9,75.85,subtropical_humid,NASA_POWER_daily_ag,10.043,12.726,0.7578,dewpoint,457.4,40.796
2018-05-29,38.26,46.37,29.72,10.49,0.0,1.11,26.35,96.84,55.53,1.08,LUD,30.9,75.85,subtropical_humid,NASA_POWER_daily_ag,6.696,11.962,0.6605,dewpoint,469.1,40.84
2018-05-30,37.28,44.64,29.05,14.19,0.0,3.31,24.65,97.03,52.51,5.13,LUD,30.9,75.85,subtropical_humid,NASA_POWER_daily_ag,10.581,12.128,0.8803,dewpoint,448.9,40.881
2018-05-31,37.94,45.17,29.51,15.45,0.0,1.87,25.1,97.18,69.1,6.18,LUD,30.9,75.85,subtropical_humid,NASA_POWER_daily_ag,8.183,12.415,0.9468,dewpoint,432.9,40.92
2018-06-01,37.98,45.82,28.86,15.89,0.01,2.05,24.96,97.29,52.02,6.79,LUD,30.9,75.85,subtropical_humid,NASA_POWER_daily_ag,8.512,12.463,0.9875,dewpoint,421.3,40.957
2018-06-02,35.59,42.53,28.04,28.52,2.58,2.74,26.39,97.38,44.69,13.63,LUD,30.9,75.85,subtropical_humid,NASA_POWER_daily_ag,9.185,14.467,1.5606,dewpoint,411.7,40.992
2018-06-03,36.32,43.61,27.44,27.08,0.0,1.9,27.11,97.14,23.74,12.39,LUD,30.9,75.85,subtropical_humid,NASA_POWER_daily_ag,8.247,14.524,1.439,dewpoint,437.2,41.024
2018-06-04,36.83,43.59,28.86,29.76,0.0,3.53,25.24,97.15,23.48,15.78,LUD,30.9,75.85,subtropical_humid,NASA_POWER_daily_ag,10.207,14.32,1.7929,dewpoint,436.1,41.055
2018-06-05,37.3,42.77,32.07,37.46,6.6,3.29,22.96,97.33,50.65,19.83,LUD,30.9,75.85,subtropical_humid,NASA_POWER_daily_ag,9.263,13.935,2.3138,dewpoint,417.0,41.083
2018-06-06,34.9,40.09,30.2,49.09,9.21,1.7,22.79,97.52,51.16,22.14,LUD,30.9,75.85,subtropical_humid,NASA_POWER_daily_ag,6.704,14.398,2.6666,dewpoint,396.9,41.11
2018-06-07,36.82,42.71,30.58,39.79,0.0,0.92,24.02,97.09,42.79,20.0,LUD,30.9,75.85,subtropical_humid,NASA_POWER_daily_ag,6.333,14.569,2.3383,dewpoint,442.5,41.134
2018-06-08,36.82,42.53,31.0,40.12,8.05,1.85,24.43,96.76,28.44,20.37,LUD,30.9,75.85,subtropical_humid,NASA_POWER_daily_ag,7.61,14.866,2.3924,dewpoint,477.6,41.157
2018-06-09,33.5,38.71,28.05,55.15,15.03,2.38,11.47,96.78,84.44,22.68,LUD,30.9,75.85,subtropical_humid,NASA_POWER_daily_ag,5.053,8.155,2.7555,dewpoint,475.5,41.177
2018-06-10,35.15,41.06,29.06,45.23,0.72,1.61,21.8,96.77,63.19,20.7,LUD,30.9,75.85,subtropical_humid,NASA_POWER_daily_ag,6.58,13.61,2.4415,dewpoint,476.5,41.195
2018-06-11,36.2,42.85,29.9,38.89,0.18,3.03,25.33,96.62,46.25,18.95,LUD,30.9,75.85,subtropical_humid,NASA_POWER_daily_ag,9.105,15.058,2.1905,dewpoint,492.5,41.212
2018-06-12,37.38,45.29,28.92,28.72,0.0,2.84,27.29,96.33,33.05,14.63,LUD,30.9,75.85,subtropical_humid,NASA_POWER_daily_ag,9.776,15.015,1.6651,dewpoint,523.5,41.226
2018-06-13,37.75,45.27,28.77,27.4,0.07,3.24,22.35,96.31,82.58,14.27,LUD,30.9,75.85,subtropical_humid,NASA_POWER_daily_ag,9.794,12.706,1.6268,dewpoint,525.6,41.238
2018-06-14,37.47,44.18,30.87,30.39,0.18,4.68,20.33,96.46,86.4,16.39,LUD,30.9,75.85,subtropical_humid,NASA_POWER_daily_ag,11.056,12.072,1.8641,dewpoint,509.6,41.248
2018-06-15,36.6,42.21,31.45,35.45,1.42,3.24,16.24,96.67,99.65,18.34,LUD,30.9,75.85,subtropical_humid,NASA_POWER_daily_ag,8.194,10.338,2.1085,dewpoint,487.2,41.257
2018-06-16,34.59,38.49,31.0,49.97,12.77,1.93,14.96,96.97,99.5,22.17,LUD,30.9,75.85,subtropical_humid,NASA_POWER_daily_ag,5.543,10.074,2.6715,dewpoint,455.2,41.263
2018-06-17,31.76,35.5,27.98,57.74,15.69,1.11,14.95,97.17,78.44,22.01,LUD,30.9,75.85,subtropical_humid,NASA_POWER_daily_ag,4.311,10.108,2.6455,dewpoint,434.0,41.268
2018-06-18,32.7,37.86,27.25,45.43,0.98,2.59,15.48,97.21,72.97,18.45,LUD,30.9,75.85,subtropical_humid,NASA_POWER_daily_ag,6.34,10.067,2.1231,dewpoint,429.8,41.27
2018-06-19,33.63,40.28,26.79,42.9,0.0,2.39,25.56,97.15,36.98,18.26,LUD,30.9,75.85,subtropical_humid,NASA_POWER_daily_ag,7.877,15.192,2.098,dewpoint,436.1,41.271
2018-06-20,35.48,42.18,28.66,39.05,0.05,1.68,26.56,97.23,40.56,18.21,LUD,30.9,75.85,subtropical_humid,NASA_POWER_daily_ag,7.597,15.574,2.0914,dewpoint,427.6,41.269
2018-06-21,36.3,42.81,29.82,36.49,0.03,2.11,24.4,97.19,74.19,18.15,LUD,30.9,75.85,subtropical_humid,NASA_POWER_daily_ag,7.959,14.421,2.0835,dewpoint,431.9,41.266
2018-06-22,36.55,43.84,28.48,33.08,0.0,1.6,24.46,97.09,72.18,16.53,LUD,30.9,75.85,subtropical_humid,NASA_POWER_daily_ag,7.377,14.136,1.8808,dewpoint,442.5,41.26
2018-06-23,36.87,43.49,29.98,32.8,0.07,2.66,19.52,97.08,68.28,16.99,LUD,30.9,75.85,subtropical_humid,NASA_POWER_daily_ag,8.162,11.793,1.9365,dewpoint,443.6,41.253
2018-06-24,36.84,43.68,29.27,29.35,0.0,2.86,26.06,97.01,47.81,15.05,LUD,30.9,75.85,subtropical_humid,NASA_POWER_daily_ag,9.506,14.577,1.7108,dewpoint,451.0,41.244
2018-06-25,37.21,44.49,29.89,30.48,0.74,3.02,24.77,96.74,56.29,16.06,LUD,30.9,75.85,subtropical_humid,NASA_POWER_daily_ag,9.545,14.132,1.8253,dewpoint,479.7,41.233
2018-06-26,36.56,42.67,29.72,36.16,1.54,1.77,22.31,96.69,74.58,18.36,LUD,30.9,75.85,subtropical_humid,NASA_POWER_daily_ag,7.221,13.417,2.1112,dewpoint,485.0,41.22
2018-06-27,32.49,35.72,28.81,54.08,18.53,1.89,5.62,97.12,98.46,21.72,LUD,30.9,75.85,subtropical_humid,NASA_POWER_daily_ag,3.587,4.851,2.5991,dewpoint,439.3,41.205
2018-06-28,28.89,31.28,26.97,75.15,44.92,2.15,8.16,97.35,99.38,23.99,LUD,30.9,75.85,subtropical_humid,NASA_POWER_daily_ag,2.931,6.272,2.9821,dewpoint,414.9,41.188
2018-06-29,30.66,35.58,26.44,69.71,22.45,2.22,13.49,97.27,95.93,24.0,LUD,30.9,75.85,subtropical_humid,NASA_POWER_daily_ag,4.308,9.425,2.9839,dewpoint,423.4,41.169
2018-06-30,32.72,37.61,27.37,59.4,1.23,1.57,20.03,97.22,66.93,23.17,LUD,30.9,75.85,subtropical_humid,NASA_POWER_daily_ag,5.619,13.119,2.8385,dewpoint,428.7,41.148
2018-07-01,33.72,38.58,28.49,57.33,0.86,1.81,21.55,97.01,76.57,23.65,LUD,30.9,75.85,subtropical_humid,NASA_POWER_daily_ag,6.226,14.047,2.9218,dewpoint,451.0,41.125
2018-07-02,33.61,38.59,28.6,62.74,23.92,2.5,21.17,96.75,76.15,24.99,LUD,30.9,75.85,subtropical_humid,NASA_POWER_daily_ag,6.421,14.066,3.1659,dewpoint,478.7,41.1
2018-07-03,31.58,35.26,27.44,68.94,28.57,1.29,15.78,96.83,88.96,24.85,LUD,30.9,75.85,subtropical_humid,NASA_POWER_daily_ag,4.314,10.859,3.1396,dewpoint,470.1,41.073
2018-07-04,30.81,34.45,27.69,68.75,4.26,1.46,16.15,96.95,75.82,24.11,LUD,30.9,75.85,subtropical_humid,NASA_POWER_daily_ag,4.4,11.004,3.0037,dewpoint,457.4,41.045
2018-07-05,30.89,35.47,26.31,63.79,0.2,1.64,17.94,97.15,77.29,22.77,LUD,30.9,75.85,subtropical_humid,NASA_POWER_daily_ag,4.974,11.891,2.7706,dewpoint,436.1,41.014
2018-07-06,31.6,37.47,26.31,60.25,0.0,1.87,25.3,97.12,41.92,22.32,LUD,30.9,75.85,subtropical_humid,NASA_POWER_daily_ag,6.54,15.975,2.6959,dewpoint,439.3,40.981
2018-07-07,32.28,39.14,25.82,52.23,0.0,2.06,26.49,97.01,0.66,20.29,LUD,30.9,75.85,subtropical_humid,NASA_POWER_daily_ag,7.206,16.138,2.3806,dewpoint,451.0,40.947
2018-07-08,33.83,40.16,27.71,48.97,0.0,1.48,24.93,96.92,2.19,21.06,LUD,30.9,75.85,subtropical_humid,NASA_POWER_daily_ag,6.707,15.386,2.4962,dewpoint,460.6,40.91
2018-07-09,34.8,40.66,27.91,48.54,0.53,1.16,24.34,96.87,27.93,21.54,LUD,30.9,75.85,subtropical_humid,NASA_POWER_daily_ag,6.426,15.145,2.5707,dewpoint,465.9,40.871
2018-07-10,34.16,39.57,27.88,55.4,2.97,1.52,21.03,96.92,67.34,23.21,LUD,30.9,75.85,subtropical_humid,NASA_POWER_daily_ag,6.016,13.632,2.8453,dewpoint,460.6,40.83
2018-07-11,32.88,37.64,27.74,60.87,13.25,1.67,17.74,96.88,82.21,23.81,LUD,30.9,75.85,subtropical_humid,NASA_POWER_daily_ag,5.253,11.849,2.9501,dewpoint,464.8,40.788
2018-07-12,33.5,38.2,28.11,60.41,12.34,1.4,18.94,96.78,89.11,24.22,LUD,30.9,75.85,subtropical_humid,NASA_POWER_daily_ag,5.349,12.595,3.0235,dewpoint,475.5,40.743
2018-07-13,31.42,35.28,27.17,71.52,23.64,1.76,19.13,96.93,73.07,25.36,LUD,30.9,75.85,subtropical_humid,NASA_POWER_daily_ag,5.039,12.926,3.2363,dewpoint,459.5,40.696
2018-07-14,31.18,36.34,26.49,70.08,5.15,1.52,23.41,96.92,38.41,24.47,LUD,30.9,75.85,subtropical_humid,NASA_POWER_daily_ag,5.733,15.327,3.0691,dewpoint,460.6,40.647
2018-07-15,31.13,36.15,27.0,74.62,6.55,2.61,23.26,96.94,42.73,25.76,LUD,30.9,75.85,subtropical_humid,NASA_POWER_daily_ag,5.886,15.499,3.314,dewpoint,458.4,40.596
2018-07-16,29.9,32.72,27.04,82.9,50.63,2.5,15.95,97.0,93.54,26.61,LUD,30.9,75.85,subtropical_humid,NASA_POWER_daily_ag,4.019,11.143,3.4846,dewpoint,452.1,40.543
2018-07-17,29.31,32.58,26.43,82.35,23.81,2.37,14.89,97.08,74.18,25.84,LUD,30.9,75.85,subtropical_humid,NASA_POWER_daily_ag,3.808,10.406,3.3298,dewpoint,443.6,40.488
2018-07-18,30.27,33.95,26.4,77.59,4.35,1.16,13.48,97.15,72.58,25.71,LUD,30.9,75.85,subtropical_humid,NASA_POWER_daily_ag,3.507,9.515,3.3042,dewpoint,436.1,40.431
2018-07-19,30.47,33.95,26.46,76.54,2.93,1.06,21.49,97.11,77.74,25.68,LUD,30.9,75.85,subtropical_humid,NASA_POWER_daily_ag,4.988,14.42,3.2984,dewpoint,440.4,40.371
2018-07-20,31.13,34.32,27.56,73.95,2.82,0.91,15.82,97.0,91.52,25.71,LUD,30.9,75.85,subtropical_humid,NASA_POWER_daily_ag,3.979,10.933,3.3042,dewpoint,452.1,40.31
2018-07-21,30.76,34.54,27.09,77.28,9.04,1.18,18.28,96.97,87.41,26.1,LUD,30.9,75.85,subtropical_humid,NASA_POWER_daily_ag,4.445,12.492,3.3814,dewpoint,455.2,40.246
2018-07-22,29.73,33.28,26.47,81.21,2.76,2.1,13.97,97.06,96.79,25.98,LUD,30.9,75.85,subtropical_humid,NASA_POWER_daily_ag,3.688,9.83,3.3575,dewpoint,445.7,40.18
2018-07-23,29.61,32.58,26.4,81.63,8.81,1.19,17.51,97.07,88.22,25.98,LUD,30.9,75.85,subtropical_humid,NASA_POWER_daily_ag,4.102,12.017,3.3575,dewpoint,444.6,40.112
2018-07-24,30.57,33.98,26.53,75.78,3.13,1.35,19.01,97.12,73.58,25.62,LUD,30.9,75.85,subtropical_humid,NASA_POWER_daily_ag,4.636,12.864,3.2867,dewpoint,439.3,40.042
2018-07-25,31.48,34.97,27.9,75.46,18.2,1.51,15.36,96.94,96.0,26.4,LUD,30.9,75.85,subtropical_humid,NASA_POWER_daily_ag,4.12,10.697,3.4417,dewpoint,458.4,39.97
2018-07-26,29.73,33.45,26.4,80.1,28.89,1.72,15.77,97.01,99.27,25.66,LUD,30.9,75.85,subtropical_humid,NASA_POWER_daily_ag,3.967,10.887,3.2945,dewpoint,451.0,39.895
2018-07-27,29.32,33.87,25.7,81.35,7.49,1.13,18.63,97.02,93.92,25.51,LUD,30.9,75.85,subtropical_humid,NASA_POWER_daily_ag,4.274,12.61,3.2653,dewpoint,449.9,39.818
2018-07-28,29.32,32.93,25.82,79.93,7.28,1.59,16.52,97.05,87.21,25.3,LUD,30.9,75.85,subtropical_humid,NASA_POWER_daily_ag,4.022,11.302,3.2248,dewpoint,446.7,39.739
2018-07-29,30.26,34.42,25.54,74.82,1.37,1.47,20.7,97.06,69.36,25.04,LUD,30.9,75.85,subtropical_humid,NASA_POWER_daily_ag,4.961,13.768,3.1753,dewpoint,445.7,39.658
2018-07-30,30.59,34.89,26.28,73.9,1.92,1.63,24.15,97.01,55.73,25.1,LUD,30.9,75.85,subtropical_humid,NASA_POWER_daily_ag,5.68,15.827,3.1867,dewpoint,451.0,39.574
2018-07-31,30.73,35.88,26.21,70.84,4.24,1.93,23.33,96.91,43.81,24.38,LUD,30.9,75.85,subtropical_humid,NASA_POWER_daily_ag,5.753,15.154,3.0527,dewpoint,461.6,39.488
2018-08-01,30.28,35.87,24.78,70.11,1.46,1.69,24.06,96.94,18.28,23.75,LUD,30.9,75.85,subtropical_humid,NASA_POWER_daily_ag,5.743,15.46,2.9394,dewpoint,458.4,39.4
2018-08-02,30.67,36.41,25.67,66.52,0.24,2.28,22.58,97.07,44.29,23.18,LUD,30.9,75.85,subtropical_humid,NASA_POWER_daily_ag,5.918,14.446,2.8402,dewpoint,444.6,39.31
2018-08-03,30.51,36.79,24.56,65.25,0.43,2.14,21.82,97.11,63.66,22.71,LUD,30.9,75.85,subtropical_humid,NASA_POWER_daily_ag,5.751,13.923,2.7605,dewpoint,440.4,39.217
2018-08-04,30.83,36.19,25.73,67.89,2.53,1.23,20.99,97.05,81.31,23.79,LUD,30.9,75.85,subtropical_humid,NASA_POWER_daily_ag,5.11,13.631,2.9465,dewpoint,446.7,39.122
2018-08-05,30.8,36.61,26.19,68.58,5.02,2.12,19.42,97.01,90.38,23.91,LUD,30.9,75.85,subtropical_humid,NASA_POWER_daily_ag,5.247,12.719,2.9678,dewpoint,451.0,39.025
2018-08-06,27.64,30.52,25.63,82.78,8.99,2.15,13.64,97.09,97.97,24.37,LUD,30.9,75.85,subtropical_humid,NASA_POWER_daily_ag,3.366,9.449,3.0508,dewpoint,442.5,38.925
2018-08-07,26.85,30.27,24.23,85.15,19.23,1.96,7.27,97.25,90.02,24.07,LUD,30.9,75.85,subtropical_humid,NASA_POWER_daily_ag,2.17,5.663,2.9965,dewpoint,425.5,38.823
2018-08-08,28.95,32.62,25.44,79.45,5.98,1.4,17.41,97.34,84.77,24.87,LUD,30.9,75.85,subtropical_humid,NASA_POWER_daily_ag,4.084,11.714,3.1433,dewpoint,416.0,38.718
2018-08-09,30.26,34.36,25.91,74.37,5.73,1.11,17.59,97.52,86.72,24.87,LUD,30.9,75.85,subtropical_humid,NASA_POWER_daily_ag,4.27,11.785,3.1433,dewpoint,396.9,38.612
2018-08-10,31.13,35.44,26.0,69.19,0.77,1.15,20.59,97.34,52.51,24.44,LUD,30.9,75.85,subtropical_humid,NASA_POWER_daily_ag,4.996,13.461,3.0636,dewpoint,416.0,38.502
2018-08-11,31.82,36.5,26.73,68.38,1.16,1.82,18.39,96.91,71.46,24.91,LUD,30.9,75.85,subtropical_humid,NASA_POWER_daily_ag,5.035,12.215,3.1508,dewpoint,461.6,38.391
2018-08-12,30.56,35.09,26.51,72.02,20.0,2.12,18.92,96.69,94.93,24.63,LUD,30.9,75.85,subtropical_humid,NASA_POWER_daily_ag,4.972,12.497,3.0986,dewpoint,485.0,38.277
2018-08-13,28.71,32.32,25.47,78.55,12.57,1.66,14.91,96.95,90.64,24.38,LUD,30.9,75.85,subtropical_humid,NASA_POWER_daily_ag,3.728,10.137,3.0527,dewpoint,457.4,38.161
2018-08-14,29.06,33.36,25.03,78.43,3.35,1.42,19.64,97.1,68.71,24.69,LUD,30.9,75.85,subtropical_humid,NASA_POWER_daily_ag,4.499,12.951,3.1098,dewpoint,441.4,38.042
2018-08-15,31.04,34.87,26.88,69.98,0.41,0.77,17.15,97.25,86.59,24.58,LUD,30.9,75.85,subtropical_humid,NASA_POWER_daily_ag,4.149,11.414,3.0894,dewpoint,425.5,37.921
2018-08-16,30.54,35.08,25.74,72.11,0.0,1.07,20.65,97.43,50.7,24.56,LUD,30.9,75.85,subtropical_humid,NASA_POWER_daily_ag,4.841,13.457,3.0857,dewpoint,406.4,37.798
2018-08-17,30.59,35.14,26.1,72.94,7.25,1.33,18.63,97.21,59.91,24.82,LUD,30.9,75.85,subtropical_humid,NASA_POWER_daily_ag,4.58,12.303,3.134,dewpoint,429.8,37.672
2018-08-18,29.96,33.51,25.98,76.0,7.07,1.09,13.73,97.15,67.13,25.03,LUD,30.9,75.85,subtropical_humid,NASA_POWER_daily_ag,3.493,9.447,3.1734,dewpoint,436.1,37.544
2018-08-19,30.96,35.45,26.26,71.36,1.23,1.36,20.17,97.07,76.53,24.83,LUD,30.9,75.85,subtropical_humid,NASA_POWER_daily_ag,4.926,13.179,3.1358,dewpoint,444.6,37.413
2018-08-20,31.61,36.64,26.38,68.38,1.48,1.08,19.67,97.22,84.69,24.62,LUD,30.9,75.85,subtropical_humid,NASA_POWER_daily_ag,4.826,12.812,3.0968,dewpoint,428.7,37.281
2018-08-21,30.04,34.26,25.89,76.95,4.68,2.04,19.36,97.28,61.5,25.27,LUD,30.9,75.85,subtropical_humid,NASA_POWER_daily_ag,4.744,12.778,3.2191,dewpoint,422.3,37.145
2018-08-22,30.99,35.41,26.44,73.69,4.95,1.72,13.29,97.15,81.11,25.38,LUD,30.9,75.85,subtropical_humid,NASA_POWER_daily_ag,3.819,9.166,3.2402,dewpoint,436.1,37.008
2018-08-23,31.08,35.91,26.37,71.69,8.74,1.48,17.32,97.13,92.23,24.91,LUD,30.9,75.85,subtropical_humid,NASA_POWER_daily_ag,4.483,11.465,3.1508,dewpoint,438.2,36.868
2018-08-24,31.31,36.79,25.47,64.86,2.85,1.52,21.17,97.13,63.88,23.46,LUD,30.9,75.85,subtropical_humid,NASA_POWER_daily_ag,5.336,13.397,2.8886,dewpoint,438.2,36.726
2018-08-25,31.59,37.16,25.92,61.31,0.51,1.62,21.79,97.05,51.29,22.72,LUD,30.9,75.85,subtropical_humid,NASA_POWER_daily_ag,5.608,13.553,2.7622,dewpoint,446.7,36.581
2018-08-26,31.06,36.19,25.9,62.96,0.51,1.27,21.88,97.1,65.01,22.77,LUD,30.9,75.85,subtropical_humid,NASA_POWER_daily_ag,5.292,13.616,2.7706,dewpoint,441.4,36.435
2018-08-27,31.32,36.73,26.41,64.63,0.66,1.37,21.19,97.26,83.46,23.39,LUD,30.9,75.85,subtropical_humid,NASA_POWER_daily_ag,5.238,13.322,2.8764,dewpoint,424.4,36.286
2018-08-28,30.53,34.31,26.24,67.08,0.01,0.81,17.54,97.38,93.12,23.37,LUD,30.9,75.85,subtropical_humid,NASA_POWER_daily_ag,4.17,11.308,2.8729,dewpoint,411.7,36.134
2018-08-29,30.29,35.33,25.68,69.34,7.2,1.5,18.77,97.46,72.47,23.51,LUD,30.9,75.85,subtropical_humid,NASA_POWER_daily_ag,4.69,11.994,2.8973,dewpoint,403.2,35.981
2018-08-30,30.27,36.58,24.76,70.06,7.92,1.4,20.21,97.24,57.27,23.38,LUD,30.9,75.85,subtropical_humid,NASA_POWER_daily_ag,4.878,12.751,2.8747,dewpoint,426.6,35.825
2018-08-31,31.77,38.14,26.19,60.55,0.55,1.26,18.48,97.22,91.77,22.39,LUD,30.9,75.85,subtropical_humid,NASA_POWER_daily_ag,4.831,11.551,2.7074,dewpoint,428.7,35.667
2018-09-01,31.28,36.26,26.69,62.27,5.78,0.93,19.4,97.43,57.75,22.64,LUD,30.9,75.85,subtropical_humid,NASA_POWER_daily_ag,4.653,12.096,2.7488,dewpoint,406.4,35.507
2018-09-02,29.89,34.61,25.52,63.62,5.33,1.24,10.93,97.46,92.92,21.65,LUD,30.9,75.85,subtropical_humid,NASA_POWER_daily_ag,3.368,7.46,2.5881,dewpoint,403.2,35.345
2018-09-03,28.09,32.24,24.12,74.76,6.76,1.7,15.8,97.55,86.26,22.91,LUD,30.9,75.85,subtropical_humid,NASA_POWER_daily_ag,3.879,10.236,2.7942,dewpoint,393.7,35.181
2018-09-04,29.56,35.33,24.38,66.86,1.31,1.29,18.12,97.53,70.22,22.13,LUD,30.9,75.85,subtropical_humid,NASA_POWER_daily_ag,4.422,11.313,2.665,dewpoint,395.8,35.015
2018-09-05,30.39,36.38,24.77,62.34,1.28,1.36,18.51,97.43,55.77,21.59,LUD,30.9,75.85,subtropical_humid,NASA_POWER_daily_ag,4.703,11.382,2.5786,dewpoint,406.4,34.846
2018-09-06,30.84,36.55,25.6,60.21,2.43,0.85,17.07,97.4,70.51,21.52,LUD,30.9,75.85,subtropical_humid,NASA_POWER_daily_ag,4.159,10.581,2.5676,dewpoint,409.6,34.676
2018-09-07,29.53,34.54,25.83,74.13,8.09,1.37,14.17,97.64,88.45,24.13,LUD,30.9,75.85,subtropical_humid,NASA_POWER_daily_ag,3.622,9.368,3.0073,dewpoint,384.2,34.504
2018-09-08,29.49,33.46,25.37,72.16,2.27,0.97,17.62,97.74,88.38,23.59,LUD,30.9,75.85,subtropical_humid,NASA_POWER_daily_ag,4.055,11.218,2.9113,dewpoint,373.6,34.33
2018-09-09,28.84,33.03,25.08,73.56,6.33,1.44,18.2,97.82,61.25,23.48,LUD,30.9,75.85,subtropical_humid,NASA_POWER_daily_ag,4.224,11.511,2.892,dewpoint,365.2,34.154
2018-09-10,29.28,34.02,24.53,72.76,4.95,0.73,19.22,97.9,48.4,23.51,LUD,30.9,75.85,subtropical_humid,NASA_POWER_daily_ag,4.177,12.048,2.8973,dewpoint,356.7,33.976
2018-09-11,30.17,36.05,25.04,67.34,1.59,1.2,20.58,97.8,12.96,22.85,LUD,30.9,75.85,subtropical_humid,NASA_POWER_daily_ag,4.768,12.576,2.784,dewpoint,367.3,33.796
2018-09-12,30.49,36.21,25.45,62.56,6.19,1.67,18.45,97.49,20.64,21.94,LUD,30.9,75.85,subtropical_humid,NASA_POWER_daily_ag,4.839,11.238,2.6343,dewpoint,400.1,33.615
2018-09-13,29.58,35.8,23.58,58.31,8.35,1.63,20.26,97.48,18.82,19.85,LUD,30.9,75.85,subtropical_humid,NASA_POWER_daily_ag,5.068,11.773,2.3167,dewpoint,401.1,33.432
2018-09-14,28.76,35.17,22.84,58.65,0.75,0.93,21.55,97.77,18.88,19.1,LUD,30.9,75.85,subtropical_humid,NASA_POWER_daily_ag,4.633,12.244,2.2111,dewpoint,370.5,33.247
2018-09-15,28.73,34.89,23.54,59.92,0.0,0.84,19.27,97.96,18.45,19.5,LUD,30.9,75.85,subtropical_humid,NASA_POWER_daily_ag,4.214,11.179,2.2669,dewpoint,350.4,33.061
2018-09-16,27.69,33.77,22.39,63.69,0.0,1.79,20.37,97.88,32.07,19.57,LUD,30.9,75.85,subtropical_humid,NASA_POWER_daily_ag,4.791,11.753,2.2768,dewpoint,358.8,32.873
2018-09-17,28.04,34.8,23.2,57.13,0.0,1.69,22.15,97.76,9.69,18.01,LUD,30.9,75.85,subtropical_humid,NASA_POWER_daily_ag,5.147,12.178,2.0653,dewpoint,371.5,32.684
2018-09-18,27.66,34.97,22.2,54.98,0.0,1.41,22.83,97.79,1.08,16.91,LUD,30.9,75.85,subtropical_humid,NASA_POWER_daily_ag,5.014,12.222,1.9267,dewpoint,368.3,32.493
2018-09-19,27.96,35.73,21.64,54.33,0.96,1.32,22.21,97.76,7.84,16.93,LUD,30.9,75.85,subtropical_humid,NASA_POWER_daily_ag,4.904,11.898,1.9292,dewpoint,371.5,32.301
2018-09-20,28.95,36.53,22.86,52.45,0.0,0.9,22.13,97.78,5.84,17.18,LUD,30.9,75.85,subtropical_humid,NASA_POWER_daily_ag,4.645,11.806,1.9599,dewpoint,369.4,32.108
2018-09-21,28.91,35.18,23.73,66.17,2.86,1.94,20.89,98.05,18.54,21.35,LUD,30.9,75.85,subtropical_humid,NASA_POWER_daily_ag,4.981,12.149,2.541,dewpoint,340.9,31.913
2018-09-22,25.1,29.28,21.91,84.8,23.63,2.0,5.63,98.24,95.81,22.23,LUD,30.9,75.85,subtropical_humid,NASA_POWER_daily_ag,1.823,4.479,2.6812,dewpoint,320.9,31.718
2018-09-23,23.55,25.89,21.93,92.14,65.82,2.5,8.31,98.18,99.63,22.19,LUD,30.9,75.85,subtropical_humid,NASA_POWER_daily_ag,1.806,5.888,2.6747,dewpoint,327.2,31.521
2018-09-24,23.06,25.7,20.54,92.35,72.94,2.19,7.73,98.0,95.24,21.75,LUD,30.9,75.85,subtropical_humid,NASA_POWER_daily_ag,1.691,5.563,2.6039,dewpoint,346.2,31.323
2018-09-25,25.15,29.45,21.16,82.62,5.84,1.16,20.5,97.98,30.05,21.83,LUD,30.9,75.85,subtropical_humid,NASA_POWER_daily_ag,3.822,12.138,2.6167,dewpoint,348.3,31.125
2018-09-26,25.92,31.0,20.28,73.04,0.0,1.25,20.5,97.95,5.41,20.31,LUD,30.9,75.85,subtropical_humid,NASA_POWER_daily_ag,4.074,11.749,2.3835,dewpoint,351.5,30.925
2018-09-27,25.61,32.14,19.89,68.06,0.0,1.13,19.99,98.01,3.13,18.82,LUD,30.9,75.85,subtropical_humid,NASA_POWER_daily_ag,3.969,11.128,2.1728,dewpoint,345.1,30.725
2018-09-28,25.86,31.96,19.8,68.14,4.67,1.07,18.91,98.12,11.45,19.15,LUD,30.9,75.85,subtropical_humid,NASA_POWER_daily_ag,3.816,10.657,2.218,dewpoint,333.5,30.524
2018-09-29,26.28,31.32,21.7,65.16,0.72,0.96,20.03,98.21,2.14,18.92,LUD,30.9,75.85,subtropical_humid,NASA_POWER_daily_ag,3.961,11.058,2.1865,dewpoint,324.1,30.322
2018-09-30,26.15,31.6,20.43,63.59,0.0,1.09,20.73,98.12,5.2,18.47,LUD,30.9,75.85,subtropical_humid,NASA_POWER_daily_ag,4.112,11.267,2.1258,dewpoint,333.5,30.12
2018-10-01,26.82,32.85,21.37,61.15,0.0,0.79,20.17,98.08,2.84,18.33,LUD,30.9,75.85,subtropical_humid,NASA_POWER_daily_ag,3.928,10.872,2.1072,dewpoint,337.7,29.917
2018-10-02,26.21,31.66,20.82,61.57,0.0,0.91,20.1,98.15,1.8,17.84,LUD,30.9,75.85,subtropical_humid,NASA_POWER_daily_ag,3.924,10.745,2.0433,dewpoint,330.4,29.714
2018-10-03,26.31,32.89,20.4,62.8,0.0,0.91,19.95,98.1,14.08,17.97,LUD,30.9,75.85,subtropical_humid,NASA_POWER_daily_ag,3.896,10.634,2.0601,dewpoint,335.6,29.51
2018-10-04,25.76,31.5,19.83,61.74,1.54,0.9,19.67,98.29,6.21,17.31,LUD,30.9,75.85,subtropical_humid,NASA_POWER_daily_ag,3.795,10.387,1.9761,dewpoint,315.6,29.306
2018-10-05,25.34,31.63,20.42,61.88,0.0,1.13,19.67,98.39,0.45,17.11,LUD,30.9,75.85,subtropical_humid,NASA_POWER_daily_ag,3.86,10.274,1.9513,dewpoint,305.1,29.102
2018-10-06,25.29,31.6,20.07,59.01,0.0,1.16,19.42,98.31,5.94,16.34,LUD,30.9,75.85,subtropical_humid,NASA_POWER_daily_ag,3.862,9.977,1.8582,dewpoint,313.5,28.898
2018-10-07,24.9,31.25,19.88,59.0,0.0,0.83,20.29,98.27,1.13,15.97,LUD,30.9,75.85,subtropical_humid,NASA_POWER_daily_ag,3.688,10.22,1.8148,dewpoint,317.7,28.694
2018-10-08,25.07,31.88,18.84,60.39,0.0,0.99,19.18,98.09,4.4,16.24,LUD,30.9,75.85,subtropical_humid,NASA_POWER_daily_ag,3.677,9.792,1.8463,dewpoint,336.7,28.49
2018-10-09,25.19,30.76,18.97,62.42,0.02,0.87,17.22,98.05,24.51,16.98,LUD,30.9,75.85,subtropical_humid,NASA_POWER_daily_ag,3.366,9.115,1.9353,dewpoint,340.9,28.286
2018-10-10,24.83,29.11,19.47,66.66,3.81,1.13,15.35,98.14,18.14,18.07,LUD,30.9,75.85,subtropical_humid,NASA_POWER_daily_ag,3.19,8.492,2.0731,dewpoint,331.4,28.083
2018-10-11,24.28,28.97,19.83,70.52,1.57,1.0,16.28,98.29,16.85,18.06,LUD,30.9,75.85,subtropical_humid,NASA_POWER_daily_ag,3.142,8.845,2.0718,dewpoint,315.6,27.88
2018-10-12,23.87,29.66,17.92,64.34,0.0,0.72,18.44,98.48,0.39,16.11,LUD,30.9,75.85,subtropical_humid,NASA_POWER_daily_ag,3.243,9.367,1.8311,dewpoint,295.7,27.677
2018-10-13,24.02,29.63,18.61,52.4,0.0,0.82,18.93,98.49,1.99,13.2,LUD,30.9,75.85,subtropical_humid,NASA_POWER_daily_ag,3.389,8.915,1.5175,dewpoint,294.6,27.474
2018-10-14,23.72,29.8,17.97,49.16,0.0,0.98,18.4,98.41,4.18,11.94,LUD,30.9,75.85,subtropical_humid,NASA_POWER_daily_ag,3.444,8.461,1.397,dewpoint,303.0,27.273
2018-10-15,23.63,30.41,17.49,50.23,0.0,0.95,17.29,98.44,24.01,12.03,LUD,30.9,75.85,subtropical_humid,NASA_POWER_daily_ag,3.286,8.042,1.4053,dewpoint,299.9,27.072
2018-10-16,22.86,31.15,16.28,59.19,0.0,1.32,16.03,98.39,51.92,13.58,LUD,30.9,75.85,subtropical_humid,NASA_POWER_daily_ag,3.27,7.822,1.5556,dewpoint,305.1,26.871
2018-10-17,23.9,31.29,17.12,54.99,0.0,1.36,16.67,98.24,9.65,13.46,LUD,30.9,75.85,subtropical_humid,NASA_POWER_daily_ag,3.51,7.946,1.5434,dewpoint,320.9,26.672
2018-10-18,24.12,30.93,17.49,53.9,0.0,1.04,15.61,98.23,22.41,13.43,LUD,30.9,75.85,subtropical_humid,NASA_POWER_daily_ag,3.183,7.53,1.5404,dewpoint,321.9,26.474
2018-10-19,23.61,30.59,18.23,52.14,0.0,0.96,17.4,98.39,0.57,12.53,LUD,30.9,75.85,subtropical_humid,NASA_POWER_daily_ag,3.22,7.903,1.4523,dewpoint,305.1,26.276
2018-10-20,23.39,30.33,18.21,46.93,0.0,1.01,18.25,98.6,2.53,10.74,LUD,30.9,75.85,subtropical_humid,NASA_POWER_daily_ag,3.326,7.786,1.2902,dewpoint,283.1,26.08
2018-10-21,23.18,30.25,17.5,46.22,0.0,1.04,18.56,98.67,2.88,10.31,LUD,30.9,75.85,subtropical_humid,NASA_POWER_daily_ag,3.35,7.76,1.2537,dewpoint,275.7,25.885
2018-10-22,23.32,30.32,16.39,43.38,0.0,1.14,17.87,98.51,12.87,9.44,LUD,30.9,75.85,subtropical_humid,NASA_POWER_daily_ag,3.422,7.389,1.1826,dewpoint,292.5,25.691
2018-10-23,22.65,29.56,16.59,42.08,0.0,0.97,17.35,98.5,7.77,8.37,LUD,30.9,75.85,subtropical_humid,NASA_POWER_daily_ag,3.142,7.031,1.1001,dewpoint,293.6,25.499
2018-10-24,22.2,30.1,16.91,45.44,0.0,1.07,16.65,98.53,13.63,9.1,LUD,30.9,75.85,subtropical_humid,NASA_POWER_daily_ag,3.097,6.865,1.1558,dewpoint,290.4,25.308
2018-10-25,21.89,29.8,15.34,48.7,0.0,1.23,16.4,98.67,13.32,9.6,LUD,30.9,75.85,subtropical_humid,NASA_POWER_daily_ag,3.168,6.883,1.1954,dewpoint,275.7,25.118
2018-10-26,22.46,29.89,16.14,48.33,0.0,1.06,14.23,98.85,28.29,10.31,LUD,30.9,75.85,subtropical_humid,NASA_POWER_daily_ag,2.891,6.307,1.2537,dewpoint,256.8,24.931
2018-10-27,22.83,29.67,17.4,47.81,0.0,1.0,14.72,98.88,24.31,10.74,LUD,30.9,75.85,subtropical_humid,NASA_POWER_daily_ag,2.881,6.415,1.2902,dewpoint,253.7,24.745
2018-10-28,22.46,29.62,15.85,51.1,0.0,1.25,14.93,98.85,37.51,11.33,LUD,30.9,75.85,subtropical_humid,NASA_POWER_daily_ag,3.039,6.556,1.3418,dewpoint,256.8,24.561
2018-10-29,22.88,30.02,16.87,51.35,0.0,1.14,14.1,98.75,68.17,11.86,LUD,30.9,75.85,subtropical_humid,NASA_POWER_daily_ag,2.896,6.304,1.3897,dewpoint,267.3,24.378
2018-10-30,22.5,29.45,16.48,51.08,0.0,0.97,13.12,98.74,52.98,11.28,LUD,30.9,75.85,subtropical_humid,NASA_POWER_daily_ag,2.65,5.934,1.3373,dewpoint,268.4,24.198
2018-10-31,21.99,29.99,15.52,55.29,0.0,1.0,14.02,98.81,17.25,11.88,LUD,30.9,75.85,subtropical_humid,NASA_POWER_daily_ag,2.648,6.221,1.3915,dewpoint,261.0,24.02
2018-11-01,20.59,26.27,17.4,61.41,0.07,1.31,11.19,98.66,52.16,12.75,LUD,30.9,75.85,subtropical_humid,NASA_POWER_daily_ag,2.406,5.527,1.4735,dewpoint,276.8,23.844
2018-11-02,21.77,29.02,16.23,65.18,0.16,2.18,11.3,98.49,73.03,14.4,LUD,30.9,75.85,subtropical_humid,NASA_POWER_daily_ag,2.888,5.662,1.6406,dewpoint,294.6,23.67
2018-11-03,20.66,25.94,17.33,73.58,1.62,2.41,9.43,98.42,57.16,15.54,LUD,30.9,75.85,subtropical_humid,NASA_POWER_daily_ag,2.379,5.168,1.7655,dewpoint,302.0,23.498
2018-11-04,18.94,25.52,14.01,58.36,0.08,1.17,11.66,98.66,49.05,8.82,LUD,30.9,75.85,subtropical_humid,NASA_POWER_daily_ag,2.369,5.227,1.1342,dewpoint,276.8,23.329
2018-11-05,18.2,25.59,12.4,45.68,0.0,1.34,15.46,98.66,24.8,5.67,LUD,30.9,75.85,subtropical_humid,NASA_POWER_daily_ag,2.751,5.68,0.914,dewpoint,276.8,23.162
2018-11-06,17.4,26.35,10.87,51.21,0.0,1.98,17.39,98.67,5.64,5.91,LUD,30.9,75.85,subtropical_humid,NASA_POWER_daily_ag,3.131,6.066,0.9293,dewpoint,275.7,22.998
2018-11-07,18.11,26.82,9.86,37.47,0.0,1.22,16.77,98.67,13.67,1.79,LUD,30.9,75.85,subtropical_humid,NASA_POWER_daily_ag,2.789,5.269,0.6951,dewpoint,275.7,22.836
2018-11-08,18.75,26.93,10.68,38.74,0.0,1.12,13.53,98.72,34.06,3.54,LUD,30.9,75.85,subtropical_humid,NASA_POWER_daily_ag,2.575,4.886,0.7873,dewpoint,270.5,22.677
2018-11-09,19.95,26.63,14.16,37.27,0.0,0.59,13.04,98.57,28.62,4.0,LUD,30.9,75.85,subtropical_humid,NASA_POWER_daily_ag,2.05,4.701,0.8133,dewpoint,286.2,22.521
2018-11-10,19.08,26.41,12.53,39.32,0.0,1.09,11.72,98.64,39.21,4.18,LUD,30.9,75.85,subtropical_humid,NASA_POWER_daily_ag,2.456,4.521,0.8236,dewpoint,278.9,22.367
2018-11-11,18.22,23.88,14.27,49.14,0.0,1.15,9.08,98.72,56.94,7.15,LUD,30.9,75.85,subtropical_humid,NASA_POWER_daily_ag,2.162,4.278,1.0122,dewpoint,270.5,22.217
2018-11-12,20.72,28.03,15.79,46.66,0.0,0.87,10.69,98.47,55.78,8.43,LUD,30.9,75.85,subtropical_humid,NASA_POWER_daily_ag,2.176,4.53,1.1046,dewpoint,296.7,22.069
2018-11-13,20.16,27.09,15.87,53.15,0.03,1.49,9.72,98.26,59.21,9.76,LUD,30.9,75.85,subtropical_humid,NASA_POWER_daily_ag,2.493,4.443,1.2084,dewpoint,318.8,21.925
2018-11-14,18.9,25.81,14.23,62.79,4.32,1.37,8.17,98.37,61.13,11.08,LUD,30.9,75.85,subtropical_humid,NASA_POWER_daily_ag,2.037,4.212,1.3197,dewpoint,307.2,21.783
2018-11-15,18.31,25.7,13.45,62.46,0.06,1.44,13.74,98.78,11.49,10.44,LUD,30.9,75.85,subtropical_humid,NASA_POWER_daily_ag,2.335,5.409,1.2646,dewpoint,264.2,21.645
2018-11-16,17.53,26.37,10.29,53.49,0.0,2.1,14.05,98.6,35.65,6.68,LUD,30.9,75.85,subtropical_humid,NASA_POWER_daily_ag,2.901,4.968,0.9801,dewpoint,283.1,21.509
2018-11-17,18.9,26.78,11.08,43.13,0.0,1.51,14.7,98.4,42.35,5.24,LUD,30.9,75.85,subtropical_humid,NASA_POWER_daily_ag,2.806,4.77,0.887,dewpoint,304.1,21.377
2018-11-18,19.76,27.25,12.39,41.51,0.0,0.73,13.08,98.52,47.95,5.53,LUD,30.9,75.85,subtropical_humid,NASA_POWER_daily_ag,2.07,4.451,0.9051,dewpoint,291.5,21.249
2018-11-19,20.21,27.46,14.98,47.67,0.0,1.51,11.41,98.77,37.63,8.27,LUD,30.9,75.85,subtropical_humid,NASA_POWER_daily_ag,2.646,4.385,1.0927,dewpoint,265.2,21.123
2018-11-20,19.29,27.28,13.89,51.84,0.0,1.66,12.99,98.86,13.63,8.63,LUD,30.9,75.85,subtropical_humid,NASA_POWER_daily_ag,2.653,4.692,1.1197,dewpoint,255.8,21.002
2018-11-21,18.93,27.16,11.15,47.58,0.0,1.65,15.07,98.8,13.61,6.29,LUD,30.9,75.85,subtropical_humid,NASA_POWER_daily_ag,2.827,4.734,0.9541,dewpoint,262.1,20.883
2018-11-22,18.24,26.24,12.39,42.29,0.0,1.07,13.03,98.92,55.43,4.57,LUD,30.9,75.85,subtropical_humid,NASA_POWER_daily_ag,2.238,4.165,0.8465,dewpoint,249.5,20.768
2018-11-23,17.36,26.7,11.42,51.72,0.0,2.31,14.14,99.09,8.71,6.52,LUD,30.9,75.85,subtropical_humid,NASA_POWER_daily_ag,2.923,4.541,0.9693,dewpoint,231.7,20.657
2018-11-24,17.18,26.65,8.71,48.62,0.0,1.99,14.32,98.87,8.74,5.02,LUD,30.9,75.85,subtropical_humid,NASA_POWER_daily_ag,2.836,4.415,0.8735,dewpoint,254.7,20.549
2018-11-25,19.04,27.3,12.33,40.16,0.0,1.03,14.14,98.83,9.95,4.46,LUD,30.9,75.85,subtropical_humid,NASA_POWER_daily_ag,2.27,4.083,0.84,dewpoint,258.9,20.445
2018-11-26,18.92,26.93,12.79,41.06,0.0,1.2,13.73,98.76,40.68,4.82,LUD,30.9,75.85,subtropical_humid,NASA_POWER_daily_ag,2.391,4.049,0.8614,dewpoint,266.3,20.345
2018-11-27,16.26,22.76,12.54,57.82,0.0,1.49,8.28,98.94,96.19,7.66,LUD,30.9,75.85,subtropical_humid,NASA_POWER_daily_ag,1.955,3.742,1.0482,dewpoint,247.4,20.248
2018-11-28,18.53,26.29,12.21,49.61,0.0,0.97,10.99,99.06,43.73,6.8,LUD,30.9,75.85,subtropical_humid,NASA_POWER_daily_ag,1.994,3.945,0.9882,dewpoint,234.9,20.156
2018-11-29,16.98,23.73,12.2,52.0,0.0,1.28,10.84,99.1,36.69,6.81,LUD,30.9,75.85,subtropical_humid,NASA_POWER_daily_ag,2.057,3.978,0.9889,dewpoint,230.7,20.067
2018-11-30,17.54,25.6,11.26,48.14,0.0,1.32,13.62,99.01,5.52,5.52,LUD,30.9,75.85,subtropical_humid,NASA_POWER_daily_ag,2.287,4.092,0.9045,dewpoint,240.1,19.982
2018-12-01,17.58,25.48,11.05,40.68,0.0,1.26,13.68,98.71,5.77,3.33,LUD,30.9,75.85,subtropical_humid,NASA_POWER_daily_ag,2.32,3.777,0.7757,dewpoint,271.5,19.9
2018-12-02,16.39,25.32,9.69,45.53,0.0,1.32,12.32,98.67,17.56,3.96,LUD,30.9,75.85,subtropical_humid,NASA_POWER_daily_ag,2.181,3.768,0.811,dewpoint,275.7,19.823
2018-12-03,16.68,23.86,11.59,47.0,0.0,1.01,12.15,98.78,40.77,4.88,LUD,30.9,75.85,subtropical_humid,NASA_POWER_daily_ag,1.92,3.82,0.865,dewpoint,264.2,19.75
2018-12-04,16.9,23.97,11.72,46.13,0.0,1.03,10.96,98.96,91.7,4.86,LUD,30.9,75.85,subtropical_humid,NASA_POWER_daily_ag,1.923,3.66,0.8638,dewpoint,245.3,19.681
2018-12-05,16.53,23.21,11.55,47.44,0.0,0.91,10.64,98.69,37.21,4.88,LUD,30.9,75.85,subtropical_humid,NASA_POWER_daily_ag,1.782,3.643,0.865,dewpoint,273.6,19.615
2018-12-06,15.28,23.45,10.09,52.81,0.0,1.44,10.33,98.66,19.69,5.26,LUD,30.9,75.85,subtropical_humid,NASA_POWER_daily_ag,1.991,3.66,0.8883,dewpoint,276.8,19.554
2018-12-07,15.33,22.48,10.52,52.66,0.0,1.18,11.34,98.71,30.17,5.22,LUD,30.9,75.85,subtropical_humid,NASA_POWER_daily_ag,1.858,3.764,0.8858,dewpoint,271.5,19.497
2018-12-08,15.46,21.99,10.67,48.59,0.0,0.81,11.46,98.82,9.05,4.25,LUD,30.9,75.85,subtropical_humid,NASA_POWER_daily_ag,1.642,3.661,0.8277,dewpoint,260.0,19.444
2018-12-09,15.88,22.81,11.08,46.75,0.0,0.89,11.35,98.69,10.99,4.11,LUD,30.9,75.85,subtropical_humid,NASA_POWER_daily_ag,1.73,3.574,0.8196,dewpoint,273.6,19.395
2018-12-10,14.82,22.19,9.45,55.74,0.42,1.59,7.39,98.66,76.3,5.5,LUD,30.9,75.85,subtropical_humid,NASA_POWER_daily_ag,1.921,3.332,0.9032,dewpoint,276.8,19.351
2018-12-11,15.71,23.22,9.4,61.76,0.33,1.43,8.0,98.78,71.55,7.34,LUD,30.9,75.85,subtropical_humid,NASA_POWER_daily_ag,1.816,3.486,1.0255,dewpoint,264.2,19.31
2018-12-12,13.76,18.01,10.79,73.13,5.44,1.28,6.94,99.0,57.77,8.82,LUD,30.9,75.85,subtropical_humid,NASA_POWER_daily_ag,1.325,3.46,1.1342,dewpoint,241.1,19.274
2018-12-13,13.14,18.17,9.39,74.26,0.12,0.74,11.41,99.27,2.86,8.14,LUD,30.9,75.85,subtropical_humid,NASA_POWER_daily_ag,1.293,4.185,1.083,dewpoint,212.9,19.242
2018-12-14,12.67,20.32,7.71,66.64,0.0,1.56,12.83,99.45,0.4,6.01,LUD,30.9,75.85,subtropical_humid,NASA_POWER_daily_ag,1.686,4.093,0.9358,dewpoint,194.1,19.214
2018-12-15,11.77,21.4,5.44,56.22,0.0,1.7,13.74,99.39,0.2,2.32,LUD,30.9,75.85,subtropical_humid,NASA_POWER_daily_ag,1.909,3.736,0.722,dewpoint,200.4,19.19
2018-12-16,11.36,21.39,5.06,48.02,0.0,1.5,14.5,99.41,0.4,-0.25,LUD,30.9,75.85,subtropical_humid,NASA_POWER_daily_ag,1.902,3.457,0.5998,dewpoint,198.3,19.171
2018-12-17,11.65,21.55,4.98,43.52,0.0,1.58,14.04,99.25,0.11,-1.11,LUD,30.9,75.85,subtropical_humid,NASA_POWER_daily_ag,2.024,3.317,0.5632,dewpoint,215.0,19.156
2018-12-18,12.62,21.85,5.63,39.61,0.0,1.54,13.71,99.07,3.52,-1.37,LUD,30.9,75.85,subtropical_humid,NASA_POWER_daily_ag,2.123,3.225,0.5525,dewpoint,233.8,19.145
2018-12-19,13.29,21.75,7.42,36.37,0.0,1.0,13.09,98.95,4.28,-1.93,LUD,30.9,75.85,subtropical_humid,NASA_POWER_daily_ag,1.761,3.067,0.5301,dewpoint,246.4,19.138
2018-12-20,12.35,21.39,7.91,37.3,0.0,1.11,12.69,99.0,10.67,-2.36,LUD,30.9,75.85,subtropical_humid,NASA_POWER_daily_ag,1.774,3.008,0.5135,dewpoint,241.1,19.136
2018-12-21,11.85,20.81,4.81,38.23,0.0,1.38,13.26,98.88,4.24,-2.62,LUD,30.9,75.85,subtropical_humid,NASA_POWER_daily_ag,1.976,3.164,0.5037,dewpoint,253.7,19.138
2018-12-22,11.97,20.94,5.37,38.4,0.0,0.93,12.25,98.88,19.95,-2.4,LUD,30.9,75.85,subtropical_humid,NASA_POWER_daily_ag,1.618,3.13,0.512,dewpoint,253.7,19.144
2018-12-23,10.81,18.79,4.23,46.78,0.0,1.09,8.23,99.04,53.55,-0.68,LUD,30.9,75.85,subtropical_humid,NASA_POWER_daily_ag,1.556,3.181,0.5812,dewpoint,236.9,19.154
2018-12-24,10.01,18.5,4.83,49.29,0.0,1.32,11.32,98.95,33.98,-0.73,LUD,30.9,75.85,subtropical_humid,NASA_POWER_daily_ag,1.649,3.379,0.5791,dewpoint,246.4,19.169
2018-12-25,9.74,19.54,2.19,47.67,0.0,1.84,12.48,98.86,41.5,-1.51,LUD,30.9,75.85,subtropical_humid,NASA_POWER_daily_ag,1.958,3.443,0.5468,dewpoint,255.8,19.188
2018-12-26,10.92,18.17,5.11,41.83,0.0,1.04,11.7,98.68,12.11,-2.09,LUD,30.9,75.85,subtropical_humid,NASA_POWER_daily_ag,1.63,3.308,0.5239,dewpoint,274.7,19.211
2018-12-27,9.95,18.36,4.7,45.25,0.0,1.31,11.89,98.88,7.69,-1.92,LUD,30.9,75.85,subtropical_humid,NASA_POWER_daily_ag,1.706,3.348,0.5305,dewpoint,253.7,19.239
2018-12-28,8.2,17.38,1.1,47.85,0.0,1.43,13.87,98.89,20.67,-2.96,LUD,30.9,75.85,subtropical_humid,NASA_POWER_daily_ag,1.674,3.578,0.4911,dewpoint,252.7,19.271
2018-12-29,9.95,18.54,3.26,40.58,0.0,1.31,12.79,99.04,14.3,-3.3,LUD,30.9,75.85,subtropical_humid,NASA_POWER_daily_ag,1.784,3.34,0.4788,dewpoint,236.9,19.307
2018-12-30,11.29,19.06,6.56,40.02,0.0,1.0,10.9,99.29,23.34,-2.25,LUD,30.9,75.85,subtropical_humid,NASA_POWER_daily_ag,1.624,3.212,0.5177,dewpoint,210.8,19.347
2018-12-31,10.37,19.19,4.91,45.33,0.0,1.66,11.63,99.27,8.06,-1.47,LUD,30.9,75.85,subtropical_humid,NASA_POWER_daily_ag,1.94,3.387,0.5485,dewpoint,212.9,19.391
2019-01-01,9.43,15.75,5.11,49.53,0.0,1.1,9.05,99.14,74.34,-0.78,LUD,30.9,75.85,subtropical_humid,NASA_POWER_daily_ag,1.467,3.382,0.577,dewpoint,226.5,19.44
2019-01-02,11.64,19.48,6.77,54.98,0.04,1.01,10.23,99.2,38.41,2.16,LUD,30.9,75.85,subtropical_humid,NASA_POWER_daily_ag,1.506,3.562,0.7138,dewpoint,220.2,19.492
2019-01-03,10.92,19.23,5.22,65.22,0.0,1.67,9.41,99.29,48.31,4.01,LUD,30.9,75.85,subtropical_humid,NASA_POWER_daily_ag,1.588,3.677,0.8138,dewpoint,210.8,19.549
2019-01-04,11.15,19.53,4.78,53.05,0.01,1.16,8.99,99.09,61.81,1.15,LUD,30.9,75.85,subtropical_humid,NASA_POWER_daily_ag,1.581,3.458,0.6639,dewpoint,231.7,19.61
2019-01-05,12.13,18.71,7.59,53.59,0.45,1.23,5.91,99.07,98.43,2.63,LUD,30.9,75.85,subtropical_humid,NASA_POWER_daily_ag,1.577,3.192,0.7381,dewpoint,233.8,19.675
2019-01-06,9.95,13.6,6.87,84.0,1.5,1.62,8.86,99.1,50.13,7.26,LUD,30.9,75.85,subtropical_humid,NASA_POWER_daily_ag,1.098,3.976,1.0199,dewpoint,230.7,19.745
2019-01-07,10.83,19.19,4.93,71.47,0.0,1.56,12.56,99.18,28.29,5.22,LUD,30.9,75.85,subtropical_humid,NASA_POWER_daily_ag,1.537,4.354,0.8858,dewpoint,222.3,19.818
2019-01-08,12.04,20.74,6.85,58.07,0.0,1.64,10.73,98.94,50.29,3.24,LUD,30.9,75.85,subtropical_humid,NASA_POWER_daily_ag,1.848,3.812,0.7708,dewpoint,247.4,19.895
2019-01-09,11.56,21.23,4.93,60.77,0.0,2.13,14.43,98.89,3.14,3.07,LUD,30.9,75.85,subtropical_humid,NASA_POWER_daily_ag,2.09,4.328,0.7615,dewpoint,252.7,19.976
2019-01-10,12.27,20.28,4.66,46.0,0.0,0.95,12.16,98.82,57.14,-0.46,LUD,30.9,75.85,subtropical_humid,NASA_POWER_daily_ag,1.711,3.775,0.5907,dewpoint,260.0,20.062
2019-01-11,13.29,20.93,7.86,50.36,0.04,1.09,10.82,99.04,50.93,2.41,LUD,30.9,75.85,subtropical_humid,NASA_POWER_daily_ag,1.764,3.802,0.7266,dewpoint,236.9,20.151
2019-01-12,12.66,18.93,8.17,63.03,0.37,1.36,9.48,98.97,68.35,5.59,LUD,30.9,75.85,subtropical_humid,NASA_POWER_daily_ag,1.622,3.957,0.9089,dewpoint,244.3,20.244
2019-01-13,12.02,19.97,6.93,62.62,0.7,1.46,12.26,99.24,15.66,4.19,LUD,30.9,75.85,subtropical_humid,NASA_POWER_daily_ag,1.77,4.292,0.8242,dewpoint,216.0,20.341
2019-01-14,9.76,20.47,2.57,48.72,0.0,2.42,14.37,99.14,22.24,-2.1,LUD,30.9,75.85,subtropical_humid,NASA_POWER_daily_ag,2.393,4.046,0.5235,dewpoint,226.5,20.442
2019-01-15,9.71,19.53,0.72,37.49,0.0,1.6,10.84,98.93,83.22,-5.36,LUD,30.9,75.85,subtropical_humid,NASA_POWER_daily_ag,2.115,3.624,0.4098,dewpoint,248.5,20.546
2019-01-16,13.73,21.52,7.46,26.38,0.0,0.59,10.46,98.94,63.88,-5.74,LUD,30.9,75.85,subtropical_humid,NASA_POWER_daily_ag,1.558,3.344,0.3981,dewpoint,247.4,20.654
2019-01-17,11.88,20.94,4.62,44.12,0.0,1.58,14.14,98.92,45.96,-0.86,LUD,30.9,75.85,subtropical_humid,NASA_POWER_daily_ag,2.208,4.203,0.5736,dewpoint,249.5,20.766
2019-01-18,11.78,21.49,5.87,47.27,0.0,1.37,12.81,98.89,52.14,0.13,LUD,30.9,75.85,subtropical_humid,NASA_POWER_daily_ag,1.982,4.136,0.6166,dewpoint,252.7,20.882
2019-01-19,12.83,19.47,8.67,55.04,0.0,1.36,10.7,98.85,96.53,3.72,LUD,30.9,75.85,subtropical_humid,NASA_POWER_daily_ag,1.859,4.207,0.7974,dewpoint,256.8,21.001
2019-01-20,14.15,20.67,11.11,64.3,0.96,1.01,9.26,98.75,98.4,7.13,LUD,30.9,75.85,subtropical_humid,NASA_POWER_daily_ag,1.573,4.169,1.0108,dewpoint,267.3,21.124
2019-01-21,13.76,18.57,11.08,69.56,12.66,1.25,6.29,98.45,98.96,7.93,LUD,30.9,75.85,subtropical_humid,NASA_POWER_daily_ag,1.447,3.666,1.0677,dewpoint,298.8,21.25
2019-01-22,11.42,14.22,8.49,87.77,23.53,2.64,6.83,98.57,75.36,9.45,LUD,30.9,75.85,subtropical_humid,NASA_POWER_daily_ag,1.096,3.928,1.1834,dewpoint,286.2,21.38
2019-01-23,11.14,18.05,6.31,73.95,0.2,1.1,13.57,98.99,14.23,6.12,LUD,30.9,75.85,subtropical_humid,NASA_POWER_daily_ag,1.552,5.275,0.9429,dewpoint,242.2,21.513
2019-01-24,10.67,18.4,5.86,63.12,0.27,0.98,14.25,99.22,5.3,3.17,LUD,30.9,75.85,subtropical_humid,NASA_POWER_daily_ag,1.64,5.11,0.767,dewpoint,218.1,21.65
2019-01-25,9.72,16.92,2.93,59.72,0.31,1.01,14.28,99.17,12.35,1.44,LUD,30.9,75.85,subtropical_humid,NASA_POWER_daily_ag,1.663,5.153,0.6779,dewpoint,223.4,21.789
2019-01-26,9.41,17.52,2.94,57.31,0.01,1.39,14.82,99.41,33.78,0.65,LUD,30.9,75.85,subtropical_humid,NASA_POWER_daily_ag,1.846,5.188,0.6403,dewpoint,198.3,21.932
2019-01-27,8.74,17.59,3.64,54.72,0.0,1.71,14.46,99.4,31.72,-0.77,LUD,30.9,75.85,subtropical_humid,NASA_POWER_daily_ag,1.961,5.002,0.5774,dewpoint,199.3,22.079
2019-01-28,8.61,18.86,1.43,50.41,0.01,1.75,16.07,99.36,1.32,-2.19,LUD,30.9,75.85,subtropical_humid,NASA_POWER_daily_ag,2.108,5.204,0.52,dewpoint,203.5,22.228
2019-01-29,9.74,20.38,0.81,45.94,0.0,1.59,16.3,99.21,35.04,-2.82,LUD,30.9,75.85,subtropical_humid,NASA_POWER_daily_ag,2.237,5.184,0.4962,dewpoint,219.2,22.38
2019-01-30,10.87,17.19,5.43,55.43,0.35,1.35,8.2,99.09,96.55,1.95,LUD,30.9,75.85,subtropical_humid,NASA_POWER_daily_ag,1.727,4.157,0.7031,dewpoint,231.7,22.535
2019-01-31,10.77,17.99,7.04,73.03,1.34,1.66,4.26,98.98,96.55,5.5,LUD,30.9,75.85,subtropical_humid,NASA_POWER_daily_ag,1.341,3.377,0.9032,dewpoint,243.2,22.693
2019-02-01,11.27,18.39,5.37,65.87,1.02,0.98,8.07,99.09,68.31,4.3,LUD,30.9,75.85,subtropical_humid,NASA_POWER_daily_ag,1.461,4.271,0.8306,dewpoint,231.7,22.854
2019-02-02,12.26,20.75,6.62,60.97,0.21,1.25,13.4,99.03,32.33,4.34,LUD,30.9,75.85,subtropical_humid,NASA_POWER_daily_ag,1.93,5.431,0.8329,dewpoint,238.0,23.018
2019-02-03,13.12,21.8,6.3,52.99,0.0,1.2,15.88,99.11,23.73,2.95,LUD,30.9,75.85,subtropical_humid,NASA_POWER_daily_ag,2.205,5.823,0.7551,dewpoint,229.6,23.184
2019-02-04,14.4,22.98,7.53,47.46,0.0,0.97,14.36,99.13,65.38,2.79,LUD,30.9,75.85,subtropical_humid,NASA_POWER_daily_ag,2.144,5.459,0.7465,dewpoint,227.5,23.353
2019-02-05,16.0,23.64,9.32,43.36,0.0,1.16,13.58,98.91,71.85,2.86,LUD,30.9,75.85,subtropical_humid,NASA_POWER_daily_ag,2.427,5.289,0.7503,dewpoint,250.6,23.525
2019-02-06,15.53,22.71,10.53,56.07,0.7,1.81,11.49,98.34,43.67,6.41,LUD,30.9,75.85,subtropical_humid,NASA_POWER_daily_ag,2.457,5.225,0.962,dewpoint,310.4,23.699
2019-02-07,13.29,18.29,9.31,84.74,32.77,2.94,5.39,98.09,88.64,10.59,LUD,30.9,75.85,subtropical_humid,NASA_POWER_daily_ag,1.33,3.831,1.2774,dewpoint,336.7,23.875
2019-02-08,11.1,18.77,6.09,68.94,0.45,1.6,16.03,98.88,10.72,4.57,LUD,30.9,75.85,subtropical_humid,NASA_POWER_daily_ag,2.072,6.529,0.8465,dewpoint,253.7,24.054
2019-02-09,11.02,19.53,2.86,61.28,0.13,1.5,17.71,99.05,23.59,2.63,LUD,30.9,75.85,subtropical_humid,NASA_POWER_daily_ag,2.275,6.86,0.7381,dewpoint,235.9,24.235
2019-02-10,11.84,17.5,5.64,50.12,0.0,1.05,14.62,99.17,88.24,1.39,LUD,30.9,75.85,subtropical_humid,NASA_POWER_daily_ag,2.102,6.015,0.6754,dewpoint,223.4,24.418
2019-02-11,13.74,21.39,6.43,47.76,0.0,1.06,13.66,99.22,94.38,2.17,LUD,30.9,75.85,subtropical_humid,NASA_POWER_daily_ag,2.229,5.748,0.7143,dewpoint,218.1,24.603
2019-02-12,14.96,20.62,10.06,46.39,0.0,0.73,11.44,99.25,98.05,3.24,LUD,30.9,75.85,subtropical_humid,NASA_POWER_daily_ag,1.962,5.293,0.7708,dewpoint,215.0,24.79
2019-02-13,15.89,22.59,11.97,51.15,0.0,0.83,12.12,99.12,98.16,5.43,LUD,30.9,75.85,subtropical_humid,NASA_POWER_daily_ag,2.087,5.578,0.8988,dewpoint,228.6,24.979
2019-02-14,15.04,20.4,11.5,72.85,11.17,2.49,7.74,98.66,92.76,10.05,LUD,30.9,75.85,subtropical_humid,NASA_POWER_daily_ag,1.967,4.697,1.2321,dewpoint,276.8,25.17
2019-02-15,13.72,19.37,8.9,84.54,7.11,1.17,5.96,98.78,87.35,10.92,LUD,30.9,75.85,subtropical_humid,NASA_POWER_daily_ag,1.224,4.167,1.3057,dewpoint,264.2,25.363
2019-02-16,14.29,20.77,8.65,74.57,0.01,0.78,13.92,98.95,53.43,9.23,LUD,30.9,75.85,subtropical_humid,NASA_POWER_daily_ag,1.931,6.741,1.166,dewpoint,246.4,25.557
2019-02-17,13.67,21.13,6.75,63.0,0.0,1.31,9.13,98.58,76.78,5.65,LUD,30.9,75.85,subtropical_humid,NASA_POWER_daily_ag,1.967,5.076,0.9127,dewpoint,285.2,25.752
2019-02-18,14.09,23.09,7.78,65.67,5.0,1.97,7.0,98.22,81.61,6.62,LUD,30.9,75.85,subtropical_humid,NASA_POWER_daily_ag,2.089,4.485,0.976,dewpoint,323.0,25.95
2019-02-19,14.22,21.5,7.33,65.99,0.14,1.1,16.53,98.57,63.1,7.02,LUD,30.9,75.85,subtropical_humid,NASA_POWER_daily_ag,2.361,7.489,1.0032,dewpoint,286.2,26.148
2019-02-20,15.03,19.75,11.62,74.92,10.25,2.9,6.57,98.77,99.62,10.56,LUD,30.9,75.85,subtropical_humid,NASA_POWER_daily_ag,1.907,4.464,1.2748,dewpoint,265.2,26.348
2019-02-21,15.55,20.4,12.22,85.17,8.82,2.08,11.15,98.81,73.68,12.99,LUD,30.9,75.85,subtropical_humid,NASA_POWER_daily_ag,1.792,6.255,1.4968,dewpoint,261.0,26.549
2019-02-22,14.06,21.46,8.81,71.75,0.12,1.86,18.63,98.95,42.3,8.04,LUD,30.9,75.85,subtropical_humid,NASA_POWER_daily_ag,2.651,8.421,1.0757,dewpoint,246.4,26.751
2019-02-23,13.18,21.44,5.79,63.03,0.0,1.85,19.47,98.73,35.57,5.35,LUD,30.9,75.85,subtropical_humid,NASA_POWER_daily_ag,2.817,8.484,0.8939,dewpoint,269.4,26.954
2019-02-24,14.98,22.09,7.45,48.73,0.0,1.17,19.46,98.38,16.41,3.35,LUD,30.9,75.85,subtropical_humid,NASA_POWER_daily_ag,2.92,8.174,0.7768,dewpoint,306.2,27.158
2019-02-25,14.39,21.62,8.33,54.34,0.01,1.26,18.78,98.29,35.82,4.54,LUD,30.9,75.85,subtropical_humid,NASA_POWER_daily_ag,2.805,8.191,0.8447,dewpoint,315.6,27.363
2019-02-26,14.38,21.97,8.86,53.43,1.73,1.74,16.32,98.32,77.63,4.28,LUD,30.9,75.85,subtropical_humid,NASA_POWER_daily_ag,2.905,7.444,0.8294,dewpoint,312.5,27.569
2019-02-27,12.5,18.63,6.52,66.67,2.83,1.72,17.13,98.41,54.47,5.87,LUD,30.9,75.85,subtropical_humid,NASA_POWER_daily_ag,2.522,8.138,0.9267,dewpoint,303.0,27.775
2019-02-28,13.56,20.43,6.85,53.97,0.0,1.1,18.5,98.74,27.32,3.62,LUD,30.9,75.85,subtropical_humid,NASA_POWER_daily_ag,2.689,8.282,0.7918,dewpoint,268.4,27.982
2019-03-01,14.34,22.41,8.62,52.12,0.0,1.52,18.67,98.8,44.69,3.92,LUD,30.9,75.85,subtropical_humid,NASA_POWER_daily_ag,2.996,8.276,0.8087,dewpoint,262.1,28.189
2019-03-02,13.34,17.83,10.7,75.07,4.77,1.72,5.27,98.79,99.8,8.85,LUD,30.9,75.85,subtropical_humid,NASA_POWER_daily_ag,1.522,4.175,1.1365,dewpoint,263.1,28.396
2019-03-03,14.87,21.71,9.82,77.31,3.63,1.3,12.85,98.57,80.3,10.5,LUD,30.9,75.85,subtropical_humid,NASA_POWER_daily_ag,2.096,7.07,1.2697,dewpoint,286.2,28.604
2019-03-04,15.78,21.76,11.21,70.23,0.56,1.35,14.47,98.23,60.49,9.96,LUD,30.9,75.85,subtropical_humid,NASA_POWER_daily_ag,2.448,7.646,1.2247,dewpoint,321.9,28.812
2019-03-05,16.47,23.54,9.45,60.37,0.02,1.22,20.05,98.28,15.25,7.9,LUD,30.9,75.85,subtropical_humid,NASA_POWER_daily_ag,3.12,9.459,1.0655,dewpoint,316.7,29.021
2019-03-06,17.01,23.94,8.96,53.01,0.0,1.3,21.01,98.38,9.94,6.6,LUD,30.9,75.85,subtropical_humid,NASA_POWER_daily_ag,3.4,9.655,0.9747,dewpoint,306.2,29.229
2019-03-07,17.02,25.02,10.88,52.06,0.0,1.12,20.65,98.43,15.48,6.04,LUD,30.9,75.85,subtropical_humid,NASA_POWER_daily_ag,3.275,9.38,0.9377,dewpoint,300.9,29.437
2019-03-08,16.55,22.84,12.42,57.22,0.13,1.1,5.38,98.69,76.94,7.6,LUD,30.9,75.85,subtropical_humid,NASA_POWER_daily_ag,1.903,4.32,1.0439,dewpoint,273.6,29.645
2019-03-09,16.77,24.26,9.42,62.27,0.0,1.57,21.11,98.65,0.97,8.77,LUD,30.9,75.85,subtropical_humid,NASA_POWER_daily_ag,3.392,10.175,1.1303,dewpoint,277.8,29.853
2019-03-10,17.82,26.0,10.73,52.34,0.0,1.08,22.26,98.54,4.16,6.97,LUD,30.9,75.85,subtropical_humid,NASA_POWER_daily_ag,3.503,10.222,0.9998,dewpoint,289.4,30.06
2019-03-11,16.89,23.82,11.49,60.37,3.79,2.16,12.27,98.57,53.66,8.49,LUD,30.9,75.85,subtropical_humid,NASA_POWER_daily_ag,2.981,6.914,1.1091,dewpoint,286.2,30.267
2019-03-12,16.71,24.29,10.3,61.6,0.0,1.09,21.8,98.87,28.1,8.19,LUD,30.9,75.85,subtropical_humid,NASA_POWER_daily_ag,3.308,10.473,1.0867,dewpoint,254.7,30.473
2019-03-13,16.84,23.41,11.92,55.7,0.13,1.04,13.44,98.82,79.81,7.14,LUD,30.9,75.85,subtropical_humid,NASA_POWER_daily_ag,2.638,7.316,1.0115,dewpoint,260.0,30.679
2019-03-14,17.01,24.79,11.19,58.46,1.15,1.21,13.9,98.96,42.12,8.0,LUD,30.9,75.85,subtropical_humid,NASA_POWER_daily_ag,2.751,7.568,1.0728,dewpoint,245.3,30.884
2019-03-15,16.99,25.14,10.77,60.7,0.51,1.48,22.39,99.05,4.33,8.37,LUD,30.9,75.85,subtropical_humid,NASA_POWER_daily_ag,3.588,10.835,1.1001,dewpoint,235.9,31.089
2019-03-16,18.23,27.36,9.4,54.52,0.04,1.17,20.53,98.82,69.61,7.79,LUD,30.9,75.85,subtropical_humid,NASA_POWER_daily_ag,3.52,10.063,1.0575,dewpoint,260.0,31.292
2019-03-17,19.82,28.25,11.54,47.62,0.0,1.25,21.64,98.63,30.93,7.27,LUD,30.9,75.85,subtropical_humid,NASA_POWER_daily_ag,3.926,10.33,1.0206,dewpoint,279.9,31.495
2019-03-18,20.66,28.95,13.55,47.95,0.12,0.97,19.76,98.58,43.21,8.45,LUD,30.9,75.85,subtropical_humid,NASA_POWER_daily_ag,3.614,9.771,1.1061,dewpoint,285.2,31.697
2019-03-19,21.26,29.06,14.54,46.26,0.04,1.07,21.8,98.24,28.05,8.38,LUD,30.9,75.85,subtropical_humid,NASA_POWER_daily_ag,3.977,10.53,1.1009,dewpoint,320.9,31.897
2019-03-20,21.29,29.38,15.38,45.43,0.23,2.71,20.98,98.18,66.41,7.95,LUD,30.9,75.85,subtropical_humid,NASA_POWER_daily_ag,5.115,10.172,1.0691,dewpoint,327.2,32.097
2019-03-21,20.46,28.48,13.26,47.86,0.01,1.39,23.39,98.58,25.24,7.9,LUD,30.9,75.85,subtropical_humid,NASA_POWER_daily_ag,4.303,11.222,1.0655,dewpoint,285.2,32.295
2019-03-22,20.18,29.4,12.09,44.89,0.01,2.07,23.04,98.69,22.86,6.46,LUD,30.9,75.85,subtropical_humid,NASA_POWER_daily_ag,4.784,10.913,0.9653,dewpoint,273.6,32.492
2019-03-23,18.52,25.6,13.1,56.54,0.0,2.28,19.57,98.64,38.92,9.2,LUD,30.9,75.85,subtropical_humid,NASA_POWER_daily_ag,4.007,10.174,1.1637,dewpoint,278.9,32.688
2019-03-24,20.35,27.96,13.8,60.94,0.0,1.78,12.25,98.54,59.39,11.75,LUD,30.9,75.85,subtropical_humid,NASA_POWER_daily_ag,3.191,7.396,1.3796,dewpoint,289.4,32.882
2019-03-25,20.74,27.01,13.88,53.21,0.25,1.56,12.78,98.48,69.11,9.99,LUD,30.9,75.85,subtropical_humid,NASA_POWER_daily_ag,3.371,7.543,1.2271,dewpoint,295.7,33.075
2019-03-26,22.04,32.1,13.17,43.62,0.0,1.93,24.01,98.57,20.33,7.63,LUD,30.9,75.85,subtropical_humid,NASA_POWER_daily_ag,5.1,11.506,1.046,dewpoint,286.2,33.266
2019-03-27,24.33,33.56,16.0,39.05,0.0,1.42,19.38,98.59,77.12,8.23,LUD,30.9,75.85,subtropical_humid,NASA_POWER_daily_ag,4.569,9.767,1.0897,dewpoint,284.1,33.456
2019-03-28,26.45,35.02,20.15,40.3,0.0,1.22,20.49,98.41,64.17,10.91,LUD,30.9,75.85,subtropical_humid,NASA_POWER_daily_ag,4.665,10.431,1.3049,dewpoint,303.0,33.644
2019-03-29,27.49,35.95,20.21,42.73,0.0,1.51,20.5,98.13,66.79,12.54,LUD,30.9,75.85,subtropical_humid,NASA_POWER_daily_ag,5.08,10.71,1.4533,dewpoint,332.5,33.83
2019-03-30,28.19,36.82,20.11,38.84,0.0,1.11,22.51,98.05,23.61,11.5,LUD,30.9,75.85,subtropical_humid,NASA_POWER_daily_ag,5.004,11.343,1.357,dewpoint,340.9,34.015
2019-03-31,24.38,34.61,15.14,32.73,0.0,2.55,25.94,98.14,42.64,4.21,LUD,30.9,75.85,subtropical_humid,NASA_POWER_daily_ag,6.538,11.661,0.8254,dewpoint,331.4,34.197
2019-04-01,24.51,35.2,14.51,35.14,0.0,2.17,25.63,98.11,18.52,5.67,LUD,30.9,75.85,subtropical_humid,NASA_POWER_daily_ag,6.11,11.864,0.914,dewpoint,334.6,34.378
2019-04-02,25.83,36.42,17.68,30.67,0.0,1.34,24.72,98.19,36.01,5.19,LUD,30.9,75.85,subtropical_humid,NASA_POWER_daily_ag,5.315,11.301,0.8839,dewpoint,326.2,34.557
2019-04-03,27.67,37.35,18.27,32.18,0.0,1.7,22.72,98.04,45.67,8.24,LUD,30.9,75.85,subtropical_humid,NASA_POWER_daily_ag,5.786,11.088,1.0904,dewpoint,342.0,34.734
2019-04-04,28.93,38.61,20.05,36.12,0.0,1.57,23.89,98.11,43.25,10.76,LUD,30.9,75.85,subtropical_humid,NASA_POWER_daily_ag,5.874,11.892,1.2919,dewpoint,334.6,34.909
2019-04-05,28.91,36.5,22.39,40.8,0.0,1.15,22.35,98.05,35.96,13.46,LUD,30.9,75.85,subtropical_humid,NASA_POWER_daily_ag,5.161,11.823,1.5434,dewpoint,340.9,35.082
2019-04-06,29.69,38.44,22.5,38.23,0.0,1.83,23.08,97.96,27.42,12.59,LUD,30.9,75.85,subtropical_humid,NASA_POWER_daily_ag,6.158,11.923,1.4581,dewpoint,350.4,35.252
2019-04-07,29.94,37.86,22.54,33.42,0.0,1.37,23.74,97.82,61.48,10.45,LUD,30.9,75.85,subtropical_humid,NASA_POWER_daily_ag,5.793,11.853,1.2655,dewpoint,365.2,35.421
2019-04-08,27.8,35.61,20.27,35.2,0.17,1.6,22.31,97.93,47.14,9.76,LUD,30.9,75.85,subtropical_humid,NASA_POWER_daily_ag,5.657,11.397,1.2084,dewpoint,353.6,35.587
2019-04-09,28.89,37.6,19.17,33.85,0.82,1.3,25.0,97.92,27.3,9.8,LUD,30.9,75.85,subtropical_humid,NASA_POWER_daily_ag,5.765,12.453,1.2116,dewpoint,354.6,35.751
2019-04-10,29.77,38.35,21.83,36.77,0.04,2.01,22.57,98.06,56.36,12.23,LUD,30.9,75.85,subtropical_humid,NASA_POWER_daily_ag,6.386,11.825,1.424,dewpoint,339.9,35.913
2019-04-11,29.73,38.3,22.37,35.78,0.01,1.7,23.3,98.03,48.04,11.51,LUD,30.9,75.85,subtropical_humid,NASA_POWER_daily_ag,6.141,12.015,1.3579,dewpoint,343.0,36.073
2019-04-12,29.07,36.7,22.76,40.1,0.02,1.99,22.53,98.07,63.0,13.13,LUD,30.9,75.85,subtropical_humid,NASA_POWER_daily_ag,6.191,12.069,1.5106,dewpoint,338.8,36.23
2019-04-13,28.88,36.4,22.55,40.86,0.07,2.16,14.93,98.17,90.42,13.47,LUD,30.9,75.85,subtropical_humid,NASA_POWER_daily_ag,5.408,8.878,1.5444,dewpoint,328.3,36.385
2019-04-14,29.46,37.72,22.06,41.16,0.0,2.38,22.68,98.17,51.52,13.82,LUD,30.9,75.85,subtropical_humid,NASA_POWER_daily_ag,6.649,12.304,1.58,dewpoint,328.3,36.537
2019-04-15,30.5,38.89,22.72,37.91,0.02,2.14,21.95,97.95,79.96,13.18,LUD,30.9,75.85,subtropical_humid,NASA_POWER_daily_ag,6.587,11.849,1.5155,dewpoint,351.5,36.687
2019-04-16,25.03,30.54,21.07,59.9,10.27,2.88,14.97,98.12,97.34,16.18,LUD,30.9,75.85,subtropical_humid,NASA_POWER_daily_ag,4.638,9.318,1.8393,dewpoint,333.5,36.835
2019-04-17,20.63,22.52,17.31,77.47,10.27,2.08,12.55,98.4,90.72,16.43,LUD,30.9,75.85,subtropical_humid,NASA_POWER_daily_ag,2.834,8.287,1.8688,dewpoint,304.1,36.98
2019-04-18,22.78,29.38,15.64,57.36,0.44,1.13,20.72,98.5,29.45,12.78,LUD,30.9,75.85,subtropical_humid,NASA_POWER_daily_ag,4.261,11.823,1.4764,dewpoint,293.6,37.123
2019-04-19,25.25,32.91,17.37,44.31,0.0,1.38,26.79,98.21,1.74,11.24,LUD,30.9,75.85,subtropical_humid,NASA_POWER_daily_ag,5.624,14.143,1.3338,dewpoint,324.1,37.264
2019-04-20,27.13,35.04,18.98,39.82,0.0,1.31,26.24,97.91,10.7,11.16,LUD,30.9,75.85,subtropical_humid,NASA_POWER_daily_ag,5.784,13.767,1.3267,dewpoint,355.7,37.401
2019-04-21,29.17,37.53,20.9,38.19,0.0,1.98,26.4,97.74,1.25,12.25,LUD,30.9,75.85,subtropical_humid,NASA_POWER_daily_ag,6.803,13.899,1.4259,dewpoint,373.6,37.537
2019-04-22,30.91,39.2,23.36,37.16,0.0,2.02,26.29,97.75,4.04,13.47,LUD,30.9,75.85,subtropical_humid,NASA_POWER_daily_ag,7.106,13.968,1.5444,dewpoint,372.6,37.67
2019-04-23,32.9,41.98,22.82,34.98,0.0,1.73,26.06,97.77,5.13,13.42,LUD,30.9,75.85,subtropical_humid,NASA_POWER_daily_ag,7.095,13.783,1.5394,dewpoint,370.5,37.8
2019-04-24,33.0,40.98,24.66,31.8,0.03,1.69,23.82,97.94,38.25,12.67,LUD,30.9,75.85,subtropical_humid,NASA_POWER_daily_ag,6.792,12.675,1.4657,dewpoint,352.5,37.928
2019-04-25,30.61,39.26,24.28,40.46,4.53,1.94,17.62,98.02,81.03,14.07,LUD,30.9,75.85,subtropical_humid,NASA_POWER_daily_ag,5.84,10.276,1.6059,dewpoint,344.1,38.053
2019-04-26,31.25,40.23,22.73,36.0,0.0,2.15,25.05,98.0,27.71,12.65,LUD,30.9,75.85,subtropical_humid,NASA_POWER_daily_ag,7.242,13.349,1.4638,dewpoint,346.2,38.176
2019-04-27,31.54,39.97,24.03,30.1,0.0,3.42,26.05,97.91,4.9,10.26,LUD,30.9,75.85,subtropical_humid,NASA_POWER_daily_ag,9.05,13.298,1.2495,dewpoint,355.7,38.296
2019-04-28,30.91,40.13,22.21,28.01,0.0,3.09,26.92,97.78,19.36,8.25,LUD,30.9,75.85,subtropical_humid,NASA_POWER_daily_ag,8.76,13.363,1.0912,dewpoint,369.4,38.414
2019-04-29,31.42,41.26,22.54,25.09,0.0,1.76,26.49,97.64,23.09,6.52,LUD,30.9,75.85,subtropical_humid,NASA_POWER_daily_ag,7.112,12.843,0.9693,dewpoint,384.2,38.529
2019-04-30,32.17,41.7,23.48,24.44,0.0,1.94,25.62,97.34,48.27,7.06,LUD,30.9,75.85,subtropical_humid,NASA_POWER_daily_ag,7.392,12.589,1.006,dewpoint,416.0,38.641
2019-05-01,30.92,39.93,23.56,30.66,0.57,2.27,25.28,97.37,67.43,9.88,LUD,30.9,75.85,subtropical_humid,NASA_POWER_daily_ag,7.507,13.06,1.2181,dewpoint,412.8,38.751
2019-05-02,31.67,39.92,23.53,27.59,0.01,1.35,18.19,97.54,86.31,8.75,LUD,30.9,75.85,subtropical_humid,NASA_POWER_daily_ag,5.575,10.069,1.1288,dewpoint,394.8,38.859
2019-05-03,29.32,37.86,21.58,37.62,7.1,1.46,26.91,97.82,35.57,11.04,LUD,30.9,75.85,subtropical_humid,NASA_POWER_daily_ag,6.439,14.17,1.3162,dewpoint,365.2,38.964
2019-05-04,29.73,38.36,22.22,26.82,0.0,2.47,29.11,97.94,17.6,6.4,LUD,30.9,75.85,subtropical_humid,NASA_POWER_daily_ag,8.12,14.13,0.9613,dewpoint,352.5,39.066
2019-05-05,30.82,40.67,21.17,24.08,0.0,1.91,26.51,97.87,36.55,5.94,LUD,30.9,75.85,subtropical_humid,NASA_POWER_daily_ag,7.316,13.008,0.9312,dewpoint,359.9,39.166
2019-05-06,31.94,41.27,24.15,21.01,0.0,2.21,29.64,97.68,19.71,4.81,LUD,30.9,75.85,subtropical_humid,NASA_POWER_daily_ag,8.259,13.807,0.8608,dewpoint,380.0,39.263
2019-05-07,32.42,41.84,23.77,21.23,0.0,1.71,27.68,97.49,37.8,5.5,LUD,30.9,75.85,subtropical_humid,NASA_POWER_daily_ag,7.372,13.246,0.9032,dewpoint,400.1,39.358
2019-05-08,33.4,42.93,24.62,21.68,0.0,2.18,27.13,97.53,62.05,6.31,LUD,30.9,75.85,subtropical_humid,NASA_POWER_daily_ag,8.185,13.114,0.9554,dewpoint,395.8,39.451
2019-05-09,34.16,42.82,26.62,22.15,0.0,2.45,26.88,97.38,60.01,8.06,LUD,30.9,75.85,subtropical_humid,NASA_POWER_daily_ag,8.659,13.287,1.0772,dewpoint,411.7,39.541
2019-05-10,34.35,42.57,27.03,25.74,0.51,2.24,20.37,97.44,85.04,10.48,LUD,30.9,75.85,subtropical_humid,NASA_POWER_daily_ag,7.543,11.121,1.268,dewpoint,405.4,39.628
2019-05-11,32.55,40.04,27.22,31.0,1.15,2.43,19.72,97.77,94.82,12.69,LUD,30.9,75.85,subtropical_humid,NASA_POWER_daily_ag,7.251,11.214,1.4677,dewpoint,370.5,39.713
2019-05-12,32.15,39.26,24.09,31.8,0.04,1.88,25.9,97.73,57.06,11.83,LUD,30.9,75.85,subtropical_humid,NASA_POWER_daily_ag,7.33,13.916,1.3869,dewpoint,374.7,39.796
2019-05-13,34.02,40.82,27.74,28.66,1.81,1.8,21.28,97.53,82.05,12.67,LUD,30.9,75.85,subtropical_humid,NASA_POWER_daily_ag,6.88,11.888,1.4657,dewpoint,395.8,39.876
2019-05-14,31.68,37.82,26.3,34.15,1.72,1.4,25.29,97.66,56.51,13.13,LUD,30.9,75.85,subtropical_humid,NASA_POWER_daily_ag,6.518,13.903,1.5106,dewpoint,382.1,39.953
2019-05-15,32.81,38.77,25.92,32.77,1.32,0.88,16.03,97.79,85.14,13.5,LUD,30.9,75.85,subtropical_humid,NASA_POWER_daily_ag,4.644,9.759,1.5475,dewpoint,368.3,40.029
2019-05-16,29.93,34.47,25.33,40.27,0.42,2.43,21.39,97.88,62.88,14.32,LUD,30.9,75.85,subtropical_humid,NASA_POWER_daily_ag,6.784,12.459,1.6321,dewpoint,358.8,40.102
2019-05-17,29.71,37.33,23.88,50.85,7.07,1.53,11.29,97.85,90.43,17.12,LUD,30.9,75.85,subtropical_humid,NASA_POWER_daily_ag,4.188,7.78,1.9525,dewpoint,362.0,40.172
2019-05-18,29.95,36.5,23.09,46.23,0.04,1.9,24.64,97.81,44.33,16.06,LUD,30.9,75.85,subtropical_humid,NASA_POWER_daily_ag,6.585,14.339,1.8253,dewpoint,366.2,40.24
2019-05-19,31.99,39.29,24.2,32.39,0.0,2.85,28.62,97.83,37.4,12.17,LUD,30.9,75.85,subtropical_humid,NASA_POWER_daily_ag,8.822,15.288,1.4184,dewpoint,364.1,40.306
2019-05-20,32.92,40.97,24.79,27.02,0.0,2.51,22.84,97.92,42.04,10.27,LUD,30.9,75.85,subtropical_humid,NASA_POWER_daily_ag,8.027,12.366,1.2504,dewpoint,354.6,40.37
2019-05-21,33.55,41.63,25.19,24.87,0.0,2.21,27.78,97.78,29.65,9.39,LUD,30.9,75.85,subtropical_humid,NASA_POWER_daily_ag,8.36,14.238,1.1787,dewpoint,369.4,40.431
2019-05-22,35.01,42.96,26.08,24.0,0.0,2.67,24.26,97.57,72.61,10.11,LUD,30.9,75.85,subtropical_humid,NASA_POWER_daily_ag,8.859,12.845,1.237,dewpoint,391.6,40.49
2019-05-23,34.53,41.51,28.98,31.14,3.18,2.6,18.29,97.52,90.11,14.32,LUD,30.9,75.85,subtropical_humid,NASA_POWER_daily_ag,7.608,10.834,1.6321,dewpoint,396.9,40.547
2019-05-24,30.93,36.17,25.71,43.72,3.14,2.19,22.75,97.81,48.35,16.62,LUD,30.9,75.85,subtropical_humid,NASA_POWER_daily_ag,6.769,13.499,1.8916,dewpoint,366.2,40.601
2019-05-25,30.7,36.94,24.57,37.74,0.43,2.88,28.53,97.69,17.81,13.68,LUD,30.9,75.85,subtropical_humid,NASA_POWER_daily_ag,8.407,15.744,1.5657,dewpoint,378.9,40.653
2019-05-26,32.82,41.31,23.26,27.85,0.0,2.44,29.53,97.49,12.68,10.08,LUD,30.9,75.85,subtropical_humid,NASA_POWER_daily_ag,8.756,15.283,1.2346,dewpoint,400.1,40.703
2019-05-27,33.99,42.41,25.49,20.78,0.01,2.49,30.33,97.5,9.68,5.93,LUD,30.9,75.85,subtropical_humid,NASA_POWER_daily_ag,9.232,14.594,0.9306,dewpoint,399.0,40.751
2019-05-28,34.94,44.34,24.54,16.53,0.0,2.5,30.35,97.4,13.1,3.72,LUD,30.9,75.85,subtropical_humid,NASA_POWER_daily_ag,9.447,14.115,0.7974,dewpoint,409.6,40.796
2019-05-29,36.76,45.94,26.72,16.02,0.0,2.6,28.99,97.23,40.92,5.52,LUD,30.9,75.85,subtropical_humid,NASA_POWER_daily_ag,9.75,13.775,0.9045,dewpoint,427.6,40.84
2019-05-30,38.15,46.46,30.08,15.05,0.0,2.12,28.8,97.13,38.07,5.97,LUD,30.9,75.85,subtropical_humid,NASA_POWER_daily_ag,9.067,13.609,0.9332,dewpoint,438.2,40.881
2019-05-31,38.16,47.41,27.76,13.71,0.0,2.5,27.84,97.13,45.91,4.44,LUD,30.9,75.85,subtropical_humid,NASA_POWER_daily_ag,9.683,13.056,0.8388,dewpoint,438.2,40.92
2019-06-01,38.96,47.69,29.7,12.54,0.0,1.48,26.07,97.14,44.63,3.8,LUD,30.9,75.85,subtropical_humid,NASA_POWER_daily_ag,7.578,12.246,0.8019,dewpoint,437.2,40.957
2019-06-02,39.42,47.31,30.48,12.51,0.07,1.95,26.06,97.15,40.73,4.43,LUD,30.9,75.85,subtropical_humid,NASA_POWER_daily_ag,8.605,12.339,0.8382,dewpoint,436.1,40.992
2019-06-03,38.88,47.11,30.35,13.23,0.35,2.06,25.67,97.13,43.96,4.57,LUD,30.9,75.85,subtropical_humid,NASA_POWER_daily_ag,8.712,12.254,0.8465,dewpoint,438.2,41.024
2019-06-04,37.47,45.6,28.68,17.55,0.56,2.15,23.49,97.26,69.83,7.32,LUD,30.9,75.85,subtropical_humid,NASA_POWER_daily_ag,8.448,12.035,1.0241,dewpoint,424.4,41.055
2019-06-05,38.65,46.06,29.3,14.92,0.07,2.12,25.98,97.19,58.53,6.2,LUD,30.9,75.85,subtropical_humid,NASA_POWER_daily_ag,8.866,12.745,0.9481,dewpoint,431.9,41.083
2019-06-06,38.55,45.63,31.77,15.01,0.18,2.26,26.31,97.27,53.12,6.69,LUD,30.9,75.85,subtropical_humid,NASA_POWER_daily_ag,9.125,12.868,0.9807,dewpoint,423.4,41.11
2019-06-07,37.23,43.9,29.35,15.66,0.44,1.57,29.07,97.53,14.34,6.08,LUD,30.9,75.85,subtropical_humid,NASA_POWER_daily_ag,8.021,13.975,0.9403,dewpoint,395.8,41.134
2019-06-08,38.27,45.68,30.59,15.25,0.0,2.05,28.84,97.36,12.57,6.73,LUD,30.9,75.85,subtropical_humid,NASA_POWER_daily_ag,9.001,13.864,0.9834,dewpoint,413.8,41.157
2019-06-09,39.09,47.29,31.23,15.8,0.0,2.16,28.4,97.09,14.56,7.21,LUD,30.9,75.85,subtropical_humid,NASA_POWER_daily_ag,9.249,13.69,1.0164,dewpoint,442.5,41.177
2019-06-10,39.68,47.9,30.96,13.71,0.0,1.94,28.43,96.84,16.51,5.8,LUD,30.9,75.85,subtropical_humid,NASA_POWER_daily_ag,8.895,13.416,0.9222,dewpoint,469.1,41.195
2019-06-11,39.97,48.14,31.38,13.84,0.07,2.95,27.5,96.75,56.81,6.44,LUD,30.9,75.85,subtropical_humid,NASA_POWER_daily_ag,10.748,13.181,0.964,dewpoint,478.7,41.212
2019-06-12,38.68,44.39,32.33,19.16,1.98,2.6,23.44,97.0,86.22,10.15,LUD,30.9,75.85,subtropical_humid,NASA_POWER_daily_ag,9.364,12.416,1.2404,dewpoint,452.1,41.226
2019-06-13,37.27,45.32,29.74,19.58,0.0,1.72,26.82,97.17,43.5,7.68,LUD,30.9,75.85,subtropical_humid,NASA_POWER_daily_ag,8.033,13.375,1.0496,dewpoint,434.0,41.238
2019-06-14,36.96,45.74,27.6,11.84,0.0,2.55,30.06,97.04,8.6,1.45,LUD,30.9,75.85,subtropical_humid,NASA_POWER_daily_ag,9.846,13.49,0.6783,dewpoint,447.8,41.248
2019-06-15,37.82,45.79,29.25,23.85,0.18,2.83,24.67,97.02,50.25,12.61,LUD,30.9,75.85,subtropical_humid,NASA_POWER_daily_ag,9.629,13.404,1.46,dewpoint,449.9,41.257
2019-06-16,35.84,41.38,30.07,35.01,3.47,3.0,21.76,97.2,56.02,17.11,LUD,30.9,75.85,subtropical_humid,NASA_POWER_daily_ag,8.666,12.954,1.9513,dewpoint,430.8,41.263
2019-06-17,36.5,43.15,29.47,33.78,0.05,3.22,25.37,97.06,62.9,16.48,LUD,30.9,75.85,subtropical_humid,NASA_POWER_daily_ag,9.681,14.561,1.8748,dewpoint,445.7,41.268
2019-06-18,31.76,35.22,28.17,51.67,11.87,1.65,14.01,97.32,86.69,20.28,LUD,30.9,75.85,subtropical_humid,NASA_POWER_daily_ag,4.782,9.451,2.3791,dewpoint,418.1,41.27
2019-06-19,33.6,39.54,27.67,43.96,0.04,1.7,26.19,97.24,29.24,18.82,LUD,30.9,75.85,subtropical_humid,NASA_POWER_daily_ag,7.211,15.634,2.1728,dewpoint,426.6,41.271
2019-06-20,33.85,39.28,27.68,39.0,6.4,1.25,20.35,97.33,44.69,17.38,LUD,30.9,75.85,subtropical_humid,NASA_POWER_daily_ag,5.871,12.396,1.9849,dewpoint,417.0,41.269
2019-06-21,32.45,39.38,27.09,46.76,15.54,1.96,23.9,97.45,50.01,18.26,LUD,30.9,75.85,subtropical_humid,NASA_POWER_daily_ag,6.921,14.353,2.098,dewpoint,404.3,41.266
2019-06-22,35.12,42.27,27.81,34.31,0.0,1.29,26.79,97.32,17.12,15.68,LUD,30.9,75.85,subtropical_humid,NASA_POWER_daily_ag,7.094,15.151,1.7815,dewpoint,418.1,41.26
2019-06-23,35.54,42.36,29.18,34.01,0.0,1.94,25.52,97.29,20.87,16.43,LUD,30.9,75.85,subtropical_humid,NASA_POWER_daily_ag,7.842,14.652,1.8688,dewpoint,421.3,41.253
2019-06-24,33.77,39.75,28.74,45.15,1.03,2.18,17.53,97.51,82.93,19.8,LUD,30.9,75.85,subtropical_humid,NASA_POWER_daily_ag,6.313,11.226,2.3095,dewpoint,398.0,41.244
2019-06-25,34.51,39.38,29.16,46.36,2.85,0.91,22.42,97.47,57.41,20.88,LUD,30.9,75.85,subtropical_humid,NASA_POWER_daily_ag,5.801,14.007,2.4687,dewpoint,402.2,41.233
2019-06-26,36.45,43.41,29.71,35.2,0.0,2.29,27.6,97.18,15.23,17.22,LUD,30.9,75.85,subtropical_humid,NASA_POWER_daily_ag,8.749,15.778,1.9649,dewpoint,432.9,41.22
2019-06-27,36.8,43.19,30.64,33.78,0.14,2.78,24.33,96.9,70.33,17.33,LUD,30.9,75.85,subtropical_humid,NASA_POWER_daily_ag,8.967,14.184,1.9786,dewpoint,462.7,41.205
2019-06-28,36.96,44.01,29.91,32.59,0.03,2.12,26.36,96.81,31.07,16.74,LUD,30.9,75.85,subtropical_humid,NASA_POWER_daily_ag,8.451,15.04,1.906,dewpoint,472.3,41.188
2019-06-29,37.69,44.45,30.91,31.89,0.0,1.98,25.96,96.73,27.15,17.26,LUD,30.9,75.85,subtropical_humid,NASA_POWER_daily_ag,8.303,14.912,1.9699,dewpoint,480.8,41.169
2019-06-30,37.9,44.94,30.83,30.95,0.16,1.88,24.92,96.8,26.17,16.7,LUD,30.9,75.85,subtropical_humid,NASA_POWER_daily_ag,8.048,14.273,1.9012,dewpoint,473.3,41.148
2019-07-01,37.76,44.26,31.24,31.34,0.19,1.24,24.71,96.9,61.56,17.03,LUD,30.9,75.85,subtropical_humid,NASA_POWER_daily_ag,7.004,14.244,1.9414,dewpoint,462.7,41.125
2019-07-02,38.02,44.32,31.41,27.49,0.01,1.46,25.75,97.02,41.26,14.9,LUD,30.9,75.85,subtropical_humid,NASA_POWER_daily_ag,7.548,14.28,1.6944,dewpoint,449.9,41.1
2019-07-03,37.94,44.78,31.01,30.09,2.12,1.65,22.32,97.01,52.65,16.64,LUD,30.9,75.85,subtropical_humid,NASA_POWER_daily_ag,7.308,13.005,1.894,dewpoint,451.0,41.073
2019-07-04,36.09,41.96,30.97,40.41,8.16,1.62,17.9,96.89,61.03,19.79,LUD,30.9,75.85,subtropical_humid,NASA_POWER_daily_ag,6.149,11.338,2.3081,dewpoint,463.8,41.045
2019-07-05,35.7,41.77,29.79,41.91,3.01,1.37,21.63,96.75,58.95,19.75,LUD,30.9,75.85,subtropical_humid,NASA_POWER_daily_ag,6.385,13.301,2.3023,dewpoint,478.7,41.014
2019-07-06,36.47,42.33,30.17,41.29,2.08,1.32,13.64,96.58,89.2,20.43,LUD,30.9,75.85,subtropical_humid,NASA_POWER_daily_ag,5.06,9.166,2.4013,dewpoint,496.8,40.981
2019-07-07,35.86,41.19,30.96,44.15,2.39,1.36,22.36,96.72,41.95,21.2,LUD,30.9,75.85,subtropical_humid,NASA_POWER_daily_ag,6.466,13.933,2.5177,dewpoint,481.8,40.947
2019-07-08,36.56,42.12,30.5,43.38,3.19,1.49,20.08,96.72,64.65,21.29,LUD,30.9,75.85,subtropical_humid,NASA_POWER_daily_ag,6.339,12.702,2.5317,dewpoint,481.8,40.91
2019-07-09,35.11,39.35,30.97,49.91,18.44,1.28,19.64,96.66,73.21,22.63,LUD,30.9,75.85,subtropical_humid,NASA_POWER_daily_ag,5.732,12.71,2.7472,dewpoint,488.2,40.871
2019-07-10,35.64,41.62,29.41,45.28,1.66,1.49,17.83,96.62,74.71,20.89,LUD,30.9,75.85,subtropical_humid,NASA_POWER_daily_ag,5.832,11.45,2.4703,dewpoint,492.5,40.83
2019-07-11,35.38,40.61,30.09,46.21,8.2,1.75,17.19,96.66,75.51,21.35,LUD,30.9,75.85,subtropical_humid,NASA_POWER_daily_ag,5.948,11.163,2.541,dewpoint,488.2,40.788
2019-07-12,33.95,37.23,30.8,53.99,38.61,1.44,14.48,96.89,89.79,23.13,LUD,30.9,75.85,subtropical_humid,NASA_POWER_daily_ag,4.756,9.864,2.8316,dewpoint,463.8,40.743
2019-07-13,34.09,39.99,28.77,53.02,9.2,2.15,17.43,96.97,62.2,22.51,LUD,30.9,75.85,subtropical_humid,NASA_POWER_daily_ag,5.999,11.453,2.7272,dewpoint,455.2,40.696
2019-07-14,31.65,35.26,27.84,64.28,23.57,2.25,7.55,96.89,84.95,23.77,LUD,30.9,75.85,subtropical_humid,NASA_POWER_daily_ag,3.63,5.897,2.943,dewpoint,463.8,40.647
2019-07-15,30.53,35.73,25.83,68.92,19.34,2.48,11.36,96.84,87.48,23.76,LUD,30.9,75.85,subtropical_humid,NASA_POWER_daily_ag,4.089,8.13,2.9412,dewpoint,469.1,40.596
2019-07-16,29.46,33.6,26.17,74.21,22.73,2.45,12.31,97.14,93.4,24.08,LUD,30.9,75.85,subtropical_humid,NASA_POWER_daily_ag,3.848,8.71,2.9983,dewpoint,437.2,40.543
2019-07-17,28.57,32.6,25.44,74.76,2.24,1.69,19.88,97.31,45.09,23.44,LUD,30.9,75.85,subtropical_humid,NASA_POWER_daily_ag,4.707,13.116,2.8851,dewpoint,419.1,40.488
2019-07-18,30.03,34.39,25.63,69.87,3.04,1.8,21.58,97.27,41.09,23.61,LUD,30.9,75.85,subtropical_humid,NASA_POWER_daily_ag,5.357,14.104,2.9148,dewpoint,423.4,40.431
2019-07-19,30.72,35.05,26.17,68.09,1.05,1.82,18.72,97.34,70.09,23.84,LUD,30.9,75.85,subtropical_humid,NASA_POWER_daily_ag,5.019,12.44,2.9554,dewpoint,416.0,40.371
2019-07-20,31.32,35.97,26.59,67.06,2.32,1.45,16.68,97.42,66.3,24.05,LUD,30.9,75.85,subtropical_humid,NASA_POWER_daily_ag,4.577,11.248,2.9929,dewpoint,407.5,40.31
2019-07-21,31.8,36.52,26.72,64.87,2.62,1.49,22.14,97.39,25.58,23.96,LUD,30.9,75.85,subtropical_humid,NASA_POWER_daily_ag,5.657,14.422,2.9768,dewpoint,410.7,40.246
2019-07-22,32.56,37.18,27.24,62.75,1.66,1.17,20.79,97.26,51.5,24.12,LUD,30.9,75.85,subtropical_humid,NASA_POWER_daily_ag,5.348,13.636,3.0055,dewpoint,424.4,40.18
2019-07-23,33.74,39.17,28.58,57.02,0.44,1.08,20.21,97.11,30.51,23.48,LUD,30.9,75.85,subtropical_humid,NASA_POWER_daily_ag,5.379,13.131,2.892,dewpoint,440.4,40.112
2019-07-24,34.46,40.29,28.73,50.77,2.47,1.32,22.78,96.91,32.75,22.07,LUD,30.9,75.85,subtropical_humid,NASA_POWER_daily_ag,6.215,14.282,2.6552,dewpoint,461.6,40.042
2019-07-25,30.3,34.02,27.56,75.18,25.94,2.17,9.18,97.03,93.28,25.22,LUD,30.9,75.85,subtropical_humid,NASA_POWER_daily_ag,3.203,6.85,3.2095,dewpoint,448.9,39.97
2019-07-26,29.48,33.0,26.56,79.26,8.93,2.04,12.56,97.0,92.63,25.28,LUD,30.9,75.85,subtropical_humid,NASA_POWER_daily_ag,3.5,8.901,3.221,dewpoint,452.1,39.895
2019-07-27,29.32,33.59,25.96,78.31,7.3,2.65,10.29,97.06,99.68,24.88,LUD,30.9,75.85,subtropical_humid,NASA_POWER_daily_ag,3.343,7.507,3.1452,dewpoint,445.7,39.818
2019-07-28,30.04,33.98,25.93,77.23,4.93,2.05,20.4,97.29,87.51,25.34,LUD,30.9,75.85,subtropical_humid,NASA_POWER_daily_ag,4.975,13.646,3.2325,dewpoint,421.3,39.739
2019-07-29,29.54,32.52,26.5,80.08,5.85,1.76,25.78,97.41,47.82,25.63,LUD,30.9,75.85,subtropical_humid,NASA_POWER_daily_ag,5.667,16.988,3.2886,dewpoint,408.5,39.658
2019-07-30,31.23,35.89,27.07,70.11,0.51,1.58,20.68,97.29,69.87,24.77,LUD,30.9,75.85,subtropical_humid,NASA_POWER_daily_ag,5.229,13.654,3.1246,dewpoint,421.3,39.574
2019-07-31,30.65,34.66,26.69,70.02,4.35,1.77,15.48,97.18,98.58,24.33,LUD,30.9,75.85,subtropical_humid,NASA_POWER_daily_ag,4.342,10.527,3.0435,dewpoint,432.9,39.488
2019-08-01,29.51,33.15,25.71,78.95,43.59,1.92,16.96,97.13,95.85,25.34,LUD,30.9,75.85,subtropical_humid,NASA_POWER_daily_ag,4.207,11.549,3.2325,dewpoint,438.2,39.4
2019-08-02,29.82,32.86,26.38,79.89,19.99,1.17,15.89,97.06,92.58,25.82,LUD,30.9,75.85,subtropical_humid,NASA_POWER_daily_ag,3.842,10.947,3.3258,dewpoint,445.7,39.31
2019-08-03,29.62,32.94,26.55,78.06,1.2,1.28,17.7,97.13,75.15,25.23,LUD,30.9,75.85,subtropical_humid,NASA_POWER_daily_ag,4.213,11.962,3.2114,dewpoint,438.2,39.217
2019-08-04,31.0,35.1,26.63,70.87,1.24,0.92,23.52,96.99,34.04,24.83,LUD,30.9,75.85,subtropical_humid,NASA_POWER_daily_ag,5.4,15.333,3.1358,dewpoint,453.1,39.122
2019-08-05,31.6,35.73,26.59,69.72,0.73,1.16,20.76,96.82,34.15,25.1,LUD,30.9,75.85,subtropical_humid,NASA_POWER_daily_ag,5.09,13.726,3.1867,dewpoint,471.2,39.025
2019-08-06,31.6,35.61,27.58,70.11,5.5,1.36,16.95,96.78,59.8,25.21,LUD,30.9,75.85,subtropical_humid,NASA_POWER_daily_ag,4.484,11.449,3.2076,dewpoint,475.5,38.925
2019-08-07,28.95,31.56,26.31,80.02,11.56,2.11,21.37,96.92,46.66,25.08,LUD,30.9,75.85,subtropical_humid,NASA_POWER_daily_ag,4.861,14.137,3.1829,dewpoint,460.6,38.823
2019-08-08,30.4,33.69,26.13,69.29,0.49,1.0,21.5,96.92,75.08,23.8,LUD,30.9,75.85,subtropical_humid,NASA_POWER_daily_ag,5.011,13.926,2.9483,dewpoint,460.6,38.718
2019-08-09,30.77,34.74,26.19,71.54,11.16,1.39,18.73,97.11,82.76,24.82,LUD,30.9,75.85,subtropical_humid,NASA_POWER_daily_ag,4.685,12.45,3.134,dewpoint,440.4,38.612
2019-08-10,29.93,33.85,26.48,77.75,3.8,1.89,19.18,97.19,85.69,25.4,LUD,30.9,75.85,subtropical_humid,NASA_POWER_daily_ag,4.658,12.811,3.244,dewpoint,431.9,38.502
2019-08-11,30.34,34.34,26.09,76.51,2.03,1.29,22.65,97.25,40.83,25.51,LUD,30.9,75.85,subtropical_humid,NASA_POWER_daily_ag,5.192,14.908,3.2653,dewpoint,425.5,38.391
2019-08-12,30.85,33.76,27.57,75.75,30.78,1.17,20.16,97.16,57.18,25.99,LUD,30.9,75.85,subtropical_humid,NASA_POWER_daily_ag,4.768,13.476,3.3595,dewpoint,435.1,38.277
2019-08-13,31.01,34.6,27.09,75.76,9.55,1.34,13.29,97.19,94.55,25.94,LUD,30.9,75.85,subtropical_humid,NASA_POWER_daily_ag,3.61,9.286,3.3495,dewpoint,431.9,38.161
2019-08-14,29.91,33.95,26.78,78.66,0.83,1.73,19.33,97.39,89.1,25.57,LUD,30.9,75.85,subtropical_humid,NASA_POWER_daily_ag,4.601,12.884,3.2769,dewpoint,410.7,38.042
2019-08-15,29.38,33.58,26.08,81.48,4.03,1.53,17.49,97.4,89.56,25.69,LUD,30.9,75.85,subtropical_humid,NASA_POWER_daily_ag,4.097,11.798,3.3003,dewpoint,409.6,37.921
2019-08-16,28.8,32.33,25.97,82.57,10.1,1.79,17.5,97.3,79.87,25.38,LUD,30.9,75.85,subtropical_humid,NASA_POWER_daily_ag,4.047,11.765,3.2402,dewpoint,420.2,37.798
2019-08-17,26.84,29.46,24.51,88.45,57.34,2.5,7.52,97.27,98.58,24.72,LUD,30.9,75.85,subtropical_humid,NASA_POWER_daily_ag,2.111,5.771,3.1153,dewpoint,423.4,37.672
2019-08-18,26.99,30.7,23.96,84.27,46.42,1.64,22.16,97.42,61.71,23.98,LUD,30.9,75.85,subtropical_humid,NASA_POWER_daily_ag,4.536,14.306,2.9803,dewpoint,407.5,37.544
2019-08-19,28.35,32.32,24.05,79.02,1.23,0.85,21.96,97.75,41.52,24.2,LUD,30.9,75.85,subtropical_humid,NASA_POWER_daily_ag,4.661,14.184,3.0199,dewpoint,372.6,37.413
2019-08-20,28.1,32.27,24.22,78.46,0.0,1.36,25.12,97.69,24.68,23.84,LUD,30.9,75.85,subtropical_humid,NASA_POWER_daily_ag,5.251,15.92,2.9554,dewpoint,378.9,37.281
2019-08-21,28.8,33.79,24.26,72.6,0.19,0.8,24.85,97.5,10.16,23.08,LUD,30.9,75.85,subtropical_humid,NASA_POWER_daily_ag,5.222,15.524,2.8231,dewpoint,399.0,37.145
2019-08-22,28.14,32.9,23.27,71.76,0.11,1.07,24.51,97.52,6.44,22.32,LUD,30.9,75.85,subtropical_humid,NASA_POWER_daily_ag,5.172,15.178,2.6959,dewpoint,396.9,37.008
2019-08-23,28.85,33.34,23.53,69.94,6.93,0.71,23.77,97.52,11.49,22.57,LUD,30.9,75.85,subtropical_humid,NASA_POWER_daily_ag,5.014,14.787,2.7372,dewpoint,396.9,36.868
2019-08-24,29.47,34.14,24.87,69.62,2.72,0.67,22.04,97.48,57.05,23.05,LUD,30.9,75.85,subtropical_humid,NASA_POWER_daily_ag,4.763,13.862,2.8179,dewpoint,401.1,36.726
2019-08-25,28.06,32.16,24.07,81.9,5.18,1.49,17.52,97.55,84.71,24.51,LUD,30.9,75.85,subtropical_humid,NASA_POWER_daily_ag,3.922,11.569,3.0765,dewpoint,393.7,36.581
2019-08-26,28.89,32.97,24.77,79.03,0.56,1.17,20.37,97.66,58.1,24.66,LUD,30.9,75.85,subtropical_humid,NASA_POWER_daily_ag,4.487,13.221,3.1042,dewpoint,382.1,36.435
2019-08-27,30.21,33.67,25.9,72.46,0.01,0.52,23.81,97.56,14.82,24.52,LUD,30.9,75.85,subtropical_humid,NASA_POWER_daily_ag,5.091,15.139,3.0783,dewpoint,392.7,36.286
2019-08-28,30.82,34.53,26.36,72.34,1.11,0.69,23.41,97.59,20.1,25.02,LUD,30.9,75.85,subtropical_humid,NASA_POWER_daily_ag,5.152,14.985,3.1716,dewpoint,389.5,36.134
2019-08-29,30.62,34.41,26.14,73.9,13.39,0.76,20.53,97.66,57.24,25.21,LUD,30.9,75.85,subtropical_humid,NASA_POWER_daily_ag,4.626,13.332,3.2076,dewpoint,382.1,35.981
2019-08-30,30.3,33.89,25.84,74.89,2.13,0.79,18.71,97.4,50.89,25.14,LUD,30.9,75.85,subtropical_humid,NASA_POWER_daily_ag,4.269,12.252,3.1943,dewpoint,409.6,35.825
2019-08-31,30.84,34.61,26.69,72.19,1.24,0.83,19.2,97.23,48.97,25.03,LUD,30.9,75.85,subtropical_humid,NASA_POWER_daily_ag,4.442,12.481,3.1734,dewpoint,427.6,35.667
2019-09-01,29.3,33.3,26.45,79.34,2.39,1.64,11.37,97.37,92.14,25.2,LUD,30.9,75.85,subtropical_humid,NASA_POWER_daily_ag,3.086,7.941,3.2057,dewpoint,412.8,35.507
2019-09-02,29.56,33.43,25.29,73.7,0.18,0.88,18.24,97.43,53.86,24.22,LUD,30.9,75.85,subtropical_humid,NASA_POWER_daily_ag,4.139,11.786,3.0235,dewpoint,406.4,35.345
2019-09-03,30.35,34.84,25.9,71.87,0.95,0.88,20.44,97.32,14.27,24.38,LUD,30.9,75.85,subtropical_humid,NASA_POWER_daily_ag,4.615,13.019,3.0527,dewpoint,418.1,35.181
2019-09-04,29.62,33.97,25.35,77.6,34.13,0.97,18.41,97.27,41.47,25.04,LUD,30.9,75.85,subtropical_humid,NASA_POWER_daily_ag,4.156,11.986,3.1753,dewpoint,423.4,35.015
2019-09-05,29.52,33.28,25.68,78.49,10.5,1.04,19.48,97.33,55.06,25.21,LUD,30.9,75.85,subtropical_humid,NASA_POWER_daily_ag,4.331,12.629,3.2076,dewpoint,417.0,34.846
2019-09-06,30.13,34.03,25.83,76.7,0.31,0.98,20.58,97.22,26.65,25.37,LUD,30.9,75.85,subtropical_humid,NASA_POWER_daily_ag,4.594,13.27,3.2383,dewpoint,428.7,34.676
2019-09-07,30.35,34.3,26.02,72.88,0.05,0.75,19.81,97.27,28.15,24.69,LUD,30.9,75.85,subtropical_humid,NASA_POWER_daily_ag,4.422,12.654,3.1098,dewpoint,423.4,34.504
2019-09-08,29.86,33.52,24.79,72.19,0.0,0.82,18.58,97.46,43.89,24.09,LUD,30.9,75.85,subtropical_humid,NASA_POWER_daily_ag,4.189,11.852,3.0001,dewpoint,403.2,34.33
2019-09-09,29.97,35.39,25.18,69.88,0.0,1.19,22.26,97.28,6.84,23.42,LUD,30.9,75.85,subtropical_humid,NASA_POWER_daily_ag,4.992,13.688,2.8816,dewpoint,422.3,34.154
2019-09-10,29.24,34.65,23.62,69.17,0.0,1.17,21.47,97.26,5.84,22.57,LUD,30.9,75.85,subtropical_humid,NASA_POWER_daily_ag,4.772,13.087,2.7372,dewpoint,424.4,33.976
2019-09-11,29.8,35.69,23.9,68.19,0.0,1.01,21.32,97.4,5.22,22.77,LUD,30.9,75.85,subtropical_humid,NASA_POWER_daily_ag,4.739,12.992,2.7706,dewpoint,409.6,33.796
2019-09-12,29.63,36.46,23.9,68.56,1.58,1.36,19.82,97.53,7.75,22.54,LUD,30.9,75.85,subtropical_humid,NASA_POWER_daily_ag,4.65,12.097,2.7322,dewpoint,395.8,33.615
2019-09-13,29.53,34.78,24.44,72.27,0.29,1.44,16.77,97.67,72.1,23.64,LUD,30.9,75.85,subtropical_humid,NASA_POWER_daily_ag,4.095,10.651,2.92,dewpoint,381.0,33.432
2019-09-14,30.07,35.52,25.33,68.88,1.36,1.1,17.87,97.68,28.61,23.2,LUD,30.9,75.85,subtropical_humid,NASA_POWER_daily_ag,4.226,11.125,2.8436,dewpoint,380.0,33.247
2019-09-15,29.51,34.54,24.23,69.49,3.52,0.92,18.08,97.71,13.14,22.84,LUD,30.9,75.85,subtropical_humid,NASA_POWER_daily_ag,4.097,11.185,2.7824,dewpoint,376.8,33.061
2019-09-16,29.25,34.77,23.88,69.73,0.25,1.21,18.46,97.57,25.63,22.61,LUD,30.9,75.85,subtropical_humid,NASA_POWER_daily_ag,4.269,11.323,2.7438,dewpoint,391.6,32.873
2019-09-17,29.56,35.25,24.49,66.28,0.2,1.26,20.4,97.66,16.87,22.14,LUD,30.9,75.85,subtropical_humid,NASA_POWER_daily_ag,4.661,12.192,2.6666,dewpoint,382.1,32.684
2019-09-18,28.59,34.9,23.08,65.32,0.36,1.32,18.43,97.99,5.78,20.97,LUD,30.9,75.85,subtropical_humid,NASA_POWER_daily_ag,4.298,10.955,2.4824,dewpoint,347.2,32.493
2019-09-19,26.94,31.46,22.82,75.91,1.34,2.33,16.91,98.27,22.53,22.16,LUD,30.9,75.85,subtropical_humid,NASA_POWER_daily_ag,3.963,10.425,2.6698,dewpoint,317.7,32.301
2019-09-20,27.68,33.05,22.81,72.91,0.1,1.25,19.89,98.13,19.64,22.03,LUD,30.9,75.85,subtropical_humid,NASA_POWER_daily_ag,4.233,11.896,2.6488,dewpoint,332.5,32.108
2019-09-21,28.48,33.76,23.23,66.58,0.0,0.83,20.88,98.0,8.79,21.11,LUD,30.9,75.85,subtropical_humid,NASA_POWER_daily_ag,4.337,12.141,2.5039,dewpoint,346.2,31.913
2019-09-22,27.73,32.66,22.98,70.05,1.2,1.22,17.41,98.14,32.0,21.45,LUD,30.9,75.85,subtropical_humid,NASA_POWER_daily_ag,3.891,10.46,2.5566,dewpoint,331.4,31.718
2019-09-23,27.9,33.31,23.03,69.75,0.07,0.93,20.35,98.28,4.9,21.42,LUD,30.9,75.85,subtropical_humid,NASA_POWER_daily_ag,4.202,11.889,2.5519,dewpoint,316.7,31.521
2019-09-24,28.18,33.52,22.92,68.57,0.0,1.14,19.73,98.31,6.92,21.47,LUD,30.9,75.85,subtropical_humid,NASA_POWER_daily_ag,4.243,11.551,2.5597,dewpoint,313.5,31.323
2019-09-25,28.75,33.59,23.73,67.48,0.15,1.07,17.72,98.42,11.14,21.74,LUD,30.9,75.85,subtropical_humid,NASA_POWER_daily_ag,3.978,10.543,2.6023,dewpoint,302.0,31.125
2019-09-26,28.14,32.27,23.74,72.12,6.74,1.23,15.72,98.48,11.27,22.41,LUD,30.9,75.85,subtropical_humid,NASA_POWER_daily_ag,3.613,9.638,2.7107,dewpoint,295.7,30.925
2019-09-27,28.2,33.63,23.51,68.83,5.01,1.35,15.78,98.29,26.31,21.45,LUD,30.9,75.85,subtropical_humid,NASA_POWER_daily_ag,3.756,9.471,2.5566,dewpoint,315.6,30.725
2019-09-28,25.97,29.76,22.98,82.04,40.05,1.76,12.71,98.21,51.11,22.53,LUD,30.9,75.85,subtropical_humid,NASA_POWER_daily_ag,2.879,8.1,2.7306,dewpoint,324.1,30.524
2019-09-29,24.71,28.59,21.59,83.85,12.21,1.84,11.26,98.33,75.68,21.64,LUD,30.9,75.85,subtropical_humid,NASA_POWER_daily_ag,2.544,7.275,2.5865,dewpoint,311.4,30.322
2019-09-30,25.17,29.8,21.06,79.18,2.72,0.78,15.96,98.19,40.76,21.05,LUD,30.9,75.85,subtropical_humid,NASA_POWER_daily_ag,3.108,9.526,2.4947,dewpoint,326.2,30.12
2019-10-01,25.45,29.49,21.68,76.46,0.99,0.89,16.6,98.13,29.19,20.84,LUD,30.9,75.85,subtropical_humid,NASA_POWER_daily_ag,3.267,9.772,2.4627,dewpoint,332.5,29.917
2019-10-02,25.48,30.09,21.2,74.94,0.02,0.83,19.32,98.24,27.36,20.47,LUD,30.9,75.85,subtropical_humid,NASA_POWER_daily_ag,3.629,10.982,2.4072,dewpoint,320.9,29.714
2019-10-03,25.16,29.45,21.67,74.92,2.79,0.74,16.51,98.25,71.04,20.22,LUD,30.9,75.85,subtropical_humid,NASA_POWER_daily_ag,3.172,9.558,2.3703,dewpoint,319.8,29.51
2019-10-04,22.84,25.93,18.81,80.4,0.36,0.71,13.19,98.38,60.45,19.18,LUD,30.9,75.85,subtropical_humid,NASA_POWER_daily_ag,2.499,7.927,2.2222,dewpoint,306.2,29.306
2019-10-05,22.83,29.53,16.9,78.38,0.0,1.49,19.39,98.36,15.89,18.45,LUD,30.9,75.85,subtropical_humid,NASA_POWER_daily_ag,3.458,10.599,2.1231,dewpoint,308.3,29.102
2019-10-06,22.87,28.68,17.73,76.89,0.03,1.38,14.34,98.41,73.01,18.28,LUD,30.9,75.85,subtropical_humid,NASA_POWER_daily_ag,2.858,8.257,2.1006,dewpoint,303.0,28.898
2019-10-07,24.05,30.73,18.93,68.17,0.06,1.56,18.73,98.53,23.99,17.13,LUD,30.9,75.85,subtropical_humid,NASA_POWER_daily_ag,3.731,9.859,1.9538,dewpoint,290.4,28.694
2019-10-08,24.77,31.19,18.65,61.4,0.07,0.88,19.53,98.39,0.65,16.16,LUD,30.9,75.85,subtropical_humid,NASA_POWER_daily_ag,3.612,9.942,1.837,dewpoint,305.1,28.49
2019-10-09,24.32,30.65,18.24,63.44,0.31,1.08,18.91,98.43,2.03,16.36,LUD,30.9,75.85,subtropical_humid,NASA_POWER_daily_ag,3.587,9.711,1.8605,dewpoint,300.9,28.286
2019-10-10,24.44,30.53,18.61,64.81,0.0,1.03,18.78,98.41,4.19,16.91,LUD,30.9,75.85,subtropical_humid,NASA_POWER_daily_ag,3.527,9.712,1.9267,dewpoint,303.0,28.083
2019-10-11,24.96,31.42,19.22,60.36,0.0,0.89,18.68,98.31,2.06,16.13,LUD,30.9,75.85,subtropical_humid,NASA_POWER_daily_ag,3.499,9.418,1.8334,dewpoint,313.5,27.88
2019-10-12,24.43,31.35,18.82,63.38,0.0,0.92,16.91,98.39,14.32,16.45,LUD,30.9,75.85,subtropical_humid,NASA_POWER_daily_ag,3.234,8.742,1.8712,dewpoint,305.1,27.677
2019-10-13,24.74,31.88,19.55,64.95,0.0,1.19,16.75,98.46,3.92,17.14,LUD,30.9,75.85,subtropical_humid,NASA_POWER_daily_ag,3.366,8.718,1.955,dewpoint,297.8,27.474
2019-10-14,25.48,32.64,19.87,62.85,0.0,1.05,16.59,98.49,7.45,17.02,LUD,30.9,75.85,subtropical_humid,NASA_POWER_daily_ag,3.361,8.555,1.9402,dewpoint,294.6,27.273
2019-10-15,24.83,32.1,19.18,62.87,0.12,1.11,16.09,98.59,0.39,16.46,LUD,30.9,75.85,subtropical_humid,NASA_POWER_daily_ag,3.271,8.249,1.8724,dewpoint,284.1,27.072
2019-10-16,24.44,31.51,18.5,59.13,0.05,1.02,15.45,98.61,1.9,15.21,LUD,30.9,75.85,subtropical_humid,NASA_POWER_daily_ag,3.14,7.793,1.7285,dewpoint,282.0,26.871
2019-10-17,23.94,30.86,18.31,59.45,0.49,1.33,14.48,98.59,1.13,15.01,LUD,30.9,75.85,subtropical_humid,NASA_POWER_daily_ag,3.189,7.387,1.7064,dewpoint,284.1,26.672
2019-10-18,23.51,30.82,18.63,57.41,0.62,1.57,11.04,98.66,60.19,13.9,LUD,30.9,75.85,subtropical_humid,NASA_POWER_daily_ag,3.04,5.999,1.5883,dewpoint,276.8,26.474
2019-10-19,23.32,31.78,17.46,58.08,0.32,1.68,16.3,98.8,1.14,13.8,LUD,30.9,75.85,subtropical_humid,NASA_POWER_daily_ag,3.537,7.733,1.578,dewpoint,262.1,26.276
2019-10-20,22.71,29.53,17.66,57.43,0.0,1.31,15.71,98.74,18.02,13.27,LUD,30.9,75.85,subtropical_humid,NASA_POWER_daily_ag,3.178,7.468,1.5244,dewpoint,268.4,26.08
2019-10-21,22.65,29.88,17.49,53.02,0.0,1.36,17.89,98.57,3.71,12.03,LUD,30.9,75.85,subtropical_humid,NASA_POWER_daily_ag,3.436,7.899,1.4053,dewpoint,286.2,25.885
2019-10-22,22.8,31.24,15.8,50.97,0.0,1.58,18.15,98.26,9.2,11.24,LUD,30.9,75.85,subtropical_humid,NASA_POWER_daily_ag,3.674,7.78,1.3338,dewpoint,318.8,25.691
2019-10-23,23.78,32.14,18.83,45.49,0.0,1.17,16.52,98.18,10.36,10.39,LUD,30.9,75.85,subtropical_humid,NASA_POWER_daily_ag,3.327,6.956,1.2604,dewpoint,327.2,25.499
2019-10-24,22.82,31.04,16.54,49.49,0.0,1.15,15.39,98.31,8.23,10.81,LUD,30.9,75.85,subtropical_humid,NASA_POWER_daily_ag,3.101,6.768,1.2962,dewpoint,313.5,25.308
2019-10-25,22.72,29.77,15.7,50.78,0.0,1.11,15.07,98.47,5.15,11.3,LUD,30.9,75.85,subtropical_humid,NASA_POWER_daily_ag,3.015,6.761,1.3391,dewpoint,296.7,25.118
2019-10-26,22.48,29.97,15.77,52.64,0.0,1.16,16.22,98.58,6.27,11.68,LUD,30.9,75.85,subtropical_humid,NASA_POWER_daily_ag,3.08,7.09,1.3732,dewpoint,285.2,24.931
2019-10-27,23.19,30.98,16.94,51.7,0.0,1.43,16.3,98.51,22.33,12.12,LUD,30.9,75.85,subtropical_humid,NASA_POWER_daily_ag,3.347,7.052,1.4137,dewpoint,292.5,24.745
2019-10-28,23.88,30.88,18.35,50.03,0.0,0.96,14.6,98.54,25.43,12.21,LUD,30.9,75.85,subtropical_humid,NASA_POWER_daily_ag,2.886,6.481,1.4221,dewpoint,289.4,24.561
2019-10-29,24.01,30.85,17.69,47.42,0.0,1.1,12.75,98.62,42.69,11.46,LUD,30.9,75.85,subtropical_humid,NASA_POWER_daily_ag,2.909,5.834,1.3534,dewpoint,281.0,24.378
2019-10-30,23.72,30.98,19.18,47.68,0.0,1.31,12.49,98.5,40.13,11.39,LUD,30.9,75.85,subtropical_humid,NASA_POWER_daily_ag,3.029,5.67,1.3471,dewpoint,293.6,24.198
2019-10-31,23.36,31.1,18.63,52.43,0.0,1.33,14.02,98.46,8.83,12.54,LUD,30.9,75.85,subtropical_humid,NASA_POWER_daily_ag,3.03,6.198,1.4533,dewpoint,297.8,24.02
2019-11-01,23.57,31.27,18.58,52.1,0.0,0.98,10.51,98.45,71.91,12.62,LUD,30.9,75.85,subtropical_humid,NASA_POWER_daily_ag,2.488,5.195,1.4609,dewpoint,298.8,23.844
2019-11-02,23.56,30.08,19.03,52.87,0.0,0.96,7.41,98.6,90.44,12.87,LUD,30.9,75.85,subtropical_humid,NASA_POWER_daily_ag,2.218,4.337,1.4851,dewpoint,283.1,23.67
2019-11-03,19.88,23.06,17.16,67.37,0.01,1.47,11.18,98.75,57.41,13.6,LUD,30.9,75.85,subtropical_humid,NASA_POWER_daily_ag,2.292,5.608,1.5576,dewpoint,267.3,23.498
2019-11-04,21.16,28.8,14.77,61.23,0.0,1.62,14.99,98.7,13.15,12.78,LUD,30.9,75.85,subtropical_humid,NASA_POWER_daily_ag,2.912,6.493,1.4764,dewpoint,272.6,23.329
2019-11-05,22.5,30.35,16.07,50.34,0.0,1.45,15.32,98.36,37.69,10.78,LUD,30.9,75.85,subtropical_humid,NASA_POWER_daily_ag,3.136,6.095,1.2936,dewpoint,308.3,23.162
2019-11-06,22.19,29.68,15.64,46.24,0.0,2.51,13.38,98.1,52.48,9.45,LUD,30.9,75.85,subtropical_humid,NASA_POWER_daily_ag,3.897,5.438,1.1834,dewpoint,335.6,22.998
2019-11-07,20.44,25.74,16.61,58.86,9.01,3.25,12.71,98.28,55.12,11.83,LUD,30.9,75.85,subtropical_humid,NASA_POWER_daily_ag,3.508,5.634,1.3869,dewpoint,316.7,22.836
2019-11-08,20.55,28.44,14.31,60.07,1.52,1.45,14.16,98.68,15.27,11.75,LUD,30.9,75.85,subtropical_humid,NASA_POWER_daily_ag,2.686,5.925,1.3796,dewpoint,274.7,22.677
2019-11-09,19.62,28.17,13.62,53.66,0.0,1.73,15.67,98.7,4.29,9.06,LUD,30.9,75.85,subtropical_humid,NASA_POWER_daily_ag,2.977,5.831,1.1527,dewpoint,272.6,22.521
2019-11-10,19.1,27.01,13.37,44.59,0.0,1.15,14.81,98.64,9.08,5.75,LUD,30.9,75.85,subtropical_humid,NASA_POWER_daily_ag,2.578,5.159,0.919,dewpoint,278.9,22.367
2019-11-11,18.96,24.01,14.74,44.91,0.0,0.7,9.39,98.55,67.84,6.31,LUD,30.9,75.85,subtropical_humid,NASA_POWER_daily_ag,1.896,4.272,0.9554,dewpoint,288.3,22.217
2019-11-12,19.28,24.91,13.89,42.41,0.0,0.82,11.27,98.63,83.04,5.85,LUD,30.9,75.85,subtropical_humid,NASA_POWER_daily_ag,2.124,4.522,0.9254,dewpoint,279.9,22.069
2019-11-13,19.14,25.79,14.5,51.02,0.0,1.15,7.73,98.81,88.73,8.46,LUD,30.9,75.85,subtropical_humid,NASA_POWER_daily_ag,2.105,3.988,1.1068,dewpoint,261.0,21.925
2019-11-14,19.56,25.77,16.59,55.87,0.09,0.9,5.69,98.85,99.68,10.21,LUD,30.9,75.85,subtropical_humid,NASA_POWER_daily_ag,1.736,3.589,1.2454,dewpoint,256.8,21.783
2019-11-15,17.7,23.66,13.7,73.8,0.09,1.83,9.13,98.85,95.44,12.56,LUD,30.9,75.85,subtropical_humid,NASA_POWER_daily_ag,1.921,4.566,1.4552,dewpoint,256.8,21.645
2019-11-16,17.89,24.71,13.89,71.18,0.54,2.82,6.06,98.86,86.56,12.19,LUD,30.9,75.85,subtropical_humid,NASA_POWER_daily_ag,2.158,3.71,1.4202,dewpoint,255.8,21.509
2019-11-17,18.09,26.79,12.16,64.68,0.0,2.4,14.21,98.82,27.26,10.41,LUD,30.9,75.85,subtropical_humid,NASA_POWER_daily_ag,2.742,5.414,1.2621,dewpoint,260.0,21.377
2019-11-18,18.48,26.4,11.34,57.34,0.0,1.33,15.37,98.66,14.54,8.94,LUD,30.9,75.85,subtropical_humid,NASA_POWER_daily_ag,2.448,5.414,1.1434,dewpoint,276.8,21.249
2019-11-19,19.17,27.22,14.09,49.41,0.0,0.84,13.56,98.62,28.89,7.76,LUD,30.9,75.85,subtropical_humid,NASA_POWER_daily_ag,2.083,4.712,1.0554,dewpoint,281.0,21.123
2019-11-20,19.74,25.85,14.89,43.23,0.0,0.69,12.83,98.66,42.98,6.19,LUD,30.9,75.85,subtropical_humid,NASA_POWER_daily_ag,1.979,4.369,0.9475,dewpoint,276.8,21.002
2019-11-21,17.32,23.21,13.03,53.4,0.0,1.14,8.9,98.93,84.14,7.51,LUD,30.9,75.85,subtropical_humid,NASA_POWER_daily_ag,1.948,3.977,1.0375,dewpoint,248.5,20.883
2019-11-22,17.49,22.27,13.1,57.95,0.12,1.45,6.95,98.9,99.47,8.74,LUD,30.9,75.85,subtropical_humid,NASA_POWER_daily_ag,1.991,3.682,1.1281,dewpoint,251.6,20.768
2019-11-23,18.75,25.54,14.92,71.17,0.22,1.53,12.61,98.9,47.8,12.97,LUD,30.9,75.85,subtropical_humid,NASA_POWER_daily_ag,2.091,5.153,1.4948,dewpoint,251.6,20.657
2019-11-24,18.9,26.0,14.23,62.02,0.0,1.3,13.43,98.82,34.59,10.65,LUD,30.9,75.85,subtropical_humid,NASA_POWER_daily_ag,2.217,4.942,1.2825,dewpoint,260.0,20.549
2019-11-25,18.23,25.05,13.39,50.43,0.0,0.99,13.42,98.85,12.92,7.07,LUD,30.9,75.85,subtropical_humid,NASA_POWER_daily_ag,2.081,4.432,1.0067,dewpoint,256.8,20.445
2019-11-26,16.52,23.3,13.25,66.16,6.24,1.94,6.71,98.88,71.52,9.86,LUD,30.9,75.85,subtropical_humid,NASA_POWER_daily_ag,1.916,3.591,1.2165,dewpoint,253.7,20.345
2019-11-27,15.22,20.37,11.02,81.77,4.78,1.71,8.27,98.83,74.12,11.87,LUD,30.9,75.85,subtropical_humid,NASA_POWER_daily_ag,1.417,4.095,1.3906,dewpoint,258.9,20.248
2019-11-28,17.64,23.18,12.9,77.29,4.23,1.58,7.4,98.89,62.89,13.25,LUD,30.9,75.85,subtropical_humid,NASA_POWER_daily_ag,1.582,3.888,1.5224,dewpoint,252.7,20.156
2019-11-29,16.29,22.72,11.58,71.25,0.96,1.34,9.77,98.98,15.52,10.53,LUD,30.9,75.85,subtropical_humid,NASA_POWER_daily_ag,1.693,4.213,1.2723,dewpoint,243.2,20.067
2019-11-30,15.11,22.08,10.05,65.48,0.0,1.1,12.94,98.94,1.92,8.16,LUD,30.9,75.85,subtropical_humid,NASA_POWER_daily_ag,1.737,4.566,1.0845,dewpoint,247.4,19.982
2019-12-01,15.83,22.75,11.31,52.5,0.0,1.04,12.99,98.87,4.21,5.62,LUD,30.9,75.85,subtropical_humid,NASA_POWER_daily_ag,1.876,4.126,0.9108,dewpoint,254.7,19.9
2019-12-02,15.67,22.8,10.5,50.66,0.0,1.12,12.95,98.95,0.14,5.02,LUD,30.9,75.85,subtropical_humid,NASA_POWER_daily_ag,1.934,4.036,0.8735,dewpoint,246.4,19.823
2019-12-03,15.37,24.09,9.46,42.13,0.0,1.24,14.13,98.89,1.92,1.56,LUD,30.9,75.85,subtropical_humid,NASA_POWER_daily_ag,2.124,3.634,0.6837,dewpoint,252.7,19.75
2019-12-04,15.9,23.82,9.35,37.99,0.0,0.71,12.75,99.09,66.81,1.07,LUD,30.9,75.85,subtropical_humid,NASA_POWER_daily_ag,1.676,3.469,0.66,dewpoint,231.7,19.681
2019-12-05,15.33,23.05,9.98,41.84,0.0,0.8,12.02,99.32,35.61,1.93,LUD,30.9,75.85,subtropical_humid,NASA_POWER_daily_ag,1.69,3.496,0.7021,dewpoint,207.7,19.615
2019-12-06,14.41,23.53,9.52,49.64,0.0,1.35,12.68,99.26,13.04,3.37,LUD,30.9,75.85,subtropical_humid,NASA_POWER_daily_ag,1.978,3.682,0.7779,dewpoint,214.0,19.554
2019-12-07,15.39,24.48,9.68,47.21,0.0,1.12,13.29,99.15,2.75,3.56,LUD,30.9,75.85,subtropical_humid,NASA_POWER_daily_ag,1.918,3.682,0.7884,dewpoint,225.4,19.497
2019-12-08,15.57,23.35,10.92,44.55,0.0,0.99,12.78,99.1,7.62,3.03,LUD,30.9,75.85,subtropical_humid,NASA_POWER_daily_ag,1.836,3.555,0.7594,dewpoint,230.7,19.444
2019-12-09,14.27,21.56,10.01,46.85,0.0,1.07,8.76,99.05,47.96,2.6,LUD,30.9,75.85,subtropical_humid,NASA_POWER_daily_ag,1.733,3.297,0.7365,dewpoint,235.9,19.395
2019-12-10,14.53,21.86,9.69,42.48,0.0,0.95,10.52,98.76,37.41,1.32,LUD,30.9,75.85,subtropical_humid,NASA_POWER_daily_ag,1.733,3.303,0.672,dewpoint,266.3,19.351
2019-12-11,14.78,21.47,8.89,42.93,0.0,0.93,9.59,98.61,62.69,1.73,LUD,30.9,75.85,subtropical_humid,NASA_POWER_daily_ag,1.719,3.303,0.6921,dewpoint,282.0,19.31
2019-12-12,12.16,14.76,11.03,72.96,2.7,1.14,1.91,98.57,99.92,7.07,LUD,30.9,75.85,subtropical_humid,NASA_POWER_daily_ag,1.064,2.604,1.0067,dewpoint,286.2,19.274
2019-12-13,12.65,15.64,10.29,90.2,32.19,2.22,2.3,98.45,95.51,11.07,LUD,30.9,75.85,subtropical_humid,NASA_POWER_daily_ag,0.793,2.576,1.3188,dewpoint,298.8,19.242
2019-12-14,12.64,18.16,8.81,72.41,0.52,1.12,7.17,99.25,80.47,7.3,LUD,30.9,75.85,subtropical_humid,NASA_POWER_daily_ag,1.266,3.43,1.0227,dewpoint,215.0,19.214
2019-12-15,11.47,18.28,6.76,71.77,0.0,1.35,10.09,99.24,49.88,6.09,LUD,30.9,75.85,subtropical_humid,NASA_POWER_daily_ag,1.378,3.819,0.941,dewpoint,216.0,19.19
2019-12-16,10.58,17.94,4.96,70.27,0.0,1.46,5.01,99.22,97.4,4.94,LUD,30.9,75.85,subtropical_humid,NASA_POWER_daily_ag,1.257,3.062,0.8687,dewpoint,218.1,19.171
2019-12-17,10.63,18.23,4.84,62.61,0.0,1.53,7.27,99.32,84.87,3.2,LUD,30.9,75.85,subtropical_humid,NASA_POWER_daily_ag,1.5,3.285,0.7686,dewpoint,207.7,19.156
2019-12-18,11.03,18.04,4.05,52.13,0.0,1.08,6.92,99.16,97.19,0.67,LUD,30.9,75.85,subtropical_humid,NASA_POWER_daily_ag,1.491,3.157,0.6412,dewpoint,224.4,19.145
2019-12-19,11.66,17.69,7.46,48.69,0.0,1.0,7.57,99.03,97.92,0.87,LUD,30.9,75.85,subtropical_humid,NASA_POWER_daily_ag,1.494,3.171,0.6506,dewpoint,238.0,19.138
2019-12-20,13.07,20.94,7.86,55.83,0.0,1.56,5.65,98.81,82.84,4.08,LUD,30.9,75.85,subtropical_humid,NASA_POWER_daily_ag,1.734,3.075,0.8179,dewpoint,261.0,19.136
2019-12-21,12.66,19.54,9.01,64.45,0.03,1.14,8.2,98.95,62.52,5.75,LUD,30.9,75.85,subtropical_humid,NASA_POWER_daily_ag,1.408,3.442,0.919,dewpoint,246.4,19.138
2019-12-22,10.84,19.39,4.99,64.35,0.0,1.78,6.21,99.04,88.03,3.76,LUD,30.9,75.85,subtropical_humid,NASA_POWER_daily_ag,1.547,3.168,0.7996,dewpoint,236.9,19.144
2019-12-23,10.99,19.15,3.72,52.63,0.0,1.16,7.24,98.89,96.34,0.81,LUD,30.9,75.85,subtropical_humid,NASA_POWER_daily_ag,1.53,3.182,0.6478,dewpoint,252.7,19.154
2019-12-24,9.89,17.43,4.16,53.53,0.0,1.2,5.74,99.14,97.6,0.39,LUD,30.9,75.85,subtropical_humid,NASA_POWER_daily_ag,1.436,3.059,0.6284,dewpoint,226.5,19.169
2019-12-25,8.89,17.73,2.42,58.88,0.0,1.59,5.22,99.02,99.55,0.53,LUD,30.9,75.85,subtropical_humid,NASA_POWER_daily_ag,1.479,3.031,0.6348,dewpoint,239.0,19.188
2019-12-26,8.95,17.37,2.28,54.55,0.0,1.45,7.32,98.96,94.68,-0.36,LUD,30.9,75.85,subtropical_humid,NASA_POWER_daily_ag,1.529,3.209,0.595,dewpoint,245.3,19.211
2019-12-27,8.26,15.76,2.66,53.23,0.0,1.03,6.86,99.04,90.08,-1.24,LUD,30.9,75.85,subtropical_humid,NASA_POWER_daily_ag,1.298,3.163,0.5578,dewpoint,236.9,19.239
2019-12-28,7.55,15.29,0.46,50.34,0.0,1.18,7.15,99.1,75.69,-2.73,LUD,30.9,75.85,subtropical_humid,NASA_POWER_daily_ag,1.39,3.183,0.4996,dewpoint,230.7,19.271
2019-12-29,7.49,15.96,1.12,54.72,0.0,1.17,5.14,99.19,87.25,-1.58,LUD,30.9,75.85,subtropical_humid,NASA_POWER_daily_ag,1.284,3.03,0.544,dewpoint,221.3,19.307
2019-12-30,8.7,16.95,1.7,54.55,0.0,0.88,4.67,99.05,93.27,-0.8,LUD,30.9,75.85,subtropical_humid,NASA_POWER_daily_ag,1.204,2.997,0.5761,dewpoint,235.9,19.347
2019-12-31,7.87,14.5,0.99,57.46,0.0,1.2,6.53,99.2,66.08,-0.5,LUD,30.9,75.85,subtropical_humid,NASA_POWER_daily_ag,1.305,3.228,0.5889,dewpoint,220.2,19.391
2020-01-01,9.49,18.39,2.41,56.4,0.0,1.28,10.2,99.35,93.34,0.5,LUD,30.9,75.85,subtropical_humid,NASA_POWER_daily_ag,1.518,3.564,0.6334,dewpoint,204.6,19.44
2020-01-02,11.34,18.81,6.89,56.59,0.0,1.09,9.48,99.39,65.96,2.76,LUD,30.9,75.85,subtropical_humid,NASA_POWER_daily_ag,1.476,3.545,0.745,dewpoint,200.4,19.492
2020-01-03,12.2,21.07,6.2,59.36,0.0,1.29,12.09,99.08,6.55,4.09,LUD,30.9,75.85,subtropical_humid,NASA_POWER_daily_ag,1.656,3.935,0.8184,dewpoint,232.8,19.549
2020-01-04,12.46,18.64,8.75,54.75,0.35,0.99,9.94,98.97,40.14,3.15,LUD,30.9,75.85,subtropical_humid,NASA_POWER_daily_ag,1.532,3.629,0.7659,dewpoint,244.3,19.61
2020-01-05,11.03,17.81,6.36,62.32,0.09,1.32,8.68,99.03,60.85,3.69,LUD,30.9,75.85,subtropical_humid,NASA_POWER_daily_ag,1.487,3.61,0.7957,dewpoint,238.0,19.675
2020-01-06,10.4,12.37,9.0,79.52,7.26,1.49,2.53,99.13,99.98,6.9,LUD,30.9,75.85,subtropical_humid,NASA_POWER_daily_ag,0.961,2.718,0.995,dewpoint,227.5,19.745
2020-01-07,11.22,14.45,9.02,90.47,8.45,1.11,3.1,98.95,99.48,9.66,LUD,30.9,75.85,subtropical_humid,NASA_POWER_daily_ag,0.736,2.811,1.2003,dewpoint,246.4,19.818
2020-01-08,10.44,15.98,5.81,80.31,4.31,1.31,5.0,98.78,68.14,6.8,LUD,30.9,75.85,subtropical_humid,NASA_POWER_daily_ag,1.038,3.213,0.9882,dewpoint,264.2,19.895
2020-01-09,8.21,15.93,2.22,69.97,0.0,1.64,9.54,99.16,56.63,2.32,LUD,30.9,75.85,subtropical_humid,NASA_POWER_daily_ag,1.378,3.864,0.722,dewpoint,224.4,19.976
2020-01-10,8.19,17.27,0.73,56.6,0.0,1.78,14.5,99.2,45.01,-0.85,LUD,30.9,75.85,subtropical_humid,NASA_POWER_daily_ag,1.788,4.271,0.574,dewpoint,220.2,20.062
2020-01-11,10.06,18.54,4.09,47.57,0.0,1.29,11.56,99.12,79.89,-1.38,LUD,30.9,75.85,subtropical_humid,NASA_POWER_daily_ag,1.751,3.757,0.5521,dewpoint,228.6,20.151
2020-01-12,13.04,21.1,7.16,49.07,0.02,1.21,8.43,98.77,96.13,2.08,LUD,30.9,75.85,subtropical_humid,NASA_POWER_daily_ag,1.784,3.556,0.7097,dewpoint,265.2,20.244
2020-01-13,9.91,13.54,7.93,78.14,23.28,1.81,2.41,98.34,79.69,6.09,LUD,30.9,75.85,subtropical_humid,NASA_POWER_daily_ag,1.053,2.757,0.941,dewpoint,310.4,20.341
2020-01-14,9.76,15.12,6.27,80.62,0.03,0.79,11.68,98.83,42.59,6.35,LUD,30.9,75.85,subtropical_humid,NASA_POWER_daily_ag,1.187,4.649,0.958,dewpoint,258.9,20.442
2020-01-15,9.5,16.09,4.39,75.09,0.0,0.96,8.85,98.91,77.88,4.87,LUD,30.9,75.85,subtropical_humid,NASA_POWER_daily_ag,1.173,4.019,0.8644,dewpoint,250.6,20.546
2020-01-16,10.28,17.11,4.44,70.58,0.24,1.07,7.96,98.78,81.82,4.57,LUD,30.9,75.85,subtropical_humid,NASA_POWER_daily_ag,1.279,3.842,0.8465,dewpoint,264.2,20.654
2020-01-17,11.41,17.73,6.62,63.57,0.02,0.68,9.21,98.85,88.43,4.41,LUD,30.9,75.85,subtropical_humid,NASA_POWER_daily_ag,1.289,4.035,0.837,dewpoint,256.8,20.766
2020-01-18,11.25,17.58,6.77,70.02,0.29,0.99,7.34,99.06,88.94,5.57,LUD,30.9,75.85,subtropical_humid,NASA_POWER_daily_ag,1.272,3.776,0.9076,dewpoint,234.9,20.882
2020-01-19,10.25,17.37,4.94,76.34,0.0,1.31,12.17,99.12,61.04,5.85,LUD,30.9,75.85,subtropical_humid,NASA_POWER_daily_ag,1.419,4.84,0.9254,dewpoint,228.6,21.001
2020-01-20,10.22,15.49,5.47,70.66,0.02,0.99,11.1,98.99,84.57,4.72,LUD,30.9,75.85,subtropical_humid,NASA_POWER_daily_ag,1.385,4.6,0.8554,dewpoint,242.2,21.124
2020-01-21,11.05,17.36,5.61,64.14,0.13,1.25,11.15,99.13,57.64,4.0,LUD,30.9,75.85,subtropical_humid,NASA_POWER_daily_ag,1.615,4.525,0.8133,dewpoint,227.5,21.25
2020-01-22,10.61,18.51,5.67,67.15,0.0,1.48,15.0,99.32,1.57,4.27,LUD,30.9,75.85,subtropical_humid,NASA_POWER_daily_ag,1.752,5.281,0.8288,dewpoint,207.7,21.38
2020-01-23,9.34,18.17,2.87,70.84,0.0,2.02,15.26,99.16,0.86,3.58,LUD,30.9,75.85,subtropical_humid,NASA_POWER_daily_ag,1.78,5.43,0.7895,dewpoint,224.4,21.513
2020-01-24,9.64,19.8,1.9,60.29,0.0,1.85,15.79,98.88,3.25,1.27,LUD,30.9,75.85,subtropical_humid,NASA_POWER_daily_ag,2.013,5.257,0.6696,dewpoint,253.7,21.65
2020-01-25,12.76,20.08,6.97,49.62,0.0,0.65,12.44,98.87,62.37,1.99,LUD,30.9,75.85,subtropical_humid,NASA_POWER_daily_ag,1.615,4.622,0.7051,dewpoint,254.7,21.789
2020-01-26,13.39,20.74,9.36,59.27,0.0,1.15,14.58,98.74,12.44,5.29,LUD,30.9,75.85,subtropical_humid,NASA_POWER_daily_ag,1.936,5.318,0.8901,dewpoint,268.4,21.932
2020-01-27,13.21,20.25,8.03,72.98,1.63,1.58,3.63,98.46,87.96,7.8,LUD,30.9,75.85,subtropical_humid,NASA_POWER_daily_ag,1.39,3.165,1.0582,dewpoint,297.8,22.079
2020-01-28,11.71,14.14,9.43,89.51,10.95,3.25,6.44,98.37,88.33,10.03,LUD,30.9,75.85,subtropical_humid,NASA_POWER_daily_ag,1.07,3.96,1.2304,dewpoint,307.2,22.228
2020-01-29,11.64,17.45,7.45,79.02,0.52,1.8,12.41,98.91,41.0,7.67,LUD,30.9,75.85,subtropical_humid,NASA_POWER_daily_ag,1.632,5.433,1.0489,dewpoint,250.6,22.38
2020-01-30,10.6,18.01,5.86,75.17,0.0,1.51,14.96,99.06,20.11,5.82,LUD,30.9,75.85,subtropical_humid,NASA_POWER_daily_ag,1.721,5.931,0.9235,dewpoint,234.9,22.535
2020-01-31,10.86,17.62,4.78,66.49,0.0,1.02,11.47,98.75,57.53,4.09,LUD,30.9,75.85,subtropical_humid,NASA_POWER_daily_ag,1.601,5.036,0.8184,dewpoint,267.3,22.693
2020-02-01,10.53,17.55,5.11,64.05,0.03,1.2,12.28,99.1,53.53,3.52,LUD,30.9,75.85,subtropical_humid,NASA_POWER_daily_ag,1.701,5.206,0.7862,dewpoint,230.7,22.854
2020-02-02,10.66,18.4,4.16,68.08,0.0,1.57,15.54,99.24,29.0,4.48,LUD,30.9,75.85,subtropical_humid,NASA_POWER_daily_ag,1.921,6.115,0.8411,dewpoint,216.0,23.018
2020-02-03,11.53,19.28,4.22,59.76,0.0,0.97,16.29,99.07,6.59,3.09,LUD,30.9,75.85,subtropical_humid,NASA_POWER_daily_ag,1.948,6.137,0.7626,dewpoint,233.8,23.184
2020-02-04,10.1,17.55,3.33,64.46,0.0,1.58,10.82,99.0,54.04,2.91,LUD,30.9,75.85,subtropical_humid,NASA_POWER_daily_ag,1.787,5.002,0.7529,dewpoint,241.1,23.353
2020-02-05,9.95,17.54,3.33,70.06,0.0,1.47,15.52,99.0,6.78,4.08,LUD,30.9,75.85,subtropical_humid,NASA_POWER_daily_ag,1.86,6.313,0.8179,dewpoint,241.1,23.525
2020-02-06,11.79,18.5,5.61,56.11,0.0,0.83,15.51,98.84,3.21,2.71,LUD,30.9,75.85,subtropical_humid,NASA_POWER_daily_ag,1.921,6.088,0.7423,dewpoint,257.9,23.699
2020-02-07,11.14,18.34,5.61,57.79,0.0,1.11,14.88,99.18,3.56,2.65,LUD,30.9,75.85,subtropical_humid,NASA_POWER_daily_ag,1.963,5.994,0.7391,dewpoint,222.3,23.875
2020-02-08,11.94,19.67,6.07,57.32,0.0,1.23,15.53,99.34,7.42,3.31,LUD,30.9,75.85,subtropical_humid,NASA_POWER_daily_ag,2.115,6.206,0.7746,dewpoint,205.6,24.054
2020-02-09,12.74,20.88,6.09,55.17,0.0,1.09,14.68,99.36,61.77,3.26,LUD,30.9,75.85,subtropical_humid,NASA_POWER_daily_ag,2.114,6.007,0.7719,dewpoint,203.5,24.235
2020-02-10,13.33,21.16,6.04,53.9,0.0,1.23,15.03,99.12,50.71,3.64,LUD,30.9,75.85,subtropical_humid,NASA_POWER_daily_ag,2.276,6.187,0.7929,dewpoint,228.6,24.418
2020-02-11,13.81,21.8,8.89,56.09,0.0,1.13,14.52,99.15,65.95,4.68,LUD,30.9,75.85,subtropical_humid,NASA_POWER_daily_ag,2.195,6.113,0.853,dewpoint,225.4,24.603
2020-02-12,15.08,24.24,8.36,62.73,0.0,1.93,15.98,99.14,26.84,7.3,LUD,30.9,75.85,subtropical_humid,NASA_POWER_daily_ag,2.645,6.793,1.0227,dewpoint,226.5,24.79
2020-02-13,17.33,27.21,9.74,68.75,0.0,2.21,16.71,98.85,30.81,10.6,LUD,30.9,75.85,subtropical_humid,NASA_POWER_daily_ag,2.882,7.385,1.2782,dewpoint,256.8,24.979
2020-02-14,15.46,24.38,9.55,64.37,0.0,2.32,18.75,98.57,13.3,7.47,LUD,30.9,75.85,subtropical_humid,NASA_POWER_daily_ag,3.025,7.679,1.0347,dewpoint,286.2,25.17
2020-02-15,14.47,25.59,5.87,53.68,0.0,1.83,19.53,98.54,11.14,3.52,LUD,30.9,75.85,subtropical_humid,NASA_POWER_daily_ag,3.037,7.426,0.7862,dewpoint,289.4,25.363
2020-02-16,16.87,26.71,10.4,41.52,0.0,1.23,18.44,98.83,10.82,2.48,LUD,30.9,75.85,subtropical_humid,NASA_POWER_daily_ag,2.965,6.811,0.7303,dewpoint,258.9,25.557
2020-02-17,16.25,25.52,10.78,40.2,0.0,1.54,19.9,98.98,12.59,1.85,LUD,30.9,75.85,subtropical_humid,NASA_POWER_daily_ag,3.241,7.165,0.6981,dewpoint,243.2,25.752
2020-02-18,16.59,25.65,9.31,39.05,0.0,1.33,19.04,98.67,18.62,1.35,LUD,30.9,75.85,subtropical_humid,NASA_POWER_daily_ag,3.135,7.056,0.6735,dewpoint,275.7,25.95
2020-02-19,16.63,24.42,9.68,41.9,0.0,3.91,12.95,98.41,84.23,2.98,LUD,30.9,75.85,subtropical_humid,NASA_POWER_daily_ag,4.374,5.901,0.7567,dewpoint,303.0,26.148
2020-02-20,17.85,25.46,12.15,50.63,1.67,3.28,12.19,98.52,78.15,6.85,LUD,30.9,75.85,subtropical_humid,NASA_POWER_daily_ag,3.793,5.971,0.9916,dewpoint,291.5,26.348
2020-02-21,15.32,20.88,11.4,70.75,0.52,2.75,13.29,99.07,57.95,9.72,LUD,30.9,75.85,subtropical_humid,NASA_POWER_daily_ag,2.55,6.737,1.2051,dewpoint,233.8,26.549
2020-02-22,16.05,24.16,9.5,69.14,0.0,1.43,18.23,99.34,12.48,9.76,LUD,30.9,75.85,subtropical_humid,NASA_POWER_daily_ag,2.704,8.402,1.2084,dewpoint,205.6,26.751
2020-02-23,17.3,25.21,11.28,64.5,0.01,1.33,17.27,99.08,25.83,9.78,LUD,30.9,75.85,subtropical_humid,NASA_POWER_daily_ag,2.8,8.044,1.21,dewpoint,232.8,26.954
2020-02-24,17.77,25.4,12.33,59.66,0.15,1.34,17.88,98.75,15.81,9.2,LUD,30.9,75.85,subtropical_humid,NASA_POWER_daily_ag,2.972,8.18,1.1637,dewpoint,267.3,27.158
2020-02-25,18.09,25.67,12.74,57.02,0.0,1.13,16.73,98.62,32.75,8.7,LUD,30.9,75.85,subtropical_humid,NASA_POWER_daily_ag,2.855,7.774,1.125,dewpoint,281.0,27.363
2020-02-26,18.65,26.92,11.47,56.32,0.0,1.32,16.73,98.66,47.73,9.05,LUD,30.9,75.85,subtropical_humid,NASA_POWER_daily_ag,3.043,7.871,1.1519,dewpoint,276.8,27.569
2020-02-27,17.73,24.94,13.12,61.42,0.0,1.68,13.33,98.7,47.58,9.76,LUD,30.9,75.85,subtropical_humid,NASA_POWER_daily_ag,2.767,6.88,1.2084,dewpoint,272.6,27.775
2020-02-28,18.21,26.13,11.96,63.96,2.7,2.94,11.47,98.51,62.32,10.77,LUD,30.9,75.85,subtropical_humid,NASA_POWER_daily_ag,3.11,6.353,1.2928,dewpoint,292.5,27.982
2020-02-29,18.11,24.01,14.32,69.06,6.41,2.76,10.12,98.47,81.8,12.14,LUD,30.9,75.85,subtropical_humid,NASA_POWER_daily_ag,2.676,5.982,1.4156,dewpoint,296.7,28.189
2020-03-01,18.54,25.57,13.55,66.05,0.18,1.17,18.46,98.66,19.45,11.51,LUD,30.9,75.85,subtropical_humid,NASA_POWER_daily_ag,3.003,9.034,1.3579,dewpoint,276.8,28.396
2020-03-02,19.2,26.86,12.96,61.26,0.0,1.04,19.42,98.57,0.9,10.82,LUD,30.9,75.85,subtropical_humid,NASA_POWER_daily_ag,3.17,9.3,1.2971,dewpoint,286.2,28.604
2020-03-03,19.61,26.73,13.25,55.14,0.0,1.12,20.09,98.4,0.9,9.6,LUD,30.9,75.85,subtropical_humid,NASA_POWER_daily_ag,3.396,9.392,1.1954,dewpoint,304.1,28.812
2020-03-04,19.48,27.43,12.38,52.74,0.21,1.43,19.0,98.27,28.07,8.66,LUD,30.9,75.85,subtropical_humid,NASA_POWER_daily_ag,3.537,8.932,1.122,dewpoint,317.7,29.021
2020-03-05,17.62,23.55,12.71,67.65,5.19,2.63,14.89,98.25,86.71,11.24,LUD,30.9,75.85,subtropical_humid,NASA_POWER_daily_ag,3.086,7.938,1.3338,dewpoint,319.8,29.229
2020-03-06,15.38,18.53,12.8,89.81,23.37,2.58,5.51,98.1,99.69,13.67,LUD,30.9,75.85,subtropical_humid,NASA_POWER_daily_ag,1.254,4.333,1.5647,dewpoint,335.6,29.437
2020-03-07,14.68,19.72,11.46,80.32,3.85,2.49,8.54,98.6,72.53,11.0,LUD,30.9,75.85,subtropical_humid,NASA_POWER_daily_ag,1.868,5.567,1.3127,dewpoint,283.1,29.645
2020-03-08,16.07,24.43,9.09,70.57,0.09,1.36,21.02,98.9,8.52,9.8,LUD,30.9,75.85,subtropical_humid,NASA_POWER_daily_ag,3.109,10.307,1.2116,dewpoint,251.6,29.853
2020-03-09,16.21,25.09,9.09,65.51,0.0,2.35,22.27,98.58,0.34,8.32,LUD,30.9,75.85,subtropical_humid,NASA_POWER_daily_ag,3.672,10.566,1.0964,dewpoint,285.2,30.06
2020-03-10,17.78,25.66,10.23,53.14,0.0,0.99,21.41,98.38,11.79,6.47,LUD,30.9,75.85,subtropical_humid,NASA_POWER_daily_ag,3.408,9.952,0.966,dewpoint,306.2,30.267
2020-03-11,16.83,24.97,11.53,65.3,15.76,3.45,6.91,98.15,81.18,9.61,LUD,30.9,75.85,subtropical_humid,NASA_POWER_daily_ag,2.847,4.959,1.1962,dewpoint,330.4,30.473
2020-03-12,17.81,23.67,12.91,73.82,7.91,2.47,18.72,98.35,33.9,12.5,LUD,30.9,75.85,subtropical_humid,NASA_POWER_daily_ag,3.275,9.921,1.4495,dewpoint,309.3,30.679
2020-03-13,16.78,24.35,10.87,66.13,5.23,2.23,19.08,98.62,48.54,9.2,LUD,30.9,75.85,subtropical_humid,NASA_POWER_daily_ag,3.46,9.683,1.1637,dewpoint,281.0,30.884
2020-03-14,15.87,22.6,9.07,60.31,10.8,0.88,12.4,98.77,70.26,7.33,LUD,30.9,75.85,subtropical_humid,NASA_POWER_daily_ag,2.359,7.079,1.0248,dewpoint,265.2,31.089
2020-03-15,16.52,23.98,10.1,63.35,0.73,1.14,21.62,98.93,6.29,8.92,LUD,30.9,75.85,subtropical_humid,NASA_POWER_daily_ag,3.306,10.765,1.1419,dewpoint,248.5,31.292
2020-03-16,17.81,25.68,11.32,66.76,0.0,1.56,21.19,98.86,35.26,10.9,LUD,30.9,75.85,subtropical_humid,NASA_POWER_daily_ag,3.5,10.846,1.304,dewpoint,255.8,31.495
2020-03-17,19.22,27.6,11.41,65.83,0.0,1.74,22.13,98.86,2.03,11.56,LUD,30.9,75.85,subtropical_humid,NASA_POWER_daily_ag,3.883,11.308,1.3624,dewpoint,255.8,31.697
2020-03-18,19.7,25.47,14.04,69.19,0.05,1.54,21.75,98.7,22.45,13.39,LUD,30.9,75.85,subtropical_humid,NASA_POWER_daily_ag,3.733,11.517,1.5364,dewpoint,272.6,31.897
2020-03-19,21.07,27.28,16.22,64.84,0.11,1.08,21.89,98.39,18.02,13.69,LUD,30.9,75.85,subtropical_humid,NASA_POWER_daily_ag,3.803,11.542,1.5667,dewpoint,305.1,32.097
2020-03-20,21.75,29.48,14.91,59.4,0.0,1.26,17.9,98.31,59.66,12.56,LUD,30.9,75.85,subtropical_humid,NASA_POWER_daily_ag,3.634,9.686,1.4552,dewpoint,313.5,32.295
2020-03-21,20.68,26.64,16.54,67.4,1.54,1.84,13.88,98.4,62.78,14.01,LUD,30.9,75.85,subtropical_humid,NASA_POWER_daily_ag,3.164,8.195,1.5996,dewpoint,304.1,32.492
2020-03-22,21.29,28.66,15.48,59.87,0.0,1.61,22.98,98.55,38.1,12.47,LUD,30.9,75.85,subtropical_humid,NASA_POWER_daily_ag,4.298,11.887,1.4466,dewpoint,288.3,32.688
2020-03-23,21.41,27.31,15.78,62.54,0.04,1.2,21.27,98.47,71.04,13.22,LUD,30.9,75.85,subtropical_humid,NASA_POWER_daily_ag,3.917,11.381,1.5195,dewpoint,296.7,32.882
2020-03-24,22.22,28.0,17.65,61.05,4.1,1.18,11.84,98.32,89.29,13.93,LUD,30.9,75.85,subtropical_humid,NASA_POWER_daily_ag,2.922,7.336,1.5914,dewpoint,312.5,33.075
2020-03-25,22.87,29.18,17.26,56.82,0.01,1.14,17.85,98.43,81.66,13.21,LUD,30.9,75.85,subtropical_humid,NASA_POWER_daily_ag,3.731,9.882,1.5185,dewpoint,300.9,33.266
2020-03-26,21.8,28.47,17.06,62.25,0.04,1.66,13.22,98.51,99.17,13.4,LUD,30.9,75.85,subtropical_humid,NASA_POWER_daily_ag,3.336,7.948,1.5374,dewpoint,292.5,33.456
2020-03-27,18.78,21.94,16.56,84.88,18.53,3.0,6.32,98.54,86.44,16.08,LUD,30.9,75.85,subtropical_humid,NASA_POWER_daily_ag,1.79,4.945,1.8276,dewpoint,289.4,33.644
2020-03-28,20.0,27.67,13.86,67.81,0.75,1.57,22.64,98.71,47.76,12.69,LUD,30.9,75.85,subtropical_humid,NASA_POWER_daily_ag,4.044,12.141,1.4677,dewpoint,271.5,33.83
2020-03-29,20.36,28.34,13.33,61.61,0.0,2.26,24.7,98.54,6.06,11.77,LUD,30.9,75.85,subtropical_humid,NASA_POWER_daily_ag,4.691,12.909,1.3814,dewpoint,289.4,34.015
2020-03-30,19.74,27.03,13.83,65.65,0.0,1.8,21.75,98.51,36.67,12.34,LUD,30.9,75.85,subtropical_humid,NASA_POWER_daily_ag,4.032,11.799,1.4343,dewpoint,292.5,34.197
2020-03-31,18.41,24.55,13.83,78.07,1.91,2.53,10.49,98.45,79.87,14.17,LUD,30.9,75.85,subtropical_humid,NASA_POWER_daily_ag,2.485,6.944,1.6163,dewpoint,298.8,34.378
2020-04-01,22.33,29.95,15.37,60.28,0.0,1.81,24.9,98.38,13.31,13.34,LUD,30.9,75.85,subtropical_humid,NASA_POWER_daily_ag,4.857,13.288,1.5314,dewpoint,306.2,34.557
2020-04-02,20.47,27.61,14.93,64.62,0.04,2.4,25.57,98.36,8.5,12.55,LUD,30.9,75.85,subtropical_humid,NASA_POWER_daily_ag,4.797,13.59,1.4542,dewpoint,308.3,34.734
2020-04-03,20.45,29.5,12.6,59.46,0.0,1.97,24.74,98.47,8.13,10.7,LUD,30.9,75.85,subtropical_humid,NASA_POWER_daily_ag,4.751,12.925,1.2868,dewpoint,296.7,34.909
2020-04-04,22.24,31.26,14.71,54.81,0.0,1.81,25.16,98.44,10.06,11.36,LUD,30.9,75.85,subtropical_humid,NASA_POWER_daily_ag,5.043,13.108,1.3445,dewpoint,299.9,35.082
2020-04-05,21.12,28.37,16.09,58.94,1.96,1.5,24.54,98.5,36.57,12.33,LUD,30.9,75.85,subtropical_humid,NASA_POWER_daily_ag,4.536,13.133,1.4334,dewpoint,293.6,35.252
2020-04-06,23.96,31.99,17.37,46.96,0.0,1.82,25.08,98.44,28.06,11.09,LUD,30.9,75.85,subtropical_humid,NASA_POWER_daily_ag,5.422,12.97,1.3206,dewpoint,299.9,35.421
2020-04-07,21.3,28.54,17.01,63.78,0.55,1.61,12.31,98.3,76.74,13.59,LUD,30.9,75.85,subtropical_humid,NASA_POWER_daily_ag,3.156,7.812,1.5566,dewpoint,314.6,35.587
2020-04-08,21.91,29.7,14.96,60.16,0.03,1.92,25.69,98.3,13.96,12.44,LUD,30.9,75.85,subtropical_humid,NASA_POWER_daily_ag,5.049,13.77,1.4438,dewpoint,314.6,35.751
2020-04-09,23.93,33.09,15.62,53.45,0.0,1.92,21.23,98.29,61.77,12.54,LUD,30.9,75.85,subtropical_humid,NASA_POWER_daily_ag,4.985,11.685,1.4533,dewpoint,315.6,35.913
2020-04-10,26.42,34.66,19.77,48.97,0.0,1.47,23.39,98.38,51.86,13.64,LUD,30.9,75.85,subtropical_humid,NASA_POWER_daily_ag,5.294,12.67,1.5616,dewpoint,306.2,36.073
2020-04-11,26.51,34.69,19.6,51.1,0.0,1.83,22.99,98.55,50.67,14.31,LUD,30.9,75.85,subtropical_humid,NASA_POWER_daily_ag,5.521,12.647,1.631,dewpoint,288.3,36.23
2020-04-12,26.5,35.35,17.7,56.69,0.0,2.26,22.73,98.26,63.53,15.8,LUD,30.9,75.85,subtropical_humid,NASA_POWER_daily_ag,5.666,12.867,1.7952,dewpoint,318.8,36.385
2020-04-13,28.45,35.49,22.37,51.48,0.0,1.75,21.76,98.05,56.32,16.76,LUD,30.9,75.85,subtropical_humid,NASA_POWER_daily_ag,5.523,12.479,1.9085,dewpoint,340.9,36.537
2020-04-14,29.49,37.4,23.06,49.14,0.0,1.22,21.54,98.02,85.46,16.5,LUD,30.9,75.85,subtropical_humid,NASA_POWER_daily_ag,5.219,12.28,1.8772,dewpoint,344.1,36.687
2020-04-15,29.37,38.88,20.92,41.52,0.0,2.2,24.54,98.04,44.06,13.05,LUD,30.9,75.85,subtropical_humid,NASA_POWER_daily_ag,6.744,13.027,1.5027,dewpoint,342.0,36.835
2020-04-16,28.39,37.27,20.41,43.42,0.01,2.26,22.85,97.98,70.55,11.83,LUD,30.9,75.85,subtropical_humid,NASA_POWER_daily_ag,6.499,12.199,1.3869,dewpoint,348.3,36.98
2020-04-17,23.74,27.64,20.72,53.86,7.25,2.11,14.16,98.01,76.54,13.45,LUD,30.9,75.85,subtropical_humid,NASA_POWER_daily_ag,4.214,8.798,1.5424,dewpoint,345.1,37.123
2020-04-18,26.17,34.35,18.44,49.4,2.28,2.45,23.25,98.08,66.07,13.38,LUD,30.9,75.85,subtropical_humid,NASA_POWER_daily_ag,6.082,12.865,1.5354,dewpoint,337.7,37.264
2020-04-19,25.57,33.25,18.31,51.79,0.4,2.28,24.21,98.11,49.46,13.47,LUD,30.9,75.85,subtropical_humid,NASA_POWER_daily_ag,5.928,13.39,1.5444,dewpoint,334.6,37.401
2020-04-20,23.3,28.44,19.21,61.25,3.19,1.92,14.83,98.19,84.14,15.04,LUD,30.9,75.85,subtropical_humid,NASA_POWER_daily_ag,3.895,9.291,1.7097,dewpoint,326.2,37.537
2020-04-21,24.37,31.89,17.58,55.01,1.42,1.97,26.56,98.21,5.48,13.54,LUD,30.9,75.85,subtropical_humid,NASA_POWER_daily_ag,5.737,14.623,1.5515,dewpoint,324.1,37.67
2020-04-22,26.9,34.67,19.88,46.07,0.0,1.61,27.7,97.98,29.57,13.3,LUD,30.9,75.85,subtropical_humid,NASA_POWER_daily_ag,6.157,14.923,1.5274,dewpoint,348.3,37.8
2020-04-23,28.34,36.15,21.45,44.86,0.0,2.33,23.9,97.86,40.29,14.16,LUD,30.9,75.85,subtropical_humid,NASA_POWER_daily_ag,6.54,13.275,1.6153,dewpoint,361.0,37.928
2020-04-24,29.37,37.22,20.96,46.17,0.11,1.22,24.97,97.72,25.85,14.63,LUD,30.9,75.85,subtropical_humid,NASA_POWER_daily_ag,5.816,13.861,1.6651,dewpoint,375.7,38.053
2020-04-25,27.86,31.99,24.23,49.5,1.75,1.27,12.1,97.8,63.6,15.94,LUD,30.9,75.85,subtropical_humid,NASA_POWER_daily_ag,3.825,7.999,1.8113,dewpoint,367.3,38.176
2020-04-26,26.12,30.19,23.07,59.68,2.38,1.86,20.66,98.04,51.91,17.41,LUD,30.9,75.85,subtropical_humid,NASA_POWER_daily_ag,4.978,12.448,1.9887,dewpoint,342.0,38.296
2020-04-27,25.73,31.83,20.78,57.34,3.66,3.86,24.13,98.34,24.82,16.02,LUD,30.9,75.85,subtropical_humid,NASA_POWER_daily_ag,6.477,13.975,1.8206,dewpoint,310.4,38.414
2020-04-28,27.04,33.77,19.59,51.22,0.0,1.42,20.64,98.38,53.43,15.11,LUD,30.9,75.85,subtropical_humid,NASA_POWER_daily_ag,5.067,12.118,1.7175,dewpoint,306.2,38.529
2020-04-29,29.35,36.78,22.15,49.34,0.0,1.38,25.22,98.05,46.61,16.75,LUD,30.9,75.85,subtropical_humid,NASA_POWER_daily_ag,5.966,14.492,1.9072,dewpoint,340.9,38.641
2020-04-30,30.68,37.87,24.13,46.67,0.31,1.53,24.87,98.0,39.68,17.15,LUD,30.9,75.85,subtropical_humid,NASA_POWER_daily_ag,6.263,14.327,1.9562,dewpoint,346.2,38.751
2020-05-01,31.65,39.1,24.17,45.14,0.0,1.83,26.55,97.8,36.21,17.04,LUD,30.9,75.85,subtropical_humid,NASA_POWER_daily_ag,6.99,15.104,1.9426,dewpoint,367.3,38.859
2020-05-02,31.49,38.11,25.08,43.3,1.39,2.08,16.75,97.67,96.01,16.51,LUD,30.9,75.85,subtropical_humid,NASA_POWER_daily_ag,5.883,10.284,1.8784,dewpoint,381.0,38.964
2020-05-03,30.93,37.39,23.78,44.01,3.52,1.51,21.58,97.81,81.44,16.21,LUD,30.9,75.85,subtropical_humid,NASA_POWER_daily_ag,5.885,12.633,1.8428,dewpoint,366.2,39.066
2020-05-04,29.71,35.5,23.46,48.21,2.7,0.85,22.82,98.08,52.22,16.74,LUD,30.9,75.85,subtropical_humid,NASA_POWER_daily_ag,5.202,13.401,1.906,dewpoint,337.7,39.166
2020-05-05,30.05,36.64,24.49,42.75,0.05,1.59,24.56,97.95,52.23,15.28,LUD,30.9,75.85,subtropical_humid,NASA_POWER_daily_ag,6.278,13.932,1.7363,dewpoint,351.5,39.263
2020-05-06,29.7,37.2,22.02,40.45,0.25,1.45,19.15,97.85,78.12,12.9,LUD,30.9,75.85,subtropical_humid,NASA_POWER_daily_ag,5.464,11.124,1.488,dewpoint,362.0,39.358
2020-05-07,28.59,36.88,20.5,42.44,0.28,2.76,27.88,97.96,40.25,12.98,LUD,30.9,75.85,subtropical_humid,NASA_POWER_daily_ag,7.652,15.187,1.4958,dewpoint,350.4,39.451
2020-05-08,30.86,38.95,23.63,37.22,0.0,2.07,27.01,97.77,24.66,13.6,LUD,30.9,75.85,subtropical_humid,NASA_POWER_daily_ag,7.355,14.735,1.5576,dewpoint,370.5,39.541
2020-05-09,32.33,40.8,23.81,36.27,0.01,1.71,26.16,97.78,44.08,14.03,LUD,30.9,75.85,subtropical_humid,NASA_POWER_daily_ag,7.087,14.371,1.6017,dewpoint,369.4,39.628
2020-05-10,31.1,37.99,25.54,39.0,0.42,1.31,16.88,97.89,61.08,14.75,LUD,30.9,75.85,subtropical_humid,NASA_POWER_daily_ag,5.102,10.248,1.6781,dewpoint,357.8,39.713
2020-05-11,29.34,37.49,22.88,47.9,7.18,3.32,23.24,97.99,53.08,15.98,LUD,30.9,75.85,subtropical_humid,NASA_POWER_daily_ag,7.38,13.535,1.816,dewpoint,347.2,39.796
2020-05-12,30.16,37.27,22.97,48.16,0.62,1.8,25.53,98.01,62.43,16.63,LUD,30.9,75.85,subtropical_humid,NASA_POWER_daily_ag,6.603,14.8,1.8928,dewpoint,345.1,39.876
2020-05-13,30.54,36.11,25.12,44.16,0.89,1.52,18.05,97.86,79.13,16.49,LUD,30.9,75.85,subtropical_humid,NASA_POWER_daily_ag,5.342,11.074,1.876,dewpoint,361.0,39.953
2020-05-14,30.18,35.79,24.33,50.94,8.33,1.54,20.59,97.88,60.77,18.21,LUD,30.9,75.85,subtropical_humid,NASA_POWER_daily_ag,5.561,12.615,2.0914,dewpoint,358.8,40.029
2020-05-15,29.81,37.97,22.81,47.96,0.14,2.71,25.37,97.86,54.89,15.74,LUD,30.9,75.85,subtropical_humid,NASA_POWER_daily_ag,7.363,14.569,1.7883,dewpoint,361.0,40.102
2020-05-16,30.42,38.98,21.69,41.85,0.0,2.37,28.69,97.7,13.24,13.62,LUD,30.9,75.85,subtropical_humid,NASA_POWER_daily_ag,7.836,15.721,1.5596,dewpoint,377.9,40.172
2020-05-17,31.03,36.77,23.77,33.14,0.0,1.24,25.91,97.56,45.09,12.1,LUD,30.9,75.85,subtropical_humid,NASA_POWER_daily_ag,6.366,14.183,1.4118,dewpoint,392.7,40.24
2020-05-18,31.71,39.9,23.43,30.05,0.0,1.78,27.23,97.47,29.01,10.2,LUD,30.9,75.85,subtropical_humid,NASA_POWER_daily_ag,7.36,14.299,1.2445,dewpoint,402.2,40.306
2020-05-19,31.09,38.82,23.33,28.33,0.0,2.59,24.02,97.5,52.48,8.78,LUD,30.9,75.85,subtropical_humid,NASA_POWER_daily_ag,7.975,12.776,1.1311,dewpoint,399.0,40.37
2020-05-20,30.68,39.55,21.78,31.71,0.0,2.55,30.53,97.39,7.91,9.58,LUD,30.9,75.85,subtropical_humid,NASA_POWER_daily_ag,8.552,15.697,1.1938,dewpoint,410.7,40.431
2020-05-21,32.26,42.71,21.37,32.48,0.0,3.15,29.93,97.24,17.73,10.62,LUD,30.9,75.85,subtropical_humid,NASA_POWER_daily_ag,9.49,15.531,1.2799,dewpoint,426.6,40.49
2020-05-22,35.32,43.59,25.86,27.08,0.0,1.27,28.36,97.21,22.99,11.62,LUD,30.9,75.85,subtropical_humid,NASA_POWER_daily_ag,7.243,14.854,1.3678,dewpoint,429.8,40.547
2020-05-23,35.96,44.97,27.68,25.13,0.0,2.11,26.51,97.3,40.19,11.39,LUD,30.9,75.85,subtropical_humid,NASA_POWER_daily_ag,8.4,13.897,1.3471,dewpoint,420.2,40.601
2020-05-24,35.56,43.5,27.32,27.44,0.22,2.65,28.22,97.5,45.28,12.3,LUD,30.9,75.85,subtropical_humid,NASA_POWER_daily_ag,9.335,14.903,1.4306,dewpoint,399.0,40.653
2020-05-25,35.94,44.35,27.33,29.61,0.0,2.57,29.27,97.35,23.38,13.29,LUD,30.9,75.85,subtropical_humid,NASA_POWER_daily_ag,9.396,15.561,1.5264,dewpoint,414.9,40.703
2020-05-26,36.84,45.43,28.9,27.23,0.0,1.98,28.48,97.19,35.52,12.75,LUD,30.9,75.85,subtropical_humid,NASA_POWER_daily_ag,8.582,14.99,1.4735,dewpoint,431.9,40.751
2020-05-27,37.01,45.77,28.19,24.76,0.3,2.28,25.71,97.03,61.3,11.8,LUD,30.9,75.85,subtropical_humid,NASA_POWER_daily_ag,8.747,13.637,1.3842,dewpoint,448.9,40.796
2020-05-28,35.1,42.4,27.85,28.96,0.68,4.56,23.83,97.12,81.89,13.41,LUD,30.9,75.85,subtropical_humid,NASA_POWER_daily_ag,10.965,13.262,1.5384,dewpoint,439.3,40.84
2020-05-29,32.9,39.22,26.33,39.04,2.6,4.16,19.21,97.49,99.32,16.34,LUD,30.9,75.85,subtropical_humid,NASA_POWER_daily_ag,8.76,11.664,1.8582,dewpoint,400.1,40.881
2020-05-30,28.52,30.82,25.3,56.96,25.05,3.16,18.11,97.78,90.41,18.92,LUD,30.9,75.85,subtropical_humid,NASA_POWER_daily_ag,5.866,11.588,2.1865,dewpoint,369.4,40.92
2020-05-31,28.05,32.78,24.2,59.35,6.05,1.84,14.01,97.92,87.61,18.9,LUD,30.9,75.85,subtropical_humid,NASA_POWER_daily_ag,4.35,9.381,2.1837,dewpoint,354.6,40.957
2020-06-01,29.18,35.0,22.95,50.36,0.54,1.24,25.56,97.98,32.27,16.88,LUD,30.9,75.85,subtropical_humid,NASA_POWER_daily_ag,5.987,15.129,1.923,dewpoint,348.3,40.992
2020-06-02,29.33,34.58,23.95,49.84,4.17,2.14,20.9,97.79,73.05,17.09,LUD,30.9,75.85,subtropical_humid,NASA_POWER_daily_ag,6.071,12.778,1.9488,dewpoint,368.3,41.024
2020-06-03,30.06,34.98,23.93,51.34,1.47,1.06,21.53,97.63,72.87,18.12,LUD,30.9,75.85,subtropical_humid,NASA_POWER_daily_ag,5.31,13.253,2.0796,dewpoint,385.3,41.055
2020-06-04,31.83,37.99,25.38,41.34,0.16,1.25,25.54,97.48,56.43,16.15,LUD,30.9,75.85,subtropical_humid,NASA_POWER_daily_ag,6.41,14.834,1.8358,dewpoint,401.1,41.083
2020-06-05,30.66,35.26,26.05,47.66,4.57,1.65,23.5,97.46,58.51,17.83,LUD,30.9,75.85,subtropical_humid,NASA_POWER_daily_ag,6.252,14.185,2.042,dewpoint,403.2,41.11
2020-06-06,28.7,33.01,25.09,56.25,16.25,1.96,19.73,97.52,61.3,18.84,LUD,30.9,75.85,subtropical_humid,NASA_POWER_daily_ag,5.429,12.436,2.1756,dewpoint,396.9,41.134
2020-06-07,31.05,36.69,24.61,45.97,0.86,1.21,22.88,97.44,50.22,17.26,LUD,30.9,75.85,subtropical_humid,NASA_POWER_daily_ag,5.833,13.772,1.9699,dewpoint,405.4,41.157
2020-06-08,33.08,39.1,26.28,42.9,0.0,1.13,25.42,97.35,30.62,18.1,LUD,30.9,75.85,subtropical_humid,NASA_POWER_daily_ag,6.403,15.119,2.077,dewpoint,414.9,41.177
2020-06-09,34.33,40.9,27.52,40.05,0.04,1.31,25.01,97.4,43.94,17.93,LUD,30.9,75.85,subtropical_humid,NASA_POWER_daily_ag,6.72,14.788,2.0549,dewpoint,409.6,41.195
2020-06-10,35.33,42.7,27.74,37.66,0.14,1.92,22.15,97.29,68.03,17.68,LUD,30.9,75.85,subtropical_humid,NASA_POWER_daily_ag,7.216,13.252,2.0228,dewpoint,421.3,41.212
2020-06-11,35.55,41.78,28.49,38.26,0.97,1.08,25.22,97.19,61.55,18.16,LUD,30.9,75.85,subtropical_humid,NASA_POWER_daily_ag,6.614,14.897,2.0848,dewpoint,431.9,41.226
2020-06-12,35.8,41.92,29.47,36.09,0.0,1.18,23.37,97.07,69.17,17.78,LUD,30.9,75.85,subtropical_humid,NASA_POWER_daily_ag,6.482,13.867,2.0356,dewpoint,444.6,41.238
2020-06-13,36.26,42.35,30.14,33.53,1.07,1.08,24.51,97.13,57.14,16.75,LUD,30.9,75.85,subtropical_humid,NASA_POWER_daily_ag,6.57,14.201,1.9072,dewpoint,438.2,41.248
2020-06-14,35.33,42.42,29.08,36.42,0.14,1.58,26.24,97.26,47.09,17.06,LUD,30.9,75.85,subtropical_humid,NASA_POWER_daily_ag,7.414,15.137,1.9451,dewpoint,424.4,41.257
2020-06-15,35.45,43.59,27.04,33.11,0.0,1.69,28.26,97.03,7.73,15.1,LUD,30.9,75.85,subtropical_humid,NASA_POWER_daily_ag,7.925,15.699,1.7164,dewpoint,448.9,41.263
2020-06-16,36.14,42.94,27.68,27.72,0.09,1.27,28.01,96.84,19.96,13.17,LUD,30.9,75.85,subtropical_humid,NASA_POWER_daily_ag,7.364,15.167,1.5145,dewpoint,469.1,41.268
2020-06-17,35.55,42.6,27.0,29.08,0.0,1.95,27.08,96.8,32.1,13.69,LUD,30.9,75.85,subtropical_humid,NASA_POWER_daily_ag,8.185,14.897,1.5667,dewpoint,473.3,41.27
2020-06-18,36.91,43.9,28.45,29.96,0.2,2.01,26.21,96.86,30.19,15.44,LUD,30.9,75.85,subtropical_humid,NASA_POWER_daily_ag,8.327,14.755,1.7543,dewpoint,466.9,41.271
2020-06-19,37.28,43.67,30.13,29.76,0.44,1.22,23.0,96.96,83.38,15.71,LUD,30.9,75.85,subtropical_humid,NASA_POWER_daily_ag,6.672,13.253,1.7849,dewpoint,456.3,41.269
2020-06-20,35.87,42.72,28.63,38.11,5.12,1.51,23.43,97.13,57.41,18.13,LUD,30.9,75.85,subtropical_humid,NASA_POWER_daily_ag,6.949,13.963,2.0809,dewpoint,438.2,41.266
2020-06-21,35.8,42.04,29.43,36.72,2.17,1.7,25.72,97.11,53.04,17.8,LUD,30.9,75.85,subtropical_humid,NASA_POWER_daily_ag,7.557,15.045,2.0382,dewpoint,440.4,41.26
2020-06-22,33.71,39.43,27.08,49.16,8.49,2.27,24.77,97.14,48.06,20.87,LUD,30.9,75.85,subtropical_humid,NASA_POWER_daily_ag,7.424,15.335,2.4672,dewpoint,437.2,41.253
2020-06-23,35.21,41.18,28.83,42.0,0.13,2.22,22.91,97.35,51.73,19.68,LUD,30.9,75.85,subtropical_humid,NASA_POWER_daily_ag,7.532,14.015,2.2924,dewpoint,414.9,41.244
2020-06-24,34.15,38.74,29.88,51.69,3.83,2.95,20.99,97.43,56.15,22.44,LUD,30.9,75.85,subtropical_humid,NASA_POWER_daily_ag,7.301,13.494,2.7157,dewpoint,406.4,41.233
2020-06-25,34.21,39.34,28.94,51.91,1.9,2.25,10.93,97.19,88.66,22.33,LUD,30.9,75.85,subtropical_humid,NASA_POWER_daily_ag,5.08,7.829,2.6976,dewpoint,431.9,41.22
2020-06-26,35.56,41.21,29.19,43.99,0.07,1.51,17.13,97.06,67.17,20.63,LUD,30.9,75.85,subtropical_humid,NASA_POWER_daily_ag,5.759,11.084,2.431,dewpoint,445.7,41.205
2020-06-27,37.13,42.71,31.47,40.65,0.19,1.59,17.69,96.96,64.01,20.89,LUD,30.9,75.85,subtropical_humid,NASA_POWER_daily_ag,6.181,11.362,2.4703,dewpoint,456.3,41.188
2020-06-28,38.22,44.43,31.98,37.65,0.89,1.89,23.99,96.89,38.75,20.44,LUD,30.9,75.85,subtropical_humid,NASA_POWER_daily_ag,7.839,14.574,2.4027,dewpoint,463.8,41.169
2020-06-29,35.32,40.88,28.58,46.15,1.97,2.63,20.28,97.14,62.08,21.21,LUD,30.9,75.85,subtropical_humid,NASA_POWER_daily_ag,7.413,12.874,2.5193,dewpoint,437.2,41.148
2020-06-30,36.19,42.11,30.34,36.33,0.0,1.32,22.76,97.24,55.75,18.27,LUD,30.9,75.85,subtropical_humid,NASA_POWER_daily_ag,6.615,13.604,2.0993,dewpoint,426.6,41.125
2020-07-01,35.94,40.72,30.85,42.58,0.74,1.41,21.81,97.16,59.5,20.84,LUD,30.9,75.85,subtropical_humid,NASA_POWER_daily_ag,6.469,13.596,2.4627,dewpoint,435.1,41.1
2020-07-02,36.98,43.17,30.85,41.22,2.2,2.04,24.34,96.88,47.16,20.82,LUD,30.9,75.85,subtropical_humid,NASA_POWER_daily_ag,7.828,14.887,2.4596,dewpoint,464.8,41.073
2020-07-03,38.38,45.16,31.11,33.8,0.0,1.35,25.52,96.81,49.19,18.38,LUD,30.9,75.85,subtropical_humid,NASA_POWER_daily_ag,7.377,14.891,2.1138,dewpoint,472.3,41.045
2020-07-04,36.82,43.55,30.17,42.42,4.06,3.16,23.39,96.82,50.49,20.85,LUD,30.9,75.85,subtropical_humid,NASA_POWER_daily_ag,8.901,14.386,2.4642,dewpoint,471.2,41.014
2020-07-05,32.7,38.17,26.95,52.92,24.62,2.22,22.77,96.98,72.86,21.23,LUD,30.9,75.85,subtropical_humid,NASA_POWER_daily_ag,6.761,14.311,2.5224,dewpoint,454.2,40.981
2020-07-06,33.71,39.48,26.97,45.67,0.0,0.8,20.56,96.99,69.85,19.49,LUD,30.9,75.85,subtropical_humid,NASA_POWER_daily_ag,5.276,12.791,2.2655,dewpoint,453.1,40.947
2020-07-07,32.72,37.14,28.79,54.97,13.37,2.31,23.02,97.28,64.23,22.05,LUD,30.9,75.85,subtropical_humid,NASA_POWER_daily_ag,6.773,14.579,2.652,dewpoint,422.3,40.91
2020-07-08,30.16,33.91,26.41,72.59,24.7,2.7,11.43,97.45,94.8,24.55,LUD,30.9,75.85,subtropical_humid,NASA_POWER_daily_ag,3.911,8.222,3.0839,dewpoint,404.3,40.871
2020-07-09,32.86,37.42,27.97,62.1,9.33,0.83,21.45,97.04,61.66,24.31,LUD,30.9,75.85,subtropical_humid,NASA_POWER_daily_ag,5.291,14.108,3.0399,dewpoint,447.8,40.83
2020-07-10,35.77,42.09,29.36,47.55,0.06,2.3,22.32,96.76,50.98,21.92,LUD,30.9,75.85,subtropical_humid,NASA_POWER_daily_ag,7.419,14.041,2.6311,dewpoint,477.6,40.788
2020-07-11,35.57,41.27,29.83,47.27,1.61,2.87,23.03,96.77,64.44,21.92,LUD,30.9,75.85,subtropical_humid,NASA_POWER_daily_ag,8.038,14.434,2.6311,dewpoint,476.5,40.743
2020-07-12,31.12,35.43,27.49,69.32,29.96,2.21,11.1,97.02,94.26,24.57,LUD,30.9,75.85,subtropical_humid,NASA_POWER_daily_ag,3.907,8.01,3.0875,dewpoint,449.9,40.696
2020-07-13,32.82,38.38,27.16,60.04,0.03,1.43,25.09,97.08,37.0,23.37,LUD,30.9,75.85,subtropical_humid,NASA_POWER_daily_ag,6.388,16.013,2.8729,dewpoint,443.6,40.647
2020-07-14,33.92,39.27,28.62,53.7,6.9,1.26,23.95,97.14,11.86,22.68,LUD,30.9,75.85,subtropical_humid,NASA_POWER_daily_ag,6.275,15.152,2.7555,dewpoint,437.2,40.596
2020-07-15,33.46,39.26,28.2,52.37,0.13,2.04,23.19,97.21,30.81,21.66,LUD,30.9,75.85,subtropical_humid,NASA_POWER_daily_ag,6.796,14.518,2.5896,dewpoint,429.8,40.543
2020-07-16,32.31,37.01,27.57,61.98,3.08,2.23,21.48,97.18,61.39,23.69,LUD,30.9,75.85,subtropical_humid,NASA_POWER_daily_ag,6.129,13.99,2.9288,dewpoint,432.9,40.488
2020-07-17,33.04,37.8,28.06,61.42,1.47,1.88,18.02,97.24,87.5,24.27,LUD,30.9,75.85,subtropical_humid,NASA_POWER_daily_ag,5.42,12.037,3.0326,dewpoint,426.6,40.431
2020-07-18,33.34,37.23,28.84,64.06,10.97,0.98,17.8,97.28,92.0,25.3,LUD,30.9,75.85,subtropical_humid,NASA_POWER_daily_ag,4.728,12.044,3.2248,dewpoint,422.3,40.371
2020-07-19,33.12,37.85,28.38,63.33,10.01,1.9,18.96,97.08,64.83,24.76,LUD,30.9,75.85,subtropical_humid,NASA_POWER_daily_ag,5.551,12.652,3.1228,dewpoint,443.6,40.31
2020-07-20,33.67,38.34,29.16,57.34,1.26,1.91,18.52,96.85,76.15,23.55,LUD,30.9,75.85,subtropical_humid,NASA_POWER_daily_ag,5.75,12.193,2.9043,dewpoint,468.0,40.246
2020-07-21,30.83,34.55,27.01,68.13,15.53,1.58,12.31,97.19,76.21,23.93,LUD,30.9,75.85,subtropical_humid,NASA_POWER_daily_ag,3.809,8.672,2.9714,dewpoint,431.9,40.18
2020-07-22,30.46,35.05,25.91,62.79,1.66,1.51,17.48,97.38,61.85,22.13,LUD,30.9,75.85,subtropical_humid,NASA_POWER_daily_ag,4.774,11.479,2.665,dewpoint,411.7,40.112
2020-07-23,31.82,37.72,26.11,55.25,0.06,1.33,24.91,97.25,20.8,21.13,LUD,30.9,75.85,subtropical_humid,NASA_POWER_daily_ag,6.186,15.367,2.5069,dewpoint,425.5,40.042
2020-07-24,31.88,37.48,26.23,55.53,0.1,1.99,24.38,97.57,36.17,21.35,LUD,30.9,75.85,subtropical_humid,NASA_POWER_daily_ag,6.594,15.113,2.541,dewpoint,391.6,39.97
2020-07-25,31.87,37.23,27.09,62.08,1.14,2.16,20.89,97.77,79.45,23.18,LUD,30.9,75.85,subtropical_humid,NASA_POWER_daily_ag,5.923,13.495,2.8402,dewpoint,370.5,39.895
2020-07-26,32.37,37.24,27.13,61.6,4.29,0.9,21.78,97.69,48.85,23.58,LUD,30.9,75.85,subtropical_humid,NASA_POWER_daily_ag,5.318,14.072,2.9095,dewpoint,378.9,39.818
2020-07-27,33.36,38.89,27.95,54.86,0.73,1.71,22.35,97.4,14.06,22.47,LUD,30.9,75.85,subtropical_humid,NASA_POWER_daily_ag,6.263,14.126,2.7206,dewpoint,409.6,39.739
2020-07-28,34.56,40.02,28.7,53.46,8.82,1.65,23.63,97.13,26.71,23.18,LUD,30.9,75.85,subtropical_humid,NASA_POWER_daily_ag,6.619,14.948,2.8402,dewpoint,438.2,39.658
2020-07-29,34.4,40.2,29.17,56.66,12.6,1.64,20.49,97.1,81.17,23.68,LUD,30.9,75.85,subtropical_humid,NASA_POWER_daily_ag,5.989,13.246,2.9271,dewpoint,441.4,39.574
2020-07-30,30.91,35.16,26.79,70.88,10.36,2.03,16.94,97.39,83.14,24.66,LUD,30.9,75.85,subtropical_humid,NASA_POWER_daily_ag,4.719,11.422,3.1042,dewpoint,410.7,39.488
2020-07-31,30.81,34.75,26.81,74.33,19.33,1.6,21.26,97.3,51.98,25.47,LUD,30.9,75.85,subtropical_humid,NASA_POWER_daily_ag,5.167,14.137,3.2576,dewpoint,420.2,39.4
2020-08-01,31.87,35.93,27.36,67.9,5.89,1.33,21.35,97.26,62.54,24.82,LUD,30.9,75.85,subtropical_humid,NASA_POWER_daily_ag,5.351,14.032,3.134,dewpoint,424.4,39.31
2020-08-02,31.92,36.66,27.36,68.43,16.56,1.64,20.74,97.07,71.08,25.05,LUD,30.9,75.85,subtropical_humid,NASA_POWER_daily_ag,5.382,13.694,3.1772,dewpoint,444.6,39.217
2020-08-03,33.57,38.66,28.1,61.6,4.77,1.55,23.1,96.64,57.79,24.58,LUD,30.9,75.85,subtropical_humid,NASA_POWER_daily_ag,6.139,14.939,3.0894,dewpoint,490.4,39.122
2020-08-04,34.11,39.53,29.71,58.36,6.01,1.36,24.02,96.53,59.48,24.05,LUD,30.9,75.85,subtropical_humid,NASA_POWER_daily_ag,6.285,15.292,2.9929,dewpoint,502.1,39.025
2020-08-05,32.9,39.13,28.59,62.5,3.24,1.61,22.3,96.77,59.92,24.19,LUD,30.9,75.85,subtropical_humid,NASA_POWER_daily_ag,5.911,14.348,3.0181,dewpoint,476.5,38.925
2020-08-06,32.1,37.11,27.38,67.31,3.51,1.24,23.03,97.19,65.37,24.85,LUD,30.9,75.85,subtropical_humid,NASA_POWER_daily_ag,5.627,14.962,3.1396,dewpoint,431.9,38.823
2020-08-07,31.2,35.51,27.52,69.35,0.95,2.64,24.13,97.35,67.68,24.65,LUD,30.9,75.85,subtropical_humid,NASA_POWER_daily_ag,6.22,15.58,3.1023,dewpoint,414.9,38.718
2020-08-08,31.89,35.95,27.19,69.4,8.57,0.9,22.07,97.12,67.47,25.29,LUD,30.9,75.85,subtropical_humid,NASA_POWER_daily_ag,5.227,14.491,3.2229,dewpoint,439.3,38.612
2020-08-09,32.13,35.87,27.96,71.24,17.67,1.42,18.97,96.96,89.18,26.04,LUD,30.9,75.85,subtropical_humid,NASA_POWER_daily_ag,4.891,12.75,3.3694,dewpoint,456.3,38.502
2020-08-10,32.08,35.88,27.68,71.42,16.49,0.97,15.87,97.1,98.01,25.96,LUD,30.9,75.85,subtropical_humid,NASA_POWER_daily_ag,4.098,10.852,3.3535,dewpoint,441.4,38.391
2020-08-11,31.04,35.06,27.45,76.13,11.85,1.74,19.19,97.08,80.75,26.11,LUD,30.9,75.85,subtropical_humid,NASA_POWER_daily_ag,4.792,12.893,3.3834,dewpoint,443.6,38.277
2020-08-12,31.75,36.4,27.46,74.17,19.99,2.41,19.58,96.88,56.48,26.33,LUD,30.9,75.85,subtropical_humid,NASA_POWER_daily_ag,5.23,13.144,3.4276,dewpoint,464.8,38.161
2020-08-13,31.65,36.85,27.54,76.14,12.67,1.93,18.44,96.84,72.07,26.6,LUD,30.9,75.85,subtropical_humid,NASA_POWER_daily_ag,4.794,12.479,3.4825,dewpoint,469.1,38.042
2020-08-14,30.21,34.77,26.52,80.71,3.48,2.04,20.57,96.96,55.47,26.3,LUD,30.9,75.85,subtropical_humid,NASA_POWER_daily_ag,4.846,13.756,3.4215,dewpoint,456.3,37.921
2020-08-15,30.37,34.73,26.23,77.51,4.11,1.3,24.0,96.95,22.12,25.71,LUD,30.9,75.85,subtropical_humid,NASA_POWER_daily_ag,5.41,15.7,3.3042,dewpoint,457.4,37.798
2020-08-16,31.01,35.76,26.51,73.32,1.61,1.2,19.49,96.99,38.71,25.35,LUD,30.9,75.85,subtropical_humid,NASA_POWER_daily_ag,4.715,12.89,3.2344,dewpoint,453.1,37.672
2020-08-17,30.16,34.04,26.81,77.89,2.91,1.68,17.13,97.03,68.01,25.66,LUD,30.9,75.85,subtropical_humid,NASA_POWER_daily_ag,4.248,11.538,3.2945,dewpoint,448.9,37.544
2020-08-18,30.29,33.94,26.75,81.13,9.74,1.36,16.61,97.03,83.13,26.51,LUD,30.9,75.85,subtropical_humid,NASA_POWER_daily_ag,3.995,11.336,3.4641,dewpoint,448.9,37.413
2020-08-19,31.73,35.83,27.38,75.07,7.59,1.37,12.34,96.9,98.47,26.46,LUD,30.9,75.85,subtropical_humid,NASA_POWER_daily_ag,3.507,8.696,3.4539,dewpoint,462.7,37.281
2020-08-20,27.97,29.91,25.82,88.84,18.19,1.74,7.52,97.28,97.47,25.93,LUD,30.9,75.85,subtropical_humid,NASA_POWER_daily_ag,2.043,5.755,3.3476,dewpoint,422.3,37.145
2020-08-21,28.23,31.84,24.56,80.39,9.72,1.63,14.43,97.64,80.09,24.37,LUD,30.9,75.85,subtropical_humid,NASA_POWER_daily_ag,3.508,9.779,3.0508,dewpoint,384.2,37.008
2020-08-22,30.05,34.19,25.49,72.97,4.16,0.83,23.23,97.51,33.48,24.41,LUD,30.9,75.85,subtropical_humid,NASA_POWER_daily_ag,5.103,14.846,3.0581,dewpoint,398.0,36.868
2020-08-23,29.19,33.74,24.95,76.98,0.01,1.45,24.14,97.38,22.0,24.47,LUD,30.9,75.85,subtropical_humid,NASA_POWER_daily_ag,5.273,15.393,3.0691,dewpoint,411.7,36.726
2020-08-24,29.2,33.44,24.96,78.96,0.42,1.99,22.54,97.36,19.53,24.95,LUD,30.9,75.85,subtropical_humid,NASA_POWER_daily_ag,5.059,14.561,3.1584,dewpoint,413.8,36.581
2020-08-25,29.31,33.55,25.64,79.79,1.84,2.0,21.41,97.5,20.84,25.22,LUD,30.9,75.85,subtropical_humid,NASA_POWER_daily_ag,4.857,13.924,3.2095,dewpoint,399.0,36.435
2020-08-26,29.8,33.49,26.02,77.91,4.11,1.28,16.27,97.55,58.81,25.28,LUD,30.9,75.85,subtropical_humid,NASA_POWER_daily_ag,3.922,10.883,3.221,dewpoint,393.7,36.286
2020-08-27,29.88,33.39,25.96,75.44,19.82,1.11,18.39,97.52,72.3,24.91,LUD,30.9,75.85,subtropical_humid,NASA_POWER_daily_ag,4.28,12.059,3.1508,dewpoint,396.9,36.134
2020-08-28,29.3,32.49,26.15,75.57,11.37,0.95,15.36,97.38,68.4,24.38,LUD,30.9,75.85,subtropical_humid,NASA_POWER_daily_ag,3.64,10.221,3.0527,dewpoint,411.7,35.981
2020-08-29,29.9,34.09,25.62,71.45,1.4,0.35,19.8,97.4,30.26,23.92,LUD,30.9,75.85,subtropical_humid,NASA_POWER_daily_ag,4.311,12.655,2.9696,dewpoint,409.6,35.825
2020-08-30,29.3,33.06,25.81,76.08,4.04,1.58,18.58,97.44,50.65,24.45,LUD,30.9,75.85,subtropical_humid,NASA_POWER_daily_ag,4.374,12.052,3.0655,dewpoint,405.4,35.667
2020-08-31,28.23,32.33,24.65,80.02,1.37,3.48,20.03,97.56,41.52,24.24,LUD,30.9,75.85,subtropical_humid,NASA_POWER_daily_ag,4.694,12.857,3.0272,dewpoint,392.7,35.507
2020-09-01,29.07,33.79,24.57,77.78,0.22,2.44,18.61,97.62,55.36,24.51,LUD,30.9,75.85,subtropical_humid,NASA_POWER_daily_ag,4.524,12.051,3.0765,dewpoint,386.3,35.345
2020-09-02,29.3,34.05,25.19,76.09,1.0,2.08,21.05,97.82,43.48,24.34,LUD,30.9,75.85,subtropical_humid,NASA_POWER_daily_ag,4.906,13.379,3.0454,dewpoint,365.2,35.181
2020-09-03,28.54,31.86,25.39,78.77,8.9,1.53,15.09,98.02,81.83,24.33,LUD,30.9,75.85,subtropical_humid,NASA_POWER_daily_ag,3.618,9.988,3.0435,dewpoint,344.1,35.015
2020-09-04,29.03,32.96,25.43,77.19,5.63,0.88,13.06,97.89,96.06,24.37,LUD,30.9,75.85,subtropical_humid,NASA_POWER_daily_ag,3.153,8.81,3.0508,dewpoint,357.8,34.846
2020-09-05,29.14,33.2,24.72,74.23,0.5,0.82,16.09,97.69,67.74,23.75,LUD,30.9,75.85,subtropical_humid,NASA_POWER_daily_ag,3.692,10.44,2.9394,dewpoint,378.9,34.676
2020-09-06,29.21,33.35,24.99,75.62,2.71,1.13,21.57,97.57,45.97,24.15,LUD,30.9,75.85,subtropical_humid,NASA_POWER_daily_ag,4.704,13.569,3.0109,dewpoint,391.6,34.504
2020-09-07,29.54,34.74,25.51,71.27,0.04,1.2,22.49,97.66,29.56,23.48,LUD,30.9,75.85,subtropical_humid,NASA_POWER_daily_ag,4.957,13.857,2.892,dewpoint,382.1,34.33
2020-09-08,29.04,34.72,24.1,74.45,0.0,1.4,22.88,97.7,8.7,23.59,LUD,30.9,75.85,subtropical_humid,NASA_POWER_daily_ag,4.984,14.105,2.9113,dewpoint,377.9,34.154
2020-09-09,29.45,35.37,24.17,71.69,0.0,1.34,22.18,97.73,12.16,23.29,LUD,30.9,75.85,subtropical_humid,NASA_POWER_daily_ag,4.945,13.603,2.8591,dewpoint,374.7,33.976
2020-09-10,29.75,36.11,25.0,70.14,0.0,1.49,22.4,97.44,6.82,23.08,LUD,30.9,75.85,subtropical_humid,NASA_POWER_daily_ag,5.104,13.612,2.8231,dewpoint,405.4,33.796
2020-09-11,30.25,37.31,24.1,66.06,0.0,1.23,22.3,97.45,26.19,22.29,LUD,30.9,75.85,subtropical_humid,NASA_POWER_daily_ag,5.088,13.326,2.691,dewpoint,404.3,33.615
2020-09-12,29.93,36.42,24.39,63.21,0.55,1.36,22.34,97.76,17.72,21.5,LUD,30.9,75.85,subtropical_humid,NASA_POWER_daily_ag,5.143,13.137,2.5644,dewpoint,371.5,33.432
2020-09-13,29.9,36.27,24.58,61.67,0.0,1.13,21.62,97.76,49.46,20.95,LUD,30.9,75.85,subtropical_humid,NASA_POWER_daily_ag,4.894,12.61,2.4794,dewpoint,371.5,33.247
2020-09-14,30.07,36.21,24.08,60.47,0.0,1.12,21.06,97.65,48.04,20.9,LUD,30.9,75.85,subtropical_humid,NASA_POWER_daily_ag,4.828,12.301,2.4718,dewpoint,383.1,33.061
2020-09-15,30.41,36.46,25.13,61.09,0.0,1.49,20.1,97.58,50.61,21.32,LUD,30.9,75.85,subtropical_humid,NASA_POWER_daily_ag,4.967,11.848,2.5363,dewpoint,390.5,32.873
2020-09-16,31.25,37.73,26.78,58.77,0.0,1.41,18.66,97.55,55.4,21.51,LUD,30.9,75.85,subtropical_humid,NASA_POWER_daily_ag,4.813,11.069,2.566,dewpoint,393.7,32.684
2020-09-17,31.32,37.96,26.03,60.09,0.0,1.58,20.87,97.48,44.43,21.96,LUD,30.9,75.85,subtropical_humid,NASA_POWER_daily_ag,5.248,12.26,2.6375,dewpoint,401.1,32.493
2020-09-18,30.91,37.79,24.83,56.94,0.0,1.59,21.23,97.43,34.93,20.43,LUD,30.9,75.85,subtropical_humid,NASA_POWER_daily_ag,5.322,12.082,2.4013,dewpoint,406.4,32.301
2020-09-19,30.74,37.77,25.37,52.95,0.01,1.07,20.97,97.44,39.42,19.16,LUD,30.9,75.85,subtropical_humid,NASA_POWER_daily_ag,4.841,11.618,2.2194,dewpoint,405.4,32.108
2020-09-20,29.96,37.41,23.81,57.22,0.02,1.52,22.16,97.41,11.23,19.77,LUD,30.9,75.85,subtropical_humid,NASA_POWER_daily_ag,5.236,12.333,2.3052,dewpoint,408.5,31.913
2020-09-21,29.95,37.07,24.41,55.9,0.0,1.35,22.35,97.32,27.2,19.21,LUD,30.9,75.85,subtropical_humid,NASA_POWER_daily_ag,5.138,12.238,2.2263,dewpoint,418.1,31.718
2020-09-22,30.97,37.28,25.53,50.02,0.03,0.59,20.97,97.37,25.08,18.55,LUD,30.9,75.85,subtropical_humid,NASA_POWER_daily_ag,4.354,11.371,2.1365,dewpoint,412.8,31.521
2020-09-23,30.37,36.88,23.86,58.25,0.23,1.31,20.0,97.35,45.11,20.34,LUD,30.9,75.85,subtropical_humid,NASA_POWER_daily_ag,4.793,11.34,2.388,dewpoint,414.9,31.323
2020-09-24,30.63,36.97,25.58,57.42,0.01,1.53,19.51,97.52,42.39,20.49,LUD,30.9,75.85,subtropical_humid,NASA_POWER_daily_ag,4.911,11.055,2.4102,dewpoint,396.9,31.125
2020-09-25,30.56,37.42,25.63,53.27,0.0,1.41,19.47,97.46,29.55,18.76,LUD,30.9,75.85,subtropical_humid,NASA_POWER_daily_ag,4.866,10.615,2.1647,dewpoint,403.2,30.925
2020-09-26,29.27,36.97,23.63,52.14,0.93,1.27,17.87,97.47,37.47,16.98,LUD,30.9,75.85,subtropical_humid,NASA_POWER_daily_ag,4.405,9.606,1.9353,dewpoint,402.2,30.725
2020-09-27,28.24,36.75,21.19,48.16,0.0,1.5,19.76,97.77,25.42,15.18,LUD,30.9,75.85,subtropical_humid,NASA_POWER_daily_ag,4.765,10.068,1.7252,dewpoint,370.5,30.524
2020-09-28,28.54,36.21,23.31,47.38,0.0,1.44,19.45,97.9,22.89,15.23,LUD,30.9,75.85,subtropical_humid,NASA_POWER_daily_ag,4.693,9.857,1.7308,dewpoint,356.7,30.322
2020-09-29,28.4,36.8,22.38,45.88,0.0,1.57,19.84,97.84,17.37,14.58,LUD,30.9,75.85,subtropical_humid,NASA_POWER_daily_ag,4.856,9.838,1.6598,dewpoint,363.1,30.12
2020-09-30,28.31,36.86,22.69,44.8,0.0,1.44,20.9,97.74,4.72,14.13,LUD,30.9,75.85,subtropical_humid,NASA_POWER_daily_ag,4.821,10.077,1.6121,dewpoint,373.6,29.917
2020-10-01,27.95,37.13,21.51,43.61,0.0,1.43,20.89,97.7,13.03,12.81,LUD,30.9,75.85,subtropical_humid,NASA_POWER_daily_ag,4.781,9.771,1.4793,dewpoint,377.9,29.714
2020-10-02,28.12,36.44,22.11,44.3,0.0,1.44,21.0,97.76,13.05,13.77,LUD,30.9,75.85,subtropical_humid,NASA_POWER_daily_ag,4.789,9.96,1.5749,dewpoint,371.5,29.51
2020-10-03,27.83,36.43,22.15,44.4,0.0,1.45,20.98,97.85,6.25,13.19,LUD,30.9,75.85,subtropical_humid,NASA_POWER_daily_ag,4.749,9.764,1.5165,dewpoint,362.0,29.306
2020-10-04,27.23,35.53,21.9,43.56,0.0,1.24,21.18,97.96,5.15,12.59,LUD,30.9,75.85,subtropical_humid,NASA_POWER_daily_ag,4.466,9.691,1.4581,dewpoint,350.4,29.102
2020-10-05,26.98,36.26,20.35,41.57,0.0,1.93,21.23,97.89,3.82,11.1,LUD,30.9,75.85,subtropical_humid,NASA_POWER_daily_ag,5.184,9.358,1.3215,dewpoint,357.8,28.898
2020-10-06,27.18,36.43,21.6,37.61,0.0,1.36,20.58,97.94,12.26,10.09,LUD,30.9,75.85,subtropical_humid,NASA_POWER_daily_ag,4.532,8.819,1.2354,dewpoint,352.5,28.694
2020-10-07,26.75,36.12,20.16,39.43,0.0,1.46,20.04,98.1,16.37,10.33,LUD,30.9,75.85,subtropical_humid,NASA_POWER_daily_ag,4.535,8.706,1.2554,dewpoint,335.6,28.49
2020-10-08,26.86,35.86,20.83,38.09,0.0,1.35,19.7,98.16,11.11,10.2,LUD,30.9,75.85,subtropical_humid,NASA_POWER_daily_ag,4.377,8.496,1.2445,dewpoint,329.3,28.286
2020-10-09,27.31,35.79,21.13,42.11,0.0,1.08,19.4,98.18,9.97,12.3,LUD,30.9,75.85,subtropical_humid,NASA_POWER_daily_ag,4.05,8.735,1.4306,dewpoint,327.2,28.083
2020-10-10,27.49,35.81,22.34,43.69,0.0,1.39,19.31,98.06,20.03,13.14,LUD,30.9,75.85,subtropical_humid,NASA_POWER_daily_ag,4.358,8.769,1.5115,dewpoint,339.9,27.88
2020-10-11,27.27,36.46,20.94,40.56,0.0,1.43,19.84,97.85,11.06,11.28,LUD,30.9,75.85,subtropical_humid,NASA_POWER_daily_ag,4.452,8.522,1.3373,dewpoint,362.0,27.677
2020-10-12,27.78,35.6,21.72,34.92,0.0,0.93,19.21,97.74,5.14,9.75,LUD,30.9,75.85,subtropical_humid,NASA_POWER_daily_ag,3.844,7.983,1.2075,dewpoint,373.6,27.474
2020-10-13,27.28,36.26,20.81,37.99,0.0,1.05,17.26,97.86,32.2,10.29,LUD,30.9,75.85,subtropical_humid,NASA_POWER_daily_ag,3.769,7.471,1.252,dewpoint,361.0,27.273
2020-10-14,26.67,35.83,21.2,38.64,0.0,1.56,17.82,97.99,25.1,9.61,LUD,30.9,75.85,subtropical_humid,NASA_POWER_daily_ag,4.346,7.446,1.1962,dewpoint,347.2,27.072
2020-10-15,25.69,34.83,19.05,38.21,0.0,1.52,19.4,98.04,17.42,8.98,LUD,30.9,75.85,subtropical_humid,NASA_POWER_daily_ag,4.303,7.819,1.1465,dewpoint,342.0,26.871
2020-10-16,25.66,33.72,19.49,35.31,0.0,0.86,19.32,97.97,11.69,8.22,LUD,30.9,75.85,subtropical_humid,NASA_POWER_daily_ag,3.505,7.622,1.0889,dewpoint,349.3,26.672
2020-10-17,25.51,33.65,19.85,35.63,0.0,1.02,18.87,98.06,16.39,8.15,LUD,30.9,75.85,subtropical_humid,NASA_POWER_daily_ag,3.633,7.407,1.0838,dewpoint,339.9,26.474
2020-10-18,24.74,34.13,18.38,38.16,0.0,1.76,19.3,98.05,11.94,8.12,LUD,30.9,75.85,subtropical_humid,NASA_POWER_daily_ag,4.389,7.475,1.0816,dewpoint,340.9,26.276
2020-10-19,24.47,33.97,18.28,37.5,0.0,1.64,19.08,98.01,21.12,7.17,LUD,30.9,75.85,subtropical_humid,NASA_POWER_daily_ag,4.219,7.184,1.0136,dewpoint,345.1,26.08
2020-10-20,24.7,33.88,18.22,31.13,0.0,1.27,18.16,98.0,29.29,5.0,LUD,30.9,75.85,subtropical_humid,NASA_POWER_daily_ag,3.784,6.542,0.8723,dewpoint,346.2,25.885
2020-10-21,24.78,34.29,17.14,32.92,0.0,1.38,17.24,98.09,37.12,6.15,LUD,30.9,75.85,subtropical_humid,NASA_POWER_daily_ag,3.849,6.483,0.9449,dewpoint,336.7,25.691
2020-10-22,24.79,33.23,19.06,34.91,0.0,1.02,15.51,98.0,48.56,7.36,LUD,30.9,75.85,subtropical_humid,NASA_POWER_daily_ag,3.258,6.195,1.0269,dewpoint,346.2,25.499
2020-10-23,25.04,32.25,19.37,33.92,0.0,0.91,14.63,97.97,45.31,7.16,LUD,30.9,75.85,subtropical_humid,NASA_POWER_daily_ag,3.081,5.94,1.0129,dewpoint,349.3,25.308
2020-10-24,24.56,32.17,19.77,32.77,0.0,1.14,15.63,98.04,18.02,6.25,LUD,30.9,75.85,subtropical_humid,NASA_POWER_daily_ag,3.374,5.95,0.9514,dewpoint,342.0,25.118
2020-10-25,23.53,32.43,16.94,33.89,0.0,1.32,14.33,98.29,44.49,5.24,LUD,30.9,75.85,subtropical_humid,NASA_POWER_daily_ag,3.434,5.583,0.887,dewpoint,315.6,24.931
2020-10-26,22.54,31.22,17.12,35.92,0.0,1.69,15.51,98.47,23.26,5.48,LUD,30.9,75.85,subtropical_humid,NASA_POWER_daily_ag,3.757,5.818,0.902,dewpoint,296.7,24.745
2020-10-27,22.46,31.03,16.2,33.93,0.0,1.36,18.12,98.42,14.26,4.36,LUD,30.9,75.85,subtropical_humid,NASA_POWER_daily_ag,3.539,6.118,0.8341,dewpoint,302.0,24.561
2020-10-28,23.44,31.31,16.74,28.36,0.0,0.86,17.17,98.46,22.92,2.95,LUD,30.9,75.85,subtropical_humid,NASA_POWER_daily_ag,2.949,5.613,0.7551,dewpoint,297.8,24.378
2020-10-29,22.53,30.93,16.56,29.92,0.0,0.96,13.87,98.6,35.35,2.96,LUD,30.9,75.85,subtropical_humid,NASA_POWER_daily_ag,2.851,5.054,0.7556,dewpoint,283.1,24.198
2020-10-30,22.3,31.59,16.18,32.93,0.0,1.98,14.55,98.59,32.34,4.19,LUD,30.9,75.85,subtropical_humid,NASA_POWER_daily_ag,3.981,5.229,0.8242,dewpoint,284.1,24.02
2020-10-31,20.91,30.65,14.07,37.13,0.0,2.01,16.41,98.56,17.68,4.03,LUD,30.9,75.85,subtropical_humid,NASA_POWER_daily_ag,3.869,5.578,0.815,dewpoint,287.3,23.844
2020-11-01,20.49,30.22,12.45,32.91,0.0,1.7,16.65,98.56,42.08,1.84,LUD,30.9,75.85,subtropical_humid,NASA_POWER_daily_ag,3.602,5.322,0.6976,dewpoint,287.3,23.67
2020-11-02,21.75,30.0,15.82,28.31,0.0,1.06,15.82,98.63,61.76,1.71,LUD,30.9,75.85,subtropical_humid,NASA_POWER_daily_ag,2.935,4.972,0.6911,dewpoint,279.9,23.498
2020-11-03,22.31,30.22,16.34,33.26,0.03,0.76,14.66,98.57,61.7,4.76,LUD,30.9,75.85,subtropical_humid,NASA_POWER_daily_ag,2.52,5.115,0.8578,dewpoint,286.2,23.329
2020-11-04,22.35,30.43,16.29,33.67,0.0,1.16,14.96,98.44,69.48,4.58,LUD,30.9,75.85,subtropical_humid,NASA_POWER_daily_ag,3.008,5.068,0.8471,dewpoint,299.9,23.162
2020-11-05,21.88,31.1,16.09,31.99,0.0,1.11,15.46,98.58,63.27,2.71,LUD,30.9,75.85,subtropical_humid,NASA_POWER_daily_ag,2.916,4.779,0.7423,dewpoint,285.2,22.998
2020-11-06,21.25,30.44,15.58,32.15,0.0,1.66,14.62,98.88,48.83,2.88,LUD,30.9,75.85,subtropical_humid,NASA_POWER_daily_ag,3.445,4.678,0.7513,dewpoint,253.7,22.836
2020-11-07,21.2,30.31,15.37,33.3,0.0,1.48,15.5,98.95,64.61,3.35,LUD,30.9,75.85,subtropical_humid,NASA_POWER_daily_ag,3.24,4.796,0.7768,dewpoint,246.4,22.677
2020-11-08,20.99,29.77,14.38,33.72,0.0,1.21,14.21,98.99,64.17,3.49,LUD,30.9,75.85,subtropical_humid,NASA_POWER_daily_ag,2.869,4.653,0.7845,dewpoint,242.2,22.521
2020-11-09,20.17,28.73,14.44,37.46,0.0,1.25,12.86,98.84,67.83,4.44,LUD,30.9,75.85,subtropical_humid,NASA_POWER_daily_ag,2.74,4.572,0.8388,dewpoint,257.9,22.367
2020-11-10,20.92,30.18,16.07,38.59,0.0,1.16,13.21,98.78,36.86,5.23,LUD,30.9,75.85,subtropical_humid,NASA_POWER_daily_ag,2.678,4.546,0.8864,dewpoint,264.2,22.217
2020-11-11,21.39,29.02,15.17,35.19,0.0,0.96,11.74,98.97,43.96,4.41,LUD,30.9,75.85,subtropical_humid,NASA_POWER_daily_ag,2.476,4.276,0.837,dewpoint,244.3,22.069
2020-11-12,20.48,27.85,14.99,37.34,0.0,1.0,10.29,99.07,55.96,4.8,LUD,30.9,75.85,subtropical_humid,NASA_POWER_daily_ag,2.374,4.114,0.8602,dewpoint,233.8,21.925
2020-11-13,20.54,28.45,16.05,38.57,0.0,0.98,12.68,98.92,63.72,5.28,LUD,30.9,75.85,subtropical_humid,NASA_POWER_daily_ag,2.402,4.385,0.8895,dewpoint,249.5,21.783
2020-11-14,19.08,25.07,15.71,42.19,0.0,1.02,8.81,98.68,85.57,5.53,LUD,30.9,75.85,subtropical_humid,NASA_POWER_daily_ag,2.168,3.938,0.9051,dewpoint,274.7,21.645
2020-11-15,19.17,24.88,15.86,50.7,8.21,2.17,7.14,98.62,89.21,8.0,LUD,30.9,75.85,subtropical_humid,NASA_POWER_daily_ag,2.838,3.77,1.0728,dewpoint,281.0,21.509
2020-11-16,17.29,23.62,13.24,70.58,5.39,1.89,8.59,98.92,53.09,11.39,LUD,30.9,75.85,subtropical_humid,NASA_POWER_daily_ag,1.975,4.291,1.3471,dewpoint,249.5,21.377
2020-11-17,16.05,24.54,10.0,58.15,0.0,1.81,14.33,98.75,12.43,6.87,LUD,30.9,75.85,subtropical_humid,NASA_POWER_daily_ag,2.456,5.029,0.993,dewpoint,267.3,21.249
2020-11-18,15.86,23.93,10.72,45.59,0.0,1.07,14.36,98.56,19.83,3.2,LUD,30.9,75.85,subtropical_humid,NASA_POWER_daily_ag,2.133,4.481,0.7686,dewpoint,287.3,21.123
2020-11-19,15.61,23.11,11.1,40.23,0.0,1.16,13.05,98.64,35.61,1.46,LUD,30.9,75.85,subtropical_humid,NASA_POWER_daily_ag,2.191,4.089,0.6788,dewpoint,278.9,21.002
2020-11-20,15.5,24.15,9.99,44.16,0.0,2.46,14.55,98.81,27.23,2.53,LUD,30.9,75.85,subtropical_humid,NASA_POWER_daily_ag,3.072,4.321,0.7329,dewpoint,261.0,20.883
2020-11-21,13.96,23.72,7.51,45.07,0.0,2.12,15.01,98.8,19.18,0.65,LUD,30.9,75.85,subtropical_humid,NASA_POWER_daily_ag,2.744,4.202,0.6403,dewpoint,262.1,20.768
2020-11-22,14.51,23.06,8.27,35.05,0.0,1.58,13.05,98.83,57.13,-1.95,LUD,30.9,75.85,subtropical_humid,NASA_POWER_daily_ag,2.53,3.691,0.5294,dewpoint,258.9,20.657
2020-11-23,15.84,24.06,10.73,48.85,0.06,1.67,9.31,98.83,84.14,4.23,LUD,30.9,75.85,subtropical_humid,NASA_POWER_daily_ag,2.331,3.739,0.8265,dewpoint,258.9,20.549
2020-11-24,15.98,23.07,12.22,51.26,0.4,1.53,8.12,98.82,90.18,5.35,LUD,30.9,75.85,subtropical_humid,NASA_POWER_daily_ag,2.132,3.626,0.8939,dewpoint,260.0,20.445
2020-11-25,13.93,18.49,11.23,68.5,5.87,2.02,2.92,98.98,99.12,7.93,LUD,30.9,75.85,subtropical_humid,NASA_POWER_daily_ag,1.582,2.864,1.0677,dewpoint,243.2,20.345
2020-11-26,14.38,22.36,9.35,67.64,0.22,1.61,12.41,99.24,36.51,7.74,LUD,30.9,75.85,subtropical_humid,NASA_POWER_daily_ag,1.875,4.526,1.0539,dewpoint,216.0,20.248
2020-11-27,14.65,24.25,8.26,53.62,0.0,2.23,14.76,99.33,28.71,4.05,LUD,30.9,75.85,subtropical_humid,NASA_POWER_daily_ag,2.592,4.275,0.8161,dewpoint,206.6,20.156
2020-11-28,13.74,24.42,5.83,48.9,0.0,1.59,14.1,99.1,38.98,1.74,LUD,30.9,75.85,subtropical_humid,NASA_POWER_daily_ag,2.228,3.949,0.6926,dewpoint,230.7,20.067
2020-11-29,14.42,24.01,8.19,50.76,0.0,1.07,12.55,98.96,40.51,3.3,LUD,30.9,75.85,subtropical_humid,NASA_POWER_daily_ag,1.836,3.883,0.7741,dewpoint,245.3,19.982
2020-11-30,14.94,24.65,8.28,52.49,0.0,1.32,13.78,98.9,29.05,4.32,LUD,30.9,75.85,subtropical_humid,NASA_POWER_daily_ag,2.038,4.074,0.8318,dewpoint,251.6,19.9
2020-12-01,15.97,25.62,9.23,52.62,0.0,1.4,13.42,98.91,10.35,5.23,LUD,30.9,75.85,subtropical_humid,NASA_POWER_daily_ag,2.147,4.041,0.8864,dewpoint,250.6,19.823
2020-12-02,16.12,25.98,9.67,56.13,0.0,1.67,13.72,98.72,11.66,6.39,LUD,30.9,75.85,subtropical_humid,NASA_POWER_daily_ag,2.26,4.18,0.9607,dewpoint,270.5,19.75
2020-12-03,17.47,26.51,10.16,56.13,0.0,0.81,12.73,98.58,41.42,7.51,LUD,30.9,75.85,subtropical_humid,NASA_POWER_daily_ag,1.77,4.147,1.0375,dewpoint,285.2,19.681
2020-12-04,18.46,26.24,12.91,45.53,0.0,1.33,11.41,98.44,44.69,5.84,LUD,30.9,75.85,subtropical_humid,NASA_POWER_daily_ag,2.289,3.677,0.9248,dewpoint,299.9,19.615
2020-12-05,17.45,26.4,10.64,44.1,0.0,1.91,10.0,98.49,74.18,4.28,LUD,30.9,75.85,subtropical_humid,NASA_POWER_daily_ag,2.683,3.433,0.8294,dewpoint,294.6,19.554
2020-12-06,17.66,25.39,12.86,43.56,0.0,1.28,10.11,98.76,53.71,4.53,LUD,30.9,75.85,subtropical_humid,NASA_POWER_daily_ag,2.181,3.41,0.8441,dewpoint,266.3,19.497
2020-12-07,17.45,26.1,12.31,48.87,0.0,1.59,11.38,98.89,54.31,5.99,LUD,30.9,75.85,subtropical_humid,NASA_POWER_daily_ag,2.333,3.64,0.9345,dewpoint,252.7,19.444
2020-12-08,18.17,26.25,13.05,48.33,0.0,0.95,11.37,98.87,24.79,6.4,LUD,30.9,75.85,subtropical_humid,NASA_POWER_daily_ag,1.888,3.639,0.9613,dewpoint,254.7,19.395
2020-12-09,18.41,27.04,13.09,55.84,0.26,1.76,9.0,98.73,70.49,8.73,LUD,30.9,75.85,subtropical_humid,NASA_POWER_daily_ag,2.303,3.581,1.1273,dewpoint,269.4,19.351
2020-12-10,17.31,25.64,12.35,66.0,0.25,1.73,12.44,98.73,4.81,9.97,LUD,30.9,75.85,subtropical_humid,NASA_POWER_daily_ag,2.102,4.267,1.2255,dewpoint,269.4,19.31
2020-12-11,17.8,25.95,12.27,54.83,3.38,1.07,11.93,98.63,28.51,7.78,LUD,30.9,75.85,subtropical_humid,NASA_POWER_daily_ag,1.908,3.866,1.0568,dewpoint,279.9,19.274
2020-12-12,15.51,21.96,11.02,71.23,5.03,1.28,10.19,98.74,31.64,9.79,LUD,30.9,75.85,subtropical_humid,NASA_POWER_daily_ag,1.59,4.01,1.2108,dewpoint,268.4,19.242
2020-12-13,12.5,19.9,7.5,68.69,0.0,1.61,4.55,98.76,83.65,6.11,LUD,30.9,75.85,subtropical_humid,NASA_POWER_daily_ag,1.452,3.006,0.9423,dewpoint,266.3,19.214
2020-12-14,11.65,19.87,5.89,66.95,0.0,1.56,4.33,98.85,97.78,4.76,LUD,30.9,75.85,subtropical_humid,NASA_POWER_daily_ag,1.442,2.964,0.8578,dewpoint,256.8,19.19
2020-12-15,10.47,18.33,5.65,60.27,0.0,1.52,10.59,99.04,49.56,2.2,LUD,30.9,75.85,subtropical_humid,NASA_POWER_daily_ag,1.616,3.558,0.7158,dewpoint,236.9,19.171
2020-12-16,9.69,18.4,3.81,58.92,0.0,1.91,4.82,99.3,88.3,0.8,LUD,30.9,75.85,subtropical_humid,NASA_POWER_daily_ag,1.693,2.978,0.6473,dewpoint,209.8,19.156
2020-12-17,8.72,17.64,2.04,52.31,0.0,1.89,13.33,99.18,38.57,-1.63,LUD,30.9,75.85,subtropical_humid,NASA_POWER_daily_ag,1.861,3.558,0.542,dewpoint,222.3,19.145
2020-12-18,8.96,19.28,1.61,50.84,0.0,1.9,14.12,98.99,5.39,-2.14,LUD,30.9,75.85,subtropical_humid,NASA_POWER_daily_ag,1.931,3.485,0.522,dewpoint,242.2,19.138
2020-12-19,10.07,20.54,3.32,42.25,0.0,1.72,13.72,99.08,8.7,-3.58,LUD,30.9,75.85,subtropical_humid,NASA_POWER_daily_ag,2.041,3.15,0.4688,dewpoint,232.8,19.136
2020-12-20,11.64,22.39,4.77,42.41,0.0,1.79,12.86,99.12,54.51,-1.99,LUD,30.9,75.85,subtropical_humid,NASA_POWER_daily_ag,2.186,3.133,0.5278,dewpoint,228.6,19.138
2020-12-21,12.53,21.33,6.92,50.48,0.0,1.52,12.22,98.87,42.45,1.72,LUD,30.9,75.85,subtropical_humid,NASA_POWER_daily_ag,1.922,3.479,0.6916,dewpoint,254.7,19.144
2020-12-22,13.14,21.99,7.26,50.98,0.0,1.32,12.75,98.78,11.04,2.34,LUD,30.9,75.85,subtropical_humid,NASA_POWER_daily_ag,1.847,3.553,0.723,dewpoint,264.2,19.154
2020-12-23,13.23,21.57,8.03,53.24,0.0,1.24,12.62,98.71,16.64,3.16,LUD,30.9,75.85,subtropical_humid,NASA_POWER_daily_ag,1.767,3.639,0.7664,dewpoint,271.5,19.169
2020-12-24,12.7,21.13,7.91,51.67,0.0,1.34,12.04,98.76,29.47,2.33,LUD,30.9,75.85,subtropical_humid,NASA_POWER_daily_ag,1.8,3.527,0.7225,dewpoint,266.3,19.188
2020-12-25,12.03,20.88,6.57,53.32,0.0,1.59,10.74,98.87,58.44,2.0,LUD,30.9,75.85,subtropical_humid,NASA_POWER_daily_ag,1.864,3.455,0.7056,dewpoint,254.7,19.211
2020-12-26,12.08,20.76,5.38,49.96,0.0,1.25,8.61,98.76,66.49,1.03,LUD,30.9,75.85,subtropical_humid,NASA_POWER_daily_ag,1.708,3.263,0.6581,dewpoint,266.3,19.239
2020-12-27,12.31,21.27,6.13,50.71,3.84,2.08,9.21,98.4,58.29,1.3,LUD,30.9,75.85,subtropical_humid,NASA_POWER_daily_ag,2.204,3.311,0.6711,dewpoint,304.1,19.271
2020-12-28,8.02,15.42,3.27,63.72,0.05,1.03,9.83,98.84,37.42,0.6,LUD,30.9,75.85,subtropical_humid,NASA_POWER_daily_ag,1.242,3.566,0.638,dewpoint,257.9,19.307
2020-12-29,8.64,17.52,2.35,66.82,0.0,1.74,8.91,98.97,50.55,1.76,LUD,30.9,75.85,subtropical_humid,NASA_POWER_daily_ag,1.467,3.514,0.6936,dewpoint,244.3,19.347
2020-12-30,8.58,17.99,2.21,61.94,0.0,1.48,10.72,99.07,57.9,0.59,LUD,30.9,75.85,subtropical_humid,NASA_POWER_daily_ag,1.495,3.63,0.6375,dewpoint,233.8,19.391
2020-12-31,9.35,20.3,1.66,51.08,0.0,1.59,10.11,98.99,85.17,-1.6,LUD,30.9,75.85,subtropical_humid,NASA_POWER_daily_ag,1.77,3.366,0.5432,dewpoint,242.2,19.44
2021-01-01,11.65,19.51,6.34,39.5,0.0,0.79,7.25,98.89,85.23,-2.49,LUD,30.9,75.85,subtropical_humid,NASA_POWER_daily_ag,1.467,3.076,0.5086,dewpoint,252.7,19.44
2021-01-02,10.3,14.26,6.95,62.66,1.72,1.18,4.58,98.87,99.2,3.01,LUD,30.9,75.85,subtropical_humid,NASA_POWER_daily_ag,1.284,3.04,0.7583,dewpoint,254.7,19.492
2021-01-03,12.48,16.12,8.86,92.36,1.22,1.81,3.42,98.62,76.64,11.31,LUD,30.9,75.85,subtropical_humid,NASA_POWER_daily_ag,0.75,2.851,1.34,dewpoint,281.0,19.549
2021-01-04,15.36,21.65,10.94,83.61,1.44,1.58,6.83,98.77,83.06,12.51,LUD,30.9,75.85,subtropical_humid,NASA_POWER_daily_ag,1.231,3.648,1.4504,dewpoint,265.2,19.61
2021-01-05,14.34,17.69,12.1,91.31,10.87,2.58,4.48,98.73,86.46,12.91,LUD,30.9,75.85,subtropical_humid,NASA_POWER_daily_ag,0.925,3.124,1.489,dewpoint,269.4,19.675
2021-01-06,14.84,21.76,10.51,80.48,2.28,1.17,4.65,98.73,79.57,11.06,LUD,30.9,75.85,subtropical_humid,NASA_POWER_daily_ag,1.139,3.143,1.318,dewpoint,269.4,19.745
2021-01-07,12.96,20.66,7.82,73.04,0.0,1.32,4.9,98.67,98.15,7.84,LUD,30.9,75.85,subtropical_humid,NASA_POWER_daily_ag,1.267,3.17,1.0611,dewpoint,275.7,19.818
2021-01-08,12.94,20.88,8.85,58.53,0.0,0.89,9.22,98.64,76.11,4.3,LUD,30.9,75.85,subtropical_humid,NASA_POWER_daily_ag,1.461,3.664,0.8306,dewpoint,278.9,19.895
2021-01-09,12.2,21.14,6.62,66.46,0.0,1.53,5.13,98.79,95.24,5.38,LUD,30.9,75.85,subtropical_humid,NASA_POWER_daily_ag,1.492,3.194,0.8957,dewpoint,263.1,19.976
2021-01-10,10.7,19.46,4.54,69.03,0.0,1.7,10.24,98.79,83.88,4.35,LUD,30.9,75.85,subtropical_humid,NASA_POWER_daily_ag,1.587,4.0,0.8335,dewpoint,263.1,20.062
2021-01-11,10.06,19.74,3.25,61.23,0.0,1.58,9.16,98.82,83.21,1.56,LUD,30.9,75.85,subtropical_humid,NASA_POWER_daily_ag,1.666,3.697,0.6837,dewpoint,260.0,20.151
2021-01-12,10.44,21.31,3.6,56.81,0.0,1.61,11.6,98.82,67.64,0.8,LUD,30.9,75.85,subtropical_humid,NASA_POWER_daily_ag,1.836,3.901,0.6473,dewpoint,260.0,20.244
2021-01-13,9.51,19.93,2.6,56.63,0.0,1.53,10.87,98.72,82.44,-0.17,LUD,30.9,75.85,subtropical_humid,NASA_POWER_daily_ag,1.741,3.855,0.6033,dewpoint,270.5,20.341
2021-01-14,11.34,20.66,4.13,52.49,0.0,1.16,6.7,98.73,98.2,0.71,LUD,30.9,75.85,subtropical_humid,NASA_POWER_daily_ag,1.618,3.4,0.6431,dewpoint,269.4,20.442
2021-01-15,11.55,19.28,6.39,51.26,0.0,1.01,7.81,98.64,85.58,1.05,LUD,30.9,75.85,subtropical_humid,NASA_POWER_daily_ag,1.561,3.562,0.6591,dewpoint,278.9,20.546
2021-01-16,10.29,20.6,3.22,58.13,0.0,1.52,6.85,98.51,96.14,1.32,LUD,30.9,75.85,subtropical_humid,NASA_POWER_daily_ag,1.655,3.497,0.672,dewpoint,292.5,20.654
2021-01-17,10.99,19.4,5.11,50.01,0.0,1.41,9.78,98.67,67.61,0.06,LUD,30.9,75.85,subtropical_humid,NASA_POWER_daily_ag,1.851,3.833,0.6135,dewpoint,275.7,20.766
2021-01-18,12.51,22.17,5.72,44.09,0.0,0.96,9.93,98.86,58.72,-0.14,LUD,30.9,75.85,subtropical_humid,NASA_POWER_daily_ag,1.727,3.776,0.6046,dewpoint,255.8,20.882
2021-01-19,12.42,22.58,6.15,50.06,0.0,1.75,10.64,98.64,65.48,1.55,LUD,30.9,75.85,subtropical_humid,NASA_POWER_daily_ag,2.153,4.0,0.6832,dewpoint,278.9,21.001
2021-01-20,11.49,22.77,3.75,65.17,0.0,1.75,11.87,98.64,59.96,3.77,LUD,30.9,75.85,subtropical_humid,NASA_POWER_daily_ag,1.882,4.475,0.8002,dewpoint,278.9,21.124
2021-01-21,11.84,22.5,4.28,60.16,0.0,1.72,14.77,98.51,44.54,2.56,LUD,30.9,75.85,subtropical_humid,NASA_POWER_daily_ag,2.118,4.85,0.7344,dewpoint,292.5,21.25
2021-01-22,12.94,21.66,5.45,42.43,0.0,1.62,8.99,98.53,81.65,-0.46,LUD,30.9,75.85,subtropical_humid,NASA_POWER_daily_ag,2.275,3.819,0.5907,dewpoint,290.4,21.38
2021-01-23,13.2,21.21,7.59,48.95,1.05,3.01,8.6,98.32,81.61,1.69,LUD,30.9,75.85,subtropical_humid,NASA_POWER_daily_ag,2.892,3.886,0.6901,dewpoint,312.5,21.513
2021-01-24,11.53,19.55,6.87,58.31,0.05,1.05,6.23,98.79,93.63,2.73,LUD,30.9,75.85,subtropical_humid,NASA_POWER_daily_ag,1.49,3.605,0.7434,dewpoint,263.1,21.65
2021-01-25,12.07,21.43,5.79,53.45,0.0,0.99,13.44,98.93,39.9,2.12,LUD,30.9,75.85,subtropical_humid,NASA_POWER_daily_ag,1.796,4.784,0.7117,dewpoint,248.5,21.789
2021-01-26,11.52,21.11,4.96,49.53,0.0,1.38,15.71,98.9,3.56,0.11,LUD,30.9,75.85,subtropical_humid,NASA_POWER_daily_ag,2.13,5.017,0.6157,dewpoint,251.6,21.932
2021-01-27,11.19,21.21,3.61,46.65,0.0,1.56,16.12,98.89,5.77,-1.03,LUD,30.9,75.85,subtropical_humid,NASA_POWER_daily_ag,2.277,5.061,0.5665,dewpoint,252.7,22.079
2021-01-28,11.8,20.83,6.36,43.9,0.0,1.12,15.36,98.97,22.44,-1.15,LUD,30.9,75.85,subtropical_humid,NASA_POWER_daily_ag,2.053,4.897,0.5615,dewpoint,244.3,22.228
2021-01-29,10.93,20.97,3.59,49.19,0.0,1.81,15.76,99.03,22.41,-0.57,LUD,30.9,75.85,subtropical_humid,NASA_POWER_daily_ag,2.363,5.204,0.5859,dewpoint,238.0,22.38
2021-01-30,11.3,21.74,3.43,49.22,0.0,1.75,15.58,98.86,45.15,-0.59,LUD,30.9,75.85,subtropical_humid,NASA_POWER_daily_ag,2.393,5.21,0.5851,dewpoint,255.8,22.535
2021-01-31,14.06,22.91,6.64,38.84,0.0,1.15,15.56,98.88,36.41,-1.11,LUD,30.9,75.85,subtropical_humid,NASA_POWER_daily_ag,2.352,5.013,0.5632,dewpoint,253.7,22.693
2021-02-01,14.13,23.53,8.19,39.96,0.0,1.46,14.36,99.09,11.29,-0.32,LUD,30.9,75.85,subtropical_humid,NASA_POWER_daily_ag,2.534,4.891,0.5967,dewpoint,231.7,22.854
2021-02-02,15.09,24.28,8.17,44.27,0.0,1.11,14.59,98.86,29.43,1.78,LUD,30.9,75.85,subtropical_humid,NASA_POWER_daily_ag,2.322,5.192,0.6946,dewpoint,255.8,23.018
2021-02-03,15.15,24.7,8.6,43.5,0.59,1.38,10.88,98.73,75.22,1.68,LUD,30.9,75.85,subtropical_humid,NASA_POWER_daily_ag,2.408,4.578,0.6896,dewpoint,269.4,23.184
2021-02-04,12.69,20.44,8.21,61.58,5.02,1.92,11.82,98.94,43.13,4.96,LUD,30.9,75.85,subtropical_humid,NASA_POWER_daily_ag,2.156,5.198,0.8699,dewpoint,247.4,23.353
2021-02-05,13.0,20.67,7.17,60.04,0.0,1.19,16.38,99.02,10.28,4.63,LUD,30.9,75.85,subtropical_humid,NASA_POWER_daily_ag,2.161,6.302,0.85,dewpoint,239.0,23.525
2021-02-06,13.02,21.86,6.34,61.54,0.0,1.72,16.31,99.02,10.96,4.7,LUD,30.9,75.85,subtropical_humid,NASA_POWER_daily_ag,2.389,6.337,0.8542,dewpoint,239.0,23.699
2021-02-07,13.63,23.2,5.44,55.93,0.0,1.86,16.59,98.93,46.33,3.66,LUD,30.9,75.85,subtropical_humid,NASA_POWER_daily_ag,2.66,6.304,0.794,dewpoint,248.5,23.875
2021-02-08,15.21,24.69,8.67,50.97,0.0,1.43,16.25,98.93,48.21,4.29,LUD,30.9,75.85,subtropical_humid,NASA_POWER_daily_ag,2.604,6.176,0.83,dewpoint,248.5,24.054
2021-02-09,17.18,25.72,9.94,47.18,0.0,1.3,13.85,98.58,51.24,4.32,LUD,30.9,75.85,subtropical_humid,NASA_POWER_daily_ag,2.669,5.635,0.8318,dewpoint,285.2,24.235
2021-02-10,16.47,25.16,10.27,45.66,0.0,1.31,15.16,98.55,48.11,3.85,LUD,30.9,75.85,subtropical_humid,NASA_POWER_daily_ag,2.684,5.939,0.8047,dewpoint,288.3,24.418
2021-02-11,17.01,26.18,11.15,52.14,0.0,1.26,13.83,98.58,65.96,6.46,LUD,30.9,75.85,subtropical_humid,NASA_POWER_daily_ag,2.524,5.921,0.9653,dewpoint,285.2,24.603
2021-02-12,17.64,26.86,11.81,49.43,0.0,1.32,12.18,98.63,70.66,5.76,LUD,30.9,75.85,subtropical_humid,NASA_POWER_daily_ag,2.601,5.466,0.9197,dewpoint,279.9,24.79
2021-02-13,17.91,24.93,13.28,47.03,0.0,0.98,13.47,98.64,70.47,5.67,LUD,30.9,75.85,subtropical_humid,NASA_POWER_daily_ag,2.465,5.837,0.914,dewpoint,278.9,24.979
2021-02-14,17.95,26.69,12.18,46.63,0.0,1.13,13.14,98.63,57.78,5.02,LUD,30.9,75.85,subtropical_humid,NASA_POWER_daily_ag,2.605,5.722,0.8735,dewpoint,279.9,25.17
2021-02-15,18.14,26.88,12.46,43.88,0.0,1.24,13.94,98.49,54.89,4.84,LUD,30.9,75.85,subtropical_humid,NASA_POWER_daily_ag,2.782,5.935,0.8626,dewpoint,294.6,25.363
2021-02-16,18.03,26.32,12.79,49.24,0.0,1.28,13.31,98.49,65.39,6.42,LUD,30.9,75.85,subtropical_humid,NASA_POWER_daily_ag,2.701,6.004,0.9627,dewpoint,294.6,25.557
2021-02-17,18.46,27.01,12.28,46.25,0.01,1.09,14.2,98.63,71.34,5.65,LUD,30.9,75.85,subtropical_humid,NASA_POWER_daily_ag,2.708,6.195,0.9127,dewpoint,279.9,25.752
2021-02-18,18.36,27.82,12.26,42.68,0.0,1.2,12.31,98.92,77.31,4.22,LUD,30.9,75.85,subtropical_humid,NASA_POWER_daily_ag,2.742,5.621,0.8259,dewpoint,249.5,25.95
2021-02-19,17.85,26.5,12.07,43.19,0.0,1.36,14.15,99.09,55.11,4.25,LUD,30.9,75.85,subtropical_humid,NASA_POWER_daily_ag,2.938,6.165,0.8277,dewpoint,231.7,26.148
2021-02-20,17.83,25.44,13.0,42.93,0.0,1.24,14.24,99.07,70.61,4.18,LUD,30.9,75.85,subtropical_humid,NASA_POWER_daily_ag,2.86,6.246,0.8236,dewpoint,233.8,26.348
2021-02-21,18.37,27.38,11.23,42.88,0.0,1.7,15.82,98.89,56.76,4.24,LUD,30.9,75.85,subtropical_humid,NASA_POWER_daily_ag,3.411,6.698,0.8271,dewpoint,252.7,26.549
2021-02-22,20.58,29.43,14.24,36.23,0.0,1.24,17.12,98.68,36.06,4.0,LUD,30.9,75.85,subtropical_humid,NASA_POWER_daily_ag,3.378,6.859,0.8133,dewpoint,274.7,26.751
2021-02-23,22.53,30.95,13.14,30.88,0.0,1.16,16.05,98.43,46.37,2.76,LUD,30.9,75.85,subtropical_humid,NASA_POWER_daily_ag,3.498,6.506,0.745,dewpoint,300.9,26.954
2021-02-24,22.15,32.06,14.84,30.98,0.0,1.2,18.02,98.33,15.43,2.78,LUD,30.9,75.85,subtropical_humid,NASA_POWER_daily_ag,3.605,6.902,0.746,dewpoint,311.4,27.158
2021-02-25,22.28,32.05,15.16,33.71,0.0,1.48,18.89,98.22,5.96,4.34,LUD,30.9,75.85,subtropical_humid,NASA_POWER_daily_ag,3.974,7.392,0.8329,dewpoint,323.0,27.363
2021-02-26,22.94,32.38,15.11,38.19,0.08,1.59,18.07,97.92,34.53,6.72,LUD,30.9,75.85,subtropical_humid,NASA_POWER_daily_ag,4.069,7.605,0.9828,dewpoint,354.6,27.569
2021-02-27,21.79,31.32,15.69,39.91,0.99,1.89,19.29,97.84,7.93,5.78,LUD,30.9,75.85,subtropical_humid,NASA_POWER_daily_ag,4.309,7.888,0.921,dewpoint,363.1,27.775
2021-02-28,19.97,28.72,14.12,29.81,0.01,1.24,20.37,98.28,23.85,0.18,LUD,30.9,75.85,subtropical_humid,NASA_POWER_daily_ag,3.685,7.598,0.6188,dewpoint,316.7,27.982
2021-03-01,18.88,28.05,11.76,36.34,0.0,2.01,20.58,98.65,32.48,2.32,LUD,30.9,75.85,subtropical_humid,NASA_POWER_daily_ag,4.248,8.181,0.722,dewpoint,277.8,28.189
2021-03-02,19.1,29.61,10.16,37.49,0.0,2.57,21.69,98.63,27.46,1.81,LUD,30.9,75.85,subtropical_humid,NASA_POWER_daily_ag,4.842,8.458,0.6961,dewpoint,279.9,28.396
2021-03-03,21.22,31.6,12.09,30.7,0.0,1.57,21.24,98.39,8.86,0.75,LUD,30.9,75.85,subtropical_humid,NASA_POWER_daily_ag,4.305,8.055,0.645,dewpoint,305.1,28.604
2021-03-04,22.22,32.52,14.19,26.76,0.0,1.42,20.4,98.41,9.93,0.46,LUD,30.9,75.85,subtropical_humid,NASA_POWER_daily_ag,4.21,7.737,0.6316,dewpoint,303.0,28.812
2021-03-05,22.25,32.07,14.52,32.39,0.0,2.56,21.54,98.38,7.7,3.23,LUD,30.9,75.85,subtropical_humid,NASA_POWER_daily_ag,5.409,8.525,0.7702,dewpoint,306.2,29.021
2021-03-06,22.28,32.94,12.71,32.56,0.0,1.78,20.47,98.24,34.77,1.77,LUD,30.9,75.85,subtropical_humid,NASA_POWER_daily_ag,4.659,8.145,0.6941,dewpoint,320.9,29.229
2021-03-07,24.31,32.7,17.24,35.99,0.57,3.86,14.07,98.17,86.38,6.9,LUD,30.9,75.85,subtropical_humid,NASA_POWER_daily_ag,6.227,6.916,0.995,dewpoint,328.3,29.437
2021-03-08,23.93,32.37,15.17,43.31,0.62,2.17,19.57,98.36,22.6,9.23,LUD,30.9,75.85,subtropical_humid,NASA_POWER_daily_ag,4.921,9.076,1.166,dewpoint,308.3,29.645
2021-03-09,25.02,33.26,17.82,35.08,0.0,0.82,17.98,98.44,43.19,7.55,LUD,30.9,75.85,subtropical_humid,NASA_POWER_daily_ag,3.596,8.238,1.0403,dewpoint,299.9,29.853
2021-03-10,25.18,32.74,19.23,32.32,0.03,1.24,18.75,98.44,28.43,6.81,LUD,30.9,75.85,subtropical_humid,NASA_POWER_daily_ag,4.214,8.397,0.9889,dewpoint,299.9,30.06
2021-03-11,25.04,34.47,16.88,29.66,0.07,1.03,20.19,98.49,35.12,3.66,LUD,30.9,75.85,subtropical_humid,NASA_POWER_daily_ag,4.091,8.428,0.794,dewpoint,294.6,30.267
2021-03-12,24.51,32.64,18.76,26.38,0.04,2.32,11.34,98.73,82.51,3.11,LUD,30.9,75.85,subtropical_humid,NASA_POWER_daily_ag,5.04,6.041,0.7637,dewpoint,269.4,30.473
2021-03-13,23.6,33.02,15.02,36.79,0.58,1.66,18.07,98.83,48.45,6.6,LUD,30.9,75.85,subtropical_humid,NASA_POWER_daily_ag,4.483,8.46,0.9747,dewpoint,258.9,30.679
2021-03-14,23.36,31.96,16.28,36.26,0.0,1.78,19.47,98.49,26.63,6.18,LUD,30.9,75.85,subtropical_humid,NASA_POWER_daily_ag,4.711,8.912,0.9468,dewpoint,294.6,30.884
2021-03-15,23.57,31.74,17.01,40.29,0.0,1.99,15.22,98.4,73.7,8.23,LUD,30.9,75.85,subtropical_humid,NASA_POWER_daily_ag,4.479,7.801,1.0897,dewpoint,304.1,31.089
2021-03-16,25.16,33.62,17.86,37.47,0.0,1.96,16.72,98.4,79.52,8.05,LUD,30.9,75.85,subtropical_humid,NASA_POWER_daily_ag,4.884,8.252,1.0764,dewpoint,304.1,31.292
2021-03-17,25.69,34.14,18.05,34.18,0.0,1.7,17.56,98.25,56.43,7.44,LUD,30.9,75.85,subtropical_humid,NASA_POWER_daily_ag,4.808,8.484,1.0325,dewpoint,319.8,31.495
2021-03-18,25.65,34.63,18.22,31.64,0.0,1.4,18.46,98.3,78.28,5.98,LUD,30.9,75.85,subtropical_humid,NASA_POWER_daily_ag,4.582,8.614,0.9338,dewpoint,314.6,31.697
2021-03-19,25.18,34.19,17.23,33.05,0.0,1.74,18.82,98.26,73.24,6.59,LUD,30.9,75.85,subtropical_humid,NASA_POWER_daily_ag,4.949,8.913,0.974,dewpoint,318.8,31.897
2021-03-20,25.64,34.79,17.7,34.75,0.0,1.9,22.3,98.08,16.72,7.3,LUD,30.9,75.85,subtropical_humid,NASA_POWER_daily_ag,5.481,10.184,1.0227,dewpoint,337.7,32.097
2021-03-21,25.55,34.39,18.32,37.2,0.47,2.24,14.89,98.04,96.54,8.58,LUD,30.9,75.85,subtropical_humid,NASA_POWER_daily_ag,5.091,7.869,1.1159,dewpoint,342.0,32.295
2021-03-22,25.95,33.65,19.16,37.84,2.36,2.84,16.37,98.26,87.81,8.68,LUD,30.9,75.85,subtropical_humid,NASA_POWER_daily_ag,5.899,8.435,1.1235,dewpoint,318.8,32.492
2021-03-23,23.8,31.14,19.11,40.27,4.96,2.57,17.97,98.47,65.48,8.89,LUD,30.9,75.85,subtropical_humid,NASA_POWER_daily_ag,5.284,9.153,1.1396,dewpoint,296.7,32.688
2021-03-24,22.94,31.51,15.1,42.41,0.0,2.07,22.61,98.68,36.83,7.79,LUD,30.9,75.85,subtropical_humid,NASA_POWER_daily_ag,5.227,10.856,1.0575,dewpoint,274.7,32.882
2021-03-25,22.11,30.94,13.74,42.65,0.0,2.27,18.55,98.56,73.75,6.86,LUD,30.9,75.85,subtropical_humid,NASA_POWER_daily_ag,4.95,9.372,0.9923,dewpoint,287.3,33.075
2021-03-26,23.68,33.6,14.28,38.05,0.0,1.98,22.43,98.31,21.47,6.59,LUD,30.9,75.85,subtropical_humid,NASA_POWER_daily_ag,5.366,10.648,0.974,dewpoint,313.5,33.266
2021-03-27,26.46,35.95,18.5,33.31,0.0,1.64,23.11,98.13,13.82,7.77,LUD,30.9,75.85,subtropical_humid,NASA_POWER_daily_ag,5.48,10.851,1.0561,dewpoint,332.5,33.456
2021-03-28,28.35,37.55,19.16,33.89,0.0,1.49,21.23,97.84,37.1,9.28,LUD,30.9,75.85,subtropical_humid,NASA_POWER_daily_ag,5.366,10.392,1.17,dewpoint,363.1,33.644
2021-03-29,28.55,38.67,21.12,26.34,0.01,2.93,20.92,97.57,66.85,4.9,LUD,30.9,75.85,subtropical_humid,NASA_POWER_daily_ag,7.322,9.558,0.8662,dewpoint,391.6,33.83
2021-03-30,27.98,37.46,20.09,29.84,0.04,2.3,22.93,97.27,30.09,6.3,LUD,30.9,75.85,subtropical_humid,NASA_POWER_daily_ag,6.578,10.584,0.9547,dewpoint,423.4,34.015
2021-03-31,24.83,35.49,14.24,23.81,0.0,3.56,27.57,97.44,4.58,-3.34,LUD,30.9,75.85,subtropical_humid,NASA_POWER_daily_ag,8.138,10.936,0.4773,dewpoint,405.4,34.197
2021-04-01,23.37,34.76,12.15,23.6,0.0,3.22,25.3,97.48,7.51,-3.96,LUD,30.9,75.85,subtropical_humid,NASA_POWER_daily_ag,7.349,10.452,0.4556,dewpoint,401.1,34.378
2021-04-02,22.45,34.09,11.92,18.88,0.0,2.5,26.36,97.72,13.58,-6.92,LUD,30.9,75.85,subtropical_humid,NASA_POWER_daily_ag,6.558,10.484,0.3636,dewpoint,375.7,34.557
2021-04-03,24.1,35.21,14.11,16.91,0.0,1.92,27.77,98.08,3.49,-5.47,LUD,30.9,75.85,subtropical_humid,NASA_POWER_daily_ag,6.201,10.895,0.4064,dewpoint,337.7,34.734
2021-04-04,24.88,34.0,16.53,18.68,0.0,2.29,24.15,98.17,30.96,-2.04,LUD,30.9,75.85,subtropical_humid,NASA_POWER_daily_ag,6.505,10.351,0.5259,dewpoint,328.3,34.909
2021-04-05,26.16,34.31,19.45,32.58,0.01,3.44,18.68,98.16,92.12,7.49,LUD,30.9,75.85,subtropical_humid,NASA_POWER_daily_ag,6.965,9.657,1.0361,dewpoint,329.3,35.082
2021-04-06,25.0,32.55,20.3,48.87,3.67,3.13,10.41,98.04,93.6,12.52,LUD,30.9,75.85,subtropical_humid,NASA_POWER_daily_ag,4.896,6.817,1.4514,dewpoint,342.0,35.252
2021-04-07,24.88,33.84,17.02,44.39,1.52,2.55,24.97,98.29,40.9,7.67,LUD,30.9,75.85,subtropical_humid,NASA_POWER_daily_ag,6.434,12.233,1.0489,dewpoint,315.6,35.421
2021-04-08,24.36,34.52,14.46,31.19,0.0,2.34,25.3,98.17,54.34,2.86,LUD,30.9,75.85,subtropical_humid,NASA_POWER_daily_ag,6.452,11.696,0.7503,dewpoint,328.3,35.587
2021-04-09,25.95,36.0,16.45,22.36,0.0,2.28,25.52,98.23,43.18,0.57,LUD,30.9,75.85,subtropical_humid,NASA_POWER_daily_ag,6.781,11.289,0.6366,dewpoint,321.9,35.751
2021-04-10,26.76,36.46,17.29,22.59,0.0,2.33,25.38,98.33,29.98,1.97,LUD,30.9,75.85,subtropical_humid,NASA_POWER_daily_ag,6.948,11.433,0.7041,dewpoint,311.4,35.913
2021-04-11,28.63,38.64,18.42,23.82,0.0,2.03,24.38,98.3,46.66,4.5,LUD,30.9,75.85,subtropical_humid,NASA_POWER_daily_ag,6.73,11.366,0.8423,dewpoint,314.6,36.073
2021-04-12,30.07,37.91,23.13,24.57,0.02,2.47,23.69,98.38,64.33,6.53,LUD,30.9,75.85,subtropical_humid,NASA_POWER_daily_ag,7.426,11.327,0.97,dewpoint,306.2,36.23
2021-04-13,30.57,39.59,21.99,25.25,0.0,2.54,23.15,98.18,61.22,7.2,LUD,30.9,75.85,subtropical_humid,NASA_POWER_daily_ag,7.541,11.256,1.0157,dewpoint,327.2,36.385
2021-04-14,31.28,39.33,23.53,26.61,0.0,2.54,23.04,98.0,83.44,8.43,LUD,30.9,75.85,subtropical_humid,NASA_POWER_daily_ag,7.62,11.41,1.1046,dewpoint,346.2,36.537
2021-04-15,30.77,39.0,23.21,24.75,0.0,1.76,20.01,97.95,91.81,7.18,LUD,30.9,75.85,subtropical_humid,NASA_POWER_daily_ag,6.196,10.18,1.0143,dewpoint,351.5,36.687
2021-04-16,29.03,37.16,22.02,28.77,0.38,2.33,13.29,97.87,93.35,7.83,LUD,30.9,75.85,subtropical_humid,NASA_POWER_daily_ag,5.961,7.859,1.0604,dewpoint,359.9,36.835
2021-04-17,26.32,33.55,20.78,42.43,3.13,2.82,20.05,98.18,72.72,11.52,LUD,30.9,75.85,subtropical_humid,NASA_POWER_daily_ag,6.235,11.072,1.3588,dewpoint,327.2,36.98
2021-04-18,27.31,35.75,19.39,39.9,0.11,1.47,25.05,98.36,47.28,10.58,LUD,30.9,75.85,subtropical_humid,NASA_POWER_daily_ag,5.821,13.029,1.2765,dewpoint,308.3,37.123
2021-04-19,28.68,37.68,20.67,27.77,0.0,2.26,26.29,97.97,45.3,6.12,LUD,30.9,75.85,subtropical_humid,NASA_POWER_daily_ag,7.246,12.615,0.9429,dewpoint,349.3,37.264
2021-04-20,24.93,31.97,19.61,31.3,1.22,1.73,8.25,97.88,99.65,5.65,LUD,30.9,75.85,subtropical_humid,NASA_POWER_daily_ag,4.197,6.002,0.9127,dewpoint,358.8,37.401
2021-04-21,22.14,27.21,17.6,57.23,4.53,2.21,20.16,98.13,76.53,12.66,LUD,30.9,75.85,subtropical_humid,NASA_POWER_daily_ag,4.696,11.635,1.4648,dewpoint,332.5,37.537
2021-04-22,26.18,33.21,19.16,40.4,0.74,1.43,21.33,98.23,67.48,10.79,LUD,30.9,75.85,subtropical_humid,NASA_POWER_daily_ag,5.204,11.709,1.2945,dewpoint,321.9,37.67
2021-04-23,21.91,27.28,17.4,56.2,15.07,2.93,20.6,98.28,58.31,12.38,LUD,30.9,75.85,subtropical_humid,NASA_POWER_daily_ag,5.06,11.848,1.4381,dewpoint,316.7,37.8
2021-04-24,24.48,33.89,15.63,39.75,0.0,2.36,29.23,98.28,5.41,7.88,LUD,30.9,75.85,subtropical_humid,NASA_POWER_daily_ag,6.765,14.716,1.064,dewpoint,316.7,37.928
2021-04-25,26.81,37.91,16.49,30.52,0.0,2.12,29.35,98.17,6.37,5.28,LUD,30.9,75.85,subtropical_humid,NASA_POWER_daily_ag,7.136,14.018,0.8895,dewpoint,328.3,38.053
2021-04-26,29.93,39.51,20.54,26.11,0.0,1.88,28.5,97.97,7.01,6.71,LUD,30.9,75.85,subtropical_humid,NASA_POWER_daily_ag,7.264,13.714,0.9821,dewpoint,349.3,38.176
2021-04-27,32.02,41.45,24.25,26.08,0.0,1.82,26.38,97.86,45.18,8.78,LUD,30.9,75.85,subtropical_humid,NASA_POWER_daily_ag,7.218,13.064,1.1311,dewpoint,361.0,38.296
2021-04-28,32.41,41.34,25.7,27.73,0.0,1.78,23.11,97.95,74.93,10.23,LUD,30.9,75.85,subtropical_humid,NASA_POWER_daily_ag,6.814,12.014,1.247,dewpoint,351.5,38.414
2021-04-29,32.89,41.82,25.02,28.51,0.0,1.66,20.43,97.89,78.81,10.68,LUD,30.9,75.85,subtropical_humid,NASA_POWER_daily_ag,6.391,11.034,1.2851,dewpoint,357.8,38.529
2021-04-30,33.07,41.65,24.15,27.25,0.15,1.47,22.96,97.84,81.43,10.28,LUD,30.9,75.85,subtropical_humid,NASA_POWER_daily_ag,6.464,12.055,1.2512,dewpoint,363.1,38.641
2021-05-01,32.7,39.91,25.75,30.36,0.16,0.79,20.22,97.83,91.87,11.98,LUD,30.9,75.85,subtropical_humid,NASA_POWER_daily_ag,5.014,11.209,1.4007,dewpoint,364.1,38.751
2021-05-02,33.22,40.63,25.44,28.92,0.42,1.03,22.27,97.83,69.25,11.59,LUD,30.9,75.85,subtropical_humid,NASA_POWER_daily_ag,5.718,12.022,1.3651,dewpoint,364.1,38.859
2021-05-03,31.92,38.29,26.25,32.05,0.66,1.39,21.63,97.77,59.01,12.17,LUD,30.9,75.85,subtropical_humid,NASA_POWER_daily_ag,6.014,11.916,1.4184,dewpoint,370.5,38.964
2021-05-04,32.15,40.28,24.42,33.27,2.66,1.77,17.07,97.62,71.51,12.3,LUD,30.9,75.85,subtropical_humid,NASA_POWER_daily_ag,5.983,9.973,1.4306,dewpoint,386.3,39.066
2021-05-05,31.14,38.45,24.18,37.32,1.1,1.29,21.47,97.8,55.21,13.56,LUD,30.9,75.85,subtropical_humid,NASA_POWER_daily_ag,5.738,12.144,1.5535,dewpoint,367.3,39.166
2021-05-06,31.68,39.23,24.34,33.47,1.04,1.31,20.34,97.92,76.39,12.5,LUD,30.9,75.85,subtropical_humid,NASA_POWER_daily_ag,5.716,11.476,1.4495,dewpoint,354.6,39.263
2021-05-07,29.89,36.14,24.58,37.72,1.69,0.86,23.27,98.16,62.5,13.12,LUD,30.9,75.85,subtropical_humid,NASA_POWER_daily_ag,5.31,12.979,1.5096,dewpoint,329.3,39.358
2021-05-08,31.92,38.44,24.76,31.97,0.0,1.06,23.34,97.97,47.83,12.18,LUD,30.9,75.85,subtropical_humid,NASA_POWER_daily_ag,5.816,12.791,1.4193,dewpoint,349.3,39.451
2021-05-09,33.0,39.97,25.02,26.76,0.0,1.49,21.03,97.72,66.76,10.4,LUD,30.9,75.85,subtropical_humid,NASA_POWER_daily_ag,6.308,11.5,1.2613,dewpoint,375.7,39.541
2021-05-10,33.24,39.68,27.25,27.54,2.32,1.31,21.27,97.54,75.98,10.97,LUD,30.9,75.85,subtropical_humid,NASA_POWER_daily_ag,6.071,11.645,1.3101,dewpoint,394.8,39.628
2021-05-11,32.04,39.54,24.23,29.97,0.52,1.73,20.31,97.51,74.1,10.97,LUD,30.9,75.85,subtropical_humid,NASA_POWER_daily_ag,6.42,11.342,1.3101,dewpoint,398.0,39.713
2021-05-12,32.9,39.09,26.32,32.69,5.6,1.39,15.32,97.32,90.12,12.98,LUD,30.9,75.85,subtropical_humid,NASA_POWER_daily_ag,5.319,9.362,1.4958,dewpoint,418.1,39.796
2021-05-13,30.2,34.84,25.6,40.63,1.43,1.17,13.26,97.54,72.23,14.57,LUD,30.9,75.85,subtropical_humid,NASA_POWER_daily_ag,4.327,8.601,1.6587,dewpoint,394.8,39.876
2021-05-14,30.32,37.38,23.0,37.04,0.01,1.21,25.78,97.58,59.2,12.9,LUD,30.9,75.85,subtropical_humid,NASA_POWER_daily_ag,6.18,14.215,1.488,dewpoint,390.5,39.953
2021-05-15,31.8,39.15,24.3,30.54,0.07,1.75,20.27,97.68,56.65,10.95,LUD,30.9,75.85,subtropical_humid,NASA_POWER_daily_ag,6.424,11.384,1.3084,dewpoint,380.0,40.029
2021-05-16,33.2,40.43,25.7,26.85,0.01,1.36,24.84,97.82,44.13,10.66,LUD,30.9,75.85,subtropical_humid,NASA_POWER_daily_ag,6.642,13.208,1.2833,dewpoint,365.2,40.102
2021-05-17,34.16,42.39,25.55,24.82,0.0,2.66,26.74,97.75,12.81,9.59,LUD,30.9,75.85,subtropical_humid,NASA_POWER_daily_ag,8.967,13.737,1.1946,dewpoint,372.6,40.172
2021-05-18,33.55,40.07,25.52,24.85,0.1,2.34,14.66,97.62,85.6,9.58,LUD,30.9,75.85,subtropical_humid,NASA_POWER_daily_ag,6.966,8.877,1.1938,dewpoint,386.3,40.24
2021-05-19,31.54,37.79,25.37,30.97,0.43,2.18,9.78,97.59,97.56,11.76,LUD,30.9,75.85,subtropical_humid,NASA_POWER_daily_ag,5.593,6.919,1.3805,dewpoint,389.5,40.306
2021-05-20,32.07,39.01,23.39,33.6,0.25,2.2,25.32,97.38,24.39,12.64,LUD,30.9,75.85,subtropical_humid,NASA_POWER_daily_ag,7.649,13.969,1.4629,dewpoint,411.7,40.37
2021-05-21,31.03,38.01,24.36,39.49,6.16,2.52,26.24,97.59,40.75,14.52,LUD,30.9,75.85,subtropical_humid,NASA_POWER_daily_ag,7.756,14.763,1.6534,dewpoint,389.5,40.431
2021-05-22,31.67,38.72,23.83,33.92,0.05,1.62,27.43,97.64,46.71,12.12,LUD,30.9,75.85,subtropical_humid,NASA_POWER_daily_ag,7.152,14.835,1.4137,dewpoint,384.2,40.49
2021-05-23,31.27,38.48,24.48,27.89,0.0,2.18,8.6,97.71,95.93,9.42,LUD,30.9,75.85,subtropical_humid,NASA_POWER_daily_ag,5.622,6.399,1.181,dewpoint,376.8,40.547
2021-05-24,31.75,39.43,23.16,26.3,0.83,3.48,28.58,97.77,32.15,8.84,LUD,30.9,75.85,subtropical_humid,NASA_POWER_daily_ag,9.736,14.704,1.1357,dewpoint,370.5,40.601
2021-05-25,33.3,41.87,24.23,22.94,0.0,3.19,28.9,97.44,33.38,7.29,LUD,30.9,75.85,subtropical_humid,NASA_POWER_daily_ag,9.886,14.378,1.022,dewpoint,405.4,40.653
2021-05-26,35.1,42.96,27.88,17.39,0.0,1.94,29.09,97.15,19.89,5.48,LUD,30.9,75.85,subtropical_humid,NASA_POWER_daily_ag,8.365,13.886,0.902,dewpoint,436.1,40.703
2021-05-27,35.61,44.45,25.81,15.4,0.0,2.02,28.41,97.11,17.58,4.25,LUD,30.9,75.85,subtropical_humid,NASA_POWER_daily_ag,8.516,13.445,0.8277,dewpoint,440.4,40.751
2021-05-28,36.05,44.07,26.64,16.49,0.0,1.71,26.15,97.25,54.4,6.03,LUD,30.9,75.85,subtropical_humid,NASA_POWER_daily_ag,7.783,12.918,0.9371,dewpoint,425.5,40.796
2021-05-29,36.2,43.37,28.36,26.63,0.0,3.33,24.21,97.35,45.67,13.35,LUD,30.9,75.85,subtropical_humid,NASA_POWER_daily_ag,9.852,13.366,1.5324,dewpoint,414.9,40.84
2021-05-30,33.99,40.11,28.69,41.55,6.73,2.65,24.6,97.42,54.22,18.47,LUD,30.9,75.85,subtropical_humid,NASA_POWER_daily_ag,8.047,14.632,2.1258,dewpoint,407.5,40.881
2021-05-31,35.87,42.64,28.08,33.68,2.82,1.59,24.63,97.09,77.47,15.98,LUD,30.9,75.85,subtropical_humid,NASA_POWER_daily_ag,7.287,14.103,1.816,dewpoint,442.5,40.92
2021-06-01,32.53,37.76,27.07,40.07,5.25,1.67,12.96,97.44,93.47,15.93,LUD,30.9,75.85,subtropical_humid,NASA_POWER_daily_ag,5.171,8.593,1.8102,dewpoint,405.4,40.957
2021-06-02,32.8,39.37,26.29,36.71,3.56,1.79,24.05,97.55,84.03,15.2,LUD,30.9,75.85,subtropical_humid,NASA_POWER_daily_ag,7.004,13.845,1.7274,dewpoint,393.7,40.992
2021-06-03,32.07,37.46,26.14,43.06,6.87,0.8,20.91,97.77,96.91,16.7,LUD,30.9,75.85,subtropical_humid,NASA_POWER_daily_ag,5.189,12.613,1.9012,dewpoint,370.5,41.024
2021-06-04,32.87,38.78,26.3,38.32,4.19,1.14,21.08,97.73,96.03,15.92,LUD,30.9,75.85,subtropical_humid,NASA_POWER_daily_ag,5.748,12.552,1.809,dewpoint,374.7,41.055
2021-06-05,33.57,38.94,28.18,35.98,3.06,0.75,23.97,97.56,82.09,15.8,LUD,30.9,75.85,subtropical_humid,NASA_POWER_daily_ag,5.731,13.889,1.7952,dewpoint,392.7,41.083
2021-06-06,34.69,40.81,28.03,34.15,0.15,1.02,26.03,97.46,51.69,15.83,LUD,30.9,75.85,subtropical_humid,NASA_POWER_daily_ag,6.542,14.835,1.7986,dewpoint,403.2,41.11
2021-06-07,36.16,42.41,29.31,34.48,0.09,2.4,21.35,97.17,80.02,17.44,LUD,30.9,75.85,subtropical_humid,NASA_POWER_daily_ag,7.893,12.778,1.9924,dewpoint,434.0,41.134
2021-06-08,37.71,45.24,29.85,29.77,0.0,3.18,24.77,96.92,56.06,15.95,LUD,30.9,75.85,subtropical_humid,NASA_POWER_daily_ag,9.895,14.068,1.8125,dewpoint,460.6,41.157
2021-06-09,38.82,45.92,30.63,28.65,0.0,3.24,25.59,96.76,32.26,16.65,LUD,30.9,75.85,subtropical_humid,NASA_POWER_daily_ag,10.321,14.56,1.8952,dewpoint,477.6,41.177
2021-06-10,38.52,44.95,31.87,29.7,1.78,2.43,23.99,96.74,61.66,17.06,LUD,30.9,75.85,subtropical_humid,NASA_POWER_daily_ag,8.828,13.879,1.9451,dewpoint,479.7,41.195
2021-06-11,36.51,42.41,29.8,37.36,4.16,2.07,22.79,96.78,85.58,18.68,LUD,30.9,75.85,subtropical_humid,NASA_POWER_daily_ag,7.668,13.72,2.1539,dewpoint,475.5,41.212
2021-06-12,35.49,41.57,29.65,42.87,6.52,2.64,21.66,96.9,90.38,19.94,LUD,30.9,75.85,subtropical_humid,NASA_POWER_daily_ag,7.829,13.382,2.3296,dewpoint,462.7,41.226
2021-06-13,33.42,39.99,27.05,49.2,7.97,2.56,17.52,97.07,59.99,20.26,LUD,30.9,75.85,subtropical_humid,NASA_POWER_daily_ag,6.542,11.299,2.3762,dewpoint,444.6,41.238
2021-06-14,34.23,40.42,27.97,36.19,0.93,1.34,23.2,96.9,48.15,16.25,LUD,30.9,75.85,subtropical_humid,NASA_POWER_daily_ag,6.501,13.595,1.8475,dewpoint,462.7,41.248
2021-06-15,34.08,40.41,28.21,37.13,2.48,1.69,20.11,96.64,69.82,16.35,LUD,30.9,75.85,subtropical_humid,NASA_POWER_daily_ag,6.467,12.105,1.8593,dewpoint,490.4,41.257
2021-06-16,28.9,32.57,23.97,60.5,9.34,2.5,18.56,97.05,73.06,20.22,LUD,30.9,75.85,subtropical_humid,NASA_POWER_daily_ag,5.448,12.021,2.3703,dewpoint,446.7,41.263
2021-06-17,32.78,38.6,25.76,44.5,0.57,1.21,17.99,97.17,75.73,18.06,LUD,30.9,75.85,subtropical_humid,NASA_POWER_daily_ag,5.285,11.333,2.0718,dewpoint,434.0,41.268
2021-06-18,34.2,40.48,27.25,35.45,0.02,1.18,23.46,97.18,65.63,15.69,LUD,30.9,75.85,subtropical_humid,NASA_POWER_daily_ag,6.334,13.64,1.7826,dewpoint,432.9,41.27
2021-06-19,33.66,40.41,26.73,39.03,0.23,2.05,25.45,97.17,42.78,16.3,LUD,30.9,75.85,subtropical_humid,NASA_POWER_daily_ag,7.632,14.737,1.8534,dewpoint,434.0,41.271
2021-06-20,33.75,39.87,26.42,38.57,0.66,1.78,24.91,97.25,63.44,16.33,LUD,30.9,75.85,subtropical_humid,NASA_POWER_daily_ag,7.255,14.503,1.857,dewpoint,425.5,41.269
2021-06-21,34.59,41.41,27.24,31.28,0.01,2.05,23.93,97.34,64.86,14.13,LUD,30.9,75.85,subtropical_humid,NASA_POWER_daily_ag,7.704,13.558,1.6121,dewpoint,416.0,41.266
2021-06-22,35.13,42.44,27.6,31.61,0.0,2.27,26.08,97.29,33.31,14.63,LUD,30.9,75.85,subtropical_humid,NASA_POWER_daily_ag,8.372,14.6,1.6651,dewpoint,421.3,41.26
2021-06-23,36.09,43.67,27.55,27.55,0.0,1.72,27.28,97.26,22.02,13.35,LUD,30.9,75.85,subtropical_humid,NASA_POWER_daily_ag,7.954,14.837,1.5324,dewpoint,424.4,41.253
2021-06-24,36.39,42.38,28.66,27.0,0.07,0.99,21.23,97.23,51.83,13.67,LUD,30.9,75.85,subtropical_humid,NASA_POWER_daily_ag,5.948,12.18,1.5647,dewpoint,427.6,41.244
2021-06-25,35.67,41.59,29.74,32.26,2.63,1.6,24.28,97.15,50.74,15.7,LUD,30.9,75.85,subtropical_humid,NASA_POWER_daily_ag,7.236,13.923,1.7837,dewpoint,436.1,41.233
2021-06-26,32.29,36.93,27.96,50.22,17.64,2.05,22.38,97.44,73.46,20.25,LUD,30.9,75.85,subtropical_humid,NASA_POWER_daily_ag,6.573,13.95,2.3747,dewpoint,405.4,41.22
2021-06-27,33.94,41.08,27.24,39.59,0.09,1.68,25.47,97.64,56.0,17.0,LUD,30.9,75.85,subtropical_humid,NASA_POWER_daily_ag,7.205,14.829,1.9377,dewpoint,384.2,41.205
2021-06-28,35.41,42.76,27.42,34.98,0.0,2.48,26.09,97.46,49.61,16.55,LUD,30.9,75.85,subtropical_humid,NASA_POWER_daily_ag,8.596,14.977,1.8832,dewpoint,403.2,41.188
2021-06-29,36.42,44.13,28.31,31.66,0.0,2.82,27.19,97.11,15.62,15.59,LUD,30.9,75.85,subtropical_humid,NASA_POWER_daily_ag,9.47,15.219,1.7712,dewpoint,440.4,41.169
2021-06-30,37.35,45.25,29.22,29.39,0.0,4.0,26.19,96.81,34.75,15.43,LUD,30.9,75.85,subtropical_humid,NASA_POWER_daily_ag,11.099,14.645,1.7531,dewpoint,472.3,41.148
2021-07-01,36.96,44.56,29.37,31.42,0.0,2.7,24.0,96.66,41.3,16.14,LUD,30.9,75.85,subtropical_humid,NASA_POWER_daily_ag,8.932,13.778,1.8346,dewpoint,488.2,41.125
2021-07-02,36.83,43.93,29.77,30.67,0.03,2.05,21.69,96.8,67.41,15.23,LUD,30.9,75.85,subtropical_humid,NASA_POWER_daily_ag,7.705,12.539,1.7308,dewpoint,473.3,41.1
2021-07-03,34.8,40.25,29.87,40.52,10.24,1.24,20.43,97.12,80.53,18.83,LUD,30.9,75.85,subtropical_humid,NASA_POWER_daily_ag,5.933,12.564,2.1742,dewpoint,439.3,41.073
2021-07-04,35.63,42.06,29.27,37.85,0.0,2.06,22.97,97.29,47.77,18.21,LUD,30.9,75.85,subtropical_humid,NASA_POWER_daily_ag,7.534,13.713,2.0914,dewpoint,421.3,41.045
2021-07-05,35.87,42.13,30.01,38.31,2.26,1.61,23.3,97.37,57.01,18.8,LUD,30.9,75.85,subtropical_humid,NASA_POWER_daily_ag,7.022,13.965,2.1701,dewpoint,412.8,41.014
2021-07-06,36.43,42.46,30.26,35.76,0.0,2.19,24.03,97.19,41.1,18.26,LUD,30.9,75.85,subtropical_humid,NASA_POWER_daily_ag,8.013,14.211,2.098,dewpoint,431.9,40.981
2021-07-07,37.4,44.23,30.37,32.59,0.0,2.5,25.29,97.03,27.39,17.45,LUD,30.9,75.85,subtropical_humid,NASA_POWER_daily_ag,8.858,14.606,1.9937,dewpoint,448.9,40.947
2021-07-08,38.06,44.98,31.24,31.45,0.4,2.36,24.42,96.98,45.25,17.26,LUD,30.9,75.85,subtropical_humid,NASA_POWER_daily_ag,8.674,14.089,1.9699,dewpoint,454.2,40.91
2021-07-09,36.8,41.94,31.88,35.33,1.82,0.95,22.73,97.13,53.47,18.34,LUD,30.9,75.85,subtropical_humid,NASA_POWER_daily_ag,6.132,13.534,2.1085,dewpoint,438.2,40.871
2021-07-10,36.55,42.17,30.27,38.96,0.68,1.33,21.35,97.14,35.29,19.66,LUD,30.9,75.85,subtropical_humid,NASA_POWER_daily_ag,6.407,13.091,2.2895,dewpoint,437.2,40.83
2021-07-11,35.48,40.56,29.81,44.16,3.98,1.98,17.84,97.26,78.76,20.93,LUD,30.9,75.85,subtropical_humid,NASA_POWER_daily_ag,6.379,11.46,2.4763,dewpoint,424.4,40.788
2021-07-12,30.76,33.14,28.56,69.91,41.88,3.69,10.16,97.52,99.14,24.57,LUD,30.9,75.85,subtropical_humid,NASA_POWER_daily_ag,4.315,7.452,3.0875,dewpoint,396.9,40.743
2021-07-13,31.18,36.0,27.35,69.18,9.71,1.54,17.03,97.47,85.15,24.42,LUD,30.9,75.85,subtropical_humid,NASA_POWER_daily_ag,4.623,11.52,3.06,dewpoint,402.2,40.696
2021-07-14,32.16,38.29,26.82,62.94,2.74,2.41,20.47,97.47,63.21,23.41,LUD,30.9,75.85,subtropical_humid,NASA_POWER_daily_ag,6.07,13.358,2.8799,dewpoint,402.2,40.647
2021-07-15,33.08,38.44,28.0,55.53,0.31,1.85,24.47,97.54,51.26,22.33,LUD,30.9,75.85,subtropical_humid,NASA_POWER_daily_ag,6.711,15.395,2.6976,dewpoint,394.8,40.596
2021-07-16,34.32,40.23,28.27,51.26,0.01,1.22,24.55,97.6,12.3,22.14,LUD,30.9,75.85,subtropical_humid,NASA_POWER_daily_ag,6.418,15.341,2.6666,dewpoint,388.4,40.543
2021-07-17,35.75,41.51,29.41,47.69,0.1,1.78,21.23,97.25,64.0,22.1,LUD,30.9,75.85,subtropical_humid,NASA_POWER_daily_ag,6.669,13.444,2.6601,dewpoint,425.5,40.488
2021-07-18,35.71,41.19,30.42,50.39,6.5,1.76,16.22,96.87,97.54,23.18,LUD,30.9,75.85,subtropical_humid,NASA_POWER_daily_ag,5.678,10.797,2.8402,dewpoint,465.9,40.431
2021-07-19,31.34,35.18,28.1,77.01,57.06,2.8,11.76,96.84,96.23,26.65,LUD,30.9,75.85,subtropical_humid,NASA_POWER_daily_ag,3.841,8.498,3.4928,dewpoint,469.1,40.371
2021-07-20,30.17,34.37,27.01,79.65,40.05,1.71,5.83,96.94,96.6,25.96,LUD,30.9,75.85,subtropical_humid,NASA_POWER_daily_ag,2.265,4.814,3.3535,dewpoint,458.4,40.31
2021-07-21,30.81,34.69,26.85,74.3,9.53,0.91,22.66,96.89,48.6,25.35,LUD,30.9,75.85,subtropical_humid,NASA_POWER_daily_ag,5.226,15.043,3.2344,dewpoint,463.8,40.246
2021-07-22,32.21,36.57,27.73,61.11,0.07,0.57,19.46,96.83,92.37,23.2,LUD,30.9,75.85,subtropical_humid,NASA_POWER_daily_ag,4.656,12.719,2.8436,dewpoint,470.1,40.18
2021-07-23,30.92,35.0,26.25,68.38,0.99,1.33,17.35,97.01,74.59,24.02,LUD,30.9,75.85,subtropical_humid,NASA_POWER_daily_ag,4.555,11.641,2.9875,dewpoint,451.0,40.112
2021-07-24,31.77,36.89,27.24,69.49,2.67,1.64,23.29,97.09,38.54,25.06,LUD,30.9,75.85,subtropical_humid,NASA_POWER_daily_ag,5.82,15.296,3.1791,dewpoint,442.5,40.042
2021-07-25,33.27,38.61,27.73,64.17,0.38,1.0,22.16,96.96,65.37,24.91,LUD,30.9,75.85,subtropical_humid,NASA_POWER_daily_ag,5.553,14.546,3.1508,dewpoint,456.3,39.97
2021-07-26,30.47,34.39,27.25,76.02,5.74,2.42,9.25,96.8,98.45,25.58,LUD,30.9,75.85,subtropical_humid,NASA_POWER_daily_ag,3.275,6.897,3.2789,dewpoint,473.3,39.895
2021-07-27,30.81,35.36,27.83,78.62,16.53,2.63,9.03,96.54,98.92,26.44,LUD,30.9,75.85,subtropical_humid,NASA_POWER_daily_ag,3.194,6.774,3.4499,dewpoint,501.0,39.818
2021-07-28,30.28,35.0,27.02,80.2,33.45,2.06,5.37,96.7,99.14,26.24,LUD,30.9,75.85,subtropical_humid,NASA_POWER_daily_ag,2.271,4.511,3.4094,dewpoint,484.0,39.739
2021-07-29,30.05,34.16,26.29,79.68,25.42,0.76,12.24,96.88,77.71,25.86,LUD,30.9,75.85,subtropical_humid,NASA_POWER_daily_ag,3.085,8.727,3.3337,dewpoint,464.8,39.658
2021-07-30,30.15,33.73,26.69,76.92,3.94,1.23,16.05,97.06,77.42,25.4,LUD,30.9,75.85,subtropical_humid,NASA_POWER_daily_ag,3.994,11.002,3.244,dewpoint,445.7,39.574
2021-07-31,30.21,34.15,25.97,76.28,3.04,1.33,18.24,97.17,51.87,25.27,LUD,30.9,75.85,subtropical_humid,NASA_POWER_daily_ag,4.441,12.306,3.2191,dewpoint,434.0,39.488
2021-08-01,30.89,34.63,27.12,74.27,2.51,0.99,21.89,96.96,48.45,25.54,LUD,30.9,75.85,subtropical_humid,NASA_POWER_daily_ag,5.091,14.533,3.2711,dewpoint,456.3,39.4
2021-08-02,30.8,34.52,27.11,73.93,1.25,1.14,18.52,97.06,70.5,25.3,LUD,30.9,75.85,subtropical_humid,NASA_POWER_daily_ag,4.526,12.449,3.2248,dewpoint,445.7,39.31
2021-08-03,30.94,35.06,26.56,69.89,11.69,0.84,9.32,97.21,98.27,24.44,LUD,30.9,75.85,subtropical_humid,NASA_POWER_daily_ag,2.791,6.886,3.0636,dewpoint,429.8,39.217
2021-08-04,30.72,34.73,26.33,73.15,5.04,0.82,19.84,97.26,75.96,25.11,LUD,30.9,75.85,subtropical_humid,NASA_POWER_daily_ag,4.634,13.2,3.1886,dewpoint,424.4,39.122
2021-08-05,30.98,34.38,27.34,71.78,11.93,0.82,22.11,97.2,50.82,25.01,LUD,30.9,75.85,subtropical_humid,NASA_POWER_daily_ag,5.088,14.521,3.1697,dewpoint,430.8,39.025
2021-08-06,30.83,35.95,25.96,71.33,0.45,1.17,18.39,97.2,47.95,24.63,LUD,30.9,75.85,subtropical_humid,NASA_POWER_daily_ag,4.559,12.232,3.0986,dewpoint,430.8,38.925
2021-08-07,31.01,35.22,27.11,69.74,6.28,0.67,24.34,97.34,49.8,24.54,LUD,30.9,75.85,subtropical_humid,NASA_POWER_daily_ag,5.429,15.703,3.082,dewpoint,416.0,38.823
2021-08-08,30.51,35.31,25.63,70.66,1.09,0.94,20.5,97.48,64.83,24.11,LUD,30.9,75.85,subtropical_humid,NASA_POWER_daily_ag,4.8,13.376,3.0037,dewpoint,401.1,38.718
2021-08-09,30.4,34.8,25.43,71.75,4.77,0.99,18.09,97.5,63.58,24.34,LUD,30.9,75.85,subtropical_humid,NASA_POWER_daily_ag,4.367,12.004,3.0454,dewpoint,399.0,38.612
2021-08-10,30.76,35.45,26.46,72.27,4.1,1.14,22.24,97.3,36.96,24.84,LUD,30.9,75.85,subtropical_humid,NASA_POWER_daily_ag,5.192,14.504,3.1377,dewpoint,420.2,38.502
2021-08-11,31.48,37.33,26.04,63.79,0.59,1.51,23.35,97.26,33.99,23.02,LUD,30.9,75.85,subtropical_humid,NASA_POWER_daily_ag,5.816,14.71,2.8128,dewpoint,424.4,38.391
2021-08-12,31.37,37.54,25.12,64.45,3.49,1.5,23.3,97.38,19.86,23.28,LUD,30.9,75.85,subtropical_humid,NASA_POWER_daily_ag,5.759,14.737,2.8574,dewpoint,411.7,38.277
2021-08-13,32.14,38.02,26.08,61.42,0.69,1.32,22.95,97.21,20.81,23.1,LUD,30.9,75.85,subtropical_humid,NASA_POWER_daily_ag,5.741,14.458,2.8265,dewpoint,429.8,38.161
2021-08-14,32.21,38.35,26.67,61.16,2.45,1.68,23.28,97.02,24.41,23.04,LUD,30.9,75.85,subtropical_humid,NASA_POWER_daily_ag,6.047,14.598,2.8162,dewpoint,449.9,38.042
2021-08-15,31.43,36.84,26.52,64.87,2.48,1.66,22.03,97.22,33.55,23.4,LUD,30.9,75.85,subtropical_humid,NASA_POWER_daily_ag,5.626,13.99,2.8781,dewpoint,428.7,37.921
2021-08-16,31.31,36.0,26.85,64.21,0.23,1.1,22.23,97.58,46.76,23.17,LUD,30.9,75.85,subtropical_humid,NASA_POWER_daily_ag,5.316,14.047,2.8385,dewpoint,390.5,37.798
2021-08-17,31.51,37.86,26.32,61.82,0.0,1.62,24.14,97.53,28.02,22.62,LUD,30.9,75.85,subtropical_humid,NASA_POWER_daily_ag,6.014,14.941,2.7455,dewpoint,395.8,37.672
2021-08-18,31.47,37.06,26.14,61.61,7.84,1.23,23.24,97.35,15.44,22.61,LUD,30.9,75.85,subtropical_humid,NASA_POWER_daily_ag,5.61,14.45,2.7438,dewpoint,414.9,37.544
2021-08-19,31.8,38.78,25.35,59.36,0.58,1.4,23.1,97.29,38.15,21.91,LUD,30.9,75.85,subtropical_humid,NASA_POWER_daily_ag,5.789,14.175,2.6295,dewpoint,421.3,37.413
2021-08-20,30.16,35.3,25.65,69.6,3.44,2.23,15.75,97.53,91.39,23.57,LUD,30.9,75.85,subtropical_humid,NASA_POWER_daily_ag,4.546,10.426,2.9078,dewpoint,395.8,37.281
2021-08-21,28.0,32.15,25.45,79.39,7.73,1.26,10.17,97.8,99.13,23.89,LUD,30.9,75.85,subtropical_humid,NASA_POWER_daily_ag,2.725,7.274,2.9643,dewpoint,367.3,37.145
2021-08-22,29.3,33.19,25.23,74.45,7.18,1.04,7.19,97.74,87.82,24.02,LUD,30.9,75.85,subtropical_humid,NASA_POWER_daily_ag,2.326,5.551,2.9875,dewpoint,373.6,37.008
2021-08-23,30.82,35.32,26.07,65.92,0.28,1.09,19.44,97.44,60.95,23.32,LUD,30.9,75.85,subtropical_humid,NASA_POWER_daily_ag,4.722,12.428,2.8643,dewpoint,405.4,36.868
2021-08-24,31.4,36.87,26.22,63.25,0.76,1.19,21.17,97.27,37.68,23.06,LUD,30.9,75.85,subtropical_humid,NASA_POWER_daily_ag,5.173,13.298,2.8196,dewpoint,423.4,36.726
2021-08-25,31.97,38.9,25.14,58.09,2.19,1.74,22.3,96.99,37.28,21.7,LUD,30.9,75.85,subtropical_humid,NASA_POWER_daily_ag,5.93,13.587,2.596,dewpoint,453.1,36.581
2021-08-26,32.14,38.76,25.86,54.2,1.09,1.46,22.23,96.91,55.13,20.93,LUD,30.9,75.85,subtropical_humid,NASA_POWER_daily_ag,5.768,13.352,2.4763,dewpoint,461.6,36.435
2021-08-27,32.24,39.16,26.41,54.23,2.31,1.09,22.71,97.14,30.24,20.82,LUD,30.9,75.85,subtropical_humid,NASA_POWER_daily_ag,5.522,13.526,2.4596,dewpoint,437.2,36.286
2021-08-28,30.99,37.9,24.56,59.66,2.93,1.1,22.25,97.27,18.66,21.21,LUD,30.9,75.85,subtropical_humid,NASA_POWER_daily_ag,5.269,13.423,2.5193,dewpoint,423.4,36.134
2021-08-29,30.85,37.65,24.99,60.74,0.58,1.59,20.52,97.39,29.51,21.45,LUD,30.9,75.85,subtropical_humid,NASA_POWER_daily_ag,5.308,12.535,2.5566,dewpoint,410.7,35.981
2021-08-30,29.95,35.57,24.62,64.61,3.76,1.53,20.31,97.74,20.27,21.9,LUD,30.9,75.85,subtropical_humid,NASA_POWER_daily_ag,5.022,12.537,2.6279,dewpoint,373.6,35.825
2021-08-31,29.04,34.41,24.34,71.25,7.36,1.64,21.5,97.95,30.53,22.9,LUD,30.9,75.85,subtropical_humid,NASA_POWER_daily_ag,4.968,13.392,2.7925,dewpoint,351.5,35.667
2021-09-01,29.35,34.72,24.83,70.35,1.84,1.66,19.85,97.94,34.77,22.81,LUD,30.9,75.85,subtropical_humid,NASA_POWER_daily_ag,4.79,12.43,2.7773,dewpoint,352.5,35.507
2021-09-02,29.45,33.34,24.73,66.96,0.36,0.93,16.04,97.68,78.51,22.22,LUD,30.9,75.85,subtropical_humid,NASA_POWER_daily_ag,3.877,10.27,2.6796,dewpoint,380.0,35.345
2021-09-03,27.98,31.22,25.01,72.73,6.61,1.48,5.53,97.59,98.52,22.5,LUD,30.9,75.85,subtropical_humid,NASA_POWER_daily_ag,2.24,4.566,2.7256,dewpoint,389.5,35.181
2021-09-04,29.08,33.84,24.89,66.7,3.54,0.89,19.5,97.52,56.96,21.79,LUD,30.9,75.85,subtropical_humid,NASA_POWER_daily_ag,4.361,12.011,2.6103,dewpoint,396.9,35.015
2021-09-05,29.84,34.98,24.13,68.81,2.37,1.0,19.69,97.5,34.96,22.91,LUD,30.9,75.85,subtropical_humid,NASA_POWER_daily_ag,4.515,12.292,2.7942,dewpoint,399.0,34.846
2021-09-06,30.99,36.67,24.95,64.79,0.09,1.1,18.84,97.62,38.95,23.09,LUD,30.9,75.85,subtropical_humid,NASA_POWER_daily_ag,4.588,11.792,2.8248,dewpoint,386.3,34.676
2021-09-07,30.69,35.46,26.14,68.76,1.74,1.39,17.82,97.75,35.46,23.88,LUD,30.9,75.85,subtropical_humid,NASA_POWER_daily_ag,4.475,11.353,2.9625,dewpoint,372.6,34.504
2021-09-08,30.04,35.27,25.67,71.56,1.91,3.0,18.6,97.73,61.89,23.81,LUD,30.9,75.85,subtropical_humid,NASA_POWER_daily_ag,5.131,11.765,2.9501,dewpoint,374.7,34.33
2021-09-09,29.61,34.46,25.38,73.69,5.21,1.93,18.01,97.59,67.23,23.99,LUD,30.9,75.85,subtropical_humid,NASA_POWER_daily_ag,4.482,11.469,2.9821,dewpoint,389.5,34.154
2021-09-10,28.4,32.75,24.99,77.89,17.26,2.2,7.88,97.64,91.67,23.83,LUD,30.9,75.85,subtropical_humid,NASA_POWER_daily_ag,2.73,5.811,2.9536,dewpoint,384.2,33.976
2021-09-11,27.06,30.27,24.96,83.33,31.6,1.89,7.28,97.71,98.03,23.85,LUD,30.9,75.85,subtropical_humid,NASA_POWER_daily_ag,2.202,5.471,2.9572,dewpoint,376.8,33.796
2021-09-12,28.08,32.24,24.3,75.02,11.65,0.87,12.02,97.52,97.77,22.87,LUD,30.9,75.85,subtropical_humid,NASA_POWER_daily_ag,2.929,8.02,2.7874,dewpoint,396.9,33.615
2021-09-13,28.25,33.13,23.77,72.32,2.46,1.26,20.64,97.49,50.39,22.38,LUD,30.9,75.85,subtropical_humid,NASA_POWER_daily_ag,4.492,12.551,2.7058,dewpoint,400.1,33.432
2021-09-14,29.13,34.2,23.79,66.9,0.08,1.12,20.49,97.72,45.23,21.97,LUD,30.9,75.85,subtropical_humid,NASA_POWER_daily_ag,4.57,12.329,2.6391,dewpoint,375.7,33.247
2021-09-15,29.77,34.93,25.33,68.31,0.7,1.09,22.52,97.76,35.98,22.99,LUD,30.9,75.85,subtropical_humid,NASA_POWER_daily_ag,4.918,13.556,2.8077,dewpoint,371.5,33.061
2021-09-16,29.73,35.01,24.53,70.19,2.71,1.42,21.87,97.56,23.21,23.29,LUD,30.9,75.85,subtropical_humid,NASA_POWER_daily_ag,4.94,13.272,2.8591,dewpoint,392.7,32.873
2021-09-17,28.25,33.12,24.06,75.17,15.63,1.27,13.4,97.6,71.27,23.07,LUD,30.9,75.85,subtropical_humid,NASA_POWER_daily_ag,3.294,8.695,2.8214,dewpoint,388.4,32.684
2021-09-18,28.69,33.12,23.19,72.29,0.02,1.24,19.79,97.77,26.12,22.89,LUD,30.9,75.85,subtropical_humid,NASA_POWER_daily_ag,4.365,12.078,2.7908,dewpoint,370.5,32.493
2021-09-19,29.96,34.88,25.05,71.88,0.25,1.36,18.84,97.88,18.09,24.01,LUD,30.9,75.85,subtropical_humid,NASA_POWER_daily_ag,4.4,11.701,2.9857,dewpoint,358.8,32.301
2021-09-20,29.6,34.38,25.0,74.01,4.37,1.14,18.22,97.79,28.85,24.2,LUD,30.9,75.85,subtropical_humid,NASA_POWER_daily_ag,4.126,11.387,3.0199,dewpoint,368.3,32.108
2021-09-21,29.45,32.76,26.28,73.24,10.51,0.68,10.95,97.69,76.37,23.93,LUD,30.9,75.85,subtropical_humid,NASA_POWER_daily_ag,2.72,7.369,2.9714,dewpoint,378.9,31.913
2021-09-22,27.24,31.29,23.77,79.66,23.77,1.14,10.29,97.7,90.35,23.23,LUD,30.9,75.85,subtropical_humid,NASA_POWER_daily_ag,2.56,6.974,2.8488,dewpoint,377.9,31.718
2021-09-23,25.93,29.59,23.17,84.01,29.44,1.6,8.29,97.92,85.38,22.89,LUD,30.9,75.85,subtropical_humid,NASA_POWER_daily_ag,2.177,5.885,2.7908,dewpoint,354.6,31.521
2021-09-24,27.24,32.37,22.17,76.05,6.02,0.63,20.54,97.98,30.61,22.29,LUD,30.9,75.85,subtropical_humid,NASA_POWER_daily_ag,4.014,12.198,2.691,dewpoint,348.3,31.323
2021-09-25,28.17,32.72,24.07,74.35,0.0,1.11,20.84,97.81,19.98,22.97,LUD,30.9,75.85,subtropical_humid,NASA_POWER_daily_ag,4.315,12.432,2.8043,dewpoint,366.2,31.125
2021-09-26,28.15,32.96,23.39,74.99,0.23,0.9,19.78,97.79,34.66,23.06,LUD,30.9,75.85,subtropical_humid,NASA_POWER_daily_ag,4.07,11.874,2.8196,dewpoint,368.3,30.925
2021-09-27,28.42,32.97,23.6,72.91,0.0,0.7,19.72,97.88,25.78,22.77,LUD,30.9,75.85,subtropical_humid,NASA_POWER_daily_ag,4.017,11.739,2.7706,dewpoint,358.8,30.725
2021-09-28,28.8,33.81,23.43,69.12,1.03,0.92,18.58,97.95,25.85,22.17,LUD,30.9,75.85,subtropical_humid,NASA_POWER_daily_ag,3.993,10.975,2.6715,dewpoint,351.5,30.524
2021-09-29,28.03,32.78,23.01,73.62,0.4,1.25,19.69,98.06,17.43,22.57,LUD,30.9,75.85,subtropical_humid,NASA_POWER_daily_ag,4.153,11.627,2.7372,dewpoint,339.9,30.322
2021-09-30,28.65,33.39,24.02,74.13,2.56,0.87,16.84,98.11,21.97,23.26,LUD,30.9,75.85,subtropical_humid,NASA_POWER_daily_ag,3.626,10.235,2.8539,dewpoint,334.6,30.12
2021-10-01,28.7,33.32,24.34,75.43,5.62,0.8,17.19,98.05,22.44,23.63,LUD,30.9,75.85,subtropical_humid,NASA_POWER_daily_ag,3.638,10.457,2.9183,dewpoint,340.9,29.917
2021-10-02,28.24,32.27,25.25,78.44,13.05,1.1,15.51,97.92,25.47,23.97,LUD,30.9,75.85,subtropical_humid,NASA_POWER_daily_ag,3.384,9.613,2.9785,dewpoint,354.6,29.714
2021-10-03,28.36,33.23,24.37,77.41,2.63,1.14,18.16,97.73,24.46,23.74,LUD,30.9,75.85,subtropical_humid,NASA_POWER_daily_ag,3.83,10.934,2.9377,dewpoint,374.7,29.51
2021-10-04,28.83,33.77,24.06,70.8,1.6,0.84,18.13,97.67,48.94,22.56,LUD,30.9,75.85,subtropical_humid,NASA_POWER_daily_ag,3.818,10.624,2.7355,dewpoint,381.0,29.306
2021-10-05,27.26,32.22,23.12,75.62,0.96,1.14,16.51,98.05,25.5,22.23,LUD,30.9,75.85,subtropical_humid,NASA_POWER_daily_ag,3.484,9.765,2.6812,dewpoint,340.9,29.102
2021-10-06,26.85,32.63,22.51,76.45,0.0,1.43,19.54,98.02,2.48,21.94,LUD,30.9,75.85,subtropical_humid,NASA_POWER_daily_ag,3.933,11.168,2.6343,dewpoint,344.1,28.898
2021-10-07,26.79,33.39,21.28,71.34,0.0,1.5,19.34,97.85,3.83,20.61,LUD,30.9,75.85,subtropical_humid,NASA_POWER_daily_ag,4.019,10.733,2.428,dewpoint,362.0,28.694
2021-10-08,27.14,34.05,21.51,65.45,0.0,1.31,18.71,97.72,2.41,19.33,LUD,30.9,75.85,subtropical_humid,NASA_POWER_daily_ag,3.982,10.096,2.243,dewpoint,375.7,28.49
2021-10-09,27.09,33.84,22.54,64.26,0.0,1.13,18.62,97.79,1.57,19.1,LUD,30.9,75.85,subtropical_humid,NASA_POWER_daily_ag,3.847,9.94,2.2111,dewpoint,368.3,28.286
2021-10-10,28.15,35.09,22.44,57.49,0.0,1.06,18.29,97.81,9.03,18.13,LUD,30.9,75.85,subtropical_humid,NASA_POWER_daily_ag,3.924,9.51,2.0809,dewpoint,366.2,28.083
2021-10-11,26.81,34.46,20.97,59.13,0.0,1.66,18.31,97.79,0.98,17.4,LUD,30.9,75.85,subtropical_humid,NASA_POWER_daily_ag,4.181,9.381,1.9874,dewpoint,368.3,27.88
2021-10-12,26.52,34.03,20.88,59.06,0.0,1.16,18.85,97.89,4.72,17.01,LUD,30.9,75.85,subtropical_humid,NASA_POWER_daily_ag,3.852,9.48,1.939,dewpoint,357.8,27.677
2021-10-13,25.04,32.31,20.6,59.01,0.0,1.44,18.28,97.97,3.02,15.63,LUD,30.9,75.85,subtropical_humid,NASA_POWER_daily_ag,3.81,8.992,1.7758,dewpoint,349.3,27.474
2021-10-14,24.77,33.35,18.32,60.17,0.0,1.73,19.42,97.97,2.22,15.75,LUD,30.9,75.85,subtropical_humid,NASA_POWER_daily_ag,4.043,9.428,1.7895,dewpoint,349.3,27.273
2021-10-15,25.58,34.39,18.57,53.75,0.0,1.4,19.8,97.75,9.55,14.57,LUD,30.9,75.85,subtropical_humid,NASA_POWER_daily_ag,4.045,9.202,1.6587,dewpoint,372.6,27.072
2021-10-16,26.39,33.8,19.68,52.97,0.0,1.45,17.69,97.8,40.14,15.19,LUD,30.9,75.85,subtropical_humid,NASA_POWER_daily_ag,3.967,8.508,1.7263,dewpoint,367.3,26.871
2021-10-17,24.06,29.38,20.77,65.13,1.63,2.39,7.86,98.02,93.91,16.71,LUD,30.9,75.85,subtropical_humid,NASA_POWER_daily_ag,2.974,5.05,1.9024,dewpoint,344.1,26.672
2021-10-18,23.8,27.89,20.07,75.76,0.57,0.97,11.36,97.91,49.38,18.99,LUD,30.9,75.85,subtropical_humid,NASA_POWER_daily_ag,2.367,6.642,2.196,dewpoint,355.7,26.474
2021-10-19,24.03,30.69,18.94,70.1,0.0,2.01,17.7,97.98,11.77,17.68,LUD,30.9,75.85,subtropical_humid,NASA_POWER_daily_ag,3.601,8.982,2.0228,dewpoint,348.3,26.276
2021-10-20,24.27,32.56,18.62,57.44,0.0,1.74,18.68,98.23,8.42,14.4,LUD,30.9,75.85,subtropical_humid,NASA_POWER_daily_ag,3.893,8.539,1.6406,dewpoint,321.9,26.08
2021-10-21,23.99,32.77,17.22,49.7,0.0,1.4,17.66,98.17,15.38,11.4,LUD,30.9,75.85,subtropical_humid,NASA_POWER_daily_ag,3.662,7.61,1.348,dewpoint,328.3,25.885
2021-10-22,23.86,32.73,16.41,51.4,0.05,1.7,16.92,98.13,0.4,12.45,LUD,30.9,75.85,subtropical_humid,NASA_POWER_daily_ag,3.763,7.545,1.4447,dewpoint,332.5,25.691
2021-10-23,23.67,30.47,17.99,64.67,7.25,3.53,15.94,98.27,30.01,16.1,LUD,30.9,75.85,subtropical_humid,NASA_POWER_daily_ag,4.157,7.839,1.8299,dewpoint,317.7,25.499
2021-10-24,21.49,25.77,18.26,81.89,18.48,1.64,11.36,98.58,56.76,18.07,LUD,30.9,75.85,subtropical_humid,NASA_POWER_daily_ag,2.207,6.417,2.0731,dewpoint,285.2,25.308
2021-10-25,20.86,27.24,16.78,72.69,0.0,1.52,17.24,98.67,1.44,15.19,LUD,30.9,75.85,subtropical_humid,NASA_POWER_daily_ag,2.913,8.175,1.7263,dewpoint,275.7,25.118
2021-10-26,19.92,27.37,14.01,64.58,0.01,1.36,17.25,98.53,8.21,12.12,LUD,30.9,75.85,subtropical_humid,NASA_POWER_daily_ag,2.915,7.645,1.4137,dewpoint,290.4,24.931
2021-10-27,20.55,27.89,15.94,62.12,0.02,1.42,17.42,98.72,8.66,12.49,LUD,30.9,75.85,subtropical_humid,NASA_POWER_daily_ag,3.004,7.61,1.4485,dewpoint,270.5,24.745
2021-10-28,20.44,28.91,14.91,59.37,0.05,1.32,17.92,98.73,20.54,11.16,LUD,30.9,75.85,subtropical_humid,NASA_POWER_daily_ag,3.024,7.44,1.3267,dewpoint,269.4,24.561
2021-10-29,21.05,29.49,15.95,53.93,0.0,1.43,17.44,98.91,30.15,10.52,LUD,30.9,75.85,subtropical_humid,NASA_POWER_daily_ag,3.159,7.049,1.2714,dewpoint,250.6,24.378
2021-10-30,19.96,28.79,13.73,59.66,0.0,2.07,16.82,98.82,47.29,11.01,LUD,30.9,75.85,subtropical_humid,NASA_POWER_daily_ag,3.275,7.024,1.3136,dewpoint,260.0,24.198
2021-10-31,20.77,29.18,13.91,55.34,0.0,1.3,16.37,98.51,41.22,10.29,LUD,30.9,75.85,subtropical_humid,NASA_POWER_daily_ag,2.957,6.701,1.252,dewpoint,292.5,24.02
2021-11-01,21.48,29.76,14.22,46.54,0.0,1.53,13.69,98.45,27.08,8.63,LUD,30.9,75.85,subtropical_humid,NASA_POWER_daily_ag,3.145,5.7,1.1197,dewpoint,298.8,23.844
2021-11-02,19.95,27.99,14.57,56.21,0.17,2.11,13.03,98.65,31.64,10.4,LUD,30.9,75.85,subtropical_humid,NASA_POWER_daily_ag,3.088,5.752,1.2613,dewpoint,277.8,23.67
2021-11-03,20.4,28.23,14.65,54.74,0.05,1.08,13.56,98.68,16.4,10.25,LUD,30.9,75.85,subtropical_humid,NASA_POWER_daily_ag,2.526,5.809,1.2487,dewpoint,274.7,23.498
2021-11-04,20.21,27.67,14.43,55.5,0.0,0.8,15.6,98.57,37.24,10.28,LUD,30.9,75.85,subtropical_humid,NASA_POWER_daily_ag,2.422,6.305,1.2512,dewpoint,286.2,23.329
2021-11-05,20.32,28.92,15.71,49.48,0.0,1.08,14.39,98.53,41.9,8.51,LUD,30.9,75.85,subtropical_humid,NASA_POWER_daily_ag,2.589,5.6,1.1106,dewpoint,290.4,23.162
2021-11-06,18.97,27.18,13.61,56.95,0.0,1.78,12.92,98.41,42.64,9.57,LUD,30.9,75.85,subtropical_humid,NASA_POWER_daily_ag,2.751,5.485,1.193,dewpoint,303.0,22.998
2021-11-07,19.87,28.75,13.65,53.99,0.0,1.79,14.8,98.37,31.11,9.2,LUD,30.9,75.85,subtropical_humid,NASA_POWER_daily_ag,3.027,5.759,1.1637,dewpoint,307.2,22.836
2021-11-08,20.66,29.0,16.17,48.67,0.0,1.69,15.77,98.53,29.08,8.9,LUD,30.9,75.85,subtropical_humid,NASA_POWER_daily_ag,3.126,5.75,1.1403,dewpoint,290.4,22.677
2021-11-09,20.55,28.92,15.46,51.53,0.0,1.71,14.72,98.58,56.2,9.53,LUD,30.9,75.85,subtropical_humid,NASA_POWER_daily_ag,3.02,5.603,1.1898,dewpoint,285.2,22.521
2021-11-10,20.26,29.12,15.4,50.53,0.0,1.35,14.12,98.56,65.95,8.76,LUD,30.9,75.85,subtropical_humid,NASA_POWER_daily_ag,2.706,5.302,1.1296,dewpoint,287.3,22.367
2021-11-11,20.02,28.98,15.59,46.62,0.0,1.4,13.43,98.49,62.09,7.56,LUD,30.9,75.85,subtropical_humid,NASA_POWER_daily_ag,2.727,4.951,1.041,dewpoint,294.6,22.217
2021-11-12,19.1,27.92,14.57,51.04,0.0,1.54,14.4,98.56,46.21,7.93,LUD,30.9,75.85,subtropical_humid,NASA_POWER_daily_ag,2.727,5.202,1.0677,dewpoint,287.3,22.069
2021-11-13,18.4,27.52,13.07,50.27,0.0,1.6,15.52,98.54,53.4,7.02,LUD,30.9,75.85,subtropical_humid,NASA_POWER_daily_ag,2.765,5.284,1.0032,dewpoint,289.4,21.925
2021-11-14,18.19,26.81,13.25,46.51,0.0,1.09,14.38,98.44,53.95,5.62,LUD,30.9,75.85,subtropical_humid,NASA_POWER_daily_ag,2.352,4.855,0.9108,dewpoint,299.9,21.783
2021-11-15,17.21,26.02,12.6,45.66,0.0,1.58,13.79,98.4,58.98,4.58,LUD,30.9,75.85,subtropical_humid,NASA_POWER_daily_ag,2.637,4.634,0.8471,dewpoint,304.1,21.645
2021-11-16,16.95,26.06,11.76,46.29,0.0,1.68,15.23,98.49,56.2,4.52,LUD,30.9,75.85,subtropical_humid,NASA_POWER_daily_ag,2.714,4.803,0.8435,dewpoint,294.6,21.509
2021-11-17,17.06,26.12,12.4,45.52,0.0,1.09,14.3,98.7,55.84,4.25,LUD,30.9,75.85,subtropical_humid,NASA_POWER_daily_ag,2.236,4.545,0.8277,dewpoint,272.6,21.377
2021-11-18,16.81,26.1,11.55,46.67,0.0,1.25,13.01,98.55,54.87,4.59,LUD,30.9,75.85,subtropical_humid,NASA_POWER_daily_ag,2.279,4.402,0.8477,dewpoint,288.3,21.249
2021-11-19,16.65,25.92,10.51,50.42,0.0,1.62,13.01,98.37,59.9,5.4,LUD,30.9,75.85,subtropical_humid,NASA_POWER_daily_ag,2.478,4.5,0.897,dewpoint,307.2,21.123
2021-11-20,17.41,26.74,12.27,48.37,0.0,1.65,13.57,98.37,61.01,5.6,LUD,30.9,75.85,subtropical_humid,NASA_POWER_daily_ag,2.588,4.458,0.9095,dewpoint,307.2,21.002
2021-11-21,17.01,26.66,10.85,50.0,0.0,1.85,13.8,98.55,35.14,5.55,LUD,30.9,75.85,subtropical_humid,NASA_POWER_daily_ag,2.672,4.488,0.9064,dewpoint,288.3,20.883
2021-11-22,16.14,26.32,9.99,51.94,0.0,2.16,15.23,98.5,18.3,5.09,LUD,30.9,75.85,subtropical_humid,NASA_POWER_daily_ag,2.783,4.616,0.8778,dewpoint,293.6,20.768
2021-11-23,17.17,26.33,9.65,45.93,0.0,1.29,14.76,98.31,29.88,4.21,LUD,30.9,75.85,subtropical_humid,NASA_POWER_daily_ag,2.379,4.392,0.8254,dewpoint,313.5,20.657
2021-11-24,18.01,27.55,10.84,40.87,0.0,1.06,13.7,98.51,29.63,3.28,LUD,30.9,75.85,subtropical_humid,NASA_POWER_daily_ag,2.232,3.985,0.773,dewpoint,292.5,20.549
2021-11-25,15.64,25.35,9.24,54.55,0.0,1.3,12.42,98.68,43.37,5.56,LUD,30.9,75.85,subtropical_humid,NASA_POWER_daily_ag,2.053,4.234,0.907,dewpoint,274.7,20.445
2021-11-26,16.8,25.32,12.02,48.34,0.0,1.22,13.97,98.62,45.3,5.17,LUD,30.9,75.85,subtropical_humid,NASA_POWER_daily_ag,2.175,4.237,0.8827,dewpoint,281.0,20.345
2021-11-27,16.53,24.18,9.49,49.27,0.0,1.03,13.07,98.77,28.08,5.24,LUD,30.9,75.85,subtropical_humid,NASA_POWER_daily_ag,1.997,4.241,0.887,dewpoint,265.2,20.248
2021-11-28,15.85,25.06,10.21,58.75,0.0,1.23,12.18,98.94,23.68,7.07,LUD,30.9,75.85,subtropical_humid,NASA_POWER_daily_ag,1.918,4.248,1.0067,dewpoint,247.4,20.156
2021-11-29,16.14,25.4,11.37,58.16,0.0,1.91,13.03,98.96,39.15,6.91,LUD,30.9,75.85,subtropical_humid,NASA_POWER_daily_ag,2.356,4.257,0.9957,dewpoint,245.3,20.067
2021-11-30,15.87,24.44,8.92,58.62,0.0,1.47,13.26,98.85,51.95,6.51,LUD,30.9,75.85,subtropical_humid,NASA_POWER_daily_ag,2.128,4.333,0.9686,dewpoint,256.8,19.982
2021-12-01,15.49,21.05,12.49,51.66,0.0,0.98,7.44,98.94,98.8,5.47,LUD,30.9,75.85,subtropical_humid,NASA_POWER_daily_ag,1.651,3.44,0.9013,dewpoint,247.4,19.9
2021-12-02,16.11,24.59,11.05,50.22,0.0,1.35,5.4,98.9,83.67,5.08,LUD,30.9,75.85,subtropical_humid,NASA_POWER_daily_ag,1.944,3.148,0.8772,dewpoint,251.6,19.823
2021-12-03,17.47,25.87,11.55,48.71,0.15,1.05,12.26,98.95,28.11,6.03,LUD,30.9,75.85,subtropical_humid,NASA_POWER_daily_ag,1.982,3.89,0.9371,dewpoint,246.4,19.75
2021-12-04,18.79,26.68,13.44,53.19,0.0,0.71,12.84,98.75,21.41,8.5,LUD,30.9,75.85,subtropical_humid,NASA_POWER_daily_ag,1.765,4.176,1.1099,dewpoint,267.3,19.681
2021-12-05,15.82,22.24,11.47,67.55,0.65,1.41,8.89,98.84,48.13,9.39,LUD,30.9,75.85,subtropical_humid,NASA_POWER_daily_ag,1.691,3.838,1.1787,dewpoint,257.9,19.615
2021-12-06,15.45,23.0,10.93,70.59,0.38,1.7,10.14,98.87,24.04,9.36,LUD,30.9,75.85,subtropical_humid,NASA_POWER_daily_ag,1.788,4.026,1.1763,dewpoint,254.7,19.554
2021-12-07,14.63,23.82,9.3,61.32,0.0,1.63,13.9,98.96,29.27,6.21,LUD,30.9,75.85,subtropical_humid,NASA_POWER_daily_ag,2.018,4.172,0.9488,dewpoint,245.3,19.497
2021-12-08,14.87,23.73,8.69,49.92,0.0,1.44,13.79,98.91,11.67,3.72,LUD,30.9,75.85,subtropical_humid,NASA_POWER_daily_ag,2.096,3.805,0.7974,dewpoint,250.6,19.444
2021-12-09,15.13,23.68,10.63,47.21,0.0,1.21,13.81,99.17,9.43,3.33,LUD,30.9,75.85,subtropical_humid,NASA_POWER_daily_ag,1.961,3.638,0.7757,dewpoint,223.4,19.395
2021-12-10,14.1,23.58,8.38,51.9,0.0,1.53,14.1,99.15,10.28,3.61,LUD,30.9,75.85,subtropical_humid,NASA_POWER_daily_ag,2.052,3.786,0.7912,dewpoint,225.4,19.351
2021-12-11,13.73,22.98,7.04,46.92,0.0,1.43,14.48,98.98,19.54,1.32,LUD,30.9,75.85,subtropical_humid,NASA_POWER_daily_ag,2.071,3.568,0.672,dewpoint,243.2,19.31
2021-12-12,14.97,20.71,10.7,36.21,0.0,0.62,12.8,99.07,58.52,-0.3,LUD,30.9,75.85,subtropical_humid,NASA_POWER_daily_ag,1.503,3.214,0.5976,dewpoint,233.8,19.274
2021-12-13,13.74,20.48,8.34,45.71,0.0,1.02,10.36,98.96,38.73,1.84,LUD,30.9,75.85,subtropical_humid,NASA_POWER_daily_ag,1.704,3.381,0.6976,dewpoint,245.3,19.242
2021-12-14,12.47,19.71,6.12,66.97,0.0,1.19,9.55,98.91,10.87,5.78,LUD,30.9,75.85,subtropical_humid,NASA_POWER_daily_ag,1.458,3.703,0.921,dewpoint,250.6,19.214
2021-12-15,12.26,20.12,7.3,58.23,0.0,1.3,10.46,98.97,15.93,3.66,LUD,30.9,75.85,subtropical_humid,NASA_POWER_daily_ag,1.63,3.575,0.794,dewpoint,244.3,19.19
2021-12-16,10.61,18.73,6.37,55.8,0.0,1.38,8.51,99.06,75.35,1.35,LUD,30.9,75.85,subtropical_humid,NASA_POWER_daily_ag,1.586,3.278,0.6735,dewpoint,234.9,19.171
2021-12-17,8.55,17.55,2.75,55.5,0.0,2.3,7.78,99.26,84.3,-1.1,LUD,30.9,75.85,subtropical_humid,NASA_POWER_daily_ag,1.89,3.183,0.5636,dewpoint,214.0,19.156
2021-12-18,7.82,17.15,1.8,49.63,0.0,1.96,11.5,99.21,48.4,-2.99,LUD,30.9,75.85,subtropical_humid,NASA_POWER_daily_ag,1.837,3.342,0.49,dewpoint,219.2,19.145
2021-12-19,7.59,17.67,0.65,48.27,0.0,1.78,13.33,99.13,26.89,-3.71,LUD,30.9,75.85,subtropical_humid,NASA_POWER_daily_ag,1.788,3.399,0.4643,dewpoint,227.5,19.138
2021-12-20,9.67,19.41,1.89,42.11,0.0,1.44,13.44,98.97,39.34,-3.66,LUD,30.9,75.85,subtropical_humid,NASA_POWER_daily_ag,1.842,3.264,0.466,dewpoint,244.3,19.136
2021-12-21,11.91,19.93,6.68,35.21,0.0,1.23,12.72,98.89,29.61,-3.46,LUD,30.9,75.85,subtropical_humid,NASA_POWER_daily_ag,1.884,3.027,0.4731,dewpoint,252.7,19.138
2021-12-22,12.75,20.23,7.53,38.48,0.0,1.1,11.79,98.67,45.39,-1.53,LUD,30.9,75.85,subtropical_humid,NASA_POWER_daily_ag,1.794,3.152,0.546,dewpoint,275.7,19.144
2021-12-23,14.35,22.47,8.7,42.8,0.0,0.91,10.95,98.59,42.4,1.21,LUD,30.9,75.85,subtropical_humid,NASA_POWER_daily_ag,1.677,3.251,0.6667,dewpoint,284.1,19.154
2021-12-24,13.91,21.19,8.84,51.25,0.0,0.95,10.23,98.61,42.95,3.65,LUD,30.9,75.85,subtropical_humid,NASA_POWER_daily_ag,1.588,3.472,0.7934,dewpoint,282.0,19.169
2021-12-25,14.67,21.72,10.02,54.64,0.0,0.85,10.07,98.77,86.12,5.08,LUD,30.9,75.85,subtropical_humid,NASA_POWER_daily_ag,1.528,3.541,0.8772,dewpoint,265.2,19.188
2021-12-26,14.13,20.57,10.47,56.39,0.05,1.26,2.76,98.96,85.37,5.15,LUD,30.9,75.85,subtropical_humid,NASA_POWER_daily_ag,1.555,2.787,0.8815,dewpoint,245.3,19.211
2021-12-27,12.69,20.88,7.73,66.28,0.08,1.11,11.02,99.11,46.03,5.83,LUD,30.9,75.85,subtropical_humid,NASA_POWER_daily_ag,1.474,3.83,0.9242,dewpoint,229.6,19.239
2021-12-28,12.22,21.21,6.27,60.3,0.0,1.58,11.49,99.02,23.38,3.91,LUD,30.9,75.85,subtropical_humid,NASA_POWER_daily_ag,1.767,3.73,0.8081,dewpoint,239.0,19.271
2021-12-29,11.43,20.22,5.72,54.2,0.0,1.67,13.05,99.06,4.52,1.65,LUD,30.9,75.85,subtropical_humid,NASA_POWER_daily_ag,1.898,3.704,0.6882,dewpoint,234.9,19.307
2021-12-30,10.7,18.24,6.21,48.59,0.0,0.96,12.09,99.49,43.8,-0.2,LUD,30.9,75.85,subtropical_humid,NASA_POWER_daily_ag,1.502,3.506,0.602,dewpoint,190.0,19.347
2021-12-31,11.44,19.58,6.69,49.46,0.0,1.34,13.27,99.45,33.16,0.7,LUD,30.9,75.85,subtropical_humid,NASA_POWER_daily_ag,1.784,3.63,0.6426,dewpoint,194.1,19.391
2022-01-01,11.75,20.09,6.28,49.49,0.0,1.24,12.89,99.33,25.16,0.9,LUD,30.9,75.85,subtropical_humid,NASA_POWER_daily_ag,1.75,3.642,0.652,dewpoint,206.6,19.44
2022-01-02,11.97,19.41,7.25,47.93,0.0,1.39,12.5,99.18,37.22,0.78,LUD,30.9,75.85,subtropical_humid,NASA_POWER_daily_ag,1.871,3.618,0.6464,dewpoint,222.3,19.492
2022-01-03,13.45,21.96,7.81,49.35,0.0,1.33,11.15,98.97,86.94,2.38,LUD,30.9,75.85,subtropical_humid,NASA_POWER_daily_ag,1.894,3.575,0.7251,dewpoint,244.3,19.549
2022-01-04,13.53,17.38,9.62,59.87,0.61,1.51,3.32,98.93,99.65,5.75,LUD,30.9,75.85,subtropical_humid,NASA_POWER_daily_ag,1.574,2.879,0.919,dewpoint,248.5,19.61
2022-01-05,12.73,14.37,10.8,88.7,28.81,2.16,2.89,98.75,99.88,10.85,LUD,30.9,75.85,subtropical_humid,NASA_POWER_daily_ag,0.878,2.741,1.2997,dewpoint,267.3,19.675
2022-01-06,14.12,19.51,11.22,81.85,0.97,2.19,4.74,98.8,82.02,10.84,LUD,30.9,75.85,subtropical_humid,NASA_POWER_daily_ag,1.258,3.164,1.2988,dewpoint,262.1,19.745
2022-01-07,14.57,19.2,11.88,86.73,6.23,3.51,4.47,98.68,97.39,12.25,LUD,30.9,75.85,subtropical_humid,NASA_POWER_daily_ag,1.213,3.129,1.4259,dewpoint,274.7,19.818
2022-01-08,13.73,16.21,9.95,92.38,36.03,3.29,2.91,98.61,82.85,12.5,LUD,30.9,75.85,subtropical_humid,NASA_POWER_daily_ag,0.815,2.742,1.4495,dewpoint,282.0,19.895
2022-01-09,12.03,17.36,8.51,83.98,15.51,1.19,5.94,98.74,70.7,9.17,LUD,30.9,75.85,subtropical_humid,NASA_POWER_daily_ag,1.03,3.445,1.1613,dewpoint,268.4,19.976
2022-01-10,10.85,16.78,7.14,78.0,1.6,1.02,10.48,98.94,58.05,6.7,LUD,30.9,75.85,subtropical_humid,NASA_POWER_daily_ag,1.244,4.253,0.9814,dewpoint,247.4,20.062
2022-01-11,10.7,18.6,5.23,77.31,0.12,1.38,6.91,98.97,78.72,6.41,LUD,30.9,75.85,subtropical_humid,NASA_POWER_daily_ag,1.201,3.587,0.962,dewpoint,244.3,20.151
2022-01-12,11.19,18.75,5.48,72.53,0.0,0.97,10.02,98.88,83.78,6.01,LUD,30.9,75.85,subtropical_humid,NASA_POWER_daily_ag,1.303,4.15,0.9358,dewpoint,253.7,20.244
2022-01-13,11.78,18.5,6.45,69.28,0.0,0.92,6.73,98.9,89.51,5.96,LUD,30.9,75.85,subtropical_humid,NASA_POWER_daily_ag,1.231,3.563,0.9325,dewpoint,251.6,20.341
2022-01-14,10.74,18.22,5.79,78.64,0.0,1.38,5.81,99.01,95.5,6.77,LUD,30.9,75.85,subtropical_humid,NASA_POWER_daily_ag,1.14,3.439,0.9861,dewpoint,240.1,20.442
2022-01-15,10.87,19.53,4.26,73.7,0.0,1.24,6.47,99.11,99.43,5.71,LUD,30.9,75.85,subtropical_humid,NASA_POWER_daily_ag,1.249,3.553,0.9165,dewpoint,229.6,20.546
2022-01-16,11.56,18.95,5.01,63.87,0.0,1.38,5.42,99.16,98.86,4.23,LUD,30.9,75.85,subtropical_humid,NASA_POWER_daily_ag,1.483,3.346,0.8265,dewpoint,224.4,20.654
2022-01-17,9.99,13.63,7.02,62.72,0.0,0.81,5.76,99.26,98.48,3.08,LUD,30.9,75.85,subtropical_humid,NASA_POWER_daily_ag,1.166,3.425,0.7621,dewpoint,214.0,20.766
2022-01-18,10.52,19.45,4.08,70.43,0.0,1.58,7.51,99.05,77.13,4.83,LUD,30.9,75.85,subtropical_humid,NASA_POWER_daily_ag,1.431,3.784,0.862,dewpoint,235.9,20.882
2022-01-19,10.91,16.62,7.14,78.54,1.2,0.96,5.49,98.75,97.93,7.17,LUD,30.9,75.85,subtropical_humid,NASA_POWER_daily_ag,1.042,3.471,1.0136,dewpoint,267.3,21.001
2022-01-20,12.1,17.91,7.16,83.44,1.16,1.1,5.21,98.37,92.85,9.39,LUD,30.9,75.85,subtropical_humid,NASA_POWER_daily_ag,1.007,3.456,1.1787,dewpoint,307.2,21.124
2022-01-21,12.99,18.94,8.77,74.64,0.53,0.85,7.86,98.35,79.64,8.13,LUD,30.9,75.85,subtropical_humid,NASA_POWER_daily_ag,1.284,4.042,1.0823,dewpoint,309.3,21.25
2022-01-22,11.21,16.32,7.77,86.92,17.74,3.68,2.16,97.89,99.75,8.94,LUD,30.9,75.85,subtropical_humid,NASA_POWER_daily_ag,1.023,2.713,1.1434,dewpoint,357.8,21.38
2022-01-23,11.46,14.63,10.18,88.85,14.58,2.3,4.64,98.11,86.47,9.65,LUD,30.9,75.85,subtropical_humid,NASA_POWER_daily_ag,0.952,3.361,1.1995,dewpoint,334.6,21.513
2022-01-24,11.05,14.68,8.21,83.0,2.04,0.88,5.79,98.56,75.53,8.17,LUD,30.9,75.85,subtropical_humid,NASA_POWER_daily_ag,1.002,3.66,1.0853,dewpoint,287.3,21.65
2022-01-25,10.19,15.63,5.53,84.49,0.23,1.26,7.25,98.63,72.02,7.63,LUD,30.9,75.85,subtropical_humid,NASA_POWER_daily_ag,1.071,4.05,1.046,dewpoint,279.9,21.789
2022-01-26,9.8,16.48,4.35,79.64,0.21,1.22,11.58,98.74,43.36,6.13,LUD,30.9,75.85,subtropical_humid,NASA_POWER_daily_ag,1.357,5.066,0.9436,dewpoint,268.4,21.932
2022-01-27,9.87,18.57,3.56,73.73,0.0,1.92,15.42,98.85,26.83,4.64,LUD,30.9,75.85,subtropical_humid,NASA_POWER_daily_ag,1.786,5.785,0.8506,dewpoint,256.8,22.079
2022-01-28,9.55,18.74,2.28,71.7,0.0,1.88,15.21,98.85,3.56,3.88,LUD,30.9,75.85,subtropical_humid,NASA_POWER_daily_ag,1.806,5.741,0.8064,dewpoint,256.8,22.228
2022-01-29,11.53,19.9,7.15,64.04,0.0,1.28,15.13,98.86,6.25,4.44,LUD,30.9,75.85,subtropical_humid,NASA_POWER_daily_ag,1.869,5.61,0.8388,dewpoint,255.8,22.38
2022-01-30,11.6,21.1,4.4,70.57,0.0,1.78,12.76,98.46,28.9,5.8,LUD,30.9,75.85,subtropical_humid,NASA_POWER_daily_ag,1.846,5.35,0.9222,dewpoint,297.8,22.535
2022-01-31,14.47,22.2,8.63,60.4,0.0,1.04,14.21,98.31,29.91,6.32,LUD,30.9,75.85,subtropical_humid,NASA_POWER_daily_ag,2.008,5.622,0.956,dewpoint,313.5,22.693
2022-02-01,12.65,21.06,7.56,67.74,0.0,1.45,10.68,98.34,74.31,6.32,LUD,30.9,75.85,subtropical_humid,NASA_POWER_daily_ag,1.779,4.919,0.956,dewpoint,310.4,22.854
2022-02-02,13.3,21.49,6.47,65.8,0.0,1.01,11.53,98.2,78.59,5.84,LUD,30.9,75.85,subtropical_humid,NASA_POWER_daily_ag,1.782,5.14,0.9248,dewpoint,325.1,23.018
2022-02-03,11.53,13.84,9.25,88.5,21.12,1.8,2.41,98.03,97.5,9.66,LUD,30.9,75.85,subtropical_humid,NASA_POWER_daily_ag,0.839,2.846,1.2003,dewpoint,343.0,23.184
2022-02-04,11.62,16.45,7.4,80.16,2.68,0.63,12.44,98.16,42.65,8.06,LUD,30.9,75.85,subtropical_humid,NASA_POWER_daily_ag,1.481,5.787,1.0772,dewpoint,329.3,23.353
2022-02-05,11.58,18.52,5.25,74.24,0.0,1.37,15.08,98.55,44.86,6.76,LUD,30.9,75.85,subtropical_humid,NASA_POWER_daily_ag,1.846,6.422,0.9855,dewpoint,288.3,23.525
2022-02-06,13.41,19.95,8.31,59.83,0.0,0.91,12.53,98.73,57.96,5.06,LUD,30.9,75.85,subtropical_humid,NASA_POWER_daily_ag,1.873,5.486,0.876,dewpoint,269.4,23.699
2022-02-07,13.66,21.59,8.43,66.76,0.0,1.18,13.45,98.72,42.38,7.08,LUD,30.9,75.85,subtropical_humid,NASA_POWER_daily_ag,1.965,5.913,1.0074,dewpoint,270.5,23.875
2022-02-08,13.64,21.16,7.96,66.82,0.0,1.38,15.86,98.57,33.7,7.01,LUD,30.9,75.85,subtropical_humid,NASA_POWER_daily_ag,2.193,6.637,1.0025,dewpoint,286.2,24.054
2022-02-09,13.16,20.82,8.93,65.79,0.11,1.47,15.34,98.7,28.57,6.48,LUD,30.9,75.85,subtropical_humid,NASA_POWER_daily_ag,2.163,6.464,0.9666,dewpoint,272.6,24.235
2022-02-10,12.42,21.09,7.4,66.42,0.0,1.84,17.47,98.94,4.14,5.76,LUD,30.9,75.85,subtropical_humid,NASA_POWER_daily_ag,2.336,7.034,0.9197,dewpoint,247.4,24.418
2022-02-11,11.37,20.46,4.1,69.48,0.0,1.87,19.06,98.79,0.98,5.12,LUD,30.9,75.85,subtropical_humid,NASA_POWER_daily_ag,2.329,7.613,0.8796,dewpoint,263.1,24.603
2022-02-12,13.13,22.0,5.42,60.64,0.0,1.46,17.9,98.61,3.81,4.89,LUD,30.9,75.85,subtropical_humid,NASA_POWER_daily_ag,2.461,7.204,0.8656,dewpoint,282.0,24.79
2022-02-13,15.12,23.03,8.61,54.63,0.0,1.0,17.5,98.5,8.32,5.34,LUD,30.9,75.85,subtropical_humid,NASA_POWER_daily_ag,2.455,7.051,0.8932,dewpoint,293.6,24.979
2022-02-14,14.95,22.27,8.94,58.86,0.0,1.08,16.52,98.53,12.08,6.39,LUD,30.9,75.85,subtropical_humid,NASA_POWER_daily_ag,2.396,7.017,0.9607,dewpoint,290.4,25.17
2022-02-15,15.11,23.02,8.55,63.13,0.0,1.05,16.29,98.55,16.86,7.53,LUD,30.9,75.85,subtropical_humid,NASA_POWER_daily_ag,2.347,7.147,1.0389,dewpoint,288.3,25.363
2022-02-16,15.64,23.13,10.56,67.4,0.0,1.45,16.63,98.35,20.32,9.13,LUD,30.9,75.85,subtropical_humid,NASA_POWER_daily_ag,2.503,7.46,1.1582,dewpoint,309.3,25.557
2022-02-17,16.25,24.36,10.36,61.92,0.0,1.21,17.0,98.31,12.14,7.87,LUD,30.9,75.85,subtropical_humid,NASA_POWER_daily_ag,2.614,7.41,1.0633,dewpoint,313.5,25.752
2022-02-18,15.65,24.52,9.94,58.7,0.0,1.5,16.25,98.46,13.8,6.74,LUD,30.9,75.85,subtropical_humid,NASA_POWER_daily_ag,2.694,7.105,0.9841,dewpoint,297.8,25.95
2022-02-19,15.5,23.77,10.56,59.37,0.0,1.79,17.67,98.59,2.66,6.88,LUD,30.9,75.85,subtropical_humid,NASA_POWER_daily_ag,2.89,7.602,0.9936,dewpoint,284.1,26.148
2022-02-20,14.52,23.81,7.53,63.83,0.0,2.12,18.28,98.04,0.77,6.83,LUD,30.9,75.85,subtropical_humid,NASA_POWER_daily_ag,2.896,7.969,0.9902,dewpoint,342.0,26.348
2022-02-21,15.92,24.92,7.61,51.67,0.0,1.03,19.68,97.98,28.49,4.49,LUD,30.9,75.85,subtropical_humid,NASA_POWER_daily_ag,2.856,8.041,0.8417,dewpoint,348.3,26.549
2022-02-22,17.1,25.09,10.38,50.7,0.38,4.63,14.6,98.05,75.69,6.28,LUD,30.9,75.85,subtropical_humid,NASA_POWER_daily_ag,4.376,6.774,0.9534,dewpoint,340.9,26.751
2022-02-23,17.17,23.06,11.21,60.71,0.17,2.87,15.1,98.58,64.77,9.12,LUD,30.9,75.85,subtropical_humid,NASA_POWER_daily_ag,3.306,7.325,1.1574,dewpoint,285.2,26.954
2022-02-24,16.51,23.87,11.06,67.43,0.53,1.25,15.87,98.8,24.92,9.84,LUD,30.9,75.85,subtropical_humid,NASA_POWER_daily_ag,2.555,7.696,1.2149,dewpoint,262.1,27.158
2022-02-25,17.11,24.64,10.74,64.92,0.55,1.61,15.01,98.76,64.2,9.71,LUD,30.9,75.85,subtropical_humid,NASA_POWER_daily_ag,2.75,7.421,1.2043,dewpoint,266.3,27.363
2022-02-26,15.03,20.05,11.28,78.28,14.01,2.61,10.15,98.92,84.48,11.05,LUD,30.9,75.85,subtropical_humid,NASA_POWER_daily_ag,2.033,5.926,1.3171,dewpoint,249.5,27.569
2022-02-27,14.69,22.81,8.65,69.88,0.01,2.01,20.75,99.13,1.59,8.49,LUD,30.9,75.85,subtropical_humid,NASA_POWER_daily_ag,2.969,9.466,1.1091,dewpoint,227.5,27.775
2022-02-28,13.94,23.33,6.14,64.96,0.0,1.62,18.37,98.87,32.06,6.36,LUD,30.9,75.85,subtropical_humid,NASA_POWER_daily_ag,2.774,8.485,0.9587,dewpoint,254.7,27.982
2022-03-01,17.23,25.48,11.32,57.87,0.0,1.44,19.1,98.84,21.52,8.18,LUD,30.9,75.85,subtropical_humid,NASA_POWER_daily_ag,3.163,8.763,1.086,dewpoint,257.9,28.189
2022-03-02,17.94,25.36,12.24,60.04,0.0,1.34,19.9,98.84,38.1,9.49,LUD,30.9,75.85,subtropical_humid,NASA_POWER_daily_ag,3.228,9.274,1.1866,dewpoint,257.9,28.396
2022-03-03,16.86,22.79,12.67,72.16,2.05,1.66,10.6,98.79,73.48,11.58,LUD,30.9,75.85,subtropical_humid,NASA_POWER_daily_ag,2.216,6.223,1.3642,dewpoint,263.1,28.604
2022-03-04,16.4,24.22,10.73,73.41,0.24,2.02,20.11,98.9,25.1,10.83,LUD,30.9,75.85,subtropical_humid,NASA_POWER_daily_ag,3.087,9.796,1.298,dewpoint,251.6,28.812
2022-03-05,17.19,27.42,8.87,65.49,0.0,1.57,19.52,98.65,55.6,9.35,LUD,30.9,75.85,subtropical_humid,NASA_POWER_daily_ag,3.22,9.336,1.1755,dewpoint,277.8,29.021
2022-03-06,19.49,26.23,14.5,54.23,0.0,0.87,14.98,98.49,96.75,9.62,LUD,30.9,75.85,subtropical_humid,NASA_POWER_daily_ag,2.785,7.681,1.197,dewpoint,294.6,29.229
2022-03-07,20.56,28.79,15.09,54.67,0.0,1.32,17.75,98.7,63.64,10.29,LUD,30.9,75.85,subtropical_humid,NASA_POWER_daily_ag,3.436,8.692,1.252,dewpoint,272.6,29.437
2022-03-08,19.85,29.13,13.42,55.36,0.0,1.68,21.45,98.66,10.94,9.48,LUD,30.9,75.85,subtropical_humid,NASA_POWER_daily_ag,3.921,9.973,1.1858,dewpoint,276.8,29.645
2022-03-09,19.43,28.32,13.21,53.8,0.0,1.84,21.42,98.54,1.3,9.03,LUD,30.9,75.85,subtropical_humid,NASA_POWER_daily_ag,3.982,9.995,1.1504,dewpoint,289.4,29.853
2022-03-10,20.14,29.22,13.21,57.74,0.0,2.09,20.89,98.48,1.93,10.76,LUD,30.9,75.85,subtropical_humid,NASA_POWER_daily_ag,4.075,10.125,1.2919,dewpoint,295.7,30.06
2022-03-11,20.8,30.38,13.44,56.58,0.0,1.82,21.8,98.49,1.38,10.58,LUD,30.9,75.85,subtropical_humid,NASA_POWER_daily_ag,4.176,10.427,1.2765,dewpoint,294.6,30.267
2022-03-12,20.51,29.89,12.51,59.33,0.0,1.67,20.37,98.32,30.27,11.44,LUD,30.9,75.85,subtropical_humid,NASA_POWER_daily_ag,3.867,10.154,1.3516,dewpoint,312.5,30.473
2022-03-13,23.95,32.55,16.58,52.44,0.0,1.63,21.08,98.26,25.74,12.78,LUD,30.9,75.85,subtropical_humid,NASA_POWER_daily_ag,4.45,10.471,1.4764,dewpoint,318.8,30.679
2022-03-14,25.57,34.22,18.76,49.48,0.0,1.37,21.64,98.21,22.98,13.49,LUD,30.9,75.85,subtropical_humid,NASA_POWER_daily_ag,4.543,10.734,1.5465,dewpoint,324.1,30.884
2022-03-15,25.71,35.13,19.45,51.54,0.0,1.91,21.06,98.02,45.27,13.93,LUD,30.9,75.85,subtropical_humid,NASA_POWER_daily_ag,4.908,10.591,1.5914,dewpoint,344.1,31.089
2022-03-16,24.5,36.03,15.42,56.9,0.0,2.41,22.62,97.78,18.04,13.41,LUD,30.9,75.85,subtropical_humid,NASA_POWER_daily_ag,5.207,11.265,1.5384,dewpoint,369.4,31.292
2022-03-17,26.22,37.3,17.46,48.89,0.0,1.32,21.75,97.84,36.49,12.99,LUD,30.9,75.85,subtropical_humid,NASA_POWER_daily_ag,4.659,10.762,1.4968,dewpoint,363.1,31.495
2022-03-18,27.0,36.09,18.93,51.61,0.0,1.98,19.02,97.95,47.0,15.12,LUD,30.9,75.85,subtropical_humid,NASA_POWER_daily_ag,4.957,10.109,1.7186,dewpoint,351.5,31.697
2022-03-19,27.94,36.37,20.04,49.78,0.0,1.17,19.55,97.76,28.14,15.2,LUD,30.9,75.85,subtropical_humid,NASA_POWER_daily_ag,4.481,10.349,1.7274,dewpoint,371.5,31.897
2022-03-20,28.09,36.99,20.28,42.95,0.01,0.98,20.26,97.63,25.79,12.92,LUD,30.9,75.85,subtropical_humid,NASA_POWER_daily_ag,4.433,10.248,1.49,dewpoint,385.3,32.097
2022-03-21,27.12,36.35,19.82,44.37,0.0,2.09,21.51,97.9,24.84,12.54,LUD,30.9,75.85,subtropical_humid,NASA_POWER_daily_ag,5.577,10.746,1.4533,dewpoint,356.7,32.295
2022-03-22,25.73,35.56,18.25,40.72,0.0,2.56,22.01,97.93,27.17,9.67,LUD,30.9,75.85,subtropical_humid,NASA_POWER_daily_ag,5.986,10.554,1.2011,dewpoint,353.6,32.492
2022-03-23,26.81,36.46,19.48,34.82,0.0,1.21,20.04,97.89,58.74,8.3,LUD,30.9,75.85,subtropical_humid,NASA_POWER_daily_ag,4.637,9.606,1.0949,dewpoint,357.8,32.688
2022-03-24,26.48,35.32,19.98,35.72,0.0,1.61,20.97,97.76,25.14,8.92,LUD,30.9,75.85,subtropical_humid,NASA_POWER_daily_ag,5.156,10.111,1.1419,dewpoint,371.5,32.882
2022-03-25,25.29,35.35,17.63,39.81,0.02,2.47,23.26,97.9,15.64,8.45,LUD,30.9,75.85,subtropical_humid,NASA_POWER_daily_ag,6.057,10.986,1.1061,dewpoint,356.7,33.075
2022-03-26,24.98,35.94,16.05,38.32,0.0,2.65,24.59,98.05,15.38,7.02,LUD,30.9,75.85,subtropical_humid,NASA_POWER_daily_ag,6.387,11.286,1.0032,dewpoint,340.9,33.266
2022-03-27,26.9,38.01,17.31,32.42,0.0,1.71,23.45,98.01,16.55,6.47,LUD,30.9,75.85,subtropical_humid,NASA_POWER_daily_ag,5.688,10.689,0.966,dewpoint,345.1,33.456
2022-03-28,28.23,38.54,18.35,27.39,0.0,1.23,22.54,97.93,29.02,5.56,LUD,30.9,75.85,subtropical_humid,NASA_POWER_daily_ag,5.17,10.226,0.907,dewpoint,353.6,33.644
2022-03-29,29.07,39.41,20.05,26.76,0.0,1.43,23.29,97.76,28.61,5.95,LUD,30.9,75.85,subtropical_humid,NASA_POWER_daily_ag,5.62,10.474,0.9319,dewpoint,371.5,33.83
2022-03-30,29.5,39.24,20.48,24.87,0.0,1.24,23.46,97.79,34.7,4.93,LUD,30.9,75.85,subtropical_humid,NASA_POWER_daily_ag,5.422,10.402,0.8681,dewpoint,368.3,34.015
2022-03-31,28.28,39.01,19.5,27.0,0.0,1.51,23.09,97.93,36.52,5.66,LUD,30.9,75.85,subtropical_humid,NASA_POWER_daily_ag,5.649,10.513,0.9133,dewpoint,353.6,34.197
2022-04-01,27.9,38.15,17.3,29.23,0.0,1.64,25.35,97.88,10.31,5.81,LUD,30.9,75.85,subtropical_humid,NASA_POWER_daily_ag,6.031,11.495,0.9229,dewpoint,358.8,34.378
2022-04-02,29.31,38.96,22.27,21.86,0.0,1.06,25.74,97.97,0.61,3.28,LUD,30.9,75.85,subtropical_humid,NASA_POWER_daily_ag,5.334,10.919,0.773,dewpoint,349.3,34.557
2022-04-03,28.25,39.56,18.18,23.44,0.0,1.72,25.28,97.93,1.46,3.03,LUD,30.9,75.85,subtropical_humid,NASA_POWER_daily_ag,6.216,10.972,0.7594,dewpoint,353.6,34.734
2022-04-04,27.83,39.13,17.7,28.17,0.0,2.18,25.72,97.94,14.79,4.79,LUD,30.9,75.85,subtropical_humid,NASA_POWER_daily_ag,6.787,11.526,0.8596,dewpoint,352.5,34.909
2022-04-05,28.66,39.21,20.57,25.8,0.0,1.85,25.0,98.21,23.19,4.58,LUD,30.9,75.85,subtropical_humid,NASA_POWER_daily_ag,6.427,11.156,0.8471,dewpoint,324.1,35.082
2022-04-06,29.67,39.48,20.72,24.76,0.0,1.94,25.29,98.19,0.69,5.47,LUD,30.9,75.85,subtropical_humid,NASA_POWER_daily_ag,6.746,11.439,0.9013,dewpoint,326.2,35.252
2022-04-07,30.46,40.58,21.59,25.43,0.0,1.81,25.55,98.09,0.67,6.18,LUD,30.9,75.85,subtropical_humid,NASA_POWER_daily_ag,6.696,11.607,0.9468,dewpoint,336.7,35.421
2022-04-08,31.29,41.68,23.69,23.25,0.0,1.73,25.06,97.84,6.63,5.56,LUD,30.9,75.85,subtropical_humid,NASA_POWER_daily_ag,6.635,11.227,0.907,dewpoint,363.1,35.587
2022-04-09,31.98,41.76,24.9,22.6,0.0,1.44,23.17,97.68,21.14,6.03,LUD,30.9,75.85,subtropical_humid,NASA_POWER_daily_ag,6.087,10.688,0.9371,dewpoint,380.0,35.751
2022-04-10,31.72,41.6,24.32,24.77,0.0,1.84,25.76,97.62,1.79,7.16,LUD,30.9,75.85,subtropical_humid,NASA_POWER_daily_ag,6.947,11.843,1.0129,dewpoint,386.3,35.913
2022-04-11,32.82,42.61,24.05,24.04,0.0,1.51,22.63,97.52,60.98,7.56,LUD,30.9,75.85,subtropical_humid,NASA_POWER_daily_ag,6.279,10.843,1.041,dewpoint,396.9,36.073
2022-04-12,31.28,39.46,25.33,24.45,0.0,1.6,18.71,97.47,61.17,7.45,LUD,30.9,75.85,subtropical_humid,NASA_POWER_daily_ag,5.834,9.578,1.0332,dewpoint,402.2,36.23
2022-04-13,30.47,39.98,20.46,23.53,0.0,1.88,22.04,97.45,49.46,5.48,LUD,30.9,75.85,subtropical_humid,NASA_POWER_daily_ag,6.566,10.665,0.902,dewpoint,404.3,36.385
2022-04-14,31.28,40.72,22.54,25.29,0.17,1.8,21.32,97.41,49.78,6.79,LUD,30.9,75.85,subtropical_humid,NASA_POWER_daily_ag,6.454,10.529,0.9875,dewpoint,408.5,36.537
2022-04-15,30.47,38.41,21.68,25.36,0.04,1.3,25.22,97.49,25.86,7.02,LUD,30.9,75.85,subtropical_humid,NASA_POWER_daily_ag,6.052,12.148,1.0032,dewpoint,400.1,36.687
2022-04-16,31.32,38.88,24.05,23.79,0.03,0.9,26.64,97.46,11.26,6.97,LUD,30.9,75.85,subtropical_humid,NASA_POWER_daily_ag,5.657,12.564,0.9998,dewpoint,403.2,36.835
2022-04-17,31.36,40.55,22.85,22.17,0.0,1.32,24.64,97.55,37.89,5.37,LUD,30.9,75.85,subtropical_humid,NASA_POWER_daily_ag,6.109,11.58,0.8951,dewpoint,393.7,36.98
2022-04-18,33.32,41.96,24.52,19.45,0.0,1.63,24.34,97.7,22.3,5.34,LUD,30.9,75.85,subtropical_humid,NASA_POWER_daily_ag,6.822,11.361,0.8932,dewpoint,377.9,37.123
2022-04-19,33.5,42.16,25.65,20.23,0.0,1.77,21.76,97.87,45.03,6.46,LUD,30.9,75.85,subtropical_humid,NASA_POWER_daily_ag,6.806,10.63,0.9653,dewpoint,359.9,37.264
2022-04-20,33.01,41.32,24.65,24.1,0.0,2.48,23.94,97.72,39.46,8.6,LUD,30.9,75.85,subtropical_humid,NASA_POWER_daily_ag,8.015,11.866,1.1174,dewpoint,375.7,37.401
2022-04-21,30.58,36.43,25.63,29.85,0.0,1.4,10.77,97.8,92.12,10.37,LUD,30.9,75.85,subtropical_humid,NASA_POWER_daily_ag,4.516,7.051,1.2587,dewpoint,367.3,37.537
2022-04-22,29.82,37.72,21.82,29.62,0.19,1.84,24.16,98.02,32.78,8.76,LUD,30.9,75.85,subtropical_humid,NASA_POWER_daily_ag,6.641,12.309,1.1296,dewpoint,344.1,37.67
2022-04-23,30.89,39.79,22.06,23.41,0.0,2.49,23.5,97.98,37.52,6.07,LUD,30.9,75.85,subtropical_humid,NASA_POWER_daily_ag,7.723,11.564,0.9397,dewpoint,348.3,37.8
2022-04-24,31.38,40.42,22.08,22.46,0.0,2.98,26.46,97.76,20.98,5.64,LUD,30.9,75.85,subtropical_humid,NASA_POWER_daily_ag,8.797,12.572,0.9121,dewpoint,371.5,37.928
2022-04-25,33.08,41.83,24.16,21.68,0.0,2.1,21.91,97.61,51.24,6.97,LUD,30.9,75.85,subtropical_humid,NASA_POWER_daily_ag,7.346,11.019,0.9998,dewpoint,387.4,38.053
2022-04-26,33.35,41.37,25.96,17.94,0.0,2.02,25.46,97.69,24.48,4.64,LUD,30.9,75.85,subtropical_humid,NASA_POWER_daily_ag,7.671,11.892,0.8506,dewpoint,378.9,38.176
2022-04-27,33.84,43.76,24.09,15.13,0.0,2.43,27.27,97.6,2.09,1.88,LUD,30.9,75.85,subtropical_humid,NASA_POWER_daily_ag,8.622,12.015,0.6996,dewpoint,388.4,38.296
2022-04-28,36.16,45.3,26.63,13.51,0.0,1.58,24.98,97.57,25.55,2.45,LUD,30.9,75.85,subtropical_humid,NASA_POWER_daily_ag,7.178,11.21,0.7287,dewpoint,391.6,38.414
2022-04-29,36.26,45.35,28.28,14.57,0.0,1.72,24.09,97.55,30.56,4.02,LUD,30.9,75.85,subtropical_humid,NASA_POWER_daily_ag,7.372,11.129,0.8144,dewpoint,393.7,38.529
2022-04-30,36.4,45.12,28.08,15.99,0.01,1.53,24.56,97.24,22.37,5.36,LUD,30.9,75.85,subtropical_humid,NASA_POWER_daily_ag,7.1,11.558,0.8945,dewpoint,426.6,38.641
2022-05-01,35.68,43.53,27.82,14.85,0.0,1.94,24.42,97.17,36.74,3.9,LUD,30.9,75.85,subtropical_humid,NASA_POWER_daily_ag,7.781,11.406,0.8076,dewpoint,434.0,38.751
2022-05-02,34.57,43.12,26.43,17.29,0.08,3.41,22.86,97.23,39.48,5.35,LUD,30.9,75.85,subtropical_humid,NASA_POWER_daily_ag,9.81,11.194,0.8939,dewpoint,427.6,38.859
2022-05-03,34.04,41.25,26.89,22.18,0.17,2.71,18.96,97.46,71.55,8.49,LUD,30.9,75.85,subtropical_humid,NASA_POWER_daily_ag,8.103,10.24,1.1091,dewpoint,403.2,38.964
2022-05-04,32.03,37.93,25.97,32.98,6.96,1.78,16.17,97.76,58.92,12.73,LUD,30.9,75.85,subtropical_humid,NASA_POWER_daily_ag,5.844,9.641,1.4715,dewpoint,371.5,39.066
2022-05-05,31.77,38.72,25.49,35.92,1.17,1.39,23.7,97.78,29.22,13.91,LUD,30.9,75.85,subtropical_humid,NASA_POWER_daily_ag,6.24,13.163,1.5893,dewpoint,369.4,39.166
2022-05-06,32.83,40.21,24.97,32.45,0.0,1.47,22.62,97.69,38.3,12.99,LUD,30.9,75.85,subtropical_humid,NASA_POWER_daily_ag,6.382,12.508,1.4968,dewpoint,378.9,39.263
2022-05-07,34.18,41.67,27.16,25.1,0.02,1.6,26.42,97.67,13.66,10.08,LUD,30.9,75.85,subtropical_humid,NASA_POWER_daily_ag,7.273,13.472,1.2346,dewpoint,381.0,39.358
2022-05-08,34.96,42.7,27.03,22.1,0.0,1.19,25.85,97.44,10.57,9.0,LUD,30.9,75.85,subtropical_humid,NASA_POWER_daily_ag,6.616,13.028,1.1481,dewpoint,405.4,39.451
2022-05-09,34.05,41.57,26.35,26.44,0.0,3.14,23.28,97.45,32.09,11.38,LUD,30.9,75.85,subtropical_humid,NASA_POWER_daily_ag,9.033,12.496,1.3462,dewpoint,404.3,39.541
2022-05-10,34.72,42.37,27.05,28.07,0.26,2.17,22.57,97.47,53.59,12.48,LUD,30.9,75.85,subtropical_humid,NASA_POWER_daily_ag,7.694,12.34,1.4476,dewpoint,402.2,39.628
2022-05-11,35.93,43.76,27.18,25.66,0.0,1.93,22.65,97.27,29.01,12.27,LUD,30.9,75.85,subtropical_humid,NASA_POWER_daily_ag,7.557,12.308,1.4277,dewpoint,423.4,39.713
2022-05-12,37.76,45.95,29.98,18.63,0.22,1.35,24.76,97.08,40.13,8.2,LUD,30.9,75.85,subtropical_humid,NASA_POWER_daily_ag,7.031,12.293,1.0875,dewpoint,443.6,39.796
2022-05-13,36.98,45.62,28.29,16.15,0.2,2.54,26.57,96.9,35.02,5.61,LUD,30.9,75.85,subtropical_humid,NASA_POWER_daily_ag,9.322,12.608,0.9102,dewpoint,462.7,39.876
2022-05-14,37.08,47.03,26.9,10.85,0.0,3.05,28.15,96.86,5.92,0.25,LUD,30.9,75.85,subtropical_humid,NASA_POWER_daily_ag,10.435,12.217,0.622,dewpoint,466.9,39.953
2022-05-15,38.11,47.34,30.07,10.29,0.0,2.07,24.88,96.98,55.18,0.77,LUD,30.9,75.85,subtropical_humid,NASA_POWER_daily_ag,8.432,11.151,0.6459,dewpoint,454.2,40.029
2022-05-16,36.79,45.0,28.86,13.47,0.01,2.51,17.31,97.05,92.24,3.59,LUD,30.9,75.85,subtropical_humid,NASA_POWER_daily_ag,8.344,9.229,0.7901,dewpoint,446.7,40.102
2022-05-17,36.6,42.97,29.59,18.84,0.42,1.37,22.43,97.12,58.56,8.14,LUD,30.9,75.85,subtropical_humid,NASA_POWER_daily_ag,6.727,11.636,1.083,dewpoint,439.3,40.172
2022-05-18,36.42,43.47,29.07,18.69,0.22,1.89,23.94,97.32,31.38,8.17,LUD,30.9,75.85,subtropical_humid,NASA_POWER_daily_ag,7.829,12.226,1.0853,dewpoint,418.1,40.24
2022-05-19,38.02,45.84,29.8,16.02,0.06,1.62,24.03,97.23,29.66,6.84,LUD,30.9,75.85,subtropical_humid,NASA_POWER_daily_ag,7.532,11.935,0.9909,dewpoint,427.6,40.306
2022-05-20,37.81,46.15,30.32,13.31,0.0,2.8,23.32,96.91,70.78,3.79,LUD,30.9,75.85,subtropical_humid,NASA_POWER_daily_ag,9.637,11.229,0.8013,dewpoint,461.6,40.37
2022-05-21,36.49,43.81,28.9,15.55,0.47,1.49,22.1,96.72,80.93,5.33,LUD,30.9,75.85,subtropical_humid,NASA_POWER_daily_ag,6.91,11.188,0.8926,dewpoint,481.8,40.431
2022-05-22,36.0,42.8,28.37,17.22,0.03,2.12,25.18,96.63,42.14,6.11,LUD,30.9,75.85,subtropical_humid,NASA_POWER_daily_ag,8.352,12.502,0.9423,dewpoint,491.4,40.49
2022-05-23,30.76,37.95,24.08,36.65,13.47,4.92,22.1,96.93,84.16,12.74,LUD,30.9,75.85,subtropical_humid,NASA_POWER_daily_ag,9.594,12.582,1.4725,dewpoint,459.5,40.547
2022-05-24,25.54,30.98,21.06,59.64,4.52,3.08,23.38,97.72,31.22,16.77,LUD,30.9,75.85,subtropical_humid,NASA_POWER_daily_ag,5.925,14.104,1.9097,dewpoint,375.7,40.601
2022-05-25,30.23,37.32,22.33,42.01,0.0,1.49,27.73,97.74,5.53,14.72,LUD,30.9,75.85,subtropical_humid,NASA_POWER_daily_ag,6.761,15.65,1.6748,dewpoint,373.6,40.653
2022-05-26,33.1,39.39,25.55,33.95,0.0,0.96,24.88,97.44,24.64,14.35,LUD,30.9,75.85,subtropical_humid,NASA_POWER_daily_ag,6.095,14.056,1.6353,dewpoint,405.4,40.703
2022-05-27,35.1,41.6,27.26,31.76,0.0,1.27,21.27,97.08,40.75,15.01,LUD,30.9,75.85,subtropical_humid,NASA_POWER_daily_ag,6.232,12.376,1.7064,dewpoint,443.6,40.751
2022-05-28,35.86,42.97,28.86,34.27,3.79,1.36,18.36,96.9,76.87,16.53,LUD,30.9,75.85,subtropical_humid,NASA_POWER_daily_ag,5.975,11.147,1.8808,dewpoint,462.7,40.796
2022-05-29,34.48,41.58,28.76,36.54,2.97,1.22,25.43,97.01,43.33,15.9,LUD,30.9,75.85,subtropical_humid,NASA_POWER_daily_ag,6.674,14.472,1.8067,dewpoint,451.0,40.84
2022-05-30,34.29,41.58,27.27,30.2,0.32,2.31,22.24,97.09,74.04,12.81,LUD,30.9,75.85,subtropical_humid,NASA_POWER_daily_ag,7.815,12.508,1.4793,dewpoint,442.5,40.881
2022-05-31,34.8,41.64,28.0,29.12,0.22,1.16,23.53,97.17,54.11,13.03,LUD,30.9,75.85,subtropical_humid,NASA_POWER_daily_ag,6.371,13.1,1.5007,dewpoint,434.0,40.92
2022-06-01,36.13,43.38,27.0,22.64,0.0,1.21,24.75,97.2,47.67,9.62,LUD,30.9,75.85,subtropical_humid,NASA_POWER_daily_ag,6.758,13.025,1.197,dewpoint,430.8,40.957
2022-06-02,35.69,44.08,26.81,17.79,0.0,1.48,27.05,97.17,25.74,5.82,LUD,30.9,75.85,subtropical_humid,NASA_POWER_daily_ag,7.432,13.262,0.9235,dewpoint,434.0,40.992
2022-06-03,36.25,44.43,27.02,15.7,0.0,2.13,27.16,97.06,12.05,4.38,LUD,30.9,75.85,subtropical_humid,NASA_POWER_daily_ag,8.684,13.042,0.8353,dewpoint,445.7,41.024
2022-06-04,37.65,45.04,30.47,13.2,0.0,1.68,27.15,97.09,21.69,3.25,LUD,30.9,75.85,subtropical_humid,NASA_POWER_daily_ag,7.978,12.66,0.7713,dewpoint,442.5,41.055
2022-06-05,37.66,45.7,29.83,12.01,0.0,1.56,26.5,97.07,29.18,2.46,LUD,30.9,75.85,subtropical_humid,NASA_POWER_daily_ag,7.658,12.318,0.7292,dewpoint,444.6,41.083
2022-06-06,37.77,46.23,29.06,12.67,0.0,2.35,25.38,96.97,34.89,3.25,LUD,30.9,75.85,subtropical_humid,NASA_POWER_daily_ag,9.098,12.081,0.7713,dewpoint,455.2,41.11
2022-06-07,38.56,46.8,30.21,13.74,0.0,2.37,25.19,96.9,33.8,5.2,LUD,30.9,75.85,subtropical_humid,NASA_POWER_daily_ag,9.212,12.245,0.8846,dewpoint,462.7,41.134
2022-06-08,38.7,46.03,31.53,14.17,0.0,3.92,25.58,96.89,18.83,6.08,LUD,30.9,75.85,subtropical_humid,NASA_POWER_daily_ag,11.954,12.514,0.9403,dewpoint,463.8,41.157
2022-06-09,38.75,46.43,30.65,15.95,0.0,3.03,24.98,96.79,38.4,7.54,LUD,30.9,75.85,subtropical_humid,NASA_POWER_daily_ag,10.365,12.56,1.0396,dewpoint,474.4,41.177
2022-06-10,38.83,46.41,30.65,18.5,0.0,3.16,24.29,96.84,45.37,10.0,LUD,30.9,75.85,subtropical_humid,NASA_POWER_daily_ag,10.433,12.707,1.228,dewpoint,469.1,41.195
2022-06-11,39.15,46.69,30.44,17.81,0.01,3.24,25.14,96.91,55.69,9.21,LUD,30.9,75.85,subtropical_humid,NASA_POWER_daily_ag,10.776,12.906,1.1644,dewpoint,461.6,41.212
2022-06-12,39.08,45.58,32.07,20.1,0.13,2.78,23.87,97.05,58.55,11.56,LUD,30.9,75.85,subtropical_humid,NASA_POWER_daily_ag,9.743,12.787,1.3624,dewpoint,446.7,41.226
2022-06-13,39.39,46.29,32.44,18.05,0.01,2.91,25.09,97.22,50.84,10.27,LUD,30.9,75.85,subtropical_humid,NASA_POWER_daily_ag,10.222,13.013,1.2504,dewpoint,428.7,41.238
2022-06-14,39.0,45.67,31.4,22.33,0.0,3.03,24.82,97.11,58.43,13.08,LUD,30.9,75.85,subtropical_humid,NASA_POWER_daily_ag,10.192,13.485,1.5056,dewpoint,440.4,41.248
2022-06-15,39.41,45.57,32.9,27.85,0.01,3.93,25.69,96.93,30.1,16.42,LUD,30.9,75.85,subtropical_humid,NASA_POWER_daily_ag,11.475,14.511,1.8676,dewpoint,459.5,41.257
2022-06-16,38.45,43.38,32.44,27.88,4.83,1.82,24.29,97.02,36.4,16.21,LUD,30.9,75.85,subtropical_humid,NASA_POWER_daily_ag,7.978,13.896,1.8428,dewpoint,449.9,41.263
2022-06-17,33.18,36.3,29.45,52.33,19.02,1.37,14.42,97.18,76.67,21.68,LUD,30.9,75.85,subtropical_humid,NASA_POWER_daily_ag,4.696,9.763,2.5928,dewpoint,432.9,41.268
2022-06-18,30.7,33.77,28.29,56.25,14.23,1.07,12.94,97.35,83.51,20.82,LUD,30.9,75.85,subtropical_humid,NASA_POWER_daily_ag,3.873,8.911,2.4596,dewpoint,414.9,41.27
2022-06-19,32.0,37.81,26.24,45.06,0.01,1.09,16.06,97.28,69.27,17.85,LUD,30.9,75.85,subtropical_humid,NASA_POWER_daily_ag,4.745,10.324,2.0446,dewpoint,422.3,41.271
2022-06-20,32.11,36.43,26.5,42.26,0.93,1.35,22.45,97.12,53.48,17.06,LUD,30.9,75.85,subtropical_humid,NASA_POWER_daily_ag,6.089,13.505,1.9451,dewpoint,439.3,41.269
2022-06-21,30.89,35.67,25.65,44.18,3.11,2.9,16.03,97.05,92.75,16.69,LUD,30.9,75.85,subtropical_humid,NASA_POWER_daily_ag,6.495,10.245,1.9,dewpoint,446.7,41.266
2022-06-22,28.71,33.01,25.86,62.84,11.13,1.27,22.48,97.63,48.18,20.64,LUD,30.9,75.85,subtropical_humid,NASA_POWER_daily_ag,5.271,14.203,2.4325,dewpoint,385.3,41.26
2022-06-23,31.66,39.37,24.7,42.0,0.08,2.51,27.5,97.65,20.93,15.84,LUD,30.9,75.85,subtropical_humid,NASA_POWER_daily_ag,7.996,15.733,1.7998,dewpoint,383.1,41.253
2022-06-24,32.41,40.46,23.71,35.87,0.0,1.87,28.82,97.35,0.24,13.76,LUD,30.9,75.85,subtropical_humid,NASA_POWER_daily_ag,7.772,15.908,1.5739,dewpoint,414.9,41.244
2022-06-25,34.44,41.61,27.5,31.51,0.0,1.21,27.56,97.09,11.46,14.05,LUD,30.9,75.85,subtropical_humid,NASA_POWER_daily_ag,7.001,15.201,1.6038,dewpoint,442.5,41.233
2022-06-26,35.22,41.36,28.86,32.1,0.0,0.92,24.82,97.22,12.88,15.32,LUD,30.9,75.85,subtropical_humid,NASA_POWER_daily_ag,6.261,14.138,1.7408,dewpoint,428.7,41.22
2022-06-27,35.53,41.27,29.02,38.3,0.05,1.34,20.78,97.3,23.95,18.54,LUD,30.9,75.85,subtropical_humid,NASA_POWER_daily_ag,6.24,12.707,2.1351,dewpoint,420.2,41.205
2022-06-28,36.68,42.57,30.79,40.22,0.29,0.91,18.1,96.97,67.45,20.45,LUD,30.9,75.85,subtropical_humid,NASA_POWER_daily_ag,5.286,11.535,2.4042,dewpoint,455.2,41.188
2022-06-29,37.08,43.21,31.42,38.03,0.74,1.83,17.79,96.65,47.02,19.55,LUD,30.9,75.85,subtropical_humid,NASA_POWER_daily_ag,6.591,11.24,2.2739,dewpoint,489.3,41.169
2022-06-30,34.07,39.27,28.61,51.27,9.8,2.32,9.2,96.84,88.1,22.16,LUD,30.9,75.85,subtropical_humid,NASA_POWER_daily_ag,4.851,6.853,2.6698,dewpoint,469.1,41.148
2022-07-01,28.63,31.12,26.42,77.19,34.33,1.59,12.6,97.17,71.18,24.08,LUD,30.9,75.85,subtropical_humid,NASA_POWER_daily_ag,3.398,8.926,2.9983,dewpoint,434.0,41.125
2022-07-02,33.05,38.6,26.95,56.6,0.77,1.18,20.27,96.94,46.37,22.73,LUD,30.9,75.85,subtropical_humid,NASA_POWER_daily_ag,5.441,13.175,2.7639,dewpoint,458.4,41.1
2022-07-03,30.99,34.98,27.55,70.29,17.89,2.02,18.23,97.09,58.77,24.7,LUD,30.9,75.85,subtropical_humid,NASA_POWER_daily_ag,4.983,12.313,3.1116,dewpoint,442.5,41.073
2022-07-04,32.93,37.45,27.8,62.0,1.39,1.01,18.15,97.04,54.83,24.27,LUD,30.9,75.85,subtropical_humid,NASA_POWER_daily_ag,4.827,12.173,3.0326,dewpoint,447.8,41.045
2022-07-05,34.05,38.57,29.16,58.02,4.59,1.09,18.96,97.0,53.99,24.25,LUD,30.9,75.85,subtropical_humid,NASA_POWER_daily_ag,5.199,12.614,3.029,dewpoint,452.1,41.014
2022-07-06,32.97,37.73,28.42,59.59,1.49,2.31,15.14,97.35,70.77,23.59,LUD,30.9,75.85,subtropical_humid,NASA_POWER_daily_ag,5.321,10.314,2.9113,dewpoint,414.9,40.981
2022-07-07,33.4,37.28,29.49,59.96,6.02,1.28,15.46,97.48,63.03,24.32,LUD,30.9,75.85,subtropical_humid,NASA_POWER_daily_ag,4.603,10.565,3.0417,dewpoint,401.1,40.947
2022-07-08,34.77,39.92,29.22,54.6,0.53,1.09,20.48,97.18,60.81,23.59,LUD,30.9,75.85,subtropical_humid,NASA_POWER_daily_ag,5.605,13.361,2.9113,dewpoint,432.9,40.91
2022-07-09,34.15,39.0,29.37,56.83,6.37,1.45,13.48,96.98,88.07,23.89,LUD,30.9,75.85,subtropical_humid,NASA_POWER_daily_ag,4.551,9.354,2.9643,dewpoint,454.2,40.871
2022-07-10,28.97,32.79,25.92,79.12,30.31,1.98,15.98,97.22,81.27,24.82,LUD,30.9,75.85,subtropical_humid,NASA_POWER_daily_ag,4.027,10.992,3.134,dewpoint,428.7,40.83
2022-07-11,32.27,37.45,27.01,64.85,0.89,1.21,21.03,97.25,51.43,24.16,LUD,30.9,75.85,subtropical_humid,NASA_POWER_daily_ag,5.381,13.841,3.0127,dewpoint,425.5,40.788
2022-07-12,32.68,37.25,28.27,60.2,6.07,1.4,14.87,97.15,60.29,23.53,LUD,30.9,75.85,subtropical_humid,NASA_POWER_daily_ag,4.536,10.142,2.9008,dewpoint,436.1,40.743
2022-07-13,32.5,37.3,27.47,64.39,2.89,2.09,20.37,96.99,48.18,24.47,LUD,30.9,75.85,subtropical_humid,NASA_POWER_daily_ag,5.806,13.495,3.0691,dewpoint,453.1,40.696
2022-07-14,31.22,34.96,27.76,71.41,27.11,1.43,12.56,97.11,80.26,25.19,LUD,30.9,75.85,subtropical_humid,NASA_POWER_daily_ag,3.69,8.918,3.2038,dewpoint,440.4,40.647
2022-07-15,30.68,34.8,27.54,73.27,11.76,1.36,12.78,97.35,97.95,25.1,LUD,30.9,75.85,subtropical_humid,NASA_POWER_daily_ag,3.604,9.043,3.1867,dewpoint,414.9,40.596
2022-07-16,31.3,34.9,26.69,71.17,23.43,1.3,24.6,97.37,65.3,25.21,LUD,30.9,75.85,subtropical_humid,NASA_POWER_daily_ag,5.825,16.211,3.2076,dewpoint,412.8,40.543
2022-07-17,31.13,34.43,27.39,71.78,3.91,1.31,18.95,97.58,76.87,25.19,LUD,30.9,75.85,subtropical_humid,NASA_POWER_daily_ag,4.768,12.777,3.2038,dewpoint,390.5,40.488
2022-07-18,32.18,37.26,26.61,67.21,0.01,1.03,26.2,97.37,10.0,24.85,LUD,30.9,75.85,subtropical_humid,NASA_POWER_daily_ag,6.166,17.029,3.1396,dewpoint,412.8,40.431
2022-07-19,32.15,37.07,27.4,70.24,5.24,1.82,23.11,97.13,29.07,25.62,LUD,30.9,75.85,subtropical_humid,NASA_POWER_daily_ag,5.907,15.334,3.2867,dewpoint,438.2,40.371
2022-07-20,31.45,35.77,27.48,76.35,21.46,2.31,15.68,97.03,93.44,26.51,LUD,30.9,75.85,subtropical_humid,NASA_POWER_daily_ag,4.433,10.923,3.4641,dewpoint,448.9,40.31
2022-07-21,30.04,32.92,27.45,81.02,56.82,1.8,15.57,97.32,98.01,26.26,LUD,30.9,75.85,subtropical_humid,NASA_POWER_daily_ag,3.933,10.845,3.4135,dewpoint,418.1,40.246
2022-07-22,29.36,32.57,26.68,81.79,3.24,1.67,19.0,97.49,99.17,25.81,LUD,30.9,75.85,subtropical_humid,NASA_POWER_daily_ag,4.412,12.91,3.3239,dewpoint,400.1,40.18
2022-07-23,29.38,32.21,26.28,81.43,10.19,1.41,19.45,97.44,90.74,25.75,LUD,30.9,75.85,subtropical_humid,NASA_POWER_daily_ag,4.465,13.181,3.3121,dewpoint,405.4,40.112
2022-07-24,29.05,32.2,26.8,83.71,1.29,1.59,21.4,97.49,78.69,25.91,LUD,30.9,75.85,subtropical_humid,NASA_POWER_daily_ag,4.73,14.397,3.3436,dewpoint,400.1,40.042
2022-07-25,29.67,32.7,26.62,79.76,1.32,1.48,20.89,97.64,53.65,25.63,LUD,30.9,75.85,subtropical_humid,NASA_POWER_daily_ag,4.805,14.02,3.2886,dewpoint,384.2,39.97
2022-07-26,29.16,32.45,26.2,80.9,2.8,1.47,20.88,97.75,59.79,25.4,LUD,30.9,75.85,subtropical_humid,NASA_POWER_daily_ag,4.709,13.975,3.244,dewpoint,372.6,39.895
2022-07-27,29.4,33.14,25.82,80.51,6.47,1.46,18.8,97.64,70.31,25.52,LUD,30.9,75.85,subtropical_humid,NASA_POWER_daily_ag,4.381,12.718,3.2672,dewpoint,384.2,39.818
2022-07-28,29.18,33.06,25.29,81.25,4.16,1.78,15.41,97.68,90.82,25.47,LUD,30.9,75.85,subtropical_humid,NASA_POWER_daily_ag,3.808,10.645,3.2576,dewpoint,380.0,39.739
2022-07-29,28.48,31.58,25.51,85.22,11.54,1.52,12.75,97.6,94.06,25.64,LUD,30.9,75.85,subtropical_humid,NASA_POWER_daily_ag,3.109,9.038,3.2906,dewpoint,388.4,39.658
2022-07-30,28.39,31.39,25.88,86.84,36.12,1.77,13.55,97.4,95.2,25.88,LUD,30.9,75.85,subtropical_humid,NASA_POWER_daily_ag,3.215,9.544,3.3377,dewpoint,409.6,39.574
2022-07-31,28.38,31.76,25.69,87.27,28.27,2.05,10.88,97.18,99.17,25.95,LUD,30.9,75.85,subtropical_humid,NASA_POWER_daily_ag,2.772,7.899,3.3515,dewpoint,432.9,39.488
2022-08-01,28.56,31.47,25.94,85.85,13.07,1.13,21.35,97.24,70.26,25.84,LUD,30.9,75.85,subtropical_humid,NASA_POWER_daily_ag,4.585,14.324,3.3298,dewpoint,426.6,39.4
2022-08-02,29.5,33.55,25.5,83.27,0.17,1.54,24.93,97.19,25.4,26.2,LUD,30.9,75.85,subtropical_humid,NASA_POWER_daily_ag,5.415,16.572,3.4014,dewpoint,431.9,39.31
2022-08-03,30.56,34.24,27.13,79.3,0.28,1.31,17.33,97.31,80.04,26.41,LUD,30.9,75.85,subtropical_humid,NASA_POWER_daily_ag,4.214,11.88,3.4438,dewpoint,419.1,39.217
2022-08-04,29.32,32.66,26.17,82.22,10.02,1.09,15.58,97.43,85.99,25.83,LUD,30.9,75.85,subtropical_humid,NASA_POWER_daily_ag,3.671,10.747,3.3278,dewpoint,406.4,39.122
2022-08-05,28.54,31.48,25.86,86.57,13.36,1.62,11.97,97.35,98.48,26.0,LUD,30.9,75.85,subtropical_humid,NASA_POWER_daily_ag,2.933,8.552,3.3614,dewpoint,414.9,39.025
2022-08-06,29.05,32.86,25.31,83.55,5.09,1.05,19.23,97.14,77.55,25.81,LUD,30.9,75.85,subtropical_humid,NASA_POWER_daily_ag,4.279,12.971,3.3239,dewpoint,437.2,38.925
2022-08-07,29.27,32.71,25.96,82.71,3.24,0.93,17.17,97.12,98.05,25.87,LUD,30.9,75.85,subtropical_humid,NASA_POWER_daily_ag,3.917,11.708,3.3357,dewpoint,439.3,38.823
2022-08-08,29.29,32.6,26.2,82.57,2.28,1.47,23.22,97.15,53.23,25.89,LUD,30.9,75.85,subtropical_humid,NASA_POWER_daily_ag,5.073,15.398,3.3396,dewpoint,436.1,38.718
2022-08-09,30.29,33.01,27.23,79.79,8.43,0.81,23.48,97.18,42.75,26.33,LUD,30.9,75.85,subtropical_humid,NASA_POWER_daily_ag,5.197,15.624,3.4276,dewpoint,432.9,38.612
2022-08-10,30.86,34.43,26.83,78.21,0.97,0.79,23.19,97.03,19.16,26.43,LUD,30.9,75.85,subtropical_humid,NASA_POWER_daily_ag,5.219,15.443,3.4478,dewpoint,448.9,38.502
2022-08-11,26.77,28.83,24.21,88.7,6.57,2.79,13.21,97.32,87.98,24.74,LUD,30.9,75.85,subtropical_humid,NASA_POWER_daily_ag,2.982,9.208,3.119,dewpoint,418.1,38.391
2022-08-12,29.13,33.74,23.81,74.01,0.01,0.78,26.02,97.28,28.88,23.81,LUD,30.9,75.85,subtropical_humid,NASA_POWER_daily_ag,5.513,16.542,2.9501,dewpoint,422.3,38.277
2022-08-13,30.01,34.37,25.59,76.57,0.0,0.69,25.24,97.2,10.08,25.22,LUD,30.9,75.85,subtropical_humid,NASA_POWER_daily_ag,5.457,16.377,3.2095,dewpoint,430.8,38.161
2022-08-14,29.78,33.72,26.68,81.34,2.96,1.39,19.34,97.36,48.48,26.07,LUD,30.9,75.85,subtropical_humid,NASA_POWER_daily_ag,4.442,12.982,3.3754,dewpoint,413.8,38.042
2022-08-15,26.56,28.4,25.03,89.42,13.06,2.13,16.38,97.66,93.71,24.67,LUD,30.9,75.85,subtropical_humid,NASA_POWER_daily_ag,3.4,11.06,3.106,dewpoint,382.1,37.921
2022-08-16,28.35,32.43,24.65,75.87,0.17,1.04,21.49,97.5,81.31,23.4,LUD,30.9,75.85,subtropical_humid,NASA_POWER_daily_ag,4.674,13.786,2.8781,dewpoint,399.0,37.798
2022-08-17,28.53,31.77,25.12,81.71,3.64,2.71,22.03,97.5,32.12,24.98,LUD,30.9,75.85,subtropical_humid,NASA_POWER_daily_ag,4.888,14.409,3.164,dewpoint,399.0,37.672
2022-08-18,29.35,33.19,25.4,79.66,4.64,1.02,23.92,97.35,9.23,25.28,LUD,30.9,75.85,subtropical_humid,NASA_POWER_daily_ag,5.161,15.56,3.221,dewpoint,414.9,37.544
2022-08-19,28.67,32.56,25.61,83.03,11.61,2.49,23.2,97.29,28.5,25.35,LUD,30.9,75.85,subtropical_humid,NASA_POWER_daily_ag,5.014,15.141,3.2344,dewpoint,421.3,37.413
2022-08-20,28.1,32.24,24.12,82.3,14.47,1.69,19.95,97.49,51.39,24.64,LUD,30.9,75.85,subtropical_humid,NASA_POWER_daily_ag,4.362,13.08,3.1005,dewpoint,400.1,37.281
2022-08-21,29.34,33.03,26.05,78.66,3.28,1.32,23.28,97.35,32.11,25.1,LUD,30.9,75.85,subtropical_humid,NASA_POWER_daily_ag,5.095,15.084,3.1867,dewpoint,414.9,37.145
2022-08-22,30.14,34.66,25.32,74.98,0.28,0.76,23.24,97.19,20.15,24.89,LUD,30.9,75.85,subtropical_humid,NASA_POWER_daily_ag,5.093,14.978,3.1471,dewpoint,431.9,37.008
2022-08-23,29.71,33.1,26.19,81.06,10.9,1.3,23.87,97.4,16.16,26.01,LUD,30.9,75.85,subtropical_humid,NASA_POWER_daily_ag,5.196,15.623,3.3634,dewpoint,409.6,36.868
2022-08-24,28.0,31.05,24.9,83.9,3.37,3.05,19.15,97.7,51.83,24.89,LUD,30.9,75.85,subtropical_humid,NASA_POWER_daily_ag,4.275,12.604,3.1471,dewpoint,377.9,36.726
2022-08-25,28.8,32.25,25.08,80.68,3.5,1.85,17.48,97.63,53.09,24.97,LUD,30.9,75.85,subtropical_humid,NASA_POWER_daily_ag,4.091,11.601,3.1621,dewpoint,385.3,36.581
2022-08-26,28.9,33.07,25.1,76.66,0.61,1.51,21.84,97.57,17.23,24.19,LUD,30.9,75.85,subtropical_humid,NASA_POWER_daily_ag,4.854,13.971,3.0181,dewpoint,391.6,36.435
2022-08-27,28.46,32.44,24.96,81.19,0.03,2.47,20.24,97.45,27.26,24.75,LUD,30.9,75.85,subtropical_humid,NASA_POWER_daily_ag,4.566,13.156,3.1209,dewpoint,404.3,36.286
2022-08-28,28.56,33.08,24.82,79.82,4.07,2.37,21.16,97.49,19.03,24.56,LUD,30.9,75.85,subtropical_humid,NASA_POWER_daily_ag,4.759,13.628,3.0857,dewpoint,400.1,36.134
2022-08-29,28.61,33.19,24.4,78.1,5.96,1.19,19.72,97.86,29.03,24.12,LUD,30.9,75.85,subtropical_humid,NASA_POWER_daily_ag,4.353,12.694,3.0055,dewpoint,361.0,35.981
2022-08-30,28.96,33.46,25.17,78.67,0.81,1.3,22.93,97.96,11.01,24.68,LUD,30.9,75.85,subtropical_humid,NASA_POWER_daily_ag,4.932,14.626,3.1079,dewpoint,350.4,35.825
2022-08-31,29.06,33.66,24.72,79.11,10.81,1.54,21.11,97.68,22.23,24.88,LUD,30.9,75.85,subtropical_humid,NASA_POWER_daily_ag,4.678,13.603,3.1452,dewpoint,380.0,35.667
2022-09-01,29.86,34.69,25.33,73.92,0.47,1.36,23.04,97.65,20.6,24.34,LUD,30.9,75.85,subtropical_humid,NASA_POWER_daily_ag,5.166,14.541,3.0454,dewpoint,383.1,35.507
2022-09-02,29.31,33.64,25.27,75.22,22.82,1.42,22.07,97.8,18.93,24.26,LUD,30.9,75.85,subtropical_humid,NASA_POWER_daily_ag,4.91,13.97,3.0308,dewpoint,367.3,35.345
2022-09-03,28.53,33.19,24.63,78.79,5.07,1.75,21.35,97.48,7.24,24.25,LUD,30.9,75.85,subtropical_humid,NASA_POWER_daily_ag,4.69,13.562,3.029,dewpoint,401.1,35.181
2022-09-04,28.88,33.55,23.63,74.84,1.25,1.4,22.78,97.36,2.21,23.72,LUD,30.9,75.85,subtropical_humid,NASA_POWER_daily_ag,4.972,14.243,2.9341,dewpoint,413.8,35.015
2022-09-05,29.15,33.53,24.41,72.47,0.55,1.07,20.62,97.6,30.37,23.45,LUD,30.9,75.85,subtropical_humid,NASA_POWER_daily_ag,4.567,12.935,2.8868,dewpoint,388.4,34.846
2022-09-06,28.77,32.88,24.99,73.36,0.37,0.98,18.7,97.8,41.72,23.35,LUD,30.9,75.85,subtropical_humid,NASA_POWER_daily_ag,4.153,11.829,2.8695,dewpoint,367.3,34.676
2022-09-07,29.25,33.72,24.72,68.27,0.01,0.67,21.66,97.94,6.51,22.61,LUD,30.9,75.85,subtropical_humid,NASA_POWER_daily_ag,4.581,13.264,2.7438,dewpoint,352.5,34.504
2022-09-08,29.65,34.29,24.25,66.21,0.0,0.52,21.29,98.0,5.22,22.3,LUD,30.9,75.85,subtropical_humid,NASA_POWER_daily_ag,4.474,12.968,2.6927,dewpoint,346.2,34.33
2022-09-09,29.46,34.72,23.74,68.41,0.06,0.93,20.04,97.93,3.46,22.63,LUD,30.9,75.85,subtropical_humid,NASA_POWER_daily_ag,4.461,12.343,2.7472,dewpoint,353.6,34.154
2022-09-10,30.05,34.88,25.01,67.88,0.53,0.9,18.08,97.8,22.18,23.06,LUD,30.9,75.85,subtropical_humid,NASA_POWER_daily_ag,4.184,11.319,2.8196,dewpoint,367.3,33.976
2022-09-11,28.94,33.96,24.56,73.65,9.04,0.95,18.3,97.65,35.14,23.41,LUD,30.9,75.85,subtropical_humid,NASA_POWER_daily_ag,4.066,11.505,2.8799,dewpoint,383.1,33.796
2022-09-12,28.8,34.19,24.64,74.47,3.1,0.91,19.55,97.51,13.67,23.37,LUD,30.9,75.85,subtropical_humid,NASA_POWER_daily_ag,4.227,12.154,2.8729,dewpoint,398.0,33.615
2022-09-13,29.34,33.73,25.07,71.48,0.0,0.66,20.34,97.59,16.71,23.3,LUD,30.9,75.85,subtropical_humid,NASA_POWER_daily_ag,4.323,12.546,2.8608,dewpoint,389.5,33.432
2022-09-14,29.29,32.44,26.0,72.35,4.08,0.76,16.31,97.67,75.03,23.65,LUD,30.9,75.85,subtropical_humid,NASA_POWER_daily_ag,3.68,10.394,2.9218,dewpoint,381.0,33.247
2022-09-15,28.66,33.01,24.38,73.6,3.22,1.15,19.17,97.47,18.19,23.17,LUD,30.9,75.85,subtropical_humid,NASA_POWER_daily_ag,4.229,11.864,2.8385,dewpoint,402.2,33.061
2022-09-16,28.32,33.35,22.97,72.36,0.99,1.21,19.35,97.17,13.43,22.45,LUD,30.9,75.85,subtropical_humid,NASA_POWER_daily_ag,4.265,11.815,2.7173,dewpoint,434.0,32.873
2022-09-17,28.79,34.87,23.5,68.86,0.11,1.23,20.04,97.36,5.57,21.9,LUD,30.9,75.85,subtropical_humid,NASA_POWER_daily_ag,4.476,11.989,2.6279,dewpoint,413.8,32.684
2022-09-18,28.54,34.67,23.16,71.01,0.0,1.21,21.3,97.71,2.39,22.13,LUD,30.9,75.85,subtropical_humid,NASA_POWER_daily_ag,4.59,12.67,2.665,dewpoint,376.8,32.493
2022-09-19,28.99,34.82,23.91,70.49,0.0,1.07,21.68,97.75,14.01,22.54,LUD,30.9,75.85,subtropical_humid,NASA_POWER_daily_ag,4.632,12.912,2.7322,dewpoint,372.6,32.301
2022-09-20,29.24,34.44,24.66,69.62,1.12,0.97,17.96,97.77,68.37,22.63,LUD,30.9,75.85,subtropical_humid,NASA_POWER_daily_ag,4.033,10.949,2.7472,dewpoint,370.5,32.108
2022-09-21,28.44,31.71,25.78,75.36,9.64,0.88,16.01,97.76,60.71,23.47,LUD,30.9,75.85,subtropical_humid,NASA_POWER_daily_ag,3.531,10.066,2.8903,dewpoint,371.5,31.913
2022-09-22,29.4,34.32,24.99,71.23,5.52,0.55,14.63,97.73,61.77,23.21,LUD,30.9,75.85,subtropical_humid,NASA_POWER_daily_ag,3.268,9.241,2.8453,dewpoint,374.7,31.718
2022-09-23,28.5,31.62,26.01,74.86,13.96,0.71,10.83,97.69,93.02,23.5,LUD,30.9,75.85,subtropical_humid,NASA_POWER_daily_ag,2.627,7.25,2.8955,dewpoint,378.9,31.521
2022-09-24,26.83,30.48,24.45,84.85,46.97,1.86,3.68,97.54,99.31,23.92,LUD,30.9,75.85,subtropical_humid,NASA_POWER_daily_ag,1.564,3.39,2.9696,dewpoint,394.8,31.323
2022-09-25,26.2,29.53,23.37,85.48,46.39,2.1,16.35,97.58,55.92,23.48,LUD,30.9,75.85,subtropical_humid,NASA_POWER_daily_ag,3.355,10.229,2.892,dewpoint,390.5,31.125
2022-09-26,26.11,30.45,22.64,78.28,0.07,1.28,15.05,98.07,48.88,21.87,LUD,30.9,75.85,subtropical_humid,NASA_POWER_daily_ag,3.225,9.265,2.6231,dewpoint,338.8,30.925
2022-09-27,26.68,30.88,22.34,73.06,0.39,0.87,20.42,97.9,4.08,21.27,LUD,30.9,75.85,subtropical_humid,NASA_POWER_daily_ag,3.994,11.838,2.5286,dewpoint,356.7,30.725
2022-09-28,27.0,31.51,22.79,71.2,0.09,0.84,20.42,97.81,1.75,21.18,LUD,30.9,75.85,subtropical_humid,NASA_POWER_daily_ag,4.014,11.754,2.5146,dewpoint,366.2,30.524
2022-09-29,26.38,31.57,22.19,76.28,0.0,1.14,19.72,97.79,1.04,21.62,LUD,30.9,75.85,subtropical_humid,NASA_POWER_daily_ag,3.891,11.482,2.5833,dewpoint,368.3,30.322
2022-09-30,26.54,31.57,21.79,75.67,0.0,1.07,19.41,97.84,0.71,21.53,LUD,30.9,75.85,subtropical_humid,NASA_POWER_daily_ag,3.852,11.28,2.5691,dewpoint,363.1,30.12
2022-10-01,26.81,32.51,21.14,68.88,0.0,1.05,19.38,97.74,1.55,19.93,LUD,30.9,75.85,subtropical_humid,NASA_POWER_daily_ag,3.943,10.877,2.3282,dewpoint,373.6,29.917
2022-10-02,26.57,32.84,20.55,65.48,0.0,1.16,19.3,97.77,1.23,19.0,LUD,30.9,75.85,subtropical_humid,NASA_POWER_daily_ag,3.981,10.609,2.1974,dewpoint,370.5,29.714
2022-10-03,26.75,33.2,21.25,63.57,0.0,1.38,20.07,97.88,0.44,18.84,LUD,30.9,75.85,subtropical_humid,NASA_POWER_daily_ag,4.219,10.846,2.1756,dewpoint,358.8,29.51
2022-10-04,27.37,33.31,22.93,62.47,0.0,1.04,19.95,98.04,0.29,19.17,LUD,30.9,75.85,subtropical_humid,NASA_POWER_daily_ag,4.066,10.767,2.2208,dewpoint,342.0,29.306
2022-10-05,27.33,33.54,22.36,59.8,0.0,0.94,19.96,97.97,0.28,18.31,LUD,30.9,75.85,subtropical_humid,NASA_POWER_daily_ag,4.003,10.541,2.1046,dewpoint,349.3,29.102
2022-10-06,24.89,31.59,18.95,68.12,0.0,1.38,19.34,98.03,2.9,17.94,LUD,30.9,75.85,subtropical_humid,NASA_POWER_daily_ag,3.831,10.311,2.0562,dewpoint,343.0,28.898
2022-10-07,24.97,30.71,19.56,76.41,0.0,0.91,15.84,98.15,27.79,20.02,LUD,30.9,75.85,subtropical_humid,NASA_POWER_daily_ag,3.089,9.09,2.3412,dewpoint,330.4,28.694
2022-10-08,25.11,29.84,20.93,79.51,0.38,1.05,12.96,98.19,82.46,20.99,LUD,30.9,75.85,subtropical_humid,NASA_POWER_daily_ag,2.701,7.831,2.4855,dewpoint,326.2,28.49
2022-10-09,25.31,30.36,20.61,77.83,0.36,1.27,13.18,98.21,56.49,20.78,LUD,30.9,75.85,subtropical_humid,NASA_POWER_daily_ag,2.839,7.878,2.4536,dewpoint,324.1,28.286
2022-10-10,24.7,28.5,21.6,80.63,11.42,0.84,8.65,98.32,78.92,20.95,LUD,30.9,75.85,subtropical_humid,NASA_POWER_daily_ag,2.0,5.733,2.4794,dewpoint,312.5,28.083
2022-10-11,24.35,29.22,20.59,79.46,11.64,1.08,18.5,98.17,26.3,20.31,LUD,30.9,75.85,subtropical_humid,NASA_POWER_daily_ag,3.327,10.242,2.3835,dewpoint,328.3,27.88
2022-10-12,23.24,28.58,19.37,78.11,0.14,0.95,19.04,98.31,0.65,18.86,LUD,30.9,75.85,subtropical_humid,NASA_POWER_daily_ag,3.254,10.179,2.1783,dewpoint,313.5,27.677
2022-10-13,23.18,30.21,17.57,76.29,0.0,1.53,18.68,98.38,0.41,18.19,LUD,30.9,75.85,subtropical_humid,NASA_POWER_daily_ag,3.382,9.831,2.0888,dewpoint,306.2,27.474
2022-10-14,23.18,29.74,18.24,74.24,0.0,1.41,18.65,98.37,1.11,17.83,LUD,30.9,75.85,subtropical_humid,NASA_POWER_daily_ag,3.362,9.691,2.042,dewpoint,307.2,27.273
2022-10-15,24.25,30.85,18.33,65.6,0.0,1.13,18.34,98.26,0.0,16.71,LUD,30.9,75.85,subtropical_humid,NASA_POWER_daily_ag,3.444,9.245,1.9024,dewpoint,318.8,27.072
2022-10-16,23.82,31.64,18.29,63.86,0.0,1.09,18.25,98.5,0.0,15.72,LUD,30.9,75.85,subtropical_humid,NASA_POWER_daily_ag,3.363,8.927,1.786,dewpoint,293.6,26.871
2022-10-17,23.14,31.1,17.41,61.69,0.0,1.08,18.0,98.5,1.17,14.46,LUD,30.9,75.85,subtropical_humid,NASA_POWER_daily_ag,3.277,8.582,1.647,dewpoint,293.6,26.672
2022-10-18,23.7,31.53,17.53,56.41,0.0,1.17,17.12,98.3,3.8,13.45,LUD,30.9,75.85,subtropical_humid,NASA_POWER_daily_ag,3.358,8.02,1.5424,dewpoint,314.6,26.474
2022-10-19,22.62,30.69,16.34,58.53,0.0,1.51,18.1,98.3,0.2,13.27,LUD,30.9,75.85,subtropical_humid,NASA_POWER_daily_ag,3.515,8.333,1.5244,dewpoint,314.6,26.276
2022-10-20,22.06,29.65,16.54,66.44,0.27,2.03,14.86,98.46,11.26,15.05,LUD,30.9,75.85,subtropical_humid,NASA_POWER_daily_ag,3.214,7.475,1.7108,dewpoint,297.8,26.08
2022-10-21,22.97,30.86,17.12,63.52,0.04,1.15,16.38,98.69,0.04,14.91,LUD,30.9,75.85,subtropical_humid,NASA_POWER_daily_ag,3.068,7.89,1.6955,dewpoint,273.6,25.885
2022-10-22,21.97,29.89,17.04,56.68,0.0,1.21,17.28,98.84,1.76,11.97,LUD,30.9,75.85,subtropical_humid,NASA_POWER_daily_ag,3.165,7.648,1.3998,dewpoint,257.9,25.691
2022-10-23,22.23,29.76,16.17,49.48,0.0,0.91,17.96,98.73,3.88,10.3,LUD,30.9,75.85,subtropical_humid,NASA_POWER_daily_ag,3.056,7.529,1.2529,dewpoint,269.4,25.499
2022-10-24,22.24,30.83,16.99,52.8,0.0,1.46,18.19,98.31,1.11,11.44,LUD,30.9,75.85,subtropical_humid,NASA_POWER_daily_ag,3.441,7.671,1.3516,dewpoint,313.5,25.308
2022-10-25,22.51,31.26,15.83,54.93,0.0,1.75,17.95,98.09,0.86,12.08,LUD,30.9,75.85,subtropical_humid,NASA_POWER_daily_ag,3.625,7.69,1.41,dewpoint,336.7,25.118
2022-10-26,23.31,31.05,17.41,52.99,0.0,1.16,17.6,98.43,2.08,12.55,LUD,30.9,75.85,subtropical_humid,NASA_POWER_daily_ag,3.247,7.556,1.4542,dewpoint,300.9,24.931
2022-10-27,23.27,31.03,17.93,53.34,0.0,1.28,16.39,98.46,1.31,12.49,LUD,30.9,75.85,subtropical_humid,NASA_POWER_daily_ag,3.222,7.108,1.4485,dewpoint,297.8,24.745
2022-10-28,23.41,30.9,17.55,52.35,0.0,1.06,17.38,98.48,14.89,12.45,LUD,30.9,75.85,subtropical_humid,NASA_POWER_daily_ag,3.132,7.347,1.4447,dewpoint,295.7,24.561
2022-10-29,23.36,30.47,16.84,45.82,0.0,1.0,17.11,98.53,12.47,9.87,LUD,30.9,75.85,subtropical_humid,NASA_POWER_daily_ag,3.095,6.775,1.2173,dewpoint,290.4,24.378
2022-10-30,22.27,30.57,17.89,48.5,0.0,1.17,16.36,98.57,22.02,10.26,LUD,30.9,75.85,subtropical_humid,NASA_POWER_daily_ag,3.029,6.544,1.2495,dewpoint,286.2,24.198
2022-10-31,21.71,30.58,14.12,57.36,0.0,1.15,15.17,98.58,3.73,11.94,LUD,30.9,75.85,subtropical_humid,NASA_POWER_daily_ag,2.811,6.579,1.397,dewpoint,285.2,24.02
2022-11-01,22.47,31.44,15.56,57.59,0.0,1.61,13.0,98.54,12.55,12.8,LUD,30.9,75.85,subtropical_humid,NASA_POWER_daily_ag,3.007,5.97,1.4783,dewpoint,289.4,23.844
2022-11-02,22.0,30.61,16.41,63.78,0.0,1.87,14.75,98.45,22.21,14.01,LUD,30.9,75.85,subtropical_humid,NASA_POWER_daily_ag,3.077,6.621,1.5996,dewpoint,298.8,23.67
2022-11-03,22.57,30.59,17.79,60.9,0.0,1.36,13.46,98.34,30.36,13.99,LUD,30.9,75.85,subtropical_humid,NASA_POWER_daily_ag,2.771,6.149,1.5976,dewpoint,310.4,23.498
2022-11-04,22.69,30.93,16.55,60.77,0.0,1.18,12.33,98.48,26.98,14.06,LUD,30.9,75.85,subtropical_humid,NASA_POWER_daily_ag,2.575,5.801,1.6048,dewpoint,295.7,23.329
2022-11-05,21.74,28.85,16.05,76.45,0.01,2.42,11.21,98.68,17.48,16.98,LUD,30.9,75.85,subtropical_humid,NASA_POWER_daily_ag,2.517,5.824,1.9353,dewpoint,274.7,23.162
2022-11-06,21.82,27.95,17.43,78.51,0.08,1.82,11.21,98.7,62.18,17.52,LUD,30.9,75.85,subtropical_humid,NASA_POWER_daily_ag,2.273,5.849,2.0025,dewpoint,272.6,22.998
2022-11-07,22.36,30.13,17.28,65.85,0.0,1.45,11.56,98.64,46.06,14.92,LUD,30.9,75.85,subtropical_humid,NASA_POWER_daily_ag,2.534,5.563,1.6966,dewpoint,278.9,22.836
2022-11-08,22.37,29.94,17.44,61.92,0.01,1.17,9.3,98.71,71.06,13.99,LUD,30.9,75.85,subtropical_humid,NASA_POWER_daily_ag,2.262,4.778,1.5976,dewpoint,271.5,22.677
2022-11-09,20.96,28.04,16.3,59.9,0.0,0.9,10.22,98.75,59.82,12.07,LUD,30.9,75.85,subtropical_humid,NASA_POWER_daily_ag,2.087,4.873,1.4091,dewpoint,267.3,22.521
2022-11-10,19.65,25.94,15.21,59.12,0.12,1.79,11.07,98.89,18.67,11.01,LUD,30.9,75.85,subtropical_humid,NASA_POWER_daily_ag,2.596,5.012,1.3136,dewpoint,252.7,22.367
2022-11-11,18.62,27.54,12.38,61.31,0.0,1.95,15.89,98.88,3.95,9.95,LUD,30.9,75.85,subtropical_humid,NASA_POWER_daily_ag,2.844,5.987,1.2239,dewpoint,253.7,22.217
2022-11-12,18.5,27.91,11.7,52.19,0.0,2.11,15.7,98.79,2.21,7.48,LUD,30.9,75.85,subtropical_humid,NASA_POWER_daily_ag,3.114,5.483,1.0354,dewpoint,263.1,22.069
2022-11-13,19.21,26.8,13.83,48.03,0.0,1.53,14.48,98.65,39.53,7.35,LUD,30.9,75.85,subtropical_humid,NASA_POWER_daily_ag,2.778,5.149,1.0262,dewpoint,277.8,21.925
2022-11-14,18.79,23.73,14.76,63.36,2.25,2.19,5.03,98.84,94.87,11.33,LUD,30.9,75.85,subtropical_humid,NASA_POWER_daily_ag,2.235,3.472,1.3418,dewpoint,257.9,21.783
2022-11-15,18.78,25.86,14.55,71.28,0.09,1.25,11.28,98.78,26.23,12.99,LUD,30.9,75.85,subtropical_humid,NASA_POWER_daily_ag,1.976,5.115,1.4968,dewpoint,264.2,21.645
2022-11-16,17.01,23.93,11.33,67.59,0.0,1.6,13.36,98.66,5.35,10.25,LUD,30.9,75.85,subtropical_humid,NASA_POWER_daily_ag,2.207,5.384,1.2487,dewpoint,276.8,21.509
2022-11-17,17.13,24.65,11.57,63.64,0.0,1.98,15.09,98.63,4.36,9.44,LUD,30.9,75.85,subtropical_humid,NASA_POWER_daily_ag,2.534,5.564,1.1826,dewpoint,279.9,21.377
2022-11-18,17.03,23.89,12.08,52.66,0.0,1.16,15.51,98.74,18.22,6.47,LUD,30.9,75.85,subtropical_humid,NASA_POWER_daily_ag,2.272,5.12,0.966,dewpoint,268.4,21.249
2022-11-19,16.87,25.65,10.77,55.1,0.0,1.35,13.6,98.83,34.6,6.78,LUD,30.9,75.85,subtropical_humid,NASA_POWER_daily_ag,2.27,4.763,0.9868,dewpoint,258.9,21.123
2022-11-20,16.75,26.29,10.01,59.28,0.0,1.94,14.78,98.69,2.46,7.64,LUD,30.9,75.85,subtropical_humid,NASA_POWER_daily_ag,2.563,5.046,1.0467,dewpoint,273.6,21.002
2022-11-21,16.66,26.42,9.77,58.57,0.0,1.59,14.88,98.57,11.72,7.05,LUD,30.9,75.85,subtropical_humid,NASA_POWER_daily_ag,2.396,4.926,1.0053,dewpoint,286.2,20.883
2022-11-22,16.6,26.09,10.35,52.82,0.0,1.78,14.93,98.56,20.48,5.73,LUD,30.9,75.85,subtropical_humid,NASA_POWER_daily_ag,2.579,4.669,0.9178,dewpoint,287.3,20.768
2022-11-23,16.32,26.15,9.73,50.48,0.0,1.85,15.46,98.61,18.8,4.85,LUD,30.9,75.85,subtropical_humid,NASA_POWER_daily_ag,2.645,4.574,0.8632,dewpoint,282.0,20.657
2022-11-24,17.01,26.13,10.26,44.18,0.0,1.47,14.77,98.56,26.12,3.71,LUD,30.9,75.85,subtropical_humid,NASA_POWER_daily_ag,2.507,4.246,0.7968,dewpoint,287.3,20.549
2022-11-25,17.16,26.76,11.78,45.9,0.0,1.33,14.05,98.8,25.46,4.6,LUD,30.9,75.85,subtropical_humid,NASA_POWER_daily_ag,2.326,4.145,0.8483,dewpoint,262.1,20.445
2022-11-26,16.57,26.56,9.67,53.44,0.0,1.66,13.85,98.52,13.91,5.98,LUD,30.9,75.85,subtropical_humid,NASA_POWER_daily_ag,2.409,4.377,0.9338,dewpoint,291.5,20.345
2022-11-27,17.4,25.35,12.08,46.89,0.0,1.25,13.57,98.32,30.89,5.2,LUD,30.9,75.85,subtropical_humid,NASA_POWER_daily_ag,2.25,4.155,0.8846,dewpoint,312.5,20.248
2022-11-28,17.21,24.98,12.03,49.42,0.0,1.04,13.85,98.48,33.52,5.99,LUD,30.9,75.85,subtropical_humid,NASA_POWER_daily_ag,2.039,4.276,0.9345,dewpoint,295.7,20.156
2022-11-29,17.07,25.5,12.86,55.78,0.0,1.3,13.88,98.71,24.08,7.48,LUD,30.9,75.85,subtropical_humid,NASA_POWER_daily_ag,2.123,4.401,1.0354,dewpoint,271.5,20.067
2022-11-30,16.82,25.4,12.3,54.89,0.0,1.34,13.18,98.81,28.59,6.95,LUD,30.9,75.85,subtropical_humid,NASA_POWER_daily_ag,2.117,4.216,0.9984,dewpoint,261.0,19.982
2022-12-01,17.8,25.51,11.78,50.66,0.0,1.32,13.57,98.66,40.38,6.64,LUD,30.9,75.85,subtropical_humid,NASA_POWER_daily_ag,2.258,4.205,0.9774,dewpoint,276.8,19.9
2022-12-02,18.5,24.65,13.23,44.85,0.0,0.65,11.21,98.56,78.08,5.82,LUD,30.9,75.85,subtropical_humid,NASA_POWER_daily_ag,1.707,3.779,0.9235,dewpoint,287.3,19.823
2022-12-03,16.86,24.62,12.4,50.56,0.0,1.03,11.58,98.67,21.21,5.97,LUD,30.9,75.85,subtropical_humid,NASA_POWER_daily_ag,1.89,3.834,0.9332,dewpoint,275.7,19.75
2022-12-04,16.4,25.09,11.59,52.5,0.0,1.49,12.63,98.71,6.03,6.0,LUD,30.9,75.85,subtropical_humid,NASA_POWER_daily_ag,2.176,3.934,0.9351,dewpoint,271.5,19.681
2022-12-05,16.43,24.44,11.91,50.55,0.0,1.13,12.45,98.87,7.94,5.49,LUD,30.9,75.85,subtropical_humid,NASA_POWER_daily_ag,1.949,3.833,0.9026,dewpoint,254.7,19.615
2022-12-06,15.13,25.31,8.92,54.21,0.0,2.1,12.59,98.76,16.79,4.82,LUD,30.9,75.85,subtropical_humid,NASA_POWER_daily_ag,2.427,3.811,0.8614,dewpoint,266.3,19.554
2022-12-07,14.2,24.23,7.34,57.2,0.0,1.97,13.56,98.68,1.77,4.84,LUD,30.9,75.85,subtropical_humid,NASA_POWER_daily_ag,2.228,4.002,0.8626,dewpoint,274.7,19.497
2022-12-08,16.04,24.68,10.53,50.83,0.0,1.16,11.91,98.72,23.11,5.17,LUD,30.9,75.85,subtropical_humid,NASA_POWER_daily_ag,1.92,3.711,0.8827,dewpoint,270.5,19.444
2022-12-09,17.47,26.88,12.22,50.02,0.0,1.35,12.24,98.66,1.06,6.33,LUD,30.9,75.85,subtropical_humid,NASA_POWER_daily_ag,2.149,3.72,0.9567,dewpoint,276.8,19.395
2022-12-10,18.01,26.81,12.77,54.0,0.0,1.65,11.27,98.72,16.61,7.71,LUD,30.9,75.85,subtropical_humid,NASA_POWER_daily_ag,2.319,3.761,1.0518,dewpoint,270.5,19.351
2022-12-11,17.72,27.31,12.7,51.8,0.0,1.85,12.99,98.76,1.47,6.83,LUD,30.9,75.85,subtropical_humid,NASA_POWER_daily_ag,2.503,3.784,0.9902,dewpoint,266.3,19.31
2022-12-12,16.34,25.87,10.96,52.42,0.0,1.86,13.37,98.7,5.43,5.54,LUD,30.9,75.85,subtropical_humid,NASA_POWER_daily_ag,2.407,3.751,0.9057,dewpoint,272.6,19.274
2022-12-13,15.46,25.44,8.88,55.28,0.0,2.61,13.37,98.84,0.0,5.59,LUD,30.9,75.85,subtropical_humid,NASA_POWER_daily_ag,2.663,3.846,0.9089,dewpoint,257.9,19.242
2022-12-14,13.26,23.12,5.92,59.62,0.0,1.97,12.36,98.75,0.16,4.17,LUD,30.9,75.85,subtropical_humid,NASA_POWER_daily_ag,2.093,3.767,0.823,dewpoint,267.3,19.214
2022-12-15,13.45,23.15,7.16,52.39,0.0,1.75,14.2,98.61,0.61,2.56,LUD,30.9,75.85,subtropical_humid,NASA_POWER_daily_ag,2.151,3.655,0.7344,dewpoint,282.0,19.19
2022-12-16,14.68,23.57,8.53,40.31,0.0,1.24,13.57,98.51,2.45,0.54,LUD,30.9,75.85,subtropical_humid,NASA_POWER_daily_ag,2.022,3.257,0.6352,dewpoint,292.5,19.171
2022-12-17,15.3,23.77,9.54,41.9,0.0,1.46,13.52,98.69,11.84,1.78,LUD,30.9,75.85,subtropical_humid,NASA_POWER_daily_ag,2.214,3.346,0.6946,dewpoint,273.6,19.156
2022-12-18,15.06,23.27,10.16,46.8,0.0,1.1,12.65,98.75,34.49,3.13,LUD,30.9,75.85,subtropical_humid,NASA_POWER_daily_ag,1.843,3.463,0.7648,dewpoint,267.3,19.145
2022-12-19,14.8,23.11,10.23,48.57,0.0,1.0,8.63,98.62,79.05,3.42,LUD,30.9,75.85,subtropical_humid,NASA_POWER_daily_ag,1.67,3.225,0.7807,dewpoint,281.0,19.138
2022-12-20,13.76,22.41,9.21,51.98,0.0,1.33,5.59,98.56,91.03,3.48,LUD,30.9,75.85,subtropical_humid,NASA_POWER_daily_ag,1.735,3.031,0.784,dewpoint,287.3,19.136
2022-12-21,13.16,22.25,8.83,53.12,0.0,1.19,4.82,98.7,96.8,3.1,LUD,30.9,75.85,subtropical_humid,NASA_POWER_daily_ag,1.591,2.967,0.7632,dewpoint,272.6,19.138
2022-12-22,12.16,20.9,6.98,54.64,0.0,1.36,5.71,98.69,97.73,2.57,LUD,30.9,75.85,subtropical_humid,NASA_POWER_daily_ag,1.629,3.051,0.735,dewpoint,273.6,19.144
2022-12-23,12.39,20.2,8.26,51.8,0.0,1.14,4.89,98.61,91.51,2.2,LUD,30.9,75.85,subtropical_humid,NASA_POWER_daily_ag,1.538,2.977,0.7158,dewpoint,282.0,19.154
2022-12-24,10.13,18.95,4.34,53.76,0.0,2.06,6.84,98.84,71.09,0.33,LUD,30.9,75.85,subtropical_humid,NASA_POWER_daily_ag,1.899,3.129,0.6256,dewpoint,257.9,19.169
2022-12-25,9.93,18.25,3.33,54.81,0.0,1.66,6.39,98.87,92.02,0.58,LUD,30.9,75.85,subtropical_humid,NASA_POWER_daily_ag,1.665,3.128,0.6371,dewpoint,254.7,19.188
2022-12-26,10.58,20.02,4.45,53.29,0.0,1.67,7.41,99.05,71.38,0.53,LUD,30.9,75.85,subtropical_humid,NASA_POWER_daily_ag,1.773,3.168,0.6348,dewpoint,235.9,19.211
2022-12-27,10.74,21.0,3.89,54.39,0.0,2.09,9.87,99.02,72.19,1.01,LUD,30.9,75.85,subtropical_humid,NASA_POWER_daily_ag,1.989,3.383,0.6572,dewpoint,239.0,19.239
2022-12-28,11.55,22.02,4.03,54.51,0.0,1.99,10.53,98.93,55.37,1.43,LUD,30.9,75.85,subtropical_humid,NASA_POWER_daily_ag,2.045,3.445,0.6774,dewpoint,248.5,19.271
2022-12-29,15.31,22.26,9.83,59.94,0.98,1.0,3.49,98.99,91.73,7.23,LUD,30.9,75.85,subtropical_humid,NASA_POWER_daily_ag,1.396,2.87,1.0178,dewpoint,242.2,19.307
2022-12-30,14.66,20.92,10.12,70.18,0.25,1.69,10.61,99.13,32.91,8.84,LUD,30.9,75.85,subtropical_humid,NASA_POWER_daily_ag,1.721,4.06,1.1357,dewpoint,227.5,19.347
2022-12-31,11.99,20.41,6.02,68.61,0.0,1.87,13.02,99.12,26.22,5.5,LUD,30.9,75.85,subtropical_humid,NASA_POWER_daily_ag,1.759,4.194,0.9032,dewpoint,228.6,19.391
2023-01-01,12.03,18.77,7.85,55.25,0.0,0.99,9.35,99.17,61.67,2.71,LUD,30.9,75.85,subtropical_humid,NASA_POWER_daily_ag,1.486,3.492,0.7423,dewpoint,223.4,19.44
2023-01-02,11.55,19.54,7.5,51.47,0.0,1.06,9.8,99.3,70.53,0.89,LUD,30.9,75.85,subtropical_humid,NASA_POWER_daily_ag,1.568,3.401,0.6515,dewpoint,209.8,19.492
2023-01-03,10.03,18.5,4.77,48.99,0.0,1.66,5.35,99.38,99.67,-1.01,LUD,30.9,75.85,subtropical_humid,NASA_POWER_daily_ag,1.798,3.057,0.5673,dewpoint,201.4,19.549
2023-01-04,9.44,18.48,3.47,48.93,0.0,1.66,10.71,99.4,70.91,-1.41,LUD,30.9,75.85,subtropical_humid,NASA_POWER_daily_ag,1.826,3.49,0.5509,dewpoint,199.3,19.61
2023-01-05,10.05,19.02,3.11,45.31,0.0,1.35,8.61,99.5,86.23,-2.1,LUD,30.9,75.85,subtropical_humid,NASA_POWER_daily_ag,1.745,3.301,0.5235,dewpoint,188.9,19.675
2023-01-06,9.5,16.59,3.59,40.55,0.0,1.21,6.91,99.53,92.32,-3.64,LUD,30.9,75.85,subtropical_humid,NASA_POWER_daily_ag,1.659,3.179,0.4667,dewpoint,185.8,19.745
2023-01-07,11.35,20.5,4.09,43.96,0.0,1.71,8.78,99.33,84.34,-1.21,LUD,30.9,75.85,subtropical_humid,NASA_POWER_daily_ag,2.078,3.349,0.5591,dewpoint,206.6,19.818
2023-01-08,11.74,21.63,4.8,54.49,0.0,1.76,6.48,99.07,92.84,2.01,LUD,30.9,75.85,subtropical_humid,NASA_POWER_daily_ag,1.875,3.275,0.7061,dewpoint,233.8,19.895
2023-01-09,11.23,18.21,6.05,57.48,0.0,1.33,4.61,99.18,97.4,2.42,LUD,30.9,75.85,subtropical_humid,NASA_POWER_daily_ag,1.52,3.097,0.7271,dewpoint,222.3,19.976
2023-01-10,12.08,21.68,5.18,65.32,0.0,1.54,5.66,99.06,95.86,5.08,LUD,30.9,75.85,subtropical_humid,NASA_POWER_daily_ag,1.527,3.284,0.8772,dewpoint,234.9,20.062
2023-01-11,14.86,22.22,9.64,60.23,0.14,1.21,6.04,98.56,98.18,6.48,LUD,30.9,75.85,subtropical_humid,NASA_POWER_daily_ag,1.632,3.362,0.9666,dewpoint,287.3,20.151
2023-01-12,15.29,22.49,8.89,60.9,0.93,1.73,9.02,98.39,74.9,7.14,LUD,30.9,75.85,subtropical_humid,NASA_POWER_daily_ag,2.016,3.906,1.0115,dewpoint,305.1,20.244
2023-01-13,13.75,20.67,8.38,70.73,2.02,2.31,4.97,98.5,86.15,7.99,LUD,30.9,75.85,subtropical_humid,NASA_POWER_daily_ag,1.705,3.259,1.072,dewpoint,293.6,20.341
2023-01-14,9.08,17.88,3.53,47.18,0.02,1.51,13.85,98.86,34.92,-3.41,LUD,30.9,75.85,subtropical_humid,NASA_POWER_daily_ag,1.923,3.961,0.4748,dewpoint,255.8,20.442
2023-01-15,8.46,18.01,1.53,47.05,0.0,1.56,15.55,98.69,0.68,-3.17,LUD,30.9,75.85,subtropical_humid,NASA_POWER_daily_ag,1.912,4.292,0.4834,dewpoint,273.6,20.546
2023-01-16,9.03,18.95,2.77,40.89,0.0,1.72,15.83,98.82,0.81,-4.41,LUD,30.9,75.85,subtropical_humid,NASA_POWER_daily_ag,2.124,4.108,0.4404,dewpoint,260.0,20.654
2023-01-17,8.71,18.78,1.53,40.87,0.0,1.74,15.96,98.85,0.96,-5.12,LUD,30.9,75.85,subtropical_humid,NASA_POWER_daily_ag,2.149,4.172,0.4174,dewpoint,256.8,20.766
2023-01-18,9.85,17.27,4.23,43.17,0.0,1.26,13.32,99.05,62.76,-2.38,LUD,30.9,75.85,subtropical_humid,NASA_POWER_daily_ag,1.852,4.196,0.5128,dewpoint,235.9,20.882
2023-01-19,12.63,21.68,6.09,42.02,0.17,1.21,13.37,99.03,68.97,-1.14,LUD,30.9,75.85,subtropical_humid,NASA_POWER_daily_ag,2.045,4.097,0.5619,dewpoint,238.0,21.001
2023-01-20,9.82,14.87,7.15,80.41,2.05,1.0,7.75,99.08,90.14,6.4,LUD,30.9,75.85,subtropical_humid,NASA_POWER_daily_ag,1.09,3.98,0.9613,dewpoint,232.8,21.124
2023-01-21,12.06,20.59,6.95,64.77,0.0,1.29,13.87,98.92,14.8,4.72,LUD,30.9,75.85,subtropical_humid,NASA_POWER_daily_ag,1.789,4.944,0.8554,dewpoint,249.5,21.25
2023-01-22,12.19,21.27,5.86,60.21,0.0,1.44,12.48,98.83,15.92,3.65,LUD,30.9,75.85,subtropical_humid,NASA_POWER_daily_ag,1.903,4.641,0.7934,dewpoint,258.9,21.38
2023-01-23,12.98,22.06,6.65,54.95,0.0,1.87,12.33,98.78,46.57,3.28,LUD,30.9,75.85,subtropical_humid,NASA_POWER_daily_ag,2.25,4.571,0.773,dewpoint,264.2,21.513
2023-01-24,12.45,17.98,8.07,78.86,12.34,1.0,4.34,98.59,69.81,8.56,LUD,30.9,75.85,subtropical_humid,NASA_POWER_daily_ag,1.071,3.29,1.1144,dewpoint,284.1,21.65
2023-01-25,13.04,18.88,7.87,76.78,5.67,1.18,5.19,98.77,78.31,8.56,LUD,30.9,75.85,subtropical_humid,NASA_POWER_daily_ag,1.237,3.514,1.1144,dewpoint,265.2,21.789
2023-01-26,11.62,20.8,6.71,65.94,0.09,1.42,13.4,99.06,37.16,4.06,LUD,30.9,75.85,subtropical_humid,NASA_POWER_daily_ag,1.853,5.03,0.8167,dewpoint,234.9,21.932
2023-01-27,11.02,21.51,3.67,52.55,0.0,1.78,15.86,99.03,0.82,0.3,LUD,30.9,75.85,subtropical_humid,NASA_POWER_daily_ag,2.281,5.161,0.6243,dewpoint,238.0,22.079
2023-01-28,12.72,22.1,4.34,44.0,0.0,1.37,15.4,98.66,18.36,-0.53,LUD,30.9,75.85,subtropical_humid,NASA_POWER_daily_ag,2.32,5.005,0.5876,dewpoint,276.8,22.228
2023-01-29,11.26,17.18,4.73,62.22,1.45,2.57,6.07,98.57,86.22,3.73,LUD,30.9,75.85,subtropical_humid,NASA_POWER_daily_ag,1.997,3.748,0.7979,dewpoint,286.2,22.38
2023-01-30,12.37,16.04,9.79,87.82,3.45,2.39,8.0,99.07,77.5,10.33,LUD,30.9,75.85,subtropical_humid,NASA_POWER_daily_ag,1.223,4.445,1.2554,dewpoint,233.8,22.535
2023-01-31,13.33,21.7,8.22,75.48,0.87,1.82,11.98,99.13,58.71,8.36,LUD,30.9,75.85,subtropical_humid,NASA_POWER_daily_ag,1.838,5.331,1.0994,dewpoint,227.5,22.693
2023-02-01,12.27,23.22,5.38,63.6,0.0,1.92,16.65,98.95,31.27,4.06,LUD,30.9,75.85,subtropical_humid,NASA_POWER_daily_ag,2.331,5.971,0.8167,dewpoint,246.4,22.854
2023-02-02,13.49,25.13,4.83,56.12,0.0,1.87,15.99,98.81,23.26,3.46,LUD,30.9,75.85,subtropical_humid,NASA_POWER_daily_ag,2.551,5.75,0.7829,dewpoint,261.0,23.018
2023-02-03,14.81,23.97,7.98,50.53,0.0,1.44,15.64,98.8,11.25,3.63,LUD,30.9,75.85,subtropical_humid,NASA_POWER_daily_ag,2.501,5.697,0.7923,dewpoint,262.1,23.184
2023-02-04,15.56,26.21,8.05,59.26,0.0,1.95,16.3,98.55,1.36,6.73,LUD,30.9,75.85,subtropical_humid,NASA_POWER_daily_ag,2.703,6.233,0.9834,dewpoint,288.3,23.353
2023-02-05,16.66,25.51,8.68,55.55,0.0,1.47,17.14,98.4,10.98,5.37,LUD,30.9,75.85,subtropical_humid,NASA_POWER_daily_ag,2.784,6.295,0.8951,dewpoint,304.1,23.525
2023-02-06,17.73,26.63,11.84,48.7,0.11,1.47,15.17,98.37,23.98,5.67,LUD,30.9,75.85,subtropical_humid,NASA_POWER_daily_ag,2.808,5.801,0.914,dewpoint,307.2,23.699
2023-02-07,15.75,25.23,9.55,53.87,0.04,2.17,17.48,98.41,3.55,5.0,LUD,30.9,75.85,subtropical_humid,NASA_POWER_daily_ag,3.095,6.43,0.8723,dewpoint,303.0,23.875
2023-02-08,15.36,24.53,7.85,48.21,0.0,1.55,14.07,98.59,66.19,2.66,LUD,30.9,75.85,subtropical_humid,NASA_POWER_daily_ag,2.702,5.563,0.7397,dewpoint,284.1,24.054
2023-02-09,16.11,24.83,8.96,50.76,0.24,1.91,10.47,98.4,75.08,4.8,LUD,30.9,75.85,subtropical_humid,NASA_POWER_daily_ag,2.736,4.975,0.8602,dewpoint,304.1,24.235
2023-02-10,17.14,25.37,10.3,50.82,0.08,2.63,13.61,98.28,43.53,6.01,LUD,30.9,75.85,subtropical_humid,NASA_POWER_daily_ag,3.383,5.823,0.9358,dewpoint,316.7,24.418
2023-02-11,15.97,25.12,8.88,44.99,0.06,1.72,15.75,98.55,24.36,2.23,LUD,30.9,75.85,subtropical_humid,NASA_POWER_daily_ag,3.043,5.992,0.7173,dewpoint,288.3,24.603
2023-02-12,12.55,21.57,5.95,41.61,0.0,2.25,18.27,99.01,10.21,-2.05,LUD,30.9,75.85,subtropical_humid,NASA_POWER_daily_ag,3.219,6.361,0.5255,dewpoint,240.1,24.79
2023-02-13,12.33,23.12,3.38,41.75,0.0,2.47,18.64,98.85,3.19,-2.42,LUD,30.9,75.85,subtropical_humid,NASA_POWER_daily_ag,3.358,6.509,0.5112,dewpoint,256.8,24.979
2023-02-14,15.68,26.68,7.22,42.18,0.0,1.73,15.06,98.76,56.93,1.32,LUD,30.9,75.85,subtropical_humid,NASA_POWER_daily_ag,3.064,5.931,0.672,dewpoint,266.3,25.17
2023-02-15,18.04,29.32,9.77,44.36,0.0,2.28,18.04,98.5,22.35,4.43,LUD,30.9,75.85,subtropical_humid,NASA_POWER_daily_ag,3.779,6.827,0.8382,dewpoint,293.6,25.363
2023-02-16,19.79,30.0,12.99,48.15,0.0,1.1,15.58,98.63,66.3,7.62,LUD,30.9,75.85,subtropical_humid,NASA_POWER_daily_ag,2.851,6.591,1.0453,dewpoint,279.9,25.557
2023-02-17,20.43,30.11,11.8,45.15,0.0,1.47,14.24,98.75,95.21,6.86,LUD,30.9,75.85,subtropical_humid,NASA_POWER_daily_ag,3.221,6.241,0.9923,dewpoint,267.3,25.752
2023-02-18,21.48,31.58,14.21,40.14,0.0,1.38,15.17,98.65,57.29,5.91,LUD,30.9,75.85,subtropical_humid,NASA_POWER_daily_ag,3.373,6.289,0.9293,dewpoint,277.8,25.95
2023-02-19,22.16,31.6,13.98,32.08,0.0,1.02,15.84,98.53,66.21,3.02,LUD,30.9,75.85,subtropical_humid,NASA_POWER_daily_ag,3.182,6.161,0.7588,dewpoint,290.4,26.148
2023-02-20,21.05,30.89,13.81,36.8,0.0,1.8,13.85,98.27,78.68,4.63,LUD,30.9,75.85,subtropical_humid,NASA_POWER_daily_ag,3.741,6.002,0.85,dewpoint,317.7,26.348
2023-02-21,20.52,29.96,14.31,37.46,0.47,1.42,15.49,98.32,29.94,4.4,LUD,30.9,75.85,subtropical_humid,NASA_POWER_daily_ag,3.419,6.44,0.8364,dewpoint,312.5,26.549
2023-02-22,18.3,27.01,11.75,37.91,0.08,1.39,14.76,98.51,40.08,2.52,LUD,30.9,75.85,subtropical_humid,NASA_POWER_daily_ag,3.178,6.32,0.7323,dewpoint,292.5,26.751
2023-02-23,18.62,29.72,10.87,36.61,0.0,1.96,20.43,98.48,4.43,1.88,LUD,30.9,75.85,subtropical_humid,NASA_POWER_daily_ag,4.052,7.546,0.6996,dewpoint,295.7,26.954
2023-02-24,20.01,29.86,13.3,35.16,0.0,1.39,19.2,98.62,30.58,2.77,LUD,30.9,75.85,subtropical_humid,NASA_POWER_daily_ag,3.647,7.346,0.7455,dewpoint,281.0,27.158
2023-02-25,21.32,30.77,14.7,33.46,0.0,1.29,19.56,98.75,14.58,3.53,LUD,30.9,75.85,subtropical_humid,NASA_POWER_daily_ag,3.718,7.504,0.7867,dewpoint,267.3,27.363
2023-02-26,21.42,30.95,14.68,37.93,0.0,1.3,17.6,98.94,9.88,5.49,LUD,30.9,75.85,subtropical_humid,NASA_POWER_daily_ag,3.585,7.359,0.9026,dewpoint,247.4,27.569
2023-02-27,21.77,30.72,15.66,41.25,0.0,1.37,18.85,98.89,18.27,6.97,LUD,30.9,75.85,subtropical_humid,NASA_POWER_daily_ag,3.752,7.958,0.9998,dewpoint,252.7,27.775
2023-02-28,19.82,25.79,15.03,47.51,0.1,1.72,12.87,98.97,91.26,7.78,LUD,30.9,75.85,subtropical_humid,NASA_POWER_daily_ag,3.306,6.529,1.0568,dewpoint,244.3,27.982
2023-03-01,20.15,28.81,14.01,52.69,1.64,1.53,17.55,99.1,66.28,9.17,LUD,30.9,75.85,subtropical_humid,NASA_POWER_daily_ag,3.482,8.16,1.1613,dewpoint,230.7,28.189
2023-03-02,20.55,28.7,14.58,54.93,0.0,1.77,15.83,99.14,54.5,10.13,LUD,30.9,75.85,subtropical_humid,NASA_POWER_daily_ag,3.511,7.758,1.2387,dewpoint,226.5,28.396
2023-03-03,20.58,29.42,14.17,55.22,0.0,1.99,17.62,99.15,38.61,9.76,LUD,30.9,75.85,subtropical_humid,NASA_POWER_daily_ag,3.839,8.352,1.2084,dewpoint,225.4,28.604
2023-03-04,20.23,26.68,15.1,45.68,0.0,1.42,19.59,99.14,13.81,7.39,LUD,30.9,75.85,subtropical_humid,NASA_POWER_daily_ag,3.728,8.781,1.029,dewpoint,226.5,28.812
2023-03-05,21.49,30.34,15.05,42.0,0.0,1.64,20.42,98.97,6.66,7.16,LUD,30.9,75.85,subtropical_humid,NASA_POWER_daily_ag,4.168,8.903,1.0129,dewpoint,244.3,29.021
2023-03-06,22.22,30.62,15.19,41.0,0.0,1.56,21.24,98.73,2.34,7.16,LUD,30.9,75.85,subtropical_humid,NASA_POWER_daily_ag,4.3,9.21,1.0129,dewpoint,269.4,29.229
2023-03-07,22.79,30.99,15.54,38.01,0.0,1.28,21.36,98.72,1.77,6.78,LUD,30.9,75.85,subtropical_humid,NASA_POWER_daily_ag,4.152,9.217,0.9868,dewpoint,270.5,29.437
2023-03-08,23.18,30.81,15.98,38.88,0.1,0.83,19.75,98.82,28.52,7.38,LUD,30.9,75.85,subtropical_humid,NASA_POWER_daily_ag,3.6,8.869,1.0283,dewpoint,260.0,29.645
2023-03-09,22.67,30.68,16.03,39.45,0.42,0.97,19.66,98.85,12.35,7.18,LUD,30.9,75.85,subtropical_humid,NASA_POWER_daily_ag,3.704,8.875,1.0143,dewpoint,256.8,29.853
2023-03-10,23.54,31.88,15.83,32.72,0.0,1.43,20.99,98.7,5.43,4.87,LUD,30.9,75.85,subtropical_humid,NASA_POWER_daily_ag,4.473,8.942,0.8644,dewpoint,272.6,30.06
2023-03-11,23.17,32.4,15.66,34.56,0.0,1.18,20.15,98.68,2.11,5.26,LUD,30.9,75.85,subtropical_humid,NASA_POWER_daily_ag,4.08,8.802,0.8883,dewpoint,274.7,30.267
2023-03-12,24.26,33.9,15.62,38.67,0.17,1.35,19.27,98.64,42.96,7.69,LUD,30.9,75.85,subtropical_humid,NASA_POWER_daily_ag,4.289,8.885,1.0503,dewpoint,278.9,30.473
2023-03-13,24.61,30.68,19.92,41.8,0.0,1.25,19.02,98.53,38.45,10.11,LUD,30.9,75.85,subtropical_humid,NASA_POWER_daily_ag,4.149,9.205,1.237,dewpoint,290.4,30.679
2023-03-14,25.13,33.68,19.23,37.36,0.32,1.45,21.84,98.2,9.25,8.64,LUD,30.9,75.85,subtropical_humid,NASA_POWER_daily_ag,4.725,9.882,1.1204,dewpoint,325.1,30.884
2023-03-15,25.03,33.7,16.96,37.25,0.4,1.14,20.13,98.09,56.09,7.81,LUD,30.9,75.85,subtropical_humid,NASA_POWER_daily_ag,4.273,9.331,1.059,dewpoint,336.7,31.089
2023-03-16,23.92,32.01,17.73,39.08,1.08,1.17,20.59,98.17,54.93,7.8,LUD,30.9,75.85,subtropical_humid,NASA_POWER_daily_ag,4.229,9.585,1.0582,dewpoint,328.3,31.292
2023-03-17,21.94,29.0,17.78,55.23,11.86,0.92,12.17,98.42,97.52,11.7,LUD,30.9,75.85,subtropical_humid,NASA_POWER_daily_ag,2.826,7.099,1.3751,dewpoint,302.0,31.495
2023-03-18,19.49,24.4,16.34,72.76,6.12,1.56,11.14,98.38,74.36,14.26,LUD,30.9,75.85,subtropical_humid,NASA_POWER_daily_ag,2.49,6.945,1.6258,dewpoint,306.2,31.697
2023-03-19,20.53,26.29,15.05,61.13,0.08,0.87,17.07,98.15,54.84,12.22,LUD,30.9,75.85,subtropical_humid,NASA_POWER_daily_ag,3.164,9.311,1.423,dewpoint,330.4,31.897
2023-03-20,20.0,24.49,15.72,70.31,6.42,1.04,8.58,97.99,96.68,14.1,LUD,30.9,75.85,subtropical_humid,NASA_POWER_daily_ag,2.137,5.859,1.609,dewpoint,347.2,32.097
2023-03-21,20.15,26.86,14.08,66.51,1.92,0.9,20.72,98.09,49.97,12.64,LUD,30.9,75.85,subtropical_humid,NASA_POWER_daily_ag,3.533,10.998,1.4629,dewpoint,336.7,32.295
2023-03-22,21.82,29.04,15.68,48.59,0.12,1.15,18.74,98.25,63.45,9.55,LUD,30.9,75.85,subtropical_humid,NASA_POWER_daily_ag,3.815,9.66,1.1914,dewpoint,319.8,32.492
2023-03-23,22.32,29.9,16.27,47.89,0.36,1.64,20.6,98.09,33.36,10.08,LUD,30.9,75.85,subtropical_humid,NASA_POWER_daily_ag,4.427,10.452,1.2346,dewpoint,336.7,32.688
2023-03-24,22.31,29.53,17.53,59.87,10.28,2.41,13.83,98.03,89.06,13.08,LUD,30.9,75.85,subtropical_humid,NASA_POWER_daily_ag,3.929,8.085,1.5056,dewpoint,343.0,32.882
2023-03-25,20.42,26.32,16.27,70.76,11.57,2.25,15.27,98.39,59.44,14.19,LUD,30.9,75.85,subtropical_humid,NASA_POWER_daily_ag,3.384,8.923,1.6184,dewpoint,305.1,33.075
2023-03-26,20.97,28.58,15.0,53.27,0.37,1.44,22.52,98.43,8.39,9.96,LUD,30.9,75.85,subtropical_humid,NASA_POWER_daily_ag,4.295,11.424,1.2247,dewpoint,300.9,33.266
2023-03-27,21.05,29.01,13.84,47.28,0.0,1.27,23.59,98.26,7.4,8.3,LUD,30.9,75.85,subtropical_humid,NASA_POWER_daily_ag,4.391,11.647,1.0949,dewpoint,318.8,33.456
2023-03-28,22.4,30.15,16.79,43.51,0.0,1.19,21.72,98.23,46.07,8.7,LUD,30.9,75.85,subtropical_humid,NASA_POWER_daily_ag,4.312,10.875,1.125,dewpoint,321.9,33.644
2023-03-29,23.81,31.65,16.38,43.95,0.0,0.99,16.46,98.24,70.18,9.86,LUD,30.9,75.85,subtropical_humid,NASA_POWER_daily_ag,3.74,8.981,1.2165,dewpoint,320.9,33.83
2023-03-30,24.93,32.72,18.17,46.04,5.04,1.54,17.68,98.02,90.81,10.9,LUD,30.9,75.85,subtropical_humid,NASA_POWER_daily_ag,4.502,9.547,1.304,dewpoint,344.1,34.015
2023-03-31,20.91,26.23,16.89,68.73,7.77,1.34,10.76,98.1,95.35,14.3,LUD,30.9,75.85,subtropical_humid,NASA_POWER_daily_ag,2.678,7.023,1.63,dewpoint,335.6,34.197
2023-04-01,20.43,24.38,16.73,71.34,8.5,0.81,17.55,98.17,47.21,14.71,LUD,30.9,75.85,subtropical_humid,NASA_POWER_daily_ag,3.189,10.258,1.6738,dewpoint,328.3,34.378
2023-04-02,21.54,28.92,14.73,61.67,1.49,1.25,22.85,98.08,18.15,12.98,LUD,30.9,75.85,subtropical_humid,NASA_POWER_daily_ag,4.245,12.379,1.4958,dewpoint,337.7,34.557
2023-04-03,21.77,27.59,17.11,59.17,0.4,1.14,12.5,98.0,76.14,13.11,LUD,30.9,75.85,subtropical_humid,NASA_POWER_daily_ag,3.025,7.788,1.5086,dewpoint,346.2,34.734
2023-04-04,22.13,29.27,17.25,60.73,1.73,1.6,23.97,98.22,22.77,13.45,LUD,30.9,75.85,subtropical_humid,NASA_POWER_daily_ag,4.615,12.939,1.5424,dewpoint,323.0,34.909
2023-04-05,22.89,31.91,14.4,48.86,0.0,1.59,25.45,98.25,32.31,9.32,LUD,30.9,75.85,subtropical_humid,NASA_POWER_daily_ag,5.177,12.835,1.1731,dewpoint,319.8,35.082
2023-04-06,23.55,32.06,17.01,40.59,0.09,1.82,24.91,98.49,20.4,8.4,LUD,30.9,75.85,subtropical_humid,NASA_POWER_daily_ag,5.464,12.376,1.1023,dewpoint,294.6,35.252
2023-04-07,23.52,32.88,15.15,39.84,0.0,1.65,26.09,98.63,3.32,7.19,LUD,30.9,75.85,subtropical_humid,NASA_POWER_daily_ag,5.501,12.701,1.015,dewpoint,279.9,35.421
2023-04-08,24.83,34.23,16.06,34.34,0.0,1.44,23.89,98.64,0.02,6.13,LUD,30.9,75.85,subtropical_humid,NASA_POWER_daily_ag,5.314,11.63,0.9436,dewpoint,278.9,35.587
2023-04-09,26.54,34.85,19.88,27.65,0.0,0.98,26.57,98.59,0.41,5.01,LUD,30.9,75.85,subtropical_humid,NASA_POWER_daily_ag,5.219,12.249,0.8729,dewpoint,284.1,35.751
2023-04-10,26.54,35.5,18.01,31.64,0.0,1.48,26.38,98.4,7.0,7.03,LUD,30.9,75.85,subtropical_humid,NASA_POWER_daily_ag,5.856,12.655,1.0039,dewpoint,304.1,35.913
2023-04-11,27.56,36.62,19.52,35.55,0.0,2.08,23.63,98.33,59.88,9.54,LUD,30.9,75.85,subtropical_humid,NASA_POWER_daily_ag,6.323,11.971,1.1906,dewpoint,311.4,36.073
2023-04-12,28.26,37.34,20.75,36.54,0.0,1.95,23.29,98.28,39.41,10.49,LUD,30.9,75.85,subtropical_humid,NASA_POWER_daily_ag,6.23,11.962,1.2689,dewpoint,316.7,36.23
2023-04-13,28.08,37.82,19.18,36.55,0.0,1.98,26.12,98.14,0.03,10.11,LUD,30.9,75.85,subtropical_humid,NASA_POWER_daily_ag,6.575,13.108,1.237,dewpoint,331.4,36.385
2023-04-14,30.31,39.5,22.06,31.04,0.0,1.53,26.24,98.03,2.53,9.61,LUD,30.9,75.85,subtropical_humid,NASA_POWER_daily_ag,6.423,12.889,1.1962,dewpoint,343.0,36.537
2023-04-15,31.76,39.9,23.47,24.9,0.0,1.02,23.29,97.95,26.66,7.67,LUD,30.9,75.85,subtropical_humid,NASA_POWER_daily_ag,5.517,11.394,1.0489,dewpoint,351.5,36.687
2023-04-16,31.2,39.74,21.94,27.32,0.0,1.58,22.64,97.85,51.44,8.45,LUD,30.9,75.85,subtropical_humid,NASA_POWER_daily_ag,6.266,11.382,1.1061,dewpoint,362.0,36.835
2023-04-17,32.1,40.4,25.09,28.06,0.1,0.95,25.6,97.83,26.04,9.85,LUD,30.9,75.85,subtropical_humid,NASA_POWER_daily_ag,5.736,12.639,1.2157,dewpoint,364.1,36.98
2023-04-18,30.38,39.69,23.74,40.69,6.86,2.12,21.5,97.98,52.7,13.98,LUD,30.9,75.85,subtropical_humid,NASA_POWER_daily_ag,6.438,11.818,1.5965,dewpoint,348.3,37.123
2023-04-19,26.54,32.93,22.99,56.28,2.09,1.73,20.97,97.85,72.22,16.67,LUD,30.9,75.85,subtropical_humid,NASA_POWER_daily_ag,5.052,12.266,1.8976,dewpoint,362.0,37.264
2023-04-20,27.02,32.46,21.44,52.96,6.18,1.05,20.91,97.57,46.35,15.68,LUD,30.9,75.85,subtropical_humid,NASA_POWER_daily_ag,4.721,12.159,1.7815,dewpoint,391.6,37.401
2023-04-21,26.05,33.97,18.74,47.9,0.39,1.81,24.54,97.71,39.92,12.37,LUD,30.9,75.85,subtropical_humid,NASA_POWER_daily_ag,5.815,13.337,1.4372,dewpoint,376.8,37.537
2023-04-22,26.27,34.55,18.71,35.95,0.05,1.61,24.19,97.82,47.83,8.33,LUD,30.9,75.85,subtropical_humid,NASA_POWER_daily_ag,5.822,12.515,1.0971,dewpoint,365.2,37.67
2023-04-23,25.72,34.08,17.95,36.09,0.08,1.52,21.43,97.92,53.66,8.05,LUD,30.9,75.85,subtropical_humid,NASA_POWER_daily_ag,5.355,11.423,1.0764,dewpoint,354.6,37.8
2023-04-24,26.22,33.91,18.29,33.8,0.0,1.21,25.78,98.22,12.01,7.72,LUD,30.9,75.85,subtropical_humid,NASA_POWER_daily_ag,5.588,13.159,1.0525,dewpoint,323.0,37.928
2023-04-25,26.66,35.46,17.81,36.07,0.22,1.71,25.71,98.29,18.78,9.01,LUD,30.9,75.85,subtropical_humid,NASA_POWER_daily_ag,6.166,13.324,1.1488,dewpoint,315.6,38.053
2023-04-26,28.86,36.67,20.52,34.62,0.12,1.07,23.1,97.96,60.84,10.35,LUD,30.9,75.85,subtropical_humid,NASA_POWER_daily_ag,5.402,12.339,1.2571,dewpoint,350.4,38.176
2023-04-27,27.23,32.98,23.29,47.79,0.53,2.75,14.81,97.99,92.49,14.6,LUD,30.9,75.85,subtropical_humid,NASA_POWER_daily_ag,5.459,9.211,1.6619,dewpoint,347.2,38.296
2023-04-28,25.53,31.1,21.66,56.45,0.25,1.9,22.42,98.13,56.57,15.77,LUD,30.9,75.85,subtropical_humid,NASA_POWER_daily_ag,5.27,13.093,1.7917,dewpoint,332.5,38.414
2023-04-29,26.19,33.18,21.46,53.2,5.92,1.95,17.07,97.92,88.6,15.13,LUD,30.9,75.85,subtropical_humid,NASA_POWER_daily_ag,4.829,10.387,1.7197,dewpoint,354.6,38.529
2023-04-30,23.22,27.24,19.86,62.16,0.79,1.92,15.67,97.95,88.11,15.06,LUD,30.9,75.85,subtropical_humid,NASA_POWER_daily_ag,4.011,9.84,1.7119,dewpoint,351.5,38.641
2023-05-01,22.18,25.68,19.52,72.9,3.11,2.49,13.87,97.97,81.46,17.0,LUD,30.9,75.85,subtropical_humid,NASA_POWER_daily_ag,3.422,9.109,1.9377,dewpoint,349.3,38.751
2023-05-02,22.73,27.15,18.49,71.49,2.81,1.42,14.26,98.15,75.83,16.9,LUD,30.9,75.85,subtropical_humid,NASA_POWER_daily_ag,3.301,9.307,1.9255,dewpoint,330.4,38.859
2023-05-03,24.59,30.63,18.28,60.91,2.1,1.21,19.16,98.23,48.22,15.62,LUD,30.9,75.85,subtropical_humid,NASA_POWER_daily_ag,4.302,11.63,1.7746,dewpoint,321.9,38.964
2023-05-04,26.19,33.39,18.66,52.84,1.21,0.87,26.88,98.16,23.65,14.6,LUD,30.9,75.85,subtropical_humid,NASA_POWER_daily_ag,5.397,15.177,1.6619,dewpoint,329.3,39.066
2023-05-05,27.88,34.55,21.66,44.51,1.15,2.0,26.84,97.96,25.89,13.86,LUD,30.9,75.85,subtropical_humid,NASA_POWER_daily_ag,6.623,14.882,1.5841,dewpoint,350.4,39.166
2023-05-06,28.39,35.85,20.67,43.94,2.88,1.92,24.56,97.78,25.64,14.0,LUD,30.9,75.85,subtropical_humid,NASA_POWER_daily_ag,6.367,13.846,1.5986,dewpoint,369.4,39.263
2023-05-07,28.94,37.77,21.63,34.0,0.01,2.01,26.64,97.62,22.93,9.62,LUD,30.9,75.85,subtropical_humid,NASA_POWER_daily_ag,7.042,13.888,1.197,dewpoint,386.3,39.358
2023-05-08,28.68,36.99,20.32,29.92,0.27,2.18,25.34,97.6,23.51,7.91,LUD,30.9,75.85,subtropical_humid,NASA_POWER_daily_ag,7.141,13.167,1.0662,dewpoint,388.4,39.451
2023-05-09,28.05,37.03,19.59,30.08,0.15,2.59,28.72,97.96,4.01,6.45,LUD,30.9,75.85,subtropical_humid,NASA_POWER_daily_ag,7.912,14.323,0.9646,dewpoint,350.4,39.541
2023-05-10,27.83,37.88,18.26,29.26,0.06,2.61,29.73,97.82,0.61,6.1,LUD,30.9,75.85,subtropical_humid,NASA_POWER_daily_ag,8.011,14.703,0.9416,dewpoint,365.2,39.628
2023-05-11,30.01,39.66,19.79,24.24,0.0,1.38,29.06,97.83,9.86,4.6,LUD,30.9,75.85,subtropical_humid,NASA_POWER_daily_ag,6.776,14.01,0.8483,dewpoint,364.1,39.713
2023-05-12,31.88,41.7,21.86,21.82,0.0,1.54,26.86,97.73,9.46,5.47,LUD,30.9,75.85,subtropical_humid,NASA_POWER_daily_ag,6.997,13.147,0.9013,dewpoint,374.7,39.796
2023-05-13,33.25,41.87,23.83,24.49,0.0,1.09,25.0,97.67,47.5,8.46,LUD,30.9,75.85,subtropical_humid,NASA_POWER_daily_ag,6.219,12.861,1.1068,dewpoint,381.0,39.876
2023-05-14,32.71,39.8,26.9,27.48,0.09,1.38,24.66,97.43,68.41,10.28,LUD,30.9,75.85,subtropical_humid,NASA_POWER_daily_ag,6.567,13.027,1.2512,dewpoint,406.4,39.953
2023-05-15,33.19,41.76,25.12,30.01,0.03,1.6,26.62,97.34,28.33,11.59,LUD,30.9,75.85,subtropical_humid,NASA_POWER_daily_ag,7.2,14.095,1.3651,dewpoint,416.0,40.029
2023-05-16,33.77,41.13,26.98,27.61,0.0,1.61,25.23,97.52,58.37,11.38,LUD,30.9,75.85,subtropical_humid,NASA_POWER_daily_ag,7.124,13.432,1.3462,dewpoint,396.9,40.102
2023-05-17,33.75,41.97,25.89,31.03,0.01,1.93,25.58,97.65,48.8,12.72,LUD,30.9,75.85,subtropical_humid,NASA_POWER_daily_ag,7.601,13.849,1.4706,dewpoint,383.1,40.172
2023-05-18,31.95,38.04,26.18,34.79,4.24,1.97,25.27,98.07,42.19,14.0,LUD,30.9,75.85,subtropical_humid,NASA_POWER_daily_ag,7.252,14.1,1.5986,dewpoint,338.8,40.24
2023-05-19,31.48,39.77,22.88,34.43,0.0,2.91,27.75,97.83,12.86,12.38,LUD,30.9,75.85,subtropical_humid,NASA_POWER_daily_ag,8.635,14.974,1.4381,dewpoint,364.1,40.306
2023-05-20,32.95,41.88,24.04,25.51,0.0,2.55,28.85,97.57,7.44,8.59,LUD,30.9,75.85,subtropical_humid,NASA_POWER_daily_ag,8.862,14.543,1.1166,dewpoint,391.6,40.37
2023-05-21,35.78,44.69,27.47,18.12,0.0,1.61,27.9,97.57,12.56,6.18,LUD,30.9,75.85,subtropical_humid,NASA_POWER_daily_ag,7.717,13.412,0.9468,dewpoint,391.6,40.431
2023-05-22,37.21,46.21,27.91,19.65,0.0,1.99,25.62,97.56,46.95,8.67,LUD,30.9,75.85,subtropical_humid,NASA_POWER_daily_ag,8.322,12.929,1.1227,dewpoint,392.7,40.49
2023-05-23,36.13,43.57,30.13,28.16,3.71,2.94,20.41,97.56,80.46,13.86,LUD,30.9,75.85,subtropical_humid,NASA_POWER_daily_ag,8.743,11.649,1.5841,dewpoint,392.7,40.547
2023-05-24,31.76,37.44,26.7,45.95,7.27,2.73,22.03,97.6,71.86,18.16,LUD,30.9,75.85,subtropical_humid,NASA_POWER_daily_ag,7.189,13.339,2.0848,dewpoint,388.4,40.601
2023-05-25,30.17,35.98,23.18,49.1,10.02,1.86,17.05,97.64,85.53,16.78,LUD,30.9,75.85,subtropical_humid,NASA_POWER_daily_ag,5.478,10.726,1.9109,dewpoint,384.2,40.653
2023-05-26,31.21,37.43,25.14,40.3,0.52,1.78,16.46,97.69,73.69,15.18,LUD,30.9,75.85,subtropical_humid,NASA_POWER_daily_ag,5.635,10.231,1.7252,dewpoint,378.9,40.703
2023-05-27,30.09,34.21,26.45,45.07,1.7,1.76,25.74,97.75,42.36,16.02,LUD,30.9,75.85,subtropical_humid,NASA_POWER_daily_ag,6.661,14.939,1.8206,dewpoint,372.6,40.751
2023-05-28,30.6,36.65,23.93,38.92,0.03,1.35,24.75,97.85,62.17,14.5,LUD,30.9,75.85,subtropical_humid,NASA_POWER_daily_ag,6.259,14.175,1.6512,dewpoint,362.0,40.796
2023-05-29,27.83,32.23,24.29,54.67,4.05,1.91,16.01,98.05,91.22,17.51,LUD,30.9,75.85,subtropical_humid,NASA_POWER_daily_ag,4.812,10.319,2.0012,dewpoint,340.9,40.84
2023-05-30,27.54,31.73,23.44,60.72,8.95,2.38,21.52,98.04,74.4,18.67,LUD,30.9,75.85,subtropical_humid,NASA_POWER_daily_ag,5.658,13.387,2.1526,dewpoint,342.0,40.881
2023-05-31,24.81,29.97,21.47,74.62,27.08,1.77,8.9,97.88,92.1,19.69,LUD,30.9,75.85,subtropical_humid,NASA_POWER_daily_ag,2.748,6.664,2.2938,dewpoint,358.8,40.92
2023-06-01,23.82,29.18,20.0,67.28,3.46,1.28,20.04,97.98,80.47,17.01,LUD,30.9,75.85,subtropical_humid,NASA_POWER_daily_ag,4.286,12.505,1.939,dewpoint,348.3,40.957
2023-06-02,27.16,32.07,21.12,53.72,2.38,1.15,24.19,97.81,39.06,16.14,LUD,30.9,75.85,subtropical_humid,NASA_POWER_daily_ag,5.436,14.44,1.8346,dewpoint,366.2,40.992
2023-06-03,30.11,36.47,21.71,40.57,0.0,0.98,28.4,97.8,4.93,14.41,LUD,30.9,75.85,subtropical_humid,NASA_POWER_daily_ag,6.332,16.037,1.6416,dewpoint,367.3,41.024
2023-06-04,31.5,38.57,24.56,38.3,0.0,1.12,25.56,97.68,52.85,14.7,LUD,30.9,75.85,subtropical_humid,NASA_POWER_daily_ag,6.229,14.562,1.6727,dewpoint,380.0,41.055
2023-06-05,32.45,39.78,24.32,39.83,0.15,2.39,28.24,97.53,8.42,15.94,LUD,30.9,75.85,subtropical_humid,NASA_POWER_daily_ag,8.165,16.084,1.8113,dewpoint,395.8,41.083
2023-06-06,31.96,36.75,26.9,46.3,6.08,1.15,25.04,97.59,47.28,18.42,LUD,30.9,75.85,subtropical_humid,NASA_POWER_daily_ag,6.2,15.027,2.1191,dewpoint,389.5,41.11
2023-06-07,30.37,35.07,25.61,45.92,0.0,1.73,26.99,97.62,17.25,16.88,LUD,30.9,75.85,subtropical_humid,NASA_POWER_daily_ag,6.843,15.806,1.923,dewpoint,386.3,41.134
2023-06-08,32.17,39.07,24.56,42.85,0.03,2.26,27.06,97.51,23.79,17.13,LUD,30.9,75.85,subtropical_humid,NASA_POWER_daily_ag,7.718,15.793,1.9538,dewpoint,398.0,41.157
2023-06-09,34.59,41.5,27.67,39.12,0.03,1.77,27.01,97.17,32.97,17.57,LUD,30.9,75.85,subtropical_humid,NASA_POWER_daily_ag,7.639,15.694,2.0088,dewpoint,434.0,41.177
2023-06-10,35.67,41.75,29.48,41.2,3.82,1.78,23.08,97.01,47.2,19.64,LUD,30.9,75.85,subtropical_humid,NASA_POWER_daily_ag,7.137,14.066,2.2867,dewpoint,451.0,41.195
2023-06-11,33.77,39.61,27.96,48.89,2.07,1.8,25.21,97.1,58.5,20.64,LUD,30.9,75.85,subtropical_humid,NASA_POWER_daily_ag,7.086,15.495,2.4325,dewpoint,441.4,41.212
2023-06-12,34.95,41.43,28.71,40.21,0.0,2.05,26.03,97.01,10.92,18.49,LUD,30.9,75.85,subtropical_humid,NASA_POWER_daily_ag,7.845,15.387,2.1284,dewpoint,451.0,41.226
2023-06-13,36.61,43.63,29.71,38.83,0.68,3.32,24.86,96.99,38.47,19.28,LUD,30.9,75.85,subtropical_humid,NASA_POWER_daily_ag,9.447,14.866,2.2361,dewpoint,453.1,41.238
2023-06-14,35.26,41.55,28.8,42.99,2.52,2.93,24.61,97.07,43.04,19.95,LUD,30.9,75.85,subtropical_humid,NASA_POWER_daily_ag,8.53,14.96,2.3311,dewpoint,444.6,41.248
2023-06-15,30.56,34.88,26.72,62.88,31.57,2.4,20.13,97.33,72.99,22.46,LUD,30.9,75.85,subtropical_humid,NASA_POWER_daily_ag,5.726,13.128,2.719,dewpoint,417.0,41.257
2023-06-16,32.59,38.08,26.54,54.05,0.21,1.98,25.08,97.27,54.38,21.41,LUD,30.9,75.85,subtropical_humid,NASA_POWER_daily_ag,6.913,15.666,2.5503,dewpoint,423.4,41.263
2023-06-17,34.9,40.35,29.75,43.45,0.0,0.83,22.56,97.24,64.23,19.88,LUD,30.9,75.85,subtropical_humid,NASA_POWER_daily_ag,5.772,13.873,2.321,dewpoint,426.6,41.268
2023-06-18,34.36,40.19,27.51,46.79,0.1,1.31,19.96,97.22,65.26,20.47,LUD,30.9,75.85,subtropical_humid,NASA_POWER_daily_ag,5.83,12.631,2.4072,dewpoint,428.7,41.27
2023-06-19,35.39,40.62,30.05,44.86,4.91,1.25,24.42,97.14,38.48,21.03,LUD,30.9,75.85,subtropical_humid,NASA_POWER_daily_ag,6.644,15.083,2.4916,dewpoint,437.2,41.271
2023-06-20,36.4,42.22,30.48,43.54,1.07,0.94,25.54,97.07,27.55,21.23,LUD,30.9,75.85,subtropical_humid,NASA_POWER_daily_ag,6.594,15.682,2.5224,dewpoint,444.6,41.269
2023-06-21,36.13,41.11,30.21,44.41,0.47,1.39,21.91,97.15,24.48,21.55,LUD,30.9,75.85,subtropical_humid,NASA_POWER_daily_ag,6.473,13.803,2.5723,dewpoint,436.1,41.266
2023-06-22,36.47,42.33,30.05,46.25,2.58,1.75,19.98,97.13,35.77,22.28,LUD,30.9,75.85,subtropical_humid,NASA_POWER_daily_ag,6.569,12.842,2.6894,dewpoint,438.2,41.26
2023-06-23,36.87,42.33,30.72,45.1,1.85,1.4,20.43,97.1,42.35,22.16,LUD,30.9,75.85,subtropical_humid,NASA_POWER_daily_ag,6.311,13.061,2.6698,dewpoint,441.4,41.253
2023-06-24,36.46,42.68,30.31,48.27,1.81,2.06,19.97,97.04,79.81,23.01,LUD,30.9,75.85,subtropical_humid,NASA_POWER_daily_ag,6.838,12.945,2.8111,dewpoint,447.8,41.244
2023-06-25,35.34,41.15,30.01,52.7,3.16,2.84,16.69,97.09,97.64,23.33,LUD,30.9,75.85,subtropical_humid,NASA_POWER_daily_ag,6.706,11.15,2.866,dewpoint,442.5,41.233
2023-06-26,29.46,32.35,27.19,73.52,33.52,2.59,12.15,97.39,75.31,24.09,LUD,30.9,75.85,subtropical_humid,NASA_POWER_daily_ag,3.88,8.651,3.0001,dewpoint,410.7,41.22
2023-06-27,32.09,36.89,27.27,58.81,0.67,1.78,20.9,97.29,44.1,22.53,LUD,30.9,75.85,subtropical_humid,NASA_POWER_daily_ag,5.849,13.532,2.7306,dewpoint,421.3,41.205
2023-06-28,32.62,37.66,27.51,59.65,1.29,1.67,20.77,97.36,29.64,23.34,LUD,30.9,75.85,subtropical_humid,NASA_POWER_daily_ag,5.783,13.573,2.8677,dewpoint,413.8,41.188
2023-06-29,33.14,37.49,28.45,57.97,4.9,1.5,22.63,97.27,20.89,23.4,LUD,30.9,75.85,subtropical_humid,NASA_POWER_daily_ag,6.085,14.648,2.8781,dewpoint,423.4,41.169
2023-06-30,32.91,37.54,27.82,58.42,7.52,1.72,19.12,97.11,56.89,23.1,LUD,30.9,75.85,subtropical_humid,NASA_POWER_daily_ag,5.619,12.58,2.8265,dewpoint,440.4,41.148
2023-07-01,32.5,37.64,26.83,58.01,6.58,1.14,20.29,97.21,71.76,22.6,LUD,30.9,75.85,subtropical_humid,NASA_POWER_daily_ag,5.335,13.183,2.7422,dewpoint,429.8,41.125
2023-07-02,34.18,39.39,28.85,52.97,0.13,1.91,22.25,97.2,27.35,22.83,LUD,30.9,75.85,subtropical_humid,NASA_POWER_daily_ag,6.604,14.271,2.7807,dewpoint,430.8,41.1
2023-07-03,34.56,39.6,29.15,54.36,2.66,1.38,20.83,97.15,31.0,23.54,LUD,30.9,75.85,subtropical_humid,NASA_POWER_daily_ag,5.911,13.576,2.9025,dewpoint,436.1,41.073
2023-07-04,33.8,39.19,28.96,56.81,8.96,1.92,18.28,97.01,62.25,23.58,LUD,30.9,75.85,subtropical_humid,NASA_POWER_daily_ag,5.762,12.118,2.9095,dewpoint,451.0,41.045
2023-07-05,30.68,33.95,27.73,73.16,60.63,2.5,9.23,97.06,88.97,25.2,LUD,30.9,75.85,subtropical_humid,NASA_POWER_daily_ag,3.468,6.919,3.2057,dewpoint,445.7,41.014
2023-07-06,29.9,34.33,26.13,73.81,12.34,1.78,10.83,97.36,94.7,24.43,LUD,30.9,75.85,subtropical_humid,NASA_POWER_daily_ag,3.389,7.863,3.0618,dewpoint,413.8,40.981
2023-07-07,28.74,32.08,25.74,81.21,21.53,2.57,16.85,97.44,95.19,25.08,LUD,30.9,75.85,subtropical_humid,NASA_POWER_daily_ag,4.164,11.564,3.1829,dewpoint,405.4,40.947
2023-07-08,28.03,30.77,26.03,86.24,65.29,2.6,7.12,97.44,99.44,25.45,LUD,30.9,75.85,subtropical_humid,NASA_POWER_daily_ag,2.261,5.625,3.2537,dewpoint,405.4,40.91
2023-07-09,28.28,31.24,25.54,87.31,31.75,2.94,13.42,97.32,97.39,25.89,LUD,30.9,75.85,subtropical_humid,NASA_POWER_daily_ag,3.272,9.533,3.3396,dewpoint,418.1,40.871
2023-07-10,28.03,31.04,25.28,88.25,39.01,1.48,11.19,97.4,93.46,25.85,LUD,30.9,75.85,subtropical_humid,NASA_POWER_daily_ag,2.715,8.145,3.3317,dewpoint,409.6,40.83
2023-07-11,29.59,33.95,24.49,78.31,0.95,1.32,25.49,97.38,30.0,25.22,LUD,30.9,75.85,subtropical_humid,NASA_POWER_daily_ag,5.644,16.835,3.2095,dewpoint,411.7,40.788
2023-07-12,30.38,34.35,26.06,76.41,0.25,0.73,24.5,97.27,30.61,25.54,LUD,30.9,75.85,subtropical_humid,NASA_POWER_daily_ag,5.461,16.266,3.2711,dewpoint,423.4,40.743
2023-07-13,30.1,33.26,25.96,79.62,3.03,1.25,21.35,97.27,41.97,26.04,LUD,30.9,75.85,subtropical_humid,NASA_POWER_daily_ag,4.919,14.441,3.3694,dewpoint,423.4,40.696
2023-07-14,29.7,32.58,26.31,81.22,4.95,1.53,15.92,97.37,80.46,25.98,LUD,30.9,75.85,subtropical_humid,NASA_POWER_daily_ag,3.909,11.066,3.3575,dewpoint,412.8,40.647
2023-07-15,29.84,33.42,26.21,80.5,3.64,1.37,18.65,97.27,62.26,25.93,LUD,30.9,75.85,subtropical_humid,NASA_POWER_daily_ag,4.403,12.739,3.3476,dewpoint,423.4,40.596
2023-07-16,29.07,31.58,26.61,85.92,16.23,1.79,13.14,97.33,89.82,26.41,LUD,30.9,75.85,subtropical_humid,NASA_POWER_daily_ag,3.234,9.373,3.4438,dewpoint,417.0,40.543
2023-07-17,30.08,33.53,26.38,80.64,4.24,1.09,19.07,97.22,67.21,26.23,LUD,30.9,75.85,subtropical_humid,NASA_POWER_daily_ag,4.44,13.034,3.4074,dewpoint,428.7,40.488
2023-07-18,29.82,33.39,26.33,83.05,3.33,1.73,15.91,97.17,87.75,26.49,LUD,30.9,75.85,subtropical_humid,NASA_POWER_daily_ag,3.891,11.098,3.46,dewpoint,434.0,40.431
2023-07-19,28.27,29.94,26.51,90.0,15.79,2.62,12.04,97.25,89.91,26.46,LUD,30.9,75.85,subtropical_humid,NASA_POWER_daily_ag,2.855,8.687,3.4539,dewpoint,425.5,40.371
2023-07-20,30.24,34.44,25.81,79.54,1.49,1.3,21.83,97.27,65.37,26.04,LUD,30.9,75.85,subtropical_humid,NASA_POWER_daily_ag,5.033,14.692,3.3694,dewpoint,423.4,40.31
2023-07-21,30.94,34.09,27.25,79.44,8.13,1.11,21.13,97.38,80.29,26.79,LUD,30.9,75.85,subtropical_humid,NASA_POWER_daily_ag,4.938,14.381,3.5216,dewpoint,411.7,40.246
2023-07-22,28.35,29.95,27.18,90.78,18.32,1.89,6.46,97.7,98.59,26.7,LUD,30.9,75.85,subtropical_humid,NASA_POWER_daily_ag,1.823,5.175,3.5031,dewpoint,377.9,40.18
2023-07-23,30.18,33.28,26.84,75.28,4.88,0.95,22.62,97.72,57.43,25.08,LUD,30.9,75.85,subtropical_humid,NASA_POWER_daily_ag,5.133,14.966,3.1829,dewpoint,375.7,40.112
2023-07-24,30.38,33.89,26.0,73.85,3.54,0.91,20.16,97.45,72.15,25.06,LUD,30.9,75.85,subtropical_humid,NASA_POWER_daily_ag,4.705,13.477,3.1791,dewpoint,404.3,40.042
2023-07-25,29.11,31.68,26.79,81.3,6.58,0.61,11.65,97.47,96.68,25.48,LUD,30.9,75.85,subtropical_humid,NASA_POWER_daily_ag,2.847,8.365,3.2595,dewpoint,402.2,39.97
2023-07-26,28.34,31.09,25.35,83.34,16.94,1.29,17.05,97.58,95.06,25.16,LUD,30.9,75.85,subtropical_humid,NASA_POWER_daily_ag,3.869,11.636,3.1981,dewpoint,390.5,39.895
2023-07-27,28.47,30.94,25.47,85.07,11.7,1.08,12.9,97.47,95.6,25.67,LUD,30.9,75.85,subtropical_humid,NASA_POWER_daily_ag,3.07,9.145,3.2964,dewpoint,402.2,39.818
2023-07-28,28.59,31.14,25.97,84.47,20.19,1.08,13.8,97.25,70.05,25.62,LUD,30.9,75.85,subtropical_humid,NASA_POWER_daily_ag,3.257,9.687,3.2867,dewpoint,425.5,39.739
2023-07-29,28.68,32.21,24.73,83.42,5.41,1.21,17.69,97.18,70.46,25.48,LUD,30.9,75.85,subtropical_humid,NASA_POWER_daily_ag,4.002,12.049,3.2595,dewpoint,432.9,39.658
2023-07-30,29.29,33.11,25.53,81.39,2.41,1.03,19.83,97.1,50.85,25.61,LUD,30.9,75.85,subtropical_humid,NASA_POWER_daily_ag,4.457,13.35,3.2847,dewpoint,441.4,39.574
2023-07-31,30.32,34.01,27.09,76.38,2.36,1.05,22.49,97.02,17.49,25.56,LUD,30.9,75.85,subtropical_humid,NASA_POWER_daily_ag,5.124,14.919,3.275,dewpoint,449.9,39.488
2023-08-01,30.44,34.29,26.86,78.17,16.72,1.4,23.81,96.95,22.72,26.1,LUD,30.9,75.85,subtropical_humid,NASA_POWER_daily_ag,5.428,15.835,3.3814,dewpoint,457.4,39.4
2023-08-02,30.59,34.54,27.12,80.16,16.91,1.45,22.84,96.98,32.31,26.67,LUD,30.9,75.85,subtropical_humid,NASA_POWER_daily_ag,5.236,15.347,3.4969,dewpoint,454.2,39.31
2023-08-03,30.38,34.01,26.73,81.37,19.35,1.39,22.76,97.03,19.62,26.7,LUD,30.9,75.85,subtropical_humid,NASA_POWER_daily_ag,5.162,15.309,3.5031,dewpoint,448.9,39.217
2023-08-04,30.61,34.01,27.2,79.25,3.11,1.15,18.71,97.22,83.99,26.48,LUD,30.9,75.85,subtropical_humid,NASA_POWER_daily_ag,4.431,12.739,3.458,dewpoint,428.7,39.122
2023-08-05,30.03,33.18,26.89,82.17,262.61,1.19,21.64,97.37,64.39,26.57,LUD,30.9,75.85,subtropical_humid,NASA_POWER_daily_ag,4.86,14.576,3.4764,dewpoint,412.8,39.025
2023-08-06,29.72,33.14,26.22,83.53,22.43,1.69,22.86,97.05,45.49,26.55,LUD,30.9,75.85,subtropical_humid,NASA_POWER_daily_ag,5.062,15.334,3.4723,dewpoint,446.7,38.925
2023-08-07,29.55,32.84,26.69,84.84,4.51,2.02,19.21,96.83,55.67,26.66,LUD,30.9,75.85,subtropical_humid,NASA_POWER_daily_ag,4.378,13.079,3.4948,dewpoint,470.1,38.823
2023-08-08,29.78,33.81,26.21,83.15,0.48,1.74,21.85,96.97,60.93,26.49,LUD,30.9,75.85,subtropical_humid,NASA_POWER_daily_ag,4.904,14.668,3.46,dewpoint,455.2,38.718
2023-08-09,29.63,33.08,26.34,83.45,0.28,1.77,19.82,97.32,69.65,26.43,LUD,30.9,75.85,subtropical_humid,NASA_POWER_daily_ag,4.514,13.398,3.4478,dewpoint,418.1,38.612
2023-08-10,28.68,31.66,25.94,85.73,19.14,1.64,20.73,97.5,45.23,25.98,LUD,30.9,75.85,subtropical_humid,NASA_POWER_daily_ag,4.481,13.889,3.3575,dewpoint,399.0,38.502
2023-08-11,28.6,31.83,25.65,85.3,7.32,1.41,18.97,97.56,65.75,25.78,LUD,30.9,75.85,subtropical_humid,NASA_POWER_daily_ag,4.165,12.77,3.318,dewpoint,392.7,38.391
2023-08-12,28.95,32.85,25.49,82.93,5.06,1.74,23.77,97.29,12.97,25.63,LUD,30.9,75.85,subtropical_humid,NASA_POWER_daily_ag,5.121,15.636,3.2886,dewpoint,421.3,38.277
2023-08-13,29.14,33.27,25.23,83.58,4.19,2.03,22.79,97.03,41.72,25.96,LUD,30.9,75.85,subtropical_humid,NASA_POWER_daily_ag,4.979,15.103,3.3535,dewpoint,448.9,38.161
2023-08-14,28.79,32.3,25.57,84.18,11.5,1.8,19.48,97.46,60.6,25.72,LUD,30.9,75.85,subtropical_humid,NASA_POWER_daily_ag,4.332,13.038,3.3062,dewpoint,403.2,38.042
2023-08-15,28.86,32.43,25.24,82.63,4.94,1.29,19.62,97.57,49.33,25.47,LUD,30.9,75.85,subtropical_humid,NASA_POWER_daily_ag,4.345,13.07,3.2576,dewpoint,391.6,37.921
2023-08-16,29.29,32.77,25.81,80.45,2.73,1.28,23.28,97.57,11.37,25.49,LUD,30.9,75.85,subtropical_humid,NASA_POWER_daily_ag,5.068,15.251,3.2614,dewpoint,391.6,37.798
2023-08-17,29.4,32.97,25.93,81.05,0.9,1.54,23.23,97.49,5.0,25.71,LUD,30.9,75.85,subtropical_humid,NASA_POWER_daily_ag,5.094,15.254,3.3042,dewpoint,400.1,37.672
2023-08-18,29.84,33.75,25.49,76.76,0.02,1.15,22.97,97.53,15.12,25.1,LUD,30.9,75.85,subtropical_humid,NASA_POWER_daily_ag,5.117,14.938,3.1867,dewpoint,395.8,37.544
2023-08-19,29.68,32.51,26.83,79.05,1.16,0.74,12.56,97.6,66.55,25.6,LUD,30.9,75.85,subtropical_humid,NASA_POWER_daily_ag,3.07,8.788,3.2828,dewpoint,388.4,37.413
2023-08-20,30.43,33.78,26.89,79.86,0.63,0.75,22.34,97.59,51.42,26.44,LUD,30.9,75.85,subtropical_humid,NASA_POWER_daily_ag,4.946,14.813,3.4499,dewpoint,389.5,37.281
2023-08-21,29.73,32.85,26.37,80.28,10.12,0.97,20.97,97.47,48.63,25.89,LUD,30.9,75.85,subtropical_humid,NASA_POWER_daily_ag,4.645,13.873,3.3396,dewpoint,402.2,37.145
2023-08-22,29.89,33.88,25.31,80.26,11.78,1.26,18.62,97.21,85.46,25.95,LUD,30.9,75.85,subtropical_humid,NASA_POWER_daily_ag,4.304,12.455,3.3515,dewpoint,429.8,37.008
2023-08-23,29.64,34.09,25.72,80.57,5.19,1.68,14.49,97.03,98.68,25.73,LUD,30.9,75.85,subtropical_humid,NASA_POWER_daily_ag,3.646,9.923,3.3082,dewpoint,448.9,36.868
2023-08-24,28.44,32.06,24.71,81.36,1.57,1.07,18.85,97.08,47.72,24.82,LUD,30.9,75.85,subtropical_humid,NASA_POWER_daily_ag,4.129,12.409,3.134,dewpoint,443.6,36.726
2023-08-25,29.32,33.25,24.84,75.2,5.98,0.99,21.67,97.12,11.58,24.22,LUD,30.9,75.85,subtropical_humid,NASA_POWER_daily_ag,4.775,13.903,3.0235,dewpoint,439.3,36.581
2023-08-26,28.91,32.5,25.23,76.13,2.97,0.88,21.85,97.33,49.17,24.17,LUD,30.9,75.85,subtropical_humid,NASA_POWER_daily_ag,4.704,13.984,3.0145,dewpoint,417.0,36.435
2023-08-27,29.0,32.31,25.93,76.32,1.9,1.13,21.7,97.32,37.12,24.35,LUD,30.9,75.85,subtropical_humid,NASA_POWER_daily_ag,4.742,13.91,3.0472,dewpoint,418.1,36.286
2023-08-28,28.81,31.94,24.93,76.81,20.62,1.24,21.58,97.32,21.45,24.23,LUD,30.9,75.85,subtropical_humid,NASA_POWER_daily_ag,4.722,13.823,3.0254,dewpoint,418.1,36.134
2023-08-29,28.12,31.94,24.17,78.68,5.12,1.06,22.19,97.57,27.03,23.95,LUD,30.9,75.85,subtropical_humid,NASA_POWER_daily_ag,4.667,14.106,2.975,dewpoint,391.6,35.981
2023-08-30,28.28,32.37,23.73,77.75,0.12,1.24,23.99,97.72,2.35,23.88,LUD,30.9,75.85,subtropical_humid,NASA_POWER_daily_ag,5.027,15.097,2.9625,dewpoint,375.7,35.825
2023-08-31,28.59,33.13,23.4,74.56,1.85,1.04,22.61,97.78,2.44,23.41,LUD,30.9,75.85,subtropical_humid,NASA_POWER_daily_ag,4.827,14.172,2.8799,dewpoint,369.4,35.667
2023-09-01,28.83,33.08,24.07,71.76,1.34,1.19,22.97,97.78,0.6,23.0,LUD,30.9,75.85,subtropical_humid,NASA_POWER_daily_ag,4.989,14.244,2.8094,dewpoint,369.4,35.507
2023-09-02,28.02,32.48,23.18,71.02,0.65,1.22,22.94,97.67,1.5,22.04,LUD,30.9,75.85,subtropical_humid,NASA_POWER_daily_ag,4.897,14.021,2.6504,dewpoint,381.0,35.345
2023-09-03,27.95,32.16,23.34,71.57,0.06,1.13,22.39,97.56,0.75,22.13,LUD,30.9,75.85,subtropical_humid,NASA_POWER_daily_ag,4.756,13.725,2.665,dewpoint,392.7,35.181
2023-09-04,28.4,32.78,24.51,72.49,0.2,0.92,22.5,97.51,1.51,22.77,LUD,30.9,75.85,subtropical_humid,NASA_POWER_daily_ag,4.733,13.864,2.7706,dewpoint,398.0,35.015
2023-09-05,28.14,32.71,23.77,74.46,0.16,1.16,22.79,97.67,4.42,22.92,LUD,30.9,75.85,subtropical_humid,NASA_POWER_daily_ag,4.801,14.05,2.7959,dewpoint,381.0,34.846
2023-09-06,28.43,33.64,23.84,77.12,0.12,0.97,23.41,97.75,0.43,23.82,LUD,30.9,75.85,subtropical_humid,NASA_POWER_daily_ag,4.851,14.563,2.9518,dewpoint,372.6,34.676
2023-09-07,28.71,33.13,25.02,76.73,0.0,0.98,24.05,97.7,0.66,24.06,LUD,30.9,75.85,subtropical_humid,NASA_POWER_daily_ag,4.99,14.948,2.9947,dewpoint,377.9,34.504
2023-09-08,28.27,32.85,23.69,78.65,0.21,1.1,22.16,97.68,9.64,23.97,LUD,30.9,75.85,subtropical_humid,NASA_POWER_daily_ag,4.631,13.872,2.9785,dewpoint,380.0,34.33
2023-09-09,28.27,33.02,23.53,77.62,1.12,1.23,20.41,97.62,20.44,23.71,LUD,30.9,75.85,subtropical_humid,NASA_POWER_daily_ag,4.387,12.811,2.9324,dewpoint,386.3,34.154
2023-09-10,28.1,32.33,24.02,81.25,2.62,1.46,20.32,97.47,6.56,24.41,LUD,30.9,75.85,subtropical_humid,NASA_POWER_daily_ag,4.318,12.892,3.0581,dewpoint,402.2,33.976
2023-09-11,28.56,33.29,24.22,79.44,0.11,1.38,19.51,97.46,7.43,24.38,LUD,30.9,75.85,subtropical_humid,NASA_POWER_daily_ag,4.264,12.384,3.0527,dewpoint,403.2,33.796
2023-09-12,28.6,32.49,24.64,79.23,8.76,1.24,16.94,97.5,16.78,24.51,LUD,30.9,75.85,subtropical_humid,NASA_POWER_daily_ag,3.804,10.94,3.0765,dewpoint,399.0,33.615
2023-09-13,29.2,33.57,24.94,78.64,0.56,1.22,16.68,97.49,25.32,24.85,LUD,30.9,75.85,subtropical_humid,NASA_POWER_daily_ag,3.828,10.811,3.1396,dewpoint,400.1,33.432
2023-09-14,28.45,31.48,25.27,83.94,9.57,0.99,15.72,97.62,46.17,25.36,LUD,30.9,75.85,subtropical_humid,NASA_POWER_daily_ag,3.442,10.344,3.2363,dewpoint,386.3,33.247
2023-09-15,28.88,32.77,25.64,83.45,5.07,1.23,8.27,97.71,80.41,25.67,LUD,30.9,75.85,subtropical_humid,NASA_POWER_daily_ag,2.261,6.031,3.2964,dewpoint,376.8,33.061
2023-09-16,27.96,32.09,24.92,84.66,1.9,1.48,19.75,97.76,42.97,24.96,LUD,30.9,75.85,subtropical_humid,NASA_POWER_daily_ag,4.094,12.538,3.1602,dewpoint,371.5,32.873
2023-09-17,26.79,29.34,24.3,88.16,13.69,1.17,8.31,97.66,82.19,24.63,LUD,30.9,75.85,subtropical_humid,NASA_POWER_daily_ag,2.03,6.016,3.0986,dewpoint,382.1,32.684
2023-09-18,27.07,30.25,24.38,86.15,12.7,1.96,18.12,97.66,66.07,24.48,LUD,30.9,75.85,subtropical_humid,NASA_POWER_daily_ag,3.711,11.516,3.071,dewpoint,382.1,32.493
2023-09-19,27.74,31.74,24.05,83.58,10.52,1.38,8.7,97.89,90.32,24.54,LUD,30.9,75.85,subtropical_humid,NASA_POWER_daily_ag,2.308,6.204,3.082,dewpoint,357.8,32.301
2023-09-20,28.24,32.72,24.72,80.96,8.6,0.85,20.56,97.9,38.22,24.46,LUD,30.9,75.85,subtropical_humid,NASA_POWER_daily_ag,4.198,12.771,3.0673,dewpoint,356.7,32.108
2023-09-21,28.46,32.44,24.27,79.36,6.87,0.84,21.61,97.79,10.58,24.4,LUD,30.9,75.85,subtropical_humid,NASA_POWER_daily_ag,4.402,13.328,3.0563,dewpoint,368.3,31.913
2023-09-22,28.51,32.37,24.32,79.3,3.76,0.83,19.16,97.8,33.34,24.43,LUD,30.9,75.85,subtropical_humid,NASA_POWER_daily_ag,3.995,11.952,3.0618,dewpoint,367.3,31.718
2023-09-23,27.8,31.45,24.58,82.32,35.39,0.98,15.42,97.84,52.0,24.37,LUD,30.9,75.85,subtropical_humid,NASA_POWER_daily_ag,3.307,9.861,3.0508,dewpoint,363.1,31.521
2023-09-24,27.28,31.44,23.26,79.43,0.7,0.77,12.98,97.83,33.84,23.19,LUD,30.9,75.85,subtropical_humid,NASA_POWER_daily_ag,2.863,8.376,2.8419,dewpoint,364.1,31.323
2023-09-25,26.47,31.6,22.46,79.61,0.0,1.08,19.02,97.9,13.05,22.35,LUD,30.9,75.85,subtropical_humid,NASA_POWER_daily_ag,3.783,11.404,2.7009,dewpoint,356.7,31.125
2023-09-26,25.94,30.91,22.07,81.47,0.0,1.2,20.29,98.03,2.74,22.33,LUD,30.9,75.85,subtropical_humid,NASA_POWER_daily_ag,3.889,12.05,2.6976,dewpoint,343.0,30.925
2023-09-27,25.57,30.6,21.07,77.67,0.0,1.22,20.97,98.0,0.41,21.17,LUD,30.9,75.85,subtropical_humid,NASA_POWER_daily_ag,3.995,12.129,2.5131,dewpoint,346.2,30.725
2023-09-28,25.38,31.01,20.53,70.42,0.0,1.01,20.59,97.95,3.93,19.32,LUD,30.9,75.85,subtropical_humid,NASA_POWER_daily_ag,3.931,11.492,2.2416,dewpoint,351.5,30.524
2023-09-29,25.2,31.62,20.62,67.24,0.0,1.02,20.43,97.94,7.26,18.32,LUD,30.9,75.85,subtropical_humid,NASA_POWER_daily_ag,3.905,11.139,2.1059,dewpoint,352.5,30.322
2023-09-30,24.52,31.03,19.87,66.57,0.0,1.45,20.32,97.97,0.92,17.57,LUD,30.9,75.85,subtropical_humid,NASA_POWER_daily_ag,4.003,10.928,2.0088,dewpoint,349.3,30.12
2023-10-01,25.15,31.07,20.33,62.87,0.01,1.02,20.55,97.9,0.6,17.18,LUD,30.9,75.85,subtropical_humid,NASA_POWER_daily_ag,3.932,10.887,1.9599,dewpoint,356.7,29.917
2023-10-02,25.24,31.56,20.2,49.52,0.02,0.86,20.53,97.96,0.87,13.33,LUD,30.9,75.85,subtropical_humid,NASA_POWER_daily_ag,3.873,10.026,1.5304,dewpoint,350.4,29.714
2023-10-03,24.24,30.64,19.64,56.19,0.0,1.37,20.53,98.03,0.55,14.72,LUD,30.9,75.85,subtropical_humid,NASA_POWER_daily_ag,4.074,10.304,1.6748,dewpoint,343.0,29.51
2023-10-04,24.34,31.3,19.68,65.0,0.0,1.26,20.62,98.04,2.05,16.99,LUD,30.9,75.85,subtropical_humid,NASA_POWER_daily_ag,3.902,10.741,1.9365,dewpoint,342.0,29.306
2023-10-05,24.46,32.19,18.63,67.72,0.0,1.26,20.81,97.94,1.8,17.48,LUD,30.9,75.85,subtropical_humid,NASA_POWER_daily_ag,3.907,10.885,1.9975,dewpoint,352.5,29.102
2023-10-06,24.96,32.31,18.82,60.61,0.0,1.02,20.03,97.84,3.02,15.8,LUD,30.9,75.85,subtropical_humid,NASA_POWER_daily_ag,3.814,10.136,1.7952,dewpoint,363.1,28.898
2023-10-07,24.52,31.95,17.89,65.26,0.0,1.16,18.48,97.96,1.2,16.97,LUD,30.9,75.85,subtropical_humid,NASA_POWER_daily_ag,3.608,9.723,1.934,dewpoint,350.4,28.694
2023-10-08,25.68,32.37,19.87,68.35,0.0,1.13,18.27,98.0,2.47,19.04,LUD,30.9,75.85,subtropical_humid,NASA_POWER_daily_ag,3.623,9.929,2.2029,dewpoint,346.2,28.49
2023-10-09,26.18,32.05,21.18,71.15,0.83,1.02,17.07,98.07,13.91,20.21,LUD,30.9,75.85,subtropical_humid,NASA_POWER_daily_ag,3.425,9.555,2.3689,dewpoint,338.8,28.286
2023-10-10,24.95,31.12,20.58,74.74,12.9,1.32,18.31,98.26,10.42,19.67,LUD,30.9,75.85,subtropical_humid,NASA_POWER_daily_ag,3.515,10.006,2.2909,dewpoint,318.8,28.083
2023-10-11,23.9,30.49,18.08,69.53,0.0,1.25,20.11,98.31,0.31,17.35,LUD,30.9,75.85,subtropical_humid,NASA_POWER_daily_ag,3.666,10.327,1.9811,dewpoint,313.5,27.88
2023-10-12,23.99,30.67,18.07,63.55,0.0,0.95,19.28,98.39,0.41,16.05,LUD,30.9,75.85,subtropical_humid,NASA_POWER_daily_ag,3.475,9.649,1.8241,dewpoint,305.1,27.677
2023-10-13,23.88,30.86,18.2,66.43,0.0,1.01,18.39,98.45,0.11,16.59,LUD,30.9,75.85,subtropical_humid,NASA_POWER_daily_ag,3.361,9.342,1.888,dewpoint,298.8,27.474
2023-10-14,24.46,31.65,19.1,67.6,6.88,1.3,15.56,98.39,8.0,17.46,LUD,30.9,75.85,subtropical_humid,NASA_POWER_daily_ag,3.221,8.267,1.9949,dewpoint,305.1,27.273
2023-10-15,23.48,29.39,19.43,69.46,1.33,0.98,16.88,98.25,49.98,17.17,LUD,30.9,75.85,subtropical_humid,NASA_POWER_daily_ag,3.079,8.766,1.9587,dewpoint,319.8,27.072
2023-10-16,21.88,27.51,18.63,79.19,20.6,1.62,11.15,98.36,67.55,17.87,LUD,30.9,75.85,subtropical_humid,NASA_POWER_daily_ag,2.343,6.522,2.0472,dewpoint,308.3,26.871
2023-10-17,20.89,25.74,17.55,82.7,4.73,1.27,13.13,98.71,54.81,17.61,LUD,30.9,75.85,subtropical_humid,NASA_POWER_daily_ag,2.322,7.334,2.0139,dewpoint,271.5,26.672
2023-10-18,19.88,26.29,14.88,79.58,0.45,1.72,18.44,98.79,0.39,15.87,LUD,30.9,75.85,subtropical_humid,NASA_POWER_daily_ag,2.907,9.221,1.8032,dewpoint,263.1,26.474
2023-10-19,20.16,26.85,14.65,70.81,0.0,1.29,18.08,98.7,0.15,14.28,LUD,30.9,75.85,subtropical_humid,NASA_POWER_daily_ag,2.952,8.715,1.6279,dewpoint,272.6,26.276
2023-10-20,20.58,27.37,15.21,66.75,0.0,0.87,18.5,98.77,3.01,13.66,LUD,30.9,75.85,subtropical_humid,NASA_POWER_daily_ag,2.891,8.651,1.5637,dewpoint,265.2,26.08
2023-10-21,21.38,28.2,16.11,64.3,0.0,0.84,16.47,98.81,19.87,13.89,LUD,30.9,75.85,subtropical_humid,NASA_POWER_daily_ag,2.754,7.866,1.5872,dewpoint,261.0,25.885
2023-10-22,21.26,27.64,16.58,70.95,0.11,1.18,12.31,98.82,66.34,15.43,LUD,30.9,75.85,subtropical_humid,NASA_POWER_daily_ag,2.42,6.553,1.7531,dewpoint,260.0,25.691
2023-10-23,21.08,27.49,15.82,76.84,0.0,1.25,17.05,98.7,0.04,16.42,LUD,30.9,75.85,subtropical_humid,NASA_POWER_daily_ag,2.788,8.465,1.8676,dewpoint,272.6,25.499
2023-10-24,22.15,28.21,17.43,70.29,0.01,1.1,17.52,98.63,0.01,16.16,LUD,30.9,75.85,subtropical_humid,NASA_POWER_daily_ag,2.946,8.466,1.837,dewpoint,279.9,25.308
2023-10-25,21.88,28.81,16.64,71.27,0.0,1.22,17.63,98.71,6.56,15.96,LUD,30.9,75.85,subtropical_humid,NASA_POWER_daily_ag,2.957,8.415,1.8136,dewpoint,271.5,25.118
2023-10-26,22.05,30.02,15.46,62.74,0.0,1.37,18.26,98.65,12.83,13.79,LUD,30.9,75.85,subtropical_humid,NASA_POWER_daily_ag,3.221,8.122,1.5769,dewpoint,277.8,24.931
2023-10-27,22.15,29.01,17.71,60.3,0.0,0.95,17.17,98.56,20.87,13.59,LUD,30.9,75.85,subtropical_humid,NASA_POWER_daily_ag,2.878,7.635,1.5566,dewpoint,287.3,24.745
2023-10-28,22.41,28.43,17.84,63.71,0.0,0.94,13.58,98.6,52.19,14.79,LUD,30.9,75.85,subtropical_humid,NASA_POWER_daily_ag,2.542,6.631,1.6824,dewpoint,283.1,24.561
2023-10-29,23.05,29.27,18.86,66.0,0.0,0.84,14.57,98.6,9.13,15.93,LUD,30.9,75.85,subtropical_humid,NASA_POWER_daily_ag,2.586,7.047,1.8102,dewpoint,283.1,24.378
2023-10-30,22.15,28.52,16.99,68.56,0.0,0.97,13.99,98.69,3.22,15.68,LUD,30.9,75.85,subtropical_humid,NASA_POWER_daily_ag,2.502,6.83,1.7815,dewpoint,273.6,24.198
2023-10-31,22.22,28.36,17.73,65.44,0.0,0.96,12.73,98.83,7.08,14.99,LUD,30.9,75.85,subtropical_humid,NASA_POWER_daily_ag,2.411,6.25,1.7042,dewpoint,258.9,24.02
2023-11-01,22.44,29.28,18.05,63.5,0.0,0.93,12.77,98.87,4.02,14.75,LUD,30.9,75.85,subtropical_humid,NASA_POWER_daily_ag,2.416,6.157,1.6781,dewpoint,254.7,23.844
2023-11-02,22.56,28.23,18.82,67.29,0.0,0.83,12.9,98.67,6.38,15.99,LUD,30.9,75.85,subtropical_humid,NASA_POWER_daily_ag,2.326,6.343,1.8171,dewpoint,275.7,23.67
2023-11-03,21.6,26.63,18.4,72.71,0.0,0.85,10.41,98.47,25.77,16.3,LUD,30.9,75.85,subtropical_humid,NASA_POWER_daily_ag,1.984,5.543,1.8534,dewpoint,296.7,23.498
2023-11-04,21.39,28.01,16.62,67.56,0.0,1.05,11.68,98.5,11.49,14.55,LUD,30.9,75.85,subtropical_humid,NASA_POWER_daily_ag,2.256,5.736,1.6566,dewpoint,293.6,23.329
2023-11-05,21.72,28.64,16.97,59.93,0.0,0.88,13.91,98.63,5.5,13.08,LUD,30.9,75.85,subtropical_humid,NASA_POWER_daily_ag,2.416,6.125,1.5056,dewpoint,279.9,23.162
2023-11-06,20.38,26.48,14.92,60.75,0.0,1.09,11.25,98.8,25.64,12.2,LUD,30.9,75.85,subtropical_humid,NASA_POWER_daily_ag,2.251,5.336,1.4212,dewpoint,262.1,22.998
2023-11-07,20.54,26.82,15.91,69.53,0.0,1.22,11.49,98.73,21.2,14.44,LUD,30.9,75.85,subtropical_humid,NASA_POWER_daily_ag,2.189,5.59,1.6448,dewpoint,269.4,22.836
2023-11-08,20.97,27.55,17.1,74.1,0.0,1.2,11.66,98.61,12.09,15.83,LUD,30.9,75.85,subtropical_humid,NASA_POWER_daily_ag,2.131,5.737,1.7986,dewpoint,282.0,22.677
2023-11-09,22.25,28.85,17.97,63.23,0.0,0.94,10.53,98.6,34.63,14.29,LUD,30.9,75.85,subtropical_humid,NASA_POWER_daily_ag,2.163,5.133,1.6289,dewpoint,283.1,22.521
2023-11-10,18.78,21.5,15.65,79.11,8.33,1.57,5.41,98.87,70.28,15.02,LUD,30.9,75.85,subtropical_humid,NASA_POWER_daily_ag,1.486,3.706,1.7075,dewpoint,254.7,22.367
2023-11-11,17.83,24.63,13.02,80.94,0.0,1.61,14.36,99.06,3.19,14.2,LUD,30.9,75.85,subtropical_humid,NASA_POWER_daily_ag,2.057,6.396,1.6195,dewpoint,234.9,22.217
2023-11-12,17.8,25.49,12.0,73.19,0.0,1.68,15.44,99.03,2.69,12.22,LUD,30.9,75.85,subtropical_humid,NASA_POWER_daily_ag,2.336,6.32,1.423,dewpoint,238.0,22.069
2023-11-13,17.85,25.0,13.35,64.89,0.0,1.08,14.5,99.02,11.94,10.63,LUD,30.9,75.85,subtropical_humid,NASA_POWER_daily_ag,2.146,5.737,1.2808,dewpoint,239.0,21.925
2023-11-14,17.77,25.64,12.49,66.7,0.0,1.5,14.05,98.97,6.68,10.93,LUD,30.9,75.85,subtropical_humid,NASA_POWER_daily_ag,2.272,5.633,1.3066,dewpoint,244.3,21.783
2023-11-15,18.08,25.95,11.77,64.3,0.0,1.5,14.19,98.92,4.02,10.64,LUD,30.9,75.85,subtropical_humid,NASA_POWER_daily_ag,2.347,5.586,1.2816,dewpoint,249.5,21.645
2023-11-16,18.98,26.61,13.88,61.65,0.0,1.1,12.61,99.05,24.18,10.96,LUD,30.9,75.85,subtropical_humid,NASA_POWER_daily_ag,2.13,5.132,1.3092,dewpoint,235.9,21.509
2023-11-17,18.96,27.48,13.32,63.47,0.0,1.7,13.97,99.04,31.45,11.21,LUD,30.9,75.85,subtropical_humid,NASA_POWER_daily_ag,2.49,5.417,1.3312,dewpoint,236.9,21.377
2023-11-18,18.72,27.25,13.28,60.94,0.0,1.14,13.16,98.84,14.13,10.22,LUD,30.9,75.85,subtropical_humid,NASA_POWER_daily_ag,2.165,5.06,1.2462,dewpoint,257.9,21.249
2023-11-19,18.94,26.63,14.44,60.02,0.0,0.94,10.89,98.91,8.91,10.45,LUD,30.9,75.85,subtropical_humid,NASA_POWER_daily_ag,1.928,4.568,1.2655,dewpoint,250.6,21.123
2023-11-20,17.67,24.62,13.37,66.55,0.0,1.45,9.61,98.97,10.97,10.93,LUD,30.9,75.85,subtropical_humid,NASA_POWER_daily_ag,1.946,4.382,1.3066,dewpoint,244.3,21.002
2023-11-21,17.01,25.14,11.38,70.11,0.0,1.78,12.67,98.89,9.12,10.97,LUD,30.9,75.85,subtropical_humid,NASA_POWER_daily_ag,2.113,5.07,1.3101,dewpoint,252.7,20.883
2023-11-22,16.33,24.03,9.77,68.73,0.0,1.47,13.96,98.6,9.24,9.78,LUD,30.9,75.85,subtropical_humid,NASA_POWER_daily_ag,2.062,5.237,1.21,dewpoint,283.1,20.768
2023-11-23,17.83,24.86,12.66,55.47,0.0,0.76,12.88,98.59,8.29,8.17,LUD,30.9,75.85,subtropical_humid,NASA_POWER_daily_ag,1.848,4.623,1.0853,dewpoint,284.1,20.657
2023-11-24,16.72,24.29,12.82,61.12,0.0,1.26,13.6,98.83,11.03,8.78,LUD,30.9,75.85,subtropical_humid,NASA_POWER_daily_ag,2.029,4.806,1.1311,dewpoint,258.9,20.549
2023-11-25,17.24,24.39,12.31,64.21,0.0,0.68,8.93,98.93,75.27,9.99,LUD,30.9,75.85,subtropical_humid,NASA_POWER_daily_ag,1.5,4.047,1.2271,dewpoint,248.5,20.445
2023-11-26,16.18,19.91,13.41,67.28,0.0,1.1,8.27,99.03,99.26,10.01,LUD,30.9,75.85,subtropical_humid,NASA_POWER_daily_ag,1.573,3.956,1.2288,dewpoint,238.0,20.345
2023-11-27,16.35,21.52,13.63,69.45,0.0,1.08,4.8,98.84,93.42,10.59,LUD,30.9,75.85,subtropical_humid,NASA_POWER_daily_ag,1.365,3.226,1.2774,dewpoint,257.9,20.248
2023-11-28,16.79,24.89,11.77,66.75,0.0,1.19,9.23,98.76,70.98,9.93,LUD,30.9,75.85,subtropical_humid,NASA_POWER_daily_ag,1.717,4.026,1.2222,dewpoint,266.3,20.156
2023-11-29,18.87,26.29,12.39,61.44,0.05,0.67,11.42,98.74,30.5,10.62,LUD,30.9,75.85,subtropical_humid,NASA_POWER_daily_ag,1.698,4.43,1.2799,dewpoint,268.4,20.067
2023-11-30,17.71,22.17,14.44,77.81,10.91,1.3,5.02,98.85,47.29,13.6,LUD,30.9,75.85,subtropical_humid,NASA_POWER_daily_ag,1.327,3.285,1.5576,dewpoint,256.8,19.982
2023-12-01,17.36,24.37,13.09,74.49,0.27,1.41,11.53,98.92,4.01,12.31,LUD,30.9,75.85,subtropical_humid,NASA_POWER_daily_ag,1.781,4.657,1.4315,dewpoint,249.5,19.9
2023-12-02,17.0,24.19,12.52,67.78,0.0,1.2,12.54,98.94,13.05,10.51,LUD,30.9,75.85,subtropical_humid,NASA_POWER_daily_ag,1.83,4.604,1.2706,dewpoint,247.4,19.823
2023-12-03,16.93,23.47,13.09,59.25,0.0,0.89,12.04,98.95,10.78,8.58,LUD,30.9,75.85,subtropical_humid,NASA_POWER_daily_ag,1.726,4.232,1.1159,dewpoint,246.4,19.75
2023-12-04,16.65,23.45,10.73,61.61,0.12,0.86,9.83,98.88,26.47,8.76,LUD,30.9,75.85,subtropical_humid,NASA_POWER_daily_ag,1.599,3.946,1.1296,dewpoint,253.7,19.681
2023-12-05,16.05,23.0,11.82,64.94,0.0,1.49,12.47,98.84,24.63,9.05,LUD,30.9,75.85,subtropical_humid,NASA_POWER_daily_ag,1.916,4.375,1.1519,dewpoint,257.9,19.615
2023-12-06,15.37,24.43,9.14,62.72,0.0,1.7,13.89,98.88,1.15,7.53,LUD,30.9,75.85,subtropical_humid,NASA_POWER_daily_ag,2.071,4.379,1.0389,dewpoint,253.7,19.554
2023-12-07,15.92,23.86,11.0,56.49,0.0,1.4,13.92,98.82,1.19,6.79,LUD,30.9,75.85,subtropical_humid,NASA_POWER_daily_ag,2.038,4.194,0.9875,dewpoint,260.0,19.497
2023-12-08,14.9,22.83,10.18,55.86,0.0,1.23,13.8,98.75,1.78,5.6,LUD,30.9,75.85,subtropical_humid,NASA_POWER_daily_ag,1.874,4.061,0.9095,dewpoint,267.3,19.444
2023-12-09,14.55,22.62,10.16,58.15,0.0,1.39,12.65,98.81,1.17,5.94,LUD,30.9,75.85,subtropical_humid,NASA_POWER_daily_ag,1.867,3.963,0.9312,dewpoint,261.0,19.395
2023-12-10,13.81,22.47,6.93,58.61,0.0,1.8,13.92,98.6,7.2,5.06,LUD,30.9,75.85,subtropical_humid,NASA_POWER_daily_ag,2.076,4.111,0.876,dewpoint,283.1,19.351
2023-12-11,14.47,22.14,9.34,47.12,0.0,0.86,12.84,98.68,10.4,2.81,LUD,30.9,75.85,subtropical_humid,NASA_POWER_daily_ag,1.649,3.6,0.7476,dewpoint,274.7,19.31
2023-12-12,12.65,20.99,8.2,55.84,0.0,1.2,10.49,98.65,19.4,3.5,LUD,30.9,75.85,subtropical_humid,NASA_POWER_daily_ag,1.631,3.545,0.7851,dewpoint,277.8,19.274
2023-12-13,13.36,21.8,8.9,57.78,0.0,1.34,12.71,98.85,30.9,4.69,LUD,30.9,75.85,subtropical_humid,NASA_POWER_daily_ag,1.759,3.823,0.8536,dewpoint,256.8,19.242
2023-12-14,12.23,20.45,7.17,64.23,0.0,1.66,11.14,98.91,63.23,5.16,LUD,30.9,75.85,subtropical_humid,NASA_POWER_daily_ag,1.689,3.802,0.8821,dewpoint,250.6,19.214
2023-12-15,13.38,20.34,8.78,60.43,0.0,0.94,9.95,99.0,73.31,5.48,LUD,30.9,75.85,subtropical_humid,NASA_POWER_daily_ag,1.453,3.636,0.902,dewpoint,241.1,19.19
2023-12-16,12.58,20.7,8.13,63.42,0.01,1.29,11.35,98.87,16.01,5.08,LUD,30.9,75.85,subtropical_humid,NASA_POWER_daily_ag,1.587,3.763,0.8772,dewpoint,254.7,19.171
2023-12-17,12.76,20.1,9.31,64.14,0.0,1.36,11.19,99.0,2.72,5.76,LUD,30.9,75.85,subtropical_humid,NASA_POWER_daily_ag,1.586,3.794,0.9197,dewpoint,241.1,19.156
2023-12-18,11.59,20.7,5.19,70.38,0.0,1.88,13.5,99.15,6.65,5.57,LUD,30.9,75.85,subtropical_humid,NASA_POWER_daily_ag,1.68,4.179,0.9076,dewpoint,225.4,19.145
2023-12-19,10.81,20.89,4.17,62.83,0.0,1.8,13.53,99.15,3.79,3.08,LUD,30.9,75.85,subtropical_humid,NASA_POWER_daily_ag,1.753,3.877,0.7621,dewpoint,225.4,19.138
2023-12-20,12.06,21.07,6.64,52.03,0.0,1.33,12.9,99.06,25.17,1.8,LUD,30.9,75.85,subtropical_humid,NASA_POWER_daily_ag,1.759,3.552,0.6956,dewpoint,234.9,19.136
2023-12-21,12.57,21.29,7.85,50.04,0.0,1.03,12.3,98.94,44.53,1.99,LUD,30.9,75.85,subtropical_humid,NASA_POWER_daily_ag,1.605,3.477,0.7051,dewpoint,247.4,19.138
2023-12-22,13.07,21.39,7.19,51.86,0.0,0.91,9.06,98.92,74.01,2.92,LUD,30.9,75.85,subtropical_humid,NASA_POWER_daily_ag,1.492,3.334,0.7535,dewpoint,249.5,19.144
2023-12-23,14.4,20.61,9.34,50.8,0.0,0.86,10.95,99.15,48.91,4.11,LUD,30.9,75.85,subtropical_humid,NASA_POWER_daily_ag,1.57,3.571,0.8196,dewpoint,225.4,19.154
2023-12-24,12.98,20.38,9.28,64.22,0.0,1.05,10.06,99.3,52.87,5.99,LUD,30.9,75.85,subtropical_humid,NASA_POWER_daily_ag,1.435,3.669,0.9345,dewpoint,209.8,19.169
2023-12-25,13.24,21.8,6.6,68.63,0.0,1.21,8.83,99.11,64.74,6.85,LUD,30.9,75.85,subtropical_humid,NASA_POWER_daily_ag,1.452,3.612,0.9916,dewpoint,229.6,19.188
2023-12-26,14.19,21.26,8.24,62.57,0.0,0.96,6.5,99.07,90.86,6.65,LUD,30.9,75.85,subtropical_humid,NASA_POWER_daily_ag,1.387,3.267,0.978,dewpoint,233.8,19.211
2023-12-27,13.56,21.31,8.64,64.63,0.0,1.15,8.61,99.23,80.21,6.49,LUD,30.9,75.85,subtropical_humid,NASA_POWER_daily_ag,1.481,3.538,0.9673,dewpoint,217.1,19.239
2023-12-28,12.9,20.82,7.03,62.43,0.0,0.93,5.37,99.06,99.69,5.17,LUD,30.9,75.85,subtropical_humid,NASA_POWER_daily_ag,1.303,3.101,0.8827,dewpoint,234.9,19.271
2023-12-29,12.88,21.38,8.72,58.4,0.0,0.93,6.1,99.14,93.19,4.35,LUD,30.9,75.85,subtropical_humid,NASA_POWER_daily_ag,1.363,3.147,0.8335,dewpoint,226.5,19.307
2023-12-30,12.5,20.66,8.07,59.75,0.0,1.05,4.25,99.03,97.43,4.22,LUD,30.9,75.85,subtropical_humid,NASA_POWER_daily_ag,1.361,2.966,0.8259,dewpoint,238.0,19.347
2023-12-31,12.18,20.11,7.86,60.78,0.0,1.06,4.73,99.03,99.73,4.23,LUD,30.9,75.85,subtropical_humid,NASA_POWER_daily_ag,1.344,3.029,0.8265,dewpoint,238.0,19.391
2024-01-01,10.97,19.4,4.92,66.05,0.0,1.42,2.74,99.03,99.97,4.32,LUD,30.9,75.85,subtropical_humid,NASA_POWER_daily_ag,1.304,2.788,0.8318,dewpoint,238.0,19.44
2024-01-02,10.32,18.99,3.88,66.29,0.0,1.32,4.74,98.96,99.67,3.55,LUD,30.9,75.85,subtropical_humid,NASA_POWER_daily_ag,1.303,3.058,0.7879,dewpoint,245.3,19.492
2024-01-03,11.19,19.68,6.02,61.85,0.0,1.29,5.86,98.96,69.57,3.5,LUD,30.9,75.85,subtropical_humid,NASA_POWER_daily_ag,1.428,3.189,0.7851,dewpoint,245.3,19.549
2024-01-04,10.94,18.55,5.49,60.32,0.0,0.82,6.18,98.97,84.28,2.94,LUD,30.9,75.85,subtropical_humid,NASA_POWER_daily_ag,1.225,3.241,0.7545,dewpoint,244.3,19.61
2024-01-05,11.08,19.54,6.2,64.12,0.0,1.05,3.79,98.99,99.92,4.02,LUD,30.9,75.85,subtropical_humid,NASA_POWER_daily_ag,1.223,2.957,0.8144,dewpoint,242.2,19.675
2024-01-06,10.63,19.03,4.74,69.06,0.0,1.2,4.24,99.13,99.91,4.56,LUD,30.9,75.85,subtropical_humid,NASA_POWER_daily_ag,1.205,3.03,0.8459,dewpoint,227.5,19.745
2024-01-07,10.53,18.62,4.74,69.89,0.0,1.2,4.36,99.18,99.72,4.5,LUD,30.9,75.85,subtropical_humid,NASA_POWER_daily_ag,1.203,3.058,0.8423,dewpoint,222.3,19.818
2024-01-08,11.03,20.34,4.52,65.99,0.0,0.96,3.26,99.14,99.62,3.86,LUD,30.9,75.85,subtropical_humid,NASA_POWER_daily_ag,1.178,2.909,0.8053,dewpoint,226.5,19.895
2024-01-09,10.33,18.93,4.96,66.88,0.0,1.28,3.48,99.19,99.25,3.67,LUD,30.9,75.85,subtropical_humid,NASA_POWER_daily_ag,1.257,2.947,0.7946,dewpoint,221.3,19.976
2024-01-10,9.48,18.79,2.99,67.88,0.0,1.95,5.7,99.04,96.47,2.99,LUD,30.9,75.85,subtropical_humid,NASA_POWER_daily_ag,1.491,3.282,0.7572,dewpoint,236.9,20.062
2024-01-11,9.43,18.82,3.66,61.91,0.0,1.37,7.45,99.04,72.54,1.58,LUD,30.9,75.85,subtropical_humid,NASA_POWER_daily_ag,1.455,3.489,0.6847,dewpoint,236.9,20.151
2024-01-12,10.31,19.73,2.6,57.51,0.0,1.46,5.23,98.92,99.16,1.62,LUD,30.9,75.85,subtropical_humid,NASA_POWER_daily_ag,1.553,3.219,0.6867,dewpoint,249.5,20.244
2024-01-13,12.44,21.83,7.86,48.88,0.0,1.18,7.58,98.87,82.83,1.26,LUD,30.9,75.85,subtropical_humid,NASA_POWER_daily_ag,1.722,3.423,0.6691,dewpoint,254.7,20.341
2024-01-14,10.22,19.15,3.3,51.64,0.0,1.56,6.32,98.92,86.05,0.02,LUD,30.9,75.85,subtropical_humid,NASA_POWER_daily_ag,1.745,3.36,0.6117,dewpoint,249.5,20.442
2024-01-15,10.76,19.54,3.56,48.95,0.0,1.23,7.81,98.86,92.01,-0.29,LUD,30.9,75.85,subtropical_humid,NASA_POWER_daily_ag,1.686,3.542,0.598,dewpoint,255.8,20.546
2024-01-16,11.52,19.7,4.8,49.59,0.0,1.04,6.16,98.65,75.66,0.68,LUD,30.9,75.85,subtropical_humid,NASA_POWER_daily_ag,1.56,3.382,0.6417,dewpoint,277.8,20.654
2024-01-17,11.23,18.18,5.7,56.22,0.0,1.1,7.69,98.68,70.49,2.24,LUD,30.9,75.85,subtropical_humid,NASA_POWER_daily_ag,1.531,3.68,0.7179,dewpoint,274.7,20.766
2024-01-18,11.85,19.5,6.99,59.22,0.0,0.87,6.16,98.86,98.64,3.69,LUD,30.9,75.85,subtropical_humid,NASA_POWER_daily_ag,1.342,3.481,0.7957,dewpoint,255.8,20.882
2024-01-19,12.74,20.58,7.37,54.72,0.0,0.9,5.1,98.95,99.83,3.15,LUD,30.9,75.85,subtropical_humid,NASA_POWER_daily_ag,1.438,3.314,0.7659,dewpoint,246.4,21.001
2024-01-20,11.2,18.79,7.22,58.76,0.0,0.99,5.74,99.05,82.4,3.01,LUD,30.9,75.85,subtropical_humid,NASA_POWER_daily_ag,1.373,3.442,0.7583,dewpoint,235.9,21.124
2024-01-21,10.03,18.8,3.27,59.65,0.0,1.71,6.01,98.99,99.87,1.59,LUD,30.9,75.85,subtropical_humid,NASA_POWER_daily_ag,1.678,3.506,0.6852,dewpoint,242.2,21.25
2024-01-22,10.84,18.34,4.41,51.36,0.0,0.96,7.93,99.07,77.16,0.42,LUD,30.9,75.85,subtropical_humid,NASA_POWER_daily_ag,1.541,3.792,0.6297,dewpoint,233.8,21.38
2024-01-23,10.73,19.27,5.8,52.02,0.0,1.22,8.34,99.01,61.56,0.67,LUD,30.9,75.85,subtropical_humid,NASA_POWER_daily_ag,1.677,3.857,0.6412,dewpoint,240.1,21.513
2024-01-24,9.96,18.67,3.69,56.29,0.0,1.38,5.34,99.01,94.61,0.91,LUD,30.9,75.85,subtropical_humid,NASA_POWER_daily_ag,1.57,3.446,0.6525,dewpoint,240.1,21.65
2024-01-25,10.03,17.91,3.91,54.78,0.0,1.29,7.27,99.21,96.58,0.67,LUD,30.9,75.85,subtropical_humid,NASA_POWER_daily_ag,1.619,3.794,0.6412,dewpoint,219.2,21.789
2024-01-26,12.47,21.38,5.64,52.04,0.0,1.41,10.8,99.29,79.41,2.14,LUD,30.9,75.85,subtropical_humid,NASA_POWER_daily_ag,2.002,4.395,0.7127,dewpoint,210.8,21.932
2024-01-27,13.66,22.48,6.52,56.31,0.0,1.85,13.52,99.09,26.09,4.27,LUD,30.9,75.85,subtropical_humid,NASA_POWER_daily_ag,2.351,5.066,0.8288,dewpoint,231.7,22.079
2024-01-28,15.36,22.94,10.56,49.89,0.0,1.17,10.03,98.88,79.61,4.33,LUD,30.9,75.85,subtropical_humid,NASA_POWER_daily_ag,2.051,4.356,0.8323,dewpoint,253.7,22.228
2024-01-29,13.85,21.89,7.69,52.85,0.0,1.24,9.23,98.99,76.47,3.56,LUD,30.9,75.85,subtropical_humid,NASA_POWER_daily_ag,1.95,4.279,0.7884,dewpoint,242.2,22.38
2024-01-30,14.5,21.96,8.32,53.96,0.0,0.9,9.87,98.82,69.07,4.87,LUD,30.9,75.85,subtropical_humid,NASA_POWER_daily_ag,1.777,4.512,0.8644,dewpoint,260.0,22.535
2024-01-31,14.44,21.8,10.22,63.87,3.88,1.39,8.25,98.69,69.44,7.31,LUD,30.9,75.85,subtropical_humid,NASA_POWER_daily_ag,1.796,4.31,1.0234,dewpoint,273.6,22.693
2024-02-01,12.75,17.9,8.37,83.87,19.4,3.42,4.8,98.68,82.37,9.91,LUD,30.9,75.85,subtropical_humid,NASA_POWER_daily_ag,1.335,3.541,1.2206,dewpoint,274.7,22.854
2024-02-02,11.25,19.97,6.38,67.79,2.01,1.7,12.08,99.17,60.92,4.38,LUD,30.9,75.85,subtropical_humid,NASA_POWER_daily_ag,1.89,5.171,0.8353,dewpoint,223.4,23.018
2024-02-03,12.27,20.43,5.73,54.61,0.69,1.6,6.31,98.97,96.37,2.75,LUD,30.9,75.85,subtropical_humid,NASA_POWER_daily_ag,1.919,3.868,0.7444,dewpoint,244.3,23.184
2024-02-04,13.51,20.27,8.42,74.39,8.83,1.17,2.72,98.83,90.36,8.59,LUD,30.9,75.85,subtropical_humid,NASA_POWER_daily_ag,1.184,3.009,1.1166,dewpoint,258.9,23.353
2024-02-05,11.49,18.82,6.52,68.47,0.67,1.49,13.36,99.01,50.85,4.94,LUD,30.9,75.85,subtropical_humid,NASA_POWER_daily_ag,1.907,5.71,0.8687,dewpoint,240.1,23.525
2024-02-06,10.81,18.17,4.03,51.83,0.0,1.6,16.45,99.16,2.94,0.52,LUD,30.9,75.85,subtropical_humid,NASA_POWER_daily_ag,2.322,6.117,0.6343,dewpoint,224.4,23.699
2024-02-07,11.26,18.71,5.88,50.49,0.0,2.0,12.9,99.25,30.73,0.62,LUD,30.9,75.85,subtropical_humid,NASA_POWER_daily_ag,2.427,5.338,0.6389,dewpoint,215.0,23.875
2024-02-08,9.76,20.54,1.38,54.44,0.0,2.19,19.04,99.04,0.85,-0.39,LUD,30.9,75.85,subtropical_humid,NASA_POWER_daily_ag,2.571,6.702,0.5937,dewpoint,236.9,24.054
2024-02-09,12.94,22.75,4.45,43.05,0.0,1.01,18.67,99.04,1.19,-0.7,LUD,30.9,75.85,subtropical_humid,NASA_POWER_daily_ag,2.39,6.375,0.5804,dewpoint,236.9,24.235
2024-02-10,14.45,22.94,8.44,41.05,0.0,1.08,17.59,99.3,5.82,0.88,LUD,30.9,75.85,subtropical_humid,NASA_POWER_daily_ag,2.506,6.237,0.651,dewpoint,209.8,24.418
2024-02-11,14.28,23.13,7.21,46.83,0.0,1.49,17.39,99.26,5.83,2.34,LUD,30.9,75.85,subtropical_humid,NASA_POWER_daily_ag,2.727,6.508,0.723,dewpoint,214.0,24.603
2024-02-12,14.81,23.41,7.84,48.32,0.0,0.99,11.76,99.12,80.17,3.35,LUD,30.9,75.85,subtropical_humid,NASA_POWER_daily_ag,2.148,5.355,0.7768,dewpoint,228.6,24.79
2024-02-13,15.68,23.44,10.27,47.46,0.0,1.21,14.76,99.06,48.22,3.86,LUD,30.9,75.85,subtropical_humid,NASA_POWER_daily_ag,2.541,6.092,0.8053,dewpoint,234.9,24.979
2024-02-14,15.23,24.09,9.5,52.13,0.0,1.48,17.17,99.06,1.99,4.79,LUD,30.9,75.85,subtropical_humid,NASA_POWER_daily_ag,2.741,6.857,0.8596,dewpoint,234.9,25.17
2024-02-15,15.53,24.65,9.1,45.17,0.0,1.41,18.61,99.11,7.01,2.76,LUD,30.9,75.85,subtropical_humid,NASA_POWER_daily_ag,2.932,6.978,0.745,dewpoint,229.6,25.363
2024-02-16,16.68,25.44,10.24,36.99,0.0,1.06,17.72,99.14,7.53,0.95,LUD,30.9,75.85,subtropical_humid,NASA_POWER_daily_ag,2.809,6.516,0.6543,dewpoint,226.5,25.557
2024-02-17,16.97,24.93,11.05,37.17,0.0,1.31,17.02,98.64,30.19,1.62,LUD,30.9,75.85,subtropical_humid,NASA_POWER_daily_ag,3.032,6.526,0.6867,dewpoint,278.9,25.752
2024-02-18,16.32,22.49,10.45,47.22,0.01,2.03,11.4,98.37,77.0,4.54,LUD,30.9,75.85,subtropical_humid,NASA_POWER_daily_ag,3.007,5.603,0.8447,dewpoint,307.2,25.95
2024-02-19,18.5,25.47,13.63,49.18,1.45,4.41,14.58,98.0,67.06,6.52,LUD,30.9,75.85,subtropical_humid,NASA_POWER_daily_ag,4.674,6.526,0.9693,dewpoint,346.2,26.148
2024-02-20,16.4,25.1,10.99,63.2,0.35,2.51,16.46,98.15,30.2,7.82,LUD,30.9,75.85,subtropical_humid,NASA_POWER_daily_ag,3.203,7.374,1.0597,dewpoint,330.4,26.348
2024-02-21,15.25,23.48,10.03,57.42,0.05,1.45,16.99,98.29,35.4,5.41,LUD,30.9,75.85,subtropical_humid,NASA_POWER_daily_ag,2.786,7.373,0.8976,dewpoint,315.6,26.549
2024-02-22,14.84,23.09,9.46,47.33,0.05,1.72,19.23,98.58,0.48,2.81,LUD,30.9,75.85,subtropical_humid,NASA_POWER_daily_ag,3.175,7.746,0.7476,dewpoint,285.2,26.751
2024-02-23,14.41,22.8,8.32,40.91,0.0,1.56,19.64,98.76,4.06,0.14,LUD,30.9,75.85,subtropical_humid,NASA_POWER_daily_ag,3.19,7.631,0.6171,dewpoint,266.3,26.954
2024-02-24,14.8,22.28,9.46,35.59,0.0,1.39,18.15,98.81,24.62,-1.0,LUD,30.9,75.85,subtropical_humid,NASA_POWER_daily_ag,3.101,7.178,0.5678,dewpoint,261.0,27.158
2024-02-25,14.17,23.13,7.53,42.3,0.07,1.36,18.98,99.05,30.37,0.51,LUD,30.9,75.85,subtropical_humid,NASA_POWER_daily_ag,3.002,7.671,0.6338,dewpoint,235.9,27.363
2024-02-26,13.68,20.85,7.99,45.31,0.0,1.05,18.33,99.04,71.69,1.38,LUD,30.9,75.85,subtropical_humid,NASA_POWER_daily_ag,2.698,7.763,0.6749,dewpoint,236.9,27.569
2024-02-27,13.88,19.96,9.52,49.43,0.01,0.91,12.06,99.05,68.76,3.08,LUD,30.9,75.85,subtropical_humid,NASA_POWER_daily_ag,2.185,6.15,0.7621,dewpoint,235.9,27.775
2024-02-28,15.56,25.51,7.58,47.69,0.0,1.95,20.22,98.77,0.57,3.4,LUD,30.9,75.85,subtropical_humid,NASA_POWER_daily_ag,3.538,8.492,0.7795,dewpoint,265.2,27.982
2024-02-29,16.65,26.19,9.02,52.96,0.0,1.67,19.93,98.66,31.44,5.92,LUD,30.9,75.85,subtropical_humid,NASA_POWER_daily_ag,3.397,8.751,0.9299,dewpoint,276.8,28.189
2024-03-01,17.72,25.1,13.34,56.59,4.7,1.88,9.22,98.53,97.05,8.37,LUD,30.9,75.85,subtropical_humid,NASA_POWER_daily_ag,2.725,5.504,1.1001,dewpoint,290.4,28.396
2024-03-02,17.43,21.39,13.59,75.14,14.59,4.55,10.55,98.01,86.26,12.67,LUD,30.9,75.85,subtropical_humid,NASA_POWER_daily_ag,2.76,6.285,1.4657,dewpoint,345.1,28.604
2024-03-03,12.68,21.59,5.96,52.21,0.71,2.37,20.8,98.37,2.39,0.63,LUD,30.9,75.85,subtropical_humid,NASA_POWER_daily_ag,3.509,8.868,0.6394,dewpoint,307.2,28.812
2024-03-04,11.63,20.37,5.13,43.42,0.89,1.47,20.79,98.88,19.36,-1.99,LUD,30.9,75.85,subtropical_humid,NASA_POWER_daily_ag,3.06,8.71,0.5278,dewpoint,253.7,29.021
2024-03-05,12.56,20.68,4.84,45.0,0.0,1.71,13.72,98.89,59.42,-0.14,LUD,30.9,75.85,subtropical_humid,NASA_POWER_daily_ag,2.847,6.842,0.6046,dewpoint,252.7,29.229
2024-03-06,13.92,22.35,6.69,44.13,0.0,1.57,21.14,98.69,7.11,0.9,LUD,30.9,75.85,subtropical_humid,NASA_POWER_daily_ag,3.374,9.133,0.652,dewpoint,273.6,29.437
2024-03-07,16.11,24.98,9.29,45.38,0.17,1.23,20.39,98.7,22.81,2.94,LUD,30.9,75.85,subtropical_humid,NASA_POWER_daily_ag,3.329,8.986,0.7545,dewpoint,272.6,29.645
2024-03-08,16.48,25.13,9.74,47.01,0.04,1.59,21.42,98.79,2.66,4.0,LUD,30.9,75.85,subtropical_humid,NASA_POWER_daily_ag,3.659,9.495,0.8133,dewpoint,263.1,29.853
2024-03-09,17.62,27.49,9.01,45.87,0.0,1.8,22.64,98.72,8.79,4.58,LUD,30.9,75.85,subtropical_humid,NASA_POWER_daily_ag,4.051,9.952,0.8471,dewpoint,270.5,30.06
2024-03-10,19.19,26.69,11.74,39.39,0.0,1.14,15.28,98.67,90.43,4.15,LUD,30.9,75.85,subtropical_humid,NASA_POWER_daily_ag,3.262,7.534,0.8219,dewpoint,275.7,30.267
2024-03-11,20.61,29.28,14.22,37.55,0.0,1.24,18.94,98.8,32.58,4.36,LUD,30.9,75.85,subtropical_humid,NASA_POWER_daily_ag,3.792,8.573,0.8341,dewpoint,262.1,30.473
2024-03-12,20.99,28.71,14.88,40.85,0.06,1.49,21.07,98.65,9.95,6.39,LUD,30.9,75.85,subtropical_humid,NASA_POWER_daily_ag,4.192,9.602,0.9607,dewpoint,277.8,30.679
2024-03-13,20.22,26.8,15.24,42.23,0.35,1.11,7.47,98.38,70.65,6.27,LUD,30.9,75.85,subtropical_humid,NASA_POWER_daily_ag,2.634,5.139,0.9527,dewpoint,306.2,30.884
2024-03-14,19.27,27.77,12.04,50.15,0.07,1.53,21.97,98.71,5.57,7.6,LUD,30.9,75.85,subtropical_humid,NASA_POWER_daily_ag,4.009,10.386,1.0439,dewpoint,271.5,31.089
2024-03-15,19.1,29.8,10.38,46.84,0.0,2.16,23.4,98.58,6.84,5.48,LUD,30.9,75.85,subtropical_humid,NASA_POWER_daily_ag,4.634,10.568,0.902,dewpoint,285.2,31.292
2024-03-16,19.68,29.94,12.26,36.93,0.0,1.34,23.06,98.71,9.43,2.41,LUD,30.9,75.85,subtropical_humid,NASA_POWER_daily_ag,4.207,9.939,0.7266,dewpoint,271.5,31.495
2024-03-17,20.66,30.82,12.32,38.39,0.0,1.75,18.48,98.65,71.54,4.51,LUD,30.9,75.85,subtropical_humid,NASA_POWER_daily_ag,4.312,8.786,0.8429,dewpoint,277.8,31.697
2024-03-18,21.93,31.49,13.79,38.31,0.0,1.52,22.49,98.48,3.01,5.64,LUD,30.9,75.85,subtropical_humid,NASA_POWER_daily_ag,4.592,10.239,0.9121,dewpoint,295.7,31.897
2024-03-19,22.79,31.45,15.69,38.27,0.0,1.31,22.58,98.49,4.68,6.84,LUD,30.9,75.85,subtropical_humid,NASA_POWER_daily_ag,4.498,10.445,0.9909,dewpoint,294.6,32.097
2024-03-20,24.01,33.46,15.3,37.16,0.0,1.71,23.11,98.52,27.61,6.94,LUD,30.9,75.85,subtropical_humid,NASA_POWER_daily_ag,5.131,10.616,0.9977,dewpoint,291.5,32.295
2024-03-21,23.85,33.04,16.61,34.87,0.01,1.89,20.17,98.36,65.47,5.8,LUD,30.9,75.85,subtropical_humid,NASA_POWER_daily_ag,5.085,9.478,0.9222,dewpoint,308.3,32.492
2024-03-22,23.8,32.74,15.95,43.72,0.53,1.7,20.88,98.2,37.21,9.43,LUD,30.9,75.85,subtropical_humid,NASA_POWER_daily_ag,4.793,10.353,1.1818,dewpoint,325.1,32.688
2024-03-23,24.76,34.83,16.45,42.01,0.03,2.22,22.44,98.05,44.97,8.75,LUD,30.9,75.85,subtropical_humid,NASA_POWER_daily_ag,5.62,10.759,1.1288,dewpoint,340.9,32.882
2024-03-24,23.59,31.06,18.26,39.94,0.11,1.8,15.02,98.25,52.79,8.14,LUD,30.9,75.85,subtropical_humid,NASA_POWER_daily_ag,4.391,8.105,1.083,dewpoint,319.8,33.075
2024-03-25,23.84,33.13,16.33,39.73,0.0,1.95,24.26,98.43,5.88,8.06,LUD,30.9,75.85,subtropical_humid,NASA_POWER_daily_ag,5.443,11.488,1.0772,dewpoint,300.9,33.266
2024-03-26,25.9,36.42,16.38,39.21,0.01,1.78,15.14,98.27,87.19,9.2,LUD,30.9,75.85,subtropical_humid,NASA_POWER_daily_ag,4.712,8.22,1.1637,dewpoint,317.7,33.456
2024-03-27,25.59,33.29,20.47,44.11,3.15,1.77,14.41,98.55,88.45,11.47,LUD,30.9,75.85,subtropical_humid,NASA_POWER_daily_ag,4.413,8.167,1.3543,dewpoint,288.3,33.644
2024-03-28,25.22,34.32,19.33,55.72,0.46,2.88,16.49,98.36,80.88,14.58,LUD,30.9,75.85,subtropical_humid,NASA_POWER_daily_ag,5.033,9.387,1.6598,dewpoint,308.3,33.83
2024-03-29,27.15,35.72,18.22,54.45,0.76,1.67,19.24,98.16,65.39,15.29,LUD,30.9,75.85,subtropical_humid,NASA_POWER_daily_ag,4.884,10.716,1.7374,dewpoint,329.3,34.015
2024-03-30,25.52,31.68,20.4,58.4,15.62,1.35,19.69,98.17,74.01,16.1,LUD,30.9,75.85,subtropical_humid,NASA_POWER_daily_ag,4.37,11.144,1.8299,dewpoint,328.3,34.197
2024-03-31,25.12,33.03,19.55,46.48,0.05,2.13,23.41,98.36,31.54,11.36,LUD,30.9,75.85,subtropical_humid,NASA_POWER_daily_ag,5.623,11.943,1.3445,dewpoint,308.3,34.378
2024-04-01,23.0,31.15,16.2,41.54,0.03,2.05,22.3,98.1,73.46,7.7,LUD,30.9,75.85,subtropical_humid,NASA_POWER_daily_ag,5.304,11.156,1.051,dewpoint,335.6,34.557
2024-04-02,24.06,32.93,16.65,36.51,0.0,1.9,25.52,97.96,26.18,6.43,LUD,30.9,75.85,subtropical_humid,NASA_POWER_daily_ag,5.747,12.1,0.9633,dewpoint,350.4,34.734
2024-04-03,27.0,35.88,17.44,32.96,0.0,1.03,19.94,98.04,72.35,7.51,LUD,30.9,75.85,subtropical_humid,NASA_POWER_daily_ag,4.612,10.093,1.0375,dewpoint,342.0,34.909
2024-04-04,25.77,33.74,20.25,34.29,0.01,1.75,22.87,98.11,34.56,7.61,LUD,30.9,75.85,subtropical_humid,NASA_POWER_daily_ag,5.592,11.219,1.0446,dewpoint,334.6,35.082
2024-04-05,25.21,34.83,16.96,35.5,0.0,2.38,24.48,98.06,22.87,6.77,LUD,30.9,75.85,subtropical_humid,NASA_POWER_daily_ag,6.347,11.808,0.9861,dewpoint,339.9,35.252
2024-04-06,24.88,34.06,17.79,32.83,0.0,1.86,26.19,98.03,1.76,5.28,LUD,30.9,75.85,subtropical_humid,NASA_POWER_daily_ag,5.994,12.227,0.8895,dewpoint,343.0,35.421
2024-04-07,26.23,35.86,19.05,28.6,0.0,1.66,26.36,98.01,2.43,5.1,LUD,30.9,75.85,subtropical_humid,NASA_POWER_daily_ag,6.002,12.14,0.8784,dewpoint,345.1,35.587
2024-04-08,26.86,35.88,19.62,27.87,0.0,1.59,25.96,98.12,2.9,5.11,LUD,30.9,75.85,subtropical_humid,NASA_POWER_daily_ag,5.989,12.021,0.879,dewpoint,333.5,35.751
2024-04-09,27.71,36.77,20.19,24.89,0.0,1.34,22.66,98.16,57.51,4.33,LUD,30.9,75.85,subtropical_humid,NASA_POWER_daily_ag,5.466,10.733,0.8323,dewpoint,329.3,35.913
2024-04-10,27.88,36.99,18.67,27.82,0.0,1.2,24.13,98.18,27.64,6.01,LUD,30.9,75.85,subtropical_humid,NASA_POWER_daily_ag,5.457,11.596,0.9358,dewpoint,327.2,36.073
2024-04-11,28.57,37.43,21.24,31.2,0.0,1.77,20.34,98.33,59.6,8.45,LUD,30.9,75.85,subtropical_humid,NASA_POWER_daily_ag,5.844,10.478,1.1061,dewpoint,311.4,36.23
2024-04-12,28.84,37.94,20.32,31.28,0.0,0.96,23.21,98.21,64.7,8.4,LUD,30.9,75.85,subtropical_humid,NASA_POWER_daily_ag,5.134,11.61,1.1023,dewpoint,324.1,36.385
2024-04-13,29.01,37.99,22.49,35.48,0.49,1.77,11.56,98.16,91.83,11.17,LUD,30.9,75.85,subtropical_humid,NASA_POWER_daily_ag,4.798,7.302,1.3276,dewpoint,329.3,36.537
2024-04-14,24.93,30.17,19.93,53.64,0.24,2.52,10.98,98.46,94.88,14.42,LUD,30.9,75.85,subtropical_humid,NASA_POWER_daily_ag,4.244,7.304,1.6427,dewpoint,297.8,36.687
2024-04-15,27.64,34.86,22.05,46.9,1.85,1.84,13.57,98.3,84.37,14.62,LUD,30.9,75.85,subtropical_humid,NASA_POWER_daily_ag,4.588,8.454,1.6641,dewpoint,314.6,36.835
2024-04-16,27.71,34.93,22.4,43.33,0.03,2.52,24.2,98.3,40.72,13.12,LUD,30.9,75.85,subtropical_humid,NASA_POWER_daily_ag,6.625,13.027,1.5096,dewpoint,314.6,36.98
2024-04-17,26.18,35.05,17.25,40.37,0.0,2.44,24.97,98.07,62.03,9.47,LUD,30.9,75.85,subtropical_humid,NASA_POWER_daily_ag,6.616,12.92,1.185,dewpoint,338.8,37.123
2024-04-18,29.2,37.4,21.95,32.53,0.45,1.31,21.68,97.89,61.81,9.89,LUD,30.9,75.85,subtropical_humid,NASA_POWER_daily_ag,5.516,11.417,1.2189,dewpoint,357.8,37.264
2024-04-19,28.9,37.89,21.96,33.57,0.57,3.02,17.85,97.54,72.86,10.25,LUD,30.9,75.85,subtropical_humid,NASA_POWER_daily_ag,6.992,9.931,1.2487,dewpoint,394.8,37.401
2024-04-20,26.99,35.03,19.32,45.68,2.77,2.16,25.49,97.74,14.3,12.63,LUD,30.9,75.85,subtropical_humid,NASA_POWER_daily_ag,6.394,13.744,1.4619,dewpoint,373.6,37.537
2024-04-21,28.38,36.41,20.32,38.9,0.02,1.61,26.71,97.78,6.79,11.53,LUD,30.9,75.85,subtropical_humid,NASA_POWER_daily_ag,6.351,13.992,1.3597,dewpoint,369.4,37.67
2024-04-22,28.83,36.69,21.84,33.72,0.08,2.06,24.44,97.87,39.57,9.33,LUD,30.9,75.85,subtropical_humid,NASA_POWER_daily_ag,6.749,12.596,1.1739,dewpoint,359.9,37.8
2024-04-23,28.77,36.96,20.91,35.69,0.41,1.81,20.11,97.85,59.77,10.24,LUD,30.9,75.85,subtropical_humid,NASA_POWER_daily_ag,5.921,11.003,1.2479,dewpoint,362.0,37.928
2024-04-24,28.33,35.78,21.68,34.54,0.26,1.34,25.49,97.81,11.44,10.04,LUD,30.9,75.85,subtropical_humid,NASA_POWER_daily_ag,5.945,13.259,1.2313,dewpoint,366.2,38.053
2024-04-25,30.27,38.8,22.0,32.7,0.01,2.27,26.9,97.79,3.2,10.62,LUD,30.9,75.85,subtropical_humid,NASA_POWER_daily_ag,7.514,13.831,1.2799,dewpoint,368.3,38.176
2024-04-26,31.92,39.51,24.19,28.37,0.35,0.9,24.01,97.63,41.04,9.73,LUD,30.9,75.85,subtropical_humid,NASA_POWER_daily_ag,5.569,12.402,1.2059,dewpoint,385.3,38.296
2024-04-27,29.79,37.68,23.25,37.42,3.11,3.19,21.09,97.76,47.32,12.53,LUD,30.9,75.85,subtropical_humid,NASA_POWER_daily_ag,7.552,11.738,1.4523,dewpoint,371.5,38.414
2024-04-28,29.44,36.11,22.71,36.24,0.95,1.17,20.59,97.9,66.64,11.9,LUD,30.9,75.85,subtropical_humid,NASA_POWER_daily_ag,5.271,11.513,1.3933,dewpoint,356.7,38.529
2024-04-29,25.35,32.64,19.96,47.82,5.41,3.23,11.71,97.98,76.46,12.79,LUD,30.9,75.85,subtropical_humid,NASA_POWER_daily_ag,5.237,7.738,1.4773,dewpoint,348.3,38.641
2024-04-30,26.27,34.98,18.84,39.21,0.0,2.8,26.86,97.8,46.94,9.2,LUD,30.9,75.85,subtropical_humid,NASA_POWER_daily_ag,7.259,14.001,1.1637,dewpoint,367.3,38.751
2024-05-01,24.02,31.88,16.37,36.91,0.0,2.95,27.73,97.63,20.19,6.26,LUD,30.9,75.85,subtropical_humid,NASA_POWER_daily_ag,7.164,14.145,0.9521,dewpoint,385.3,38.859
2024-05-02,27.06,36.38,18.46,28.93,0.03,2.59,28.63,97.71,20.13,5.83,LUD,30.9,75.85,subtropical_humid,NASA_POWER_daily_ag,7.674,14.115,0.9242,dewpoint,376.8,38.964
2024-05-03,28.58,37.43,19.6,26.98,0.0,2.1,18.01,97.79,79.46,5.65,LUD,30.9,75.85,subtropical_humid,NASA_POWER_daily_ag,6.319,9.896,0.9127,dewpoint,368.3,39.066
2024-05-04,30.31,37.95,23.88,28.99,0.0,3.24,24.23,97.83,29.86,9.6,LUD,30.9,75.85,subtropical_humid,NASA_POWER_daily_ag,8.436,12.739,1.1954,dewpoint,364.1,39.166
2024-05-05,30.98,40.15,22.19,32.47,0.0,3.22,27.59,97.45,0.55,10.87,LUD,30.9,75.85,subtropical_humid,NASA_POWER_daily_ag,8.861,14.374,1.3014,dewpoint,404.3,39.263
2024-05-06,32.57,41.39,24.37,30.11,0.0,2.0,27.22,97.53,9.3,11.28,LUD,30.9,75.85,subtropical_humid,NASA_POWER_daily_ag,7.69,14.173,1.3373,dewpoint,395.8,39.358
2024-05-07,34.44,42.48,27.13,22.89,0.0,1.49,27.3,97.71,33.84,8.74,LUD,30.9,75.85,subtropical_humid,NASA_POWER_daily_ag,7.234,13.541,1.1281,dewpoint,376.8,39.451
2024-05-08,35.36,42.88,26.41,20.35,0.0,1.16,26.33,97.65,29.04,8.28,LUD,30.9,75.85,subtropical_humid,NASA_POWER_daily_ag,6.669,13.116,1.0934,dewpoint,383.1,39.541
2024-05-09,33.5,41.0,25.6,25.66,0.0,2.46,24.27,97.66,24.8,10.62,LUD,30.9,75.85,subtropical_humid,NASA_POWER_daily_ag,8.182,12.844,1.2799,dewpoint,382.1,39.628
2024-05-10,34.55,42.68,26.57,28.21,0.39,2.64,21.56,97.72,46.39,12.5,LUD,30.9,75.85,subtropical_humid,NASA_POWER_daily_ag,8.201,11.924,1.4495,dewpoint,375.7,39.713
2024-05-11,33.54,39.85,28.5,34.07,2.96,2.0,19.75,97.98,55.51,14.68,LUD,30.9,75.85,subtropical_humid,NASA_POWER_daily_ag,6.767,11.477,1.6705,dewpoint,348.3,39.796
2024-05-12,32.8,40.03,25.9,33.5,0.25,1.28,22.51,97.98,60.25,13.7,LUD,30.9,75.85,subtropical_humid,NASA_POWER_daily_ag,6.112,12.66,1.5677,dewpoint,348.3,39.876
2024-05-13,32.72,40.63,25.39,27.24,0.76,2.26,27.69,98.08,32.43,9.19,LUD,30.9,75.85,subtropical_humid,NASA_POWER_daily_ag,8.237,14.076,1.1629,dewpoint,337.7,39.953
2024-05-14,32.18,40.73,22.97,20.5,0.0,2.07,29.06,98.05,10.31,4.58,LUD,30.9,75.85,subtropical_humid,NASA_POWER_daily_ag,8.133,13.866,0.8471,dewpoint,340.9,40.029
2024-05-15,34.76,43.56,26.09,18.08,0.0,1.63,27.05,97.97,12.4,5.79,LUD,30.9,75.85,subtropical_humid,NASA_POWER_daily_ag,7.524,13.055,0.9216,dewpoint,349.3,40.102
2024-05-16,35.79,44.45,27.1,19.68,0.0,2.06,25.17,97.9,44.73,7.81,LUD,30.9,75.85,subtropical_humid,NASA_POWER_daily_ag,8.18,12.636,1.059,dewpoint,356.7,40.172
2024-05-17,37.25,46.0,28.32,23.31,0.0,2.72,21.76,97.59,46.65,10.75,LUD,30.9,75.85,subtropical_humid,NASA_POWER_daily_ag,9.017,11.685,1.2911,dewpoint,389.5,40.24
2024-05-18,37.78,45.77,29.37,21.69,0.0,2.97,26.77,97.3,18.47,10.84,LUD,30.9,75.85,subtropical_humid,NASA_POWER_daily_ag,10.122,13.72,1.2988,dewpoint,420.2,40.306
2024-05-19,37.35,45.54,29.0,24.07,0.0,2.64,26.58,97.16,17.85,11.89,LUD,30.9,75.85,subtropical_humid,NASA_POWER_daily_ag,9.457,13.9,1.3924,dewpoint,435.1,40.37
2024-05-20,38.59,46.1,31.49,19.09,0.0,2.23,26.01,97.23,30.14,9.58,LUD,30.9,75.85,subtropical_humid,NASA_POWER_daily_ag,8.963,13.101,1.1938,dewpoint,427.6,40.431
2024-05-21,37.64,45.6,29.14,18.41,0.01,2.26,26.62,97.36,14.91,8.44,LUD,30.9,75.85,subtropical_humid,NASA_POWER_daily_ag,8.979,13.255,1.1053,dewpoint,413.8,40.49
2024-05-22,38.0,45.68,29.11,18.52,0.0,1.63,25.75,97.33,27.18,8.53,LUD,30.9,75.85,subtropical_humid,NASA_POWER_daily_ag,7.794,12.951,1.1121,dewpoint,417.0,40.547
2024-05-23,37.18,44.11,29.88,20.41,0.14,2.24,24.47,97.3,23.99,10.35,LUD,30.9,75.85,subtropical_humid,NASA_POWER_daily_ag,8.588,12.82,1.2571,dewpoint,420.2,40.601
2024-05-24,37.27,43.75,30.32,24.45,0.89,1.86,23.81,97.29,34.85,12.92,LUD,30.9,75.85,subtropical_humid,NASA_POWER_daily_ag,7.834,13.002,1.49,dewpoint,421.3,40.653
2024-05-25,37.74,45.52,30.32,21.71,0.32,3.09,27.68,97.15,21.63,10.71,LUD,30.9,75.85,subtropical_humid,NASA_POWER_daily_ag,10.431,14.135,1.2876,dewpoint,436.1,40.703
2024-05-26,38.0,47.03,29.35,19.5,0.0,2.42,27.99,96.98,18.3,9.22,LUD,30.9,75.85,subtropical_humid,NASA_POWER_daily_ag,9.462,13.931,1.1652,dewpoint,454.2,40.751
2024-05-27,38.74,47.51,29.93,14.67,0.0,2.42,29.38,96.71,18.04,4.89,LUD,30.9,75.85,subtropical_humid,NASA_POWER_daily_ag,9.746,13.533,0.8656,dewpoint,482.9,40.796
2024-05-28,39.16,47.87,30.56,11.79,0.0,2.13,29.38,96.49,23.46,2.44,LUD,30.9,75.85,subtropical_humid,NASA_POWER_daily_ag,9.211,13.028,0.7282,dewpoint,506.4,40.84
2024-05-29,39.32,47.88,29.34,10.3,0.0,2.0,27.88,96.57,34.02,1.7,LUD,30.9,75.85,subtropical_humid,NASA_POWER_daily_ag,8.835,12.495,0.6906,dewpoint,497.8,40.881
2024-05-30,38.69,47.88,29.94,9.42,0.0,2.28,28.7,96.92,15.5,-0.57,LUD,30.9,75.85,subtropical_humid,NASA_POWER_daily_ag,9.355,12.337,0.5859,dewpoint,460.6,40.92
2024-05-31,38.82,47.24,28.58,9.61,0.04,1.45,27.56,97.1,26.89,-0.04,LUD,30.9,75.85,subtropical_humid,NASA_POWER_daily_ag,7.595,12.199,0.609,dewpoint,441.4,40.957
2024-06-01,39.18,46.65,31.14,14.31,0.0,1.98,23.65,97.21,60.91,6.46,LUD,30.9,75.85,subtropical_humid,NASA_POWER_daily_ag,8.371,11.817,0.9653,dewpoint,429.8,40.992
2024-06-02,38.27,45.78,30.76,18.45,0.24,2.89,25.74,97.35,39.08,9.03,LUD,30.9,75.85,subtropical_humid,NASA_POWER_daily_ag,10.079,13.08,1.1504,dewpoint,414.9,41.024
2024-06-03,38.86,46.15,30.95,16.03,0.02,2.11,25.94,97.22,44.38,8.0,LUD,30.9,75.85,subtropical_humid,NASA_POWER_daily_ag,8.847,12.959,1.0728,dewpoint,428.7,41.055
2024-06-04,39.23,45.93,30.81,18.0,0.0,2.52,25.18,97.21,49.85,9.81,LUD,30.9,75.85,subtropical_humid,NASA_POWER_daily_ag,9.548,13.009,1.2124,dewpoint,429.8,41.083
2024-06-05,38.47,44.49,32.05,20.76,4.35,2.28,22.36,97.3,70.65,11.32,LUD,30.9,75.85,subtropical_humid,NASA_POWER_daily_ag,8.602,12.133,1.3409,dewpoint,420.2,41.11
2024-06-06,35.16,41.09,29.28,33.82,2.02,2.15,23.58,97.69,62.96,16.22,LUD,30.9,75.85,subtropical_humid,NASA_POWER_daily_ag,7.778,13.686,1.844,dewpoint,378.9,41.134
2024-06-07,35.85,42.67,29.54,29.35,0.31,2.38,23.66,97.45,40.25,14.26,LUD,30.9,75.85,subtropical_humid,NASA_POWER_daily_ag,8.34,13.325,1.6258,dewpoint,404.3,41.157
2024-06-08,35.39,42.78,29.84,25.3,0.0,3.31,17.37,97.35,72.14,11.79,LUD,30.9,75.85,subtropical_humid,NASA_POWER_daily_ag,8.908,10.205,1.3833,dewpoint,414.9,41.177
2024-06-09,35.89,43.82,27.01,19.16,0.0,3.07,29.06,97.29,11.77,7.05,LUD,30.9,75.85,subtropical_humid,NASA_POWER_daily_ag,10.357,14.303,1.0053,dewpoint,421.3,41.195
2024-06-10,36.54,44.46,28.93,16.24,0.0,2.13,27.16,97.28,36.01,5.85,LUD,30.9,75.85,subtropical_humid,NASA_POWER_daily_ag,8.719,13.247,0.9254,dewpoint,422.3,41.212
2024-06-11,37.43,45.33,29.4,14.93,0.0,1.99,27.45,97.22,18.47,5.45,LUD,30.9,75.85,subtropical_humid,NASA_POWER_daily_ag,8.621,13.219,0.9001,dewpoint,428.7,41.226
2024-06-12,38.67,46.78,30.01,15.15,0.0,1.97,28.27,97.14,17.65,6.71,LUD,30.9,75.85,subtropical_humid,NASA_POWER_daily_ag,8.841,13.647,0.9821,dewpoint,437.2,41.238
2024-06-13,39.36,47.09,30.37,17.59,0.0,3.34,26.47,97.03,41.32,9.66,LUD,30.9,75.85,subtropical_humid,NASA_POWER_daily_ag,11.133,13.5,1.2003,dewpoint,448.9,41.248
2024-06-14,40.03,46.65,32.62,19.79,0.0,3.64,26.48,96.99,45.42,11.98,LUD,30.9,75.85,subtropical_humid,NASA_POWER_daily_ag,11.66,13.895,1.4007,dewpoint,453.1,41.257
2024-06-15,40.52,47.39,34.05,19.53,0.0,3.85,25.42,96.98,63.79,12.11,LUD,30.9,75.85,subtropical_humid,NASA_POWER_daily_ag,11.964,13.397,1.4128,dewpoint,454.2,41.263
2024-06-16,40.03,47.39,32.34,20.25,0.0,3.52,26.13,97.03,56.15,12.11,LUD,30.9,75.85,subtropical_humid,NASA_POWER_daily_ag,11.414,13.755,1.4128,dewpoint,448.9,41.268
2024-06-17,40.85,47.87,32.99,20.74,0.0,3.58,25.98,97.03,63.18,13.41,LUD,30.9,75.85,subtropical_humid,NASA_POWER_daily_ag,11.621,13.913,1.5384,dewpoint,448.9,41.27
2024-06-18,40.88,47.25,34.16,21.97,0.58,3.75,25.62,96.81,52.65,14.28,LUD,30.9,75.85,subtropical_humid,NASA_POWER_daily_ag,11.784,13.927,1.6279,dewpoint,472.3,41.271
2024-06-19,40.92,46.87,34.46,23.38,0.44,3.36,24.74,96.56,46.23,15.32,LUD,30.9,75.85,subtropical_humid,NASA_POWER_daily_ag,10.985,13.758,1.7408,dewpoint,498.9,41.269
2024-06-20,38.38,43.74,32.53,27.78,4.05,0.76,16.93,96.8,87.78,15.34,LUD,30.9,75.85,subtropical_humid,NASA_POWER_daily_ag,5.038,10.321,1.743,dewpoint,473.3,41.266
2024-06-21,35.47,40.35,31.75,32.5,2.71,1.44,15.92,97.13,73.37,16.07,LUD,30.9,75.85,subtropical_humid,NASA_POWER_daily_ag,5.711,9.981,1.8264,dewpoint,438.2,41.26
2024-06-22,36.01,42.41,29.26,32.07,0.0,1.81,23.0,97.12,37.02,15.79,LUD,30.9,75.85,subtropical_humid,NASA_POWER_daily_ag,7.401,13.323,1.794,dewpoint,439.3,41.253
2024-06-23,37.34,43.87,30.63,27.87,0.28,1.19,23.76,97.17,49.27,14.98,LUD,30.9,75.85,subtropical_humid,NASA_POWER_daily_ag,6.737,13.448,1.7032,dewpoint,434.0,41.244
2024-06-24,38.49,44.98,31.65,24.73,0.17,1.08,23.4,96.99,30.39,13.91,LUD,30.9,75.85,subtropical_humid,NASA_POWER_daily_ag,6.593,13.029,1.5893,dewpoint,453.1,41.233
2024-06-25,38.18,44.68,31.3,29.07,0.4,1.57,22.63,96.92,50.51,16.36,LUD,30.9,75.85,subtropical_humid,NASA_POWER_daily_ag,7.276,13.124,1.8605,dewpoint,460.6,41.22
2024-06-26,39.12,45.23,32.85,27.57,1.01,1.64,17.98,96.93,75.18,16.38,LUD,30.9,75.85,subtropical_humid,NASA_POWER_daily_ag,6.808,10.883,1.8629,dewpoint,459.5,41.205
2024-06-27,35.86,40.07,31.92,45.84,8.17,2.16,9.59,97.25,66.22,21.97,LUD,30.9,75.85,subtropical_humid,NASA_POWER_daily_ag,5.18,7.059,2.6391,dewpoint,425.5,41.188
2024-06-28,35.6,41.09,30.33,51.1,3.44,1.32,23.23,97.06,14.87,23.17,LUD,30.9,75.85,subtropical_humid,NASA_POWER_daily_ag,6.474,14.844,2.8385,dewpoint,445.7,41.169
2024-06-29,35.45,39.72,31.33,51.52,8.07,1.78,20.06,96.93,21.18,23.64,LUD,30.9,75.85,subtropical_humid,NASA_POWER_daily_ag,6.3,13.125,2.92,dewpoint,459.5,41.148
2024-06-30,36.63,42.25,30.74,47.35,0.25,1.57,14.53,96.81,68.25,22.84,LUD,30.9,75.85,subtropical_humid,NASA_POWER_daily_ag,5.382,9.851,2.7824,dewpoint,472.3,41.125
2024-07-01,36.99,42.05,32.51,46.79,3.91,2.38,13.73,96.55,89.8,23.31,LUD,30.9,75.85,subtropical_humid,NASA_POWER_daily_ag,6.174,9.427,2.8625,dewpoint,500.0,41.1
2024-07-02,35.49,41.51,30.29,60.35,33.31,2.32,18.43,96.45,97.25,25.99,LUD,30.9,75.85,subtropical_humid,NASA_POWER_daily_ag,6.179,12.521,3.3595,dewpoint,510.6,41.073
2024-07-03,34.61,42.65,28.33,61.62,18.0,2.9,18.82,96.69,97.72,24.92,LUD,30.9,75.85,subtropical_humid,NASA_POWER_daily_ag,6.585,12.595,3.1527,dewpoint,485.0,41.045
2024-07-04,31.3,35.77,27.18,69.96,14.8,3.43,13.89,97.13,99.55,24.89,LUD,30.9,75.85,subtropical_humid,NASA_POWER_daily_ag,4.91,9.717,3.1471,dewpoint,438.2,41.014
2024-07-05,33.62,39.1,28.22,60.53,12.25,1.87,14.34,96.82,82.17,24.4,LUD,30.9,75.85,subtropical_humid,NASA_POWER_daily_ag,4.889,9.914,3.0563,dewpoint,471.2,40.981
2024-07-06,30.59,34.96,27.3,72.66,15.8,2.5,10.48,96.74,90.9,24.8,LUD,30.9,75.85,subtropical_humid,NASA_POWER_daily_ag,3.743,7.662,3.1302,dewpoint,479.7,40.947
2024-07-07,31.78,36.93,27.22,68.75,7.44,2.4,17.51,96.99,76.06,24.81,LUD,30.9,75.85,subtropical_humid,NASA_POWER_daily_ag,5.227,11.866,3.1321,dewpoint,453.1,40.91
2024-07-08,33.43,38.39,28.44,58.67,0.42,1.18,21.99,97.29,26.41,23.7,LUD,30.9,75.85,subtropical_humid,NASA_POWER_daily_ag,5.75,14.287,2.9306,dewpoint,421.3,40.871
2024-07-09,33.9,39.05,28.48,54.13,0.02,0.86,23.46,97.42,14.36,22.79,LUD,30.9,75.85,subtropical_humid,NASA_POWER_daily_ag,5.83,14.93,2.774,dewpoint,407.5,40.83
2024-07-10,34.65,39.66,29.08,53.02,4.03,1.13,20.98,97.37,46.81,23.16,LUD,30.9,75.85,subtropical_humid,NASA_POWER_daily_ag,5.73,13.565,2.8367,dewpoint,412.8,40.788
2024-07-11,35.56,41.37,30.32,49.97,0.2,1.6,22.24,96.97,51.35,22.96,LUD,30.9,75.85,subtropical_humid,NASA_POWER_daily_ag,6.566,14.188,2.8026,dewpoint,455.2,40.743
2024-07-12,34.97,39.26,30.38,54.85,6.91,1.68,12.69,96.76,79.22,24.1,LUD,30.9,75.85,subtropical_humid,NASA_POWER_daily_ag,4.742,8.892,3.0019,dewpoint,477.6,40.696
2024-07-13,33.61,38.78,28.92,54.7,1.34,1.44,23.31,96.9,57.91,22.69,LUD,30.9,75.85,subtropical_humid,NASA_POWER_daily_ag,6.266,14.807,2.7572,dewpoint,462.7,40.647
2024-07-14,34.53,40.2,28.32,49.69,0.01,1.15,25.59,96.91,11.05,21.77,LUD,30.9,75.85,subtropical_humid,NASA_POWER_daily_ag,6.576,15.849,2.6071,dewpoint,461.6,40.596
2024-07-15,35.69,41.15,29.62,46.11,0.34,0.8,23.86,97.14,25.41,21.48,LUD,30.9,75.85,subtropical_humid,NASA_POWER_daily_ag,6.025,14.773,2.5613,dewpoint,437.2,40.543
2024-07-16,34.83,39.59,30.13,55.89,4.04,1.69,22.53,97.26,56.57,24.4,LUD,30.9,75.85,subtropical_humid,NASA_POWER_daily_ag,6.452,14.652,3.0563,dewpoint,424.4,40.488
2024-07-17,35.07,40.29,29.91,56.0,3.13,1.29,19.58,97.2,56.0,24.43,LUD,30.9,75.85,subtropical_humid,NASA_POWER_daily_ag,5.615,12.92,3.0618,dewpoint,430.8,40.431
2024-07-18,34.72,40.28,29.22,55.56,4.63,1.64,21.27,97.04,65.9,23.65,LUD,30.9,75.85,subtropical_humid,NASA_POWER_daily_ag,6.218,13.767,2.9218,dewpoint,447.8,40.371
2024-07-19,35.63,41.45,29.07,48.67,0.65,0.61,22.94,96.91,61.05,22.28,LUD,30.9,75.85,subtropical_humid,NASA_POWER_daily_ag,5.633,14.414,2.6894,dewpoint,461.6,40.31
2024-07-20,35.56,40.73,30.33,52.29,1.67,1.48,21.59,97.0,34.68,23.71,LUD,30.9,75.85,subtropical_humid,NASA_POWER_daily_ag,6.275,13.923,2.9324,dewpoint,452.1,40.246
2024-07-21,35.88,41.06,30.16,54.17,1.42,1.17,19.36,96.97,39.49,24.59,LUD,30.9,75.85,subtropical_humid,NASA_POWER_daily_ag,5.572,12.783,3.0912,dewpoint,455.2,40.18
2024-07-22,35.73,40.75,30.58,55.4,6.8,1.54,19.07,96.93,78.46,24.83,LUD,30.9,75.85,subtropical_humid,NASA_POWER_daily_ag,5.826,12.646,3.1358,dewpoint,459.5,40.112
2024-07-23,34.29,39.37,29.61,61.57,7.86,1.6,16.54,96.87,81.39,25.34,LUD,30.9,75.85,subtropical_humid,NASA_POWER_daily_ag,5.087,11.243,3.2325,dewpoint,465.9,40.042
2024-07-24,33.47,39.39,28.89,63.07,3.71,2.97,15.62,96.65,71.27,24.91,LUD,30.9,75.85,subtropical_humid,NASA_POWER_daily_ag,5.702,10.647,3.1508,dewpoint,489.3,39.97
2024-07-25,32.71,37.3,28.98,66.31,5.77,2.19,18.68,96.56,56.34,25.25,LUD,30.9,75.85,subtropical_humid,NASA_POWER_daily_ag,5.484,12.532,3.2153,dewpoint,498.9,39.895
2024-07-26,33.2,38.1,27.57,64.17,15.61,1.31,20.76,96.67,82.63,25.14,LUD,30.9,75.85,subtropical_humid,NASA_POWER_daily_ag,5.472,13.757,3.1943,dewpoint,487.2,39.818
2024-07-27,34.82,40.19,29.39,58.65,0.93,1.88,13.81,96.89,93.0,24.92,LUD,30.9,75.85,subtropical_humid,NASA_POWER_daily_ag,4.969,9.552,3.1527,dewpoint,463.8,39.739
2024-07-28,33.21,38.11,28.48,58.57,2.9,1.55,20.31,97.05,61.09,23.51,LUD,30.9,75.85,subtropical_humid,NASA_POWER_daily_ag,5.673,13.168,2.8973,dewpoint,446.7,39.658
2024-07-29,34.24,39.84,28.69,61.63,2.75,1.77,19.21,96.96,67.31,25.3,LUD,30.9,75.85,subtropical_humid,NASA_POWER_daily_ag,5.68,12.796,3.2248,dewpoint,456.3,39.574
2024-07-30,33.84,37.61,30.34,63.84,11.35,1.29,16.43,97.11,75.86,25.83,LUD,30.9,75.85,subtropical_humid,NASA_POWER_daily_ag,4.703,11.209,3.3278,dewpoint,440.4,39.488
2024-07-31,33.51,37.25,29.85,70.39,14.56,1.49,18.04,96.98,81.86,27.13,LUD,30.9,75.85,subtropical_humid,NASA_POWER_daily_ag,4.939,12.386,3.5926,dewpoint,454.2,39.4
2024-08-01,30.82,34.09,28.35,78.09,16.72,2.28,5.16,96.99,98.5,26.38,LUD,30.9,75.85,subtropical_humid,NASA_POWER_daily_ag,2.422,4.368,3.4377,dewpoint,453.1,39.31
2024-08-02,32.7,38.35,27.15,65.13,2.62,1.81,20.82,96.97,71.69,24.64,LUD,30.9,75.85,subtropical_humid,NASA_POWER_daily_ag,5.708,13.642,3.1005,dewpoint,455.2,39.217
2024-08-03,30.89,33.88,28.1,73.83,0.95,3.23,20.33,97.19,40.3,25.46,LUD,30.9,75.85,subtropical_humid,NASA_POWER_daily_ag,5.521,13.546,3.2556,dewpoint,431.9,39.122
2024-08-04,32.01,38.0,27.09,63.92,0.32,1.84,19.01,97.38,79.57,23.62,LUD,30.9,75.85,subtropical_humid,NASA_POWER_daily_ag,5.365,12.398,2.9165,dewpoint,411.7,39.025
2024-08-05,32.33,37.22,27.45,64.51,4.07,1.67,20.61,97.36,62.92,24.41,LUD,30.9,75.85,subtropical_humid,NASA_POWER_daily_ag,5.522,13.457,3.0581,dewpoint,413.8,38.925
2024-08-06,31.97,37.32,27.31,69.21,2.0,2.24,21.73,97.09,21.8,25.15,LUD,30.9,75.85,subtropical_humid,NASA_POWER_daily_ag,5.817,14.255,3.1962,dewpoint,442.5,38.823
2024-08-07,31.6,37.13,28.07,72.66,3.42,2.33,13.84,97.14,68.48,25.71,LUD,30.9,75.85,subtropical_humid,NASA_POWER_daily_ag,4.299,9.607,3.3042,dewpoint,437.2,38.718
2024-08-08,31.39,36.73,26.92,69.78,3.74,2.28,18.78,97.37,57.31,24.7,LUD,30.9,75.85,subtropical_humid,NASA_POWER_daily_ag,5.239,12.421,3.1116,dewpoint,412.8,38.612
2024-08-09,31.36,35.82,26.85,71.35,9.64,1.39,20.59,97.46,31.98,25.14,LUD,30.9,75.85,subtropical_humid,NASA_POWER_daily_ag,5.094,13.572,3.1943,dewpoint,403.2,38.502
2024-08-10,29.91,33.36,26.99,79.05,25.11,1.84,19.55,97.4,43.11,25.71,LUD,30.9,75.85,subtropical_humid,NASA_POWER_daily_ag,4.653,13.076,3.3042,dewpoint,409.6,38.391
2024-08-11,28.62,30.83,27.06,89.77,54.25,2.3,8.33,97.23,93.76,26.75,LUD,30.9,75.85,subtropical_humid,NASA_POWER_daily_ag,2.229,6.296,3.5134,dewpoint,427.6,38.277
2024-08-12,29.23,33.11,25.68,82.22,5.66,1.44,17.74,97.44,67.71,25.68,LUD,30.9,75.85,subtropical_humid,NASA_POWER_daily_ag,4.099,11.975,3.2984,dewpoint,405.4,38.161
2024-08-13,29.08,31.94,26.67,84.38,1.36,1.14,17.64,97.54,76.39,26.09,LUD,30.9,75.85,subtropical_humid,NASA_POWER_daily_ag,3.96,11.968,3.3794,dewpoint,394.8,38.042
2024-08-14,30.25,33.64,26.51,79.17,15.17,0.99,18.32,97.54,76.0,26.06,LUD,30.9,75.85,subtropical_humid,NASA_POWER_daily_ag,4.26,12.351,3.3734,dewpoint,394.8,37.921
2024-08-15,30.31,33.65,26.39,79.87,16.52,1.27,14.96,97.47,89.44,26.29,LUD,30.9,75.85,subtropical_humid,NASA_POWER_daily_ag,3.709,10.326,3.4195,dewpoint,402.2,37.798
2024-08-16,29.71,32.78,27.18,83.85,7.66,1.45,17.58,97.37,78.42,26.57,LUD,30.9,75.85,subtropical_humid,NASA_POWER_daily_ag,4.057,11.964,3.4764,dewpoint,412.8,37.672
2024-08-17,28.02,29.96,26.02,89.94,14.93,1.6,19.56,97.64,87.97,26.18,LUD,30.9,75.85,subtropical_humid,NASA_POWER_daily_ag,4.062,13.15,3.3974,dewpoint,384.2,37.544
2024-08-18,28.56,32.02,25.46,85.82,1.42,1.17,21.59,97.66,62.47,25.85,LUD,30.9,75.85,subtropical_humid,NASA_POWER_daily_ag,4.571,14.29,3.3317,dewpoint,382.1,37.413
2024-08-19,29.14,32.02,26.61,83.68,19.55,1.04,13.4,97.53,91.52,25.97,LUD,30.9,75.85,subtropical_humid,NASA_POWER_daily_ag,3.19,9.322,3.3555,dewpoint,395.8,37.281
2024-08-20,30.01,33.01,26.64,78.36,4.13,1.11,20.13,97.52,58.2,25.66,LUD,30.9,75.85,subtropical_humid,NASA_POWER_daily_ag,4.585,13.315,3.2945,dewpoint,396.9,37.145
2024-08-21,29.78,33.39,26.16,81.12,5.1,1.08,18.38,97.63,66.58,26.04,LUD,30.9,75.85,subtropical_humid,NASA_POWER_daily_ag,4.191,12.318,3.3694,dewpoint,385.3,37.008
2024-08-22,30.67,33.88,27.05,77.41,1.67,1.05,24.03,97.54,50.32,26.12,LUD,30.9,75.85,subtropical_humid,NASA_POWER_daily_ag,5.359,15.716,3.3854,dewpoint,394.8,36.868
2024-08-23,30.52,33.58,26.95,76.91,2.48,0.84,20.94,97.61,27.27,25.82,LUD,30.9,75.85,subtropical_humid,NASA_POWER_daily_ag,4.721,13.779,3.3258,dewpoint,387.4,36.726
2024-08-24,30.0,33.48,25.64,77.06,4.07,0.71,20.95,97.64,17.87,25.32,LUD,30.9,75.85,subtropical_humid,NASA_POWER_daily_ag,4.624,13.688,3.2287,dewpoint,384.2,36.581
2024-08-25,29.94,31.96,27.09,75.97,1.48,0.64,20.77,97.5,42.92,25.17,LUD,30.9,75.85,subtropical_humid,NASA_POWER_daily_ag,4.562,13.54,3.2,dewpoint,399.0,36.435
2024-08-26,29.66,32.94,26.31,79.4,4.7,0.88,20.77,97.47,50.64,25.55,LUD,30.9,75.85,subtropical_humid,NASA_POWER_daily_ag,4.57,13.599,3.2731,dewpoint,402.2,36.286
2024-08-27,28.34,31.41,25.94,86.27,16.85,2.04,19.48,97.7,80.6,25.74,LUD,30.9,75.85,subtropical_humid,NASA_POWER_daily_ag,4.17,12.879,3.3101,dewpoint,377.9,36.134
2024-08-28,28.2,30.86,25.49,86.83,22.11,1.73,20.94,97.62,60.19,25.73,LUD,30.9,75.85,subtropical_humid,NASA_POWER_daily_ag,4.365,13.752,3.3082,dewpoint,386.3,35.981
2024-08-29,27.51,29.87,25.34,89.01,19.2,2.25,10.45,97.58,95.93,25.47,LUD,30.9,75.85,subtropical_humid,NASA_POWER_daily_ag,2.535,7.452,3.2576,dewpoint,390.5,35.825
2024-08-30,28.81,32.85,25.05,80.39,1.82,0.9,20.82,97.84,37.93,24.86,LUD,30.9,75.85,subtropical_humid,NASA_POWER_daily_ag,4.456,13.438,3.1415,dewpoint,363.1,35.667
2024-08-31,28.17,32.14,24.34,82.12,0.0,1.53,23.77,97.79,4.36,24.69,LUD,30.9,75.85,subtropical_humid,NASA_POWER_daily_ag,4.925,15.123,3.1098,dewpoint,368.3,35.507
2024-09-01,29.81,33.7,25.45,76.64,0.28,1.09,23.12,97.67,15.34,25.12,LUD,30.9,75.85,subtropical_humid,NASA_POWER_daily_ag,5.045,14.778,3.1905,dewpoint,381.0,35.345
2024-09-02,29.41,33.3,25.9,81.65,2.4,1.26,17.86,97.74,67.05,25.77,LUD,30.9,75.85,subtropical_humid,NASA_POWER_daily_ag,4.04,11.806,3.316,dewpoint,373.6,35.181
2024-09-03,28.77,32.57,25.3,81.26,22.68,1.08,12.32,97.87,85.92,25.01,LUD,30.9,75.85,subtropical_humid,NASA_POWER_daily_ag,3.001,8.458,3.1697,dewpoint,359.9,35.015
2024-09-04,28.3,31.88,25.66,79.63,13.3,0.91,20.13,97.61,53.79,24.32,LUD,30.9,75.85,subtropical_humid,NASA_POWER_daily_ag,4.257,12.846,3.0417,dewpoint,387.4,34.846
2024-09-05,28.28,32.16,24.38,77.57,2.41,0.48,17.79,97.4,37.06,23.82,LUD,30.9,75.85,subtropical_humid,NASA_POWER_daily_ag,3.769,11.427,2.9518,dewpoint,409.6,34.676
2024-09-06,28.89,32.48,24.97,78.57,8.03,0.78,18.71,97.57,36.61,24.64,LUD,30.9,75.85,subtropical_humid,NASA_POWER_daily_ag,4.052,12.06,3.1005,dewpoint,391.6,34.504
2024-09-07,28.75,32.12,24.86,79.98,10.76,0.59,17.2,97.68,45.88,24.77,LUD,30.9,75.85,subtropical_humid,NASA_POWER_daily_ag,3.715,11.203,3.1246,dewpoint,380.0,34.33
2024-09-08,29.09,32.85,25.25,79.21,2.59,0.74,21.25,97.66,18.89,24.97,LUD,30.9,75.85,subtropical_humid,NASA_POWER_daily_ag,4.486,13.535,3.1621,dewpoint,382.1,34.154
2024-09-09,29.36,33.36,24.96,78.9,2.74,0.83,19.64,97.42,39.81,25.12,LUD,30.9,75.85,subtropical_humid,NASA_POWER_daily_ag,4.258,12.618,3.1905,dewpoint,407.5,33.976
2024-09-10,29.09,32.31,26.61,80.76,5.31,0.71,16.69,97.39,41.59,25.32,LUD,30.9,75.85,subtropical_humid,NASA_POWER_daily_ag,3.662,10.925,3.2287,dewpoint,410.7,33.796
2024-09-11,28.54,31.23,25.75,80.3,0.47,0.78,19.38,97.44,29.32,24.67,LUD,30.9,75.85,subtropical_humid,NASA_POWER_daily_ag,4.09,12.359,3.106,dewpoint,405.4,33.615
2024-09-12,28.6,33.31,24.41,80.42,1.73,1.2,20.6,97.25,42.67,24.63,LUD,30.9,75.85,subtropical_humid,NASA_POWER_daily_ag,4.381,13.008,3.0986,dewpoint,425.5,33.432
2024-09-13,28.29,33.06,23.47,78.01,1.39,1.56,16.72,97.19,46.3,23.83,LUD,30.9,75.85,subtropical_humid,NASA_POWER_daily_ag,3.852,10.679,2.9536,dewpoint,431.9,33.247
2024-09-14,27.87,32.23,23.25,76.32,4.44,1.22,18.58,97.45,17.56,23.06,LUD,30.9,75.85,subtropical_humid,NASA_POWER_daily_ag,4.033,11.559,2.8196,dewpoint,404.3,33.061
2024-09-15,28.01,32.8,23.87,74.42,1.19,1.06,19.2,97.55,4.6,22.79,LUD,30.9,75.85,subtropical_humid,NASA_POWER_daily_ag,4.107,11.792,2.774,dewpoint,393.7,32.873
2024-09-16,27.79,32.78,23.85,74.24,0.07,1.21,20.45,97.71,2.75,22.47,LUD,30.9,75.85,subtropical_humid,NASA_POWER_daily_ag,4.319,12.362,2.7206,dewpoint,376.8,32.684
2024-09-17,28.49,33.26,24.02,72.18,1.04,0.94,20.86,97.82,1.91,22.69,LUD,30.9,75.85,subtropical_humid,NASA_POWER_daily_ag,4.382,12.582,2.7572,dewpoint,365.2,32.493
2024-09-18,28.09,32.9,23.58,78.05,0.08,1.33,19.08,97.81,48.7,23.58,LUD,30.9,75.85,subtropical_humid,NASA_POWER_daily_ag,4.105,11.809,2.9095,dewpoint,366.2,32.301
2024-09-19,27.43,32.59,23.87,76.96,0.21,1.81,9.25,97.82,77.77,22.76,LUD,30.9,75.85,subtropical_humid,NASA_POWER_daily_ag,2.736,6.413,2.7689,dewpoint,365.2,32.108
2024-09-20,28.45,34.43,22.51,74.78,0.0,0.96,22.18,97.73,0.8,23.11,LUD,30.9,75.85,subtropical_humid,NASA_POWER_daily_ag,4.553,13.299,2.8282,dewpoint,374.7,31.913
2024-09-21,29.62,34.54,24.61,74.59,0.0,0.89,20.97,97.83,2.57,24.32,LUD,30.9,75.85,subtropical_humid,NASA_POWER_daily_ag,4.467,12.871,3.0417,dewpoint,364.1,31.718
2024-09-22,29.52,34.24,25.21,76.27,0.0,1.06,19.13,97.8,4.0,24.62,LUD,30.9,75.85,subtropical_humid,NASA_POWER_daily_ag,4.186,11.899,3.0968,dewpoint,367.3,31.521
2024-09-23,30.37,35.69,26.18,74.06,0.0,0.86,20.53,97.74,1.53,24.88,LUD,30.9,75.85,subtropical_humid,NASA_POWER_daily_ag,4.451,12.658,3.1452,dewpoint,373.6,31.323
2024-09-24,31.26,36.41,25.88,69.9,0.03,0.63,20.28,97.62,2.89,24.63,LUD,30.9,75.85,subtropical_humid,NASA_POWER_daily_ag,4.408,12.42,3.0986,dewpoint,386.3,31.125
2024-09-25,30.92,36.27,25.78,67.49,0.44,0.88,16.14,97.6,21.29,23.63,LUD,30.9,75.85,subtropical_humid,NASA_POWER_daily_ag,3.831,9.969,2.9183,dewpoint,388.4,30.925
2024-09-26,28.91,33.38,25.67,80.43,6.27,1.67,12.87,97.64,34.18,24.88,LUD,30.9,75.85,subtropical_humid,NASA_POWER_daily_ag,3.198,8.412,3.1452,dewpoint,384.2,30.725
2024-09-27,28.56,33.03,24.21,76.05,5.76,1.4,15.99,97.63,33.41,23.58,LUD,30.9,75.85,subtropical_humid,NASA_POWER_daily_ag,3.678,9.909,2.9095,dewpoint,385.3,30.524
2024-09-28,28.54,33.53,23.51,71.97,0.59,0.95,14.74,97.81,54.3,22.39,LUD,30.9,75.85,subtropical_humid,NASA_POWER_daily_ag,3.378,9.046,2.7074,dewpoint,366.2,30.322
2024-09-29,28.3,34.33,23.09,70.09,0.01,1.29,19.4,98.08,12.29,21.77,LUD,30.9,75.85,subtropical_humid,NASA_POWER_daily_ag,4.207,11.223,2.6071,dewpoint,337.7,30.12
2024-09-30,28.36,34.42,23.44,73.15,0.0,1.71,18.21,97.98,17.04,22.66,LUD,30.9,75.85,subtropical_humid,NASA_POWER_daily_ag,4.139,10.779,2.7522,dewpoint,348.3,29.917
2024-10-01,28.78,35.37,23.87,69.93,0.0,1.55,19.24,97.69,3.84,21.99,LUD,30.9,75.85,subtropical_humid,NASA_POWER_daily_ag,4.356,11.083,2.6423,dewpoint,378.9,29.714
2024-10-02,28.73,36.18,23.28,63.95,0.0,1.27,20.1,97.66,0.52,20.2,LUD,30.9,75.85,subtropical_humid,NASA_POWER_daily_ag,4.403,11.024,2.3674,dewpoint,382.1,29.51
2024-10-03,28.72,36.28,23.52,57.52,0.0,1.18,20.65,97.6,0.46,18.64,LUD,30.9,75.85,subtropical_humid,NASA_POWER_daily_ag,4.446,10.84,2.1485,dewpoint,388.4,29.306
2024-10-04,28.43,36.5,21.69,56.72,0.0,1.01,19.66,97.67,0.89,17.9,LUD,30.9,75.85,subtropical_humid,NASA_POWER_daily_ag,4.157,10.247,2.051,dewpoint,381.0,29.102
2024-10-05,28.34,35.86,21.47,58.13,0.06,1.05,18.55,97.89,10.16,18.4,LUD,30.9,75.85,subtropical_humid,NASA_POWER_daily_ag,4.022,9.861,2.1165,dewpoint,357.8,28.898
2024-10-06,27.83,34.37,22.97,61.52,6.65,1.28,18.33,98.29,28.99,19.17,LUD,30.9,75.85,subtropical_humid,NASA_POWER_daily_ag,4.04,9.881,2.2208,dewpoint,315.6,28.694
2024-10-07,27.06,34.59,21.79,64.04,0.0,1.39,19.57,98.47,0.4,18.84,LUD,30.9,75.85,subtropical_humid,NASA_POWER_daily_ag,4.136,10.323,2.1756,dewpoint,296.7,28.49
2024-10-08,26.75,33.97,21.75,64.08,0.0,1.26,18.73,98.46,4.85,18.57,LUD,30.9,75.85,subtropical_humid,NASA_POWER_daily_ag,3.909,9.879,2.1391,dewpoint,297.8,28.286
2024-10-09,26.07,33.52,20.87,65.85,0.0,1.81,19.05,98.27,26.15,18.24,LUD,30.9,75.85,subtropical_humid,NASA_POWER_daily_ag,4.145,9.939,2.0953,dewpoint,317.7,28.083
2024-10-10,25.79,34.04,19.19,60.69,0.0,1.55,19.66,98.17,2.58,16.34,LUD,30.9,75.85,subtropical_humid,NASA_POWER_daily_ag,4.144,9.754,1.8582,dewpoint,328.3,27.88
2024-10-11,26.47,34.4,21.44,53.11,0.0,1.6,19.67,98.13,1.16,15.34,LUD,30.9,75.85,subtropical_humid,NASA_POWER_daily_ag,4.329,9.391,1.743,dewpoint,332.5,27.677
2024-10-12,26.96,34.47,21.45,49.67,0.0,0.93,19.13,98.19,4.4,14.56,LUD,30.9,75.85,subtropical_humid,NASA_POWER_daily_ag,3.766,8.967,1.6576,dewpoint,326.2,27.474
2024-10-13,26.31,34.01,20.62,46.68,0.0,1.08,18.58,98.28,6.17,13.07,LUD,30.9,75.85,subtropical_humid,NASA_POWER_daily_ag,3.793,8.465,1.5046,dewpoint,316.7,27.273
2024-10-14,25.47,33.57,20.35,46.81,0.0,1.33,17.75,98.37,0.63,12.42,LUD,30.9,75.85,subtropical_humid,NASA_POWER_daily_ag,3.852,8.04,1.4419,dewpoint,307.2,27.072
2024-10-15,26.31,34.6,21.7,47.8,0.0,1.47,18.26,98.24,0.19,13.56,LUD,30.9,75.85,subtropical_humid,NASA_POWER_daily_ag,4.073,8.274,1.5535,dewpoint,320.9,26.871
2024-10-16,26.46,35.09,19.95,51.92,0.0,1.12,15.5,98.12,39.02,14.56,LUD,30.9,75.85,subtropical_humid,NASA_POWER_daily_ag,3.471,7.521,1.6576,dewpoint,333.5,26.672
2024-10-17,26.5,35.26,19.94,50.51,0.0,1.22,17.24,98.17,0.95,14.16,LUD,30.9,75.85,subtropical_humid,NASA_POWER_daily_ag,3.731,7.975,1.6153,dewpoint,328.3,26.474
2024-10-18,27.07,35.19,21.85,46.56,0.0,1.13,16.03,98.2,0.47,13.72,LUD,30.9,75.85,subtropical_humid,NASA_POWER_daily_ag,3.589,7.391,1.5698,dewpoint,325.1,26.276
2024-10-19,25.94,34.47,20.26,51.25,0.0,1.42,15.67,98.22,4.26,14.18,LUD,30.9,75.85,subtropical_humid,NASA_POWER_daily_ag,3.66,7.372,1.6174,dewpoint,323.0,26.08
2024-10-20,25.94,33.66,19.46,53.23,0.0,1.21,15.32,98.37,3.76,14.85,LUD,30.9,75.85,subtropical_humid,NASA_POWER_daily_ag,3.411,7.362,1.6889,dewpoint,307.2,25.885
2024-10-21,25.68,33.53,19.73,57.1,0.0,1.23,14.2,98.4,17.38,15.85,LUD,30.9,75.85,subtropical_humid,NASA_POWER_daily_ag,3.22,7.085,1.8009,dewpoint,304.1,25.691
2024-10-22,25.35,33.35,19.61,61.38,0.0,1.13,13.93,98.5,4.74,16.48,LUD,30.9,75.85,subtropical_humid,NASA_POWER_daily_ag,3.027,7.047,1.8748,dewpoint,293.6,25.499
2024-10-23,25.95,33.96,21.04,56.39,0.0,2.22,15.55,98.46,0.51,15.68,LUD,30.9,75.85,subtropical_humid,NASA_POWER_daily_ag,4.099,7.376,1.7815,dewpoint,297.8,25.308
2024-10-24,24.76,33.33,18.34,58.98,0.0,2.06,16.38,98.36,0.01,15.08,LUD,30.9,75.85,subtropical_humid,NASA_POWER_daily_ag,3.868,7.594,1.7141,dewpoint,308.3,25.118
2024-10-25,25.11,35.17,18.15,55.35,0.0,1.9,17.75,98.22,1.21,14.2,LUD,30.9,75.85,subtropical_humid,NASA_POWER_daily_ag,3.992,7.736,1.6195,dewpoint,323.0,24.931
2024-10-26,24.84,34.12,17.96,50.74,0.0,1.55,17.53,98.22,7.84,12.82,LUD,30.9,75.85,subtropical_humid,NASA_POWER_daily_ag,3.731,7.376,1.4802,dewpoint,323.0,24.745
2024-10-27,25.98,34.1,18.06,48.3,0.0,1.09,15.59,98.12,29.38,13.41,LUD,30.9,75.85,subtropical_humid,NASA_POWER_daily_ag,3.283,6.865,1.5384,dewpoint,333.5,24.561
2024-10-28,25.71,33.54,19.55,64.78,0.0,1.75,16.9,98.01,1.34,17.79,LUD,30.9,75.85,subtropical_humid,NASA_POWER_daily_ag,3.607,8.081,2.0369,dewpoint,345.1,24.378
2024-10-29,27.13,34.89,20.58,61.83,0.0,1.24,16.4,98.05,9.0,18.0,LUD,30.9,75.85,subtropical_humid,NASA_POWER_daily_ag,3.437,7.818,2.064,dewpoint,340.9,24.198
2024-10-30,26.81,34.85,20.89,54.6,0.0,1.5,16.13,98.17,6.98,15.96,LUD,30.9,75.85,subtropical_humid,NASA_POWER_daily_ag,3.645,7.231,1.8136,dewpoint,328.3,24.02
2024-10-31,25.28,34.46,19.71,50.31,0.0,2.36,17.23,98.31,1.5,12.96,LUD,30.9,75.85,subtropical_humid,NASA_POWER_daily_ag,4.347,6.919,1.4939,dewpoint,313.5,23.844
2024-11-01,24.09,33.61,16.66,46.68,0.0,1.76,16.35,98.34,5.35,10.44,LUD,30.9,75.85,subtropical_humid,NASA_POWER_daily_ag,3.753,6.3,1.2646,dewpoint,310.4,23.67
2024-11-02,25.14,32.59,20.04,36.32,0.0,0.91,15.07,98.48,5.38,8.42,LUD,30.9,75.85,subtropical_humid,NASA_POWER_daily_ag,2.92,5.537,1.1038,dewpoint,295.7,23.498
2024-11-03,23.46,32.18,16.48,42.34,0.0,0.98,13.99,98.6,16.52,8.97,LUD,30.9,75.85,subtropical_humid,NASA_POWER_daily_ag,2.789,5.483,1.1457,dewpoint,283.1,23.329
2024-11-04,24.57,32.01,18.34,42.53,0.0,1.07,14.68,98.42,2.11,10.54,LUD,30.9,75.85,subtropical_humid,NASA_POWER_daily_ag,2.987,5.759,1.2731,dewpoint,302.0,23.162
2024-11-05,23.82,31.7,16.8,50.18,0.0,1.38,11.83,98.64,10.52,12.22,LUD,30.9,75.85,subtropical_humid,NASA_POWER_daily_ag,2.939,5.318,1.423,dewpoint,278.9,22.998
2024-11-06,23.94,31.67,17.75,53.07,0.0,1.2,11.48,98.66,18.39,13.3,LUD,30.9,75.85,subtropical_humid,NASA_POWER_daily_ag,2.697,5.295,1.5274,dewpoint,276.8,22.836
2024-11-07,24.32,31.42,17.62,54.36,0.0,0.91,12.2,98.59,26.86,13.92,LUD,30.9,75.85,subtropical_humid,NASA_POWER_daily_ag,2.513,5.536,1.5903,dewpoint,284.1,22.677
2024-11-08,24.4,31.95,17.92,55.58,0.0,1.03,9.98,98.54,16.49,14.33,LUD,30.9,75.85,subtropical_humid,NASA_POWER_daily_ag,2.425,4.922,1.6332,dewpoint,289.4,22.521
2024-11-09,24.17,31.0,17.93,60.34,0.0,1.12,9.05,98.57,9.74,15.5,LUD,30.9,75.85,subtropical_humid,NASA_POWER_daily_ag,2.319,4.75,1.761,dewpoint,286.2,22.367
2024-11-10,24.4,30.98,18.57,60.83,0.0,0.64,11.13,98.6,28.99,15.7,LUD,30.9,75.85,subtropical_humid,NASA_POWER_daily_ag,2.132,5.34,1.7837,dewpoint,283.1,22.217
2024-11-11,24.42,31.3,17.97,60.04,0.01,1.11,9.26,98.53,34.62,15.24,LUD,30.9,75.85,subtropical_humid,NASA_POWER_daily_ag,2.36,4.724,1.7319,dewpoint,290.4,22.069
2024-11-12,23.0,30.59,17.93,58.71,0.01,1.16,6.22,98.53,83.47,13.68,LUD,30.9,75.85,subtropical_humid,NASA_POWER_daily_ag,2.107,3.796,1.5657,dewpoint,290.4,21.925
2024-11-13,22.35,29.8,17.64,53.14,0.0,1.15,5.53,98.43,82.39,11.55,LUD,30.9,75.85,subtropical_humid,NASA_POWER_daily_ag,2.138,3.561,1.3615,dewpoint,300.9,21.783
2024-11-14,21.15,28.54,15.81,50.07,0.0,1.09,4.38,98.65,95.98,9.74,LUD,30.9,75.85,subtropical_humid,NASA_POWER_daily_ag,2.017,3.292,1.2067,dewpoint,277.8,21.645
2024-11-15,20.81,28.64,15.91,53.86,0.0,1.55,6.89,98.6,69.74,10.59,LUD,30.9,75.85,subtropical_humid,NASA_POWER_daily_ag,2.393,3.792,1.2774,dewpoint,283.1,21.509
2024-11-16,19.79,27.85,14.73,57.49,0.0,1.51,7.58,98.47,72.65,10.28,LUD,30.9,75.85,subtropical_humid,NASA_POWER_daily_ag,2.27,3.916,1.2512,dewpoint,296.7,21.377
2024-11-17,19.18,27.06,13.92,50.78,0.0,1.67,8.31,98.57,74.44,8.11,LUD,30.9,75.85,subtropical_humid,NASA_POWER_daily_ag,2.513,3.92,1.0808,dewpoint,286.2,21.249
2024-11-18,18.98,27.59,12.84,48.04,0.0,1.41,13.05,98.67,36.11,6.92,LUD,30.9,75.85,subtropical_humid,NASA_POWER_daily_ag,2.545,4.544,0.9964,dewpoint,275.7,21.123
2024-11-19,18.89,27.64,13.54,42.34,0.0,1.46,13.65,98.78,5.71,4.96,LUD,30.9,75.85,subtropical_humid,NASA_POWER_daily_ag,2.67,4.283,0.8699,dewpoint,264.2,21.002
2024-11-20,18.64,26.89,13.31,41.29,0.0,1.37,14.29,98.68,23.51,4.43,LUD,30.9,75.85,subtropical_humid,NASA_POWER_daily_ag,2.594,4.278,0.8382,dewpoint,274.7,20.883
2024-11-21,19.08,27.15,14.08,39.24,0.0,1.22,13.04,98.63,43.02,4.13,LUD,30.9,75.85,subtropical_humid,NASA_POWER_daily_ag,2.463,4.015,0.8207,dewpoint,279.9,20.768
2024-11-22,19.56,27.23,13.5,38.67,0.0,1.09,12.18,98.57,34.86,4.51,LUD,30.9,75.85,subtropical_humid,NASA_POWER_daily_ag,2.347,3.948,0.8429,dewpoint,286.2,20.657
2024-11-23,19.01,27.52,13.81,44.6,0.0,1.04,11.43,98.62,21.98,6.1,LUD,30.9,75.85,subtropical_humid,NASA_POWER_daily_ag,2.156,3.983,0.9416,dewpoint,281.0,20.549
2024-11-24,18.69,27.76,13.52,48.59,0.0,1.54,11.44,98.67,12.99,6.99,LUD,30.9,75.85,subtropical_humid,NASA_POWER_daily_ag,2.481,4.046,1.0012,dewpoint,275.7,20.445
2024-11-25,17.37,26.27,11.23,55.55,0.0,1.81,12.1,98.68,15.2,7.22,LUD,30.9,75.85,subtropical_humid,NASA_POWER_daily_ag,2.478,4.252,1.0171,dewpoint,274.7,20.345
2024-11-26,17.47,26.67,11.49,49.72,0.0,1.52,13.33,98.65,3.78,5.93,LUD,30.9,75.85,subtropical_humid,NASA_POWER_daily_ag,2.414,4.184,0.9306,dewpoint,277.8,20.248
2024-11-27,17.49,26.14,11.88,45.13,0.0,1.27,13.85,98.62,9.44,4.74,LUD,30.9,75.85,subtropical_humid,NASA_POWER_daily_ag,2.285,4.042,0.8566,dewpoint,281.0,20.156
2024-11-28,17.81,26.17,13.19,43.52,0.0,1.27,13.08,98.79,18.32,4.65,LUD,30.9,75.85,subtropical_humid,NASA_POWER_daily_ag,2.287,3.857,0.8512,dewpoint,263.1,20.067
2024-11-29,17.88,26.36,13.24,43.2,0.0,1.16,12.23,98.87,11.22,4.61,LUD,30.9,75.85,subtropical_humid,NASA_POWER_daily_ag,2.172,3.728,0.8488,dewpoint,254.7,19.982
2024-11-30,16.84,24.57,12.93,42.78,0.0,1.51,11.97,98.71,44.44,3.41,LUD,30.9,75.85,subtropical_humid,NASA_POWER_daily_ag,2.398,3.62,0.7801,dewpoint,271.5,19.9
2024-12-01,17.33,26.02,12.37,44.53,0.0,1.19,12.62,98.53,6.85,4.49,LUD,30.9,75.85,subtropical_humid,NASA_POWER_daily_ag,2.143,3.733,0.8417,dewpoint,290.4,19.823
2024-12-02,18.3,26.6,14.01,49.39,0.0,1.3,12.24,98.54,10.71,7.03,LUD,30.9,75.85,subtropical_humid,NASA_POWER_daily_ag,2.208,3.911,1.0039,dewpoint,289.4,19.75
2024-12-03,18.53,26.98,13.69,48.79,0.0,1.75,11.92,98.77,10.52,6.8,LUD,30.9,75.85,subtropical_humid,NASA_POWER_daily_ag,2.577,3.81,0.9882,dewpoint,265.2,19.681
2024-12-04,16.79,25.99,11.11,52.33,0.0,2.22,13.39,98.68,6.04,5.69,LUD,30.9,75.85,subtropical_humid,NASA_POWER_daily_ag,2.728,3.922,0.9152,dewpoint,274.7,19.615
2024-12-05,15.44,24.29,9.66,42.06,0.0,1.56,13.81,98.58,0.28,1.55,LUD,30.9,75.85,subtropical_humid,NASA_POWER_daily_ag,2.361,3.503,0.6832,dewpoint,285.2,19.554
2024-12-06,15.77,24.31,10.86,35.98,0.0,1.54,13.76,98.46,0.33,0.05,LUD,30.9,75.85,subtropical_humid,NASA_POWER_daily_ag,2.431,3.224,0.613,dewpoint,297.8,19.497
2024-12-07,15.11,22.93,9.05,36.01,0.0,0.95,13.3,98.38,0.5,-0.8,LUD,30.9,75.85,subtropical_humid,NASA_POWER_daily_ag,1.865,3.238,0.5761,dewpoint,306.2,19.444
2024-12-08,13.69,22.72,6.53,41.46,0.1,1.83,11.0,98.42,18.44,-0.04,LUD,30.9,75.85,subtropical_humid,NASA_POWER_daily_ag,2.391,3.303,0.609,dewpoint,302.0,19.395
2024-12-09,12.69,20.7,7.6,53.7,0.28,1.39,12.32,98.76,1.97,2.57,LUD,30.9,75.85,subtropical_humid,NASA_POWER_daily_ag,1.84,3.678,0.735,dewpoint,266.3,19.351
2024-12-10,11.76,21.55,5.22,39.38,0.0,2.07,12.54,98.9,0.18,-3.14,LUD,30.9,75.85,subtropical_humid,NASA_POWER_daily_ag,2.468,3.121,0.4845,dewpoint,251.6,19.31
2024-12-11,11.71,22.07,5.57,33.5,0.0,1.72,13.06,98.82,0.52,-5.26,LUD,30.9,75.85,subtropical_humid,NASA_POWER_daily_ag,2.308,2.859,0.4129,dewpoint,260.0,19.274
2024-12-12,11.9,20.13,7.54,34.5,0.0,1.51,12.38,98.82,0.91,-3.92,LUD,30.9,75.85,subtropical_humid,NASA_POWER_daily_ag,2.118,2.984,0.457,dewpoint,260.0,19.242
2024-12-13,11.79,22.56,4.94,40.38,0.0,2.63,14.23,98.93,6.73,-2.6,LUD,30.9,75.85,subtropical_humid,NASA_POWER_daily_ag,2.764,3.126,0.5044,dewpoint,248.5,19.214
2024-12-14,10.95,22.12,2.88,43.31,0.0,1.89,13.55,98.91,2.09,-2.75,LUD,30.9,75.85,subtropical_humid,NASA_POWER_daily_ag,2.218,3.201,0.4988,dewpoint,250.6,19.19
2024-12-15,12.88,22.38,6.61,30.99,0.0,1.08,13.55,99.03,13.61,-4.76,LUD,30.9,75.85,subtropical_humid,NASA_POWER_daily_ag,1.852,2.778,0.4289,dewpoint,238.0,19.171
2024-12-16,13.46,22.01,8.24,29.97,0.0,1.11,13.5,98.88,14.89,-4.43,LUD,30.9,75.85,subtropical_humid,NASA_POWER_daily_ag,1.915,2.752,0.4398,dewpoint,253.7,19.156
2024-12-17,13.28,21.5,9.03,30.27,0.0,1.12,11.54,98.79,20.76,-4.33,LUD,30.9,75.85,subtropical_humid,NASA_POWER_daily_ag,1.909,2.777,0.4431,dewpoint,263.1,19.145
2024-12-18,12.45,21.3,8.35,36.31,0.0,1.23,11.4,98.71,38.77,-2.6,LUD,30.9,75.85,subtropical_humid,NASA_POWER_daily_ag,1.884,2.964,0.5044,dewpoint,271.5,19.138
2024-12-19,12.08,19.24,6.52,41.09,0.0,1.24,8.79,98.72,44.1,-1.32,LUD,30.9,75.85,subtropical_humid,NASA_POWER_daily_ag,1.814,3.114,0.5546,dewpoint,270.5,19.136
2024-12-20,12.4,21.75,7.61,46.72,0.0,1.43,9.69,98.78,6.13,0.7,LUD,30.9,75.85,subtropical_humid,NASA_POWER_daily_ag,1.869,3.191,0.6426,dewpoint,264.2,19.138
2024-12-21,11.88,20.38,5.86,43.57,0.0,1.11,10.67,98.75,21.25,-1.12,LUD,30.9,75.85,subtropical_humid,NASA_POWER_daily_ag,1.704,3.197,0.5628,dewpoint,267.3,19.144
2024-12-22,13.61,21.21,9.57,37.51,0.0,0.97,9.96,98.68,42.72,-1.08,LUD,30.9,75.85,subtropical_humid,NASA_POWER_daily_ag,1.719,3.035,0.5644,dewpoint,274.7,19.154
2024-12-23,12.1,18.08,8.88,66.76,1.64,1.74,3.95,98.8,80.08,5.9,LUD,30.9,75.85,subtropical_humid,NASA_POWER_daily_ag,1.443,2.917,0.9287,dewpoint,262.1,19.169
2024-12-24,13.3,20.4,9.39,64.58,0.27,1.38,8.05,98.94,10.92,6.29,LUD,30.9,75.85,subtropical_humid,NASA_POWER_daily_ag,1.547,3.447,0.9541,dewpoint,247.4,19.188
2024-12-25,13.26,22.19,7.37,59.19,0.0,1.36,10.75,99.07,0.07,4.72,LUD,30.9,75.85,subtropical_humid,NASA_POWER_daily_ag,1.716,3.64,0.8554,dewpoint,233.8,19.211
2024-12-26,14.36,23.22,9.14,47.62,0.0,1.01,11.05,99.22,14.8,2.69,LUD,30.9,75.85,subtropical_humid,NASA_POWER_daily_ag,1.711,3.378,0.7413,dewpoint,218.1,19.239
2024-12-27,11.9,15.54,9.05,75.38,10.37,1.52,2.03,99.14,91.12,7.43,LUD,30.9,75.85,subtropical_humid,NASA_POWER_daily_ag,1.105,2.604,1.0318,dewpoint,226.5,19.271
2024-12-28,12.81,17.94,9.33,86.02,15.77,0.81,3.99,99.1,68.52,10.36,LUD,30.9,75.85,subtropical_humid,NASA_POWER_daily_ag,0.851,2.952,1.2579,dewpoint,230.7,19.307
2024-12-29,12.33,21.4,7.09,68.57,0.0,2.08,7.66,99.21,74.41,6.21,LUD,30.9,75.85,subtropical_humid,NASA_POWER_daily_ag,1.655,3.447,0.9488,dewpoint,219.2,19.347
2024-12-30,11.06,20.04,4.38,53.46,0.0,1.79,6.89,99.09,87.48,0.81,LUD,30.9,75.85,subtropical_humid,NASA_POWER_daily_ag,1.882,3.184,0.6478,dewpoint,231.7,19.391
2024-12-31,11.64,21.28,6.36,42.91,0.0,1.14,7.82,99.16,95.44,-1.26,LUD,30.9,75.85,subtropical_humid,NASA_POWER_daily_ag,1.693,3.113,0.557,dewpoint,224.4,19.44
