date,T2M,T2M_MAX,T2M_MIN,RH2M,PRECTOTCORR,WS2M,ALLSKY_SFC_SW_DWN,PS,CLOUD_AMT,T2MDEW,station,latitude,longitude,climate,source,et0_mm_day,rn_mj_m2_day,g_vapour_kpa,vapour_pressure_source,elevation_m,ra_mj_m2_day
2015-01-01,17.97,24.3,13.59,75.39,0.23,1.35,11.05,93.83,74.97,13.19,PNQ,18.52,73.86,semi_arid,NASA_POWER_daily_ag,2.135,6.229,1.5165,dewpoint,793.3,26.675
2015-01-02,17.65,23.87,11.86,78.95,0.04,1.62,12.08,94.09,56.57,13.56,PNQ,18.52,73.86,semi_arid,NASA_POWER_daily_ag,2.2,6.69,1.5535,dewpoint,765.0,26.719
2015-01-03,17.92,24.56,12.45,78.15,0.0,1.31,14.25,94.26,43.03,13.52,PNQ,18.52,73.86,semi_arid,NASA_POWER_daily_ag,2.38,7.496,1.5495,dewpoint,746.5,26.766
2015-01-04,18.99,26.47,12.51,76.85,0.0,2.37,15.84,94.3,31.56,14.37,PNQ,18.52,73.86,semi_arid,NASA_POWER_daily_ag,2.849,8.176,1.6374,dewpoint,742.1,26.816
2015-01-05,19.6,26.66,13.5,66.22,0.0,2.73,15.44,94.3,26.98,12.6,PNQ,18.52,73.86,semi_arid,NASA_POWER_daily_ag,3.357,7.761,1.459,dewpoint,742.1,26.869
2015-01-06,19.04,27.32,12.58,66.96,0.0,1.63,16.53,94.28,23.53,12.19,PNQ,18.52,73.86,semi_arid,NASA_POWER_daily_ag,2.986,8.114,1.4202,dewpoint,744.3,26.926
2015-01-07,18.26,26.84,11.79,58.73,0.0,1.28,17.61,94.25,30.1,9.07,PNQ,18.52,73.86,semi_arid,NASA_POWER_daily_ag,3.016,8.084,1.1535,dewpoint,747.6,26.986
2015-01-08,17.51,26.68,9.76,48.21,0.0,2.08,18.4,94.29,26.94,5.43,PNQ,18.52,73.86,semi_arid,NASA_POWER_daily_ag,3.655,7.905,0.8988,dewpoint,743.2,27.049
2015-01-09,17.47,26.95,10.13,48.06,0.0,2.55,18.23,94.4,35.79,5.4,PNQ,18.52,73.86,semi_arid,NASA_POWER_daily_ag,3.9,7.844,0.897,dewpoint,731.3,27.115
2015-01-10,17.05,26.98,9.79,45.31,0.0,2.64,19.32,94.45,38.53,3.95,PNQ,18.52,73.86,semi_arid,NASA_POWER_daily_ag,4.061,7.981,0.8104,dewpoint,725.9,27.184
2015-01-11,16.89,27.6,9.13,44.95,0.0,2.58,19.82,94.45,35.61,3.63,PNQ,18.52,73.86,semi_arid,NASA_POWER_daily_ag,4.053,8.094,0.7923,dewpoint,725.9,27.256
2015-01-12,17.47,27.86,9.22,42.63,0.0,2.43,19.77,94.37,35.91,3.44,PNQ,18.52,73.86,semi_arid,NASA_POWER_daily_ag,4.108,8.064,0.7818,dewpoint,734.5,27.331
2015-01-13,17.87,27.98,9.17,43.07,0.0,1.84,19.85,94.25,33.08,3.7,PNQ,18.52,73.86,semi_arid,NASA_POWER_daily_ag,3.792,8.151,0.7962,dewpoint,747.6,27.409
2015-01-14,18.65,28.48,9.77,42.48,0.0,1.5,18.83,94.15,40.78,4.09,PNQ,18.52,73.86,semi_arid,NASA_POWER_daily_ag,3.579,7.905,0.8184,dewpoint,758.4,27.49
2015-01-15,18.58,27.8,9.69,44.01,0.0,1.71,18.55,94.17,37.06,5.04,PNQ,18.52,73.86,semi_arid,NASA_POWER_daily_ag,3.677,8.018,0.8747,dewpoint,756.3,27.573
2015-01-16,18.84,27.88,10.92,48.24,0.0,1.86,18.46,94.24,21.85,6.65,PNQ,18.52,73.86,semi_arid,NASA_POWER_daily_ag,3.714,8.191,0.978,dewpoint,748.7,27.66
2015-01-17,19.23,28.02,10.58,44.76,0.0,1.9,18.0,94.29,32.81,5.78,PNQ,18.52,73.86,semi_arid,NASA_POWER_daily_ag,3.847,7.965,0.921,dewpoint,743.2,27.749
2015-01-18,19.02,28.32,11.09,50.53,0.0,1.83,18.27,94.27,23.17,7.47,PNQ,18.52,73.86,semi_arid,NASA_POWER_daily_ag,3.665,8.278,1.0347,dewpoint,745.4,27.841
2015-01-19,19.48,28.76,11.58,54.88,0.0,1.6,17.91,94.2,24.69,9.02,PNQ,18.52,73.86,semi_arid,NASA_POWER_daily_ag,3.473,8.378,1.1496,dewpoint,753.0,27.936
2015-01-20,18.84,26.44,14.22,65.53,0.0,1.68,17.56,94.37,83.25,11.33,PNQ,18.52,73.86,semi_arid,NASA_POWER_daily_ag,3.194,8.619,1.3418,dewpoint,734.5,28.033
2015-01-21,18.66,27.66,11.6,67.03,0.0,1.58,18.11,94.48,36.26,11.24,PNQ,18.52,73.86,semi_arid,NASA_POWER_daily_ag,3.189,8.867,1.3338,dewpoint,722.6,28.132
2015-01-22,19.01,27.32,13.1,73.07,0.0,1.57,18.1,94.49,31.16,12.82,PNQ,18.52,73.86,semi_arid,NASA_POWER_daily_ag,3.116,9.1,1.4802,dewpoint,721.5,28.234
2015-01-23,19.26,27.44,12.53,71.96,0.0,1.65,15.86,94.3,72.44,13.12,PNQ,18.52,73.86,semi_arid,NASA_POWER_daily_ag,2.965,8.318,1.5096,dewpoint,742.1,28.339
2015-01-24,20.79,29.39,14.6,63.83,0.21,1.81,14.8,94.25,56.26,12.67,PNQ,18.52,73.86,semi_arid,NASA_POWER_daily_ag,3.263,7.777,1.4657,dewpoint,747.6,28.445
2015-01-25,21.1,29.26,16.04,61.89,0.17,2.03,15.6,94.33,69.45,12.54,PNQ,18.52,73.86,semi_arid,NASA_POWER_daily_ag,3.518,8.051,1.4533,dewpoint,738.9,28.554
2015-01-26,19.8,27.93,13.79,66.18,0.0,1.35,15.83,94.3,61.51,12.42,PNQ,18.52,73.86,semi_arid,NASA_POWER_daily_ag,3.013,8.241,1.4419,dewpoint,742.1,28.666
2015-01-27,19.53,29.5,12.47,63.25,0.0,1.91,17.79,94.17,26.54,11.17,PNQ,18.52,73.86,semi_arid,NASA_POWER_daily_ag,3.497,8.816,1.3276,dewpoint,756.3,28.779
2015-01-28,20.15,30.22,12.79,61.09,0.0,2.09,18.42,94.04,22.33,11.2,PNQ,18.52,73.86,semi_arid,NASA_POWER_daily_ag,3.764,9.046,1.3303,dewpoint,770.4,28.894
2015-01-29,20.64,29.43,12.98,59.88,0.0,1.03,18.62,94.16,19.58,11.33,PNQ,18.52,73.86,semi_arid,NASA_POWER_daily_ag,3.317,9.191,1.3418,dewpoint,757.4,29.011
2015-01-30,21.09,29.93,14.33,54.12,0.0,2.71,18.53,94.38,20.93,10.6,PNQ,18.52,73.86,semi_arid,NASA_POWER_daily_ag,4.38,9.01,1.2782,dewpoint,733.5,29.131
2015-01-31,21.71,30.56,14.48,46.87,0.0,2.62,18.39,94.37,25.59,8.92,PNQ,18.52,73.86,semi_arid,NASA_POWER_daily_ag,4.67,8.714,1.1419,dewpoint,734.5,29.252
2015-02-01,21.19,30.81,14.25,50.09,0.0,1.99,18.25,94.28,18.15,9.36,PNQ,18.52,73.86,semi_arid,NASA_POWER_daily_ag,4.098,8.763,1.1763,dewpoint,744.3,29.374
2015-02-02,21.66,31.44,13.63,50.09,0.0,1.74,19.17,94.29,16.02,9.43,PNQ,18.52,73.86,semi_arid,NASA_POWER_daily_ag,4.1,9.12,1.1818,dewpoint,743.2,29.499
2015-02-03,21.96,31.07,13.5,46.4,0.0,1.54,19.32,94.51,15.32,8.67,PNQ,18.52,73.86,semi_arid,NASA_POWER_daily_ag,4.072,9.105,1.1227,dewpoint,719.3,29.625
2015-02-04,22.19,30.86,14.31,40.66,0.0,2.21,20.23,94.51,35.29,6.84,PNQ,18.52,73.86,semi_arid,NASA_POWER_daily_ag,4.839,9.144,0.9909,dewpoint,719.3,29.752
2015-02-05,22.2,31.15,13.41,37.22,0.0,1.74,19.39,94.33,66.79,5.51,PNQ,18.52,73.86,semi_arid,NASA_POWER_daily_ag,4.458,8.749,0.9039,dewpoint,738.9,29.881
2015-02-06,21.82,30.53,13.91,42.43,0.0,2.04,17.28,94.27,60.0,7.3,PNQ,18.52,73.86,semi_arid,NASA_POWER_daily_ag,4.385,8.348,1.0227,dewpoint,745.4,30.011
2015-02-07,21.4,31.16,13.3,47.67,0.0,2.25,20.12,94.21,43.62,7.79,PNQ,18.52,73.86,semi_arid,NASA_POWER_daily_ag,4.655,9.401,1.0575,dewpoint,751.9,30.143
2015-02-08,19.99,29.2,13.95,50.83,0.0,1.61,21.27,94.23,27.07,7.64,PNQ,18.52,73.86,semi_arid,NASA_POWER_daily_ag,4.067,9.874,1.0467,dewpoint,749.7,30.276
2015-02-09,21.14,31.2,11.79,44.09,0.0,2.23,20.92,94.19,24.09,7.5,PNQ,18.52,73.86,semi_arid,NASA_POWER_daily_ag,4.704,9.763,1.0368,dewpoint,754.1,30.41
2015-02-10,23.55,31.75,17.57,47.64,0.08,2.34,19.98,94.25,23.74,10.65,PNQ,18.52,73.86,semi_arid,NASA_POWER_daily_ag,4.928,9.735,1.2825,dewpoint,747.6,30.545
2015-02-11,22.56,31.71,15.69,49.97,0.0,1.98,20.2,94.23,24.05,10.07,PNQ,18.52,73.86,semi_arid,NASA_POWER_daily_ag,4.552,9.825,1.2337,dewpoint,749.7,30.681
2015-02-12,22.08,31.62,14.6,46.66,0.0,1.58,20.57,94.22,20.17,8.85,PNQ,18.52,73.86,semi_arid,NASA_POWER_daily_ag,4.296,9.844,1.1365,dewpoint,750.8,30.817
2015-02-13,22.24,32.52,14.44,40.11,0.0,1.88,21.33,94.2,16.31,6.53,PNQ,18.52,73.86,semi_arid,NASA_POWER_daily_ag,4.753,9.743,0.97,dewpoint,753.0,30.955
2015-02-14,22.28,32.79,14.18,37.52,0.0,1.5,21.75,94.12,15.56,4.9,PNQ,18.52,73.86,semi_arid,NASA_POWER_daily_ag,4.521,9.667,0.8662,dewpoint,761.7,31.093
2015-02-15,22.67,33.36,14.57,38.45,0.0,1.89,22.05,94.13,15.33,5.45,PNQ,18.52,73.86,semi_arid,NASA_POWER_daily_ag,4.961,9.846,0.9001,dewpoint,760.6,31.232
2015-02-16,23.12,34.23,14.22,37.29,0.0,1.67,22.55,94.22,19.41,4.79,PNQ,18.52,73.86,semi_arid,NASA_POWER_daily_ag,4.895,9.91,0.8596,dewpoint,750.8,31.372
2015-02-17,23.18,34.27,14.78,37.28,0.0,2.15,22.56,94.16,17.42,5.37,PNQ,18.52,73.86,semi_arid,NASA_POWER_daily_ag,5.35,10.027,0.8951,dewpoint,757.4,31.512
2015-02-18,22.18,32.55,14.67,37.83,0.0,2.09,23.38,94.07,19.14,4.68,PNQ,18.52,73.86,semi_arid,NASA_POWER_daily_ag,5.231,10.325,0.853,dewpoint,767.1,31.652
2015-02-19,22.55,33.2,14.27,49.91,0.0,1.64,22.8,94.05,20.58,8.3,PNQ,18.52,73.86,semi_arid,NASA_POWER_daily_ag,4.713,10.77,1.0949,dewpoint,769.3,31.792
2015-02-20,23.16,33.55,14.61,40.9,0.0,1.67,22.75,94.12,15.77,6.61,PNQ,18.52,73.86,semi_arid,NASA_POWER_daily_ag,4.911,10.473,0.9753,dewpoint,761.7,31.933
2015-02-21,24.07,33.55,15.56,32.81,0.0,2.79,22.05,94.15,19.18,5.48,PNQ,18.52,73.86,semi_arid,NASA_POWER_daily_ag,6.118,10.059,0.902,dewpoint,758.4,32.074
2015-02-22,24.72,34.14,16.42,33.54,0.0,2.34,21.98,94.21,18.92,6.06,PNQ,18.52,73.86,semi_arid,NASA_POWER_daily_ag,5.8,10.102,0.939,dewpoint,751.9,32.215
2015-02-23,24.12,33.98,15.36,34.07,0.0,2.17,21.62,94.21,16.9,5.25,PNQ,18.52,73.86,semi_arid,NASA_POWER_daily_ag,5.548,9.952,0.8877,dewpoint,751.9,32.356
2015-02-24,24.38,34.44,16.52,42.31,0.0,1.5,21.94,94.05,18.54,7.96,PNQ,18.52,73.86,semi_arid,NASA_POWER_daily_ag,4.844,10.459,1.0698,dewpoint,769.3,32.497
2015-02-25,23.3,33.41,15.59,49.88,0.0,1.98,22.01,93.96,12.42,10.02,PNQ,18.52,73.86,semi_arid,NASA_POWER_daily_ag,4.994,10.948,1.2296,dewpoint,779.1,32.638
2015-02-26,21.7,31.79,14.61,51.85,0.0,2.39,22.44,93.9,16.45,9.64,PNQ,18.52,73.86,semi_arid,NASA_POWER_daily_ag,5.009,11.196,1.1987,dewpoint,785.7,32.778
2015-02-27,20.88,30.78,13.35,51.63,0.0,2.31,23.74,93.94,16.9,9.07,PNQ,18.52,73.86,semi_arid,NASA_POWER_daily_ag,4.967,11.736,1.1535,dewpoint,781.3,32.918
2015-02-28,20.87,29.95,14.49,66.25,14.91,2.54,11.2,93.9,75.25,12.5,PNQ,18.52,73.86,semi_arid,NASA_POWER_daily_ag,3.468,7.035,1.4495,dewpoint,785.7,33.057
2015-03-01,19.9,26.57,16.28,82.23,17.15,3.84,7.83,93.81,86.99,16.46,PNQ,18.52,73.86,semi_arid,NASA_POWER_daily_ag,2.311,5.668,1.8724,dewpoint,795.5,33.196
2015-03-02,19.17,25.75,14.06,74.75,1.13,3.04,20.03,94.15,46.14,13.74,PNQ,18.52,73.86,semi_arid,NASA_POWER_daily_ag,3.809,11.189,1.5718,dewpoint,758.4,33.335
2015-03-03,18.01,26.66,12.15,64.59,0.0,2.05,24.92,94.22,22.03,9.3,PNQ,18.52,73.86,semi_arid,NASA_POWER_daily_ag,4.339,12.64,1.1715,dewpoint,750.8,33.473
2015-03-04,18.13,28.39,9.9,55.22,0.0,1.32,25.02,94.15,20.68,6.01,PNQ,18.52,73.86,semi_arid,NASA_POWER_daily_ag,4.252,12.169,0.9358,dewpoint,758.4,33.61
2015-03-05,20.25,31.94,10.69,53.75,0.0,1.77,24.88,94.13,14.86,7.76,PNQ,18.52,73.86,semi_arid,NASA_POWER_daily_ag,4.78,12.228,1.0554,dewpoint,760.6,33.746
2015-03-06,22.26,33.33,12.76,48.04,0.0,1.55,24.54,94.26,14.41,8.37,PNQ,18.52,73.86,semi_arid,NASA_POWER_daily_ag,4.921,12.079,1.1001,dewpoint,746.5,33.882
2015-03-07,22.94,33.23,14.26,43.26,0.0,1.91,24.19,94.21,16.11,8.01,PNQ,18.52,73.86,semi_arid,NASA_POWER_daily_ag,5.309,11.864,1.0735,dewpoint,751.9,34.016
2015-03-08,23.24,33.4,15.03,45.81,0.0,1.67,24.17,94.21,14.2,8.9,PNQ,18.52,73.86,semi_arid,NASA_POWER_daily_ag,5.13,12.007,1.1403,dewpoint,751.9,34.15
2015-03-09,23.68,33.29,14.64,50.04,0.0,1.74,23.01,94.3,18.25,10.91,PNQ,18.52,73.86,semi_arid,NASA_POWER_daily_ag,5.055,11.94,1.3049,dewpoint,742.1,34.282
2015-03-10,25.59,33.18,19.51,58.9,0.8,2.49,20.34,94.33,34.94,15.81,PNQ,18.52,73.86,semi_arid,NASA_POWER_daily_ag,5.188,11.481,1.7963,dewpoint,738.9,34.413
2015-03-11,25.12,31.23,19.37,57.95,0.32,1.56,21.1,94.31,33.77,15.47,PNQ,18.52,73.86,semi_arid,NASA_POWER_daily_ag,4.695,11.863,1.7576,dewpoint,741.1,34.543
2015-03-12,26.24,34.29,18.51,45.78,0.0,2.07,23.7,94.28,17.78,11.87,PNQ,18.52,73.86,semi_arid,NASA_POWER_daily_ag,5.839,12.31,1.3906,dewpoint,744.3,34.672
2015-03-13,26.42,35.01,17.73,49.15,1.12,2.01,22.05,94.14,27.95,13.79,PNQ,18.52,73.86,semi_arid,NASA_POWER_daily_ag,5.509,11.978,1.5769,dewpoint,759.5,34.8
2015-03-14,26.14,34.3,19.75,54.76,1.58,2.59,22.63,94.13,32.38,14.73,PNQ,18.52,73.86,semi_arid,NASA_POWER_daily_ag,5.813,12.395,1.6759,dewpoint,760.6,34.926
2015-03-15,23.92,32.16,18.38,66.11,0.35,2.19,23.26,94.22,18.83,15.81,PNQ,18.52,73.86,semi_arid,NASA_POWER_daily_ag,4.992,13.03,1.7963,dewpoint,750.8,35.051
2015-03-16,23.31,32.45,16.66,63.04,0.01,2.14,23.76,94.32,21.86,14.21,PNQ,18.52,73.86,semi_arid,NASA_POWER_daily_ag,5.067,13.024,1.6205,dewpoint,740.0,35.174
2015-03-17,23.95,34.46,15.32,44.84,0.0,2.06,25.01,94.24,20.32,9.52,PNQ,18.52,73.86,semi_arid,NASA_POWER_daily_ag,5.693,12.69,1.189,dewpoint,748.7,35.296
2015-03-18,25.72,35.24,16.3,40.82,0.0,1.64,24.95,94.01,42.02,10.15,PNQ,18.52,73.86,semi_arid,NASA_POWER_daily_ag,5.648,12.741,1.2404,dewpoint,773.7,35.416
2015-03-19,27.48,36.68,19.21,43.43,0.0,2.18,24.35,94.03,16.23,12.34,PNQ,18.52,73.86,semi_arid,NASA_POWER_daily_ag,6.272,12.756,1.4343,dewpoint,771.5,35.534
2015-03-20,28.02,36.95,19.96,41.8,0.0,2.12,22.59,94.12,36.25,12.31,PNQ,18.52,73.86,semi_arid,NASA_POWER_daily_ag,6.133,11.994,1.4315,dewpoint,761.7,35.651
2015-03-21,28.55,37.28,20.39,42.05,0.0,1.63,22.26,94.22,27.75,12.65,PNQ,18.52,73.86,semi_arid,NASA_POWER_daily_ag,5.694,11.909,1.4638,dewpoint,750.8,35.766
2015-03-22,28.96,37.95,21.24,41.01,0.0,1.52,23.4,94.16,32.7,12.39,PNQ,18.52,73.86,semi_arid,NASA_POWER_daily_ag,5.787,12.317,1.439,dewpoint,757.4,35.88
2015-03-23,28.6,36.45,22.81,36.58,0.0,1.48,22.13,94.04,39.8,11.04,PNQ,18.52,73.86,semi_arid,NASA_POWER_daily_ag,5.58,11.594,1.3162,dewpoint,770.4,35.991
2015-03-24,29.31,38.75,21.07,34.55,0.0,1.49,23.98,93.94,17.95,10.21,PNQ,18.52,73.86,semi_arid,NASA_POWER_daily_ag,5.936,12.19,1.2454,dewpoint,781.3,36.101
2015-03-25,29.67,38.9,21.2,34.54,0.0,2.6,24.36,93.98,36.62,10.37,PNQ,18.52,73.86,semi_arid,NASA_POWER_daily_ag,7.317,12.384,1.2587,dewpoint,776.9,36.209
2015-03-26,30.09,38.36,23.76,40.1,0.0,1.47,21.12,94.12,55.91,13.04,PNQ,18.52,73.86,semi_arid,NASA_POWER_daily_ag,5.611,11.464,1.5017,dewpoint,761.7,36.315
2015-03-27,29.49,38.08,21.9,46.11,0.03,1.82,20.77,94.17,39.89,14.12,PNQ,18.52,73.86,semi_arid,NASA_POWER_daily_ag,5.819,11.564,1.6111,dewpoint,756.3,36.419
2015-03-28,29.1,38.06,21.83,48.14,0.12,1.45,21.77,94.04,52.78,14.65,PNQ,18.52,73.86,semi_arid,NASA_POWER_daily_ag,5.486,12.121,1.6673,dewpoint,770.4,36.521
2015-03-29,27.79,35.42,22.36,49.59,2.6,1.56,18.47,93.96,85.36,15.06,PNQ,18.52,73.86,semi_arid,NASA_POWER_daily_ag,4.932,10.76,1.7119,dewpoint,779.1,36.621
2015-03-30,27.81,34.61,22.34,47.2,0.41,1.76,21.61,93.94,51.79,14.7,PNQ,18.52,73.86,semi_arid,NASA_POWER_daily_ag,5.55,12.192,1.6727,dewpoint,781.3,36.719
2015-03-31,27.32,36.77,19.66,33.34,0.0,2.21,25.32,94.0,25.29,7.71,PNQ,18.52,73.86,semi_arid,NASA_POWER_daily_ag,6.713,12.608,1.0518,dewpoint,774.8,36.815
2015-04-01,27.39,37.63,18.81,29.11,0.0,1.93,25.72,93.94,19.27,5.54,PNQ,18.52,73.86,semi_arid,NASA_POWER_daily_ag,6.537,12.412,0.9057,dewpoint,781.3,36.909
2015-04-02,26.29,36.76,18.43,38.19,0.0,2.67,26.1,93.93,14.8,7.65,PNQ,18.52,73.86,semi_arid,NASA_POWER_daily_ag,7.043,13.005,1.0475,dewpoint,782.4,37.001
2015-04-03,25.55,35.13,18.19,52.84,0.0,3.16,26.75,93.85,15.49,12.29,PNQ,18.52,73.86,semi_arid,NASA_POWER_daily_ag,6.879,14.267,1.4296,dewpoint,791.1,37.091
2015-04-04,24.67,34.84,16.2,52.11,0.0,3.04,27.19,93.73,15.77,10.67,PNQ,18.52,73.86,semi_arid,NASA_POWER_daily_ag,6.798,14.255,1.2842,dewpoint,804.2,37.178
2015-04-05,25.83,36.24,16.97,56.74,0.0,2.68,25.7,93.74,21.82,12.95,PNQ,18.52,73.86,semi_arid,NASA_POWER_daily_ag,6.471,13.965,1.4929,dewpoint,803.1,37.264
2015-04-06,26.12,37.3,17.85,51.43,0.0,2.32,24.19,93.7,23.4,10.78,PNQ,18.52,73.86,semi_arid,NASA_POWER_daily_ag,6.289,12.854,1.2936,dewpoint,807.5,37.348
2015-04-07,25.78,36.84,16.34,54.56,0.0,2.52,25.04,93.77,17.57,12.38,PNQ,18.52,73.86,semi_arid,NASA_POWER_daily_ag,6.339,13.593,1.4381,dewpoint,799.8,37.429
2015-04-08,27.57,37.92,19.21,54.96,0.0,2.25,24.41,93.86,16.72,14.94,PNQ,18.52,73.86,semi_arid,NASA_POWER_daily_ag,6.256,13.663,1.6988,dewpoint,790.0,37.508
2015-04-09,28.33,38.61,20.3,53.11,0.0,2.17,23.16,93.88,23.81,15.38,PNQ,18.52,73.86,semi_arid,NASA_POWER_daily_ag,6.168,13.117,1.7475,dewpoint,787.8,37.586
2015-04-10,27.91,36.76,21.63,59.07,0.05,2.34,20.68,93.97,42.1,17.55,PNQ,18.52,73.86,semi_arid,NASA_POWER_daily_ag,5.639,12.32,2.0063,dewpoint,778.0,37.661
2015-04-11,27.66,36.12,21.36,56.63,0.24,2.22,22.3,94.03,27.43,16.47,PNQ,18.52,73.86,semi_arid,NASA_POWER_daily_ag,5.847,12.972,1.8736,dewpoint,771.5,37.734
2015-04-12,26.11,34.98,19.58,51.72,0.12,2.53,24.56,94.14,28.95,12.32,PNQ,18.52,73.86,semi_arid,NASA_POWER_daily_ag,6.395,13.405,1.4324,dewpoint,759.5,37.805
2015-04-13,25.23,34.11,18.09,52.62,0.37,2.3,23.49,94.11,41.78,12.32,PNQ,18.52,73.86,semi_arid,NASA_POWER_daily_ag,5.908,13.02,1.4324,dewpoint,762.8,37.874
2015-04-14,26.1,34.53,18.41,51.18,0.04,2.05,18.4,93.96,59.41,13.05,PNQ,18.52,73.86,semi_arid,NASA_POWER_daily_ag,5.244,10.792,1.5027,dewpoint,779.1,37.941
2015-04-15,27.81,35.14,20.02,46.46,0.0,1.47,24.09,94.0,31.99,13.68,PNQ,18.52,73.86,semi_arid,NASA_POWER_daily_ag,5.754,13.454,1.5657,dewpoint,774.8,38.005
2015-04-16,28.91,35.43,23.14,43.46,0.01,1.86,23.64,94.21,31.45,14.42,PNQ,18.52,73.86,semi_arid,NASA_POWER_daily_ag,6.198,13.278,1.6427,dewpoint,751.9,38.068
2015-04-17,29.74,38.08,23.02,45.29,0.0,2.07,23.45,94.06,24.95,14.88,PNQ,18.52,73.86,semi_arid,NASA_POWER_daily_ag,6.492,13.199,1.6922,dewpoint,768.2,38.128
2015-04-18,29.79,39.44,21.03,47.19,0.0,1.96,26.13,93.82,13.08,14.18,PNQ,18.52,73.86,semi_arid,NASA_POWER_daily_ag,6.798,14.328,1.6174,dewpoint,794.4,38.187
2015-04-19,31.12,40.39,22.58,35.32,0.0,1.84,24.83,93.78,29.27,11.92,PNQ,18.52,73.86,semi_arid,NASA_POWER_daily_ag,6.834,13.231,1.3952,dewpoint,798.7,38.244
2015-04-20,31.96,40.38,24.54,34.27,0.0,1.46,22.57,93.88,55.87,12.72,PNQ,18.52,73.86,semi_arid,NASA_POWER_daily_ag,6.17,12.342,1.4706,dewpoint,787.8,38.298
2015-04-21,31.47,39.87,24.6,37.16,0.0,1.87,23.88,93.89,41.72,13.67,PNQ,18.52,73.86,semi_arid,NASA_POWER_daily_ag,6.74,13.11,1.5647,dewpoint,786.7,38.351
2015-04-22,29.97,38.81,23.88,51.34,0.0,2.75,23.34,93.88,39.93,16.84,PNQ,18.52,73.86,semi_arid,NASA_POWER_daily_ag,6.931,13.512,1.9182,dewpoint,787.8,38.402
2015-04-23,29.22,38.77,22.07,49.93,0.0,3.05,24.12,93.93,17.74,14.84,PNQ,18.52,73.86,semi_arid,NASA_POWER_daily_ag,7.307,13.571,1.6879,dewpoint,782.4,38.45
2015-04-24,28.23,37.66,20.71,45.77,0.0,2.93,27.06,93.96,16.45,11.38,PNQ,18.52,73.86,semi_arid,NASA_POWER_daily_ag,7.661,14.335,1.3462,dewpoint,779.1,38.497
2015-04-25,27.53,37.54,18.47,47.95,0.0,2.56,27.67,93.86,24.36,10.03,PNQ,18.52,73.86,semi_arid,NASA_POWER_daily_ag,7.35,14.444,1.2304,dewpoint,790.0,38.542
2015-04-26,28.2,38.87,19.69,52.49,0.0,2.57,26.7,93.89,16.47,14.06,PNQ,18.52,73.86,semi_arid,NASA_POWER_daily_ag,7.071,14.72,1.6048,dewpoint,786.7,38.585
2015-04-27,29.57,39.91,21.28,49.93,0.0,2.27,26.19,93.97,14.46,14.58,PNQ,18.52,73.86,semi_arid,NASA_POWER_daily_ag,7.037,14.5,1.6598,dewpoint,778.0,38.627
2015-04-28,29.56,39.4,21.43,49.23,0.03,3.26,26.34,93.99,13.86,14.35,PNQ,18.52,73.86,semi_arid,NASA_POWER_daily_ag,7.92,14.545,1.6353,dewpoint,775.8,38.666
2015-04-29,29.23,39.49,20.97,52.88,0.0,3.34,27.2,93.89,11.85,14.9,PNQ,18.52,73.86,semi_arid,NASA_POWER_daily_ag,7.918,15.085,1.6944,dewpoint,786.7,38.704
2015-04-30,28.67,38.94,20.58,53.31,0.0,3.18,27.28,93.98,16.22,14.18,PNQ,18.52,73.86,semi_arid,NASA_POWER_daily_ag,7.73,15.01,1.6174,dewpoint,776.9,38.74
2015-05-01,28.3,37.85,20.54,53.8,0.0,2.98,27.8,93.93,12.76,14.76,PNQ,18.52,73.86,semi_arid,NASA_POWER_daily_ag,7.481,15.437,1.6792,dewpoint,782.4,38.775
2015-05-02,28.57,39.93,19.05,50.54,0.03,3.03,27.8,93.84,13.15,13.33,PNQ,18.52,73.86,semi_arid,NASA_POWER_daily_ag,7.748,15.098,1.5304,dewpoint,792.2,38.808
2015-05-03,28.27,38.42,19.76,53.3,0.05,3.01,27.61,93.87,13.58,14.2,PNQ,18.52,73.86,semi_arid,NASA_POWER_daily_ag,7.538,15.244,1.6195,dewpoint,788.9,38.839
2015-05-04,29.39,40.01,19.83,49.47,0.01,2.46,26.46,93.84,20.83,13.56,PNQ,18.52,73.86,semi_arid,NASA_POWER_daily_ag,7.301,14.516,1.5535,dewpoint,792.2,38.869
2015-05-05,30.62,39.91,22.62,45.15,1.57,1.43,22.5,93.81,52.84,15.02,PNQ,18.52,73.86,semi_arid,NASA_POWER_daily_ag,5.905,12.875,1.7075,dewpoint,795.5,38.897
2015-05-06,31.01,39.53,23.27,39.55,1.59,1.68,26.45,93.77,26.88,13.4,PNQ,18.52,73.86,semi_arid,NASA_POWER_daily_ag,6.838,14.391,1.5374,dewpoint,799.8,38.924
2015-05-07,30.4,39.82,21.75,43.78,0.01,2.34,25.92,93.85,19.66,14.37,PNQ,18.52,73.86,semi_arid,NASA_POWER_daily_ag,7.296,14.389,1.6374,dewpoint,791.1,38.949
2015-05-08,30.9,40.39,22.78,44.83,0.02,2.65,24.49,93.79,42.53,14.72,PNQ,18.52,73.86,semi_arid,NASA_POWER_daily_ag,7.489,13.744,1.6748,dewpoint,797.6,38.973
2015-05-09,30.52,39.29,23.18,46.6,0.64,2.73,24.17,93.67,43.08,15.4,PNQ,18.52,73.86,semi_arid,NASA_POWER_daily_ag,7.364,13.755,1.7498,dewpoint,810.7,38.995
2015-05-10,30.25,39.08,22.06,45.39,0.14,2.51,24.79,93.72,34.3,14.36,PNQ,18.52,73.86,semi_arid,NASA_POWER_daily_ag,7.283,13.896,1.6363,dewpoint,805.3,39.016
2015-05-11,30.74,40.28,23.04,43.96,0.1,3.0,25.1,93.77,11.02,14.55,PNQ,18.52,73.86,semi_arid,NASA_POWER_daily_ag,7.869,14.003,1.6566,dewpoint,799.8,39.036
2015-05-12,29.68,38.8,23.3,53.32,0.32,2.89,24.85,93.8,20.0,16.85,PNQ,18.52,73.86,semi_arid,NASA_POWER_daily_ag,7.186,14.385,1.9194,dewpoint,796.6,39.055
2015-05-13,26.79,33.48,23.07,67.29,30.91,2.06,21.68,93.82,71.33,19.17,PNQ,18.52,73.86,semi_arid,NASA_POWER_daily_ag,5.204,13.348,2.2208,dewpoint,794.4,39.072
2015-05-14,27.25,32.69,22.0,69.78,24.56,1.47,20.33,93.9,87.86,20.59,PNQ,18.52,73.86,semi_arid,NASA_POWER_daily_ag,4.719,12.884,2.4251,dewpoint,785.7,39.089
2015-05-15,27.75,32.21,22.86,67.98,1.56,1.27,20.81,93.91,76.77,20.63,PNQ,18.52,73.86,semi_arid,NASA_POWER_daily_ag,4.802,13.149,2.431,dewpoint,784.6,39.104
2015-05-16,29.61,36.55,23.81,59.41,0.81,1.19,23.46,93.68,51.95,19.73,PNQ,18.52,73.86,semi_arid,NASA_POWER_daily_ag,5.522,14.308,2.2995,dewpoint,809.6,39.118
2015-05-17,28.66,36.21,23.49,61.3,0.02,2.59,25.77,93.57,24.95,18.65,PNQ,18.52,73.86,semi_arid,NASA_POWER_daily_ag,6.609,15.32,2.1499,dewpoint,821.7,39.131
2015-05-18,28.64,36.8,23.4,63.87,0.0,3.49,26.39,93.62,33.13,19.5,PNQ,18.52,73.86,semi_arid,NASA_POWER_daily_ag,6.991,15.818,2.2669,dewpoint,816.2,39.143
2015-05-19,27.87,35.82,22.52,66.32,0.0,3.83,26.63,93.74,19.65,19.78,PNQ,18.52,73.86,semi_arid,NASA_POWER_daily_ag,6.806,16.065,2.3066,dewpoint,803.1,39.154
2015-05-20,28.28,36.74,22.73,64.94,0.0,3.72,25.81,93.8,34.52,19.67,PNQ,18.52,73.86,semi_arid,NASA_POWER_daily_ag,6.84,15.569,2.2909,dewpoint,796.6,39.164
2015-05-21,27.99,36.19,22.85,66.07,0.0,3.98,25.17,93.82,21.63,19.9,PNQ,18.52,73.86,semi_arid,NASA_POWER_daily_ag,6.685,15.292,2.3238,dewpoint,794.4,39.173
2015-05-22,27.54,34.5,23.09,69.2,0.0,3.69,25.96,93.8,22.8,20.63,PNQ,18.52,73.86,semi_arid,NASA_POWER_daily_ag,6.348,15.923,2.431,dewpoint,796.6,39.181
2015-05-23,26.86,32.46,23.58,71.53,0.0,3.77,25.92,93.79,19.88,20.57,PNQ,18.52,73.86,semi_arid,NASA_POWER_daily_ag,6.104,15.934,2.4221,dewpoint,797.6,39.189
2015-05-24,27.83,34.51,23.42,67.82,0.0,3.79,26.68,93.86,20.66,20.25,PNQ,18.52,73.86,semi_arid,NASA_POWER_daily_ag,6.681,16.22,2.3747,dewpoint,790.0,39.195
2015-05-25,27.31,33.28,23.72,71.56,0.0,3.87,26.04,93.89,22.91,21.0,PNQ,18.52,73.86,semi_arid,NASA_POWER_daily_ag,6.221,16.07,2.487,dewpoint,786.7,39.201
2015-05-26,27.9,35.27,22.97,66.56,0.0,3.92,25.35,93.88,31.19,19.84,PNQ,18.52,73.86,semi_arid,NASA_POWER_daily_ag,6.671,15.404,2.3152,dewpoint,787.8,39.207
2015-05-27,28.51,36.97,23.02,64.24,0.01,4.17,26.42,93.82,18.6,19.41,PNQ,18.52,73.86,semi_arid,NASA_POWER_daily_ag,7.251,15.826,2.2542,dewpoint,794.4,39.211
2015-05-28,28.72,37.15,22.78,63.11,0.01,4.32,26.27,93.69,20.3,19.34,PNQ,18.52,73.86,semi_arid,NASA_POWER_daily_ag,7.401,15.735,2.2444,dewpoint,808.6,39.215
2015-05-29,28.68,35.9,23.64,64.24,0.58,3.67,18.14,93.72,71.35,19.87,PNQ,18.52,73.86,semi_arid,NASA_POWER_daily_ag,5.903,11.527,2.3195,dewpoint,805.3,39.219
2015-05-30,28.35,34.83,23.87,64.23,0.76,2.69,10.61,93.82,86.28,19.95,PNQ,18.52,73.86,semi_arid,NASA_POWER_daily_ag,4.227,7.511,2.3311,dewpoint,794.4,39.221
2015-05-31,29.22,37.62,22.89,57.62,0.04,3.44,24.85,93.62,22.98,18.06,PNQ,18.52,73.86,semi_arid,NASA_POWER_daily_ag,7.235,14.71,2.0718,dewpoint,816.2,39.224
2015-06-01,27.63,34.88,23.1,62.34,0.09,3.9,22.22,93.57,60.4,18.32,PNQ,18.52,73.86,semi_arid,NASA_POWER_daily_ag,6.502,13.479,2.1059,dewpoint,821.7,39.225
2015-06-02,27.2,34.07,22.17,64.3,0.01,3.65,26.29,93.7,16.38,18.64,PNQ,18.52,73.86,semi_arid,NASA_POWER_daily_ag,6.693,15.708,2.1485,dewpoint,807.5,39.227
2015-06-03,28.65,37.37,22.15,57.69,0.04,2.98,27.08,93.6,13.2,17.12,PNQ,18.52,73.86,semi_arid,NASA_POWER_daily_ag,7.217,15.67,1.9525,dewpoint,818.4,39.227
2015-06-04,29.19,36.73,23.05,57.28,4.3,2.54,26.06,93.6,20.24,17.84,PNQ,18.52,73.86,semi_arid,NASA_POWER_daily_ag,6.875,15.307,2.0433,dewpoint,818.4,39.228
2015-06-05,26.33,31.06,23.53,74.54,8.67,1.93,10.85,93.75,99.19,20.93,PNQ,18.52,73.86,semi_arid,NASA_POWER_daily_ag,3.205,7.697,2.4763,dewpoint,802.0,39.228
2015-06-06,27.37,33.03,23.38,69.72,1.61,1.42,24.44,93.63,63.76,20.53,PNQ,18.52,73.86,semi_arid,NASA_POWER_daily_ag,5.367,15.113,2.4161,dewpoint,815.1,39.227
2015-06-07,26.96,32.09,23.74,76.35,17.58,2.38,19.85,93.54,83.06,21.97,PNQ,18.52,73.86,semi_arid,NASA_POWER_daily_ag,4.669,12.827,2.6391,dewpoint,824.9,39.227
2015-06-08,26.29,31.37,22.44,76.93,7.26,2.83,23.18,93.58,60.07,21.49,PNQ,18.52,73.86,semi_arid,NASA_POWER_daily_ag,5.127,14.662,2.5629,dewpoint,820.6,39.226
2015-06-09,25.87,31.08,22.5,77.49,7.44,3.44,23.58,93.71,83.97,21.21,PNQ,18.52,73.86,semi_arid,NASA_POWER_daily_ag,5.177,14.837,2.5193,dewpoint,806.4,39.224
2015-06-10,25.98,30.56,23.1,78.75,5.88,3.37,23.63,93.67,56.79,21.63,PNQ,18.52,73.86,semi_arid,NASA_POWER_daily_ag,5.114,14.946,2.5849,dewpoint,810.7,39.222
2015-06-11,26.15,31.35,22.61,81.24,29.3,3.22,18.87,93.63,80.33,22.32,PNQ,18.52,73.86,semi_arid,NASA_POWER_daily_ag,4.319,12.347,2.6959,dewpoint,815.1,39.22
2015-06-12,24.68,27.18,22.8,86.17,26.5,3.74,17.58,93.62,98.51,22.11,PNQ,18.52,73.86,semi_arid,NASA_POWER_daily_ag,3.655,11.635,2.6617,dewpoint,816.2,39.218
2015-06-13,23.96,27.14,22.48,86.04,9.12,3.98,10.93,93.56,98.91,21.36,PNQ,18.52,73.86,semi_arid,NASA_POWER_daily_ag,2.747,7.78,2.5425,dewpoint,822.7,39.216
2015-06-14,23.48,26.84,21.31,86.86,13.28,3.64,11.27,93.55,99.27,21.08,PNQ,18.52,73.86,semi_arid,NASA_POWER_daily_ag,2.669,7.968,2.4993,dewpoint,823.8,39.213
2015-06-15,23.89,28.39,20.89,81.17,7.35,3.46,13.01,93.57,99.66,20.18,PNQ,18.52,73.86,semi_arid,NASA_POWER_daily_ag,3.309,8.889,2.3645,dewpoint,821.7,39.21
2015-06-16,24.38,29.8,20.98,79.17,6.61,3.73,18.6,93.5,85.29,20.12,PNQ,18.52,73.86,semi_arid,NASA_POWER_daily_ag,4.263,11.953,2.3557,dewpoint,829.3,39.207
2015-06-17,24.24,29.03,21.23,80.45,9.2,4.22,13.21,93.34,95.47,20.4,PNQ,18.52,73.86,semi_arid,NASA_POWER_daily_ag,3.508,9.007,2.3968,dewpoint,846.8,39.204
2015-06-18,24.3,28.05,21.7,85.39,60.78,4.79,12.81,93.29,99.26,21.54,PNQ,18.52,73.86,semi_arid,NASA_POWER_daily_ag,3.124,8.857,2.5707,dewpoint,852.3,39.2
2015-06-19,24.12,26.7,22.7,87.56,46.95,5.92,9.48,93.27,98.47,21.84,PNQ,18.52,73.86,semi_arid,NASA_POWER_daily_ag,2.569,6.968,2.6183,dewpoint,854.5,39.196
2015-06-20,24.52,27.42,22.48,89.6,33.33,7.08,8.95,93.06,99.97,22.65,PNQ,18.52,73.86,semi_arid,NASA_POWER_daily_ag,2.37,6.676,2.7505,dewpoint,877.5,39.192
2015-06-21,24.34,26.78,22.19,90.82,97.51,6.51,5.79,93.0,99.69,22.72,PNQ,18.52,73.86,semi_arid,NASA_POWER_daily_ag,1.849,4.831,2.7622,dewpoint,884.1,39.188
2015-06-22,24.08,25.47,23.09,92.71,39.46,7.06,7.5,93.04,98.03,22.83,PNQ,18.52,73.86,semi_arid,NASA_POWER_daily_ag,1.834,5.83,2.7807,dewpoint,879.7,39.184
2015-06-23,24.62,26.61,23.03,90.63,59.38,8.49,5.15,93.04,99.54,22.97,PNQ,18.52,73.86,semi_arid,NASA_POWER_daily_ag,1.881,4.45,2.8043,dewpoint,879.7,39.18
2015-06-24,24.01,26.31,22.43,90.41,29.29,7.08,10.06,93.35,99.74,22.31,PNQ,18.52,73.86,semi_arid,NASA_POWER_daily_ag,2.362,7.314,2.6943,dewpoint,845.7,39.175
2015-06-25,24.92,28.31,22.89,87.07,10.28,7.19,12.95,93.37,81.23,22.5,PNQ,18.52,73.86,semi_arid,NASA_POWER_daily_ag,3.148,8.984,2.7256,dewpoint,843.5,39.171
2015-06-26,24.81,28.55,22.62,86.01,0.75,6.58,13.48,93.39,80.6,22.15,PNQ,18.52,73.86,semi_arid,NASA_POWER_daily_ag,3.298,9.266,2.6682,dewpoint,841.3,39.166
2015-06-27,24.77,28.97,22.17,85.06,0.17,5.17,16.3,93.48,63.02,21.9,PNQ,18.52,73.86,semi_arid,NASA_POWER_daily_ag,3.657,10.859,2.6279,dewpoint,831.5,39.161
2015-06-28,24.72,28.94,22.14,85.99,0.54,4.24,18.86,93.7,68.46,22.05,PNQ,18.52,73.86,semi_arid,NASA_POWER_daily_ag,3.864,12.34,2.652,dewpoint,807.5,39.155
2015-06-29,24.68,29.0,21.63,84.97,2.77,3.74,15.87,93.82,91.89,21.76,PNQ,18.52,73.86,semi_arid,NASA_POWER_daily_ag,3.535,10.601,2.6055,dewpoint,794.4,39.15
2015-06-30,24.26,27.94,21.78,86.35,3.36,3.43,12.95,93.8,73.36,21.66,PNQ,18.52,73.86,semi_arid,NASA_POWER_daily_ag,2.993,8.937,2.5896,dewpoint,796.6,39.144
2015-07-01,24.36,28.66,21.33,85.38,1.32,3.42,17.33,93.85,68.48,21.53,PNQ,18.52,73.86,semi_arid,NASA_POWER_daily_ag,3.653,11.414,2.5691,dewpoint,791.1,39.138
2015-07-02,24.56,29.44,21.04,84.54,0.1,3.36,21.8,93.92,51.73,21.52,PNQ,18.52,73.86,semi_arid,NASA_POWER_daily_ag,4.329,13.94,2.5676,dewpoint,783.5,39.132
2015-07-03,24.66,28.94,22.01,84.55,0.11,4.13,20.76,93.93,63.76,21.66,PNQ,18.52,73.86,semi_arid,NASA_POWER_daily_ag,4.208,13.364,2.5896,dewpoint,782.4,39.126
2015-07-04,24.68,28.73,22.3,85.29,0.11,4.91,19.69,93.9,54.35,21.86,PNQ,18.52,73.86,semi_arid,NASA_POWER_daily_ag,4.028,12.783,2.6215,dewpoint,785.7,39.119
2015-07-05,24.84,29.09,22.27,84.16,0.08,5.08,18.41,93.78,65.97,21.77,PNQ,18.52,73.86,semi_arid,NASA_POWER_daily_ag,3.995,12.037,2.6071,dewpoint,798.7,39.112
2015-07-06,24.42,28.28,22.0,84.94,0.08,5.87,17.3,93.66,73.34,21.56,PNQ,18.52,73.86,semi_arid,NASA_POWER_daily_ag,3.758,11.396,2.5738,dewpoint,811.8,39.105
2015-07-07,24.59,28.6,22.19,84.83,0.46,5.68,13.58,93.48,85.55,21.69,PNQ,18.52,73.86,semi_arid,NASA_POWER_daily_ag,3.354,9.289,2.5944,dewpoint,831.5,39.097
2015-07-08,24.51,28.37,22.05,85.51,2.08,5.25,13.6,93.59,82.29,21.75,PNQ,18.52,73.86,semi_arid,NASA_POWER_daily_ag,3.262,9.306,2.6039,dewpoint,819.5,39.089
2015-07-09,24.61,28.49,22.36,86.08,2.02,5.43,15.03,93.69,86.88,21.97,PNQ,18.52,73.86,semi_arid,NASA_POWER_daily_ag,3.398,10.135,2.6391,dewpoint,808.6,39.081
2015-07-10,24.41,27.87,22.13,86.02,1.78,6.06,12.77,93.45,93.54,21.78,PNQ,18.52,73.86,semi_arid,NASA_POWER_daily_ag,3.141,8.837,2.6087,dewpoint,834.8,39.073
2015-07-11,24.38,28.16,21.98,84.82,3.55,5.41,15.51,93.42,84.83,21.47,PNQ,18.52,73.86,semi_arid,NASA_POWER_daily_ag,3.549,10.371,2.5597,dewpoint,838.1,39.064
2015-07-12,24.8,29.52,21.84,83.8,1.0,4.23,16.9,93.56,78.93,21.63,PNQ,18.52,73.86,semi_arid,NASA_POWER_daily_ag,3.794,11.159,2.5849,dewpoint,822.7,39.054
2015-07-13,24.84,29.4,21.56,84.55,0.25,3.39,19.24,93.65,52.04,21.83,PNQ,18.52,73.86,semi_arid,NASA_POWER_daily_ag,4.011,12.518,2.6167,dewpoint,812.9,39.044
2015-07-14,25.08,29.99,21.69,83.65,0.11,3.27,19.65,93.58,58.84,21.85,PNQ,18.52,73.86,semi_arid,NASA_POWER_daily_ag,4.148,12.743,2.6199,dewpoint,820.6,39.034
2015-07-15,24.63,28.89,22.07,84.54,0.3,4.07,17.84,93.42,85.13,21.65,PNQ,18.52,73.86,semi_arid,NASA_POWER_daily_ag,3.823,11.699,2.5881,dewpoint,838.1,39.023
2015-07-16,24.47,28.63,22.09,85.06,1.69,4.72,12.4,93.22,97.88,21.62,PNQ,18.52,73.86,semi_arid,NASA_POWER_daily_ag,3.115,8.61,2.5833,dewpoint,860.0,39.012
2015-07-17,24.23,28.33,21.87,86.22,1.94,4.84,12.63,93.24,98.11,21.63,PNQ,18.52,73.86,semi_arid,NASA_POWER_daily_ag,3.032,8.744,2.5849,dewpoint,857.8,39.0
2015-07-18,24.73,29.13,22.35,84.59,3.48,5.54,13.33,93.39,99.64,21.76,PNQ,18.52,73.86,semi_arid,NASA_POWER_daily_ag,3.357,9.139,2.6055,dewpoint,841.3,38.987
2015-07-19,24.18,27.42,22.32,88.19,5.0,5.73,12.79,93.42,99.86,22.01,PNQ,18.52,73.86,semi_arid,NASA_POWER_daily_ag,2.894,8.858,2.6455,dewpoint,838.1,38.974
2015-07-20,23.73,25.69,22.61,90.93,21.96,4.88,12.69,93.37,99.81,22.14,PNQ,18.52,73.86,semi_arid,NASA_POWER_daily_ag,2.584,8.818,2.6666,dewpoint,843.5,38.96
2015-07-21,23.92,26.35,22.59,90.13,26.35,4.89,5.89,93.36,99.68,22.15,PNQ,18.52,73.86,semi_arid,NASA_POWER_daily_ag,1.843,4.894,2.6682,dewpoint,844.6,38.946
2015-07-22,24.27,27.61,22.44,88.61,15.58,4.94,9.2,93.39,99.9,22.17,PNQ,18.52,73.86,semi_arid,NASA_POWER_daily_ag,2.412,6.799,2.6715,dewpoint,841.3,38.93
2015-07-23,24.84,28.87,22.44,86.31,9.16,4.71,9.87,93.42,98.79,22.22,PNQ,18.52,73.86,semi_arid,NASA_POWER_daily_ag,2.734,7.181,2.6796,dewpoint,838.1,38.914
2015-07-24,23.73,26.86,21.68,87.69,13.13,4.99,10.19,93.6,99.26,21.47,PNQ,18.52,73.86,semi_arid,NASA_POWER_daily_ag,2.566,7.35,2.5597,dewpoint,818.4,38.897
2015-07-25,23.95,27.9,21.6,86.83,9.16,5.0,12.27,93.57,99.93,21.47,PNQ,18.52,73.86,semi_arid,NASA_POWER_daily_ag,2.922,8.525,2.5597,dewpoint,821.7,38.88
2015-07-26,24.16,28.1,21.78,86.13,3.77,5.44,14.86,93.57,99.91,21.54,PNQ,18.52,73.86,semi_arid,NASA_POWER_daily_ag,3.324,9.994,2.5707,dewpoint,821.7,38.861
2015-07-27,23.82,27.37,21.53,86.82,12.43,6.26,11.89,93.69,99.75,21.36,PNQ,18.52,73.86,semi_arid,NASA_POWER_daily_ag,2.914,8.304,2.5425,dewpoint,808.6,38.842
2015-07-28,23.11,25.58,21.63,89.18,15.76,5.93,12.44,93.77,99.84,21.17,PNQ,18.52,73.86,semi_arid,NASA_POWER_daily_ag,2.66,8.614,2.5131,dewpoint,799.8,38.821
2015-07-29,23.1,26.21,21.38,88.07,10.0,5.93,9.02,93.79,99.66,20.95,PNQ,18.52,73.86,semi_arid,NASA_POWER_daily_ag,2.383,6.673,2.4794,dewpoint,797.6,38.8
2015-07-30,23.6,27.33,21.36,86.86,7.72,5.41,10.78,93.79,99.17,21.15,PNQ,18.52,73.86,semi_arid,NASA_POWER_daily_ag,2.727,7.665,2.51,dewpoint,797.6,38.777
2015-07-31,23.66,27.19,21.58,87.28,5.24,4.96,15.21,93.8,90.25,21.3,PNQ,18.52,73.86,semi_arid,NASA_POWER_daily_ag,3.192,10.172,2.5332,dewpoint,796.6,38.754
2015-08-01,23.74,27.54,21.2,86.87,2.84,4.29,18.57,93.92,63.18,21.29,PNQ,18.52,73.86,semi_arid,NASA_POWER_daily_ag,3.633,12.066,2.5317,dewpoint,783.5,38.729
2015-08-02,23.88,28.15,21.01,86.31,0.71,4.23,16.68,93.96,73.69,21.3,PNQ,18.52,73.86,semi_arid,NASA_POWER_daily_ag,3.457,10.991,2.5332,dewpoint,779.1,38.704
2015-08-03,23.59,27.44,21.03,86.39,1.05,4.38,13.53,93.85,93.63,21.03,PNQ,18.52,73.86,semi_arid,NASA_POWER_daily_ag,3.043,9.2,2.4916,dewpoint,791.1,38.677
2015-08-04,23.5,27.24,21.75,88.54,3.12,4.8,9.21,93.72,99.43,21.4,PNQ,18.52,73.86,semi_arid,NASA_POWER_daily_ag,2.356,6.778,2.5488,dewpoint,805.3,38.649
2015-08-05,23.35,25.93,22.06,90.35,8.25,4.96,8.16,93.62,99.65,21.63,PNQ,18.52,73.86,semi_arid,NASA_POWER_daily_ag,2.068,6.186,2.5849,dewpoint,816.2,38.619
2015-08-06,23.83,27.43,21.67,87.49,3.76,5.02,10.19,93.54,99.36,21.5,PNQ,18.52,73.86,semi_arid,NASA_POWER_daily_ag,2.601,7.333,2.5644,dewpoint,824.9,38.589
2015-08-07,24.2,28.31,21.4,86.42,2.19,4.24,12.5,93.56,83.26,21.62,PNQ,18.52,73.86,semi_arid,NASA_POWER_daily_ag,2.965,8.641,2.5833,dewpoint,822.7,38.557
2015-08-08,24.27,28.29,21.82,86.07,2.81,3.96,10.13,93.58,80.67,21.61,PNQ,18.52,73.86,semi_arid,NASA_POWER_daily_ag,2.677,7.295,2.5817,dewpoint,820.6,38.523
2015-08-09,24.21,28.19,21.69,87.45,2.98,3.38,11.62,93.39,80.19,21.85,PNQ,18.52,73.86,semi_arid,NASA_POWER_daily_ag,2.726,8.15,2.6199,dewpoint,841.3,38.489
2015-08-10,23.93,27.93,21.9,88.16,1.74,3.21,11.43,93.37,81.01,21.73,PNQ,18.52,73.86,semi_arid,NASA_POWER_daily_ag,2.624,8.035,2.6007,dewpoint,843.5,38.452
2015-08-11,23.07,25.66,21.49,90.57,4.22,2.48,13.15,93.57,93.82,21.4,PNQ,18.52,73.86,semi_arid,NASA_POWER_daily_ag,2.645,9.005,2.5488,dewpoint,821.7,38.415
2015-08-12,23.13,26.15,21.19,89.35,2.24,2.73,9.44,93.63,99.59,21.19,PNQ,18.52,73.86,semi_arid,NASA_POWER_daily_ag,2.213,6.894,2.5162,dewpoint,815.1,38.376
2015-08-13,23.78,27.42,21.51,87.58,2.59,3.57,11.53,93.61,99.53,21.46,PNQ,18.52,73.86,semi_arid,NASA_POWER_daily_ag,2.68,8.075,2.5582,dewpoint,817.3,38.335
2015-08-14,24.16,28.83,21.34,85.92,4.27,3.74,15.0,93.61,87.05,21.44,PNQ,18.52,73.86,semi_arid,NASA_POWER_daily_ag,3.294,10.015,2.555,dewpoint,817.3,38.293
2015-08-15,24.39,29.31,21.44,85.68,2.32,3.54,15.88,93.73,75.6,21.6,PNQ,18.52,73.86,semi_arid,NASA_POWER_daily_ag,3.439,10.515,2.5802,dewpoint,804.2,38.249
2015-08-16,23.99,28.41,21.05,86.38,2.88,2.99,15.41,93.85,81.64,21.38,PNQ,18.52,73.86,semi_arid,NASA_POWER_daily_ag,3.262,10.238,2.5457,dewpoint,791.1,38.204
2015-08-17,24.26,28.81,21.02,86.08,3.89,2.54,14.65,93.72,94.77,21.58,PNQ,18.52,73.86,semi_arid,NASA_POWER_daily_ag,3.175,9.822,2.577,dewpoint,805.3,38.157
2015-08-18,24.71,29.1,21.58,84.32,0.21,1.7,17.66,93.81,91.88,21.66,PNQ,18.52,73.86,semi_arid,NASA_POWER_daily_ag,3.661,11.512,2.5896,dewpoint,795.5,38.108
2015-08-19,25.07,30.18,21.47,83.66,0.04,1.88,22.18,93.89,67.22,21.81,PNQ,18.52,73.86,semi_arid,NASA_POWER_daily_ag,4.413,14.057,2.6135,dewpoint,786.7,38.057
2015-08-20,24.24,28.88,21.25,85.33,0.1,2.17,18.68,93.92,69.05,21.39,PNQ,18.52,73.86,semi_arid,NASA_POWER_daily_ag,3.754,12.046,2.5472,dewpoint,783.5,38.005
2015-08-21,24.01,28.45,20.98,85.72,0.66,3.22,16.06,93.88,76.47,21.27,PNQ,18.52,73.86,semi_arid,NASA_POWER_daily_ag,3.391,10.57,2.5286,dewpoint,787.8,37.951
2015-08-22,23.76,28.0,21.37,85.71,0.74,3.73,13.93,93.8,69.88,21.02,PNQ,18.52,73.86,semi_arid,NASA_POWER_daily_ag,3.121,9.356,2.4901,dewpoint,796.6,37.896
2015-08-23,23.63,28.07,21.07,86.59,0.49,3.44,16.79,93.8,62.22,21.06,PNQ,18.52,73.86,semi_arid,NASA_POWER_daily_ag,3.407,10.949,2.4962,dewpoint,796.6,37.838
2015-08-24,23.67,28.04,20.73,85.26,0.92,3.51,17.53,93.89,65.74,20.83,PNQ,18.52,73.86,semi_arid,NASA_POWER_daily_ag,3.586,11.331,2.4612,dewpoint,786.7,37.779
2015-08-25,23.84,28.45,20.84,85.28,5.77,3.77,10.27,93.83,85.32,20.97,PNQ,18.52,73.86,semi_arid,NASA_POWER_daily_ag,2.709,7.309,2.4824,dewpoint,793.3,37.717
2015-08-26,24.09,28.73,21.24,85.54,3.13,3.5,16.57,93.73,80.17,21.3,PNQ,18.52,73.86,semi_arid,NASA_POWER_daily_ag,3.487,10.826,2.5332,dewpoint,804.2,37.654
2015-08-27,24.01,28.46,20.75,85.49,3.28,3.04,13.85,93.66,80.49,21.19,PNQ,18.52,73.86,semi_arid,NASA_POWER_daily_ag,3.105,9.303,2.5162,dewpoint,811.8,37.589
2015-08-28,23.94,28.04,21.08,87.04,8.07,2.75,7.64,93.72,94.34,21.48,PNQ,18.52,73.86,semi_arid,NASA_POWER_daily_ag,2.138,5.843,2.5613,dewpoint,805.3,37.522
2015-08-29,23.99,28.17,21.6,87.21,4.66,2.93,15.91,93.71,95.41,21.56,PNQ,18.52,73.86,semi_arid,NASA_POWER_daily_ag,3.265,10.47,2.5738,dewpoint,806.4,37.454
2015-08-30,23.87,28.01,21.19,86.65,3.11,3.1,12.94,93.75,99.22,21.33,PNQ,18.52,73.86,semi_arid,NASA_POWER_daily_ag,2.895,8.791,2.5379,dewpoint,802.0,37.383
2015-08-31,22.73,25.5,20.8,89.72,1.83,2.54,16.07,93.85,97.7,20.86,PNQ,18.52,73.86,semi_arid,NASA_POWER_daily_ag,3.039,10.514,2.4657,dewpoint,791.1,37.31
2015-09-01,23.18,27.62,20.12,86.29,0.81,2.52,20.13,93.78,69.3,20.54,PNQ,18.52,73.86,semi_arid,NASA_POWER_daily_ag,3.792,12.683,2.4176,dewpoint,798.7,37.236
2015-09-02,22.94,27.42,19.63,84.83,0.27,2.15,17.07,93.73,69.22,19.99,PNQ,18.52,73.86,semi_arid,NASA_POWER_daily_ag,3.407,10.942,2.3368,dewpoint,804.2,37.159
2015-09-03,23.26,29.16,19.37,81.32,0.01,1.74,19.72,93.82,54.86,19.39,PNQ,18.52,73.86,semi_arid,NASA_POWER_daily_ag,3.902,12.251,2.2514,dewpoint,794.4,37.081
2015-09-04,24.04,30.51,19.62,78.21,0.1,1.52,22.33,94.04,53.82,19.42,PNQ,18.52,73.86,semi_arid,NASA_POWER_daily_ag,4.4,13.592,2.2556,dewpoint,770.4,37.0
2015-09-05,24.14,30.67,18.99,81.53,0.11,1.79,22.96,94.06,62.92,20.41,PNQ,18.52,73.86,semi_arid,NASA_POWER_daily_ag,4.434,14.113,2.3983,dewpoint,768.2,36.918
2015-09-06,23.84,29.06,20.15,82.35,0.12,1.99,23.13,94.03,70.63,20.34,PNQ,18.52,73.86,semi_arid,NASA_POWER_daily_ag,4.4,14.195,2.388,dewpoint,771.5,36.834
2015-09-07,23.47,28.74,19.82,82.3,0.15,1.89,21.53,93.97,73.21,19.93,PNQ,18.52,73.86,semi_arid,NASA_POWER_daily_ag,4.132,13.26,2.3282,dewpoint,778.0,36.747
2015-09-08,23.01,26.72,19.91,86.6,16.08,1.23,19.3,93.93,77.6,20.49,PNQ,18.52,73.86,semi_arid,NASA_POWER_daily_ag,3.627,12.172,2.4102,dewpoint,782.4,36.659
2015-09-09,23.54,27.41,21.05,88.4,24.3,1.8,10.98,93.91,96.95,21.38,PNQ,18.52,73.86,semi_arid,NASA_POWER_daily_ag,2.423,7.652,2.5457,dewpoint,784.6,36.569
2015-09-10,24.48,29.19,21.59,88.1,23.83,1.51,12.78,93.89,97.53,22.2,PNQ,18.52,73.86,semi_arid,NASA_POWER_daily_ag,2.744,8.682,2.6763,dewpoint,786.7,36.477
2015-09-11,25.18,30.16,21.87,82.9,4.32,1.0,17.88,93.84,71.6,21.74,PNQ,18.52,73.86,semi_arid,NASA_POWER_daily_ag,3.658,11.45,2.6023,dewpoint,792.2,36.383
2015-09-12,24.85,29.18,21.85,86.16,35.13,1.53,17.27,93.83,70.77,22.16,PNQ,18.52,73.86,semi_arid,NASA_POWER_daily_ag,3.506,11.174,2.6698,dewpoint,793.3,36.287
2015-09-13,23.85,26.59,22.43,90.75,23.36,2.05,15.96,93.89,88.22,22.18,PNQ,18.52,73.86,semi_arid,NASA_POWER_daily_ag,3.062,10.46,2.6731,dewpoint,786.7,36.19
2015-09-14,24.09,27.81,21.63,89.03,7.37,2.7,12.87,93.8,90.07,22.05,PNQ,18.52,73.86,semi_arid,NASA_POWER_daily_ag,2.726,8.705,2.652,dewpoint,796.6,36.09
2015-09-15,23.66,26.85,21.62,90.19,22.65,2.51,11.77,93.71,83.77,21.88,PNQ,18.52,73.86,semi_arid,NASA_POWER_daily_ag,2.477,8.08,2.6247,dewpoint,806.4,35.989
2015-09-16,23.97,27.69,21.83,90.46,9.73,2.78,12.42,93.6,93.13,22.23,PNQ,18.52,73.86,semi_arid,NASA_POWER_daily_ag,2.576,8.452,2.6812,dewpoint,818.4,35.886
2015-09-17,24.12,27.74,21.75,90.86,9.81,2.91,11.84,93.49,99.25,22.46,PNQ,18.52,73.86,semi_arid,NASA_POWER_daily_ag,2.485,8.135,2.719,dewpoint,830.4,35.781
2015-09-18,23.66,26.07,22.48,93.09,33.28,4.21,3.5,93.45,99.21,22.47,PNQ,18.52,73.86,semi_arid,NASA_POWER_daily_ag,1.247,3.437,2.7206,dewpoint,834.8,35.674
2015-09-19,23.76,27.23,21.39,90.23,22.47,3.88,13.6,93.5,95.27,21.99,PNQ,18.52,73.86,semi_arid,NASA_POWER_daily_ag,2.721,9.075,2.6423,dewpoint,829.3,35.566
2015-09-20,23.38,27.12,21.08,89.55,13.7,3.76,8.5,93.53,99.12,21.47,PNQ,18.52,73.86,semi_arid,NASA_POWER_daily_ag,2.107,6.224,2.5597,dewpoint,826.0,35.456
2015-09-21,23.54,27.09,21.38,89.32,8.63,3.74,15.07,93.58,92.18,21.57,PNQ,18.52,73.86,semi_arid,NASA_POWER_daily_ag,2.948,9.829,2.5754,dewpoint,820.6,35.344
2015-09-22,23.53,27.8,20.78,89.23,1.44,2.7,16.59,93.72,88.41,21.54,PNQ,18.52,73.86,semi_arid,NASA_POWER_daily_ag,3.152,10.645,2.5707,dewpoint,805.3,35.23
2015-09-23,23.46,28.57,19.78,87.63,1.62,1.6,20.14,93.94,62.05,21.1,PNQ,18.52,73.86,semi_arid,NASA_POWER_daily_ag,3.715,12.5,2.5023,dewpoint,781.3,35.116
2015-09-24,23.79,28.8,20.17,85.49,0.19,1.25,21.66,93.91,55.16,20.95,PNQ,18.52,73.86,semi_arid,NASA_POWER_daily_ag,4.018,13.264,2.4794,dewpoint,784.6,34.999
2015-09-25,23.15,28.3,19.3,87.26,0.0,1.64,22.4,93.83,26.87,20.74,PNQ,18.52,73.86,semi_arid,NASA_POWER_daily_ag,3.998,13.636,2.4476,dewpoint,793.3,34.881
2015-09-26,22.36,28.8,18.07,80.07,0.01,1.15,24.18,93.84,23.95,18.17,PNQ,18.52,73.86,semi_arid,NASA_POWER_daily_ag,4.282,14.029,2.0862,dewpoint,792.2,34.762
2015-09-27,22.42,28.87,17.26,80.49,0.0,1.4,24.2,93.88,30.79,18.43,PNQ,18.52,73.86,semi_arid,NASA_POWER_daily_ag,4.301,14.093,2.1205,dewpoint,787.8,34.641
2015-09-28,22.99,29.64,17.16,78.53,0.0,1.59,22.15,93.83,25.02,18.6,PNQ,18.52,73.86,semi_arid,NASA_POWER_daily_ag,4.152,13.044,2.1432,dewpoint,793.3,34.519
2015-09-29,24.35,30.38,19.46,77.68,0.0,2.57,20.98,93.83,21.08,19.8,PNQ,18.52,73.86,semi_arid,NASA_POWER_daily_ag,4.323,12.576,2.3095,dewpoint,793.3,34.395
2015-09-30,24.86,30.82,20.19,77.63,0.05,3.06,20.86,93.94,27.58,20.28,PNQ,18.52,73.86,semi_arid,NASA_POWER_daily_ag,4.447,12.555,2.3791,dewpoint,781.3,34.27
2015-10-01,25.06,30.52,20.78,81.95,3.62,2.09,18.33,94.02,70.64,21.5,PNQ,18.52,73.86,semi_arid,NASA_POWER_daily_ag,3.793,11.408,2.5644,dewpoint,772.6,34.145
2015-10-02,25.0,29.34,21.68,85.32,15.2,1.21,13.7,94.13,84.68,22.16,PNQ,18.52,73.86,semi_arid,NASA_POWER_daily_ag,2.907,8.983,2.6698,dewpoint,760.6,34.017
2015-10-03,24.47,28.42,21.88,89.43,19.56,1.33,14.17,94.13,91.17,22.48,PNQ,18.52,73.86,semi_arid,NASA_POWER_daily_ag,2.847,9.269,2.7223,dewpoint,760.6,33.889
2015-10-04,24.13,27.59,22.04,89.46,8.47,1.63,12.99,94.09,90.0,22.18,PNQ,18.52,73.86,semi_arid,NASA_POWER_daily_ag,2.649,8.59,2.6731,dewpoint,765.0,33.76
2015-10-05,24.88,29.13,21.53,83.01,1.98,1.24,17.61,93.98,71.71,21.59,PNQ,18.52,73.86,semi_arid,NASA_POWER_daily_ag,3.521,10.986,2.5786,dewpoint,776.9,33.63
2015-10-06,24.16,30.39,19.89,75.65,0.0,2.34,21.63,93.88,40.85,19.07,PNQ,18.52,73.86,semi_arid,NASA_POWER_daily_ag,4.392,12.607,2.207,dewpoint,787.8,33.499
2015-10-07,23.99,30.66,17.8,71.74,0.0,2.05,21.95,93.91,17.63,18.07,PNQ,18.52,73.86,semi_arid,NASA_POWER_daily_ag,4.464,12.59,2.0731,dewpoint,784.6,33.367
2015-10-08,24.44,30.78,18.76,73.62,0.01,1.35,20.95,93.92,28.36,18.87,PNQ,18.52,73.86,semi_arid,NASA_POWER_daily_ag,4.147,12.201,2.1796,dewpoint,783.5,33.235
2015-10-09,24.98,30.49,21.0,79.42,0.17,0.81,18.16,93.85,48.25,20.7,PNQ,18.52,73.86,semi_arid,NASA_POWER_daily_ag,3.581,11.05,2.4415,dewpoint,791.1,33.101
2015-10-10,24.13,27.59,22.32,89.03,4.25,1.06,18.61,93.92,50.26,22.09,PNQ,18.52,73.86,semi_arid,NASA_POWER_daily_ag,3.463,11.536,2.6585,dewpoint,783.5,32.967
2015-10-11,24.11,27.59,21.67,88.82,15.21,0.97,16.73,94.04,81.43,22.04,PNQ,18.52,73.86,semi_arid,NASA_POWER_daily_ag,3.18,10.509,2.6504,dewpoint,770.4,32.833
2015-10-12,24.36,27.93,21.48,84.54,7.01,0.97,18.46,94.15,42.25,21.41,PNQ,18.52,73.86,semi_arid,NASA_POWER_daily_ag,3.513,11.309,2.5503,dewpoint,758.4,32.698
2015-10-13,24.47,29.41,20.18,79.75,0.06,1.21,17.06,94.15,68.61,20.43,PNQ,18.52,73.86,semi_arid,NASA_POWER_daily_ag,3.428,10.401,2.4013,dewpoint,758.4,32.562
2015-10-14,24.96,30.94,19.63,68.87,0.0,1.7,20.61,94.21,26.05,18.17,PNQ,18.52,73.86,semi_arid,NASA_POWER_daily_ag,4.34,11.725,2.0862,dewpoint,751.9,32.427
2015-10-15,24.25,31.08,19.15,67.01,0.0,2.07,20.76,94.17,38.57,17.11,PNQ,18.52,73.86,semi_arid,NASA_POWER_daily_ag,4.443,11.578,1.9513,dewpoint,756.3,32.291
2015-10-16,24.01,30.56,18.55,70.86,0.0,2.22,20.19,94.16,20.76,17.9,PNQ,18.52,73.86,semi_arid,NASA_POWER_daily_ag,4.261,11.464,2.051,dewpoint,757.4,32.154
2015-10-17,24.71,30.07,19.99,74.93,0.0,2.16,19.06,94.19,23.05,19.64,PNQ,18.52,73.86,semi_arid,NASA_POWER_daily_ag,4.029,11.187,2.2867,dewpoint,754.1,32.018
2015-10-18,24.76,30.05,20.47,75.18,0.0,1.71,17.07,94.26,51.33,19.75,PNQ,18.52,73.86,semi_arid,NASA_POWER_daily_ag,3.644,10.188,2.3023,dewpoint,746.5,31.882
2015-10-19,24.44,30.36,19.6,70.45,0.0,1.58,19.71,94.24,14.14,18.23,PNQ,18.52,73.86,semi_arid,NASA_POWER_daily_ag,4.034,11.199,2.094,dewpoint,748.7,31.745
2015-10-20,23.93,30.75,17.66,66.13,0.0,1.6,18.83,94.08,28.27,16.66,PNQ,18.52,73.86,semi_arid,NASA_POWER_daily_ag,3.974,10.532,1.8964,dewpoint,766.1,31.609
2015-10-21,24.56,30.72,19.74,68.81,0.0,1.6,18.83,94.02,26.81,17.92,PNQ,18.52,73.86,semi_arid,NASA_POWER_daily_ag,3.969,10.671,2.0536,dewpoint,772.6,31.473
2015-10-22,24.76,31.12,19.83,69.15,0.0,1.63,18.84,94.1,29.39,18.11,PNQ,18.52,73.86,semi_arid,NASA_POWER_daily_ag,3.996,10.67,2.0783,dewpoint,763.9,31.337
2015-10-23,24.85,30.59,20.26,70.62,0.0,1.61,18.55,94.1,26.62,18.75,PNQ,18.52,73.86,semi_arid,NASA_POWER_daily_ag,3.904,10.626,2.1634,dewpoint,763.9,31.202
2015-10-24,25.32,30.51,20.74,70.31,0.01,1.21,16.66,94.05,67.8,19.16,PNQ,18.52,73.86,semi_arid,NASA_POWER_daily_ag,3.551,9.763,2.2194,dewpoint,769.3,31.067
2015-10-25,24.9,29.93,20.4,73.25,2.08,1.4,15.03,94.1,71.83,19.43,PNQ,18.52,73.86,semi_arid,NASA_POWER_daily_ag,3.308,9.015,2.257,dewpoint,763.9,30.932
2015-10-26,23.59,28.49,20.32,78.71,1.03,1.4,15.33,94.21,76.77,19.37,PNQ,18.52,73.86,semi_arid,NASA_POWER_daily_ag,3.105,9.16,2.2486,dewpoint,751.9,30.798
2015-10-27,22.68,26.51,19.91,79.36,0.01,1.51,15.09,94.22,53.77,18.76,PNQ,18.52,73.86,semi_arid,NASA_POWER_daily_ag,2.989,8.989,2.1647,dewpoint,750.8,30.665
2015-10-28,23.93,29.94,18.66,72.64,0.0,1.48,16.7,94.12,74.38,18.18,PNQ,18.52,73.86,semi_arid,NASA_POWER_daily_ag,3.476,9.601,2.0875,dewpoint,761.7,30.532
2015-10-29,23.71,29.41,18.91,72.67,0.0,1.02,17.12,94.09,66.14,18.09,PNQ,18.52,73.86,semi_arid,NASA_POWER_daily_ag,3.333,9.767,2.0757,dewpoint,765.0,30.401
2015-10-30,23.45,30.2,18.31,74.14,0.0,1.76,19.09,94.04,44.53,18.11,PNQ,18.52,73.86,semi_arid,NASA_POWER_daily_ag,3.746,10.649,2.0783,dewpoint,770.4,30.27
2015-10-31,23.0,29.48,18.03,74.4,0.0,2.14,18.86,94.03,35.8,17.84,PNQ,18.52,73.86,semi_arid,NASA_POWER_daily_ag,3.74,10.496,2.0433,dewpoint,771.5,30.14
2015-11-01,22.93,29.15,17.65,74.18,0.0,1.92,17.44,94.07,21.42,17.75,PNQ,18.52,73.86,semi_arid,NASA_POWER_daily_ag,3.515,9.825,2.0318,dewpoint,767.1,30.012
2015-11-02,22.83,29.19,17.11,70.64,0.0,1.88,17.28,94.15,20.37,16.82,PNQ,18.52,73.86,semi_arid,NASA_POWER_daily_ag,3.575,9.592,1.9157,dewpoint,758.4,29.884
2015-11-03,22.65,29.37,17.2,70.44,0.0,1.51,18.92,94.16,40.51,16.52,PNQ,18.52,73.86,semi_arid,NASA_POWER_daily_ag,3.62,10.23,1.8796,dewpoint,757.4,29.758
2015-11-04,22.99,29.16,17.87,74.7,0.3,1.34,18.25,94.13,21.96,17.83,PNQ,18.52,73.86,semi_arid,NASA_POWER_daily_ag,3.438,10.129,2.042,dewpoint,760.6,29.633
2015-11-05,23.08,29.96,17.82,74.13,0.03,1.25,17.5,94.12,23.57,17.73,PNQ,18.52,73.86,semi_arid,NASA_POWER_daily_ag,3.334,9.73,2.0292,dewpoint,761.7,29.509
2015-11-06,23.08,30.0,17.25,69.87,0.0,1.44,17.89,94.05,19.66,16.61,PNQ,18.52,73.86,semi_arid,NASA_POWER_daily_ag,3.529,9.703,1.8904,dewpoint,769.3,29.387
2015-11-07,22.92,30.01,17.64,66.86,0.0,1.57,17.31,94.1,27.22,15.75,PNQ,18.52,73.86,semi_arid,NASA_POWER_daily_ag,3.55,9.279,1.7895,dewpoint,763.9,29.266
2015-11-08,22.85,29.91,16.09,65.62,0.0,1.65,16.99,94.18,36.26,15.47,PNQ,18.52,73.86,semi_arid,NASA_POWER_daily_ag,3.566,9.118,1.7576,dewpoint,755.2,29.147
2015-11-09,22.73,29.45,17.39,64.77,0.0,2.13,16.56,94.13,87.18,15.21,PNQ,18.52,73.86,semi_arid,NASA_POWER_daily_ag,3.723,8.859,1.7285,dewpoint,760.6,29.03
2015-11-10,21.13,28.81,15.86,62.21,0.0,2.72,15.35,94.05,91.66,13.09,PNQ,18.52,73.86,semi_arid,NASA_POWER_daily_ag,3.758,8.123,1.5066,dewpoint,769.3,28.914
2015-11-11,22.06,29.44,16.7,64.67,0.0,3.33,18.25,94.08,48.26,14.71,PNQ,18.52,73.86,semi_arid,NASA_POWER_daily_ag,4.219,9.434,1.6738,dewpoint,766.1,28.8
2015-11-12,22.22,30.39,16.5,62.69,0.0,3.06,18.3,94.24,14.97,14.16,PNQ,18.52,73.86,semi_arid,NASA_POWER_daily_ag,4.266,9.305,1.6153,dewpoint,748.7,28.688
2015-11-13,21.51,29.6,15.38,62.99,0.0,2.32,18.52,94.29,37.37,13.52,PNQ,18.52,73.86,semi_arid,NASA_POWER_daily_ag,3.896,9.315,1.5495,dewpoint,743.2,28.579
2015-11-14,21.75,29.7,16.12,61.09,0.0,2.28,18.22,94.09,34.74,13.26,PNQ,18.52,73.86,semi_arid,NASA_POWER_daily_ag,3.93,9.108,1.5234,dewpoint,765.0,28.471
2015-11-15,21.26,29.49,14.79,61.66,0.0,2.01,17.25,94.0,37.83,12.9,PNQ,18.52,73.86,semi_arid,NASA_POWER_daily_ag,3.65,8.707,1.488,dewpoint,774.8,28.365
2015-11-16,21.94,29.44,15.84,61.11,0.0,2.14,17.68,93.97,26.84,13.61,PNQ,18.52,73.86,semi_arid,NASA_POWER_daily_ag,3.813,8.928,1.5586,dewpoint,778.0,28.261
2015-11-17,21.61,29.71,15.76,60.93,0.0,2.31,18.15,93.97,21.7,12.87,PNQ,18.52,73.86,semi_arid,NASA_POWER_daily_ag,3.935,8.951,1.4851,dewpoint,778.0,28.16
2015-11-18,20.64,29.06,14.6,56.22,0.0,3.04,18.7,94.1,30.02,10.95,PNQ,18.52,73.86,semi_arid,NASA_POWER_daily_ag,4.322,8.866,1.3084,dewpoint,763.9,28.061
2015-11-19,20.75,29.08,14.93,56.17,0.0,3.36,18.18,94.18,36.85,11.13,PNQ,18.52,73.86,semi_arid,NASA_POWER_daily_ag,4.418,8.673,1.3241,dewpoint,755.2,27.965
2015-11-20,22.36,29.83,15.4,64.3,0.02,2.95,17.26,94.06,47.9,15.06,PNQ,18.52,73.86,semi_arid,NASA_POWER_daily_ag,3.985,8.906,1.7119,dewpoint,768.2,27.87
2015-11-21,23.19,28.43,19.02,82.33,2.42,1.56,12.15,94.04,70.67,19.81,PNQ,18.52,73.86,semi_arid,NASA_POWER_daily_ag,2.504,7.311,2.3109,dewpoint,770.4,27.779
2015-11-22,22.44,25.42,20.48,88.68,25.22,1.27,13.48,94.09,74.55,20.39,PNQ,18.52,73.86,semi_arid,NASA_POWER_daily_ag,2.423,8.014,2.3953,dewpoint,765.0,27.69
2015-11-23,21.62,24.07,20.15,91.97,25.62,1.63,13.64,94.17,84.41,20.24,PNQ,18.52,73.86,semi_arid,NASA_POWER_daily_ag,2.297,8.084,2.3732,dewpoint,756.3,27.603
2015-11-24,21.59,25.04,19.21,87.0,0.17,1.37,11.69,94.17,90.92,19.24,PNQ,18.52,73.86,semi_arid,NASA_POWER_daily_ag,2.184,7.051,2.2305,dewpoint,756.3,27.519
2015-11-25,22.45,28.16,18.64,78.82,0.07,1.74,14.08,94.17,66.17,18.3,PNQ,18.52,73.86,semi_arid,NASA_POWER_daily_ag,2.793,7.952,2.1032,dewpoint,756.3,27.438
2015-11-26,22.28,28.41,16.88,70.94,0.01,1.49,16.35,94.16,31.48,16.31,PNQ,18.52,73.86,semi_arid,NASA_POWER_daily_ag,3.154,8.632,1.8546,dewpoint,757.4,27.36
2015-11-27,22.26,27.84,17.89,70.24,0.0,1.14,14.75,94.0,43.5,16.06,PNQ,18.52,73.86,semi_arid,NASA_POWER_daily_ag,2.86,7.925,1.8253,dewpoint,774.8,27.284
2015-11-28,21.67,27.92,16.24,70.12,0.0,1.15,16.0,94.12,13.82,15.63,PNQ,18.52,73.86,semi_arid,NASA_POWER_daily_ag,2.937,8.382,1.7758,dewpoint,761.7,27.212
2015-11-29,21.39,28.69,15.62,68.62,0.0,1.92,17.65,94.29,14.51,14.95,PNQ,18.52,73.86,semi_arid,NASA_POWER_daily_ag,3.381,8.892,1.6999,dewpoint,743.2,27.142
2015-11-30,22.1,28.92,16.62,69.26,0.0,2.23,17.28,94.34,23.98,15.76,PNQ,18.52,73.86,semi_arid,NASA_POWER_daily_ag,3.507,8.836,1.7906,dewpoint,737.8,27.075
2015-12-01,22.4,29.27,17.04,74.07,0.0,1.72,16.54,94.22,22.36,17.12,PNQ,18.52,73.86,semi_arid,NASA_POWER_daily_ag,3.165,8.739,1.9525,dewpoint,750.8,27.012
2015-12-02,22.31,29.07,16.74,72.09,0.0,1.41,16.13,94.2,22.97,16.59,PNQ,18.52,73.86,semi_arid,NASA_POWER_daily_ag,3.057,8.483,1.888,dewpoint,753.0,26.951
2015-12-03,21.75,28.74,16.56,71.33,0.0,1.75,16.23,94.27,24.29,16.01,PNQ,18.52,73.86,semi_arid,NASA_POWER_daily_ag,3.126,8.429,1.8194,dewpoint,745.4,26.893
2015-12-04,20.87,28.77,14.75,62.07,0.0,2.0,16.63,94.23,18.36,12.76,PNQ,18.52,73.86,semi_arid,NASA_POWER_daily_ag,3.434,8.101,1.4744,dewpoint,749.7,26.839
2015-12-05,20.48,28.44,14.4,63.13,0.0,2.33,16.86,94.24,17.5,12.8,PNQ,18.52,73.86,semi_arid,NASA_POWER_daily_ag,3.502,8.197,1.4783,dewpoint,748.7,26.788
2015-12-06,20.04,28.06,14.02,61.31,0.0,2.55,17.29,94.22,19.31,11.91,PNQ,18.52,73.86,semi_arid,NASA_POWER_daily_ag,3.635,8.22,1.3943,dewpoint,750.8,26.74
2015-12-07,19.93,28.1,13.7,57.69,0.0,2.41,17.19,94.28,55.53,10.8,PNQ,18.52,73.86,semi_arid,NASA_POWER_daily_ag,3.681,8.008,1.2954,dewpoint,744.3,26.695
2015-12-08,20.07,28.06,12.93,55.28,0.0,2.23,17.01,94.26,55.92,10.31,PNQ,18.52,73.86,semi_arid,NASA_POWER_daily_ag,3.67,7.89,1.2537,dewpoint,746.5,26.653
2015-12-09,19.64,26.57,13.7,60.42,0.0,1.77,17.86,94.26,25.16,11.45,PNQ,18.52,73.86,semi_arid,NASA_POWER_daily_ag,3.316,8.373,1.3525,dewpoint,746.5,26.615
2015-12-10,21.15,28.98,14.59,62.78,0.0,1.71,17.34,94.18,23.01,13.35,PNQ,18.52,73.86,semi_arid,NASA_POWER_daily_ag,3.347,8.379,1.5324,dewpoint,755.2,26.58
2015-12-11,21.24,27.57,17.22,72.87,0.0,1.3,15.68,94.06,44.87,15.85,PNQ,18.52,73.86,semi_arid,NASA_POWER_daily_ag,2.83,8.129,1.8009,dewpoint,768.2,26.548
2015-12-12,20.9,28.61,15.98,69.06,0.0,1.13,17.18,94.0,27.45,14.54,PNQ,18.52,73.86,semi_arid,NASA_POWER_daily_ag,2.945,8.482,1.6555,dewpoint,774.8,26.52
2015-12-13,20.69,28.95,14.47,61.66,0.0,1.34,17.66,94.05,27.05,12.46,PNQ,18.52,73.86,semi_arid,NASA_POWER_daily_ag,3.174,8.325,1.4457,dewpoint,769.3,26.495
2015-12-14,21.63,29.57,15.57,65.28,0.0,1.28,16.7,94.12,25.6,14.27,PNQ,18.52,73.86,semi_arid,NASA_POWER_daily_ag,3.086,8.225,1.6268,dewpoint,761.7,26.474
2015-12-15,22.56,30.41,16.67,63.99,0.0,1.75,16.66,94.1,15.59,14.78,PNQ,18.52,73.86,semi_arid,NASA_POWER_daily_ag,3.42,8.232,1.6813,dewpoint,763.9,26.456
2015-12-16,22.68,29.89,18.35,64.78,0.0,1.15,16.16,94.11,20.08,15.2,PNQ,18.52,73.86,semi_arid,NASA_POWER_daily_ag,3.055,8.084,1.7274,dewpoint,762.8,26.441
2015-12-17,21.6,29.06,17.44,55.97,0.0,1.14,16.25,94.08,22.66,11.98,PNQ,18.52,73.86,semi_arid,NASA_POWER_daily_ag,3.066,7.655,1.4007,dewpoint,766.1,26.43
2015-12-18,20.86,29.58,13.39,55.24,0.0,1.67,16.55,94.17,17.09,10.91,PNQ,18.52,73.86,semi_arid,NASA_POWER_daily_ag,3.394,7.695,1.3049,dewpoint,756.3,26.422
2015-12-19,21.06,29.58,14.24,64.44,0.0,1.58,16.48,94.34,18.25,13.45,PNQ,18.52,73.86,semi_arid,NASA_POWER_daily_ag,3.17,8.032,1.5424,dewpoint,737.8,26.418
2015-12-20,21.12,28.46,15.77,70.3,0.0,1.21,15.43,94.35,20.89,14.97,PNQ,18.52,73.86,semi_arid,NASA_POWER_daily_ag,2.809,7.876,1.7021,dewpoint,736.7,26.417
2015-12-21,20.42,27.66,15.51,67.72,0.0,1.5,17.11,94.33,21.93,13.7,PNQ,18.52,73.86,semi_arid,NASA_POWER_daily_ag,3.061,8.328,1.5677,dewpoint,738.9,26.42
2015-12-22,18.34,26.1,12.03,55.14,0.0,1.3,18.46,94.46,23.55,8.43,PNQ,18.52,73.86,semi_arid,NASA_POWER_daily_ag,3.098,8.1,1.1046,dewpoint,724.8,26.426
2015-12-23,17.53,27.97,9.57,50.59,0.0,1.58,18.39,94.44,23.88,6.23,PNQ,18.52,73.86,semi_arid,NASA_POWER_daily_ag,3.247,7.756,0.9501,dewpoint,726.9,26.435
2015-12-24,17.6,27.24,10.11,44.47,0.0,2.34,17.59,94.41,29.99,4.51,PNQ,18.52,73.86,semi_arid,NASA_POWER_daily_ag,3.801,7.313,0.8429,dewpoint,730.2,26.448
2015-12-25,16.68,26.83,10.17,35.48,0.0,3.39,17.2,94.48,40.56,0.6,PNQ,18.52,73.86,semi_arid,NASA_POWER_daily_ag,4.56,6.754,0.638,dewpoint,722.6,26.465
2015-12-26,16.68,26.74,9.43,35.36,0.0,2.91,17.4,94.54,37.7,0.3,PNQ,18.52,73.86,semi_arid,NASA_POWER_daily_ag,4.312,6.805,0.6243,dewpoint,716.1,26.485
2015-12-27,18.25,28.61,11.23,38.14,0.0,3.06,17.95,94.59,31.59,2.94,PNQ,18.52,73.86,semi_arid,NASA_POWER_daily_ag,4.538,7.101,0.7545,dewpoint,710.7,26.508
2015-12-28,19.55,30.1,12.64,37.67,0.0,3.2,18.17,94.66,36.49,3.71,PNQ,18.52,73.86,semi_arid,NASA_POWER_daily_ag,4.864,7.133,0.7968,dewpoint,703.1,26.535
2015-12-29,20.35,30.6,12.84,39.94,0.0,2.62,18.17,94.54,27.76,5.22,PNQ,18.52,73.86,semi_arid,NASA_POWER_daily_ag,4.509,7.331,0.8858,dewpoint,716.1,26.565
2015-12-30,21.23,31.11,13.21,37.73,0.0,2.17,18.09,94.37,31.12,5.03,PNQ,18.52,73.86,semi_arid,NASA_POWER_daily_ag,4.34,7.259,0.8741,dewpoint,734.5,26.598
2015-12-31,20.98,31.03,13.41,40.85,0.0,2.24,18.43,94.46,25.9,6.17,PNQ,18.52,73.86,semi_arid,NASA_POWER_daily_ag,4.296,7.523,0.9462,dewpoint,724.8,26.635
2016-01-01,21.45,30.74,13.81,41.07,0.0,2.04,18.39,94.59,28.17,6.71,PNQ,18.52,73.86,semi_arid,NASA_POWER_daily_ag,4.194,7.604,0.9821,dewpoint,710.7,26.675
2016-01-02,20.73,30.33,13.06,44.04,0.0,1.5,17.81,94.65,31.43,6.75,PNQ,18.52,73.86,semi_arid,NASA_POWER_daily_ag,3.601,7.514,0.9848,dewpoint,704.2,26.719
2016-01-03,20.01,29.77,11.99,41.41,0.0,1.5,18.05,94.48,34.89,4.96,PNQ,18.52,73.86,semi_arid,NASA_POWER_daily_ag,3.601,7.409,0.8699,dewpoint,722.6,26.766
2016-01-04,20.05,29.77,11.84,40.66,0.0,1.86,18.08,94.47,25.06,5.02,PNQ,18.52,73.86,semi_arid,NASA_POWER_daily_ag,3.913,7.448,0.8735,dewpoint,723.7,26.816
2016-01-05,20.21,29.28,12.09,42.54,0.0,1.71,17.39,94.4,25.84,6.09,PNQ,18.52,73.86,semi_arid,NASA_POWER_daily_ag,3.725,7.443,0.941,dewpoint,731.3,26.869
2016-01-06,20.77,29.35,12.74,43.5,0.0,1.55,16.0,94.37,28.1,6.86,PNQ,18.52,73.86,semi_arid,NASA_POWER_daily_ag,3.546,7.146,0.9923,dewpoint,734.5,26.926
2016-01-07,20.89,29.13,13.38,47.91,0.0,1.57,14.36,94.43,59.31,8.66,PNQ,18.52,73.86,semi_arid,NASA_POWER_daily_ag,3.357,6.875,1.122,dewpoint,728.0,26.986
2016-01-08,21.18,28.79,14.38,50.01,0.0,1.18,14.6,94.44,64.54,9.63,PNQ,18.52,73.86,semi_arid,NASA_POWER_daily_ag,3.066,7.059,1.1978,dewpoint,726.9,27.049
2016-01-09,20.62,29.29,13.66,48.4,0.0,1.51,16.64,94.29,44.84,8.21,PNQ,18.52,73.86,semi_arid,NASA_POWER_daily_ag,3.473,7.536,1.0882,dewpoint,743.2,27.115
2016-01-10,20.4,29.23,12.54,42.87,0.0,1.8,17.38,94.36,25.88,6.23,PNQ,18.52,73.86,semi_arid,NASA_POWER_daily_ag,3.841,7.545,0.9501,dewpoint,735.6,27.184
2016-01-11,20.09,29.52,12.2,45.99,0.0,1.62,17.72,94.37,24.22,6.72,PNQ,18.52,73.86,semi_arid,NASA_POWER_daily_ag,3.65,7.732,0.9828,dewpoint,734.5,27.256
2016-01-12,20.16,29.63,13.67,50.56,0.0,1.37,16.38,94.22,82.44,8.18,PNQ,18.52,73.86,semi_arid,NASA_POWER_daily_ag,3.293,7.503,1.086,dewpoint,750.8,27.331
2016-01-13,19.69,28.98,13.18,54.19,0.0,1.26,16.14,94.12,78.19,8.76,PNQ,18.52,73.86,semi_arid,NASA_POWER_daily_ag,3.114,7.566,1.1296,dewpoint,761.7,27.409
2016-01-14,19.44,28.24,13.93,55.98,0.0,1.7,16.72,94.12,36.39,9.09,PNQ,18.52,73.86,semi_arid,NASA_POWER_daily_ag,3.384,7.82,1.1551,dewpoint,761.7,27.49
2016-01-15,19.19,28.61,11.88,66.34,0.0,1.72,15.37,94.09,56.68,11.32,PNQ,18.52,73.86,semi_arid,NASA_POWER_daily_ag,3.067,7.722,1.3409,dewpoint,765.0,27.573
2016-01-16,19.83,27.5,15.28,66.44,0.0,1.56,16.1,94.04,38.5,12.42,PNQ,18.52,73.86,semi_arid,NASA_POWER_daily_ag,3.074,8.094,1.4419,dewpoint,770.4,27.66
2016-01-17,18.76,26.19,14.23,68.43,0.0,1.57,18.47,94.03,30.25,11.85,PNQ,18.52,73.86,semi_arid,NASA_POWER_daily_ag,3.158,8.972,1.3888,dewpoint,771.5,27.749
2016-01-18,18.02,25.39,13.47,65.29,0.0,1.79,19.0,94.01,24.83,10.56,PNQ,18.52,73.86,semi_arid,NASA_POWER_daily_ag,3.267,9.036,1.2748,dewpoint,773.7,27.841
2016-01-19,17.59,25.65,12.23,60.36,0.0,1.8,18.61,94.06,26.52,8.73,PNQ,18.52,73.86,semi_arid,NASA_POWER_daily_ag,3.326,8.677,1.1273,dewpoint,768.2,27.936
2016-01-20,17.31,27.27,9.15,43.07,0.0,1.62,19.75,94.19,29.17,3.31,PNQ,18.52,73.86,semi_arid,NASA_POWER_daily_ag,3.613,8.326,0.7746,dewpoint,754.1,28.033
2016-01-21,18.06,28.11,10.47,39.97,0.0,2.65,19.01,94.32,32.82,3.18,PNQ,18.52,73.86,semi_arid,NASA_POWER_daily_ag,4.398,8.032,0.7675,dewpoint,740.0,28.132
2016-01-22,18.56,28.8,10.71,29.47,0.0,3.02,18.66,94.35,38.11,-0.46,PNQ,18.52,73.86,semi_arid,NASA_POWER_daily_ag,5.032,7.478,0.5907,dewpoint,736.7,28.234
2016-01-23,19.79,29.18,12.04,34.67,0.0,2.53,18.15,94.37,34.8,3.01,PNQ,18.52,73.86,semi_arid,NASA_POWER_daily_ag,4.647,7.726,0.7583,dewpoint,734.5,28.339
2016-01-24,20.7,29.83,13.84,44.26,0.0,1.81,16.81,94.38,31.63,7.2,PNQ,18.52,73.86,semi_arid,NASA_POWER_daily_ag,3.873,7.801,1.0157,dewpoint,733.5,28.445
2016-01-25,20.56,30.53,13.18,43.17,0.0,1.49,19.26,94.26,20.15,6.32,PNQ,18.52,73.86,semi_arid,NASA_POWER_daily_ag,3.834,8.458,0.956,dewpoint,746.5,28.554
2016-01-26,20.63,31.12,13.98,40.96,0.0,1.57,20.07,94.2,18.53,4.96,PNQ,18.52,73.86,semi_arid,NASA_POWER_daily_ag,4.019,8.467,0.8699,dewpoint,753.0,28.666
2016-01-27,20.43,31.89,13.15,44.29,0.0,1.6,20.35,94.23,19.65,5.48,PNQ,18.52,73.86,semi_arid,NASA_POWER_daily_ag,4.02,8.661,0.902,dewpoint,749.7,28.779
2016-01-28,21.38,32.85,11.82,38.24,0.0,1.74,20.36,94.24,22.52,3.95,PNQ,18.52,73.86,semi_arid,NASA_POWER_daily_ag,4.372,8.476,0.8104,dewpoint,748.7,28.894
2016-01-29,22.69,33.7,13.74,33.8,0.0,2.11,20.25,94.35,26.87,4.13,PNQ,18.52,73.86,semi_arid,NASA_POWER_daily_ag,4.918,8.381,0.8207,dewpoint,736.7,29.011
2016-01-30,22.55,33.92,13.29,34.97,0.0,1.67,19.71,94.35,18.13,4.05,PNQ,18.52,73.86,semi_arid,NASA_POWER_daily_ag,4.434,8.27,0.8161,dewpoint,736.7,29.131
2016-01-31,22.6,33.58,14.08,38.66,0.0,1.45,19.75,94.27,17.14,5.29,PNQ,18.52,73.86,semi_arid,NASA_POWER_daily_ag,4.188,8.49,0.8901,dewpoint,745.4,29.252
2016-02-01,22.45,33.11,14.14,41.21,0.0,1.55,19.39,94.3,22.09,6.72,PNQ,18.52,73.86,semi_arid,NASA_POWER_daily_ag,4.203,8.653,0.9828,dewpoint,742.1,29.374
2016-02-02,22.5,33.47,14.67,36.82,0.0,1.75,20.34,94.32,28.33,4.98,PNQ,18.52,73.86,semi_arid,NASA_POWER_daily_ag,4.54,8.674,0.8711,dewpoint,740.0,29.499
2016-02-03,21.77,33.68,12.87,36.26,0.0,1.63,21.37,94.25,33.6,2.88,PNQ,18.52,73.86,semi_arid,NASA_POWER_daily_ag,4.472,8.757,0.7513,dewpoint,747.6,29.625
2016-02-04,21.43,33.15,11.57,33.99,0.0,1.61,21.87,94.18,36.36,2.03,PNQ,18.52,73.86,semi_arid,NASA_POWER_daily_ag,4.49,8.906,0.7072,dewpoint,755.2,29.752
2016-02-05,22.2,33.52,13.24,38.66,0.0,1.66,19.75,94.1,26.81,4.65,PNQ,18.52,73.86,semi_arid,NASA_POWER_daily_ag,4.418,8.639,0.8512,dewpoint,763.9,29.881
2016-02-06,20.07,29.2,14.25,63.38,0.0,2.02,19.76,94.02,22.17,11.55,PNQ,18.52,73.86,semi_arid,NASA_POWER_daily_ag,3.863,9.882,1.3615,dewpoint,772.6,30.011
2016-02-07,19.14,28.96,12.15,66.41,0.0,1.97,21.58,94.23,19.48,11.35,PNQ,18.52,73.86,semi_arid,NASA_POWER_daily_ag,3.843,10.664,1.3436,dewpoint,749.7,30.143
2016-02-08,20.83,32.19,11.41,53.99,0.0,1.64,21.01,94.18,16.4,9.14,PNQ,18.52,73.86,semi_arid,NASA_POWER_daily_ag,4.124,9.989,1.159,dewpoint,755.2,30.276
2016-02-09,22.58,33.1,14.27,48.29,0.0,1.62,19.04,94.11,16.72,9.31,PNQ,18.52,73.86,semi_arid,NASA_POWER_daily_ag,4.211,9.216,1.1723,dewpoint,762.8,30.41
2016-02-10,21.86,29.89,16.53,61.32,0.0,1.91,17.96,94.1,24.19,13.25,PNQ,18.52,73.86,semi_arid,NASA_POWER_daily_ag,3.871,9.468,1.5224,dewpoint,763.9,30.545
2016-02-11,20.73,29.52,14.98,66.79,0.0,2.2,20.4,94.08,19.07,12.97,PNQ,18.52,73.86,semi_arid,NASA_POWER_daily_ag,4.025,10.502,1.4948,dewpoint,766.1,30.681
2016-02-12,19.45,29.25,13.56,67.12,0.0,2.08,21.65,94.1,23.62,11.02,PNQ,18.52,73.86,semi_arid,NASA_POWER_daily_ag,4.023,10.753,1.3145,dewpoint,763.9,30.817
2016-02-13,19.46,29.97,13.18,61.27,0.0,1.66,22.13,94.16,17.2,9.12,PNQ,18.52,73.86,semi_arid,NASA_POWER_daily_ag,4.035,10.623,1.1574,dewpoint,757.4,30.955
2016-02-14,21.3,32.19,11.88,48.62,0.0,1.8,20.98,94.1,22.03,8.14,PNQ,18.52,73.86,semi_arid,NASA_POWER_daily_ag,4.432,10.033,1.083,dewpoint,763.9,31.093
2016-02-15,22.8,32.45,15.28,43.21,0.0,1.66,19.31,94.15,24.59,8.54,PNQ,18.52,73.86,semi_arid,NASA_POWER_daily_ag,4.401,9.405,1.1129,dewpoint,758.4,31.232
2016-02-16,23.77,34.1,15.46,46.56,0.0,1.74,20.2,94.13,19.25,10.08,PNQ,18.52,73.86,semi_arid,NASA_POWER_daily_ag,4.63,9.92,1.2346,dewpoint,760.6,31.372
2016-02-17,24.22,33.07,16.89,52.74,0.0,1.47,20.25,94.17,38.71,12.61,PNQ,18.52,73.86,semi_arid,NASA_POWER_daily_ag,4.374,10.382,1.46,dewpoint,756.3,31.512
2016-02-18,24.58,34.2,15.93,45.89,0.0,2.12,21.49,94.15,31.24,10.17,PNQ,18.52,73.86,semi_arid,NASA_POWER_daily_ag,5.233,10.464,1.242,dewpoint,758.4,31.652
2016-02-19,24.75,34.35,17.42,59.08,0.0,2.31,19.07,94.29,52.6,14.24,PNQ,18.52,73.86,semi_arid,NASA_POWER_daily_ag,4.79,10.171,1.6237,dewpoint,743.2,31.792
2016-02-20,25.42,33.85,18.66,55.71,0.0,1.6,19.83,94.31,75.57,14.27,PNQ,18.52,73.86,semi_arid,NASA_POWER_daily_ag,4.547,10.505,1.6268,dewpoint,741.1,31.933
2016-02-21,26.64,35.39,19.61,47.66,0.0,1.85,19.39,94.21,58.79,13.51,PNQ,18.52,73.86,semi_arid,NASA_POWER_daily_ag,4.966,10.15,1.5485,dewpoint,751.9,32.074
2016-02-22,26.0,36.11,19.32,34.95,0.0,2.03,20.7,94.27,55.72,7.88,PNQ,18.52,73.86,semi_arid,NASA_POWER_daily_ag,5.483,9.749,1.064,dewpoint,745.4,32.215
2016-02-23,26.08,37.79,17.78,31.45,0.0,2.06,21.92,94.08,33.85,6.3,PNQ,18.52,73.86,semi_arid,NASA_POWER_daily_ag,5.713,9.927,0.9547,dewpoint,766.1,32.356
2016-02-24,23.94,33.47,17.13,42.3,0.0,2.36,22.63,94.06,20.13,7.75,PNQ,18.52,73.86,semi_arid,NASA_POWER_daily_ag,5.62,10.69,1.0546,dewpoint,768.2,32.497
2016-02-25,23.68,33.44,16.54,52.42,0.0,1.83,20.46,94.13,80.71,10.36,PNQ,18.52,73.86,semi_arid,NASA_POWER_daily_ag,4.772,10.369,1.2579,dewpoint,760.6,32.638
2016-02-26,24.65,33.49,18.26,41.65,0.0,1.45,19.69,94.21,58.97,8.16,PNQ,18.52,73.86,semi_arid,NASA_POWER_daily_ag,4.627,9.734,1.0845,dewpoint,751.9,32.778
2016-02-27,25.99,35.7,17.17,35.81,0.0,1.81,21.15,94.26,15.61,7.74,PNQ,18.52,73.86,semi_arid,NASA_POWER_daily_ag,5.375,10.173,1.0539,dewpoint,746.5,32.918
2016-02-28,26.93,35.94,19.85,37.59,0.39,1.58,19.28,94.36,42.26,10.05,PNQ,18.52,73.86,semi_arid,NASA_POWER_daily_ag,4.988,9.771,1.2321,dewpoint,735.6,33.057
2016-02-29,28.03,36.05,21.65,42.88,1.41,1.16,17.52,94.33,56.94,13.15,PNQ,18.52,73.86,semi_arid,NASA_POWER_daily_ag,4.38,9.495,1.5125,dewpoint,738.9,33.196
2016-03-01,27.98,34.96,22.31,46.81,0.27,1.8,17.52,94.2,44.22,14.85,PNQ,18.52,73.86,semi_arid,NASA_POWER_daily_ag,4.924,9.769,1.6889,dewpoint,753.0,33.335
2016-03-02,27.53,35.08,21.2,53.11,2.65,1.59,18.74,94.25,40.74,16.08,PNQ,18.52,73.86,semi_arid,NASA_POWER_daily_ag,4.737,10.531,1.8276,dewpoint,747.6,33.473
2016-03-03,27.21,34.12,21.5,51.2,0.64,2.09,18.89,94.35,65.07,15.27,PNQ,18.52,73.86,semi_arid,NASA_POWER_daily_ag,5.157,10.515,1.7352,dewpoint,736.7,33.61
2016-03-04,27.95,34.35,22.03,46.28,1.5,1.1,17.45,94.21,56.77,14.37,PNQ,18.52,73.86,semi_arid,NASA_POWER_daily_ag,4.301,9.769,1.6374,dewpoint,751.9,33.746
2016-03-05,27.62,35.78,21.29,39.9,0.0,1.67,22.3,94.08,25.04,11.38,PNQ,18.52,73.86,semi_arid,NASA_POWER_daily_ag,5.513,11.302,1.3462,dewpoint,766.1,33.882
2016-03-06,26.09,34.49,19.44,35.08,0.0,2.0,19.74,94.07,46.08,8.38,PNQ,18.52,73.86,semi_arid,NASA_POWER_daily_ag,5.489,10.006,1.1009,dewpoint,767.1,34.016
2016-03-07,26.31,36.09,19.17,30.05,0.0,1.83,23.89,94.01,19.36,5.78,PNQ,18.52,73.86,semi_arid,NASA_POWER_daily_ag,5.844,11.067,0.921,dewpoint,773.7,34.15
2016-03-08,26.45,36.61,17.72,30.97,0.0,1.75,22.76,93.92,51.53,6.51,PNQ,18.52,73.86,semi_arid,NASA_POWER_daily_ag,5.669,10.868,0.9686,dewpoint,783.5,34.282
2016-03-09,26.4,35.84,18.8,31.33,0.0,2.04,23.68,94.03,57.45,6.9,PNQ,18.52,73.86,semi_arid,NASA_POWER_daily_ag,6.064,11.285,0.995,dewpoint,771.5,34.413
2016-03-10,28.29,38.38,19.09,27.14,0.0,1.35,24.35,94.06,26.27,5.91,PNQ,18.52,73.86,semi_arid,NASA_POWER_daily_ag,5.594,11.244,0.9293,dewpoint,768.2,34.543
2016-03-11,28.3,38.42,19.94,29.7,0.0,1.93,22.95,94.1,20.52,7.58,PNQ,18.52,73.86,semi_arid,NASA_POWER_daily_ag,6.168,11.034,1.0425,dewpoint,763.9,34.672
2016-03-12,26.65,36.4,19.95,37.44,0.0,2.62,22.61,94.04,24.43,9.34,PNQ,18.52,73.86,semi_arid,NASA_POWER_daily_ag,6.457,11.325,1.1747,dewpoint,770.4,34.8
2016-03-13,23.74,32.97,17.35,50.41,0.0,2.85,24.41,94.13,19.09,11.04,PNQ,18.52,73.86,semi_arid,NASA_POWER_daily_ag,5.958,12.619,1.3162,dewpoint,760.6,34.926
2016-03-14,23.72,33.86,14.63,54.89,0.0,2.41,25.73,94.15,17.71,10.81,PNQ,18.52,73.86,semi_arid,NASA_POWER_daily_ag,5.86,13.223,1.2962,dewpoint,758.4,35.051
2016-03-15,24.57,35.59,15.16,50.28,0.0,2.18,25.27,94.04,16.18,9.65,PNQ,18.52,73.86,semi_arid,NASA_POWER_daily_ag,5.923,12.744,1.1995,dewpoint,770.4,35.174
2016-03-16,25.02,35.59,16.01,48.39,0.0,1.97,25.05,93.99,15.78,10.06,PNQ,18.52,73.86,semi_arid,NASA_POWER_daily_ag,5.804,12.73,1.2329,dewpoint,775.8,35.296
2016-03-17,25.86,36.08,18.39,44.59,0.0,2.17,24.91,94.06,13.5,10.57,PNQ,18.52,73.86,semi_arid,NASA_POWER_daily_ag,6.085,12.68,1.2757,dewpoint,768.2,35.416
2016-03-18,27.7,38.57,18.76,41.91,0.0,2.15,24.63,94.02,13.62,10.92,PNQ,18.52,73.86,semi_arid,NASA_POWER_daily_ag,6.393,12.533,1.3057,dewpoint,772.6,35.534
2016-03-19,28.51,38.8,19.6,36.07,0.0,2.4,24.53,94.03,12.26,9.83,PNQ,18.52,73.86,semi_arid,NASA_POWER_daily_ag,6.869,12.276,1.214,dewpoint,771.5,35.651
2016-03-20,28.69,38.52,20.47,29.74,0.0,2.8,24.81,94.1,9.51,7.7,PNQ,18.52,73.86,semi_arid,NASA_POWER_daily_ag,7.494,12.004,1.051,dewpoint,763.9,35.766
2016-03-21,28.08,37.42,20.85,28.06,0.0,2.78,25.48,94.06,17.09,6.21,PNQ,18.52,73.86,semi_arid,NASA_POWER_daily_ag,7.495,12.06,0.9488,dewpoint,768.2,35.88
2016-03-22,27.82,38.51,18.83,20.44,0.0,1.72,26.28,93.88,19.11,0.34,PNQ,18.52,73.86,semi_arid,NASA_POWER_daily_ag,6.366,11.437,0.6261,dewpoint,787.8,35.991
2016-03-23,28.86,39.53,19.64,20.77,0.0,1.52,25.65,93.88,13.94,1.02,PNQ,18.52,73.86,semi_arid,NASA_POWER_daily_ag,6.149,11.277,0.6577,dewpoint,787.8,36.101
2016-03-24,29.54,39.91,21.02,29.53,0.0,1.17,23.78,94.07,23.72,6.02,PNQ,18.52,73.86,semi_arid,NASA_POWER_daily_ag,5.534,11.381,0.9364,dewpoint,767.1,36.209
2016-03-25,29.19,39.7,21.77,43.9,0.0,2.16,21.63,94.14,33.84,12.7,PNQ,18.52,73.86,semi_arid,NASA_POWER_daily_ag,6.279,11.637,1.4686,dewpoint,759.5,36.315
2016-03-26,29.96,39.55,22.88,39.88,0.0,2.19,22.12,94.11,37.13,12.52,PNQ,18.52,73.86,semi_arid,NASA_POWER_daily_ag,6.541,11.807,1.4514,dewpoint,762.8,36.419
2016-03-27,29.48,39.2,22.0,35.66,0.03,2.12,22.03,94.08,35.61,10.71,PNQ,18.52,73.86,semi_arid,NASA_POWER_daily_ag,6.477,11.538,1.2876,dewpoint,766.1,36.521
2016-03-28,29.65,39.28,21.78,31.05,0.01,1.77,24.18,94.1,18.54,8.56,PNQ,18.52,73.86,semi_arid,NASA_POWER_daily_ag,6.42,12.055,1.1144,dewpoint,763.9,36.621
2016-03-29,28.81,38.64,21.39,28.65,0.0,1.95,25.1,94.14,15.71,6.13,PNQ,18.52,73.86,semi_arid,NASA_POWER_daily_ag,6.679,12.058,0.9436,dewpoint,759.5,36.719
2016-03-30,28.75,39.56,19.86,35.16,0.0,2.1,25.51,94.14,14.55,8.34,PNQ,18.52,73.86,semi_arid,NASA_POWER_daily_ag,6.837,12.64,1.0979,dewpoint,759.5,36.815
2016-03-31,27.64,37.74,18.67,42.62,0.0,2.57,26.1,94.08,15.57,10.26,PNQ,18.52,73.86,semi_arid,NASA_POWER_daily_ag,7.084,13.397,1.2495,dewpoint,766.1,36.909
2016-04-01,27.98,39.09,18.28,43.87,0.0,2.26,26.49,93.91,11.61,9.71,PNQ,18.52,73.86,semi_arid,NASA_POWER_daily_ag,6.932,13.428,1.2043,dewpoint,784.6,37.001
2016-04-02,28.67,40.56,19.13,46.16,0.0,2.05,25.42,93.95,18.54,11.52,PNQ,18.52,73.86,semi_arid,NASA_POWER_daily_ag,6.633,13.253,1.3588,dewpoint,780.2,37.091
2016-04-03,28.73,39.65,20.19,51.43,0.0,2.68,23.31,94.07,50.41,14.75,PNQ,18.52,73.86,semi_arid,NASA_POWER_daily_ag,6.726,12.957,1.6781,dewpoint,767.1,37.178
2016-04-04,29.77,38.12,22.06,44.28,0.02,2.24,19.91,93.93,63.82,14.42,PNQ,18.52,73.86,semi_arid,NASA_POWER_daily_ag,6.202,11.372,1.6427,dewpoint,782.4,37.264
2016-04-05,28.96,36.57,23.11,45.62,0.38,2.18,14.15,93.91,76.13,14.43,PNQ,18.52,73.86,semi_arid,NASA_POWER_daily_ag,5.246,8.78,1.6438,dewpoint,784.6,37.348
2016-04-06,28.77,38.44,20.87,42.96,0.28,2.2,22.48,93.97,28.26,12.03,PNQ,18.52,73.86,semi_arid,NASA_POWER_daily_ag,6.458,12.196,1.4053,dewpoint,778.0,37.429
2016-04-07,28.54,38.86,19.79,41.94,0.05,2.55,25.52,93.93,12.06,11.23,PNQ,18.52,73.86,semi_arid,NASA_POWER_daily_ag,7.166,13.393,1.3329,dewpoint,782.4,37.508
2016-04-08,29.2,39.58,19.91,29.41,0.0,2.32,25.55,93.87,19.74,7.17,PNQ,18.52,73.86,semi_arid,NASA_POWER_daily_ag,7.289,12.659,1.0136,dewpoint,788.9,37.586
2016-04-09,28.92,38.94,20.04,28.73,0.0,2.24,23.84,93.94,24.74,7.05,PNQ,18.52,73.86,semi_arid,NASA_POWER_daily_ag,6.974,12.028,1.0053,dewpoint,781.3,37.661
2016-04-10,29.14,39.14,20.29,37.7,0.0,2.54,24.5,94.04,18.63,10.9,PNQ,18.52,73.86,semi_arid,NASA_POWER_daily_ag,7.215,12.921,1.304,dewpoint,770.4,37.734
2016-04-11,30.02,39.32,21.49,36.43,0.0,2.75,24.23,94.0,28.67,11.66,PNQ,18.52,73.86,semi_arid,NASA_POWER_daily_ag,7.548,12.908,1.3714,dewpoint,774.8,37.805
2016-04-12,29.87,40.21,21.41,32.9,0.0,2.73,26.44,93.87,11.21,9.55,PNQ,18.52,73.86,semi_arid,NASA_POWER_daily_ag,7.878,13.419,1.1914,dewpoint,788.9,37.874
2016-04-13,28.59,38.78,19.92,42.2,0.0,2.74,27.45,93.76,8.97,11.75,PNQ,18.52,73.86,semi_arid,NASA_POWER_daily_ag,7.563,14.429,1.3796,dewpoint,800.9,37.941
2016-04-14,29.08,40.98,18.77,45.42,0.0,2.32,27.72,93.74,18.02,11.16,PNQ,18.52,73.86,semi_arid,NASA_POWER_daily_ag,7.343,14.376,1.3267,dewpoint,803.1,38.005
2016-04-15,29.54,41.5,19.51,37.18,0.0,2.55,28.07,93.83,11.63,9.5,PNQ,18.52,73.86,semi_arid,NASA_POWER_daily_ag,7.805,14.133,1.1874,dewpoint,793.3,38.068
2016-04-16,29.01,40.56,19.48,44.68,0.0,2.99,26.8,93.84,18.97,12.39,PNQ,18.52,73.86,semi_arid,NASA_POWER_daily_ag,7.764,14.254,1.439,dewpoint,792.2,38.128
2016-04-17,27.99,38.77,18.3,48.9,0.0,2.96,27.94,93.8,11.09,11.67,PNQ,18.52,73.86,semi_arid,NASA_POWER_daily_ag,7.684,14.75,1.3723,dewpoint,796.6,38.187
2016-04-18,29.9,41.06,20.85,49.43,0.0,2.77,27.18,93.78,14.74,13.87,PNQ,18.52,73.86,semi_arid,NASA_POWER_daily_ag,7.717,14.69,1.5852,dewpoint,798.7,38.244
2016-04-19,30.0,40.24,21.79,49.22,0.56,2.68,23.93,93.8,41.02,15.41,PNQ,18.52,73.86,semi_arid,NASA_POWER_daily_ag,7.115,13.519,1.7509,dewpoint,796.6,38.298
2016-04-20,30.38,40.33,23.02,50.62,0.57,3.11,17.35,93.94,80.28,17.06,PNQ,18.52,73.86,semi_arid,NASA_POWER_daily_ag,6.51,10.603,1.9451,dewpoint,781.3,38.351
2016-04-21,29.65,39.76,23.19,46.29,0.0,3.22,25.27,93.91,21.61,15.02,PNQ,18.52,73.86,semi_arid,NASA_POWER_daily_ag,7.67,14.061,1.7075,dewpoint,784.6,38.402
2016-04-22,27.15,36.68,20.38,50.97,0.0,3.6,27.58,93.9,12.41,13.01,PNQ,18.52,73.86,semi_arid,NASA_POWER_daily_ag,7.721,14.946,1.4988,dewpoint,785.7,38.45
2016-04-23,26.43,36.51,18.64,57.58,0.0,3.29,28.26,93.77,11.66,14.75,PNQ,18.52,73.86,semi_arid,NASA_POWER_daily_ag,7.142,15.724,1.6781,dewpoint,799.8,38.497
2016-04-24,26.73,36.06,18.66,57.03,0.0,3.08,27.92,93.66,13.8,14.81,PNQ,18.52,73.86,semi_arid,NASA_POWER_daily_ag,7.084,15.605,1.6846,dewpoint,811.8,38.542
2016-04-25,27.55,38.37,19.3,50.8,0.0,2.43,28.02,93.7,13.77,11.75,PNQ,18.52,73.86,semi_arid,NASA_POWER_daily_ag,7.145,14.88,1.3796,dewpoint,807.5,38.585
2016-04-26,28.99,40.23,18.59,44.39,0.0,2.42,27.79,93.85,13.18,11.08,PNQ,18.52,73.86,semi_arid,NASA_POWER_daily_ag,7.489,14.586,1.3197,dewpoint,791.1,38.627
2016-04-27,30.84,41.0,21.66,31.52,0.0,2.31,26.38,93.76,26.53,9.02,PNQ,18.52,73.86,semi_arid,NASA_POWER_daily_ag,7.673,13.45,1.1496,dewpoint,800.9,38.666
2016-04-28,31.25,40.81,23.44,31.61,0.0,2.14,23.36,93.73,70.48,9.85,PNQ,18.52,73.86,semi_arid,NASA_POWER_daily_ag,7.146,12.318,1.2157,dewpoint,804.2,38.704
2016-04-29,30.12,39.17,22.91,41.53,0.0,2.65,25.29,93.82,28.7,12.61,PNQ,18.52,73.86,semi_arid,NASA_POWER_daily_ag,7.566,13.706,1.46,dewpoint,794.4,38.74
2016-04-30,30.0,40.6,21.22,45.29,0.0,2.81,26.79,93.86,6.68,13.06,PNQ,18.52,73.86,semi_arid,NASA_POWER_daily_ag,7.837,14.467,1.5037,dewpoint,790.0,38.775
2016-05-01,29.45,39.72,20.99,42.9,0.0,2.75,27.42,93.83,10.23,12.22,PNQ,18.52,73.86,semi_arid,NASA_POWER_daily_ag,7.793,14.631,1.423,dewpoint,793.3,38.808
2016-05-02,29.29,39.47,21.12,49.72,0.0,3.43,27.92,93.85,12.83,14.33,PNQ,18.52,73.86,semi_arid,NASA_POWER_daily_ag,8.17,15.322,1.6332,dewpoint,791.1,38.839
2016-05-03,29.75,40.48,20.19,44.96,0.0,2.87,27.89,93.77,18.24,12.68,PNQ,18.52,73.86,semi_arid,NASA_POWER_daily_ag,8.006,14.947,1.4667,dewpoint,799.8,38.869
2016-05-04,28.61,38.29,20.13,47.71,0.0,2.77,27.07,93.79,27.42,12.85,PNQ,18.52,73.86,semi_arid,NASA_POWER_daily_ag,7.52,14.721,1.4831,dewpoint,797.6,38.897
2016-05-05,28.49,37.88,21.72,54.97,0.0,2.93,25.92,93.85,42.26,15.95,PNQ,18.52,73.86,semi_arid,NASA_POWER_daily_ag,7.122,14.78,1.8125,dewpoint,791.1,38.924
2016-05-06,28.11,37.19,20.64,51.84,0.0,3.03,27.89,93.84,9.84,14.06,PNQ,18.52,73.86,semi_arid,NASA_POWER_daily_ag,7.565,15.391,1.6048,dewpoint,792.2,38.949
2016-05-07,28.46,37.67,20.79,53.22,0.01,2.48,27.77,93.81,14.23,14.96,PNQ,18.52,73.86,semi_arid,NASA_POWER_daily_ag,7.151,15.509,1.701,dewpoint,795.5,38.973
2016-05-08,28.9,38.55,21.25,55.95,0.45,2.69,24.43,93.9,28.39,17.01,PNQ,18.52,73.86,semi_arid,NASA_POWER_daily_ag,6.755,14.262,1.939,dewpoint,785.7,38.995
2016-05-09,29.82,38.22,22.86,50.49,1.68,2.26,25.06,93.86,37.97,16.37,PNQ,18.52,73.86,semi_arid,NASA_POWER_daily_ag,6.823,14.417,1.8617,dewpoint,790.0,39.016
2016-05-10,29.76,37.8,23.41,50.51,1.79,2.05,20.93,93.87,50.06,16.99,PNQ,18.52,73.86,semi_arid,NASA_POWER_daily_ag,6.009,12.497,1.9365,dewpoint,788.9,39.036
2016-05-11,30.28,39.0,24.14,48.89,0.38,2.41,23.73,93.82,48.3,16.94,PNQ,18.52,73.86,semi_arid,NASA_POWER_daily_ag,6.812,13.821,1.9304,dewpoint,794.4,39.055
2016-05-12,30.17,39.22,22.72,51.75,0.88,2.95,25.13,93.65,35.74,17.01,PNQ,18.52,73.86,semi_arid,NASA_POWER_daily_ag,7.396,14.564,1.939,dewpoint,812.9,39.072
2016-05-13,29.77,39.08,22.89,58.25,0.42,3.08,25.34,93.67,39.06,18.98,PNQ,18.52,73.86,semi_arid,NASA_POWER_daily_ag,7.11,15.086,2.1947,dewpoint,810.7,39.089
2016-05-14,30.35,38.69,24.27,56.39,1.37,2.86,22.42,93.78,52.47,19.25,PNQ,18.52,73.86,semi_arid,NASA_POWER_daily_ag,6.702,13.602,2.2319,dewpoint,798.7,39.104
2016-05-15,31.01,39.28,24.34,51.04,0.0,3.17,24.29,93.76,56.33,18.22,PNQ,18.52,73.86,semi_arid,NASA_POWER_daily_ag,7.533,14.348,2.0927,dewpoint,800.9,39.118
2016-05-16,30.52,39.72,22.75,51.8,0.0,2.84,26.29,93.57,52.7,17.11,PNQ,18.52,73.86,semi_arid,NASA_POWER_daily_ag,7.558,15.153,1.9513,dewpoint,821.7,39.131
2016-05-17,29.59,38.24,23.52,58.13,0.0,2.97,26.29,93.4,71.26,18.69,PNQ,18.52,73.86,semi_arid,NASA_POWER_daily_ag,7.165,15.537,2.1553,dewpoint,840.2,39.143
2016-05-18,30.04,38.9,23.93,61.08,0.0,3.71,22.46,93.3,90.62,20.07,PNQ,18.52,73.86,semi_arid,NASA_POWER_daily_ag,6.96,13.79,2.3484,dewpoint,851.2,39.154
2016-05-19,29.25,36.7,24.29,62.68,0.01,4.27,24.57,93.33,70.95,20.09,PNQ,18.52,73.86,semi_arid,NASA_POWER_daily_ag,7.199,14.969,2.3513,dewpoint,847.9,39.164
2016-05-20,28.71,35.85,24.44,64.63,0.0,5.17,24.07,93.42,64.73,20.11,PNQ,18.52,73.86,semi_arid,NASA_POWER_daily_ag,7.232,14.724,2.3543,dewpoint,838.1,39.173
2016-05-21,28.49,35.88,23.78,66.41,0.0,5.3,24.85,93.6,49.86,20.6,PNQ,18.52,73.86,semi_arid,NASA_POWER_daily_ag,7.112,15.26,2.4266,dewpoint,818.4,39.181
2016-05-22,28.95,37.37,23.83,64.24,0.0,4.75,26.05,93.78,26.32,20.21,PNQ,18.52,73.86,semi_arid,NASA_POWER_daily_ag,7.414,15.775,2.3689,dewpoint,798.7,39.189
2016-05-23,28.65,36.48,23.88,66.61,0.08,4.94,24.79,93.84,37.78,20.74,PNQ,18.52,73.86,semi_arid,NASA_POWER_daily_ag,7.027,15.237,2.4476,dewpoint,792.2,39.195
2016-05-24,28.93,36.73,23.95,63.06,0.03,4.31,25.82,93.8,26.21,19.82,PNQ,18.52,73.86,semi_arid,NASA_POWER_daily_ag,7.31,15.582,2.3124,dewpoint,796.6,39.201
2016-05-25,28.28,34.87,23.76,65.69,0.01,4.63,24.92,93.73,41.26,20.5,PNQ,18.52,73.86,semi_arid,NASA_POWER_daily_ag,6.847,15.306,2.4116,dewpoint,804.2,39.207
2016-05-26,28.62,35.25,24.12,67.11,0.03,4.14,24.91,93.72,36.6,21.14,PNQ,18.52,73.86,semi_arid,NASA_POWER_daily_ag,6.667,15.42,2.5085,dewpoint,805.3,39.211
2016-05-27,29.04,36.37,23.92,65.38,0.02,4.01,24.97,93.82,34.67,20.83,PNQ,18.52,73.86,semi_arid,NASA_POWER_daily_ag,6.884,15.36,2.4612,dewpoint,794.4,39.215
2016-05-28,28.93,36.38,23.85,65.51,0.0,4.16,25.09,93.79,37.23,20.85,PNQ,18.52,73.86,semi_arid,NASA_POWER_daily_ag,6.904,15.432,2.4642,dewpoint,797.6,39.219
2016-05-29,28.89,36.17,23.77,63.04,0.01,4.2,25.88,93.71,31.61,20.12,PNQ,18.52,73.86,semi_arid,NASA_POWER_daily_ag,7.19,15.707,2.3557,dewpoint,806.4,39.221
2016-05-30,29.09,37.1,22.99,59.68,0.02,3.74,26.9,93.66,20.54,18.89,PNQ,18.52,73.86,semi_arid,NASA_POWER_daily_ag,7.471,15.961,2.1824,dewpoint,811.8,39.224
2016-05-31,29.17,37.53,22.99,58.85,0.0,3.74,26.26,93.74,30.29,18.6,PNQ,18.52,73.86,semi_arid,NASA_POWER_daily_ag,7.47,15.547,2.1432,dewpoint,803.1,39.225
2016-06-01,29.79,38.36,23.46,57.12,0.31,3.73,24.53,93.74,48.78,18.69,PNQ,18.52,73.86,semi_arid,NASA_POWER_daily_ag,7.445,14.634,2.1553,dewpoint,803.1,39.227
2016-06-02,29.5,37.84,23.57,59.42,1.74,3.8,23.56,93.7,77.08,19.12,PNQ,18.52,73.86,semi_arid,NASA_POWER_daily_ag,7.162,14.229,2.2139,dewpoint,807.5,39.227
2016-06-03,29.33,37.84,23.65,61.92,0.85,3.69,23.29,93.63,65.42,20.11,PNQ,18.52,73.86,semi_arid,NASA_POWER_daily_ag,6.795,14.278,2.3543,dewpoint,815.1,39.228
2016-06-04,28.22,35.29,24.21,70.37,14.89,3.92,17.77,93.65,92.89,21.53,PNQ,18.52,73.86,semi_arid,NASA_POWER_daily_ag,5.346,11.54,2.5691,dewpoint,812.9,39.228
2016-06-05,27.04,32.54,24.11,77.29,11.47,3.56,17.68,93.65,89.4,22.24,PNQ,18.52,73.86,semi_arid,NASA_POWER_daily_ag,4.568,11.62,2.6829,dewpoint,812.9,39.227
2016-06-06,26.52,31.1,23.63,75.32,5.91,3.15,7.48,93.67,99.81,21.41,PNQ,18.52,73.86,semi_arid,NASA_POWER_daily_ag,3.077,5.825,2.5503,dewpoint,810.7,39.227
2016-06-07,27.62,33.91,23.5,71.17,0.13,3.74,18.8,93.64,83.6,21.21,PNQ,18.52,73.86,semi_arid,NASA_POWER_daily_ag,5.281,12.101,2.5193,dewpoint,814.0,39.226
2016-06-08,27.19,31.94,24.25,76.15,0.71,3.74,19.48,93.61,77.39,22.2,PNQ,18.52,73.86,semi_arid,NASA_POWER_daily_ag,4.929,12.645,2.6763,dewpoint,817.3,39.224
2016-06-09,26.83,31.97,24.27,76.61,1.55,3.66,21.59,93.6,69.57,21.89,PNQ,18.52,73.86,semi_arid,NASA_POWER_daily_ag,5.142,13.79,2.6263,dewpoint,818.4,39.222
2016-06-10,26.42,30.27,23.6,78.74,3.64,3.76,14.58,93.65,97.48,22.12,PNQ,18.52,73.86,semi_arid,NASA_POWER_daily_ag,3.968,9.873,2.6633,dewpoint,812.9,39.22
2016-06-11,25.45,28.62,23.54,81.9,7.09,4.12,11.37,93.76,91.9,21.9,PNQ,18.52,73.86,semi_arid,NASA_POWER_daily_ag,3.262,8.039,2.6279,dewpoint,800.9,39.218
2016-06-12,25.94,30.06,23.5,81.16,4.37,4.61,16.25,93.75,94.32,22.12,PNQ,18.52,73.86,semi_arid,NASA_POWER_daily_ag,4.101,10.828,2.6633,dewpoint,802.0,39.216
2016-06-13,26.11,30.24,23.81,81.7,2.34,4.92,19.77,93.76,63.65,22.46,PNQ,18.52,73.86,semi_arid,NASA_POWER_daily_ag,4.539,12.881,2.719,dewpoint,800.9,39.213
2016-06-14,26.44,31.94,23.4,77.37,1.35,4.81,20.35,93.69,72.18,21.7,PNQ,18.52,73.86,semi_arid,NASA_POWER_daily_ag,5.043,13.073,2.596,dewpoint,808.6,39.21
2016-06-15,26.47,31.92,22.8,75.43,0.83,5.24,20.39,93.56,57.95,21.24,PNQ,18.52,73.86,semi_arid,NASA_POWER_daily_ag,5.299,13.035,2.5239,dewpoint,822.7,39.207
2016-06-16,26.77,32.48,23.3,73.65,0.24,4.95,20.35,93.49,51.95,21.04,PNQ,18.52,73.86,semi_arid,NASA_POWER_daily_ag,5.461,12.963,2.4931,dewpoint,830.4,39.204
2016-06-17,26.54,32.33,23.0,72.91,0.72,4.61,20.13,93.51,77.27,20.64,PNQ,18.52,73.86,semi_arid,NASA_POWER_daily_ag,5.385,12.788,2.4325,dewpoint,828.2,39.2
2016-06-18,26.42,31.84,22.97,75.06,1.73,4.64,14.3,93.53,97.61,21.16,PNQ,18.52,73.86,semi_arid,NASA_POWER_daily_ag,4.425,9.626,2.5116,dewpoint,826.0,39.196
2016-06-19,25.48,29.12,23.31,79.08,6.07,4.35,7.18,93.47,99.87,21.31,PNQ,18.52,73.86,semi_arid,NASA_POWER_daily_ag,2.984,5.655,2.5348,dewpoint,832.6,39.192
2016-06-20,24.31,27.85,22.26,85.18,21.12,3.43,10.3,93.33,98.34,21.54,PNQ,18.52,73.86,semi_arid,NASA_POWER_daily_ag,2.698,7.426,2.5707,dewpoint,847.9,39.188
2016-06-21,24.56,28.35,22.21,86.88,20.25,4.25,15.9,93.28,78.84,22.13,PNQ,18.52,73.86,semi_arid,NASA_POWER_daily_ag,3.386,10.663,2.665,dewpoint,853.4,39.184
2016-06-22,24.66,29.76,21.8,83.4,5.27,2.98,18.99,93.51,90.52,21.41,PNQ,18.52,73.86,semi_arid,NASA_POWER_daily_ag,4.001,12.324,2.5503,dewpoint,828.2,39.18
2016-06-23,24.41,29.6,21.66,82.68,11.27,4.35,16.38,93.55,98.69,21.04,PNQ,18.52,73.86,semi_arid,NASA_POWER_daily_ag,3.767,10.814,2.4931,dewpoint,823.8,39.175
2016-06-24,24.49,27.4,22.35,85.22,22.18,4.12,12.88,93.47,99.59,21.7,PNQ,18.52,73.86,semi_arid,NASA_POWER_daily_ag,3.114,8.903,2.596,dewpoint,832.6,39.171
2016-06-25,23.96,25.74,22.53,91.27,63.89,4.2,9.03,93.49,99.67,22.42,PNQ,18.52,73.86,semi_arid,NASA_POWER_daily_ag,2.121,6.718,2.7124,dewpoint,830.4,39.166
2016-06-26,24.47,28.72,21.95,84.76,30.29,4.6,11.52,93.49,99.4,21.55,PNQ,18.52,73.86,semi_arid,NASA_POWER_daily_ag,3.025,8.115,2.5723,dewpoint,830.4,39.161
2016-06-27,24.37,28.46,22.16,87.7,19.65,4.57,11.32,93.38,98.51,22.08,PNQ,18.52,73.86,semi_arid,NASA_POWER_daily_ag,2.744,8.024,2.6569,dewpoint,842.4,39.155
2016-06-28,24.8,28.03,22.88,88.55,35.48,4.6,8.42,93.33,99.64,22.69,PNQ,18.52,73.86,semi_arid,NASA_POWER_daily_ag,2.332,6.364,2.7572,dewpoint,847.9,39.15
2016-06-29,24.64,27.84,22.88,87.55,15.58,4.85,9.71,93.39,99.83,22.33,PNQ,18.52,73.86,semi_arid,NASA_POWER_daily_ag,2.584,7.105,2.6976,dewpoint,841.3,39.144
2016-06-30,24.69,27.88,23.11,88.39,18.79,4.57,10.88,93.4,99.01,22.56,PNQ,18.52,73.86,semi_arid,NASA_POWER_daily_ag,2.646,7.788,2.7355,dewpoint,840.2,39.138
2016-07-01,24.63,27.68,22.66,89.4,28.58,5.16,9.73,93.31,99.87,22.7,PNQ,18.52,73.86,semi_arid,NASA_POWER_daily_ag,2.436,7.126,2.7589,dewpoint,850.1,39.132
2016-07-02,24.19,25.89,23.37,93.24,78.15,5.85,6.3,93.28,99.88,23.03,PNQ,18.52,73.86,semi_arid,NASA_POWER_daily_ag,1.643,5.121,2.8145,dewpoint,853.4,39.126
2016-07-03,24.15,26.21,22.62,93.61,64.35,5.59,6.89,93.35,99.79,23.06,PNQ,18.52,73.86,semi_arid,NASA_POWER_daily_ag,1.674,5.467,2.8196,dewpoint,845.7,39.119
2016-07-04,24.31,26.82,22.6,91.81,38.18,5.17,9.15,93.42,99.47,22.87,PNQ,18.52,73.86,semi_arid,NASA_POWER_daily_ag,2.122,6.792,2.7874,dewpoint,838.1,39.112
2016-07-05,24.14,26.19,22.83,92.03,22.98,4.93,7.89,93.47,97.66,22.74,PNQ,18.52,73.86,semi_arid,NASA_POWER_daily_ag,1.937,6.053,2.7656,dewpoint,832.6,39.105
2016-07-06,24.31,27.58,22.75,90.06,12.4,5.03,8.83,93.49,98.24,22.52,PNQ,18.52,73.86,semi_arid,NASA_POWER_daily_ag,2.238,6.598,2.7289,dewpoint,830.4,39.097
2016-07-07,24.38,27.8,22.31,87.63,9.52,5.21,8.7,93.51,99.64,22.08,PNQ,18.52,73.86,semi_arid,NASA_POWER_daily_ag,2.461,6.517,2.6569,dewpoint,828.2,39.089
2016-07-08,23.87,26.14,22.32,91.05,21.3,5.18,8.56,93.45,99.65,22.28,PNQ,18.52,73.86,semi_arid,NASA_POWER_daily_ag,2.095,6.44,2.6894,dewpoint,834.8,39.081
2016-07-09,23.43,24.77,22.38,93.62,30.57,6.12,6.87,93.34,99.9,22.35,PNQ,18.52,73.86,semi_arid,NASA_POWER_daily_ag,1.637,5.459,2.7009,dewpoint,846.8,39.073
2016-07-10,23.62,25.17,22.92,94.53,69.76,6.42,4.97,93.33,99.68,22.7,PNQ,18.52,73.86,semi_arid,NASA_POWER_daily_ag,1.345,4.345,2.7589,dewpoint,847.9,39.064
2016-07-11,23.58,25.39,22.56,94.36,44.15,6.27,5.12,93.31,99.72,22.63,PNQ,18.52,73.86,semi_arid,NASA_POWER_daily_ag,1.376,4.434,2.7472,dewpoint,850.1,39.054
2016-07-12,23.55,25.94,22.25,92.7,23.05,5.68,10.1,93.37,99.05,22.29,PNQ,18.52,73.86,semi_arid,NASA_POWER_daily_ag,2.105,7.332,2.691,dewpoint,843.5,39.044
2016-07-13,23.97,27.08,21.9,89.97,18.15,5.33,13.69,93.39,85.7,22.16,PNQ,18.52,73.86,semi_arid,NASA_POWER_daily_ag,2.816,9.396,2.6698,dewpoint,841.3,39.034
2016-07-14,23.83,27.22,21.47,89.92,12.1,4.28,11.19,93.42,95.06,22.01,PNQ,18.52,73.86,semi_arid,NASA_POWER_daily_ag,2.497,7.948,2.6455,dewpoint,838.1,39.023
2016-07-15,23.81,27.58,21.49,90.12,8.55,3.71,9.65,93.51,96.75,22.01,PNQ,18.52,73.86,semi_arid,NASA_POWER_daily_ag,2.276,7.06,2.6455,dewpoint,828.2,39.012
2016-07-16,23.81,27.65,21.36,89.76,8.71,4.12,13.12,93.54,93.68,21.94,PNQ,18.52,73.86,semi_arid,NASA_POWER_daily_ag,2.755,9.049,2.6343,dewpoint,824.9,39.0
2016-07-17,23.72,27.18,21.52,89.34,8.67,3.37,11.0,93.73,91.36,21.78,PNQ,18.52,73.86,semi_arid,NASA_POWER_daily_ag,2.485,7.826,2.6087,dewpoint,804.2,38.987
2016-07-18,23.61,26.86,21.45,90.23,21.13,4.12,6.87,93.79,99.96,21.85,PNQ,18.52,73.86,semi_arid,NASA_POWER_daily_ag,1.909,5.461,2.6199,dewpoint,797.6,38.974
2016-07-19,23.13,25.33,21.62,92.08,31.84,4.41,5.98,93.78,99.86,21.76,PNQ,18.52,73.86,semi_arid,NASA_POWER_daily_ag,1.635,4.949,2.6055,dewpoint,798.7,38.96
2016-07-20,23.11,25.41,21.85,92.69,21.62,4.08,8.58,93.7,99.91,21.84,PNQ,18.52,73.86,semi_arid,NASA_POWER_daily_ag,1.913,6.442,2.6183,dewpoint,807.5,38.946
2016-07-21,22.91,25.57,21.59,92.93,9.92,3.54,9.44,93.57,99.73,21.7,PNQ,18.52,73.86,semi_arid,NASA_POWER_daily_ag,1.996,6.933,2.596,dewpoint,821.7,38.93
2016-07-22,22.96,25.34,21.81,93.09,14.92,3.93,7.73,93.47,99.72,21.77,PNQ,18.52,73.86,semi_arid,NASA_POWER_daily_ag,1.77,5.953,2.6071,dewpoint,832.6,38.914
2016-07-23,23.13,26.34,21.55,92.54,11.9,3.55,11.24,93.42,99.84,21.83,PNQ,18.52,73.86,semi_arid,NASA_POWER_daily_ag,2.272,7.966,2.6167,dewpoint,838.1,38.897
2016-07-24,23.19,26.21,21.24,91.88,3.63,3.12,15.94,93.47,97.83,21.75,PNQ,18.52,73.86,semi_arid,NASA_POWER_daily_ag,2.958,10.657,2.6039,dewpoint,832.6,38.88
2016-07-25,23.13,26.1,21.19,90.93,3.99,2.68,16.2,93.51,96.52,21.52,PNQ,18.52,73.86,semi_arid,NASA_POWER_daily_ag,3.057,10.783,2.5676,dewpoint,828.2,38.861
2016-07-26,23.27,26.48,20.86,90.31,11.03,2.35,12.94,93.53,99.95,21.53,PNQ,18.52,73.86,semi_arid,NASA_POWER_daily_ag,2.655,8.922,2.5691,dewpoint,826.0,38.842
2016-07-27,23.15,26.52,20.85,90.45,8.86,2.53,11.01,93.58,99.89,21.44,PNQ,18.52,73.86,semi_arid,NASA_POWER_daily_ag,2.369,7.816,2.555,dewpoint,820.6,38.821
2016-07-28,23.17,26.36,20.87,91.23,11.98,3.23,12.47,93.65,99.64,21.62,PNQ,18.52,73.86,semi_arid,NASA_POWER_daily_ag,2.52,8.656,2.5833,dewpoint,812.9,38.8
2016-07-29,22.62,24.54,21.05,93.02,31.19,3.49,13.06,93.58,99.81,21.43,PNQ,18.52,73.86,semi_arid,NASA_POWER_daily_ag,2.439,8.992,2.5535,dewpoint,820.6,38.777
2016-07-30,23.09,25.49,21.7,92.99,17.06,3.82,9.73,93.53,98.25,21.89,PNQ,18.52,73.86,semi_arid,NASA_POWER_daily_ag,2.033,7.095,2.6263,dewpoint,826.0,38.754
2016-07-31,23.0,24.53,22.13,94.66,52.4,4.42,8.35,93.57,99.85,22.11,PNQ,18.52,73.86,semi_arid,NASA_POWER_daily_ag,1.721,6.304,2.6617,dewpoint,821.7,38.729
2016-08-01,22.88,23.96,22.18,95.43,79.12,5.66,7.02,93.48,99.78,22.13,PNQ,18.52,73.86,semi_arid,NASA_POWER_daily_ag,1.466,5.534,2.665,dewpoint,831.5,38.704
2016-08-02,22.54,23.46,22.0,95.7,93.27,6.08,4.56,93.26,99.57,21.84,PNQ,18.52,73.86,semi_arid,NASA_POWER_daily_ag,1.15,4.119,2.6183,dewpoint,855.6,38.677
2016-08-03,22.8,23.9,21.92,96.0,92.52,5.88,6.84,93.25,99.66,22.15,PNQ,18.52,73.86,semi_arid,NASA_POWER_daily_ag,1.388,5.428,2.6682,dewpoint,856.7,38.649
2016-08-04,23.2,25.03,22.08,93.9,30.04,5.76,13.79,93.35,85.8,22.16,PNQ,18.52,73.86,semi_arid,NASA_POWER_daily_ag,2.392,9.44,2.6698,dewpoint,845.7,38.619
2016-08-05,23.43,25.18,22.46,94.85,54.15,6.4,5.39,93.37,95.29,22.57,PNQ,18.52,73.86,semi_arid,NASA_POWER_daily_ag,1.351,4.581,2.7372,dewpoint,843.5,38.589
2016-08-06,23.32,25.48,22.11,92.95,27.39,6.42,9.5,93.42,99.24,22.11,PNQ,18.52,73.86,semi_arid,NASA_POWER_daily_ag,1.986,6.958,2.6617,dewpoint,838.1,38.557
2016-08-07,22.86,24.53,21.72,93.37,16.68,5.75,12.1,93.51,99.13,21.74,PNQ,18.52,73.86,semi_arid,NASA_POWER_daily_ag,2.214,8.441,2.6023,dewpoint,828.2,38.523
2016-08-08,23.18,25.98,21.46,92.12,17.34,5.65,9.9,93.63,89.22,21.81,PNQ,18.52,73.86,semi_arid,NASA_POWER_daily_ag,2.107,7.176,2.6135,dewpoint,815.1,38.489
2016-08-09,23.24,25.78,21.81,92.72,19.2,5.49,13.14,93.58,83.76,21.98,PNQ,18.52,73.86,semi_arid,NASA_POWER_daily_ag,2.432,9.037,2.6407,dewpoint,820.6,38.452
2016-08-10,23.18,25.93,21.71,92.01,21.66,5.45,11.3,93.62,98.55,21.79,PNQ,18.52,73.86,semi_arid,NASA_POWER_daily_ag,2.277,7.971,2.6103,dewpoint,816.2,38.415
2016-08-11,22.98,25.37,21.48,92.38,17.57,4.45,10.94,93.76,81.43,21.66,PNQ,18.52,73.86,semi_arid,NASA_POWER_daily_ag,2.206,7.76,2.5896,dewpoint,800.9,38.376
2016-08-12,23.4,26.79,21.29,91.56,11.08,4.21,13.49,93.76,87.19,21.9,PNQ,18.52,73.86,semi_arid,NASA_POWER_daily_ag,2.621,9.218,2.6279,dewpoint,800.9,38.335
2016-08-13,23.25,26.43,21.48,91.14,4.31,4.26,14.52,93.68,81.22,21.67,PNQ,18.52,73.86,semi_arid,NASA_POWER_daily_ag,2.765,9.786,2.5912,dewpoint,809.6,38.293
2016-08-14,22.86,26.03,21.06,90.83,1.83,4.68,13.52,93.67,68.97,21.23,PNQ,18.52,73.86,semi_arid,NASA_POWER_daily_ag,2.624,9.19,2.5224,dewpoint,810.7,38.249
2016-08-15,22.99,26.29,21.03,90.82,3.43,5.05,13.55,93.63,87.87,21.36,PNQ,18.52,73.86,semi_arid,NASA_POWER_daily_ag,2.631,9.212,2.5425,dewpoint,815.1,38.204
2016-08-16,23.16,26.53,21.16,90.53,2.41,5.02,16.27,93.54,79.64,21.46,PNQ,18.52,73.86,semi_arid,NASA_POWER_daily_ag,2.991,10.751,2.5582,dewpoint,824.9,38.157
2016-08-17,23.2,26.99,21.1,89.64,2.45,4.64,17.5,93.47,72.3,21.32,PNQ,18.52,73.86,semi_arid,NASA_POWER_daily_ag,3.222,11.42,2.5363,dewpoint,832.6,38.108
2016-08-18,22.95,26.73,20.68,89.71,5.74,3.81,15.56,93.49,84.7,21.07,PNQ,18.52,73.86,semi_arid,NASA_POWER_daily_ag,2.983,10.307,2.4977,dewpoint,830.4,38.057
2016-08-19,22.72,26.31,20.22,90.29,2.33,3.11,18.41,93.54,83.28,20.96,PNQ,18.52,73.86,semi_arid,NASA_POWER_daily_ag,3.312,11.898,2.4809,dewpoint,824.9,38.005
2016-08-20,22.52,25.48,20.57,91.59,1.89,3.45,18.96,93.53,95.75,21.03,PNQ,18.52,73.86,semi_arid,NASA_POWER_daily_ag,3.261,12.219,2.4916,dewpoint,826.0,37.951
2016-08-21,23.62,27.32,21.24,89.7,3.83,4.14,15.12,93.57,78.39,21.73,PNQ,18.52,73.86,semi_arid,NASA_POWER_daily_ag,2.981,10.095,2.6007,dewpoint,821.7,37.896
2016-08-22,23.41,27.32,21.01,90.14,8.76,3.76,11.46,93.61,84.56,21.61,PNQ,18.52,73.86,semi_arid,NASA_POWER_daily_ag,2.471,8.015,2.5817,dewpoint,817.3,37.838
2016-08-23,23.46,26.51,21.43,91.58,20.81,3.44,10.71,93.57,93.86,21.96,PNQ,18.52,73.86,semi_arid,NASA_POWER_daily_ag,2.275,7.604,2.6375,dewpoint,821.7,37.779
2016-08-24,23.55,27.02,21.25,90.86,12.93,3.45,9.93,93.54,78.33,21.9,PNQ,18.52,73.86,semi_arid,NASA_POWER_daily_ag,2.227,7.154,2.6279,dewpoint,824.9,37.717
2016-08-25,22.92,26.68,20.54,89.77,5.15,2.64,13.19,93.67,84.61,21.06,PNQ,18.52,73.86,semi_arid,NASA_POWER_daily_ag,2.671,8.948,2.4962,dewpoint,810.7,37.654
2016-08-26,23.15,27.29,20.36,90.72,14.34,2.66,9.69,93.64,91.87,21.47,PNQ,18.52,73.86,semi_arid,NASA_POWER_daily_ag,2.166,7.0,2.5597,dewpoint,814.0,37.589
2016-08-27,23.12,26.71,21.09,91.58,31.43,2.95,10.27,93.59,97.99,21.63,PNQ,18.52,73.86,semi_arid,NASA_POWER_daily_ag,2.192,7.328,2.5849,dewpoint,819.5,37.522
2016-08-28,23.24,27.23,20.88,92.36,21.75,2.72,9.57,93.64,95.49,21.89,PNQ,18.52,73.86,semi_arid,NASA_POWER_daily_ag,2.063,6.935,2.6263,dewpoint,814.0,37.454
2016-08-29,23.58,27.83,20.89,91.69,7.11,2.82,10.99,93.6,91.95,22.09,PNQ,18.52,73.86,semi_arid,NASA_POWER_daily_ag,2.312,7.741,2.6585,dewpoint,818.4,37.383
2016-08-30,23.37,26.78,21.37,92.37,7.82,2.57,11.77,93.52,97.21,22.03,PNQ,18.52,73.86,semi_arid,NASA_POWER_daily_ag,2.371,8.18,2.6488,dewpoint,827.1,37.31
2016-08-31,23.03,26.66,20.82,90.47,2.62,2.55,14.88,93.55,99.67,21.33,PNQ,18.52,73.86,semi_arid,NASA_POWER_daily_ag,2.862,9.88,2.5379,dewpoint,823.8,37.236
2016-09-01,22.87,26.37,20.53,90.66,6.64,2.99,13.29,93.65,90.84,21.2,PNQ,18.52,73.86,semi_arid,NASA_POWER_daily_ag,2.62,8.98,2.5177,dewpoint,812.9,37.159
2016-09-02,22.75,26.32,20.36,90.02,6.65,2.74,13.46,93.7,85.16,20.95,PNQ,18.52,73.86,semi_arid,NASA_POWER_daily_ag,2.669,9.051,2.4794,dewpoint,807.5,37.081
2016-09-03,22.41,25.83,20.18,90.13,6.05,2.85,10.71,93.72,70.64,20.63,PNQ,18.52,73.86,semi_arid,NASA_POWER_daily_ag,2.283,7.511,2.431,dewpoint,805.3,37.0
2016-09-04,22.17,26.12,19.34,89.84,1.75,2.63,18.34,93.9,64.49,20.31,PNQ,18.52,73.86,semi_arid,NASA_POWER_daily_ag,3.27,11.672,2.3835,dewpoint,785.7,36.918
2016-09-05,21.96,26.01,19.41,90.02,1.78,2.69,20.56,93.98,36.77,20.14,PNQ,18.52,73.86,semi_arid,NASA_POWER_daily_ag,3.516,12.85,2.3586,dewpoint,776.9,36.834
2016-09-06,21.96,26.2,18.95,89.3,1.85,2.73,19.76,94.0,41.03,19.98,PNQ,18.52,73.86,semi_arid,NASA_POWER_daily_ag,3.447,12.384,2.3354,dewpoint,774.8,36.747
2016-09-07,21.8,26.04,19.13,89.22,2.36,2.63,18.79,93.92,54.95,19.82,PNQ,18.52,73.86,semi_arid,NASA_POWER_daily_ag,3.311,11.826,2.3124,dewpoint,783.5,36.659
2016-09-08,21.78,26.31,18.4,88.88,1.67,2.24,18.23,93.94,47.69,19.72,PNQ,18.52,73.86,semi_arid,NASA_POWER_daily_ag,3.269,11.507,2.2981,dewpoint,781.3,36.569
2016-09-09,21.86,25.8,18.54,89.52,1.62,1.97,19.62,94.02,56.57,19.99,PNQ,18.52,73.86,semi_arid,NASA_POWER_daily_ag,3.439,12.292,2.3368,dewpoint,772.6,36.477
2016-09-10,21.9,25.01,19.58,90.64,2.9,1.73,13.9,93.96,82.5,20.23,PNQ,18.52,73.86,semi_arid,NASA_POWER_daily_ag,2.643,9.198,2.3718,dewpoint,779.1,36.383
2016-09-11,22.19,25.55,19.79,90.19,4.47,2.05,13.38,93.82,83.88,20.41,PNQ,18.52,73.86,semi_arid,NASA_POWER_daily_ag,2.605,8.914,2.3983,dewpoint,794.4,36.287
2016-09-12,22.31,26.73,19.03,88.5,0.67,1.61,17.74,93.78,78.53,20.17,PNQ,18.52,73.86,semi_arid,NASA_POWER_daily_ag,3.276,11.242,2.363,dewpoint,798.7,36.19
2016-09-13,22.95,27.2,19.87,86.18,1.74,1.43,18.04,93.8,83.29,20.3,PNQ,18.52,73.86,semi_arid,NASA_POWER_daily_ag,3.437,11.388,2.3821,dewpoint,796.6,36.09
2016-09-14,23.12,27.0,20.51,89.43,9.37,1.89,12.33,93.78,99.3,21.16,PNQ,18.52,73.86,semi_arid,NASA_POWER_daily_ag,2.548,8.351,2.5116,dewpoint,798.7,35.989
2016-09-15,23.06,26.69,21.06,92.29,18.08,2.68,6.27,93.67,99.86,21.69,PNQ,18.52,73.86,semi_arid,NASA_POWER_daily_ag,1.599,5.012,2.5944,dewpoint,810.7,35.886
2016-09-16,23.04,24.96,21.78,95.12,35.18,3.26,9.25,93.5,99.59,22.22,PNQ,18.52,73.86,semi_arid,NASA_POWER_daily_ag,1.819,6.68,2.6796,dewpoint,829.3,35.781
2016-09-17,22.97,23.91,22.43,96.17,80.09,4.44,6.95,93.43,99.9,22.35,PNQ,18.52,73.86,semi_arid,NASA_POWER_daily_ag,1.411,5.381,2.7009,dewpoint,837.0,35.674
2016-09-18,22.75,24.32,21.48,95.7,32.38,4.76,8.34,93.53,99.13,22.04,PNQ,18.52,73.86,semi_arid,NASA_POWER_daily_ag,1.593,6.156,2.6504,dewpoint,826.0,35.566
2016-09-19,22.15,24.97,20.46,92.31,14.68,4.24,11.07,93.78,87.74,20.83,PNQ,18.52,73.86,semi_arid,NASA_POWER_daily_ag,2.135,7.618,2.4612,dewpoint,798.7,35.456
2016-09-20,22.48,25.55,20.66,92.72,24.94,4.3,8.66,93.72,99.22,21.23,PNQ,18.52,73.86,semi_arid,NASA_POWER_daily_ag,1.846,6.305,2.5224,dewpoint,805.3,35.344
2016-09-21,22.82,25.27,21.3,94.52,45.97,2.99,7.85,93.7,99.52,21.9,PNQ,18.52,73.86,semi_arid,NASA_POWER_daily_ag,1.661,5.862,2.6279,dewpoint,807.5,35.23
2016-09-22,23.2,25.43,22.06,94.49,39.67,3.22,8.42,93.69,99.56,22.27,PNQ,18.52,73.86,semi_arid,NASA_POWER_daily_ag,1.747,6.178,2.6878,dewpoint,808.6,35.116
2016-09-23,23.42,25.42,22.11,94.91,32.39,2.63,9.09,93.55,98.85,22.56,PNQ,18.52,73.86,semi_arid,NASA_POWER_daily_ag,1.842,6.555,2.7355,dewpoint,823.8,34.999
2016-09-24,23.13,25.42,22.0,94.35,29.47,3.5,8.54,93.45,99.33,22.18,PNQ,18.52,73.86,semi_arid,NASA_POWER_daily_ag,1.757,6.233,2.6731,dewpoint,834.8,34.881
2016-09-25,23.17,25.63,21.65,93.75,5.57,2.89,14.29,93.57,89.75,22.1,PNQ,18.52,73.86,semi_arid,NASA_POWER_daily_ag,2.564,9.414,2.6601,dewpoint,821.7,34.762
2016-09-26,23.17,26.2,21.26,93.01,4.68,2.79,12.68,93.75,79.7,21.95,PNQ,18.52,73.86,semi_arid,NASA_POWER_daily_ag,2.394,8.496,2.6359,dewpoint,802.0,34.641
2016-09-27,23.44,27.65,20.51,91.29,5.44,2.51,12.21,93.83,78.76,21.87,PNQ,18.52,73.86,semi_arid,NASA_POWER_daily_ag,2.443,8.215,2.6231,dewpoint,793.3,34.519
2016-09-28,23.45,27.71,20.36,90.37,1.71,2.27,18.08,93.79,49.16,21.67,PNQ,18.52,73.86,semi_arid,NASA_POWER_daily_ag,3.289,11.392,2.5912,dewpoint,797.6,34.395
2016-09-29,23.13,27.32,20.08,90.81,0.8,2.41,15.62,93.74,63.3,21.46,PNQ,18.52,73.86,semi_arid,NASA_POWER_daily_ag,2.898,10.022,2.5582,dewpoint,803.1,34.27
2016-09-30,22.33,25.73,19.75,91.01,0.3,2.44,18.43,93.7,57.95,20.73,PNQ,18.52,73.86,semi_arid,NASA_POWER_daily_ag,3.176,11.455,2.4461,dewpoint,807.5,34.145
2016-10-01,22.03,25.02,19.88,93.32,27.58,2.27,5.83,93.67,97.93,20.89,PNQ,18.52,73.86,semi_arid,NASA_POWER_daily_ag,1.423,4.705,2.4703,dewpoint,810.7,34.017
2016-10-02,22.27,25.66,20.0,93.74,14.74,2.36,6.23,93.77,99.74,21.2,PNQ,18.52,73.86,semi_arid,NASA_POWER_daily_ag,1.464,4.913,2.5177,dewpoint,799.8,33.889
2016-10-03,23.19,26.8,21.05,92.98,12.1,3.11,6.62,93.69,94.8,21.96,PNQ,18.52,73.86,semi_arid,NASA_POWER_daily_ag,1.596,5.117,2.6375,dewpoint,808.6,33.76
2016-10-04,22.42,25.02,20.27,92.81,16.27,3.5,7.56,93.77,87.99,21.18,PNQ,18.52,73.86,semi_arid,NASA_POWER_daily_ag,1.689,5.617,2.5146,dewpoint,799.8,33.63
2016-10-05,22.06,25.66,20.0,92.24,6.77,3.17,11.93,93.82,84.29,20.7,PNQ,18.52,73.86,semi_arid,NASA_POWER_daily_ag,2.232,7.918,2.4415,dewpoint,794.4,33.499
2016-10-06,22.05,25.98,19.41,91.94,2.25,2.48,14.95,93.86,55.68,20.61,PNQ,18.52,73.86,semi_arid,NASA_POWER_daily_ag,2.645,9.497,2.428,dewpoint,790.0,33.367
2016-10-07,22.91,27.59,19.45,90.9,0.95,1.71,18.97,93.83,35.22,21.24,PNQ,18.52,73.86,semi_arid,NASA_POWER_daily_ag,3.335,11.673,2.5239,dewpoint,793.3,33.235
2016-10-08,22.85,26.94,19.67,90.44,0.69,1.51,19.49,93.87,55.4,21.1,PNQ,18.52,73.86,semi_arid,NASA_POWER_daily_ag,3.423,11.916,2.5023,dewpoint,788.9,33.101
2016-10-09,23.73,28.35,20.11,89.62,4.54,1.32,17.22,93.81,54.16,21.79,PNQ,18.52,73.86,semi_arid,NASA_POWER_daily_ag,3.21,10.766,2.6103,dewpoint,795.5,32.967
2016-10-10,23.82,28.6,20.43,86.6,7.07,1.3,17.33,93.82,38.07,21.21,PNQ,18.52,73.86,semi_arid,NASA_POWER_daily_ag,3.297,10.709,2.5193,dewpoint,794.4,32.833
2016-10-11,23.68,28.44,20.44,86.6,2.8,1.13,18.7,93.89,28.09,21.06,PNQ,18.52,73.86,semi_arid,NASA_POWER_daily_ag,3.468,11.388,2.4962,dewpoint,786.7,32.698
2016-10-12,23.16,28.34,19.93,86.45,1.06,1.25,18.91,93.9,42.81,20.5,PNQ,18.52,73.86,semi_arid,NASA_POWER_daily_ag,3.447,11.393,2.4116,dewpoint,785.7,32.562
2016-10-13,22.67,28.28,18.25,83.73,0.03,1.06,19.43,93.95,38.31,19.47,PNQ,18.52,73.86,semi_arid,NASA_POWER_daily_ag,3.501,11.494,2.2627,dewpoint,780.2,32.427
2016-10-14,22.58,28.13,17.67,81.63,1.15,1.43,18.98,93.98,61.42,19.02,PNQ,18.52,73.86,semi_arid,NASA_POWER_daily_ag,3.493,11.186,2.2001,dewpoint,776.9,32.291
2016-10-15,22.2,27.63,17.34,77.22,0.03,1.56,18.79,94.04,63.56,17.73,PNQ,18.52,73.86,semi_arid,NASA_POWER_daily_ag,3.54,10.878,2.0292,dewpoint,770.4,32.154
2016-10-16,21.69,27.56,16.12,75.07,0.0,1.47,18.69,94.11,72.5,16.74,PNQ,18.52,73.86,semi_arid,NASA_POWER_daily_ag,3.503,10.68,1.906,dewpoint,762.8,32.018
2016-10-17,22.0,27.54,16.94,73.31,0.0,1.43,13.71,94.06,94.92,16.7,PNQ,18.52,73.86,semi_arid,NASA_POWER_daily_ag,2.948,8.311,1.9012,dewpoint,768.2,31.882
2016-10-18,21.03,27.32,15.68,72.49,0.0,1.75,19.97,93.98,42.44,15.44,PNQ,18.52,73.86,semi_arid,NASA_POWER_daily_ag,3.701,11.028,1.7543,dewpoint,776.9,31.745
2016-10-19,21.24,27.77,15.14,72.13,0.0,1.58,19.9,93.92,30.79,15.66,PNQ,18.52,73.86,semi_arid,NASA_POWER_daily_ag,3.668,11.008,1.7792,dewpoint,783.5,31.609
2016-10-20,21.39,28.05,15.23,69.77,0.0,1.53,21.29,93.83,12.31,15.11,PNQ,18.52,73.86,semi_arid,NASA_POWER_daily_ag,3.882,11.497,1.7175,dewpoint,793.3,31.473
2016-10-21,21.13,27.86,14.71,69.91,0.0,1.55,20.42,93.9,15.26,15.03,PNQ,18.52,73.86,semi_arid,NASA_POWER_daily_ag,3.741,11.087,1.7086,dewpoint,785.7,31.337
2016-10-22,20.93,27.92,14.66,73.31,0.0,1.36,19.95,94.04,16.74,15.51,PNQ,18.52,73.86,semi_arid,NASA_POWER_daily_ag,3.549,10.929,1.7622,dewpoint,770.4,31.202
2016-10-23,20.95,27.98,14.96,75.69,0.0,1.32,19.25,94.08,25.44,16.07,PNQ,18.52,73.86,semi_arid,NASA_POWER_daily_ag,3.409,10.671,1.8264,dewpoint,766.1,31.067
2016-10-24,20.51,26.93,15.45,79.57,0.0,1.23,16.53,94.04,49.25,16.55,PNQ,18.52,73.86,semi_arid,NASA_POWER_daily_ag,2.954,9.496,1.8832,dewpoint,770.4,30.932
2016-10-25,20.05,27.08,14.77,78.28,0.0,1.19,19.63,93.99,14.79,15.8,PNQ,18.52,73.86,semi_arid,NASA_POWER_daily_ag,3.279,10.777,1.7952,dewpoint,775.8,30.798
2016-10-26,19.58,26.74,13.76,74.93,0.0,1.77,20.09,94.05,16.54,14.6,PNQ,18.52,73.86,semi_arid,NASA_POWER_daily_ag,3.445,10.786,1.6619,dewpoint,769.3,30.665
2016-10-27,20.0,27.15,14.5,75.0,0.0,2.2,19.44,94.22,12.26,15.11,PNQ,18.52,73.86,semi_arid,NASA_POWER_daily_ag,3.478,10.522,1.7175,dewpoint,750.8,30.532
2016-10-28,19.97,27.25,13.72,68.46,0.0,1.81,20.81,94.15,18.65,13.47,PNQ,18.52,73.86,semi_arid,NASA_POWER_daily_ag,3.715,10.816,1.5444,dewpoint,758.4,30.401
2016-10-29,19.38,26.73,12.97,62.53,0.0,1.47,20.71,94.07,21.79,11.43,PNQ,18.52,73.86,semi_arid,NASA_POWER_daily_ag,3.639,10.439,1.3507,dewpoint,767.1,30.27
2016-10-30,19.63,27.16,12.02,70.77,0.0,1.62,19.63,94.12,17.44,13.83,PNQ,18.52,73.86,semi_arid,NASA_POWER_daily_ag,3.433,10.378,1.5811,dewpoint,761.7,30.14
2016-10-31,21.64,27.68,17.31,83.02,0.0,2.53,17.66,94.29,20.1,18.36,PNQ,18.52,73.86,semi_arid,NASA_POWER_daily_ag,3.202,10.068,2.1112,dewpoint,743.2,30.012
2016-11-01,20.0,27.02,15.3,73.13,0.0,2.53,19.66,94.25,12.45,14.62,PNQ,18.52,73.86,semi_arid,NASA_POWER_daily_ag,3.6,10.371,1.6641,dewpoint,747.6,29.884
2016-11-02,19.4,26.95,13.41,69.45,0.0,2.13,19.9,94.18,21.28,13.13,PNQ,18.52,73.86,semi_arid,NASA_POWER_daily_ag,3.59,10.247,1.5106,dewpoint,755.2,29.758
2016-11-03,18.85,26.22,13.57,72.03,0.0,2.25,20.02,94.2,23.09,13.23,PNQ,18.52,73.86,semi_arid,NASA_POWER_daily_ag,3.476,10.304,1.5205,dewpoint,753.0,29.633
2016-11-04,19.07,25.71,12.56,68.2,0.0,1.47,19.99,94.09,21.14,12.59,PNQ,18.52,73.86,semi_arid,NASA_POWER_daily_ag,3.393,10.207,1.4581,dewpoint,765.0,29.509
2016-11-05,19.27,26.31,12.86,71.8,0.0,1.46,19.05,93.96,15.82,13.73,PNQ,18.52,73.86,semi_arid,NASA_POWER_daily_ag,3.231,9.955,1.5708,dewpoint,779.1,29.387
2016-11-06,19.01,25.84,12.78,68.77,0.0,1.55,18.75,94.08,16.66,12.65,PNQ,18.52,73.86,semi_arid,NASA_POWER_daily_ag,3.264,9.648,1.4638,dewpoint,766.1,29.266
2016-11-07,18.72,26.47,13.03,68.16,0.0,1.85,19.03,94.25,21.71,12.09,PNQ,18.52,73.86,semi_arid,NASA_POWER_daily_ag,3.361,9.608,1.4109,dewpoint,747.6,29.147
2016-11-08,18.63,26.53,12.1,64.62,0.0,1.96,19.25,94.28,20.13,11.26,PNQ,18.52,73.86,semi_arid,NASA_POWER_daily_ag,3.483,9.558,1.3356,dewpoint,744.3,29.03
2016-11-09,18.44,26.12,12.09,64.67,0.0,1.99,19.65,94.34,21.08,11.09,PNQ,18.52,73.86,semi_arid,NASA_POWER_daily_ag,3.499,9.667,1.3206,dewpoint,737.8,28.914
2016-11-10,18.31,26.21,11.72,63.2,0.0,1.92,19.86,94.27,25.71,10.5,PNQ,18.52,73.86,semi_arid,NASA_POWER_daily_ag,3.519,9.629,1.2697,dewpoint,745.4,28.8
2016-11-11,18.08,26.16,11.14,61.52,0.0,1.83,19.28,94.19,25.31,9.9,PNQ,18.52,73.86,semi_arid,NASA_POWER_daily_ag,3.442,9.315,1.2198,dewpoint,754.1,28.688
2016-11-12,17.69,26.02,11.05,64.84,0.0,2.09,18.39,94.23,21.05,10.37,PNQ,18.52,73.86,semi_arid,NASA_POWER_daily_ag,3.326,9.039,1.2587,dewpoint,749.7,28.579
2016-11-13,18.52,26.38,11.51,66.57,0.0,1.88,17.21,94.31,22.45,11.74,PNQ,18.52,73.86,semi_arid,NASA_POWER_daily_ag,3.176,8.74,1.3787,dewpoint,741.1,28.471
2016-11-14,19.8,27.14,13.48,70.75,0.0,1.88,15.83,94.26,16.62,14.05,PNQ,18.52,73.86,semi_arid,NASA_POWER_daily_ag,3.039,8.42,1.6038,dewpoint,746.5,28.365
2016-11-15,20.9,27.87,15.13,74.55,0.01,1.85,14.92,94.19,13.99,15.88,PNQ,18.52,73.86,semi_arid,NASA_POWER_daily_ag,2.937,8.213,1.8044,dewpoint,754.1,28.261
2016-11-16,21.41,28.15,16.45,79.99,0.03,2.27,15.02,94.22,19.57,17.57,PNQ,18.52,73.86,semi_arid,NASA_POWER_daily_ag,2.892,8.431,2.0088,dewpoint,750.8,28.16
2016-11-17,19.92,26.99,15.28,72.32,0.0,2.79,16.96,94.31,19.74,14.4,PNQ,18.52,73.86,semi_arid,NASA_POWER_daily_ag,3.331,8.813,1.6406,dewpoint,741.1,28.061
2016-11-18,19.07,26.73,13.17,66.77,0.0,2.61,15.01,94.19,79.98,12.39,PNQ,18.52,73.86,semi_arid,NASA_POWER_daily_ag,3.23,7.828,1.439,dewpoint,754.1,27.965
2016-11-19,18.58,25.97,13.64,61.47,0.0,2.35,16.98,94.1,60.92,10.5,PNQ,18.52,73.86,semi_arid,NASA_POWER_daily_ag,3.441,8.291,1.2697,dewpoint,763.9,27.87
2016-11-20,18.35,27.06,11.29,58.06,0.0,2.08,18.56,94.1,35.31,9.17,PNQ,18.52,73.86,semi_arid,NASA_POWER_daily_ag,3.548,8.655,1.1613,dewpoint,763.9,27.779
2016-11-21,18.33,27.03,10.96,58.34,0.0,1.84,18.71,94.12,27.56,9.3,PNQ,18.52,73.86,semi_arid,NASA_POWER_daily_ag,3.432,8.712,1.1715,dewpoint,761.7,27.69
2016-11-22,18.81,27.25,11.53,57.27,0.0,1.97,18.67,94.1,24.98,9.53,PNQ,18.52,73.86,semi_arid,NASA_POWER_daily_ag,3.555,8.68,1.1898,dewpoint,763.9,27.603
2016-11-23,18.65,27.27,11.41,59.36,0.0,1.9,18.85,94.07,27.86,9.87,PNQ,18.52,73.86,semi_arid,NASA_POWER_daily_ag,3.468,8.775,1.2173,dewpoint,767.1,27.519
2016-11-24,18.71,27.03,12.38,59.26,0.0,2.28,18.32,94.12,27.95,9.87,PNQ,18.52,73.86,semi_arid,NASA_POWER_daily_ag,3.595,8.545,1.2173,dewpoint,761.7,27.438
2016-11-25,18.46,27.12,11.99,59.0,0.0,2.62,18.78,94.12,25.14,9.59,PNQ,18.52,73.86,semi_arid,NASA_POWER_daily_ag,3.739,8.643,1.1946,dewpoint,761.7,27.36
2016-11-26,19.14,28.13,11.81,55.51,0.0,2.18,19.21,94.17,27.58,9.16,PNQ,18.52,73.86,semi_arid,NASA_POWER_daily_ag,3.77,8.653,1.1605,dewpoint,756.3,27.284
2016-11-27,19.34,28.59,11.9,56.75,0.0,1.96,19.24,94.2,25.83,9.81,PNQ,18.52,73.86,semi_arid,NASA_POWER_daily_ag,3.635,8.724,1.2124,dewpoint,753.0,27.212
2016-11-28,20.41,29.52,12.26,53.23,0.0,1.66,18.98,94.19,24.45,9.79,PNQ,18.52,73.86,semi_arid,NASA_POWER_daily_ag,3.641,8.559,1.2108,dewpoint,754.1,27.142
2016-11-29,20.56,29.54,12.57,54.2,0.0,1.42,19.02,94.24,28.67,10.3,PNQ,18.52,73.86,semi_arid,NASA_POWER_daily_ag,3.484,8.624,1.2529,dewpoint,748.7,27.075
2016-11-30,20.08,28.69,12.21,54.73,0.0,1.61,18.73,94.27,41.54,10.06,PNQ,18.52,73.86,semi_arid,NASA_POWER_daily_ag,3.513,8.518,1.2329,dewpoint,745.4,27.012
2016-12-01,20.19,28.19,12.28,56.47,0.0,1.6,16.75,94.24,62.36,10.68,PNQ,18.52,73.86,semi_arid,NASA_POWER_daily_ag,3.323,7.957,1.2851,dewpoint,748.7,26.951
2016-12-02,19.22,27.32,13.11,64.72,0.0,2.2,17.71,94.23,44.27,11.93,PNQ,18.52,73.86,semi_arid,NASA_POWER_daily_ag,3.353,8.469,1.3961,dewpoint,749.7,26.893
2016-12-03,20.16,28.35,13.64,69.8,0.0,3.09,17.36,94.28,22.74,14.12,PNQ,18.52,73.86,semi_arid,NASA_POWER_daily_ag,3.499,8.633,1.6111,dewpoint,744.3,26.839
2016-12-04,21.97,28.21,17.0,79.42,0.0,2.67,14.83,94.39,34.11,18.01,PNQ,18.52,73.86,semi_arid,NASA_POWER_daily_ag,2.951,8.145,2.0653,dewpoint,732.4,26.788
2016-12-05,21.45,27.54,16.51,73.69,0.0,2.08,15.76,94.35,41.92,16.26,PNQ,18.52,73.86,semi_arid,NASA_POWER_daily_ag,3.077,8.281,1.8487,dewpoint,736.7,26.74
2016-12-06,19.16,26.68,14.08,62.8,0.0,2.32,17.49,94.29,39.53,11.23,PNQ,18.52,73.86,semi_arid,NASA_POWER_daily_ag,3.437,8.217,1.3329,dewpoint,743.2,26.695
2016-12-07,18.02,26.66,11.71,61.46,0.0,2.56,17.2,94.3,26.05,9.76,PNQ,18.52,73.86,semi_arid,NASA_POWER_daily_ag,3.431,7.964,1.2084,dewpoint,742.1,26.653
2016-12-08,18.44,26.7,11.09,56.4,0.0,1.75,17.8,94.25,28.32,8.79,PNQ,18.52,73.86,semi_arid,NASA_POWER_daily_ag,3.308,8.023,1.1319,dewpoint,747.6,26.615
2016-12-09,17.8,26.21,9.99,52.27,0.0,1.63,18.45,94.13,32.69,7.12,PNQ,18.52,73.86,semi_arid,NASA_POWER_daily_ag,3.302,8.028,1.0101,dewpoint,760.6,26.58
2016-12-10,16.92,26.1,8.91,52.13,0.0,1.62,18.32,94.11,32.34,6.11,PNQ,18.52,73.86,semi_arid,NASA_POWER_daily_ag,3.206,7.878,0.9423,dewpoint,762.8,26.548
2016-12-11,17.32,26.82,9.47,55.88,0.0,2.06,18.53,94.03,30.53,7.53,PNQ,18.52,73.86,semi_arid,NASA_POWER_daily_ag,3.403,8.089,1.0389,dewpoint,771.5,26.52
2016-12-12,18.18,27.68,10.87,56.0,0.0,2.07,18.47,94.0,30.42,8.34,PNQ,18.52,73.86,semi_arid,NASA_POWER_daily_ag,3.488,8.096,1.0979,dewpoint,774.8,26.495
2016-12-13,18.58,28.15,11.56,57.69,0.0,2.38,18.43,93.98,32.01,9.12,PNQ,18.52,73.86,semi_arid,NASA_POWER_daily_ag,3.631,8.155,1.1574,dewpoint,776.9,26.474
2016-12-14,19.99,27.34,14.03,68.74,0.0,2.91,11.78,94.09,74.08,13.89,PNQ,18.52,73.86,semi_arid,NASA_POWER_daily_ag,2.974,6.458,1.5872,dewpoint,765.0,26.456
2016-12-15,21.59,28.2,15.87,75.73,0.0,2.47,13.97,94.18,64.25,16.79,PNQ,18.52,73.86,semi_arid,NASA_POWER_daily_ag,2.94,7.575,1.9121,dewpoint,755.2,26.441
2016-12-16,21.99,28.52,15.81,68.38,0.0,2.3,15.17,94.31,21.43,15.62,PNQ,18.52,73.86,semi_arid,NASA_POWER_daily_ag,3.296,7.874,1.7746,dewpoint,741.1,26.43
2016-12-17,21.35,28.1,15.64,67.97,0.0,1.65,14.79,94.35,22.53,14.76,PNQ,18.52,73.86,semi_arid,NASA_POWER_daily_ag,2.984,7.619,1.6792,dewpoint,736.7,26.422
2016-12-18,20.2,27.86,14.1,65.03,0.0,1.42,17.18,94.34,19.47,12.87,PNQ,18.52,73.86,semi_arid,NASA_POWER_daily_ag,3.066,8.251,1.4851,dewpoint,737.8,26.418
2016-12-19,19.47,27.54,11.78,56.87,0.0,1.46,17.76,94.35,30.52,9.94,PNQ,18.52,73.86,semi_arid,NASA_POWER_daily_ag,3.223,8.065,1.223,dewpoint,736.7,26.417
2016-12-20,18.57,27.46,11.52,53.06,0.0,2.27,18.04,94.28,30.79,8.08,PNQ,18.52,73.86,semi_arid,NASA_POWER_daily_ag,3.659,7.879,1.0786,dewpoint,744.3,26.42
2016-12-21,18.79,27.65,10.63,47.77,0.0,1.82,17.66,94.38,49.96,6.67,PNQ,18.52,73.86,semi_arid,NASA_POWER_daily_ag,3.536,7.584,0.9794,dewpoint,733.5,26.426
2016-12-22,18.82,28.73,10.58,49.45,0.0,1.74,18.15,94.32,37.85,7.06,PNQ,18.52,73.86,semi_arid,NASA_POWER_daily_ag,3.487,7.739,1.006,dewpoint,740.0,26.435
2016-12-23,19.1,28.96,10.46,46.14,0.0,1.7,18.6,94.18,31.85,6.13,PNQ,18.52,73.86,semi_arid,NASA_POWER_daily_ag,3.593,7.727,0.9436,dewpoint,755.2,26.448
2016-12-24,20.22,29.58,11.21,42.6,0.0,1.4,18.55,93.98,31.32,6.09,PNQ,18.52,73.86,semi_arid,NASA_POWER_daily_ag,3.525,7.657,0.941,dewpoint,776.9,26.465
2016-12-25,19.78,28.84,11.58,46.74,0.0,1.41,18.15,94.08,26.56,7.21,PNQ,18.52,73.86,semi_arid,NASA_POWER_daily_ag,3.402,7.741,1.0164,dewpoint,766.1,26.485
2016-12-26,19.11,28.41,10.96,49.07,0.0,1.81,17.3,94.22,25.95,7.24,PNQ,18.52,73.86,semi_arid,NASA_POWER_daily_ag,3.52,7.546,1.0185,dewpoint,750.8,26.508
2016-12-27,17.98,27.69,10.67,43.3,0.0,2.43,17.95,94.23,36.19,4.53,PNQ,18.52,73.86,semi_arid,NASA_POWER_daily_ag,3.953,7.402,0.8441,dewpoint,749.7,26.535
2016-12-28,18.24,27.71,10.5,41.79,0.0,2.47,17.77,94.22,37.25,4.28,PNQ,18.52,73.86,semi_arid,NASA_POWER_daily_ag,4.049,7.337,0.8294,dewpoint,750.8,26.565
2016-12-29,18.27,28.07,10.33,47.16,0.0,2.22,18.05,94.26,34.14,5.98,PNQ,18.52,73.86,semi_arid,NASA_POWER_daily_ag,3.774,7.648,0.9338,dewpoint,746.5,26.598
2016-12-30,19.26,28.1,10.99,45.1,0.0,1.98,17.36,94.3,32.57,6.15,PNQ,18.52,73.86,semi_arid,NASA_POWER_daily_ag,3.755,7.463,0.9449,dewpoint,742.1,26.635
2016-12-31,19.42,27.75,10.98,49.3,0.0,1.42,17.25,94.22,26.96,7.74,PNQ,18.52,73.86,semi_arid,NASA_POWER_daily_ag,3.296,7.68,1.0539,dewpoint,750.8,26.675
2017-01-01,19.59,27.69,12.05,54.49,0.0,1.13,16.79,94.22,23.93,9.48,PNQ,18.52,73.86,semi_arid,NASA_POWER_daily_ag,3.004,7.749,1.1858,dewpoint,750.8,26.675
2017-01-02,19.29,27.95,12.14,51.82,0.0,1.38,16.64,94.32,23.05,8.24,PNQ,18.52,73.86,semi_arid,NASA_POWER_daily_ag,3.169,7.528,1.0904,dewpoint,740.0,26.719
2017-01-03,18.2,27.87,11.35,45.65,0.0,2.43,18.01,94.34,35.27,5.32,PNQ,18.52,73.86,semi_arid,NASA_POWER_daily_ag,3.945,7.567,0.892,dewpoint,737.8,26.766
2017-01-04,18.3,27.53,10.14,44.55,0.0,1.79,18.41,94.27,38.39,5.06,PNQ,18.52,73.86,semi_arid,NASA_POWER_daily_ag,3.614,7.724,0.876,dewpoint,745.4,26.816
2017-01-05,18.61,27.82,10.0,46.13,0.0,1.5,18.29,94.19,34.35,5.67,PNQ,18.52,73.86,semi_arid,NASA_POWER_daily_ag,3.424,7.788,0.914,dewpoint,754.1,26.869
2017-01-06,18.3,27.66,11.66,51.7,0.0,1.46,18.27,94.11,29.33,7.0,PNQ,18.52,73.86,semi_arid,NASA_POWER_daily_ag,3.273,7.938,1.0019,dewpoint,762.8,26.926
2017-01-07,17.56,26.62,11.68,58.88,0.0,1.18,18.42,93.94,33.4,7.68,PNQ,18.52,73.86,semi_arid,NASA_POWER_daily_ag,2.988,8.154,1.0496,dewpoint,781.3,26.986
2017-01-08,17.46,26.81,11.47,73.29,0.0,1.39,18.6,93.91,29.72,11.22,PNQ,18.52,73.86,semi_arid,NASA_POWER_daily_ag,2.892,8.792,1.332,dewpoint,784.6,27.049
2017-01-09,17.58,26.37,11.81,73.29,0.0,1.61,18.18,93.99,27.35,11.83,PNQ,18.52,73.86,semi_arid,NASA_POWER_daily_ag,2.898,8.765,1.3869,dewpoint,775.8,27.115
2017-01-10,17.12,27.15,9.07,51.85,0.0,1.31,19.14,94.09,30.6,5.49,PNQ,18.52,73.86,semi_arid,NASA_POWER_daily_ag,3.176,8.184,0.9026,dewpoint,765.0,27.184
2017-01-11,16.39,26.82,8.46,48.41,0.0,1.69,18.59,94.14,29.99,4.04,PNQ,18.52,73.86,semi_arid,NASA_POWER_daily_ag,3.346,7.886,0.8156,dewpoint,759.5,27.256
2017-01-12,17.01,26.72,8.2,47.47,0.0,1.5,18.51,94.03,29.51,4.72,PNQ,18.52,73.86,semi_arid,NASA_POWER_daily_ag,3.296,7.997,0.8554,dewpoint,771.5,27.331
2017-01-13,18.58,27.11,11.48,49.83,0.0,1.11,17.62,94.0,20.63,7.14,PNQ,18.52,73.86,semi_arid,NASA_POWER_daily_ag,3.072,7.944,1.0115,dewpoint,774.8,27.409
2017-01-14,18.57,27.3,11.31,58.74,0.0,2.18,15.33,94.12,38.83,9.64,PNQ,18.52,73.86,semi_arid,NASA_POWER_daily_ag,3.327,7.54,1.1987,dewpoint,761.7,27.49
2017-01-15,19.97,28.15,13.15,69.48,0.0,1.45,15.0,94.29,40.52,13.3,PNQ,18.52,73.86,semi_arid,NASA_POWER_daily_ag,2.88,7.813,1.5274,dewpoint,743.2,27.573
2017-01-16,19.9,27.87,13.45,66.65,0.0,1.28,14.05,94.31,37.93,12.73,PNQ,18.52,73.86,semi_arid,NASA_POWER_daily_ag,2.758,7.407,1.4715,dewpoint,741.1,27.66
2017-01-17,20.14,28.37,14.27,59.64,0.0,1.16,14.72,94.27,32.35,11.32,PNQ,18.52,73.86,semi_arid,NASA_POWER_daily_ag,2.881,7.476,1.3409,dewpoint,745.4,27.749
2017-01-18,20.43,28.75,13.12,51.64,0.0,1.62,16.11,94.31,33.09,9.44,PNQ,18.52,73.86,semi_arid,NASA_POWER_daily_ag,3.459,7.762,1.1826,dewpoint,741.1,27.841
2017-01-19,19.51,28.02,13.15,49.84,0.0,2.46,17.5,94.38,23.31,7.92,PNQ,18.52,73.86,semi_arid,NASA_POWER_daily_ag,4.037,8.062,1.0669,dewpoint,733.5,27.936
2017-01-20,19.48,28.19,12.58,46.43,0.0,2.75,16.02,94.4,78.48,6.95,PNQ,18.52,73.86,semi_arid,NASA_POWER_daily_ag,4.21,7.514,0.9984,dewpoint,731.3,28.033
2017-01-21,20.57,29.72,12.62,47.22,0.0,2.1,18.72,94.41,27.42,8.04,PNQ,18.52,73.86,semi_arid,NASA_POWER_daily_ag,4.127,8.472,1.0757,dewpoint,730.2,28.132
2017-01-22,22.09,31.06,13.85,46.64,0.0,1.8,19.07,94.48,22.66,8.94,PNQ,18.52,73.86,semi_arid,NASA_POWER_daily_ag,4.156,8.648,1.1434,dewpoint,722.6,28.234
2017-01-23,22.35,31.09,14.8,45.55,0.0,2.14,18.99,94.45,22.71,9.14,PNQ,18.52,73.86,semi_arid,NASA_POWER_daily_ag,4.441,8.65,1.159,dewpoint,725.9,28.339
2017-01-24,22.42,31.13,15.34,44.72,0.0,2.4,17.61,94.38,23.39,8.92,PNQ,18.52,73.86,semi_arid,NASA_POWER_daily_ag,4.559,8.184,1.1419,dewpoint,733.5,28.445
2017-01-25,22.18,30.58,14.75,44.22,0.0,2.28,17.61,94.4,27.15,8.53,PNQ,18.52,73.86,semi_arid,NASA_POWER_daily_ag,4.47,8.2,1.1121,dewpoint,731.3,28.554
2017-01-26,21.81,31.19,14.37,48.57,0.0,1.86,17.25,94.32,28.13,9.44,PNQ,18.52,73.86,semi_arid,NASA_POWER_daily_ag,3.991,8.229,1.1826,dewpoint,740.0,28.666
2017-01-27,21.16,30.27,14.1,50.98,0.0,1.24,18.88,94.28,24.62,9.2,PNQ,18.52,73.86,semi_arid,NASA_POWER_daily_ag,3.597,8.816,1.1637,dewpoint,744.3,28.779
2017-01-28,21.04,30.85,13.91,40.74,0.0,2.81,18.84,94.28,32.9,5.89,PNQ,18.52,73.86,semi_arid,NASA_POWER_daily_ag,4.949,8.332,0.928,dewpoint,744.3,28.894
2017-01-29,21.6,31.17,13.33,34.17,0.0,2.33,18.8,94.32,30.01,4.03,PNQ,18.52,73.86,semi_arid,NASA_POWER_daily_ag,4.849,8.109,0.815,dewpoint,740.0,29.011
2017-01-30,22.37,31.92,13.5,35.46,0.0,1.48,19.38,94.26,25.66,4.97,PNQ,18.52,73.86,semi_arid,NASA_POWER_daily_ag,4.183,8.402,0.8705,dewpoint,746.5,29.131
2017-01-31,22.27,32.17,14.59,39.33,0.0,1.31,19.5,94.17,20.9,6.08,PNQ,18.52,73.86,semi_arid,NASA_POWER_daily_ag,3.974,8.583,0.9403,dewpoint,756.3,29.252
2017-02-01,22.78,32.65,13.56,36.51,0.0,1.25,19.97,94.17,3.51,5.67,PNQ,18.52,73.86,semi_arid,NASA_POWER_daily_ag,4.044,8.72,0.914,dewpoint,756.3,29.374
2017-02-02,23.78,32.62,14.39,34.45,0.0,1.38,19.83,94.31,0.93,5.91,PNQ,18.52,73.86,semi_arid,NASA_POWER_daily_ag,4.304,8.718,0.9293,dewpoint,741.1,29.499
2017-02-03,22.91,32.07,14.75,46.55,0.0,1.56,19.41,94.33,1.71,9.47,PNQ,18.52,73.86,semi_arid,NASA_POWER_daily_ag,4.195,9.177,1.185,dewpoint,738.9,29.625
2017-02-04,22.37,32.32,15.02,53.54,0.0,1.59,19.51,94.21,0.79,10.31,PNQ,18.52,73.86,semi_arid,NASA_POWER_daily_ag,4.095,9.364,1.2537,dewpoint,751.9,29.752
2017-02-05,21.24,31.35,14.7,66.75,0.0,1.77,19.56,94.18,1.05,12.61,PNQ,18.52,73.86,semi_arid,NASA_POWER_daily_ag,3.852,9.847,1.46,dewpoint,755.2,29.881
2017-02-06,20.74,31.01,13.33,57.05,0.0,1.5,20.04,94.19,0.64,9.8,PNQ,18.52,73.86,semi_arid,NASA_POWER_daily_ag,3.871,9.657,1.2116,dewpoint,754.1,30.011
2017-02-07,21.34,31.9,12.59,41.15,0.0,1.48,20.97,94.16,1.77,6.23,PNQ,18.52,73.86,semi_arid,NASA_POWER_daily_ag,4.202,9.436,0.9501,dewpoint,757.4,30.143
2017-02-08,22.52,33.24,14.67,43.95,0.0,1.72,19.91,94.19,5.76,7.92,PNQ,18.52,73.86,semi_arid,NASA_POWER_daily_ag,4.417,9.245,1.0669,dewpoint,754.1,30.276
2017-02-09,22.28,32.58,14.49,43.92,0.0,1.4,19.91,94.11,0.36,7.84,PNQ,18.52,73.86,semi_arid,NASA_POWER_daily_ag,4.126,9.309,1.0611,dewpoint,762.8,30.41
2017-02-10,22.51,33.01,14.53,42.91,0.0,1.96,19.81,93.98,2.75,7.9,PNQ,18.52,73.86,semi_arid,NASA_POWER_daily_ag,4.629,9.306,1.0655,dewpoint,776.9,30.545
2017-02-11,21.91,30.91,15.68,47.24,0.0,1.89,20.61,94.08,0.3,9.07,PNQ,18.52,73.86,semi_arid,NASA_POWER_daily_ag,4.473,9.85,1.1535,dewpoint,766.1,30.681
2017-02-12,21.88,32.26,13.1,47.01,0.0,1.49,20.12,94.25,6.71,8.19,PNQ,18.52,73.86,semi_arid,NASA_POWER_daily_ag,4.188,9.609,1.0867,dewpoint,747.6,30.817
2017-02-13,23.75,32.74,15.28,38.33,0.0,1.81,20.84,94.36,6.43,7.56,PNQ,18.52,73.86,semi_arid,NASA_POWER_daily_ag,4.865,9.693,1.041,dewpoint,735.6,30.955
2017-02-14,23.6,32.7,16.34,39.25,0.0,3.15,21.49,94.55,3.0,7.95,PNQ,18.52,73.86,semi_arid,NASA_POWER_daily_ag,5.961,9.972,1.0691,dewpoint,715.0,31.093
2017-02-15,23.82,32.6,17.4,40.45,0.0,3.14,20.31,94.58,1.07,8.56,PNQ,18.52,73.86,semi_arid,NASA_POWER_daily_ag,5.855,9.667,1.1144,dewpoint,711.8,31.232
2017-02-16,23.61,33.43,15.66,35.81,0.0,3.22,21.38,94.44,11.91,6.04,PNQ,18.52,73.86,semi_arid,NASA_POWER_daily_ag,6.215,9.708,0.9377,dewpoint,726.9,31.372
2017-02-17,24.28,34.43,16.29,32.57,0.0,3.06,21.63,94.32,14.48,5.3,PNQ,18.52,73.86,semi_arid,NASA_POWER_daily_ag,6.33,9.643,0.8907,dewpoint,740.0,31.512
2017-02-18,24.84,35.13,16.38,30.77,0.0,2.72,23.06,94.39,1.72,4.91,PNQ,18.52,73.86,semi_arid,NASA_POWER_daily_ag,6.291,10.027,0.8668,dewpoint,732.4,31.652
2017-02-19,25.07,35.15,16.81,31.36,0.0,1.88,23.49,94.32,1.3,4.79,PNQ,18.52,73.86,semi_arid,NASA_POWER_daily_ag,5.518,10.168,0.8596,dewpoint,740.0,31.792
2017-02-20,24.99,34.99,18.41,35.88,0.0,2.03,22.93,94.06,1.35,6.75,PNQ,18.52,73.86,semi_arid,NASA_POWER_daily_ag,5.539,10.317,0.9848,dewpoint,768.2,31.933
2017-02-21,22.76,32.27,15.99,51.56,0.0,2.35,23.62,94.01,4.48,10.25,PNQ,18.52,73.86,semi_arid,NASA_POWER_daily_ag,5.231,11.488,1.2487,dewpoint,773.7,32.074
2017-02-22,23.23,34.6,14.87,51.33,0.0,1.89,23.86,94.06,8.15,8.9,PNQ,18.52,73.86,semi_arid,NASA_POWER_daily_ag,5.117,11.291,1.1403,dewpoint,768.2,32.215
2017-02-23,24.99,36.33,15.36,37.42,0.0,1.69,23.87,94.15,1.07,6.76,PNQ,18.52,73.86,semi_arid,NASA_POWER_daily_ag,5.328,10.828,0.9855,dewpoint,758.4,32.356
2017-02-24,25.65,36.12,17.09,28.82,0.0,2.17,24.05,94.25,1.26,4.33,PNQ,18.52,73.86,semi_arid,NASA_POWER_daily_ag,6.049,10.435,0.8323,dewpoint,747.6,32.497
2017-02-25,25.36,35.92,16.86,20.27,0.0,2.86,23.89,94.24,1.86,-0.57,PNQ,18.52,73.86,semi_arid,NASA_POWER_daily_ag,6.942,9.686,0.5859,dewpoint,748.7,32.638
2017-02-26,25.73,36.04,16.55,20.39,0.0,1.71,24.26,94.03,6.83,-0.89,PNQ,18.52,73.86,semi_arid,NASA_POWER_daily_ag,5.648,9.807,0.5724,dewpoint,771.5,32.778
2017-02-27,25.98,35.93,15.6,20.2,0.0,1.76,24.3,94.07,2.2,-0.96,PNQ,18.52,73.86,semi_arid,NASA_POWER_daily_ag,5.786,9.915,0.5694,dewpoint,767.1,32.918
2017-02-28,25.57,36.15,15.67,25.85,0.0,1.74,22.67,94.16,1.09,2.88,PNQ,18.52,73.86,semi_arid,NASA_POWER_daily_ag,5.526,10.029,0.7513,dewpoint,757.4,33.057
2017-03-01,26.01,36.29,16.84,26.76,0.0,1.66,23.57,94.07,0.89,3.15,PNQ,18.52,73.86,semi_arid,NASA_POWER_daily_ag,5.562,10.334,0.7659,dewpoint,767.1,33.196
2017-03-02,25.77,36.02,16.86,29.29,0.0,1.9,22.87,93.92,0.21,4.62,PNQ,18.52,73.86,semi_arid,NASA_POWER_daily_ag,5.733,10.402,0.8494,dewpoint,783.5,33.335
2017-03-03,25.32,35.85,17.42,34.61,0.0,2.09,23.17,93.74,0.21,6.8,PNQ,18.52,73.86,semi_arid,NASA_POWER_daily_ag,5.804,10.883,0.9882,dewpoint,803.1,33.473
2017-03-04,24.42,34.76,17.46,34.19,0.0,2.03,24.72,93.75,0.37,4.5,PNQ,18.52,73.86,semi_arid,NASA_POWER_daily_ag,5.825,11.124,0.8423,dewpoint,802.0,33.61
2017-03-05,24.2,35.25,15.18,38.07,0.0,1.84,25.26,93.78,1.9,5.24,PNQ,18.52,73.86,semi_arid,NASA_POWER_daily_ag,5.647,11.557,0.887,dewpoint,798.7,33.746
2017-03-06,24.25,34.53,17.61,36.69,0.0,1.84,25.28,93.76,0.72,5.53,PNQ,18.52,73.86,semi_arid,NASA_POWER_daily_ag,5.641,11.584,0.9051,dewpoint,800.9,33.882
2017-03-07,23.07,32.87,15.7,44.6,0.0,2.05,25.19,93.77,1.79,7.71,PNQ,18.52,73.86,semi_arid,NASA_POWER_daily_ag,5.55,12.16,1.0518,dewpoint,799.8,34.016
2017-03-08,23.54,33.07,15.79,47.8,0.0,2.36,24.06,93.81,3.25,9.83,PNQ,18.52,73.86,semi_arid,NASA_POWER_daily_ag,5.637,12.124,1.214,dewpoint,795.5,34.15
2017-03-09,23.34,33.19,15.89,42.64,0.0,2.39,25.42,93.78,3.2,7.03,PNQ,18.52,73.86,semi_arid,NASA_POWER_daily_ag,5.954,12.176,1.0039,dewpoint,798.7,34.282
2017-03-10,21.14,29.51,14.62,66.74,0.0,3.15,23.13,93.86,42.88,13.1,PNQ,18.52,73.86,semi_arid,NASA_POWER_daily_ag,4.912,12.563,1.5076,dewpoint,790.0,34.413
2017-03-11,21.41,30.28,14.83,59.54,0.0,2.92,24.26,94.02,25.4,11.08,PNQ,18.52,73.86,semi_arid,NASA_POWER_daily_ag,5.325,12.686,1.3197,dewpoint,772.6,34.543
2017-03-12,21.13,32.71,10.97,39.65,0.0,1.4,26.0,94.03,8.13,1.98,PNQ,18.52,73.86,semi_arid,NASA_POWER_daily_ag,5.001,11.92,0.7046,dewpoint,771.5,34.672
2017-03-13,23.66,35.12,13.57,27.02,0.0,1.98,25.77,94.01,1.52,1.0,PNQ,18.52,73.86,semi_arid,NASA_POWER_daily_ag,5.966,11.459,0.6567,dewpoint,773.7,34.8
2017-03-14,25.1,35.72,16.17,26.08,0.0,1.56,25.61,93.99,11.76,1.86,PNQ,18.52,73.86,semi_arid,NASA_POWER_daily_ag,5.663,11.414,0.6986,dewpoint,775.8,34.926
2017-03-15,26.31,35.86,16.95,33.74,0.01,2.03,23.75,94.03,13.09,8.12,PNQ,18.52,73.86,semi_arid,NASA_POWER_daily_ag,6.056,11.762,1.0816,dewpoint,771.5,35.051
2017-03-16,25.9,35.68,18.91,39.96,0.0,2.13,24.83,94.04,4.03,9.1,PNQ,18.52,73.86,semi_arid,NASA_POWER_daily_ag,6.12,12.311,1.1558,dewpoint,770.4,35.174
2017-03-17,25.3,35.3,17.23,36.14,0.0,2.26,25.81,94.05,0.75,6.17,PNQ,18.52,73.86,semi_arid,NASA_POWER_daily_ag,6.393,12.283,0.9462,dewpoint,769.3,35.296
2017-03-18,25.83,36.09,17.23,37.97,0.0,2.18,24.8,94.09,1.19,8.15,PNQ,18.52,73.86,semi_arid,NASA_POWER_daily_ag,6.23,12.242,1.0838,dewpoint,765.0,35.416
2017-03-19,25.63,35.74,17.99,37.36,0.0,2.58,25.46,94.13,1.73,7.68,PNQ,18.52,73.86,semi_arid,NASA_POWER_daily_ag,6.652,12.429,1.0496,dewpoint,760.6,35.534
2017-03-20,25.43,36.38,15.79,39.02,0.0,1.64,26.1,94.06,1.22,5.82,PNQ,18.52,73.86,semi_arid,NASA_POWER_daily_ag,5.851,12.439,0.9235,dewpoint,768.2,35.651
2017-03-21,26.5,37.13,16.86,39.08,0.0,1.62,26.21,94.13,2.49,6.41,PNQ,18.52,73.86,semi_arid,NASA_POWER_daily_ag,5.993,12.524,0.962,dewpoint,760.6,35.766
2017-03-22,27.6,38.23,17.82,30.59,0.0,1.44,25.69,94.1,1.22,4.99,PNQ,18.52,73.86,semi_arid,NASA_POWER_daily_ag,5.888,12.018,0.8717,dewpoint,763.9,35.88
2017-03-23,28.69,39.01,19.79,28.74,0.0,1.68,25.26,94.0,1.96,5.98,PNQ,18.52,73.86,semi_arid,NASA_POWER_daily_ag,6.286,11.938,0.9338,dewpoint,774.8,35.991
2017-03-24,28.7,38.9,19.49,33.28,0.0,1.8,24.47,93.98,3.74,7.92,PNQ,18.52,73.86,semi_arid,NASA_POWER_daily_ag,6.334,12.032,1.0669,dewpoint,776.9,36.101
2017-03-25,29.56,39.67,20.19,31.02,0.0,1.53,24.07,93.98,3.6,7.91,PNQ,18.52,73.86,semi_arid,NASA_POWER_daily_ag,6.076,11.843,1.0662,dewpoint,776.9,36.209
2017-03-26,30.05,39.92,21.04,26.54,0.0,1.8,23.94,94.05,0.78,6.76,PNQ,18.52,73.86,semi_arid,NASA_POWER_daily_ag,6.515,11.585,0.9855,dewpoint,769.3,36.315
2017-03-27,30.62,40.89,20.99,22.66,0.0,1.83,25.38,94.02,0.71,4.13,PNQ,18.52,73.86,semi_arid,NASA_POWER_daily_ag,6.822,11.635,0.8207,dewpoint,772.6,36.419
2017-03-28,30.42,41.2,22.28,33.84,0.01,2.07,23.96,94.03,8.28,7.88,PNQ,18.52,73.86,semi_arid,NASA_POWER_daily_ag,6.897,11.721,1.064,dewpoint,771.5,36.521
2017-03-29,29.59,40.96,20.81,49.8,0.01,2.24,23.55,94.0,20.02,13.13,PNQ,18.52,73.86,semi_arid,NASA_POWER_daily_ag,6.658,12.58,1.5106,dewpoint,774.8,36.621
2017-03-30,29.26,39.51,21.42,53.73,0.01,2.1,22.69,94.04,24.5,15.72,PNQ,18.52,73.86,semi_arid,NASA_POWER_daily_ag,6.175,12.732,1.786,dewpoint,770.4,36.719
2017-03-31,30.3,39.84,20.99,41.15,0.22,1.71,23.06,94.07,10.07,12.47,PNQ,18.52,73.86,semi_arid,NASA_POWER_daily_ag,6.226,12.33,1.4466,dewpoint,767.1,36.815
2017-04-01,29.52,38.78,22.47,33.67,0.09,2.44,20.09,94.01,44.68,9.95,PNQ,18.52,73.86,semi_arid,NASA_POWER_daily_ag,6.7,10.734,1.2239,dewpoint,773.7,36.909
2017-04-02,28.26,37.74,21.04,38.58,0.0,2.89,25.05,93.95,2.02,10.68,PNQ,18.52,73.86,semi_arid,NASA_POWER_daily_ag,7.373,12.975,1.2851,dewpoint,780.2,37.001
2017-04-03,27.72,37.8,19.91,39.83,0.0,2.69,25.98,93.95,3.16,10.3,PNQ,18.52,73.86,semi_arid,NASA_POWER_daily_ag,7.196,13.352,1.2529,dewpoint,780.2,37.091
2017-04-04,27.61,37.6,19.95,45.06,0.0,2.79,26.97,94.02,1.41,12.03,PNQ,18.52,73.86,semi_arid,NASA_POWER_daily_ag,7.23,14.142,1.4053,dewpoint,772.6,37.178
2017-04-05,27.31,37.54,19.09,54.06,0.0,2.84,26.7,93.95,1.77,13.18,PNQ,18.52,73.86,semi_arid,NASA_POWER_daily_ag,7.058,14.322,1.5155,dewpoint,780.2,37.264
2017-04-06,27.48,37.49,19.25,52.15,0.0,2.72,27.47,93.89,3.01,12.71,PNQ,18.52,73.86,semi_arid,NASA_POWER_daily_ag,7.153,14.582,1.4696,dewpoint,786.7,37.348
2017-04-07,26.66,37.03,17.81,46.98,0.0,2.86,27.29,93.93,6.24,11.06,PNQ,18.52,73.86,semi_arid,NASA_POWER_daily_ag,7.19,14.259,1.318,dewpoint,782.4,37.429
2017-04-08,27.89,40.06,17.09,31.68,0.0,1.85,28.3,93.87,1.67,4.77,PNQ,18.52,73.86,semi_arid,NASA_POWER_daily_ag,6.839,13.342,0.8584,dewpoint,788.9,37.508
2017-04-09,30.05,41.02,19.57,20.31,0.0,1.64,26.88,93.83,1.77,1.68,PNQ,18.52,73.86,semi_arid,NASA_POWER_daily_ag,6.725,12.163,0.6896,dewpoint,793.3,37.586
2017-04-10,31.04,40.55,22.99,15.93,0.0,1.37,26.34,93.79,1.9,-0.15,PNQ,18.52,73.86,semi_arid,NASA_POWER_daily_ag,6.321,11.589,0.6042,dewpoint,797.6,37.661
2017-04-11,30.39,40.59,20.52,19.37,0.0,2.08,26.26,93.82,1.65,0.68,PNQ,18.52,73.86,semi_arid,NASA_POWER_daily_ag,7.391,11.832,0.6417,dewpoint,794.4,37.734
2017-04-12,30.37,40.82,21.71,19.09,0.0,1.74,27.33,93.85,6.08,-0.44,PNQ,18.52,73.86,semi_arid,NASA_POWER_daily_ag,6.952,11.947,0.5915,dewpoint,791.1,37.805
2017-04-13,30.48,41.55,21.15,22.93,0.0,1.74,26.95,93.84,2.75,1.01,PNQ,18.52,73.86,semi_arid,NASA_POWER_daily_ag,6.94,12.058,0.6572,dewpoint,792.2,37.874
2017-04-14,30.33,41.37,21.62,31.48,0.0,2.27,26.23,93.77,8.03,7.0,PNQ,18.52,73.86,semi_arid,NASA_POWER_daily_ag,7.514,12.82,1.0019,dewpoint,799.8,37.941
2017-04-15,29.35,40.42,20.14,47.27,0.0,2.46,26.33,93.69,6.23,12.75,PNQ,18.52,73.86,semi_arid,NASA_POWER_daily_ag,7.273,14.078,1.4735,dewpoint,808.6,38.005
2017-04-16,29.83,41.34,19.89,38.64,0.0,2.7,26.23,93.69,3.77,9.32,PNQ,18.52,73.86,semi_arid,NASA_POWER_daily_ag,7.84,13.351,1.1731,dewpoint,808.6,38.068
2017-04-17,29.94,41.28,20.51,39.43,0.0,2.71,26.09,93.81,1.6,9.68,PNQ,18.52,73.86,semi_arid,NASA_POWER_daily_ag,7.84,13.351,1.2019,dewpoint,795.5,38.128
2017-04-18,30.32,41.21,20.6,31.92,0.0,2.91,26.8,93.81,2.59,7.9,PNQ,18.52,73.86,semi_arid,NASA_POWER_daily_ag,8.341,13.318,1.0655,dewpoint,795.5,38.187
2017-04-19,29.25,39.59,20.85,37.05,0.0,2.86,27.03,93.81,1.29,9.43,PNQ,18.52,73.86,semi_arid,NASA_POWER_daily_ag,7.972,13.786,1.1818,dewpoint,795.5,38.244
2017-04-20,28.18,39.13,19.88,51.29,0.0,3.26,27.23,93.76,2.19,13.28,PNQ,18.52,73.86,semi_arid,NASA_POWER_daily_ag,7.715,14.721,1.5254,dewpoint,800.9,38.298
2017-04-21,27.42,37.96,19.45,52.79,0.0,3.22,26.88,93.82,6.25,13.17,PNQ,18.52,73.86,semi_arid,NASA_POWER_daily_ag,7.44,14.618,1.5145,dewpoint,794.4,38.351
2017-04-22,26.66,36.16,18.73,53.44,0.0,3.25,27.07,93.9,3.69,13.16,PNQ,18.52,73.86,semi_arid,NASA_POWER_daily_ag,7.271,14.817,1.5135,dewpoint,785.7,38.402
2017-04-23,26.92,36.46,18.79,53.71,0.0,2.97,26.93,93.92,8.82,13.63,PNQ,18.52,73.86,semi_arid,NASA_POWER_daily_ag,7.094,14.843,1.5606,dewpoint,783.5,38.45
2017-04-24,26.82,36.28,18.92,53.41,0.0,3.02,27.28,93.96,3.51,13.36,PNQ,18.52,73.86,semi_arid,NASA_POWER_daily_ag,7.173,14.962,1.5334,dewpoint,779.1,38.497
2017-04-25,26.76,36.45,18.73,49.6,0.0,3.09,27.46,93.96,11.88,11.42,PNQ,18.52,73.86,semi_arid,NASA_POWER_daily_ag,7.443,14.663,1.3498,dewpoint,779.1,38.542
2017-04-26,27.31,37.93,19.15,52.25,0.0,2.92,28.25,93.93,14.46,13.29,PNQ,18.52,73.86,semi_arid,NASA_POWER_daily_ag,7.358,15.331,1.5264,dewpoint,782.4,38.585
2017-04-27,28.85,39.78,19.53,46.57,0.0,2.32,28.22,93.93,10.33,11.52,PNQ,18.52,73.86,semi_arid,NASA_POWER_daily_ag,7.38,14.845,1.3588,dewpoint,782.4,38.627
2017-04-28,28.83,39.58,19.08,43.57,0.0,2.21,26.48,93.92,8.05,11.34,PNQ,18.52,73.86,semi_arid,NASA_POWER_daily_ag,7.079,14.089,1.3427,dewpoint,783.5,38.666
2017-04-29,28.82,38.81,20.41,42.25,0.0,2.23,26.53,93.99,7.65,11.23,PNQ,18.52,73.86,semi_arid,NASA_POWER_daily_ag,7.108,14.082,1.3329,dewpoint,775.8,38.704
2017-04-30,28.25,38.45,20.32,43.04,0.0,2.39,27.52,93.92,4.94,10.95,PNQ,18.52,73.86,semi_arid,NASA_POWER_daily_ag,7.273,14.486,1.3084,dewpoint,783.5,38.74
2017-05-01,29.25,39.52,20.5,45.52,0.0,2.17,26.79,93.9,6.23,12.58,PNQ,18.52,73.86,semi_arid,NASA_POWER_daily_ag,7.095,14.443,1.4571,dewpoint,785.7,38.775
2017-05-02,29.64,39.4,20.96,41.13,0.0,2.8,26.59,93.99,4.85,11.36,PNQ,18.52,73.86,semi_arid,NASA_POWER_daily_ag,7.864,14.109,1.3445,dewpoint,775.8,38.808
2017-05-03,30.03,40.04,21.13,46.47,0.0,2.25,25.44,93.95,14.13,13.68,PNQ,18.52,73.86,semi_arid,NASA_POWER_daily_ag,7.104,14.019,1.5657,dewpoint,780.2,38.839
2017-05-04,30.87,39.76,22.99,43.43,0.23,1.92,23.83,93.94,25.01,14.88,PNQ,18.52,73.86,semi_arid,NASA_POWER_daily_ag,6.656,13.46,1.6922,dewpoint,781.3,38.869
2017-05-05,32.06,41.38,24.01,41.7,0.23,2.07,24.55,93.9,10.76,14.19,PNQ,18.52,73.86,semi_arid,NASA_POWER_daily_ag,7.171,13.579,1.6184,dewpoint,785.7,38.897
2017-05-06,31.18,41.05,23.24,42.92,0.57,2.7,24.95,93.98,18.93,14.44,PNQ,18.52,73.86,semi_arid,NASA_POWER_daily_ag,7.682,13.85,1.6448,dewpoint,776.9,38.924
2017-05-07,30.33,39.65,22.05,45.79,0.27,2.94,23.92,94.04,28.55,15.04,PNQ,18.52,73.86,semi_arid,NASA_POWER_daily_ag,7.508,13.575,1.7097,dewpoint,770.4,38.949
2017-05-08,30.87,39.71,23.91,40.65,0.01,2.91,25.94,93.96,9.34,13.71,PNQ,18.52,73.86,semi_arid,NASA_POWER_daily_ag,8.004,14.199,1.5688,dewpoint,779.1,38.973
2017-05-09,29.93,39.92,21.62,48.33,0.01,3.04,27.4,93.82,8.84,14.03,PNQ,18.52,73.86,semi_arid,NASA_POWER_daily_ag,8.025,15.013,1.6017,dewpoint,794.4,38.995
2017-05-10,30.02,40.14,21.42,43.92,0.0,2.82,27.5,93.82,11.23,12.27,PNQ,18.52,73.86,semi_arid,NASA_POWER_daily_ag,8.02,14.689,1.4277,dewpoint,794.4,39.016
2017-05-11,30.37,40.22,21.47,44.43,0.01,2.69,26.62,93.82,21.47,13.49,PNQ,18.52,73.86,semi_arid,NASA_POWER_daily_ag,7.783,14.544,1.5465,dewpoint,794.4,39.036
2017-05-12,30.93,39.1,23.07,47.73,5.63,1.81,24.85,93.8,39.05,16.67,PNQ,18.52,73.86,semi_arid,NASA_POWER_daily_ag,6.617,14.346,1.8976,dewpoint,796.6,39.055
2017-05-13,30.74,38.8,24.11,51.89,2.85,1.68,21.72,93.75,73.67,18.25,PNQ,18.52,73.86,semi_arid,NASA_POWER_daily_ag,5.903,13.063,2.0967,dewpoint,802.0,39.072
2017-05-14,28.74,35.29,24.62,61.42,2.07,2.42,21.08,93.77,53.39,19.74,PNQ,18.52,73.86,semi_arid,NASA_POWER_daily_ag,5.721,13.054,2.3009,dewpoint,799.8,39.089
2017-05-15,28.45,36.09,23.43,61.65,0.1,3.54,21.7,93.73,47.71,19.2,PNQ,18.52,73.86,semi_arid,NASA_POWER_daily_ag,6.378,13.3,2.225,dewpoint,804.2,39.104
2017-05-16,28.68,37.06,22.16,55.5,0.0,3.14,25.84,93.63,5.56,16.76,PNQ,18.52,73.86,semi_arid,NASA_POWER_daily_ag,7.212,14.964,1.9085,dewpoint,815.1,39.118
2017-05-17,28.67,36.96,22.72,57.82,0.0,3.22,26.43,93.66,7.85,17.55,PNQ,18.52,73.86,semi_arid,NASA_POWER_daily_ag,7.212,15.416,2.0063,dewpoint,811.8,39.131
2017-05-18,28.76,37.7,21.53,56.01,0.0,3.15,27.18,93.74,18.73,16.83,PNQ,18.52,73.86,semi_arid,NASA_POWER_daily_ag,7.408,15.644,1.917,dewpoint,803.1,39.143
2017-05-19,28.35,36.77,22.11,56.99,0.0,3.55,26.44,93.86,10.86,17.11,PNQ,18.52,73.86,semi_arid,NASA_POWER_daily_ag,7.366,15.351,1.9513,dewpoint,790.0,39.154
2017-05-20,28.62,38.39,21.42,57.17,0.0,3.45,27.92,93.76,4.73,16.84,PNQ,18.52,73.86,semi_arid,NASA_POWER_daily_ag,7.629,15.995,1.9182,dewpoint,800.9,39.164
2017-05-21,28.38,36.95,22.16,56.67,0.0,3.93,26.74,93.66,16.96,16.84,PNQ,18.52,73.86,semi_arid,NASA_POWER_daily_ag,7.668,15.442,1.9182,dewpoint,811.8,39.173
2017-05-22,29.27,38.61,21.76,54.68,0.01,3.7,25.86,93.7,23.91,16.51,PNQ,18.52,73.86,semi_arid,NASA_POWER_daily_ag,7.803,14.89,1.8784,dewpoint,807.5,39.181
2017-05-23,30.93,40.66,23.02,52.56,0.24,3.5,25.74,93.68,41.24,17.23,PNQ,18.52,73.86,semi_arid,NASA_POWER_daily_ag,8.092,14.873,1.9662,dewpoint,809.6,39.189
2017-05-24,28.91,36.68,23.12,57.44,0.39,3.34,25.76,93.66,55.35,18.22,PNQ,18.52,73.86,semi_arid,NASA_POWER_daily_ag,7.168,15.228,2.0927,dewpoint,811.8,39.195
2017-05-25,29.04,38.36,22.09,59.98,0.0,3.62,23.05,93.58,54.55,18.63,PNQ,18.52,73.86,semi_arid,NASA_POWER_daily_ag,6.927,13.891,2.1472,dewpoint,820.6,39.201
2017-05-26,29.08,38.52,22.5,58.73,0.01,3.66,23.3,93.58,53.05,18.24,PNQ,18.52,73.86,semi_arid,NASA_POWER_daily_ag,7.069,13.934,2.0953,dewpoint,820.6,39.207
2017-05-27,28.45,36.24,23.43,62.11,0.02,4.39,25.61,93.56,34.41,19.23,PNQ,18.52,73.86,semi_arid,NASA_POWER_daily_ag,7.255,15.376,2.2291,dewpoint,822.7,39.211
2017-05-28,28.39,36.03,23.22,62.42,0.02,4.7,24.09,93.56,40.27,19.51,PNQ,18.52,73.86,semi_arid,NASA_POWER_daily_ag,7.088,14.643,2.2683,dewpoint,822.7,39.215
2017-05-29,28.13,34.69,23.45,68.47,0.66,4.97,22.79,93.48,42.49,21.06,PNQ,18.52,73.86,semi_arid,NASA_POWER_daily_ag,6.435,14.269,2.4962,dewpoint,831.5,39.219
2017-05-30,27.82,33.58,24.18,72.8,5.75,5.44,18.62,93.38,64.99,21.85,PNQ,18.52,73.86,semi_arid,NASA_POWER_daily_ag,5.589,12.086,2.6199,dewpoint,842.4,39.221
2017-05-31,28.31,34.79,24.04,72.65,2.32,3.6,21.74,93.3,49.18,22.22,PNQ,18.52,73.86,semi_arid,NASA_POWER_daily_ag,5.66,13.885,2.6796,dewpoint,851.2,39.224
2017-06-01,27.93,33.87,24.72,74.02,3.78,2.18,20.77,93.33,62.13,22.28,PNQ,18.52,73.86,semi_arid,NASA_POWER_daily_ag,4.978,13.353,2.6894,dewpoint,847.9,39.225
2017-06-02,27.89,33.14,24.37,73.93,2.74,1.56,21.03,93.42,71.38,22.28,PNQ,18.52,73.86,semi_arid,NASA_POWER_daily_ag,4.83,13.518,2.6894,dewpoint,838.1,39.227
2017-06-03,28.35,36.42,23.7,69.75,4.37,3.13,21.61,93.57,78.37,21.35,PNQ,18.52,73.86,semi_arid,NASA_POWER_daily_ag,5.707,13.628,2.541,dewpoint,821.7,39.227
2017-06-04,26.51,31.79,23.45,75.18,1.83,3.25,20.5,93.69,80.05,21.39,PNQ,18.52,73.86,semi_arid,NASA_POWER_daily_ag,4.921,13.112,2.5472,dewpoint,808.6,39.228
2017-06-05,27.11,32.27,23.24,72.22,0.53,3.61,22.02,93.73,70.72,21.06,PNQ,18.52,73.86,semi_arid,NASA_POWER_daily_ag,5.527,13.898,2.4962,dewpoint,804.2,39.228
2017-06-06,26.96,32.61,23.22,73.82,2.18,3.84,21.12,93.78,90.78,21.4,PNQ,18.52,73.86,semi_arid,NASA_POWER_daily_ag,5.304,13.448,2.5488,dewpoint,798.7,39.227
2017-06-07,25.7,29.97,23.59,79.08,9.93,3.78,16.67,93.85,96.77,21.47,PNQ,18.52,73.86,semi_arid,NASA_POWER_daily_ag,4.155,10.997,2.5597,dewpoint,791.1,39.227
2017-06-08,25.28,29.26,22.82,80.47,10.91,3.52,15.2,93.75,93.72,21.39,PNQ,18.52,73.86,semi_arid,NASA_POWER_daily_ag,3.779,10.178,2.5472,dewpoint,802.0,39.226
2017-06-09,24.5,28.15,22.45,84.36,20.97,3.32,14.93,93.62,94.42,21.52,PNQ,18.52,73.86,semi_arid,NASA_POWER_daily_ag,3.386,10.053,2.5676,dewpoint,816.2,39.224
2017-06-10,25.1,29.9,21.92,83.01,11.08,3.5,13.83,93.43,99.66,21.75,PNQ,18.52,73.86,semi_arid,NASA_POWER_daily_ag,3.416,9.436,2.6039,dewpoint,837.0,39.222
2017-06-11,25.61,29.65,23.62,84.66,18.41,3.55,16.29,93.27,97.61,22.61,PNQ,18.52,73.86,semi_arid,NASA_POWER_daily_ag,3.697,10.911,2.7438,dewpoint,854.5,39.22
2017-06-12,24.97,28.35,22.92,84.65,37.99,2.74,15.77,93.35,99.05,22.02,PNQ,18.52,73.86,semi_arid,NASA_POWER_daily_ag,3.494,10.573,2.6472,dewpoint,845.7,39.218
2017-06-13,24.93,28.51,22.52,84.37,8.14,2.6,11.97,93.44,99.38,21.92,PNQ,18.52,73.86,semi_arid,NASA_POWER_daily_ag,2.947,8.391,2.6311,dewpoint,835.9,39.216
2017-06-14,25.63,30.87,21.83,82.42,12.55,2.59,14.48,93.61,97.82,22.14,PNQ,18.52,73.86,semi_arid,NASA_POWER_daily_ag,3.474,9.827,2.6666,dewpoint,817.3,39.213
2017-06-15,24.5,27.84,22.12,84.24,9.8,2.08,15.49,93.69,99.69,21.5,PNQ,18.52,73.86,semi_arid,NASA_POWER_daily_ag,3.37,10.374,2.5644,dewpoint,808.6,39.21
2017-06-16,24.88,28.72,21.57,85.89,10.9,2.56,19.0,93.58,86.13,22.19,PNQ,18.52,73.86,semi_arid,NASA_POWER_daily_ag,3.881,12.457,2.6747,dewpoint,820.6,39.207
2017-06-17,25.24,28.28,22.65,86.62,16.88,2.26,21.47,93.61,64.7,22.68,PNQ,18.52,73.86,semi_arid,NASA_POWER_daily_ag,4.257,13.951,2.7555,dewpoint,817.3,39.204
2017-06-18,25.54,29.53,22.83,84.84,7.24,3.04,19.74,93.62,70.6,22.57,PNQ,18.52,73.86,semi_arid,NASA_POWER_daily_ag,4.137,12.907,2.7372,dewpoint,816.2,39.2
2017-06-19,25.58,30.05,22.56,83.07,3.65,3.55,16.54,93.52,88.87,22.24,PNQ,18.52,73.86,semi_arid,NASA_POWER_daily_ag,3.831,11.018,2.6829,dewpoint,827.1,39.196
2017-06-20,25.36,29.8,22.59,82.04,2.82,4.43,18.31,93.52,70.91,21.8,PNQ,18.52,73.86,semi_arid,NASA_POWER_daily_ag,4.19,11.98,2.6119,dewpoint,827.1,39.192
2017-06-21,25.5,30.45,22.49,81.15,4.17,4.78,18.51,93.55,68.27,21.69,PNQ,18.52,73.86,semi_arid,NASA_POWER_daily_ag,4.352,12.07,2.5944,dewpoint,823.8,39.188
2017-06-22,25.35,29.56,22.79,83.2,9.01,4.97,14.59,93.62,89.8,22.05,PNQ,18.52,73.86,semi_arid,NASA_POWER_daily_ag,3.667,9.884,2.652,dewpoint,816.2,39.184
2017-06-23,25.53,29.57,23.05,83.61,7.77,4.51,17.98,93.57,74.86,22.31,PNQ,18.52,73.86,semi_arid,NASA_POWER_daily_ag,4.051,11.851,2.6943,dewpoint,821.7,39.18
2017-06-24,25.63,29.45,23.29,84.18,20.57,4.99,14.52,93.3,91.13,22.53,PNQ,18.52,73.86,semi_arid,NASA_POWER_daily_ag,3.607,9.883,2.7306,dewpoint,851.2,39.175
2017-06-25,25.18,28.07,23.66,88.82,46.63,4.61,8.12,93.13,98.13,23.13,PNQ,18.52,73.86,semi_arid,NASA_POWER_daily_ag,2.29,6.192,2.8316,dewpoint,869.8,39.171
2017-06-26,24.46,26.46,23.41,90.83,38.81,5.13,10.7,93.27,99.02,22.84,PNQ,18.52,73.86,semi_arid,NASA_POWER_daily_ag,2.405,7.7,2.7824,dewpoint,854.5,39.166
2017-06-27,24.76,27.37,23.08,88.83,27.54,6.41,10.34,93.32,98.48,22.72,PNQ,18.52,73.86,semi_arid,NASA_POWER_daily_ag,2.613,7.483,2.7622,dewpoint,849.0,39.161
2017-06-28,24.48,27.39,22.37,88.24,27.97,6.5,9.05,93.33,99.2,22.32,PNQ,18.52,73.86,semi_arid,NASA_POWER_daily_ag,2.512,6.726,2.6959,dewpoint,847.9,39.155
2017-06-29,24.84,27.76,23.16,88.42,37.95,6.8,9.19,93.35,99.62,22.71,PNQ,18.52,73.86,semi_arid,NASA_POWER_daily_ag,2.549,6.812,2.7605,dewpoint,845.7,39.15
2017-06-30,24.67,27.84,22.91,87.96,25.12,6.68,14.97,93.35,98.26,22.45,PNQ,18.52,73.86,semi_arid,NASA_POWER_daily_ag,3.231,10.152,2.7173,dewpoint,845.7,39.144
2017-07-01,24.62,27.79,22.73,88.94,28.11,6.41,13.15,93.36,98.29,22.59,PNQ,18.52,73.86,semi_arid,NASA_POWER_daily_ag,2.919,9.109,2.7405,dewpoint,844.6,39.138
2017-07-02,24.57,27.01,23.23,90.08,24.04,5.97,11.41,93.43,99.05,22.78,PNQ,18.52,73.86,semi_arid,NASA_POWER_daily_ag,2.586,8.108,2.7723,dewpoint,837.0,39.132
2017-07-03,24.95,28.41,22.79,86.73,10.49,5.34,18.1,93.54,83.07,22.43,PNQ,18.52,73.86,semi_arid,NASA_POWER_daily_ag,3.753,11.951,2.714,dewpoint,824.9,39.126
2017-07-04,24.8,28.06,22.79,86.87,9.83,5.92,13.93,93.58,95.98,22.33,PNQ,18.52,73.86,semi_arid,NASA_POWER_daily_ag,3.229,9.536,2.6976,dewpoint,820.6,39.119
2017-07-05,24.23,27.11,22.24,88.17,8.01,5.06,14.33,93.63,89.27,22.05,PNQ,18.52,73.86,semi_arid,NASA_POWER_daily_ag,3.074,9.757,2.652,dewpoint,815.1,39.112
2017-07-06,24.18,27.36,21.76,87.73,9.41,4.26,12.05,93.64,84.87,21.9,PNQ,18.52,73.86,semi_arid,NASA_POWER_daily_ag,2.804,8.438,2.6279,dewpoint,814.0,39.105
2017-07-07,24.15,27.72,21.91,87.37,10.11,4.11,16.71,93.68,85.18,21.8,PNQ,18.52,73.86,semi_arid,NASA_POWER_daily_ag,3.415,11.094,2.6119,dewpoint,809.6,39.097
2017-07-08,23.9,27.29,21.59,87.64,8.33,3.19,20.09,93.67,77.85,21.6,PNQ,18.52,73.86,semi_arid,NASA_POWER_daily_ag,3.825,13.008,2.5802,dewpoint,810.7,39.089
2017-07-09,24.14,27.83,21.57,87.35,9.26,2.81,16.21,93.65,80.63,21.75,PNQ,18.52,73.86,semi_arid,NASA_POWER_daily_ag,3.342,10.804,2.6039,dewpoint,812.9,39.081
2017-07-10,24.06,27.56,21.44,87.04,6.87,2.73,19.12,93.74,94.54,21.63,PNQ,18.52,73.86,semi_arid,NASA_POWER_daily_ag,3.749,12.455,2.5849,dewpoint,803.1,39.073
2017-07-11,24.12,27.46,22.18,88.03,7.66,4.17,14.46,93.76,95.53,21.91,PNQ,18.52,73.86,semi_arid,NASA_POWER_daily_ag,3.075,9.813,2.6295,dewpoint,800.9,39.064
2017-07-12,23.75,26.38,21.92,89.69,8.18,4.69,16.71,93.7,99.2,21.9,PNQ,18.52,73.86,semi_arid,NASA_POWER_daily_ag,3.185,11.117,2.6279,dewpoint,807.5,39.054
2017-07-13,23.91,26.44,22.3,91.41,39.92,5.66,9.68,93.58,99.16,22.4,PNQ,18.52,73.86,semi_arid,NASA_POWER_daily_ag,2.198,7.088,2.7091,dewpoint,820.6,39.044
2017-07-14,23.96,26.46,22.4,90.96,68.17,6.74,8.54,93.48,99.38,22.36,PNQ,18.52,73.86,semi_arid,NASA_POWER_daily_ag,2.131,6.427,2.7025,dewpoint,831.5,39.034
2017-07-15,23.68,26.13,22.33,90.87,39.01,6.5,11.73,93.52,97.18,22.07,PNQ,18.52,73.86,semi_arid,NASA_POWER_daily_ag,2.467,8.262,2.6552,dewpoint,827.1,39.023
2017-07-16,23.56,26.58,21.8,90.07,28.59,5.94,10.35,93.49,96.91,21.78,PNQ,18.52,73.86,semi_arid,NASA_POWER_daily_ag,2.387,7.458,2.6087,dewpoint,830.4,39.012
2017-07-17,23.59,25.64,22.13,92.8,51.41,5.72,5.67,93.42,99.32,22.35,PNQ,18.52,73.86,semi_arid,NASA_POWER_daily_ag,1.584,4.761,2.7009,dewpoint,838.1,39.0
2017-07-18,23.59,24.98,22.83,94.58,51.94,5.52,6.79,93.32,99.71,22.69,PNQ,18.52,73.86,semi_arid,NASA_POWER_daily_ag,1.546,5.407,2.7572,dewpoint,849.0,38.987
2017-07-19,23.7,25.11,22.54,94.74,63.36,5.12,9.03,93.11,99.54,22.82,PNQ,18.52,73.86,semi_arid,NASA_POWER_daily_ag,1.818,6.719,2.779,dewpoint,872.0,38.974
2017-07-20,23.66,25.13,22.57,94.87,35.63,6.11,9.41,93.08,99.51,22.81,PNQ,18.52,73.86,semi_arid,NASA_POWER_daily_ag,1.818,6.941,2.7773,dewpoint,875.3,38.96
2017-07-21,23.85,26.24,22.6,93.05,43.22,6.96,11.37,93.27,98.83,22.66,PNQ,18.52,73.86,semi_arid,NASA_POWER_daily_ag,2.209,8.076,2.7522,dewpoint,854.5,38.946
2017-07-22,23.57,26.01,22.37,92.72,38.68,6.61,10.72,93.4,97.84,22.32,PNQ,18.52,73.86,semi_arid,NASA_POWER_daily_ag,2.158,7.685,2.6959,dewpoint,840.2,38.93
2017-07-23,23.04,24.52,21.82,94.8,31.64,6.31,10.1,93.44,98.35,22.18,PNQ,18.52,73.86,semi_arid,NASA_POWER_daily_ag,1.859,7.328,2.6731,dewpoint,835.9,38.914
2017-07-24,23.7,26.07,22.29,92.53,23.17,6.11,11.35,93.47,95.53,22.4,PNQ,18.52,73.86,semi_arid,NASA_POWER_daily_ag,2.27,8.051,2.7091,dewpoint,832.6,38.897
2017-07-25,23.51,26.35,21.89,91.79,10.55,5.7,13.3,93.43,85.68,22.07,PNQ,18.52,73.86,semi_arid,NASA_POWER_daily_ag,2.555,9.16,2.6552,dewpoint,837.0,38.88
2017-07-26,23.31,26.14,21.64,91.11,9.3,5.42,11.75,93.49,89.82,21.74,PNQ,18.52,73.86,semi_arid,NASA_POWER_daily_ag,2.426,8.252,2.6023,dewpoint,830.4,38.861
2017-07-27,23.2,25.77,21.47,91.88,14.28,5.0,11.4,93.55,99.43,21.78,PNQ,18.52,73.86,semi_arid,NASA_POWER_daily_ag,2.315,8.055,2.6087,dewpoint,823.8,38.842
2017-07-28,23.73,26.69,21.81,91.26,20.55,5.12,11.3,93.65,99.73,22.18,PNQ,18.52,73.86,semi_arid,NASA_POWER_daily_ag,2.393,8.007,2.6731,dewpoint,812.9,38.821
2017-07-29,23.99,26.93,21.82,90.54,17.99,4.54,13.47,93.72,89.38,22.29,PNQ,18.52,73.86,semi_arid,NASA_POWER_daily_ag,2.743,9.262,2.691,dewpoint,805.3,38.8
2017-07-30,23.51,26.53,21.3,90.81,8.99,3.87,16.63,93.73,93.73,21.87,PNQ,18.52,73.86,semi_arid,NASA_POWER_daily_ag,3.097,11.049,2.6231,dewpoint,804.2,38.777
2017-07-31,23.48,27.45,21.22,91.05,14.17,3.96,10.8,93.72,95.67,21.88,PNQ,18.52,73.86,semi_arid,NASA_POWER_daily_ag,2.334,7.702,2.6247,dewpoint,805.3,38.754
2017-08-01,23.66,27.61,21.15,90.24,11.23,3.84,11.74,93.75,85.78,21.89,PNQ,18.52,73.86,semi_arid,NASA_POWER_daily_ag,2.525,8.238,2.6263,dewpoint,802.0,38.729
2017-08-02,23.46,27.25,21.03,89.72,4.99,3.84,13.14,93.79,79.54,21.6,PNQ,18.52,73.86,semi_arid,NASA_POWER_daily_ag,2.721,9.022,2.5802,dewpoint,797.6,38.704
2017-08-03,23.52,26.57,21.26,90.6,8.99,4.45,9.11,93.65,95.94,21.83,PNQ,18.52,73.86,semi_arid,NASA_POWER_daily_ag,2.166,6.733,2.6167,dewpoint,812.9,38.677
2017-08-04,23.53,27.05,21.97,91.54,5.16,4.21,15.98,93.41,90.21,22.03,PNQ,18.52,73.86,semi_arid,NASA_POWER_daily_ag,2.95,10.672,2.6488,dewpoint,839.1,38.649
2017-08-05,23.56,27.09,21.68,90.54,1.34,3.6,16.12,93.4,88.79,21.86,PNQ,18.52,73.86,semi_arid,NASA_POWER_daily_ag,3.065,10.735,2.6215,dewpoint,840.2,38.619
2017-08-06,23.71,27.28,21.47,89.82,1.58,2.99,17.32,93.45,77.49,21.84,PNQ,18.52,73.86,semi_arid,NASA_POWER_daily_ag,3.31,11.416,2.6183,dewpoint,834.8,38.589
2017-08-07,23.75,27.67,20.9,89.42,2.16,2.8,13.88,93.52,85.79,21.79,PNQ,18.52,73.86,semi_arid,NASA_POWER_daily_ag,2.868,9.446,2.6103,dewpoint,827.1,38.557
2017-08-08,23.75,27.53,21.58,90.31,2.21,2.67,15.76,93.59,91.01,21.99,PNQ,18.52,73.86,semi_arid,NASA_POWER_daily_ag,3.076,10.529,2.6423,dewpoint,819.5,38.523
2017-08-09,23.61,27.24,21.39,89.98,3.35,3.06,14.78,93.64,95.53,21.79,PNQ,18.52,73.86,semi_arid,NASA_POWER_daily_ag,2.937,9.953,2.6103,dewpoint,814.0,38.489
2017-08-10,23.52,27.22,20.98,89.12,5.7,3.42,13.65,93.65,97.68,21.52,PNQ,18.52,73.86,semi_arid,NASA_POWER_daily_ag,2.833,9.29,2.5676,dewpoint,812.9,38.452
2017-08-11,23.81,27.67,21.4,88.68,6.82,3.12,13.54,93.72,99.06,21.71,PNQ,18.52,73.86,semi_arid,NASA_POWER_daily_ag,2.864,9.231,2.5976,dewpoint,805.3,38.415
2017-08-12,23.47,26.88,21.47,89.82,4.32,3.37,15.96,93.77,93.08,21.63,PNQ,18.52,73.86,semi_arid,NASA_POWER_daily_ag,3.079,10.602,2.5849,dewpoint,799.8,38.376
2017-08-13,23.09,26.42,20.94,89.9,3.4,3.44,15.08,93.85,91.13,21.27,PNQ,18.52,73.86,semi_arid,NASA_POWER_daily_ag,2.924,10.076,2.5286,dewpoint,791.1,38.335
2017-08-14,23.45,27.05,21.03,89.11,9.9,2.71,14.05,93.92,96.42,21.46,PNQ,18.52,73.86,semi_arid,NASA_POWER_daily_ag,2.868,9.499,2.5582,dewpoint,783.5,38.293
2017-08-15,23.27,26.7,20.85,89.6,8.74,2.05,14.08,93.88,95.04,21.37,PNQ,18.52,73.86,semi_arid,NASA_POWER_daily_ag,2.838,9.511,2.5441,dewpoint,787.8,38.249
2017-08-16,23.44,27.54,20.47,89.46,3.79,2.46,14.99,93.74,86.57,21.49,PNQ,18.52,73.86,semi_arid,NASA_POWER_daily_ag,2.988,10.028,2.5629,dewpoint,803.1,38.204
2017-08-17,23.55,27.3,20.94,89.21,2.56,2.81,16.37,93.53,90.81,21.56,PNQ,18.52,73.86,semi_arid,NASA_POWER_daily_ag,3.193,10.811,2.5738,dewpoint,826.0,38.157
2017-08-18,23.37,27.35,21.0,89.62,3.19,2.69,13.4,93.43,99.02,21.46,PNQ,18.52,73.86,semi_arid,NASA_POWER_daily_ag,2.753,9.12,2.5582,dewpoint,837.0,38.108
2017-08-19,23.0,25.88,21.44,91.68,15.52,3.64,6.87,93.46,99.8,21.54,PNQ,18.52,73.86,semi_arid,NASA_POWER_daily_ag,1.75,5.431,2.5707,dewpoint,833.7,38.057
2017-08-20,21.57,22.34,20.65,94.76,80.9,4.64,3.06,93.34,99.27,20.71,PNQ,18.52,73.86,semi_arid,NASA_POWER_daily_ag,1.033,3.289,2.443,dewpoint,846.8,38.005
2017-08-21,20.85,21.98,19.31,92.68,10.74,4.07,9.4,93.25,99.6,19.62,PNQ,18.52,73.86,semi_arid,NASA_POWER_daily_ag,1.877,6.835,2.2838,dewpoint,856.7,37.951
2017-08-22,22.59,26.76,18.66,90.0,5.98,2.84,17.6,93.39,76.04,20.78,PNQ,18.52,73.86,semi_arid,NASA_POWER_daily_ag,3.223,11.429,2.4536,dewpoint,841.3,37.896
2017-08-23,23.65,27.63,20.79,89.87,4.8,2.69,17.38,93.64,70.25,21.76,PNQ,18.52,73.86,semi_arid,NASA_POWER_daily_ag,3.31,11.374,2.6055,dewpoint,814.0,37.838
2017-08-24,23.53,27.02,20.95,90.56,10.8,3.06,15.26,93.66,79.96,21.82,PNQ,18.52,73.86,semi_arid,NASA_POWER_daily_ag,2.952,10.179,2.6151,dewpoint,811.8,37.779
2017-08-25,23.32,26.06,21.7,94.14,25.61,3.82,6.37,93.5,99.34,22.32,PNQ,18.52,73.86,semi_arid,NASA_POWER_daily_ag,1.529,5.126,2.6959,dewpoint,829.3,37.717
2017-08-26,23.7,26.66,22.01,92.43,27.22,3.96,11.32,93.35,98.35,22.37,PNQ,18.52,73.86,semi_arid,NASA_POWER_daily_ag,2.303,7.961,2.7041,dewpoint,845.7,37.654
2017-08-27,23.38,25.42,22.08,93.97,33.76,3.95,7.81,93.27,99.72,22.36,PNQ,18.52,73.86,semi_arid,NASA_POWER_daily_ag,1.722,5.948,2.7025,dewpoint,854.5,37.589
2017-08-28,22.56,23.76,21.89,94.69,68.33,3.53,6.14,93.13,99.45,21.67,PNQ,18.52,73.86,semi_arid,NASA_POWER_daily_ag,1.437,4.996,2.5912,dewpoint,869.8,37.522
2017-08-29,22.62,25.14,21.08,93.86,59.97,5.15,4.78,93.02,99.57,21.58,PNQ,18.52,73.86,semi_arid,NASA_POWER_daily_ag,1.338,4.227,2.577,dewpoint,881.9,37.454
2017-08-30,23.22,26.13,21.4,92.23,17.03,4.81,15.23,93.34,84.42,21.87,PNQ,18.52,73.86,semi_arid,NASA_POWER_daily_ag,2.726,10.142,2.6231,dewpoint,846.8,37.383
2017-08-31,23.27,26.69,20.95,91.43,5.39,3.48,18.04,93.69,84.69,21.74,PNQ,18.52,73.86,semi_arid,NASA_POWER_daily_ag,3.21,11.704,2.6023,dewpoint,808.6,37.31
2017-09-01,23.06,26.57,20.42,91.02,3.67,2.58,17.18,93.79,80.41,21.44,PNQ,18.52,73.86,semi_arid,NASA_POWER_daily_ag,3.155,11.183,2.555,dewpoint,797.6,37.236
2017-09-02,23.34,27.44,20.32,90.64,9.55,2.38,16.17,93.73,75.5,21.63,PNQ,18.52,73.86,semi_arid,NASA_POWER_daily_ag,3.069,10.621,2.5849,dewpoint,804.2,37.159
2017-09-03,23.33,27.25,20.44,90.97,4.6,2.35,12.07,93.78,90.78,21.7,PNQ,18.52,73.86,semi_arid,NASA_POWER_daily_ag,2.479,8.317,2.596,dewpoint,798.7,37.081
2017-09-04,23.49,27.96,20.18,89.36,0.24,1.93,19.27,93.88,65.2,21.51,PNQ,18.52,73.86,semi_arid,NASA_POWER_daily_ag,3.587,12.319,2.566,dewpoint,787.8,37.0
2017-09-05,23.38,27.44,20.02,89.06,0.06,1.88,17.86,93.88,78.88,21.34,PNQ,18.52,73.86,semi_arid,NASA_POWER_daily_ag,3.386,11.511,2.5394,dewpoint,787.8,36.918
2017-09-06,23.89,28.17,20.77,88.05,0.04,1.6,20.21,93.75,85.7,21.63,PNQ,18.52,73.86,semi_arid,NASA_POWER_daily_ag,3.816,12.832,2.5849,dewpoint,802.0,36.834
2017-09-07,24.01,27.57,21.33,90.77,3.51,1.62,18.58,93.69,68.81,22.33,PNQ,18.52,73.86,semi_arid,NASA_POWER_daily_ag,3.504,12.015,2.6976,dewpoint,808.6,36.747
2017-09-08,24.39,27.72,22.31,90.91,15.67,1.32,15.36,93.65,96.86,22.75,PNQ,18.52,73.86,semi_arid,NASA_POWER_daily_ag,3.052,10.215,2.7672,dewpoint,812.9,36.659
2017-09-09,24.83,28.68,21.98,89.44,2.74,1.11,15.81,93.58,91.1,22.88,PNQ,18.52,73.86,semi_arid,NASA_POWER_daily_ag,3.195,10.472,2.7891,dewpoint,820.6,36.569
2017-09-10,24.89,28.06,22.79,92.35,10.39,1.22,17.28,93.62,98.01,23.53,PNQ,18.52,73.86,semi_arid,NASA_POWER_daily_ag,3.367,11.387,2.9008,dewpoint,816.2,36.477
2017-09-11,25.85,29.84,22.26,85.66,4.72,1.34,19.38,93.72,85.32,23.1,PNQ,18.52,73.86,semi_arid,NASA_POWER_daily_ag,3.934,12.5,2.8265,dewpoint,805.3,36.383
2017-09-12,25.75,29.0,22.54,84.25,18.61,1.64,17.45,93.82,87.32,22.79,PNQ,18.52,73.86,semi_arid,NASA_POWER_daily_ag,3.663,11.354,2.774,dewpoint,794.4,36.287
2017-09-13,25.24,29.08,21.72,85.26,7.64,1.26,17.87,93.83,92.93,22.47,PNQ,18.52,73.86,semi_arid,NASA_POWER_daily_ag,3.63,11.546,2.7206,dewpoint,793.3,36.19
2017-09-14,24.44,27.83,22.34,89.05,17.08,1.5,16.98,93.75,97.79,22.43,PNQ,18.52,73.86,semi_arid,NASA_POWER_daily_ag,3.333,11.041,2.714,dewpoint,802.0,36.09
2017-09-15,23.32,26.43,21.14,89.98,19.42,1.57,16.8,93.7,90.64,21.51,PNQ,18.52,73.86,semi_arid,NASA_POWER_daily_ag,3.181,10.85,2.566,dewpoint,807.5,35.989
2017-09-16,23.3,27.0,20.38,89.85,6.07,1.87,14.84,93.62,92.03,21.44,PNQ,18.52,73.86,semi_arid,NASA_POWER_daily_ag,2.896,9.751,2.555,dewpoint,816.2,35.886
2017-09-17,23.25,27.04,20.45,90.44,3.3,1.99,12.26,93.6,97.13,21.52,PNQ,18.52,73.86,semi_arid,NASA_POWER_daily_ag,2.501,8.322,2.5676,dewpoint,818.4,35.781
2017-09-18,23.67,25.7,21.99,95.09,35.92,3.13,13.79,93.5,99.58,22.85,PNQ,18.52,73.86,semi_arid,NASA_POWER_daily_ag,2.463,9.275,2.784,dewpoint,829.3,35.674
2017-09-19,23.16,24.69,22.01,95.74,66.34,4.63,7.0,93.2,99.44,22.46,PNQ,18.52,73.86,semi_arid,NASA_POWER_daily_ag,1.452,5.405,2.719,dewpoint,862.1,35.566
2017-09-20,22.81,24.77,21.49,95.27,77.99,4.31,4.54,93.47,99.59,22.02,PNQ,18.52,73.86,semi_arid,NASA_POWER_daily_ag,1.189,4.024,2.6472,dewpoint,832.6,35.456
2017-09-21,22.57,25.57,20.67,92.18,23.78,2.16,6.95,93.62,99.62,21.19,PNQ,18.52,73.86,semi_arid,NASA_POWER_daily_ag,1.657,5.367,2.5162,dewpoint,816.2,35.344
2017-09-22,22.93,26.77,20.49,91.61,22.89,1.88,14.99,93.75,86.3,21.43,PNQ,18.52,73.86,semi_arid,NASA_POWER_daily_ag,2.807,9.772,2.5535,dewpoint,802.0,35.23
2017-09-23,23.49,27.66,20.25,89.98,0.82,1.51,17.6,93.91,57.59,21.64,PNQ,18.52,73.86,semi_arid,NASA_POWER_daily_ag,3.293,11.208,2.5865,dewpoint,784.6,35.116
2017-09-24,24.14,28.94,20.76,88.84,1.08,1.42,16.05,93.93,66.48,22.02,PNQ,18.52,73.86,semi_arid,NASA_POWER_daily_ag,3.151,10.366,2.6472,dewpoint,782.4,34.999
2017-09-25,24.09,28.85,20.9,88.12,0.1,1.38,19.54,93.8,55.32,21.82,PNQ,18.52,73.86,semi_arid,NASA_POWER_daily_ag,3.679,12.242,2.6151,dewpoint,796.6,34.881
2017-09-26,24.23,29.26,20.49,86.99,4.39,1.27,19.69,93.78,51.98,21.71,PNQ,18.52,73.86,semi_arid,NASA_POWER_daily_ag,3.738,12.289,2.5976,dewpoint,798.7,34.762
2017-09-27,24.48,29.06,21.12,87.24,1.92,1.32,16.9,93.82,74.94,22.03,PNQ,18.52,73.86,semi_arid,NASA_POWER_daily_ag,3.335,10.792,2.6488,dewpoint,794.4,34.641
2017-09-28,24.5,29.08,20.92,86.92,2.95,1.39,18.04,93.74,65.1,21.98,PNQ,18.52,73.86,semi_arid,NASA_POWER_daily_ag,3.515,11.399,2.6407,dewpoint,803.1,34.519
2017-09-29,24.44,28.19,21.49,88.95,15.09,1.36,13.3,93.73,92.44,22.37,PNQ,18.52,73.86,semi_arid,NASA_POWER_daily_ag,2.743,8.833,2.7041,dewpoint,804.2,34.395
2017-09-30,24.84,29.63,21.49,85.62,5.8,1.29,18.24,93.85,67.07,22.03,PNQ,18.52,73.86,semi_arid,NASA_POWER_daily_ag,3.591,11.466,2.6488,dewpoint,791.1,34.27
2017-10-01,24.78,29.52,21.21,85.55,0.94,1.35,20.56,93.85,55.7,21.92,PNQ,18.52,73.86,semi_arid,NASA_POWER_daily_ag,3.936,12.699,2.6311,dewpoint,791.1,34.145
2017-10-02,24.73,29.71,20.72,82.67,1.65,1.36,18.97,93.73,73.84,21.28,PNQ,18.52,73.86,semi_arid,NASA_POWER_daily_ag,3.752,11.719,2.5301,dewpoint,804.2,34.017
2017-10-03,24.4,28.81,20.8,81.89,0.82,1.32,15.05,93.76,69.16,20.93,PNQ,18.52,73.86,semi_arid,NASA_POWER_daily_ag,3.146,9.585,2.4763,dewpoint,800.9,33.889
2017-10-04,23.82,28.67,19.49,75.69,0.01,1.47,20.07,93.84,52.49,19.0,PNQ,18.52,73.86,semi_arid,NASA_POWER_daily_ag,3.956,11.91,2.1974,dewpoint,792.2,33.76
2017-10-05,24.04,30.07,18.52,72.81,0.0,1.77,19.85,93.7,59.88,18.54,PNQ,18.52,73.86,semi_arid,NASA_POWER_daily_ag,4.089,11.689,2.1351,dewpoint,807.5,33.63
2017-10-06,23.12,26.89,19.06,85.93,15.15,1.76,13.01,93.66,89.94,20.6,PNQ,18.52,73.86,semi_arid,NASA_POWER_daily_ag,2.683,8.48,2.4266,dewpoint,811.8,33.499
2017-10-07,24.85,28.87,21.47,86.75,7.26,1.76,13.79,93.64,92.42,22.37,PNQ,18.52,73.86,semi_arid,NASA_POWER_daily_ag,2.902,9.005,2.7041,dewpoint,814.0,33.367
2017-10-08,24.46,28.27,21.32,88.84,15.27,1.15,15.76,93.59,86.51,22.41,PNQ,18.52,73.86,semi_arid,NASA_POWER_daily_ag,3.08,10.08,2.7107,dewpoint,819.5,33.235
2017-10-09,24.32,27.92,21.42,90.03,5.4,1.12,10.44,93.49,98.21,22.49,PNQ,18.52,73.86,semi_arid,NASA_POWER_daily_ag,2.24,7.175,2.7239,dewpoint,830.4,33.101
2017-10-10,23.81,26.99,22.12,92.86,9.01,1.07,11.49,93.44,97.35,22.55,PNQ,18.52,73.86,semi_arid,NASA_POWER_daily_ag,2.304,7.745,2.7339,dewpoint,835.9,32.967
2017-10-11,23.51,27.61,20.08,88.95,9.89,1.71,10.95,93.56,87.81,21.48,PNQ,18.52,73.86,semi_arid,NASA_POWER_daily_ag,2.323,7.38,2.5613,dewpoint,822.7,32.833
2017-10-12,24.09,29.02,20.42,86.09,2.48,1.15,19.04,93.65,49.18,21.38,PNQ,18.52,73.86,semi_arid,NASA_POWER_daily_ag,3.568,11.614,2.5457,dewpoint,812.9,32.698
2017-10-13,24.58,28.56,21.82,88.62,62.18,0.84,15.13,93.63,82.14,22.44,PNQ,18.52,73.86,semi_arid,NASA_POWER_daily_ag,2.972,9.659,2.7157,dewpoint,815.1,32.562
2017-10-14,23.99,26.61,22.19,92.86,39.17,1.22,12.17,93.58,97.6,22.74,PNQ,18.52,73.86,semi_arid,NASA_POWER_daily_ag,2.399,8.089,2.7656,dewpoint,820.6,32.427
2017-10-15,23.9,26.42,21.88,90.02,6.98,1.48,12.28,93.71,96.85,22.13,PNQ,18.52,73.86,semi_arid,NASA_POWER_daily_ag,2.472,8.088,2.665,dewpoint,806.4,32.291
2017-10-16,24.72,29.26,20.26,81.32,2.62,1.06,15.51,93.8,71.85,21.09,PNQ,18.52,73.86,semi_arid,NASA_POWER_daily_ag,3.157,9.648,2.5008,dewpoint,796.6,32.154
2017-10-17,24.47,29.37,20.82,77.86,0.44,1.17,18.65,93.83,64.07,20.05,PNQ,18.52,73.86,semi_arid,NASA_POWER_daily_ag,3.649,11.059,2.3455,dewpoint,793.3,32.018
2017-10-18,23.2,29.09,18.15,67.33,0.0,1.36,17.65,93.81,76.49,16.53,PNQ,18.52,73.86,semi_arid,NASA_POWER_daily_ag,3.624,10.06,1.8808,dewpoint,795.5,31.882
2017-10-19,22.44,28.71,16.44,64.69,0.0,1.36,20.18,93.78,75.51,15.21,PNQ,18.52,73.86,semi_arid,NASA_POWER_daily_ag,3.891,11.022,1.7285,dewpoint,798.7,31.745
2017-10-20,22.2,28.07,18.25,67.35,0.0,1.19,19.77,93.82,30.25,15.5,PNQ,18.52,73.86,semi_arid,NASA_POWER_daily_ag,3.7,10.829,1.761,dewpoint,794.4,31.609
2017-10-21,22.18,26.39,18.45,89.98,0.02,1.22,12.4,93.9,69.14,20.36,PNQ,18.52,73.86,semi_arid,NASA_POWER_daily_ag,2.364,7.953,2.3909,dewpoint,785.7,31.473
2017-10-22,23.0,26.92,20.1,91.11,4.06,1.34,15.5,93.93,60.61,21.41,PNQ,18.52,73.86,semi_arid,NASA_POWER_daily_ag,2.811,9.624,2.5503,dewpoint,782.4,31.337
2017-10-23,23.67,28.59,19.7,81.31,5.47,1.17,17.53,94.02,43.07,19.98,PNQ,18.52,73.86,semi_arid,NASA_POWER_daily_ag,3.332,10.399,2.3354,dewpoint,772.6,31.202
2017-10-24,21.88,28.52,16.74,69.77,0.0,1.57,21.56,94.18,3.77,15.7,PNQ,18.52,73.86,semi_arid,NASA_POWER_daily_ag,3.935,11.567,1.7837,dewpoint,755.2,31.067
2017-10-25,21.0,28.0,14.77,67.03,0.0,1.55,21.93,94.27,0.83,14.22,PNQ,18.52,73.86,semi_arid,NASA_POWER_daily_ag,3.918,11.491,1.6216,dewpoint,745.4,30.932
2017-10-26,21.37,28.09,15.08,70.67,0.0,1.81,20.18,94.27,12.42,15.56,PNQ,18.52,73.86,semi_arid,NASA_POWER_daily_ag,3.751,10.934,1.7678,dewpoint,745.4,30.798
2017-10-27,21.69,27.85,16.83,76.0,2.66,1.45,16.91,94.21,35.19,17.05,PNQ,18.52,73.86,semi_arid,NASA_POWER_daily_ag,3.19,9.641,1.9439,dewpoint,751.9,30.665
2017-10-28,21.78,28.24,15.8,71.73,0.06,1.32,18.56,94.2,21.09,16.15,PNQ,18.52,73.86,semi_arid,NASA_POWER_daily_ag,3.441,10.237,1.8358,dewpoint,753.0,30.532
2017-10-29,20.99,27.25,15.73,74.94,0.0,1.72,18.5,94.27,23.54,16.1,PNQ,18.52,73.86,semi_arid,NASA_POWER_daily_ag,3.381,10.206,1.8299,dewpoint,745.4,30.401
2017-10-30,20.47,26.97,15.59,74.61,0.0,2.06,18.99,94.29,10.51,15.49,PNQ,18.52,73.86,semi_arid,NASA_POWER_daily_ag,3.453,10.307,1.7599,dewpoint,743.2,30.27
2017-10-31,20.05,26.78,15.05,73.33,0.0,2.19,18.75,94.16,19.18,14.87,PNQ,18.52,73.86,semi_arid,NASA_POWER_daily_ag,3.434,10.098,1.6911,dewpoint,757.4,30.14
2017-11-01,19.91,27.2,14.7,72.21,0.0,2.39,19.33,94.19,2.24,14.4,PNQ,18.52,73.86,semi_arid,NASA_POWER_daily_ag,3.558,10.235,1.6406,dewpoint,754.1,30.012
2017-11-02,19.15,26.3,13.98,71.83,0.0,2.34,19.55,94.16,0.49,13.64,PNQ,18.52,73.86,semi_arid,NASA_POWER_daily_ag,3.482,10.225,1.5616,dewpoint,757.4,29.884
2017-11-03,18.84,26.19,13.32,72.92,0.0,2.55,19.72,94.07,0.32,13.5,PNQ,18.52,73.86,semi_arid,NASA_POWER_daily_ag,3.476,10.268,1.5475,dewpoint,767.1,29.758
2017-11-04,18.51,25.69,13.3,74.27,0.0,3.2,20.3,94.1,0.34,13.41,PNQ,18.52,73.86,semi_arid,NASA_POWER_daily_ag,3.548,10.481,1.5384,dewpoint,763.9,29.633
2017-11-05,19.3,26.37,13.32,77.7,0.0,3.1,19.85,94.12,1.44,15.01,PNQ,18.52,73.86,semi_arid,NASA_POWER_daily_ag,3.42,10.52,1.7064,dewpoint,761.7,29.509
2017-11-06,20.35,27.56,15.37,77.88,0.0,2.6,20.03,94.15,3.59,16.11,PNQ,18.52,73.86,semi_arid,NASA_POWER_daily_ag,3.469,10.669,1.8311,dewpoint,758.4,29.387
2017-11-07,19.81,26.83,14.04,68.68,0.0,1.98,19.98,94.18,5.09,13.46,PNQ,18.52,73.86,semi_arid,NASA_POWER_daily_ag,3.583,10.2,1.5434,dewpoint,755.2,29.266
2017-11-08,19.83,26.79,13.72,70.27,0.0,1.79,20.07,94.17,2.53,13.82,PNQ,18.52,73.86,semi_arid,NASA_POWER_daily_ag,3.5,10.283,1.58,dewpoint,756.3,29.147
2017-11-09,19.56,26.68,13.69,73.72,0.0,1.56,19.35,94.09,1.11,14.34,PNQ,18.52,73.86,semi_arid,NASA_POWER_daily_ag,3.258,10.057,1.6342,dewpoint,765.0,29.03
2017-11-10,19.48,26.28,13.83,74.25,0.0,1.99,19.01,94.1,2.67,14.44,PNQ,18.52,73.86,semi_arid,NASA_POWER_daily_ag,3.284,9.916,1.6448,dewpoint,763.9,28.914
2017-11-11,18.86,25.92,13.78,72.29,0.0,2.15,17.9,94.14,9.79,13.38,PNQ,18.52,73.86,semi_arid,NASA_POWER_daily_ag,3.199,9.279,1.5354,dewpoint,759.5,28.8
2017-11-12,18.42,25.68,12.26,66.74,0.0,1.97,19.09,94.02,8.77,11.7,PNQ,18.52,73.86,semi_arid,NASA_POWER_daily_ag,3.366,9.512,1.3751,dewpoint,772.6,28.688
2017-11-13,18.42,25.68,11.2,65.66,0.0,1.44,18.64,93.84,27.41,11.47,PNQ,18.52,73.86,semi_arid,NASA_POWER_daily_ag,3.176,9.314,1.3543,dewpoint,792.2,28.579
2017-11-14,19.51,26.45,13.62,66.47,0.0,1.14,17.83,93.79,36.37,12.81,PNQ,18.52,73.86,semi_arid,NASA_POWER_daily_ag,3.054,9.08,1.4793,dewpoint,797.6,28.471
2017-11-15,19.7,26.46,13.31,75.38,0.0,1.2,18.38,93.83,2.04,14.96,PNQ,18.52,73.86,semi_arid,NASA_POWER_daily_ag,3.024,9.63,1.701,dewpoint,793.3,28.365
2017-11-16,20.21,26.27,15.1,79.66,0.0,1.4,15.94,93.9,12.87,16.32,PNQ,18.52,73.86,semi_arid,NASA_POWER_daily_ag,2.768,8.75,1.8558,dewpoint,785.7,28.261
2017-11-17,20.14,26.69,14.58,74.76,0.0,1.39,16.28,93.93,8.08,15.11,PNQ,18.52,73.86,semi_arid,NASA_POWER_daily_ag,2.895,8.699,1.7175,dewpoint,782.4,28.16
2017-11-18,20.34,27.6,14.97,73.14,0.0,1.46,16.35,94.0,8.05,14.97,PNQ,18.52,73.86,semi_arid,NASA_POWER_daily_ag,2.956,8.65,1.7021,dewpoint,774.8,28.061
2017-11-19,20.6,27.29,14.74,75.06,0.0,1.73,14.0,94.1,41.05,15.71,PNQ,18.52,73.86,semi_arid,NASA_POWER_daily_ag,2.762,7.777,1.7849,dewpoint,763.9,27.965
2017-11-20,21.63,26.84,18.41,80.48,2.76,1.96,11.2,94.17,73.33,17.95,PNQ,18.52,73.86,semi_arid,NASA_POWER_daily_ag,2.411,6.746,2.0575,dewpoint,756.3,27.87
2017-11-21,22.04,27.44,17.41,79.85,0.33,1.8,13.48,94.09,46.52,18.2,PNQ,18.52,73.86,semi_arid,NASA_POWER_daily_ag,2.685,7.769,2.0901,dewpoint,765.0,27.779
2017-11-22,22.27,27.87,17.9,80.94,0.41,1.43,14.62,94.03,19.4,18.65,PNQ,18.52,73.86,semi_arid,NASA_POWER_daily_ag,2.732,8.303,2.1499,dewpoint,771.5,27.69
2017-11-23,21.74,28.7,16.96,75.43,0.0,1.53,17.05,94.03,0.87,16.89,PNQ,18.52,73.86,semi_arid,NASA_POWER_daily_ag,3.093,9.062,1.9243,dewpoint,771.5,27.603
2017-11-24,20.14,27.64,14.09,68.69,0.0,1.34,19.16,94.18,1.23,13.87,PNQ,18.52,73.86,semi_arid,NASA_POWER_daily_ag,3.217,9.466,1.5852,dewpoint,755.2,27.519
2017-11-25,20.14,27.34,13.44,72.65,0.0,1.7,17.88,94.2,3.11,14.78,PNQ,18.52,73.86,semi_arid,NASA_POWER_daily_ag,3.127,9.137,1.6813,dewpoint,753.0,27.438
2017-11-26,19.81,26.91,14.11,71.23,0.0,1.95,17.71,94.31,4.03,14.06,PNQ,18.52,73.86,semi_arid,NASA_POWER_daily_ag,3.179,8.923,1.6048,dewpoint,741.1,27.36
2017-11-27,19.18,26.8,12.37,60.49,0.0,1.95,17.61,94.19,18.31,10.79,PNQ,18.52,73.86,semi_arid,NASA_POWER_daily_ag,3.396,8.408,1.2945,dewpoint,754.1,27.284
2017-11-28,19.21,26.49,11.95,59.47,0.0,1.42,18.1,94.13,2.04,10.69,PNQ,18.52,73.86,semi_arid,NASA_POWER_daily_ag,3.207,8.57,1.2859,dewpoint,760.6,27.212
2017-11-29,18.57,26.3,11.1,61.65,0.0,1.68,17.99,94.19,3.72,10.58,PNQ,18.52,73.86,semi_arid,NASA_POWER_daily_ag,3.212,8.529,1.2765,dewpoint,754.1,27.142
2017-11-30,18.61,26.13,11.94,65.2,0.0,2.0,18.07,94.12,8.12,11.58,PNQ,18.52,73.86,semi_arid,NASA_POWER_daily_ag,3.244,8.677,1.3642,dewpoint,761.7,27.075
2017-12-01,18.45,26.25,12.25,69.79,0.0,2.47,14.85,94.01,76.91,12.56,PNQ,18.52,73.86,semi_arid,NASA_POWER_daily_ag,2.952,7.621,1.4552,dewpoint,773.7,27.012
2017-12-02,19.89,26.3,14.52,78.31,0.0,2.76,15.82,94.05,33.15,15.8,PNQ,18.52,73.86,semi_arid,NASA_POWER_daily_ag,2.908,8.368,1.7952,dewpoint,769.3,26.951
2017-12-03,19.97,26.05,14.23,74.25,0.0,2.55,14.26,94.06,92.89,14.96,PNQ,18.52,73.86,semi_arid,NASA_POWER_daily_ag,2.909,7.629,1.701,dewpoint,768.2,26.893
2017-12-04,19.06,23.05,15.28,79.48,1.68,2.57,13.75,93.94,87.71,15.36,PNQ,18.52,73.86,semi_arid,NASA_POWER_daily_ag,2.55,7.512,1.7453,dewpoint,781.3,26.839
2017-12-05,21.24,26.02,17.57,88.01,15.12,3.93,5.97,93.64,98.26,19.05,PNQ,18.52,73.86,semi_arid,NASA_POWER_daily_ag,1.72,4.388,2.2043,dewpoint,814.0,26.788
2017-12-06,21.25,25.64,18.24,89.62,1.02,2.62,10.22,93.79,78.35,19.37,PNQ,18.52,73.86,semi_arid,NASA_POWER_daily_ag,1.967,6.303,2.2486,dewpoint,797.6,26.74
2017-12-07,20.98,26.15,17.22,86.62,0.01,0.91,16.05,93.95,24.05,18.57,PNQ,18.52,73.86,semi_arid,NASA_POWER_daily_ag,2.592,8.795,2.1391,dewpoint,780.2,26.695
2017-12-08,21.39,27.3,16.35,73.66,0.0,1.55,15.43,94.03,21.47,15.88,PNQ,18.52,73.86,semi_arid,NASA_POWER_daily_ag,2.922,8.088,1.8044,dewpoint,771.5,26.653
2017-12-09,20.96,27.39,15.01,72.08,0.0,1.67,14.96,94.07,19.67,15.37,PNQ,18.52,73.86,semi_arid,NASA_POWER_daily_ag,2.887,7.85,1.7464,dewpoint,767.1,26.615
2017-12-10,20.67,26.84,14.78,71.5,0.0,1.76,15.43,94.15,16.28,14.91,PNQ,18.52,73.86,semi_arid,NASA_POWER_daily_ag,2.954,7.978,1.6955,dewpoint,758.4,26.58
2017-12-11,19.6,26.62,14.29,78.45,0.0,1.4,14.14,94.23,24.65,15.41,PNQ,18.52,73.86,semi_arid,NASA_POWER_daily_ag,2.475,7.552,1.7509,dewpoint,749.7,26.548
2017-12-12,18.56,25.61,14.25,83.14,0.0,1.11,17.19,94.26,4.31,15.35,PNQ,18.52,73.86,semi_arid,NASA_POWER_daily_ag,2.559,8.771,1.7442,dewpoint,746.5,26.52
2017-12-13,17.99,25.14,13.1,85.23,0.0,1.35,17.41,94.28,5.83,15.36,PNQ,18.52,73.86,semi_arid,NASA_POWER_daily_ag,2.506,8.902,1.7453,dewpoint,744.3,26.495
2017-12-14,18.41,25.8,13.15,81.75,0.0,1.11,17.64,94.29,14.75,14.97,PNQ,18.52,73.86,semi_arid,NASA_POWER_daily_ag,2.607,8.896,1.7021,dewpoint,743.2,26.474
2017-12-15,20.24,26.94,14.0,75.02,0.0,1.44,14.73,94.33,27.38,15.31,PNQ,18.52,73.86,semi_arid,NASA_POWER_daily_ag,2.663,7.749,1.7397,dewpoint,738.9,26.456
2017-12-16,20.13,27.11,15.42,72.25,0.0,2.1,15.91,94.44,15.39,14.64,PNQ,18.52,73.86,semi_arid,NASA_POWER_daily_ag,2.996,8.059,1.6662,dewpoint,726.9,26.441
2017-12-17,18.99,26.17,13.53,66.82,0.0,2.63,14.58,94.52,57.63,12.31,PNQ,18.52,73.86,semi_arid,NASA_POWER_daily_ag,3.12,7.324,1.4315,dewpoint,718.3,26.43
2017-12-18,18.49,25.34,13.72,69.75,0.0,2.73,12.01,94.55,89.71,12.56,PNQ,18.52,73.86,semi_arid,NASA_POWER_daily_ag,2.781,6.453,1.4552,dewpoint,715.0,26.422
2017-12-19,17.95,25.18,12.78,59.37,0.0,2.68,16.57,94.5,39.71,9.21,PNQ,18.52,73.86,semi_arid,NASA_POWER_daily_ag,3.48,7.633,1.1644,dewpoint,720.4,26.418
2017-12-20,17.45,26.59,10.6,52.59,0.0,2.56,16.81,94.49,59.31,7.02,PNQ,18.52,73.86,semi_arid,NASA_POWER_daily_ag,3.595,7.427,1.0032,dewpoint,721.5,26.417
2017-12-21,17.31,26.27,10.59,54.51,0.0,2.76,17.24,94.52,38.34,7.45,PNQ,18.52,73.86,semi_arid,NASA_POWER_daily_ag,3.63,7.627,1.0332,dewpoint,718.3,26.42
2017-12-22,16.91,23.45,12.82,58.76,0.0,2.63,15.48,94.38,36.91,8.45,PNQ,18.52,73.86,semi_arid,NASA_POWER_daily_ag,3.245,7.254,1.1061,dewpoint,733.5,26.426
2017-12-23,18.57,25.73,12.97,53.85,0.0,2.25,16.66,94.21,13.39,8.67,PNQ,18.52,73.86,semi_arid,NASA_POWER_daily_ag,3.501,7.57,1.1227,dewpoint,751.9,26.435
2017-12-24,18.65,27.01,10.68,55.48,0.0,1.51,16.49,94.16,4.3,9.0,PNQ,18.52,73.86,semi_arid,NASA_POWER_daily_ag,3.093,7.594,1.1481,dewpoint,757.4,26.448
2017-12-25,18.58,27.08,11.79,57.34,0.0,1.56,16.54,94.25,8.07,9.35,PNQ,18.52,73.86,semi_arid,NASA_POWER_daily_ag,3.079,7.622,1.1755,dewpoint,747.6,26.465
2017-12-26,16.87,25.81,10.4,57.19,0.0,2.56,16.42,94.32,1.81,7.79,PNQ,18.52,73.86,semi_arid,NASA_POWER_daily_ag,3.355,7.473,1.0575,dewpoint,740.0,26.485
2017-12-27,17.22,25.95,9.97,53.9,0.0,2.11,16.43,94.27,10.68,7.21,PNQ,18.52,73.86,semi_arid,NASA_POWER_daily_ag,3.299,7.418,1.0164,dewpoint,745.4,26.508
2017-12-28,17.36,26.04,9.87,48.26,0.0,2.3,18.19,94.18,13.06,5.73,PNQ,18.52,73.86,semi_arid,NASA_POWER_daily_ag,3.678,7.746,0.9178,dewpoint,755.2,26.535
2017-12-29,18.39,26.27,9.52,48.06,0.0,1.46,16.59,94.22,7.82,6.7,PNQ,18.52,73.86,semi_arid,NASA_POWER_daily_ag,3.189,7.421,0.9814,dewpoint,750.8,26.565
2017-12-30,18.9,26.17,11.43,49.44,0.0,1.23,17.6,94.18,7.23,7.61,PNQ,18.52,73.86,semi_arid,NASA_POWER_daily_ag,3.127,7.795,1.0446,dewpoint,755.2,26.598
2017-12-31,18.36,26.13,11.15,57.72,0.0,1.38,17.55,94.08,4.97,9.32,PNQ,18.52,73.86,semi_arid,NASA_POWER_daily_ag,3.055,8.053,1.1731,dewpoint,766.1,26.635
2018-01-01,17.79,26.01,11.47,62.4,0.0,1.33,17.8,93.93,1.18,9.91,PNQ,18.52,73.86,semi_arid,NASA_POWER_daily_ag,2.926,8.233,1.2206,dewpoint,782.4,26.675
2018-01-02,17.7,26.04,10.3,61.28,0.0,1.39,17.28,93.92,4.15,9.51,PNQ,18.52,73.86,semi_arid,NASA_POWER_daily_ag,2.934,8.052,1.1882,dewpoint,783.5,26.719
2018-01-03,17.98,26.48,10.71,61.77,0.0,1.78,16.56,94.07,7.83,9.81,PNQ,18.52,73.86,semi_arid,NASA_POWER_daily_ag,3.072,7.835,1.2124,dewpoint,767.1,26.766
2018-01-04,18.54,26.42,11.53,60.74,0.0,1.15,15.47,94.13,7.15,10.16,PNQ,18.52,73.86,semi_arid,NASA_POWER_daily_ag,2.755,7.506,1.2412,dewpoint,760.6,26.816
2018-01-05,18.03,26.18,11.27,63.35,0.0,1.27,15.51,94.05,4.0,10.34,PNQ,18.52,73.86,semi_arid,NASA_POWER_daily_ag,2.737,7.572,1.2562,dewpoint,769.3,26.869
2018-01-06,17.38,25.58,11.37,61.9,0.0,1.37,15.47,94.01,4.71,9.43,PNQ,18.52,73.86,semi_arid,NASA_POWER_daily_ag,2.745,7.478,1.1818,dewpoint,773.7,26.926
2018-01-07,17.04,24.84,10.48,61.79,0.0,1.22,16.97,94.08,3.7,9.07,PNQ,18.52,73.86,semi_arid,NASA_POWER_daily_ag,2.782,7.999,1.1535,dewpoint,766.1,26.986
2018-01-08,17.82,25.9,10.26,60.65,0.0,1.43,15.81,94.11,5.95,9.45,PNQ,18.52,73.86,semi_arid,NASA_POWER_daily_ag,2.881,7.644,1.1834,dewpoint,762.8,27.049
2018-01-09,17.56,25.37,11.0,64.34,0.0,2.1,14.97,94.3,2.72,10.22,PNQ,18.52,73.86,semi_arid,NASA_POWER_daily_ag,2.973,7.459,1.2462,dewpoint,742.1,27.115
2018-01-10,18.79,26.61,12.11,62.44,0.0,2.34,15.04,94.35,3.14,11.04,PNQ,18.52,73.86,semi_arid,NASA_POWER_daily_ag,3.233,7.53,1.3162,dewpoint,736.7,27.184
2018-01-11,20.77,28.34,13.66,60.19,0.0,1.93,16.46,94.3,1.57,12.39,PNQ,18.52,73.86,semi_arid,NASA_POWER_daily_ag,3.44,8.135,1.439,dewpoint,742.1,27.256
2018-01-12,21.52,28.38,15.07,59.77,0.0,2.09,15.24,94.24,10.92,12.8,PNQ,18.52,73.86,semi_arid,NASA_POWER_daily_ag,3.525,7.732,1.4783,dewpoint,748.7,27.331
2018-01-13,21.85,28.96,15.14,58.56,0.0,1.88,13.66,94.2,23.84,12.75,PNQ,18.52,73.86,semi_arid,NASA_POWER_daily_ag,3.347,7.155,1.4735,dewpoint,753.0,27.409
2018-01-14,22.16,29.57,15.08,57.07,0.0,1.57,13.59,94.24,17.3,12.59,PNQ,18.52,73.86,semi_arid,NASA_POWER_daily_ag,3.229,7.114,1.4581,dewpoint,748.7,27.49
2018-01-15,22.72,29.75,16.33,63.38,0.0,1.54,14.57,94.26,13.3,14.84,PNQ,18.52,73.86,semi_arid,NASA_POWER_daily_ag,3.209,7.732,1.6879,dewpoint,746.5,27.573
2018-01-16,22.18,29.09,15.92,60.43,0.0,1.64,14.88,94.14,24.84,13.53,PNQ,18.52,73.86,semi_arid,NASA_POWER_daily_ag,3.322,7.728,1.5505,dewpoint,759.5,27.66
2018-01-17,21.7,28.93,16.53,56.19,0.0,1.33,18.62,94.1,4.44,11.88,PNQ,18.52,73.86,semi_arid,NASA_POWER_daily_ag,3.521,8.844,1.3915,dewpoint,763.9,27.749
2018-01-18,20.68,28.56,13.03,54.36,0.0,1.5,19.01,94.18,1.45,10.2,PNQ,18.52,73.86,semi_arid,NASA_POWER_daily_ag,3.623,8.861,1.2445,dewpoint,755.2,27.841
2018-01-19,20.4,28.07,12.76,52.93,0.0,1.31,18.7,94.21,2.33,9.68,PNQ,18.52,73.86,semi_arid,NASA_POWER_daily_ag,3.471,8.729,1.2019,dewpoint,751.9,27.936
2018-01-20,20.57,27.85,12.03,43.41,0.0,1.66,18.95,94.18,10.92,6.67,PNQ,18.52,73.86,semi_arid,NASA_POWER_daily_ag,3.934,8.421,0.9794,dewpoint,755.2,28.033
2018-01-21,20.64,28.23,11.65,41.33,0.0,1.34,19.59,94.06,2.07,5.98,PNQ,18.52,73.86,semi_arid,NASA_POWER_daily_ag,3.768,8.547,0.9338,dewpoint,768.2,28.132
2018-01-22,19.77,28.24,11.89,49.3,0.0,1.5,18.58,93.91,0.78,7.78,PNQ,18.52,73.86,semi_arid,NASA_POWER_daily_ag,3.61,8.521,1.0568,dewpoint,784.6,28.234
2018-01-23,18.36,26.61,12.77,69.02,10.23,1.5,18.48,93.95,5.26,11.85,PNQ,18.52,73.86,semi_arid,NASA_POWER_daily_ag,3.106,9.164,1.3888,dewpoint,780.2,28.339
2018-01-24,17.39,26.11,9.99,67.95,0.0,1.27,19.96,94.01,2.83,10.28,PNQ,18.52,73.86,semi_arid,NASA_POWER_daily_ag,3.128,9.603,1.2512,dewpoint,773.7,28.445
2018-01-25,17.8,26.93,9.49,53.74,0.0,1.43,20.15,93.96,5.2,7.28,PNQ,18.52,73.86,semi_arid,NASA_POWER_daily_ag,3.451,9.208,1.0213,dewpoint,779.1,28.554
2018-01-26,18.2,27.18,9.74,46.09,0.0,1.67,19.01,93.98,5.07,4.97,PNQ,18.52,73.86,semi_arid,NASA_POWER_daily_ag,3.707,8.521,0.8705,dewpoint,776.9,28.666
2018-01-27,18.11,27.44,9.65,47.55,0.0,1.41,19.54,93.97,13.66,5.4,PNQ,18.52,73.86,semi_arid,NASA_POWER_daily_ag,3.538,8.772,0.897,dewpoint,778.0,28.779
2018-01-28,18.44,28.07,10.03,52.14,0.0,1.32,18.48,94.05,4.87,6.98,PNQ,18.52,73.86,semi_arid,NASA_POWER_daily_ag,3.374,8.636,1.0005,dewpoint,769.3,28.894
2018-01-29,19.26,28.69,10.62,48.18,0.0,1.85,18.62,94.2,2.34,6.75,PNQ,18.52,73.86,semi_arid,NASA_POWER_daily_ag,3.88,8.634,0.9848,dewpoint,753.0,29.011
2018-01-30,19.19,28.8,11.49,43.86,0.0,2.48,19.13,94.27,4.91,5.47,PNQ,18.52,73.86,semi_arid,NASA_POWER_daily_ag,4.409,8.619,0.9013,dewpoint,745.4,29.131
2018-01-31,20.37,29.51,11.6,37.9,0.0,2.06,20.45,94.29,3.52,4.39,PNQ,18.52,73.86,semi_arid,NASA_POWER_daily_ag,4.527,8.87,0.8359,dewpoint,743.2,29.252
2018-02-01,20.85,29.88,11.45,36.66,0.0,1.47,21.37,94.25,4.36,4.15,PNQ,18.52,73.86,semi_arid,NASA_POWER_daily_ag,4.189,9.14,0.8219,dewpoint,747.6,29.374
2018-02-02,20.78,30.43,11.92,39.93,0.0,1.24,20.9,94.1,2.58,4.9,PNQ,18.52,73.86,semi_arid,NASA_POWER_daily_ag,3.911,9.108,0.8662,dewpoint,763.9,29.499
2018-02-03,20.88,30.08,12.26,44.46,0.0,1.31,20.51,94.08,3.25,6.78,PNQ,18.52,73.86,semi_arid,NASA_POWER_daily_ag,3.917,9.316,0.9868,dewpoint,766.1,29.625
2018-02-04,22.21,30.81,14.18,41.17,0.0,1.05,19.82,94.07,3.33,7.17,PNQ,18.52,73.86,semi_arid,NASA_POWER_daily_ag,3.78,9.08,1.0136,dewpoint,767.1,29.752
2018-02-05,22.45,30.69,14.88,40.67,0.0,1.43,19.31,94.23,49.32,7.44,PNQ,18.52,73.86,semi_arid,NASA_POWER_daily_ag,4.12,8.965,1.0325,dewpoint,749.7,29.881
2018-02-06,20.98,28.41,14.75,44.84,0.0,1.54,16.04,94.28,94.69,7.74,PNQ,18.52,73.86,semi_arid,NASA_POWER_daily_ag,3.718,8.028,1.0539,dewpoint,744.3,30.011
2018-02-07,21.26,28.2,16.53,51.71,0.0,1.7,12.78,94.2,89.95,9.94,PNQ,18.52,73.86,semi_arid,NASA_POWER_daily_ag,3.436,7.077,1.223,dewpoint,753.0,30.143
2018-02-08,20.52,28.86,14.72,63.01,0.0,1.62,21.34,94.13,2.07,11.75,PNQ,18.52,73.86,semi_arid,NASA_POWER_daily_ag,3.924,10.591,1.3796,dewpoint,760.6,30.276
2018-02-09,20.68,28.79,14.04,50.06,0.0,1.73,20.76,94.12,47.84,8.64,PNQ,18.52,73.86,semi_arid,NASA_POWER_daily_ag,4.186,9.912,1.1204,dewpoint,761.7,30.41
2018-02-10,21.97,29.31,17.74,44.68,0.0,1.43,17.59,94.17,64.58,8.32,PNQ,18.52,73.86,semi_arid,NASA_POWER_daily_ag,3.893,8.639,1.0964,dewpoint,756.3,30.545
2018-02-11,20.89,29.99,14.61,57.59,0.0,2.11,19.32,94.15,12.02,10.97,PNQ,18.52,73.86,semi_arid,NASA_POWER_daily_ag,4.137,9.744,1.3101,dewpoint,758.4,30.681
2018-02-12,19.63,28.35,12.87,67.98,0.0,1.7,21.89,94.37,5.74,12.33,PNQ,18.52,73.86,semi_arid,NASA_POWER_daily_ag,3.837,11.141,1.4334,dewpoint,734.5,30.817
2018-02-13,20.14,30.11,13.01,52.78,0.0,1.37,22.71,94.47,0.96,8.57,PNQ,18.52,73.86,semi_arid,NASA_POWER_daily_ag,4.065,10.731,1.1151,dewpoint,723.7,30.955
2018-02-14,21.86,30.91,13.65,52.43,0.0,2.82,19.13,94.5,11.82,11.11,PNQ,18.52,73.86,semi_arid,NASA_POWER_daily_ag,4.737,9.78,1.3223,dewpoint,720.4,31.093
2018-02-15,23.16,30.89,16.52,54.37,0.0,2.76,19.29,94.56,11.6,12.69,PNQ,18.52,73.86,semi_arid,NASA_POWER_daily_ag,4.853,10.029,1.4677,dewpoint,713.9,31.232
2018-02-16,22.57,31.43,15.47,50.43,0.0,1.81,19.12,94.49,4.14,10.68,PNQ,18.52,73.86,semi_arid,NASA_POWER_daily_ag,4.337,9.703,1.2851,dewpoint,721.5,31.372
2018-02-17,22.61,32.54,14.6,44.59,0.0,1.52,21.13,94.15,0.95,8.49,PNQ,18.52,73.86,semi_arid,NASA_POWER_daily_ag,4.446,10.139,1.1091,dewpoint,758.4,31.512
2018-02-18,22.74,32.89,14.22,39.95,0.0,1.47,21.89,94.0,1.17,6.81,PNQ,18.52,73.86,semi_arid,NASA_POWER_daily_ag,4.565,10.18,0.9889,dewpoint,774.8,31.652
2018-02-19,23.28,32.95,15.4,40.74,0.0,1.33,21.15,94.02,13.98,7.6,PNQ,18.52,73.86,semi_arid,NASA_POWER_daily_ag,4.423,10.039,1.0439,dewpoint,772.6,31.792
2018-02-20,23.43,33.29,15.54,43.06,0.0,1.45,21.17,94.03,2.66,8.33,PNQ,18.52,73.86,semi_arid,NASA_POWER_daily_ag,4.542,10.178,1.0971,dewpoint,771.5,31.933
2018-02-21,23.68,33.12,15.34,41.74,0.0,1.37,21.17,93.93,0.58,8.32,PNQ,18.52,73.86,semi_arid,NASA_POWER_daily_ag,4.522,10.233,1.0964,dewpoint,782.4,32.074
2018-02-22,24.38,33.37,16.57,42.82,0.0,1.31,20.52,93.9,2.02,9.6,PNQ,18.52,73.86,semi_arid,NASA_POWER_daily_ag,4.464,10.177,1.1954,dewpoint,785.7,32.215
2018-02-23,25.04,33.78,17.81,43.97,0.0,1.38,19.47,93.94,5.99,10.68,PNQ,18.52,73.86,semi_arid,NASA_POWER_daily_ag,4.477,9.922,1.2851,dewpoint,781.3,32.356
2018-02-24,25.32,34.01,17.62,42.07,0.0,1.54,19.81,94.08,12.79,10.19,PNQ,18.52,73.86,semi_arid,NASA_POWER_daily_ag,4.736,10.006,1.2437,dewpoint,766.1,32.497
2018-02-25,25.64,33.87,16.9,34.98,0.0,1.97,22.64,94.16,4.42,7.59,PNQ,18.52,73.86,semi_arid,NASA_POWER_daily_ag,5.629,10.694,1.0432,dewpoint,757.4,32.638
2018-02-26,25.3,34.62,16.74,35.99,0.0,1.45,22.9,94.12,0.77,6.97,PNQ,18.52,73.86,semi_arid,NASA_POWER_daily_ag,5.07,10.693,0.9998,dewpoint,761.7,32.778
2018-02-27,25.92,34.95,17.32,35.51,0.0,1.99,21.89,94.02,2.36,7.76,PNQ,18.52,73.86,semi_arid,NASA_POWER_daily_ag,5.627,10.472,1.0554,dewpoint,772.6,32.918
2018-02-28,26.06,35.11,17.11,33.97,0.0,1.93,22.42,94.0,1.27,7.37,PNQ,18.52,73.86,semi_arid,NASA_POWER_daily_ag,5.668,10.636,1.0276,dewpoint,774.8,33.057
2018-03-01,26.28,34.65,20.04,36.41,0.0,0.79,21.49,93.96,5.25,8.42,PNQ,18.52,73.86,semi_arid,NASA_POWER_daily_ag,4.275,10.421,1.1038,dewpoint,779.1,33.196
2018-03-02,26.27,34.88,19.39,38.84,0.0,0.98,21.52,93.93,1.19,9.35,PNQ,18.52,73.86,semi_arid,NASA_POWER_daily_ag,4.517,10.631,1.1755,dewpoint,782.4,33.335
2018-03-03,26.24,34.51,20.82,36.44,0.0,1.51,21.04,93.9,5.18,8.72,PNQ,18.52,73.86,semi_arid,NASA_POWER_daily_ag,5.064,10.355,1.1265,dewpoint,785.7,33.473
2018-03-04,25.01,33.78,18.63,47.53,0.0,1.52,21.38,93.87,12.78,11.31,PNQ,18.52,73.86,semi_arid,NASA_POWER_daily_ag,4.848,11.036,1.34,dewpoint,788.9,33.61
2018-03-05,25.21,34.86,17.6,41.98,0.0,1.71,21.87,93.96,6.64,9.59,PNQ,18.52,73.86,semi_arid,NASA_POWER_daily_ag,5.191,10.971,1.1946,dewpoint,779.1,33.746
2018-03-06,26.03,35.88,17.2,37.86,0.0,1.78,20.96,93.98,21.67,8.57,PNQ,18.52,73.86,semi_arid,NASA_POWER_daily_ag,5.361,10.475,1.1151,dewpoint,776.9,33.882
2018-03-07,26.36,35.93,18.67,39.73,0.0,2.43,20.9,93.93,14.19,9.41,PNQ,18.52,73.86,semi_arid,NASA_POWER_daily_ag,6.005,10.56,1.1802,dewpoint,782.4,34.016
2018-03-08,25.77,35.49,18.45,45.18,0.0,1.45,21.03,93.99,29.8,10.73,PNQ,18.52,73.86,semi_arid,NASA_POWER_daily_ag,4.915,10.867,1.2893,dewpoint,775.8,34.15
2018-03-09,26.29,36.1,17.78,43.85,0.0,1.7,21.65,93.99,17.75,10.38,PNQ,18.52,73.86,semi_arid,NASA_POWER_daily_ag,5.336,11.085,1.2596,dewpoint,775.8,34.282
2018-03-10,26.71,36.13,19.29,37.51,0.0,2.02,21.14,94.02,26.16,9.01,PNQ,18.52,73.86,semi_arid,NASA_POWER_daily_ag,5.744,10.655,1.1488,dewpoint,772.6,34.413
2018-03-11,27.3,36.27,19.86,32.89,0.0,2.29,20.39,94.02,24.6,8.26,PNQ,18.52,73.86,semi_arid,NASA_POWER_daily_ag,6.115,10.273,1.0919,dewpoint,772.6,34.543
2018-03-12,27.84,36.13,20.98,29.76,0.0,2.18,21.37,94.06,18.47,7.52,PNQ,18.52,73.86,semi_arid,NASA_POWER_daily_ag,6.238,10.522,1.0382,dewpoint,768.2,34.672
2018-03-13,27.49,36.3,19.95,35.04,0.0,1.95,20.39,94.02,33.88,9.54,PNQ,18.52,73.86,semi_arid,NASA_POWER_daily_ag,5.73,10.508,1.1906,dewpoint,772.6,34.8
2018-03-14,27.06,36.31,20.18,27.3,0.0,1.99,20.22,93.95,44.67,5.58,PNQ,18.52,73.86,semi_arid,NASA_POWER_daily_ag,5.869,9.938,0.9083,dewpoint,780.2,34.926
2018-03-15,26.34,32.3,22.08,31.46,0.02,0.94,6.95,93.98,97.32,7.18,PNQ,18.52,73.86,semi_arid,NASA_POWER_daily_ag,3.05,5.354,1.0143,dewpoint,776.9,35.051
2018-03-16,26.23,32.59,20.99,42.09,0.05,1.14,14.22,93.91,78.94,11.68,PNQ,18.52,73.86,semi_arid,NASA_POWER_daily_ag,3.912,8.41,1.3732,dewpoint,784.6,35.174
2018-03-17,26.55,32.66,21.01,47.02,0.0,1.07,20.84,93.91,33.75,13.67,PNQ,18.52,73.86,semi_arid,NASA_POWER_daily_ag,4.638,11.512,1.5647,dewpoint,784.6,35.296
2018-03-18,26.84,33.86,21.34,48.07,0.85,1.84,18.58,93.97,42.45,14.05,PNQ,18.52,73.86,semi_arid,NASA_POWER_daily_ag,5.041,10.543,1.6038,dewpoint,778.0,35.416
2018-03-19,26.36,35.24,19.84,46.51,0.39,1.86,24.04,94.13,10.74,12.34,PNQ,18.52,73.86,semi_arid,NASA_POWER_daily_ag,5.73,12.661,1.4343,dewpoint,760.6,35.534
2018-03-20,25.13,34.64,17.65,46.64,0.0,2.32,25.07,94.08,3.27,11.24,PNQ,18.52,73.86,semi_arid,NASA_POWER_daily_ag,6.042,13.026,1.3338,dewpoint,766.1,35.651
2018-03-21,24.17,34.19,16.28,50.69,0.0,2.44,26.31,94.03,1.18,10.62,PNQ,18.52,73.86,semi_arid,NASA_POWER_daily_ag,6.097,13.534,1.2799,dewpoint,771.5,35.766
2018-03-22,23.13,33.53,14.59,48.58,0.0,2.39,27.21,93.95,1.13,8.26,PNQ,18.52,73.86,semi_arid,NASA_POWER_daily_ag,6.113,13.59,1.0919,dewpoint,780.2,35.88
2018-03-23,23.26,33.47,14.8,45.48,0.0,1.63,27.06,93.92,11.33,7.82,PNQ,18.52,73.86,semi_arid,NASA_POWER_daily_ag,5.576,13.473,1.0597,dewpoint,783.5,35.991
2018-03-24,26.42,36.74,16.75,31.49,0.0,1.92,26.38,94.02,11.26,5.92,PNQ,18.52,73.86,semi_arid,NASA_POWER_daily_ag,6.378,12.629,0.9299,dewpoint,772.6,36.101
2018-03-25,27.85,36.6,18.8,24.34,0.0,2.28,25.67,94.14,5.73,3.86,PNQ,18.52,73.86,semi_arid,NASA_POWER_daily_ag,7.048,11.968,0.8053,dewpoint,759.5,36.209
2018-03-26,28.95,38.22,20.53,24.62,0.0,2.42,24.08,94.15,9.72,5.3,PNQ,18.52,73.86,semi_arid,NASA_POWER_daily_ag,7.204,11.505,0.8907,dewpoint,758.4,36.315
2018-03-27,29.19,38.0,22.77,29.61,0.0,1.91,24.4,94.03,3.73,7.69,PNQ,18.52,73.86,semi_arid,NASA_POWER_daily_ag,6.553,11.959,1.0503,dewpoint,771.5,36.419
2018-03-28,27.84,37.43,20.7,36.98,0.0,2.0,25.59,93.99,19.97,8.79,PNQ,18.52,73.86,semi_arid,NASA_POWER_daily_ag,6.535,12.751,1.1319,dewpoint,775.8,36.521
2018-03-29,27.68,38.49,20.39,39.17,0.0,2.2,25.78,93.96,28.79,8.97,PNQ,18.52,73.86,semi_arid,NASA_POWER_daily_ag,6.723,12.846,1.1457,dewpoint,779.1,36.621
2018-03-30,26.93,38.63,17.9,46.5,0.0,2.28,26.06,93.88,42.2,10.49,PNQ,18.52,73.86,semi_arid,NASA_POWER_daily_ag,6.614,13.37,1.2689,dewpoint,787.8,36.719
2018-03-31,26.43,36.27,18.43,54.19,0.0,2.09,24.79,93.85,38.7,13.16,PNQ,18.52,73.86,semi_arid,NASA_POWER_daily_ag,6.043,13.444,1.5135,dewpoint,791.1,36.815
2018-04-01,27.63,38.81,18.11,46.34,0.0,2.06,26.57,93.78,3.95,10.57,PNQ,18.52,73.86,semi_arid,NASA_POWER_daily_ag,6.624,13.63,1.2757,dewpoint,798.7,36.909
2018-04-02,28.2,38.9,19.25,37.09,0.0,2.26,25.45,93.86,8.85,8.51,PNQ,18.52,73.86,semi_arid,NASA_POWER_daily_ag,6.917,12.762,1.1106,dewpoint,790.0,37.001
2018-04-03,28.16,39.27,18.22,40.36,0.0,1.78,25.15,93.85,1.72,8.93,PNQ,18.52,73.86,semi_arid,NASA_POWER_daily_ag,6.343,12.764,1.1426,dewpoint,791.1,37.091
2018-04-04,28.92,39.51,20.03,32.55,0.0,1.99,24.86,93.7,1.2,7.48,PNQ,18.52,73.86,semi_arid,NASA_POWER_daily_ag,6.723,12.345,1.0354,dewpoint,807.5,37.178
2018-04-05,28.94,38.96,20.71,40.43,0.0,2.23,24.45,93.62,10.99,11.31,PNQ,18.52,73.86,semi_arid,NASA_POWER_daily_ag,6.787,12.869,1.34,dewpoint,816.2,37.264
2018-04-06,27.53,35.39,20.73,42.92,0.0,1.87,18.27,93.74,67.55,10.97,PNQ,18.52,73.86,semi_arid,NASA_POWER_daily_ag,5.469,10.339,1.3101,dewpoint,803.1,37.348
2018-04-07,28.75,38.75,19.98,37.91,0.0,1.54,23.6,93.84,13.7,10.36,PNQ,18.52,73.86,semi_arid,NASA_POWER_daily_ag,5.96,12.417,1.2579,dewpoint,792.2,37.429
2018-04-08,28.57,37.67,20.69,37.17,0.13,1.92,25.25,93.91,11.35,10.64,PNQ,18.52,73.86,semi_arid,NASA_POWER_daily_ag,6.546,13.19,1.2816,dewpoint,784.6,37.508
2018-04-09,29.05,38.16,21.22,27.05,0.0,1.53,24.52,93.91,18.93,6.57,PNQ,18.52,73.86,semi_arid,NASA_POWER_daily_ag,6.179,12.185,0.9727,dewpoint,784.6,37.586
2018-04-10,29.57,38.29,22.31,27.75,0.0,1.47,25.4,93.83,7.47,7.22,PNQ,18.52,73.86,semi_arid,NASA_POWER_daily_ag,6.257,12.595,1.0171,dewpoint,793.3,37.661
2018-04-11,29.15,37.9,23.07,34.15,0.0,1.51,24.19,93.83,10.06,9.95,PNQ,18.52,73.86,semi_arid,NASA_POWER_daily_ag,6.068,12.586,1.2239,dewpoint,793.3,37.734
2018-04-12,28.68,38.3,21.67,38.15,0.0,2.0,26.15,93.79,6.63,10.76,PNQ,18.52,73.86,semi_arid,NASA_POWER_daily_ag,6.754,13.597,1.2919,dewpoint,797.6,37.805
2018-04-13,28.91,38.77,19.87,41.69,0.0,2.07,26.59,93.8,2.64,11.51,PNQ,18.52,73.86,semi_arid,NASA_POWER_daily_ag,6.911,13.995,1.3579,dewpoint,796.6,37.874
2018-04-14,29.48,38.89,21.33,39.93,0.0,2.39,25.43,93.79,8.01,12.02,PNQ,18.52,73.86,semi_arid,NASA_POWER_daily_ag,7.18,13.548,1.4044,dewpoint,797.6,37.941
2018-04-15,29.8,38.67,22.17,40.3,0.0,1.94,22.33,93.82,29.56,12.84,PNQ,18.52,73.86,semi_arid,NASA_POWER_daily_ag,6.352,12.331,1.4822,dewpoint,794.4,38.005
2018-04-16,31.13,39.99,22.13,44.66,0.01,1.89,24.03,93.9,31.73,15.55,PNQ,18.52,73.86,semi_arid,NASA_POWER_daily_ag,6.629,13.546,1.7667,dewpoint,785.7,38.068
2018-04-17,32.16,39.96,25.06,40.01,0.35,1.85,19.76,93.97,58.16,15.55,PNQ,18.52,73.86,semi_arid,NASA_POWER_daily_ag,6.18,11.487,1.7667,dewpoint,778.0,38.128
2018-04-18,31.56,41.01,23.66,40.01,0.12,2.54,23.6,93.95,61.92,13.48,PNQ,18.52,73.86,semi_arid,NASA_POWER_daily_ag,7.472,12.904,1.5455,dewpoint,780.2,38.187
2018-04-19,30.78,40.08,23.24,34.55,0.0,2.72,24.94,93.76,45.62,10.79,PNQ,18.52,73.86,semi_arid,NASA_POWER_daily_ag,7.847,13.062,1.2945,dewpoint,800.9,38.244
2018-04-20,28.53,37.55,21.41,50.44,0.0,3.27,27.4,93.85,25.29,14.05,PNQ,18.52,73.86,semi_arid,NASA_POWER_daily_ag,7.765,14.974,1.6038,dewpoint,791.1,38.298
2018-04-21,28.98,38.58,20.13,44.87,0.0,2.94,27.97,93.84,1.99,12.78,PNQ,18.52,73.86,semi_arid,NASA_POWER_daily_ag,7.845,14.973,1.4764,dewpoint,792.2,38.351
2018-04-22,29.5,40.04,20.5,29.67,0.0,2.6,27.92,93.81,4.78,7.91,PNQ,18.52,73.86,semi_arid,NASA_POWER_daily_ag,7.945,13.885,1.0662,dewpoint,795.5,38.402
2018-04-23,29.26,40.2,19.92,37.52,0.0,2.47,28.0,93.85,13.06,9.83,PNQ,18.52,73.86,semi_arid,NASA_POWER_daily_ag,7.671,14.324,1.214,dewpoint,791.1,38.45
2018-04-24,29.16,39.99,19.74,36.7,0.0,2.44,28.27,93.85,2.08,8.08,PNQ,18.52,73.86,semi_arid,NASA_POWER_daily_ag,7.736,14.119,1.0786,dewpoint,791.1,38.497
2018-04-25,28.99,39.39,20.38,29.38,0.0,2.62,28.69,93.8,1.45,6.14,PNQ,18.52,73.86,semi_arid,NASA_POWER_daily_ag,8.03,13.93,0.9442,dewpoint,796.6,38.542
2018-04-26,28.21,39.17,18.85,43.99,0.0,2.41,27.96,93.74,2.4,10.19,PNQ,18.52,73.86,semi_arid,NASA_POWER_daily_ag,7.374,14.515,1.2437,dewpoint,803.1,38.585
2018-04-27,29.25,40.95,18.85,43.76,0.0,2.22,27.95,93.8,1.96,11.08,PNQ,18.52,73.86,semi_arid,NASA_POWER_daily_ag,7.354,14.609,1.3197,dewpoint,796.6,38.627
2018-04-28,30.02,41.3,20.16,47.41,0.0,2.62,25.84,93.86,9.13,13.63,PNQ,18.52,73.86,semi_arid,NASA_POWER_daily_ag,7.495,14.138,1.5606,dewpoint,790.0,38.666
2018-04-29,29.39,39.68,21.4,52.16,0.0,3.24,26.25,93.82,4.7,15.71,PNQ,18.52,73.86,semi_arid,NASA_POWER_daily_ag,7.668,14.789,1.7849,dewpoint,794.4,38.704
2018-04-30,28.7,38.71,21.07,51.98,0.0,3.47,27.38,93.76,5.86,14.48,PNQ,18.52,73.86,semi_arid,NASA_POWER_daily_ag,7.922,15.119,1.6491,dewpoint,800.9,38.74
2018-05-01,28.71,38.91,20.2,50.48,0.0,3.13,27.79,93.82,4.72,14.54,PNQ,18.52,73.86,semi_arid,NASA_POWER_daily_ag,7.731,15.353,1.6555,dewpoint,794.4,38.775
2018-05-02,28.37,39.93,19.03,51.13,0.0,3.04,27.78,93.79,1.55,13.88,PNQ,18.52,73.86,semi_arid,NASA_POWER_daily_ag,7.634,15.209,1.5862,dewpoint,797.6,38.808
2018-05-03,28.91,39.85,19.31,49.63,0.0,2.64,26.89,93.79,16.03,13.34,PNQ,18.52,73.86,semi_arid,NASA_POWER_daily_ag,7.412,14.687,1.5314,dewpoint,797.6,38.839
2018-05-04,30.02,40.61,21.96,38.4,0.0,2.16,26.84,93.8,35.78,11.22,PNQ,18.52,73.86,semi_arid,NASA_POWER_daily_ag,7.304,14.114,1.332,dewpoint,796.6,38.869
2018-05-05,29.67,39.1,22.31,43.84,0.0,2.46,26.04,93.85,22.72,13.28,PNQ,18.52,73.86,semi_arid,NASA_POWER_daily_ag,7.327,14.226,1.5254,dewpoint,791.1,38.897
2018-05-06,30.13,40.97,22.62,44.59,0.01,2.54,25.95,93.88,7.38,13.66,PNQ,18.52,73.86,semi_arid,NASA_POWER_daily_ag,7.455,14.178,1.5637,dewpoint,787.8,38.924
2018-05-07,29.46,38.2,23.17,47.12,0.01,3.31,25.53,93.88,15.94,14.39,PNQ,18.52,73.86,semi_arid,NASA_POWER_daily_ag,7.837,14.227,1.6395,dewpoint,787.8,38.949
2018-05-08,29.06,38.61,20.14,46.76,0.0,2.95,26.66,93.78,5.16,13.24,PNQ,18.52,73.86,semi_arid,NASA_POWER_daily_ag,7.712,14.615,1.5214,dewpoint,798.7,38.973
2018-05-09,30.03,40.28,20.5,47.41,0.0,2.86,27.19,93.75,1.57,14.08,PNQ,18.52,73.86,semi_arid,NASA_POWER_daily_ag,7.872,14.953,1.6069,dewpoint,802.0,38.995
2018-05-10,30.91,40.59,22.56,42.37,0.04,2.14,25.62,93.87,20.88,13.73,PNQ,18.52,73.86,semi_arid,NASA_POWER_daily_ag,7.199,14.08,1.5708,dewpoint,788.9,39.016
2018-05-11,30.08,39.3,23.39,51.07,0.05,3.32,26.09,93.84,17.78,16.32,PNQ,18.52,73.86,semi_arid,NASA_POWER_daily_ag,7.852,14.857,1.8558,dewpoint,792.2,39.036
2018-05-12,27.9,34.3,22.94,56.27,0.01,3.07,26.02,93.86,6.9,16.74,PNQ,18.52,73.86,semi_arid,NASA_POWER_daily_ag,6.957,15.106,1.906,dewpoint,790.0,39.055
2018-05-13,29.14,38.25,21.47,55.48,0.42,2.76,24.62,93.81,14.73,17.41,PNQ,18.52,73.86,semi_arid,NASA_POWER_daily_ag,6.852,14.454,1.9887,dewpoint,795.5,39.072
2018-05-14,29.64,38.47,22.73,53.31,0.73,3.18,25.97,93.79,12.54,17.24,PNQ,18.52,73.86,semi_arid,NASA_POWER_daily_ag,7.481,15.055,1.9674,dewpoint,797.6,39.089
2018-05-15,29.01,38.33,21.75,54.95,0.01,2.87,25.84,93.73,16.97,16.31,PNQ,18.52,73.86,semi_arid,NASA_POWER_daily_ag,7.187,14.834,1.8546,dewpoint,804.2,39.104
2018-05-16,29.76,39.26,22.21,53.89,0.07,2.94,24.31,93.64,18.43,17.16,PNQ,18.52,73.86,semi_arid,NASA_POWER_daily_ag,7.141,14.208,1.9575,dewpoint,814.0,39.118
2018-05-17,31.01,39.61,22.64,47.48,1.13,2.8,23.54,93.61,39.56,16.35,PNQ,18.52,73.86,semi_arid,NASA_POWER_daily_ag,7.382,13.657,1.8593,dewpoint,817.3,39.131
2018-05-18,29.81,38.39,23.36,52.17,1.12,3.53,24.28,93.65,38.74,16.75,PNQ,18.52,73.86,semi_arid,NASA_POWER_daily_ag,7.629,14.115,1.9072,dewpoint,812.9,39.143
2018-05-19,29.28,37.7,22.98,52.25,0.01,3.1,25.63,93.6,17.91,16.1,PNQ,18.52,73.86,semi_arid,NASA_POWER_daily_ag,7.43,14.685,1.8299,dewpoint,818.4,39.154
2018-05-20,29.09,38.7,22.04,54.54,0.01,3.43,25.4,93.65,37.88,16.15,PNQ,18.52,73.86,semi_arid,NASA_POWER_daily_ag,7.558,14.577,1.8358,dewpoint,812.9,39.164
2018-05-21,28.98,38.24,21.69,52.44,0.0,3.25,25.33,93.64,25.28,15.96,PNQ,18.52,73.86,semi_arid,NASA_POWER_daily_ag,7.426,14.534,1.8136,dewpoint,814.0,39.173
2018-05-22,28.79,36.98,22.35,49.45,0.0,3.06,22.23,93.7,69.97,14.82,PNQ,18.52,73.86,semi_arid,NASA_POWER_daily_ag,7.001,12.863,1.6857,dewpoint,807.5,39.181
2018-05-23,29.41,39.27,22.65,48.8,0.0,2.94,22.75,93.59,52.55,14.87,PNQ,18.52,73.86,semi_arid,NASA_POWER_daily_ag,7.124,13.042,1.6911,dewpoint,819.5,39.189
2018-05-24,28.59,36.97,22.82,57.59,0.01,3.69,17.48,93.56,82.84,17.68,PNQ,18.52,73.86,semi_arid,NASA_POWER_daily_ag,6.277,10.914,2.0228,dewpoint,822.7,39.195
2018-05-25,28.7,37.36,22.37,55.93,0.0,4.09,23.22,93.56,59.36,16.95,PNQ,18.52,73.86,semi_arid,NASA_POWER_daily_ag,7.422,13.696,1.9316,dewpoint,822.7,39.201
2018-05-26,30.36,39.48,23.12,54.83,0.01,3.56,25.5,93.44,16.24,17.98,PNQ,18.52,73.86,semi_arid,NASA_POWER_daily_ag,7.795,14.958,2.0614,dewpoint,835.9,39.207
2018-05-27,29.47,37.22,24.63,63.04,1.89,2.77,22.8,93.46,60.76,20.43,PNQ,18.52,73.86,semi_arid,NASA_POWER_daily_ag,6.259,14.071,2.4013,dewpoint,833.7,39.211
2018-05-28,29.2,37.34,24.45,64.05,0.77,4.16,19.7,93.36,84.37,20.3,PNQ,18.52,73.86,semi_arid,NASA_POWER_daily_ag,6.427,12.387,2.3821,dewpoint,844.6,39.215
2018-05-29,28.02,33.69,24.45,68.6,0.03,4.32,19.63,93.4,97.62,21.1,PNQ,18.52,73.86,semi_arid,NASA_POWER_daily_ag,5.768,12.536,2.5023,dewpoint,840.2,39.219
2018-05-30,28.09,34.66,23.87,68.63,0.03,4.19,21.07,93.41,65.85,21.03,PNQ,18.52,73.86,semi_arid,NASA_POWER_daily_ag,5.968,13.31,2.4916,dewpoint,839.1,39.221
2018-05-31,28.8,35.6,24.37,66.96,0.33,3.69,22.68,93.51,49.18,21.1,PNQ,18.52,73.86,semi_arid,NASA_POWER_daily_ag,6.288,14.177,2.5023,dewpoint,828.2,39.224
2018-06-01,27.68,33.35,24.31,67.55,7.12,1.97,19.7,93.64,93.0,20.39,PNQ,18.52,73.86,semi_arid,NASA_POWER_daily_ag,4.945,12.476,2.3953,dewpoint,814.0,39.225
2018-06-02,27.1,32.52,23.53,73.06,9.6,1.77,17.78,93.65,86.81,21.24,PNQ,18.52,73.86,semi_arid,NASA_POWER_daily_ag,4.332,11.56,2.5239,dewpoint,812.9,39.227
2018-06-03,25.83,29.43,23.4,79.99,5.81,2.25,19.92,93.6,89.93,21.89,PNQ,18.52,73.86,semi_arid,NASA_POWER_daily_ag,4.344,12.904,2.6263,dewpoint,818.4,39.227
2018-06-04,25.83,31.82,22.37,78.34,5.67,2.39,19.2,93.46,85.74,21.26,PNQ,18.52,73.86,semi_arid,NASA_POWER_daily_ag,4.372,12.385,2.527,dewpoint,833.7,39.228
2018-06-05,26.37,31.24,23.01,76.62,2.73,1.77,19.93,93.49,85.26,21.5,PNQ,18.52,73.86,semi_arid,NASA_POWER_daily_ag,4.463,12.829,2.5644,dewpoint,830.4,39.228
2018-06-06,26.1,30.29,23.56,78.62,7.81,2.5,16.09,93.69,90.52,21.74,PNQ,18.52,73.86,semi_arid,NASA_POWER_daily_ag,3.926,10.696,2.6023,dewpoint,808.6,39.227
2018-06-07,26.1,30.6,23.73,83.1,7.88,3.79,9.2,93.47,97.53,22.78,PNQ,18.52,73.86,semi_arid,NASA_POWER_daily_ag,2.886,6.815,2.7723,dewpoint,832.6,39.227
2018-06-08,24.79,27.47,23.15,88.16,11.35,4.16,16.28,93.29,97.33,22.63,PNQ,18.52,73.86,semi_arid,NASA_POWER_daily_ag,3.359,10.937,2.7472,dewpoint,852.3,39.226
2018-06-09,24.99,27.74,23.24,86.23,22.48,5.02,12.45,93.21,98.99,22.41,PNQ,18.52,73.86,semi_arid,NASA_POWER_daily_ag,3.078,8.696,2.7107,dewpoint,861.0,39.224
2018-06-10,25.85,30.13,23.29,83.71,16.98,5.7,12.81,93.25,98.88,22.66,PNQ,18.52,73.86,semi_arid,NASA_POWER_daily_ag,3.514,8.903,2.7522,dewpoint,856.7,39.222
2018-06-11,25.88,29.69,23.73,85.1,6.67,5.54,15.26,93.38,95.96,23.01,PNQ,18.52,73.86,semi_arid,NASA_POWER_daily_ag,3.664,10.351,2.8111,dewpoint,842.4,39.22
2018-06-12,25.97,29.59,23.77,82.99,0.9,5.65,17.42,93.4,96.74,22.64,PNQ,18.52,73.86,semi_arid,NASA_POWER_daily_ag,4.152,11.565,2.7488,dewpoint,840.2,39.218
2018-06-13,26.46,31.25,23.64,79.75,0.4,5.07,17.96,93.44,96.45,22.3,PNQ,18.52,73.86,semi_arid,NASA_POWER_daily_ag,4.565,11.812,2.6927,dewpoint,835.9,39.216
2018-06-14,26.35,31.23,23.48,79.74,0.43,4.69,18.9,93.54,96.08,22.17,PNQ,18.52,73.86,semi_arid,NASA_POWER_daily_ag,4.632,12.333,2.6715,dewpoint,824.9,39.213
2018-06-15,25.95,30.09,23.38,81.23,8.02,4.47,19.44,93.62,85.8,22.19,PNQ,18.52,73.86,semi_arid,NASA_POWER_daily_ag,4.481,12.662,2.6747,dewpoint,816.2,39.21
2018-06-16,26.21,30.72,23.46,78.85,9.19,4.5,15.81,93.7,81.86,21.8,PNQ,18.52,73.86,semi_arid,NASA_POWER_daily_ag,4.271,10.538,2.6119,dewpoint,807.5,39.207
2018-06-17,25.51,29.22,23.01,82.37,23.83,5.17,11.33,93.62,91.33,22.02,PNQ,18.52,73.86,semi_arid,NASA_POWER_daily_ag,3.377,8.021,2.6472,dewpoint,816.2,39.204
2018-06-18,25.57,29.58,23.0,84.4,11.35,4.34,12.81,93.45,96.77,22.52,PNQ,18.52,73.86,semi_arid,NASA_POWER_daily_ag,3.306,8.897,2.7289,dewpoint,834.8,39.2
2018-06-19,25.69,30.03,23.26,84.77,1.16,2.87,18.11,93.44,75.75,22.72,PNQ,18.52,73.86,semi_arid,NASA_POWER_daily_ag,3.909,11.973,2.7622,dewpoint,835.9,39.196
2018-06-20,25.74,29.87,23.23,84.05,2.84,3.04,16.8,93.45,94.67,22.61,PNQ,18.52,73.86,semi_arid,NASA_POWER_daily_ag,3.779,11.204,2.7438,dewpoint,834.8,39.192
2018-06-21,24.51,26.2,23.39,90.42,35.92,3.85,11.68,93.46,95.94,22.81,PNQ,18.52,73.86,semi_arid,NASA_POWER_daily_ag,2.557,8.273,2.7773,dewpoint,833.7,39.188
2018-06-22,24.9,28.85,22.32,85.16,15.67,3.89,16.68,93.47,98.35,22.05,PNQ,18.52,73.86,semi_arid,NASA_POWER_daily_ag,3.652,11.094,2.652,dewpoint,832.6,39.184
2018-06-23,24.75,27.85,23.27,87.64,27.78,3.78,10.0,93.41,99.41,22.44,PNQ,18.52,73.86,semi_arid,NASA_POWER_daily_ag,2.561,7.276,2.7157,dewpoint,839.1,39.18
2018-06-24,23.87,27.01,21.04,87.51,38.91,4.99,8.87,93.45,99.51,21.57,PNQ,18.52,73.86,semi_arid,NASA_POWER_daily_ag,2.438,6.615,2.5754,dewpoint,834.8,39.175
2018-06-25,24.27,26.71,22.64,88.27,33.41,5.22,5.72,93.37,99.47,22.12,PNQ,18.52,73.86,semi_arid,NASA_POWER_daily_ag,2.03,4.804,2.6633,dewpoint,843.5,39.171
2018-06-26,24.33,26.65,23.09,90.2,21.37,5.79,11.76,93.27,99.48,22.57,PNQ,18.52,73.86,semi_arid,NASA_POWER_daily_ag,2.595,8.307,2.7372,dewpoint,854.5,39.166
2018-06-27,24.39,27.55,22.69,87.66,5.72,5.42,16.18,93.22,90.11,22.11,PNQ,18.52,73.86,semi_arid,NASA_POWER_daily_ag,3.361,10.825,2.6617,dewpoint,860.0,39.161
2018-06-28,24.74,28.6,22.57,86.25,12.2,4.61,10.76,93.26,97.76,22.12,PNQ,18.52,73.86,semi_arid,NASA_POWER_daily_ag,2.834,7.703,2.6633,dewpoint,855.6,39.155
2018-06-29,24.17,27.12,22.56,87.87,10.66,3.78,14.86,93.36,97.93,21.93,PNQ,18.52,73.86,semi_arid,NASA_POWER_daily_ag,3.139,10.053,2.6327,dewpoint,844.6,39.15
2018-06-30,24.56,28.47,21.63,83.85,9.03,3.66,18.13,93.52,84.43,21.42,PNQ,18.52,73.86,semi_arid,NASA_POWER_daily_ag,3.888,11.857,2.5519,dewpoint,827.1,39.144
2018-07-01,24.43,28.64,21.15,82.65,2.62,3.48,21.24,93.59,62.92,21.01,PNQ,18.52,73.86,semi_arid,NASA_POWER_daily_ag,4.353,13.558,2.4885,dewpoint,819.5,39.138
2018-07-02,24.54,28.45,22.48,87.36,11.56,4.34,12.49,93.47,99.27,22.17,PNQ,18.52,73.86,semi_arid,NASA_POWER_daily_ag,2.924,8.698,2.6715,dewpoint,832.6,39.132
2018-07-03,24.14,26.89,22.52,88.59,31.05,5.6,9.49,93.53,97.77,22.05,PNQ,18.52,73.86,semi_arid,NASA_POWER_daily_ag,2.465,6.974,2.652,dewpoint,826.0,39.126
2018-07-04,24.04,26.21,22.79,91.13,42.7,5.78,9.31,93.55,99.1,22.47,PNQ,18.52,73.86,semi_arid,NASA_POWER_daily_ag,2.194,6.878,2.7206,dewpoint,823.8,39.119
2018-07-05,23.79,25.97,22.7,92.57,46.66,5.07,8.4,93.57,99.39,22.5,PNQ,18.52,73.86,semi_arid,NASA_POWER_daily_ag,1.934,6.35,2.7256,dewpoint,821.7,39.112
2018-07-06,24.24,26.71,22.67,90.46,20.5,4.33,10.7,93.53,97.88,22.52,PNQ,18.52,73.86,semi_arid,NASA_POWER_daily_ag,2.423,7.685,2.7289,dewpoint,826.0,39.105
2018-07-07,23.63,25.71,22.06,93.0,48.78,4.47,6.11,93.45,99.63,22.42,PNQ,18.52,73.86,semi_arid,NASA_POWER_daily_ag,1.605,5.017,2.7124,dewpoint,834.8,39.097
2018-07-08,23.7,26.48,21.98,90.68,30.71,4.52,8.47,93.35,99.31,22.04,PNQ,18.52,73.86,semi_arid,NASA_POWER_daily_ag,2.091,6.387,2.6504,dewpoint,845.7,39.089
2018-07-09,23.27,24.96,22.23,93.26,46.1,3.88,5.55,93.31,99.71,22.12,PNQ,18.52,73.86,semi_arid,NASA_POWER_daily_ag,1.489,4.698,2.6633,dewpoint,850.1,39.081
2018-07-10,23.39,26.02,21.48,92.01,40.36,5.13,8.22,93.33,99.45,22.0,PNQ,18.52,73.86,semi_arid,NASA_POWER_daily_ag,1.939,6.242,2.6439,dewpoint,847.9,39.073
2018-07-11,23.51,26.35,21.38,90.32,13.89,5.34,9.84,93.35,99.38,21.78,PNQ,18.52,73.86,semi_arid,NASA_POWER_daily_ag,2.293,7.171,2.6087,dewpoint,845.7,39.064
2018-07-12,23.61,25.23,22.79,93.5,21.7,5.86,8.94,93.27,99.42,22.5,PNQ,18.52,73.86,semi_arid,NASA_POWER_daily_ag,1.899,6.664,2.7256,dewpoint,854.5,39.054
2018-07-13,23.71,26.34,22.16,91.53,25.12,5.25,8.22,93.24,99.46,22.22,PNQ,18.52,73.86,semi_arid,NASA_POWER_daily_ag,2.002,6.242,2.6796,dewpoint,857.8,39.044
2018-07-14,23.8,26.73,22.0,91.02,28.08,5.79,12.06,93.19,99.65,22.2,PNQ,18.52,73.86,semi_arid,NASA_POWER_daily_ag,2.513,8.46,2.6763,dewpoint,863.2,39.034
2018-07-15,23.19,24.75,22.22,95.2,51.83,5.98,5.99,93.08,99.33,22.4,PNQ,18.52,73.86,semi_arid,NASA_POWER_daily_ag,1.379,4.945,2.7091,dewpoint,875.3,39.023
2018-07-16,23.4,24.73,22.6,95.57,74.82,6.54,6.79,93.09,99.4,22.68,PNQ,18.52,73.86,semi_arid,NASA_POWER_daily_ag,1.43,5.408,2.7555,dewpoint,874.2,39.012
2018-07-17,23.5,25.49,22.41,93.02,38.68,7.02,7.44,93.22,99.28,22.31,PNQ,18.52,73.86,semi_arid,NASA_POWER_daily_ag,1.763,5.789,2.6943,dewpoint,860.0,39.0
2018-07-18,23.61,26.25,21.97,91.91,16.73,6.02,10.71,93.33,99.46,22.19,PNQ,18.52,73.86,semi_arid,NASA_POWER_daily_ag,2.254,7.679,2.6747,dewpoint,847.9,38.987
2018-07-19,23.34,26.22,21.73,91.33,16.09,5.79,11.32,93.36,97.11,21.81,PNQ,18.52,73.86,semi_arid,NASA_POWER_daily_ag,2.36,8.015,2.6135,dewpoint,844.6,38.974
2018-07-20,23.06,24.39,21.95,94.36,19.83,5.39,9.72,93.33,99.37,22.11,PNQ,18.52,73.86,semi_arid,NASA_POWER_daily_ag,1.892,7.108,2.6617,dewpoint,847.9,38.96
2018-07-21,23.04,25.39,21.76,92.32,13.33,5.92,9.79,93.41,99.2,21.72,PNQ,18.52,73.86,semi_arid,NASA_POWER_daily_ag,2.066,7.136,2.5991,dewpoint,839.1,38.946
2018-07-22,23.02,25.24,21.45,92.52,11.65,5.63,5.72,93.43,99.78,21.73,PNQ,18.52,73.86,semi_arid,NASA_POWER_daily_ag,1.591,4.8,2.6007,dewpoint,837.0,38.93
2018-07-23,22.91,25.38,21.31,91.48,9.62,5.84,7.04,93.39,99.35,21.43,PNQ,18.52,73.86,semi_arid,NASA_POWER_daily_ag,1.831,5.56,2.5535,dewpoint,841.3,38.914
2018-07-24,23.15,25.93,21.48,91.48,5.69,5.75,8.23,93.53,95.0,21.66,PNQ,18.52,73.86,semi_arid,NASA_POWER_daily_ag,1.979,6.238,2.5896,dewpoint,826.0,38.897
2018-07-25,23.17,25.66,21.5,91.33,5.61,5.23,13.08,93.56,97.9,21.65,PNQ,18.52,73.86,semi_arid,NASA_POWER_daily_ag,2.55,9.013,2.5881,dewpoint,822.7,38.88
2018-07-26,23.19,26.11,21.78,91.3,5.19,5.67,8.48,93.61,99.49,21.66,PNQ,18.52,73.86,semi_arid,NASA_POWER_daily_ag,2.027,6.379,2.5896,dewpoint,817.3,38.861
2018-07-27,23.1,26.28,21.42,90.63,3.78,5.61,7.16,93.57,99.18,21.44,PNQ,18.52,73.86,semi_arid,NASA_POWER_daily_ag,1.934,5.625,2.555,dewpoint,821.7,38.842
2018-07-28,23.45,26.9,21.52,90.22,1.19,4.91,12.19,93.56,85.45,21.7,PNQ,18.52,73.86,semi_arid,NASA_POWER_daily_ag,2.566,8.495,2.596,dewpoint,822.7,38.821
2018-07-29,23.51,26.71,21.69,90.13,0.31,4.42,12.48,93.54,92.57,21.73,PNQ,18.52,73.86,semi_arid,NASA_POWER_daily_ag,2.617,8.661,2.6007,dewpoint,824.9,38.8
2018-07-30,23.47,27.18,21.48,89.19,1.23,4.44,9.81,93.5,83.72,21.49,PNQ,18.52,73.86,semi_arid,NASA_POWER_daily_ag,2.365,7.128,2.5629,dewpoint,829.3,38.777
2018-07-31,23.6,27.27,21.27,89.3,2.12,4.62,13.21,93.51,93.14,21.63,PNQ,18.52,73.86,semi_arid,NASA_POWER_daily_ag,2.789,9.067,2.5849,dewpoint,828.2,38.754
2018-08-01,22.97,24.99,21.71,91.7,5.5,4.76,11.14,93.61,96.36,21.52,PNQ,18.52,73.86,semi_arid,NASA_POWER_daily_ag,2.283,7.891,2.5676,dewpoint,817.3,38.729
2018-08-02,23.36,27.08,21.41,89.62,4.38,4.76,9.51,93.73,96.94,21.48,PNQ,18.52,73.86,semi_arid,NASA_POWER_daily_ag,2.291,6.953,2.5613,dewpoint,804.2,38.704
2018-08-03,23.1,26.13,21.5,90.38,9.01,4.77,12.12,93.83,96.21,21.38,PNQ,18.52,73.86,semi_arid,NASA_POWER_daily_ag,2.517,8.432,2.5457,dewpoint,793.3,38.677
2018-08-04,22.65,25.12,21.3,91.42,12.38,5.11,7.85,93.78,97.84,21.15,PNQ,18.52,73.86,semi_arid,NASA_POWER_daily_ag,1.903,6.009,2.51,dewpoint,798.7,38.649
2018-08-05,23.09,26.52,21.23,89.27,3.03,5.34,13.53,93.74,96.05,21.15,PNQ,18.52,73.86,semi_arid,NASA_POWER_daily_ag,2.773,9.211,2.51,dewpoint,803.1,38.619
2018-08-06,22.85,26.0,20.98,89.55,3.27,5.83,9.82,93.6,99.76,20.98,PNQ,18.52,73.86,semi_arid,NASA_POWER_daily_ag,2.317,7.116,2.484,dewpoint,818.4,38.589
2018-08-07,23.13,26.34,21.1,89.26,5.08,5.52,11.08,93.43,99.66,21.19,PNQ,18.52,73.86,semi_arid,NASA_POWER_daily_ag,2.502,7.831,2.5162,dewpoint,837.0,38.557
2018-08-08,22.69,25.12,21.48,91.97,5.6,4.76,11.54,93.41,99.53,21.3,PNQ,18.52,73.86,semi_arid,NASA_POWER_daily_ag,2.286,8.098,2.5332,dewpoint,839.1,38.523
2018-08-09,23.36,26.88,21.5,89.76,5.48,5.28,10.56,93.62,97.58,21.51,PNQ,18.52,73.86,semi_arid,NASA_POWER_daily_ag,2.412,7.539,2.566,dewpoint,816.2,38.489
2018-08-10,23.39,26.92,21.35,89.23,7.82,5.15,13.14,93.8,95.29,21.42,PNQ,18.52,73.86,semi_arid,NASA_POWER_daily_ag,2.762,8.993,2.5519,dewpoint,796.6,38.452
2018-08-11,23.4,26.89,21.54,89.84,15.18,5.69,9.97,93.67,98.17,21.56,PNQ,18.52,73.86,semi_arid,NASA_POWER_daily_ag,2.35,7.202,2.5738,dewpoint,810.7,38.415
2018-08-12,22.84,25.27,21.42,90.9,18.63,6.24,10.11,93.41,99.59,21.25,PNQ,18.52,73.86,semi_arid,NASA_POWER_daily_ag,2.216,7.278,2.5255,dewpoint,839.1,38.376
2018-08-13,22.67,24.43,21.45,92.09,24.22,6.01,9.18,93.33,99.12,21.31,PNQ,18.52,73.86,semi_arid,NASA_POWER_daily_ag,1.992,6.753,2.5348,dewpoint,847.9,38.335
2018-08-14,23.6,27.07,21.75,90.72,11.48,5.15,7.69,93.37,99.65,21.94,PNQ,18.52,73.86,semi_arid,NASA_POWER_daily_ag,2.002,5.906,2.6343,dewpoint,843.5,38.293
2018-08-15,22.71,24.39,21.79,93.75,14.91,4.6,7.09,93.38,99.57,21.65,PNQ,18.52,73.86,semi_arid,NASA_POWER_daily_ag,1.622,5.562,2.5881,dewpoint,842.4,38.249
2018-08-16,22.64,25.23,21.39,93.16,25.95,5.77,5.0,93.32,99.02,21.47,PNQ,18.52,73.86,semi_arid,NASA_POWER_daily_ag,1.437,4.376,2.5597,dewpoint,849.0,38.204
2018-08-17,22.58,25.11,21.23,92.85,17.17,6.19,8.43,93.25,99.32,21.35,PNQ,18.52,73.86,semi_arid,NASA_POWER_daily_ag,1.839,6.32,2.541,dewpoint,856.7,38.157
2018-08-18,22.91,26.04,21.02,91.15,11.74,5.49,9.39,93.36,98.9,21.35,PNQ,18.52,73.86,semi_arid,NASA_POWER_daily_ag,2.12,6.858,2.541,dewpoint,844.6,38.108
2018-08-19,23.09,26.16,21.26,91.11,20.31,5.37,11.89,93.46,99.34,21.52,PNQ,18.52,73.86,semi_arid,NASA_POWER_daily_ag,2.417,8.273,2.5676,dewpoint,833.7,38.057
2018-08-20,22.73,25.38,21.14,92.74,27.9,4.98,7.32,93.52,99.57,21.47,PNQ,18.52,73.86,semi_arid,NASA_POWER_daily_ag,1.734,5.684,2.5597,dewpoint,827.1,38.005
2018-08-21,22.35,23.89,21.36,95.24,35.83,4.42,5.73,93.55,99.13,21.57,PNQ,18.52,73.86,semi_arid,NASA_POWER_daily_ag,1.329,4.776,2.5754,dewpoint,823.8,37.951
2018-08-22,22.98,26.0,21.26,92.45,28.81,4.99,9.09,93.62,97.22,21.67,PNQ,18.52,73.86,semi_arid,NASA_POWER_daily_ag,1.972,6.683,2.5912,dewpoint,816.2,37.896
2018-08-23,22.96,26.28,21.13,91.65,13.16,4.44,12.62,93.72,91.36,21.48,PNQ,18.52,73.86,semi_arid,NASA_POWER_daily_ag,2.463,8.667,2.5613,dewpoint,805.3,37.838
2018-08-24,22.93,26.3,20.89,91.09,11.0,4.18,12.93,93.73,95.48,21.34,PNQ,18.52,73.86,semi_arid,NASA_POWER_daily_ag,2.544,8.83,2.5394,dewpoint,804.2,37.779
2018-08-25,22.71,25.6,21.01,91.73,13.03,4.33,12.03,93.69,98.37,21.26,PNQ,18.52,73.86,semi_arid,NASA_POWER_daily_ag,2.364,8.32,2.527,dewpoint,808.6,37.717
2018-08-26,22.72,25.48,20.96,91.67,17.5,4.39,10.07,93.57,98.9,21.27,PNQ,18.52,73.86,semi_arid,NASA_POWER_daily_ag,2.131,7.216,2.5286,dewpoint,821.7,37.654
2018-08-27,22.94,25.62,21.29,91.82,14.12,4.21,11.21,93.55,99.51,21.51,PNQ,18.52,73.86,semi_arid,NASA_POWER_daily_ag,2.274,7.862,2.566,dewpoint,823.8,37.589
2018-08-28,22.75,25.86,21.01,91.66,6.94,3.36,11.11,93.54,89.93,21.28,PNQ,18.52,73.86,semi_arid,NASA_POWER_daily_ag,2.272,7.791,2.5301,dewpoint,824.9,37.522
2018-08-29,22.87,26.48,20.65,91.25,3.41,3.16,14.93,93.68,86.47,21.31,PNQ,18.52,73.86,semi_arid,NASA_POWER_daily_ag,2.801,9.927,2.5348,dewpoint,809.6,37.454
2018-08-30,22.65,26.34,20.1,90.95,3.21,3.3,15.42,93.7,76.42,21.02,PNQ,18.52,73.86,semi_arid,NASA_POWER_daily_ag,2.861,10.175,2.4901,dewpoint,807.5,37.383
2018-08-31,22.54,26.09,20.05,91.06,4.47,3.01,16.23,93.74,95.01,20.94,PNQ,18.52,73.86,semi_arid,NASA_POWER_daily_ag,2.958,10.614,2.4779,dewpoint,803.1,37.31
2018-09-01,22.68,26.44,20.42,90.42,8.04,3.28,15.06,93.82,85.34,20.95,PNQ,18.52,73.86,semi_arid,NASA_POWER_daily_ag,2.843,9.949,2.4794,dewpoint,794.4,37.236
2018-09-02,22.59,26.0,20.71,90.73,13.76,3.97,11.33,93.83,91.24,20.93,PNQ,18.52,73.86,semi_arid,NASA_POWER_daily_ag,2.344,7.873,2.4763,dewpoint,793.3,37.159
2018-09-03,22.64,26.22,20.28,90.17,9.04,3.98,14.21,93.82,74.17,20.87,PNQ,18.52,73.86,semi_arid,NASA_POWER_daily_ag,2.732,9.461,2.4672,dewpoint,794.4,37.081
2018-09-04,22.21,26.24,19.8,90.18,3.16,3.6,14.56,93.9,69.22,20.43,PNQ,18.52,73.86,semi_arid,NASA_POWER_daily_ag,2.746,9.614,2.4013,dewpoint,785.7,37.0
2018-09-05,22.43,26.36,19.99,89.63,1.91,3.74,17.26,93.84,64.82,20.54,PNQ,18.52,73.86,semi_arid,NASA_POWER_daily_ag,3.122,11.096,2.4176,dewpoint,792.2,36.918
2018-09-06,22.2,26.09,19.87,89.67,1.13,3.18,18.81,93.75,55.54,20.31,PNQ,18.52,73.86,semi_arid,NASA_POWER_daily_ag,3.31,11.913,2.3835,dewpoint,802.0,36.834
2018-09-07,22.09,25.92,19.67,89.23,2.5,2.95,12.79,93.77,81.09,20.12,PNQ,18.52,73.86,semi_arid,NASA_POWER_daily_ag,2.575,8.608,2.3557,dewpoint,799.8,36.747
2018-09-08,21.48,24.97,18.86,89.4,1.58,2.52,19.25,93.78,47.62,19.56,PNQ,18.52,73.86,semi_arid,NASA_POWER_daily_ag,3.335,12.065,2.2753,dewpoint,798.7,36.659
2018-09-09,21.64,26.22,17.93,88.42,0.97,1.96,23.14,93.89,29.59,19.52,PNQ,18.52,73.86,semi_arid,NASA_POWER_daily_ag,3.929,14.132,2.2697,dewpoint,786.7,36.569
2018-09-10,22.24,27.54,18.56,85.07,0.16,1.49,20.85,94.08,35.85,19.3,PNQ,18.52,73.86,semi_arid,NASA_POWER_daily_ag,3.802,12.807,2.2389,dewpoint,766.1,36.477
2018-09-11,22.86,28.47,18.9,83.23,0.03,1.41,23.23,94.12,21.09,19.49,PNQ,18.52,73.86,semi_arid,NASA_POWER_daily_ag,4.238,14.06,2.2655,dewpoint,761.7,36.383
2018-09-12,22.08,26.94,18.85,86.89,0.38,1.82,22.66,93.99,27.06,19.59,PNQ,18.52,73.86,semi_arid,NASA_POWER_daily_ag,3.963,13.805,2.2796,dewpoint,775.8,36.287
2018-09-13,21.85,26.72,17.97,88.63,0.86,1.95,19.59,93.9,37.29,19.74,PNQ,18.52,73.86,semi_arid,NASA_POWER_daily_ag,3.466,12.196,2.3009,dewpoint,785.7,36.19
2018-09-14,22.6,27.6,18.61,88.03,1.87,1.74,20.89,93.92,54.98,20.35,PNQ,18.52,73.86,semi_arid,NASA_POWER_daily_ag,3.747,12.95,2.3894,dewpoint,783.5,36.09
2018-09-15,23.38,28.05,19.93,87.3,4.45,1.53,19.32,93.97,61.55,20.94,PNQ,18.52,73.86,semi_arid,NASA_POWER_daily_ag,3.63,12.145,2.4779,dewpoint,778.0,35.989
2018-09-16,23.3,28.04,20.19,87.73,2.5,1.96,16.36,93.84,65.25,20.97,PNQ,18.52,73.86,semi_arid,NASA_POWER_daily_ag,3.187,10.521,2.4824,dewpoint,792.2,35.886
2018-09-17,22.59,27.38,19.35,86.55,1.32,2.11,22.25,93.78,29.27,20.01,PNQ,18.52,73.86,semi_arid,NASA_POWER_daily_ag,3.955,13.57,2.3397,dewpoint,798.7,35.781
2018-09-18,22.71,27.83,18.85,85.47,1.36,1.67,22.22,93.81,37.28,19.88,PNQ,18.52,73.86,semi_arid,NASA_POWER_daily_ag,4.005,13.514,2.321,dewpoint,795.5,35.674
2018-09-19,22.83,26.78,20.55,88.12,2.54,1.77,10.68,93.81,83.36,20.62,PNQ,18.52,73.86,semi_arid,NASA_POWER_daily_ag,2.332,7.392,2.4295,dewpoint,795.5,35.566
2018-09-20,23.89,28.84,20.41,87.22,4.93,1.79,15.6,93.6,89.91,21.41,PNQ,18.52,73.86,semi_arid,NASA_POWER_daily_ag,3.141,10.102,2.5503,dewpoint,818.4,35.456
2018-09-21,24.16,28.95,21.06,86.64,3.43,1.94,15.81,93.55,97.96,21.55,PNQ,18.52,73.86,semi_arid,NASA_POWER_daily_ag,3.218,10.212,2.5723,dewpoint,823.8,35.344
2018-09-22,23.32,26.73,20.75,88.96,0.31,2.89,12.25,93.74,94.1,21.29,PNQ,18.52,73.86,semi_arid,NASA_POWER_daily_ag,2.578,8.258,2.5317,dewpoint,803.1,35.23
2018-09-23,23.44,28.21,20.29,86.4,0.23,1.6,18.75,94.02,49.03,20.81,PNQ,18.52,73.86,semi_arid,NASA_POWER_daily_ag,3.549,11.699,2.4581,dewpoint,772.6,35.116
2018-09-24,23.48,28.53,20.16,85.85,0.09,1.46,20.99,94.06,38.08,20.72,PNQ,18.52,73.86,semi_arid,NASA_POWER_daily_ag,3.878,12.866,2.4446,dewpoint,768.2,34.999
2018-09-25,23.87,29.45,19.98,85.64,0.16,1.57,22.69,93.99,32.95,21.03,PNQ,18.52,73.86,semi_arid,NASA_POWER_daily_ag,4.169,13.804,2.4916,dewpoint,775.8,34.881
2018-09-26,24.63,29.57,20.46,84.83,1.94,1.17,21.37,93.86,51.91,21.65,PNQ,18.52,73.86,semi_arid,NASA_POWER_daily_ag,4.07,13.186,2.5881,dewpoint,790.0,34.762
2018-09-27,24.34,28.54,20.53,83.07,5.19,0.99,17.0,93.84,90.37,21.06,PNQ,18.52,73.86,semi_arid,NASA_POWER_daily_ag,3.39,10.731,2.4962,dewpoint,792.2,34.641
2018-09-28,24.56,29.35,19.83,80.19,8.36,1.42,18.29,93.9,72.09,20.63,PNQ,18.52,73.86,semi_arid,NASA_POWER_daily_ag,3.714,11.339,2.431,dewpoint,785.7,34.519
2018-09-29,24.97,30.42,20.66,77.99,1.03,1.85,14.92,93.92,90.43,20.52,PNQ,18.52,73.86,semi_arid,NASA_POWER_daily_ag,3.417,9.503,2.4146,dewpoint,783.5,34.395
2018-09-30,24.82,30.85,20.2,76.51,0.45,1.86,18.95,93.92,50.0,20.03,PNQ,18.52,73.86,semi_arid,NASA_POWER_daily_ag,4.003,11.52,2.3426,dewpoint,783.5,34.27
2018-10-01,25.37,31.29,19.87,76.54,6.26,1.64,19.27,93.88,48.85,20.56,PNQ,18.52,73.86,semi_arid,NASA_POWER_daily_ag,4.057,11.754,2.4206,dewpoint,787.8,34.145
2018-10-02,25.07,30.15,20.18,79.43,2.34,1.48,19.07,93.97,65.6,21.02,PNQ,18.52,73.86,semi_arid,NASA_POWER_daily_ag,3.879,11.726,2.4901,dewpoint,778.0,34.017
2018-10-03,24.83,28.85,21.6,82.92,2.98,1.25,20.88,93.95,52.62,21.54,PNQ,18.52,73.86,semi_arid,NASA_POWER_daily_ag,4.012,12.768,2.5707,dewpoint,780.2,33.889
2018-10-04,24.45,27.68,21.44,82.94,2.66,1.21,16.7,93.95,85.51,21.24,PNQ,18.52,73.86,semi_arid,NASA_POWER_daily_ag,3.347,10.492,2.5239,dewpoint,780.2,33.76
2018-10-05,24.81,28.85,21.15,78.25,0.26,2.01,16.12,93.97,71.25,20.61,PNQ,18.52,73.86,semi_arid,NASA_POWER_daily_ag,3.544,10.072,2.428,dewpoint,778.0,33.63
2018-10-06,24.0,29.87,19.88,72.7,0.0,2.11,21.8,93.96,32.36,18.39,PNQ,18.52,73.86,semi_arid,NASA_POWER_daily_ag,4.419,12.571,2.1151,dewpoint,779.1,33.499
2018-10-07,25.12,31.05,20.1,68.84,0.0,2.27,21.23,93.9,26.97,18.56,PNQ,18.52,73.86,semi_arid,NASA_POWER_daily_ag,4.66,12.261,2.1378,dewpoint,785.7,33.367
2018-10-08,25.02,30.52,20.45,73.06,0.09,1.72,17.14,93.88,47.91,19.48,PNQ,18.52,73.86,semi_arid,NASA_POWER_daily_ag,3.8,10.372,2.2641,dewpoint,787.8,33.235
2018-10-09,24.01,30.33,18.42,71.55,0.0,1.24,19.93,93.84,26.54,17.96,PNQ,18.52,73.86,semi_arid,NASA_POWER_daily_ag,3.959,11.534,2.0588,dewpoint,792.2,33.101
2018-10-10,24.03,30.47,19.11,71.13,0.0,1.21,17.95,93.84,41.82,17.97,PNQ,18.52,73.86,semi_arid,NASA_POWER_daily_ag,3.678,10.538,2.0601,dewpoint,792.2,32.967
2018-10-11,23.45,30.67,17.83,73.51,0.0,1.72,19.65,93.84,52.26,17.75,PNQ,18.52,73.86,semi_arid,NASA_POWER_daily_ag,3.966,11.322,2.0318,dewpoint,792.2,32.833
2018-10-12,24.57,30.85,19.41,72.31,0.01,1.5,19.01,93.9,49.33,18.72,PNQ,18.52,73.86,semi_arid,NASA_POWER_daily_ag,3.943,11.112,2.1593,dewpoint,785.7,32.698
2018-10-13,23.68,30.65,17.94,66.06,0.0,1.85,19.47,94.05,24.8,16.42,PNQ,18.52,73.86,semi_arid,NASA_POWER_daily_ag,4.17,10.96,1.8676,dewpoint,769.3,32.562
2018-10-14,23.52,30.62,16.84,64.89,0.0,1.61,21.11,94.12,14.59,16.09,PNQ,18.52,73.86,semi_arid,NASA_POWER_daily_ag,4.265,11.657,1.8288,dewpoint,761.7,32.427
2018-10-15,23.58,30.55,17.71,65.49,0.0,1.61,20.06,94.15,16.87,16.22,PNQ,18.52,73.86,semi_arid,NASA_POWER_daily_ag,4.128,11.151,1.844,dewpoint,758.4,32.291
2018-10-16,23.72,30.72,17.67,71.39,0.08,1.95,19.71,94.16,41.01,17.9,PNQ,18.52,73.86,semi_arid,NASA_POWER_daily_ag,4.053,11.254,2.051,dewpoint,757.4,32.154
2018-10-17,23.81,28.87,20.9,77.4,0.55,0.91,14.85,94.13,80.28,19.14,PNQ,18.52,73.86,semi_arid,NASA_POWER_daily_ag,3.013,9.049,2.2167,dewpoint,760.6,32.018
2018-10-18,23.06,27.63,20.31,83.13,5.24,0.92,15.45,94.1,90.06,19.77,PNQ,18.52,73.86,semi_arid,NASA_POWER_daily_ag,2.954,9.435,2.3052,dewpoint,763.9,31.882
2018-10-19,23.88,28.37,20.02,75.88,2.88,0.85,17.89,94.13,62.1,19.09,PNQ,18.52,73.86,semi_arid,NASA_POWER_daily_ag,3.421,10.515,2.2098,dewpoint,760.6,31.745
2018-10-20,24.07,30.24,18.77,71.56,0.01,1.19,20.41,94.21,12.45,18.0,PNQ,18.52,73.86,semi_arid,NASA_POWER_daily_ag,3.933,11.487,2.064,dewpoint,751.9,31.609
2018-10-21,23.61,30.29,17.99,69.81,0.0,1.19,19.24,94.27,19.3,17.18,PNQ,18.52,73.86,semi_arid,NASA_POWER_daily_ag,3.75,10.784,1.9599,dewpoint,745.4,31.473
2018-10-22,23.87,30.77,18.11,68.4,0.01,1.23,19.37,94.21,11.88,17.03,PNQ,18.52,73.86,semi_arid,NASA_POWER_daily_ag,3.825,10.775,1.9414,dewpoint,751.9,31.337
2018-10-23,23.66,30.71,17.3,57.88,0.02,1.48,20.06,94.18,3.01,14.36,PNQ,18.52,73.86,semi_arid,NASA_POWER_daily_ag,4.159,10.606,1.6363,dewpoint,755.2,31.202
2018-10-24,23.77,31.04,16.16,58.3,0.01,1.2,19.98,94.13,7.07,14.58,PNQ,18.52,73.86,semi_arid,NASA_POWER_daily_ag,3.991,10.604,1.6598,dewpoint,760.6,31.067
2018-10-25,23.5,28.2,20.17,72.73,0.34,2.07,17.42,94.27,38.03,18.17,PNQ,18.52,73.86,semi_arid,NASA_POWER_daily_ag,3.666,10.009,2.0862,dewpoint,745.4,30.932
2018-10-26,24.06,30.09,19.55,64.94,0.06,1.52,18.81,94.34,21.67,16.39,PNQ,18.52,73.86,semi_arid,NASA_POWER_daily_ag,3.932,10.286,1.8641,dewpoint,737.8,30.798
2018-10-27,22.72,30.3,16.5,59.5,0.0,2.16,20.0,94.33,13.61,13.6,PNQ,18.52,73.86,semi_arid,NASA_POWER_daily_ag,4.361,10.361,1.5576,dewpoint,738.9,30.665
2018-10-28,21.93,30.08,15.93,57.88,0.0,2.23,20.44,94.25,7.32,12.41,PNQ,18.52,73.86,semi_arid,NASA_POWER_daily_ag,4.376,10.327,1.4409,dewpoint,747.6,30.532
2018-10-29,21.13,29.24,14.82,57.17,0.0,2.17,20.51,94.14,0.96,11.59,PNQ,18.52,73.86,semi_arid,NASA_POWER_daily_ag,4.258,10.254,1.3651,dewpoint,759.5,30.401
2018-10-30,20.53,28.52,13.96,56.55,0.0,2.19,20.95,94.1,0.47,10.93,PNQ,18.52,73.86,semi_arid,NASA_POWER_daily_ag,4.24,10.337,1.3066,dewpoint,763.9,30.27
2018-10-31,21.17,29.7,14.68,59.81,0.0,2.55,21.27,94.08,0.47,12.31,PNQ,18.52,73.86,semi_arid,NASA_POWER_daily_ag,4.408,10.597,1.4315,dewpoint,766.1,30.14
2018-11-01,21.44,28.98,14.12,58.43,0.0,2.23,20.4,94.05,9.46,12.44,PNQ,18.52,73.86,semi_arid,NASA_POWER_daily_ag,4.245,10.294,1.4438,dewpoint,769.3,30.012
2018-11-02,22.96,29.74,15.34,65.79,0.0,1.65,18.52,94.01,12.9,15.97,PNQ,18.52,73.86,semi_arid,NASA_POWER_daily_ag,3.757,10.029,1.8148,dewpoint,773.7,29.884
2018-11-03,24.53,29.99,19.59,74.36,0.23,1.63,16.74,94.06,50.89,19.41,PNQ,18.52,73.86,semi_arid,NASA_POWER_daily_ag,3.486,9.663,2.2542,dewpoint,768.2,29.758
2018-11-04,24.34,29.29,20.15,80.72,3.51,1.17,17.52,94.13,60.19,20.53,PNQ,18.52,73.86,semi_arid,NASA_POWER_daily_ag,3.332,10.211,2.4161,dewpoint,760.6,29.633
2018-11-05,23.15,25.74,21.38,87.82,9.25,1.0,15.96,94.18,76.35,20.96,PNQ,18.52,73.86,semi_arid,NASA_POWER_daily_ag,2.877,9.544,2.4809,dewpoint,755.2,29.509
2018-11-06,23.77,29.64,19.63,74.49,0.43,1.22,16.95,94.2,41.3,18.55,PNQ,18.52,73.86,semi_arid,NASA_POWER_daily_ag,3.303,9.56,2.1365,dewpoint,753.0,29.387
2018-11-07,23.25,29.99,18.19,65.82,0.0,1.68,18.55,94.22,2.0,16.05,PNQ,18.52,73.86,semi_arid,NASA_POWER_daily_ag,3.767,9.833,1.8241,dewpoint,750.8,29.266
2018-11-08,22.59,30.36,15.42,65.11,0.0,1.6,18.83,94.12,2.54,15.32,PNQ,18.52,73.86,semi_arid,NASA_POWER_daily_ag,3.704,9.863,1.7408,dewpoint,761.7,29.147
2018-11-09,22.79,30.42,16.2,64.15,0.0,1.36,18.85,94.04,2.08,15.11,PNQ,18.52,73.86,semi_arid,NASA_POWER_daily_ag,3.638,9.783,1.7175,dewpoint,770.4,29.03
2018-11-10,22.22,29.75,15.91,60.26,0.0,1.33,18.72,94.14,1.37,13.53,PNQ,18.52,73.86,semi_arid,NASA_POWER_daily_ag,3.606,9.459,1.5505,dewpoint,759.5,28.914
2018-11-11,21.44,29.74,14.53,57.68,0.0,1.42,18.87,94.22,1.49,11.95,PNQ,18.52,73.86,semi_arid,NASA_POWER_daily_ag,3.634,9.265,1.3979,dewpoint,750.8,28.8
2018-11-12,20.97,29.22,13.49,54.19,0.0,1.48,19.53,94.14,1.19,10.45,PNQ,18.52,73.86,semi_arid,NASA_POWER_daily_ag,3.742,9.284,1.2655,dewpoint,759.5,28.688
2018-11-13,20.8,29.01,13.68,51.59,0.0,1.26,19.44,93.98,3.83,9.53,PNQ,18.52,73.86,semi_arid,NASA_POWER_daily_ag,3.599,9.076,1.1898,dewpoint,776.9,28.579
2018-11-14,20.86,28.95,13.76,55.66,0.0,1.15,18.29,93.98,2.82,10.49,PNQ,18.52,73.86,semi_arid,NASA_POWER_daily_ag,3.386,8.798,1.2689,dewpoint,776.9,28.471
2018-11-15,20.35,30.38,12.6,51.3,0.0,2.03,19.23,94.11,4.25,8.97,PNQ,18.52,73.86,semi_arid,NASA_POWER_daily_ag,4.012,8.83,1.1457,dewpoint,762.8,28.365
2018-11-16,21.07,30.0,13.65,48.52,0.0,2.12,19.11,94.16,0.6,9.04,PNQ,18.52,73.86,semi_arid,NASA_POWER_daily_ag,4.191,8.747,1.1512,dewpoint,757.4,28.261
2018-11-17,21.51,29.95,13.78,55.53,0.0,1.67,19.76,94.06,0.77,11.94,PNQ,18.52,73.86,semi_arid,NASA_POWER_daily_ag,3.832,9.435,1.397,dewpoint,768.2,28.16
2018-11-18,22.98,30.31,16.2,63.73,0.0,1.33,16.75,94.05,64.85,15.39,PNQ,18.52,73.86,semi_arid,NASA_POWER_daily_ag,3.356,8.764,1.7486,dewpoint,769.3,28.061
2018-11-19,23.73,29.54,18.56,66.46,0.05,1.02,14.98,94.22,58.94,16.82,PNQ,18.52,73.86,semi_arid,NASA_POWER_daily_ag,3.021,8.198,1.9157,dewpoint,750.8,27.965
2018-11-20,24.17,28.67,20.27,72.64,0.45,0.98,13.32,94.3,57.74,18.7,PNQ,18.52,73.86,semi_arid,NASA_POWER_daily_ag,2.752,7.701,2.1566,dewpoint,742.1,27.87
2018-11-21,23.98,28.44,19.52,71.59,0.01,1.42,15.95,94.28,31.04,18.27,PNQ,18.52,73.86,semi_arid,NASA_POWER_daily_ag,3.237,8.799,2.0993,dewpoint,744.3,27.779
2018-11-22,22.87,29.35,18.0,62.17,0.0,2.09,17.33,94.3,5.39,14.79,PNQ,18.52,73.86,semi_arid,NASA_POWER_daily_ag,3.787,8.783,1.6824,dewpoint,742.1,27.69
2018-11-23,21.78,29.57,16.31,54.29,0.0,2.72,18.31,94.45,0.91,11.56,PNQ,18.52,73.86,semi_arid,NASA_POWER_daily_ag,4.319,8.616,1.3624,dewpoint,725.9,27.603
2018-11-24,21.65,29.34,15.19,56.89,0.0,1.89,17.92,94.49,15.73,11.82,PNQ,18.52,73.86,semi_arid,NASA_POWER_daily_ag,3.778,8.547,1.386,dewpoint,721.5,27.519
2018-11-25,21.44,28.35,14.74,53.78,0.0,1.51,14.43,94.38,68.91,11.08,PNQ,18.52,73.86,semi_arid,NASA_POWER_daily_ag,3.268,7.266,1.3197,dewpoint,733.5,27.438
2018-11-26,21.01,28.62,14.36,54.76,0.0,1.64,16.12,94.21,19.88,10.89,PNQ,18.52,73.86,semi_arid,NASA_POWER_daily_ag,3.432,7.804,1.3031,dewpoint,751.9,27.36
2018-11-27,20.87,28.8,13.64,45.01,0.0,2.1,18.07,94.23,7.83,7.81,PNQ,18.52,73.86,semi_arid,NASA_POWER_daily_ag,4.098,7.984,1.059,dewpoint,749.7,27.284
2018-11-28,19.74,27.16,14.01,50.15,0.0,2.06,17.72,94.28,19.67,8.56,PNQ,18.52,73.86,semi_arid,NASA_POWER_daily_ag,3.762,8.019,1.1144,dewpoint,744.3,27.212
2018-11-29,19.94,28.12,12.67,48.8,0.0,2.0,17.67,94.39,5.71,8.14,PNQ,18.52,73.86,semi_arid,NASA_POWER_daily_ag,3.794,7.927,1.083,dewpoint,732.4,27.142
2018-11-30,20.05,28.47,12.65,48.67,0.0,1.98,17.65,94.4,9.79,8.11,PNQ,18.52,73.86,semi_arid,NASA_POWER_daily_ag,3.796,7.882,1.0808,dewpoint,731.3,27.075
2018-12-01,19.52,26.59,12.97,52.81,0.0,1.88,15.5,94.2,57.22,9.21,PNQ,18.52,73.86,semi_arid,NASA_POWER_daily_ag,3.391,7.401,1.1644,dewpoint,753.0,27.012
2018-12-02,20.19,27.76,13.78,54.75,0.0,1.42,15.8,94.04,56.27,10.16,PNQ,18.52,73.86,semi_arid,NASA_POWER_daily_ag,3.167,7.544,1.2412,dewpoint,770.4,26.951
2018-12-03,21.07,28.05,14.67,59.29,0.0,1.79,15.42,94.11,73.69,12.3,PNQ,18.52,73.86,semi_arid,NASA_POWER_daily_ag,3.324,7.65,1.4306,dewpoint,762.8,26.893
2018-12-04,21.14,27.12,16.24,62.57,0.0,1.9,14.28,94.22,84.81,13.36,PNQ,18.52,73.86,semi_arid,NASA_POWER_daily_ag,3.178,7.352,1.5334,dewpoint,750.8,26.839
2018-12-05,21.47,29.05,15.64,61.1,0.0,1.49,15.32,94.15,31.44,13.22,PNQ,18.52,73.86,semi_arid,NASA_POWER_daily_ag,3.132,7.658,1.5195,dewpoint,758.4,26.788
2018-12-06,20.9,28.77,15.14,63.0,0.0,1.3,16.69,94.04,2.99,12.9,PNQ,18.52,73.86,semi_arid,NASA_POWER_daily_ag,3.088,8.111,1.488,dewpoint,770.4,26.74
2018-12-07,20.69,29.47,13.74,57.19,0.0,1.37,15.66,94.05,9.09,11.22,PNQ,18.52,73.86,semi_arid,NASA_POWER_daily_ag,3.107,7.517,1.332,dewpoint,769.3,26.695
2018-12-08,21.28,29.56,15.38,59.19,0.0,1.47,16.02,94.13,9.29,12.4,PNQ,18.52,73.86,semi_arid,NASA_POWER_daily_ag,3.2,7.744,1.44,dewpoint,760.6,26.653
2018-12-09,21.05,29.32,15.33,57.96,0.0,1.53,17.6,94.11,10.35,11.84,PNQ,18.52,73.86,semi_arid,NASA_POWER_daily_ag,3.368,8.191,1.3878,dewpoint,762.8,26.615
2018-12-10,19.89,27.06,14.04,50.23,0.0,1.49,18.74,94.12,12.53,8.57,PNQ,18.52,73.86,semi_arid,NASA_POWER_daily_ag,3.46,8.145,1.1151,dewpoint,761.7,26.58
2018-12-11,17.94,27.67,9.94,50.01,0.0,1.46,18.18,94.16,6.15,5.82,PNQ,18.52,73.86,semi_arid,NASA_POWER_daily_ag,3.254,7.682,0.9235,dewpoint,757.4,26.548
2018-12-12,18.37,26.82,12.78,59.6,0.0,1.5,17.83,94.24,8.47,9.0,PNQ,18.52,73.86,semi_arid,NASA_POWER_daily_ag,3.13,7.97,1.1481,dewpoint,748.7,26.52
2018-12-13,18.15,27.13,10.84,55.84,0.0,2.15,17.79,94.32,2.91,7.9,PNQ,18.52,73.86,semi_arid,NASA_POWER_daily_ag,3.521,7.84,1.0655,dewpoint,740.0,26.495
2018-12-14,19.17,27.22,12.9,54.54,0.0,3.32,14.65,94.35,11.08,9.37,PNQ,18.52,73.86,semi_arid,NASA_POWER_daily_ag,3.914,6.991,1.1771,dewpoint,736.7,26.474
2018-12-15,20.54,27.25,15.08,59.77,0.0,3.07,12.76,94.36,31.2,12.03,PNQ,18.52,73.86,semi_arid,NASA_POWER_daily_ag,3.605,6.606,1.4053,dewpoint,735.6,26.456
2018-12-16,18.91,26.64,12.79,50.38,0.0,2.69,14.91,94.39,4.54,7.58,PNQ,18.52,73.86,semi_arid,NASA_POWER_daily_ag,3.81,6.876,1.0425,dewpoint,732.4,26.441
2018-12-17,17.89,26.32,11.07,52.54,0.0,2.4,15.93,94.28,24.8,7.15,PNQ,18.52,73.86,semi_arid,NASA_POWER_daily_ag,3.547,7.189,1.0122,dewpoint,744.3,26.43
2018-12-18,18.8,27.33,12.98,59.52,0.0,2.51,17.37,94.35,7.42,9.19,PNQ,18.52,73.86,semi_arid,NASA_POWER_daily_ag,3.654,7.795,1.1629,dewpoint,736.7,26.422
2018-12-19,17.71,27.22,10.76,47.16,0.0,2.46,18.75,94.36,16.59,5.02,PNQ,18.52,73.86,semi_arid,NASA_POWER_daily_ag,3.911,7.66,0.8735,dewpoint,735.6,26.418
2018-12-20,18.64,27.51,10.62,48.45,0.0,2.2,18.41,94.33,3.83,6.85,PNQ,18.52,73.86,semi_arid,NASA_POWER_daily_ag,3.779,7.831,0.9916,dewpoint,738.9,26.417
2018-12-21,19.37,28.3,12.21,57.59,0.0,1.51,17.67,94.26,10.29,9.67,PNQ,18.52,73.86,semi_arid,NASA_POWER_daily_ag,3.233,7.951,1.2011,dewpoint,746.5,26.42
2018-12-22,20.14,29.13,11.77,50.54,0.0,1.35,17.2,94.22,3.16,8.73,PNQ,18.52,73.86,semi_arid,NASA_POWER_daily_ag,3.266,7.647,1.1273,dewpoint,750.8,26.426
2018-12-23,21.53,29.39,13.91,56.32,0.0,1.32,16.15,94.24,2.46,11.93,PNQ,18.52,73.86,semi_arid,NASA_POWER_daily_ag,3.189,7.708,1.3961,dewpoint,748.7,26.435
2018-12-24,22.03,30.1,15.87,62.94,0.0,1.65,15.12,94.23,9.27,14.05,PNQ,18.52,73.86,semi_arid,NASA_POWER_daily_ag,3.199,7.586,1.6038,dewpoint,749.7,26.448
2018-12-25,21.93,30.28,16.02,58.07,0.0,1.47,15.87,94.22,6.2,12.7,PNQ,18.52,73.86,semi_arid,NASA_POWER_daily_ag,3.253,7.645,1.4686,dewpoint,750.8,26.465
2018-12-26,20.58,28.88,15.25,54.29,0.0,1.85,17.68,94.22,2.4,10.45,PNQ,18.52,73.86,semi_arid,NASA_POWER_daily_ag,3.568,7.967,1.2655,dewpoint,750.8,26.485
2018-12-27,17.92,28.29,10.11,35.34,0.0,1.82,18.99,94.22,3.66,0.45,PNQ,18.52,73.86,semi_arid,NASA_POWER_daily_ag,3.796,7.087,0.6311,dewpoint,750.8,26.508
2018-12-28,16.78,26.94,9.06,26.19,0.0,2.58,18.65,94.22,4.76,-3.95,PNQ,18.52,73.86,semi_arid,NASA_POWER_daily_ag,4.428,6.617,0.456,dewpoint,750.8,26.535
2018-12-29,17.17,27.93,8.98,26.77,0.0,2.4,18.54,94.34,3.12,-3.03,PNQ,18.52,73.86,semi_arid,NASA_POWER_daily_ag,4.301,6.655,0.4885,dewpoint,737.8,26.565
2018-12-30,17.4,28.02,9.81,27.99,0.0,2.78,17.88,94.52,16.82,-2.34,PNQ,18.52,73.86,semi_arid,NASA_POWER_daily_ag,4.577,6.568,0.5143,dewpoint,718.3,26.598
2018-12-31,18.13,28.45,10.25,29.18,0.0,2.72,16.9,94.58,49.61,-1.35,PNQ,18.52,73.86,semi_arid,NASA_POWER_daily_ag,4.575,6.449,0.5533,dewpoint,711.8,26.635
2019-01-01,19.42,29.66,10.32,26.85,0.0,1.86,18.28,94.6,38.55,-1.71,PNQ,18.52,73.86,semi_arid,NASA_POWER_daily_ag,4.108,6.635,0.5388,dewpoint,709.6,26.675
2019-01-02,20.31,30.49,10.51,29.01,0.0,1.13,18.06,94.56,42.01,0.02,PNQ,18.52,73.86,semi_arid,NASA_POWER_daily_ag,3.384,6.764,0.6117,dewpoint,713.9,26.719
2019-01-03,20.83,30.15,12.91,31.66,0.0,1.22,18.36,94.61,1.19,1.84,PNQ,18.52,73.86,semi_arid,NASA_POWER_daily_ag,3.521,6.992,0.6976,dewpoint,708.5,26.766
2019-01-04,20.67,30.66,10.98,30.66,0.0,1.44,18.31,94.51,2.48,1.18,PNQ,18.52,73.86,semi_arid,NASA_POWER_daily_ag,3.769,6.973,0.6653,dewpoint,719.3,26.816
2019-01-05,20.4,30.62,12.16,38.25,0.0,1.66,17.92,94.37,4.53,4.27,PNQ,18.52,73.86,semi_arid,NASA_POWER_daily_ag,3.819,7.27,0.8288,dewpoint,734.5,26.869
2019-01-06,19.43,30.34,11.75,38.53,0.0,1.48,17.92,94.26,2.54,3.32,PNQ,18.52,73.86,semi_arid,NASA_POWER_daily_ag,3.56,7.194,0.7751,dewpoint,746.5,26.926
2019-01-07,18.93,29.39,11.49,33.15,0.0,2.7,18.12,94.29,1.3,1.09,PNQ,18.52,73.86,semi_arid,NASA_POWER_daily_ag,4.629,7.032,0.661,dewpoint,743.2,26.986
2019-01-08,18.97,29.75,10.63,28.1,0.0,2.14,18.38,94.31,2.29,-1.34,PNQ,18.52,73.86,semi_arid,NASA_POWER_daily_ag,4.322,6.833,0.5537,dewpoint,741.1,27.049
2019-01-09,19.56,30.78,10.46,30.5,0.0,1.32,18.65,94.24,4.79,-0.41,PNQ,18.52,73.86,semi_arid,NASA_POWER_daily_ag,3.579,6.982,0.5928,dewpoint,748.7,27.115
2019-01-10,19.69,30.71,10.29,29.95,0.0,1.84,18.06,94.19,6.74,0.11,PNQ,18.52,73.86,semi_arid,NASA_POWER_daily_ag,4.09,6.956,0.6157,dewpoint,754.1,27.184
2019-01-11,19.82,30.65,11.13,36.49,0.0,1.64,17.64,94.23,4.22,3.02,PNQ,18.52,73.86,semi_arid,NASA_POWER_daily_ag,3.787,7.21,0.7588,dewpoint,749.7,27.256
2019-01-12,20.33,30.06,15.0,36.78,0.0,1.57,17.74,94.2,4.09,3.76,PNQ,18.52,73.86,semi_arid,NASA_POWER_daily_ag,3.753,7.231,0.7996,dewpoint,753.0,27.331
2019-01-13,19.48,29.98,11.03,40.7,0.0,1.45,17.91,94.26,5.25,4.32,PNQ,18.52,73.86,semi_arid,NASA_POWER_daily_ag,3.556,7.533,0.8318,dewpoint,746.5,27.409
2019-01-14,20.07,30.0,12.71,41.09,0.0,2.37,17.18,94.24,1.36,5.61,PNQ,18.52,73.86,semi_arid,NASA_POWER_daily_ag,4.25,7.465,0.9102,dewpoint,748.7,27.49
2019-01-15,20.91,30.12,13.36,38.8,0.0,2.49,17.39,94.32,2.56,5.75,PNQ,18.52,73.86,semi_arid,NASA_POWER_daily_ag,4.521,7.538,0.919,dewpoint,740.0,27.573
2019-01-16,21.69,31.11,13.52,43.06,0.0,1.73,17.03,94.31,2.09,7.28,PNQ,18.52,73.86,semi_arid,NASA_POWER_daily_ag,3.928,7.618,1.0213,dewpoint,741.1,27.66
2019-01-17,21.65,31.3,13.03,36.0,0.0,1.56,17.37,94.22,2.6,4.3,PNQ,18.52,73.86,semi_arid,NASA_POWER_daily_ag,3.935,7.362,0.8306,dewpoint,750.8,27.749
2019-01-18,21.6,31.56,12.79,32.27,0.0,1.48,18.04,94.21,5.33,2.84,PNQ,18.52,73.86,semi_arid,NASA_POWER_daily_ag,3.943,7.376,0.7492,dewpoint,751.9,27.841
2019-01-19,21.74,31.27,13.15,31.33,0.0,2.03,17.83,94.27,3.49,2.86,PNQ,18.52,73.86,semi_arid,NASA_POWER_daily_ag,4.517,7.355,0.7503,dewpoint,745.4,27.936
2019-01-20,22.44,31.51,13.44,32.48,0.0,1.69,17.98,94.34,4.73,3.47,PNQ,18.52,73.86,semi_arid,NASA_POWER_daily_ag,4.275,7.479,0.7834,dewpoint,737.8,28.033
2019-01-21,20.6,30.84,13.46,45.73,0.0,2.23,18.87,94.18,2.98,6.32,PNQ,18.52,73.86,semi_arid,NASA_POWER_daily_ag,4.348,8.184,0.956,dewpoint,755.2,28.132
2019-01-22,18.81,27.82,13.13,69.84,0.0,1.74,18.88,94.2,6.27,11.64,PNQ,18.52,73.86,semi_arid,NASA_POWER_daily_ag,3.306,9.189,1.3696,dewpoint,753.0,28.234
2019-01-23,18.73,27.56,13.29,68.19,0.0,1.7,19.06,94.25,18.03,11.3,PNQ,18.52,73.86,semi_arid,NASA_POWER_daily_ag,3.328,9.231,1.3391,dewpoint,747.6,28.339
2019-01-24,18.33,29.33,10.12,47.82,0.0,1.94,20.37,94.26,3.57,5.15,PNQ,18.52,73.86,semi_arid,NASA_POWER_daily_ag,3.95,8.764,0.8815,dewpoint,746.5,28.445
2019-01-25,17.29,28.09,9.29,38.74,0.0,1.88,20.45,94.23,1.88,1.3,PNQ,18.52,73.86,semi_arid,NASA_POWER_daily_ag,3.966,8.377,0.6711,dewpoint,749.7,28.554
2019-01-26,18.06,28.38,8.67,41.05,0.0,1.98,18.2,94.25,5.35,3.31,PNQ,18.52,73.86,semi_arid,NASA_POWER_daily_ag,3.936,8.045,0.7746,dewpoint,747.6,28.666
2019-01-27,19.6,27.51,12.54,58.5,0.0,3.2,17.13,94.38,7.99,10.61,PNQ,18.52,73.86,semi_arid,NASA_POWER_daily_ag,4.084,8.56,1.2791,dewpoint,733.5,28.779
2019-01-28,18.49,26.99,12.08,38.34,0.0,3.36,18.42,94.49,2.6,3.32,PNQ,18.52,73.86,semi_arid,NASA_POWER_daily_ag,4.939,8.109,0.7751,dewpoint,721.5,28.894
2019-01-29,18.09,28.28,10.48,25.56,0.0,3.19,18.54,94.48,2.15,-2.77,PNQ,18.52,73.86,semi_arid,NASA_POWER_daily_ag,5.266,7.495,0.4981,dewpoint,722.6,29.011
2019-01-30,19.11,29.57,9.94,25.3,0.0,1.86,20.25,94.38,2.04,-2.48,PNQ,18.52,73.86,semi_arid,NASA_POWER_daily_ag,4.407,7.938,0.509,dewpoint,733.5,29.131
2019-01-31,20.58,30.82,11.8,32.72,0.0,1.29,19.73,94.27,1.79,2.06,PNQ,18.52,73.86,semi_arid,NASA_POWER_daily_ag,3.878,8.266,0.7087,dewpoint,745.4,29.252
2019-02-01,21.1,30.96,13.13,42.88,0.0,1.7,19.22,94.24,4.08,7.1,PNQ,18.52,73.86,semi_arid,NASA_POWER_daily_ag,4.111,8.792,1.0088,dewpoint,748.7,29.374
2019-02-02,21.51,31.12,13.89,43.26,0.0,1.78,18.14,94.16,5.98,7.44,PNQ,18.52,73.86,semi_arid,NASA_POWER_daily_ag,4.141,8.495,1.0325,dewpoint,757.4,29.499
2019-02-03,22.89,31.28,14.97,43.35,0.0,1.84,16.94,94.26,19.92,8.73,PNQ,18.52,73.86,semi_arid,NASA_POWER_daily_ag,4.256,8.256,1.1273,dewpoint,746.5,29.625
2019-02-04,23.38,32.22,15.76,40.92,0.0,2.78,18.7,94.42,35.58,8.44,PNQ,18.52,73.86,semi_arid,NASA_POWER_daily_ag,5.274,8.773,1.1053,dewpoint,729.1,29.752
2019-02-05,23.26,32.41,15.46,44.95,0.0,1.41,19.1,94.4,6.39,9.26,PNQ,18.52,73.86,semi_arid,NASA_POWER_daily_ag,4.113,9.069,1.1684,dewpoint,731.3,29.881
2019-02-06,22.26,32.43,15.28,48.4,0.0,2.23,19.64,94.14,2.72,9.48,PNQ,18.52,73.86,semi_arid,NASA_POWER_daily_ag,4.611,9.336,1.1858,dewpoint,759.5,30.011
2019-02-07,18.46,27.71,12.03,62.65,0.0,2.68,21.32,94.19,3.63,9.71,PNQ,18.52,73.86,semi_arid,NASA_POWER_daily_ag,4.108,10.34,1.2043,dewpoint,754.1,30.143
2019-02-08,16.73,26.85,9.95,55.37,0.0,2.46,22.96,94.35,2.47,5.01,PNQ,18.52,73.86,semi_arid,NASA_POWER_daily_ag,4.25,10.314,0.8729,dewpoint,736.7,30.276
2019-02-09,17.26,30.07,7.2,30.71,0.0,2.23,23.29,94.32,6.33,-3.73,PNQ,18.52,73.86,semi_arid,NASA_POWER_daily_ag,4.76,9.14,0.4636,dewpoint,740.0,30.41
2019-02-10,20.07,32.31,10.47,22.67,0.0,2.89,22.37,94.37,4.7,-3.21,PNQ,18.52,73.86,semi_arid,NASA_POWER_daily_ag,5.768,8.706,0.482,dewpoint,734.5,30.545
2019-02-11,22.37,32.98,12.78,28.83,0.0,1.4,21.19,94.34,10.3,2.0,PNQ,18.52,73.86,semi_arid,NASA_POWER_daily_ag,4.427,8.986,0.7056,dewpoint,737.8,30.681
2019-02-12,25.23,33.74,16.54,39.24,0.0,1.55,17.34,94.38,23.99,9.87,PNQ,18.52,73.86,semi_arid,NASA_POWER_daily_ag,4.403,8.695,1.2173,dewpoint,733.5,30.817
2019-02-13,26.05,34.21,18.92,40.27,0.0,1.36,18.82,94.46,14.3,10.35,PNQ,18.52,73.86,semi_arid,NASA_POWER_daily_ag,4.445,9.23,1.2571,dewpoint,724.8,30.955
2019-02-14,24.9,34.36,17.75,39.92,0.0,2.11,19.93,94.24,3.52,8.78,PNQ,18.52,73.86,semi_arid,NASA_POWER_daily_ag,5.181,9.452,1.1311,dewpoint,748.7,31.093
2019-02-15,22.79,32.3,16.34,44.66,0.0,2.34,22.13,94.28,1.75,8.8,PNQ,18.52,73.86,semi_arid,NASA_POWER_daily_ag,5.153,10.407,1.1326,dewpoint,744.3,31.232
2019-02-16,21.47,32.44,12.85,38.73,0.0,1.65,23.41,94.28,3.3,3.45,PNQ,18.52,73.86,semi_arid,NASA_POWER_daily_ag,4.751,10.127,0.7823,dewpoint,744.3,31.372
2019-02-17,21.65,32.59,13.03,29.74,0.0,1.68,22.61,94.17,5.19,0.45,PNQ,18.52,73.86,semi_arid,NASA_POWER_daily_ag,4.834,9.474,0.6311,dewpoint,756.3,31.512
2019-02-18,23.18,35.27,13.72,27.99,0.0,1.6,21.51,94.02,7.74,1.03,PNQ,18.52,73.86,semi_arid,NASA_POWER_daily_ag,4.853,9.11,0.6581,dewpoint,772.6,31.652
2019-02-19,24.99,36.61,15.99,28.22,0.0,1.58,22.17,94.03,2.79,2.67,PNQ,18.52,73.86,semi_arid,NASA_POWER_daily_ag,5.083,9.4,0.7402,dewpoint,771.5,31.792
2019-02-20,25.2,37.18,15.78,34.08,0.0,2.5,21.55,94.24,3.97,5.43,PNQ,18.52,73.86,semi_arid,NASA_POWER_daily_ag,6.007,9.652,0.8988,dewpoint,748.7,31.933
2019-02-21,25.94,36.12,17.76,50.63,0.0,2.01,20.61,94.45,7.61,12.65,PNQ,18.52,73.86,semi_arid,NASA_POWER_daily_ag,5.156,10.516,1.4638,dewpoint,725.9,32.074
2019-02-22,27.49,35.57,20.34,37.91,0.0,1.49,19.25,94.32,18.83,10.8,PNQ,18.52,73.86,semi_arid,NASA_POWER_daily_ag,4.889,9.671,1.2954,dewpoint,740.0,32.215
2019-02-23,27.69,37.03,19.99,30.62,0.0,2.32,21.83,94.12,2.6,7.85,PNQ,18.52,73.86,semi_arid,NASA_POWER_daily_ag,6.222,10.099,1.0619,dewpoint,761.7,32.356
2019-02-24,26.29,36.43,19.2,23.18,0.0,2.39,22.82,94.01,2.27,2.21,PNQ,18.52,73.86,semi_arid,NASA_POWER_daily_ag,6.367,9.615,0.7163,dewpoint,773.7,32.497
2019-02-25,25.24,35.38,17.77,26.87,0.0,2.21,23.88,93.96,0.48,2.85,PNQ,18.52,73.86,semi_arid,NASA_POWER_daily_ag,6.064,10.205,0.7497,dewpoint,779.1,32.638
2019-02-26,23.19,31.94,16.41,33.45,0.0,2.79,22.8,93.96,31.21,4.33,PNQ,18.52,73.86,semi_arid,NASA_POWER_daily_ag,6.11,10.396,0.8323,dewpoint,779.1,32.778
2019-02-27,21.57,30.26,14.93,47.79,0.0,2.69,23.05,93.93,35.8,8.34,PNQ,18.52,73.86,semi_arid,NASA_POWER_daily_ag,5.36,11.307,1.0979,dewpoint,782.4,32.918
2019-02-28,21.67,31.36,13.24,43.68,0.0,1.39,24.57,93.97,5.28,4.96,PNQ,18.52,73.86,semi_arid,NASA_POWER_daily_ag,4.755,11.359,0.8699,dewpoint,778.0,33.057
2019-03-01,22.93,34.09,12.79,26.05,0.0,1.33,24.2,93.91,1.99,-0.15,PNQ,18.52,73.86,semi_arid,NASA_POWER_daily_ag,4.885,10.366,0.6042,dewpoint,784.6,33.196
2019-03-02,24.84,37.06,15.58,34.71,0.0,2.59,23.74,93.96,2.39,4.49,PNQ,18.52,73.86,semi_arid,NASA_POWER_daily_ag,6.358,10.664,0.8417,dewpoint,779.1,33.335
2019-03-03,23.59,34.12,16.56,59.28,0.0,2.14,24.09,93.99,4.3,11.71,PNQ,18.52,73.86,semi_arid,NASA_POWER_daily_ag,5.287,12.227,1.376,dewpoint,775.8,33.473
2019-03-04,23.34,33.46,16.9,64.13,0.0,2.94,23.73,93.91,11.56,14.11,PNQ,18.52,73.86,semi_arid,NASA_POWER_daily_ag,5.341,12.603,1.6101,dewpoint,784.6,33.61
2019-03-05,23.14,33.01,17.17,59.49,0.0,2.71,23.53,93.91,11.66,12.49,PNQ,18.52,73.86,semi_arid,NASA_POWER_daily_ag,5.383,12.242,1.4485,dewpoint,784.6,33.746
2019-03-06,21.93,32.57,14.07,55.2,0.0,2.39,24.14,94.01,7.77,9.09,PNQ,18.52,73.86,semi_arid,NASA_POWER_daily_ag,5.34,12.041,1.1551,dewpoint,773.7,33.882
2019-03-07,22.96,34.31,12.87,40.9,0.0,2.03,25.27,93.96,1.94,4.62,PNQ,18.52,73.86,semi_arid,NASA_POWER_daily_ag,5.679,11.697,0.8494,dewpoint,779.1,34.016
2019-03-08,25.47,36.4,16.11,27.08,0.0,2.26,24.03,94.08,0.75,3.31,PNQ,18.52,73.86,semi_arid,NASA_POWER_daily_ag,6.295,10.837,0.7746,dewpoint,766.1,34.15
2019-03-09,25.9,36.16,17.77,29.82,0.0,2.28,24.57,94.16,1.12,5.28,PNQ,18.52,73.86,semi_arid,NASA_POWER_daily_ag,6.367,11.311,0.8895,dewpoint,757.4,34.282
2019-03-10,25.84,37.32,16.96,30.31,0.0,2.36,24.95,94.13,0.82,4.81,PNQ,18.52,73.86,semi_arid,NASA_POWER_daily_ag,6.496,11.374,0.8608,dewpoint,760.6,34.413
2019-03-11,25.07,35.59,17.15,38.21,0.0,2.45,24.91,94.23,1.14,7.64,PNQ,18.52,73.86,semi_arid,NASA_POWER_daily_ag,6.293,11.976,1.0467,dewpoint,749.7,34.543
2019-03-12,25.36,36.29,15.98,39.24,0.0,1.94,24.39,94.26,6.94,7.29,PNQ,18.52,73.86,semi_arid,NASA_POWER_daily_ag,5.858,11.771,1.022,dewpoint,746.5,34.672
2019-03-13,24.67,35.07,16.36,43.19,0.0,2.75,23.29,94.27,17.61,8.89,PNQ,18.52,73.86,semi_arid,NASA_POWER_daily_ag,6.227,11.701,1.1396,dewpoint,745.4,34.8
2019-03-14,24.76,35.15,16.29,39.89,0.0,2.68,23.44,94.27,12.11,7.73,PNQ,18.52,73.86,semi_arid,NASA_POWER_daily_ag,6.314,11.601,1.0532,dewpoint,745.4,34.926
2019-03-15,26.18,36.78,16.95,24.12,0.0,2.06,24.87,94.2,1.29,3.0,PNQ,18.52,73.86,semi_arid,NASA_POWER_daily_ag,6.343,11.282,0.7578,dewpoint,753.0,35.051
2019-03-16,27.29,38.11,18.18,22.85,0.0,2.06,25.16,94.1,0.87,2.97,PNQ,18.52,73.86,semi_arid,NASA_POWER_daily_ag,6.545,11.278,0.7562,dewpoint,763.9,35.174
2019-03-17,26.5,36.81,18.98,24.75,0.0,2.34,25.4,94.15,0.87,2.98,PNQ,18.52,73.86,semi_arid,NASA_POWER_daily_ag,6.772,11.433,0.7567,dewpoint,758.4,35.296
2019-03-18,26.51,37.56,17.77,25.89,0.0,2.36,25.08,94.13,3.12,3.06,PNQ,18.52,73.86,semi_arid,NASA_POWER_daily_ag,6.781,11.393,0.761,dewpoint,760.6,35.416
2019-03-19,26.75,37.73,18.0,25.72,0.0,2.3,25.96,93.93,2.93,2.95,PNQ,18.52,73.86,semi_arid,NASA_POWER_daily_ag,6.843,11.689,0.7551,dewpoint,782.4,35.534
2019-03-20,26.32,37.26,18.17,31.9,0.0,2.37,25.42,93.93,8.49,5.68,PNQ,18.52,73.86,semi_arid,NASA_POWER_daily_ag,6.696,12.015,0.9146,dewpoint,782.4,35.651
2019-03-21,25.55,36.65,16.05,41.53,0.0,2.27,25.69,94.08,5.34,8.38,PNQ,18.52,73.86,semi_arid,NASA_POWER_daily_ag,6.359,12.745,1.1009,dewpoint,766.1,35.766
2019-03-22,26.2,37.15,16.64,29.97,0.0,2.06,26.32,94.15,4.79,4.21,PNQ,18.52,73.86,semi_arid,NASA_POWER_daily_ag,6.512,12.224,0.8254,dewpoint,758.4,35.88
2019-03-23,28.21,38.99,18.15,21.9,0.0,1.89,25.81,94.08,7.44,2.27,PNQ,18.52,73.86,semi_arid,NASA_POWER_daily_ag,6.609,11.588,0.7194,dewpoint,766.1,35.991
2019-03-24,29.21,39.52,19.31,18.41,0.0,1.84,25.46,93.96,5.27,1.87,PNQ,18.52,73.86,semi_arid,NASA_POWER_daily_ag,6.657,11.362,0.6991,dewpoint,779.1,36.101
2019-03-25,30.6,40.3,20.91,20.81,0.0,2.14,23.4,93.95,19.14,4.95,PNQ,18.52,73.86,semi_arid,NASA_POWER_daily_ag,7.05,11.072,0.8693,dewpoint,780.2,36.209
2019-03-26,30.25,40.16,21.45,21.44,0.0,2.06,25.28,94.07,7.59,3.83,PNQ,18.52,73.86,semi_arid,NASA_POWER_daily_ag,7.083,11.539,0.8036,dewpoint,767.1,36.315
2019-03-27,29.25,40.11,20.8,29.66,0.0,1.64,25.62,94.22,5.56,5.89,PNQ,18.52,73.86,semi_arid,NASA_POWER_daily_ag,6.365,12.063,0.928,dewpoint,750.8,36.419
2019-03-28,29.34,40.36,19.54,22.37,0.0,1.67,25.95,94.13,7.93,1.73,PNQ,18.52,73.86,semi_arid,NASA_POWER_daily_ag,6.495,11.563,0.6921,dewpoint,760.6,36.521
2019-03-29,29.84,40.69,19.6,27.78,0.0,1.77,25.98,93.96,0.47,5.11,PNQ,18.52,73.86,semi_arid,NASA_POWER_daily_ag,6.703,12.144,0.879,dewpoint,779.1,36.621
2019-03-30,29.79,40.46,20.98,32.82,0.0,2.25,24.69,93.91,3.99,8.53,PNQ,18.52,73.86,semi_arid,NASA_POWER_daily_ag,7.093,12.25,1.1121,dewpoint,784.6,36.719
2019-03-31,28.66,38.76,20.65,42.91,0.0,2.56,24.77,94.01,9.73,11.59,PNQ,18.52,73.86,semi_arid,NASA_POWER_daily_ag,7.042,12.951,1.3651,dewpoint,773.7,36.815
2019-04-01,27.65,38.76,19.23,39.64,0.0,2.58,26.7,94.02,0.68,9.3,PNQ,18.52,73.86,semi_arid,NASA_POWER_daily_ag,7.205,13.383,1.1715,dewpoint,772.6,36.909
2019-04-02,28.38,39.93,18.95,38.44,0.0,1.94,27.51,93.96,2.2,8.53,PNQ,18.52,73.86,semi_arid,NASA_POWER_daily_ag,6.812,13.528,1.1121,dewpoint,779.1,37.001
2019-04-03,29.5,40.87,18.84,38.82,0.0,1.99,26.48,93.92,4.64,9.14,PNQ,18.52,73.86,semi_arid,NASA_POWER_daily_ag,6.948,13.223,1.159,dewpoint,783.5,37.091
2019-04-04,30.08,41.41,20.82,33.83,0.01,2.34,24.94,93.98,11.94,8.99,PNQ,18.52,73.86,semi_arid,NASA_POWER_daily_ag,7.291,12.505,1.1473,dewpoint,776.9,37.178
2019-04-05,28.91,39.7,20.85,48.97,0.0,2.3,25.27,94.1,17.85,14.06,PNQ,18.52,73.86,semi_arid,NASA_POWER_daily_ag,6.754,13.704,1.6048,dewpoint,763.9,37.264
2019-04-06,29.19,39.94,20.42,40.66,0.0,2.65,26.07,94.08,2.34,10.96,PNQ,18.52,73.86,semi_arid,NASA_POWER_daily_ag,7.476,13.455,1.3092,dewpoint,766.1,37.348
2019-04-07,28.86,39.16,20.46,39.22,0.0,2.55,26.55,93.95,0.92,10.68,PNQ,18.52,73.86,semi_arid,NASA_POWER_daily_ag,7.382,13.659,1.2851,dewpoint,780.2,37.429
2019-04-08,29.34,40.31,19.72,39.3,0.0,2.68,27.01,93.81,0.83,10.42,PNQ,18.52,73.86,semi_arid,NASA_POWER_daily_ag,7.696,13.794,1.263,dewpoint,795.5,37.508
2019-04-09,28.53,38.91,20.31,39.51,0.0,2.87,26.92,93.94,1.87,10.44,PNQ,18.52,73.86,semi_arid,NASA_POWER_daily_ag,7.68,13.823,1.2646,dewpoint,781.3,37.586
2019-04-10,29.29,40.3,19.9,30.94,0.0,2.48,27.37,93.96,0.63,7.51,PNQ,18.52,73.86,semi_arid,NASA_POWER_daily_ag,7.669,13.398,1.0375,dewpoint,779.1,37.661
2019-04-11,29.69,40.52,19.62,37.09,0.0,2.33,27.08,93.89,6.36,9.4,PNQ,18.52,73.86,semi_arid,NASA_POWER_daily_ag,7.48,13.67,1.1795,dewpoint,786.7,37.734
2019-04-12,29.99,40.31,21.18,39.81,0.02,2.34,26.09,93.86,6.73,11.08,PNQ,18.52,73.86,semi_arid,NASA_POWER_daily_ag,7.353,13.557,1.3197,dewpoint,790.0,37.805
2019-04-13,31.46,41.32,21.76,28.87,0.02,1.93,24.46,93.83,34.94,8.44,PNQ,18.52,73.86,semi_arid,NASA_POWER_daily_ag,7.038,12.37,1.1053,dewpoint,793.3,37.874
2019-04-14,31.31,39.34,23.23,33.63,0.78,1.66,22.8,93.91,60.05,11.54,PNQ,18.52,73.86,semi_arid,NASA_POWER_daily_ag,6.388,12.253,1.3606,dewpoint,784.6,37.941
2019-04-15,29.86,37.27,24.74,36.61,1.17,2.24,23.83,93.9,37.72,12.37,PNQ,18.52,73.86,semi_arid,NASA_POWER_daily_ag,6.887,12.877,1.4372,dewpoint,785.7,38.005
2019-04-16,28.16,35.54,22.23,51.31,0.6,2.88,22.32,93.89,32.78,15.54,PNQ,18.52,73.86,semi_arid,NASA_POWER_daily_ag,6.563,12.878,1.7655,dewpoint,786.7,38.068
2019-04-17,26.22,35.42,19.24,48.69,0.0,3.01,27.19,94.04,4.96,11.76,PNQ,18.52,73.86,semi_arid,NASA_POWER_daily_ag,7.141,14.54,1.3805,dewpoint,770.4,38.128
2019-04-18,26.1,37.66,15.04,39.01,0.0,2.39,28.57,93.98,2.26,6.24,PNQ,18.52,73.86,semi_arid,NASA_POWER_daily_ag,7.174,14.15,0.9508,dewpoint,776.9,38.187
2019-04-19,27.63,38.62,18.35,46.72,0.0,2.6,26.53,93.85,1.78,11.83,PNQ,18.52,73.86,semi_arid,NASA_POWER_daily_ag,7.114,14.181,1.3869,dewpoint,791.1,38.244
2019-04-20,27.96,38.26,18.99,40.35,0.0,2.61,28.17,93.69,2.93,10.11,PNQ,18.52,73.86,semi_arid,NASA_POWER_daily_ag,7.522,14.557,1.237,dewpoint,808.6,38.298
2019-04-21,27.89,37.78,19.26,47.02,0.0,2.87,28.1,93.7,2.56,12.68,PNQ,18.52,73.86,semi_arid,NASA_POWER_daily_ag,7.52,15.086,1.4667,dewpoint,807.5,38.351
2019-04-22,28.28,38.33,19.17,39.08,0.0,2.75,28.54,93.77,1.25,9.09,PNQ,18.52,73.86,semi_arid,NASA_POWER_daily_ag,7.848,14.52,1.1551,dewpoint,799.8,38.402
2019-04-23,29.49,40.65,19.02,37.35,0.0,2.33,27.17,93.85,3.44,9.5,PNQ,18.52,73.86,semi_arid,NASA_POWER_daily_ag,7.498,13.93,1.1874,dewpoint,791.1,38.45
2019-04-24,31.05,41.71,21.21,33.89,0.0,2.24,26.29,93.86,19.41,9.78,PNQ,18.52,73.86,semi_arid,NASA_POWER_daily_ag,7.576,13.493,1.21,dewpoint,790.0,38.497
2019-04-25,31.65,41.89,21.51,39.06,0.0,2.11,25.52,93.85,31.12,12.3,PNQ,18.52,73.86,semi_arid,NASA_POWER_daily_ag,7.344,13.638,1.4306,dewpoint,791.1,38.542
2019-04-26,33.03,43.2,23.5,31.62,0.0,2.57,25.82,93.72,12.19,10.89,PNQ,18.52,73.86,semi_arid,NASA_POWER_daily_ag,8.268,13.376,1.3031,dewpoint,805.3,38.585
2019-04-27,33.59,42.96,24.1,32.96,0.0,2.29,23.44,93.67,52.44,11.71,PNQ,18.52,73.86,semi_arid,NASA_POWER_daily_ag,7.692,12.534,1.376,dewpoint,810.7,38.627
2019-04-28,33.52,42.52,26.02,27.23,0.0,2.76,24.23,93.66,52.56,9.21,PNQ,18.52,73.86,semi_arid,NASA_POWER_daily_ag,8.508,12.391,1.1644,dewpoint,811.8,38.666
2019-04-29,31.15,40.33,22.71,39.9,0.0,3.0,23.85,93.72,92.02,12.89,PNQ,18.52,73.86,semi_arid,NASA_POWER_daily_ag,7.975,13.075,1.487,dewpoint,805.3,38.704
2019-04-30,30.01,38.7,23.0,38.14,0.0,3.18,25.22,93.68,37.66,12.2,PNQ,18.52,73.86,semi_arid,NASA_POWER_daily_ag,8.079,13.618,1.4212,dewpoint,809.6,38.74
2019-05-01,27.52,36.93,20.75,52.89,0.0,3.61,25.49,93.61,44.55,14.53,PNQ,18.52,73.86,semi_arid,NASA_POWER_daily_ag,7.403,14.334,1.6544,dewpoint,817.3,38.775
2019-05-02,26.92,36.75,19.78,51.79,0.0,3.35,26.91,93.62,54.84,12.94,PNQ,18.52,73.86,semi_arid,NASA_POWER_daily_ag,7.436,14.731,1.4919,dewpoint,816.2,38.808
2019-05-03,26.44,35.87,19.16,55.73,0.0,3.37,27.47,93.77,28.49,13.96,PNQ,18.52,73.86,semi_arid,NASA_POWER_daily_ag,7.232,15.261,1.5945,dewpoint,799.8,38.839
2019-05-04,26.85,35.71,20.31,60.49,0.0,3.45,26.69,93.98,16.84,16.65,PNQ,18.52,73.86,semi_arid,NASA_POWER_daily_ag,6.891,15.417,1.8952,dewpoint,776.9,38.869
2019-05-05,27.69,36.89,21.1,55.5,0.0,3.24,27.09,94.08,8.24,15.7,PNQ,18.52,73.86,semi_arid,NASA_POWER_daily_ag,7.257,15.343,1.7837,dewpoint,766.1,38.897
2019-05-06,28.79,38.68,20.57,52.18,0.0,2.7,26.93,93.91,8.72,14.65,PNQ,18.52,73.86,semi_arid,NASA_POWER_daily_ag,7.319,14.998,1.6673,dewpoint,784.6,38.924
2019-05-07,28.44,37.91,20.54,54.3,0.0,3.26,26.81,93.86,10.62,16.11,PNQ,18.52,73.86,semi_arid,NASA_POWER_daily_ag,7.423,15.289,1.8311,dewpoint,790.0,38.949
2019-05-08,27.95,36.95,22.11,59.73,0.0,3.81,25.69,93.95,16.83,17.6,PNQ,18.52,73.86,semi_arid,NASA_POWER_daily_ag,7.156,15.037,2.0126,dewpoint,780.2,38.973
2019-05-09,27.49,36.52,21.67,56.54,0.0,3.83,26.7,93.88,6.22,16.56,PNQ,18.52,73.86,semi_arid,NASA_POWER_daily_ag,7.32,15.356,1.8844,dewpoint,787.8,38.995
2019-05-10,27.57,36.87,21.28,55.08,0.0,3.65,28.13,93.87,5.39,15.75,PNQ,18.52,73.86,semi_arid,NASA_POWER_daily_ag,7.571,15.883,1.7895,dewpoint,788.9,39.016
2019-05-11,28.44,39.1,20.44,53.34,0.0,3.45,28.09,93.91,3.6,14.99,PNQ,18.52,73.86,semi_arid,NASA_POWER_daily_ag,7.854,15.631,1.7042,dewpoint,784.6,39.036
2019-05-12,29.1,40.07,20.7,53.75,0.0,3.29,27.85,93.84,8.89,15.63,PNQ,18.52,73.86,semi_arid,NASA_POWER_daily_ag,7.84,15.616,1.7758,dewpoint,792.2,39.055
2019-05-13,29.19,39.67,21.7,51.96,0.0,3.57,27.83,93.8,7.7,14.61,PNQ,18.52,73.86,semi_arid,NASA_POWER_daily_ag,8.198,15.364,1.663,dewpoint,796.6,39.072
2019-05-14,28.69,38.9,20.72,50.78,0.0,3.33,28.73,93.8,4.66,13.48,PNQ,18.52,73.86,semi_arid,NASA_POWER_daily_ag,8.122,15.605,1.5455,dewpoint,796.6,39.089
2019-05-15,28.63,38.82,20.31,49.47,0.0,3.19,28.59,93.88,1.75,12.37,PNQ,18.52,73.86,semi_arid,NASA_POWER_daily_ag,8.104,15.32,1.4372,dewpoint,787.8,39.104
2019-05-16,28.53,38.68,20.19,49.32,0.13,2.91,28.42,93.93,3.79,13.01,PNQ,18.52,73.86,semi_arid,NASA_POWER_daily_ag,7.769,15.395,1.4988,dewpoint,782.4,39.118
2019-05-17,28.97,39.2,19.61,48.47,0.0,3.23,27.73,93.93,4.82,13.6,PNQ,18.52,73.86,semi_arid,NASA_POWER_daily_ag,8.012,15.205,1.5576,dewpoint,782.4,39.131
2019-05-18,30.13,39.91,21.01,41.4,0.0,3.25,27.47,93.84,2.3,12.52,PNQ,18.52,73.86,semi_arid,NASA_POWER_daily_ag,8.444,14.782,1.4514,dewpoint,792.2,39.143
2019-05-19,31.25,40.62,22.95,32.33,0.0,3.29,27.76,93.81,1.08,11.06,PNQ,18.52,73.86,semi_arid,NASA_POWER_daily_ag,8.945,14.502,1.318,dewpoint,795.5,39.154
2019-05-20,31.54,41.61,22.83,34.77,0.0,3.05,27.83,93.82,2.17,11.92,PNQ,18.52,73.86,semi_arid,NASA_POWER_daily_ag,8.705,14.67,1.3952,dewpoint,794.4,39.164
2019-05-21,30.52,40.65,22.46,50.67,0.0,3.23,26.21,93.81,7.97,16.34,PNQ,18.52,73.86,semi_arid,NASA_POWER_daily_ag,7.94,14.925,1.8582,dewpoint,795.5,39.173
2019-05-22,30.31,39.92,22.93,54.29,0.0,3.32,26.73,93.78,9.72,17.86,PNQ,18.52,73.86,semi_arid,NASA_POWER_daily_ag,7.799,15.532,2.0459,dewpoint,798.7,39.181
2019-05-23,29.59,38.69,22.82,55.05,0.0,3.6,27.46,93.77,6.72,17.34,PNQ,18.52,73.86,semi_arid,NASA_POWER_daily_ag,7.915,15.829,1.9799,dewpoint,799.8,39.189
2019-05-24,29.47,38.43,22.22,55.67,0.0,3.3,27.11,93.81,24.63,17.32,PNQ,18.52,73.86,semi_arid,NASA_POWER_daily_ag,7.65,15.678,1.9774,dewpoint,795.5,39.195
2019-05-25,29.26,37.1,23.3,54.54,0.0,3.34,26.13,93.75,14.45,17.32,PNQ,18.52,73.86,semi_arid,NASA_POWER_daily_ag,7.479,15.203,1.9774,dewpoint,802.0,39.201
2019-05-26,29.24,37.79,22.33,50.61,0.0,3.41,27.48,93.68,9.78,15.45,PNQ,18.52,73.86,semi_arid,NASA_POWER_daily_ag,7.965,15.47,1.7554,dewpoint,809.6,39.207
2019-05-27,29.51,38.43,21.94,52.62,0.0,3.37,25.98,93.67,42.3,16.62,PNQ,18.52,73.86,semi_arid,NASA_POWER_daily_ag,7.669,14.979,1.8916,dewpoint,810.7,39.211
2019-05-28,30.21,40.01,22.59,52.63,0.0,3.86,27.28,93.62,5.15,16.88,PNQ,18.52,73.86,semi_arid,NASA_POWER_daily_ag,8.353,15.599,1.923,dewpoint,816.2,39.215
2019-05-29,30.09,39.95,22.84,52.51,0.0,3.81,26.97,93.56,20.99,16.32,PNQ,18.52,73.86,semi_arid,NASA_POWER_daily_ag,8.324,15.318,1.8558,dewpoint,822.7,39.219
2019-05-30,29.7,38.92,22.55,56.49,0.0,3.99,26.98,93.53,44.01,17.77,PNQ,18.52,73.86,semi_arid,NASA_POWER_daily_ag,8.055,15.697,2.0343,dewpoint,826.0,39.221
2019-05-31,30.05,39.64,23.56,55.38,0.0,3.89,26.41,93.52,55.92,17.88,PNQ,18.52,73.86,semi_arid,NASA_POWER_daily_ag,8.023,15.379,2.0485,dewpoint,827.1,39.224
2019-06-01,30.07,39.8,23.87,55.02,0.0,3.74,25.18,93.68,38.52,17.77,PNQ,18.52,73.86,semi_arid,NASA_POWER_daily_ag,7.795,14.72,2.0343,dewpoint,809.6,39.225
2019-06-02,30.43,40.0,23.43,57.14,0.0,3.98,26.18,93.63,48.69,18.94,PNQ,18.52,73.86,semi_arid,NASA_POWER_daily_ag,7.994,15.491,2.1892,dewpoint,815.1,39.227
2019-06-03,27.52,31.84,24.0,64.48,0.01,3.33,22.98,93.69,70.61,19.68,PNQ,18.52,73.86,semi_arid,NASA_POWER_daily_ag,6.045,14.172,2.2924,dewpoint,808.6,39.227
2019-06-04,29.34,37.69,23.57,59.15,0.02,4.07,21.78,93.61,64.71,19.11,PNQ,18.52,73.86,semi_arid,NASA_POWER_daily_ag,7.009,13.304,2.2125,dewpoint,817.3,39.228
2019-06-05,30.2,38.72,22.91,54.83,0.06,3.36,24.19,93.54,61.83,18.17,PNQ,18.52,73.86,semi_arid,NASA_POWER_daily_ag,7.41,14.363,2.0862,dewpoint,824.9,39.228
2019-06-06,29.92,37.31,24.32,51.96,0.03,3.74,18.88,93.61,82.19,17.64,PNQ,18.52,73.86,semi_arid,NASA_POWER_daily_ag,6.962,11.588,2.0177,dewpoint,817.3,39.227
2019-06-07,30.17,38.63,23.19,53.86,0.19,3.44,22.88,93.63,70.35,18.14,PNQ,18.52,73.86,semi_arid,NASA_POWER_daily_ag,7.281,13.684,2.0822,dewpoint,815.1,39.227
2019-06-08,28.62,32.1,24.41,61.15,0.95,2.31,22.34,93.6,75.34,19.93,PNQ,18.52,73.86,semi_arid,NASA_POWER_daily_ag,5.814,13.857,2.3282,dewpoint,818.4,39.226
2019-06-09,28.09,31.85,24.96,66.67,5.27,1.98,20.21,93.52,76.63,20.9,PNQ,18.52,73.86,semi_arid,NASA_POWER_daily_ag,5.068,12.85,2.4718,dewpoint,827.1,39.224
2019-06-10,27.62,32.52,24.2,75.41,14.23,1.7,20.36,93.35,94.07,22.39,PNQ,18.52,73.86,semi_arid,NASA_POWER_daily_ag,4.692,13.169,2.7074,dewpoint,845.7,39.222
2019-06-11,27.29,33.56,24.31,77.03,10.93,2.43,20.94,93.24,95.89,22.45,PNQ,18.52,73.86,semi_arid,NASA_POWER_daily_ag,4.851,13.491,2.7173,dewpoint,857.8,39.22
2019-06-12,26.4,30.89,23.4,76.7,6.89,5.65,11.22,93.18,96.73,21.7,PNQ,18.52,73.86,semi_arid,NASA_POWER_daily_ag,4.031,7.939,2.596,dewpoint,864.3,39.218
2019-06-13,25.95,30.86,22.67,73.65,5.97,5.73,18.44,93.4,91.75,20.42,PNQ,18.52,73.86,semi_arid,NASA_POWER_daily_ag,5.19,11.862,2.3998,dewpoint,840.2,39.216
2019-06-14,25.68,31.07,21.96,75.32,12.72,4.71,19.7,93.46,80.15,20.43,PNQ,18.52,73.86,semi_arid,NASA_POWER_daily_ag,5.021,12.564,2.4013,dewpoint,833.7,39.213
2019-06-15,26.07,31.22,22.73,76.76,12.67,4.65,16.78,93.57,78.13,21.17,PNQ,18.52,73.86,semi_arid,NASA_POWER_daily_ag,4.576,11.022,2.5131,dewpoint,821.7,39.21
2019-06-16,26.67,32.13,23.05,76.85,2.54,4.14,20.98,93.68,73.35,21.77,PNQ,18.52,73.86,semi_arid,NASA_POWER_daily_ag,5.109,13.441,2.6071,dewpoint,809.6,39.207
2019-06-17,26.37,31.44,23.11,76.99,2.08,4.48,19.38,93.74,71.09,21.58,PNQ,18.52,73.86,semi_arid,NASA_POWER_daily_ag,4.879,12.52,2.577,dewpoint,803.1,39.204
2019-06-18,26.16,31.08,22.77,77.38,5.26,4.87,17.88,93.55,80.18,21.51,PNQ,18.52,73.86,semi_arid,NASA_POWER_daily_ag,4.674,11.679,2.566,dewpoint,823.8,39.2
2019-06-19,26.1,30.71,23.17,79.27,7.58,4.1,13.25,93.47,91.43,21.89,PNQ,18.52,73.86,semi_arid,NASA_POWER_daily_ag,3.789,9.098,2.6263,dewpoint,832.6,39.196
2019-06-20,26.35,31.46,22.95,76.93,1.46,3.76,21.23,93.52,69.85,21.55,PNQ,18.52,73.86,semi_arid,NASA_POWER_daily_ag,5.01,13.561,2.5723,dewpoint,827.1,39.192
2019-06-21,26.91,33.23,22.15,72.29,0.04,3.25,21.77,93.49,49.34,20.83,PNQ,18.52,73.86,semi_arid,NASA_POWER_daily_ag,5.378,13.719,2.4612,dewpoint,830.4,39.188
2019-06-22,26.54,32.1,22.79,73.82,0.86,2.62,19.15,93.42,89.09,21.01,PNQ,18.52,73.86,semi_arid,NASA_POWER_daily_ag,4.68,12.307,2.4885,dewpoint,838.1,39.184
2019-06-23,25.44,29.62,23.24,79.97,3.21,2.66,15.02,93.34,97.7,21.48,PNQ,18.52,73.86,semi_arid,NASA_POWER_daily_ag,3.655,10.077,2.5613,dewpoint,846.8,39.18
2019-06-24,24.59,27.13,22.58,82.4,6.64,2.43,13.7,93.44,98.36,21.22,PNQ,18.52,73.86,semi_arid,NASA_POWER_daily_ag,3.234,9.339,2.5208,dewpoint,835.9,39.175
2019-06-25,26.29,31.97,22.66,78.84,4.66,2.73,19.22,93.51,79.71,21.9,PNQ,18.52,73.86,semi_arid,NASA_POWER_daily_ag,4.448,12.473,2.6279,dewpoint,828.2,39.171
2019-06-26,26.02,31.4,23.2,82.16,9.6,2.48,18.37,93.51,77.61,22.46,PNQ,18.52,73.86,semi_arid,NASA_POWER_daily_ag,4.08,12.066,2.719,dewpoint,828.2,39.166
2019-06-27,24.98,28.97,22.85,87.12,58.54,3.75,13.72,93.44,92.91,22.58,PNQ,18.52,73.86,semi_arid,NASA_POWER_daily_ag,3.106,9.43,2.7389,dewpoint,835.9,39.161
2019-06-28,23.65,26.56,21.81,90.76,106.74,5.1,3.9,93.45,99.7,22.02,PNQ,18.52,73.86,semi_arid,NASA_POWER_daily_ag,1.543,3.754,2.6472,dewpoint,834.8,39.155
2019-06-29,23.5,25.17,21.7,92.59,39.67,4.61,7.99,93.43,99.65,22.22,PNQ,18.52,73.86,semi_arid,NASA_POWER_daily_ag,1.865,6.113,2.6796,dewpoint,837.0,39.15
2019-06-30,24.25,26.66,22.86,89.69,38.02,4.16,8.86,93.45,99.47,22.39,PNQ,18.52,73.86,semi_arid,NASA_POWER_daily_ag,2.237,6.617,2.7074,dewpoint,834.8,39.144
2019-07-01,23.83,25.6,22.72,90.95,55.88,3.82,6.24,93.43,99.31,22.22,PNQ,18.52,73.86,semi_arid,NASA_POWER_daily_ag,1.768,5.099,2.6796,dewpoint,837.0,39.138
2019-07-02,24.35,27.58,22.3,88.49,32.6,4.03,11.2,93.43,99.53,22.22,PNQ,18.52,73.86,semi_arid,NASA_POWER_daily_ag,2.643,7.963,2.6796,dewpoint,837.0,39.132
2019-07-03,23.89,26.3,21.93,89.78,12.79,3.53,11.09,93.46,99.72,22.04,PNQ,18.52,73.86,semi_arid,NASA_POWER_daily_ag,2.486,7.899,2.6504,dewpoint,833.7,39.126
2019-07-04,23.0,25.84,20.6,83.28,4.47,3.79,13.28,93.48,97.63,19.82,PNQ,18.52,73.86,semi_arid,NASA_POWER_daily_ag,3.147,9.033,2.3124,dewpoint,831.5,39.119
2019-07-05,24.3,26.55,20.71,91.46,35.31,5.35,9.07,93.29,98.4,22.79,PNQ,18.52,73.86,semi_arid,NASA_POWER_daily_ag,2.147,6.747,2.774,dewpoint,852.3,39.112
2019-07-06,24.22,25.82,23.4,93.07,63.1,6.38,7.38,93.25,99.64,23.04,PNQ,18.52,73.86,semi_arid,NASA_POWER_daily_ag,1.784,5.755,2.8162,dewpoint,856.7,39.105
2019-07-07,24.12,25.57,23.26,93.98,45.42,5.78,12.0,93.32,99.47,23.1,PNQ,18.52,73.86,semi_arid,NASA_POWER_daily_ag,2.245,8.475,2.8265,dewpoint,849.0,39.097
2019-07-08,24.65,26.96,23.25,91.54,39.66,5.62,4.96,93.47,99.61,23.15,PNQ,18.52,73.86,semi_arid,NASA_POWER_daily_ag,1.665,4.331,2.835,dewpoint,832.6,39.089
2019-07-09,24.73,26.84,23.64,92.66,29.36,5.55,11.93,93.36,95.78,23.45,PNQ,18.52,73.86,semi_arid,NASA_POWER_daily_ag,2.411,8.442,2.8868,dewpoint,844.6,39.081
2019-07-10,24.71,26.88,23.49,92.06,30.98,5.73,7.03,93.37,95.47,23.31,PNQ,18.52,73.86,semi_arid,NASA_POWER_daily_ag,1.872,5.546,2.8625,dewpoint,843.5,39.073
2019-07-11,24.13,25.38,23.19,93.71,36.32,5.36,10.55,93.57,99.41,23.07,PNQ,18.52,73.86,semi_arid,NASA_POWER_daily_ag,2.102,7.618,2.8214,dewpoint,821.7,39.064
2019-07-12,24.65,27.61,22.57,89.44,5.46,4.53,16.38,93.69,99.13,22.72,PNQ,18.52,73.86,semi_arid,NASA_POWER_daily_ag,3.264,10.992,2.7622,dewpoint,808.6,39.054
2019-07-13,24.51,27.21,22.76,90.72,7.02,4.25,16.28,93.78,95.17,22.84,PNQ,18.52,73.86,semi_arid,NASA_POWER_daily_ag,3.143,10.947,2.7824,dewpoint,798.7,39.044
2019-07-14,24.3,26.68,22.89,92.21,11.35,4.55,15.59,93.75,93.82,22.93,PNQ,18.52,73.86,semi_arid,NASA_POWER_daily_ag,2.906,10.557,2.7976,dewpoint,802.0,39.034
2019-07-15,24.44,27.56,22.46,89.7,8.54,4.08,15.06,93.61,87.47,22.57,PNQ,18.52,73.86,semi_arid,NASA_POWER_daily_ag,3.056,10.21,2.7372,dewpoint,817.3,39.023
2019-07-16,24.01,26.38,22.45,91.42,7.85,4.18,15.13,93.67,89.88,22.5,PNQ,18.52,73.86,semi_arid,NASA_POWER_daily_ag,2.894,10.255,2.7256,dewpoint,810.7,39.012
2019-07-17,24.01,26.8,22.02,89.81,2.4,3.39,16.1,93.64,86.8,22.18,PNQ,18.52,73.86,semi_arid,NASA_POWER_daily_ag,3.156,10.785,2.6731,dewpoint,814.0,39.0
2019-07-18,24.4,28.27,21.7,87.72,3.7,2.67,18.3,93.44,75.16,22.11,PNQ,18.52,73.86,semi_arid,NASA_POWER_daily_ag,3.635,12.03,2.6617,dewpoint,835.9,38.987
2019-07-19,24.92,28.98,21.64,87.21,14.57,1.62,21.45,93.26,66.59,22.49,PNQ,18.52,73.86,semi_arid,NASA_POWER_daily_ag,4.207,13.892,2.7239,dewpoint,855.6,38.974
2019-07-20,25.37,29.36,22.61,86.02,17.59,0.86,13.45,93.23,95.69,22.68,PNQ,18.52,73.86,semi_arid,NASA_POWER_daily_ag,2.954,9.268,2.7555,dewpoint,858.9,38.96
2019-07-21,25.12,28.83,22.7,88.37,11.95,1.6,18.02,93.12,83.52,22.96,PNQ,18.52,73.86,semi_arid,NASA_POWER_daily_ag,3.651,11.956,2.8026,dewpoint,870.9,38.946
2019-07-22,24.64,26.99,23.01,92.83,12.63,2.76,20.23,93.11,68.07,23.4,PNQ,18.52,73.86,semi_arid,NASA_POWER_daily_ag,3.678,13.336,2.8781,dewpoint,872.0,38.93
2019-07-23,24.8,28.84,22.56,90.22,10.95,2.8,15.45,93.22,74.74,23.02,PNQ,18.52,73.86,semi_arid,NASA_POWER_daily_ag,3.131,10.461,2.8128,dewpoint,860.0,38.914
2019-07-24,24.04,25.52,23.19,93.84,41.9,4.44,9.88,93.4,98.83,22.99,PNQ,18.52,73.86,semi_arid,NASA_POWER_daily_ag,2.032,7.214,2.8077,dewpoint,840.2,38.897
2019-07-25,24.19,26.23,23.08,93.44,24.46,4.77,7.58,93.58,99.76,23.07,PNQ,18.52,73.86,semi_arid,NASA_POWER_daily_ag,1.772,5.863,2.8214,dewpoint,820.6,38.88
2019-07-26,23.81,25.4,23.02,94.15,72.45,5.3,6.48,93.52,99.9,22.82,PNQ,18.52,73.86,semi_arid,NASA_POWER_daily_ag,1.56,5.22,2.779,dewpoint,827.1,38.861
2019-07-27,23.4,24.24,22.6,95.4,62.85,6.18,4.6,93.5,99.97,22.64,PNQ,18.52,73.86,semi_arid,NASA_POWER_daily_ag,1.208,4.121,2.7488,dewpoint,829.3,38.842
2019-07-28,23.52,24.93,22.56,94.3,26.8,5.97,8.39,93.49,99.63,22.56,PNQ,18.52,73.86,semi_arid,NASA_POWER_daily_ag,1.751,6.334,2.7355,dewpoint,830.4,38.821
2019-07-29,23.28,24.29,22.52,95.47,55.34,5.82,4.3,93.42,99.09,22.53,PNQ,18.52,73.86,semi_arid,NASA_POWER_daily_ag,1.167,3.949,2.7306,dewpoint,838.1,38.8
2019-07-30,22.96,24.19,22.02,95.31,46.2,5.87,5.34,93.51,99.5,22.19,PNQ,18.52,73.86,semi_arid,NASA_POWER_daily_ag,1.286,4.563,2.6747,dewpoint,828.2,38.777
2019-07-31,23.15,24.46,22.04,94.78,32.18,5.71,8.71,93.62,99.52,22.28,PNQ,18.52,73.86,semi_arid,NASA_POWER_daily_ag,1.729,6.515,2.6894,dewpoint,816.2,38.754
2019-08-01,23.53,25.78,22.04,92.75,36.67,6.22,9.88,93.61,99.28,22.28,PNQ,18.52,73.86,semi_arid,NASA_POWER_daily_ag,2.064,7.188,2.6894,dewpoint,817.3,38.729
2019-08-02,23.27,25.19,21.89,93.85,52.34,6.57,7.78,93.5,99.4,22.23,PNQ,18.52,73.86,semi_arid,NASA_POWER_daily_ag,1.705,5.974,2.6812,dewpoint,829.3,38.704
2019-08-03,23.39,24.43,22.67,96.03,71.94,6.4,5.93,93.4,99.46,22.74,PNQ,18.52,73.86,semi_arid,NASA_POWER_daily_ag,1.295,4.892,2.7656,dewpoint,840.2,38.677
2019-08-04,23.38,24.5,22.57,96.42,103.69,6.0,4.81,93.35,99.1,22.8,PNQ,18.52,73.86,semi_arid,NASA_POWER_daily_ag,1.137,4.235,2.7756,dewpoint,845.7,38.649
2019-08-05,23.6,24.72,22.87,95.23,39.84,6.48,6.14,93.31,99.11,22.81,PNQ,18.52,73.86,semi_arid,NASA_POWER_daily_ag,1.401,5.013,2.7773,dewpoint,850.1,38.619
2019-08-06,23.51,24.5,22.85,95.25,27.76,6.49,7.34,93.27,99.56,22.73,PNQ,18.52,73.86,semi_arid,NASA_POWER_daily_ag,1.526,5.714,2.7639,dewpoint,854.5,38.589
2019-08-07,23.44,24.4,22.84,95.89,32.7,6.29,5.98,93.17,99.66,22.77,PNQ,18.52,73.86,semi_arid,NASA_POWER_daily_ag,1.315,4.918,2.7706,dewpoint,865.4,38.557
2019-08-08,23.25,24.86,22.48,95.08,22.64,6.57,7.46,93.07,99.44,22.43,PNQ,18.52,73.86,semi_arid,NASA_POWER_daily_ag,1.55,5.783,2.714,dewpoint,876.4,38.523
2019-08-09,23.12,24.25,22.43,95.84,24.63,6.54,8.0,93.17,99.52,22.44,PNQ,18.52,73.86,semi_arid,NASA_POWER_daily_ag,1.526,6.095,2.7157,dewpoint,865.4,38.489
2019-08-10,23.26,25.58,21.53,93.32,22.81,6.72,8.8,93.32,97.28,22.12,PNQ,18.52,73.86,semi_arid,NASA_POWER_daily_ag,1.866,6.552,2.6633,dewpoint,849.0,38.452
2019-08-11,23.04,25.95,21.33,92.25,15.0,5.23,10.56,93.46,94.22,21.7,PNQ,18.52,73.86,semi_arid,NASA_POWER_daily_ag,2.164,7.547,2.596,dewpoint,833.7,38.415
2019-08-12,23.17,25.47,21.37,92.78,7.28,3.76,12.13,93.53,93.97,21.92,PNQ,18.52,73.86,semi_arid,NASA_POWER_daily_ag,2.359,8.455,2.6311,dewpoint,826.0,38.376
2019-08-13,23.83,27.2,21.76,92.28,7.85,4.1,10.6,93.52,91.98,22.47,PNQ,18.52,73.86,semi_arid,NASA_POWER_daily_ag,2.235,7.587,2.7206,dewpoint,827.1,38.335
2019-08-14,23.42,25.47,22.31,94.52,6.7,3.31,11.97,93.59,99.55,22.5,PNQ,18.52,73.86,semi_arid,NASA_POWER_daily_ag,2.261,8.383,2.7256,dewpoint,819.5,38.293
2019-08-15,23.92,26.84,22.29,92.04,7.41,4.29,12.35,93.64,99.39,22.52,PNQ,18.52,73.86,semi_arid,NASA_POWER_daily_ag,2.474,8.593,2.7289,dewpoint,814.0,38.249
2019-08-16,23.9,27.23,21.83,90.95,7.02,4.37,14.0,93.61,91.53,22.28,PNQ,18.52,73.86,semi_arid,NASA_POWER_daily_ag,2.765,9.523,2.6894,dewpoint,817.3,38.204
2019-08-17,23.58,27.05,21.4,90.36,2.41,3.43,16.34,93.61,89.62,21.84,PNQ,18.52,73.86,semi_arid,NASA_POWER_daily_ag,3.104,10.821,2.6183,dewpoint,817.3,38.157
2019-08-18,23.44,27.0,21.11,90.57,2.53,2.98,13.43,93.75,90.2,21.74,PNQ,18.52,73.86,semi_arid,NASA_POWER_daily_ag,2.703,9.156,2.6023,dewpoint,802.0,38.108
2019-08-19,23.43,27.3,20.88,90.68,1.6,2.51,18.0,93.85,70.41,21.74,PNQ,18.52,73.86,semi_arid,NASA_POWER_daily_ag,3.339,11.745,2.6023,dewpoint,791.1,38.057
2019-08-20,23.32,26.89,20.96,90.58,2.02,2.42,17.4,93.84,90.26,21.62,PNQ,18.52,73.86,semi_arid,NASA_POWER_daily_ag,3.252,11.39,2.5833,dewpoint,792.2,38.005
2019-08-21,23.43,27.21,20.46,90.29,9.44,2.98,14.11,93.76,95.31,21.66,PNQ,18.52,73.86,semi_arid,NASA_POWER_daily_ag,2.811,9.528,2.5896,dewpoint,800.9,37.951
2019-08-22,23.27,26.77,20.93,90.11,7.53,2.7,15.75,93.71,73.02,21.47,PNQ,18.52,73.86,semi_arid,NASA_POWER_daily_ag,3.032,10.434,2.5597,dewpoint,806.4,37.896
2019-08-23,23.09,26.36,20.39,90.69,5.2,2.49,17.43,93.72,81.09,21.41,PNQ,18.52,73.86,semi_arid,NASA_POWER_daily_ag,3.227,11.382,2.5503,dewpoint,805.3,37.838
2019-08-24,23.35,26.64,21.2,90.0,5.24,2.98,18.76,93.68,80.34,21.54,PNQ,18.52,73.86,semi_arid,NASA_POWER_daily_ag,3.433,12.128,2.5707,dewpoint,809.6,37.779
2019-08-25,22.59,26.14,20.37,89.84,3.43,2.57,17.12,93.61,88.95,20.76,PNQ,18.52,73.86,semi_arid,NASA_POWER_daily_ag,3.167,11.125,2.4506,dewpoint,817.3,37.717
2019-08-26,22.48,26.0,19.87,90.36,1.69,2.8,16.83,93.61,81.45,20.73,PNQ,18.52,73.86,semi_arid,NASA_POWER_daily_ag,3.089,10.963,2.4461,dewpoint,817.3,37.654
2019-08-27,22.83,26.43,20.02,90.07,3.28,2.94,16.25,93.53,78.27,21.03,PNQ,18.52,73.86,semi_arid,NASA_POWER_daily_ag,3.051,10.659,2.4916,dewpoint,826.0,37.589
2019-08-28,23.67,27.59,20.66,89.11,1.47,2.57,18.81,93.5,67.85,21.65,PNQ,18.52,73.86,semi_arid,NASA_POWER_daily_ag,3.539,12.14,2.5881,dewpoint,829.3,37.522
2019-08-29,24.12,28.27,20.95,89.43,8.11,2.39,20.56,93.55,65.65,22.15,PNQ,18.52,73.86,semi_arid,NASA_POWER_daily_ag,3.827,13.182,2.6682,dewpoint,823.8,37.454
2019-08-30,24.02,27.4,21.9,90.72,17.11,3.13,10.58,93.42,99.16,22.35,PNQ,18.52,73.86,semi_arid,NASA_POWER_daily_ag,2.337,7.518,2.7009,dewpoint,838.1,37.383
2019-08-31,23.7,26.05,22.21,93.52,23.48,3.62,7.96,93.27,99.57,22.59,PNQ,18.52,73.86,semi_arid,NASA_POWER_daily_ag,1.788,6.024,2.7405,dewpoint,854.5,37.31
2019-09-01,23.47,25.3,22.49,92.9,15.58,3.44,7.92,93.38,99.47,22.24,PNQ,18.52,73.86,semi_arid,NASA_POWER_daily_ag,1.815,5.995,2.6829,dewpoint,842.4,37.236
2019-09-02,24.03,26.65,22.5,91.87,21.02,3.98,12.69,93.51,99.15,22.6,PNQ,18.52,73.86,semi_arid,NASA_POWER_daily_ag,2.529,8.723,2.7422,dewpoint,828.2,37.159
2019-09-03,23.24,25.81,21.36,93.01,55.34,4.24,9.26,93.52,99.57,22.04,PNQ,18.52,73.86,semi_arid,NASA_POWER_daily_ag,1.957,6.747,2.6504,dewpoint,827.1,37.081
2019-09-04,23.11,25.13,22.17,95.22,67.23,3.92,6.17,93.32,99.54,22.32,PNQ,18.52,73.86,semi_arid,NASA_POWER_daily_ag,1.411,4.988,2.6959,dewpoint,849.0,37.0
2019-09-05,23.52,25.06,22.32,95.25,45.24,4.63,8.95,93.29,99.55,22.73,PNQ,18.52,73.86,semi_arid,NASA_POWER_daily_ag,1.754,6.578,2.7639,dewpoint,852.3,36.918
2019-09-06,23.3,25.11,22.05,94.45,38.78,4.97,7.71,93.36,99.4,22.37,PNQ,18.52,73.86,semi_arid,NASA_POWER_daily_ag,1.648,5.86,2.7041,dewpoint,844.6,36.834
2019-09-07,23.28,25.32,21.67,94.21,54.96,5.02,7.85,93.37,99.38,22.31,PNQ,18.52,73.86,semi_arid,NASA_POWER_daily_ag,1.68,5.935,2.6943,dewpoint,843.5,36.747
2019-09-08,23.36,25.49,21.97,93.83,27.33,4.7,8.93,93.47,99.62,22.32,PNQ,18.52,73.86,semi_arid,NASA_POWER_daily_ag,1.846,6.545,2.6959,dewpoint,832.6,36.659
2019-09-09,23.62,25.91,22.26,93.73,23.5,4.51,9.19,93.45,98.7,22.54,PNQ,18.52,73.86,semi_arid,NASA_POWER_daily_ag,1.91,6.692,2.7322,dewpoint,834.8,36.569
2019-09-10,23.73,26.51,22.06,92.94,16.41,4.23,9.57,93.47,96.67,22.5,PNQ,18.52,73.86,semi_arid,NASA_POWER_daily_ag,2.026,6.901,2.7256,dewpoint,832.6,36.477
2019-09-11,23.21,25.43,21.75,93.2,9.0,4.02,9.68,93.7,95.78,22.05,PNQ,18.52,73.86,semi_arid,NASA_POWER_daily_ag,1.986,6.948,2.652,dewpoint,807.5,36.383
2019-09-12,22.88,24.66,21.83,94.16,15.07,3.55,9.81,93.84,99.46,21.89,PNQ,18.52,73.86,semi_arid,NASA_POWER_daily_ag,1.934,7.012,2.6263,dewpoint,792.2,36.287
2019-09-13,23.53,26.24,21.93,93.34,30.05,4.1,11.54,93.83,98.7,22.38,PNQ,18.52,73.86,semi_arid,NASA_POWER_daily_ag,2.226,7.995,2.7058,dewpoint,793.3,36.19
2019-09-14,23.75,26.67,22.08,92.79,32.87,3.62,14.03,93.78,88.19,22.5,PNQ,18.52,73.86,semi_arid,NASA_POWER_daily_ag,2.61,9.401,2.7256,dewpoint,798.7,36.09
2019-09-15,23.27,26.86,20.99,91.6,10.27,2.53,10.16,93.84,87.12,21.77,PNQ,18.52,73.86,semi_arid,NASA_POWER_daily_ag,2.164,7.18,2.6071,dewpoint,792.2,35.989
2019-09-16,22.98,26.57,20.58,92.03,9.09,2.96,10.27,93.78,86.18,21.58,PNQ,18.52,73.86,semi_arid,NASA_POWER_daily_ag,2.134,7.231,2.577,dewpoint,798.7,35.886
2019-09-17,23.48,26.38,21.69,92.45,14.08,2.8,8.45,93.66,90.47,22.15,PNQ,18.52,73.86,semi_arid,NASA_POWER_daily_ag,1.897,6.225,2.6682,dewpoint,811.8,35.781
2019-09-18,24.17,27.8,21.42,92.64,15.29,1.86,9.61,93.64,99.51,22.86,PNQ,18.52,73.86,semi_arid,NASA_POWER_daily_ag,2.083,6.889,2.7857,dewpoint,814.0,35.674
2019-09-19,24.37,28.34,22.06,90.66,22.14,1.26,11.29,93.53,99.52,22.66,PNQ,18.52,73.86,semi_arid,NASA_POWER_daily_ag,2.407,7.817,2.7522,dewpoint,826.0,35.566
2019-09-20,22.93,25.45,20.81,93.09,11.58,3.93,12.55,93.56,95.51,21.75,PNQ,18.52,73.86,semi_arid,NASA_POWER_daily_ag,2.32,8.484,2.6039,dewpoint,822.7,35.456
2019-09-21,23.18,27.57,19.61,90.46,6.57,2.32,16.61,93.6,79.48,21.45,PNQ,18.52,73.86,semi_arid,NASA_POWER_daily_ag,3.082,10.677,2.5566,dewpoint,818.4,35.344
2019-09-22,24.09,28.49,21.11,91.21,2.8,2.13,18.12,93.69,66.22,22.48,PNQ,18.52,73.86,semi_arid,NASA_POWER_daily_ag,3.354,11.607,2.7223,dewpoint,808.6,35.23
2019-09-23,24.13,28.28,21.05,88.86,16.22,1.54,20.08,93.82,59.13,22.05,PNQ,18.52,73.86,semi_arid,NASA_POWER_daily_ag,3.746,12.616,2.652,dewpoint,794.4,35.116
2019-09-24,24.09,27.18,21.89,91.89,38.27,1.21,15.01,93.75,94.07,22.65,PNQ,18.52,73.86,semi_arid,NASA_POWER_daily_ag,2.918,9.872,2.7505,dewpoint,802.0,34.999
2019-09-25,24.01,26.78,22.35,92.25,45.5,1.95,12.98,93.67,97.97,22.64,PNQ,18.52,73.86,semi_arid,NASA_POWER_daily_ag,2.564,8.724,2.7488,dewpoint,810.7,34.881
2019-09-26,23.0,24.71,21.71,96.08,30.25,2.69,14.65,93.82,95.7,22.36,PNQ,18.52,73.86,semi_arid,NASA_POWER_daily_ag,2.5,9.648,2.7025,dewpoint,794.4,34.762
2019-09-27,22.7,26.06,20.58,92.39,2.52,2.8,13.55,94.12,97.48,21.37,PNQ,18.52,73.86,semi_arid,NASA_POWER_daily_ag,2.501,8.929,2.5441,dewpoint,761.7,34.641
2019-09-28,22.99,26.8,20.48,91.65,1.26,2.26,15.74,94.07,75.29,21.5,PNQ,18.52,73.86,semi_arid,NASA_POWER_daily_ag,2.872,10.117,2.5644,dewpoint,767.1,34.519
2019-09-29,22.76,26.42,19.82,91.86,0.77,2.05,19.21,94.13,72.12,21.31,PNQ,18.52,73.86,semi_arid,NASA_POWER_daily_ag,3.326,11.979,2.5348,dewpoint,760.6,34.395
2019-09-30,23.14,26.83,20.42,91.9,1.74,1.89,20.01,94.07,77.22,21.69,PNQ,18.52,73.86,semi_arid,NASA_POWER_daily_ag,3.486,12.444,2.5944,dewpoint,767.1,34.27
2019-10-01,23.16,27.59,20.0,89.54,0.6,1.79,20.72,94.09,55.52,21.21,PNQ,18.52,73.86,semi_arid,NASA_POWER_daily_ag,3.666,12.716,2.5193,dewpoint,765.0,34.145
2019-10-02,23.49,28.34,20.09,86.29,0.16,1.33,22.49,94.14,22.33,20.83,PNQ,18.52,73.86,semi_arid,NASA_POWER_daily_ag,4.045,13.545,2.4612,dewpoint,759.5,34.017
2019-10-03,24.09,29.04,20.39,86.41,1.74,1.11,19.12,94.05,44.5,21.45,PNQ,18.52,73.86,semi_arid,NASA_POWER_daily_ag,3.613,11.826,2.5566,dewpoint,769.3,33.889
2019-10-04,23.66,27.34,21.12,88.65,15.37,1.0,16.33,94.03,71.21,21.56,PNQ,18.52,73.86,semi_arid,NASA_POWER_daily_ag,3.115,10.346,2.5738,dewpoint,771.5,33.76
2019-10-05,23.77,27.13,20.83,85.97,16.83,0.71,19.37,93.95,51.56,21.17,PNQ,18.52,73.86,semi_arid,NASA_POWER_daily_ag,3.605,11.909,2.5131,dewpoint,780.2,33.63
2019-10-06,23.36,26.97,20.39,86.26,6.29,0.84,19.02,94.01,68.83,20.82,PNQ,18.52,73.86,semi_arid,NASA_POWER_daily_ag,3.507,11.657,2.4596,dewpoint,773.7,33.499
2019-10-07,23.65,27.42,20.57,87.82,6.71,0.97,19.17,94.05,55.93,21.41,PNQ,18.52,73.86,semi_arid,NASA_POWER_daily_ag,3.534,11.806,2.5503,dewpoint,769.3,33.367
2019-10-08,24.17,28.62,20.4,86.06,11.69,1.59,18.57,94.0,75.11,21.54,PNQ,18.52,73.86,semi_arid,NASA_POWER_daily_ag,3.535,11.47,2.5707,dewpoint,774.8,33.235
2019-10-09,24.09,28.27,20.77,85.57,12.94,1.77,15.86,93.95,87.4,21.36,PNQ,18.52,73.86,semi_arid,NASA_POWER_daily_ag,3.165,9.985,2.5425,dewpoint,780.2,33.101
2019-10-10,24.0,27.43,20.58,83.86,6.18,1.38,16.36,93.96,79.32,20.98,PNQ,18.52,73.86,semi_arid,NASA_POWER_daily_ag,3.233,10.199,2.484,dewpoint,779.1,32.967
2019-10-11,23.8,27.03,20.56,83.88,2.72,0.97,18.29,93.94,69.47,20.85,PNQ,18.52,73.86,semi_arid,NASA_POWER_daily_ag,3.448,11.183,2.4642,dewpoint,781.3,32.833
2019-10-12,23.72,27.56,20.36,86.56,4.54,1.14,18.8,93.97,48.63,21.24,PNQ,18.52,73.86,semi_arid,NASA_POWER_daily_ag,3.48,11.49,2.5239,dewpoint,778.0,32.698
2019-10-13,23.31,26.22,21.26,91.23,5.39,1.45,16.59,94.08,74.03,21.77,PNQ,18.52,73.86,semi_arid,NASA_POWER_daily_ag,3.016,10.391,2.6071,dewpoint,766.1,32.562
2019-10-14,24.04,28.75,20.44,85.25,0.2,2.09,18.94,94.11,41.36,21.25,PNQ,18.52,73.86,semi_arid,NASA_POWER_daily_ag,3.583,11.499,2.5255,dewpoint,762.8,32.427
2019-10-15,22.96,28.08,18.95,81.11,0.0,2.52,19.79,94.11,14.73,19.26,PNQ,18.52,73.86,semi_arid,NASA_POWER_daily_ag,3.764,11.601,2.2333,dewpoint,762.8,32.291
2019-10-16,21.81,27.26,17.37,81.22,0.0,2.55,19.95,94.07,40.86,18.18,PNQ,18.52,73.86,semi_arid,NASA_POWER_daily_ag,3.641,11.523,2.0875,dewpoint,767.1,32.154
2019-10-17,22.77,27.16,19.02,85.9,0.03,2.36,18.4,94.07,36.24,20.15,PNQ,18.52,73.86,semi_arid,NASA_POWER_daily_ag,3.35,11.033,2.3601,dewpoint,767.1,32.018
2019-10-18,22.57,26.12,20.43,87.77,1.94,2.22,8.09,94.03,92.57,20.36,PNQ,18.52,73.86,semi_arid,NASA_POWER_daily_ag,1.949,5.773,2.3909,dewpoint,771.5,31.882
2019-10-19,21.64,23.93,19.61,94.09,31.91,2.75,6.28,94.08,99.33,20.66,PNQ,18.52,73.86,semi_arid,NASA_POWER_daily_ag,1.403,4.84,2.4355,dewpoint,766.1,31.745
2019-10-20,21.85,24.78,19.99,92.83,18.34,2.5,7.06,94.12,99.77,20.62,PNQ,18.52,73.86,semi_arid,NASA_POWER_daily_ag,1.569,5.236,2.4295,dewpoint,761.7,31.609
2019-10-21,22.03,24.31,20.28,93.52,19.05,2.04,16.33,93.97,89.62,20.94,PNQ,18.52,73.86,semi_arid,NASA_POWER_daily_ag,2.725,10.048,2.4779,dewpoint,778.0,31.473
2019-10-22,22.43,25.24,20.68,94.77,17.93,1.58,13.32,93.78,98.9,21.55,PNQ,18.52,73.86,semi_arid,NASA_POWER_daily_ag,2.361,8.518,2.5723,dewpoint,798.7,31.337
2019-10-23,22.47,24.93,20.7,91.61,14.99,1.41,9.4,93.71,98.03,21.01,PNQ,18.52,73.86,semi_arid,NASA_POWER_daily_ag,1.924,6.427,2.4885,dewpoint,806.4,31.202
2019-10-24,22.24,24.38,20.6,94.72,8.63,1.64,8.53,93.61,97.18,21.37,PNQ,18.52,73.86,semi_arid,NASA_POWER_daily_ag,1.697,5.984,2.5441,dewpoint,817.3,31.067
2019-10-25,22.27,24.94,20.42,93.27,4.57,3.83,8.0,93.49,99.14,21.13,PNQ,18.52,73.86,semi_arid,NASA_POWER_daily_ag,1.666,5.691,2.5069,dewpoint,830.4,30.932
2019-10-26,22.6,26.09,20.18,91.21,1.45,3.25,7.94,93.66,97.66,21.06,PNQ,18.52,73.86,semi_arid,NASA_POWER_daily_ag,1.798,5.646,2.4962,dewpoint,811.8,30.798
2019-10-27,21.73,25.36,18.27,84.27,1.07,1.71,16.88,93.95,82.97,18.8,PNQ,18.52,73.86,semi_arid,NASA_POWER_daily_ag,3.039,9.913,2.1701,dewpoint,780.2,30.665
2019-10-28,22.43,27.69,17.11,87.28,2.61,1.51,18.93,94.05,52.49,20.08,PNQ,18.52,73.86,semi_arid,NASA_POWER_daily_ag,3.276,11.081,2.3499,dewpoint,769.3,30.532
2019-10-29,23.91,28.19,20.39,88.61,1.05,1.35,18.52,94.08,40.53,21.82,PNQ,18.52,73.86,semi_arid,NASA_POWER_daily_ag,3.33,11.098,2.6151,dewpoint,766.1,30.401
2019-10-30,23.72,27.76,21.1,88.86,2.7,2.13,18.72,94.08,39.13,21.69,PNQ,18.52,73.86,semi_arid,NASA_POWER_daily_ag,3.306,11.15,2.5944,dewpoint,766.1,30.27
2019-10-31,22.47,25.74,20.52,89.88,0.74,2.82,11.84,93.95,96.79,20.66,PNQ,18.52,73.86,semi_arid,NASA_POWER_daily_ag,2.3,7.543,2.4355,dewpoint,780.2,30.14
2019-11-01,22.21,24.41,20.66,94.12,9.99,2.77,11.51,93.84,98.01,21.23,PNQ,18.52,73.86,semi_arid,NASA_POWER_daily_ag,2.026,7.424,2.5224,dewpoint,792.2,30.012
2019-11-02,22.3,26.2,18.89,87.65,5.98,1.48,17.76,94.07,60.31,20.02,PNQ,18.52,73.86,semi_arid,NASA_POWER_daily_ag,3.075,10.379,2.3412,dewpoint,767.1,29.884
2019-11-03,22.78,27.79,19.44,87.49,8.22,1.17,18.03,94.26,37.73,20.43,PNQ,18.52,73.86,semi_arid,NASA_POWER_daily_ag,3.143,10.512,2.4013,dewpoint,746.5,29.758
2019-11-04,23.14,28.18,19.22,88.93,12.55,1.25,15.82,94.3,65.94,21.09,PNQ,18.52,73.86,semi_arid,NASA_POWER_daily_ag,2.851,9.503,2.5008,dewpoint,742.1,29.633
2019-11-05,23.14,28.39,18.86,84.3,2.59,1.2,17.47,94.12,56.97,20.15,PNQ,18.52,73.86,semi_arid,NASA_POWER_daily_ag,3.15,10.147,2.3601,dewpoint,761.7,29.509
2019-11-06,22.94,27.84,19.05,83.22,1.87,1.07,16.3,93.93,34.62,19.76,PNQ,18.52,73.86,semi_arid,NASA_POWER_daily_ag,2.977,9.508,2.3038,dewpoint,782.4,29.387
2019-11-07,22.21,26.95,18.6,90.48,0.84,1.51,16.82,93.89,39.46,20.47,PNQ,18.52,73.86,semi_arid,NASA_POWER_daily_ag,2.855,9.885,2.4072,dewpoint,786.7,29.266
2019-11-08,21.57,26.43,18.46,89.69,2.72,1.52,18.72,93.96,22.57,19.67,PNQ,18.52,73.86,semi_arid,NASA_POWER_daily_ag,3.042,10.657,2.2909,dewpoint,779.1,29.147
2019-11-09,21.85,27.37,18.13,81.81,0.63,0.64,20.07,94.02,12.3,18.22,PNQ,18.52,73.86,semi_arid,NASA_POWER_daily_ag,3.301,10.955,2.0927,dewpoint,772.6,29.03
2019-11-10,22.03,27.81,16.71,82.16,0.0,1.05,19.95,94.05,10.19,18.52,PNQ,18.52,73.86,semi_arid,NASA_POWER_daily_ag,3.352,10.963,2.1324,dewpoint,769.3,28.914
2019-11-11,22.07,28.01,16.92,80.31,0.0,1.41,17.99,94.03,13.26,18.23,PNQ,18.52,73.86,semi_arid,NASA_POWER_daily_ag,3.183,9.976,2.094,dewpoint,771.5,28.8
2019-11-12,21.91,27.1,17.19,83.02,0.0,1.85,15.85,94.1,8.75,18.71,PNQ,18.52,73.86,semi_arid,NASA_POWER_daily_ag,2.898,9.07,2.158,dewpoint,763.9,28.688
2019-11-13,21.05,26.17,16.99,84.36,0.0,2.32,16.5,94.22,21.84,18.17,PNQ,18.52,73.86,semi_arid,NASA_POWER_daily_ag,2.874,9.29,2.0862,dewpoint,750.8,28.579
2019-11-14,20.58,26.14,14.91,83.02,0.01,2.19,17.67,94.2,12.68,17.47,PNQ,18.52,73.86,semi_arid,NASA_POWER_daily_ag,2.988,9.733,1.9962,dewpoint,753.0,28.471
2019-11-15,22.08,26.59,18.13,83.81,0.0,1.53,15.53,94.16,28.86,19.03,PNQ,18.52,73.86,semi_arid,NASA_POWER_daily_ag,2.806,8.907,2.2015,dewpoint,757.4,28.365
2019-11-16,22.2,27.19,17.92,86.3,0.0,1.85,16.6,94.15,22.17,19.66,PNQ,18.52,73.86,semi_arid,NASA_POWER_daily_ag,2.894,9.479,2.2895,dewpoint,758.4,28.261
2019-11-17,21.72,26.54,18.5,85.24,0.0,2.22,16.58,94.26,8.01,19.0,PNQ,18.52,73.86,semi_arid,NASA_POWER_daily_ag,2.887,9.342,2.1974,dewpoint,746.5,28.16
2019-11-18,20.65,26.65,16.58,83.1,0.0,2.28,17.66,94.26,6.41,17.41,PNQ,18.52,73.86,semi_arid,NASA_POWER_daily_ag,2.989,9.576,1.9887,dewpoint,746.5,28.061
2019-11-19,19.87,25.99,15.75,80.03,0.0,2.15,16.97,94.18,27.45,16.12,PNQ,18.52,73.86,semi_arid,NASA_POWER_daily_ag,2.913,9.085,1.8323,dewpoint,755.2,27.965
2019-11-20,20.82,27.12,14.65,78.97,0.0,1.74,15.08,94.08,23.82,16.83,PNQ,18.52,73.86,semi_arid,NASA_POWER_daily_ag,2.779,8.365,1.917,dewpoint,766.1,27.87
2019-11-21,21.5,26.85,16.81,84.07,0.0,2.04,14.63,94.18,8.52,18.56,PNQ,18.52,73.86,semi_arid,NASA_POWER_daily_ag,2.666,8.35,2.1378,dewpoint,755.2,27.779
2019-11-22,20.97,26.45,16.39,81.23,0.0,2.0,15.79,94.29,6.89,17.39,PNQ,18.52,73.86,semi_arid,NASA_POWER_daily_ag,2.837,8.693,1.9861,dewpoint,743.2,27.69
2019-11-23,20.23,25.98,15.35,79.5,0.0,2.07,17.27,94.27,6.71,16.32,PNQ,18.52,73.86,semi_arid,NASA_POWER_daily_ag,2.976,9.175,1.8558,dewpoint,745.4,27.603
2019-11-24,19.31,25.18,15.35,79.71,0.0,2.17,17.36,94.23,19.8,15.52,PNQ,18.52,73.86,semi_arid,NASA_POWER_daily_ag,2.885,9.085,1.7633,dewpoint,749.7,27.519
2019-11-25,19.77,26.68,13.98,79.03,0.0,2.06,17.51,94.15,14.2,15.73,PNQ,18.52,73.86,semi_arid,NASA_POWER_daily_ag,2.965,9.156,1.7872,dewpoint,758.4,27.438
2019-11-26,19.95,26.34,15.02,78.98,0.0,2.16,17.5,94.1,2.35,15.94,PNQ,18.52,73.86,semi_arid,NASA_POWER_daily_ag,2.985,9.153,1.8113,dewpoint,763.9,27.36
2019-11-27,19.93,26.24,15.14,77.27,0.0,2.28,16.79,94.13,5.35,15.57,PNQ,18.52,73.86,semi_arid,NASA_POWER_daily_ag,2.984,8.783,1.7689,dewpoint,760.6,27.284
2019-11-28,20.78,26.97,14.77,79.39,0.0,2.07,17.14,94.17,5.98,16.94,PNQ,18.52,73.86,semi_arid,NASA_POWER_daily_ag,2.988,9.128,1.9304,dewpoint,756.3,27.212
2019-11-29,21.53,27.45,16.73,80.01,0.0,1.7,15.59,94.18,21.24,17.7,PNQ,18.52,73.86,semi_arid,NASA_POWER_daily_ag,2.825,8.518,2.0254,dewpoint,755.2,27.142
2019-11-30,21.91,27.31,17.03,80.19,0.0,2.08,15.06,94.17,65.73,18.12,PNQ,18.52,73.86,semi_arid,NASA_POWER_daily_ag,2.859,8.338,2.0796,dewpoint,756.3,27.075
2019-12-01,22.15,27.03,18.77,84.12,0.0,2.02,15.12,94.18,84.98,19.2,PNQ,18.52,73.86,semi_arid,NASA_POWER_daily_ag,2.736,8.488,2.225,dewpoint,755.2,27.012
2019-12-02,21.64,26.86,18.19,83.17,0.04,2.64,16.34,94.17,46.06,18.45,PNQ,18.52,73.86,semi_arid,NASA_POWER_daily_ag,2.92,8.908,2.1231,dewpoint,756.3,26.951
2019-12-03,21.3,26.1,17.54,86.56,0.03,2.58,13.82,94.19,78.51,18.83,PNQ,18.52,73.86,semi_arid,NASA_POWER_daily_ag,2.479,7.877,2.1742,dewpoint,754.1,26.893
2019-12-04,21.47,25.03,18.75,87.66,0.07,2.58,11.93,94.29,83.78,19.24,PNQ,18.52,73.86,semi_arid,NASA_POWER_daily_ag,2.24,7.071,2.2305,dewpoint,743.2,26.839
2019-12-05,21.46,25.31,18.7,87.31,0.02,2.33,10.13,94.42,99.23,19.18,PNQ,18.52,73.86,semi_arid,NASA_POWER_daily_ag,2.041,6.247,2.2222,dewpoint,729.1,26.788
2019-12-06,20.17,25.06,16.04,80.87,0.0,2.54,14.74,94.37,27.52,16.58,PNQ,18.52,73.86,semi_arid,NASA_POWER_daily_ag,2.696,7.987,1.8868,dewpoint,734.5,26.74
2019-12-07,19.94,25.68,15.05,80.68,0.0,2.54,15.04,94.28,4.5,16.33,PNQ,18.52,73.86,semi_arid,NASA_POWER_daily_ag,2.706,8.074,1.857,dewpoint,744.3,26.695
2019-12-08,20.46,26.48,14.41,78.71,0.0,1.87,14.52,94.3,31.78,16.42,PNQ,18.52,73.86,semi_arid,NASA_POWER_daily_ag,2.667,7.859,1.8676,dewpoint,742.1,26.653
2019-12-09,21.49,27.03,16.34,81.63,0.0,1.75,15.67,94.28,16.38,18.03,PNQ,18.52,73.86,semi_arid,NASA_POWER_daily_ag,2.768,8.518,2.0679,dewpoint,744.3,26.615
2019-12-10,21.6,26.96,17.0,78.66,0.0,1.56,15.6,94.18,16.53,17.49,PNQ,18.52,73.86,semi_arid,NASA_POWER_daily_ag,2.812,8.382,1.9987,dewpoint,755.2,26.58
2019-12-11,21.72,27.61,16.48,74.19,0.0,0.88,16.2,94.05,17.16,16.63,PNQ,18.52,73.86,semi_arid,NASA_POWER_daily_ag,2.783,8.479,1.8928,dewpoint,769.3,26.548
2019-12-12,20.7,26.86,15.94,82.14,0.0,1.29,15.01,94.02,11.79,17.25,PNQ,18.52,73.86,semi_arid,NASA_POWER_daily_ag,2.558,8.116,1.9686,dewpoint,772.6,26.52
2019-12-13,19.74,26.52,15.49,78.71,0.0,0.99,16.17,94.17,37.89,15.41,PNQ,18.52,73.86,semi_arid,NASA_POWER_daily_ag,2.601,8.313,1.7509,dewpoint,756.3,26.495
2019-12-14,19.91,26.78,14.18,79.91,0.0,1.35,16.65,94.36,28.69,16.04,PNQ,18.52,73.86,semi_arid,NASA_POWER_daily_ag,2.706,8.625,1.8229,dewpoint,735.6,26.474
2019-12-15,20.74,26.92,15.46,78.46,0.0,1.21,15.38,94.24,14.8,16.67,PNQ,18.52,73.86,semi_arid,NASA_POWER_daily_ag,2.636,8.173,1.8976,dewpoint,748.7,26.456
2019-12-16,20.96,26.35,17.19,82.01,0.0,1.57,15.81,94.24,19.92,17.51,PNQ,18.52,73.86,semi_arid,NASA_POWER_daily_ag,2.697,8.455,2.0012,dewpoint,748.7,26.441
2019-12-17,20.22,26.33,16.05,81.46,0.0,2.64,16.4,94.32,25.74,16.65,PNQ,18.52,73.86,semi_arid,NASA_POWER_daily_ag,2.841,8.581,1.8952,dewpoint,740.0,26.43
2019-12-18,19.79,25.93,15.48,81.43,0.0,2.63,16.5,94.4,18.74,16.24,PNQ,18.52,73.86,semi_arid,NASA_POWER_daily_ag,2.805,8.576,1.8463,dewpoint,731.3,26.422
2019-12-19,19.87,26.19,14.53,77.6,0.0,2.15,16.07,94.29,7.65,15.53,PNQ,18.52,73.86,semi_arid,NASA_POWER_daily_ag,2.843,8.308,1.7644,dewpoint,743.2,26.418
2019-12-20,20.62,26.42,14.67,73.02,0.0,1.62,14.08,94.19,79.64,15.27,PNQ,18.52,73.86,semi_arid,NASA_POWER_daily_ag,2.726,7.482,1.7352,dewpoint,754.1,26.417
2019-12-21,19.89,26.06,15.92,75.69,0.0,1.83,13.09,94.14,72.73,15.26,PNQ,18.52,73.86,semi_arid,NASA_POWER_daily_ag,2.537,7.08,1.7341,dewpoint,759.5,26.42
2019-12-22,20.35,26.28,15.15,80.98,0.0,2.57,10.18,94.13,95.93,16.8,PNQ,18.52,73.86,semi_arid,NASA_POWER_daily_ag,2.267,6.071,1.9133,dewpoint,760.6,26.426
2019-12-23,21.78,27.14,17.16,78.12,0.0,1.77,13.51,94.1,66.16,17.58,PNQ,18.52,73.86,semi_arid,NASA_POWER_daily_ag,2.655,7.487,2.0101,dewpoint,763.9,26.435
2019-12-24,21.57,26.95,17.02,82.58,0.0,1.71,12.48,94.2,54.74,18.25,PNQ,18.52,73.86,semi_arid,NASA_POWER_daily_ag,2.399,7.14,2.0967,dewpoint,753.0,26.448
2019-12-25,21.81,25.68,19.1,85.54,0.11,1.17,10.77,94.22,88.76,19.08,PNQ,18.52,73.86,semi_arid,NASA_POWER_daily_ag,2.072,6.474,2.2084,dewpoint,750.8,26.465
2019-12-26,21.34,26.02,17.93,85.76,0.13,1.06,13.41,94.17,63.29,18.67,PNQ,18.52,73.86,semi_arid,NASA_POWER_daily_ag,2.33,7.602,2.1526,dewpoint,756.3,26.485
2019-12-27,20.61,26.74,16.16,82.08,0.0,1.67,15.25,94.07,33.43,17.18,PNQ,18.52,73.86,semi_arid,NASA_POWER_daily_ag,2.626,8.2,1.9599,dewpoint,767.1,26.508
2019-12-28,19.53,26.5,13.37,78.07,0.0,2.71,13.86,94.07,33.17,15.39,PNQ,18.52,73.86,semi_arid,NASA_POWER_daily_ag,2.687,7.461,1.7486,dewpoint,767.1,26.535
2019-12-29,19.94,25.86,14.8,82.77,0.0,2.21,12.62,94.13,51.31,16.73,PNQ,18.52,73.86,semi_arid,NASA_POWER_daily_ag,2.358,7.106,1.9048,dewpoint,760.6,26.565
2019-12-30,19.75,26.05,15.4,86.31,0.0,1.7,15.19,94.1,23.42,17.18,PNQ,18.52,73.86,semi_arid,NASA_POWER_daily_ag,2.448,8.227,1.9599,dewpoint,763.9,26.598
2019-12-31,17.9,24.44,13.2,80.97,0.0,1.22,17.74,94.15,6.36,14.12,PNQ,18.52,73.86,semi_arid,NASA_POWER_daily_ag,2.625,8.877,1.6111,dewpoint,758.4,26.635
2020-01-01,17.41,25.4,11.18,76.18,0.0,1.49,18.57,94.23,6.47,12.76,PNQ,18.52,73.86,semi_arid,NASA_POWER_daily_ag,2.772,8.997,1.4744,dewpoint,749.7,26.675
2020-01-02,18.07,25.74,12.76,77.99,0.0,1.3,17.48,94.38,5.98,13.68,PNQ,18.52,73.86,semi_arid,NASA_POWER_daily_ag,2.672,8.69,1.5657,dewpoint,733.5,26.719
2020-01-03,17.3,24.37,12.48,80.61,0.0,1.17,17.47,94.34,15.19,13.51,PNQ,18.52,73.86,semi_arid,NASA_POWER_daily_ag,2.548,8.727,1.5485,dewpoint,737.8,26.766
2020-01-04,16.71,24.06,9.85,75.26,0.0,1.26,15.94,94.17,14.89,11.85,PNQ,18.52,73.86,semi_arid,NASA_POWER_daily_ag,2.477,8.011,1.3888,dewpoint,756.3,26.816
2020-01-05,17.09,24.46,11.7,79.12,0.0,3.27,16.64,94.18,7.33,13.06,PNQ,18.52,73.86,semi_arid,NASA_POWER_daily_ag,2.759,8.39,1.5037,dewpoint,755.2,26.869
2020-01-06,18.91,26.26,12.72,76.77,0.0,3.2,16.29,94.31,5.99,14.42,PNQ,18.52,73.86,semi_arid,NASA_POWER_daily_ag,3.001,8.385,1.6427,dewpoint,741.1,26.926
2020-01-07,20.29,26.89,14.79,83.01,0.0,2.22,14.29,94.24,21.36,17.12,PNQ,18.52,73.86,semi_arid,NASA_POWER_daily_ag,2.556,7.904,1.9525,dewpoint,748.7,26.986
2020-01-08,19.62,24.8,14.96,88.48,0.0,1.7,15.3,94.18,22.05,17.61,PNQ,18.52,73.86,semi_arid,NASA_POWER_daily_ag,2.402,8.464,2.0139,dewpoint,755.2,27.049
2020-01-09,17.67,25.32,11.27,79.48,0.0,1.44,17.26,94.22,15.58,13.64,PNQ,18.52,73.86,semi_arid,NASA_POWER_daily_ag,2.645,8.759,1.5616,dewpoint,750.8,27.115
2020-01-10,18.46,25.57,12.89,79.38,0.0,3.09,15.3,94.21,13.46,14.54,PNQ,18.52,73.86,semi_arid,NASA_POWER_daily_ag,2.75,8.086,1.6555,dewpoint,751.9,27.184
2020-01-11,18.88,26.09,13.01,74.8,0.0,2.92,14.86,94.32,8.02,14.0,PNQ,18.52,73.86,semi_arid,NASA_POWER_daily_ag,2.927,7.839,1.5986,dewpoint,740.0,27.256
2020-01-12,19.33,25.83,12.54,65.31,0.0,1.83,15.74,94.27,3.0,12.21,PNQ,18.52,73.86,semi_arid,NASA_POWER_daily_ag,3.085,7.977,1.4221,dewpoint,745.4,27.331
2020-01-13,19.26,25.95,14.76,74.37,0.0,1.24,14.21,94.09,19.13,14.31,PNQ,18.52,73.86,semi_arid,NASA_POWER_daily_ag,2.528,7.623,1.631,dewpoint,765.0,27.409
2020-01-14,18.93,25.53,13.84,82.97,0.0,1.2,17.32,94.06,14.97,15.69,PNQ,18.52,73.86,semi_arid,NASA_POWER_daily_ag,2.68,9.124,1.7826,dewpoint,768.2,27.49
2020-01-15,17.62,25.64,12.15,82.48,0.0,1.82,17.58,94.06,4.99,14.13,PNQ,18.52,73.86,semi_arid,NASA_POWER_daily_ag,2.675,9.039,1.6121,dewpoint,768.2,27.573
2020-01-16,15.51,22.3,9.88,77.7,0.0,1.72,19.27,94.15,2.54,11.23,PNQ,18.52,73.86,semi_arid,NASA_POWER_daily_ag,2.73,9.441,1.3329,dewpoint,758.4,27.66
2020-01-17,14.9,23.99,7.25,61.93,0.0,1.16,19.79,94.15,6.84,6.93,PNQ,18.52,73.86,semi_arid,NASA_POWER_daily_ag,2.848,9.007,0.9971,dewpoint,758.4,27.749
2020-01-18,17.57,27.03,9.71,67.89,0.0,1.82,19.16,94.13,5.45,11.11,PNQ,18.52,73.86,semi_arid,NASA_POWER_daily_ag,3.158,9.246,1.3223,dewpoint,760.6,27.841
2020-01-19,18.97,27.15,11.69,70.25,0.0,1.43,17.77,94.19,4.64,12.95,PNQ,18.52,73.86,semi_arid,NASA_POWER_daily_ag,3.02,8.975,1.4929,dewpoint,754.1,27.936
2020-01-20,19.89,28.22,12.8,72.66,0.0,1.67,17.32,94.23,1.91,14.27,PNQ,18.52,73.86,semi_arid,NASA_POWER_daily_ag,3.096,8.96,1.6268,dewpoint,749.7,28.033
2020-01-21,20.94,28.38,14.92,70.85,0.0,1.21,17.13,94.27,5.23,14.94,PNQ,18.52,73.86,semi_arid,NASA_POWER_daily_ag,3.061,8.949,1.6988,dewpoint,745.4,28.132
2020-01-22,21.01,28.58,14.5,68.41,0.0,1.76,17.99,94.37,7.5,14.37,PNQ,18.52,73.86,semi_arid,NASA_POWER_daily_ag,3.41,9.227,1.6374,dewpoint,734.5,28.234
2020-01-23,20.94,27.93,14.54,64.63,0.0,2.07,19.09,94.34,2.78,13.44,PNQ,18.52,73.86,semi_arid,NASA_POWER_daily_ag,3.725,9.548,1.5414,dewpoint,737.8,28.339
2020-01-24,20.86,28.17,14.16,65.1,0.0,2.1,19.25,94.34,3.04,13.5,PNQ,18.52,73.86,semi_arid,NASA_POWER_daily_ag,3.733,9.651,1.5475,dewpoint,737.8,28.445
2020-01-25,21.69,28.68,14.76,63.27,0.0,1.66,18.78,94.3,15.86,13.96,PNQ,18.52,73.86,semi_arid,NASA_POWER_daily_ag,3.643,9.538,1.5945,dewpoint,742.1,28.554
2020-01-26,21.55,29.47,14.9,65.53,0.0,1.43,18.58,94.18,13.99,14.18,PNQ,18.52,73.86,semi_arid,NASA_POWER_daily_ag,3.477,9.494,1.6174,dewpoint,755.2,28.666
2020-01-27,20.56,28.18,14.88,70.07,0.0,1.83,18.6,94.08,7.22,14.31,PNQ,18.52,73.86,semi_arid,NASA_POWER_daily_ag,3.436,9.598,1.631,dewpoint,766.1,28.779
2020-01-28,17.96,24.53,13.46,84.12,0.0,2.19,17.17,94.13,43.76,15.08,PNQ,18.52,73.86,semi_arid,NASA_POWER_daily_ag,2.671,9.303,1.7141,dewpoint,760.6,28.894
2020-01-29,17.18,23.68,11.2,78.82,0.0,1.89,18.62,94.33,31.05,13.2,PNQ,18.52,73.86,semi_arid,NASA_POWER_daily_ag,2.887,9.738,1.5175,dewpoint,738.9,29.011
2020-01-30,16.41,26.0,8.62,63.08,0.0,1.43,21.53,94.28,12.8,8.68,PNQ,18.52,73.86,semi_arid,NASA_POWER_daily_ag,3.301,10.161,1.1235,dewpoint,744.3,29.131
2020-01-31,17.22,26.67,9.97,60.88,0.0,1.61,20.91,94.09,18.79,8.94,PNQ,18.52,73.86,semi_arid,NASA_POWER_daily_ag,3.439,9.935,1.1434,dewpoint,765.0,29.252
2020-02-01,17.76,27.47,9.01,60.44,0.0,1.59,20.27,94.1,29.61,9.23,PNQ,18.52,73.86,semi_arid,NASA_POWER_daily_ag,3.467,9.783,1.166,dewpoint,763.9,29.374
2020-02-02,18.93,27.92,13.07,69.05,0.0,2.67,20.04,94.3,5.78,12.31,PNQ,18.52,73.86,semi_arid,NASA_POWER_daily_ag,3.714,10.07,1.4315,dewpoint,742.1,29.499
2020-02-03,19.61,27.81,12.91,77.08,0.0,1.48,18.34,94.29,19.67,14.78,PNQ,18.52,73.86,semi_arid,NASA_POWER_daily_ag,3.134,9.822,1.6813,dewpoint,743.2,29.625
2020-02-04,19.43,27.1,14.14,74.87,0.0,1.57,18.73,94.18,6.48,14.3,PNQ,18.52,73.86,semi_arid,NASA_POWER_daily_ag,3.207,9.928,1.63,dewpoint,755.2,29.752
2020-02-05,19.16,28.27,11.81,60.61,0.0,1.84,18.0,94.18,11.75,10.63,PNQ,18.52,73.86,semi_arid,NASA_POWER_daily_ag,3.538,9.148,1.2808,dewpoint,755.2,29.881
2020-02-06,18.78,27.35,12.74,59.68,0.0,1.6,20.35,94.16,3.53,9.98,PNQ,18.52,73.86,semi_arid,NASA_POWER_daily_ag,3.628,9.976,1.2263,dewpoint,757.4,30.011
2020-02-07,17.53,25.22,11.4,54.63,0.0,1.5,21.63,94.24,3.01,7.45,PNQ,18.52,73.86,semi_arid,NASA_POWER_daily_ag,3.664,10.223,1.0332,dewpoint,748.7,30.143
2020-02-08,18.14,26.05,9.65,69.76,0.0,2.11,17.69,94.28,26.06,12.15,PNQ,18.52,73.86,semi_arid,NASA_POWER_daily_ag,3.256,9.448,1.4165,dewpoint,744.3,30.276
2020-02-09,20.03,27.15,13.84,70.94,0.0,3.32,17.62,94.32,22.24,14.06,PNQ,18.52,73.86,semi_arid,NASA_POWER_daily_ag,3.726,9.566,1.6048,dewpoint,740.0,30.41
2020-02-10,21.45,28.34,15.71,69.63,0.0,2.9,18.16,94.25,33.8,15.25,PNQ,18.52,73.86,semi_arid,NASA_POWER_daily_ag,3.883,9.919,1.733,dewpoint,747.6,30.545
2020-02-11,22.02,28.35,16.64,70.75,0.0,2.68,16.45,94.33,50.49,16.12,PNQ,18.52,73.86,semi_arid,NASA_POWER_daily_ag,3.662,9.296,1.8323,dewpoint,738.9,30.681
2020-02-12,22.64,29.52,16.94,65.44,0.0,2.45,13.51,94.48,53.81,15.29,PNQ,18.52,73.86,semi_arid,NASA_POWER_daily_ag,3.588,7.901,1.7374,dewpoint,722.6,30.817
2020-02-13,22.14,29.34,15.59,59.54,0.0,2.35,15.37,94.43,30.45,13.29,PNQ,18.52,73.86,semi_arid,NASA_POWER_daily_ag,3.916,8.53,1.5264,dewpoint,728.0,30.955
2020-02-14,21.64,29.93,14.43,58.76,0.0,1.38,19.99,94.23,4.29,12.33,PNQ,18.52,73.86,semi_arid,NASA_POWER_daily_ag,3.88,10.326,1.4334,dewpoint,749.7,31.093
2020-02-15,21.61,30.62,14.08,55.31,0.0,1.43,20.6,94.17,1.2,11.29,PNQ,18.52,73.86,semi_arid,NASA_POWER_daily_ag,4.03,10.419,1.3382,dewpoint,756.3,31.232
2020-02-16,23.04,31.97,14.54,51.55,0.0,1.81,20.64,94.23,1.2,11.35,PNQ,18.52,73.86,semi_arid,NASA_POWER_daily_ag,4.534,10.409,1.3436,dewpoint,749.7,31.372
2020-02-17,23.26,32.03,14.99,49.43,0.0,2.18,20.49,94.31,0.65,11.1,PNQ,18.52,73.86,semi_arid,NASA_POWER_daily_ag,4.84,10.325,1.3215,dewpoint,741.1,31.512
2020-02-18,23.11,31.74,15.6,49.35,0.0,2.14,20.83,94.3,0.49,10.81,PNQ,18.52,73.86,semi_arid,NASA_POWER_daily_ag,4.843,10.435,1.2962,dewpoint,742.1,31.652
2020-02-19,23.55,31.97,17.04,54.3,0.0,1.01,21.05,94.18,0.57,12.72,PNQ,18.52,73.86,semi_arid,NASA_POWER_daily_ag,4.045,10.827,1.4706,dewpoint,755.2,31.792
2020-02-20,23.32,32.2,16.88,54.83,0.0,1.46,20.59,94.11,22.45,12.48,PNQ,18.52,73.86,semi_arid,NASA_POWER_daily_ag,4.289,10.631,1.4476,dewpoint,762.8,31.933
2020-02-21,23.02,31.78,15.88,55.94,0.0,1.47,19.12,94.3,14.03,12.58,PNQ,18.52,73.86,semi_arid,NASA_POWER_daily_ag,4.098,10.122,1.4571,dewpoint,742.1,32.074
2020-02-22,23.78,32.27,16.09,52.98,0.0,1.54,20.8,94.42,6.91,12.49,PNQ,18.52,73.86,semi_arid,NASA_POWER_daily_ag,4.47,10.8,1.4485,dewpoint,729.1,32.215
2020-02-23,24.18,32.89,16.68,49.28,0.0,1.43,22.0,94.29,1.3,11.78,PNQ,18.52,73.86,semi_arid,NASA_POWER_daily_ag,4.622,11.153,1.3823,dewpoint,743.2,32.356
2020-02-24,23.72,33.26,16.51,45.37,0.0,1.78,22.25,94.1,13.57,9.99,PNQ,18.52,73.86,semi_arid,NASA_POWER_daily_ag,4.934,10.966,1.2271,dewpoint,763.9,32.497
2020-02-25,22.54,31.81,14.6,41.49,0.0,2.09,22.32,94.05,28.65,7.62,PNQ,18.52,73.86,semi_arid,NASA_POWER_daily_ag,5.134,10.779,1.0453,dewpoint,769.3,32.638
2020-02-26,22.38,31.5,14.83,36.52,0.0,2.72,23.18,94.15,0.66,5.79,PNQ,18.52,73.86,semi_arid,NASA_POWER_daily_ag,5.801,10.838,0.9216,dewpoint,758.4,32.778
2020-02-27,22.72,32.43,14.38,35.66,0.0,2.15,22.36,94.14,0.66,5.39,PNQ,18.52,73.86,semi_arid,NASA_POWER_daily_ag,5.373,10.505,0.8963,dewpoint,759.5,32.918
2020-02-28,23.21,33.19,14.39,41.12,0.0,2.01,22.43,93.97,4.24,7.78,PNQ,18.52,73.86,semi_arid,NASA_POWER_daily_ag,5.224,10.905,1.0568,dewpoint,778.0,33.057
2020-02-29,23.59,32.58,16.06,46.64,0.0,1.87,20.88,93.93,5.33,10.35,PNQ,18.52,73.86,semi_arid,NASA_POWER_daily_ag,4.876,10.719,1.2571,dewpoint,782.4,33.196
2020-03-01,23.99,32.04,18.65,51.98,0.38,1.21,20.87,94.03,5.73,12.59,PNQ,18.52,73.86,semi_arid,NASA_POWER_daily_ag,4.323,11.036,1.4581,dewpoint,771.5,33.335
2020-03-02,23.39,32.41,16.95,52.44,0.0,1.94,22.62,94.1,1.24,11.89,PNQ,18.52,73.86,semi_arid,NASA_POWER_daily_ag,4.962,11.715,1.3924,dewpoint,763.9,33.473
2020-03-03,21.89,29.99,16.41,58.74,0.0,2.32,23.97,94.14,7.66,12.22,PNQ,18.52,73.86,semi_arid,NASA_POWER_daily_ag,4.96,12.496,1.423,dewpoint,759.5,33.61
2020-03-04,20.76,29.51,14.17,68.07,0.0,2.15,24.26,94.08,5.51,13.14,PNQ,18.52,73.86,semi_arid,NASA_POWER_daily_ag,4.565,12.934,1.5115,dewpoint,766.1,33.746
2020-03-05,20.99,30.14,14.78,66.38,0.0,1.97,23.76,93.94,8.06,12.2,PNQ,18.52,73.86,semi_arid,NASA_POWER_daily_ag,4.596,12.526,1.4212,dewpoint,781.3,33.882
2020-03-06,20.6,28.11,15.77,72.19,0.0,2.71,23.0,93.98,20.14,14.36,PNQ,18.52,73.86,semi_arid,NASA_POWER_daily_ag,4.386,12.657,1.6363,dewpoint,776.9,34.016
2020-03-07,20.62,29.28,14.83,66.13,0.0,2.13,24.72,94.15,8.16,12.66,PNQ,18.52,73.86,semi_arid,NASA_POWER_daily_ag,4.642,13.124,1.4648,dewpoint,758.4,34.15
2020-03-08,21.9,32.09,13.76,58.82,0.0,2.25,24.31,94.12,3.85,12.23,PNQ,18.52,73.86,semi_arid,NASA_POWER_daily_ag,5.006,12.814,1.424,dewpoint,761.7,34.282
2020-03-09,21.99,30.98,15.63,63.27,0.0,2.2,24.31,94.04,3.91,13.56,PNQ,18.52,73.86,semi_arid,NASA_POWER_daily_ag,4.869,13.08,1.5535,dewpoint,770.4,34.413
2020-03-10,21.84,30.7,14.72,70.72,0.0,2.65,22.18,94.0,20.85,15.13,PNQ,18.52,73.86,semi_arid,NASA_POWER_daily_ag,4.546,12.461,1.7197,dewpoint,774.8,34.543
2020-03-11,21.2,29.5,15.2,67.48,0.0,2.86,25.75,94.05,7.62,13.48,PNQ,18.52,73.86,semi_arid,NASA_POWER_daily_ag,5.057,13.85,1.5455,dewpoint,769.3,34.672
2020-03-12,20.33,29.57,13.7,69.88,0.0,2.18,23.85,94.16,12.08,13.56,PNQ,18.52,73.86,semi_arid,NASA_POWER_daily_ag,4.427,13.076,1.5535,dewpoint,757.4,34.8
2020-03-13,20.06,30.22,13.14,60.89,0.0,2.08,25.64,94.19,29.49,10.32,PNQ,18.52,73.86,semi_arid,NASA_POWER_daily_ag,4.857,13.294,1.2545,dewpoint,754.1,34.926
2020-03-14,21.56,33.46,10.92,34.15,0.0,1.89,26.51,94.06,11.7,2.36,PNQ,18.52,73.86,semi_arid,NASA_POWER_daily_ag,5.588,12.233,0.724,dewpoint,768.2,35.051
2020-03-15,24.3,34.9,13.85,32.97,0.0,2.3,25.16,93.99,24.25,5.89,PNQ,18.52,73.86,semi_arid,NASA_POWER_daily_ag,6.202,12.135,0.928,dewpoint,775.8,35.174
2020-03-16,26.51,36.17,17.65,38.3,0.11,2.48,23.25,94.06,8.6,10.29,PNQ,18.52,73.86,semi_arid,NASA_POWER_daily_ag,6.345,11.951,1.252,dewpoint,768.2,35.296
2020-03-17,27.94,36.43,21.09,38.02,0.0,1.82,22.32,94.13,9.06,11.64,PNQ,18.52,73.86,semi_arid,NASA_POWER_daily_ag,5.811,11.698,1.3696,dewpoint,760.6,35.416
2020-03-18,27.39,35.79,21.21,37.9,0.0,2.22,22.68,94.17,4.43,10.93,PNQ,18.52,73.86,semi_arid,NASA_POWER_daily_ag,6.187,11.772,1.3066,dewpoint,756.3,35.534
2020-03-19,25.18,34.51,18.12,39.14,0.0,2.4,25.85,94.14,1.28,8.53,PNQ,18.52,73.86,semi_arid,NASA_POWER_daily_ag,6.392,12.823,1.1121,dewpoint,759.5,35.651
2020-03-20,23.76,32.88,16.79,49.33,0.0,2.71,26.23,94.14,1.87,10.83,PNQ,18.52,73.86,semi_arid,NASA_POWER_daily_ag,6.143,13.581,1.298,dewpoint,759.5,35.766
2020-03-21,23.95,33.78,16.07,52.85,0.0,2.28,25.96,94.08,1.22,10.72,PNQ,18.52,73.86,semi_arid,NASA_POWER_daily_ag,5.904,13.462,1.2885,dewpoint,766.1,35.88
2020-03-22,25.47,35.25,16.63,47.75,0.0,1.87,25.42,94.08,2.05,11.35,PNQ,18.52,73.86,semi_arid,NASA_POWER_daily_ag,5.829,13.289,1.3436,dewpoint,766.1,35.991
2020-03-23,26.99,36.5,18.74,44.27,0.0,1.78,24.96,93.97,10.32,11.69,PNQ,18.52,73.86,semi_arid,NASA_POWER_daily_ag,5.96,13.052,1.3741,dewpoint,778.0,36.101
2020-03-24,28.17,37.58,19.95,43.41,0.43,2.07,23.01,93.82,15.57,12.44,PNQ,18.52,73.86,semi_arid,NASA_POWER_daily_ag,6.184,12.3,1.4438,dewpoint,794.4,36.209
2020-03-25,27.6,33.42,23.44,51.72,2.99,1.29,19.79,93.86,39.35,15.81,PNQ,18.52,73.86,semi_arid,NASA_POWER_daily_ag,4.797,11.458,1.7963,dewpoint,790.0,36.315
2020-03-26,26.43,33.18,21.79,61.71,2.38,1.86,22.24,93.94,32.39,17.8,PNQ,18.52,73.86,semi_arid,NASA_POWER_daily_ag,5.155,13.036,2.0382,dewpoint,781.3,36.419
2020-03-27,27.3,34.97,21.47,57.43,0.36,1.71,21.11,94.09,26.7,17.11,PNQ,18.52,73.86,semi_arid,NASA_POWER_daily_ag,5.159,12.33,1.9513,dewpoint,765.0,36.521
2020-03-28,27.47,35.22,20.48,48.66,1.09,1.77,20.64,94.05,38.21,14.74,PNQ,18.52,73.86,semi_arid,NASA_POWER_daily_ag,5.367,11.763,1.677,dewpoint,769.3,36.621
2020-03-29,28.65,37.15,21.44,45.3,1.04,2.11,23.2,93.89,24.28,14.54,PNQ,18.52,73.86,semi_arid,NASA_POWER_daily_ag,6.224,12.833,1.6555,dewpoint,786.7,36.719
2020-03-30,28.7,37.18,21.89,44.03,0.2,1.55,23.34,93.96,26.82,14.08,PNQ,18.52,73.86,semi_arid,NASA_POWER_daily_ag,5.767,12.815,1.6069,dewpoint,779.1,36.815
2020-03-31,28.04,37.37,20.12,41.7,0.09,1.69,23.94,94.03,7.45,12.51,PNQ,18.52,73.86,semi_arid,NASA_POWER_daily_ag,5.944,12.864,1.4504,dewpoint,771.5,36.909
2020-04-01,28.38,37.81,20.59,37.46,0.0,1.99,24.42,94.0,4.76,10.75,PNQ,18.52,73.86,semi_arid,NASA_POWER_daily_ag,6.447,12.739,1.2911,dewpoint,774.8,37.001
2020-04-02,28.58,38.22,20.24,33.91,0.0,2.42,25.49,93.87,3.01,9.46,PNQ,18.52,73.86,semi_arid,NASA_POWER_daily_ag,7.131,12.965,1.1842,dewpoint,788.9,37.091
2020-04-03,29.16,38.48,20.86,35.17,0.0,2.27,25.26,93.89,2.66,10.45,PNQ,18.52,73.86,semi_arid,NASA_POWER_daily_ag,7.017,13.037,1.2655,dewpoint,786.7,37.178
2020-04-04,28.74,38.65,20.8,39.12,0.01,2.28,25.31,93.96,9.1,11.46,PNQ,18.52,73.86,semi_arid,NASA_POWER_daily_ag,6.888,13.261,1.3534,dewpoint,779.1,37.264
2020-04-05,28.66,38.75,20.92,41.94,0.09,2.13,24.97,94.03,2.01,12.01,PNQ,18.52,73.86,semi_arid,NASA_POWER_daily_ag,6.653,13.229,1.4035,dewpoint,771.5,37.348
2020-04-06,27.16,37.15,19.0,51.3,0.07,2.23,26.21,94.08,9.41,13.2,PNQ,18.52,73.86,semi_arid,NASA_POWER_daily_ag,6.511,14.161,1.5175,dewpoint,766.1,37.429
2020-04-07,26.64,36.57,19.29,47.3,0.0,2.5,25.23,94.0,33.96,11.81,PNQ,18.52,73.86,semi_arid,NASA_POWER_daily_ag,6.601,13.493,1.3851,dewpoint,774.8,37.508
2020-04-08,25.39,35.15,17.44,46.11,0.0,2.52,27.62,94.09,4.11,10.18,PNQ,18.52,73.86,semi_arid,NASA_POWER_daily_ag,6.736,14.369,1.2429,dewpoint,765.0,37.586
2020-04-09,26.27,36.53,16.8,51.15,0.0,2.09,27.1,94.03,0.71,11.78,PNQ,18.52,73.86,semi_arid,NASA_POWER_daily_ag,6.438,14.438,1.3823,dewpoint,771.5,37.661
2020-04-10,28.48,38.05,19.19,42.53,0.0,1.89,24.95,94.0,10.98,11.15,PNQ,18.52,73.86,semi_arid,NASA_POWER_daily_ag,6.465,13.243,1.3259,dewpoint,774.8,37.734
2020-04-11,30.33,38.68,23.07,39.56,0.01,1.81,23.28,94.14,43.66,13.34,PNQ,18.52,73.86,semi_arid,NASA_POWER_daily_ag,6.39,12.761,1.5314,dewpoint,759.5,37.805
2020-04-12,30.82,38.73,24.5,35.09,0.63,1.47,24.18,94.07,31.69,12.02,PNQ,18.52,73.86,semi_arid,NASA_POWER_daily_ag,6.223,12.884,1.4044,dewpoint,767.1,37.874
2020-04-13,30.82,39.67,23.44,34.38,0.1,1.48,24.16,93.95,21.74,11.09,PNQ,18.52,73.86,semi_arid,NASA_POWER_daily_ag,6.254,12.727,1.3206,dewpoint,780.2,37.941
2020-04-14,30.94,40.26,21.78,33.02,0.32,1.68,24.81,93.96,8.2,10.31,PNQ,18.52,73.86,semi_arid,NASA_POWER_daily_ag,6.64,12.908,1.2537,dewpoint,779.1,38.005
2020-04-15,31.72,40.02,24.25,32.77,0.11,1.5,24.53,94.02,10.34,11.65,PNQ,18.52,73.86,semi_arid,NASA_POWER_daily_ag,6.451,12.965,1.3705,dewpoint,772.6,38.068
2020-04-16,30.78,40.16,23.21,42.39,0.07,2.11,24.69,93.92,11.3,13.51,PNQ,18.52,73.86,semi_arid,NASA_POWER_daily_ag,6.977,13.428,1.5485,dewpoint,783.5,38.128
2020-04-17,30.41,39.64,22.2,44.29,0.02,2.02,25.13,93.87,3.45,14.1,PNQ,18.52,73.86,semi_arid,NASA_POWER_daily_ag,6.848,13.807,1.609,dewpoint,788.9,38.187
2020-04-18,30.91,40.05,23.12,42.24,0.05,2.28,24.85,93.92,12.42,14.12,PNQ,18.52,73.86,semi_arid,NASA_POWER_daily_ag,7.177,13.648,1.6111,dewpoint,783.5,38.244
2020-04-19,31.26,40.38,22.96,41.05,1.49,1.94,24.2,93.89,22.04,14.25,PNQ,18.52,73.86,semi_arid,NASA_POWER_daily_ag,6.8,13.383,1.6247,dewpoint,786.7,38.298
2020-04-20,31.59,39.63,25.58,34.04,0.02,1.52,26.07,93.88,15.99,12.23,PNQ,18.52,73.86,semi_arid,NASA_POWER_daily_ag,6.654,13.766,1.424,dewpoint,787.8,38.351
2020-04-21,29.95,39.01,22.88,30.36,0.0,2.71,25.87,93.93,1.74,8.74,PNQ,18.52,73.86,semi_arid,NASA_POWER_daily_ag,7.897,13.17,1.1281,dewpoint,782.4,38.402
2020-04-22,29.52,39.54,20.28,41.93,0.0,2.37,27.54,93.84,4.82,12.18,PNQ,18.52,73.86,semi_arid,NASA_POWER_daily_ag,7.45,14.628,1.4193,dewpoint,792.2,38.45
2020-04-23,29.37,38.67,21.83,48.29,0.0,2.85,26.96,93.86,7.31,15.39,PNQ,18.52,73.86,semi_arid,NASA_POWER_daily_ag,7.493,15.041,1.7486,dewpoint,790.0,38.497
2020-04-24,28.95,37.8,21.54,51.97,0.0,2.98,27.43,93.79,2.39,15.81,PNQ,18.52,73.86,semi_arid,NASA_POWER_daily_ag,7.49,15.415,1.7963,dewpoint,797.6,38.542
2020-04-25,27.91,36.49,21.87,52.99,0.0,3.33,27.86,93.86,2.71,15.13,PNQ,18.52,73.86,semi_arid,NASA_POWER_daily_ag,7.541,15.518,1.7197,dewpoint,790.0,38.585
2020-04-26,28.3,38.91,18.61,46.93,0.0,2.69,28.53,93.86,1.8,12.52,PNQ,18.52,73.86,semi_arid,NASA_POWER_daily_ag,7.564,15.277,1.4514,dewpoint,790.0,38.627
2020-04-27,28.82,38.27,20.41,56.05,0.0,2.7,27.6,93.98,5.92,16.56,PNQ,18.52,73.86,semi_arid,NASA_POWER_daily_ag,7.206,15.708,1.8844,dewpoint,776.9,38.666
2020-04-28,30.91,40.47,21.73,47.24,0.01,2.53,24.94,93.88,10.25,14.81,PNQ,18.52,73.86,semi_arid,NASA_POWER_daily_ag,7.421,13.946,1.6846,dewpoint,787.8,38.704
2020-04-29,30.86,39.76,22.77,47.66,0.22,1.98,23.16,93.84,38.35,15.68,PNQ,18.52,73.86,semi_arid,NASA_POWER_daily_ag,6.57,13.273,1.7815,dewpoint,792.2,38.74
2020-04-30,30.22,40.24,23.57,51.64,0.88,2.56,24.09,93.93,33.62,16.03,PNQ,18.52,73.86,semi_arid,NASA_POWER_daily_ag,7.04,13.747,1.8218,dewpoint,782.4,38.775
2020-05-01,29.78,39.3,22.71,56.01,1.27,3.01,24.2,93.93,41.01,17.81,PNQ,18.52,73.86,semi_arid,NASA_POWER_daily_ag,7.075,14.209,2.0395,dewpoint,782.4,38.808
2020-05-02,29.77,39.0,22.93,57.53,5.2,2.89,26.14,93.78,6.97,18.16,PNQ,18.52,73.86,semi_arid,NASA_POWER_daily_ag,7.209,15.273,2.0848,dewpoint,798.7,38.839
2020-05-03,30.06,39.51,22.54,52.27,0.04,3.29,27.02,93.79,4.49,16.47,PNQ,18.52,73.86,semi_arid,NASA_POWER_daily_ag,7.919,15.329,1.8736,dewpoint,797.6,38.869
2020-05-04,29.53,39.36,21.35,48.36,0.01,2.87,27.92,93.9,1.87,14.13,PNQ,18.52,73.86,semi_arid,NASA_POWER_daily_ag,7.823,15.285,1.6121,dewpoint,785.7,38.897
2020-05-05,29.72,39.64,20.7,55.07,0.02,3.32,28.18,93.82,2.58,17.06,PNQ,18.52,73.86,semi_arid,NASA_POWER_daily_ag,7.913,16.102,1.9451,dewpoint,794.4,38.924
2020-05-06,30.86,40.09,22.31,47.9,0.05,2.87,27.41,93.74,6.52,15.24,PNQ,18.52,73.86,semi_arid,NASA_POWER_daily_ag,8.017,15.242,1.7319,dewpoint,803.1,38.949
2020-05-07,31.05,41.15,22.17,40.52,0.0,2.9,28.0,93.75,1.08,13.01,PNQ,18.52,73.86,semi_arid,NASA_POWER_daily_ag,8.355,14.984,1.4988,dewpoint,802.0,38.973
2020-05-08,30.05,40.45,21.05,48.32,0.0,2.69,27.94,93.8,6.36,14.21,PNQ,18.52,73.86,semi_arid,NASA_POWER_daily_ag,7.804,15.299,1.6205,dewpoint,796.6,38.995
2020-05-09,30.7,41.01,21.24,47.22,0.0,2.39,27.83,93.8,2.47,14.13,PNQ,18.52,73.86,semi_arid,NASA_POWER_daily_ag,7.676,15.203,1.6121,dewpoint,796.6,39.016
2020-05-10,30.81,40.27,22.51,48.15,1.22,1.61,24.98,93.83,9.22,16.43,PNQ,18.52,73.86,semi_arid,NASA_POWER_daily_ag,6.425,14.333,1.8688,dewpoint,793.3,39.036
2020-05-11,30.59,40.31,23.48,46.66,5.17,2.23,25.22,93.84,29.85,15.63,PNQ,18.52,73.86,semi_arid,NASA_POWER_daily_ag,7.038,14.26,1.7758,dewpoint,792.2,39.055
2020-05-12,29.81,39.03,22.41,43.71,0.08,2.29,27.7,93.8,3.13,13.33,PNQ,18.52,73.86,semi_arid,NASA_POWER_daily_ag,7.415,15.027,1.5304,dewpoint,796.6,39.072
2020-05-13,30.2,39.23,22.73,50.64,0.77,2.6,26.11,93.7,9.42,16.75,PNQ,18.52,73.86,semi_arid,NASA_POWER_daily_ag,7.298,14.994,1.9072,dewpoint,807.5,39.089
2020-05-14,30.96,38.74,24.21,52.7,1.28,1.89,24.44,93.66,32.45,18.78,PNQ,18.52,73.86,semi_arid,NASA_POWER_daily_ag,6.497,14.557,2.1674,dewpoint,811.8,39.104
2020-05-15,28.72,33.55,24.32,60.61,4.1,1.86,16.11,93.68,86.06,19.92,PNQ,18.52,73.86,semi_arid,NASA_POWER_daily_ag,4.644,10.462,2.3267,dewpoint,809.6,39.118
2020-05-16,28.8,35.45,23.49,58.92,0.25,2.3,19.31,93.67,88.01,18.99,PNQ,18.52,73.86,semi_arid,NASA_POWER_daily_ag,5.522,12.031,2.196,dewpoint,810.7,39.131
2020-05-17,29.02,36.19,23.9,58.85,0.99,3.43,23.39,93.6,65.57,18.95,PNQ,18.52,73.86,semi_arid,NASA_POWER_daily_ag,6.804,14.134,2.1905,dewpoint,818.4,39.143
2020-05-18,27.97,33.63,23.6,60.17,0.31,3.88,22.43,93.54,70.08,18.37,PNQ,18.52,73.86,semi_arid,NASA_POWER_daily_ag,6.644,13.607,2.1125,dewpoint,824.9,39.154
2020-05-19,28.36,36.54,23.09,61.28,0.01,3.96,23.8,93.49,49.63,18.89,PNQ,18.52,73.86,semi_arid,NASA_POWER_daily_ag,6.88,14.352,2.1824,dewpoint,830.4,39.164
2020-05-20,29.37,38.35,22.6,57.49,0.01,3.79,27.38,93.48,18.69,18.1,PNQ,18.52,73.86,semi_arid,NASA_POWER_daily_ag,7.806,15.988,2.077,dewpoint,831.5,39.173
2020-05-21,29.92,39.09,23.19,56.54,0.0,3.84,25.04,93.59,86.75,18.54,PNQ,18.52,73.86,semi_arid,NASA_POWER_daily_ag,7.648,14.846,2.1351,dewpoint,819.5,39.181
2020-05-22,30.09,38.81,23.75,53.84,0.0,3.93,25.95,93.68,32.81,17.69,PNQ,18.52,73.86,semi_arid,NASA_POWER_daily_ag,8.044,15.12,2.0241,dewpoint,809.6,39.189
2020-05-23,30.64,40.89,21.93,48.53,0.0,3.46,27.58,93.67,4.87,15.0,PNQ,18.52,73.86,semi_arid,NASA_POWER_daily_ag,8.508,15.302,1.7053,dewpoint,810.7,39.195
2020-05-24,30.81,40.53,23.29,50.84,0.0,3.42,26.96,93.74,16.41,17.06,PNQ,18.52,73.86,semi_arid,NASA_POWER_daily_ag,8.176,15.435,1.9451,dewpoint,803.1,39.201
2020-05-25,30.98,40.4,23.62,53.23,0.0,3.36,26.94,93.77,7.66,18.45,PNQ,18.52,73.86,semi_arid,NASA_POWER_daily_ag,7.987,15.742,2.1231,dewpoint,799.8,39.207
2020-05-26,30.51,39.75,23.68,54.26,0.0,3.65,26.03,93.79,32.5,18.26,PNQ,18.52,73.86,semi_arid,NASA_POWER_daily_ag,7.927,15.257,2.098,dewpoint,797.6,39.211
2020-05-27,29.58,38.49,23.15,55.68,0.0,4.03,26.82,93.75,12.82,17.7,PNQ,18.52,73.86,semi_arid,NASA_POWER_daily_ag,8.024,15.592,2.0254,dewpoint,802.0,39.215
2020-05-28,29.06,37.4,23.33,60.87,0.0,4.47,28.03,93.68,13.55,19.05,PNQ,18.52,73.86,semi_arid,NASA_POWER_daily_ag,7.903,16.567,2.2043,dewpoint,809.6,39.219
2020-05-29,28.95,36.67,23.63,62.49,0.0,4.17,26.96,93.67,40.83,19.85,PNQ,18.52,73.86,semi_arid,NASA_POWER_daily_ag,7.407,16.212,2.3167,dewpoint,810.7,39.221
2020-05-30,29.17,35.09,25.03,61.12,0.0,3.59,26.84,93.71,31.12,19.92,PNQ,18.52,73.86,semi_arid,NASA_POWER_daily_ag,7.223,16.174,2.3267,dewpoint,806.4,39.224
2020-05-31,27.32,30.96,24.69,64.51,1.17,2.24,22.17,93.78,71.21,19.44,PNQ,18.52,73.86,semi_arid,NASA_POWER_daily_ag,5.469,13.699,2.2584,dewpoint,798.7,39.225
2020-06-01,26.25,29.95,23.38,70.3,7.12,1.81,8.89,93.85,99.76,20.1,PNQ,18.52,73.86,semi_arid,NASA_POWER_daily_ag,2.985,6.599,2.3528,dewpoint,791.1,39.227
2020-06-02,25.16,29.27,22.54,77.74,16.91,2.2,10.21,93.62,99.69,20.75,PNQ,18.52,73.86,semi_arid,NASA_POWER_daily_ag,2.942,7.347,2.4491,dewpoint,816.2,39.227
2020-06-03,24.7,27.42,22.94,87.83,79.26,6.79,3.16,92.96,98.98,22.45,PNQ,18.52,73.86,semi_arid,NASA_POWER_daily_ag,1.926,3.317,2.7173,dewpoint,888.5,39.228
2020-06-04,24.33,26.18,22.43,88.69,26.22,4.86,9.03,93.46,90.35,22.29,PNQ,18.52,73.86,semi_arid,NASA_POWER_daily_ag,2.368,6.719,2.691,dewpoint,833.7,39.228
2020-06-05,25.07,30.59,21.06,76.29,2.25,2.79,23.09,93.67,46.44,19.92,PNQ,18.52,73.86,semi_arid,NASA_POWER_daily_ag,5.015,14.37,2.3267,dewpoint,810.7,39.227
2020-06-06,24.98,29.44,21.68,80.88,8.45,3.18,18.81,93.65,63.18,21.08,PNQ,18.52,73.86,semi_arid,NASA_POWER_daily_ag,4.197,12.189,2.4993,dewpoint,812.9,39.227
2020-06-07,25.46,29.44,22.33,82.6,5.22,2.92,20.88,93.62,57.51,21.98,PNQ,18.52,73.86,semi_arid,NASA_POWER_daily_ag,4.412,13.483,2.6407,dewpoint,816.2,39.226
2020-06-08,24.93,30.02,21.03,73.38,8.66,2.68,18.48,93.67,83.15,18.88,PNQ,18.52,73.86,semi_arid,NASA_POWER_daily_ag,4.529,11.73,2.181,dewpoint,810.7,39.224
2020-06-09,24.13,29.8,19.41,77.87,3.36,2.98,21.33,93.68,39.06,19.7,PNQ,18.52,73.86,semi_arid,NASA_POWER_daily_ag,4.539,13.42,2.2952,dewpoint,809.6,39.222
2020-06-10,24.58,30.18,20.22,80.73,5.71,3.25,19.93,93.57,78.49,20.73,PNQ,18.52,73.86,semi_arid,NASA_POWER_daily_ag,4.297,12.778,2.4461,dewpoint,821.7,39.22
2020-06-11,24.55,27.72,22.04,85.85,5.32,2.74,19.5,93.32,90.67,21.87,PNQ,18.52,73.86,semi_arid,NASA_POWER_daily_ag,3.922,12.713,2.6231,dewpoint,849.0,39.218
2020-06-12,25.45,30.23,22.35,82.89,5.37,3.03,16.37,93.14,99.03,22.06,PNQ,18.52,73.86,semi_arid,NASA_POWER_daily_ag,3.76,10.907,2.6536,dewpoint,868.7,39.216
2020-06-13,24.52,28.01,21.76,88.0,15.09,3.3,16.66,93.12,97.27,22.31,PNQ,18.52,73.86,semi_arid,NASA_POWER_daily_ag,3.403,11.133,2.6943,dewpoint,870.9,39.213
2020-06-14,25.34,30.31,23.13,86.77,10.06,3.79,15.48,93.25,99.22,22.81,PNQ,18.52,73.86,semi_arid,NASA_POWER_daily_ag,3.42,10.46,2.7773,dewpoint,856.7,39.21
2020-06-15,25.06,28.74,23.09,90.39,19.36,3.36,14.49,93.16,99.35,23.31,PNQ,18.52,73.86,semi_arid,NASA_POWER_daily_ag,3.002,9.942,2.8625,dewpoint,866.5,39.207
2020-06-16,24.81,28.26,22.26,87.44,11.15,2.87,12.46,93.21,97.89,22.48,PNQ,18.52,73.86,semi_arid,NASA_POWER_daily_ag,2.858,8.707,2.7223,dewpoint,861.0,39.204
2020-06-17,25.0,27.82,23.15,87.83,26.86,3.17,12.44,93.25,99.44,22.76,PNQ,18.52,73.86,semi_arid,NASA_POWER_daily_ag,2.857,8.708,2.7689,dewpoint,856.7,39.2
2020-06-18,24.8,27.49,22.85,88.98,28.39,4.2,9.2,93.42,99.34,22.79,PNQ,18.52,73.86,semi_arid,NASA_POWER_daily_ag,2.372,6.821,2.774,dewpoint,838.1,39.196
2020-06-19,25.45,28.93,22.93,86.01,8.61,3.61,17.88,93.57,99.35,22.79,PNQ,18.52,73.86,semi_arid,NASA_POWER_daily_ag,3.798,11.865,2.774,dewpoint,821.7,39.192
2020-06-20,25.04,28.51,23.13,86.42,1.93,3.47,19.02,93.64,94.99,22.48,PNQ,18.52,73.86,semi_arid,NASA_POWER_daily_ag,3.876,12.487,2.7223,dewpoint,814.0,39.188
2020-06-21,24.84,28.14,22.77,86.88,4.05,3.39,16.81,93.54,91.45,22.38,PNQ,18.52,73.86,semi_arid,NASA_POWER_daily_ag,3.523,11.208,2.7058,dewpoint,824.9,39.184
2020-06-22,25.06,28.74,22.75,83.74,2.17,3.79,18.84,93.4,89.26,21.91,PNQ,18.52,73.86,semi_arid,NASA_POWER_daily_ag,4.047,12.31,2.6295,dewpoint,840.2,39.18
2020-06-23,25.32,29.78,22.4,80.69,2.34,3.3,18.08,93.48,65.64,21.45,PNQ,18.52,73.86,semi_arid,NASA_POWER_daily_ag,4.139,11.807,2.5566,dewpoint,831.5,39.175
2020-06-24,25.55,30.39,21.76,80.97,1.88,2.69,22.5,93.53,33.09,21.73,PNQ,18.52,73.86,semi_arid,NASA_POWER_daily_ag,4.712,14.35,2.6007,dewpoint,826.0,39.171
2020-06-25,26.31,31.43,22.36,81.01,8.8,1.93,22.47,93.44,58.08,22.42,PNQ,18.52,73.86,semi_arid,NASA_POWER_daily_ag,4.74,14.427,2.7124,dewpoint,835.9,39.166
2020-06-26,24.34,26.42,22.64,88.63,6.56,2.45,18.02,93.41,99.22,22.29,PNQ,18.52,73.86,semi_arid,NASA_POWER_daily_ag,3.545,11.92,2.691,dewpoint,839.1,39.161
2020-06-27,25.21,29.53,22.25,84.91,4.38,1.92,20.33,93.46,96.83,22.25,PNQ,18.52,73.86,semi_arid,NASA_POWER_daily_ag,4.144,13.204,2.6845,dewpoint,833.7,39.155
2020-06-28,25.1,28.74,22.77,86.25,10.29,1.87,16.69,93.49,97.1,22.48,PNQ,18.52,73.86,semi_arid,NASA_POWER_daily_ag,3.518,11.14,2.7223,dewpoint,830.4,39.15
2020-06-29,25.27,29.98,22.49,86.5,28.3,2.59,17.4,93.37,97.48,22.68,PNQ,18.52,73.86,semi_arid,NASA_POWER_daily_ag,3.66,11.563,2.7555,dewpoint,843.5,39.144
2020-06-30,24.09,26.76,22.64,91.76,27.34,2.67,17.73,93.29,92.82,22.64,PNQ,18.52,73.86,semi_arid,NASA_POWER_daily_ag,3.324,11.789,2.7488,dewpoint,852.3,39.138
2020-07-01,24.16,27.43,21.84,86.62,4.86,3.37,16.53,93.4,92.49,21.67,PNQ,18.52,73.86,semi_arid,NASA_POWER_daily_ag,3.431,10.987,2.5912,dewpoint,840.2,39.132
2020-07-02,24.92,29.08,21.87,86.08,8.03,3.81,16.09,93.33,92.7,22.26,PNQ,18.52,73.86,semi_arid,NASA_POWER_daily_ag,3.51,10.776,2.6861,dewpoint,847.9,39.126
2020-07-03,23.59,24.96,22.26,90.63,23.72,5.22,11.95,93.33,99.63,21.94,PNQ,18.52,73.86,semi_arid,NASA_POWER_daily_ag,2.512,8.396,2.6343,dewpoint,847.9,39.119
2020-07-04,24.19,27.06,22.44,91.69,50.41,5.03,9.72,93.15,99.41,22.73,PNQ,18.52,73.86,semi_arid,NASA_POWER_daily_ag,2.195,7.123,2.7639,dewpoint,867.6,39.112
2020-07-05,23.97,26.88,22.44,90.09,34.17,6.29,9.25,93.17,99.23,22.2,PNQ,18.52,73.86,semi_arid,NASA_POWER_daily_ag,2.293,6.839,2.6763,dewpoint,865.4,39.105
2020-07-06,24.92,27.56,23.29,88.97,24.24,6.96,13.53,93.06,97.85,22.9,PNQ,18.52,73.86,semi_arid,NASA_POWER_daily_ag,2.992,9.349,2.7925,dewpoint,877.5,39.097
2020-07-07,24.3,26.87,22.66,91.09,43.03,6.66,9.05,93.17,98.56,22.72,PNQ,18.52,73.86,semi_arid,NASA_POWER_daily_ag,2.197,6.731,2.7622,dewpoint,865.4,39.089
2020-07-08,24.38,27.85,22.05,88.1,18.7,4.67,10.35,93.44,97.1,22.2,PNQ,18.52,73.86,semi_arid,NASA_POWER_daily_ag,2.583,7.469,2.6763,dewpoint,835.9,39.081
2020-07-09,24.59,28.06,22.04,87.81,19.19,4.09,13.01,93.48,97.61,22.32,PNQ,18.52,73.86,semi_arid,NASA_POWER_daily_ag,2.948,9.008,2.6959,dewpoint,831.5,39.073
2020-07-10,24.31,27.28,22.46,90.02,17.3,3.99,15.37,93.5,99.26,22.51,PNQ,18.52,73.86,semi_arid,NASA_POWER_daily_ag,3.063,10.391,2.7272,dewpoint,829.3,39.064
2020-07-11,24.55,27.26,22.83,89.46,11.92,3.97,17.6,93.5,97.87,22.64,PNQ,18.52,73.86,semi_arid,NASA_POWER_daily_ag,3.419,11.696,2.7488,dewpoint,829.3,39.054
2020-07-12,24.18,26.93,22.14,88.73,13.83,3.8,12.67,93.51,98.01,22.13,PNQ,18.52,73.86,semi_arid,NASA_POWER_daily_ag,2.786,8.805,2.665,dewpoint,828.2,39.044
2020-07-13,24.08,27.7,21.38,89.96,11.57,3.04,13.45,93.41,99.43,22.25,PNQ,18.52,73.86,semi_arid,NASA_POWER_daily_ag,2.806,9.262,2.6845,dewpoint,839.1,39.034
2020-07-14,24.66,27.56,22.47,89.77,19.44,3.74,12.18,93.4,98.96,22.8,PNQ,18.52,73.86,semi_arid,NASA_POWER_daily_ag,2.688,8.553,2.7756,dewpoint,840.2,39.023
2020-07-15,23.71,24.81,22.85,93.71,38.04,3.54,8.11,93.21,99.61,22.64,PNQ,18.52,73.86,semi_arid,NASA_POWER_daily_ag,1.811,6.18,2.7488,dewpoint,861.0,39.012
2020-07-16,22.8,24.78,21.35,92.12,21.53,4.5,10.18,93.08,97.84,21.44,PNQ,18.52,73.86,semi_arid,NASA_POWER_daily_ag,2.13,7.36,2.555,dewpoint,875.3,39.0
2020-07-17,23.78,27.71,21.09,89.5,17.49,4.32,10.99,93.06,91.83,21.87,PNQ,18.52,73.86,semi_arid,NASA_POWER_daily_ag,2.505,7.827,2.6231,dewpoint,877.5,38.987
2020-07-18,24.56,28.35,21.69,89.4,7.57,3.81,14.6,93.33,91.11,22.61,PNQ,18.52,73.86,semi_arid,NASA_POWER_daily_ag,3.037,9.945,2.7438,dewpoint,847.9,38.974
2020-07-19,24.51,28.34,22.26,90.07,4.46,3.35,16.48,93.51,95.04,22.71,PNQ,18.52,73.86,semi_arid,NASA_POWER_daily_ag,3.242,11.038,2.7605,dewpoint,828.2,38.96
2020-07-20,23.96,26.65,21.96,89.45,2.27,2.38,17.43,93.41,98.39,22.05,PNQ,18.52,73.86,semi_arid,NASA_POWER_daily_ag,3.39,11.537,2.652,dewpoint,839.1,38.946
2020-07-21,24.24,28.36,21.23,87.77,1.21,1.86,17.96,93.46,99.15,21.95,PNQ,18.52,73.86,semi_arid,NASA_POWER_daily_ag,3.575,11.814,2.6359,dewpoint,833.7,38.93
2020-07-22,24.67,27.89,22.17,89.42,4.56,1.56,18.0,93.57,96.83,22.72,PNQ,18.52,73.86,semi_arid,NASA_POWER_daily_ag,3.574,11.925,2.7622,dewpoint,821.7,38.914
2020-07-23,24.14,26.68,22.13,90.71,8.06,1.78,14.24,93.53,99.22,22.46,PNQ,18.52,73.86,semi_arid,NASA_POWER_daily_ag,2.902,9.728,2.719,dewpoint,826.0,38.897
2020-07-24,23.78,27.26,21.62,89.43,27.69,2.3,10.91,93.6,99.49,21.86,PNQ,18.52,73.86,semi_arid,NASA_POWER_daily_ag,2.437,7.771,2.6215,dewpoint,818.4,38.88
2020-07-25,23.12,25.6,21.03,90.15,11.32,1.8,17.34,93.64,97.47,21.36,PNQ,18.52,73.86,semi_arid,NASA_POWER_daily_ag,3.297,11.422,2.5425,dewpoint,814.0,38.861
2020-07-26,23.87,27.82,21.1,88.47,17.34,2.39,18.05,93.69,68.43,21.74,PNQ,18.52,73.86,semi_arid,NASA_POWER_daily_ag,3.511,11.838,2.6023,dewpoint,808.6,38.842
2020-07-27,23.88,27.12,21.61,90.8,12.2,3.16,12.47,93.73,92.42,22.22,PNQ,18.52,73.86,semi_arid,NASA_POWER_daily_ag,2.601,8.681,2.6796,dewpoint,804.2,38.821
2020-07-28,23.81,26.4,21.68,91.92,16.54,2.55,12.09,93.61,98.42,22.38,PNQ,18.52,73.86,semi_arid,NASA_POWER_daily_ag,2.489,8.474,2.7058,dewpoint,817.3,38.8
2020-07-29,23.92,26.53,21.86,92.79,5.9,2.28,14.01,93.43,99.75,22.66,PNQ,18.52,73.86,semi_arid,NASA_POWER_daily_ag,2.745,9.606,2.7522,dewpoint,837.0,38.777
2020-07-30,24.12,27.74,21.41,88.17,6.55,2.05,17.04,93.44,98.79,21.94,PNQ,18.52,73.86,semi_arid,NASA_POWER_daily_ag,3.404,11.276,2.6343,dewpoint,835.9,38.754
2020-07-31,23.61,25.78,21.41,91.79,6.7,1.72,15.09,93.42,95.78,22.17,PNQ,18.52,73.86,semi_arid,NASA_POWER_daily_ag,2.953,10.198,2.6715,dewpoint,838.1,38.729
2020-08-01,24.21,27.04,22.04,92.35,3.93,2.01,16.87,93.36,93.16,22.85,PNQ,18.52,73.86,semi_arid,NASA_POWER_daily_ag,3.232,11.279,2.784,dewpoint,844.6,38.704
2020-08-02,24.22,26.92,21.81,91.89,7.4,2.51,17.4,93.28,91.25,22.78,PNQ,18.52,73.86,semi_arid,NASA_POWER_daily_ag,3.291,11.583,2.7723,dewpoint,853.4,38.677
2020-08-03,24.24,26.55,22.68,93.07,30.78,3.59,13.46,93.06,98.65,23.04,PNQ,18.52,73.86,semi_arid,NASA_POWER_daily_ag,2.604,9.301,2.8162,dewpoint,877.5,38.649
2020-08-04,23.86,25.54,22.8,95.14,92.3,5.93,6.14,92.84,99.66,23.06,PNQ,18.52,73.86,semi_arid,NASA_POWER_daily_ag,1.423,5.011,2.8196,dewpoint,901.7,38.619
2020-08-05,23.85,25.62,22.53,95.28,74.93,6.79,5.77,92.63,99.52,23.06,PNQ,18.52,73.86,semi_arid,NASA_POWER_daily_ag,1.368,4.794,2.8196,dewpoint,924.8,38.589
2020-08-06,22.98,24.42,21.24,94.77,52.36,5.98,7.47,92.78,99.39,22.12,PNQ,18.52,73.86,semi_arid,NASA_POWER_daily_ag,1.573,5.792,2.6633,dewpoint,908.2,38.557
2020-08-07,24.39,26.83,22.87,91.96,23.93,5.85,10.27,93.22,89.02,22.98,PNQ,18.52,73.86,semi_arid,NASA_POWER_daily_ag,2.245,7.422,2.806,dewpoint,860.0,38.523
2020-08-08,24.04,26.74,22.31,91.35,12.04,5.34,13.47,93.48,94.45,22.51,PNQ,18.52,73.86,semi_arid,NASA_POWER_daily_ag,2.66,9.256,2.7272,dewpoint,831.5,38.489
2020-08-09,23.85,26.47,22.27,92.12,8.23,4.6,13.94,93.4,99.58,22.47,PNQ,18.52,73.86,semi_arid,NASA_POWER_daily_ag,2.658,9.525,2.7206,dewpoint,840.2,38.452
2020-08-10,23.64,25.37,22.6,94.1,33.99,4.2,10.1,93.37,99.45,22.64,PNQ,18.52,73.86,semi_arid,NASA_POWER_daily_ag,2.021,7.312,2.7488,dewpoint,843.5,38.415
2020-08-11,23.62,26.12,22.2,92.62,15.93,4.85,9.92,93.54,99.83,22.35,PNQ,18.52,73.86,semi_arid,NASA_POWER_daily_ag,2.094,7.195,2.7009,dewpoint,824.9,38.376
2020-08-12,23.32,25.55,22.31,93.6,28.97,5.44,6.71,93.65,99.58,22.23,PNQ,18.52,73.86,semi_arid,NASA_POWER_daily_ag,1.613,5.343,2.6812,dewpoint,812.9,38.335
2020-08-13,23.19,24.28,22.46,95.73,47.0,5.36,5.81,93.46,99.77,22.49,PNQ,18.52,73.86,semi_arid,NASA_POWER_daily_ag,1.316,4.816,2.7239,dewpoint,833.7,38.293
2020-08-14,23.49,25.1,22.52,94.5,49.34,5.93,6.64,93.27,99.4,22.56,PNQ,18.52,73.86,semi_arid,NASA_POWER_daily_ag,1.531,5.297,2.7355,dewpoint,854.5,38.249
2020-08-15,23.49,25.03,22.63,94.7,42.83,5.71,6.69,93.33,99.55,22.61,PNQ,18.52,73.86,semi_arid,NASA_POWER_daily_ag,1.513,5.324,2.7438,dewpoint,847.9,38.204
2020-08-16,23.31,24.53,22.69,95.52,30.39,5.41,7.65,93.41,99.55,22.57,PNQ,18.52,73.86,semi_arid,NASA_POWER_daily_ag,1.553,5.878,2.7372,dewpoint,839.1,38.157
2020-08-17,23.06,24.31,21.92,95.75,36.92,4.72,6.89,93.37,99.2,22.37,PNQ,18.52,73.86,semi_arid,NASA_POWER_daily_ag,1.448,5.437,2.7041,dewpoint,843.5,38.108
2020-08-18,23.46,26.02,21.95,93.24,22.18,4.6,10.54,93.47,99.64,22.29,PNQ,18.52,73.86,semi_arid,NASA_POWER_daily_ag,2.119,7.535,2.691,dewpoint,832.6,38.057
2020-08-19,23.66,26.53,22.13,92.59,14.87,4.16,12.95,93.41,99.62,22.37,PNQ,18.52,73.86,semi_arid,NASA_POWER_daily_ag,2.492,8.918,2.7041,dewpoint,839.1,38.005
2020-08-20,23.2,24.33,22.25,95.92,33.49,4.18,8.03,93.31,99.68,22.54,PNQ,18.52,73.86,semi_arid,NASA_POWER_daily_ag,1.598,6.091,2.7322,dewpoint,850.1,37.951
2020-08-21,23.28,24.67,22.24,95.25,30.88,4.95,6.86,93.45,99.73,22.5,PNQ,18.52,73.86,semi_arid,NASA_POWER_daily_ag,1.486,5.411,2.7256,dewpoint,834.8,37.896
2020-08-22,23.95,26.51,22.42,93.26,13.86,5.1,12.5,93.53,99.81,22.79,PNQ,18.52,73.86,semi_arid,NASA_POWER_daily_ag,2.367,8.672,2.774,dewpoint,826.0,37.838
2020-08-23,23.88,26.46,22.3,92.44,8.79,4.86,13.09,93.54,97.95,22.56,PNQ,18.52,73.86,semi_arid,NASA_POWER_daily_ag,2.511,8.994,2.7355,dewpoint,824.9,37.779
2020-08-24,23.62,26.29,21.81,92.04,6.7,4.44,12.59,93.62,95.08,22.22,PNQ,18.52,73.86,semi_arid,NASA_POWER_daily_ag,2.474,8.685,2.6796,dewpoint,816.2,37.717
2020-08-25,23.49,26.8,21.4,91.73,4.22,3.33,15.48,93.82,77.22,22.02,PNQ,18.52,73.86,semi_arid,NASA_POWER_daily_ag,2.892,10.309,2.6472,dewpoint,794.4,37.654
2020-08-26,23.4,27.19,20.77,91.14,2.49,2.59,13.45,93.85,93.6,21.8,PNQ,18.52,73.86,semi_arid,NASA_POWER_daily_ag,2.673,9.135,2.6119,dewpoint,791.1,37.589
2020-08-27,22.97,26.62,21.03,92.34,3.81,3.12,15.21,93.73,98.61,21.62,PNQ,18.52,73.86,semi_arid,NASA_POWER_daily_ag,2.787,10.113,2.5833,dewpoint,804.2,37.522
2020-08-28,23.22,26.41,21.09,92.63,29.57,3.13,9.14,93.58,99.58,21.93,PNQ,18.52,73.86,semi_arid,NASA_POWER_daily_ag,1.986,6.694,2.6327,dewpoint,820.6,37.454
2020-08-29,22.91,25.03,21.65,94.58,31.88,3.14,5.01,93.55,99.8,21.99,PNQ,18.52,73.86,semi_arid,NASA_POWER_daily_ag,1.31,4.343,2.6423,dewpoint,823.8,37.383
2020-08-30,23.07,24.95,21.94,94.43,21.22,3.66,9.43,93.6,98.85,22.13,PNQ,18.52,73.86,semi_arid,NASA_POWER_daily_ag,1.887,6.858,2.665,dewpoint,818.4,37.31
2020-08-31,23.53,26.56,21.63,92.54,13.04,3.44,13.91,93.72,84.79,22.22,PNQ,18.52,73.86,semi_arid,NASA_POWER_daily_ag,2.627,9.402,2.6796,dewpoint,805.3,37.236
2020-09-01,23.64,27.23,20.82,91.65,3.73,2.23,16.12,93.8,89.68,22.15,PNQ,18.52,73.86,semi_arid,NASA_POWER_daily_ag,3.047,10.646,2.6682,dewpoint,796.6,37.159
2020-09-02,23.73,26.75,21.12,91.1,0.66,1.77,18.8,93.73,98.71,22.14,PNQ,18.52,73.86,semi_arid,NASA_POWER_daily_ag,3.496,12.163,2.6666,dewpoint,804.2,37.081
2020-09-03,24.28,27.59,21.59,90.16,4.61,1.08,17.01,93.67,92.58,22.49,PNQ,18.52,73.86,semi_arid,NASA_POWER_daily_ag,3.339,11.165,2.7239,dewpoint,810.7,37.0
2020-09-04,25.21,28.91,21.42,86.98,3.25,1.34,18.71,93.64,57.24,22.78,PNQ,18.52,73.86,semi_arid,NASA_POWER_daily_ag,3.75,12.151,2.7723,dewpoint,814.0,36.918
2020-09-05,25.79,29.62,21.89,86.2,9.45,1.26,21.43,93.58,59.03,23.17,PNQ,18.52,73.86,semi_arid,NASA_POWER_daily_ag,4.261,13.748,2.8385,dewpoint,820.6,36.834
2020-09-06,25.84,29.84,21.99,86.29,19.17,1.09,19.99,93.53,81.15,23.22,PNQ,18.52,73.86,semi_arid,NASA_POWER_daily_ag,4.027,12.914,2.847,dewpoint,826.0,36.747
2020-09-07,25.54,29.16,22.99,88.44,15.52,1.24,18.39,93.6,93.01,23.37,PNQ,18.52,73.86,semi_arid,NASA_POWER_daily_ag,3.692,12.004,2.8729,dewpoint,818.4,36.659
2020-09-08,24.67,27.89,22.79,92.17,5.31,1.6,16.73,93.64,89.12,23.28,PNQ,18.52,73.86,semi_arid,NASA_POWER_daily_ag,3.234,11.047,2.8574,dewpoint,814.0,36.569
2020-09-09,24.1,27.83,21.67,89.68,15.54,1.53,18.65,93.57,86.11,22.22,PNQ,18.52,73.86,semi_arid,NASA_POWER_daily_ag,3.549,12.003,2.6796,dewpoint,821.7,36.477
2020-09-10,23.64,25.63,22.53,93.92,26.21,1.04,18.22,93.36,93.79,22.6,PNQ,18.52,73.86,semi_arid,NASA_POWER_daily_ag,3.399,11.829,2.7422,dewpoint,844.6,36.383
2020-09-11,23.9,26.4,22.15,92.19,13.89,1.42,16.63,93.32,89.48,22.53,PNQ,18.52,73.86,semi_arid,NASA_POWER_daily_ag,3.165,10.9,2.7306,dewpoint,849.0,36.287
2020-09-12,24.16,27.47,21.86,90.82,15.16,2.01,11.73,93.52,93.49,22.5,PNQ,18.52,73.86,semi_arid,NASA_POWER_daily_ag,2.474,8.104,2.7256,dewpoint,827.1,36.19
2020-09-13,23.54,26.88,21.81,92.95,4.18,3.03,12.49,93.63,98.92,22.31,PNQ,18.52,73.86,semi_arid,NASA_POWER_daily_ag,2.413,8.518,2.6943,dewpoint,815.1,36.09
2020-09-14,22.52,24.8,21.14,93.37,3.76,2.54,14.29,93.61,98.99,21.39,PNQ,18.52,73.86,semi_arid,NASA_POWER_daily_ag,2.582,9.467,2.5472,dewpoint,817.3,35.989
2020-09-15,22.47,24.35,20.96,93.78,4.23,1.71,12.36,93.58,99.29,21.41,PNQ,18.52,73.86,semi_arid,NASA_POWER_daily_ag,2.356,8.395,2.5503,dewpoint,820.6,35.886
2020-09-16,22.89,25.54,21.16,93.38,5.23,1.97,11.67,93.62,99.51,21.75,PNQ,18.52,73.86,semi_arid,NASA_POWER_daily_ag,2.28,8.015,2.6039,dewpoint,816.2,35.781
2020-09-17,23.28,26.2,21.37,93.25,7.01,2.43,10.41,93.68,99.51,22.11,PNQ,18.52,73.86,semi_arid,NASA_POWER_daily_ag,2.113,7.317,2.6617,dewpoint,809.6,35.674
2020-09-18,22.7,24.38,21.46,95.11,3.23,2.4,10.01,93.58,99.48,21.89,PNQ,18.52,73.86,semi_arid,NASA_POWER_daily_ag,1.94,7.086,2.6263,dewpoint,820.6,35.566
2020-09-19,23.27,25.88,20.98,94.2,13.64,1.74,9.58,93.29,98.93,22.27,PNQ,18.52,73.86,semi_arid,NASA_POWER_daily_ag,1.98,6.85,2.6878,dewpoint,852.3,35.456
2020-09-20,23.65,25.79,21.94,93.0,14.94,1.09,14.43,93.16,99.36,22.43,PNQ,18.52,73.86,semi_arid,NASA_POWER_daily_ag,2.797,9.574,2.714,dewpoint,866.5,35.344
2020-09-21,23.88,26.79,22.3,94.37,12.62,2.36,10.56,93.03,99.01,22.91,PNQ,18.52,73.86,semi_arid,NASA_POWER_daily_ag,2.116,7.408,2.7942,dewpoint,880.8,35.23
2020-09-22,23.46,24.9,22.33,96.61,42.42,2.73,11.02,93.15,98.98,22.92,PNQ,18.52,73.86,semi_arid,NASA_POWER_daily_ag,2.018,7.671,2.7959,dewpoint,867.6,35.116
2020-09-23,23.38,25.19,22.27,95.49,35.13,3.12,8.42,93.32,99.2,22.63,PNQ,18.52,73.86,semi_arid,NASA_POWER_daily_ag,1.7,6.181,2.7472,dewpoint,849.0,34.999
2020-09-24,24.36,28.16,21.7,92.23,4.94,1.98,11.97,93.62,84.74,22.97,PNQ,18.52,73.86,semi_arid,NASA_POWER_daily_ag,2.442,8.176,2.8043,dewpoint,816.2,34.881
2020-09-25,23.21,25.39,21.74,94.49,13.34,2.33,10.82,93.69,96.41,22.27,PNQ,18.52,73.86,semi_arid,NASA_POWER_daily_ag,2.099,7.498,2.6878,dewpoint,808.6,34.762
2020-09-26,22.48,25.33,20.45,92.65,2.46,2.04,15.77,93.69,93.05,21.2,PNQ,18.52,73.86,semi_arid,NASA_POWER_daily_ag,2.816,10.135,2.5177,dewpoint,808.6,34.641
2020-09-27,22.78,26.67,19.67,89.82,2.08,1.69,20.13,93.83,38.33,20.92,PNQ,18.52,73.86,semi_arid,NASA_POWER_daily_ag,3.558,12.428,2.4748,dewpoint,793.3,34.519
2020-09-28,23.03,27.35,19.98,89.4,0.27,1.54,17.68,93.86,53.75,21.06,PNQ,18.52,73.86,semi_arid,NASA_POWER_daily_ag,3.255,11.096,2.4962,dewpoint,790.0,34.395
2020-09-29,22.85,26.64,20.26,90.18,0.29,1.74,20.38,93.78,58.3,21.06,PNQ,18.52,73.86,semi_arid,NASA_POWER_daily_ag,3.576,12.543,2.4962,dewpoint,798.7,34.27
2020-09-30,23.09,27.45,19.67,89.81,0.36,1.79,20.93,93.7,51.05,21.2,PNQ,18.52,73.86,semi_arid,NASA_POWER_daily_ag,3.686,12.842,2.5177,dewpoint,807.5,34.145
2020-10-01,23.33,27.32,20.3,89.13,0.35,1.38,18.95,93.74,66.13,21.3,PNQ,18.52,73.86,semi_arid,NASA_POWER_daily_ag,3.467,11.766,2.5332,dewpoint,803.1,34.017
2020-10-02,23.79,27.9,20.89,88.66,2.26,1.21,16.88,93.77,75.32,21.64,PNQ,18.52,73.86,semi_arid,NASA_POWER_daily_ag,3.218,10.666,2.5865,dewpoint,799.8,33.889
2020-10-03,24.59,28.9,21.26,87.69,5.87,1.09,14.84,93.77,77.07,22.23,PNQ,18.52,73.86,semi_arid,NASA_POWER_daily_ag,2.99,9.6,2.6812,dewpoint,799.8,33.76
2020-10-04,23.97,27.0,21.89,91.49,4.37,1.8,8.88,93.8,99.74,22.44,PNQ,18.52,73.86,semi_arid,NASA_POWER_daily_ag,1.979,6.352,2.7157,dewpoint,796.6,33.63
2020-10-05,23.84,27.81,21.29,88.84,0.52,1.52,15.69,93.8,74.55,21.74,PNQ,18.52,73.86,semi_arid,NASA_POWER_daily_ag,3.032,9.989,2.6023,dewpoint,796.6,33.499
2020-10-06,22.86,27.0,20.17,88.85,0.13,1.11,20.42,93.8,52.05,20.78,PNQ,18.52,73.86,semi_arid,NASA_POWER_daily_ag,3.62,12.377,2.4536,dewpoint,796.6,33.367
2020-10-07,24.02,28.82,20.61,82.59,0.09,1.26,19.25,93.87,74.29,20.63,PNQ,18.52,73.86,semi_arid,NASA_POWER_daily_ag,3.673,11.666,2.431,dewpoint,788.9,33.235
2020-10-08,24.45,28.87,21.31,76.5,0.23,1.12,14.94,93.82,82.76,19.88,PNQ,18.52,73.86,semi_arid,NASA_POWER_daily_ag,3.169,9.311,2.321,dewpoint,794.4,33.101
2020-10-09,24.26,28.15,20.21,82.04,0.07,0.97,17.28,93.78,75.71,20.84,PNQ,18.52,73.86,semi_arid,NASA_POWER_daily_ag,3.378,10.657,2.4627,dewpoint,798.7,32.967
2020-10-10,24.41,27.44,22.03,86.79,15.35,0.88,14.07,93.72,87.38,22.02,PNQ,18.52,73.86,semi_arid,NASA_POWER_daily_ag,2.826,9.078,2.6472,dewpoint,805.3,32.833
2020-10-11,23.58,27.15,21.48,88.33,12.85,1.1,7.59,93.6,99.38,21.42,PNQ,18.52,73.86,semi_arid,NASA_POWER_daily_ag,1.815,5.581,2.5519,dewpoint,818.4,32.698
2020-10-12,23.38,26.76,20.52,90.08,5.32,1.23,12.38,93.42,96.08,21.59,PNQ,18.52,73.86,semi_arid,NASA_POWER_daily_ag,2.463,8.132,2.5786,dewpoint,838.1,32.562
2020-10-13,24.59,28.23,22.08,87.26,19.0,0.65,14.63,93.36,91.54,22.2,PNQ,18.52,73.86,semi_arid,NASA_POWER_daily_ag,2.899,9.35,2.6763,dewpoint,844.6,32.427
2020-10-14,23.87,26.89,22.19,92.68,28.83,1.91,8.34,93.37,99.16,22.59,PNQ,18.52,73.86,semi_arid,NASA_POWER_daily_ag,1.832,5.985,2.7405,dewpoint,843.5,32.291
2020-10-15,23.91,26.03,22.43,94.88,41.91,2.92,9.82,93.06,98.02,23.05,PNQ,18.52,73.86,semi_arid,NASA_POWER_daily_ag,1.914,6.808,2.8179,dewpoint,877.5,32.154
2020-10-16,24.04,27.66,21.31,91.24,1.27,3.01,10.85,93.2,82.27,22.48,PNQ,18.52,73.86,semi_arid,NASA_POWER_daily_ag,2.257,7.321,2.7223,dewpoint,862.1,32.018
2020-10-17,23.4,27.56,19.78,89.35,2.15,1.72,15.37,93.54,54.76,21.45,PNQ,18.52,73.86,semi_arid,NASA_POWER_daily_ag,2.889,9.626,2.5566,dewpoint,824.9,31.882
2020-10-18,23.52,27.98,20.24,90.25,5.16,1.23,17.25,93.69,70.07,21.73,PNQ,18.52,73.86,semi_arid,NASA_POWER_daily_ag,3.142,10.623,2.6007,dewpoint,808.6,31.745
2020-10-19,23.54,27.18,21.45,91.73,13.99,1.52,12.66,93.71,83.31,22.06,PNQ,18.52,73.86,semi_arid,NASA_POWER_daily_ag,2.442,8.218,2.6536,dewpoint,806.4,31.609
2020-10-20,24.55,28.73,21.31,89.38,15.14,0.87,15.1,93.68,87.3,22.58,PNQ,18.52,73.86,semi_arid,NASA_POWER_daily_ag,2.922,9.546,2.7389,dewpoint,809.6,31.473
2020-10-21,25.24,28.7,23.02,88.48,4.94,0.83,15.58,93.72,76.7,23.09,PNQ,18.52,73.86,semi_arid,NASA_POWER_daily_ag,3.053,9.836,2.8248,dewpoint,805.3,31.337
2020-10-22,24.28,26.77,22.55,93.18,13.4,0.78,15.06,93.59,76.67,23.09,PNQ,18.52,73.86,semi_arid,NASA_POWER_daily_ag,2.844,9.575,2.8248,dewpoint,819.5,31.202
2020-10-23,23.42,26.08,21.47,91.17,6.31,1.51,16.89,93.65,46.11,21.87,PNQ,18.52,73.86,semi_arid,NASA_POWER_daily_ag,3.021,10.38,2.6231,dewpoint,812.9,31.067
2020-10-24,23.42,27.59,20.86,89.17,7.74,1.08,14.84,93.8,65.23,21.43,PNQ,18.52,73.86,semi_arid,NASA_POWER_daily_ag,2.781,9.215,2.5535,dewpoint,796.6,30.932
2020-10-25,23.75,27.71,20.36,82.65,6.64,0.87,16.63,93.97,65.64,20.43,PNQ,18.52,73.86,semi_arid,NASA_POWER_daily_ag,3.134,9.968,2.4013,dewpoint,778.0,30.798
2020-10-26,22.97,27.44,19.04,88.44,1.29,1.61,13.19,94.06,65.7,20.86,PNQ,18.52,73.86,semi_arid,NASA_POWER_daily_ag,2.544,8.296,2.4657,dewpoint,768.2,30.665
2020-10-27,23.13,27.44,18.97,83.07,0.01,1.5,18.89,94.03,10.35,19.93,PNQ,18.52,73.86,semi_arid,NASA_POWER_daily_ag,3.432,10.998,2.3282,dewpoint,771.5,30.532
2020-10-28,22.71,27.74,18.1,76.03,0.0,1.1,18.77,94.09,5.97,17.99,PNQ,18.52,73.86,semi_arid,NASA_POWER_daily_ag,3.428,10.578,2.0627,dewpoint,765.0,30.401
2020-10-29,21.98,28.13,16.37,74.79,0.0,1.25,20.04,94.11,6.49,16.95,PNQ,18.52,73.86,semi_arid,NASA_POWER_daily_ag,3.559,10.979,1.9316,dewpoint,762.8,30.27
2020-10-30,22.1,28.29,16.16,72.51,0.0,1.18,20.08,94.08,12.94,16.54,PNQ,18.52,73.86,semi_arid,NASA_POWER_daily_ag,3.586,10.893,1.882,dewpoint,766.1,30.14
2020-10-31,21.89,27.88,16.3,77.22,0.0,1.29,19.11,94.06,13.45,17.47,PNQ,18.52,73.86,semi_arid,NASA_POWER_daily_ag,3.392,10.609,1.9962,dewpoint,768.2,30.012
2020-11-01,22.61,27.76,18.48,81.48,0.0,1.07,16.78,94.14,26.36,19.09,PNQ,18.52,73.86,semi_arid,NASA_POWER_daily_ag,3.055,9.724,2.2098,dewpoint,759.5,29.884
2020-11-02,22.14,25.51,19.47,83.89,0.0,1.27,17.38,94.25,33.65,19.15,PNQ,18.52,73.86,semi_arid,NASA_POWER_daily_ag,3.067,10.027,2.218,dewpoint,747.6,29.758
2020-11-03,21.81,27.41,17.18,79.44,0.0,1.95,18.87,94.23,6.39,17.84,PNQ,18.52,73.86,semi_arid,NASA_POWER_daily_ag,3.392,10.479,2.0433,dewpoint,749.7,29.633
2020-11-04,21.79,27.96,16.74,75.07,0.0,1.53,18.29,94.18,3.16,16.84,PNQ,18.52,73.86,semi_arid,NASA_POWER_daily_ag,3.353,10.012,1.9182,dewpoint,755.2,29.509
2020-11-05,20.65,26.74,15.55,75.69,0.0,1.68,18.98,94.21,0.48,15.89,PNQ,18.52,73.86,semi_arid,NASA_POWER_daily_ag,3.327,10.193,1.8056,dewpoint,751.9,29.387
2020-11-06,19.3,26.05,14.49,73.46,0.0,2.15,20.08,94.35,0.58,14.04,PNQ,18.52,73.86,semi_arid,NASA_POWER_daily_ag,3.44,10.355,1.6028,dewpoint,736.7,29.266
2020-11-07,20.14,27.05,13.67,80.57,0.0,2.54,17.65,94.38,6.45,16.58,PNQ,18.52,73.86,semi_arid,NASA_POWER_daily_ag,3.078,9.713,1.8868,dewpoint,733.5,29.147
2020-11-08,21.14,27.21,16.12,82.86,0.0,2.45,17.74,94.4,2.21,17.96,PNQ,18.52,73.86,semi_arid,NASA_POWER_daily_ag,3.097,9.895,2.0588,dewpoint,731.3,29.03
2020-11-09,19.4,26.58,14.09,75.8,0.0,2.13,18.89,94.29,0.56,14.68,PNQ,18.52,73.86,semi_arid,NASA_POWER_daily_ag,3.241,9.886,1.6705,dewpoint,743.2,28.914
2020-11-10,17.69,25.02,12.57,72.99,0.0,2.55,20.17,94.11,0.55,12.33,PNQ,18.52,73.86,semi_arid,NASA_POWER_daily_ag,3.34,10.078,1.4334,dewpoint,762.8,28.8
2020-11-11,17.23,24.91,11.76,73.89,0.0,2.66,19.26,94.18,0.71,12.09,PNQ,18.52,73.86,semi_arid,NASA_POWER_daily_ag,3.194,9.683,1.4109,dewpoint,755.2,28.688
2020-11-12,18.6,25.75,12.09,78.32,0.0,2.23,19.99,94.24,1.81,14.46,PNQ,18.52,73.86,semi_arid,NASA_POWER_daily_ag,3.187,10.316,1.647,dewpoint,748.7,28.579
2020-11-13,22.15,27.36,17.73,86.6,0.0,2.1,18.65,94.2,13.72,19.68,PNQ,18.52,73.86,semi_arid,NASA_POWER_daily_ag,3.135,10.486,2.2924,dewpoint,753.0,28.471
2020-11-14,23.22,28.12,19.13,84.55,0.0,1.78,18.58,94.06,12.35,20.31,PNQ,18.52,73.86,semi_arid,NASA_POWER_daily_ag,3.282,10.507,2.3835,dewpoint,768.2,28.365
2020-11-15,22.52,28.33,17.35,80.48,0.0,1.61,17.1,94.1,16.95,18.74,PNQ,18.52,73.86,semi_arid,NASA_POWER_daily_ag,3.118,9.537,2.162,dewpoint,763.9,28.261
2020-11-16,22.48,28.07,17.18,84.19,0.0,2.03,18.68,94.12,11.14,19.49,PNQ,18.52,73.86,semi_arid,NASA_POWER_daily_ag,3.238,10.396,2.2655,dewpoint,761.7,28.16
2020-11-17,22.62,27.11,19.05,84.24,0.0,1.92,16.31,94.04,39.39,19.65,PNQ,18.52,73.86,semi_arid,NASA_POWER_daily_ag,2.957,9.286,2.2881,dewpoint,770.4,28.061
2020-11-18,22.7,27.69,18.2,85.66,0.05,1.41,16.08,93.98,79.44,20.02,PNQ,18.52,73.86,semi_arid,NASA_POWER_daily_ag,2.856,9.229,2.3412,dewpoint,776.9,27.965
2020-11-19,23.53,27.88,20.11,83.99,0.04,1.25,16.79,94.0,50.31,20.5,PNQ,18.52,73.86,semi_arid,NASA_POWER_daily_ag,3.03,9.586,2.4116,dewpoint,774.8,27.87
2020-11-20,23.71,28.15,19.41,82.69,0.87,1.02,16.13,94.08,63.01,20.44,PNQ,18.52,73.86,semi_arid,NASA_POWER_daily_ag,2.949,9.255,2.4027,dewpoint,766.1,27.779
2020-11-21,23.44,28.15,19.54,82.04,0.29,1.2,17.14,94.14,43.71,19.99,PNQ,18.52,73.86,semi_arid,NASA_POWER_daily_ag,3.084,9.626,2.3368,dewpoint,759.5,27.69
2020-11-22,21.97,26.29,18.67,86.02,0.01,1.68,16.65,94.21,13.28,19.35,PNQ,18.52,73.86,semi_arid,NASA_POWER_daily_ag,2.85,9.333,2.2458,dewpoint,751.9,27.603
2020-11-23,22.23,27.59,18.4,84.32,0.0,1.19,16.12,94.23,10.78,19.23,PNQ,18.52,73.86,semi_arid,NASA_POWER_daily_ag,2.802,9.03,2.2291,dewpoint,749.7,27.519
2020-11-24,21.51,27.13,17.09,80.46,0.0,1.34,14.37,94.15,24.68,17.72,PNQ,18.52,73.86,semi_arid,NASA_POWER_daily_ag,2.634,8.051,2.0279,dewpoint,758.4,27.438
2020-11-25,19.9,26.35,15.44,75.83,0.0,2.37,17.69,94.09,2.74,15.11,PNQ,18.52,73.86,semi_arid,NASA_POWER_daily_ag,3.15,9.076,1.7175,dewpoint,765.0,27.36
2020-11-26,19.98,26.71,14.59,79.74,0.0,2.27,17.41,94.13,8.42,16.17,PNQ,18.52,73.86,semi_arid,NASA_POWER_daily_ag,2.959,9.138,1.8381,dewpoint,760.6,27.284
2020-11-27,20.02,25.36,16.35,83.31,0.0,3.49,16.53,94.27,34.7,16.88,PNQ,18.52,73.86,semi_arid,NASA_POWER_daily_ag,2.855,8.864,1.923,dewpoint,745.4,27.212
2020-11-28,20.52,25.86,16.25,84.68,0.0,3.5,11.88,94.27,82.98,17.68,PNQ,18.52,73.86,semi_arid,NASA_POWER_daily_ag,2.398,6.957,2.0228,dewpoint,745.4,27.142
2020-11-29,22.04,26.95,17.95,85.47,0.0,2.29,16.45,94.27,23.68,19.33,PNQ,18.52,73.86,semi_arid,NASA_POWER_daily_ag,2.859,9.137,2.243,dewpoint,745.4,27.075
2020-11-30,22.8,27.56,18.76,86.17,0.0,1.21,15.42,94.29,20.89,20.21,PNQ,18.52,73.86,semi_arid,NASA_POWER_daily_ag,2.711,8.774,2.3689,dewpoint,743.2,27.012
2020-12-01,22.55,27.56,18.85,85.42,0.0,1.54,15.85,94.31,18.12,19.8,PNQ,18.52,73.86,semi_arid,NASA_POWER_daily_ag,2.779,8.889,2.3095,dewpoint,741.1,26.951
2020-12-02,20.71,26.69,16.55,80.34,0.0,1.97,17.2,94.22,1.51,16.91,PNQ,18.52,73.86,semi_arid,NASA_POWER_daily_ag,2.94,9.037,1.9267,dewpoint,750.8,26.893
2020-12-03,19.25,26.35,13.79,75.77,0.0,2.1,17.6,94.16,11.87,14.55,PNQ,18.52,73.86,semi_arid,NASA_POWER_daily_ag,2.987,8.864,1.6566,dewpoint,757.4,26.839
2020-12-04,19.41,26.88,13.42,72.41,0.0,2.04,17.07,94.06,53.2,13.9,PNQ,18.52,73.86,semi_arid,NASA_POWER_daily_ag,3.046,8.535,1.5883,dewpoint,768.2,26.788
2020-12-05,19.01,26.16,13.06,70.76,0.0,2.04,17.23,94.1,2.45,13.14,PNQ,18.52,73.86,semi_arid,NASA_POWER_daily_ag,3.067,8.495,1.5115,dewpoint,763.9,26.74
2020-12-06,18.5,26.27,13.11,72.56,0.0,2.37,18.34,94.23,5.38,13.07,PNQ,18.52,73.86,semi_arid,NASA_POWER_daily_ag,3.121,8.873,1.5046,dewpoint,749.7,26.695
2020-12-07,18.4,26.68,12.36,71.42,0.0,2.25,18.48,94.36,3.45,12.74,PNQ,18.52,73.86,semi_arid,NASA_POWER_daily_ag,3.124,8.861,1.4725,dewpoint,735.6,26.653
2020-12-08,19.16,26.89,12.99,69.31,0.0,2.33,18.12,94.36,40.38,13.01,PNQ,18.52,73.86,semi_arid,NASA_POWER_daily_ag,3.26,8.737,1.4988,dewpoint,735.6,26.615
2020-12-09,20.53,26.81,14.16,75.23,0.01,1.63,14.64,94.22,65.35,15.82,PNQ,18.52,73.86,semi_arid,NASA_POWER_daily_ag,2.713,7.81,1.7975,dewpoint,750.8,26.58
2020-12-10,21.85,27.43,16.59,76.34,0.2,1.29,15.66,94.14,65.17,17.25,PNQ,18.52,73.86,semi_arid,NASA_POWER_daily_ag,2.824,8.36,1.9686,dewpoint,759.5,26.548
2020-12-11,21.32,24.77,18.58,84.83,0.64,0.86,9.94,94.15,85.7,18.59,PNQ,18.52,73.86,semi_arid,NASA_POWER_daily_ag,1.91,6.095,2.1418,dewpoint,758.4,26.52
2020-12-12,21.72,26.54,17.11,80.64,0.05,1.3,12.22,94.1,89.17,17.99,PNQ,18.52,73.86,semi_arid,NASA_POWER_daily_ag,2.36,7.015,2.0627,dewpoint,763.9,26.495
2020-12-13,21.1,25.57,16.97,79.2,1.08,1.21,7.59,94.0,97.96,17.13,PNQ,18.52,73.86,semi_arid,NASA_POWER_daily_ag,1.825,5.016,1.9538,dewpoint,774.8,26.474
2020-12-14,21.42,26.28,17.51,81.36,4.56,1.21,8.56,94.01,83.08,17.87,PNQ,18.52,73.86,semi_arid,NASA_POWER_daily_ag,1.897,5.444,2.0472,dewpoint,773.7,26.456
2020-12-15,20.86,26.42,15.93,80.68,0.16,1.46,14.92,94.17,26.43,17.14,PNQ,18.52,73.86,semi_arid,NASA_POWER_daily_ag,2.614,8.055,1.955,dewpoint,756.3,26.441
2020-12-16,21.01,26.79,16.14,78.72,0.0,1.41,16.59,94.29,6.96,16.84,PNQ,18.52,73.86,semi_arid,NASA_POWER_daily_ag,2.831,8.675,1.9182,dewpoint,743.2,26.43
2020-12-17,20.33,26.4,15.74,80.44,0.0,1.65,15.23,94.31,13.2,16.58,PNQ,18.52,73.86,semi_arid,NASA_POWER_daily_ag,2.632,8.098,1.8868,dewpoint,741.1,26.422
2020-12-18,19.37,25.86,14.78,79.54,0.0,2.16,16.44,94.29,5.78,15.44,PNQ,18.52,73.86,semi_arid,NASA_POWER_daily_ag,2.767,8.442,1.7543,dewpoint,743.2,26.418
2020-12-19,18.53,24.88,14.51,79.17,0.0,2.76,15.68,94.37,9.28,14.51,PNQ,18.52,73.86,semi_arid,NASA_POWER_daily_ag,2.725,8.038,1.6523,dewpoint,734.5,26.417
2020-12-20,17.71,25.14,13.33,72.37,0.0,2.98,17.15,94.42,2.38,12.21,PNQ,18.52,73.86,semi_arid,NASA_POWER_daily_ag,3.071,8.256,1.4221,dewpoint,729.1,26.42
2020-12-21,16.3,24.39,11.37,63.27,0.0,2.58,17.59,94.27,25.02,8.69,PNQ,18.52,73.86,semi_arid,NASA_POWER_daily_ag,3.185,7.97,1.1242,dewpoint,745.4,26.426
2020-12-22,16.12,24.46,9.56,63.1,0.0,2.01,15.83,94.15,43.32,8.58,PNQ,18.52,73.86,semi_arid,NASA_POWER_daily_ag,2.861,7.453,1.1159,dewpoint,758.4,26.435
2020-12-23,17.36,25.23,10.16,61.56,0.0,1.59,17.91,94.05,2.58,9.44,PNQ,18.52,73.86,semi_arid,NASA_POWER_daily_ag,3.005,8.205,1.1826,dewpoint,769.3,26.448
2020-12-24,17.82,25.87,10.39,66.48,0.0,1.76,17.54,93.98,2.35,11.09,PNQ,18.52,73.86,semi_arid,NASA_POWER_daily_ag,2.98,8.307,1.3206,dewpoint,776.9,26.465
2020-12-25,18.67,26.12,13.26,73.71,0.0,2.25,16.36,94.07,1.04,13.56,PNQ,18.52,73.86,semi_arid,NASA_POWER_daily_ag,2.893,8.17,1.5535,dewpoint,767.1,26.485
2020-12-26,19.61,26.65,13.24,70.6,0.0,2.1,15.72,94.17,10.83,13.82,PNQ,18.52,73.86,semi_arid,NASA_POWER_daily_ag,2.988,7.958,1.58,dewpoint,756.3,26.508
2020-12-27,19.72,27.51,13.79,74.86,0.0,1.33,15.8,94.14,13.73,14.7,PNQ,18.52,73.86,semi_arid,NASA_POWER_daily_ag,2.7,8.085,1.6727,dewpoint,759.5,26.535
2020-12-28,19.38,26.67,12.95,74.01,0.0,1.15,17.01,94.06,1.52,14.16,PNQ,18.52,73.86,semi_arid,NASA_POWER_daily_ag,2.763,8.52,1.6153,dewpoint,768.2,26.565
2020-12-29,19.21,26.83,12.52,72.32,0.0,1.43,16.89,94.03,0.66,13.7,PNQ,18.52,73.86,semi_arid,NASA_POWER_daily_ag,2.839,8.417,1.5677,dewpoint,771.5,26.598
2020-12-30,19.3,26.76,12.82,72.16,0.0,1.48,16.37,94.05,2.17,13.7,PNQ,18.52,73.86,semi_arid,NASA_POWER_daily_ag,2.823,8.224,1.5677,dewpoint,769.3,26.635
2020-12-31,19.62,26.68,14.45,77.59,0.0,2.61,15.02,94.09,4.33,15.33,PNQ,18.52,73.86,semi_arid,NASA_POWER_daily_ag,2.809,7.912,1.7419,dewpoint,765.0,26.675
2021-01-01,21.19,26.8,15.76,78.45,0.01,1.87,13.75,94.13,30.98,17.06,PNQ,18.52,73.86,semi_arid,NASA_POWER_daily_ag,2.66,7.597,1.9451,dewpoint,760.6,26.675
2021-01-02,21.3,26.02,17.59,82.12,0.0,1.41,13.31,94.13,48.37,17.95,PNQ,18.52,73.86,semi_arid,NASA_POWER_daily_ag,2.438,7.514,2.0575,dewpoint,760.6,26.719
2021-01-03,20.89,26.13,16.65,77.4,0.0,1.33,14.32,94.0,37.69,16.39,PNQ,18.52,73.86,semi_arid,NASA_POWER_daily_ag,2.618,7.761,1.8641,dewpoint,774.8,26.766
2021-01-04,20.77,26.09,17.16,82.8,1.07,1.53,10.78,93.98,71.81,17.53,PNQ,18.52,73.86,semi_arid,NASA_POWER_daily_ag,2.14,6.413,2.0038,dewpoint,776.9,26.816
2021-01-05,20.71,25.07,16.53,81.44,0.13,1.3,11.21,94.08,78.06,17.18,PNQ,18.52,73.86,semi_arid,NASA_POWER_daily_ag,2.182,6.594,1.9599,dewpoint,766.1,26.869
2021-01-06,21.79,26.57,17.48,80.92,0.04,1.22,15.35,94.04,38.33,18.18,PNQ,18.52,73.86,semi_arid,NASA_POWER_daily_ag,2.709,8.454,2.0875,dewpoint,770.4,26.926
2021-01-07,21.1,24.34,19.22,90.06,1.84,1.63,11.42,93.87,78.66,19.36,PNQ,18.52,73.86,semi_arid,NASA_POWER_daily_ag,2.037,6.88,2.2472,dewpoint,788.9,26.986
2021-01-08,21.87,26.55,18.36,88.65,9.98,1.57,9.28,93.79,97.91,19.77,PNQ,18.52,73.86,semi_arid,NASA_POWER_daily_ag,1.886,5.929,2.3052,dewpoint,797.6,27.049
2021-01-09,22.72,27.2,18.74,83.79,3.4,1.24,11.97,93.86,83.81,19.63,PNQ,18.52,73.86,semi_arid,NASA_POWER_daily_ag,2.343,7.142,2.2853,dewpoint,790.0,27.115
2021-01-10,23.13,27.78,19.0,78.06,0.15,1.37,14.75,94.0,56.69,18.8,PNQ,18.52,73.86,semi_arid,NASA_POWER_daily_ag,2.854,8.275,2.1701,dewpoint,774.8,27.184
2021-01-11,22.65,28.88,17.28,72.05,0.0,1.69,18.06,94.09,14.16,16.93,PNQ,18.52,73.86,semi_arid,NASA_POWER_daily_ag,3.406,9.395,1.9292,dewpoint,765.0,27.256
2021-01-12,22.55,29.48,16.57,69.67,0.0,1.99,16.53,94.17,32.9,16.35,PNQ,18.52,73.86,semi_arid,NASA_POWER_daily_ag,3.394,8.682,1.8593,dewpoint,756.3,27.331
2021-01-13,22.46,28.2,17.05,69.94,0.0,1.8,16.94,94.13,31.46,16.33,PNQ,18.52,73.86,semi_arid,NASA_POWER_daily_ag,3.363,8.889,1.857,dewpoint,760.6,27.409
2021-01-14,22.09,28.39,16.16,67.29,0.0,1.31,16.91,94.02,40.55,15.27,PNQ,18.52,73.86,semi_arid,NASA_POWER_daily_ag,3.203,8.739,1.7352,dewpoint,772.6,27.49
2021-01-15,21.07,28.93,14.6,70.39,0.0,1.66,17.77,93.96,0.41,14.97,PNQ,18.52,73.86,semi_arid,NASA_POWER_daily_ag,3.267,9.076,1.7021,dewpoint,779.1,27.573
2021-01-16,22.1,28.9,15.92,67.05,0.0,1.1,17.3,93.84,6.49,15.34,PNQ,18.52,73.86,semi_arid,NASA_POWER_daily_ag,3.16,8.939,1.743,dewpoint,792.2,27.66
2021-01-17,23.08,29.66,17.54,72.42,0.0,1.09,16.59,93.92,22.83,17.46,PNQ,18.52,73.86,semi_arid,NASA_POWER_daily_ag,3.102,8.956,1.9949,dewpoint,783.5,27.749
2021-01-18,23.17,29.34,18.75,76.75,0.0,1.14,16.05,94.05,20.75,18.54,PNQ,18.52,73.86,semi_arid,NASA_POWER_daily_ag,3.0,8.897,2.1351,dewpoint,769.3,27.841
2021-01-19,22.18,29.35,16.73,73.0,0.0,1.13,16.08,94.06,6.89,16.71,PNQ,18.52,73.86,semi_arid,NASA_POWER_daily_ag,2.978,8.683,1.9024,dewpoint,768.2,27.936
2021-01-20,21.62,28.95,16.82,66.92,0.0,1.13,17.68,94.15,1.69,14.85,PNQ,18.52,73.86,semi_arid,NASA_POWER_daily_ag,3.177,9.062,1.6889,dewpoint,758.4,28.033
2021-01-21,20.0,28.07,13.81,60.8,0.0,1.3,19.29,94.12,3.43,11.64,PNQ,18.52,73.86,semi_arid,NASA_POWER_daily_ag,3.362,9.279,1.3696,dewpoint,761.7,28.132
2021-01-22,20.9,28.9,13.16,57.11,0.0,1.47,17.66,94.07,5.84,11.42,PNQ,18.52,73.86,semi_arid,NASA_POWER_daily_ag,3.473,8.671,1.3498,dewpoint,767.1,28.234
2021-01-23,20.94,29.23,15.0,62.16,0.0,1.13,17.94,94.06,4.14,12.76,PNQ,18.52,73.86,semi_arid,NASA_POWER_daily_ag,3.234,8.939,1.4744,dewpoint,768.2,28.339
2021-01-24,20.72,29.05,15.6,61.77,0.0,1.3,18.9,94.13,2.72,12.47,PNQ,18.52,73.86,semi_arid,NASA_POWER_daily_ag,3.396,9.263,1.4466,dewpoint,760.6,28.445
2021-01-25,19.62,29.28,12.24,59.07,0.0,1.34,19.19,94.18,4.08,10.5,PNQ,18.52,73.86,semi_arid,NASA_POWER_daily_ag,3.402,9.174,1.2697,dewpoint,755.2,28.554
2021-01-26,19.94,28.56,14.74,55.26,0.0,1.16,19.57,94.13,7.17,10.04,PNQ,18.52,73.86,semi_arid,NASA_POWER_daily_ag,3.398,9.206,1.2313,dewpoint,760.6,28.666
2021-01-27,19.56,28.21,13.19,55.19,0.0,1.28,19.63,94.11,1.43,9.69,PNQ,18.52,73.86,semi_arid,NASA_POWER_daily_ag,3.457,9.275,1.2027,dewpoint,762.8,28.779
2021-01-28,19.74,28.33,14.36,58.04,0.0,1.33,19.4,94.16,1.0,10.63,PNQ,18.52,73.86,semi_arid,NASA_POWER_daily_ag,3.443,9.33,1.2808,dewpoint,757.4,28.894
2021-01-29,19.52,28.3,12.45,57.96,0.0,1.39,18.37,94.22,1.89,10.39,PNQ,18.52,73.86,semi_arid,NASA_POWER_daily_ag,3.383,9.016,1.2604,dewpoint,750.8,29.011
2021-01-30,20.28,28.22,13.35,60.32,0.0,1.41,17.87,94.18,1.68,11.79,PNQ,18.52,73.86,semi_arid,NASA_POWER_daily_ag,3.389,9.041,1.3833,dewpoint,755.2,29.131
2021-01-31,20.26,28.45,13.19,62.03,0.0,1.58,17.88,94.22,4.79,12.08,PNQ,18.52,73.86,semi_arid,NASA_POWER_daily_ag,3.452,9.112,1.41,dewpoint,750.8,29.252
2021-02-01,20.04,28.23,13.77,57.53,0.0,2.53,16.63,94.38,7.75,10.75,PNQ,18.52,73.86,semi_arid,NASA_POWER_daily_ag,3.877,8.475,1.2911,dewpoint,733.5,29.374
2021-02-02,19.89,28.36,13.01,47.43,0.0,2.54,19.49,94.41,2.06,7.77,PNQ,18.52,73.86,semi_arid,NASA_POWER_daily_ag,4.433,9.129,1.0561,dewpoint,730.2,29.499
2021-02-03,19.76,28.32,11.16,44.19,0.0,1.99,19.58,94.29,4.48,6.28,PNQ,18.52,73.86,semi_arid,NASA_POWER_daily_ag,4.217,9.055,0.9534,dewpoint,743.2,29.625
2021-02-04,19.88,28.52,11.55,50.39,0.0,1.5,20.12,94.25,1.72,8.34,PNQ,18.52,73.86,semi_arid,NASA_POWER_daily_ag,3.833,9.555,1.0979,dewpoint,747.6,29.752
2021-02-05,19.49,28.15,12.93,59.21,0.0,1.6,19.88,94.18,3.36,10.6,PNQ,18.52,73.86,semi_arid,NASA_POWER_daily_ag,3.658,9.824,1.2782,dewpoint,755.2,29.881
2021-02-06,19.0,28.29,11.29,52.36,0.0,2.17,20.44,94.15,3.58,8.17,PNQ,18.52,73.86,semi_arid,NASA_POWER_daily_ag,4.109,9.738,1.0853,dewpoint,758.4,30.011
2021-02-07,19.49,28.1,12.32,50.59,0.0,2.55,19.99,94.27,2.12,8.09,PNQ,18.52,73.86,semi_arid,NASA_POWER_daily_ag,4.395,9.57,1.0794,dewpoint,745.4,30.143
2021-02-08,19.28,28.6,11.42,45.12,0.0,2.47,21.44,94.31,5.8,5.82,PNQ,18.52,73.86,semi_arid,NASA_POWER_daily_ag,4.64,9.777,0.9235,dewpoint,741.1,30.276
2021-02-09,20.0,29.3,10.59,40.62,0.0,2.04,21.85,94.23,4.58,5.27,PNQ,18.52,73.86,semi_arid,NASA_POWER_daily_ag,4.593,9.872,0.8889,dewpoint,749.7,30.41
2021-02-10,20.71,29.95,11.62,41.32,0.0,1.52,21.33,94.09,29.58,5.76,PNQ,18.52,73.86,semi_arid,NASA_POWER_daily_ag,4.247,9.744,0.9197,dewpoint,765.0,30.545
2021-02-11,21.35,30.42,12.37,42.1,0.0,1.3,20.53,93.99,49.07,6.57,PNQ,18.52,73.86,semi_arid,NASA_POWER_daily_ag,4.062,9.587,0.9727,dewpoint,775.8,30.681
2021-02-12,21.62,30.64,14.25,48.51,0.0,1.22,19.74,94.03,32.94,9.31,PNQ,18.52,73.86,semi_arid,NASA_POWER_daily_ag,3.864,9.674,1.1723,dewpoint,771.5,30.817
2021-02-13,21.34,30.43,14.84,52.11,0.0,1.26,19.99,94.12,0.8,9.94,PNQ,18.52,73.86,semi_arid,NASA_POWER_daily_ag,3.857,9.884,1.223,dewpoint,761.7,30.955
2021-02-14,21.66,30.24,15.48,55.07,0.0,1.19,18.96,94.14,6.71,11.07,PNQ,18.52,73.86,semi_arid,NASA_POWER_daily_ag,3.714,9.684,1.3188,dewpoint,759.5,31.093
2021-02-15,21.16,29.77,15.56,57.84,0.0,1.46,19.57,94.06,1.81,11.41,PNQ,18.52,73.86,semi_arid,NASA_POWER_daily_ag,3.855,10.021,1.3489,dewpoint,768.2,31.232
2021-02-16,20.99,29.65,14.68,63.86,0.0,1.59,19.79,94.02,4.12,12.78,PNQ,18.52,73.86,semi_arid,NASA_POWER_daily_ag,3.832,10.388,1.4764,dewpoint,772.6,31.372
2021-02-17,21.68,29.69,15.1,64.87,0.02,1.34,19.24,93.98,11.43,13.63,PNQ,18.52,73.86,semi_arid,NASA_POWER_daily_ag,3.731,10.309,1.5606,dewpoint,776.9,31.512
2021-02-18,22.15,29.3,16.75,65.04,3.38,1.36,17.72,94.09,41.77,14.44,PNQ,18.52,73.86,semi_arid,NASA_POWER_daily_ag,3.597,9.774,1.6448,dewpoint,765.0,31.652
2021-02-19,20.62,26.97,16.49,69.49,5.37,2.79,15.61,94.31,37.14,14.25,PNQ,18.52,73.86,semi_arid,NASA_POWER_daily_ag,3.591,8.919,1.6247,dewpoint,741.1,31.792
2021-02-20,20.81,28.33,14.28,59.84,0.0,2.98,19.7,94.27,11.1,11.9,PNQ,18.52,73.86,semi_arid,NASA_POWER_daily_ag,4.508,10.394,1.3933,dewpoint,745.4,31.933
2021-02-21,22.51,29.49,16.57,58.6,0.0,2.89,18.71,94.28,31.81,13.27,PNQ,18.52,73.86,semi_arid,NASA_POWER_daily_ag,4.645,10.108,1.5244,dewpoint,744.3,32.074
2021-02-22,23.82,30.24,16.9,58.67,0.0,1.67,19.17,94.31,34.32,14.47,PNQ,18.52,73.86,semi_arid,NASA_POWER_daily_ag,4.253,10.481,1.648,dewpoint,741.1,32.215
2021-02-23,24.3,31.9,17.42,55.11,0.0,1.24,20.01,94.17,20.43,13.64,PNQ,18.52,73.86,semi_arid,NASA_POWER_daily_ag,4.205,10.672,1.5616,dewpoint,756.3,32.356
2021-02-24,23.66,32.45,15.82,49.37,0.0,1.46,20.97,94.07,16.29,10.8,PNQ,18.52,73.86,semi_arid,NASA_POWER_daily_ag,4.514,10.667,1.2954,dewpoint,767.1,32.497
2021-02-25,23.43,32.55,15.98,51.85,0.0,1.59,19.99,94.09,8.06,11.58,PNQ,18.52,73.86,semi_arid,NASA_POWER_daily_ag,4.434,10.423,1.3642,dewpoint,765.0,32.638
2021-02-26,23.88,32.61,17.26,50.9,0.0,1.94,20.37,94.0,6.59,11.92,PNQ,18.52,73.86,semi_arid,NASA_POWER_daily_ag,4.783,10.621,1.3952,dewpoint,774.8,32.778
2021-02-27,24.21,33.54,17.11,43.63,0.0,1.94,22.58,93.92,7.43,9.25,PNQ,18.52,73.86,semi_arid,NASA_POWER_daily_ag,5.255,11.046,1.1676,dewpoint,783.5,32.918
2021-02-28,24.83,34.22,16.35,42.43,0.0,1.67,22.84,93.93,16.53,9.08,PNQ,18.52,73.86,semi_arid,NASA_POWER_daily_ag,5.178,11.15,1.1543,dewpoint,782.4,33.057
2021-03-01,25.69,35.18,17.15,44.11,0.0,1.51,21.61,94.13,35.82,10.81,PNQ,18.52,73.86,semi_arid,NASA_POWER_daily_ag,4.971,10.933,1.2962,dewpoint,760.6,33.196
2021-03-02,25.05,34.64,17.14,39.36,0.0,1.81,23.02,94.22,4.98,8.59,PNQ,18.52,73.86,semi_arid,NASA_POWER_daily_ag,5.394,11.15,1.1166,dewpoint,750.8,33.335
2021-03-03,25.24,34.84,16.02,31.41,0.0,1.99,24.0,94.1,0.77,5.1,PNQ,18.52,73.86,semi_arid,NASA_POWER_daily_ag,5.86,10.992,0.8784,dewpoint,763.9,33.473
2021-03-04,24.8,35.14,15.48,33.7,0.0,1.68,23.57,94.08,1.77,5.84,PNQ,18.52,73.86,semi_arid,NASA_POWER_daily_ag,5.402,11.015,0.9248,dewpoint,766.1,33.61
2021-03-05,24.81,34.87,15.71,34.3,0.0,1.69,23.6,94.16,2.52,5.57,PNQ,18.52,73.86,semi_arid,NASA_POWER_daily_ag,5.436,11.024,0.9076,dewpoint,757.4,33.746
2021-03-06,25.34,34.63,18.96,42.41,0.0,1.24,23.46,94.18,6.06,9.47,PNQ,18.52,73.86,semi_arid,NASA_POWER_daily_ag,4.925,11.547,1.185,dewpoint,755.2,33.882
2021-03-07,25.31,34.67,18.77,39.76,0.0,2.02,23.31,94.09,2.82,8.91,PNQ,18.52,73.86,semi_arid,NASA_POWER_daily_ag,5.685,11.436,1.1411,dewpoint,765.0,34.016
2021-03-08,25.02,34.97,17.02,38.95,0.0,1.67,23.95,94.09,0.6,8.01,PNQ,18.52,73.86,semi_arid,NASA_POWER_daily_ag,5.426,11.613,1.0735,dewpoint,765.0,34.15
2021-03-09,25.54,35.4,17.18,39.67,0.0,1.66,22.57,94.09,10.05,8.86,PNQ,18.52,73.86,semi_arid,NASA_POWER_daily_ag,5.338,11.245,1.1372,dewpoint,765.0,34.282
2021-03-10,26.13,35.11,20.19,40.03,0.0,1.53,22.15,94.12,7.2,9.81,PNQ,18.52,73.86,semi_arid,NASA_POWER_daily_ag,5.212,11.173,1.2124,dewpoint,761.7,34.413
2021-03-11,25.66,35.19,18.39,41.87,0.0,2.06,22.67,94.08,10.61,9.77,PNQ,18.52,73.86,semi_arid,NASA_POWER_daily_ag,5.713,11.464,1.2092,dewpoint,766.1,34.543
2021-03-12,25.79,35.06,18.24,41.04,0.0,1.59,23.17,94.18,11.41,9.67,PNQ,18.52,73.86,semi_arid,NASA_POWER_daily_ag,5.366,11.684,1.2011,dewpoint,755.2,34.672
2021-03-13,26.64,35.36,18.78,36.98,0.0,1.96,23.51,94.16,18.83,9.17,PNQ,18.52,73.86,semi_arid,NASA_POWER_daily_ag,5.946,11.73,1.1613,dewpoint,757.4,34.8
2021-03-14,26.84,35.76,19.1,38.02,0.0,1.64,23.78,94.01,7.37,9.75,PNQ,18.52,73.86,semi_arid,NASA_POWER_daily_ag,5.663,11.942,1.2075,dewpoint,773.7,34.926
2021-03-15,26.55,35.95,19.17,36.61,0.0,1.75,23.16,93.95,5.08,8.92,PNQ,18.52,73.86,semi_arid,NASA_POWER_daily_ag,5.694,11.581,1.1419,dewpoint,780.2,35.051
2021-03-16,26.75,35.7,19.83,36.29,0.0,1.86,22.98,93.98,3.67,9.23,PNQ,18.52,73.86,semi_arid,NASA_POWER_daily_ag,5.818,11.58,1.166,dewpoint,776.9,35.174
2021-03-17,26.96,35.9,19.38,36.03,0.0,1.7,19.69,93.88,49.75,9.25,PNQ,18.52,73.86,semi_arid,NASA_POWER_daily_ag,5.343,10.341,1.1676,dewpoint,787.8,35.296
2021-03-18,26.92,34.56,21.06,38.49,0.0,1.67,19.53,93.9,27.47,10.38,PNQ,18.52,73.86,semi_arid,NASA_POWER_daily_ag,5.239,10.446,1.2596,dewpoint,785.7,35.416
2021-03-19,26.14,35.11,19.81,38.23,0.0,2.23,21.14,93.93,23.43,9.38,PNQ,18.52,73.86,semi_arid,NASA_POWER_daily_ag,5.886,10.994,1.1779,dewpoint,782.4,35.534
2021-03-20,25.97,35.3,19.02,39.68,0.02,2.04,22.73,93.8,12.95,9.66,PNQ,18.52,73.86,semi_arid,NASA_POWER_daily_ag,5.835,11.718,1.2003,dewpoint,796.6,35.651
2021-03-21,26.63,35.28,20.83,40.25,0.07,1.84,22.32,93.78,11.11,10.53,PNQ,18.52,73.86,semi_arid,NASA_POWER_daily_ag,5.675,11.656,1.2723,dewpoint,798.7,35.766
2021-03-22,26.16,33.16,21.06,47.35,2.57,1.15,20.32,93.98,24.39,13.1,PNQ,18.52,73.86,semi_arid,NASA_POWER_daily_ag,4.632,11.289,1.5076,dewpoint,776.9,35.88
2021-03-23,27.64,35.85,20.48,44.12,0.09,1.86,18.14,93.99,30.24,13.08,PNQ,18.52,73.86,semi_arid,NASA_POWER_daily_ag,5.254,10.29,1.5056,dewpoint,775.8,35.991
2021-03-24,28.63,36.02,23.0,39.24,0.02,1.54,21.97,94.04,20.34,12.2,PNQ,18.52,73.86,semi_arid,NASA_POWER_daily_ag,5.605,11.75,1.4212,dewpoint,770.4,36.101
2021-03-25,28.18,36.8,20.6,34.24,1.25,1.97,22.51,93.96,14.11,9.53,PNQ,18.52,73.86,semi_arid,NASA_POWER_daily_ag,6.189,11.619,1.1898,dewpoint,779.1,36.209
2021-03-26,28.03,37.56,19.54,29.86,0.0,1.64,23.76,93.91,7.05,7.31,PNQ,18.52,73.86,semi_arid,NASA_POWER_daily_ag,5.999,11.784,1.0234,dewpoint,784.6,36.315
2021-03-27,28.3,38.34,19.13,27.69,0.0,1.96,24.2,93.84,0.67,6.04,PNQ,18.52,73.86,semi_arid,NASA_POWER_daily_ag,6.518,11.754,0.9377,dewpoint,792.2,36.419
2021-03-28,28.43,38.12,19.67,28.94,0.0,1.54,24.62,93.81,5.78,6.18,PNQ,18.52,73.86,semi_arid,NASA_POWER_daily_ag,6.052,11.947,0.9468,dewpoint,795.5,36.521
2021-03-29,28.73,39.05,20.39,31.78,0.0,1.82,25.19,93.79,3.66,6.98,PNQ,18.52,73.86,semi_arid,NASA_POWER_daily_ag,6.489,12.241,1.0005,dewpoint,797.6,36.621
2021-03-30,27.14,36.87,19.51,38.76,0.0,2.51,25.56,93.77,2.39,9.48,PNQ,18.52,73.86,semi_arid,NASA_POWER_daily_ag,6.89,12.999,1.1858,dewpoint,799.8,36.719
2021-03-31,26.81,37.47,17.87,35.76,0.0,2.37,27.87,93.68,1.19,6.57,PNQ,18.52,73.86,semi_arid,NASA_POWER_daily_ag,7.092,13.431,0.9727,dewpoint,809.6,36.815
2021-04-01,26.5,36.61,18.64,51.54,0.0,2.4,26.84,93.64,2.89,12.91,PNQ,18.52,73.86,semi_arid,NASA_POWER_daily_ag,6.552,14.311,1.489,dewpoint,814.0,36.909
2021-04-02,26.15,36.7,17.89,56.2,0.0,2.25,27.07,93.68,5.68,12.61,PNQ,18.52,73.86,semi_arid,NASA_POWER_daily_ag,6.417,14.396,1.46,dewpoint,809.6,37.001
2021-04-03,26.61,37.3,18.54,57.69,0.0,2.1,26.65,93.74,6.7,14.06,PNQ,18.52,73.86,semi_arid,NASA_POWER_daily_ag,6.254,14.482,1.6048,dewpoint,803.1,37.091
2021-04-04,27.39,37.32,19.56,56.21,0.0,2.56,26.14,93.93,5.07,15.12,PNQ,18.52,73.86,semi_arid,NASA_POWER_daily_ag,6.609,14.451,1.7186,dewpoint,782.4,37.178
2021-04-05,28.78,38.95,20.43,44.24,0.0,2.37,25.78,93.92,10.65,12.65,PNQ,18.52,73.86,semi_arid,NASA_POWER_daily_ag,6.962,13.695,1.4638,dewpoint,783.5,37.264
2021-04-06,29.77,39.97,21.0,36.01,0.0,2.01,26.09,93.88,2.31,10.16,PNQ,18.52,73.86,semi_arid,NASA_POWER_daily_ag,6.952,13.288,1.2412,dewpoint,787.8,37.348
2021-04-07,29.77,39.47,21.58,29.61,0.0,2.4,24.68,93.94,19.68,7.34,PNQ,18.52,73.86,semi_arid,NASA_POWER_daily_ag,7.377,12.251,1.0255,dewpoint,781.3,37.429
2021-04-08,28.83,38.13,20.97,37.78,0.0,2.07,15.76,93.83,60.14,10.68,PNQ,18.52,73.86,semi_arid,NASA_POWER_daily_ag,5.642,9.205,1.2851,dewpoint,793.3,37.508
2021-04-09,28.85,35.89,22.44,40.38,0.11,1.23,23.36,93.79,18.6,12.38,PNQ,18.52,73.86,semi_arid,NASA_POWER_daily_ag,5.567,12.717,1.4381,dewpoint,797.6,37.586
2021-04-10,29.39,36.71,23.36,34.69,0.09,1.24,19.84,93.87,55.38,10.97,PNQ,18.52,73.86,semi_arid,NASA_POWER_daily_ag,5.225,10.954,1.3101,dewpoint,788.9,37.661
2021-04-11,29.34,36.73,22.68,40.46,0.83,1.64,20.79,94.03,49.24,13.53,PNQ,18.52,73.86,semi_arid,NASA_POWER_daily_ag,5.714,11.745,1.5505,dewpoint,771.5,37.734
2021-04-12,29.66,36.12,22.88,41.91,1.28,0.91,21.59,94.1,41.3,14.29,PNQ,18.52,73.86,semi_arid,NASA_POWER_daily_ag,5.057,12.248,1.6289,dewpoint,763.9,37.805
2021-04-13,29.31,34.24,25.33,46.03,5.59,0.47,20.4,94.08,56.3,15.85,PNQ,18.52,73.86,semi_arid,NASA_POWER_daily_ag,4.401,11.933,1.8009,dewpoint,766.1,37.874
2021-04-14,28.68,35.52,22.91,46.47,1.88,1.73,21.54,93.99,47.98,14.96,PNQ,18.52,73.86,semi_arid,NASA_POWER_daily_ag,5.717,12.373,1.701,dewpoint,775.8,37.941
2021-04-15,28.43,36.15,22.81,42.72,0.5,1.67,24.17,93.95,13.96,13.29,PNQ,18.52,73.86,semi_arid,NASA_POWER_daily_ag,6.046,13.296,1.5264,dewpoint,780.2,38.005
2021-04-16,27.95,36.97,20.13,43.43,0.5,2.34,25.76,93.91,5.28,12.25,PNQ,18.52,73.86,semi_arid,NASA_POWER_daily_ag,6.838,13.888,1.4259,dewpoint,784.6,38.068
2021-04-17,28.52,37.9,19.58,40.94,0.0,2.67,25.8,93.96,3.62,11.34,PNQ,18.52,73.86,semi_arid,NASA_POWER_daily_ag,7.35,13.727,1.3427,dewpoint,779.1,38.128
2021-04-18,29.71,38.96,20.97,35.87,0.0,2.1,25.52,94.01,7.61,10.91,PNQ,18.52,73.86,semi_arid,NASA_POWER_daily_ag,7.017,13.441,1.3049,dewpoint,773.7,38.187
2021-04-19,28.68,37.64,21.35,44.36,0.0,2.49,26.56,93.89,4.46,13.12,PNQ,18.52,73.86,semi_arid,NASA_POWER_daily_ag,7.171,14.382,1.5096,dewpoint,786.7,38.244
2021-04-20,27.4,36.56,19.96,53.55,0.0,2.77,26.97,93.82,10.26,14.46,PNQ,18.52,73.86,semi_arid,NASA_POWER_daily_ag,6.992,14.957,1.647,dewpoint,794.4,38.298
2021-04-21,27.33,35.99,20.91,53.38,0.0,2.76,25.71,93.97,56.67,14.74,PNQ,18.52,73.86,semi_arid,NASA_POWER_daily_ag,6.779,14.418,1.677,dewpoint,778.0,38.351
2021-04-22,27.99,37.32,19.29,47.25,0.0,1.97,24.94,93.96,66.04,12.0,PNQ,18.52,73.86,semi_arid,NASA_POWER_daily_ag,6.449,13.564,1.4026,dewpoint,779.1,38.402
2021-04-23,28.02,37.77,19.95,49.31,0.0,2.51,23.22,93.91,76.83,13.17,PNQ,18.52,73.86,semi_arid,NASA_POWER_daily_ag,6.633,12.964,1.5145,dewpoint,784.6,38.45
2021-04-24,28.43,37.94,20.17,41.73,0.0,1.98,26.61,93.9,29.18,10.96,PNQ,18.52,73.86,semi_arid,NASA_POWER_daily_ag,6.795,14.068,1.3092,dewpoint,785.7,38.497
2021-04-25,30.33,39.85,21.07,37.71,0.0,2.0,24.61,93.81,30.57,11.91,PNQ,18.52,73.86,semi_arid,NASA_POWER_daily_ag,6.883,13.273,1.3943,dewpoint,795.5,38.542
2021-04-26,29.39,37.68,22.82,51.84,0.17,2.1,23.67,93.81,15.73,16.06,PNQ,18.52,73.86,semi_arid,NASA_POWER_daily_ag,6.409,13.626,1.8253,dewpoint,795.5,38.585
2021-04-27,29.93,38.84,22.61,46.56,1.87,1.79,23.25,93.86,25.71,14.91,PNQ,18.52,73.86,semi_arid,NASA_POWER_daily_ag,6.256,13.194,1.6955,dewpoint,790.0,38.627
2021-04-28,29.47,37.46,23.03,41.29,0.41,2.04,25.64,93.96,30.95,13.33,PNQ,18.52,73.86,semi_arid,NASA_POWER_daily_ag,6.822,14.045,1.5304,dewpoint,779.1,38.666
2021-04-29,29.27,38.48,21.43,48.67,0.17,2.15,23.66,93.89,21.19,15.22,PNQ,18.52,73.86,semi_arid,NASA_POWER_daily_ag,6.499,13.501,1.7297,dewpoint,786.7,38.704
2021-04-30,30.04,37.85,23.51,43.45,0.57,2.01,24.33,93.8,36.34,14.63,PNQ,18.52,73.86,semi_arid,NASA_POWER_daily_ag,6.663,13.677,1.6651,dewpoint,796.6,38.74
2021-05-01,30.32,37.94,24.28,40.37,0.11,1.77,17.36,93.75,60.81,14.25,PNQ,18.52,73.86,semi_arid,NASA_POWER_daily_ag,5.56,10.378,1.6247,dewpoint,802.0,38.775
2021-05-02,29.1,36.93,22.85,52.31,8.41,1.7,18.82,93.82,61.33,16.98,PNQ,18.52,73.86,semi_arid,NASA_POWER_daily_ag,5.28,11.45,1.9353,dewpoint,794.4,38.808
2021-05-03,28.74,35.35,23.08,59.91,4.82,1.23,22.9,93.76,19.5,18.96,PNQ,18.52,73.86,semi_arid,NASA_POWER_daily_ag,5.347,13.875,2.1919,dewpoint,800.9,38.839
2021-05-04,28.66,35.55,23.12,57.71,6.01,1.02,23.85,93.72,26.33,18.26,PNQ,18.52,73.86,semi_arid,NASA_POWER_daily_ag,5.357,14.235,2.098,dewpoint,805.3,38.869
2021-05-05,29.16,36.76,23.01,52.42,0.55,1.56,24.18,93.73,27.27,17.19,PNQ,18.52,73.86,semi_arid,NASA_POWER_daily_ag,5.937,14.168,1.9612,dewpoint,804.2,38.897
2021-05-06,29.0,35.88,23.47,56.71,4.15,1.08,21.52,93.77,29.89,18.28,PNQ,18.52,73.86,semi_arid,NASA_POWER_daily_ag,5.093,13.032,2.1006,dewpoint,799.8,38.924
2021-05-07,28.9,35.29,22.8,60.71,1.91,0.85,21.58,93.88,36.35,19.46,PNQ,18.52,73.86,semi_arid,NASA_POWER_daily_ag,4.894,13.289,2.2613,dewpoint,787.8,38.949
2021-05-08,29.64,37.61,23.47,53.98,0.93,1.47,22.55,93.76,28.7,17.97,PNQ,18.52,73.86,semi_arid,NASA_POWER_daily_ag,5.667,13.466,2.0601,dewpoint,800.9,38.973
2021-05-09,29.49,37.15,23.74,54.35,0.56,2.11,22.65,93.69,26.36,18.02,PNQ,18.52,73.86,semi_arid,NASA_POWER_daily_ag,6.14,13.537,2.0666,dewpoint,808.6,38.995
2021-05-10,29.55,38.07,22.47,55.74,0.0,2.56,24.18,93.67,7.5,18.38,PNQ,18.52,73.86,semi_arid,NASA_POWER_daily_ag,6.647,14.394,2.1138,dewpoint,810.7,39.016
2021-05-11,29.0,36.85,21.88,53.69,0.0,2.88,26.05,93.7,18.8,17.19,PNQ,18.52,73.86,semi_arid,NASA_POWER_daily_ag,7.117,15.159,1.9612,dewpoint,807.5,39.036
2021-05-12,28.84,37.87,21.09,53.72,0.0,3.22,25.69,93.58,49.0,16.48,PNQ,18.52,73.86,semi_arid,NASA_POWER_daily_ag,7.334,14.826,1.8748,dewpoint,820.6,39.055
2021-05-13,28.6,35.87,23.19,50.28,0.01,2.96,22.9,93.51,96.77,15.59,PNQ,18.52,73.86,semi_arid,NASA_POWER_daily_ag,6.85,13.307,1.7712,dewpoint,828.2,39.072
2021-05-14,30.02,37.2,23.21,46.89,2.77,0.86,22.35,93.32,82.14,16.07,PNQ,18.52,73.86,semi_arid,NASA_POWER_daily_ag,5.202,13.086,1.8264,dewpoint,849.0,39.089
2021-05-15,29.1,33.53,25.22,60.63,6.15,3.5,17.12,93.11,98.62,20.33,PNQ,18.52,73.86,semi_arid,NASA_POWER_daily_ag,5.726,11.045,2.3865,dewpoint,872.0,39.104
2021-05-16,26.7,32.04,23.69,73.86,16.4,7.79,9.77,92.94,99.15,21.34,PNQ,18.52,73.86,semi_arid,NASA_POWER_daily_ag,4.612,7.103,2.5394,dewpoint,890.7,39.118
2021-05-17,24.68,27.31,23.07,86.71,129.13,8.67,3.74,93.01,98.78,22.3,PNQ,18.52,73.86,semi_arid,NASA_POWER_daily_ag,2.211,3.659,2.6927,dewpoint,883.0,39.131
2021-05-18,25.51,29.3,23.07,85.17,33.84,6.14,14.43,93.37,98.84,22.69,PNQ,18.52,73.86,semi_arid,NASA_POWER_daily_ag,3.534,9.845,2.7572,dewpoint,843.5,39.143
2021-05-19,25.29,28.1,22.74,86.89,13.78,3.84,14.14,93.49,84.09,22.83,PNQ,18.52,73.86,semi_arid,NASA_POWER_daily_ag,3.215,9.7,2.7807,dewpoint,830.4,39.154
2021-05-20,25.59,30.95,21.41,79.54,0.39,2.04,24.93,93.62,32.08,21.37,PNQ,18.52,73.86,semi_arid,NASA_POWER_daily_ag,5.08,15.647,2.5441,dewpoint,816.2,39.164
2021-05-21,26.25,31.83,21.94,76.72,0.9,2.16,22.46,93.69,62.03,21.21,PNQ,18.52,73.86,semi_arid,NASA_POWER_daily_ag,4.937,14.199,2.5193,dewpoint,808.6,39.173
2021-05-22,26.04,30.86,22.73,78.62,1.88,2.09,21.77,93.67,64.04,21.58,PNQ,18.52,73.86,semi_arid,NASA_POWER_daily_ag,4.705,13.882,2.577,dewpoint,810.7,39.181
2021-05-23,25.81,31.23,21.89,77.83,0.98,2.67,21.7,93.74,43.22,21.17,PNQ,18.52,73.86,semi_arid,NASA_POWER_daily_ag,4.792,13.781,2.5131,dewpoint,803.1,39.189
2021-05-24,26.45,32.67,22.19,75.11,0.72,2.98,24.55,93.81,29.1,20.95,PNQ,18.52,73.86,semi_arid,NASA_POWER_daily_ag,5.508,15.289,2.4794,dewpoint,795.5,39.195
2021-05-25,26.66,32.59,22.71,77.21,0.12,3.65,22.76,93.66,71.67,21.82,PNQ,18.52,73.86,semi_arid,NASA_POWER_daily_ag,5.252,14.451,2.6151,dewpoint,811.8,39.201
2021-05-26,26.03,31.22,22.61,78.5,0.05,4.17,24.66,93.61,47.32,21.6,PNQ,18.52,73.86,semi_arid,NASA_POWER_daily_ag,5.364,15.515,2.5802,dewpoint,817.3,39.207
2021-05-27,26.15,31.64,21.95,76.3,0.05,4.29,21.62,93.6,59.05,21.21,PNQ,18.52,73.86,semi_arid,NASA_POWER_daily_ag,5.16,13.738,2.5193,dewpoint,818.4,39.211
2021-05-28,26.98,32.39,23.22,76.18,0.07,3.83,20.77,93.64,81.35,21.92,PNQ,18.52,73.86,semi_arid,NASA_POWER_daily_ag,5.117,13.341,2.6311,dewpoint,814.0,39.215
2021-05-29,26.88,31.82,23.45,78.7,11.49,2.53,19.74,93.72,84.45,22.45,PNQ,18.52,73.86,semi_arid,NASA_POWER_daily_ag,4.567,12.843,2.7173,dewpoint,805.3,39.219
2021-05-30,26.25,30.64,22.99,81.28,7.43,1.45,20.09,93.72,83.6,22.47,PNQ,18.52,73.86,semi_arid,NASA_POWER_daily_ag,4.286,13.074,2.7206,dewpoint,805.3,39.221
2021-05-31,25.78,29.25,23.4,83.65,11.8,2.01,18.34,93.53,70.4,22.58,PNQ,18.52,73.86,semi_arid,NASA_POWER_daily_ag,3.944,12.098,2.7389,dewpoint,826.0,39.224
2021-06-01,26.16,30.75,22.57,83.09,14.68,2.26,18.78,93.54,72.55,22.75,PNQ,18.52,73.86,semi_arid,NASA_POWER_daily_ag,4.11,12.365,2.7672,dewpoint,824.9,39.225
2021-06-02,26.21,30.33,23.23,82.56,15.72,1.22,19.53,93.62,81.32,22.72,PNQ,18.52,73.86,semi_arid,NASA_POWER_daily_ag,4.135,12.791,2.7622,dewpoint,816.2,39.227
2021-06-03,26.53,31.8,23.03,78.01,3.52,1.24,22.45,93.7,75.1,21.85,PNQ,18.52,73.86,semi_arid,NASA_POWER_daily_ag,4.74,14.295,2.6199,dewpoint,807.5,39.227
2021-06-04,26.09,30.1,22.98,80.0,2.32,1.01,17.14,93.76,69.28,22.02,PNQ,18.52,73.86,semi_arid,NASA_POWER_daily_ag,3.746,11.332,2.6472,dewpoint,800.9,39.228
2021-06-05,24.58,26.88,22.28,84.92,18.19,1.37,13.43,93.72,99.01,21.73,PNQ,18.52,73.86,semi_arid,NASA_POWER_daily_ag,2.975,9.226,2.6007,dewpoint,805.3,39.228
2021-06-06,25.19,29.92,21.67,80.35,8.48,2.3,19.55,93.72,69.77,21.22,PNQ,18.52,73.86,semi_arid,NASA_POWER_daily_ag,4.232,12.615,2.5208,dewpoint,805.3,39.227
2021-06-07,25.11,29.66,21.89,81.39,3.48,3.21,17.5,93.77,77.4,21.38,PNQ,18.52,73.86,semi_arid,NASA_POWER_daily_ag,3.99,11.481,2.5457,dewpoint,799.8,39.227
2021-06-08,25.17,29.7,21.4,84.23,17.34,3.33,14.81,93.68,82.56,22.07,PNQ,18.52,73.86,semi_arid,NASA_POWER_daily_ag,3.465,10.025,2.6552,dewpoint,809.6,39.226
2021-06-09,25.3,28.63,23.49,86.12,28.8,4.83,6.27,93.53,99.57,22.67,PNQ,18.52,73.86,semi_arid,NASA_POWER_daily_ag,2.323,5.118,2.7538,dewpoint,826.0,39.224
2021-06-10,24.34,26.25,22.67,90.54,28.5,5.04,14.45,93.46,98.47,22.66,PNQ,18.52,73.86,semi_arid,NASA_POWER_daily_ag,2.888,9.888,2.7522,dewpoint,833.7,39.222
2021-06-11,25.32,28.85,22.89,86.13,17.24,4.61,12.08,93.45,95.33,22.67,PNQ,18.52,73.86,semi_arid,NASA_POWER_daily_ag,3.059,8.489,2.7538,dewpoint,834.8,39.22
2021-06-12,25.46,27.62,24.14,91.31,23.48,4.42,12.01,93.39,97.97,23.9,PNQ,18.52,73.86,semi_arid,NASA_POWER_daily_ag,2.613,8.514,2.9661,dewpoint,841.3,39.218
2021-06-13,25.25,27.72,23.79,89.94,13.55,4.6,16.35,93.4,81.38,23.42,PNQ,18.52,73.86,semi_arid,NASA_POWER_daily_ag,3.28,11.051,2.8816,dewpoint,840.2,39.216
2021-06-14,25.42,29.0,22.99,85.51,4.07,4.15,18.4,93.29,79.1,22.63,PNQ,18.52,73.86,semi_arid,NASA_POWER_daily_ag,3.927,12.15,2.7472,dewpoint,852.3,39.213
2021-06-15,25.11,27.47,23.91,88.32,19.56,5.1,12.99,93.19,95.64,22.95,PNQ,18.52,73.86,semi_arid,NASA_POWER_daily_ag,2.978,9.039,2.801,dewpoint,863.2,39.21
2021-06-16,24.74,26.39,23.64,92.35,41.31,4.9,11.44,93.26,98.88,23.41,PNQ,18.52,73.86,semi_arid,NASA_POWER_daily_ag,2.388,8.16,2.8799,dewpoint,855.6,39.207
2021-06-17,24.87,27.56,23.33,89.71,48.01,5.65,9.91,93.38,98.05,23.01,PNQ,18.52,73.86,semi_arid,NASA_POWER_daily_ag,2.456,7.241,2.8111,dewpoint,842.4,39.204
2021-06-18,24.92,27.65,23.37,89.59,51.5,6.16,12.73,93.45,95.42,23.03,PNQ,18.52,73.86,semi_arid,NASA_POWER_daily_ag,2.822,8.892,2.8145,dewpoint,834.8,39.2
2021-06-19,24.25,25.83,23.19,91.23,40.03,5.29,14.2,93.61,91.84,22.71,PNQ,18.52,73.86,semi_arid,NASA_POWER_daily_ag,2.78,9.742,2.7605,dewpoint,817.3,39.196
2021-06-20,24.45,27.48,22.69,88.66,13.86,4.47,17.97,93.71,78.43,22.37,PNQ,18.52,73.86,semi_arid,NASA_POWER_daily_ag,3.507,11.886,2.7041,dewpoint,806.4,39.192
2021-06-21,24.19,27.58,22.02,89.1,4.93,3.57,15.52,93.74,77.07,22.18,PNQ,18.52,73.86,semi_arid,NASA_POWER_daily_ag,3.149,10.456,2.6731,dewpoint,803.1,39.188
2021-06-22,24.23,27.56,21.76,88.1,5.14,3.57,18.41,93.71,83.7,22.02,PNQ,18.52,73.86,semi_arid,NASA_POWER_daily_ag,3.603,12.106,2.6472,dewpoint,806.4,39.184
2021-06-23,24.08,27.67,21.67,88.59,6.1,3.41,16.25,93.68,89.58,21.96,PNQ,18.52,73.86,semi_arid,NASA_POWER_daily_ag,3.273,10.857,2.6375,dewpoint,809.6,39.18
2021-06-24,23.99,27.12,21.93,88.09,7.22,3.5,10.46,93.72,99.54,21.78,PNQ,18.52,73.86,semi_arid,NASA_POWER_daily_ag,2.525,7.526,2.6087,dewpoint,805.3,39.175
2021-06-25,23.59,26.17,21.9,89.37,14.09,3.75,10.15,93.64,99.31,21.67,PNQ,18.52,73.86,semi_arid,NASA_POWER_daily_ag,2.374,7.348,2.5912,dewpoint,814.0,39.171
2021-06-26,24.1,27.63,21.63,87.88,5.47,3.62,19.09,93.59,87.5,21.84,PNQ,18.52,73.86,semi_arid,NASA_POWER_daily_ag,3.694,12.473,2.6183,dewpoint,819.5,39.166
2021-06-27,23.25,25.5,21.46,90.23,5.82,2.64,10.09,93.75,99.22,21.51,PNQ,18.52,73.86,semi_arid,NASA_POWER_daily_ag,2.261,7.312,2.566,dewpoint,802.0,39.161
2021-06-28,23.63,26.37,21.17,91.03,17.92,2.44,15.52,93.64,96.67,22.04,PNQ,18.52,73.86,semi_arid,NASA_POWER_daily_ag,3.016,10.462,2.6504,dewpoint,814.0,39.155
2021-06-29,24.9,28.45,22.39,88.19,3.35,3.07,18.1,93.6,75.08,22.7,PNQ,18.52,73.86,semi_arid,NASA_POWER_daily_ag,3.631,11.991,2.7589,dewpoint,818.4,39.15
2021-06-30,24.26,27.3,22.32,90.04,2.96,2.67,15.71,93.63,90.16,22.46,PNQ,18.52,73.86,semi_arid,NASA_POWER_daily_ag,3.134,10.59,2.719,dewpoint,815.1,39.144
2021-07-01,23.95,26.45,22.11,90.83,2.13,3.16,16.74,93.5,88.43,22.31,PNQ,18.52,73.86,semi_arid,NASA_POWER_daily_ag,3.193,11.184,2.6943,dewpoint,829.3,39.138
2021-07-02,24.53,28.25,21.68,87.47,0.5,3.67,19.52,93.53,57.65,22.16,PNQ,18.52,73.86,semi_arid,NASA_POWER_daily_ag,3.832,12.751,2.6698,dewpoint,826.0,39.132
2021-07-03,24.47,28.06,21.96,87.86,2.46,2.99,20.92,93.63,40.53,22.2,PNQ,18.52,73.86,semi_arid,NASA_POWER_daily_ag,4.001,13.561,2.6763,dewpoint,815.1,39.126
2021-07-04,24.51,28.59,21.29,86.51,1.24,2.46,22.15,93.68,38.24,21.95,PNQ,18.52,73.86,semi_arid,NASA_POWER_daily_ag,4.263,14.227,2.6359,dewpoint,809.6,39.119
2021-07-05,24.3,27.84,21.64,87.5,4.86,2.09,21.1,93.66,61.27,21.95,PNQ,18.52,73.86,semi_arid,NASA_POWER_daily_ag,4.057,13.632,2.6359,dewpoint,811.8,39.112
2021-07-06,24.55,28.85,21.45,86.6,2.6,1.7,19.04,93.53,89.05,21.97,PNQ,18.52,73.86,semi_arid,NASA_POWER_daily_ag,3.816,12.441,2.6391,dewpoint,826.0,39.105
2021-07-07,24.61,27.95,22.16,87.43,3.64,2.31,17.76,93.53,77.35,22.26,PNQ,18.52,73.86,semi_arid,NASA_POWER_daily_ag,3.594,11.745,2.6861,dewpoint,826.0,39.097
2021-07-08,24.14,26.54,22.44,90.81,15.74,2.49,13.61,93.54,98.65,22.5,PNQ,18.52,73.86,semi_arid,NASA_POWER_daily_ag,2.788,9.377,2.7256,dewpoint,824.9,39.089
2021-07-09,23.89,26.81,21.83,88.69,10.22,1.94,12.08,93.37,99.56,21.81,PNQ,18.52,73.86,semi_arid,NASA_POWER_daily_ag,2.641,8.454,2.6135,dewpoint,843.5,39.081
2021-07-10,24.14,28.29,21.05,83.22,9.34,1.92,12.75,93.23,97.64,20.81,PNQ,18.52,73.86,semi_arid,NASA_POWER_daily_ag,2.985,8.774,2.4581,dewpoint,858.9,39.073
2021-07-11,23.89,26.58,21.59,92.12,13.35,3.85,12.04,93.15,99.65,22.51,PNQ,18.52,73.86,semi_arid,NASA_POWER_daily_ag,2.45,8.47,2.7272,dewpoint,867.6,39.064
2021-07-12,23.53,25.03,22.55,93.43,48.58,4.85,9.51,93.05,98.85,22.41,PNQ,18.52,73.86,semi_arid,NASA_POWER_daily_ag,1.984,6.996,2.7107,dewpoint,878.6,39.054
2021-07-13,23.89,26.49,22.01,91.11,25.79,4.29,9.01,93.2,99.42,22.32,PNQ,18.52,73.86,semi_arid,NASA_POWER_daily_ag,2.128,6.701,2.6959,dewpoint,862.1,39.044
2021-07-14,23.49,25.18,21.86,92.65,17.09,4.56,9.01,93.25,99.64,22.22,PNQ,18.52,73.86,semi_arid,NASA_POWER_daily_ag,1.987,6.701,2.6796,dewpoint,856.7,39.034
2021-07-15,24.08,25.94,23.08,94.4,31.23,4.49,12.81,93.11,98.03,23.14,PNQ,18.52,73.86,semi_arid,NASA_POWER_daily_ag,2.366,8.95,2.8333,dewpoint,872.0,39.023
2021-07-16,24.42,27.22,22.17,90.34,14.18,3.8,10.94,93.41,94.0,22.69,PNQ,18.52,73.86,semi_arid,NASA_POWER_daily_ag,2.461,7.827,2.7572,dewpoint,839.1,39.012
2021-07-17,24.19,26.82,22.41,92.48,35.86,3.72,11.46,93.58,94.52,22.88,PNQ,18.52,73.86,semi_arid,NASA_POWER_daily_ag,2.365,8.138,2.7891,dewpoint,820.6,39.0
2021-07-18,24.17,25.61,23.23,94.09,44.84,5.44,10.06,93.45,99.41,23.18,PNQ,18.52,73.86,semi_arid,NASA_POWER_daily_ag,2.009,7.329,2.8402,dewpoint,834.8,38.987
2021-07-19,23.75,25.39,22.53,94.43,73.76,5.86,6.04,93.4,99.53,22.81,PNQ,18.52,73.86,semi_arid,NASA_POWER_daily_ag,1.481,4.965,2.7773,dewpoint,840.2,38.974
2021-07-20,23.75,25.45,22.44,93.77,37.97,5.37,11.62,93.6,99.66,22.69,PNQ,18.52,73.86,semi_arid,NASA_POWER_daily_ag,2.206,8.227,2.7572,dewpoint,818.4,38.96
2021-07-21,23.23,24.07,22.59,95.48,95.24,6.47,4.84,93.49,99.72,22.49,PNQ,18.52,73.86,semi_arid,NASA_POWER_daily_ag,1.219,4.268,2.7239,dewpoint,830.4,38.946
2021-07-22,23.27,25.21,22.05,93.74,60.77,6.86,3.71,93.25,99.66,22.21,PNQ,18.52,73.86,semi_arid,NASA_POWER_daily_ag,1.279,3.626,2.678,dewpoint,856.7,38.93
2021-07-23,23.14,24.52,22.24,95.07,84.96,5.2,3.95,93.25,99.52,22.32,PNQ,18.52,73.86,semi_arid,NASA_POWER_daily_ag,1.158,3.757,2.6959,dewpoint,856.7,38.914
2021-07-24,24.18,26.97,22.27,91.69,38.04,4.65,14.87,93.33,97.92,22.71,PNQ,18.52,73.86,semi_arid,NASA_POWER_daily_ag,2.843,10.113,2.7605,dewpoint,847.9,38.897
2021-07-25,24.19,26.44,22.56,93.12,27.81,5.26,13.57,93.39,99.18,23.0,PNQ,18.52,73.86,semi_arid,NASA_POWER_daily_ag,2.538,9.376,2.8094,dewpoint,841.3,38.88
2021-07-26,23.95,26.44,22.48,92.03,19.62,6.18,13.11,93.43,93.47,22.55,PNQ,18.52,73.86,semi_arid,NASA_POWER_daily_ag,2.537,9.076,2.7339,dewpoint,837.0,38.861
2021-07-27,23.52,26.33,21.9,91.0,15.18,6.05,14.38,93.41,97.51,21.94,PNQ,18.52,73.86,semi_arid,NASA_POWER_daily_ag,2.738,9.769,2.6343,dewpoint,839.1,38.842
2021-07-28,23.36,25.95,21.85,90.86,12.1,6.24,11.89,93.47,91.47,21.76,PNQ,18.52,73.86,semi_arid,NASA_POWER_daily_ag,2.455,8.331,2.6055,dewpoint,832.6,38.821
2021-07-29,22.84,24.87,21.58,93.16,12.8,5.85,8.69,93.56,99.63,21.68,PNQ,18.52,73.86,semi_arid,NASA_POWER_daily_ag,1.852,6.498,2.5928,dewpoint,822.7,38.8
2021-07-30,22.81,24.98,21.6,92.27,10.8,5.75,6.25,93.62,99.24,21.48,PNQ,18.52,73.86,semi_arid,NASA_POWER_daily_ag,1.662,5.103,2.5613,dewpoint,816.2,38.777
2021-07-31,23.02,25.26,21.65,91.9,8.7,6.06,11.01,93.69,94.4,21.62,PNQ,18.52,73.86,semi_arid,NASA_POWER_daily_ag,2.235,7.82,2.5833,dewpoint,808.6,38.754
2021-08-01,22.98,25.92,21.29,90.65,6.13,5.7,11.77,93.62,99.73,21.33,PNQ,18.52,73.86,semi_arid,NASA_POWER_daily_ag,2.438,8.238,2.5379,dewpoint,816.2,38.729
2021-08-02,23.34,26.32,21.43,90.3,10.87,5.34,13.06,93.63,99.8,21.61,PNQ,18.52,73.86,semi_arid,NASA_POWER_daily_ag,2.649,8.982,2.5817,dewpoint,815.1,38.704
2021-08-03,23.78,26.91,21.8,90.73,14.36,5.4,13.62,93.71,98.42,22.13,PNQ,18.52,73.86,semi_arid,NASA_POWER_daily_ag,2.712,9.329,2.665,dewpoint,806.4,38.677
2021-08-04,23.52,26.64,21.82,91.51,14.0,5.32,13.41,93.72,93.71,22.03,PNQ,18.52,73.86,semi_arid,NASA_POWER_daily_ag,2.595,9.201,2.6488,dewpoint,805.3,38.649
2021-08-05,23.5,26.96,21.65,90.72,7.33,5.23,14.27,93.56,95.72,21.84,PNQ,18.52,73.86,semi_arid,NASA_POWER_daily_ag,2.772,9.677,2.6183,dewpoint,822.7,38.619
2021-08-06,23.71,27.28,21.57,90.15,4.59,4.42,15.63,93.49,84.49,21.93,PNQ,18.52,73.86,semi_arid,NASA_POWER_daily_ag,3.019,10.458,2.6327,dewpoint,830.4,38.589
2021-08-07,23.91,27.81,21.21,89.15,2.57,2.94,13.81,93.55,79.22,21.89,PNQ,18.52,73.86,semi_arid,NASA_POWER_daily_ag,2.887,9.41,2.6263,dewpoint,823.8,38.557
2021-08-08,23.7,27.31,20.95,90.63,3.69,2.22,14.23,93.66,86.81,21.98,PNQ,18.52,73.86,semi_arid,NASA_POWER_daily_ag,2.859,9.66,2.6407,dewpoint,811.8,38.523
2021-08-09,23.96,27.76,21.41,89.59,1.7,2.31,17.19,93.74,91.31,22.05,PNQ,18.52,73.86,semi_arid,NASA_POWER_daily_ag,3.342,11.349,2.652,dewpoint,803.1,38.489
2021-08-10,23.77,27.65,21.23,89.68,2.89,2.58,14.64,93.72,98.21,21.89,PNQ,18.52,73.86,semi_arid,NASA_POWER_daily_ag,2.951,9.876,2.6263,dewpoint,805.3,38.452
2021-08-11,23.73,27.27,21.02,89.42,3.84,2.66,14.44,93.74,93.73,21.8,PNQ,18.52,73.86,semi_arid,NASA_POWER_daily_ag,2.932,9.757,2.6119,dewpoint,803.1,38.415
2021-08-12,23.76,27.93,21.17,88.51,8.22,3.18,9.09,93.81,87.17,21.62,PNQ,18.52,73.86,semi_arid,NASA_POWER_daily_ag,2.278,6.7,2.5833,dewpoint,795.5,38.376
2021-08-13,23.84,27.86,21.32,88.74,5.89,3.15,13.91,93.7,88.83,21.74,PNQ,18.52,73.86,semi_arid,NASA_POWER_daily_ag,2.915,9.437,2.6023,dewpoint,807.5,38.335
2021-08-14,23.5,27.0,21.23,89.53,15.5,3.49,11.31,93.57,97.16,21.59,PNQ,18.52,73.86,semi_arid,NASA_POWER_daily_ag,2.497,7.957,2.5786,dewpoint,821.7,38.293
2021-08-15,23.6,27.22,21.17,89.68,12.77,3.44,8.44,93.58,99.07,21.7,PNQ,18.52,73.86,semi_arid,NASA_POWER_daily_ag,2.123,6.329,2.596,dewpoint,820.6,38.249
2021-08-16,23.74,27.14,21.54,88.76,6.96,2.56,11.0,93.68,99.66,21.67,PNQ,18.52,73.86,semi_arid,NASA_POWER_daily_ag,2.484,7.777,2.5912,dewpoint,809.6,38.204
2021-08-17,22.63,24.82,20.8,92.31,9.96,2.18,8.2,93.71,99.72,21.3,PNQ,18.52,73.86,semi_arid,NASA_POWER_daily_ag,1.851,6.188,2.5332,dewpoint,806.4,38.157
2021-08-18,22.17,24.88,19.96,91.76,18.35,2.61,7.67,93.54,99.26,20.74,PNQ,18.52,73.86,semi_arid,NASA_POWER_daily_ag,1.79,5.886,2.4476,dewpoint,824.9,38.108
2021-08-19,22.4,25.1,20.59,92.7,17.24,2.28,7.83,93.51,99.41,21.13,PNQ,18.52,73.86,semi_arid,NASA_POWER_daily_ag,1.777,5.974,2.5069,dewpoint,828.2,38.057
2021-08-20,22.87,26.38,20.43,90.99,10.78,2.6,10.08,93.54,99.62,21.26,PNQ,18.52,73.86,semi_arid,NASA_POWER_daily_ag,2.191,7.24,2.527,dewpoint,824.9,38.005
2021-08-21,22.47,25.17,20.61,92.2,19.3,2.51,8.89,93.68,98.48,21.11,PNQ,18.52,73.86,semi_arid,NASA_POWER_daily_ag,1.945,6.565,2.5039,dewpoint,809.6,37.951
2021-08-22,22.14,25.68,19.38,89.59,1.25,1.69,14.26,93.76,80.33,20.28,PNQ,18.52,73.86,semi_arid,NASA_POWER_daily_ag,2.776,9.523,2.3791,dewpoint,800.9,37.896
2021-08-23,23.13,27.71,19.12,87.03,0.24,1.72,21.44,93.74,63.36,20.69,PNQ,18.52,73.86,semi_arid,NASA_POWER_daily_ag,3.97,13.521,2.44,dewpoint,803.1,37.838
2021-08-24,23.45,26.94,20.74,89.12,1.75,1.72,19.88,93.75,84.44,21.46,PNQ,18.52,73.86,semi_arid,NASA_POWER_daily_ag,3.71,12.749,2.5582,dewpoint,802.0,37.779
2021-08-25,23.65,27.53,20.78,89.56,1.55,2.1,18.25,93.64,76.42,21.73,PNQ,18.52,73.86,semi_arid,NASA_POWER_daily_ag,3.46,11.852,2.6007,dewpoint,814.0,37.717
2021-08-26,23.65,27.49,20.88,89.61,2.63,2.26,13.45,93.53,95.6,21.74,PNQ,18.52,73.86,semi_arid,NASA_POWER_daily_ag,2.769,9.134,2.6023,dewpoint,826.0,37.654
2021-08-27,23.82,27.95,20.64,88.76,3.16,2.19,13.04,93.47,88.83,21.71,PNQ,18.52,73.86,semi_arid,NASA_POWER_daily_ag,2.764,8.895,2.5976,dewpoint,832.6,37.589
2021-08-28,23.46,27.05,20.7,88.38,0.61,1.98,17.18,93.39,81.63,21.29,PNQ,18.52,73.86,semi_arid,NASA_POWER_daily_ag,3.337,11.186,2.5317,dewpoint,841.3,37.522
2021-08-29,23.29,26.84,20.47,87.65,0.63,1.97,16.08,93.39,94.22,20.99,PNQ,18.52,73.86,semi_arid,NASA_POWER_daily_ag,3.188,10.538,2.4855,dewpoint,841.3,37.454
2021-08-30,22.1,24.43,20.52,91.7,6.72,3.09,10.27,93.44,99.33,20.66,PNQ,18.52,73.86,semi_arid,NASA_POWER_daily_ag,2.121,7.299,2.4355,dewpoint,835.9,37.383
2021-08-31,21.93,23.92,20.12,95.38,38.89,3.3,4.87,93.34,99.17,21.17,PNQ,18.52,73.86,semi_arid,NASA_POWER_daily_ag,1.215,4.278,2.5131,dewpoint,846.8,37.31
2021-09-01,23.31,27.16,21.14,91.23,7.26,3.49,11.12,93.53,93.92,21.74,PNQ,18.52,73.86,semi_arid,NASA_POWER_daily_ag,2.334,7.792,2.6023,dewpoint,826.0,37.236
2021-09-02,22.73,25.04,20.76,93.14,4.8,2.7,14.49,93.59,92.31,21.55,PNQ,18.52,73.86,semi_arid,NASA_POWER_daily_ag,2.65,9.692,2.5723,dewpoint,819.5,37.159
2021-09-03,23.33,26.63,20.94,91.22,10.01,2.72,14.71,93.55,84.31,21.75,PNQ,18.52,73.86,semi_arid,NASA_POWER_daily_ag,2.825,9.809,2.6039,dewpoint,823.8,37.081
2021-09-04,23.65,27.4,20.8,90.75,12.94,2.6,14.88,93.58,88.69,21.97,PNQ,18.52,73.86,semi_arid,NASA_POWER_daily_ag,2.9,9.912,2.6391,dewpoint,820.6,37.0
2021-09-05,23.27,26.24,21.52,91.43,13.73,2.86,12.81,93.55,98.7,21.75,PNQ,18.52,73.86,semi_arid,NASA_POWER_daily_ag,2.541,8.726,2.6039,dewpoint,823.8,36.918
2021-09-06,23.07,25.56,21.04,93.26,14.16,2.74,16.04,93.47,98.83,21.91,PNQ,18.52,73.86,semi_arid,NASA_POWER_daily_ag,2.872,10.567,2.6295,dewpoint,832.6,36.834
2021-09-07,23.47,25.46,21.42,95.61,32.97,2.76,8.98,93.21,99.1,22.74,PNQ,18.52,73.86,semi_arid,NASA_POWER_daily_ag,1.811,6.589,2.7656,dewpoint,861.0,36.747
2021-09-08,23.48,24.82,22.14,96.01,23.7,4.18,11.4,93.32,98.5,22.83,PNQ,18.52,73.86,semi_arid,NASA_POWER_daily_ag,2.019,7.98,2.7807,dewpoint,849.0,36.659
2021-09-09,23.56,26.45,21.54,92.18,13.57,5.03,10.86,93.6,93.37,22.19,PNQ,18.52,73.86,semi_arid,NASA_POWER_daily_ag,2.224,7.627,2.6747,dewpoint,818.4,36.569
2021-09-10,23.74,26.59,21.97,91.86,14.38,4.89,10.98,93.63,93.32,22.3,PNQ,18.52,73.86,semi_arid,NASA_POWER_daily_ag,2.28,7.691,2.6927,dewpoint,815.1,36.477
2021-09-11,23.98,26.48,22.25,92.4,24.42,4.84,10.06,93.48,86.84,22.65,PNQ,18.52,73.86,semi_arid,NASA_POWER_daily_ag,2.136,7.179,2.7505,dewpoint,831.5,36.383
2021-09-12,24.08,26.01,22.77,93.82,36.74,4.28,11.65,93.29,93.56,23.02,PNQ,18.52,73.86,semi_arid,NASA_POWER_daily_ag,2.239,8.101,2.8128,dewpoint,852.3,36.287
2021-09-13,23.91,26.0,22.94,94.14,30.35,4.39,7.32,93.25,99.15,22.92,PNQ,18.52,73.86,semi_arid,NASA_POWER_daily_ag,1.653,5.612,2.7959,dewpoint,856.7,36.19
2021-09-14,23.57,25.91,21.94,92.66,12.28,4.52,12.98,93.33,96.09,22.3,PNQ,18.52,73.86,semi_arid,NASA_POWER_daily_ag,2.442,8.802,2.6927,dewpoint,847.9,36.09
2021-09-15,23.15,26.05,21.44,92.05,3.07,3.6,13.11,93.49,84.15,21.76,PNQ,18.52,73.86,semi_arid,NASA_POWER_daily_ag,2.497,8.828,2.6055,dewpoint,830.4,35.989
2021-09-16,23.2,26.48,21.14,91.65,0.64,3.3,17.11,93.56,64.65,21.72,PNQ,18.52,73.86,semi_arid,NASA_POWER_daily_ag,3.048,11.039,2.5991,dewpoint,822.7,35.886
2021-09-17,22.79,25.93,20.7,91.2,0.48,2.5,15.86,93.58,67.17,21.22,PNQ,18.52,73.86,semi_arid,NASA_POWER_daily_ag,2.915,10.29,2.5208,dewpoint,820.6,35.781
2021-09-18,23.11,27.09,20.11,90.5,1.53,2.5,14.76,93.74,64.36,21.38,PNQ,18.52,73.86,semi_arid,NASA_POWER_daily_ag,2.826,9.682,2.5457,dewpoint,803.1,35.674
2021-09-19,23.56,27.27,20.6,90.69,8.82,2.44,16.01,93.91,83.86,21.87,PNQ,18.52,73.86,semi_arid,NASA_POWER_daily_ag,3.021,10.407,2.6231,dewpoint,784.6,35.566
2021-09-20,23.67,26.94,21.26,91.48,9.98,2.47,13.52,93.84,93.49,22.15,PNQ,18.52,73.86,semi_arid,NASA_POWER_daily_ag,2.645,9.037,2.6682,dewpoint,792.2,35.456
2021-09-21,23.35,26.12,21.78,93.03,26.26,2.96,8.54,93.72,99.52,22.13,PNQ,18.52,73.86,semi_arid,NASA_POWER_daily_ag,1.865,6.253,2.665,dewpoint,805.3,35.344
2021-09-22,23.39,26.69,21.51,91.97,18.93,2.89,7.02,93.55,99.37,21.97,PNQ,18.52,73.86,semi_arid,NASA_POWER_daily_ag,1.724,5.401,2.6391,dewpoint,823.8,35.23
2021-09-23,23.48,27.22,21.06,90.99,7.11,2.36,11.56,93.56,96.7,21.85,PNQ,18.52,73.86,semi_arid,NASA_POWER_daily_ag,2.385,7.902,2.6199,dewpoint,822.7,35.116
2021-09-24,23.11,26.75,20.25,90.05,1.24,1.7,15.34,93.68,79.71,21.29,PNQ,18.52,73.86,semi_arid,NASA_POWER_daily_ag,2.927,9.93,2.5317,dewpoint,809.6,34.999
2021-09-25,23.14,26.62,20.58,90.52,2.27,1.79,14.18,93.68,87.08,21.42,PNQ,18.52,73.86,semi_arid,NASA_POWER_daily_ag,2.744,9.297,2.5519,dewpoint,809.6,34.881
2021-09-26,23.15,26.49,20.7,90.29,2.03,1.73,13.41,93.53,84.88,21.38,PNQ,18.52,73.86,semi_arid,NASA_POWER_daily_ag,2.644,8.864,2.5457,dewpoint,826.0,34.762
2021-09-27,22.61,25.4,21.13,91.97,7.89,2.32,10.07,93.36,99.53,21.21,PNQ,18.52,73.86,semi_arid,NASA_POWER_daily_ag,2.076,7.033,2.5193,dewpoint,844.6,34.641
2021-09-28,21.83,23.89,20.72,93.96,34.57,3.3,7.56,93.32,99.09,20.81,PNQ,18.52,73.86,semi_arid,NASA_POWER_daily_ag,1.606,5.661,2.4581,dewpoint,849.0,34.519
2021-09-29,22.76,25.82,20.71,91.77,9.52,3.61,12.96,93.5,98.56,21.3,PNQ,18.52,73.86,semi_arid,NASA_POWER_daily_ag,2.445,8.588,2.5332,dewpoint,829.3,34.395
2021-09-30,23.78,27.49,21.19,90.66,4.46,2.02,13.54,93.77,86.64,22.07,PNQ,18.52,73.86,semi_arid,NASA_POWER_daily_ag,2.679,8.937,2.6552,dewpoint,799.8,34.27
2021-10-01,24.24,28.79,20.73,88.16,8.01,1.2,17.84,93.83,59.3,22.01,PNQ,18.52,73.86,semi_arid,NASA_POWER_daily_ag,3.416,11.258,2.6455,dewpoint,793.3,34.145
2021-10-02,24.63,27.64,22.44,89.23,3.05,1.26,17.98,93.78,67.9,22.66,PNQ,18.52,73.86,semi_arid,NASA_POWER_daily_ag,3.444,11.414,2.7522,dewpoint,798.7,34.017
2021-10-03,24.63,28.82,21.08,88.82,4.76,1.31,17.16,93.76,80.1,22.52,PNQ,18.52,73.86,semi_arid,NASA_POWER_daily_ag,3.33,10.927,2.7289,dewpoint,800.9,33.889
2021-10-04,25.1,28.94,21.97,88.67,9.89,1.07,18.93,93.67,66.7,22.98,PNQ,18.52,73.86,semi_arid,NASA_POWER_daily_ag,3.646,11.951,2.806,dewpoint,810.7,33.76
2021-10-05,25.19,28.98,22.28,88.84,4.65,1.24,21.28,93.7,67.96,23.11,PNQ,18.52,73.86,semi_arid,NASA_POWER_daily_ag,4.006,13.258,2.8282,dewpoint,807.5,33.63
2021-10-06,24.4,27.56,21.09,87.2,11.38,0.9,16.4,93.66,88.99,22.02,PNQ,18.52,73.86,semi_arid,NASA_POWER_daily_ag,3.205,10.418,2.6472,dewpoint,811.8,33.499
2021-10-07,25.42,29.63,21.64,85.83,1.26,1.42,17.37,93.59,77.25,22.7,PNQ,18.52,73.86,semi_arid,NASA_POWER_daily_ag,3.49,10.991,2.7589,dewpoint,819.5,33.367
2021-10-08,23.89,25.55,22.66,94.37,3.85,1.51,15.15,93.65,78.6,22.93,PNQ,18.52,73.86,semi_arid,NASA_POWER_daily_ag,2.797,9.829,2.7976,dewpoint,812.9,33.235
2021-10-09,24.08,27.43,21.92,91.93,20.82,1.54,16.25,93.77,84.52,22.63,PNQ,18.52,73.86,semi_arid,NASA_POWER_daily_ag,3.033,10.366,2.7472,dewpoint,799.8,33.101
2021-10-10,24.02,27.41,21.63,89.16,5.75,0.98,16.56,93.79,68.51,22.01,PNQ,18.52,73.86,semi_arid,NASA_POWER_daily_ag,3.15,10.436,2.6455,dewpoint,797.6,32.967
2021-10-11,24.35,28.3,21.42,87.41,2.77,0.81,16.06,93.64,72.13,21.98,PNQ,18.52,73.86,semi_arid,NASA_POWER_daily_ag,3.119,10.138,2.6407,dewpoint,814.0,32.833
2021-10-12,24.69,28.84,20.82,84.95,4.47,1.05,18.85,93.61,49.71,21.85,PNQ,18.52,73.86,semi_arid,NASA_POWER_daily_ag,3.609,11.594,2.6199,dewpoint,817.3,32.698
2021-10-13,23.76,28.66,19.62,82.8,0.09,1.55,19.71,93.62,37.9,20.42,PNQ,18.52,73.86,semi_arid,NASA_POWER_daily_ag,3.712,11.794,2.3998,dewpoint,816.2,32.562
2021-10-14,23.57,28.05,18.96,80.93,0.13,1.47,19.44,93.62,26.9,19.94,PNQ,18.52,73.86,semi_arid,NASA_POWER_daily_ag,3.679,11.577,2.3296,dewpoint,816.2,32.427
2021-10-15,23.97,29.06,20.0,82.31,0.0,1.71,20.65,93.41,32.37,20.55,PNQ,18.52,73.86,semi_arid,NASA_POWER_daily_ag,3.874,12.243,2.4191,dewpoint,839.1,32.291
2021-10-16,23.31,28.77,18.47,79.96,0.0,1.19,20.25,93.35,31.52,19.29,PNQ,18.52,73.86,semi_arid,NASA_POWER_daily_ag,3.744,11.818,2.2375,dewpoint,845.7,32.154
2021-10-17,23.81,28.39,20.78,86.07,0.1,1.51,16.74,93.4,72.41,21.22,PNQ,18.52,73.86,semi_arid,NASA_POWER_daily_ag,3.196,10.299,2.5208,dewpoint,840.2,32.018
2021-10-18,22.68,26.91,19.61,88.52,0.15,2.04,18.07,93.69,25.09,20.52,PNQ,18.52,73.86,semi_arid,NASA_POWER_daily_ag,3.211,10.904,2.4146,dewpoint,808.6,31.882
2021-10-19,21.67,26.71,18.08,86.47,0.06,1.37,20.06,94.01,20.09,19.06,PNQ,18.52,73.86,semi_arid,NASA_POWER_daily_ag,3.418,11.664,2.2056,dewpoint,773.7,31.745
2021-10-20,22.26,28.28,17.52,82.97,0.0,0.92,20.84,94.19,31.09,18.92,PNQ,18.52,73.86,semi_arid,NASA_POWER_daily_ag,3.605,11.964,2.1865,dewpoint,754.1,31.609
2021-10-21,22.31,28.69,16.41,76.11,0.0,1.26,20.55,94.2,1.78,17.59,PNQ,18.52,73.86,semi_arid,NASA_POWER_daily_ag,3.699,11.559,2.0114,dewpoint,753.0,31.473
2021-10-22,21.95,28.12,16.51,77.97,0.0,1.31,21.0,94.2,2.65,17.67,PNQ,18.52,73.86,semi_arid,NASA_POWER_daily_ag,3.685,11.775,2.0215,dewpoint,753.0,31.337
2021-10-23,21.44,27.96,16.04,80.45,0.0,1.33,21.08,94.2,8.03,17.65,PNQ,18.52,73.86,semi_arid,NASA_POWER_daily_ag,3.596,11.8,2.019,dewpoint,753.0,31.202
2021-10-24,20.8,27.17,15.83,84.57,0.0,1.33,20.27,94.22,19.92,17.82,PNQ,18.52,73.86,semi_arid,NASA_POWER_daily_ag,3.355,11.452,2.0407,dewpoint,750.8,31.067
2021-10-25,21.12,27.45,15.95,81.92,0.0,1.41,20.7,94.14,12.69,17.53,PNQ,18.52,73.86,semi_arid,NASA_POWER_daily_ag,3.494,11.563,2.0038,dewpoint,759.5,30.932
2021-10-26,20.86,26.9,15.13,78.52,0.0,1.46,20.37,94.05,8.3,16.63,PNQ,18.52,73.86,semi_arid,NASA_POWER_daily_ag,3.493,11.255,1.8928,dewpoint,769.3,30.798
2021-10-27,20.57,26.93,15.49,76.06,0.0,2.39,19.93,94.12,2.7,15.8,PNQ,18.52,73.86,semi_arid,NASA_POWER_daily_ag,3.613,10.866,1.7952,dewpoint,761.7,30.665
2021-10-28,20.62,26.52,15.86,80.51,0.0,2.53,18.03,94.16,23.12,16.86,PNQ,18.52,73.86,semi_arid,NASA_POWER_daily_ag,3.259,10.158,1.9206,dewpoint,757.4,30.532
2021-10-29,21.25,27.69,15.92,80.16,0.0,2.6,19.55,94.25,22.83,17.4,PNQ,18.52,73.86,semi_arid,NASA_POWER_daily_ag,3.503,10.888,1.9874,dewpoint,747.6,30.401
2021-10-30,21.65,28.17,16.12,78.82,0.0,2.67,19.22,94.25,32.69,17.61,PNQ,18.52,73.86,semi_arid,NASA_POWER_daily_ag,3.549,10.729,2.0139,dewpoint,747.6,30.27
2021-10-31,21.84,28.01,17.05,79.81,0.0,2.18,18.99,94.18,5.27,17.95,PNQ,18.52,73.86,semi_arid,NASA_POWER_daily_ag,3.45,10.64,2.0575,dewpoint,755.2,30.14
2021-11-01,22.07,28.47,16.9,81.15,0.0,1.77,16.61,94.04,52.19,18.45,PNQ,18.52,73.86,semi_arid,NASA_POWER_daily_ag,3.101,9.584,2.1231,dewpoint,770.4,30.012
2021-11-02,21.71,27.28,16.63,81.39,0.0,2.11,16.94,94.04,73.71,18.26,PNQ,18.52,73.86,semi_arid,NASA_POWER_daily_ag,3.122,9.721,2.098,dewpoint,770.4,29.884
2021-11-03,22.09,26.89,18.06,84.58,0.0,2.23,16.37,94.07,74.68,19.21,PNQ,18.52,73.86,semi_arid,NASA_POWER_daily_ag,2.998,9.555,2.2263,dewpoint,767.1,29.758
2021-11-04,23.55,28.15,19.36,84.31,0.51,1.37,16.6,94.0,60.61,20.54,PNQ,18.52,73.86,semi_arid,NASA_POWER_daily_ag,3.1,9.805,2.4176,dewpoint,774.8,29.633
2021-11-05,22.56,25.99,20.49,89.55,4.59,2.22,16.36,93.98,70.0,20.7,PNQ,18.52,73.86,semi_arid,NASA_POWER_daily_ag,2.838,9.716,2.4415,dewpoint,776.9,29.509
2021-11-06,22.34,26.16,19.43,86.12,3.52,1.7,12.84,93.91,99.0,19.8,PNQ,18.52,73.86,semi_arid,NASA_POWER_daily_ag,2.487,7.873,2.3095,dewpoint,784.6,29.387
2021-11-07,22.14,26.23,18.91,85.47,2.19,1.8,11.73,93.91,87.21,19.45,PNQ,18.52,73.86,semi_arid,NASA_POWER_daily_ag,2.368,7.298,2.2598,dewpoint,784.6,29.266
2021-11-08,20.67,26.52,16.34,76.36,0.0,2.55,18.09,94.03,17.97,15.95,PNQ,18.52,73.86,semi_arid,NASA_POWER_daily_ag,3.383,9.756,1.8125,dewpoint,771.5,29.147
2021-11-09,19.28,26.27,14.52,73.52,0.0,2.87,18.86,94.11,9.03,13.91,PNQ,18.52,73.86,semi_arid,NASA_POWER_daily_ag,3.472,9.771,1.5893,dewpoint,762.8,29.03
2021-11-10,18.97,26.45,13.57,71.22,0.0,2.4,17.4,94.04,43.91,12.94,PNQ,18.52,73.86,semi_arid,NASA_POWER_daily_ag,3.309,9.031,1.4919,dewpoint,770.4,28.914
2021-11-11,18.65,25.66,13.85,72.89,0.0,2.79,16.94,93.9,48.34,13.28,PNQ,18.52,73.86,semi_arid,NASA_POWER_daily_ag,3.215,8.89,1.5254,dewpoint,785.7,28.8
2021-11-12,20.52,27.68,14.54,74.25,0.0,2.32,17.58,93.85,22.6,15.36,PNQ,18.52,73.86,semi_arid,NASA_POWER_daily_ag,3.323,9.361,1.7453,dewpoint,791.1,28.688
2021-11-13,23.22,28.81,19.08,85.05,0.0,2.02,15.37,93.84,30.1,20.33,PNQ,18.52,73.86,semi_arid,NASA_POWER_daily_ag,2.915,9.004,2.3865,dewpoint,792.2,28.579
2021-11-14,23.84,28.73,19.79,85.5,0.3,1.71,15.4,93.8,45.39,21.08,PNQ,18.52,73.86,semi_arid,NASA_POWER_daily_ag,2.923,9.107,2.4993,dewpoint,796.6,28.471
2021-11-15,24.32,28.67,21.08,86.44,0.22,1.14,13.96,93.66,74.87,21.76,PNQ,18.52,73.86,semi_arid,NASA_POWER_daily_ag,2.692,8.466,2.6055,dewpoint,811.8,28.365
2021-11-16,23.88,27.59,21.47,88.75,5.17,2.39,12.69,93.66,97.36,21.84,PNQ,18.52,73.86,semi_arid,NASA_POWER_daily_ag,2.492,7.843,2.6183,dewpoint,811.8,28.261
2021-11-17,23.6,26.94,21.74,90.26,4.26,2.78,12.13,93.82,95.64,21.86,PNQ,18.52,73.86,semi_arid,NASA_POWER_daily_ag,2.34,7.558,2.6215,dewpoint,794.4,28.16
2021-11-18,24.05,28.52,20.7,82.79,5.01,1.76,14.29,93.82,75.11,20.67,PNQ,18.52,73.86,semi_arid,NASA_POWER_daily_ag,2.875,8.437,2.437,dewpoint,794.4,28.061
2021-11-19,23.7,28.12,20.04,84.5,0.87,1.54,13.56,93.63,91.31,20.73,PNQ,18.52,73.86,semi_arid,NASA_POWER_daily_ag,2.669,8.103,2.4461,dewpoint,815.1,27.965
2021-11-20,23.66,28.01,20.38,87.45,0.97,2.03,12.15,93.58,91.31,21.33,PNQ,18.52,73.86,semi_arid,NASA_POWER_daily_ag,2.436,7.48,2.5379,dewpoint,820.6,27.87
2021-11-21,24.24,28.92,20.81,84.75,11.45,2.3,8.89,93.78,95.22,21.33,PNQ,18.52,73.86,semi_arid,NASA_POWER_daily_ag,2.213,5.876,2.5379,dewpoint,798.7,27.779
2021-11-22,23.99,28.23,21.36,88.45,2.88,1.44,13.44,94.01,55.68,21.82,PNQ,18.52,73.86,semi_arid,NASA_POWER_daily_ag,2.549,8.126,2.6151,dewpoint,773.7,27.69
2021-11-23,24.26,28.64,21.38,87.95,0.02,0.79,17.23,93.99,18.41,21.98,PNQ,18.52,73.86,semi_arid,NASA_POWER_daily_ag,3.061,9.991,2.6407,dewpoint,775.8,27.603
2021-11-24,23.89,28.91,20.43,83.75,0.0,2.05,16.47,94.02,41.47,20.77,PNQ,18.52,73.86,semi_arid,NASA_POWER_daily_ag,3.101,9.391,2.4521,dewpoint,772.6,27.519
2021-11-25,22.24,27.06,18.61,80.88,0.0,1.71,16.64,94.1,44.75,18.61,PNQ,18.52,73.86,semi_arid,NASA_POWER_daily_ag,2.994,9.152,2.1445,dewpoint,763.9,27.438
2021-11-26,21.3,27.41,16.5,79.39,0.0,1.93,16.96,94.12,33.59,17.27,PNQ,18.52,73.86,semi_arid,NASA_POWER_daily_ag,3.024,9.084,1.9711,dewpoint,761.7,27.36
2021-11-27,20.61,27.18,15.17,75.33,0.0,1.99,17.26,94.13,23.15,15.57,PNQ,18.52,73.86,semi_arid,NASA_POWER_daily_ag,3.133,8.944,1.7689,dewpoint,760.6,27.284
2021-11-28,18.94,25.22,15.11,76.04,0.0,2.84,16.94,94.17,19.75,14.25,PNQ,18.52,73.86,semi_arid,NASA_POWER_daily_ag,3.048,8.648,1.6247,dewpoint,756.3,27.212
2021-11-29,19.9,26.03,14.49,76.57,0.0,3.22,14.96,94.19,25.6,15.52,PNQ,18.52,73.86,semi_arid,NASA_POWER_daily_ag,2.975,8.025,1.7633,dewpoint,754.1,27.142
2021-11-30,19.92,22.55,17.95,89.11,0.31,2.7,11.11,94.17,92.48,18.04,PNQ,18.52,73.86,semi_arid,NASA_POWER_daily_ag,1.991,6.67,2.0692,dewpoint,756.3,27.075
2021-12-01,18.74,20.71,17.32,92.73,64.48,2.99,3.22,94.12,99.04,17.54,PNQ,18.52,73.86,semi_arid,NASA_POWER_daily_ag,1.019,3.187,2.005,dewpoint,761.7,27.012
2021-12-02,19.06,23.82,15.4,89.65,14.04,2.77,6.31,94.03,97.81,17.25,PNQ,18.52,73.86,semi_arid,NASA_POWER_daily_ag,1.471,4.533,1.9686,dewpoint,771.5,26.951
2021-12-03,21.11,26.61,17.21,88.62,0.47,1.2,10.18,94.05,66.72,18.99,PNQ,18.52,73.86,semi_arid,NASA_POWER_daily_ag,1.919,6.271,2.196,dewpoint,769.3,26.893
2021-12-04,20.95,26.02,17.45,86.85,0.61,1.36,12.69,94.11,50.55,18.5,PNQ,18.52,73.86,semi_arid,NASA_POWER_daily_ag,2.243,7.333,2.1298,dewpoint,762.8,26.839
2021-12-05,19.59,25.62,15.36,84.18,0.02,1.09,17.35,94.16,26.66,16.57,PNQ,18.52,73.86,semi_arid,NASA_POWER_daily_ag,2.67,9.081,1.8856,dewpoint,757.4,26.788
2021-12-06,19.67,25.64,13.66,81.61,0.0,1.36,16.87,94.13,9.44,16.33,PNQ,18.52,73.86,semi_arid,NASA_POWER_daily_ag,2.689,8.876,1.857,dewpoint,760.6,26.74
2021-12-07,19.8,26.14,14.75,79.68,0.0,2.13,15.7,94.16,7.02,15.83,PNQ,18.52,73.86,semi_arid,NASA_POWER_daily_ag,2.757,8.266,1.7986,dewpoint,757.4,26.695
2021-12-08,19.88,25.91,15.29,77.73,0.0,2.38,15.55,94.2,10.85,15.54,PNQ,18.52,73.86,semi_arid,NASA_POWER_daily_ag,2.848,8.146,1.7655,dewpoint,753.0,26.653
2021-12-09,20.08,26.37,14.85,79.12,0.0,1.85,15.2,94.32,22.43,16.01,PNQ,18.52,73.86,semi_arid,NASA_POWER_daily_ag,2.695,8.063,1.8194,dewpoint,740.0,26.615
2021-12-10,20.59,26.23,16.42,83.48,0.0,2.34,15.15,94.37,11.69,17.46,PNQ,18.52,73.86,semi_arid,NASA_POWER_daily_ag,2.65,8.217,1.9949,dewpoint,734.5,26.58
2021-12-11,20.69,26.13,16.34,82.85,0.0,2.34,15.23,94.33,18.14,17.45,PNQ,18.52,73.86,semi_arid,NASA_POWER_daily_ag,2.687,8.248,1.9937,dewpoint,738.9,26.548
2021-12-12,20.61,26.01,15.98,79.53,0.0,2.0,14.85,94.31,27.17,16.65,PNQ,18.52,73.86,semi_arid,NASA_POWER_daily_ag,2.713,7.977,1.8952,dewpoint,741.1,26.52
2021-12-13,19.95,24.9,15.52,81.74,0.0,1.31,14.18,94.25,31.46,16.51,PNQ,18.52,73.86,semi_arid,NASA_POWER_daily_ag,2.42,7.715,1.8784,dewpoint,747.6,26.495
2021-12-14,19.72,25.15,15.04,83.1,0.0,1.46,15.35,94.17,37.63,16.6,PNQ,18.52,73.86,semi_arid,NASA_POWER_daily_ag,2.508,8.211,1.8892,dewpoint,756.3,26.474
2021-12-15,19.52,25.07,15.38,83.51,0.0,1.76,12.73,94.21,73.95,16.47,PNQ,18.52,73.86,semi_arid,NASA_POWER_daily_ag,2.253,7.108,1.8736,dewpoint,751.9,26.456
2021-12-16,20.1,25.07,15.3,82.99,0.0,1.65,12.28,94.3,58.56,16.99,PNQ,18.52,73.86,semi_arid,NASA_POWER_daily_ag,2.245,6.976,1.9365,dewpoint,742.1,26.441
2021-12-17,19.64,24.97,15.54,79.19,0.0,1.29,16.4,94.35,22.2,15.67,PNQ,18.52,73.86,semi_arid,NASA_POWER_daily_ag,2.656,8.472,1.7803,dewpoint,736.7,26.43
2021-12-18,18.64,25.55,13.73,75.17,0.0,2.36,16.51,94.34,14.89,13.69,PNQ,18.52,73.86,semi_arid,NASA_POWER_daily_ag,2.898,8.231,1.5667,dewpoint,737.8,26.422
2021-12-19,17.67,24.48,12.57,74.78,0.0,2.55,16.71,94.43,4.27,12.72,PNQ,18.52,73.86,semi_arid,NASA_POWER_daily_ag,2.864,8.222,1.4706,dewpoint,728.0,26.418
2021-12-20,17.51,24.64,11.2,68.51,0.0,2.07,15.16,94.41,8.43,11.13,PNQ,18.52,73.86,semi_arid,NASA_POWER_daily_ag,2.822,7.483,1.3241,dewpoint,730.2,26.417
2021-12-21,17.5,25.33,10.61,68.48,0.0,1.53,15.88,94.37,4.02,11.19,PNQ,18.52,73.86,semi_arid,NASA_POWER_daily_ag,2.698,7.737,1.3294,dewpoint,734.5,26.42
2021-12-22,18.44,26.19,11.39,69.24,0.0,1.08,16.34,94.21,6.04,12.22,PNQ,18.52,73.86,semi_arid,NASA_POWER_daily_ag,2.652,7.997,1.423,dewpoint,751.9,26.426
2021-12-23,18.42,26.61,11.93,72.03,0.0,1.16,16.01,94.16,9.9,12.71,PNQ,18.52,73.86,semi_arid,NASA_POWER_daily_ag,2.613,7.924,1.4696,dewpoint,757.4,26.435
2021-12-24,18.34,25.63,13.6,73.32,0.0,1.37,16.1,94.18,16.13,13.16,PNQ,18.52,73.86,semi_arid,NASA_POWER_daily_ag,2.633,8.01,1.5135,dewpoint,755.2,26.448
2021-12-25,18.25,26.35,12.37,70.95,0.0,1.13,16.42,94.21,38.38,12.38,PNQ,18.52,73.86,semi_arid,NASA_POWER_daily_ag,2.634,8.025,1.4381,dewpoint,751.9,26.465
2021-12-26,18.55,26.78,11.48,71.24,0.0,1.17,17.03,94.33,24.05,12.64,PNQ,18.52,73.86,semi_arid,NASA_POWER_daily_ag,2.734,8.298,1.4629,dewpoint,738.9,26.485
2021-12-27,19.74,26.83,12.28,64.69,0.0,1.19,15.86,94.33,20.38,12.39,PNQ,18.52,73.86,semi_arid,NASA_POWER_daily_ag,2.83,7.823,1.439,dewpoint,738.9,26.508
2021-12-28,19.59,26.35,13.63,70.94,0.01,1.34,15.08,94.25,9.03,13.92,PNQ,18.52,73.86,semi_arid,NASA_POWER_daily_ag,2.684,7.736,1.5903,dewpoint,747.6,26.535
2021-12-29,18.1,25.16,11.6,71.43,0.0,1.41,17.03,94.25,8.22,12.24,PNQ,18.52,73.86,semi_arid,NASA_POWER_daily_ag,2.781,8.313,1.4249,dewpoint,747.6,26.565
2021-12-30,18.21,24.92,12.89,80.1,0.0,2.91,15.33,94.37,12.56,14.41,PNQ,18.52,73.86,semi_arid,NASA_POWER_daily_ag,2.658,7.969,1.6416,dewpoint,734.5,26.598
2021-12-31,19.32,25.83,14.35,78.23,0.0,3.01,15.08,94.48,21.64,15.04,PNQ,18.52,73.86,semi_arid,NASA_POWER_daily_ag,2.849,7.905,1.7097,dewpoint,722.6,26.635
2022-01-01,20.27,26.38,15.3,77.45,0.0,1.77,15.24,94.5,18.61,15.85,PNQ,18.52,73.86,semi_arid,NASA_POWER_daily_ag,2.745,8.055,1.8009,dewpoint,720.4,26.675
2022-01-02,20.29,26.31,14.78,78.85,0.0,1.57,14.85,94.37,14.7,16.19,PNQ,18.52,73.86,semi_arid,NASA_POWER_daily_ag,2.637,7.971,1.8405,dewpoint,734.5,26.719
2022-01-03,20.39,26.29,15.59,76.19,0.0,1.7,14.78,94.32,14.24,15.65,PNQ,18.52,73.86,semi_arid,NASA_POWER_daily_ag,2.739,7.86,1.778,dewpoint,740.0,26.766
2022-01-04,20.2,26.69,14.85,71.59,0.0,1.75,15.97,94.31,3.8,14.47,PNQ,18.52,73.86,semi_arid,NASA_POWER_daily_ag,2.965,8.174,1.648,dewpoint,741.1,26.816
2022-01-05,19.4,26.5,13.56,72.63,0.0,1.75,15.11,94.27,7.36,13.92,PNQ,18.52,73.86,semi_arid,NASA_POWER_daily_ag,2.793,7.819,1.5903,dewpoint,745.4,26.869
2022-01-06,19.51,26.42,14.32,76.88,0.0,1.4,15.23,94.17,11.77,14.82,PNQ,18.52,73.86,semi_arid,NASA_POWER_daily_ag,2.641,7.986,1.6857,dewpoint,756.3,26.926
2022-01-07,18.92,26.05,14.39,82.67,0.0,1.91,15.9,94.15,17.2,15.48,PNQ,18.52,73.86,semi_arid,NASA_POWER_daily_ag,2.601,8.368,1.7588,dewpoint,758.4,26.986
2022-01-08,18.94,25.01,15.04,84.99,0.51,1.45,13.29,94.22,62.35,16.12,PNQ,18.52,73.86,semi_arid,NASA_POWER_daily_ag,2.229,7.41,1.8323,dewpoint,750.8,27.049
2022-01-09,17.78,23.84,13.15,85.3,0.61,1.45,16.73,94.15,36.86,15.06,PNQ,18.52,73.86,semi_arid,NASA_POWER_daily_ag,2.478,8.765,1.7119,dewpoint,758.4,27.115
2022-01-10,16.71,24.93,10.95,75.33,0.0,1.51,18.94,94.13,5.91,11.97,PNQ,18.52,73.86,semi_arid,NASA_POWER_daily_ag,2.781,9.168,1.3998,dewpoint,760.6,27.184
2022-01-11,15.52,22.48,10.98,72.43,0.0,1.54,18.39,94.16,15.43,10.09,PNQ,18.52,73.86,semi_arid,NASA_POWER_daily_ag,2.705,8.782,1.2354,dewpoint,757.4,27.256
2022-01-12,15.63,23.81,8.65,81.69,0.0,1.45,16.68,94.1,23.2,12.28,PNQ,18.52,73.86,semi_arid,NASA_POWER_daily_ag,2.381,8.512,1.4287,dewpoint,763.9,27.331
2022-01-13,16.12,23.52,10.06,82.45,0.0,1.68,13.75,94.04,43.03,12.78,PNQ,18.52,73.86,semi_arid,NASA_POWER_daily_ag,2.188,7.429,1.4764,dewpoint,770.4,27.409
2022-01-14,17.0,24.12,11.67,82.16,0.0,1.04,15.08,94.07,23.71,13.55,PNQ,18.52,73.86,semi_arid,NASA_POWER_daily_ag,2.308,8.004,1.5525,dewpoint,767.1,27.49
2022-01-15,18.55,25.48,13.24,77.19,0.0,1.84,16.94,94.18,14.16,14.05,PNQ,18.52,73.86,semi_arid,NASA_POWER_daily_ag,2.83,8.745,1.6038,dewpoint,755.2,27.573
2022-01-16,19.38,26.48,13.27,77.01,0.0,2.53,16.73,94.26,17.5,14.79,PNQ,18.52,73.86,semi_arid,NASA_POWER_daily_ag,3.03,8.761,1.6824,dewpoint,746.5,27.66
2022-01-17,20.49,26.05,15.48,75.15,0.0,1.77,15.07,94.46,20.86,15.63,PNQ,18.52,73.86,semi_arid,NASA_POWER_daily_ag,2.857,8.178,1.7758,dewpoint,724.8,27.749
2022-01-18,20.19,27.4,14.54,71.4,0.0,1.36,18.46,94.38,2.0,14.32,PNQ,18.52,73.86,semi_arid,NASA_POWER_daily_ag,3.151,9.348,1.6321,dewpoint,733.5,27.841
2022-01-19,19.43,27.26,12.86,66.29,0.0,1.65,18.77,94.26,2.43,12.26,PNQ,18.52,73.86,semi_arid,NASA_POWER_daily_ag,3.321,9.2,1.4268,dewpoint,746.5,27.936
2022-01-20,19.41,27.31,14.23,61.32,0.0,1.7,19.92,94.07,3.85,11.1,PNQ,18.52,73.86,semi_arid,NASA_POWER_daily_ag,3.529,9.401,1.3215,dewpoint,767.1,28.033
2022-01-21,19.26,26.33,14.33,67.07,0.0,1.73,19.27,94.06,3.39,12.51,PNQ,18.52,73.86,semi_arid,NASA_POWER_daily_ag,3.349,9.474,1.4504,dewpoint,768.2,28.132
2022-01-22,18.59,24.79,13.87,85.35,0.05,2.22,15.91,93.92,43.47,15.94,PNQ,18.52,73.86,semi_arid,NASA_POWER_daily_ag,2.543,8.743,1.8113,dewpoint,783.5,28.234
2022-01-23,16.65,21.72,10.35,82.07,0.1,2.88,13.98,93.93,53.95,13.17,PNQ,18.52,73.86,semi_arid,NASA_POWER_daily_ag,2.436,7.768,1.5145,dewpoint,782.4,28.339
2022-01-24,13.41,21.25,6.96,68.24,0.0,1.22,18.77,93.96,15.76,6.6,PNQ,18.52,73.86,semi_arid,NASA_POWER_daily_ag,2.657,8.951,0.9747,dewpoint,779.1,28.445
2022-01-25,14.13,23.21,5.96,56.48,0.0,1.54,17.88,93.98,15.96,4.84,PNQ,18.52,73.86,semi_arid,NASA_POWER_daily_ag,2.929,8.416,0.8626,dewpoint,776.9,28.554
2022-01-26,15.97,24.91,7.71,56.84,0.0,1.54,19.08,94.03,7.61,6.62,PNQ,18.52,73.86,semi_arid,NASA_POWER_daily_ag,3.193,8.941,0.976,dewpoint,771.5,28.666
2022-01-27,16.42,25.52,8.74,59.43,0.0,1.98,18.9,94.1,1.38,7.76,PNQ,18.52,73.86,semi_arid,NASA_POWER_daily_ag,3.353,9.003,1.0554,dewpoint,763.9,28.779
2022-01-28,17.12,26.18,9.96,57.7,0.0,2.68,19.22,94.21,1.63,8.1,PNQ,18.52,73.86,semi_arid,NASA_POWER_daily_ag,3.758,9.122,1.0801,dewpoint,751.9,28.894
2022-01-29,18.4,26.62,9.98,46.74,0.0,2.08,20.46,94.32,2.66,5.93,PNQ,18.52,73.86,semi_arid,NASA_POWER_daily_ag,4.078,9.233,0.9306,dewpoint,740.0,29.011
2022-01-30,19.05,27.69,10.4,48.46,0.0,1.47,20.79,94.18,9.11,7.18,PNQ,18.52,73.86,semi_arid,NASA_POWER_daily_ag,3.763,9.506,1.0143,dewpoint,755.2,29.131
2022-01-31,19.41,28.38,11.84,51.48,0.0,1.25,20.98,94.07,22.34,8.25,PNQ,18.52,73.86,semi_arid,NASA_POWER_daily_ag,3.638,9.693,1.0912,dewpoint,767.1,29.252
2022-02-01,19.21,28.92,11.29,52.33,0.0,1.3,21.44,94.01,16.47,8.02,PNQ,18.52,73.86,semi_arid,NASA_POWER_daily_ag,3.695,9.848,1.0742,dewpoint,773.7,29.374
2022-02-02,19.65,29.76,12.16,54.26,0.0,1.45,21.33,94.03,17.68,8.85,PNQ,18.52,73.86,semi_arid,NASA_POWER_daily_ag,3.805,9.913,1.1365,dewpoint,771.5,29.499
2022-02-03,18.19,26.36,12.47,69.39,0.0,1.94,21.73,93.98,16.35,11.53,PNQ,18.52,73.86,semi_arid,NASA_POWER_daily_ag,3.606,10.72,1.3597,dewpoint,776.9,29.625
2022-02-04,17.75,25.08,13.36,73.53,0.0,1.44,21.2,93.94,27.02,12.35,PNQ,18.52,73.86,semi_arid,NASA_POWER_daily_ag,3.283,10.715,1.4353,dewpoint,781.3,29.752
2022-02-05,17.81,27.43,9.47,56.67,0.0,1.48,21.67,93.98,14.2,7.55,PNQ,18.52,73.86,semi_arid,NASA_POWER_daily_ag,3.679,10.154,1.0403,dewpoint,776.9,29.881
2022-02-06,18.89,29.34,9.86,54.0,0.0,1.99,20.53,94.18,12.02,7.87,PNQ,18.52,73.86,semi_arid,NASA_POWER_daily_ag,4.024,9.729,1.0633,dewpoint,755.2,30.011
2022-02-07,19.14,28.05,12.93,70.15,0.0,1.3,20.3,94.22,9.62,12.46,PNQ,18.52,73.86,semi_arid,NASA_POWER_daily_ag,3.403,10.363,1.4457,dewpoint,750.8,30.143
2022-02-08,18.76,28.03,12.85,76.46,0.0,1.64,20.72,94.12,6.87,13.49,PNQ,18.52,73.86,semi_arid,NASA_POWER_daily_ag,3.391,10.752,1.5465,dewpoint,761.7,30.276
2022-02-09,18.43,27.36,13.01,73.9,0.0,1.65,21.62,94.12,13.18,12.46,PNQ,18.52,73.86,semi_arid,NASA_POWER_daily_ag,3.518,10.991,1.4457,dewpoint,761.7,30.41
2022-02-10,19.16,28.29,10.99,59.5,0.0,1.88,21.15,94.13,6.2,9.81,PNQ,18.52,73.86,semi_arid,NASA_POWER_daily_ag,3.955,10.418,1.2124,dewpoint,760.6,30.545
2022-02-11,20.17,29.17,13.1,51.47,0.0,2.53,19.64,94.12,0.94,9.01,PNQ,18.52,73.86,semi_arid,NASA_POWER_daily_ag,4.44,9.654,1.1488,dewpoint,761.7,30.681
2022-02-12,20.34,29.31,12.88,50.66,0.0,2.05,19.58,94.07,0.92,8.95,PNQ,18.52,73.86,semi_arid,NASA_POWER_daily_ag,4.222,9.662,1.1442,dewpoint,767.1,30.817
2022-02-13,20.63,29.29,13.1,55.26,0.0,1.57,20.05,93.91,1.83,10.24,PNQ,18.52,73.86,semi_arid,NASA_POWER_daily_ag,3.952,10.062,1.2479,dewpoint,784.6,30.955
2022-02-14,19.84,29.25,12.83,58.65,0.0,1.85,20.72,93.9,3.45,10.12,PNQ,18.52,73.86,semi_arid,NASA_POWER_daily_ag,4.03,10.346,1.2379,dewpoint,785.7,31.093
2022-02-15,18.98,28.4,12.42,64.95,0.0,1.8,21.86,93.93,5.11,10.88,PNQ,18.52,73.86,semi_arid,NASA_POWER_daily_ag,3.889,11.003,1.3023,dewpoint,782.4,31.232
2022-02-16,18.67,26.57,11.92,66.68,0.0,1.75,21.61,93.83,12.08,11.11,PNQ,18.52,73.86,semi_arid,NASA_POWER_daily_ag,3.792,11.074,1.3223,dewpoint,793.3,31.372
2022-02-17,19.85,27.99,12.79,59.9,0.0,1.83,22.17,93.73,9.42,10.52,PNQ,18.52,73.86,semi_arid,NASA_POWER_daily_ag,4.166,11.147,1.2714,dewpoint,804.2,31.512
2022-02-18,20.7,29.35,13.72,58.94,0.0,1.71,21.85,93.82,1.81,11.32,PNQ,18.52,73.86,semi_arid,NASA_POWER_daily_ag,4.179,11.099,1.3409,dewpoint,794.4,31.652
2022-02-19,21.54,31.02,13.84,63.29,0.0,1.47,20.89,94.05,5.86,12.91,PNQ,18.52,73.86,semi_arid,NASA_POWER_daily_ag,4.005,10.937,1.489,dewpoint,769.3,31.792
2022-02-20,22.01,31.04,15.01,52.69,0.0,1.93,22.25,94.02,6.13,10.49,PNQ,18.52,73.86,semi_arid,NASA_POWER_daily_ag,4.662,11.061,1.2689,dewpoint,772.6,31.933
2022-02-21,22.03,32.03,14.86,43.39,0.0,1.3,22.63,93.93,12.72,7.26,PNQ,18.52,73.86,semi_arid,NASA_POWER_daily_ag,4.394,10.653,1.0199,dewpoint,782.4,32.074
2022-02-22,22.68,33.5,14.55,43.17,0.0,1.3,22.65,94.02,9.81,7.25,PNQ,18.52,73.86,semi_arid,NASA_POWER_daily_ag,4.489,10.637,1.0192,dewpoint,772.6,32.215
2022-02-23,23.42,33.55,14.29,48.61,0.0,1.62,21.99,94.17,8.38,10.18,PNQ,18.52,73.86,semi_arid,NASA_POWER_daily_ag,4.724,10.93,1.2429,dewpoint,756.3,32.356
2022-02-24,23.83,32.9,16.6,49.2,0.0,1.43,20.43,94.28,10.23,11.33,PNQ,18.52,73.86,semi_arid,NASA_POWER_daily_ag,4.426,10.491,1.3418,dewpoint,744.3,32.497
2022-02-25,24.04,32.93,17.06,48.31,0.0,1.54,20.7,94.2,6.28,11.27,PNQ,18.52,73.86,semi_arid,NASA_POWER_daily_ag,4.584,10.607,1.3365,dewpoint,753.0,32.638
2022-02-26,23.87,32.92,17.81,47.03,0.0,1.49,20.71,94.17,9.22,10.23,PNQ,18.52,73.86,semi_arid,NASA_POWER_daily_ag,4.568,10.456,1.247,dewpoint,756.3,32.778
2022-02-27,22.99,32.6,15.11,46.4,0.0,1.67,21.25,94.23,7.99,9.22,PNQ,18.52,73.86,semi_arid,NASA_POWER_daily_ag,4.701,10.645,1.1652,dewpoint,749.7,32.918
2022-02-28,22.96,32.54,14.79,40.48,0.0,1.88,22.04,94.19,3.1,7.51,PNQ,18.52,73.86,semi_arid,NASA_POWER_daily_ag,5.048,10.729,1.0375,dewpoint,754.1,33.057
2022-03-01,23.4,32.89,15.29,39.71,0.0,1.9,21.6,94.19,6.93,7.48,PNQ,18.52,73.86,semi_arid,NASA_POWER_daily_ag,5.111,10.565,1.0354,dewpoint,754.1,33.196
2022-03-02,24.37,33.73,16.27,40.82,0.0,1.83,21.11,94.13,16.65,8.68,PNQ,18.52,73.86,semi_arid,NASA_POWER_daily_ag,5.112,10.529,1.1235,dewpoint,760.6,33.335
2022-03-03,24.67,33.55,16.55,40.68,0.0,1.65,20.44,94.11,23.71,9.03,PNQ,18.52,73.86,semi_arid,NASA_POWER_daily_ag,4.925,10.359,1.1504,dewpoint,762.8,33.473
2022-03-04,24.65,33.64,17.09,39.47,0.0,2.26,22.02,94.14,7.27,8.76,PNQ,18.52,73.86,semi_arid,NASA_POWER_daily_ag,5.642,10.928,1.1296,dewpoint,759.5,33.61
2022-03-05,25.06,33.89,17.12,39.91,0.0,1.89,21.71,94.08,12.35,9.26,PNQ,18.52,73.86,semi_arid,NASA_POWER_daily_ag,5.344,10.913,1.1684,dewpoint,766.1,33.746
2022-03-06,25.5,34.03,18.53,43.95,0.0,1.84,19.48,93.98,22.85,11.04,PNQ,18.52,73.86,semi_arid,NASA_POWER_daily_ag,5.039,10.286,1.3162,dewpoint,776.9,33.882
2022-03-07,25.9,33.2,19.89,46.33,0.06,2.01,18.86,94.0,40.88,12.56,PNQ,18.52,73.86,semi_arid,NASA_POWER_daily_ag,5.088,10.26,1.4552,dewpoint,774.8,34.016
2022-03-08,26.32,33.4,19.62,47.05,0.08,1.78,18.76,94.02,50.02,13.23,PNQ,18.52,73.86,semi_arid,NASA_POWER_daily_ag,4.926,10.337,1.5205,dewpoint,772.6,34.15
2022-03-09,26.69,34.51,21.13,44.53,0.04,1.62,17.41,94.0,39.59,11.73,PNQ,18.52,73.86,semi_arid,NASA_POWER_daily_ag,4.778,9.538,1.3778,dewpoint,774.8,34.282
2022-03-10,25.72,32.61,19.79,42.44,0.01,1.94,16.34,94.0,36.22,10.96,PNQ,18.52,73.86,semi_arid,NASA_POWER_daily_ag,4.868,9.122,1.3092,dewpoint,774.8,34.413
2022-03-11,27.06,33.94,20.28,45.46,0.68,1.3,17.56,93.97,32.25,13.2,PNQ,18.52,73.86,semi_arid,NASA_POWER_daily_ag,4.488,9.861,1.5175,dewpoint,778.0,34.543
2022-03-12,26.56,33.88,19.83,47.34,0.08,1.6,21.17,93.96,6.1,13.33,PNQ,18.52,73.86,semi_arid,NASA_POWER_daily_ag,5.12,11.47,1.5304,dewpoint,779.1,34.672
2022-03-13,25.98,35.0,18.33,37.46,0.0,2.37,22.11,93.98,1.88,8.53,PNQ,18.52,73.86,semi_arid,NASA_POWER_daily_ag,6.109,11.126,1.1121,dewpoint,776.9,34.8
2022-03-14,26.07,35.92,17.61,27.11,0.0,2.06,23.95,94.03,0.21,3.36,PNQ,18.52,73.86,semi_arid,NASA_POWER_daily_ag,6.225,11.016,0.7773,dewpoint,771.5,34.926
2022-03-15,26.6,36.95,17.24,32.59,0.0,1.91,24.99,93.9,0.86,6.29,PNQ,18.52,73.86,semi_arid,NASA_POWER_daily_ag,6.159,11.848,0.9541,dewpoint,785.7,35.051
2022-03-16,27.81,37.9,18.45,31.02,0.0,2.04,25.07,93.78,0.38,7.02,PNQ,18.52,73.86,semi_arid,NASA_POWER_daily_ag,6.499,11.94,1.0032,dewpoint,798.7,35.174
2022-03-17,28.1,38.38,18.87,31.26,0.0,1.78,25.1,93.74,1.66,7.13,PNQ,18.52,73.86,semi_arid,NASA_POWER_daily_ag,6.242,11.963,1.0108,dewpoint,803.1,35.296
2022-03-18,28.6,38.48,21.33,31.03,0.0,1.48,23.67,93.64,15.16,7.53,PNQ,18.52,73.86,semi_arid,NASA_POWER_daily_ag,5.772,11.441,1.0389,dewpoint,814.0,35.416
2022-03-19,27.62,37.83,20.79,40.12,0.0,2.11,23.51,93.62,12.0,9.76,PNQ,18.52,73.86,semi_arid,NASA_POWER_daily_ag,6.264,11.844,1.2084,dewpoint,816.2,35.534
2022-03-20,26.49,36.4,18.99,45.84,0.0,2.17,17.76,93.66,59.16,11.22,PNQ,18.52,73.86,semi_arid,NASA_POWER_daily_ag,5.401,9.874,1.332,dewpoint,811.8,35.651
2022-03-21,26.62,36.43,18.44,46.31,0.0,1.89,19.64,93.76,48.65,10.97,PNQ,18.52,73.86,semi_arid,NASA_POWER_daily_ag,5.404,10.654,1.3101,dewpoint,800.9,35.766
2022-03-22,27.92,37.72,19.26,33.38,0.0,2.05,17.73,93.74,56.49,8.0,PNQ,18.52,73.86,semi_arid,NASA_POWER_daily_ag,5.779,9.506,1.0728,dewpoint,803.1,35.88
2022-03-23,28.57,37.96,19.81,34.59,0.01,1.84,18.06,93.7,56.55,8.95,PNQ,18.52,73.86,semi_arid,NASA_POWER_daily_ag,5.629,9.737,1.1442,dewpoint,807.5,35.991
2022-03-24,27.61,37.11,19.84,40.61,0.04,2.16,15.79,93.71,76.81,10.39,PNQ,18.52,73.86,semi_arid,NASA_POWER_daily_ag,5.482,9.021,1.2604,dewpoint,806.4,36.101
2022-03-25,27.39,37.32,20.11,47.32,0.04,1.44,17.57,93.82,54.27,12.5,PNQ,18.52,73.86,semi_arid,NASA_POWER_daily_ag,4.769,9.984,1.4495,dewpoint,794.4,36.209
2022-03-26,27.54,37.94,20.35,48.13,0.0,1.84,19.26,94.0,38.82,13.01,PNQ,18.52,73.86,semi_arid,NASA_POWER_daily_ag,5.356,10.768,1.4988,dewpoint,774.8,36.315
2022-03-27,28.26,39.15,19.58,48.61,0.0,1.66,22.45,94.03,12.8,13.29,PNQ,18.52,73.86,semi_arid,NASA_POWER_daily_ag,5.693,12.198,1.5264,dewpoint,771.5,36.419
2022-03-28,28.79,39.32,19.81,48.76,0.0,2.08,23.16,93.97,7.75,13.36,PNQ,18.52,73.86,semi_arid,NASA_POWER_daily_ag,6.286,12.529,1.5334,dewpoint,778.0,36.521
2022-03-29,28.79,39.47,20.05,38.44,0.0,2.57,25.12,93.86,3.35,10.07,PNQ,18.52,73.86,semi_arid,NASA_POWER_daily_ag,7.211,12.758,1.2337,dewpoint,790.0,36.621
2022-03-30,28.98,38.98,21.59,30.23,0.0,2.49,26.55,93.84,0.56,7.51,PNQ,18.52,73.86,semi_arid,NASA_POWER_daily_ag,7.452,12.819,1.0375,dewpoint,792.2,36.719
2022-03-31,27.99,38.21,20.78,31.33,0.0,2.57,26.59,93.91,2.72,6.35,PNQ,18.52,73.86,semi_arid,NASA_POWER_daily_ag,7.405,12.725,0.958,dewpoint,784.6,36.815
2022-04-01,28.2,39.11,19.24,25.37,0.0,2.31,27.48,93.88,4.43,3.1,PNQ,18.52,73.86,semi_arid,NASA_POWER_daily_ag,7.354,12.52,0.7632,dewpoint,787.8,36.909
2022-04-02,28.99,39.59,21.28,28.08,0.0,1.85,25.84,93.94,16.76,5.01,PNQ,18.52,73.86,semi_arid,NASA_POWER_daily_ag,6.687,12.175,0.8729,dewpoint,781.3,37.001
2022-04-03,28.91,40.02,18.85,35.11,0.0,1.82,24.88,93.88,4.8,7.71,PNQ,18.52,73.86,semi_arid,NASA_POWER_daily_ag,6.51,12.386,1.0518,dewpoint,787.8,37.091
2022-04-04,29.5,39.94,20.72,33.39,0.0,1.77,21.65,93.91,28.11,8.43,PNQ,18.52,73.86,semi_arid,NASA_POWER_daily_ag,6.159,11.209,1.1046,dewpoint,784.6,37.178
2022-04-05,29.64,40.4,20.45,46.19,0.01,1.94,23.71,94.07,17.69,11.71,PNQ,18.52,73.86,semi_arid,NASA_POWER_daily_ag,6.501,12.566,1.376,dewpoint,767.1,37.264
2022-04-06,29.83,40.32,20.52,49.51,0.04,1.8,23.92,94.09,9.99,13.61,PNQ,18.52,73.86,semi_arid,NASA_POWER_daily_ag,6.332,13.019,1.5586,dewpoint,765.0,37.348
2022-04-07,30.43,40.42,21.83,36.11,0.0,2.03,24.31,93.97,9.79,10.37,PNQ,18.52,73.86,semi_arid,NASA_POWER_daily_ag,6.881,12.569,1.2587,dewpoint,778.0,37.429
2022-04-08,30.57,39.96,22.51,29.15,0.39,1.78,23.66,93.85,27.09,8.06,PNQ,18.52,73.86,semi_arid,NASA_POWER_daily_ag,6.587,11.943,1.0772,dewpoint,791.1,37.508
2022-04-09,29.09,37.51,22.58,45.47,0.28,2.41,22.43,93.84,33.34,13.48,PNQ,18.52,73.86,semi_arid,NASA_POWER_daily_ag,6.619,12.426,1.5455,dewpoint,792.2,37.586
2022-04-10,28.18,36.41,21.28,53.5,0.01,2.19,23.72,93.83,38.84,15.28,PNQ,18.52,73.86,semi_arid,NASA_POWER_daily_ag,6.246,13.424,1.7363,dewpoint,793.3,37.661
2022-04-11,29.54,38.91,21.52,39.75,0.01,2.14,22.01,93.75,49.86,12.12,PNQ,18.52,73.86,semi_arid,NASA_POWER_daily_ag,6.503,12.037,1.4137,dewpoint,802.0,37.734
2022-04-12,30.38,39.43,22.91,35.42,0.0,1.47,21.07,93.68,40.78,11.31,PNQ,18.52,73.86,semi_arid,NASA_POWER_daily_ag,5.784,11.473,1.34,dewpoint,809.6,37.805
2022-04-13,30.39,38.42,24.34,29.76,0.0,1.53,20.27,93.6,34.85,9.5,PNQ,18.52,73.86,semi_arid,NASA_POWER_daily_ag,5.819,10.907,1.1874,dewpoint,818.4,37.874
2022-04-14,28.89,36.06,23.71,35.85,0.0,2.13,22.45,93.65,42.51,10.52,PNQ,18.52,73.86,semi_arid,NASA_POWER_daily_ag,6.528,12.058,1.2714,dewpoint,812.9,37.941
2022-04-15,27.43,36.38,21.77,54.16,0.0,2.59,24.96,93.71,11.54,14.6,PNQ,18.52,73.86,semi_arid,NASA_POWER_daily_ag,6.585,13.932,1.6619,dewpoint,806.4,38.005
2022-04-16,28.28,38.33,19.85,48.85,0.0,2.42,26.25,93.63,1.9,12.23,PNQ,18.52,73.86,semi_arid,NASA_POWER_daily_ag,7.035,14.058,1.424,dewpoint,815.1,38.068
2022-04-17,28.63,39.28,19.55,50.19,0.02,2.17,26.86,93.67,3.38,12.09,PNQ,18.52,73.86,semi_arid,NASA_POWER_daily_ag,6.964,14.28,1.4109,dewpoint,810.7,38.128
2022-04-18,28.95,39.1,20.69,50.57,0.0,2.47,26.35,93.85,2.09,13.91,PNQ,18.52,73.86,semi_arid,NASA_POWER_daily_ag,7.12,14.398,1.5893,dewpoint,791.1,38.187
2022-04-19,27.54,35.52,20.7,52.42,0.0,2.82,24.92,94.05,20.58,14.76,PNQ,18.52,73.86,semi_arid,NASA_POWER_daily_ag,6.782,14.05,1.6792,dewpoint,769.3,38.244
2022-04-20,28.8,37.64,21.38,49.36,0.0,2.6,23.15,93.85,52.63,14.22,PNQ,18.52,73.86,semi_arid,NASA_POWER_daily_ag,6.78,13.043,1.6216,dewpoint,791.1,38.298
2022-04-21,31.03,38.81,24.01,30.29,0.0,2.2,18.76,93.67,50.8,10.2,PNQ,18.52,73.86,semi_arid,NASA_POWER_daily_ag,6.613,10.461,1.2445,dewpoint,810.7,38.351
2022-04-22,31.6,39.56,24.61,33.74,6.3,2.08,23.6,93.74,34.31,12.31,PNQ,18.52,73.86,semi_arid,NASA_POWER_daily_ag,7.043,12.771,1.4315,dewpoint,803.1,38.402
2022-04-23,29.28,35.77,23.57,55.03,1.61,1.6,22.27,93.88,31.81,17.97,PNQ,18.52,73.86,semi_arid,NASA_POWER_daily_ag,5.65,13.291,2.0601,dewpoint,787.8,38.45
2022-04-24,28.71,36.06,23.18,49.0,0.11,1.71,16.72,93.83,58.51,15.1,PNQ,18.52,73.86,semi_arid,NASA_POWER_daily_ag,5.066,10.186,1.7164,dewpoint,793.3,38.497
2022-04-25,30.09,38.91,21.52,45.56,0.0,1.95,24.45,93.73,12.36,13.75,PNQ,18.52,73.86,semi_arid,NASA_POWER_daily_ag,6.675,13.557,1.5729,dewpoint,804.2,38.542
2022-04-26,30.09,39.02,22.57,37.55,0.85,1.77,26.05,93.75,6.91,11.84,PNQ,18.52,73.86,semi_arid,NASA_POWER_daily_ag,6.758,13.879,1.3878,dewpoint,802.0,38.585
2022-04-27,31.73,40.72,23.57,29.37,0.0,2.3,25.61,93.7,8.43,9.52,PNQ,18.52,73.86,semi_arid,NASA_POWER_daily_ag,7.715,13.159,1.189,dewpoint,807.5,38.627
2022-04-28,32.36,41.0,24.5,29.64,0.0,2.54,24.74,93.76,21.67,10.57,PNQ,18.52,73.86,semi_arid,NASA_POWER_daily_ag,7.993,12.951,1.2757,dewpoint,800.9,38.666
2022-04-29,30.6,39.44,23.37,42.85,0.01,2.55,25.5,93.87,14.23,14.37,PNQ,18.52,73.86,semi_arid,NASA_POWER_daily_ag,7.467,14.105,1.6374,dewpoint,788.9,38.704
2022-04-30,29.94,39.25,22.67,40.44,0.0,2.99,27.08,93.72,7.92,11.99,PNQ,18.52,73.86,semi_arid,NASA_POWER_daily_ag,8.114,14.379,1.4016,dewpoint,805.3,38.74
2022-05-01,28.62,38.08,21.09,55.03,0.0,3.27,27.05,93.63,4.84,15.77,PNQ,18.52,73.86,semi_arid,NASA_POWER_daily_ag,7.551,15.278,1.7917,dewpoint,815.1,38.775
2022-05-02,27.8,36.22,21.29,58.85,0.0,2.77,27.42,93.63,10.55,16.56,PNQ,18.52,73.86,semi_arid,NASA_POWER_daily_ag,6.942,15.706,1.8844,dewpoint,815.1,38.808
2022-05-03,27.17,33.49,22.19,63.76,0.0,2.67,26.73,93.71,12.44,18.39,PNQ,18.52,73.86,semi_arid,NASA_POWER_daily_ag,6.38,15.836,2.1151,dewpoint,806.4,38.839
2022-05-04,28.99,38.48,21.91,54.02,0.0,2.54,26.67,93.77,9.79,15.8,PNQ,18.52,73.86,semi_arid,NASA_POWER_daily_ag,7.093,15.073,1.7952,dewpoint,799.8,38.869
2022-05-05,29.32,38.81,21.71,52.77,0.0,3.33,25.99,93.74,22.38,16.06,PNQ,18.52,73.86,semi_arid,NASA_POWER_daily_ag,7.644,14.8,1.8253,dewpoint,803.1,38.897
2022-05-06,29.42,39.3,21.39,53.92,0.0,3.06,25.75,93.67,12.59,16.37,PNQ,18.52,73.86,semi_arid,NASA_POWER_daily_ag,7.412,14.746,1.8617,dewpoint,810.7,38.924
2022-05-07,29.61,38.87,22.91,54.97,0.0,3.64,25.47,93.65,23.58,17.03,PNQ,18.52,73.86,semi_arid,NASA_POWER_daily_ag,7.729,14.721,1.9414,dewpoint,812.9,38.949
2022-05-08,30.68,40.74,22.5,50.11,0.0,3.1,22.91,93.49,30.4,15.63,PNQ,18.52,73.86,semi_arid,NASA_POWER_daily_ag,7.532,13.169,1.7758,dewpoint,830.4,38.973
2022-05-09,30.05,39.19,23.41,52.46,0.0,4.39,21.07,93.41,86.13,16.69,PNQ,18.52,73.86,semi_arid,NASA_POWER_daily_ag,7.899,12.484,1.9,dewpoint,839.1,38.995
2022-05-10,28.47,37.15,23.25,61.8,0.0,4.67,19.73,93.39,99.08,18.66,PNQ,18.52,73.86,semi_arid,NASA_POWER_daily_ag,6.784,12.162,2.1512,dewpoint,841.3,39.016
2022-05-11,29.2,38.77,23.32,63.19,0.0,4.05,19.08,93.38,91.59,19.66,PNQ,18.52,73.86,semi_arid,NASA_POWER_daily_ag,6.446,11.934,2.2895,dewpoint,842.4,39.036
2022-05-12,28.99,37.13,24.11,63.7,0.01,4.2,14.37,93.46,93.59,20.36,PNQ,18.52,73.86,semi_arid,NASA_POWER_daily_ag,5.633,9.524,2.3909,dewpoint,833.7,39.055
2022-05-13,28.57,35.53,23.75,61.62,0.0,4.42,19.74,93.45,66.65,19.25,PNQ,18.52,73.86,semi_arid,NASA_POWER_daily_ag,6.566,12.283,2.2319,dewpoint,834.8,39.072
2022-05-14,28.92,37.3,23.6,60.54,0.01,4.52,24.51,93.48,22.59,19.06,PNQ,18.52,73.86,semi_arid,NASA_POWER_daily_ag,7.407,14.71,2.2056,dewpoint,831.5,39.089
2022-05-15,28.81,37.1,23.37,60.77,0.0,4.28,24.65,93.58,29.45,19.18,PNQ,18.52,73.86,semi_arid,NASA_POWER_daily_ag,7.245,14.82,2.2222,dewpoint,820.6,39.104
2022-05-16,30.0,39.3,23.61,58.59,0.01,3.59,25.36,93.53,23.56,19.08,PNQ,18.52,73.86,semi_arid,NASA_POWER_daily_ag,7.468,15.099,2.2084,dewpoint,826.0,39.118
2022-05-17,29.28,37.22,23.82,60.73,0.02,3.14,22.29,93.43,88.91,19.64,PNQ,18.52,73.86,semi_arid,NASA_POWER_daily_ag,6.456,13.66,2.2867,dewpoint,837.0,39.131
2022-05-18,28.52,35.22,23.91,61.1,0.0,3.26,21.76,93.52,71.99,19.11,PNQ,18.52,73.86,semi_arid,NASA_POWER_daily_ag,6.296,13.335,2.2125,dewpoint,827.1,39.143
2022-05-19,28.48,35.86,24.12,59.91,2.31,2.7,17.93,93.57,88.81,18.37,PNQ,18.52,73.86,semi_arid,NASA_POWER_daily_ag,5.574,11.219,2.1125,dewpoint,821.7,39.154
2022-05-20,27.05,32.84,23.27,65.63,0.98,3.6,13.2,93.66,98.87,19.12,PNQ,18.52,73.86,semi_arid,NASA_POWER_daily_ag,4.809,8.866,2.2139,dewpoint,811.8,39.164
2022-05-21,26.81,33.7,22.67,68.54,0.07,4.88,22.97,93.61,40.91,19.8,PNQ,18.52,73.86,semi_arid,NASA_POWER_daily_ag,6.189,14.166,2.3095,dewpoint,817.3,39.173
2022-05-22,27.0,33.72,22.71,69.67,0.06,5.42,23.77,93.45,24.39,20.16,PNQ,18.52,73.86,semi_arid,NASA_POWER_daily_ag,6.397,14.668,2.3615,dewpoint,834.8,39.181
2022-05-23,27.53,33.87,23.32,71.1,0.95,5.05,24.0,93.41,23.0,21.08,PNQ,18.52,73.86,semi_arid,NASA_POWER_daily_ag,6.304,14.96,2.4993,dewpoint,839.1,39.189
2022-05-24,27.99,34.89,23.71,68.23,0.64,4.49,21.68,93.64,31.81,20.64,PNQ,18.52,73.86,semi_arid,NASA_POWER_daily_ag,6.209,13.57,2.4325,dewpoint,814.0,39.195
2022-05-25,27.94,35.71,22.83,63.19,0.11,3.78,24.24,93.82,20.76,18.91,PNQ,18.52,73.86,semi_arid,NASA_POWER_daily_ag,6.696,14.616,2.1851,dewpoint,794.4,39.201
2022-05-26,27.51,35.56,21.5,60.37,0.0,3.96,24.35,93.79,22.71,17.9,PNQ,18.52,73.86,semi_arid,NASA_POWER_daily_ag,6.846,14.517,2.051,dewpoint,797.6,39.207
2022-05-27,27.81,34.98,22.62,60.43,0.0,4.55,25.71,93.76,16.02,18.48,PNQ,18.52,73.86,semi_arid,NASA_POWER_daily_ag,7.247,15.326,2.1271,dewpoint,800.9,39.211
2022-05-28,27.96,35.06,22.68,60.28,0.0,4.45,24.85,93.68,20.47,18.72,PNQ,18.52,73.86,semi_arid,NASA_POWER_daily_ag,7.107,14.925,2.1593,dewpoint,809.6,39.215
2022-05-29,27.66,34.52,23.12,61.35,0.0,4.64,23.76,93.68,18.84,18.83,PNQ,18.52,73.86,semi_arid,NASA_POWER_daily_ag,6.883,14.38,2.1742,dewpoint,809.6,39.219
2022-05-30,27.96,35.85,22.36,62.37,0.0,4.41,23.26,93.63,32.14,18.97,PNQ,18.52,73.86,semi_arid,NASA_POWER_daily_ag,6.826,14.127,2.1933,dewpoint,815.1,39.221
2022-05-31,28.08,36.03,22.81,62.01,2.17,4.33,23.86,93.55,50.13,19.03,PNQ,18.52,73.86,semi_arid,NASA_POWER_daily_ag,6.903,14.439,2.2015,dewpoint,823.8,39.224
2022-06-01,27.86,35.04,22.41,63.34,2.79,3.31,14.99,93.54,97.52,19.32,PNQ,18.52,73.86,semi_arid,NASA_POWER_daily_ag,5.144,9.822,2.2416,dewpoint,824.9,39.225
2022-06-02,28.02,35.43,23.37,60.0,0.04,4.08,20.57,93.59,67.67,18.37,PNQ,18.52,73.86,semi_arid,NASA_POWER_daily_ag,6.514,12.613,2.1125,dewpoint,819.5,39.227
2022-06-03,28.32,36.24,23.17,60.4,0.02,4.25,24.57,93.57,25.6,18.55,PNQ,18.52,73.86,semi_arid,NASA_POWER_daily_ag,7.173,14.701,2.1365,dewpoint,821.7,39.227
2022-06-04,28.21,35.59,22.88,59.74,0.01,3.87,24.3,93.54,21.17,18.35,PNQ,18.52,73.86,semi_arid,NASA_POWER_daily_ag,6.972,14.549,2.1099,dewpoint,824.9,39.228
2022-06-05,28.48,37.14,23.11,60.68,2.12,3.55,23.64,93.51,37.83,18.8,PNQ,18.52,73.86,semi_arid,NASA_POWER_daily_ag,6.732,14.243,2.1701,dewpoint,828.2,39.228
2022-06-06,27.4,34.13,22.65,64.64,2.65,3.54,17.85,93.57,94.21,19.36,PNQ,18.52,73.86,semi_arid,NASA_POWER_daily_ag,5.462,11.357,2.2472,dewpoint,821.7,39.227
2022-06-07,27.58,33.69,23.35,64.67,0.1,3.81,16.34,93.61,90.34,19.64,PNQ,18.52,73.86,semi_arid,NASA_POWER_daily_ag,5.373,10.579,2.2867,dewpoint,817.3,39.227
2022-06-08,27.64,33.86,23.41,67.58,0.14,3.8,19.8,93.59,69.89,20.39,PNQ,18.52,73.86,semi_arid,NASA_POWER_daily_ag,5.659,12.537,2.3953,dewpoint,819.5,39.226
2022-06-09,27.68,33.88,23.52,68.82,1.32,3.14,17.98,93.5,90.41,20.59,PNQ,18.52,73.86,semi_arid,NASA_POWER_daily_ag,5.138,11.57,2.4251,dewpoint,829.3,39.224
2022-06-10,26.96,32.99,23.63,74.06,9.37,3.19,18.57,93.5,88.21,21.33,PNQ,18.52,73.86,semi_arid,NASA_POWER_daily_ag,4.814,12.004,2.5379,dewpoint,829.3,39.222
2022-06-11,25.08,29.5,22.58,82.24,13.7,3.79,16.76,93.57,96.96,21.64,PNQ,18.52,73.86,semi_arid,NASA_POWER_daily_ag,3.862,11.087,2.5865,dewpoint,821.7,39.22
2022-06-12,25.43,30.74,22.33,76.54,3.16,3.85,18.77,93.55,91.05,20.62,PNQ,18.52,73.86,semi_arid,NASA_POWER_daily_ag,4.585,12.076,2.4295,dewpoint,823.8,39.218
2022-06-13,26.18,32.24,21.61,72.12,0.92,3.39,22.54,93.67,64.33,20.08,PNQ,18.52,73.86,semi_arid,NASA_POWER_daily_ag,5.423,14.046,2.3499,dewpoint,810.7,39.216
2022-06-14,26.77,33.27,22.5,67.12,0.26,3.39,23.41,93.67,57.46,19.28,PNQ,18.52,73.86,semi_arid,NASA_POWER_daily_ag,5.929,14.326,2.2361,dewpoint,810.7,39.213
2022-06-15,26.38,31.9,22.74,74.37,1.78,4.06,23.71,93.59,58.35,20.98,PNQ,18.52,73.86,semi_arid,NASA_POWER_daily_ag,5.563,14.84,2.484,dewpoint,819.5,39.21
2022-06-16,25.98,31.13,23.17,77.15,5.65,3.73,20.07,93.56,84.52,21.26,PNQ,18.52,73.86,semi_arid,NASA_POWER_daily_ag,4.777,12.867,2.527,dewpoint,822.7,39.207
2022-06-17,25.73,30.67,22.75,77.13,3.68,3.31,17.27,93.5,94.19,21.05,PNQ,18.52,73.86,semi_arid,NASA_POWER_daily_ag,4.288,11.289,2.4947,dewpoint,829.3,39.204
2022-06-18,25.7,31.32,21.33,74.4,3.03,3.48,19.14,93.53,87.03,20.35,PNQ,18.52,73.86,semi_arid,NASA_POWER_daily_ag,4.746,12.248,2.3894,dewpoint,826.0,39.2
2022-06-19,25.64,30.06,22.98,81.28,16.32,4.53,16.28,93.53,95.01,21.89,PNQ,18.52,73.86,semi_arid,NASA_POWER_daily_ag,4.038,10.828,2.6263,dewpoint,826.0,39.196
2022-06-20,25.46,29.87,23.09,81.61,9.69,4.82,8.89,93.47,99.2,21.8,PNQ,18.52,73.86,semi_arid,NASA_POWER_daily_ag,3.089,6.623,2.6119,dewpoint,832.6,39.192
2022-06-21,25.11,28.9,23.08,83.45,6.85,4.71,11.63,93.31,99.27,21.89,PNQ,18.52,73.86,semi_arid,NASA_POWER_daily_ag,3.218,8.189,2.6263,dewpoint,850.1,39.188
2022-06-22,25.36,28.76,22.9,83.31,11.24,3.19,15.14,93.43,98.32,22.11,PNQ,18.52,73.86,semi_arid,NASA_POWER_daily_ag,3.557,10.213,2.6617,dewpoint,837.0,39.184
2022-06-23,25.06,30.37,21.58,78.95,13.46,1.75,16.16,93.53,93.91,20.78,PNQ,18.52,73.86,semi_arid,NASA_POWER_daily_ag,3.679,10.657,2.4536,dewpoint,826.0,39.18
2022-06-24,24.21,28.31,22.0,86.16,11.14,2.83,13.72,93.38,98.99,21.61,PNQ,18.52,73.86,semi_arid,NASA_POWER_daily_ag,3.059,9.373,2.5817,dewpoint,842.4,39.175
2022-06-25,24.15,26.53,22.0,91.41,9.82,4.01,15.44,93.1,90.41,22.65,PNQ,18.52,73.86,semi_arid,NASA_POWER_daily_ag,2.958,10.468,2.7505,dewpoint,873.1,39.171
2022-06-26,24.45,27.98,22.22,88.86,15.06,3.62,14.66,93.17,98.46,22.41,PNQ,18.52,73.86,semi_arid,NASA_POWER_daily_ag,3.07,9.977,2.7107,dewpoint,865.4,39.166
2022-06-27,24.39,27.62,22.19,86.25,13.7,4.26,9.7,93.4,98.67,21.81,PNQ,18.52,73.86,semi_arid,NASA_POWER_daily_ag,2.634,7.09,2.6135,dewpoint,840.2,39.161
2022-06-28,24.92,28.4,22.6,84.11,9.09,4.08,12.34,93.47,98.81,21.85,PNQ,18.52,73.86,semi_arid,NASA_POWER_daily_ag,3.173,8.595,2.6199,dewpoint,832.6,39.155
2022-06-29,24.9,28.75,22.78,86.89,20.41,4.51,16.69,93.33,98.42,22.43,PNQ,18.52,73.86,semi_arid,NASA_POWER_daily_ag,3.539,11.136,2.714,dewpoint,847.9,39.15
2022-06-30,24.04,26.23,22.5,87.92,28.71,4.29,11.77,93.37,99.52,21.83,PNQ,18.52,73.86,semi_arid,NASA_POWER_daily_ag,2.735,8.281,2.6167,dewpoint,843.5,39.144
2022-07-01,24.23,27.38,22.36,88.76,33.1,4.17,9.23,93.41,99.73,22.17,PNQ,18.52,73.86,semi_arid,NASA_POWER_daily_ag,2.361,6.827,2.6715,dewpoint,839.1,39.138
2022-07-02,24.56,27.78,22.68,86.91,17.97,4.99,14.74,93.26,93.09,22.11,PNQ,18.52,73.86,semi_arid,NASA_POWER_daily_ag,3.267,9.992,2.6617,dewpoint,855.6,39.132
2022-07-03,24.7,28.43,22.84,86.08,13.19,5.25,15.99,93.23,91.12,22.06,PNQ,18.52,73.86,semi_arid,NASA_POWER_daily_ag,3.519,10.697,2.6536,dewpoint,858.9,39.126
2022-07-04,24.02,25.62,23.14,91.92,41.88,5.41,10.89,93.2,99.49,22.61,PNQ,18.52,73.86,semi_arid,NASA_POWER_daily_ag,2.304,7.804,2.7438,dewpoint,862.1,39.119
2022-07-05,23.62,25.53,22.45,92.13,61.67,5.52,6.48,93.12,99.87,22.26,PNQ,18.52,73.86,semi_arid,NASA_POWER_daily_ag,1.736,5.237,2.6861,dewpoint,870.9,39.112
2022-07-06,24.1,27.03,22.37,90.07,55.4,5.38,7.97,93.21,99.6,22.32,PNQ,18.52,73.86,semi_arid,NASA_POWER_daily_ag,2.13,6.1,2.6959,dewpoint,861.0,39.105
2022-07-07,23.48,25.41,22.22,91.74,36.87,5.38,6.46,93.49,99.53,22.04,PNQ,18.52,73.86,semi_arid,NASA_POWER_daily_ag,1.762,5.227,2.6504,dewpoint,830.4,39.097
2022-07-08,23.31,24.81,22.32,93.76,48.67,5.99,7.36,93.45,99.74,22.26,PNQ,18.52,73.86,semi_arid,NASA_POWER_daily_ag,1.672,5.745,2.6861,dewpoint,834.8,39.089
2022-07-09,23.49,25.49,22.47,92.05,33.7,6.18,4.61,93.31,99.69,22.11,PNQ,18.52,73.86,semi_arid,NASA_POWER_daily_ag,1.543,4.157,2.6617,dewpoint,850.1,39.081
2022-07-10,22.95,23.82,22.42,94.61,41.09,5.88,9.13,93.36,99.99,22.06,PNQ,18.52,73.86,semi_arid,NASA_POWER_daily_ag,1.776,6.771,2.6536,dewpoint,844.6,39.073
2022-07-11,22.96,24.1,21.95,94.98,63.9,6.3,5.65,93.47,99.58,22.14,PNQ,18.52,73.86,semi_arid,NASA_POWER_daily_ag,1.345,4.751,2.6666,dewpoint,832.6,39.064
2022-07-12,22.57,23.74,21.96,94.79,60.15,6.48,6.35,93.45,99.78,21.71,PNQ,18.52,73.86,semi_arid,NASA_POWER_daily_ag,1.427,5.164,2.5976,dewpoint,834.8,39.054
2022-07-13,22.56,23.85,21.7,95.44,78.23,7.11,3.65,93.17,99.58,21.82,PNQ,18.52,73.86,semi_arid,NASA_POWER_daily_ag,1.074,3.603,2.6151,dewpoint,865.4,39.044
2022-07-14,22.51,23.27,21.99,95.35,81.98,6.26,6.24,92.97,99.84,21.75,PNQ,18.52,73.86,semi_arid,NASA_POWER_daily_ag,1.365,5.1,2.6039,dewpoint,887.4,39.034
2022-07-15,22.85,24.1,21.77,93.61,31.37,6.36,7.71,93.07,99.24,21.77,PNQ,18.52,73.86,semi_arid,NASA_POWER_daily_ag,1.705,5.947,2.6071,dewpoint,876.4,39.023
2022-07-16,23.56,26.16,21.78,92.63,27.59,6.21,10.87,93.21,96.85,22.29,PNQ,18.52,73.86,semi_arid,NASA_POWER_daily_ag,2.192,7.778,2.691,dewpoint,861.0,39.012
2022-07-17,23.9,26.82,22.09,91.97,14.72,5.07,13.87,93.42,91.29,22.49,PNQ,18.52,73.86,semi_arid,NASA_POWER_daily_ag,2.658,9.522,2.7239,dewpoint,838.1,39.0
2022-07-18,22.69,24.26,21.68,94.22,14.52,4.37,7.07,93.5,99.88,21.72,PNQ,18.52,73.86,semi_arid,NASA_POWER_daily_ag,1.588,5.576,2.5991,dewpoint,829.3,38.987
2022-07-19,23.5,26.48,21.65,91.77,14.54,4.82,13.03,93.53,93.76,22.06,PNQ,18.52,73.86,semi_arid,NASA_POWER_daily_ag,2.544,9.01,2.6536,dewpoint,826.0,38.974
2022-07-20,23.43,26.7,21.49,91.13,9.52,4.56,11.15,93.62,80.21,21.86,PNQ,18.52,73.86,semi_arid,NASA_POWER_daily_ag,2.367,7.916,2.6215,dewpoint,816.2,38.96
2022-07-21,23.24,26.19,21.43,91.88,8.5,3.98,12.48,93.62,99.63,21.82,PNQ,18.52,73.86,semi_arid,NASA_POWER_daily_ag,2.469,8.68,2.6151,dewpoint,816.2,38.946
2022-07-22,23.04,25.57,21.46,92.02,6.07,3.63,14.29,93.67,98.85,21.65,PNQ,18.52,73.86,semi_arid,NASA_POWER_daily_ag,2.687,9.709,2.5881,dewpoint,810.7,38.93
2022-07-23,23.29,25.95,21.59,92.97,17.64,4.58,10.88,93.5,99.17,22.08,PNQ,18.52,73.86,semi_arid,NASA_POWER_daily_ag,2.178,7.771,2.6569,dewpoint,829.3,38.914
2022-07-24,23.33,25.61,21.87,91.95,16.73,4.79,9.84,93.46,99.64,21.93,PNQ,18.52,73.86,semi_arid,NASA_POWER_daily_ag,2.131,7.166,2.6327,dewpoint,833.7,38.897
2022-07-25,23.08,26.26,21.31,91.24,11.58,4.06,12.76,93.62,99.55,21.53,PNQ,18.52,73.86,semi_arid,NASA_POWER_daily_ag,2.538,8.819,2.5691,dewpoint,816.2,38.88
2022-07-26,23.33,26.94,20.96,90.46,4.9,3.05,10.64,93.76,99.63,21.61,PNQ,18.52,73.86,semi_arid,NASA_POWER_daily_ag,2.337,7.61,2.5817,dewpoint,800.9,38.861
2022-07-27,23.92,27.84,21.02,88.82,12.17,1.83,14.91,93.73,98.27,21.85,PNQ,18.52,73.86,semi_arid,NASA_POWER_daily_ag,3.051,10.056,2.6199,dewpoint,804.2,38.842
2022-07-28,23.89,27.0,21.47,89.59,19.51,1.63,18.92,93.8,89.22,22.0,PNQ,18.52,73.86,semi_arid,NASA_POWER_daily_ag,3.628,12.374,2.6439,dewpoint,796.6,38.821
2022-07-29,24.4,27.78,22.11,90.32,4.42,1.3,16.24,93.78,97.82,22.62,PNQ,18.52,73.86,semi_arid,NASA_POWER_daily_ag,3.256,10.882,2.7455,dewpoint,798.7,38.8
2022-07-30,24.08,27.02,22.01,91.48,3.3,2.1,17.8,93.69,91.93,22.56,PNQ,18.52,73.86,semi_arid,NASA_POWER_daily_ag,3.381,11.79,2.7355,dewpoint,808.6,38.777
2022-07-31,23.94,27.26,21.49,90.45,2.73,2.44,19.59,93.53,78.11,22.21,PNQ,18.52,73.86,semi_arid,NASA_POWER_daily_ag,3.649,12.781,2.678,dewpoint,826.0,38.754
2022-08-01,23.95,27.53,21.19,89.45,0.98,2.91,17.53,93.53,94.54,22.02,PNQ,18.52,73.86,semi_arid,NASA_POWER_daily_ag,3.383,11.569,2.6472,dewpoint,826.0,38.729
2022-08-02,23.67,27.05,21.47,91.08,3.5,2.65,15.42,93.45,98.95,22.07,PNQ,18.52,73.86,semi_arid,NASA_POWER_daily_ag,2.989,10.364,2.6552,dewpoint,834.8,38.704
2022-08-03,23.78,26.9,21.64,92.64,13.01,2.6,16.52,93.39,99.7,22.48,PNQ,18.52,73.86,semi_arid,NASA_POWER_daily_ag,3.082,11.038,2.7223,dewpoint,841.3,38.677
2022-08-04,23.85,26.79,21.79,91.75,14.99,2.41,15.53,93.29,99.29,22.38,PNQ,18.52,73.86,semi_arid,NASA_POWER_daily_ag,3.0,10.453,2.7058,dewpoint,852.3,38.649
2022-08-05,23.88,27.37,21.69,91.69,13.22,3.01,12.7,93.21,99.37,22.4,PNQ,18.52,73.86,semi_arid,NASA_POWER_daily_ag,2.582,8.814,2.7091,dewpoint,861.0,38.619
2022-08-06,23.43,26.48,21.74,90.57,19.67,4.06,12.72,93.13,92.48,21.75,PNQ,18.52,73.86,semi_arid,NASA_POWER_daily_ag,2.605,8.79,2.6039,dewpoint,869.8,38.589
2022-08-07,23.31,25.28,21.79,95.03,36.61,4.52,10.92,93.02,99.05,22.48,PNQ,18.52,73.86,semi_arid,NASA_POWER_daily_ag,2.028,7.795,2.7223,dewpoint,881.9,38.557
2022-08-08,23.12,24.29,22.09,96.02,51.92,5.51,8.4,92.92,99.76,22.47,PNQ,18.52,73.86,semi_arid,NASA_POWER_daily_ag,1.592,6.33,2.7206,dewpoint,892.9,38.523
2022-08-09,22.87,24.83,21.45,94.63,55.66,6.6,7.46,92.88,99.42,21.97,PNQ,18.52,73.86,semi_arid,NASA_POWER_daily_ag,1.577,5.784,2.6391,dewpoint,897.3,38.489
2022-08-10,22.99,25.05,21.84,94.3,37.21,7.36,7.62,92.85,99.78,22.04,PNQ,18.52,73.86,semi_arid,NASA_POWER_daily_ag,1.617,5.874,2.6504,dewpoint,900.6,38.452
2022-08-11,22.9,24.71,21.93,94.26,34.88,7.55,11.24,93.03,98.97,21.94,PNQ,18.52,73.86,semi_arid,NASA_POWER_daily_ag,1.984,7.952,2.6343,dewpoint,880.8,38.415
2022-08-12,23.03,25.07,21.72,92.71,21.6,7.11,9.8,93.31,92.33,21.78,PNQ,18.52,73.86,semi_arid,NASA_POWER_daily_ag,2.015,7.116,2.6087,dewpoint,850.1,38.376
2022-08-13,23.03,25.28,21.57,92.51,18.25,5.79,12.7,93.47,94.06,21.74,PNQ,18.52,73.86,semi_arid,NASA_POWER_daily_ag,2.371,8.768,2.6023,dewpoint,832.6,38.335
2022-08-14,22.72,25.67,21.02,92.13,12.84,5.59,11.18,93.59,98.83,21.36,PNQ,18.52,73.86,semi_arid,NASA_POWER_daily_ag,2.216,7.881,2.5425,dewpoint,819.5,38.293
2022-08-15,21.87,23.3,20.66,95.25,26.02,4.88,8.89,93.61,99.83,21.1,PNQ,18.52,73.86,semi_arid,NASA_POWER_daily_ag,1.664,6.583,2.5023,dewpoint,817.3,38.249
2022-08-16,22.12,23.56,20.99,94.39,22.92,5.53,6.74,93.61,99.5,21.19,PNQ,18.52,73.86,semi_arid,NASA_POWER_daily_ag,1.492,5.363,2.5162,dewpoint,817.3,38.204
2022-08-17,22.86,25.14,21.4,92.92,16.4,5.29,12.12,93.71,96.33,21.65,PNQ,18.52,73.86,semi_arid,NASA_POWER_daily_ag,2.267,8.421,2.5881,dewpoint,806.4,38.157
2022-08-18,22.87,25.77,21.05,92.44,10.63,4.35,12.03,93.67,88.89,21.57,PNQ,18.52,73.86,semi_arid,NASA_POWER_daily_ag,2.322,8.361,2.5754,dewpoint,810.7,38.108
2022-08-19,23.17,26.45,20.99,92.09,10.11,4.28,11.18,93.66,96.68,21.79,PNQ,18.52,73.86,semi_arid,NASA_POWER_daily_ag,2.27,7.882,2.6103,dewpoint,811.8,38.057
2022-08-20,23.19,26.41,21.43,91.83,9.55,4.42,10.66,93.67,95.41,21.75,PNQ,18.52,73.86,semi_arid,NASA_POWER_daily_ag,2.228,7.58,2.6039,dewpoint,810.7,38.005
2022-08-21,22.74,25.51,21.24,92.69,7.61,4.42,11.34,93.58,99.16,21.48,PNQ,18.52,73.86,semi_arid,NASA_POWER_daily_ag,2.211,7.956,2.5613,dewpoint,820.6,37.951
2022-08-22,23.01,25.68,21.35,92.36,13.38,5.12,11.75,93.46,99.7,21.68,PNQ,18.52,73.86,semi_arid,NASA_POWER_daily_ag,2.291,8.194,2.5928,dewpoint,833.7,37.896
2022-08-23,23.56,26.66,21.72,91.77,14.47,4.87,11.55,93.46,97.41,22.11,PNQ,18.52,73.86,semi_arid,NASA_POWER_daily_ag,2.359,8.091,2.6617,dewpoint,833.7,37.838
2022-08-24,23.31,26.38,21.16,90.85,9.03,3.95,10.76,93.7,85.69,21.67,PNQ,18.52,73.86,semi_arid,NASA_POWER_daily_ag,2.322,7.621,2.5912,dewpoint,807.5,37.779
2022-08-25,23.1,26.77,20.95,91.21,4.66,2.97,14.63,93.68,81.05,21.52,PNQ,18.52,73.86,semi_arid,NASA_POWER_daily_ag,2.797,9.792,2.5676,dewpoint,809.6,37.717
2022-08-26,23.02,26.68,20.03,90.24,1.34,2.19,17.48,93.67,61.39,21.25,PNQ,18.52,73.86,semi_arid,NASA_POWER_daily_ag,3.259,11.374,2.5255,dewpoint,810.7,37.654
2022-08-27,22.82,26.23,20.12,89.45,0.24,2.18,19.58,93.69,57.64,20.9,PNQ,18.52,73.86,semi_arid,NASA_POWER_daily_ag,3.56,12.501,2.4718,dewpoint,808.6,37.589
2022-08-28,22.91,26.66,20.03,89.33,0.4,2.12,17.81,93.67,82.09,20.96,PNQ,18.52,73.86,semi_arid,NASA_POWER_daily_ag,3.33,11.51,2.4809,dewpoint,810.7,37.522
2022-08-29,23.44,27.52,20.34,86.7,0.34,1.76,17.91,93.77,96.43,20.9,PNQ,18.52,73.86,semi_arid,NASA_POWER_daily_ag,3.494,11.532,2.4718,dewpoint,799.8,37.454
2022-08-30,24.16,28.92,20.55,88.22,5.07,1.53,14.34,93.76,96.47,21.94,PNQ,18.52,73.86,semi_arid,NASA_POWER_daily_ag,2.971,9.62,2.6343,dewpoint,800.9,37.383
2022-08-31,24.85,28.75,22.04,90.63,15.17,1.81,18.18,93.61,87.45,23.13,PNQ,18.52,73.86,semi_arid,NASA_POWER_daily_ag,3.531,11.929,2.8316,dewpoint,817.3,37.31
2022-09-01,24.35,27.03,22.56,92.36,6.36,1.61,20.14,93.61,84.94,22.99,PNQ,18.52,73.86,semi_arid,NASA_POWER_daily_ag,3.745,13.051,2.8077,dewpoint,817.3,37.236
2022-09-02,25.06,29.03,21.25,86.22,2.08,0.89,19.34,93.71,63.21,22.47,PNQ,18.52,73.86,semi_arid,NASA_POWER_daily_ag,3.85,12.488,2.7206,dewpoint,806.4,37.159
2022-09-03,25.12,29.62,21.06,87.24,5.38,1.73,19.25,93.71,46.96,22.69,PNQ,18.52,73.86,semi_arid,NASA_POWER_daily_ag,3.829,12.456,2.7572,dewpoint,806.4,37.081
2022-09-04,24.13,27.25,21.74,91.02,5.58,1.86,13.14,93.72,97.82,22.52,PNQ,18.52,73.86,semi_arid,NASA_POWER_daily_ag,2.684,8.963,2.7289,dewpoint,805.3,37.0
2022-09-05,23.93,26.87,21.87,91.41,5.57,1.97,17.25,93.73,91.54,22.39,PNQ,18.52,73.86,semi_arid,NASA_POWER_daily_ag,3.256,11.287,2.7074,dewpoint,804.2,36.918
2022-09-06,23.98,27.61,21.24,88.84,10.69,1.41,18.09,93.69,81.3,21.9,PNQ,18.52,73.86,semi_arid,NASA_POWER_daily_ag,3.493,11.688,2.6279,dewpoint,808.6,36.834
2022-09-07,24.16,28.08,21.39,90.37,13.17,1.26,16.56,93.62,91.44,22.39,PNQ,18.52,73.86,semi_arid,NASA_POWER_daily_ag,3.241,10.871,2.7074,dewpoint,816.2,36.747
2022-09-08,24.34,27.37,22.14,88.74,47.46,1.04,14.74,93.54,98.3,22.27,PNQ,18.52,73.86,semi_arid,NASA_POWER_daily_ag,3.004,9.821,2.6878,dewpoint,824.9,36.659
2022-09-09,24.32,27.57,21.99,90.0,9.34,1.67,16.04,93.46,94.96,22.53,PNQ,18.52,73.86,semi_arid,NASA_POWER_daily_ag,3.161,10.577,2.7306,dewpoint,833.7,36.569
2022-09-10,24.36,27.98,21.68,89.5,7.54,0.6,15.05,93.4,97.37,22.44,PNQ,18.52,73.86,semi_arid,NASA_POWER_daily_ag,3.039,9.997,2.7157,dewpoint,840.2,36.477
2022-09-11,24.26,27.92,22.13,91.92,23.9,2.02,14.66,93.2,97.33,22.81,PNQ,18.52,73.86,semi_arid,NASA_POWER_daily_ag,2.874,9.803,2.7773,dewpoint,862.1,36.383
2022-09-12,22.99,25.03,21.92,95.46,27.18,3.37,12.22,93.14,99.69,22.24,PNQ,18.52,73.86,semi_arid,NASA_POWER_daily_ag,2.182,8.391,2.6829,dewpoint,868.7,36.287
2022-09-13,23.45,26.15,22.08,93.25,23.45,4.63,6.05,93.38,99.75,22.28,PNQ,18.52,73.86,semi_arid,NASA_POWER_daily_ag,1.557,4.894,2.6894,dewpoint,842.4,36.19
2022-09-14,23.22,25.89,21.8,92.98,19.98,4.65,10.71,93.65,93.95,22.01,PNQ,18.52,73.86,semi_arid,NASA_POWER_daily_ag,2.116,7.506,2.6455,dewpoint,812.9,36.09
2022-09-15,23.52,26.07,22.03,93.5,32.29,5.49,12.1,93.73,99.12,22.41,PNQ,18.52,73.86,semi_arid,NASA_POWER_daily_ag,2.228,8.301,2.7107,dewpoint,804.2,35.989
2022-09-16,23.05,24.38,22.07,95.59,39.53,4.69,3.2,93.62,99.66,22.32,PNQ,18.52,73.86,semi_arid,NASA_POWER_daily_ag,1.011,3.268,2.6959,dewpoint,816.2,35.886
2022-09-17,23.36,26.56,21.49,92.53,21.65,3.55,13.23,93.66,84.94,22.06,PNQ,18.52,73.86,semi_arid,NASA_POWER_daily_ag,2.494,8.896,2.6536,dewpoint,811.8,35.781
2022-09-18,22.68,26.2,20.11,91.79,18.1,2.71,9.08,93.82,94.11,21.24,PNQ,18.52,73.86,semi_arid,NASA_POWER_daily_ag,1.972,6.553,2.5239,dewpoint,794.4,35.674
2022-09-19,21.86,25.4,19.35,91.04,7.98,2.61,9.1,93.87,87.87,20.27,PNQ,18.52,73.86,semi_arid,NASA_POWER_daily_ag,1.972,6.537,2.3776,dewpoint,788.9,35.566
2022-09-20,21.58,24.63,19.44,92.8,6.85,2.48,7.12,93.82,97.97,20.34,PNQ,18.52,73.86,semi_arid,NASA_POWER_daily_ag,1.617,5.464,2.388,dewpoint,794.4,35.456
2022-09-21,21.45,24.01,19.82,93.48,2.54,2.45,8.79,93.8,95.19,20.34,PNQ,18.52,73.86,semi_arid,NASA_POWER_daily_ag,1.791,6.362,2.388,dewpoint,796.6,35.344
2022-09-22,21.18,24.02,19.28,92.71,2.35,2.33,11.21,93.85,94.79,19.93,PNQ,18.52,73.86,semi_arid,NASA_POWER_daily_ag,2.12,7.644,2.3282,dewpoint,791.1,35.23
2022-09-23,21.65,24.38,19.09,92.98,5.64,2.6,13.45,93.86,92.8,20.43,PNQ,18.52,73.86,semi_arid,NASA_POWER_daily_ag,2.412,8.872,2.4013,dewpoint,790.0,35.116
2022-09-24,22.25,25.95,19.46,91.28,3.51,2.47,16.86,93.8,77.64,20.69,PNQ,18.52,73.86,semi_arid,NASA_POWER_daily_ag,2.978,10.706,2.44,dewpoint,796.6,34.999
2022-09-25,22.75,27.09,19.64,90.65,4.31,2.03,16.05,93.76,56.35,21.04,PNQ,18.52,73.86,semi_arid,NASA_POWER_daily_ag,2.962,10.278,2.4931,dewpoint,800.9,34.881
2022-09-26,22.02,24.81,19.54,92.15,3.64,1.84,14.96,93.92,77.4,20.65,PNQ,18.52,73.86,semi_arid,NASA_POWER_daily_ag,2.704,9.664,2.434,dewpoint,783.5,34.762
2022-09-27,22.81,27.52,20.12,90.26,1.35,1.64,14.25,93.79,74.12,21.03,PNQ,18.52,73.86,semi_arid,NASA_POWER_daily_ag,2.732,9.269,2.4916,dewpoint,797.6,34.641
2022-09-28,22.65,26.23,20.12,92.09,1.49,2.09,11.08,93.7,86.91,21.24,PNQ,18.52,73.86,semi_arid,NASA_POWER_daily_ag,2.214,7.573,2.5239,dewpoint,807.5,34.519
2022-09-29,22.93,26.6,20.78,91.9,9.11,2.0,13.22,93.69,93.91,21.5,PNQ,18.52,73.86,semi_arid,NASA_POWER_daily_ag,2.525,8.736,2.5644,dewpoint,808.6,34.395
2022-09-30,23.95,28.06,20.37,89.48,15.29,1.59,18.45,93.75,67.22,21.99,PNQ,18.52,73.86,semi_arid,NASA_POWER_daily_ag,3.448,11.623,2.6423,dewpoint,802.0,34.27
2022-10-01,23.7,27.23,21.33,91.2,9.24,2.01,15.51,93.8,80.08,22.11,PNQ,18.52,73.86,semi_arid,NASA_POWER_daily_ag,2.924,10.012,2.6617,dewpoint,796.6,34.145
2022-10-02,22.91,26.65,20.17,90.24,5.55,1.88,19.23,93.82,40.64,21.12,PNQ,18.52,73.86,semi_arid,NASA_POWER_daily_ag,3.406,11.902,2.5054,dewpoint,794.4,34.017
2022-10-03,22.67,26.87,19.73,89.59,0.57,1.9,20.57,93.85,61.93,20.74,PNQ,18.52,73.86,semi_arid,NASA_POWER_daily_ag,3.577,12.537,2.4476,dewpoint,791.1,33.889
2022-10-04,23.29,28.04,19.32,88.07,1.83,1.8,19.05,93.84,73.76,21.06,PNQ,18.52,73.86,semi_arid,NASA_POWER_daily_ag,3.481,11.749,2.4962,dewpoint,792.2,33.76
2022-10-05,23.25,26.79,20.77,89.67,1.75,2.17,14.37,93.72,90.69,21.36,PNQ,18.52,73.86,semi_arid,NASA_POWER_daily_ag,2.775,9.27,2.5425,dewpoint,805.3,33.63
2022-10-06,21.82,24.32,19.04,90.21,9.27,2.02,10.52,93.61,97.6,20.1,PNQ,18.52,73.86,semi_arid,NASA_POWER_daily_ag,2.142,7.157,2.3528,dewpoint,817.3,33.499
2022-10-07,22.63,25.3,21.18,94.12,30.66,3.68,9.45,93.47,99.46,21.63,PNQ,18.52,73.86,semi_arid,NASA_POWER_daily_ag,1.839,6.63,2.5849,dewpoint,832.6,33.367
2022-10-08,22.68,25.93,20.72,92.5,8.37,3.34,9.5,93.72,99.27,21.36,PNQ,18.52,73.86,semi_arid,NASA_POWER_daily_ag,1.956,6.635,2.5425,dewpoint,805.3,33.235
2022-10-09,23.3,28.05,19.34,86.81,0.21,1.3,21.12,93.88,26.99,20.78,PNQ,18.52,73.86,semi_arid,NASA_POWER_daily_ag,3.787,12.697,2.4536,dewpoint,787.8,33.101
2022-10-10,24.02,28.33,20.69,89.62,3.17,1.47,14.07,93.91,94.14,22.09,PNQ,18.52,73.86,semi_arid,NASA_POWER_daily_ag,2.774,9.101,2.6585,dewpoint,784.6,32.967
2022-10-11,24.05,27.45,21.52,90.91,12.95,1.48,11.7,93.81,95.92,22.39,PNQ,18.52,73.86,semi_arid,NASA_POWER_daily_ag,2.392,7.835,2.7074,dewpoint,795.5,32.833
2022-10-12,23.32,25.38,21.96,95.15,13.42,1.11,11.62,93.87,94.78,22.5,PNQ,18.52,73.86,semi_arid,NASA_POWER_daily_ag,2.238,7.801,2.7256,dewpoint,788.9,32.698
2022-10-13,22.88,26.21,20.2,90.07,7.38,2.25,10.18,93.92,98.62,21.12,PNQ,18.52,73.86,semi_arid,NASA_POWER_daily_ag,2.147,6.937,2.5054,dewpoint,783.5,32.562
2022-10-14,23.11,26.75,20.51,91.15,34.28,2.13,13.88,93.88,94.36,21.54,PNQ,18.52,73.86,semi_arid,NASA_POWER_daily_ag,2.604,8.908,2.5707,dewpoint,787.8,32.427
2022-10-15,23.0,27.28,19.9,87.66,4.76,2.69,16.87,93.82,41.73,20.73,PNQ,18.52,73.86,semi_arid,NASA_POWER_daily_ag,3.123,10.36,2.4461,dewpoint,794.4,32.291
2022-10-16,22.58,28.0,17.1,85.38,0.91,2.67,17.26,93.93,69.81,19.91,PNQ,18.52,73.86,semi_arid,NASA_POWER_daily_ag,3.22,10.455,2.3253,dewpoint,782.4,32.154
2022-10-17,24.35,27.68,21.49,89.94,24.58,1.71,13.88,94.03,90.36,22.54,PNQ,18.52,73.86,semi_arid,NASA_POWER_daily_ag,2.731,8.952,2.7322,dewpoint,771.5,32.018
2022-10-18,22.97,25.09,20.82,94.15,24.22,1.19,12.73,93.99,97.51,21.98,PNQ,18.52,73.86,semi_arid,NASA_POWER_daily_ag,2.375,8.3,2.6407,dewpoint,775.8,31.882
2022-10-19,23.62,28.03,20.02,88.64,4.18,0.93,17.16,93.97,70.27,21.49,PNQ,18.52,73.86,semi_arid,NASA_POWER_daily_ag,3.169,10.537,2.5629,dewpoint,778.0,31.745
2022-10-20,23.51,27.76,20.69,88.15,4.27,1.49,16.67,94.0,60.23,21.31,PNQ,18.52,73.86,semi_arid,NASA_POWER_daily_ag,3.092,10.229,2.5348,dewpoint,774.8,31.609
2022-10-21,23.41,26.57,21.29,91.54,12.67,1.65,15.27,94.11,66.44,21.92,PNQ,18.52,73.86,semi_arid,NASA_POWER_daily_ag,2.788,9.575,2.6311,dewpoint,762.8,31.473
2022-10-22,21.71,25.16,17.56,85.48,0.11,2.62,15.07,94.28,53.27,19.03,PNQ,18.52,73.86,semi_arid,NASA_POWER_daily_ag,2.858,9.168,2.2015,dewpoint,744.3,31.337
2022-10-23,19.49,25.09,15.32,78.91,0.0,2.65,21.8,94.27,1.22,15.48,PNQ,18.52,73.86,semi_arid,NASA_POWER_daily_ag,3.61,11.828,1.7588,dewpoint,745.4,31.202
2022-10-24,20.11,25.83,14.48,72.74,0.0,1.54,21.51,94.07,0.71,14.82,PNQ,18.52,73.86,semi_arid,NASA_POWER_daily_ag,3.668,11.548,1.6857,dewpoint,767.1,31.067
2022-10-25,20.36,26.29,15.19,69.13,0.0,1.2,21.64,94.08,2.55,14.28,PNQ,18.52,73.86,semi_arid,NASA_POWER_daily_ag,3.667,11.433,1.6279,dewpoint,766.1,30.932
2022-10-26,19.61,26.09,13.76,76.26,0.0,1.65,21.29,94.22,2.3,15.01,PNQ,18.52,73.86,semi_arid,NASA_POWER_daily_ag,3.525,11.436,1.7064,dewpoint,750.8,30.798
2022-10-27,19.58,25.76,14.34,77.22,0.0,1.93,20.76,94.2,1.87,15.14,PNQ,18.52,73.86,semi_arid,NASA_POWER_daily_ag,3.479,11.189,1.7208,dewpoint,753.0,30.665
2022-10-28,18.97,25.12,14.55,76.26,0.0,2.14,20.96,94.15,1.58,14.3,PNQ,18.52,73.86,semi_arid,NASA_POWER_daily_ag,3.482,11.112,1.63,dewpoint,758.4,30.532
2022-10-29,18.69,25.47,13.09,75.13,0.0,2.5,21.43,94.15,1.16,13.85,PNQ,18.52,73.86,semi_arid,NASA_POWER_daily_ag,3.568,11.236,1.5831,dewpoint,758.4,30.401
2022-10-30,19.35,26.05,14.05,79.4,0.0,2.46,21.21,94.16,0.45,15.41,PNQ,18.52,73.86,semi_arid,NASA_POWER_daily_ag,3.461,11.349,1.7509,dewpoint,757.4,30.27
2022-10-31,19.68,25.97,14.51,81.59,0.0,2.23,19.86,94.12,0.62,16.15,PNQ,18.52,73.86,semi_arid,NASA_POWER_daily_ag,3.272,10.845,1.8358,dewpoint,761.7,30.14
2022-11-01,19.29,25.34,14.61,80.96,0.0,2.13,19.42,94.19,2.29,15.62,PNQ,18.52,73.86,semi_arid,NASA_POWER_daily_ag,3.192,10.545,1.7746,dewpoint,754.1,30.012
2022-11-02,20.25,27.12,14.71,81.07,0.0,2.18,17.79,94.14,3.23,16.7,PNQ,18.52,73.86,semi_arid,NASA_POWER_daily_ag,3.096,9.915,1.9012,dewpoint,759.5,29.884
2022-11-03,19.64,26.3,14.76,77.89,0.0,2.51,19.62,94.14,1.65,15.3,PNQ,18.52,73.86,semi_arid,NASA_POWER_daily_ag,3.381,10.487,1.7386,dewpoint,759.5,29.758
2022-11-04,19.59,26.69,13.85,76.32,0.0,2.1,19.65,94.22,2.67,14.91,PNQ,18.52,73.86,semi_arid,NASA_POWER_daily_ag,3.366,10.415,1.6955,dewpoint,750.8,29.633
2022-11-05,20.05,27.23,14.69,73.19,0.0,2.32,19.72,94.32,0.67,14.81,PNQ,18.52,73.86,semi_arid,NASA_POWER_daily_ag,3.53,10.353,1.6846,dewpoint,740.0,29.509
2022-11-06,19.97,27.21,14.2,70.24,0.0,2.07,19.38,94.36,5.58,13.87,PNQ,18.52,73.86,semi_arid,NASA_POWER_daily_ag,3.541,10.034,1.5852,dewpoint,735.6,29.387
2022-11-07,20.59,26.66,15.24,71.17,0.0,1.68,18.45,94.28,33.48,14.76,PNQ,18.52,73.86,semi_arid,NASA_POWER_daily_ag,3.371,9.759,1.6792,dewpoint,744.3,29.266
2022-11-08,21.02,27.12,15.85,75.39,0.0,1.6,17.58,94.27,10.26,16.26,PNQ,18.52,73.86,semi_arid,NASA_POWER_daily_ag,3.181,9.577,1.8487,dewpoint,745.4,29.147
2022-11-09,20.77,27.1,15.55,78.23,0.0,1.51,17.87,94.26,5.63,16.47,PNQ,18.52,73.86,semi_arid,NASA_POWER_daily_ag,3.118,9.722,1.8736,dewpoint,746.5,29.03
2022-11-10,19.48,25.83,14.53,79.63,0.0,2.78,18.93,94.29,0.58,15.59,PNQ,18.52,73.86,semi_arid,NASA_POWER_daily_ag,3.208,10.072,1.7712,dewpoint,743.2,28.914
2022-11-11,19.18,25.81,13.82,80.85,0.0,2.96,18.34,94.3,14.09,15.52,PNQ,18.52,73.86,semi_arid,NASA_POWER_daily_ag,3.088,9.803,1.7633,dewpoint,742.1,28.8
2022-11-12,19.91,26.16,15.47,83.8,0.0,2.85,18.45,94.27,4.55,16.82,PNQ,18.52,73.86,semi_arid,NASA_POWER_daily_ag,3.036,9.995,1.9157,dewpoint,745.4,28.688
2022-11-13,19.77,26.17,15.17,80.57,0.0,2.44,18.31,94.17,2.8,16.0,PNQ,18.52,73.86,semi_arid,NASA_POWER_daily_ag,3.102,9.776,1.8183,dewpoint,756.3,28.579
2022-11-14,20.54,27.34,14.92,81.42,0.0,1.76,17.27,94.2,7.15,17.0,PNQ,18.52,73.86,semi_arid,NASA_POWER_daily_ag,2.956,9.443,1.9377,dewpoint,753.0,28.471
2022-11-15,20.32,26.74,15.82,79.07,0.0,1.61,17.54,94.24,3.95,16.29,PNQ,18.52,73.86,semi_arid,NASA_POWER_daily_ag,2.991,9.415,1.8522,dewpoint,748.7,28.365
2022-11-16,18.85,25.33,13.83,78.71,0.0,1.64,18.21,94.19,0.96,14.73,PNQ,18.52,73.86,semi_arid,NASA_POWER_daily_ag,2.939,9.513,1.6759,dewpoint,754.1,28.261
2022-11-17,18.1,25.1,12.62,78.63,0.0,2.19,18.6,94.18,1.35,13.94,PNQ,18.52,73.86,semi_arid,NASA_POWER_daily_ag,2.98,9.56,1.5924,dewpoint,755.2,28.16
2022-11-18,17.87,24.67,12.64,78.57,0.0,2.39,18.08,94.17,0.91,13.68,PNQ,18.52,73.86,semi_arid,NASA_POWER_daily_ag,2.937,9.299,1.5657,dewpoint,756.3,28.061
2022-11-19,17.61,24.32,13.05,77.6,0.0,2.65,17.42,94.19,1.49,13.24,PNQ,18.52,73.86,semi_arid,NASA_POWER_daily_ag,2.912,8.945,1.5214,dewpoint,754.1,27.965
2022-11-20,16.08,23.25,10.67,74.98,0.0,2.53,18.91,94.09,2.45,11.13,PNQ,18.52,73.86,semi_arid,NASA_POWER_daily_ag,2.961,9.283,1.3241,dewpoint,765.0,27.87
2022-11-21,16.66,24.42,10.4,71.88,0.0,1.83,18.4,94.04,4.85,11.06,PNQ,18.52,73.86,semi_arid,NASA_POWER_daily_ag,2.925,9.023,1.318,dewpoint,770.4,27.779
2022-11-22,19.07,25.86,12.67,77.79,0.0,1.87,17.23,94.05,12.77,14.87,PNQ,18.52,73.86,semi_arid,NASA_POWER_daily_ag,2.886,9.021,1.6911,dewpoint,769.3,27.69
2022-11-23,20.79,26.76,16.8,82.06,0.0,1.9,16.59,94.1,27.25,17.45,PNQ,18.52,73.86,semi_arid,NASA_POWER_daily_ag,2.849,9.018,1.9937,dewpoint,763.9,27.603
2022-11-24,21.16,27.72,15.81,80.64,0.0,1.7,16.13,94.09,15.82,17.5,PNQ,18.52,73.86,semi_arid,NASA_POWER_daily_ag,2.849,8.808,2.0,dewpoint,765.0,27.519
2022-11-25,21.73,27.32,16.91,84.25,0.11,1.87,14.22,94.12,44.54,18.82,PNQ,18.52,73.86,semi_arid,NASA_POWER_daily_ag,2.603,8.134,2.1728,dewpoint,761.7,27.438
2022-11-26,21.63,27.67,17.42,83.86,0.07,1.73,13.11,94.02,32.23,18.59,PNQ,18.52,73.86,semi_arid,NASA_POWER_daily_ag,2.469,7.582,2.1418,dewpoint,772.6,27.36
2022-11-27,21.0,27.0,16.18,82.03,0.0,1.51,14.86,93.86,9.56,17.63,PNQ,18.52,73.86,semi_arid,NASA_POWER_daily_ag,2.628,8.248,2.0165,dewpoint,790.0,27.284
2022-11-28,21.17,27.79,16.4,79.48,0.0,1.13,15.88,93.9,5.48,17.25,PNQ,18.52,73.86,semi_arid,NASA_POWER_daily_ag,2.734,8.588,1.9686,dewpoint,785.7,27.212
2022-11-29,20.24,27.63,14.31,75.11,0.0,1.33,16.7,94.02,9.36,15.38,PNQ,18.52,73.86,semi_arid,NASA_POWER_daily_ag,2.856,8.667,1.7475,dewpoint,772.6,27.142
2022-11-30,19.25,25.87,14.95,76.38,0.0,2.01,16.67,94.11,7.36,14.67,PNQ,18.52,73.86,semi_arid,NASA_POWER_daily_ag,2.879,8.562,1.6695,dewpoint,762.8,27.075
2022-12-01,18.77,25.84,13.44,70.97,0.0,2.11,17.5,94.09,10.67,12.96,PNQ,18.52,73.86,semi_arid,NASA_POWER_daily_ag,3.092,8.637,1.4939,dewpoint,765.0,27.012
2022-12-02,19.54,26.9,12.74,70.78,0.0,1.45,16.43,94.02,6.01,13.78,PNQ,18.52,73.86,semi_arid,NASA_POWER_daily_ag,2.875,8.333,1.5759,dewpoint,772.6,26.951
2022-12-03,20.96,27.21,15.3,77.6,0.0,1.51,14.71,94.04,6.31,16.72,PNQ,18.52,73.86,semi_arid,NASA_POWER_daily_ag,2.688,7.993,1.9036,dewpoint,770.4,26.893
2022-12-04,22.29,27.11,18.24,82.96,0.0,1.51,13.47,94.12,18.74,19.09,PNQ,18.52,73.86,semi_arid,NASA_POWER_daily_ag,2.531,7.717,2.2098,dewpoint,761.7,26.839
2022-12-05,21.94,26.8,18.59,82.99,0.0,1.78,14.48,94.19,16.02,18.76,PNQ,18.52,73.86,semi_arid,NASA_POWER_daily_ag,2.646,8.106,2.1647,dewpoint,754.1,26.788
2022-12-06,20.75,26.59,16.14,77.83,0.0,2.11,15.54,94.17,1.62,16.48,PNQ,18.52,73.86,semi_arid,NASA_POWER_daily_ag,2.868,8.263,1.8748,dewpoint,756.3,26.74
2022-12-07,19.93,26.32,15.28,81.28,0.0,1.95,15.06,94.15,22.1,16.36,PNQ,18.52,73.86,semi_arid,NASA_POWER_daily_ag,2.618,8.067,1.8605,dewpoint,758.4,26.695
2022-12-08,17.82,25.02,12.97,76.08,0.0,2.47,13.12,94.1,85.01,13.12,PNQ,18.52,73.86,semi_arid,NASA_POWER_daily_ag,2.546,6.984,1.5096,dewpoint,763.9,26.653
2022-12-09,16.33,24.39,10.15,66.33,0.0,3.01,18.35,93.96,36.21,9.47,PNQ,18.52,73.86,semi_arid,NASA_POWER_daily_ag,3.272,8.443,1.185,dewpoint,779.1,26.615
2022-12-10,18.31,26.5,11.86,71.23,0.0,2.19,18.13,93.89,4.41,12.59,PNQ,18.52,73.86,semi_arid,NASA_POWER_daily_ag,3.083,8.721,1.4581,dewpoint,786.7,26.58
2022-12-11,21.45,27.58,16.15,81.03,0.1,2.08,14.85,93.95,43.94,17.74,PNQ,18.52,73.86,semi_arid,NASA_POWER_daily_ag,2.761,8.106,2.0305,dewpoint,780.2,26.548
2022-12-12,22.08,26.96,18.39,85.37,0.02,2.19,11.38,93.93,81.59,19.37,PNQ,18.52,73.86,semi_arid,NASA_POWER_daily_ag,2.281,6.774,2.2486,dewpoint,782.4,26.52
2022-12-13,21.69,26.85,18.47,85.57,0.01,2.66,10.85,94.03,62.96,18.99,PNQ,18.52,73.86,semi_arid,NASA_POWER_daily_ag,2.243,6.5,2.196,dewpoint,771.5,26.495
2022-12-14,22.19,27.19,18.44,84.31,0.51,2.4,13.31,94.1,74.25,19.21,PNQ,18.52,73.86,semi_arid,NASA_POWER_daily_ag,2.568,7.597,2.2263,dewpoint,763.9,26.474
2022-12-15,22.48,27.61,18.81,83.51,0.12,1.82,14.6,94.05,65.09,19.32,PNQ,18.52,73.86,semi_arid,NASA_POWER_daily_ag,2.691,8.163,2.2416,dewpoint,769.3,26.456
2022-12-16,22.8,28.21,19.01,80.57,0.01,2.07,15.59,94.03,32.53,19.0,PNQ,18.52,73.86,semi_arid,NASA_POWER_daily_ag,2.958,8.524,2.1974,dewpoint,771.5,26.441
2022-12-17,22.47,28.28,18.25,79.88,0.0,1.95,14.89,94.13,25.16,18.54,PNQ,18.52,73.86,semi_arid,NASA_POWER_daily_ag,2.85,8.158,2.1351,dewpoint,760.6,26.43
2022-12-18,21.5,27.53,17.32,78.64,0.0,2.17,15.24,94.12,9.76,17.25,PNQ,18.52,73.86,semi_arid,NASA_POWER_daily_ag,2.893,8.141,1.9686,dewpoint,761.7,26.422
2022-12-19,19.59,26.68,14.63,71.14,0.0,2.13,18.14,94.02,1.22,13.7,PNQ,18.52,73.86,semi_arid,NASA_POWER_daily_ag,3.201,8.773,1.5677,dewpoint,772.6,26.418
2022-12-20,19.34,27.41,13.29,66.45,0.0,1.93,17.9,93.95,4.37,12.38,PNQ,18.52,73.86,semi_arid,NASA_POWER_daily_ag,3.217,8.474,1.4381,dewpoint,780.2,26.417
2022-12-21,19.94,27.76,13.86,67.87,0.0,2.04,17.28,94.01,1.68,13.44,PNQ,18.52,73.86,semi_arid,NASA_POWER_daily_ag,3.211,8.4,1.5414,dewpoint,773.7,26.42
2022-12-22,20.15,27.63,13.8,66.06,0.0,1.8,17.16,94.01,0.91,13.07,PNQ,18.52,73.86,semi_arid,NASA_POWER_daily_ag,3.202,8.303,1.5046,dewpoint,773.7,26.426
2022-12-23,19.74,27.89,13.62,70.07,0.0,1.53,16.9,93.98,1.1,13.62,PNQ,18.52,73.86,semi_arid,NASA_POWER_daily_ag,2.949,8.299,1.5596,dewpoint,776.9,26.435
2022-12-24,19.25,27.51,13.85,62.81,0.0,1.24,17.38,94.07,1.39,11.57,PNQ,18.52,73.86,semi_arid,NASA_POWER_daily_ag,2.937,8.145,1.3633,dewpoint,767.1,26.448
2022-12-25,19.25,27.25,12.01,66.0,0.0,1.32,17.41,94.09,0.91,12.39,PNQ,18.52,73.86,semi_arid,NASA_POWER_daily_ag,2.943,8.361,1.439,dewpoint,765.0,26.465
2022-12-26,19.79,27.73,12.29,74.78,0.0,1.72,17.51,94.2,3.15,14.9,PNQ,18.52,73.86,semi_arid,NASA_POWER_daily_ag,2.958,8.797,1.6944,dewpoint,753.0,26.485
2022-12-27,21.01,27.89,15.25,79.39,0.0,1.66,16.74,94.31,10.23,17.05,PNQ,18.52,73.86,semi_arid,NASA_POWER_daily_ag,2.874,8.782,1.9439,dewpoint,741.1,26.508
2022-12-28,21.35,28.62,15.26,69.39,0.0,1.31,17.34,94.4,4.34,15.05,PNQ,18.52,73.86,semi_arid,NASA_POWER_daily_ag,3.076,8.649,1.7108,dewpoint,731.3,26.535
2022-12-29,20.54,27.85,13.99,66.87,0.0,1.32,17.49,94.53,2.17,13.77,PNQ,18.52,73.86,semi_arid,NASA_POWER_daily_ag,3.059,8.553,1.5749,dewpoint,717.2,26.565
2022-12-30,20.21,27.65,13.8,63.87,0.0,1.35,16.91,94.59,1.94,12.72,PNQ,18.52,73.86,semi_arid,NASA_POWER_daily_ag,3.037,8.192,1.4706,dewpoint,710.7,26.598
2022-12-31,18.95,27.48,12.78,65.49,0.0,1.47,17.41,94.51,9.54,11.76,PNQ,18.52,73.86,semi_arid,NASA_POWER_daily_ag,2.995,8.265,1.3805,dewpoint,719.3,26.635
2023-01-01,18.44,27.07,11.18,64.42,0.0,1.39,17.69,94.44,15.9,10.97,PNQ,18.52,73.86,semi_arid,NASA_POWER_daily_ag,2.972,8.317,1.3101,dewpoint,726.9,26.675
2023-01-02,18.86,27.64,12.13,65.4,0.0,1.95,17.4,94.43,5.62,11.6,PNQ,18.52,73.86,semi_arid,NASA_POWER_daily_ag,3.186,8.276,1.366,dewpoint,728.0,26.719
2023-01-03,18.71,27.21,12.08,66.97,0.0,1.76,15.89,94.41,5.75,11.97,PNQ,18.52,73.86,semi_arid,NASA_POWER_daily_ag,2.931,7.83,1.3998,dewpoint,730.2,26.766
2023-01-04,19.13,26.52,12.42,67.0,0.0,1.73,14.59,94.28,7.05,12.47,PNQ,18.52,73.86,semi_arid,NASA_POWER_daily_ag,2.848,7.456,1.4466,dewpoint,744.3,26.816
2023-01-05,20.01,26.93,14.51,76.19,0.0,2.58,14.13,94.38,14.71,15.27,PNQ,18.52,73.86,semi_arid,NASA_POWER_daily_ag,2.85,7.58,1.7352,dewpoint,733.5,26.869
2023-01-06,20.56,26.28,16.33,79.36,0.0,2.84,14.21,94.54,18.35,16.55,PNQ,18.52,73.86,semi_arid,NASA_POWER_daily_ag,2.811,7.763,1.8832,dewpoint,716.1,26.926
2023-01-07,20.07,26.4,15.41,77.07,0.0,2.56,12.03,94.52,15.42,15.57,PNQ,18.52,73.86,semi_arid,NASA_POWER_daily_ag,2.621,6.792,1.7689,dewpoint,718.3,26.986
2023-01-08,18.45,25.91,13.06,68.71,0.0,2.19,16.93,94.42,5.26,12.03,PNQ,18.52,73.86,semi_arid,NASA_POWER_daily_ag,3.113,8.296,1.4053,dewpoint,729.1,27.049
2023-01-09,17.48,26.1,10.52,54.17,0.0,2.06,19.19,94.52,18.67,7.26,PNQ,18.52,73.86,semi_arid,NASA_POWER_daily_ag,3.544,8.424,1.0199,dewpoint,718.3,27.115
2023-01-10,17.62,26.82,9.93,50.62,0.0,2.12,19.25,94.45,26.52,6.33,PNQ,18.52,73.86,semi_arid,NASA_POWER_daily_ag,3.689,8.314,0.9567,dewpoint,725.9,27.184
2023-01-11,18.18,27.58,10.45,52.59,0.0,1.62,18.58,94.26,20.75,7.46,PNQ,18.52,73.86,semi_arid,NASA_POWER_daily_ag,3.381,8.251,1.0339,dewpoint,746.5,27.256
2023-01-12,18.19,26.85,12.33,49.16,0.0,1.34,18.78,94.13,40.15,6.56,PNQ,18.52,73.86,semi_arid,NASA_POWER_daily_ag,3.268,8.166,0.972,dewpoint,760.6,27.331
2023-01-13,16.48,25.38,9.58,68.05,0.0,1.44,19.36,94.19,28.55,9.69,PNQ,18.52,73.86,semi_arid,NASA_POWER_daily_ag,2.955,9.034,1.2027,dewpoint,754.1,27.409
2023-01-14,16.32,26.33,8.87,67.07,0.0,1.67,19.15,94.17,14.59,9.29,PNQ,18.52,73.86,semi_arid,NASA_POWER_daily_ag,3.015,8.906,1.1707,dewpoint,756.3,27.49
2023-01-15,17.33,27.58,9.78,62.33,0.0,1.67,18.74,94.06,17.21,9.2,PNQ,18.52,73.86,semi_arid,NASA_POWER_daily_ag,3.171,8.693,1.1637,dewpoint,768.2,27.573
2023-01-16,18.16,26.92,12.85,58.05,0.0,1.32,19.2,94.11,22.94,9.16,PNQ,18.52,73.86,semi_arid,NASA_POWER_daily_ag,3.182,8.781,1.1605,dewpoint,762.8,27.66
2023-01-17,18.45,27.88,11.73,57.32,0.0,1.39,19.36,94.16,17.12,9.2,PNQ,18.52,73.86,semi_arid,NASA_POWER_daily_ag,3.282,8.867,1.1637,dewpoint,757.4,27.749
2023-01-18,19.37,28.42,11.64,54.3,0.0,1.3,19.48,94.25,8.7,9.13,PNQ,18.52,73.86,semi_arid,NASA_POWER_daily_ag,3.394,8.9,1.1582,dewpoint,747.6,27.841
2023-01-19,19.93,28.65,11.61,56.03,0.0,1.66,19.18,94.24,2.85,10.19,PNQ,18.52,73.86,semi_arid,NASA_POWER_daily_ag,3.615,8.992,1.2437,dewpoint,748.7,27.936
2023-01-20,20.03,28.09,14.59,58.38,0.0,1.34,18.57,94.19,1.43,10.84,PNQ,18.52,73.86,semi_arid,NASA_POWER_daily_ag,3.352,8.832,1.2988,dewpoint,754.1,28.033
2023-01-21,18.7,27.67,11.92,67.36,0.0,1.41,18.33,94.2,3.61,11.57,PNQ,18.52,73.86,semi_arid,NASA_POWER_daily_ag,3.125,8.993,1.3633,dewpoint,753.0,28.132
2023-01-22,18.17,27.32,12.52,67.64,0.0,1.54,18.35,94.13,1.19,11.25,PNQ,18.52,73.86,semi_arid,NASA_POWER_daily_ag,3.108,8.973,1.3347,dewpoint,760.6,28.234
2023-01-23,17.96,27.32,12.4,63.98,0.0,1.43,18.6,94.05,1.21,10.36,PNQ,18.52,73.86,semi_arid,NASA_POWER_daily_ag,3.124,8.959,1.2579,dewpoint,769.3,28.339
2023-01-24,17.28,25.63,11.95,67.42,0.01,1.59,17.54,94.07,2.09,10.66,PNQ,18.52,73.86,semi_arid,NASA_POWER_daily_ag,2.969,8.724,1.2833,dewpoint,767.1,28.445
2023-01-25,18.0,26.37,12.15,69.26,0.06,1.4,16.73,94.06,8.73,11.88,PNQ,18.52,73.86,semi_arid,NASA_POWER_daily_ag,2.866,8.583,1.3915,dewpoint,768.2,28.554
2023-01-26,19.99,27.63,14.39,73.66,0.02,1.69,16.04,94.07,14.29,14.86,PNQ,18.52,73.86,semi_arid,NASA_POWER_daily_ag,2.962,8.644,1.69,dewpoint,767.1,28.666
2023-01-27,21.99,29.52,16.73,63.71,0.0,2.35,18.2,94.09,5.86,13.6,PNQ,18.52,73.86,semi_arid,NASA_POWER_daily_ag,3.993,9.22,1.5576,dewpoint,765.0,28.779
2023-01-28,21.32,29.81,13.62,55.1,0.0,2.06,20.26,94.03,0.95,10.83,PNQ,18.52,73.86,semi_arid,NASA_POWER_daily_ag,4.199,9.641,1.298,dewpoint,771.5,28.894
2023-01-29,20.65,28.17,15.34,75.7,0.0,1.66,17.25,93.92,22.16,15.33,PNQ,18.52,73.86,semi_arid,NASA_POWER_daily_ag,3.173,9.25,1.7419,dewpoint,783.5,29.011
2023-01-30,20.84,28.44,15.6,75.73,0.0,1.55,17.01,94.12,14.26,15.64,PNQ,18.52,73.86,semi_arid,NASA_POWER_daily_ag,3.127,9.204,1.7769,dewpoint,761.7,29.131
2023-01-31,20.95,28.91,14.75,64.69,0.0,2.42,16.62,94.15,11.77,13.12,PNQ,18.52,73.86,semi_arid,NASA_POWER_daily_ag,3.721,8.714,1.5096,dewpoint,758.4,29.252
2023-02-01,20.91,28.25,15.14,63.99,0.0,2.84,13.53,94.19,19.61,13.26,PNQ,18.52,73.86,semi_arid,NASA_POWER_daily_ag,3.581,7.542,1.5234,dewpoint,754.1,29.374
2023-02-02,20.78,28.85,14.86,59.23,0.0,2.83,16.71,94.21,6.1,11.76,PNQ,18.52,73.86,semi_arid,NASA_POWER_daily_ag,4.066,8.618,1.3805,dewpoint,751.9,29.499
2023-02-03,20.22,28.91,12.75,43.51,0.0,2.24,20.27,94.25,5.16,6.4,PNQ,18.52,73.86,semi_arid,NASA_POWER_daily_ag,4.507,9.211,0.9613,dewpoint,747.6,29.625
2023-02-04,20.69,30.18,11.99,42.78,0.0,1.6,20.43,94.1,20.69,6.57,PNQ,18.52,73.86,semi_arid,NASA_POWER_daily_ag,4.134,9.302,0.9727,dewpoint,763.9,29.752
2023-02-05,20.85,30.81,12.57,45.52,0.0,1.56,20.68,94.04,13.02,7.33,PNQ,18.52,73.86,semi_arid,NASA_POWER_daily_ag,4.113,9.49,1.0248,dewpoint,770.4,29.881
2023-02-06,20.99,30.32,14.89,42.14,0.0,1.66,20.56,94.08,28.21,6.59,PNQ,18.52,73.86,semi_arid,NASA_POWER_daily_ag,4.231,9.304,0.974,dewpoint,766.1,30.011
2023-02-07,20.11,30.43,11.45,44.98,0.0,1.44,20.75,94.04,17.59,6.31,PNQ,18.52,73.86,semi_arid,NASA_POWER_daily_ag,3.983,9.498,0.9554,dewpoint,770.4,30.143
2023-02-08,21.57,32.07,12.79,41.86,0.0,2.11,20.78,94.11,11.29,6.54,PNQ,18.52,73.86,semi_arid,NASA_POWER_daily_ag,4.735,9.448,0.9706,dewpoint,762.8,30.276
2023-02-09,22.13,32.76,13.46,39.14,0.0,2.11,21.56,94.17,4.95,6.07,PNQ,18.52,73.86,semi_arid,NASA_POWER_daily_ag,4.933,9.604,0.9397,dewpoint,756.3,30.41
2023-02-10,22.34,32.52,13.72,37.87,0.0,1.8,22.05,94.24,10.63,5.64,PNQ,18.52,73.86,semi_arid,NASA_POWER_daily_ag,4.775,9.733,0.9121,dewpoint,748.7,30.545
2023-02-11,22.02,32.99,13.75,35.84,0.0,1.73,22.1,94.28,25.72,4.17,PNQ,18.52,73.86,semi_arid,NASA_POWER_daily_ag,4.718,9.531,0.823,dewpoint,744.3,30.681
2023-02-12,21.96,33.07,13.59,35.5,0.0,2.82,22.52,94.33,7.46,4.26,PNQ,18.52,73.86,semi_arid,NASA_POWER_daily_ag,5.691,9.721,0.8283,dewpoint,738.9,30.817
2023-02-13,22.6,32.9,14.72,31.4,0.0,3.07,22.8,94.36,8.49,3.24,PNQ,18.52,73.86,semi_arid,NASA_POWER_daily_ag,6.147,9.645,0.7708,dewpoint,735.6,30.955
2023-02-14,22.45,33.34,13.5,27.88,0.0,2.52,23.3,94.31,12.26,1.24,PNQ,18.52,73.86,semi_arid,NASA_POWER_daily_ag,5.792,9.562,0.6682,dewpoint,741.1,31.093
2023-02-15,22.39,33.5,12.85,28.23,0.0,2.46,23.44,94.17,15.62,1.02,PNQ,18.52,73.86,semi_arid,NASA_POWER_daily_ag,5.758,9.646,0.6577,dewpoint,756.3,31.232
2023-02-16,23.09,34.43,13.86,28.85,0.0,2.57,23.29,94.22,10.59,2.15,PNQ,18.52,73.86,semi_arid,NASA_POWER_daily_ag,5.936,9.719,0.7133,dewpoint,750.8,31.372
2023-02-17,23.44,34.39,14.32,29.87,0.0,2.74,23.37,94.25,10.13,3.13,PNQ,18.52,73.86,semi_arid,NASA_POWER_daily_ag,6.136,9.926,0.7648,dewpoint,747.6,31.512
2023-02-18,23.55,33.99,14.47,29.51,0.0,2.72,23.55,94.23,8.99,2.88,PNQ,18.52,73.86,semi_arid,NASA_POWER_daily_ag,6.185,10.006,0.7513,dewpoint,749.7,31.652
2023-02-19,23.6,34.61,14.16,29.76,0.0,2.69,23.45,94.22,9.95,3.02,PNQ,18.52,73.86,semi_arid,NASA_POWER_daily_ag,6.159,10.026,0.7588,dewpoint,750.8,31.792
2023-02-20,23.54,34.0,14.31,31.7,0.0,1.56,22.94,94.2,19.63,3.61,PNQ,18.52,73.86,semi_arid,NASA_POWER_daily_ag,4.959,10.039,0.7912,dewpoint,753.0,31.933
2023-02-21,23.87,34.57,16.37,31.44,0.0,1.37,22.73,94.22,24.32,3.82,PNQ,18.52,73.86,semi_arid,NASA_POWER_daily_ag,4.753,9.926,0.803,dewpoint,750.8,32.074
2023-02-22,23.39,34.64,14.56,34.06,0.0,1.62,20.92,94.18,30.73,4.32,PNQ,18.52,73.86,semi_arid,NASA_POWER_daily_ag,4.826,9.552,0.8318,dewpoint,755.2,32.215
2023-02-23,23.98,34.54,14.69,30.43,0.0,1.67,22.59,94.14,9.09,3.14,PNQ,18.52,73.86,semi_arid,NASA_POWER_daily_ag,5.155,9.951,0.7653,dewpoint,759.5,32.356
2023-02-24,24.15,34.58,14.07,26.83,0.0,2.19,22.79,94.25,14.49,1.76,PNQ,18.52,73.86,semi_arid,NASA_POWER_daily_ag,5.834,9.879,0.6936,dewpoint,747.6,32.497
2023-02-25,23.94,34.19,14.01,29.55,0.0,1.78,22.47,94.38,6.9,3.2,PNQ,18.52,73.86,semi_arid,NASA_POWER_daily_ag,5.295,10.054,0.7686,dewpoint,733.5,32.638
2023-02-26,23.96,34.2,14.83,30.25,0.0,1.83,22.37,94.43,2.4,3.49,PNQ,18.52,73.86,semi_arid,NASA_POWER_daily_ag,5.338,10.07,0.7845,dewpoint,728.0,32.778
2023-02-27,23.63,34.5,14.46,29.1,0.0,1.96,21.97,94.38,4.78,3.04,PNQ,18.52,73.86,semi_arid,NASA_POWER_daily_ag,5.412,9.923,0.7599,dewpoint,733.5,32.918
2023-02-28,24.1,33.59,15.62,33.61,0.0,1.45,21.19,94.39,2.21,5.83,PNQ,18.52,73.86,semi_arid,NASA_POWER_daily_ag,4.801,10.093,0.9242,dewpoint,732.4,33.057
2023-03-01,24.59,33.63,16.17,34.46,0.0,1.66,21.89,94.43,1.27,6.54,PNQ,18.52,73.86,semi_arid,NASA_POWER_daily_ag,5.147,10.455,0.9706,dewpoint,728.0,33.196
2023-03-02,25.53,33.94,16.91,34.85,0.0,2.08,21.72,94.48,0.86,7.78,PNQ,18.52,73.86,semi_arid,NASA_POWER_daily_ag,5.672,10.577,1.0568,dewpoint,722.6,33.335
2023-03-03,26.09,34.31,17.36,35.2,0.0,2.07,21.1,94.52,2.37,8.26,PNQ,18.52,73.86,semi_arid,NASA_POWER_daily_ag,5.688,10.425,1.0919,dewpoint,718.3,33.473
2023-03-04,26.54,34.42,19.25,37.73,0.0,1.7,19.09,94.51,8.59,9.67,PNQ,18.52,73.86,semi_arid,NASA_POWER_daily_ag,5.104,9.842,1.2011,dewpoint,719.3,33.61
2023-03-05,26.24,33.91,19.45,39.73,0.0,1.38,18.62,94.45,18.28,10.05,PNQ,18.52,73.86,semi_arid,NASA_POWER_daily_ag,4.663,9.754,1.2321,dewpoint,725.9,33.746
2023-03-06,26.24,34.03,18.68,39.31,0.21,2.03,19.81,94.29,25.35,9.9,PNQ,18.52,73.86,semi_arid,NASA_POWER_daily_ag,5.467,10.246,1.2198,dewpoint,743.2,33.882
2023-03-07,24.92,32.42,18.98,40.3,1.35,2.52,15.71,94.28,66.03,9.46,PNQ,18.52,73.86,semi_arid,NASA_POWER_daily_ag,5.272,8.672,1.1842,dewpoint,744.3,34.016
2023-03-08,25.53,33.47,18.17,37.95,0.03,1.95,20.84,94.29,21.99,8.86,PNQ,18.52,73.86,semi_arid,NASA_POWER_daily_ag,5.446,10.593,1.1372,dewpoint,743.2,34.15
2023-03-09,25.52,33.43,18.92,38.43,0.0,2.14,18.91,94.27,50.95,9.08,PNQ,18.52,73.86,semi_arid,NASA_POWER_daily_ag,5.418,9.891,1.1543,dewpoint,745.4,34.282
2023-03-10,25.11,33.63,17.22,35.85,0.0,1.85,20.82,94.2,24.16,7.73,PNQ,18.52,73.86,semi_arid,NASA_POWER_daily_ag,5.351,10.517,1.0532,dewpoint,753.0,34.413
2023-03-11,26.13,34.38,18.17,36.2,0.0,2.17,20.54,94.17,9.98,8.92,PNQ,18.52,73.86,semi_arid,NASA_POWER_daily_ag,5.759,10.546,1.1419,dewpoint,756.3,34.543
2023-03-12,27.23,34.68,19.74,35.34,0.0,2.06,18.58,94.14,34.64,9.46,PNQ,18.52,73.86,semi_arid,NASA_POWER_daily_ag,5.621,9.831,1.1842,dewpoint,759.5,34.672
2023-03-13,26.79,34.15,19.63,35.48,0.0,2.0,18.34,94.05,45.97,9.33,PNQ,18.52,73.86,semi_arid,NASA_POWER_daily_ag,5.469,9.769,1.1739,dewpoint,769.3,34.8
2023-03-14,27.25,33.85,20.66,37.07,0.0,1.36,19.25,93.93,45.48,10.13,PNQ,18.52,73.86,semi_arid,NASA_POWER_daily_ag,4.916,10.236,1.2387,dewpoint,782.4,34.926
2023-03-15,26.16,33.61,20.53,41.05,0.67,1.59,13.62,93.82,86.82,10.68,PNQ,18.52,73.86,semi_arid,NASA_POWER_daily_ag,4.345,8.062,1.2851,dewpoint,794.4,35.051
2023-03-16,25.0,31.53,18.84,51.48,2.29,1.49,15.64,93.92,65.17,13.6,PNQ,18.52,73.86,semi_arid,NASA_POWER_daily_ag,4.118,9.249,1.5576,dewpoint,783.5,35.174
2023-03-17,24.05,30.75,17.94,59.47,1.09,1.56,20.51,93.96,46.11,14.73,PNQ,18.52,73.86,semi_arid,NASA_POWER_daily_ag,4.519,11.667,1.6759,dewpoint,779.1,35.296
2023-03-18,24.0,31.25,17.87,55.44,0.35,1.85,20.58,93.87,14.75,13.36,PNQ,18.52,73.86,semi_arid,NASA_POWER_daily_ag,4.802,11.504,1.5334,dewpoint,788.9,35.416
2023-03-19,22.72,30.82,17.42,58.48,0.36,2.26,24.33,93.84,8.95,12.8,PNQ,18.52,73.86,semi_arid,NASA_POWER_daily_ag,5.217,13.146,1.4783,dewpoint,792.2,35.534
2023-03-20,22.02,30.12,15.96,64.67,0.76,2.49,25.24,93.8,15.03,13.3,PNQ,18.52,73.86,semi_arid,NASA_POWER_daily_ag,5.194,13.757,1.5274,dewpoint,796.6,35.651
2023-03-21,21.99,28.5,16.81,70.36,4.72,2.24,17.83,93.88,43.81,15.33,PNQ,18.52,73.86,semi_arid,NASA_POWER_daily_ag,3.997,10.64,1.7419,dewpoint,787.8,35.766
2023-03-22,22.61,31.25,16.27,63.48,0.01,2.32,24.62,93.94,15.33,13.47,PNQ,18.52,73.86,semi_arid,NASA_POWER_daily_ag,5.197,13.496,1.5444,dewpoint,781.3,35.88
2023-03-23,22.31,30.65,14.99,64.02,0.0,2.66,24.15,93.96,31.8,13.53,PNQ,18.52,73.86,semi_arid,NASA_POWER_daily_ag,5.211,13.379,1.5505,dewpoint,779.1,35.991
2023-03-24,23.69,33.21,16.45,61.25,0.0,2.48,26.2,93.94,3.7,13.43,PNQ,18.52,73.86,semi_arid,NASA_POWER_daily_ag,5.736,14.171,1.5404,dewpoint,781.3,36.101
2023-03-25,22.95,33.6,14.53,51.5,0.0,2.38,26.78,94.03,8.15,9.64,PNQ,18.52,73.86,semi_arid,NASA_POWER_daily_ag,5.932,13.759,1.1987,dewpoint,771.5,36.209
2023-03-26,22.87,33.26,14.42,48.55,0.0,2.41,27.03,94.02,5.06,7.99,PNQ,18.52,73.86,semi_arid,NASA_POWER_daily_ag,6.099,13.606,1.072,dewpoint,772.6,36.315
2023-03-27,23.22,34.07,15.05,59.53,0.0,2.28,26.88,94.0,4.34,11.25,PNQ,18.52,73.86,semi_arid,NASA_POWER_daily_ag,5.817,14.123,1.3347,dewpoint,774.8,36.419
2023-03-28,24.1,34.58,15.71,57.19,0.0,2.01,26.45,93.96,5.01,11.52,PNQ,18.52,73.86,semi_arid,NASA_POWER_daily_ag,5.788,13.964,1.3588,dewpoint,779.1,36.521
2023-03-29,24.61,36.2,15.7,55.21,0.0,2.42,26.1,93.98,11.6,11.0,PNQ,18.52,73.86,semi_arid,NASA_POWER_daily_ag,6.177,13.66,1.3127,dewpoint,776.9,36.621
2023-03-30,23.88,33.75,16.02,60.25,0.0,2.58,25.31,93.95,22.57,12.94,PNQ,18.52,73.86,semi_arid,NASA_POWER_daily_ag,5.828,13.8,1.4919,dewpoint,780.2,36.719
2023-03-31,23.64,31.69,17.62,62.97,0.0,2.86,22.73,93.93,34.35,14.7,PNQ,18.52,73.86,semi_arid,NASA_POWER_daily_ag,5.37,12.959,1.6727,dewpoint,782.4,36.815
2023-04-01,24.54,34.37,16.14,46.02,0.0,2.16,27.83,93.93,3.79,7.83,PNQ,18.52,73.86,semi_arid,NASA_POWER_daily_ag,6.399,13.929,1.0604,dewpoint,782.4,36.909
2023-04-02,24.56,34.57,16.9,58.9,0.0,2.45,27.21,93.9,1.35,13.03,PNQ,18.52,73.86,semi_arid,NASA_POWER_daily_ag,6.149,14.678,1.5007,dewpoint,785.7,37.001
2023-04-03,24.71,35.41,16.24,56.37,0.0,2.21,27.08,93.86,9.27,11.34,PNQ,18.52,73.86,semi_arid,NASA_POWER_daily_ag,6.171,14.284,1.3427,dewpoint,790.0,37.091
2023-04-04,26.1,36.49,17.05,52.79,0.0,2.26,26.38,93.94,2.99,12.24,PNQ,18.52,73.86,semi_arid,NASA_POWER_daily_ag,6.381,14.092,1.4249,dewpoint,781.3,37.178
2023-04-05,27.48,37.84,18.95,42.46,0.0,2.21,26.13,93.91,3.25,10.55,PNQ,18.52,73.86,semi_arid,NASA_POWER_daily_ag,6.714,13.542,1.274,dewpoint,784.6,37.264
2023-04-06,28.17,36.77,19.63,40.75,0.57,1.95,23.33,93.93,14.47,11.31,PNQ,18.52,73.86,semi_arid,NASA_POWER_daily_ag,6.25,12.531,1.34,dewpoint,782.4,37.348
2023-04-07,28.38,35.34,22.55,38.98,1.34,1.87,19.55,94.11,48.09,12.26,PNQ,18.52,73.86,semi_arid,NASA_POWER_daily_ag,5.692,11.011,1.4268,dewpoint,762.8,37.429
2023-04-08,28.69,34.46,22.93,45.43,0.57,1.95,20.42,94.26,47.22,15.07,PNQ,18.52,73.86,semi_arid,NASA_POWER_daily_ag,5.747,11.817,1.713,dewpoint,746.5,37.508
2023-04-09,28.72,35.92,22.25,48.68,2.07,1.6,21.59,94.22,30.79,15.98,PNQ,18.52,73.86,semi_arid,NASA_POWER_daily_ag,5.538,12.502,1.816,dewpoint,750.8,37.586
2023-04-10,29.75,38.09,21.89,40.98,0.05,2.19,24.5,94.07,23.51,13.22,PNQ,18.52,73.86,semi_arid,NASA_POWER_daily_ag,6.839,13.312,1.5195,dewpoint,767.1,37.661
2023-04-11,30.25,38.45,21.82,38.64,0.01,2.05,23.33,94.1,21.48,13.14,PNQ,18.52,73.86,semi_arid,NASA_POWER_daily_ag,6.66,12.782,1.5115,dewpoint,763.9,37.734
2023-04-12,30.92,37.57,24.62,37.54,0.51,1.6,23.61,94.07,34.11,13.75,PNQ,18.52,73.86,semi_arid,NASA_POWER_daily_ag,6.284,12.973,1.5729,dewpoint,767.1,37.805
2023-04-13,30.57,35.71,26.06,35.98,0.03,1.59,16.65,94.07,72.27,13.2,PNQ,18.52,73.86,semi_arid,NASA_POWER_daily_ag,5.333,9.829,1.5175,dewpoint,767.1,37.874
2023-04-14,27.77,34.03,24.14,50.13,8.04,1.69,18.62,94.09,69.92,15.73,PNQ,18.52,73.86,semi_arid,NASA_POWER_daily_ag,5.064,11.107,1.7872,dewpoint,765.0,37.941
2023-04-15,27.84,35.15,21.32,52.14,0.85,2.13,22.06,94.04,31.97,16.12,PNQ,18.52,73.86,semi_arid,NASA_POWER_daily_ag,5.852,12.871,1.8323,dewpoint,770.4,38.005
2023-04-16,28.97,37.21,23.02,47.4,2.29,1.5,23.23,93.88,9.73,15.19,PNQ,18.52,73.86,semi_arid,NASA_POWER_daily_ag,5.767,13.174,1.7263,dewpoint,787.8,38.068
2023-04-17,28.92,37.17,22.63,42.42,0.0,1.64,21.06,93.9,22.64,13.15,PNQ,18.52,73.86,semi_arid,NASA_POWER_daily_ag,5.711,11.871,1.5125,dewpoint,785.7,38.128
2023-04-18,30.92,39.33,22.89,35.19,0.0,1.6,24.61,93.95,6.43,12.41,PNQ,18.52,73.86,semi_arid,NASA_POWER_daily_ag,6.474,13.243,1.4409,dewpoint,780.2,38.187
2023-04-19,31.13,39.83,23.24,32.41,0.01,2.28,23.77,93.74,9.6,11.26,PNQ,18.52,73.86,semi_arid,NASA_POWER_daily_ag,7.259,12.665,1.3356,dewpoint,803.1,38.244
2023-04-20,29.36,38.29,22.17,38.63,1.48,2.32,21.59,93.58,20.83,12.16,PNQ,18.52,73.86,semi_arid,NASA_POWER_daily_ag,6.628,11.975,1.4174,dewpoint,820.6,38.298
2023-04-21,27.44,37.24,19.71,44.96,0.29,2.58,26.22,93.62,1.42,12.33,PNQ,18.52,73.86,semi_arid,NASA_POWER_daily_ag,6.978,14.181,1.4334,dewpoint,816.2,38.351
2023-04-22,26.02,35.15,18.37,54.58,0.0,2.95,27.52,93.69,3.86,13.77,PNQ,18.52,73.86,semi_arid,NASA_POWER_daily_ag,6.874,15.213,1.5749,dewpoint,808.6,38.402
2023-04-23,26.78,36.33,18.46,54.39,0.0,2.87,26.47,93.68,5.9,14.04,PNQ,18.52,73.86,semi_arid,NASA_POWER_daily_ag,6.887,14.733,1.6028,dewpoint,809.6,38.45
2023-04-24,28.54,36.95,20.91,37.74,0.0,1.91,26.96,93.72,13.04,10.45,PNQ,18.52,73.86,semi_arid,NASA_POWER_daily_ag,6.813,14.143,1.2655,dewpoint,805.3,38.497
2023-04-25,29.07,38.28,21.48,30.2,0.0,2.57,26.47,93.75,25.14,6.91,PNQ,18.52,73.86,semi_arid,NASA_POWER_daily_ag,7.728,13.224,0.9957,dewpoint,802.0,38.542
2023-04-26,26.61,33.97,20.5,57.62,0.01,2.65,23.34,93.81,36.68,15.83,PNQ,18.52,73.86,semi_arid,NASA_POWER_daily_ag,6.104,13.606,1.7986,dewpoint,795.5,38.585
2023-04-27,27.79,36.05,20.38,54.1,0.18,2.26,22.18,93.81,28.52,15.77,PNQ,18.52,73.86,semi_arid,NASA_POWER_daily_ag,6.011,12.975,1.7917,dewpoint,795.5,38.627
2023-04-28,27.83,35.52,22.15,54.63,0.45,2.28,21.07,93.9,31.59,16.84,PNQ,18.52,73.86,semi_arid,NASA_POWER_daily_ag,5.764,12.574,1.9182,dewpoint,785.7,38.666
2023-04-29,27.21,34.55,20.79,57.0,2.55,2.45,24.68,93.85,24.87,16.76,PNQ,18.52,73.86,semi_arid,NASA_POWER_daily_ag,6.214,14.433,1.9085,dewpoint,791.1,38.704
2023-04-30,26.33,34.77,19.17,53.83,0.02,2.88,26.26,93.71,20.97,14.08,PNQ,18.52,73.86,semi_arid,NASA_POWER_daily_ag,6.753,14.738,1.6069,dewpoint,806.4,38.74
2023-05-01,26.09,34.82,19.63,50.56,0.01,2.88,26.49,93.71,42.18,12.51,PNQ,18.52,73.86,semi_arid,NASA_POWER_daily_ag,6.891,14.533,1.4504,dewpoint,806.4,38.775
2023-05-02,25.95,34.99,17.79,54.56,0.55,2.46,22.92,93.77,47.31,13.54,PNQ,18.52,73.86,semi_arid,NASA_POWER_daily_ag,6.048,13.109,1.5515,dewpoint,799.8,38.808
2023-05-03,26.48,34.67,20.68,61.26,0.58,2.86,24.04,93.89,28.41,16.86,PNQ,18.52,73.86,semi_arid,NASA_POWER_daily_ag,6.123,14.151,1.9206,dewpoint,786.7,38.839
2023-05-04,27.07,35.14,19.72,57.14,0.71,2.27,23.56,93.82,30.53,16.21,PNQ,18.52,73.86,semi_arid,NASA_POWER_daily_ag,5.994,13.812,1.8428,dewpoint,794.4,38.869
2023-05-05,27.61,35.71,20.98,55.5,0.01,2.37,23.7,93.72,38.23,16.57,PNQ,18.52,73.86,semi_arid,NASA_POWER_daily_ag,6.165,13.901,1.8856,dewpoint,805.3,38.897
2023-05-06,28.25,35.43,22.14,56.33,0.03,2.72,21.83,93.73,32.77,17.63,PNQ,18.52,73.86,semi_arid,NASA_POWER_daily_ag,6.168,13.125,2.0165,dewpoint,804.2,38.924
2023-05-07,27.46,34.38,22.77,62.64,1.9,2.39,17.8,93.79,73.68,18.96,PNQ,18.52,73.86,semi_arid,NASA_POWER_daily_ag,5.009,11.244,2.1919,dewpoint,797.6,38.949
2023-05-08,28.39,34.26,23.04,60.72,2.77,1.57,19.15,93.7,82.29,19.15,PNQ,18.52,73.86,semi_arid,NASA_POWER_daily_ag,4.933,11.98,2.218,dewpoint,807.5,38.973
2023-05-09,28.74,35.5,23.38,61.47,3.08,1.85,17.12,93.75,97.14,19.65,PNQ,18.52,73.86,semi_arid,NASA_POWER_daily_ag,4.819,10.944,2.2881,dewpoint,802.0,38.995
2023-05-10,30.62,39.08,22.46,50.21,0.4,1.9,23.31,93.68,58.98,16.81,PNQ,18.52,73.86,semi_arid,NASA_POWER_daily_ag,6.411,13.629,1.9145,dewpoint,809.6,39.016
2023-05-11,31.06,40.32,23.08,41.03,0.0,2.03,23.93,93.73,54.07,13.25,PNQ,18.52,73.86,semi_arid,NASA_POWER_daily_ag,6.916,13.228,1.5224,dewpoint,804.2,39.036
2023-05-12,30.16,39.34,21.9,51.75,0.0,2.76,25.91,93.79,7.83,16.4,PNQ,18.52,73.86,semi_arid,NASA_POWER_daily_ag,7.427,14.835,1.8653,dewpoint,797.6,39.055
2023-05-13,29.93,38.61,22.63,53.63,0.0,3.22,26.22,93.83,7.49,17.18,PNQ,18.52,73.86,semi_arid,NASA_POWER_daily_ag,7.644,15.161,1.9599,dewpoint,793.3,39.072
2023-05-14,28.83,37.2,22.85,55.19,0.0,3.66,27.34,93.79,2.8,16.98,PNQ,18.52,73.86,semi_arid,NASA_POWER_daily_ag,7.726,15.722,1.9353,dewpoint,797.6,39.089
2023-05-15,28.19,36.12,22.1,59.39,0.0,3.58,26.62,93.86,20.33,17.77,PNQ,18.52,73.86,semi_arid,NASA_POWER_daily_ag,7.232,15.599,2.0343,dewpoint,790.0,39.104
2023-05-16,27.97,35.52,22.37,62.79,0.0,3.31,26.75,93.98,13.25,18.69,PNQ,18.52,73.86,semi_arid,NASA_POWER_daily_ag,6.878,15.884,2.1553,dewpoint,776.9,39.118
2023-05-17,29.27,38.0,22.12,56.33,0.0,3.33,27.92,93.99,5.24,17.41,PNQ,18.52,73.86,semi_arid,NASA_POWER_daily_ag,7.695,16.109,1.9887,dewpoint,775.8,39.131
2023-05-18,29.76,38.73,21.78,51.44,0.0,3.08,26.75,94.08,9.32,16.12,PNQ,18.52,73.86,semi_arid,NASA_POWER_daily_ag,7.709,15.223,1.8323,dewpoint,766.1,39.143
2023-05-19,30.02,38.86,22.06,48.77,0.0,3.06,27.54,93.95,5.8,15.27,PNQ,18.52,73.86,semi_arid,NASA_POWER_daily_ag,7.972,15.408,1.7352,dewpoint,780.2,39.154
2023-05-20,29.21,37.71,22.2,55.34,0.0,3.08,27.25,93.91,7.32,17.35,PNQ,18.52,73.86,semi_arid,NASA_POWER_daily_ag,7.445,15.775,1.9811,dewpoint,784.6,39.164
2023-05-21,29.54,38.52,22.75,55.83,0.01,3.38,26.68,93.94,9.97,17.55,PNQ,18.52,73.86,semi_arid,NASA_POWER_daily_ag,7.628,15.488,2.0063,dewpoint,781.3,39.173
2023-05-22,29.88,39.15,22.27,50.45,0.16,3.23,25.72,94.01,13.47,15.77,PNQ,18.52,73.86,semi_arid,NASA_POWER_daily_ag,7.765,14.628,1.7917,dewpoint,773.7,39.181
2023-05-23,30.15,39.77,21.91,45.39,0.0,2.36,25.47,94.0,12.62,14.76,PNQ,18.52,73.86,semi_arid,NASA_POWER_daily_ag,7.179,14.297,1.6792,dewpoint,774.8,39.189
2023-05-24,29.11,37.44,22.45,50.19,0.0,3.33,25.75,94.01,6.62,15.56,PNQ,18.52,73.86,semi_arid,NASA_POWER_daily_ag,7.638,14.66,1.7678,dewpoint,773.7,39.195
2023-05-25,28.09,36.29,22.21,57.16,0.11,4.2,26.35,94.02,11.82,17.21,PNQ,18.52,73.86,semi_arid,NASA_POWER_daily_ag,7.577,15.346,1.9637,dewpoint,772.6,39.201
2023-05-26,27.8,34.79,22.85,62.18,2.27,4.24,24.62,94.07,23.96,18.9,PNQ,18.52,73.86,semi_arid,NASA_POWER_daily_ag,6.883,14.836,2.1837,dewpoint,767.1,39.207
2023-05-27,27.69,35.46,22.1,60.52,0.02,4.12,24.86,93.97,18.39,18.16,PNQ,18.52,73.86,semi_arid,NASA_POWER_daily_ag,6.992,14.815,2.0848,dewpoint,778.0,39.211
2023-05-28,28.69,37.02,22.84,58.93,0.07,3.96,26.72,93.88,8.63,18.41,PNQ,18.52,73.86,semi_arid,NASA_POWER_daily_ag,7.493,15.759,2.1178,dewpoint,787.8,39.215
2023-05-29,29.93,39.42,22.52,55.51,2.03,3.05,26.06,93.81,8.96,17.43,PNQ,18.52,73.86,semi_arid,NASA_POWER_daily_ag,7.471,15.136,1.9912,dewpoint,795.5,39.219
2023-05-30,29.44,37.51,22.72,54.23,2.74,2.8,25.31,93.84,10.85,16.78,PNQ,18.52,73.86,semi_arid,NASA_POWER_daily_ag,7.144,14.687,1.9109,dewpoint,792.2,39.221
2023-05-31,29.99,37.92,23.16,52.77,0.34,2.57,25.25,93.81,13.26,17.34,PNQ,18.52,73.86,semi_arid,NASA_POWER_daily_ag,7.053,14.745,1.9799,dewpoint,795.5,39.224
2023-06-01,29.37,37.72,22.58,53.39,0.87,2.95,25.61,93.81,11.51,17.03,PNQ,18.52,73.86,semi_arid,NASA_POWER_daily_ag,7.235,14.886,1.9414,dewpoint,795.5,39.225
2023-06-02,27.79,35.2,22.86,61.51,2.21,3.82,26.98,93.88,4.42,18.27,PNQ,18.52,73.86,semi_arid,NASA_POWER_daily_ag,7.145,15.925,2.0993,dewpoint,787.8,39.227
2023-06-03,27.42,33.7,22.6,67.17,0.14,3.59,25.91,93.83,12.85,19.93,PNQ,18.52,73.86,semi_arid,NASA_POWER_daily_ag,6.433,15.783,2.3282,dewpoint,793.3,39.227
2023-06-04,27.17,32.72,23.26,71.49,3.36,2.99,18.79,93.82,45.76,20.97,PNQ,18.52,73.86,semi_arid,NASA_POWER_daily_ag,4.946,12.084,2.4824,dewpoint,794.4,39.228
2023-06-05,26.72,32.64,23.1,71.16,4.27,2.87,23.78,93.76,22.0,20.23,PNQ,18.52,73.86,semi_arid,NASA_POWER_daily_ag,5.609,14.707,2.3718,dewpoint,800.9,39.228
2023-06-06,28.06,35.6,22.47,66.89,0.02,3.28,23.43,93.71,23.18,20.19,PNQ,18.52,73.86,semi_arid,NASA_POWER_daily_ag,6.165,14.45,2.3659,dewpoint,806.4,39.227
2023-06-07,28.35,35.61,23.24,63.66,0.03,3.56,26.1,93.68,14.49,19.47,PNQ,18.52,73.86,semi_arid,NASA_POWER_daily_ag,6.891,15.712,2.2627,dewpoint,809.6,39.227
2023-06-08,28.66,35.54,23.62,65.23,1.46,3.02,24.85,93.72,45.2,20.6,PNQ,18.52,73.86,semi_arid,NASA_POWER_daily_ag,6.39,15.278,2.4266,dewpoint,805.3,39.226
2023-06-09,27.77,33.12,23.78,71.77,3.38,3.17,23.26,93.6,42.25,21.61,PNQ,18.52,73.86,semi_arid,NASA_POWER_daily_ag,5.706,14.663,2.5817,dewpoint,818.4,39.224
2023-06-10,27.48,32.83,24.08,72.54,2.2,4.1,23.99,93.49,34.25,21.51,PNQ,18.52,73.86,semi_arid,NASA_POWER_daily_ag,5.939,15.053,2.566,dewpoint,830.4,39.222
2023-06-11,27.72,33.46,23.82,66.91,0.23,4.98,21.56,93.42,49.97,20.27,PNQ,18.52,73.86,semi_arid,NASA_POWER_daily_ag,6.336,13.477,2.3776,dewpoint,838.1,39.22
2023-06-12,27.56,33.36,23.36,66.93,2.47,5.47,22.35,93.44,52.29,20.19,PNQ,18.52,73.86,semi_arid,NASA_POWER_daily_ag,6.522,13.903,2.3659,dewpoint,835.9,39.218
2023-06-13,27.03,32.79,22.9,70.79,1.69,5.38,18.17,93.54,69.41,20.82,PNQ,18.52,73.86,semi_arid,NASA_POWER_daily_ag,5.496,11.728,2.4596,dewpoint,824.9,39.216
2023-06-14,26.8,32.26,23.03,73.39,6.14,5.26,18.1,93.67,73.22,21.11,PNQ,18.52,73.86,semi_arid,NASA_POWER_daily_ag,5.237,11.731,2.5039,dewpoint,810.7,39.213
2023-06-15,26.88,32.46,23.12,74.77,1.66,5.36,21.59,93.71,40.93,21.53,PNQ,18.52,73.86,semi_arid,NASA_POWER_daily_ag,5.573,13.736,2.5691,dewpoint,806.4,39.21
2023-06-16,27.15,32.65,23.54,74.93,1.37,6.11,16.97,93.63,66.28,21.82,PNQ,18.52,73.86,semi_arid,NASA_POWER_daily_ag,5.171,11.172,2.6151,dewpoint,815.1,39.207
2023-06-17,27.03,32.31,23.89,76.03,1.11,5.63,17.59,93.67,80.33,21.94,PNQ,18.52,73.86,semi_arid,NASA_POWER_daily_ag,5.043,11.536,2.6343,dewpoint,810.7,39.204
2023-06-18,27.06,32.5,23.51,74.77,0.37,5.14,17.98,93.67,75.55,21.68,PNQ,18.52,73.86,semi_arid,NASA_POWER_daily_ag,5.118,11.725,2.5928,dewpoint,810.7,39.2
2023-06-19,27.14,32.73,23.52,73.77,0.08,4.38,18.82,93.61,79.7,21.49,PNQ,18.52,73.86,semi_arid,NASA_POWER_daily_ag,5.168,12.167,2.5629,dewpoint,817.3,39.196
2023-06-20,27.53,33.43,23.54,72.79,0.08,4.32,20.26,93.55,53.89,21.61,PNQ,18.52,73.86,semi_arid,NASA_POWER_daily_ag,5.482,12.978,2.5817,dewpoint,823.8,39.192
2023-06-21,26.71,31.21,23.79,74.03,0.22,3.92,19.83,93.58,60.06,21.28,PNQ,18.52,73.86,semi_arid,NASA_POWER_daily_ag,5.079,12.722,2.5301,dewpoint,820.6,39.188
2023-06-22,27.15,32.82,23.58,71.15,0.9,4.02,20.97,93.58,71.28,20.87,PNQ,18.52,73.86,semi_arid,NASA_POWER_daily_ag,5.552,13.264,2.4672,dewpoint,820.6,39.184
2023-06-23,26.97,32.77,23.08,72.15,1.42,3.95,19.39,93.55,81.67,20.94,PNQ,18.52,73.86,semi_arid,NASA_POWER_daily_ag,5.231,12.412,2.4779,dewpoint,823.8,39.18
2023-06-24,25.51,29.34,22.66,82.1,39.91,3.89,10.83,93.49,97.86,22.02,PNQ,18.52,73.86,semi_arid,NASA_POWER_daily_ag,3.141,7.736,2.6472,dewpoint,830.4,39.175
2023-06-25,24.64,28.04,22.21,83.48,33.15,3.57,9.31,93.5,99.28,21.44,PNQ,18.52,73.86,semi_arid,NASA_POWER_daily_ag,2.739,6.859,2.555,dewpoint,829.3,39.171
2023-06-26,23.89,26.6,21.64,87.72,46.52,4.4,11.7,93.57,99.98,21.64,PNQ,18.52,73.86,semi_arid,NASA_POWER_daily_ag,2.735,8.234,2.5865,dewpoint,821.7,39.166
2023-06-27,23.09,25.21,20.98,89.01,38.73,4.14,9.91,93.57,99.44,21.12,PNQ,18.52,73.86,semi_arid,NASA_POWER_daily_ag,2.345,7.202,2.5054,dewpoint,821.7,39.161
2023-06-28,23.58,26.37,21.46,89.34,26.72,5.49,7.79,93.64,99.12,21.69,PNQ,18.52,73.86,semi_arid,NASA_POWER_daily_ag,2.136,5.996,2.5944,dewpoint,814.0,39.155
2023-06-29,23.4,26.62,21.51,84.87,16.77,5.53,9.78,93.7,99.61,20.56,PNQ,18.52,73.86,semi_arid,NASA_POWER_daily_ag,2.782,7.109,2.4206,dewpoint,807.5,39.15
2023-06-30,23.86,26.32,21.49,90.17,64.8,6.04,7.64,93.6,99.72,22.1,PNQ,18.52,73.86,semi_arid,NASA_POWER_daily_ag,2.091,5.909,2.6601,dewpoint,818.4,39.144
2023-07-01,23.88,26.27,22.18,89.49,24.84,5.29,8.91,93.7,99.58,22.0,PNQ,18.52,73.86,semi_arid,NASA_POWER_daily_ag,2.272,6.64,2.6439,dewpoint,807.5,39.138
2023-07-02,24.88,28.18,22.82,88.04,19.11,5.06,10.46,93.61,95.13,22.66,PNQ,18.52,73.86,semi_arid,NASA_POWER_daily_ag,2.666,7.546,2.7522,dewpoint,817.3,39.132
2023-07-03,25.04,27.85,23.41,90.18,27.65,4.21,14.29,93.45,95.22,23.26,PNQ,18.52,73.86,semi_arid,NASA_POWER_daily_ag,2.973,9.818,2.8539,dewpoint,834.8,39.126
2023-07-04,24.71,27.69,23.17,90.8,20.32,3.72,11.61,93.26,99.21,23.06,PNQ,18.52,73.86,semi_arid,NASA_POWER_daily_ag,2.542,8.235,2.8196,dewpoint,855.6,39.119
2023-07-05,24.31,28.22,22.46,89.44,10.79,4.08,12.55,93.11,99.76,22.39,PNQ,18.52,73.86,semi_arid,NASA_POWER_daily_ag,2.74,8.748,2.7074,dewpoint,872.0,39.112
2023-07-06,23.93,25.87,22.22,91.56,30.37,4.33,11.27,93.22,99.53,22.44,PNQ,18.52,73.86,semi_arid,NASA_POWER_daily_ag,2.388,8.021,2.7157,dewpoint,860.0,39.105
2023-07-07,24.49,27.27,23.25,90.99,38.2,6.47,9.2,93.4,99.26,22.88,PNQ,18.52,73.86,semi_arid,NASA_POWER_daily_ag,2.238,6.819,2.7891,dewpoint,840.2,39.097
2023-07-08,24.4,27.22,22.47,88.16,17.81,6.34,13.3,93.54,89.37,22.23,PNQ,18.52,73.86,semi_arid,NASA_POWER_daily_ag,2.986,9.173,2.6812,dewpoint,824.9,39.089
2023-07-09,24.06,27.44,22.24,88.9,8.16,5.62,14.84,93.61,92.49,22.03,PNQ,18.52,73.86,semi_arid,NASA_POWER_daily_ag,3.056,10.043,2.6488,dewpoint,817.3,39.081
2023-07-10,24.3,27.7,22.08,87.83,4.56,4.69,14.38,93.65,90.95,22.05,PNQ,18.52,73.86,semi_arid,NASA_POWER_daily_ag,3.107,9.779,2.652,dewpoint,812.9,39.073
2023-07-11,24.23,27.78,21.67,87.6,3.32,4.23,12.23,93.69,96.72,21.91,PNQ,18.52,73.86,semi_arid,NASA_POWER_daily_ag,2.843,8.537,2.6295,dewpoint,808.6,39.064
2023-07-12,23.94,26.52,21.83,88.52,4.58,3.51,12.41,93.6,99.49,21.85,PNQ,18.52,73.86,semi_arid,NASA_POWER_daily_ag,2.741,8.644,2.6199,dewpoint,818.4,39.054
2023-07-13,23.47,25.98,21.29,87.7,12.12,3.62,13.37,93.61,98.5,21.21,PNQ,18.52,73.86,semi_arid,NASA_POWER_daily_ag,2.89,9.16,2.5193,dewpoint,817.3,39.044
2023-07-14,24.22,27.16,22.41,87.95,16.84,4.18,9.06,93.67,98.65,21.99,PNQ,18.52,73.86,semi_arid,NASA_POWER_daily_ag,2.402,6.72,2.6423,dewpoint,810.7,39.034
2023-07-15,24.32,27.36,22.17,88.38,9.22,4.54,14.87,93.73,99.26,22.19,PNQ,18.52,73.86,semi_arid,NASA_POWER_daily_ag,3.119,10.07,2.6747,dewpoint,804.2,39.023
2023-07-16,24.1,26.35,22.83,91.65,15.26,4.54,13.09,93.65,99.01,22.64,PNQ,18.52,73.86,semi_arid,NASA_POWER_daily_ag,2.61,9.076,2.7488,dewpoint,812.9,39.012
2023-07-17,24.09,26.12,22.82,90.93,31.63,5.02,6.75,93.54,99.04,22.49,PNQ,18.52,73.86,semi_arid,NASA_POWER_daily_ag,1.885,5.387,2.7239,dewpoint,824.9,39.0
2023-07-18,24.05,26.49,22.82,92.17,82.44,6.22,7.53,93.44,99.8,22.68,PNQ,18.52,73.86,semi_arid,NASA_POWER_daily_ag,1.892,5.839,2.7555,dewpoint,835.9,38.987
2023-07-19,23.58,25.3,22.16,93.23,94.4,6.04,5.67,93.26,99.75,22.42,PNQ,18.52,73.86,semi_arid,NASA_POWER_daily_ag,1.547,4.758,2.7124,dewpoint,855.6,38.974
2023-07-20,23.03,24.91,21.26,94.27,45.73,6.17,10.36,93.27,98.66,22.08,PNQ,18.52,73.86,semi_arid,NASA_POWER_daily_ag,1.94,7.479,2.6569,dewpoint,854.5,38.96
2023-07-21,22.55,24.55,20.67,93.97,42.9,5.26,7.84,93.46,99.95,21.54,PNQ,18.52,73.86,semi_arid,NASA_POWER_daily_ag,1.68,6.017,2.5707,dewpoint,833.7,38.946
2023-07-22,23.09,24.65,21.73,94.9,40.17,5.26,7.32,93.47,99.8,22.24,PNQ,18.52,73.86,semi_arid,NASA_POWER_daily_ag,1.567,5.716,2.6829,dewpoint,832.6,38.93
2023-07-23,23.82,25.77,21.77,93.18,38.31,6.1,9.33,93.43,99.43,22.64,PNQ,18.52,73.86,semi_arid,NASA_POWER_daily_ag,1.986,6.887,2.7488,dewpoint,837.0,38.914
2023-07-24,23.95,26.2,22.57,93.14,47.54,5.87,10.29,93.44,99.3,22.77,PNQ,18.52,73.86,semi_arid,NASA_POWER_daily_ag,2.107,7.447,2.7706,dewpoint,835.9,38.897
2023-07-25,23.35,24.44,22.62,95.26,44.66,5.1,6.76,93.61,99.32,22.57,PNQ,18.52,73.86,semi_arid,NASA_POWER_daily_ag,1.479,5.385,2.7372,dewpoint,817.3,38.88
2023-07-26,23.42,24.81,22.25,95.31,64.93,5.34,7.11,93.69,99.5,22.65,PNQ,18.52,73.86,semi_arid,NASA_POWER_daily_ag,1.514,5.588,2.7505,dewpoint,808.6,38.861
2023-07-27,23.21,24.34,22.34,95.41,58.67,5.84,3.65,93.72,99.49,22.46,PNQ,18.52,73.86,semi_arid,NASA_POWER_daily_ag,1.09,3.573,2.719,dewpoint,805.3,38.842
2023-07-28,23.54,26.05,21.99,92.99,34.73,5.87,6.94,93.73,99.32,22.33,PNQ,18.52,73.86,semi_arid,NASA_POWER_daily_ag,1.713,5.491,2.6976,dewpoint,804.2,38.821
2023-07-29,23.37,25.91,21.59,92.5,18.67,5.43,10.67,93.75,99.25,22.07,PNQ,18.52,73.86,semi_arid,NASA_POWER_daily_ag,2.178,7.642,2.6552,dewpoint,802.0,38.8
2023-07-30,23.57,26.18,22.1,92.6,15.89,5.16,13.37,93.68,94.46,22.29,PNQ,18.52,73.86,semi_arid,NASA_POWER_daily_ag,2.507,9.206,2.691,dewpoint,809.6,38.777
2023-07-31,23.84,26.14,22.62,92.84,17.48,5.61,8.21,93.58,93.8,22.6,PNQ,18.52,73.86,semi_arid,NASA_POWER_daily_ag,1.888,6.225,2.7422,dewpoint,820.6,38.754
2023-08-01,23.73,26.2,22.38,92.73,16.68,5.78,9.42,93.59,94.53,22.47,PNQ,18.52,73.86,semi_arid,NASA_POWER_daily_ag,2.032,6.925,2.7206,dewpoint,819.5,38.729
2023-08-02,23.0,25.21,21.59,93.6,6.12,5.62,8.54,93.67,99.64,21.91,PNQ,18.52,73.86,semi_arid,NASA_POWER_daily_ag,1.811,6.41,2.6295,dewpoint,810.7,38.704
2023-08-03,23.14,25.83,21.56,92.0,5.94,5.77,8.53,93.65,98.66,21.75,PNQ,18.52,73.86,semi_arid,NASA_POWER_daily_ag,1.961,6.401,2.6039,dewpoint,812.9,38.677
2023-08-04,23.51,26.63,21.63,91.3,11.05,5.75,10.61,93.75,95.14,21.98,PNQ,18.52,73.86,semi_arid,NASA_POWER_daily_ag,2.285,7.593,2.6407,dewpoint,802.0,38.649
2023-08-05,23.25,25.72,21.55,91.76,7.09,4.97,10.12,93.92,92.6,21.81,PNQ,18.52,73.86,semi_arid,NASA_POWER_daily_ag,2.171,7.308,2.6135,dewpoint,783.5,38.619
2023-08-06,23.42,26.66,21.49,90.64,5.75,5.07,11.19,93.82,91.72,21.75,PNQ,18.52,73.86,semi_arid,NASA_POWER_daily_ag,2.408,7.912,2.6039,dewpoint,794.4,38.589
2023-08-07,23.24,26.33,21.51,90.78,3.11,5.09,11.02,93.67,99.07,21.61,PNQ,18.52,73.86,semi_arid,NASA_POWER_daily_ag,2.359,7.81,2.5817,dewpoint,810.7,38.557
2023-08-08,23.33,26.38,21.6,90.47,3.51,4.7,11.3,93.72,98.82,21.63,PNQ,18.52,73.86,semi_arid,NASA_POWER_daily_ag,2.426,7.968,2.5849,dewpoint,805.3,38.523
2023-08-09,23.4,26.36,21.64,91.19,4.99,3.91,13.63,93.92,97.14,21.84,PNQ,18.52,73.86,semi_arid,NASA_POWER_daily_ag,2.669,9.304,2.6183,dewpoint,783.5,38.489
2023-08-10,23.25,26.87,21.25,91.09,5.51,3.55,13.71,93.97,75.8,21.66,PNQ,18.52,73.86,semi_arid,NASA_POWER_daily_ag,2.685,9.333,2.5896,dewpoint,778.0,38.452
2023-08-11,23.45,27.47,20.64,89.71,3.03,3.37,16.45,93.91,63.38,21.57,PNQ,18.52,73.86,semi_arid,NASA_POWER_daily_ag,3.153,10.878,2.5754,dewpoint,784.6,38.415
2023-08-12,23.17,26.89,20.6,89.82,4.51,3.73,15.04,93.9,73.5,21.31,PNQ,18.52,73.86,semi_arid,NASA_POWER_daily_ag,2.934,10.058,2.5348,dewpoint,785.7,38.376
2023-08-13,22.7,25.44,21.09,91.33,6.16,3.88,12.95,93.79,89.34,21.18,PNQ,18.52,73.86,semi_arid,NASA_POWER_daily_ag,2.518,8.875,2.5146,dewpoint,797.6,38.335
2023-08-14,23.04,26.28,21.09,89.89,2.77,3.9,14.85,93.82,91.08,21.22,PNQ,18.52,73.86,semi_arid,NASA_POWER_daily_ag,2.882,9.939,2.5208,dewpoint,794.4,38.293
2023-08-15,23.03,26.46,20.95,89.34,2.98,3.44,10.88,93.87,99.22,21.09,PNQ,18.52,73.86,semi_arid,NASA_POWER_daily_ag,2.418,7.693,2.5008,dewpoint,788.9,38.249
2023-08-16,23.23,27.05,20.73,89.38,3.69,3.17,16.89,93.9,64.81,21.27,PNQ,18.52,73.86,semi_arid,NASA_POWER_daily_ag,3.215,11.08,2.5286,dewpoint,785.7,38.204
2023-08-17,23.31,27.13,20.64,89.4,4.11,3.55,13.03,93.9,76.83,21.36,PNQ,18.52,73.86,semi_arid,NASA_POWER_daily_ag,2.716,8.909,2.5425,dewpoint,785.7,38.157
2023-08-18,22.95,26.22,21.12,90.83,3.4,3.55,13.62,93.78,94.2,21.3,PNQ,18.52,73.86,semi_arid,NASA_POWER_daily_ag,2.667,9.238,2.5332,dewpoint,798.7,38.108
2023-08-19,23.31,26.91,21.39,90.65,8.48,3.81,11.23,93.68,99.07,21.63,PNQ,18.52,73.86,semi_arid,NASA_POWER_daily_ag,2.397,7.899,2.5849,dewpoint,809.6,38.057
2023-08-20,23.46,26.51,21.24,89.97,8.48,3.98,11.93,93.64,81.69,21.65,PNQ,18.52,73.86,semi_arid,NASA_POWER_daily_ag,2.543,8.296,2.5881,dewpoint,814.0,38.005
2023-08-21,23.17,27.02,20.51,89.41,3.92,3.22,15.48,93.69,55.72,21.22,PNQ,18.52,73.86,semi_arid,NASA_POWER_daily_ag,3.019,10.264,2.5208,dewpoint,808.6,37.951
2023-08-22,23.16,26.92,20.28,89.84,6.1,3.03,10.14,93.72,86.23,21.3,PNQ,18.52,73.86,semi_arid,NASA_POWER_daily_ag,2.29,7.266,2.5332,dewpoint,805.3,37.896
2023-08-23,23.13,26.13,20.9,90.59,3.85,3.2,16.05,93.74,85.46,21.44,PNQ,18.52,73.86,semi_arid,NASA_POWER_daily_ag,3.014,10.603,2.555,dewpoint,803.1,37.838
2023-08-24,23.57,26.98,20.96,89.63,9.84,3.71,14.73,93.67,79.67,21.69,PNQ,18.52,73.86,semi_arid,NASA_POWER_daily_ag,2.926,9.867,2.5944,dewpoint,810.7,37.779
2023-08-25,23.97,27.36,21.65,90.66,14.53,3.66,11.31,93.65,80.74,22.29,PNQ,18.52,73.86,semi_arid,NASA_POWER_daily_ag,2.444,7.951,2.691,dewpoint,812.9,37.717
2023-08-26,23.85,27.1,21.88,90.42,13.71,3.84,13.39,93.78,83.99,22.12,PNQ,18.52,73.86,semi_arid,NASA_POWER_daily_ag,2.721,9.122,2.6633,dewpoint,798.7,37.654
2023-08-27,23.91,27.74,21.64,89.33,12.2,3.8,14.42,93.87,79.53,21.94,PNQ,18.52,73.86,semi_arid,NASA_POWER_daily_ag,2.938,9.683,2.6343,dewpoint,788.9,37.589
2023-08-28,23.55,27.07,21.35,90.3,9.05,3.34,16.03,93.82,68.57,21.8,PNQ,18.52,73.86,semi_arid,NASA_POWER_daily_ag,3.051,10.585,2.6119,dewpoint,794.4,37.522
2023-08-29,23.57,27.51,20.63,89.27,1.65,2.34,20.02,93.8,37.75,21.57,PNQ,18.52,73.86,semi_arid,NASA_POWER_daily_ag,3.698,12.8,2.5754,dewpoint,796.6,37.454
2023-08-30,23.7,27.94,20.2,87.57,0.18,1.77,21.79,93.87,16.93,21.36,PNQ,18.52,73.86,semi_arid,NASA_POWER_daily_ag,4.05,13.748,2.5425,dewpoint,788.9,37.383
2023-08-31,24.28,28.79,20.59,86.84,1.37,1.43,22.3,93.84,31.32,21.77,PNQ,18.52,73.86,semi_arid,NASA_POWER_daily_ag,4.223,14.074,2.6071,dewpoint,792.2,37.31
2023-09-01,24.83,29.85,21.25,86.79,12.8,1.68,18.76,93.82,62.86,22.26,PNQ,18.52,73.86,semi_arid,NASA_POWER_daily_ag,3.744,12.12,2.6861,dewpoint,794.4,37.236
2023-09-02,23.57,26.55,21.78,92.04,17.73,2.33,7.45,93.78,97.59,22.17,PNQ,18.52,73.86,semi_arid,NASA_POWER_daily_ag,1.788,5.722,2.6715,dewpoint,798.7,37.159
2023-09-03,23.52,27.31,21.12,90.05,3.86,2.45,9.01,93.7,97.53,21.71,PNQ,18.52,73.86,semi_arid,NASA_POWER_daily_ag,2.11,6.595,2.5976,dewpoint,807.5,37.081
2023-09-04,23.34,27.35,20.91,89.37,2.43,3.04,15.34,93.61,80.03,21.4,PNQ,18.52,73.86,semi_arid,NASA_POWER_daily_ag,2.995,10.114,2.5488,dewpoint,817.3,37.0
2023-09-05,23.07,27.48,19.41,88.51,0.35,2.48,23.05,93.6,23.36,20.92,PNQ,18.52,73.86,semi_arid,NASA_POWER_daily_ag,4.067,14.337,2.4748,dewpoint,818.4,36.918
2023-09-06,23.38,27.39,20.26,89.93,3.73,2.94,18.31,93.58,56.85,21.55,PNQ,18.52,73.86,semi_arid,NASA_POWER_daily_ag,3.362,11.782,2.5723,dewpoint,820.6,36.834
2023-09-07,22.72,24.36,21.69,93.73,38.47,4.09,7.05,93.55,97.28,21.66,PNQ,18.52,73.86,semi_arid,NASA_POWER_daily_ag,1.607,5.481,2.5896,dewpoint,823.8,36.747
2023-09-08,23.22,24.6,22.15,95.5,46.07,4.55,3.73,93.58,99.9,22.48,PNQ,18.52,73.86,semi_arid,NASA_POWER_daily_ag,1.084,3.578,2.7223,dewpoint,820.6,36.659
2023-09-09,24.08,26.88,22.75,92.45,16.04,4.15,10.7,93.63,99.03,22.75,PNQ,18.52,73.86,semi_arid,NASA_POWER_daily_ag,2.228,7.554,2.7672,dewpoint,815.1,36.569
2023-09-10,24.14,27.16,22.28,90.93,7.67,3.7,14.85,93.61,98.45,22.5,PNQ,18.52,73.86,semi_arid,NASA_POWER_daily_ag,2.884,9.891,2.7256,dewpoint,817.3,36.477
2023-09-11,24.12,27.93,21.71,90.36,4.07,3.65,18.01,93.66,49.22,22.36,PNQ,18.52,73.86,semi_arid,NASA_POWER_daily_ag,3.331,11.649,2.7025,dewpoint,811.8,36.383
2023-09-12,23.35,27.06,20.66,90.58,1.52,3.13,19.82,93.75,39.65,21.64,PNQ,18.52,73.86,semi_arid,NASA_POWER_daily_ag,3.498,12.575,2.5865,dewpoint,802.0,36.287
2023-09-13,23.13,26.54,20.63,90.94,3.62,2.96,18.07,93.71,47.6,21.5,PNQ,18.52,73.86,semi_arid,NASA_POWER_daily_ag,3.235,11.58,2.5644,dewpoint,806.4,36.19
2023-09-14,23.06,26.65,20.41,90.16,3.62,2.21,15.17,93.72,65.71,21.27,PNQ,18.52,73.86,semi_arid,NASA_POWER_daily_ag,2.908,9.937,2.5286,dewpoint,805.3,36.09
2023-09-15,22.94,25.65,20.41,91.87,1.66,2.34,16.64,93.69,79.28,21.49,PNQ,18.52,73.86,semi_arid,NASA_POWER_daily_ag,3.021,10.78,2.5629,dewpoint,808.6,35.989
2023-09-16,23.38,25.38,22.02,92.9,4.85,3.93,10.44,93.67,99.54,22.15,PNQ,18.52,73.86,semi_arid,NASA_POWER_daily_ag,2.111,7.35,2.6682,dewpoint,810.7,35.886
2023-09-17,24.04,27.19,22.14,90.6,5.88,4.12,13.7,93.58,99.53,22.33,PNQ,18.52,73.86,semi_arid,NASA_POWER_daily_ag,2.735,9.171,2.6976,dewpoint,820.6,35.781
2023-09-18,24.18,27.73,22.02,90.26,12.01,4.02,14.79,93.57,83.19,22.4,PNQ,18.52,73.86,semi_arid,NASA_POWER_daily_ag,2.907,9.776,2.7091,dewpoint,821.7,35.674
2023-09-19,24.04,27.38,21.98,90.55,10.48,3.57,14.62,93.73,70.28,22.34,PNQ,18.52,73.86,semi_arid,NASA_POWER_daily_ag,2.85,9.668,2.6992,dewpoint,804.2,35.566
2023-09-20,24.22,27.97,21.65,90.98,14.18,3.09,13.08,93.77,77.07,22.59,PNQ,18.52,73.86,semi_arid,NASA_POWER_daily_ag,2.643,8.815,2.7405,dewpoint,799.8,35.456
2023-09-21,24.31,27.67,22.5,92.81,23.02,2.62,14.82,93.75,86.11,23.03,PNQ,18.52,73.86,semi_arid,NASA_POWER_daily_ag,2.804,9.824,2.8145,dewpoint,802.0,35.344
2023-09-22,23.78,26.51,21.79,91.81,15.92,1.82,10.71,93.8,99.78,22.33,PNQ,18.52,73.86,semi_arid,NASA_POWER_daily_ag,2.245,7.463,2.6976,dewpoint,796.6,35.23
2023-09-23,23.35,26.56,21.63,93.13,29.98,2.19,9.53,93.83,99.61,22.16,PNQ,18.52,73.86,semi_arid,NASA_POWER_daily_ag,1.995,6.791,2.6698,dewpoint,793.3,35.116
2023-09-24,22.91,26.51,20.76,91.3,7.92,2.11,11.99,93.86,99.62,21.37,PNQ,18.52,73.86,semi_arid,NASA_POWER_daily_ag,2.386,8.104,2.5441,dewpoint,790.0,34.999
2023-09-25,23.14,27.42,19.74,90.72,7.28,1.9,15.56,93.77,90.73,21.47,PNQ,18.52,73.86,semi_arid,NASA_POWER_daily_ag,2.925,10.056,2.5597,dewpoint,799.8,34.881
2023-09-26,23.86,27.33,21.43,91.74,22.38,1.74,16.0,93.74,82.84,22.38,PNQ,18.52,73.86,semi_arid,NASA_POWER_daily_ag,3.017,10.375,2.7058,dewpoint,803.1,34.762
2023-09-27,24.22,27.31,22.16,91.38,20.12,1.96,8.8,93.67,95.12,22.68,PNQ,18.52,73.86,semi_arid,NASA_POWER_daily_ag,2.0,6.37,2.7555,dewpoint,810.7,34.641
2023-09-28,24.5,28.15,22.01,90.11,16.02,1.87,12.74,93.62,88.74,22.71,PNQ,18.52,73.86,semi_arid,NASA_POWER_daily_ag,2.634,8.558,2.7605,dewpoint,816.2,34.519
2023-09-29,24.44,27.95,21.72,90.28,14.33,2.31,15.23,93.57,83.67,22.7,PNQ,18.52,73.86,semi_arid,NASA_POWER_daily_ag,2.975,9.94,2.7589,dewpoint,821.7,34.395
2023-09-30,24.56,28.5,21.91,89.1,12.5,2.47,15.7,93.56,96.5,22.56,PNQ,18.52,73.86,semi_arid,NASA_POWER_daily_ag,3.103,10.162,2.7355,dewpoint,822.7,34.27
2023-10-01,23.58,26.5,21.21,92.79,25.36,3.12,6.45,93.55,99.62,22.32,PNQ,18.52,73.86,semi_arid,NASA_POWER_daily_ag,1.602,5.039,2.6959,dewpoint,823.8,34.145
2023-10-02,22.42,25.18,20.65,92.18,8.84,1.97,12.28,93.85,85.32,21.05,PNQ,18.52,73.86,semi_arid,NASA_POWER_daily_ag,2.346,8.173,2.4947,dewpoint,791.1,34.017
2023-10-03,23.42,27.59,20.47,88.5,0.12,1.6,18.24,93.96,68.7,21.25,PNQ,18.52,73.86,semi_arid,NASA_POWER_daily_ag,3.377,11.35,2.5255,dewpoint,779.1,33.889
2023-10-04,23.49,28.21,20.37,87.99,0.0,1.54,19.59,94.02,42.4,21.19,PNQ,18.52,73.86,semi_arid,NASA_POWER_daily_ag,3.584,12.033,2.5162,dewpoint,772.6,33.76
2023-10-05,22.76,27.65,19.19,85.94,0.0,1.54,21.4,94.0,21.22,20.01,PNQ,18.52,73.86,semi_arid,NASA_POWER_daily_ag,3.806,12.787,2.3397,dewpoint,774.8,33.63
2023-10-06,23.27,28.71,19.43,85.22,0.0,1.3,21.42,93.92,21.67,20.36,PNQ,18.52,73.86,semi_arid,NASA_POWER_daily_ag,3.87,12.813,2.3909,dewpoint,783.5,33.499
2023-10-07,24.15,29.77,19.99,83.74,0.0,0.99,21.58,93.94,11.97,20.87,PNQ,18.52,73.86,semi_arid,NASA_POWER_daily_ag,3.995,12.938,2.4672,dewpoint,781.3,33.367
2023-10-08,24.25,30.05,19.17,81.92,0.0,1.15,20.76,94.04,14.2,20.58,PNQ,18.52,73.86,semi_arid,NASA_POWER_daily_ag,3.922,12.441,2.4236,dewpoint,770.4,33.235
2023-10-09,23.87,29.81,18.97,81.79,0.0,1.36,20.18,94.17,10.99,20.19,PNQ,18.52,73.86,semi_arid,NASA_POWER_daily_ag,3.817,12.055,2.3659,dewpoint,756.3,33.101
2023-10-10,23.44,29.15,19.08,83.26,0.0,1.54,20.36,94.18,8.38,20.1,PNQ,18.52,73.86,semi_arid,NASA_POWER_daily_ag,3.773,12.123,2.3528,dewpoint,755.2,32.967
2023-10-11,23.65,29.13,19.32,84.11,0.0,1.32,18.68,94.15,19.5,20.52,PNQ,18.52,73.86,semi_arid,NASA_POWER_daily_ag,3.521,11.308,2.4146,dewpoint,758.4,32.833
2023-10-12,24.12,29.74,19.31,78.77,0.0,1.57,19.09,94.18,13.36,19.87,PNQ,18.52,73.86,semi_arid,NASA_POWER_daily_ag,3.766,11.373,2.3195,dewpoint,755.2,32.698
2023-10-13,24.3,29.82,19.18,75.38,0.0,1.97,20.23,94.25,9.32,19.26,PNQ,18.52,73.86,semi_arid,NASA_POWER_daily_ag,4.109,11.813,2.2333,dewpoint,747.6,32.562
2023-10-14,23.97,29.62,18.58,74.33,0.0,1.4,19.98,94.23,14.74,18.65,PNQ,18.52,73.86,semi_arid,NASA_POWER_daily_ag,3.924,11.574,2.1499,dewpoint,749.7,32.427
2023-10-15,24.03,29.07,19.39,79.28,0.05,1.34,17.74,94.09,22.5,19.95,PNQ,18.52,73.86,semi_arid,NASA_POWER_daily_ag,3.502,10.657,2.3311,dewpoint,765.0,32.291
2023-10-16,24.23,28.9,19.68,77.45,0.07,1.46,16.58,94.1,36.39,19.78,PNQ,18.52,73.86,semi_arid,NASA_POWER_daily_ag,3.421,10.027,2.3066,dewpoint,763.9,32.154
2023-10-17,24.08,29.09,19.54,79.11,0.93,1.35,18.03,94.2,27.74,19.98,PNQ,18.52,73.86,semi_arid,NASA_POWER_daily_ag,3.538,10.763,2.3354,dewpoint,753.0,32.018
2023-10-18,23.74,29.24,19.35,80.47,0.15,1.79,18.33,94.27,27.37,19.93,PNQ,18.52,73.86,semi_arid,NASA_POWER_daily_ag,3.575,10.884,2.3282,dewpoint,745.4,31.882
2023-10-19,24.23,29.09,19.49,76.22,0.12,1.35,16.23,94.23,40.49,19.51,PNQ,18.52,73.86,semi_arid,NASA_POWER_daily_ag,3.357,9.756,2.2683,dewpoint,749.7,31.745
2023-10-20,24.07,28.46,20.08,79.17,0.12,1.42,13.07,94.24,57.64,20.11,PNQ,18.52,73.86,semi_arid,NASA_POWER_daily_ag,2.851,8.238,2.3543,dewpoint,748.7,31.609
2023-10-21,23.7,28.29,20.39,81.07,0.02,1.6,15.24,94.3,66.0,20.12,PNQ,18.52,73.86,semi_arid,NASA_POWER_daily_ag,3.092,9.307,2.3557,dewpoint,742.1,31.473
2023-10-22,23.43,28.83,19.22,79.57,0.0,1.57,17.95,94.32,41.11,19.41,PNQ,18.52,73.86,semi_arid,NASA_POWER_daily_ag,3.463,10.535,2.2542,dewpoint,740.0,31.337
2023-10-23,22.9,28.81,17.8,76.3,0.0,1.7,19.07,94.23,19.69,18.13,PNQ,18.52,73.86,semi_arid,NASA_POWER_daily_ag,3.658,10.867,2.0809,dewpoint,749.7,31.202
2023-10-24,22.74,28.59,18.06,78.05,0.0,1.61,19.33,94.18,27.18,18.43,PNQ,18.52,73.86,semi_arid,NASA_POWER_daily_ag,3.597,11.02,2.1205,dewpoint,755.2,31.067
2023-10-25,22.17,28.47,17.32,74.26,0.0,1.89,18.21,94.31,12.54,16.99,PNQ,18.52,73.86,semi_arid,NASA_POWER_daily_ag,3.559,10.245,1.9365,dewpoint,741.1,30.932
2023-10-26,21.09,27.36,16.28,69.38,0.0,2.26,19.84,94.36,5.23,14.67,PNQ,18.52,73.86,semi_arid,NASA_POWER_daily_ag,3.878,10.617,1.6695,dewpoint,735.6,30.798
2023-10-27,20.73,27.27,14.66,66.73,0.0,2.0,20.48,94.22,0.83,13.72,PNQ,18.52,73.86,semi_arid,NASA_POWER_daily_ag,3.897,10.752,1.5698,dewpoint,750.8,30.665
2023-10-28,20.85,28.04,14.92,69.58,0.0,1.79,20.33,94.18,0.54,14.62,PNQ,18.52,73.86,semi_arid,NASA_POWER_daily_ag,3.731,10.781,1.6641,dewpoint,755.2,30.532
2023-10-29,21.17,28.74,14.59,69.04,0.0,1.59,19.41,94.14,0.99,14.8,PNQ,18.52,73.86,semi_arid,NASA_POWER_daily_ag,3.612,10.375,1.6835,dewpoint,759.5,30.401
2023-10-30,20.9,28.16,15.13,70.19,0.0,2.05,17.85,94.11,5.06,14.86,PNQ,18.52,73.86,semi_arid,NASA_POWER_daily_ag,3.518,9.694,1.69,dewpoint,762.8,30.27
2023-10-31,20.65,27.78,14.8,72.45,0.0,2.17,17.38,94.18,13.45,15.22,PNQ,18.52,73.86,semi_arid,NASA_POWER_daily_ag,3.388,9.537,1.7297,dewpoint,755.2,30.14
2023-11-01,20.65,28.0,15.18,75.65,0.0,2.09,19.77,94.24,1.15,15.85,PNQ,18.52,73.86,semi_arid,NASA_POWER_daily_ag,3.519,10.636,1.8009,dewpoint,748.7,30.012
2023-11-02,21.21,28.17,15.47,74.68,0.0,1.79,18.94,94.18,3.66,16.15,PNQ,18.52,73.86,semi_arid,NASA_POWER_daily_ag,3.458,10.285,1.8358,dewpoint,755.2,29.884
2023-11-03,21.6,28.61,15.81,73.67,0.0,1.83,17.6,94.03,29.94,16.37,PNQ,18.52,73.86,semi_arid,NASA_POWER_daily_ag,3.375,9.688,1.8617,dewpoint,771.5,29.758
2023-11-04,22.46,29.16,16.1,71.42,0.0,2.31,17.01,93.97,47.55,16.74,PNQ,18.52,73.86,semi_arid,NASA_POWER_daily_ag,3.59,9.44,1.906,dewpoint,778.0,29.633
2023-11-05,22.63,27.93,18.58,78.89,0.0,2.04,14.62,94.12,60.97,18.57,PNQ,18.52,73.86,semi_arid,NASA_POWER_daily_ag,3.004,8.571,2.1391,dewpoint,761.7,29.509
2023-11-06,21.73,27.5,18.08,76.0,0.0,2.59,14.08,94.23,90.25,17.07,PNQ,18.52,73.86,semi_arid,NASA_POWER_daily_ag,3.079,8.141,1.9463,dewpoint,749.7,29.387
2023-11-07,22.87,28.26,18.02,81.69,0.01,1.93,15.47,94.21,66.99,19.36,PNQ,18.52,73.86,semi_arid,NASA_POWER_daily_ag,3.013,9.041,2.2472,dewpoint,751.9,29.266
2023-11-08,22.95,26.8,19.87,86.06,3.55,1.99,11.46,94.17,76.13,20.43,PNQ,18.52,73.86,semi_arid,NASA_POWER_daily_ag,2.371,7.22,2.4013,dewpoint,756.3,29.147
2023-11-09,23.44,27.84,19.93,86.53,0.52,1.37,14.72,94.2,53.24,20.9,PNQ,18.52,73.86,semi_arid,NASA_POWER_daily_ag,2.765,8.839,2.4718,dewpoint,753.0,29.03
2023-11-10,22.67,25.88,20.78,89.82,13.34,1.56,13.24,94.32,56.7,20.87,PNQ,18.52,73.86,semi_arid,NASA_POWER_daily_ag,2.425,8.109,2.4672,dewpoint,740.0,28.914
2023-11-11,22.69,27.62,18.65,80.57,2.8,2.06,16.13,94.4,22.38,19.01,PNQ,18.52,73.86,semi_arid,NASA_POWER_daily_ag,3.098,9.219,2.1988,dewpoint,731.3,28.8
2023-11-12,22.24,28.76,17.61,72.84,0.0,2.31,17.29,94.4,5.84,16.89,PNQ,18.52,73.86,semi_arid,NASA_POWER_daily_ag,3.484,9.368,1.9243,dewpoint,731.3,28.688
2023-11-13,21.93,28.2,16.9,74.19,0.0,2.14,16.74,94.34,17.28,16.84,PNQ,18.52,73.86,semi_arid,NASA_POWER_daily_ag,3.313,9.135,1.9182,dewpoint,737.8,28.579
2023-11-14,21.25,27.49,16.19,75.72,0.0,1.56,15.92,94.26,6.22,16.55,PNQ,18.52,73.86,semi_arid,NASA_POWER_daily_ag,2.971,8.754,1.8832,dewpoint,746.5,28.471
2023-11-15,20.84,27.69,14.98,72.93,0.0,1.5,16.43,94.24,4.65,15.46,PNQ,18.52,73.86,semi_arid,NASA_POWER_daily_ag,3.039,8.811,1.7565,dewpoint,748.7,28.365
2023-11-16,20.07,27.46,14.36,70.86,0.0,1.87,16.92,94.29,2.11,14.21,PNQ,18.52,73.86,semi_arid,NASA_POWER_daily_ag,3.168,8.824,1.6205,dewpoint,743.2,28.261
2023-11-17,20.22,27.41,14.26,68.44,0.0,1.92,16.6,94.26,0.85,13.86,PNQ,18.52,73.86,semi_arid,NASA_POWER_daily_ag,3.223,8.628,1.5841,dewpoint,746.5,28.16
2023-11-18,20.79,28.43,14.39,71.94,0.0,1.72,15.9,94.2,6.57,15.19,PNQ,18.52,73.86,semi_arid,NASA_POWER_daily_ag,3.05,8.487,1.7263,dewpoint,753.0,28.061
2023-11-19,22.56,28.85,16.51,74.01,0.0,1.65,15.15,94.19,9.38,17.41,PNQ,18.52,73.86,semi_arid,NASA_POWER_daily_ag,3.051,8.412,1.9887,dewpoint,754.1,27.965
2023-11-20,22.56,28.58,17.75,74.84,0.0,1.91,14.95,94.24,21.44,17.56,PNQ,18.52,73.86,semi_arid,NASA_POWER_daily_ag,3.075,8.31,2.0076,dewpoint,748.7,27.87
2023-11-21,21.07,28.1,16.08,71.41,0.0,2.21,17.0,94.24,3.63,15.33,PNQ,18.52,73.86,semi_arid,NASA_POWER_daily_ag,3.324,8.858,1.7419,dewpoint,748.7,27.779
2023-11-22,20.1,27.48,14.52,69.44,0.0,2.08,17.18,94.15,2.31,13.97,PNQ,18.52,73.86,semi_arid,NASA_POWER_daily_ag,3.259,8.755,1.5955,dewpoint,758.4,27.69
2023-11-23,21.03,27.7,14.39,72.41,0.0,1.66,15.62,93.99,18.78,15.66,PNQ,18.52,73.86,semi_arid,NASA_POWER_daily_ag,2.985,8.368,1.7792,dewpoint,775.8,27.603
2023-11-24,22.65,28.42,17.43,77.27,0.0,2.01,15.03,94.0,21.76,18.23,PNQ,18.52,73.86,semi_arid,NASA_POWER_daily_ag,3.022,8.392,2.094,dewpoint,774.8,27.519
2023-11-25,22.9,28.75,18.32,79.77,3.33,2.25,14.83,94.16,48.11,18.92,PNQ,18.52,73.86,semi_arid,NASA_POWER_daily_ag,2.992,8.364,2.1865,dewpoint,757.4,27.438
2023-11-26,22.73,27.14,19.83,85.69,6.34,2.37,12.22,94.2,82.45,20.08,PNQ,18.52,73.86,semi_arid,NASA_POWER_daily_ag,2.45,7.322,2.3499,dewpoint,753.0,27.36
2023-11-27,22.57,27.22,19.51,87.18,3.32,1.58,12.77,94.09,44.63,20.16,PNQ,18.52,73.86,semi_arid,NASA_POWER_daily_ag,2.39,7.58,2.3615,dewpoint,765.0,27.284
2023-11-28,22.12,26.88,18.72,86.2,0.27,1.23,12.36,94.0,37.56,19.48,PNQ,18.52,73.86,semi_arid,NASA_POWER_daily_ag,2.304,7.32,2.2641,dewpoint,774.8,27.212
2023-11-29,21.56,27.15,17.73,86.76,0.2,1.3,16.53,94.02,16.88,19.06,PNQ,18.52,73.86,semi_arid,NASA_POWER_daily_ag,2.741,9.142,2.2056,dewpoint,772.6,27.142
2023-11-30,21.59,27.78,17.29,85.93,1.38,1.62,16.0,94.09,21.62,18.89,PNQ,18.52,73.86,semi_arid,NASA_POWER_daily_ag,2.719,8.857,2.1824,dewpoint,765.0,27.075
2023-12-01,21.32,27.52,17.44,84.23,0.75,1.17,16.64,94.09,11.6,18.16,PNQ,18.52,73.86,semi_arid,NASA_POWER_daily_ag,2.766,9.002,2.0848,dewpoint,765.0,27.012
2023-12-02,22.08,28.37,16.47,78.37,0.29,1.89,15.28,94.03,27.35,17.68,PNQ,18.52,73.86,semi_arid,NASA_POWER_daily_ag,2.943,8.33,2.0228,dewpoint,771.5,26.951
2023-12-03,22.92,29.23,17.06,73.09,0.0,2.19,16.99,94.08,6.56,17.39,PNQ,18.52,73.86,semi_arid,NASA_POWER_daily_ag,3.432,8.949,1.9861,dewpoint,766.1,26.893
2023-12-04,22.78,28.66,17.89,77.09,0.0,1.99,16.34,94.02,43.34,18.16,PNQ,18.52,73.86,semi_arid,NASA_POWER_daily_ag,3.164,8.797,2.0848,dewpoint,772.6,26.839
2023-12-05,21.68,27.91,17.4,75.98,0.01,2.37,14.57,93.91,70.94,16.79,PNQ,18.52,73.86,semi_arid,NASA_POWER_daily_ag,3.009,7.865,1.9121,dewpoint,784.6,26.788
2023-12-06,20.9,26.04,16.71,79.05,0.01,2.21,13.55,93.98,36.56,16.8,PNQ,18.52,73.86,semi_arid,NASA_POWER_daily_ag,2.681,7.494,1.9133,dewpoint,776.9,26.74
2023-12-07,20.99,26.2,16.84,78.64,0.0,1.64,14.15,94.05,17.43,16.75,PNQ,18.52,73.86,semi_arid,NASA_POWER_daily_ag,2.649,7.719,1.9072,dewpoint,769.3,26.695
2023-12-08,20.89,27.39,15.41,76.04,0.0,1.71,16.09,94.09,10.7,16.04,PNQ,18.52,73.86,semi_arid,NASA_POWER_daily_ag,2.92,8.395,1.8229,dewpoint,765.0,26.653
2023-12-09,20.99,28.01,14.87,75.25,0.0,1.41,17.04,94.19,5.69,16.0,PNQ,18.52,73.86,semi_arid,NASA_POWER_daily_ag,2.958,8.753,1.8183,dewpoint,754.1,26.615
2023-12-10,20.89,27.76,15.21,75.86,0.0,1.75,16.79,94.13,6.69,16.01,PNQ,18.52,73.86,semi_arid,NASA_POWER_daily_ag,2.996,8.647,1.8194,dewpoint,760.6,26.58
2023-12-11,20.33,27.66,14.28,74.77,0.0,1.34,17.18,94.16,3.62,15.19,PNQ,18.52,73.86,semi_arid,NASA_POWER_daily_ag,2.901,8.68,1.7263,dewpoint,757.4,26.548
2023-12-12,20.15,27.45,13.93,74.54,0.0,1.19,16.57,94.06,12.83,14.97,PNQ,18.52,73.86,semi_arid,NASA_POWER_daily_ag,2.787,8.419,1.7021,dewpoint,768.2,26.52
2023-12-13,20.27,27.2,13.88,72.25,0.0,1.47,16.47,94.11,3.64,14.51,PNQ,18.52,73.86,semi_arid,NASA_POWER_daily_ag,2.919,8.309,1.6523,dewpoint,762.8,26.495
2023-12-14,19.62,26.56,14.64,70.31,0.0,2.51,16.23,94.25,2.71,13.5,PNQ,18.52,73.86,semi_arid,NASA_POWER_daily_ag,3.188,8.054,1.5475,dewpoint,747.6,26.474
2023-12-15,18.83,26.03,13.22,67.53,0.0,2.23,16.89,94.31,0.81,12.07,PNQ,18.52,73.86,semi_arid,NASA_POWER_daily_ag,3.171,8.126,1.4091,dewpoint,741.1,26.456
2023-12-16,18.46,26.01,11.53,70.29,0.0,1.49,16.01,94.25,7.0,12.48,PNQ,18.52,73.86,semi_arid,NASA_POWER_daily_ag,2.748,7.921,1.4476,dewpoint,747.6,26.441
2023-12-17,19.9,26.77,14.57,75.69,0.0,2.43,13.1,94.19,14.09,15.19,PNQ,18.52,73.86,semi_arid,NASA_POWER_daily_ag,2.693,7.087,1.7263,dewpoint,754.1,26.43
2023-12-18,19.76,25.42,15.61,71.2,0.0,3.46,12.18,94.29,63.6,14.18,PNQ,18.52,73.86,semi_arid,NASA_POWER_daily_ag,3.024,6.636,1.6174,dewpoint,743.2,26.422
2023-12-19,18.5,24.49,15.14,66.47,0.0,3.83,13.68,94.38,82.86,11.91,PNQ,18.52,73.86,semi_arid,NASA_POWER_daily_ag,3.329,6.968,1.3943,dewpoint,733.5,26.418
2023-12-20,18.42,24.6,13.78,58.88,0.0,2.96,12.91,94.37,76.37,10.02,PNQ,18.52,73.86,semi_arid,NASA_POWER_daily_ag,3.342,6.541,1.2296,dewpoint,734.5,26.417
2023-12-21,18.52,24.02,14.66,58.77,0.0,2.41,13.94,94.32,76.2,10.11,PNQ,18.52,73.86,semi_arid,NASA_POWER_daily_ag,3.201,6.883,1.237,dewpoint,740.0,26.42
2023-12-22,20.2,28.59,14.52,55.08,0.0,1.68,11.27,94.27,69.57,10.37,PNQ,18.52,73.86,semi_arid,NASA_POWER_daily_ag,2.913,5.944,1.2587,dewpoint,745.4,26.426
2023-12-23,20.71,29.44,13.46,53.41,0.0,1.85,16.49,94.34,27.24,10.17,PNQ,18.52,73.86,semi_arid,NASA_POWER_daily_ag,3.53,7.57,1.242,dewpoint,737.8,26.435
2023-12-24,20.0,28.34,14.01,59.99,0.0,2.62,14.84,94.49,46.1,11.52,PNQ,18.52,73.86,semi_arid,NASA_POWER_daily_ag,3.502,7.242,1.3588,dewpoint,721.5,26.448
2023-12-25,20.57,29.21,14.5,55.2,0.0,2.57,16.21,94.44,14.09,10.59,PNQ,18.52,73.86,semi_arid,NASA_POWER_daily_ag,3.838,7.525,1.2774,dewpoint,726.9,26.465
2023-12-26,20.08,29.09,13.54,58.01,0.0,2.1,16.95,94.44,17.44,10.92,PNQ,18.52,73.86,semi_arid,NASA_POWER_daily_ag,3.512,7.852,1.3057,dewpoint,726.9,26.485
2023-12-27,19.84,28.3,13.71,62.16,0.0,2.5,15.8,94.46,21.48,11.92,PNQ,18.52,73.86,semi_arid,NASA_POWER_daily_ag,3.433,7.645,1.3952,dewpoint,724.8,26.508
2023-12-28,20.38,28.57,13.64,61.0,0.0,2.28,16.49,94.34,9.61,12.09,PNQ,18.52,73.86,semi_arid,NASA_POWER_daily_ag,3.504,7.908,1.4109,dewpoint,737.8,26.535
2023-12-29,20.76,28.85,14.05,60.67,0.0,2.02,17.44,94.33,11.11,12.19,PNQ,18.52,73.86,semi_arid,NASA_POWER_daily_ag,3.533,8.236,1.4202,dewpoint,738.9,26.565
2023-12-30,21.2,28.8,14.37,61.43,0.0,1.55,17.83,94.28,1.51,12.76,PNQ,18.52,73.86,semi_arid,NASA_POWER_daily_ag,3.373,8.469,1.4744,dewpoint,744.3,26.598
2023-12-31,21.15,28.64,13.82,58.41,0.0,1.62,17.92,94.25,2.31,12.01,PNQ,18.52,73.86,semi_arid,NASA_POWER_daily_ag,3.472,8.408,1.4035,dewpoint,747.6,26.635
2024-01-01,20.83,28.19,13.87,62.72,0.0,1.47,16.72,94.25,2.46,12.95,PNQ,18.52,73.86,semi_arid,NASA_POWER_daily_ag,3.169,8.166,1.4929,dewpoint,747.6,26.675
2024-01-02,20.28,28.22,13.83,66.23,0.0,1.36,16.07,94.18,3.45,13.15,PNQ,18.52,73.86,semi_arid,NASA_POWER_daily_ag,2.954,7.975,1.5125,dewpoint,755.2,26.719
2024-01-03,20.01,27.92,14.05,70.21,0.0,1.79,14.74,94.1,4.86,13.91,PNQ,18.52,73.86,semi_arid,NASA_POWER_daily_ag,2.883,7.608,1.5893,dewpoint,763.9,26.766
2024-01-04,19.78,27.91,14.59,65.84,0.0,1.55,15.18,94.12,10.51,12.63,PNQ,18.52,73.86,semi_arid,NASA_POWER_daily_ag,2.914,7.597,1.4619,dewpoint,761.7,26.816
2024-01-05,18.91,27.06,13.37,62.72,0.0,1.47,14.58,94.12,12.79,11.12,PNQ,18.52,73.86,semi_arid,NASA_POWER_daily_ag,2.818,7.267,1.3232,dewpoint,761.7,26.869
2024-01-06,20.03,27.92,13.25,66.01,0.0,1.96,14.85,94.12,10.48,13.05,PNQ,18.52,73.86,semi_arid,NASA_POWER_daily_ag,3.071,7.591,1.5027,dewpoint,761.7,26.926
2024-01-07,21.36,28.53,14.85,67.35,0.0,1.83,15.77,94.15,14.0,14.48,PNQ,18.52,73.86,semi_arid,NASA_POWER_daily_ag,3.213,8.086,1.6491,dewpoint,758.4,26.986
2024-01-08,22.38,29.19,16.46,59.48,0.01,2.95,16.92,94.21,12.27,13.66,PNQ,18.52,73.86,semi_arid,NASA_POWER_daily_ag,4.148,8.337,1.5637,dewpoint,751.9,27.049
2024-01-09,20.72,27.35,17.14,70.37,2.44,2.85,9.62,94.28,81.59,14.82,PNQ,18.52,73.86,semi_arid,NASA_POWER_daily_ag,2.811,5.773,1.6857,dewpoint,744.3,27.115
2024-01-10,21.51,27.73,16.1,68.86,0.37,2.21,8.89,94.28,62.59,15.27,PNQ,18.52,73.86,semi_arid,NASA_POWER_daily_ag,2.646,5.528,1.7352,dewpoint,744.3,27.184
2024-01-11,22.37,29.26,16.69,67.12,0.04,2.05,17.61,94.3,6.37,15.48,PNQ,18.52,73.86,semi_arid,NASA_POWER_daily_ag,3.583,8.947,1.7588,dewpoint,742.1,27.256
2024-01-12,22.29,30.12,16.12,59.5,0.0,2.19,17.98,94.29,1.7,13.31,PNQ,18.52,73.86,semi_arid,NASA_POWER_daily_ag,3.913,8.712,1.5284,dewpoint,743.2,27.331
2024-01-13,21.63,30.2,15.42,63.24,0.0,1.65,17.73,94.34,2.24,13.44,PNQ,18.52,73.86,semi_arid,NASA_POWER_daily_ag,3.476,8.682,1.5414,dewpoint,737.8,27.409
2024-01-14,20.37,28.94,13.94,59.77,0.0,1.77,18.72,94.36,1.43,11.41,PNQ,18.52,73.86,semi_arid,NASA_POWER_daily_ag,3.571,8.81,1.3489,dewpoint,735.6,27.49
2024-01-15,18.74,28.09,12.2,54.13,0.0,1.78,20.11,94.28,2.06,8.27,PNQ,18.52,73.86,semi_arid,NASA_POWER_daily_ag,3.636,8.87,1.0927,dewpoint,744.3,27.573
2024-01-16,18.43,28.65,10.92,52.72,0.0,1.71,19.96,94.08,8.19,7.36,PNQ,18.52,73.86,semi_arid,NASA_POWER_daily_ag,3.6,8.73,1.0269,dewpoint,766.1,27.66
2024-01-17,19.04,27.68,13.79,61.35,0.0,1.47,18.51,94.01,3.84,10.74,PNQ,18.52,73.86,semi_arid,NASA_POWER_daily_ag,3.243,8.764,1.2902,dewpoint,773.7,27.749
2024-01-18,18.3,26.15,12.94,69.71,0.0,1.33,17.44,94.15,16.27,11.85,PNQ,18.52,73.86,semi_arid,NASA_POWER_daily_ag,2.916,8.657,1.3888,dewpoint,758.4,27.841
2024-01-19,19.14,28.07,12.48,60.25,0.0,1.73,18.69,94.14,2.87,10.44,PNQ,18.52,73.86,semi_arid,NASA_POWER_daily_ag,3.438,8.858,1.2646,dewpoint,759.5,27.936
2024-01-20,19.26,26.87,14.22,69.02,0.0,2.01,18.81,94.26,0.9,12.93,PNQ,18.52,73.86,semi_arid,NASA_POWER_daily_ag,3.341,9.324,1.4909,dewpoint,746.5,28.033
2024-01-21,19.44,28.75,11.42,57.99,0.0,1.5,19.12,94.27,4.2,10.09,PNQ,18.52,73.86,semi_arid,NASA_POWER_daily_ag,3.456,9.013,1.2354,dewpoint,745.4,28.132
2024-01-22,19.54,29.95,11.93,56.6,0.0,2.36,19.06,94.32,10.46,9.56,PNQ,18.52,73.86,semi_arid,NASA_POWER_daily_ag,3.944,8.867,1.1922,dewpoint,740.0,28.234
2024-01-23,17.94,27.65,10.22,49.2,0.0,1.75,19.64,94.29,18.4,5.75,PNQ,18.52,73.86,semi_arid,NASA_POWER_daily_ag,3.679,8.675,0.919,dewpoint,743.2,28.339
2024-01-24,18.21,28.1,9.71,43.64,0.0,1.77,19.67,94.27,23.04,4.23,PNQ,18.52,73.86,semi_arid,NASA_POWER_daily_ag,3.837,8.501,0.8265,dewpoint,745.4,28.445
2024-01-25,19.06,28.8,10.77,36.35,0.0,2.47,19.6,94.4,9.23,2.87,PNQ,18.52,73.86,semi_arid,NASA_POWER_daily_ag,4.576,8.247,0.7508,dewpoint,731.3,28.554
2024-01-26,19.86,29.57,11.82,41.66,0.0,1.99,18.03,94.52,36.49,5.52,PNQ,18.52,73.86,semi_arid,NASA_POWER_daily_ag,4.088,8.098,0.9045,dewpoint,718.3,28.666
2024-01-27,21.6,30.49,13.17,44.82,0.0,1.59,17.02,94.51,54.5,8.21,PNQ,18.52,73.86,semi_arid,NASA_POWER_daily_ag,3.832,8.078,1.0882,dewpoint,719.3,28.779
2024-01-28,21.35,30.13,13.78,47.52,0.0,1.66,16.72,94.46,26.83,8.66,PNQ,18.52,73.86,semi_arid,NASA_POWER_daily_ag,3.798,8.062,1.122,dewpoint,724.8,28.894
2024-01-29,21.26,30.24,13.91,48.8,0.0,1.37,16.15,94.44,54.88,8.95,PNQ,18.52,73.86,semi_arid,NASA_POWER_daily_ag,3.503,7.929,1.1442,dewpoint,726.9,29.011
2024-01-30,20.55,29.95,13.07,49.7,0.0,1.55,17.42,94.32,11.36,8.51,PNQ,18.52,73.86,semi_arid,NASA_POWER_daily_ag,3.672,8.369,1.1106,dewpoint,740.0,29.131
2024-01-31,20.79,30.08,14.78,55.24,0.0,1.75,19.04,94.29,13.29,10.3,PNQ,18.52,73.86,semi_arid,NASA_POWER_daily_ag,3.858,9.158,1.2529,dewpoint,743.2,29.252
2024-02-01,19.39,28.01,13.52,63.7,0.0,1.55,20.1,94.35,14.44,10.49,PNQ,18.52,73.86,semi_arid,NASA_POWER_daily_ag,3.605,9.733,1.2689,dewpoint,736.7,29.374
2024-02-02,20.01,29.05,12.24,60.52,0.0,1.55,20.01,94.35,1.86,10.35,PNQ,18.52,73.86,semi_arid,NASA_POWER_daily_ag,3.729,9.713,1.2571,dewpoint,736.7,29.499
2024-02-03,22.11,31.56,14.48,46.8,0.0,2.54,19.86,94.39,4.61,9.08,PNQ,18.52,73.86,semi_arid,NASA_POWER_daily_ag,4.83,9.3,1.1543,dewpoint,732.4,29.625
2024-02-04,23.45,32.5,16.06,50.26,0.0,1.61,19.03,94.46,3.1,11.5,PNQ,18.52,73.86,semi_arid,NASA_POWER_daily_ag,4.176,9.337,1.357,dewpoint,724.8,29.752
2024-02-05,23.43,32.64,16.97,51.44,0.0,1.47,18.77,94.48,0.97,11.78,PNQ,18.52,73.86,semi_arid,NASA_POWER_daily_ag,4.027,9.284,1.3823,dewpoint,722.6,29.881
2024-02-06,23.51,32.98,16.36,50.16,0.0,1.49,19.12,94.45,1.75,11.4,PNQ,18.52,73.86,semi_arid,NASA_POWER_daily_ag,4.12,9.392,1.348,dewpoint,725.9,30.011
2024-02-07,23.37,33.44,16.01,49.11,0.0,1.56,20.18,94.49,0.63,10.48,PNQ,18.52,73.86,semi_arid,NASA_POWER_daily_ag,4.305,9.649,1.268,dewpoint,721.5,30.143
2024-02-08,22.81,33.07,15.32,43.51,0.0,2.16,21.31,94.42,10.37,7.88,PNQ,18.52,73.86,semi_arid,NASA_POWER_daily_ag,4.948,9.679,1.064,dewpoint,729.1,30.276
2024-02-09,22.35,33.4,13.8,43.21,0.0,1.93,21.57,94.38,8.56,6.86,PNQ,18.52,73.86,semi_arid,NASA_POWER_daily_ag,4.771,9.683,0.9923,dewpoint,733.5,30.41
2024-02-10,21.88,32.8,13.75,44.13,0.0,2.02,22.04,94.46,3.11,6.68,PNQ,18.52,73.86,semi_arid,NASA_POWER_daily_ag,4.82,9.88,0.9801,dewpoint,724.8,30.545
2024-02-11,22.02,32.75,14.3,40.84,0.0,1.88,21.7,94.49,9.98,6.32,PNQ,18.52,73.86,semi_arid,NASA_POWER_daily_ag,4.729,9.732,0.956,dewpoint,721.5,30.681
2024-02-12,22.42,32.62,14.5,43.73,0.0,1.78,20.32,94.43,35.03,7.91,PNQ,18.52,73.86,semi_arid,NASA_POWER_daily_ag,4.532,9.564,1.0662,dewpoint,728.0,30.817
2024-02-13,22.19,32.21,15.08,43.44,0.0,2.01,19.58,94.4,83.05,7.61,PNQ,18.52,73.86,semi_arid,NASA_POWER_daily_ag,4.637,9.303,1.0446,dewpoint,731.3,30.955
2024-02-14,22.35,32.77,14.12,39.1,0.0,1.62,16.56,94.33,80.42,6.17,PNQ,18.52,73.86,semi_arid,NASA_POWER_daily_ag,4.169,8.16,0.9462,dewpoint,738.9,31.093
2024-02-15,23.89,33.46,15.65,41.34,0.0,2.17,19.98,94.29,27.65,9.13,PNQ,18.52,73.86,semi_arid,NASA_POWER_daily_ag,5.044,9.672,1.1582,dewpoint,743.2,31.232
2024-02-16,25.63,33.86,18.65,40.89,0.0,1.93,20.5,94.33,13.75,9.99,PNQ,18.52,73.86,semi_arid,NASA_POWER_daily_ag,5.154,9.908,1.2271,dewpoint,738.9,31.372
2024-02-17,24.42,33.86,16.33,38.5,0.0,1.52,21.89,94.22,5.27,7.41,PNQ,18.52,73.86,semi_arid,NASA_POWER_daily_ag,4.815,10.096,1.0304,dewpoint,750.8,31.512
2024-02-18,24.09,33.4,16.82,45.77,0.0,1.43,21.42,94.11,0.94,9.87,PNQ,18.52,73.86,semi_arid,NASA_POWER_daily_ag,4.565,10.39,1.2173,dewpoint,762.8,31.652
2024-02-19,24.24,33.13,18.36,37.7,0.0,1.64,22.34,94.18,1.07,7.28,PNQ,18.52,73.86,semi_arid,NASA_POWER_daily_ag,4.959,10.263,1.0213,dewpoint,755.2,31.792
2024-02-20,22.9,32.34,16.16,45.68,0.0,2.2,23.19,94.21,1.78,8.69,PNQ,18.52,73.86,semi_arid,NASA_POWER_daily_ag,5.23,10.981,1.1242,dewpoint,751.9,31.933
2024-02-21,21.61,30.77,14.79,61.83,0.0,2.46,23.4,94.18,3.84,12.4,PNQ,18.52,73.86,semi_arid,NASA_POWER_daily_ag,4.785,11.929,1.44,dewpoint,755.2,32.074
2024-02-22,21.31,30.67,15.18,63.81,0.0,2.31,23.11,94.23,4.62,12.1,PNQ,18.52,73.86,semi_arid,NASA_POWER_daily_ag,4.653,11.777,1.4118,dewpoint,749.7,32.215
2024-02-23,20.56,31.2,12.05,55.69,0.0,1.69,23.83,94.18,10.43,8.11,PNQ,18.52,73.86,semi_arid,NASA_POWER_daily_ag,4.572,11.47,1.0808,dewpoint,755.2,32.356
2024-02-24,21.28,32.61,13.33,33.95,0.0,2.11,24.14,94.11,14.3,2.0,PNQ,18.52,73.86,semi_arid,NASA_POWER_daily_ag,5.332,10.483,0.7056,dewpoint,762.8,32.497
2024-02-25,21.87,33.65,11.26,28.81,0.0,2.19,23.38,94.01,11.44,1.01,PNQ,18.52,73.86,semi_arid,NASA_POWER_daily_ag,5.525,10.19,0.6572,dewpoint,773.7,32.638
2024-02-26,25.05,34.81,15.34,43.15,0.0,1.95,19.77,94.01,14.76,11.08,PNQ,18.52,73.86,semi_arid,NASA_POWER_daily_ag,5.026,10.231,1.3197,dewpoint,773.7,32.778
2024-02-27,26.21,34.46,19.72,45.73,0.28,2.16,19.04,94.16,9.9,12.89,PNQ,18.52,73.86,semi_arid,NASA_POWER_daily_ag,5.2,10.122,1.487,dewpoint,757.4,32.918
2024-02-28,27.09,34.85,19.99,45.75,0.07,1.87,19.5,94.1,14.73,13.54,PNQ,18.52,73.86,semi_arid,NASA_POWER_daily_ag,5.142,10.421,1.5515,dewpoint,763.9,33.057
2024-02-29,28.26,35.5,21.84,42.02,0.02,1.46,19.94,94.1,32.68,12.99,PNQ,18.52,73.86,semi_arid,NASA_POWER_daily_ag,5.025,10.467,1.4968,dewpoint,763.9,33.196
2024-03-01,27.89,34.75,22.64,45.76,0.49,1.69,18.44,94.17,43.99,14.14,PNQ,18.52,73.86,semi_arid,NASA_POWER_daily_ag,4.965,10.056,1.6132,dewpoint,756.3,33.335
2024-03-02,25.18,33.6,19.64,57.25,0.04,2.76,21.82,94.18,6.54,14.57,PNQ,18.52,73.86,semi_arid,NASA_POWER_daily_ag,5.503,11.725,1.6587,dewpoint,755.2,33.473
2024-03-03,22.41,29.41,16.16,68.96,0.0,3.5,22.09,94.19,15.75,15.58,PNQ,18.52,73.86,semi_arid,NASA_POWER_daily_ag,4.822,12.313,1.7701,dewpoint,754.1,33.61
2024-03-04,20.78,30.89,12.91,51.19,0.0,2.31,25.0,94.23,1.58,7.98,PNQ,18.52,73.86,semi_arid,NASA_POWER_daily_ag,5.207,12.27,1.0713,dewpoint,749.7,33.746
2024-03-05,22.65,34.35,13.29,36.71,0.0,2.31,24.7,94.17,5.54,5.44,PNQ,18.52,73.86,semi_arid,NASA_POWER_daily_ag,5.75,11.563,0.8995,dewpoint,756.3,33.882
2024-03-06,23.17,33.1,16.58,32.21,0.0,2.21,24.87,94.17,4.58,4.04,PNQ,18.52,73.86,semi_arid,NASA_POWER_daily_ag,5.851,11.352,0.8156,dewpoint,756.3,34.016
2024-03-07,24.13,35.32,14.45,28.66,0.0,1.84,24.69,94.11,5.81,2.17,PNQ,18.52,73.86,semi_arid,NASA_POWER_daily_ag,5.709,11.016,0.7143,dewpoint,762.8,34.15
2024-03-08,25.04,35.37,16.04,32.57,0.0,2.09,24.51,94.16,1.71,5.7,PNQ,18.52,73.86,semi_arid,NASA_POWER_daily_ag,6.005,11.482,0.9159,dewpoint,757.4,34.282
2024-03-09,25.43,35.9,16.23,31.08,0.0,2.2,24.98,94.13,0.36,5.38,PNQ,18.52,73.86,semi_arid,NASA_POWER_daily_ag,6.252,11.595,0.8957,dewpoint,760.6,34.413
2024-03-10,25.74,36.43,16.93,29.64,0.0,2.04,24.56,94.24,0.37,4.98,PNQ,18.52,73.86,semi_arid,NASA_POWER_daily_ag,6.115,11.358,0.8711,dewpoint,748.7,34.543
2024-03-11,26.25,36.92,17.12,30.08,0.0,1.98,24.05,94.36,3.12,5.43,PNQ,18.52,73.86,semi_arid,NASA_POWER_daily_ag,6.083,11.255,0.8988,dewpoint,735.6,34.672
2024-03-12,26.59,37.21,18.47,35.5,0.0,2.31,23.88,94.28,7.2,8.25,PNQ,18.52,73.86,semi_arid,NASA_POWER_daily_ag,6.351,11.633,1.0912,dewpoint,744.3,34.8
2024-03-13,25.24,35.26,17.15,43.13,0.0,2.42,25.44,94.22,1.3,9.53,PNQ,18.52,73.86,semi_arid,NASA_POWER_daily_ag,6.264,12.652,1.1898,dewpoint,750.8,34.926
2024-03-14,24.36,35.15,16.06,45.7,0.0,2.39,25.32,94.23,0.9,8.95,PNQ,18.52,73.86,semi_arid,NASA_POWER_daily_ag,6.08,12.581,1.1442,dewpoint,749.7,35.051
2024-03-15,24.02,34.68,15.56,42.63,0.0,2.22,25.22,94.14,1.5,8.31,PNQ,18.52,73.86,semi_arid,NASA_POWER_daily_ag,5.919,12.507,1.0956,dewpoint,759.5,35.174
2024-03-16,24.35,34.88,16.4,43.26,0.0,2.31,24.34,94.11,15.01,9.02,PNQ,18.52,73.86,semi_arid,NASA_POWER_daily_ag,5.928,12.274,1.1496,dewpoint,762.8,35.296
2024-03-17,25.65,35.7,18.44,38.36,0.0,2.29,24.05,94.11,4.01,9.12,PNQ,18.52,73.86,semi_arid,NASA_POWER_daily_ag,6.15,12.089,1.1574,dewpoint,762.8,35.416
2024-03-18,25.28,34.89,18.63,37.38,0.0,2.25,24.14,94.14,7.33,7.95,PNQ,18.52,73.86,semi_arid,NASA_POWER_daily_ag,6.13,11.986,1.0691,dewpoint,759.5,35.534
2024-03-19,25.15,35.33,16.83,43.79,0.0,2.3,25.53,94.09,3.82,7.92,PNQ,18.52,73.86,semi_arid,NASA_POWER_daily_ag,6.308,12.603,1.0669,dewpoint,765.0,35.651
2024-03-20,26.35,36.82,16.43,22.58,0.0,1.96,26.23,94.07,5.66,1.42,PNQ,18.52,73.86,semi_arid,NASA_POWER_daily_ag,6.473,11.738,0.6769,dewpoint,767.1,35.766
2024-03-21,26.84,35.99,18.31,26.25,0.0,2.05,24.12,94.0,10.98,5.0,PNQ,18.52,73.86,semi_arid,NASA_POWER_daily_ag,6.385,11.564,0.8723,dewpoint,774.8,35.88
2024-03-22,27.95,37.57,20.56,28.03,0.0,1.75,23.7,93.9,3.5,5.95,PNQ,18.52,73.86,semi_arid,NASA_POWER_daily_ag,6.111,11.421,0.9319,dewpoint,785.7,35.991
2024-03-23,27.5,37.43,18.85,30.8,0.0,2.19,23.85,93.92,3.19,6.61,PNQ,18.52,73.86,semi_arid,NASA_POWER_daily_ag,6.575,11.684,0.9753,dewpoint,783.5,36.101
2024-03-24,28.22,38.31,19.74,36.98,0.0,1.88,22.99,94.04,11.58,9.87,PNQ,18.52,73.86,semi_arid,NASA_POWER_daily_ag,6.126,11.829,1.2173,dewpoint,770.4,36.209
2024-03-25,28.7,38.87,19.72,37.5,0.0,2.11,23.79,94.07,2.5,10.49,PNQ,18.52,73.86,semi_arid,NASA_POWER_daily_ag,6.531,12.257,1.2689,dewpoint,767.1,36.315
2024-03-26,29.46,39.48,21.57,36.41,0.0,1.87,23.01,94.08,5.47,10.26,PNQ,18.52,73.86,semi_arid,NASA_POWER_daily_ag,6.311,11.837,1.2495,dewpoint,766.1,36.419
2024-03-27,29.85,39.37,22.54,43.5,0.0,2.05,22.28,94.21,11.39,13.71,PNQ,18.52,73.86,semi_arid,NASA_POWER_daily_ag,6.327,12.116,1.5688,dewpoint,751.9,36.521
2024-03-28,29.89,37.97,23.53,44.52,0.02,2.15,21.09,94.1,18.97,15.12,PNQ,18.52,73.86,semi_arid,NASA_POWER_daily_ag,6.195,11.866,1.7186,dewpoint,763.9,36.621
2024-03-29,30.23,38.5,23.72,44.38,0.26,1.98,18.39,93.99,50.21,15.01,PNQ,18.52,73.86,semi_arid,NASA_POWER_daily_ag,5.758,10.627,1.7064,dewpoint,775.8,36.719
2024-03-30,29.79,39.27,21.61,44.54,0.01,2.35,19.62,94.09,30.22,14.35,PNQ,18.52,73.86,semi_arid,NASA_POWER_daily_ag,6.257,11.13,1.6353,dewpoint,765.0,36.815
2024-03-31,30.43,38.06,24.69,35.27,0.0,2.61,20.52,94.16,19.03,12.45,PNQ,18.52,73.86,semi_arid,NASA_POWER_daily_ag,6.94,11.218,1.4447,dewpoint,757.4,36.909
2024-04-01,30.45,39.31,23.76,29.79,0.0,2.24,22.12,93.95,23.58,9.71,PNQ,18.52,73.86,semi_arid,NASA_POWER_daily_ag,6.886,11.465,1.2043,dewpoint,780.2,37.001
2024-04-02,29.23,39.69,21.04,33.77,0.0,2.21,24.5,93.84,3.93,8.65,PNQ,18.52,73.86,semi_arid,NASA_POWER_daily_ag,6.943,12.33,1.1212,dewpoint,792.2,37.091
2024-04-03,29.02,39.5,20.83,37.36,0.0,2.4,23.96,93.93,5.15,10.42,PNQ,18.52,73.86,semi_arid,NASA_POWER_daily_ag,6.967,12.454,1.263,dewpoint,782.4,37.178
2024-04-04,29.36,39.69,20.12,33.98,0.0,2.59,23.56,93.97,38.49,9.43,PNQ,18.52,73.86,semi_arid,NASA_POWER_daily_ag,7.277,12.162,1.1818,dewpoint,778.0,37.264
2024-04-05,30.01,39.68,21.5,33.28,0.0,2.36,23.86,93.92,13.95,10.43,PNQ,18.52,73.86,semi_arid,NASA_POWER_daily_ag,7.132,12.423,1.2638,dewpoint,783.5,37.348
2024-04-06,29.71,38.98,21.26,32.01,0.0,2.35,23.89,93.83,20.92,9.01,PNQ,18.52,73.86,semi_arid,NASA_POWER_daily_ag,7.151,12.257,1.1488,dewpoint,793.3,37.429
2024-04-07,29.02,38.99,22.08,32.41,0.0,2.85,24.78,93.8,11.21,8.77,PNQ,18.52,73.86,semi_arid,NASA_POWER_daily_ag,7.652,12.557,1.1303,dewpoint,796.6,37.508
2024-04-08,29.15,39.56,19.96,33.13,0.0,2.2,26.38,93.86,2.48,9.03,PNQ,18.52,73.86,semi_arid,NASA_POWER_daily_ag,7.154,13.315,1.1504,dewpoint,790.0,37.586
2024-04-09,29.33,39.71,20.81,41.26,0.0,2.18,25.96,93.87,2.22,11.86,PNQ,18.52,73.86,semi_arid,NASA_POWER_daily_ag,6.984,13.662,1.3897,dewpoint,788.9,37.661
2024-04-10,29.88,39.9,22.26,35.89,0.0,1.99,25.31,93.9,2.48,10.63,PNQ,18.52,73.86,semi_arid,NASA_POWER_daily_ag,6.857,13.107,1.2808,dewpoint,785.7,37.734
2024-04-11,29.31,38.01,22.2,32.02,0.0,1.6,23.14,93.96,14.71,8.76,PNQ,18.52,73.86,semi_arid,NASA_POWER_daily_ag,6.121,12.011,1.1296,dewpoint,779.1,37.805
2024-04-12,29.36,38.99,21.92,33.48,0.0,2.13,23.85,93.91,7.12,10.03,PNQ,18.52,73.86,semi_arid,NASA_POWER_daily_ag,6.794,12.486,1.2304,dewpoint,784.6,37.874
2024-04-13,28.74,38.66,21.41,42.13,0.01,2.38,26.16,93.95,1.76,11.63,PNQ,18.52,73.86,semi_arid,NASA_POWER_daily_ag,7.111,13.791,1.3687,dewpoint,780.2,37.941
2024-04-14,29.11,39.75,19.41,48.23,0.0,2.12,26.76,93.97,0.8,12.85,PNQ,18.52,73.86,semi_arid,NASA_POWER_daily_ag,6.957,14.338,1.4831,dewpoint,778.0,38.005
2024-04-15,31.78,40.79,21.99,45.48,0.0,1.86,23.38,94.0,21.82,16.13,PNQ,18.52,73.86,semi_arid,NASA_POWER_daily_ag,6.6,13.324,1.8334,dewpoint,774.8,38.068
2024-04-16,33.42,40.35,27.14,33.59,0.0,2.83,21.83,93.9,34.02,14.6,PNQ,18.52,73.86,semi_arid,NASA_POWER_daily_ag,7.908,12.221,1.6619,dewpoint,785.7,38.128
2024-04-17,32.85,39.11,26.63,33.09,0.0,1.82,20.76,93.88,30.21,13.37,PNQ,18.52,73.86,semi_arid,NASA_POWER_daily_ag,6.512,11.616,1.5344,dewpoint,787.8,38.187
2024-04-18,31.09,38.06,24.97,41.95,0.0,1.87,21.77,93.83,20.43,14.86,PNQ,18.52,73.86,semi_arid,NASA_POWER_daily_ag,6.336,12.389,1.69,dewpoint,793.3,38.244
2024-04-19,31.25,39.78,24.2,44.71,0.0,2.55,21.28,93.65,24.01,15.63,PNQ,18.52,73.86,semi_arid,NASA_POWER_daily_ag,6.936,12.267,1.7758,dewpoint,812.9,38.298
2024-04-20,30.35,39.33,24.39,49.47,3.59,2.59,19.31,93.72,37.83,17.04,PNQ,18.52,73.86,semi_arid,NASA_POWER_daily_ag,6.332,11.554,1.9426,dewpoint,805.3,38.351
2024-04-21,29.82,38.23,22.79,46.12,0.43,2.46,21.17,93.75,37.02,15.43,PNQ,18.52,73.86,semi_arid,NASA_POWER_daily_ag,6.532,12.278,1.7531,dewpoint,802.0,38.402
2024-04-22,29.42,38.37,22.15,47.51,0.02,2.59,24.36,93.83,4.77,15.82,PNQ,18.52,73.86,semi_arid,NASA_POWER_daily_ag,6.921,13.884,1.7975,dewpoint,793.3,38.45
2024-04-23,29.76,39.65,21.02,44.45,0.07,2.1,24.54,93.7,20.81,14.27,PNQ,18.52,73.86,semi_arid,NASA_POWER_daily_ag,6.729,13.674,1.6268,dewpoint,807.5,38.497
2024-04-24,30.85,39.49,24.29,43.0,1.45,1.93,21.37,93.65,28.08,15.2,PNQ,18.52,73.86,semi_arid,NASA_POWER_daily_ag,6.284,12.288,1.7274,dewpoint,812.9,38.542
2024-04-25,31.25,40.12,24.25,44.08,0.38,2.13,23.15,93.66,13.69,16.03,PNQ,18.52,73.86,semi_arid,NASA_POWER_daily_ag,6.753,13.255,1.8218,dewpoint,811.8,38.585
2024-04-26,31.16,39.43,23.9,46.09,0.05,2.8,23.43,93.68,20.97,16.96,PNQ,18.52,73.86,semi_arid,NASA_POWER_daily_ag,7.309,13.601,1.9328,dewpoint,809.6,38.627
2024-04-27,32.71,41.08,24.1,38.64,0.0,2.24,23.07,93.67,17.5,15.06,PNQ,18.52,73.86,semi_arid,NASA_POWER_daily_ag,7.24,13.03,1.7119,dewpoint,810.7,38.666
2024-04-28,33.57,41.79,25.95,34.09,0.0,2.28,23.58,93.68,11.67,14.15,PNQ,18.52,73.86,semi_arid,NASA_POWER_daily_ag,7.572,13.026,1.6142,dewpoint,809.6,38.704
2024-04-29,33.2,41.88,25.25,33.06,0.0,2.33,23.92,93.77,14.87,13.15,PNQ,18.52,73.86,semi_arid,NASA_POWER_daily_ag,7.663,13.019,1.5125,dewpoint,799.8,38.74
2024-04-30,32.59,42.11,24.89,29.48,0.0,2.73,25.56,93.71,2.03,10.35,PNQ,18.52,73.86,semi_arid,NASA_POWER_daily_ag,8.378,13.21,1.2571,dewpoint,806.4,38.775
2024-05-01,30.06,39.54,22.3,39.61,0.0,3.04,26.48,93.62,0.95,11.94,PNQ,18.52,73.86,semi_arid,NASA_POWER_daily_ag,8.132,14.126,1.397,dewpoint,816.2,38.808
2024-05-02,29.46,40.47,20.24,39.68,0.0,2.71,28.52,93.61,1.95,10.1,PNQ,18.52,73.86,semi_arid,NASA_POWER_daily_ag,8.03,14.675,1.2362,dewpoint,817.3,38.839
2024-05-03,28.81,39.98,18.75,43.51,0.0,2.64,28.48,93.73,4.99,10.66,PNQ,18.52,73.86,semi_arid,NASA_POWER_daily_ag,7.783,14.866,1.2833,dewpoint,804.2,38.869
2024-05-04,29.26,39.88,19.27,46.03,0.0,2.69,27.79,93.77,5.86,12.83,PNQ,18.52,73.86,semi_arid,NASA_POWER_daily_ag,7.705,15.004,1.4812,dewpoint,799.8,38.897
2024-05-05,30.12,40.62,21.55,50.84,0.0,3.13,27.02,93.67,6.6,16.02,PNQ,18.52,73.86,semi_arid,NASA_POWER_daily_ag,7.875,15.231,1.8206,dewpoint,810.7,38.924
2024-05-06,29.41,39.58,22.12,54.91,0.01,3.3,27.76,93.74,2.79,17.17,PNQ,18.52,73.86,semi_arid,NASA_POWER_daily_ag,7.714,15.882,1.9587,dewpoint,803.1,38.949
2024-05-07,29.45,39.96,22.08,57.19,0.0,3.54,27.68,93.82,4.31,17.57,PNQ,18.52,73.86,semi_arid,NASA_POWER_daily_ag,7.803,15.926,2.0088,dewpoint,794.4,38.973
2024-05-08,29.83,40.5,21.52,52.14,0.02,2.86,27.5,93.76,8.26,15.32,PNQ,18.52,73.86,semi_arid,NASA_POWER_daily_ag,7.721,15.322,1.7408,dewpoint,800.9,38.995
2024-05-09,29.75,39.98,21.24,53.14,0.04,2.64,25.47,93.72,17.19,16.5,PNQ,18.52,73.86,semi_arid,NASA_POWER_daily_ag,7.146,14.632,1.8772,dewpoint,805.3,39.016
2024-05-10,29.79,39.27,22.95,55.23,6.57,1.92,23.02,93.81,22.58,18.31,PNQ,18.52,73.86,semi_arid,NASA_POWER_daily_ag,6.087,13.742,2.1046,dewpoint,795.5,39.036
2024-05-11,29.3,37.98,23.37,59.81,17.09,1.78,21.52,93.89,36.46,19.27,PNQ,18.52,73.86,semi_arid,NASA_POWER_daily_ag,5.582,13.164,2.2347,dewpoint,786.7,39.055
2024-05-12,28.79,35.39,22.57,64.55,2.36,1.22,18.83,93.93,63.52,20.37,PNQ,18.52,73.86,semi_arid,NASA_POWER_daily_ag,4.645,11.971,2.3924,dewpoint,782.4,39.072
2024-05-13,29.67,36.52,23.48,59.12,3.47,1.67,20.96,93.88,59.53,19.52,PNQ,18.52,73.86,semi_arid,NASA_POWER_daily_ag,5.49,12.948,2.2697,dewpoint,787.8,39.089
2024-05-14,29.3,36.56,22.92,60.64,5.88,1.8,21.93,93.88,22.98,19.43,PNQ,18.52,73.86,semi_arid,NASA_POWER_daily_ag,5.657,13.457,2.257,dewpoint,787.8,39.104
2024-05-15,29.13,35.58,22.85,60.96,6.22,1.56,25.02,93.91,14.46,19.66,PNQ,18.52,73.86,semi_arid,NASA_POWER_daily_ag,5.931,15.169,2.2895,dewpoint,784.6,39.118
2024-05-16,29.79,35.72,24.44,60.93,2.21,1.06,20.4,93.89,53.08,20.29,PNQ,18.52,73.86,semi_arid,NASA_POWER_daily_ag,4.948,12.776,2.3806,dewpoint,786.7,39.131
2024-05-17,29.6,35.63,24.87,60.16,1.54,1.26,22.27,93.8,45.55,19.9,PNQ,18.52,73.86,semi_arid,NASA_POWER_daily_ag,5.372,13.708,2.3238,dewpoint,796.6,39.143
2024-05-18,29.94,37.27,23.42,58.66,1.71,1.44,21.84,93.58,24.31,19.41,PNQ,18.52,73.86,semi_arid,NASA_POWER_daily_ag,5.52,13.39,2.2542,dewpoint,820.6,39.154
2024-05-19,30.32,38.84,23.37,58.79,2.47,1.94,23.6,93.42,36.94,19.46,PNQ,18.52,73.86,semi_arid,NASA_POWER_daily_ag,6.217,14.289,2.2613,dewpoint,838.1,39.164
2024-05-20,29.63,37.53,24.59,64.35,5.15,1.79,22.6,93.47,66.63,20.89,PNQ,18.52,73.86,semi_arid,NASA_POWER_daily_ag,5.681,14.038,2.4703,dewpoint,832.6,39.173
2024-05-21,30.15,38.79,24.17,61.16,3.14,1.85,24.55,93.46,48.1,20.06,PNQ,18.52,73.86,semi_arid,NASA_POWER_daily_ag,6.206,14.897,2.347,dewpoint,833.7,39.181
2024-05-22,31.03,39.51,24.63,61.64,0.97,1.28,20.85,93.4,87.45,21.08,PNQ,18.52,73.86,semi_arid,NASA_POWER_daily_ag,5.323,13.081,2.4993,dewpoint,840.2,39.189
2024-05-23,31.02,39.17,25.14,59.53,2.46,1.96,21.42,93.32,50.8,20.8,PNQ,18.52,73.86,semi_arid,NASA_POWER_daily_ag,5.922,13.34,2.4566,dewpoint,849.0,39.195
2024-05-24,29.5,37.87,23.18,62.49,0.13,3.23,23.78,93.29,47.09,19.99,PNQ,18.52,73.86,semi_arid,NASA_POWER_daily_ag,6.725,14.527,2.3368,dewpoint,852.3,39.201
2024-05-25,28.28,35.57,23.81,65.41,0.02,4.2,20.63,93.37,82.74,19.93,PNQ,18.52,73.86,semi_arid,NASA_POWER_daily_ag,6.289,12.874,2.3282,dewpoint,843.5,39.207
2024-05-26,28.39,35.75,24.31,66.24,0.03,4.17,20.3,93.47,76.69,20.54,PNQ,18.52,73.86,semi_arid,NASA_POWER_daily_ag,6.116,12.779,2.4176,dewpoint,832.6,39.211
2024-05-27,28.46,35.61,23.91,66.74,0.0,4.58,8.97,93.47,93.78,20.72,PNQ,18.52,73.86,semi_arid,NASA_POWER_daily_ag,4.769,6.642,2.4446,dewpoint,832.6,39.215
2024-05-28,28.66,35.67,24.47,67.88,0.0,5.04,23.99,93.47,41.77,21.3,PNQ,18.52,73.86,semi_arid,NASA_POWER_daily_ag,6.788,14.933,2.5332,dewpoint,832.6,39.219
2024-05-29,28.68,35.18,24.5,70.62,0.01,4.57,25.05,93.48,14.75,22.15,PNQ,18.52,73.86,semi_arid,NASA_POWER_daily_ag,6.551,15.718,2.6682,dewpoint,831.5,39.221
2024-05-30,29.26,36.71,24.42,67.49,0.01,4.29,24.54,93.56,18.88,21.55,PNQ,18.52,73.86,semi_arid,NASA_POWER_daily_ag,6.833,15.264,2.5723,dewpoint,822.7,39.224
2024-05-31,29.38,37.22,23.88,64.0,0.03,3.84,25.47,93.63,18.63,20.31,PNQ,18.52,73.86,semi_arid,NASA_POWER_daily_ag,7.14,15.498,2.3835,dewpoint,815.1,39.225
2024-06-01,29.58,36.98,24.39,63.36,0.05,3.78,23.63,93.63,72.58,20.59,PNQ,18.52,73.86,semi_arid,NASA_POWER_daily_ag,6.878,14.56,2.4251,dewpoint,815.1,39.227
2024-06-02,29.56,36.86,24.67,61.28,0.22,3.4,23.3,93.63,47.13,20.28,PNQ,18.52,73.86,semi_arid,NASA_POWER_daily_ag,6.709,14.318,2.3791,dewpoint,815.1,39.227
2024-06-03,27.89,33.45,24.64,72.9,8.28,2.56,16.94,93.67,95.79,22.11,PNQ,18.52,73.86,semi_arid,NASA_POWER_daily_ag,4.529,11.166,2.6617,dewpoint,810.7,39.228
2024-06-04,27.36,32.68,24.37,76.87,13.79,2.57,20.67,93.76,82.38,22.46,PNQ,18.52,73.86,semi_arid,NASA_POWER_daily_ag,4.86,13.348,2.719,dewpoint,800.9,39.228
2024-06-05,27.14,32.53,23.66,77.68,13.24,2.71,18.98,93.79,84.48,22.47,PNQ,18.52,73.86,semi_arid,NASA_POWER_daily_ag,4.564,12.397,2.7206,dewpoint,797.6,39.227
2024-06-06,27.64,33.61,23.6,75.54,10.72,2.37,18.74,93.81,84.64,22.3,PNQ,18.52,73.86,semi_arid,NASA_POWER_daily_ag,4.635,12.22,2.6927,dewpoint,795.5,39.227
2024-06-07,27.14,32.14,23.67,76.72,5.37,2.11,17.11,93.67,91.81,22.28,PNQ,18.52,73.86,semi_arid,NASA_POWER_daily_ag,4.184,11.311,2.6894,dewpoint,810.7,39.226
2024-06-08,26.57,31.73,23.72,79.05,36.55,3.09,17.37,93.55,87.9,22.19,PNQ,18.52,73.86,semi_arid,NASA_POWER_daily_ag,4.272,11.454,2.6747,dewpoint,823.8,39.224
2024-06-09,25.15,27.6,23.31,88.47,43.36,3.12,9.34,93.56,99.45,23.03,PNQ,18.52,73.86,semi_arid,NASA_POWER_daily_ag,2.386,6.907,2.8145,dewpoint,822.7,39.222
2024-06-10,24.81,28.13,22.51,84.83,14.18,3.17,13.53,93.66,99.15,21.93,PNQ,18.52,73.86,semi_arid,NASA_POWER_daily_ag,3.18,9.285,2.6327,dewpoint,811.8,39.22
2024-06-11,24.92,28.42,22.9,81.66,8.31,3.82,14.74,93.76,96.87,21.3,PNQ,18.52,73.86,semi_arid,NASA_POWER_daily_ag,3.641,9.918,2.5332,dewpoint,800.9,39.218
2024-06-12,25.0,28.33,22.75,84.35,7.56,3.48,19.44,93.81,86.94,22.0,PNQ,18.52,73.86,semi_arid,NASA_POWER_daily_ag,4.06,12.671,2.6439,dewpoint,795.5,39.216
2024-06-13,25.5,29.67,22.15,81.12,11.46,2.99,17.53,93.76,90.06,21.72,PNQ,18.52,73.86,semi_arid,NASA_POWER_daily_ag,4.022,11.533,2.5991,dewpoint,800.9,39.213
2024-06-14,25.19,28.15,22.9,85.85,8.72,3.42,15.03,93.68,92.59,22.49,PNQ,18.52,73.86,semi_arid,NASA_POWER_daily_ag,3.384,10.189,2.7239,dewpoint,809.6,39.21
2024-06-15,25.92,30.51,22.71,82.33,2.35,2.91,17.83,93.59,77.12,22.38,PNQ,18.52,73.86,semi_arid,NASA_POWER_daily_ag,4.038,11.768,2.7058,dewpoint,819.5,39.207
2024-06-16,26.06,31.02,22.56,81.04,2.17,2.3,21.13,93.61,66.35,22.22,PNQ,18.52,73.86,semi_arid,NASA_POWER_daily_ag,4.536,13.63,2.6796,dewpoint,817.3,39.204
2024-06-17,25.58,29.37,23.19,82.74,2.64,2.58,18.14,93.67,93.14,22.21,PNQ,18.52,73.86,semi_arid,NASA_POWER_daily_ag,3.975,11.932,2.678,dewpoint,810.7,39.2
2024-06-18,25.33,29.72,22.56,81.85,9.39,3.63,18.88,93.62,87.81,21.73,PNQ,18.52,73.86,semi_arid,NASA_POWER_daily_ag,4.206,12.295,2.6007,dewpoint,816.2,39.196
2024-06-19,24.77,27.76,22.42,86.39,12.99,4.36,14.82,93.46,98.86,22.24,PNQ,18.52,73.86,semi_arid,NASA_POWER_daily_ag,3.307,10.054,2.6829,dewpoint,833.7,39.192
2024-06-20,25.44,28.49,23.25,87.64,24.04,4.57,10.0,93.39,94.37,23.14,PNQ,18.52,73.86,semi_arid,NASA_POWER_daily_ag,2.652,7.294,2.8333,dewpoint,841.3,39.188
2024-06-21,25.91,28.86,23.92,86.95,12.67,4.56,12.11,93.41,97.7,23.45,PNQ,18.52,73.86,semi_arid,NASA_POWER_daily_ag,3.029,8.542,2.8868,dewpoint,839.1,39.184
2024-06-22,26.47,29.92,24.65,84.33,9.58,3.41,18.68,93.27,74.61,23.37,PNQ,18.52,73.86,semi_arid,NASA_POWER_daily_ag,4.144,12.376,2.8729,dewpoint,854.5,39.18
2024-06-23,25.06,27.94,22.43,87.1,10.92,3.2,18.63,93.19,87.82,22.66,PNQ,18.52,73.86,semi_arid,NASA_POWER_daily_ag,3.785,12.307,2.7522,dewpoint,863.2,39.175
2024-06-24,25.37,31.22,21.78,81.43,6.47,2.97,17.16,93.04,83.24,21.65,PNQ,18.52,73.86,semi_arid,NASA_POWER_daily_ag,3.939,11.302,2.5881,dewpoint,879.7,39.171
2024-06-25,24.82,27.42,21.9,88.93,13.0,3.86,17.69,92.88,75.32,22.85,PNQ,18.52,73.86,semi_arid,NASA_POWER_daily_ag,3.493,11.798,2.784,dewpoint,897.3,39.166
2024-06-26,25.29,28.06,21.92,91.01,18.78,4.69,12.0,92.87,95.33,23.69,PNQ,18.52,73.86,semi_arid,NASA_POWER_daily_ag,2.62,8.506,2.9288,dewpoint,898.4,39.161
2024-06-27,24.33,27.51,21.88,87.58,18.9,7.26,11.31,93.09,99.18,22.06,PNQ,18.52,73.86,semi_arid,NASA_POWER_daily_ag,2.84,8.025,2.6536,dewpoint,874.2,39.155
2024-06-28,23.7,25.42,22.45,91.4,28.34,6.67,9.51,93.29,99.52,22.21,PNQ,18.52,73.86,semi_arid,NASA_POWER_daily_ag,2.164,6.994,2.678,dewpoint,852.3,39.15
2024-06-29,25.29,28.32,23.45,87.39,15.14,4.8,13.65,93.4,99.32,22.94,PNQ,18.52,73.86,semi_arid,NASA_POWER_daily_ag,3.146,9.416,2.7993,dewpoint,840.2,39.144
2024-06-30,25.12,28.96,22.74,88.39,15.81,5.58,8.46,93.43,99.56,22.98,PNQ,18.52,73.86,semi_arid,NASA_POWER_daily_ag,2.426,6.388,2.806,dewpoint,837.0,39.138
2024-07-01,25.54,28.8,23.63,86.75,20.81,7.26,12.88,93.36,94.24,23.05,PNQ,18.52,73.86,semi_arid,NASA_POWER_daily_ag,3.239,8.969,2.8179,dewpoint,844.6,39.132
2024-07-02,25.44,28.07,23.7,88.42,26.42,7.39,11.53,93.31,98.26,23.32,PNQ,18.52,73.86,semi_arid,NASA_POWER_daily_ag,2.874,8.196,2.8643,dewpoint,850.1,39.126
2024-07-03,25.53,29.15,23.4,86.14,6.51,5.99,13.79,93.38,89.69,22.91,PNQ,18.52,73.86,semi_arid,NASA_POWER_daily_ag,3.355,9.487,2.7942,dewpoint,842.4,39.119
2024-07-04,25.24,27.85,23.21,87.55,7.6,5.46,11.91,93.45,98.24,22.94,PNQ,18.52,73.86,semi_arid,NASA_POWER_daily_ag,2.927,8.402,2.7993,dewpoint,834.8,39.112
2024-07-05,25.51,28.59,23.31,86.83,12.41,5.96,11.43,93.33,98.28,23.02,PNQ,18.52,73.86,semi_arid,NASA_POWER_daily_ag,3.005,8.122,2.8128,dewpoint,847.9,39.105
2024-07-06,25.29,28.3,23.3,88.57,24.73,6.5,11.84,93.21,99.38,23.17,PNQ,18.52,73.86,semi_arid,NASA_POWER_daily_ag,2.872,8.371,2.8385,dewpoint,861.0,39.097
2024-07-07,25.08,27.54,23.92,90.62,33.72,5.18,8.73,93.28,99.29,23.4,PNQ,18.52,73.86,semi_arid,NASA_POWER_daily_ag,2.223,6.549,2.8781,dewpoint,853.4,39.089
2024-07-08,24.86,27.6,23.11,91.27,34.67,4.38,7.28,93.25,99.54,23.31,PNQ,18.52,73.86,semi_arid,NASA_POWER_daily_ag,1.944,5.695,2.8625,dewpoint,856.7,39.081
2024-07-09,23.46,26.33,21.73,89.29,21.69,3.44,10.88,93.4,87.99,21.55,PNQ,18.52,73.86,semi_arid,NASA_POWER_daily_ag,2.448,7.758,2.5723,dewpoint,840.2,39.073
2024-07-10,23.52,27.04,21.38,88.07,8.71,3.23,16.69,93.68,87.7,21.33,PNQ,18.52,73.86,semi_arid,NASA_POWER_daily_ag,3.299,11.044,2.5379,dewpoint,809.6,39.064
2024-07-11,24.31,27.77,21.81,87.84,4.32,4.41,12.15,93.62,95.25,22.05,PNQ,18.52,73.86,semi_arid,NASA_POWER_daily_ag,2.824,8.498,2.652,dewpoint,816.2,39.054
2024-07-12,24.46,26.85,22.56,90.49,48.07,5.09,6.93,93.43,99.49,22.76,PNQ,18.52,73.86,semi_arid,NASA_POWER_daily_ag,1.973,5.491,2.7689,dewpoint,837.0,39.044
2024-07-13,24.26,25.62,23.53,93.89,64.9,6.16,5.91,93.35,99.57,23.22,PNQ,18.52,73.86,semi_arid,NASA_POWER_daily_ag,1.538,4.885,2.847,dewpoint,845.7,39.034
2024-07-14,24.45,26.16,23.27,93.58,47.45,5.49,6.73,93.23,99.54,23.35,PNQ,18.52,73.86,semi_arid,NASA_POWER_daily_ag,1.671,5.367,2.8695,dewpoint,858.9,39.023
2024-07-15,23.75,25.75,21.68,90.56,18.6,3.24,12.44,93.18,99.49,22.07,PNQ,18.52,73.86,semi_arid,NASA_POWER_daily_ag,2.603,8.679,2.6552,dewpoint,864.3,39.012
2024-07-16,22.85,25.47,20.99,89.92,6.98,3.27,11.03,93.16,99.21,21.08,PNQ,18.52,73.86,semi_arid,NASA_POWER_daily_ag,2.385,7.83,2.4993,dewpoint,866.5,39.0
2024-07-17,24.03,26.45,22.22,91.98,21.26,5.61,10.63,93.25,99.52,22.63,PNQ,18.52,73.86,semi_arid,NASA_POWER_daily_ag,2.266,7.647,2.7472,dewpoint,856.7,38.987
2024-07-18,24.16,26.13,22.95,93.08,31.23,6.66,7.89,93.3,99.45,22.97,PNQ,18.52,73.86,semi_arid,NASA_POWER_daily_ag,1.844,6.05,2.8043,dewpoint,851.2,38.974
2024-07-19,24.1,26.31,22.86,92.52,30.94,6.46,8.49,93.22,99.49,22.81,PNQ,18.52,73.86,semi_arid,NASA_POWER_daily_ag,1.963,6.4,2.7773,dewpoint,860.0,38.96
2024-07-20,23.85,24.79,23.18,95.11,42.66,6.18,8.17,93.23,99.53,23.04,PNQ,18.52,73.86,semi_arid,NASA_POWER_daily_ag,1.66,6.214,2.8162,dewpoint,858.9,38.946
2024-07-21,24.14,25.69,22.99,94.38,53.32,5.56,7.39,93.25,99.43,23.19,PNQ,18.52,73.86,semi_arid,NASA_POWER_daily_ag,1.663,5.754,2.8419,dewpoint,856.7,38.93
2024-07-22,23.5,24.63,22.62,95.11,49.7,5.69,5.66,93.44,99.26,22.69,PNQ,18.52,73.86,semi_arid,NASA_POWER_daily_ag,1.362,4.742,2.7572,dewpoint,835.9,38.914
2024-07-23,23.7,24.94,23.06,95.38,67.95,6.11,7.66,93.5,99.63,22.93,PNQ,18.52,73.86,semi_arid,NASA_POWER_daily_ag,1.574,5.911,2.7976,dewpoint,829.3,38.897
2024-07-24,23.53,24.72,22.66,95.59,82.6,6.3,6.5,93.31,99.54,22.8,PNQ,18.52,73.86,semi_arid,NASA_POWER_daily_ag,1.41,5.232,2.7756,dewpoint,850.1,38.88
2024-07-25,22.8,23.86,21.4,94.87,125.97,6.2,3.5,93.25,99.58,21.96,PNQ,18.52,73.86,semi_arid,NASA_POWER_daily_ag,1.114,3.505,2.6375,dewpoint,856.7,38.861
2024-07-26,23.42,25.68,21.53,93.56,32.11,6.8,8.96,93.33,99.57,22.32,PNQ,18.52,73.86,semi_arid,NASA_POWER_daily_ag,1.873,6.664,2.6959,dewpoint,847.9,38.842
2024-07-27,23.58,25.58,22.57,93.84,16.61,6.23,7.88,93.39,99.47,22.53,PNQ,18.52,73.86,semi_arid,NASA_POWER_daily_ag,1.74,6.037,2.7306,dewpoint,841.3,38.821
2024-07-28,23.18,24.4,22.34,95.18,21.94,5.65,7.03,93.19,99.65,22.39,PNQ,18.52,73.86,semi_arid,NASA_POWER_daily_ag,1.501,5.543,2.7074,dewpoint,863.2,38.8
2024-07-29,23.83,26.04,22.5,93.5,33.27,5.5,6.82,93.04,99.11,22.72,PNQ,18.52,73.86,semi_arid,NASA_POWER_daily_ag,1.661,5.419,2.7622,dewpoint,879.7,38.777
2024-07-30,24.14,27.07,22.36,92.48,33.79,4.61,8.79,93.38,99.15,22.83,PNQ,18.52,73.86,semi_arid,NASA_POWER_daily_ag,2.005,6.565,2.7807,dewpoint,842.4,38.754
2024-07-31,24.43,27.17,22.35,92.79,19.25,4.41,9.5,93.58,99.28,23.17,PNQ,18.52,73.86,semi_arid,NASA_POWER_daily_ag,2.089,6.985,2.8385,dewpoint,820.6,38.729
2024-08-01,24.11,25.79,23.2,93.98,26.05,5.25,11.95,93.53,99.74,23.09,PNQ,18.52,73.86,semi_arid,NASA_POWER_daily_ag,2.252,8.421,2.8248,dewpoint,826.0,38.704
2024-08-02,23.55,24.76,22.81,94.82,28.65,5.83,8.48,93.5,99.63,22.69,PNQ,18.52,73.86,semi_arid,NASA_POWER_daily_ag,1.713,6.382,2.7572,dewpoint,829.3,38.677
2024-08-03,23.25,24.74,22.26,95.22,61.46,6.38,6.15,93.54,99.78,22.46,PNQ,18.52,73.86,semi_arid,NASA_POWER_daily_ag,1.391,5.025,2.719,dewpoint,824.9,38.649
2024-08-04,23.29,24.72,22.28,95.41,38.81,5.6,4.2,93.57,99.56,22.53,PNQ,18.52,73.86,semi_arid,NASA_POWER_daily_ag,1.16,3.888,2.7306,dewpoint,821.7,38.619
2024-08-05,23.56,26.09,22.18,93.16,17.23,4.85,9.61,93.65,98.97,22.38,PNQ,18.52,73.86,semi_arid,NASA_POWER_daily_ag,2.016,7.027,2.7058,dewpoint,812.9,38.589
2024-08-06,23.6,26.34,22.04,92.25,11.41,4.3,11.63,93.62,94.1,22.25,PNQ,18.52,73.86,semi_arid,NASA_POWER_daily_ag,2.347,8.186,2.6845,dewpoint,816.2,38.557
2024-08-07,23.68,26.86,21.61,92.04,8.94,3.82,8.66,93.66,99.59,22.28,PNQ,18.52,73.86,semi_arid,NASA_POWER_daily_ag,1.994,6.473,2.6894,dewpoint,811.8,38.523
2024-08-08,23.82,27.28,21.88,91.2,7.59,3.68,11.59,93.73,97.53,22.25,PNQ,18.52,73.86,semi_arid,NASA_POWER_daily_ag,2.443,8.154,2.6845,dewpoint,804.2,38.489
2024-08-09,24.0,27.33,21.65,91.09,9.15,3.63,9.93,93.81,99.54,22.39,PNQ,18.52,73.86,semi_arid,NASA_POWER_daily_ag,2.248,7.202,2.7074,dewpoint,795.5,38.452
2024-08-10,23.88,27.16,21.62,91.64,9.13,3.26,9.17,93.8,95.32,22.38,PNQ,18.52,73.86,semi_arid,NASA_POWER_daily_ag,2.098,6.762,2.7058,dewpoint,796.6,38.415
2024-08-11,23.74,26.99,21.87,91.87,7.13,3.58,13.39,93.66,92.25,22.3,PNQ,18.52,73.86,semi_arid,NASA_POWER_daily_ag,2.63,9.187,2.6927,dewpoint,811.8,38.376
2024-08-12,24.08,27.57,21.9,90.96,2.95,3.25,14.84,93.65,75.95,22.44,PNQ,18.52,73.86,semi_arid,NASA_POWER_daily_ag,2.923,10.025,2.7157,dewpoint,812.9,38.335
2024-08-13,24.47,28.4,21.54,90.18,1.45,2.55,17.37,93.68,75.22,22.66,PNQ,18.52,73.86,semi_arid,NASA_POWER_daily_ag,3.38,11.499,2.7522,dewpoint,809.6,38.293
2024-08-14,24.59,28.64,21.4,89.24,0.16,2.02,18.2,93.66,83.42,22.59,PNQ,18.52,73.86,semi_arid,NASA_POWER_daily_ag,3.572,11.964,2.7405,dewpoint,811.8,38.249
2024-08-15,24.56,28.33,21.88,89.94,1.03,2.16,18.3,93.57,86.47,22.71,PNQ,18.52,73.86,semi_arid,NASA_POWER_daily_ag,3.549,12.032,2.7605,dewpoint,821.7,38.204
2024-08-16,24.52,27.98,22.13,90.22,2.21,1.87,18.19,93.49,89.74,22.73,PNQ,18.52,73.86,semi_arid,NASA_POWER_daily_ag,3.532,11.969,2.7639,dewpoint,830.4,38.157
2024-08-17,24.88,28.96,21.68,87.93,25.82,1.49,17.62,93.56,97.42,22.58,PNQ,18.52,73.86,semi_arid,NASA_POWER_daily_ag,3.562,11.608,2.7389,dewpoint,822.7,38.108
2024-08-18,25.2,28.46,22.29,90.74,91.08,1.34,17.26,93.62,94.36,23.52,PNQ,18.52,73.86,semi_arid,NASA_POWER_daily_ag,3.458,11.512,2.899,dewpoint,816.2,38.057
2024-08-19,25.24,28.29,22.96,90.68,21.86,1.25,14.51,93.55,96.93,23.54,PNQ,18.52,73.86,semi_arid,NASA_POWER_daily_ag,3.018,9.893,2.9025,dewpoint,823.8,38.005
2024-08-20,25.04,27.54,23.07,90.83,9.79,0.95,13.52,93.52,97.18,23.39,PNQ,18.52,73.86,semi_arid,NASA_POWER_daily_ag,2.841,9.303,2.8764,dewpoint,827.1,37.951
2024-08-21,24.83,28.33,21.33,89.57,2.53,1.49,18.06,93.57,94.04,22.91,PNQ,18.52,73.86,semi_arid,NASA_POWER_daily_ag,3.575,11.899,2.7942,dewpoint,821.7,37.896
2024-08-22,25.53,28.52,23.12,88.54,5.15,1.08,16.53,93.51,95.2,23.42,PNQ,18.52,73.86,semi_arid,NASA_POWER_daily_ag,3.414,11.046,2.8816,dewpoint,828.2,37.838
2024-08-23,24.73,27.88,22.31,91.4,19.69,1.87,12.89,93.58,98.89,23.19,PNQ,18.52,73.86,semi_arid,NASA_POWER_daily_ag,2.687,8.912,2.8419,dewpoint,820.6,37.779
2024-08-24,23.63,25.67,22.43,95.26,56.66,3.35,5.7,93.67,99.71,22.84,PNQ,18.52,73.86,semi_arid,NASA_POWER_daily_ag,1.376,4.73,2.7824,dewpoint,810.7,37.717
2024-08-25,23.26,24.97,21.8,94.44,37.34,5.63,7.57,93.62,99.95,22.33,PNQ,18.52,73.86,semi_arid,NASA_POWER_daily_ag,1.626,5.812,2.6976,dewpoint,816.2,37.654
2024-08-26,23.79,25.4,22.88,94.64,32.96,6.17,10.72,93.44,99.56,22.89,PNQ,18.52,73.86,semi_arid,NASA_POWER_daily_ag,1.983,7.636,2.7908,dewpoint,835.9,37.589
2024-08-27,23.81,25.85,22.5,92.69,21.23,6.04,12.19,93.56,99.5,22.54,PNQ,18.52,73.86,semi_arid,NASA_POWER_daily_ag,2.342,8.461,2.7322,dewpoint,822.7,37.522
2024-08-28,23.55,25.84,22.0,93.22,14.03,5.59,11.09,93.62,88.69,22.39,PNQ,18.52,73.86,semi_arid,NASA_POWER_daily_ag,2.155,7.82,2.7074,dewpoint,816.2,37.454
2024-08-29,23.85,26.73,22.34,92.34,5.32,4.76,14.06,93.54,80.97,22.51,PNQ,18.52,73.86,semi_arid,NASA_POWER_daily_ag,2.632,9.517,2.7272,dewpoint,824.9,37.383
2024-08-30,23.82,26.92,22.06,92.11,5.95,3.41,15.53,93.65,61.58,22.43,PNQ,18.52,73.86,semi_arid,NASA_POWER_daily_ag,2.892,10.344,2.714,dewpoint,812.9,37.31
2024-08-31,23.52,26.4,21.66,92.74,3.49,2.8,16.05,93.73,81.12,22.25,PNQ,18.52,73.86,semi_arid,NASA_POWER_daily_ag,2.939,10.625,2.6845,dewpoint,804.2,37.236
2024-09-01,23.28,25.55,21.64,93.89,3.92,3.13,8.65,93.67,99.55,22.23,PNQ,18.52,73.86,semi_arid,NASA_POWER_daily_ag,1.844,6.407,2.6812,dewpoint,810.7,37.159
2024-09-02,21.84,23.1,19.83,94.33,15.01,3.63,6.22,93.56,99.74,20.9,PNQ,18.52,73.86,semi_arid,NASA_POWER_daily_ag,1.436,5.031,2.4718,dewpoint,822.7,37.081
2024-09-03,22.16,24.73,19.43,94.64,11.51,2.96,10.51,93.62,99.69,21.27,PNQ,18.52,73.86,semi_arid,NASA_POWER_daily_ag,1.991,7.435,2.5286,dewpoint,816.2,37.0
2024-09-04,24.03,27.07,22.36,92.64,21.15,4.41,13.61,93.7,95.13,22.74,PNQ,18.52,73.86,semi_arid,NASA_POWER_daily_ag,2.574,9.24,2.7656,dewpoint,807.5,36.918
2024-09-05,23.93,26.64,22.41,93.15,23.09,4.31,12.13,93.58,95.07,22.74,PNQ,18.52,73.86,semi_arid,NASA_POWER_daily_ag,2.345,8.39,2.7656,dewpoint,820.6,36.834
2024-09-06,23.92,27.08,21.94,91.92,11.11,4.25,12.88,93.67,75.15,22.49,PNQ,18.52,73.86,semi_arid,NASA_POWER_daily_ag,2.532,8.795,2.7239,dewpoint,810.7,36.747
2024-09-07,23.66,27.21,21.59,91.99,11.12,3.41,13.25,93.75,77.54,22.24,PNQ,18.52,73.86,semi_arid,NASA_POWER_daily_ag,2.576,8.981,2.6829,dewpoint,802.0,36.659
2024-09-08,23.74,27.16,21.46,92.15,5.1,2.87,16.28,93.74,55.77,22.34,PNQ,18.52,73.86,semi_arid,NASA_POWER_daily_ag,3.004,10.7,2.6992,dewpoint,803.1,36.569
2024-09-09,24.09,27.82,22.09,91.36,7.51,2.93,14.71,93.51,79.35,22.53,PNQ,18.52,73.86,semi_arid,NASA_POWER_daily_ag,2.858,9.81,2.7306,dewpoint,828.2,36.477
2024-09-10,23.47,26.65,21.64,92.11,7.52,3.08,12.86,93.47,92.93,22.08,PNQ,18.52,73.86,semi_arid,NASA_POWER_daily_ag,2.51,8.735,2.6569,dewpoint,832.6,36.383
2024-09-11,23.32,26.83,20.98,91.21,8.58,3.31,13.66,93.57,99.49,21.74,PNQ,18.52,73.86,semi_arid,NASA_POWER_daily_ag,2.653,9.153,2.6023,dewpoint,821.7,36.287
2024-09-12,23.15,26.12,20.75,91.38,5.07,3.45,13.39,93.74,78.5,21.62,PNQ,18.52,73.86,semi_arid,NASA_POWER_daily_ag,2.585,8.992,2.5833,dewpoint,803.1,36.19
2024-09-13,22.5,25.85,20.25,91.58,1.71,2.87,18.47,93.79,70.81,21.0,PNQ,18.52,73.86,semi_arid,NASA_POWER_daily_ag,3.195,11.737,2.487,dewpoint,797.6,36.09
2024-09-14,22.81,26.68,20.28,90.74,6.72,2.97,19.16,93.76,52.59,21.13,PNQ,18.52,73.86,semi_arid,NASA_POWER_daily_ag,3.35,12.109,2.5069,dewpoint,800.9,35.989
2024-09-15,22.99,26.82,20.2,90.23,8.73,2.93,11.02,93.79,70.56,21.19,PNQ,18.52,73.86,semi_arid,NASA_POWER_daily_ag,2.346,7.628,2.5162,dewpoint,797.6,35.886
2024-09-16,22.21,26.54,18.89,89.59,2.06,1.87,17.95,93.86,48.55,20.3,PNQ,18.52,73.86,semi_arid,NASA_POWER_daily_ag,3.239,11.331,2.3821,dewpoint,790.0,35.781
2024-09-17,22.09,26.48,18.94,89.74,1.39,2.17,20.67,93.84,50.61,20.2,PNQ,18.52,73.86,semi_arid,NASA_POWER_daily_ag,3.565,12.77,2.3674,dewpoint,792.2,35.674
2024-09-18,22.05,27.05,18.38,87.24,0.37,1.55,22.37,93.68,17.84,19.62,PNQ,18.52,73.86,semi_arid,NASA_POWER_daily_ag,3.905,13.561,2.2838,dewpoint,809.6,35.566
2024-09-19,22.54,27.14,19.54,86.22,0.01,1.19,20.6,93.72,41.24,19.89,PNQ,18.52,73.86,semi_arid,NASA_POWER_daily_ag,3.737,12.625,2.3224,dewpoint,805.3,35.456
2024-09-20,23.34,28.07,19.62,87.37,0.68,1.38,19.31,93.73,55.08,20.95,PNQ,18.52,73.86,semi_arid,NASA_POWER_daily_ag,3.604,12.07,2.4794,dewpoint,804.2,35.344
2024-09-21,23.89,28.2,20.88,90.1,4.05,1.96,16.37,93.78,85.77,22.05,PNQ,18.52,73.86,semi_arid,NASA_POWER_daily_ag,3.136,10.58,2.652,dewpoint,798.7,35.23
2024-09-22,24.4,28.6,21.39,90.08,9.86,2.22,18.07,93.71,71.67,22.56,PNQ,18.52,73.86,semi_arid,NASA_POWER_daily_ag,3.414,11.572,2.7355,dewpoint,806.4,35.116
2024-09-23,24.71,28.18,22.37,91.4,15.16,2.1,13.09,93.64,96.33,23.15,PNQ,18.52,73.86,semi_arid,NASA_POWER_daily_ag,2.664,8.826,2.835,dewpoint,814.0,34.999
2024-09-24,24.15,26.09,23.14,95.37,25.2,3.16,9.43,93.44,99.12,23.38,PNQ,18.52,73.86,semi_arid,NASA_POWER_daily_ag,1.871,6.762,2.8747,dewpoint,835.9,34.881
2024-09-25,23.77,25.31,22.53,96.3,100.15,3.02,9.86,93.34,98.04,23.16,PNQ,18.52,73.86,semi_arid,NASA_POWER_daily_ag,1.868,6.998,2.8367,dewpoint,846.8,34.762
2024-09-26,23.77,26.24,22.15,94.82,51.88,2.98,9.83,93.35,99.6,22.89,PNQ,18.52,73.86,semi_arid,NASA_POWER_daily_ag,1.947,6.961,2.7908,dewpoint,845.7,34.641
2024-09-27,23.24,25.53,21.88,94.27,28.71,4.25,8.01,93.54,99.25,22.27,PNQ,18.52,73.86,semi_arid,NASA_POWER_daily_ag,1.685,5.921,2.6878,dewpoint,824.9,34.519
2024-09-28,23.2,26.31,21.02,92.44,6.87,2.99,12.27,93.8,87.19,21.88,PNQ,18.52,73.86,semi_arid,NASA_POWER_daily_ag,2.359,8.246,2.6247,dewpoint,796.6,34.395
2024-09-29,23.47,27.49,20.31,91.41,1.3,1.91,18.96,93.97,33.35,21.91,PNQ,18.52,73.86,semi_arid,NASA_POWER_daily_ag,3.391,11.898,2.6295,dewpoint,778.0,34.27
2024-09-30,24.53,29.53,20.67,85.15,0.48,0.89,22.09,93.96,25.02,21.64,PNQ,18.52,73.86,semi_arid,NASA_POWER_daily_ag,4.127,13.481,2.5865,dewpoint,779.1,34.145
2024-10-01,25.31,29.86,21.14,86.5,2.06,0.97,20.36,93.81,55.37,22.73,PNQ,18.52,73.86,semi_arid,NASA_POWER_daily_ag,3.931,12.724,2.7639,dewpoint,795.5,34.017
2024-10-02,25.54,29.65,22.46,88.83,4.84,1.36,16.79,93.86,72.89,23.44,PNQ,18.52,73.86,semi_arid,NASA_POWER_daily_ag,3.35,10.824,2.8851,dewpoint,790.0,33.889
2024-10-03,24.51,28.16,22.17,90.25,0.4,1.76,18.72,93.87,64.75,22.71,PNQ,18.52,73.86,semi_arid,NASA_POWER_daily_ag,3.49,11.796,2.7605,dewpoint,788.9,33.76
2024-10-04,23.74,27.97,20.78,89.81,0.08,1.65,19.29,93.89,59.4,21.87,PNQ,18.52,73.86,semi_arid,NASA_POWER_daily_ag,3.507,11.973,2.6231,dewpoint,786.7,33.63
2024-10-05,23.61,28.48,20.31,87.55,0.01,1.17,22.05,93.92,17.11,21.22,PNQ,18.52,73.86,semi_arid,NASA_POWER_daily_ag,3.958,13.307,2.5208,dewpoint,783.5,33.499
2024-10-06,24.01,28.76,19.52,86.84,4.91,1.82,18.57,93.92,48.73,21.53,PNQ,18.52,73.86,semi_arid,NASA_POWER_daily_ag,3.511,11.5,2.5691,dewpoint,783.5,33.367
2024-10-07,24.04,28.47,21.0,84.64,0.13,2.56,19.22,94.01,41.03,21.11,PNQ,18.52,73.86,semi_arid,NASA_POWER_daily_ag,3.695,11.732,2.5039,dewpoint,773.7,33.235
2024-10-08,23.94,28.4,20.26,86.37,1.93,1.99,15.97,94.06,74.11,21.37,PNQ,18.52,73.86,semi_arid,NASA_POWER_daily_ag,3.154,10.049,2.5441,dewpoint,768.2,33.101
2024-10-09,23.26,26.09,21.31,89.96,4.01,1.62,9.21,93.88,98.68,21.48,PNQ,18.52,73.86,semi_arid,NASA_POWER_daily_ag,2.022,6.462,2.5613,dewpoint,787.8,32.967
2024-10-10,23.73,27.29,20.87,90.03,16.72,2.47,12.14,93.72,94.83,21.95,PNQ,18.52,73.86,semi_arid,NASA_POWER_daily_ag,2.471,8.046,2.6359,dewpoint,805.3,32.833
2024-10-11,24.3,28.28,21.33,89.18,12.44,2.63,16.33,93.68,97.14,22.31,PNQ,18.52,73.86,semi_arid,NASA_POWER_daily_ag,3.121,10.315,2.6943,dewpoint,809.6,32.698
2024-10-12,24.84,29.16,21.64,88.64,0.63,2.28,15.94,93.76,86.56,22.71,PNQ,18.52,73.86,semi_arid,NASA_POWER_daily_ag,3.14,10.127,2.7605,dewpoint,800.9,32.562
2024-10-13,25.07,28.63,22.03,87.1,13.13,1.64,18.07,93.85,63.31,22.69,PNQ,18.52,73.86,semi_arid,NASA_POWER_daily_ag,3.494,11.265,2.7572,dewpoint,791.1,32.427
2024-10-14,24.73,28.94,20.39,86.74,4.08,1.35,18.44,93.93,78.78,22.23,PNQ,18.52,73.86,semi_arid,NASA_POWER_daily_ag,3.52,11.389,2.6812,dewpoint,782.4,32.291
2024-10-15,24.92,28.74,22.06,88.38,11.05,1.33,14.45,93.94,91.67,22.76,PNQ,18.52,73.86,semi_arid,NASA_POWER_daily_ag,2.899,9.28,2.7689,dewpoint,781.3,32.154
2024-10-16,24.65,28.0,21.77,88.43,8.67,1.77,14.28,93.88,92.21,22.53,PNQ,18.52,73.86,semi_arid,NASA_POWER_daily_ag,2.863,9.16,2.7306,dewpoint,787.8,32.018
2024-10-17,24.32,27.58,21.8,89.48,2.18,2.39,11.86,93.82,98.4,22.42,PNQ,18.52,73.86,semi_arid,NASA_POWER_daily_ag,2.477,7.841,2.7124,dewpoint,794.4,31.882
2024-10-18,24.27,27.94,20.71,89.17,3.51,2.8,15.13,93.76,95.57,22.34,PNQ,18.52,73.86,semi_arid,NASA_POWER_daily_ag,2.921,9.579,2.6992,dewpoint,800.9,31.745
2024-10-19,24.29,27.32,22.42,90.76,5.57,0.84,16.25,93.99,82.6,22.65,PNQ,18.52,73.86,semi_arid,NASA_POWER_daily_ag,3.057,10.19,2.7505,dewpoint,775.8,31.609
2024-10-20,23.57,27.16,20.38,86.87,13.89,1.83,17.43,94.08,79.67,21.13,PNQ,18.52,73.86,semi_arid,NASA_POWER_daily_ag,3.239,10.591,2.5069,dewpoint,766.1,31.473
2024-10-21,23.54,27.76,19.36,83.91,1.24,1.81,15.65,94.1,88.08,20.54,PNQ,18.52,73.86,semi_arid,NASA_POWER_daily_ag,3.081,9.579,2.4176,dewpoint,763.9,31.337
2024-10-22,24.44,28.56,20.63,84.81,4.49,1.34,18.17,94.07,57.1,21.6,PNQ,18.52,73.86,semi_arid,NASA_POWER_daily_ag,3.441,10.983,2.5802,dewpoint,767.1,31.202
2024-10-23,24.11,28.79,20.77,86.23,1.91,1.73,19.22,94.06,42.97,21.53,PNQ,18.52,73.86,semi_arid,NASA_POWER_daily_ag,3.53,11.485,2.5691,dewpoint,768.2,31.067
2024-10-24,23.43,29.08,19.57,81.69,0.0,1.8,18.2,94.03,42.96,19.82,PNQ,18.52,73.86,semi_arid,NASA_POWER_daily_ag,3.461,10.652,2.3124,dewpoint,771.5,30.932
2024-10-25,22.29,28.09,17.6,77.24,0.0,1.63,18.21,94.04,28.95,17.78,PNQ,18.52,73.86,semi_arid,NASA_POWER_daily_ag,3.432,10.357,2.0356,dewpoint,770.4,30.798
2024-10-26,21.89,28.09,16.77,80.55,0.0,1.86,19.77,94.06,4.62,18.2,PNQ,18.52,73.86,semi_arid,NASA_POWER_daily_ag,3.507,11.16,2.0901,dewpoint,768.2,30.665
2024-10-27,22.01,28.31,16.48,80.11,0.0,1.52,20.19,93.94,4.19,18.14,PNQ,18.52,73.86,semi_arid,NASA_POWER_daily_ag,3.547,11.324,2.0822,dewpoint,781.3,30.532
2024-10-28,22.71,28.79,17.51,82.35,0.0,1.14,19.96,93.81,7.32,19.21,PNQ,18.52,73.86,semi_arid,NASA_POWER_daily_ag,3.51,11.36,2.2263,dewpoint,795.5,30.401
2024-10-29,22.64,28.26,17.62,80.67,0.89,1.34,18.31,93.9,23.29,18.88,PNQ,18.52,73.86,semi_arid,NASA_POWER_daily_ag,3.332,10.494,2.181,dewpoint,785.7,30.27
2024-10-30,23.02,28.24,17.42,77.42,0.31,1.26,18.35,93.98,15.73,18.58,PNQ,18.52,73.86,semi_arid,NASA_POWER_daily_ag,3.414,10.441,2.1405,dewpoint,776.9,30.14
2024-10-31,23.28,28.71,19.05,81.2,0.07,2.04,14.8,94.07,28.58,19.67,PNQ,18.52,73.86,semi_arid,NASA_POWER_daily_ag,3.025,8.85,2.2909,dewpoint,767.1,30.012
2024-11-01,22.89,28.44,19.0,79.99,0.22,2.08,14.79,94.2,43.15,19.02,PNQ,18.52,73.86,semi_arid,NASA_POWER_daily_ag,3.034,8.747,2.2001,dewpoint,753.0,29.884
2024-11-02,22.0,28.3,17.54,75.39,0.0,2.17,17.27,94.22,8.02,17.05,PNQ,18.52,73.86,semi_arid,NASA_POWER_daily_ag,3.416,9.612,1.9439,dewpoint,750.8,29.758
2024-11-03,21.29,27.67,16.03,76.94,0.0,1.96,18.07,94.22,4.57,16.8,PNQ,18.52,73.86,semi_arid,NASA_POWER_daily_ag,3.323,9.958,1.9133,dewpoint,750.8,29.633
2024-11-04,21.4,27.19,16.69,78.44,0.0,2.24,16.66,94.12,10.71,17.21,PNQ,18.52,73.86,semi_arid,NASA_POWER_daily_ag,3.181,9.367,1.9637,dewpoint,761.7,29.509
2024-11-05,21.42,27.15,16.56,76.49,0.0,2.07,17.2,94.19,5.54,16.86,PNQ,18.52,73.86,semi_arid,NASA_POWER_daily_ag,3.263,9.535,1.9206,dewpoint,754.1,29.387
2024-11-06,21.3,28.03,16.47,78.45,0.0,2.11,18.18,94.26,1.53,17.05,PNQ,18.52,73.86,semi_arid,NASA_POWER_daily_ag,3.305,9.954,1.9439,dewpoint,746.5,29.266
2024-11-07,21.04,27.42,16.36,80.33,0.0,2.48,17.75,94.23,2.61,17.19,PNQ,18.52,73.86,semi_arid,NASA_POWER_daily_ag,3.217,9.783,1.9612,dewpoint,749.7,29.147
2024-11-08,20.94,27.06,16.45,80.28,0.0,2.47,17.28,94.22,0.99,17.09,PNQ,18.52,73.86,semi_arid,NASA_POWER_daily_ag,3.153,9.543,1.9488,dewpoint,750.8,29.03
2024-11-09,20.68,26.95,15.66,76.94,0.0,2.09,17.59,94.21,3.25,16.1,PNQ,18.52,73.86,semi_arid,NASA_POWER_daily_ag,3.215,9.518,1.8299,dewpoint,751.9,28.914
2024-11-10,20.72,26.95,16.25,80.51,0.0,2.02,15.92,94.21,13.82,16.84,PNQ,18.52,73.86,semi_arid,NASA_POWER_daily_ag,2.923,8.87,1.9182,dewpoint,751.9,28.8
2024-11-11,20.17,26.04,15.86,79.02,0.0,2.26,15.87,94.18,3.05,16.08,PNQ,18.52,73.86,semi_arid,NASA_POWER_daily_ag,2.937,8.752,1.8276,dewpoint,755.2,28.688
2024-11-12,19.66,25.98,15.3,78.55,0.0,2.58,17.12,94.11,1.91,15.46,PNQ,18.52,73.86,semi_arid,NASA_POWER_daily_ag,3.071,9.186,1.7565,dewpoint,762.8,28.579
2024-11-13,20.34,26.94,14.8,80.4,0.0,2.7,17.57,93.99,0.83,16.57,PNQ,18.52,73.86,semi_arid,NASA_POWER_daily_ag,3.116,9.521,1.8856,dewpoint,775.8,28.471
2024-11-14,21.81,27.6,16.29,83.32,0.01,2.34,16.66,94.07,35.91,18.67,PNQ,18.52,73.86,semi_arid,NASA_POWER_daily_ag,3.005,9.387,2.1526,dewpoint,767.1,28.365
2024-11-15,21.0,23.09,18.58,90.32,2.59,2.33,9.93,94.19,80.51,19.33,PNQ,18.52,73.86,semi_arid,NASA_POWER_daily_ag,1.906,6.357,2.243,dewpoint,754.1,28.261
2024-11-16,22.68,27.78,18.4,80.3,0.94,1.89,13.16,94.08,32.38,18.88,PNQ,18.52,73.86,semi_arid,NASA_POWER_daily_ag,2.722,7.743,2.181,dewpoint,766.1,28.16
2024-11-17,21.16,27.21,16.67,79.14,0.0,2.46,15.47,94.11,20.46,17.19,PNQ,18.52,73.86,semi_arid,NASA_POWER_daily_ag,2.967,8.574,1.9612,dewpoint,762.8,28.061
2024-11-18,18.85,26.0,13.82,72.43,0.0,2.69,17.99,94.17,0.55,13.36,PNQ,18.52,73.86,semi_arid,NASA_POWER_daily_ag,3.281,9.108,1.5334,dewpoint,756.3,27.965
2024-11-19,18.15,25.11,13.17,76.82,0.0,2.44,17.44,94.24,0.71,13.65,PNQ,18.52,73.86,semi_arid,NASA_POWER_daily_ag,2.952,8.963,1.5627,dewpoint,748.7,27.87
2024-11-20,18.09,25.11,12.62,76.09,0.0,2.43,17.19,94.2,1.33,13.41,PNQ,18.52,73.86,semi_arid,NASA_POWER_daily_ag,2.951,8.823,1.5384,dewpoint,753.0,27.779
2024-11-21,18.33,25.4,12.21,74.16,0.0,1.85,17.11,94.16,2.79,13.21,PNQ,18.52,73.86,semi_arid,NASA_POWER_daily_ag,2.913,8.744,1.5185,dewpoint,757.4,27.69
2024-11-22,18.59,25.63,12.49,74.54,0.0,1.7,16.56,94.1,2.62,13.61,PNQ,18.52,73.86,semi_arid,NASA_POWER_daily_ag,2.832,8.555,1.5586,dewpoint,763.9,27.603
2024-11-23,19.09,26.06,12.89,73.01,0.0,1.46,15.96,94.18,5.22,13.72,PNQ,18.52,73.86,semi_arid,NASA_POWER_daily_ag,2.792,8.292,1.5698,dewpoint,755.2,27.519
2024-11-24,18.56,25.36,12.68,76.39,0.0,1.68,15.06,94.22,29.28,14.03,PNQ,18.52,73.86,semi_arid,NASA_POWER_daily_ag,2.628,7.987,1.6017,dewpoint,750.8,27.438
2024-11-25,17.81,24.95,12.44,75.75,0.0,2.39,14.91,94.18,26.58,13.18,PNQ,18.52,73.86,semi_arid,NASA_POWER_daily_ag,2.697,7.823,1.5155,dewpoint,755.2,27.36
2024-11-26,17.29,24.65,12.08,75.7,0.0,2.77,15.71,94.16,11.09,12.58,PNQ,18.52,73.86,semi_arid,NASA_POWER_daily_ag,2.791,8.053,1.4571,dewpoint,757.4,27.284
2024-11-27,17.08,24.6,11.7,73.36,0.0,3.02,17.11,94.09,13.25,11.8,PNQ,18.52,73.86,semi_arid,NASA_POWER_daily_ag,3.023,8.462,1.3842,dewpoint,765.0,27.212
2024-11-28,16.86,24.29,11.98,72.96,0.0,3.43,17.45,94.1,4.91,11.47,PNQ,18.52,73.86,semi_arid,NASA_POWER_daily_ag,3.112,8.522,1.3543,dewpoint,763.9,27.142
2024-11-29,16.63,24.84,10.5,68.85,0.0,2.86,18.0,94.09,3.34,10.38,PNQ,18.52,73.86,semi_arid,NASA_POWER_daily_ag,3.169,8.563,1.2596,dewpoint,765.0,27.075
2024-11-30,18.5,26.27,11.48,73.19,0.0,2.2,15.52,93.96,54.53,13.31,PNQ,18.52,73.86,semi_arid,NASA_POWER_daily_ag,2.844,7.988,1.5284,dewpoint,779.1,27.012
2024-12-01,21.11,26.93,16.29,85.14,0.0,2.09,12.78,93.79,80.47,18.33,PNQ,18.52,73.86,semi_arid,NASA_POWER_daily_ag,2.384,7.376,2.1072,dewpoint,797.6,26.951
2024-12-02,22.41,27.77,18.59,85.93,0.0,2.64,12.57,93.78,51.07,19.77,PNQ,18.52,73.86,semi_arid,NASA_POWER_daily_ag,2.474,7.393,2.3052,dewpoint,798.7,26.893
2024-12-03,23.21,28.33,19.45,85.17,0.14,3.02,12.45,93.93,92.35,20.39,PNQ,18.52,73.86,semi_arid,NASA_POWER_daily_ag,2.598,7.381,2.3953,dewpoint,782.4,26.839
2024-12-04,23.79,28.41,20.3,84.78,0.42,2.46,13.74,94.03,63.56,20.91,PNQ,18.52,73.86,semi_arid,NASA_POWER_daily_ag,2.742,8.024,2.4733,dewpoint,771.5,26.788
2024-12-05,23.6,28.76,19.73,83.41,0.46,1.88,15.59,94.1,19.92,20.4,PNQ,18.52,73.86,semi_arid,NASA_POWER_daily_ag,2.926,8.792,2.3968,dewpoint,763.9,26.74
2024-12-06,23.17,27.95,19.62,83.73,0.05,1.4,13.98,94.07,16.77,20.07,PNQ,18.52,73.86,semi_arid,NASA_POWER_daily_ag,2.62,8.017,2.3484,dewpoint,767.1,26.695
2024-12-07,22.03,28.38,17.48,80.67,0.0,1.52,16.32,94.0,20.12,18.23,PNQ,18.52,73.86,semi_arid,NASA_POWER_daily_ag,2.884,8.779,2.094,dewpoint,774.8,26.653
2024-12-08,20.13,26.46,15.17,68.78,0.0,1.6,17.75,94.03,29.07,13.91,PNQ,18.52,73.86,semi_arid,NASA_POWER_daily_ag,3.111,8.709,1.5893,dewpoint,771.5,26.615
2024-12-09,17.66,26.22,10.43,63.71,0.0,1.9,17.2,94.05,26.53,10.29,PNQ,18.52,73.86,semi_arid,NASA_POWER_daily_ag,3.052,8.086,1.252,dewpoint,769.3,26.58
2024-12-10,18.0,26.32,10.78,62.86,0.0,2.63,17.18,94.1,1.61,10.48,PNQ,18.52,73.86,semi_arid,NASA_POWER_daily_ag,3.355,8.082,1.268,dewpoint,763.9,26.548
2024-12-11,19.03,26.7,12.8,71.53,0.0,2.16,16.76,94.13,1.04,13.43,PNQ,18.52,73.86,semi_arid,NASA_POWER_daily_ag,3.012,8.3,1.5404,dewpoint,760.6,26.52
2024-12-12,18.24,26.15,11.48,67.69,0.0,1.65,16.78,94.1,9.99,11.69,PNQ,18.52,73.86,semi_arid,NASA_POWER_daily_ag,2.899,8.094,1.3741,dewpoint,763.9,26.495
2024-12-13,17.44,25.84,11.55,67.21,0.0,2.95,17.29,94.17,17.66,10.84,PNQ,18.52,73.86,semi_arid,NASA_POWER_daily_ag,3.244,8.144,1.2988,dewpoint,756.3,26.474
2024-12-14,17.02,25.69,10.56,66.06,0.0,3.11,16.74,94.28,18.45,10.17,PNQ,18.52,73.86,semi_arid,NASA_POWER_daily_ag,3.248,7.89,1.242,dewpoint,744.3,26.456
2024-12-15,17.41,26.6,10.8,61.52,0.0,2.8,16.55,94.35,29.33,9.51,PNQ,18.52,73.86,semi_arid,NASA_POWER_daily_ag,3.345,7.688,1.1882,dewpoint,736.7,26.441
2024-12-16,16.96,26.25,9.52,52.08,0.0,2.54,18.28,94.23,41.65,6.29,PNQ,18.52,73.86,semi_arid,NASA_POWER_daily_ag,3.654,7.82,0.9541,dewpoint,749.7,26.43
2024-12-17,17.16,26.47,9.24,56.32,0.0,1.97,17.57,94.12,30.49,7.74,PNQ,18.52,73.86,semi_arid,NASA_POWER_daily_ag,3.243,7.818,1.0539,dewpoint,761.7,26.422
2024-12-18,18.13,26.46,10.03,52.31,0.0,1.64,17.45,94.06,33.39,7.39,PNQ,18.52,73.86,semi_arid,NASA_POWER_daily_ag,3.263,7.704,1.029,dewpoint,768.2,26.418
2024-12-19,18.88,27.9,11.6,63.84,0.0,1.69,16.58,93.99,6.8,11.39,PNQ,18.52,73.86,semi_arid,NASA_POWER_daily_ag,3.028,7.896,1.3471,dewpoint,775.8,26.417
2024-12-20,19.44,27.2,13.24,74.28,0.0,1.18,15.84,93.96,8.57,14.29,PNQ,18.52,73.86,semi_arid,NASA_POWER_daily_ag,2.647,8.039,1.6289,dewpoint,779.1,26.42
2024-12-21,19.32,26.89,13.5,85.51,0.0,1.32,15.14,93.98,15.66,16.54,PNQ,18.52,73.86,semi_arid,NASA_POWER_daily_ag,2.401,8.099,1.882,dewpoint,776.9,26.426
2024-12-22,19.88,26.34,15.26,86.97,0.0,1.57,15.51,94.04,23.58,17.44,PNQ,18.52,73.86,semi_arid,NASA_POWER_daily_ag,2.461,8.365,1.9924,dewpoint,770.4,26.435
2024-12-23,19.95,25.6,16.62,86.94,0.0,1.53,12.82,94.05,36.67,17.57,PNQ,18.52,73.86,semi_arid,NASA_POWER_daily_ag,2.176,7.239,2.0088,dewpoint,769.3,26.448
2024-12-24,19.82,26.76,15.54,84.46,0.0,1.57,11.49,94.07,31.67,16.72,PNQ,18.52,73.86,semi_arid,NASA_POWER_daily_ag,2.128,6.596,1.9036,dewpoint,767.1,26.465
2024-12-25,20.21,27.08,14.29,78.36,0.0,1.37,13.01,94.16,12.95,15.85,PNQ,18.52,73.86,semi_arid,NASA_POWER_daily_ag,2.417,7.136,1.8009,dewpoint,757.4,26.485
2024-12-26,20.68,27.24,15.72,79.04,0.0,1.76,12.77,94.33,27.54,16.56,PNQ,18.52,73.86,semi_arid,NASA_POWER_daily_ag,2.484,7.093,1.8844,dewpoint,738.9,26.508
2024-12-27,20.93,27.48,16.13,86.28,0.01,2.02,13.66,94.38,25.35,18.33,PNQ,18.52,73.86,semi_arid,NASA_POWER_daily_ag,2.402,7.675,2.1072,dewpoint,733.5,26.535
2024-12-28,21.86,27.94,17.71,84.0,1.12,1.69,15.31,94.36,23.83,18.68,PNQ,18.52,73.86,semi_arid,NASA_POWER_daily_ag,2.704,8.404,2.1539,dewpoint,735.6,26.565
2024-12-29,21.2,27.52,16.54,79.04,0.28,1.83,15.36,94.4,16.46,16.98,PNQ,18.52,73.86,semi_arid,NASA_POWER_daily_ag,2.815,8.199,1.9353,dewpoint,731.3,26.598
2024-12-30,21.06,27.78,15.67,71.68,0.0,1.89,15.9,94.41,18.52,15.26,PNQ,18.52,73.86,semi_arid,NASA_POWER_daily_ag,3.072,8.171,1.7341,dewpoint,730.2,26.635
2024-12-31,20.79,28.45,15.13,69.96,0.0,2.08,16.22,94.43,3.25,14.55,PNQ,18.52,73.86,semi_arid,NASA_POWER_daily_ag,3.19,8.185,1.6566,dewpoint,728.0,26.675
