date,T2M,T2M_MAX,T2M_MIN,RH2M,PRECTOTCORR,WS2M,ALLSKY_SFC_SW_DWN,PS,CLOUD_AMT,T2MDEW,station,latitude,longitude,climate,source,et0_mm_day,rn_mj_m2_day,g_vapour_kpa,vapour_pressure_source,elevation_m,ra_mj_m2_day
2015-01-01,13.61,22.78,8.13,50.33,0.53,2.14,8.08,96.95,85.03,3.16,JAI,26.91,75.79,arid,NASA_POWER_daily_ag,2.378,3.935,0.7664,dewpoint,457.4,21.842
2015-01-02,13.62,19.27,10.06,69.88,2.75,2.01,5.2,97.06,70.21,8.03,JAI,26.91,75.79,arid,NASA_POWER_daily_ag,1.635,3.528,1.075,dewpoint,445.7,21.892
2015-01-03,14.88,21.32,10.78,72.87,0.16,0.51,7.59,97.04,35.61,9.35,JAI,26.91,75.79,arid,NASA_POWER_daily_ag,1.282,4.129,1.1755,dewpoint,447.8,21.946
2015-01-04,14.15,21.99,8.98,59.63,0.01,0.95,12.8,97.22,26.01,4.78,JAI,26.91,75.79,arid,NASA_POWER_daily_ag,1.873,4.938,0.859,dewpoint,428.7,22.005
2015-01-05,13.49,23.77,6.15,43.95,0.0,2.0,15.2,97.06,9.4,0.14,JAI,26.91,75.79,arid,NASA_POWER_daily_ag,2.757,4.863,0.6171,dewpoint,445.7,22.067
2015-01-06,13.76,23.21,6.9,49.91,0.0,2.01,15.25,96.83,17.85,2.51,JAI,26.91,75.79,arid,NASA_POWER_daily_ag,2.652,5.192,0.7318,dewpoint,470.1,22.133
2015-01-07,14.13,23.24,8.97,44.49,0.0,1.44,15.0,96.83,10.57,1.18,JAI,26.91,75.79,arid,NASA_POWER_daily_ag,2.422,4.929,0.6653,dewpoint,470.1,22.202
2015-01-08,14.24,23.37,8.38,33.5,0.0,1.12,14.02,97.06,24.32,-2.97,JAI,26.91,75.79,arid,NASA_POWER_daily_ag,2.292,4.399,0.4907,dewpoint,445.7,22.276
2015-01-09,14.08,22.76,6.2,31.78,0.0,1.18,14.47,97.17,36.42,-3.51,JAI,26.91,75.79,arid,NASA_POWER_daily_ag,2.386,4.545,0.4713,dewpoint,434.0,22.353
2015-01-10,14.53,24.11,7.09,29.09,0.0,1.26,15.61,97.1,23.46,-4.06,JAI,26.91,75.79,arid,NASA_POWER_daily_ag,2.532,4.54,0.4522,dewpoint,441.4,22.434
2015-01-11,15.34,26.04,7.99,25.01,0.0,1.18,15.9,97.12,21.03,-5.28,JAI,26.91,75.79,arid,NASA_POWER_daily_ag,2.538,4.318,0.4123,dewpoint,439.3,22.519
2015-01-12,14.33,25.03,7.06,32.12,0.0,1.65,15.02,97.06,31.41,-3.06,JAI,26.91,75.79,arid,NASA_POWER_daily_ag,2.815,4.613,0.4874,dewpoint,445.7,22.607
2015-01-13,14.23,24.1,6.12,36.64,0.0,2.05,14.94,96.82,40.02,-1.54,JAI,26.91,75.79,arid,NASA_POWER_daily_ag,3.057,4.897,0.5456,dewpoint,471.2,22.699
2015-01-14,14.28,22.58,8.28,40.65,0.32,1.94,12.25,96.81,35.94,0.42,JAI,26.91,75.79,arid,NASA_POWER_daily_ag,2.793,4.703,0.6297,dewpoint,472.3,22.794
2015-01-15,12.29,19.84,6.33,41.11,0.0,0.85,9.79,97.15,28.82,-1.64,JAI,26.91,75.79,arid,NASA_POWER_daily_ag,1.803,4.323,0.5416,dewpoint,436.1,22.893
2015-01-16,12.57,20.58,6.02,39.74,0.0,0.99,12.09,97.17,17.2,-1.8,JAI,26.91,75.79,arid,NASA_POWER_daily_ag,2.028,4.699,0.5353,dewpoint,434.0,22.996
2015-01-17,13.73,21.82,7.51,32.16,0.0,0.93,14.77,97.21,8.14,-3.36,JAI,26.91,75.79,arid,NASA_POWER_daily_ag,2.193,4.898,0.4766,dewpoint,429.8,23.102
2015-01-18,13.96,21.99,8.68,28.88,0.0,0.71,15.36,97.12,14.23,-4.39,JAI,26.91,75.79,arid,NASA_POWER_daily_ag,2.021,4.864,0.4411,dewpoint,439.3,23.211
2015-01-19,12.41,22.18,5.18,35.46,0.0,1.84,15.62,97.09,16.85,-3.51,JAI,26.91,75.79,arid,NASA_POWER_daily_ag,2.822,5.18,0.4713,dewpoint,442.5,23.323
2015-01-20,13.03,22.66,4.54,36.01,0.0,2.68,14.63,97.08,38.75,-2.86,JAI,26.91,75.79,arid,NASA_POWER_daily_ag,3.401,5.14,0.4948,dewpoint,443.6,23.439
2015-01-21,14.57,22.46,8.28,41.48,0.36,3.1,10.75,97.18,74.2,0.93,JAI,26.91,75.79,arid,NASA_POWER_daily_ag,3.485,4.704,0.6534,dewpoint,432.9,23.558
2015-01-22,14.2,20.69,8.92,69.6,9.75,1.64,5.15,97.19,96.12,8.37,JAI,26.91,75.79,arid,NASA_POWER_daily_ag,1.614,3.724,1.1001,dewpoint,431.9,23.68
2015-01-23,13.79,17.66,10.77,73.15,3.64,1.0,6.1,97.19,52.83,8.82,JAI,26.91,75.79,arid,NASA_POWER_daily_ag,1.364,4.02,1.1342,dewpoint,431.9,23.806
2015-01-24,13.57,20.26,7.72,57.94,0.0,0.67,10.95,97.24,39.21,4.18,JAI,26.91,75.79,arid,NASA_POWER_daily_ag,1.723,5.127,0.8236,dewpoint,426.6,23.934
2015-01-25,13.8,21.21,6.52,57.79,0.11,1.21,7.35,97.21,55.74,5.09,JAI,26.91,75.79,arid,NASA_POWER_daily_ag,1.817,4.309,0.8778,dewpoint,429.8,24.065
2015-01-26,12.3,16.81,8.08,81.99,0.66,1.45,7.68,97.16,38.16,9.02,JAI,26.91,75.79,arid,NASA_POWER_daily_ag,1.359,4.582,1.1496,dewpoint,435.1,24.199
2015-01-27,11.7,19.85,6.54,66.7,0.02,1.12,14.24,97.14,35.94,4.74,JAI,26.91,75.79,arid,NASA_POWER_daily_ag,1.926,6.155,0.8566,dewpoint,437.2,24.336
2015-01-28,10.38,18.69,3.91,45.19,0.0,1.49,17.12,97.06,17.38,-1.99,JAI,26.91,75.79,arid,NASA_POWER_daily_ag,2.427,6.314,0.5278,dewpoint,445.7,24.476
2015-01-29,10.67,20.68,3.99,40.68,0.0,1.62,17.86,97.14,18.18,-3.52,JAI,26.91,75.79,arid,NASA_POWER_daily_ag,2.626,6.239,0.4709,dewpoint,437.2,24.619
2015-01-30,11.56,20.93,4.99,33.63,0.0,1.41,18.05,97.35,14.53,-5.03,JAI,26.91,75.79,arid,NASA_POWER_daily_ag,2.67,6.101,0.4202,dewpoint,414.9,24.764
2015-01-31,15.1,24.5,7.91,30.13,0.0,1.17,18.09,97.08,15.99,-3.21,JAI,26.91,75.79,arid,NASA_POWER_daily_ag,2.805,6.03,0.482,dewpoint,443.6,24.912
2015-02-01,13.76,23.11,6.59,42.33,0.0,2.54,16.73,96.91,22.58,0.2,JAI,26.91,75.79,arid,NASA_POWER_daily_ag,3.398,6.362,0.6197,dewpoint,461.6,25.062
2015-02-02,14.89,24.06,7.61,47.81,0.0,2.87,17.15,96.87,5.89,2.97,JAI,26.91,75.79,arid,NASA_POWER_daily_ag,3.564,6.76,0.7562,dewpoint,465.9,25.214
2015-02-03,15.39,23.76,9.8,52.25,0.22,2.06,16.34,97.24,3.69,4.98,JAI,26.91,75.79,arid,NASA_POWER_daily_ag,3.04,6.786,0.8711,dewpoint,426.6,25.369
2015-02-04,13.45,23.56,5.91,56.83,0.0,1.51,18.37,97.5,9.44,2.79,JAI,26.91,75.79,arid,NASA_POWER_daily_ag,2.726,7.232,0.7465,dewpoint,399.0,25.527
2015-02-05,14.02,23.36,6.16,36.87,0.0,1.08,19.2,97.21,24.77,-2.6,JAI,26.91,75.79,arid,NASA_POWER_daily_ag,2.746,6.796,0.5044,dewpoint,429.8,25.686
2015-02-06,14.55,24.19,5.7,41.74,0.02,2.18,16.25,97.03,11.56,0.91,JAI,26.91,75.79,arid,NASA_POWER_daily_ag,3.326,6.587,0.6525,dewpoint,448.9,25.848
2015-02-07,16.62,24.83,9.32,50.32,0.04,2.2,16.06,96.86,10.96,5.55,JAI,26.91,75.79,arid,NASA_POWER_daily_ag,3.331,6.966,0.9064,dewpoint,466.9,26.011
2015-02-08,17.04,25.6,10.36,54.28,1.14,2.12,16.26,96.97,12.55,6.82,JAI,26.91,75.79,arid,NASA_POWER_daily_ag,3.264,7.162,0.9895,dewpoint,455.2,26.177
2015-02-09,16.35,24.68,9.47,49.86,0.15,1.43,16.82,97.23,5.06,4.85,JAI,26.91,75.79,arid,NASA_POWER_daily_ag,2.954,7.185,0.8632,dewpoint,427.6,26.344
2015-02-10,16.72,24.98,10.58,39.76,0.0,0.89,17.67,97.28,10.57,2.14,JAI,26.91,75.79,arid,NASA_POWER_daily_ag,2.737,7.066,0.7127,dewpoint,422.3,26.513
2015-02-11,15.91,25.15,9.85,39.08,0.0,1.38,16.99,97.02,8.88,1.26,JAI,26.91,75.79,arid,NASA_POWER_daily_ag,3.044,6.882,0.6691,dewpoint,449.9,26.684
2015-02-12,15.46,25.29,8.08,30.34,0.0,1.51,19.45,96.95,5.75,-3.39,JAI,26.91,75.79,arid,NASA_POWER_daily_ag,3.389,7.034,0.4756,dewpoint,457.4,26.857
2015-02-13,18.61,28.86,10.87,26.19,0.0,1.83,19.61,96.69,7.74,-1.93,JAI,26.91,75.79,arid,NASA_POWER_daily_ag,4.059,6.972,0.5301,dewpoint,485.0,27.031
2015-02-14,19.79,30.51,11.53,31.38,0.0,2.25,19.48,96.47,6.9,1.25,JAI,26.91,75.79,arid,NASA_POWER_daily_ag,4.505,7.32,0.6687,dewpoint,508.5,27.206
2015-02-15,21.21,30.79,14.39,26.15,0.0,1.27,19.48,96.58,15.06,-0.46,JAI,26.91,75.79,arid,NASA_POWER_daily_ag,3.742,6.997,0.5907,dewpoint,496.8,27.383
2015-02-16,20.34,30.53,11.35,32.84,0.0,2.07,19.6,96.65,6.98,2.42,JAI,26.91,75.79,arid,NASA_POWER_daily_ag,4.43,7.652,0.7271,dewpoint,489.3,27.561
2015-02-17,20.45,30.07,12.82,34.48,0.0,1.17,19.68,96.5,3.82,3.11,JAI,26.91,75.79,arid,NASA_POWER_daily_ag,3.57,7.801,0.7637,dewpoint,505.3,27.741
2015-02-18,20.8,29.43,12.48,34.82,0.0,1.49,18.8,96.51,4.68,3.6,JAI,26.91,75.79,arid,NASA_POWER_daily_ag,3.899,7.754,0.7906,dewpoint,504.2,27.921
2015-02-19,21.71,31.15,12.86,33.46,0.0,1.87,19.24,96.51,15.73,3.92,JAI,26.91,75.79,arid,NASA_POWER_daily_ag,4.42,7.875,0.8087,dewpoint,504.2,28.102
2015-02-20,23.17,31.64,15.92,27.29,0.08,1.54,19.79,96.68,5.7,2.16,JAI,26.91,75.79,arid,NASA_POWER_daily_ag,4.361,7.657,0.7138,dewpoint,486.1,28.285
2015-02-21,21.75,31.31,13.62,27.75,0.0,1.72,20.01,96.84,3.84,1.19,JAI,26.91,75.79,arid,NASA_POWER_daily_ag,4.44,7.761,0.6658,dewpoint,469.1,28.468
2015-02-22,22.15,32.78,13.48,34.54,0.0,1.93,20.42,96.78,9.13,4.01,JAI,26.91,75.79,arid,NASA_POWER_daily_ag,4.649,8.273,0.8138,dewpoint,475.5,28.652
2015-02-23,23.64,31.56,15.29,29.33,0.0,1.15,20.22,96.8,31.73,3.56,JAI,26.91,75.79,arid,NASA_POWER_daily_ag,4.021,8.201,0.7884,dewpoint,473.3,28.837
2015-02-24,22.08,29.6,16.4,30.22,0.0,1.86,11.67,96.47,92.48,3.37,JAI,26.91,75.79,arid,NASA_POWER_daily_ag,4.052,6.003,0.7779,dewpoint,508.5,29.022
2015-02-25,22.0,30.47,13.54,26.63,0.05,3.37,19.53,96.25,43.85,0.71,JAI,26.91,75.79,arid,NASA_POWER_daily_ag,6.154,7.911,0.6431,dewpoint,532.0,29.207
2015-02-26,16.59,25.6,9.03,13.63,0.0,1.87,21.87,96.32,17.4,-11.63,JAI,26.91,75.79,arid,NASA_POWER_daily_ag,4.377,7.65,0.2508,dewpoint,524.5,29.393
2015-02-27,17.24,27.17,8.34,15.08,0.0,1.54,22.13,96.49,13.32,-10.1,JAI,26.91,75.79,arid,NASA_POWER_daily_ag,4.118,7.859,0.2835,dewpoint,506.4,29.58
2015-02-28,18.51,27.35,10.76,22.55,0.24,3.37,13.92,96.55,52.69,-4.62,JAI,26.91,75.79,arid,NASA_POWER_daily_ag,5.474,6.439,0.4335,dewpoint,500.0,29.766
2015-03-01,17.93,24.41,13.16,63.42,20.74,4.21,8.01,96.2,87.25,10.56,JAI,26.91,75.79,arid,NASA_POWER_daily_ag,3.274,5.359,1.2748,dewpoint,537.4,29.953
2015-03-02,16.64,21.91,12.42,73.19,7.97,1.13,18.24,96.48,53.49,11.32,JAI,26.91,75.79,arid,NASA_POWER_daily_ag,2.837,9.547,1.3409,dewpoint,507.4,30.14
2015-03-03,16.3,23.73,9.77,57.48,0.0,1.33,18.45,96.68,32.5,6.57,JAI,26.91,75.79,arid,NASA_POWER_daily_ag,3.176,9.076,0.9727,dewpoint,486.1,30.326
2015-03-04,16.47,24.89,9.87,45.09,0.0,1.4,22.29,96.68,26.7,3.38,JAI,26.91,75.79,arid,NASA_POWER_daily_ag,3.695,9.964,0.7784,dewpoint,486.1,30.513
2015-03-05,17.57,26.69,8.51,43.54,0.0,1.88,21.24,96.8,21.74,4.06,JAI,26.91,75.79,arid,NASA_POWER_daily_ag,4.091,9.734,0.8167,dewpoint,473.3,30.699
2015-03-06,20.04,27.95,11.84,44.54,0.26,0.98,20.81,96.89,26.48,6.8,JAI,26.91,75.79,arid,NASA_POWER_daily_ag,3.659,9.837,0.9882,dewpoint,463.8,30.885
2015-03-07,19.95,27.34,14.18,52.17,1.25,2.36,19.31,96.69,40.22,9.17,JAI,26.91,75.79,arid,NASA_POWER_daily_ag,4.275,9.632,1.1613,dewpoint,485.0,31.071
2015-03-08,19.77,27.82,13.05,47.0,0.05,2.52,22.27,96.74,23.73,6.95,JAI,26.91,75.79,arid,NASA_POWER_daily_ag,4.803,10.443,0.9984,dewpoint,479.7,31.256
2015-03-09,15.64,25.62,7.28,27.98,0.0,2.98,23.86,97.29,16.62,-4.6,JAI,26.91,75.79,arid,NASA_POWER_daily_ag,5.166,9.768,0.4341,dewpoint,421.3,31.441
2015-03-10,16.62,25.63,7.15,34.2,0.0,1.29,24.13,97.27,21.03,-0.85,JAI,26.91,75.79,arid,NASA_POWER_daily_ag,3.994,10.403,0.574,dewpoint,423.4,31.625
2015-03-11,19.13,28.19,10.8,36.3,0.0,1.63,21.62,97.06,47.58,2.67,JAI,26.91,75.79,arid,NASA_POWER_daily_ag,4.328,9.828,0.7402,dewpoint,445.7,31.808
2015-03-12,21.23,29.45,13.33,49.32,0.8,1.82,18.01,97.03,46.3,9.36,JAI,26.91,75.79,arid,NASA_POWER_daily_ag,4.137,9.324,1.1763,dewpoint,448.9,31.991
2015-03-13,21.78,29.87,15.97,63.23,2.29,1.69,18.19,96.75,68.31,13.25,JAI,26.91,75.79,arid,NASA_POWER_daily_ag,3.844,9.866,1.5224,dewpoint,478.7,32.173
2015-03-14,19.75,26.98,14.37,66.82,7.14,2.3,6.8,96.8,96.83,12.47,JAI,26.91,75.79,arid,NASA_POWER_daily_ag,2.664,5.088,1.4466,dewpoint,473.3,32.354
2015-03-15,18.38,22.66,15.26,85.2,25.56,4.0,8.22,96.7,79.85,15.69,JAI,26.91,75.79,arid,NASA_POWER_daily_ag,2.026,5.788,1.7826,dewpoint,484.0,32.533
2015-03-16,19.2,26.42,12.07,61.63,0.72,1.17,18.02,96.88,43.64,10.18,JAI,26.91,75.79,arid,NASA_POWER_daily_ag,3.399,9.711,1.2429,dewpoint,464.8,32.712
2015-03-17,18.56,25.95,12.17,55.9,0.16,1.72,23.43,97.0,26.23,8.57,JAI,26.91,75.79,arid,NASA_POWER_daily_ag,4.195,11.72,1.1151,dewpoint,452.1,32.89
2015-03-18,18.71,27.45,11.02,50.96,0.0,2.28,24.67,96.8,12.59,7.03,JAI,26.91,75.79,arid,NASA_POWER_daily_ag,4.742,11.975,1.0039,dewpoint,473.3,33.066
2015-03-19,21.58,29.42,13.68,40.26,0.0,1.09,24.1,96.83,36.4,6.74,JAI,26.91,75.79,arid,NASA_POWER_daily_ag,4.408,11.543,0.9841,dewpoint,470.1,33.241
2015-03-20,22.7,31.52,14.89,41.11,0.0,1.28,24.22,96.85,17.46,7.63,JAI,26.91,75.79,arid,NASA_POWER_daily_ag,4.711,11.629,1.046,dewpoint,468.0,33.415
2015-03-21,23.54,31.9,15.2,41.8,0.0,1.39,23.77,96.9,14.09,8.89,JAI,26.91,75.79,arid,NASA_POWER_daily_ag,4.869,11.694,1.1396,dewpoint,462.7,33.587
2015-03-22,24.47,33.29,16.95,42.82,0.0,1.41,24.07,96.71,17.38,9.99,JAI,26.91,75.79,arid,NASA_POWER_daily_ag,5.017,11.922,1.2271,dewpoint,482.9,33.758
2015-03-23,25.22,34.13,17.99,39.92,0.0,1.78,24.08,96.5,7.01,9.5,JAI,26.91,75.79,arid,NASA_POWER_daily_ag,5.5,11.804,1.1874,dewpoint,505.3,33.927
2015-03-24,27.51,36.44,20.34,32.54,0.0,1.3,24.97,96.44,22.25,8.47,JAI,26.91,75.79,arid,NASA_POWER_daily_ag,5.442,11.771,1.1076,dewpoint,511.7,34.095
2015-03-25,26.47,35.62,17.63,39.58,0.0,1.73,24.3,96.61,45.6,10.19,JAI,26.91,75.79,arid,NASA_POWER_daily_ag,5.693,12.049,1.2437,dewpoint,493.6,34.261
2015-03-26,26.92,35.65,19.14,40.21,0.0,1.86,20.63,96.72,59.36,11.41,JAI,26.91,75.79,arid,NASA_POWER_daily_ag,5.447,10.787,1.3489,dewpoint,481.8,34.426
2015-03-27,27.42,35.48,19.73,40.5,0.0,1.46,23.44,96.71,23.71,11.65,JAI,26.91,75.79,arid,NASA_POWER_daily_ag,5.445,11.988,1.3705,dewpoint,482.9,34.589
2015-03-28,27.17,36.02,19.13,40.1,0.0,1.83,23.35,96.45,20.19,11.49,JAI,26.91,75.79,arid,NASA_POWER_daily_ag,5.778,11.966,1.3561,dewpoint,510.6,34.749
2015-03-29,24.6,31.66,20.17,49.54,1.97,2.04,14.78,96.2,97.92,12.71,JAI,26.91,75.79,arid,NASA_POWER_daily_ag,4.422,8.694,1.4696,dewpoint,537.4,34.909
2015-03-30,24.82,32.28,18.65,54.23,0.53,2.67,22.7,96.24,37.56,13.74,JAI,26.91,75.79,arid,NASA_POWER_daily_ag,5.656,12.339,1.5718,dewpoint,533.1,35.066
2015-03-31,24.28,31.36,17.37,54.87,0.0,1.63,24.91,96.37,18.51,13.77,JAI,26.91,75.79,arid,NASA_POWER_daily_ag,5.184,13.445,1.5749,dewpoint,519.2,35.221
2015-04-01,25.71,34.29,19.14,46.66,0.0,2.26,24.63,96.19,28.62,12.22,JAI,26.91,75.79,arid,NASA_POWER_daily_ag,5.98,12.868,1.423,dewpoint,538.4,35.374
2015-04-02,27.7,35.93,19.26,37.37,0.03,1.25,24.68,95.91,34.66,10.35,JAI,26.91,75.79,arid,NASA_POWER_daily_ag,5.499,12.499,1.2571,dewpoint,568.4,35.526
2015-04-03,25.66,33.49,20.17,52.44,5.25,3.78,24.71,95.84,35.99,14.42,JAI,26.91,75.79,arid,NASA_POWER_daily_ag,6.652,13.413,1.6427,dewpoint,575.9,35.675
2015-04-04,22.19,27.3,17.32,66.47,10.08,2.09,19.97,95.88,42.43,15.25,JAI,26.91,75.79,arid,NASA_POWER_daily_ag,4.255,11.656,1.733,dewpoint,571.6,35.822
2015-04-05,22.44,30.32,14.59,54.7,0.0,1.35,18.1,96.14,57.43,11.29,JAI,26.91,75.79,arid,NASA_POWER_daily_ag,4.088,10.303,1.3382,dewpoint,543.8,35.967
2015-04-06,24.01,32.19,16.28,41.0,0.24,1.22,23.83,96.22,24.98,8.6,JAI,26.91,75.79,arid,NASA_POWER_daily_ag,4.966,12.276,1.1174,dewpoint,535.2,36.11
2015-04-07,24.36,31.59,16.43,47.81,5.84,1.67,23.77,96.32,36.23,11.52,JAI,26.91,75.79,arid,NASA_POWER_daily_ag,5.297,12.778,1.3588,dewpoint,524.5,36.251
2015-04-08,24.6,32.71,18.76,43.07,0.04,1.33,23.82,96.56,14.35,10.01,JAI,26.91,75.79,arid,NASA_POWER_daily_ag,5.106,12.444,1.2288,dewpoint,498.9,36.389
2015-04-09,24.62,33.98,16.35,36.92,0.0,1.54,26.79,96.48,13.49,7.21,JAI,26.91,75.79,arid,NASA_POWER_daily_ag,5.731,13.233,1.0164,dewpoint,507.4,36.526
2015-04-10,26.11,35.06,18.03,33.04,0.0,1.49,26.72,96.35,17.81,7.04,JAI,26.91,75.79,arid,NASA_POWER_daily_ag,5.905,13.082,1.0046,dewpoint,521.3,36.66
2015-04-11,26.3,34.77,17.89,36.17,0.16,2.45,19.27,96.35,78.13,8.77,JAI,26.91,75.79,arid,NASA_POWER_daily_ag,6.082,10.445,1.1303,dewpoint,521.3,36.792
2015-04-12,25.21,32.91,19.5,49.86,1.32,2.18,13.7,96.61,90.95,13.05,JAI,26.91,75.79,arid,NASA_POWER_daily_ag,4.566,8.492,1.5027,dewpoint,493.6,36.921
2015-04-13,23.97,30.65,17.82,57.23,0.97,2.65,22.86,96.73,49.19,14.18,JAI,26.91,75.79,arid,NASA_POWER_daily_ag,5.474,12.952,1.6174,dewpoint,480.8,37.048
2015-04-14,23.51,30.08,17.22,61.89,0.11,2.27,22.71,96.71,36.84,14.8,JAI,26.91,75.79,arid,NASA_POWER_daily_ag,5.084,13.041,1.6835,dewpoint,482.9,37.173
2015-04-15,25.7,32.98,18.39,50.56,0.33,2.39,24.6,96.7,17.86,13.86,JAI,26.91,75.79,arid,NASA_POWER_daily_ag,6.04,13.657,1.5841,dewpoint,484.0,37.296
2015-04-16,27.07,34.93,19.38,49.14,0.33,1.71,24.57,96.82,11.36,14.38,JAI,26.91,75.79,arid,NASA_POWER_daily_ag,5.809,13.656,1.6385,dewpoint,471.2,37.416
2015-04-17,28.88,38.02,20.36,40.44,0.0,2.38,25.56,96.33,10.23,12.66,JAI,26.91,75.79,arid,NASA_POWER_daily_ag,7.005,13.648,1.4648,dewpoint,523.5,37.534
2015-04-18,30.87,39.95,23.03,32.93,0.0,1.8,25.46,95.82,28.58,11.21,JAI,26.91,75.79,arid,NASA_POWER_daily_ag,6.807,13.177,1.3312,dewpoint,578.1,37.65
2015-04-19,32.3,41.22,23.34,28.99,0.0,1.35,24.4,95.9,26.93,10.16,JAI,26.91,75.79,arid,NASA_POWER_daily_ag,6.299,12.507,1.2412,dewpoint,569.5,37.763
2015-04-20,31.29,40.25,23.99,24.93,0.0,2.34,26.75,96.1,8.18,7.09,JAI,26.91,75.79,arid,NASA_POWER_daily_ag,7.855,12.896,1.0081,dewpoint,548.1,37.874
2015-04-21,30.41,38.81,22.69,23.54,0.0,2.91,24.22,96.12,20.45,6.4,JAI,26.91,75.79,arid,NASA_POWER_daily_ag,8.207,11.996,0.9613,dewpoint,545.9,37.982
2015-04-22,30.5,38.9,23.22,23.52,0.0,2.35,25.48,95.9,28.49,6.26,JAI,26.91,75.79,arid,NASA_POWER_daily_ag,7.645,12.449,0.9521,dewpoint,569.5,38.089
2015-04-23,31.21,39.64,24.43,19.43,0.0,1.56,28.12,95.94,11.17,3.9,JAI,26.91,75.79,arid,NASA_POWER_daily_ag,6.916,12.913,0.8076,dewpoint,565.2,38.192
2015-04-24,31.41,40.4,23.51,16.98,0.0,1.78,28.21,96.02,11.12,1.26,JAI,26.91,75.79,arid,NASA_POWER_daily_ag,7.299,12.514,0.6691,dewpoint,556.6,38.294
2015-04-25,31.75,41.37,23.53,15.99,0.0,2.12,27.45,95.96,24.71,1.42,JAI,26.91,75.79,arid,NASA_POWER_daily_ag,7.811,12.265,0.6769,dewpoint,563.0,38.393
2015-04-26,30.49,39.02,22.22,27.83,0.0,3.11,27.22,96.15,9.72,8.57,JAI,26.91,75.79,arid,NASA_POWER_daily_ag,8.679,13.666,1.1151,dewpoint,542.7,38.49
2015-04-27,31.84,41.33,22.56,26.29,0.0,2.89,26.53,96.1,17.55,8.4,JAI,26.91,75.79,arid,NASA_POWER_daily_ag,8.67,13.255,1.1023,dewpoint,548.1,38.584
2015-04-28,32.86,41.17,25.7,22.61,0.0,2.83,23.67,95.94,22.37,7.51,JAI,26.91,75.79,arid,NASA_POWER_daily_ag,8.541,11.914,1.0375,dewpoint,565.2,38.677
2015-04-29,31.74,39.46,23.25,23.9,0.03,1.17,26.84,95.99,20.96,6.79,JAI,26.91,75.79,arid,NASA_POWER_daily_ag,6.331,13.2,0.9875,dewpoint,559.8,38.766
2015-04-30,32.34,41.89,22.76,22.13,0.0,2.79,26.5,95.94,23.22,5.62,JAI,26.91,75.79,arid,NASA_POWER_daily_ag,8.78,12.786,0.9108,dewpoint,565.2,38.854
2015-05-01,30.81,38.84,21.62,17.46,0.0,2.63,27.2,96.06,12.76,2.48,JAI,26.91,75.79,arid,NASA_POWER_daily_ag,8.463,12.766,0.7303,dewpoint,552.3,38.939
2015-05-02,31.16,39.02,23.49,20.67,0.0,2.29,28.12,96.13,14.88,4.66,JAI,26.91,75.79,arid,NASA_POWER_daily_ag,8.081,13.38,0.8518,dewpoint,544.8,39.022
2015-05-03,32.4,40.35,25.19,14.43,0.0,1.64,28.04,96.17,18.25,0.93,JAI,26.91,75.79,arid,NASA_POWER_daily_ag,7.244,12.572,0.6534,dewpoint,540.6,39.103
2015-05-04,32.46,41.14,23.35,13.6,0.0,2.02,28.11,96.2,17.38,-0.07,JAI,26.91,75.79,arid,NASA_POWER_daily_ag,7.915,12.508,0.6077,dewpoint,537.4,39.182
2015-05-05,33.88,42.46,26.53,11.74,0.0,2.29,27.61,96.05,20.7,-0.74,JAI,26.91,75.79,arid,NASA_POWER_daily_ag,8.484,12.017,0.5787,dewpoint,553.4,39.258
2015-05-06,33.95,42.99,24.57,11.44,0.0,3.21,28.61,95.9,12.67,-1.13,JAI,26.91,75.79,arid,NASA_POWER_daily_ag,10.114,12.367,0.5624,dewpoint,569.5,39.332
2015-05-07,34.72,43.18,26.39,13.81,0.0,4.28,28.01,96.04,24.94,2.09,JAI,26.91,75.79,arid,NASA_POWER_daily_ag,11.73,12.611,0.7102,dewpoint,554.5,39.404
2015-05-08,33.94,41.72,26.86,19.5,0.0,3.92,25.34,96.0,43.84,6.39,JAI,26.91,75.79,arid,NASA_POWER_daily_ag,10.556,12.482,0.9607,dewpoint,558.8,39.474
2015-05-09,34.04,42.25,26.32,20.37,0.0,3.11,27.02,95.85,20.29,6.64,JAI,26.91,75.79,arid,NASA_POWER_daily_ag,9.638,13.168,0.9774,dewpoint,574.8,39.542
2015-05-10,34.28,41.65,25.95,21.12,0.0,2.71,24.66,95.85,52.29,8.12,JAI,26.91,75.79,arid,NASA_POWER_daily_ag,8.819,12.584,1.0816,dewpoint,574.8,39.608
2015-05-11,34.48,41.65,26.73,25.27,0.05,2.05,21.01,95.91,63.54,11.0,JAI,26.91,75.79,arid,NASA_POWER_daily_ag,7.329,11.533,1.3127,dewpoint,568.4,39.671
2015-05-12,33.85,39.61,28.16,28.1,1.03,2.43,25.86,96.01,46.83,12.33,JAI,26.91,75.79,arid,NASA_POWER_daily_ag,8.306,13.857,1.4334,dewpoint,557.7,39.733
2015-05-13,32.58,39.46,25.82,26.78,1.21,2.27,27.3,96.06,26.28,10.17,JAI,26.91,75.79,arid,NASA_POWER_daily_ag,8.123,14.162,1.242,dewpoint,552.3,39.792
2015-05-14,31.86,38.6,24.73,27.46,0.24,2.12,22.85,96.21,45.36,10.16,JAI,26.91,75.79,arid,NASA_POWER_daily_ag,7.268,12.378,1.2412,dewpoint,536.3,39.849
2015-05-15,32.63,39.82,25.48,26.33,0.64,2.41,25.96,96.18,25.31,9.76,JAI,26.91,75.79,arid,NASA_POWER_daily_ag,8.183,13.549,1.2084,dewpoint,539.5,39.905
2015-05-16,33.6,41.42,26.23,22.25,0.02,2.39,27.88,95.88,15.72,7.69,JAI,26.91,75.79,arid,NASA_POWER_daily_ag,8.616,13.849,1.0503,dewpoint,571.6,39.958
2015-05-17,34.15,43.1,24.69,21.65,0.0,2.61,27.8,95.67,15.76,7.75,JAI,26.91,75.79,arid,NASA_POWER_daily_ag,9.034,13.829,1.0546,dewpoint,594.2,40.01
2015-05-18,35.96,43.72,27.73,19.22,0.0,2.39,28.97,95.62,7.35,7.95,JAI,26.91,75.79,arid,NASA_POWER_daily_ag,9.148,14.159,1.0691,dewpoint,599.5,40.059
2015-05-19,37.05,45.01,29.81,20.03,0.0,2.46,25.47,95.69,45.28,9.66,JAI,26.91,75.79,arid,NASA_POWER_daily_ag,8.987,12.988,1.2003,dewpoint,592.0,40.107
2015-05-20,35.37,42.74,28.13,19.72,0.74,3.08,24.94,95.88,46.57,7.39,JAI,26.91,75.79,arid,NASA_POWER_daily_ag,9.671,12.568,1.029,dewpoint,571.6,40.153
2015-05-21,35.89,43.44,27.9,19.0,0.0,2.83,23.05,95.75,55.66,8.13,JAI,26.91,75.79,arid,NASA_POWER_daily_ag,9.157,11.951,1.0823,dewpoint,585.6,40.197
2015-05-22,36.48,43.7,30.32,20.0,0.22,4.29,27.57,95.59,33.98,8.72,JAI,26.91,75.79,arid,NASA_POWER_daily_ag,11.86,13.705,1.1265,dewpoint,602.8,40.239
2015-05-23,35.87,43.56,28.27,20.41,0.0,4.93,27.19,95.45,25.97,9.25,JAI,26.91,75.79,arid,NASA_POWER_daily_ag,12.422,13.772,1.1676,dewpoint,617.8,40.279
2015-05-24,35.82,43.22,29.47,23.5,0.04,5.07,26.17,95.46,21.0,11.02,JAI,26.91,75.79,arid,NASA_POWER_daily_ag,12.272,13.676,1.3145,dewpoint,616.7,40.318
2015-05-25,35.15,43.44,26.5,18.01,0.0,5.21,27.76,95.51,20.28,6.48,JAI,26.91,75.79,arid,NASA_POWER_daily_ag,12.839,13.574,0.9666,dewpoint,611.4,40.355
2015-05-26,34.73,43.43,27.66,21.35,0.0,4.99,27.02,95.63,31.97,7.71,JAI,26.91,75.79,arid,NASA_POWER_daily_ag,12.234,13.471,1.0518,dewpoint,598.5,40.39
2015-05-27,33.98,42.98,23.95,7.36,0.0,3.08,28.97,95.78,30.16,-6.41,JAI,26.91,75.79,arid,NASA_POWER_daily_ag,10.092,12.121,0.3782,dewpoint,582.4,40.423
2015-05-28,34.52,42.27,26.64,17.75,0.33,2.91,25.82,95.69,27.48,5.74,JAI,26.91,75.79,arid,NASA_POWER_daily_ag,9.424,12.797,0.9184,dewpoint,592.0,40.455
2015-05-29,34.89,42.17,27.51,23.58,0.1,3.54,28.17,95.8,18.87,9.9,JAI,26.91,75.79,arid,NASA_POWER_daily_ag,10.459,14.441,1.2198,dewpoint,580.2,40.485
2015-05-30,35.09,42.15,27.51,22.88,0.0,3.22,26.88,95.87,29.71,9.97,JAI,26.91,75.79,arid,NASA_POWER_daily_ag,9.935,13.93,1.2255,dewpoint,572.7,40.513
2015-05-31,35.97,43.44,29.17,20.04,0.06,3.15,26.97,95.67,26.07,8.63,JAI,26.91,75.79,arid,NASA_POWER_daily_ag,10.091,13.593,1.1197,dewpoint,594.2,40.54
2015-06-01,36.01,43.32,28.4,19.61,0.59,2.21,26.22,95.48,49.4,8.5,JAI,26.91,75.79,arid,NASA_POWER_daily_ag,8.572,13.325,1.1099,dewpoint,614.6,40.565
2015-06-02,34.14,40.63,26.89,25.81,0.11,2.78,25.85,95.79,68.36,10.96,JAI,26.91,75.79,arid,NASA_POWER_daily_ag,8.957,13.793,1.3092,dewpoint,581.3,40.589
2015-06-03,32.65,37.81,27.18,31.37,0.25,1.44,21.82,95.86,71.59,12.92,JAI,26.91,75.79,arid,NASA_POWER_daily_ag,6.278,12.433,1.49,dewpoint,573.8,40.611
2015-06-04,32.55,38.68,25.72,25.82,0.0,1.76,28.36,95.99,21.81,9.72,JAI,26.91,75.79,arid,NASA_POWER_daily_ag,7.637,14.766,1.2051,dewpoint,559.8,40.631
2015-06-05,33.37,40.16,25.83,26.93,0.0,2.93,27.47,95.97,26.04,10.99,JAI,26.91,75.79,arid,NASA_POWER_daily_ag,9.182,14.565,1.3118,dewpoint,562.0,40.65
2015-06-06,33.69,40.3,26.73,24.31,0.0,3.34,28.85,95.79,15.71,9.8,JAI,26.91,75.79,arid,NASA_POWER_daily_ag,10.002,14.877,1.2116,dewpoint,581.3,40.668
2015-06-07,35.82,43.43,28.52,20.56,0.0,2.35,28.45,95.59,22.8,9.03,JAI,26.91,75.79,arid,NASA_POWER_daily_ag,9.026,14.325,1.1504,dewpoint,602.8,40.684
2015-06-08,37.26,44.68,28.84,17.25,0.0,2.65,25.87,95.56,48.15,7.45,JAI,26.91,75.79,arid,NASA_POWER_daily_ag,9.496,12.954,1.0332,dewpoint,606.0,40.698
2015-06-09,36.13,42.16,30.88,25.87,0.0,5.61,12.78,95.67,93.6,12.98,JAI,26.91,75.79,arid,NASA_POWER_daily_ag,11.248,8.268,1.4958,dewpoint,594.2,40.711
2015-06-10,33.82,39.28,29.14,35.92,2.35,4.35,20.92,95.73,74.65,15.91,JAI,26.91,75.79,arid,NASA_POWER_daily_ag,9.508,12.38,1.8079,dewpoint,587.7,40.723
2015-06-11,33.94,40.07,28.14,40.61,2.46,3.55,17.36,95.76,85.14,17.96,JAI,26.91,75.79,arid,NASA_POWER_daily_ag,7.944,10.897,2.0588,dewpoint,584.5,40.733
2015-06-12,33.85,39.91,27.22,44.51,0.44,3.93,24.43,95.63,55.44,19.18,JAI,26.91,75.79,arid,NASA_POWER_daily_ag,9.052,14.741,2.2222,dewpoint,598.5,40.742
2015-06-13,34.66,40.78,28.37,40.04,1.42,3.39,26.09,95.46,31.56,18.13,JAI,26.91,75.79,arid,NASA_POWER_daily_ag,9.211,15.32,2.0809,dewpoint,616.7,40.749
2015-06-14,32.92,37.91,27.89,45.09,5.55,2.15,22.81,95.48,44.43,18.87,JAI,26.91,75.79,arid,NASA_POWER_daily_ag,6.976,13.88,2.1796,dewpoint,614.6,40.755
2015-06-15,31.64,35.85,28.08,55.87,4.84,1.68,22.63,95.52,33.74,21.46,JAI,26.91,75.79,arid,NASA_POWER_daily_ag,6.054,14.297,2.5582,dewpoint,610.3,40.76
2015-06-16,33.24,38.85,26.84,46.15,0.0,1.2,22.94,95.53,36.54,19.28,JAI,26.91,75.79,arid,NASA_POWER_daily_ag,6.067,14.023,2.2361,dewpoint,609.2,40.763
2015-06-17,34.97,40.75,28.71,35.73,0.0,0.85,26.48,95.41,15.53,16.74,JAI,26.91,75.79,arid,NASA_POWER_daily_ag,6.4,15.205,1.906,dewpoint,622.1,40.764
2015-06-18,36.3,41.68,29.78,30.72,0.19,0.84,25.58,95.32,14.65,15.67,JAI,26.91,75.79,arid,NASA_POWER_daily_ag,6.342,14.483,1.7803,dewpoint,631.8,40.765
2015-06-19,36.89,43.27,30.53,27.82,0.57,1.61,23.31,95.21,44.69,14.45,JAI,26.91,75.79,arid,NASA_POWER_daily_ag,7.261,13.126,1.6459,dewpoint,643.7,40.764
2015-06-20,35.91,41.72,30.07,38.32,3.07,2.03,21.14,95.2,54.37,18.76,JAI,26.91,75.79,arid,NASA_POWER_daily_ag,7.199,12.867,2.1647,dewpoint,644.7,40.762
2015-06-21,36.33,41.44,30.82,35.84,0.26,2.56,22.95,95.19,50.87,18.05,JAI,26.91,75.79,arid,NASA_POWER_daily_ag,8.275,13.646,2.0705,dewpoint,645.8,40.758
2015-06-22,35.53,40.01,30.84,36.93,0.43,2.97,20.91,95.07,76.58,18.28,JAI,26.91,75.79,arid,NASA_POWER_daily_ag,8.236,12.698,2.1006,dewpoint,658.8,40.753
2015-06-23,34.85,39.85,30.71,42.32,2.36,1.83,24.49,95.06,59.94,19.75,JAI,26.91,75.79,arid,NASA_POWER_daily_ag,7.23,14.815,2.3023,dewpoint,659.8,40.747
2015-06-24,30.73,34.77,26.23,55.53,7.37,2.81,16.65,95.12,84.27,20.53,JAI,26.91,75.79,arid,NASA_POWER_daily_ag,5.801,10.915,2.4161,dewpoint,653.4,40.739
2015-06-25,30.97,37.27,24.36,54.51,2.75,3.59,20.42,95.03,84.02,19.68,JAI,26.91,75.79,arid,NASA_POWER_daily_ag,7.103,12.839,2.2924,dewpoint,663.1,40.73
2015-06-26,31.08,36.55,26.13,59.09,3.04,4.04,24.38,95.22,47.54,21.59,JAI,26.91,75.79,arid,NASA_POWER_daily_ag,7.541,15.321,2.5786,dewpoint,642.6,40.72
2015-06-27,31.59,38.18,25.35,54.68,0.04,3.51,22.56,95.34,49.22,20.6,JAI,26.91,75.79,arid,NASA_POWER_daily_ag,7.391,14.101,2.4266,dewpoint,629.7,40.708
2015-06-28,32.45,39.23,25.82,48.84,3.0,2.86,25.66,95.65,24.1,19.46,JAI,26.91,75.79,arid,NASA_POWER_daily_ag,7.843,15.493,2.2613,dewpoint,596.3,40.695
2015-06-29,33.16,39.38,26.55,47.7,11.71,1.32,22.92,95.84,54.16,19.63,JAI,26.91,75.79,arid,NASA_POWER_daily_ag,6.16,14.053,2.2853,dewpoint,575.9,40.68
2015-06-30,30.73,34.76,26.49,63.96,18.19,1.78,17.9,95.84,80.65,22.75,JAI,26.91,75.79,arid,NASA_POWER_daily_ag,5.012,11.856,2.7672,dewpoint,575.9,40.665
2015-07-01,31.5,36.52,27.03,57.75,1.51,2.22,24.3,95.79,30.45,21.63,JAI,26.91,75.79,arid,NASA_POWER_daily_ag,6.639,15.249,2.5849,dewpoint,581.3,40.647
2015-07-02,31.35,37.38,25.98,55.72,5.75,3.0,19.85,95.8,48.76,20.87,JAI,26.91,75.79,arid,NASA_POWER_daily_ag,6.529,12.655,2.4672,dewpoint,580.2,40.629
2015-07-03,32.14,38.3,26.36,52.07,0.93,3.75,23.68,95.71,31.9,20.49,JAI,26.91,75.79,arid,NASA_POWER_daily_ag,7.93,14.646,2.4102,dewpoint,589.9,40.609
2015-07-04,32.53,38.82,26.81,48.36,0.3,4.83,25.86,95.55,14.61,19.64,JAI,26.91,75.79,arid,NASA_POWER_daily_ag,9.282,15.61,2.2867,dewpoint,607.1,40.587
2015-07-05,33.32,40.09,27.29,47.31,0.23,4.54,26.69,95.31,23.35,19.8,JAI,26.91,75.79,arid,NASA_POWER_daily_ag,9.495,16.034,2.3095,dewpoint,632.9,40.565
2015-07-06,32.94,38.05,27.36,52.1,1.52,2.97,18.28,95.26,68.26,21.36,JAI,26.91,75.79,arid,NASA_POWER_daily_ag,6.668,11.826,2.5425,dewpoint,638.3,40.54
2015-07-07,32.2,35.81,28.32,53.34,2.15,2.01,15.85,95.29,75.3,21.22,JAI,26.91,75.79,arid,NASA_POWER_daily_ag,5.345,10.487,2.5208,dewpoint,635.0,40.515
2015-07-08,31.79,36.47,27.89,56.34,6.59,2.4,13.96,95.34,94.71,21.65,JAI,26.91,75.79,arid,NASA_POWER_daily_ag,5.186,9.474,2.5881,dewpoint,629.7,40.488
2015-07-09,30.32,34.69,27.02,65.76,13.88,3.53,11.65,95.42,91.89,22.91,JAI,26.91,75.79,arid,NASA_POWER_daily_ag,4.778,8.26,2.7942,dewpoint,621.0,40.459
2015-07-10,30.58,35.46,26.34,62.29,6.02,1.57,13.65,95.24,87.25,22.15,JAI,26.91,75.79,arid,NASA_POWER_daily_ag,4.207,9.354,2.6682,dewpoint,640.4,40.429
2015-07-11,29.45,34.16,25.77,68.81,7.39,2.85,19.61,95.36,78.52,22.66,JAI,26.91,75.79,arid,NASA_POWER_daily_ag,5.447,12.825,2.7522,dewpoint,627.5,40.398
2015-07-12,27.66,30.6,25.02,77.06,5.29,3.44,23.84,95.46,60.58,23.17,JAI,26.91,75.79,arid,NASA_POWER_daily_ag,5.45,15.44,2.8385,dewpoint,616.7,40.365
2015-07-13,30.21,35.9,24.65,62.03,0.83,3.09,20.2,95.65,65.81,21.41,JAI,26.91,75.79,arid,NASA_POWER_daily_ag,6.155,12.948,2.5503,dewpoint,596.3,40.33
2015-07-14,31.17,35.95,26.17,61.11,4.34,4.04,22.38,95.52,39.12,22.34,JAI,26.91,75.79,arid,NASA_POWER_daily_ag,7.095,14.301,2.6992,dewpoint,610.3,40.294
2015-07-15,31.84,37.61,26.42,53.2,0.0,5.21,25.77,95.21,22.69,20.69,JAI,26.91,75.79,arid,NASA_POWER_daily_ag,8.892,15.796,2.44,dewpoint,643.7,40.256
2015-07-16,31.68,37.86,26.74,53.6,0.12,3.41,22.16,95.05,89.01,20.6,JAI,26.91,75.79,arid,NASA_POWER_daily_ag,7.277,13.806,2.4266,dewpoint,660.9,40.217
2015-07-17,31.37,37.11,26.94,59.91,8.5,1.44,19.87,95.19,76.23,22.04,JAI,26.91,75.79,arid,NASA_POWER_daily_ag,5.304,12.792,2.6504,dewpoint,645.8,40.176
2015-07-18,29.66,33.81,26.47,69.74,31.79,1.28,12.08,95.39,96.24,23.31,JAI,26.91,75.79,arid,NASA_POWER_daily_ag,3.467,8.518,2.8625,dewpoint,624.3,40.134
2015-07-19,29.91,34.26,25.56,71.27,19.65,1.04,18.46,95.35,79.06,23.76,JAI,26.91,75.79,arid,NASA_POWER_daily_ag,4.467,12.29,2.9412,dewpoint,628.6,40.09
2015-07-20,29.68,33.36,25.86,69.77,6.13,1.11,16.61,95.4,91.41,23.28,JAI,26.91,75.79,arid,NASA_POWER_daily_ag,4.172,11.151,2.8574,dewpoint,623.2,40.044
2015-07-21,30.41,34.42,26.23,67.52,2.98,1.34,20.24,95.52,87.69,23.4,JAI,26.91,75.79,arid,NASA_POWER_daily_ag,5.026,13.254,2.8781,dewpoint,610.3,39.997
2015-07-22,30.27,34.72,25.97,69.05,0.61,2.2,20.36,95.59,85.73,23.56,JAI,26.91,75.79,arid,NASA_POWER_daily_ag,5.381,13.343,2.906,dewpoint,602.8,39.948
2015-07-23,29.07,32.12,26.35,76.86,4.06,1.68,22.57,95.65,59.91,24.47,JAI,26.91,75.79,arid,NASA_POWER_daily_ag,5.148,14.844,3.0691,dewpoint,596.3,39.897
2015-07-24,29.27,33.42,25.85,73.53,1.09,1.6,16.97,95.63,84.64,23.74,JAI,26.91,75.79,arid,NASA_POWER_daily_ag,4.308,11.397,2.9377,dewpoint,598.5,39.844
2015-07-25,30.1,34.5,26.26,68.81,6.83,1.46,18.87,95.43,88.69,23.31,JAI,26.91,75.79,arid,NASA_POWER_daily_ag,4.79,12.425,2.8625,dewpoint,620.0,39.79
2015-07-26,28.71,33.43,25.44,75.86,8.19,2.78,12.2,95.22,83.17,23.7,JAI,26.91,75.79,arid,NASA_POWER_daily_ag,3.785,8.596,2.9306,dewpoint,642.6,39.734
2015-07-27,27.76,32.07,24.64,79.56,10.14,3.49,13.71,95.3,88.27,23.61,JAI,26.91,75.79,arid,NASA_POWER_daily_ag,3.874,9.485,2.9148,dewpoint,634.0,39.676
2015-07-28,26.14,31.28,22.69,78.83,5.27,6.13,13.66,95.32,94.6,21.92,JAI,26.91,75.79,arid,NASA_POWER_daily_ag,4.17,9.347,2.6311,dewpoint,631.8,39.616
2015-07-29,26.51,30.5,22.67,80.37,3.27,3.99,12.56,95.12,97.04,22.64,JAI,26.91,75.79,arid,NASA_POWER_daily_ag,3.603,8.766,2.7488,dewpoint,653.4,39.555
2015-07-30,26.74,30.41,23.37,82.22,9.8,3.8,11.57,95.35,92.57,23.28,JAI,26.91,75.79,arid,NASA_POWER_daily_ag,3.312,8.216,2.8574,dewpoint,628.6,39.491
2015-07-31,27.66,32.45,23.89,75.28,1.44,4.11,12.16,95.49,82.39,22.48,JAI,26.91,75.79,arid,NASA_POWER_daily_ag,4.12,8.497,2.7223,dewpoint,613.5,39.426
2015-08-01,27.26,30.68,24.25,78.08,2.81,2.89,10.01,95.76,93.39,22.87,JAI,26.91,75.79,arid,NASA_POWER_daily_ag,3.219,7.279,2.7874,dewpoint,584.5,39.359
2015-08-02,27.82,32.03,24.18,75.71,2.6,2.13,13.87,95.91,80.64,22.83,JAI,26.91,75.79,arid,NASA_POWER_daily_ag,3.763,9.491,2.7807,dewpoint,568.4,39.29
2015-08-03,28.7,33.74,24.07,69.1,0.15,2.31,15.24,95.82,80.11,22.04,JAI,26.91,75.79,arid,NASA_POWER_daily_ag,4.424,10.182,2.6504,dewpoint,578.1,39.219
2015-08-04,29.6,34.97,24.78,65.2,0.26,2.36,22.22,95.64,62.7,21.95,JAI,26.91,75.79,arid,NASA_POWER_daily_ag,5.781,14.049,2.6359,dewpoint,597.4,39.146
2015-08-05,29.59,34.44,24.85,68.81,14.25,1.87,19.21,95.44,68.4,22.92,JAI,26.91,75.79,arid,NASA_POWER_daily_ag,4.948,12.515,2.7959,dewpoint,618.9,39.071
2015-08-06,29.89,35.39,24.5,68.96,1.86,2.51,15.73,95.42,91.79,23.11,JAI,26.91,75.79,arid,NASA_POWER_daily_ag,4.719,10.533,2.8282,dewpoint,621.0,38.993
2015-08-07,29.01,33.79,24.92,70.51,0.33,2.29,13.44,95.58,89.78,22.84,JAI,26.91,75.79,arid,NASA_POWER_daily_ag,4.066,9.203,2.7824,dewpoint,603.8,38.914
2015-08-08,29.57,34.98,24.55,69.06,2.28,1.58,11.46,95.69,98.43,22.8,JAI,26.91,75.79,arid,NASA_POWER_daily_ag,3.545,8.061,2.7756,dewpoint,592.0,38.833
2015-08-09,29.52,33.77,25.11,69.83,5.91,1.94,17.34,95.54,86.62,23.05,JAI,26.91,75.79,arid,NASA_POWER_daily_ag,4.633,11.439,2.8179,dewpoint,608.1,38.75
2015-08-10,29.43,34.21,24.99,68.0,3.68,1.82,11.42,95.59,88.06,22.48,JAI,26.91,75.79,arid,NASA_POWER_daily_ag,3.682,8.014,2.7223,dewpoint,602.8,38.665
2015-08-11,29.47,34.01,25.38,66.22,2.8,1.43,10.94,95.79,97.33,22.17,JAI,26.91,75.79,arid,NASA_POWER_daily_ag,3.432,7.723,2.6715,dewpoint,581.3,38.578
2015-08-12,29.35,33.61,25.11,72.37,8.43,1.11,19.35,95.82,83.76,23.54,JAI,26.91,75.79,arid,NASA_POWER_daily_ag,4.529,12.641,2.9025,dewpoint,578.1,38.488
2015-08-13,30.3,34.81,26.05,67.36,2.28,0.71,19.14,95.74,59.48,23.16,JAI,26.91,75.79,arid,NASA_POWER_daily_ag,4.448,12.42,2.8367,dewpoint,586.6,38.396
2015-08-14,30.74,35.04,26.26,67.05,1.17,0.92,12.98,95.69,87.13,23.54,JAI,26.91,75.79,arid,NASA_POWER_daily_ag,3.525,8.931,2.9025,dewpoint,592.0,38.303
2015-08-15,28.24,31.73,25.84,81.87,23.71,2.05,10.72,95.83,95.52,24.71,JAI,26.91,75.79,arid,NASA_POWER_daily_ag,2.962,7.696,3.1135,dewpoint,577.0,38.207
2015-08-16,27.81,31.43,24.82,82.31,10.76,1.97,19.79,95.9,86.15,24.3,JAI,26.91,75.79,arid,NASA_POWER_daily_ag,4.381,13.024,3.0381,dewpoint,569.5,38.109
2015-08-17,28.6,33.52,24.33,76.91,3.15,2.46,17.44,95.79,87.6,23.82,JAI,26.91,75.79,arid,NASA_POWER_daily_ag,4.416,11.545,2.9518,dewpoint,581.3,38.009
2015-08-18,29.42,35.41,24.28,71.89,0.55,3.14,23.19,95.88,46.1,23.37,JAI,26.91,75.79,arid,NASA_POWER_daily_ag,5.851,14.732,2.8729,dewpoint,571.6,37.906
2015-08-19,28.72,33.84,24.25,74.13,0.56,4.11,22.46,95.96,54.46,23.32,JAI,26.91,75.79,arid,NASA_POWER_daily_ag,5.709,14.324,2.8643,dewpoint,563.0,37.802
2015-08-20,28.07,33.44,23.71,71.03,0.0,3.68,20.93,95.85,41.71,21.83,JAI,26.91,75.79,arid,NASA_POWER_daily_ag,5.529,13.185,2.6167,dewpoint,574.8,37.695
2015-08-21,27.74,32.98,23.81,69.9,0.23,3.41,22.53,95.79,31.44,21.33,JAI,26.91,75.79,arid,NASA_POWER_daily_ag,5.66,13.964,2.5379,dewpoint,581.3,37.586
2015-08-22,28.04,34.12,22.5,68.6,0.01,3.4,22.71,95.74,42.64,21.24,JAI,26.91,75.79,arid,NASA_POWER_daily_ag,5.816,14.031,2.5239,dewpoint,586.6,37.475
2015-08-23,28.24,33.25,23.71,70.71,1.78,3.01,21.57,95.76,42.6,22.02,JAI,26.91,75.79,arid,NASA_POWER_daily_ag,5.431,13.538,2.6472,dewpoint,584.5,37.362
2015-08-24,28.34,34.33,23.09,67.53,0.23,3.2,22.38,95.87,30.92,21.17,JAI,26.91,75.79,arid,NASA_POWER_daily_ag,5.819,13.787,2.5131,dewpoint,572.7,37.247
2015-08-25,28.71,34.85,22.87,65.18,0.0,3.3,24.3,95.82,31.31,21.02,JAI,26.91,75.79,arid,NASA_POWER_daily_ag,6.284,14.766,2.4901,dewpoint,578.1,37.129
2015-08-26,29.17,36.21,22.51,62.59,0.0,2.68,23.88,95.79,26.67,20.69,JAI,26.91,75.79,arid,NASA_POWER_daily_ag,6.165,14.421,2.44,dewpoint,581.3,37.009
2015-08-27,29.97,36.58,23.33,60.37,0.0,1.83,24.27,95.8,20.11,20.73,JAI,26.91,75.79,arid,NASA_POWER_daily_ag,5.965,14.587,2.4461,dewpoint,580.2,36.887
2015-08-28,30.37,36.3,24.32,59.66,1.25,2.49,22.97,95.87,60.77,21.0,JAI,26.91,75.79,arid,NASA_POWER_daily_ag,6.23,13.922,2.487,dewpoint,572.7,36.763
2015-08-29,30.54,36.78,24.61,58.57,0.34,2.65,23.17,95.79,33.21,20.85,JAI,26.91,75.79,arid,NASA_POWER_daily_ag,6.415,13.957,2.4642,dewpoint,581.3,36.637
2015-08-30,30.22,35.95,24.66,59.78,0.01,2.85,23.3,95.8,51.13,20.97,JAI,26.91,75.79,arid,NASA_POWER_daily_ag,6.43,14.053,2.4824,dewpoint,580.2,36.509
2015-08-31,29.54,36.0,23.73,59.61,0.1,2.99,23.73,95.88,24.99,20.09,JAI,26.91,75.79,arid,NASA_POWER_daily_ag,6.486,14.083,2.3513,dewpoint,571.6,36.378
2015-09-01,29.16,35.65,23.51,56.73,0.54,3.47,23.23,95.8,21.68,18.87,JAI,26.91,75.79,arid,NASA_POWER_daily_ag,6.765,13.561,2.1796,dewpoint,580.2,36.246
2015-09-02,28.37,35.83,21.71,53.18,0.06,3.0,23.56,95.84,23.86,16.69,JAI,26.91,75.79,arid,NASA_POWER_daily_ag,6.619,13.293,1.9,dewpoint,575.9,36.111
2015-09-03,28.62,36.12,21.86,55.79,0.42,2.23,23.49,96.1,20.78,17.58,JAI,26.91,75.79,arid,NASA_POWER_daily_ag,6.047,13.397,2.0101,dewpoint,548.1,35.974
2015-09-04,29.18,37.09,22.01,54.06,0.0,2.01,23.38,96.4,20.32,17.61,JAI,26.91,75.79,arid,NASA_POWER_daily_ag,5.992,13.282,2.0139,dewpoint,516.0,35.835
2015-09-05,29.44,36.87,22.37,49.1,0.0,2.56,23.82,96.37,36.83,16.63,JAI,26.91,75.79,arid,NASA_POWER_daily_ag,6.624,13.254,1.8928,dewpoint,519.2,35.694
2015-09-06,29.03,35.3,22.83,53.28,0.19,2.26,19.69,96.28,58.83,17.94,JAI,26.91,75.79,arid,NASA_POWER_daily_ag,5.61,11.546,2.0562,dewpoint,528.8,35.551
2015-09-07,29.58,36.34,22.82,49.51,0.03,1.95,24.05,96.19,19.94,17.14,JAI,26.91,75.79,arid,NASA_POWER_daily_ag,6.14,13.422,1.955,dewpoint,538.4,35.406
2015-09-08,29.59,36.65,22.36,50.29,0.0,1.66,23.64,96.19,27.32,17.21,JAI,26.91,75.79,arid,NASA_POWER_daily_ag,5.833,13.217,1.9637,dewpoint,538.4,35.26
2015-09-09,30.09,37.34,22.7,46.76,0.0,2.06,21.13,96.18,42.5,16.47,JAI,26.91,75.79,arid,NASA_POWER_daily_ag,5.993,11.842,1.8736,dewpoint,539.5,35.111
2015-09-10,30.24,37.39,24.4,45.59,0.0,2.12,22.19,96.27,22.0,16.32,JAI,26.91,75.79,arid,NASA_POWER_daily_ag,6.208,12.215,1.8558,dewpoint,529.9,34.96
2015-09-11,30.19,38.65,22.75,41.35,0.0,1.72,24.05,96.19,19.9,14.44,JAI,26.91,75.79,arid,NASA_POWER_daily_ag,6.133,12.619,1.6448,dewpoint,538.4,34.808
2015-09-12,30.42,38.44,23.25,41.51,0.0,1.35,23.85,96.13,20.94,14.75,JAI,26.91,75.79,arid,NASA_POWER_daily_ag,5.723,12.556,1.6781,dewpoint,544.8,34.653
2015-09-13,30.3,37.7,23.86,45.21,0.11,1.28,22.13,96.15,35.39,15.86,JAI,26.91,75.79,arid,NASA_POWER_daily_ag,5.375,12.009,1.8021,dewpoint,542.7,34.497
2015-09-14,31.21,39.36,23.68,40.75,0.25,1.34,23.51,95.96,43.44,14.21,JAI,26.91,75.79,arid,NASA_POWER_daily_ag,5.76,12.173,1.6205,dewpoint,563.0,34.34
2015-09-15,31.7,39.04,24.13,39.54,0.0,0.93,22.93,95.88,46.57,15.14,JAI,26.91,75.79,arid,NASA_POWER_daily_ag,5.228,12.086,1.7208,dewpoint,571.6,34.18
2015-09-16,31.27,38.63,24.55,44.81,0.35,1.31,22.42,95.84,23.22,16.69,JAI,26.91,75.79,arid,NASA_POWER_daily_ag,5.531,12.159,1.9,dewpoint,575.9,34.019
2015-09-17,30.77,37.85,24.25,46.45,0.03,2.24,20.55,95.92,50.68,16.82,JAI,26.91,75.79,arid,NASA_POWER_daily_ag,6.125,11.351,1.9157,dewpoint,567.3,33.856
2015-09-18,29.52,34.21,25.61,59.31,1.99,3.32,16.79,95.93,81.29,20.42,JAI,26.91,75.79,arid,NASA_POWER_daily_ag,5.566,10.207,2.3998,dewpoint,566.3,33.692
2015-09-19,30.19,36.21,24.75,62.02,0.45,3.17,18.39,95.78,38.27,21.47,JAI,26.91,75.79,arid,NASA_POWER_daily_ag,5.698,11.145,2.5597,dewpoint,582.4,33.526
2015-09-20,30.06,36.45,24.55,59.97,0.0,2.55,22.2,95.75,17.66,20.73,JAI,26.91,75.79,arid,NASA_POWER_daily_ag,5.946,12.899,2.4461,dewpoint,585.6,33.359
2015-09-21,29.02,34.09,24.61,58.51,1.02,2.52,19.31,95.76,41.29,19.43,JAI,26.91,75.79,arid,NASA_POWER_daily_ag,5.431,11.237,2.257,dewpoint,584.5,33.19
2015-09-22,28.25,33.82,24.2,68.73,6.39,3.65,10.87,95.73,51.58,21.54,JAI,26.91,75.79,arid,NASA_POWER_daily_ag,4.209,7.266,2.5707,dewpoint,587.7,33.02
2015-09-23,27.92,35.18,20.87,56.79,0.13,2.28,17.41,96.16,22.56,17.43,JAI,26.91,75.79,arid,NASA_POWER_daily_ag,5.01,10.001,1.9912,dewpoint,541.6,32.849
2015-09-24,26.84,34.11,20.01,45.99,0.02,2.99,21.59,96.12,13.02,12.84,JAI,26.91,75.79,arid,NASA_POWER_daily_ag,6.277,11.053,1.4822,dewpoint,545.9,32.677
2015-09-25,27.02,34.9,19.56,43.86,0.0,2.92,21.58,95.97,14.89,12.6,JAI,26.91,75.79,arid,NASA_POWER_daily_ag,6.285,10.949,1.459,dewpoint,562.0,32.503
2015-09-26,28.14,36.12,20.15,43.45,0.0,2.36,22.64,96.06,13.06,13.56,JAI,26.91,75.79,arid,NASA_POWER_daily_ag,6.092,11.441,1.5535,dewpoint,552.3,32.328
2015-09-27,28.22,35.97,21.02,43.4,0.16,1.84,22.82,96.22,16.91,13.43,JAI,26.91,75.79,arid,NASA_POWER_daily_ag,5.637,11.41,1.5404,dewpoint,535.2,32.153
2015-09-28,29.39,36.78,22.27,39.06,0.01,0.94,22.33,96.31,12.99,13.02,JAI,26.91,75.79,arid,NASA_POWER_daily_ag,4.757,11.002,1.4997,dewpoint,525.6,31.976
2015-09-29,29.17,36.88,23.26,35.64,0.0,1.89,21.14,96.49,10.78,11.39,JAI,26.91,75.79,arid,NASA_POWER_daily_ag,5.728,10.147,1.3471,dewpoint,506.4,31.798
2015-09-30,27.81,36.99,20.14,31.61,0.0,1.97,22.81,96.66,5.16,7.73,JAI,26.91,75.79,arid,NASA_POWER_daily_ag,5.887,10.095,1.0532,dewpoint,488.2,31.62
2015-10-01,28.28,37.11,20.1,30.38,0.0,1.21,22.92,96.66,2.84,7.75,JAI,26.91,75.79,arid,NASA_POWER_daily_ag,4.984,10.071,1.0546,dewpoint,488.2,31.441
2015-10-02,29.11,38.23,23.11,25.88,0.0,1.05,23.51,96.6,6.08,5.91,JAI,26.91,75.79,arid,NASA_POWER_daily_ag,4.805,9.624,0.9293,dewpoint,494.6,31.261
2015-10-03,29.32,37.99,23.34,24.31,0.0,1.61,23.23,96.38,6.37,5.69,JAI,26.91,75.79,arid,NASA_POWER_daily_ag,5.619,9.446,0.9152,dewpoint,518.1,31.08
2015-10-04,29.27,38.14,20.95,24.64,0.0,1.54,22.97,96.42,9.48,5.83,JAI,26.91,75.79,arid,NASA_POWER_daily_ag,5.503,9.445,0.9242,dewpoint,513.8,30.899
2015-10-05,29.45,38.79,20.81,27.62,0.0,1.86,22.33,96.44,3.81,7.67,JAI,26.91,75.79,arid,NASA_POWER_daily_ag,5.874,9.513,1.0489,dewpoint,511.7,30.718
2015-10-06,29.6,38.37,22.57,29.1,0.0,2.01,22.06,96.4,5.08,8.79,JAI,26.91,75.79,arid,NASA_POWER_daily_ag,6.012,9.53,1.1319,dewpoint,516.0,30.536
2015-10-07,29.08,38.17,21.66,30.37,0.0,2.09,21.42,96.43,6.67,8.7,JAI,26.91,75.79,arid,NASA_POWER_daily_ag,5.964,9.307,1.125,dewpoint,512.8,30.354
2015-10-08,28.66,37.55,21.21,28.21,0.0,2.46,21.67,96.35,8.36,7.39,JAI,26.91,75.79,arid,NASA_POWER_daily_ag,6.404,9.13,1.029,dewpoint,521.3,30.172
2015-10-09,28.81,38.3,20.56,24.69,0.0,2.58,22.14,96.06,6.08,5.31,JAI,26.91,75.79,arid,NASA_POWER_daily_ag,6.681,8.809,0.8914,dewpoint,552.3,29.989
2015-10-10,28.64,37.97,20.7,26.04,0.0,3.39,21.74,96.07,4.96,6.1,JAI,26.91,75.79,arid,NASA_POWER_daily_ag,7.516,8.791,0.9416,dewpoint,551.3,29.807
2015-10-11,28.61,37.78,21.2,29.84,0.0,2.43,21.63,96.35,5.15,7.85,JAI,26.91,75.79,arid,NASA_POWER_daily_ag,6.279,9.002,1.0619,dewpoint,521.3,29.624
2015-10-12,28.04,37.0,20.26,30.5,0.0,2.27,20.87,96.55,3.73,8.04,JAI,26.91,75.79,arid,NASA_POWER_daily_ag,5.914,8.834,1.0757,dewpoint,500.0,29.442
2015-10-13,27.93,36.86,20.74,29.47,0.0,2.34,20.77,96.58,5.86,7.08,JAI,26.91,75.79,arid,NASA_POWER_daily_ag,5.991,8.553,1.0074,dewpoint,496.8,29.26
2015-10-14,28.19,37.06,21.17,27.0,0.0,1.84,20.62,96.73,6.91,6.52,JAI,26.91,75.79,arid,NASA_POWER_daily_ag,5.394,8.314,0.9693,dewpoint,480.8,29.078
2015-10-15,28.0,35.8,20.37,35.64,0.82,0.9,18.44,96.78,15.23,10.28,JAI,26.91,75.79,arid,NASA_POWER_daily_ag,3.911,8.368,1.2512,dewpoint,475.5,28.897
2015-10-16,28.2,35.69,20.27,41.89,2.11,1.09,19.1,96.79,6.63,12.94,JAI,26.91,75.79,arid,NASA_POWER_daily_ag,4.207,9.013,1.4919,dewpoint,474.4,28.715
2015-10-17,28.73,36.66,22.64,33.74,0.0,1.52,19.54,96.7,3.12,10.2,JAI,26.91,75.79,arid,NASA_POWER_daily_ag,4.832,8.456,1.2445,dewpoint,484.0,28.535
2015-10-18,28.82,37.03,21.38,31.63,0.0,1.14,19.42,96.72,8.61,9.25,JAI,26.91,75.79,arid,NASA_POWER_daily_ag,4.333,8.22,1.1676,dewpoint,481.8,28.355
2015-10-19,28.93,35.89,21.49,33.0,0.0,1.15,16.47,96.67,51.27,10.22,JAI,26.91,75.79,arid,NASA_POWER_daily_ag,4.098,7.514,1.2462,dewpoint,487.2,28.176
2015-10-20,29.7,36.49,24.06,29.61,0.0,1.87,17.11,96.48,14.07,9.56,JAI,26.91,75.79,arid,NASA_POWER_daily_ag,5.194,7.441,1.1922,dewpoint,507.4,27.997
2015-10-21,27.44,34.78,20.7,32.69,0.16,1.97,16.36,96.55,27.4,8.79,JAI,26.91,75.79,arid,NASA_POWER_daily_ag,4.95,7.246,1.1319,dewpoint,500.0,27.82
2015-10-22,25.85,33.95,19.13,31.8,2.94,1.35,18.04,96.64,6.99,7.09,JAI,26.91,75.79,arid,NASA_POWER_daily_ag,4.155,7.481,1.0081,dewpoint,490.4,27.643
2015-10-23,25.29,34.09,18.32,26.6,0.0,1.49,19.06,96.63,18.16,3.98,JAI,26.91,75.79,arid,NASA_POWER_daily_ag,4.369,7.211,0.8121,dewpoint,491.4,27.467
2015-10-24,26.98,34.8,20.43,21.6,0.0,1.12,19.98,96.54,18.9,2.43,JAI,26.91,75.79,arid,NASA_POWER_daily_ag,4.043,6.945,0.7277,dewpoint,501.0,27.293
2015-10-25,25.59,35.15,16.98,26.49,0.0,2.07,17.5,96.61,10.25,4.0,JAI,26.91,75.79,arid,NASA_POWER_daily_ag,5.015,6.747,0.8133,dewpoint,493.6,27.12
2015-10-26,25.25,32.87,18.33,32.4,0.0,1.27,17.85,96.75,11.42,6.93,JAI,26.91,75.79,arid,NASA_POWER_daily_ag,3.927,7.252,0.9971,dewpoint,478.7,26.948
2015-10-27,24.07,31.77,17.41,35.41,0.45,2.05,15.67,96.81,14.41,7.07,JAI,26.91,75.79,arid,NASA_POWER_daily_ag,4.463,6.74,1.0067,dewpoint,472.3,26.777
2015-10-28,20.92,27.5,16.03,54.96,16.28,2.08,13.0,96.84,43.0,10.63,JAI,26.91,75.79,arid,NASA_POWER_daily_ag,3.411,6.51,1.2808,dewpoint,469.1,26.608
2015-10-29,19.54,27.03,13.39,62.35,0.05,1.38,17.71,97.01,19.93,10.99,JAI,26.91,75.79,arid,NASA_POWER_daily_ag,3.1,8.13,1.3118,dewpoint,451.0,26.44
2015-10-30,20.25,27.94,14.11,54.79,0.0,1.57,17.82,97.04,6.37,10.09,JAI,26.91,75.79,arid,NASA_POWER_daily_ag,3.367,7.903,1.2354,dewpoint,447.8,26.274
2015-10-31,21.19,28.7,15.36,51.54,0.0,1.84,16.87,96.99,6.36,10.14,JAI,26.91,75.79,arid,NASA_POWER_daily_ag,3.609,7.495,1.2395,dewpoint,453.1,26.11
2015-11-01,21.2,28.76,15.24,52.94,0.0,1.89,16.53,96.99,7.72,10.63,JAI,26.91,75.79,arid,NASA_POWER_daily_ag,3.567,7.421,1.2808,dewpoint,453.1,25.948
2015-11-02,22.3,29.27,16.12,52.74,0.0,1.79,15.06,96.95,32.27,11.77,JAI,26.91,75.79,arid,NASA_POWER_daily_ag,3.484,7.045,1.3814,dewpoint,457.4,25.787
2015-11-03,23.36,30.17,17.2,51.6,0.0,1.39,14.98,96.83,37.48,12.36,JAI,26.91,75.79,arid,NASA_POWER_daily_ag,3.302,7.004,1.4362,dewpoint,470.1,25.629
2015-11-04,24.36,31.41,17.54,46.95,0.0,1.44,15.68,96.64,17.12,11.64,JAI,26.91,75.79,arid,NASA_POWER_daily_ag,3.568,7.016,1.3696,dewpoint,490.4,25.472
2015-11-05,23.79,31.41,17.63,43.43,0.21,1.4,15.24,96.61,23.04,9.81,JAI,26.91,75.79,arid,NASA_POWER_daily_ag,3.485,6.571,1.2124,dewpoint,493.6,25.318
2015-11-06,22.73,30.57,16.96,41.72,0.02,1.66,15.77,96.64,7.62,8.31,JAI,26.91,75.79,arid,NASA_POWER_daily_ag,3.677,6.497,1.0956,dewpoint,490.4,25.165
2015-11-07,21.7,29.4,15.19,43.61,0.12,1.85,15.02,96.79,10.59,8.35,JAI,26.91,75.79,arid,NASA_POWER_daily_ag,3.631,6.368,1.0986,dewpoint,474.4,25.015
2015-11-08,22.72,29.99,16.32,45.41,0.01,2.4,14.1,96.89,13.94,9.89,JAI,26.91,75.79,arid,NASA_POWER_daily_ag,4.05,6.229,1.2189,dewpoint,463.8,24.868
2015-11-09,23.12,30.92,16.68,48.02,0.23,2.02,14.54,96.81,10.54,10.89,JAI,26.91,75.79,arid,NASA_POWER_daily_ag,3.756,6.401,1.3031,dewpoint,472.3,24.722
2015-11-10,23.05,31.08,16.77,50.5,0.37,1.51,13.83,96.69,11.51,11.25,JAI,26.91,75.79,arid,NASA_POWER_daily_ag,3.248,6.209,1.3347,dewpoint,485.0,24.58
2015-11-11,22.73,31.31,16.64,43.33,0.0,1.69,13.83,96.81,2.39,8.95,JAI,26.91,75.79,arid,NASA_POWER_daily_ag,3.485,5.862,1.1442,dewpoint,472.3,24.439
2015-11-12,22.68,31.25,15.61,37.73,0.0,1.41,14.25,96.94,4.53,6.91,JAI,26.91,75.79,arid,NASA_POWER_daily_ag,3.332,5.686,0.9957,dewpoint,458.4,24.302
2015-11-13,23.42,31.33,18.05,36.51,0.0,1.22,14.76,96.9,8.04,7.08,JAI,26.91,75.79,arid,NASA_POWER_daily_ag,3.21,5.683,1.0074,dewpoint,462.7,24.167
2015-11-14,23.78,31.25,16.07,37.02,0.0,1.22,15.37,96.63,10.97,7.43,JAI,26.91,75.79,arid,NASA_POWER_daily_ag,3.286,5.894,1.0318,dewpoint,491.4,24.035
2015-11-15,23.49,31.2,17.21,36.11,0.0,1.47,16.1,96.58,3.04,7.0,JAI,26.91,75.79,arid,NASA_POWER_daily_ag,3.551,5.89,1.0019,dewpoint,496.8,23.905
2015-11-16,21.73,29.5,15.55,39.54,0.03,2.36,15.72,96.67,3.61,6.67,JAI,26.91,75.79,arid,NASA_POWER_daily_ag,4.116,5.857,0.9794,dewpoint,487.2,23.779
2015-11-17,20.07,28.88,14.51,23.53,0.0,2.12,16.29,96.75,14.38,-2.63,JAI,26.91,75.79,arid,NASA_POWER_daily_ag,4.112,4.721,0.5033,dewpoint,478.7,23.656
2015-11-18,19.63,29.05,12.73,22.41,0.0,1.13,16.76,96.98,35.62,-3.38,JAI,26.91,75.79,arid,NASA_POWER_daily_ag,2.929,4.69,0.4759,dewpoint,454.2,23.535
2015-11-19,19.85,29.26,11.78,23.3,0.0,1.36,16.47,97.1,18.67,-2.69,JAI,26.91,75.79,arid,NASA_POWER_daily_ag,3.221,4.721,0.5011,dewpoint,441.4,23.418
2015-11-20,19.69,29.39,12.44,23.2,0.0,1.48,15.6,96.97,16.52,-2.79,JAI,26.91,75.79,arid,NASA_POWER_daily_ag,3.305,4.539,0.4974,dewpoint,455.2,23.303
2015-11-21,20.22,28.9,14.13,24.61,0.0,1.19,15.54,96.87,26.16,-1.37,JAI,26.91,75.79,arid,NASA_POWER_daily_ag,2.965,4.6,0.5525,dewpoint,465.9,23.192
2015-11-22,19.76,28.97,13.84,31.51,0.0,1.43,14.85,96.82,28.09,1.42,JAI,26.91,75.79,arid,NASA_POWER_daily_ag,3.109,4.823,0.6769,dewpoint,471.2,23.084
2015-11-23,19.43,27.88,12.72,34.58,0.0,1.52,13.67,96.89,16.16,2.4,JAI,26.91,75.79,arid,NASA_POWER_daily_ag,3.098,4.824,0.7261,dewpoint,463.8,22.98
2015-11-24,20.69,28.95,13.5,34.5,0.0,1.23,12.99,96.93,51.26,3.79,JAI,26.91,75.79,arid,NASA_POWER_daily_ag,2.857,4.766,0.8013,dewpoint,459.5,22.879
2015-11-25,21.19,28.75,14.84,30.07,0.0,1.24,12.68,96.89,74.76,2.69,JAI,26.91,75.79,arid,NASA_POWER_daily_ag,2.926,4.537,0.7413,dewpoint,463.8,22.781
2015-11-26,21.05,27.24,16.19,36.3,0.0,2.24,11.72,96.71,53.11,5.35,JAI,26.91,75.79,arid,NASA_POWER_daily_ag,3.738,4.643,0.8939,dewpoint,482.9,22.687
2015-11-27,17.29,24.08,11.17,25.01,0.0,2.67,14.78,96.56,53.36,-3.43,JAI,26.91,75.79,arid,NASA_POWER_daily_ag,4.135,4.427,0.4741,dewpoint,498.9,22.596
2015-11-28,18.54,25.76,12.19,33.68,0.0,1.45,11.28,96.83,88.45,1.94,JAI,26.91,75.79,arid,NASA_POWER_daily_ag,2.834,4.371,0.7026,dewpoint,470.1,22.508
2015-11-29,19.43,27.01,12.75,38.22,0.0,1.23,13.64,97.06,17.56,3.41,JAI,26.91,75.79,arid,NASA_POWER_daily_ag,2.731,4.757,0.7801,dewpoint,445.7,22.425
2015-11-30,20.87,28.94,13.53,32.2,0.0,1.21,11.94,97.05,12.03,3.3,JAI,26.91,75.79,arid,NASA_POWER_daily_ag,2.784,4.379,0.7741,dewpoint,446.7,22.345
2015-12-01,20.69,28.63,14.61,41.19,0.79,1.14,11.53,96.85,16.66,6.65,JAI,26.91,75.79,arid,NASA_POWER_daily_ag,2.551,4.607,0.978,dewpoint,468.0,22.268
2015-12-02,17.89,26.19,12.1,38.54,0.04,1.84,11.17,96.95,7.69,2.49,JAI,26.91,75.79,arid,NASA_POWER_daily_ag,3.036,4.288,0.7308,dewpoint,457.4,22.195
2015-12-03,17.75,26.61,10.8,36.3,0.0,1.25,13.13,97.04,8.95,1.39,JAI,26.91,75.79,arid,NASA_POWER_daily_ag,2.594,4.439,0.6754,dewpoint,447.8,22.126
2015-12-04,19.83,28.78,12.47,29.18,0.0,1.32,14.4,96.88,18.04,-0.38,JAI,26.91,75.79,arid,NASA_POWER_daily_ag,2.933,4.185,0.5941,dewpoint,464.8,22.061
2015-12-05,19.72,29.38,13.19,21.89,0.0,1.34,15.43,96.92,22.66,-3.44,JAI,26.91,75.79,arid,NASA_POWER_daily_ag,2.982,3.789,0.4738,dewpoint,460.6,21.999
2015-12-06,20.26,28.78,13.91,20.31,0.0,1.05,15.58,96.92,23.12,-3.82,JAI,26.91,75.79,arid,NASA_POWER_daily_ag,2.649,3.718,0.4605,dewpoint,460.6,21.942
2015-12-07,19.02,28.3,11.29,26.43,0.0,1.42,14.4,97.0,52.34,-1.64,JAI,26.91,75.79,arid,NASA_POWER_daily_ag,2.98,4.034,0.5416,dewpoint,452.1,21.888
2015-12-08,19.43,28.75,12.8,24.38,0.0,1.43,15.16,96.89,22.35,-2.48,JAI,26.91,75.79,arid,NASA_POWER_daily_ag,3.038,3.868,0.509,dewpoint,463.8,21.838
2015-12-09,18.98,28.2,10.24,24.18,0.0,1.69,13.05,96.78,50.57,-2.84,JAI,26.91,75.79,arid,NASA_POWER_daily_ag,3.289,3.833,0.4955,dewpoint,475.5,21.792
2015-12-10,18.75,28.56,10.77,38.34,0.0,1.85,14.12,96.58,7.81,3.29,JAI,26.91,75.79,arid,NASA_POWER_daily_ag,3.172,4.558,0.7735,dewpoint,496.8,21.75
2015-12-11,16.0,23.91,9.88,34.99,0.0,2.49,14.44,96.5,10.34,-1.06,JAI,26.91,75.79,arid,NASA_POWER_daily_ag,3.531,4.323,0.5653,dewpoint,505.3,21.712
2015-12-12,13.35,22.87,6.15,25.7,0.0,2.03,14.97,96.72,30.82,-6.86,JAI,26.91,75.79,arid,NASA_POWER_daily_ag,3.07,3.966,0.3653,dewpoint,481.8,21.678
2015-12-13,13.22,22.67,6.8,27.04,0.0,1.41,15.53,96.87,23.37,-7.03,JAI,26.91,75.79,arid,NASA_POWER_daily_ag,2.522,3.944,0.3605,dewpoint,465.9,21.648
2015-12-14,12.28,22.49,4.85,22.31,0.0,1.61,16.07,97.03,27.93,-9.55,JAI,26.91,75.79,arid,NASA_POWER_daily_ag,2.67,3.815,0.2961,dewpoint,448.9,21.621
2015-12-15,14.4,24.59,5.72,18.45,0.0,1.46,15.62,96.93,32.7,-10.36,JAI,26.91,75.79,arid,NASA_POWER_daily_ag,2.738,3.531,0.2777,dewpoint,459.5,21.599
2015-12-16,14.49,23.98,7.86,17.82,0.0,1.91,15.55,96.82,32.0,-9.84,JAI,26.91,75.79,arid,NASA_POWER_daily_ag,3.176,3.498,0.2894,dewpoint,471.2,21.581
2015-12-17,13.2,23.52,6.25,23.59,0.0,1.62,14.97,96.84,27.21,-8.29,JAI,26.91,75.79,arid,NASA_POWER_daily_ag,2.721,3.729,0.3269,dewpoint,469.1,21.567
2015-12-18,13.12,22.48,5.81,23.64,0.0,1.52,13.87,97.11,19.28,-7.91,JAI,26.91,75.79,arid,NASA_POWER_daily_ag,2.615,3.776,0.3367,dewpoint,440.4,21.557
2015-12-19,13.4,22.87,6.45,23.7,0.0,1.62,13.57,97.15,32.44,-7.46,JAI,26.91,75.79,arid,NASA_POWER_daily_ag,2.715,3.746,0.3487,dewpoint,436.1,21.551
2015-12-20,13.03,22.09,5.36,26.35,0.0,1.35,13.21,97.07,44.65,-6.67,JAI,26.91,75.79,arid,NASA_POWER_daily_ag,2.418,3.874,0.3707,dewpoint,444.6,21.549
2015-12-21,13.49,22.34,7.38,23.86,0.0,1.16,12.39,97.11,63.35,-7.45,JAI,26.91,75.79,arid,NASA_POWER_daily_ag,2.269,3.676,0.349,dewpoint,440.4,21.551
2015-12-22,12.95,20.75,5.88,26.35,0.0,1.04,12.18,97.26,28.34,-6.5,JAI,26.91,75.79,arid,NASA_POWER_daily_ag,2.106,3.853,0.3756,dewpoint,424.4,21.558
2015-12-23,13.06,20.88,8.02,24.73,0.0,1.19,12.29,97.3,15.68,-7.04,JAI,26.91,75.79,arid,NASA_POWER_daily_ag,2.257,3.741,0.3602,dewpoint,420.2,21.568
2015-12-24,10.99,19.54,5.15,28.76,0.0,2.17,12.13,97.42,23.86,-6.9,JAI,26.91,75.79,arid,NASA_POWER_daily_ag,2.808,3.902,0.3642,dewpoint,407.5,21.582
2015-12-25,13.08,22.81,4.66,20.38,0.0,1.17,14.73,97.45,30.99,-10.06,JAI,26.91,75.79,arid,NASA_POWER_daily_ag,2.323,3.678,0.2844,dewpoint,404.3,21.601
2015-12-26,16.45,26.07,9.22,14.02,0.0,1.05,14.2,97.34,33.59,-11.63,JAI,26.91,75.79,arid,NASA_POWER_daily_ag,2.393,3.143,0.2508,dewpoint,416.0,21.623
2015-12-27,18.23,28.64,10.79,16.72,0.0,1.36,14.56,97.36,25.73,-7.73,JAI,26.91,75.79,arid,NASA_POWER_daily_ag,2.886,3.275,0.3415,dewpoint,413.8,21.649
2015-12-28,18.02,28.14,10.85,22.66,0.0,1.46,14.95,97.42,26.08,-4.38,JAI,26.91,75.79,arid,NASA_POWER_daily_ag,2.954,3.672,0.4414,dewpoint,407.5,21.68
2015-12-29,18.69,28.33,11.32,28.55,0.0,1.42,14.35,97.2,36.28,-0.73,JAI,26.91,75.79,arid,NASA_POWER_daily_ag,2.9,4.047,0.5791,dewpoint,430.8,21.714
2015-12-30,19.61,28.48,14.07,24.91,0.0,1.08,15.09,97.01,11.67,-1.43,JAI,26.91,75.79,arid,NASA_POWER_daily_ag,2.596,3.9,0.5501,dewpoint,451.0,21.753
2015-12-31,17.85,26.64,11.36,26.15,0.0,1.98,14.26,97.24,25.72,-2.35,JAI,26.91,75.79,arid,NASA_POWER_daily_ag,3.442,3.98,0.5139,dewpoint,426.6,21.795
2016-01-01,17.47,26.37,11.21,30.03,0.0,1.32,14.49,97.34,17.55,-0.89,JAI,26.91,75.79,arid,NASA_POWER_daily_ag,2.697,4.2,0.5724,dewpoint,416.0,21.842
2016-01-02,16.86,24.97,11.3,28.73,0.0,1.07,12.43,97.39,19.31,-1.97,JAI,26.91,75.79,arid,NASA_POWER_daily_ag,2.37,3.995,0.5286,dewpoint,410.7,21.892
2016-01-03,17.89,27.79,10.74,23.14,0.0,1.28,13.4,97.17,10.47,-4.51,JAI,26.91,75.79,arid,NASA_POWER_daily_ag,2.752,3.751,0.4371,dewpoint,434.0,21.946
2016-01-04,18.0,27.06,11.71,24.68,0.0,1.48,13.69,97.15,33.96,-2.92,JAI,26.91,75.79,arid,NASA_POWER_daily_ag,2.968,3.943,0.4926,dewpoint,436.1,22.005
2016-01-05,19.13,27.83,11.94,27.88,0.0,1.47,14.56,96.99,10.62,-0.44,JAI,26.91,75.79,arid,NASA_POWER_daily_ag,3.043,4.263,0.5915,dewpoint,453.1,22.067
2016-01-06,18.86,27.41,13.19,34.19,0.0,1.46,14.28,96.91,30.69,2.27,JAI,26.91,75.79,arid,NASA_POWER_daily_ag,2.909,4.559,0.7194,dewpoint,461.6,22.133
2016-01-07,18.65,27.17,11.12,37.55,0.0,1.54,13.37,97.1,44.56,3.18,JAI,26.91,75.79,arid,NASA_POWER_daily_ag,2.919,4.658,0.7675,dewpoint,441.4,22.202
2016-01-08,18.06,26.28,12.52,39.52,0.0,2.03,14.68,97.12,5.38,3.54,JAI,26.91,75.79,arid,NASA_POWER_daily_ag,3.265,4.908,0.7873,dewpoint,439.3,22.276
2016-01-09,15.83,24.66,8.57,37.19,0.0,1.99,15.16,96.97,17.86,-0.07,JAI,26.91,75.79,arid,NASA_POWER_daily_ag,3.145,4.809,0.6077,dewpoint,455.2,22.353
2016-01-10,18.57,26.64,12.24,27.42,0.0,1.08,15.72,97.01,18.84,-1.57,JAI,26.91,75.79,arid,NASA_POWER_daily_ag,2.639,4.452,0.5444,dewpoint,451.0,22.434
2016-01-11,17.83,26.58,10.09,25.66,0.0,1.55,15.46,97.01,15.94,-3.17,JAI,26.91,75.79,arid,NASA_POWER_daily_ag,3.137,4.386,0.4834,dewpoint,451.0,22.519
2016-01-12,16.89,25.8,10.4,32.11,0.0,1.83,14.65,96.79,10.35,-0.47,JAI,26.91,75.79,arid,NASA_POWER_daily_ag,3.182,4.676,0.5902,dewpoint,474.4,22.607
2016-01-13,15.91,24.66,10.26,40.09,0.0,2.06,15.39,96.79,10.98,1.37,JAI,26.91,75.79,arid,NASA_POWER_daily_ag,3.148,5.095,0.6745,dewpoint,474.4,22.699
2016-01-14,13.95,22.55,7.73,39.31,0.0,1.67,12.93,96.88,34.22,-0.81,JAI,26.91,75.79,arid,NASA_POWER_daily_ag,2.654,4.721,0.5757,dewpoint,464.8,22.794
2016-01-15,14.11,24.31,6.82,43.04,0.0,1.55,12.27,96.85,6.82,0.08,JAI,26.91,75.79,arid,NASA_POWER_daily_ag,2.523,4.692,0.6144,dewpoint,468.0,22.893
2016-01-16,13.26,23.17,5.66,36.91,0.0,1.48,14.02,96.74,11.7,-3.11,JAI,26.91,75.79,arid,NASA_POWER_daily_ag,2.576,4.799,0.4856,dewpoint,479.7,22.996
2016-01-17,13.2,22.64,5.73,32.31,0.0,1.72,13.88,96.76,19.46,-4.16,JAI,26.91,75.79,arid,NASA_POWER_daily_ag,2.805,4.749,0.4488,dewpoint,477.6,23.102
2016-01-18,14.17,23.19,6.53,29.39,0.0,1.69,9.35,96.7,47.02,-4.06,JAI,26.91,75.79,arid,NASA_POWER_daily_ag,2.786,4.149,0.4522,dewpoint,484.0,23.211
2016-01-19,13.71,21.05,8.51,34.17,0.07,1.28,8.83,96.74,38.09,-2.38,JAI,26.91,75.79,arid,NASA_POWER_daily_ag,2.3,4.183,0.5128,dewpoint,479.7,23.323
2016-01-20,12.78,21.49,6.56,38.72,0.0,1.49,12.26,97.04,14.71,-3.14,JAI,26.91,75.79,arid,NASA_POWER_daily_ag,2.51,4.726,0.4845,dewpoint,447.8,23.439
2016-01-21,13.85,22.63,7.72,23.45,0.0,1.25,15.41,97.19,18.92,-7.93,JAI,26.91,75.79,arid,NASA_POWER_daily_ag,2.632,4.697,0.3362,dewpoint,431.9,23.558
2016-01-22,14.41,23.69,6.94,17.78,0.0,1.35,17.19,97.12,17.71,-10.03,JAI,26.91,75.79,arid,NASA_POWER_daily_ag,2.867,4.714,0.285,dewpoint,439.3,23.68
2016-01-23,14.72,24.44,7.01,19.74,0.0,1.53,17.16,97.16,26.76,-8.8,JAI,26.91,75.79,arid,NASA_POWER_daily_ag,3.074,4.838,0.3141,dewpoint,435.1,23.806
2016-01-24,14.46,25.24,6.78,20.53,0.0,1.57,16.99,97.07,18.56,-8.53,JAI,26.91,75.79,arid,NASA_POWER_daily_ag,3.078,4.874,0.3208,dewpoint,444.6,23.934
2016-01-25,14.2,24.22,4.83,20.16,0.0,1.42,17.0,96.91,19.3,-9.33,JAI,26.91,75.79,arid,NASA_POWER_daily_ag,2.959,5.028,0.3013,dewpoint,461.6,24.065
2016-01-26,15.15,25.95,6.25,21.42,0.0,1.67,15.99,96.78,24.25,-7.3,JAI,26.91,75.79,arid,NASA_POWER_daily_ag,3.237,4.994,0.3531,dewpoint,475.5,24.199
2016-01-27,16.13,26.67,7.96,25.67,0.0,1.54,16.36,96.73,3.8,-4.52,JAI,26.91,75.79,arid,NASA_POWER_daily_ag,3.17,5.255,0.4368,dewpoint,480.8,24.336
2016-01-28,18.56,27.98,10.14,25.71,0.0,1.38,15.6,96.85,3.23,-2.02,JAI,26.91,75.79,arid,NASA_POWER_daily_ag,3.202,5.3,0.5266,dewpoint,468.0,24.476
2016-01-29,19.86,29.34,11.3,31.61,0.0,1.87,16.32,96.92,6.83,1.94,JAI,26.91,75.79,arid,NASA_POWER_daily_ag,3.771,5.817,0.7026,dewpoint,460.6,24.619
2016-01-30,20.32,28.72,13.02,46.25,0.0,1.7,16.74,96.85,5.33,7.87,JAI,26.91,75.79,arid,NASA_POWER_daily_ag,3.415,6.757,1.0633,dewpoint,468.0,24.764
2016-01-31,19.72,27.66,13.09,41.64,0.0,2.14,15.76,96.85,16.58,5.7,JAI,26.91,75.79,arid,NASA_POWER_daily_ag,3.752,6.304,0.9159,dewpoint,468.0,24.912
2016-02-01,18.03,26.17,11.47,25.15,0.0,1.6,14.5,96.98,13.44,-2.42,JAI,26.91,75.79,arid,NASA_POWER_daily_ag,3.397,5.339,0.5112,dewpoint,454.2,25.062
2016-02-02,15.9,25.28,8.48,18.91,0.0,1.7,17.05,97.06,9.04,-7.66,JAI,26.91,75.79,arid,NASA_POWER_daily_ag,3.484,5.456,0.3433,dewpoint,445.7,25.214
2016-02-03,14.6,24.84,6.96,20.85,0.0,1.85,19.2,97.12,15.24,-8.84,JAI,26.91,75.79,arid,NASA_POWER_daily_ag,3.569,5.807,0.3131,dewpoint,439.3,25.369
2016-02-04,15.74,26.2,8.57,17.64,0.0,1.29,19.12,97.03,13.8,-9.46,JAI,26.91,75.79,arid,NASA_POWER_daily_ag,3.133,5.627,0.2982,dewpoint,448.9,25.527
2016-02-05,16.48,26.61,7.79,17.67,0.0,1.43,19.14,96.86,12.15,-8.92,JAI,26.91,75.79,arid,NASA_POWER_daily_ag,3.392,5.784,0.3111,dewpoint,466.9,25.686
2016-02-06,17.23,27.43,7.77,20.54,0.0,1.97,17.42,96.48,12.61,-6.16,JAI,26.91,75.79,arid,NASA_POWER_daily_ag,3.959,5.851,0.3855,dewpoint,507.4,25.848
2016-02-07,16.39,25.33,9.57,23.94,0.0,2.5,17.7,96.72,4.7,-5.02,JAI,26.91,75.79,arid,NASA_POWER_daily_ag,4.281,6.107,0.4205,dewpoint,481.8,26.011
2016-02-08,16.23,25.58,8.95,26.59,0.0,1.22,15.79,96.98,9.38,-4.1,JAI,26.91,75.79,arid,NASA_POWER_daily_ag,2.996,5.926,0.4509,dewpoint,454.2,26.177
2016-02-09,17.47,26.52,9.63,27.73,0.0,0.99,17.56,96.8,11.53,-3.06,JAI,26.91,75.79,arid,NASA_POWER_daily_ag,2.945,6.351,0.4874,dewpoint,473.3,26.344
2016-02-10,17.44,26.97,9.33,24.82,0.0,1.61,17.84,96.53,7.35,-4.15,JAI,26.91,75.79,arid,NASA_POWER_daily_ag,3.643,6.35,0.4492,dewpoint,502.1,26.513
2016-02-11,16.5,26.69,9.15,17.24,0.0,2.16,18.82,96.41,6.57,-9.27,JAI,26.91,75.79,arid,NASA_POWER_daily_ag,4.227,6.094,0.3027,dewpoint,514.9,26.684
2016-02-12,17.27,27.03,7.78,14.13,0.0,1.9,19.09,96.49,9.83,-10.46,JAI,26.91,75.79,arid,NASA_POWER_daily_ag,4.141,6.144,0.2755,dewpoint,506.4,26.857
2016-02-13,16.73,26.33,9.95,20.74,0.0,1.82,18.68,96.67,3.9,-6.42,JAI,26.91,75.79,arid,NASA_POWER_daily_ag,3.886,6.475,0.3779,dewpoint,487.2,27.031
2016-02-14,16.17,25.77,8.54,24.23,0.0,1.62,18.64,96.94,11.84,-5.23,JAI,26.91,75.79,arid,NASA_POWER_daily_ag,3.619,6.754,0.4139,dewpoint,458.4,27.206
2016-02-15,16.33,25.84,8.3,23.06,0.0,1.86,17.3,97.06,19.2,-5.47,JAI,26.91,75.79,arid,NASA_POWER_daily_ag,3.832,6.534,0.4064,dewpoint,445.7,27.383
2016-02-16,17.6,26.67,10.73,22.09,0.0,2.26,15.82,97.17,21.32,-4.41,JAI,26.91,75.79,arid,NASA_POWER_daily_ag,4.291,6.253,0.4404,dewpoint,434.0,27.561
2016-02-17,19.79,27.13,13.65,25.2,2.7,2.51,11.56,97.15,54.87,-1.16,JAI,26.91,75.79,arid,NASA_POWER_daily_ag,4.543,5.539,0.5611,dewpoint,436.1,27.741
2016-02-18,22.13,30.51,16.03,35.1,0.32,2.4,12.69,96.93,71.32,5.52,JAI,26.91,75.79,arid,NASA_POWER_daily_ag,4.436,6.17,0.9045,dewpoint,459.5,27.921
2016-02-19,23.84,31.67,16.6,33.05,0.02,1.81,13.17,96.81,86.21,5.72,JAI,26.91,75.79,arid,NASA_POWER_daily_ag,4.183,6.316,0.9171,dewpoint,472.3,28.102
2016-02-20,22.17,29.18,16.69,48.23,0.01,2.2,15.09,96.89,67.53,9.53,JAI,26.91,75.79,arid,NASA_POWER_daily_ag,4.106,7.383,1.1898,dewpoint,463.8,28.285
2016-02-21,19.52,29.92,12.3,36.88,0.0,2.56,21.29,96.92,7.92,0.7,JAI,26.91,75.79,arid,NASA_POWER_daily_ag,4.949,8.144,0.6426,dewpoint,460.6,28.468
2016-02-22,19.71,31.0,10.64,19.29,0.0,2.12,22.19,96.92,13.52,-6.32,JAI,26.91,75.79,arid,NASA_POWER_daily_ag,4.892,7.478,0.3808,dewpoint,460.6,28.652
2016-02-23,20.45,31.65,11.63,15.81,0.0,2.24,22.25,96.73,17.68,-7.64,JAI,26.91,75.79,arid,NASA_POWER_daily_ag,5.171,7.311,0.3439,dewpoint,480.8,28.837
2016-02-24,23.03,32.28,15.75,12.2,0.0,0.95,21.71,96.6,21.44,-8.53,JAI,26.91,75.79,arid,NASA_POWER_daily_ag,3.694,6.912,0.3208,dewpoint,494.6,29.022
2016-02-25,21.72,31.56,11.62,14.06,0.0,1.33,21.9,96.8,35.13,-7.92,JAI,26.91,75.79,arid,NASA_POWER_daily_ag,4.242,7.386,0.3365,dewpoint,473.3,29.207
2016-02-26,21.63,31.46,13.11,14.13,0.0,1.55,21.35,97.05,20.13,-7.56,JAI,26.91,75.79,arid,NASA_POWER_daily_ag,4.506,7.32,0.346,dewpoint,446.7,29.393
2016-02-27,22.32,31.75,13.02,14.78,0.0,1.06,21.1,97.11,2.41,-6.72,JAI,26.91,75.79,arid,NASA_POWER_daily_ag,3.901,7.43,0.3692,dewpoint,440.4,29.58
2016-02-28,22.57,32.35,14.25,14.67,0.0,1.22,20.95,97.12,8.56,-6.35,JAI,26.91,75.79,arid,NASA_POWER_daily_ag,4.148,7.414,0.3799,dewpoint,439.3,29.766
2016-02-29,22.52,32.38,13.29,17.66,0.0,1.52,21.32,97.1,7.9,-4.26,JAI,26.91,75.79,arid,NASA_POWER_daily_ag,4.605,7.861,0.4454,dewpoint,441.4,29.953
2016-03-01,23.8,33.83,13.72,18.2,0.0,1.44,20.89,96.87,15.77,-2.83,JAI,26.91,75.79,arid,NASA_POWER_daily_ag,4.619,7.911,0.4959,dewpoint,465.9,30.14
2016-03-02,24.9,34.7,16.89,19.26,0.0,1.79,20.53,96.79,37.52,-1.04,JAI,26.91,75.79,arid,NASA_POWER_daily_ag,5.171,7.924,0.5661,dewpoint,474.4,30.326
2016-03-03,26.45,34.17,19.75,31.3,0.07,2.09,19.63,96.87,40.13,7.37,JAI,26.91,75.79,arid,NASA_POWER_daily_ag,5.468,8.839,1.0276,dewpoint,465.9,30.513
2016-03-04,26.88,35.12,19.17,25.09,0.04,1.22,19.63,96.62,40.82,3.66,JAI,26.91,75.79,arid,NASA_POWER_daily_ag,4.53,8.34,0.794,dewpoint,492.5,30.699
2016-03-05,24.69,32.77,17.44,30.92,2.04,1.89,18.51,96.51,51.47,5.33,JAI,26.91,75.79,arid,NASA_POWER_daily_ag,4.998,8.471,0.8926,dewpoint,504.2,30.885
2016-03-06,22.86,31.34,15.41,37.97,0.0,2.12,21.72,96.58,21.02,6.34,JAI,26.91,75.79,arid,NASA_POWER_daily_ag,5.136,9.831,0.9574,dewpoint,496.8,31.071
2016-03-07,22.69,29.85,15.26,37.61,0.0,2.14,19.6,96.64,39.34,6.77,JAI,26.91,75.79,arid,NASA_POWER_daily_ag,4.948,9.313,0.9861,dewpoint,490.4,31.256
2016-03-08,22.43,30.97,15.0,34.65,0.0,1.98,21.33,96.57,17.01,4.88,JAI,26.91,75.79,arid,NASA_POWER_daily_ag,5.009,9.629,0.865,dewpoint,497.8,31.441
2016-03-09,23.52,31.85,15.95,31.3,0.0,1.79,21.66,96.6,28.2,4.76,JAI,26.91,75.79,arid,NASA_POWER_daily_ag,5.046,9.688,0.8578,dewpoint,494.6,31.625
2016-03-10,25.34,33.33,16.65,30.46,0.0,1.64,21.39,96.65,43.29,5.76,JAI,26.91,75.79,arid,NASA_POWER_daily_ag,5.12,9.704,0.9197,dewpoint,489.3,31.808
2016-03-11,25.3,33.83,20.11,34.86,0.03,2.1,21.26,96.6,35.03,8.21,JAI,26.91,75.79,arid,NASA_POWER_daily_ag,5.458,9.941,1.0882,dewpoint,494.6,31.991
2016-03-12,25.71,33.8,19.93,34.57,0.03,3.07,21.68,96.32,35.79,7.9,JAI,26.91,75.79,arid,NASA_POWER_daily_ag,6.53,10.101,1.0655,dewpoint,524.5,32.173
2016-03-13,23.46,30.65,15.94,35.36,0.0,1.93,18.74,96.38,61.64,5.69,JAI,26.91,75.79,arid,NASA_POWER_daily_ag,4.955,9.116,0.9152,dewpoint,518.1,32.354
2016-03-14,23.68,31.13,16.25,30.54,0.0,1.17,21.42,96.64,33.82,4.54,JAI,26.91,75.79,arid,NASA_POWER_daily_ag,4.453,9.872,0.8447,dewpoint,490.4,32.533
2016-03-15,23.01,30.26,15.73,29.56,0.0,1.36,19.14,96.81,43.17,3.13,JAI,26.91,75.79,arid,NASA_POWER_daily_ag,4.44,9.054,0.7648,dewpoint,472.3,32.712
2016-03-16,23.19,32.01,13.59,22.94,0.0,1.27,22.35,96.67,36.55,-0.6,JAI,26.91,75.79,arid,NASA_POWER_daily_ag,4.687,9.651,0.5846,dewpoint,487.2,32.89
2016-03-17,25.05,33.14,17.62,26.0,0.29,2.46,19.33,96.39,76.15,3.22,JAI,26.91,75.79,arid,NASA_POWER_daily_ag,6.009,9.042,0.7697,dewpoint,517.0,33.066
2016-03-18,26.64,34.31,18.95,39.03,0.55,1.72,21.56,96.29,36.33,10.23,JAI,26.91,75.79,arid,NASA_POWER_daily_ag,5.355,10.75,1.247,dewpoint,527.7,33.241
2016-03-19,27.78,35.72,21.32,27.08,0.05,1.5,22.88,96.26,16.89,6.17,JAI,26.91,75.79,arid,NASA_POWER_daily_ag,5.493,10.431,0.9462,dewpoint,530.9,33.415
2016-03-20,26.1,35.19,17.9,23.17,0.0,2.15,24.4,96.37,13.18,2.19,JAI,26.91,75.79,arid,NASA_POWER_daily_ag,6.315,10.509,0.7153,dewpoint,519.2,33.587
2016-03-21,25.24,34.28,17.44,23.42,0.0,3.24,24.41,96.52,19.91,1.74,JAI,26.91,75.79,arid,NASA_POWER_daily_ag,7.382,10.572,0.6926,dewpoint,503.2,33.758
2016-03-22,23.64,33.6,15.19,20.67,0.0,3.08,26.64,96.5,9.73,-2.93,JAI,26.91,75.79,arid,NASA_POWER_daily_ag,7.25,10.75,0.4922,dewpoint,505.3,33.927
2016-03-23,26.29,37.07,15.35,13.12,0.0,2.05,26.34,96.44,14.96,-5.35,JAI,26.91,75.79,arid,NASA_POWER_daily_ag,6.515,10.128,0.4101,dewpoint,511.7,34.095
2016-03-24,27.87,38.55,18.29,11.85,0.0,1.89,25.74,96.6,13.59,-5.51,JAI,26.91,75.79,arid,NASA_POWER_daily_ag,6.427,9.732,0.4051,dewpoint,494.6,34.261
2016-03-25,27.54,36.73,18.43,14.23,0.0,1.9,21.12,96.62,67.18,-2.91,JAI,26.91,75.79,arid,NASA_POWER_daily_ag,6.107,9.049,0.4929,dewpoint,492.5,34.426
2016-03-26,25.88,32.48,20.47,26.6,0.0,3.0,15.92,96.71,77.21,4.63,JAI,26.91,75.79,arid,NASA_POWER_daily_ag,6.469,8.348,0.85,dewpoint,482.9,34.589
2016-03-27,25.02,34.26,18.86,19.29,0.0,2.97,24.59,96.7,33.53,-1.84,JAI,26.91,75.79,arid,NASA_POWER_daily_ag,7.293,10.365,0.5337,dewpoint,484.0,34.749
2016-03-28,25.41,35.39,15.94,17.59,0.0,1.88,25.74,96.69,35.57,-2.45,JAI,26.91,75.79,arid,NASA_POWER_daily_ag,6.181,10.752,0.5101,dewpoint,485.0,34.909
2016-03-29,27.35,36.76,19.16,15.99,0.0,1.81,25.68,96.59,26.65,-1.71,JAI,26.91,75.79,arid,NASA_POWER_daily_ag,6.327,10.632,0.5388,dewpoint,495.7,35.066
2016-03-30,29.38,38.24,19.36,17.72,0.0,1.63,22.64,96.55,53.58,0.96,JAI,26.91,75.79,arid,NASA_POWER_daily_ag,6.08,10.073,0.6548,dewpoint,500.0,35.221
2016-03-31,29.75,39.03,20.69,14.2,0.0,1.76,24.08,96.34,45.72,-1.78,JAI,26.91,75.79,arid,NASA_POWER_daily_ag,6.446,10.067,0.5361,dewpoint,522.4,35.374
2016-04-01,30.77,39.96,21.86,14.46,0.0,1.99,25.19,96.13,19.38,0.02,JAI,26.91,75.79,arid,NASA_POWER_daily_ag,7.032,10.577,0.6117,dewpoint,544.8,35.526
2016-04-02,32.32,41.26,22.78,21.34,0.0,1.83,24.2,96.23,47.83,6.76,JAI,26.91,75.79,arid,NASA_POWER_daily_ag,6.871,11.294,0.9855,dewpoint,534.1,35.675
2016-04-03,32.9,41.37,26.5,21.76,0.0,2.86,20.85,96.31,86.83,6.94,JAI,26.91,75.79,arid,NASA_POWER_daily_ag,8.135,10.07,0.9977,dewpoint,525.6,35.822
2016-04-04,29.56,37.54,23.42,24.22,0.0,2.4,22.66,96.23,51.69,6.42,JAI,26.91,75.79,arid,NASA_POWER_daily_ag,7.093,10.94,0.9627,dewpoint,534.1,35.967
2016-04-05,30.18,38.34,21.91,27.05,0.0,1.87,25.09,96.12,25.57,8.17,JAI,26.91,75.79,arid,NASA_POWER_daily_ag,6.73,12.178,1.0853,dewpoint,545.9,36.11
2016-04-06,30.17,37.86,22.9,21.65,0.0,3.0,23.15,96.16,70.13,5.27,JAI,26.91,75.79,arid,NASA_POWER_daily_ag,8.108,11.021,0.8889,dewpoint,541.6,36.251
2016-04-07,28.94,35.91,21.96,23.44,0.0,2.87,25.17,96.25,47.02,5.52,JAI,26.91,75.79,arid,NASA_POWER_daily_ag,7.88,11.944,0.9045,dewpoint,532.0,36.389
2016-04-08,29.59,37.6,20.75,19.96,0.0,1.77,27.13,96.26,16.56,3.12,JAI,26.91,75.79,arid,NASA_POWER_daily_ag,6.827,12.218,0.7642,dewpoint,530.9,36.526
2016-04-09,29.43,38.05,19.91,14.95,0.0,2.13,25.89,96.27,32.32,-0.62,JAI,26.91,75.79,arid,NASA_POWER_daily_ag,7.26,11.286,0.5838,dewpoint,529.9,36.66
2016-04-10,29.17,36.98,22.27,21.29,0.0,1.72,23.2,96.32,56.82,4.01,JAI,26.91,75.79,arid,NASA_POWER_daily_ag,6.312,11.064,0.8138,dewpoint,524.5,36.792
2016-04-11,28.33,35.86,20.68,25.05,0.0,3.23,26.8,96.37,28.43,5.83,JAI,26.91,75.79,arid,NASA_POWER_daily_ag,8.317,12.801,0.9242,dewpoint,519.2,36.921
2016-04-12,27.74,35.13,20.86,24.51,0.0,3.88,27.63,96.3,13.36,4.57,JAI,26.91,75.79,arid,NASA_POWER_daily_ag,8.987,12.953,0.8465,dewpoint,526.7,37.048
2016-04-13,29.85,38.75,20.08,19.3,0.0,3.61,28.51,96.0,18.53,2.6,JAI,26.91,75.79,arid,NASA_POWER_daily_ag,9.474,12.773,0.7365,dewpoint,558.8,37.173
2016-04-14,31.83,40.69,22.11,18.17,0.0,2.97,26.77,95.94,14.08,3.94,JAI,26.91,75.79,arid,NASA_POWER_daily_ag,8.898,12.235,0.8098,dewpoint,565.2,37.296
2016-04-15,32.41,40.3,24.46,18.45,0.0,3.57,26.36,96.05,51.49,4.57,JAI,26.91,75.79,arid,NASA_POWER_daily_ag,9.769,12.145,0.8465,dewpoint,553.4,37.416
2016-04-16,33.2,41.67,24.83,20.3,0.0,3.04,26.69,95.92,60.74,6.67,JAI,26.91,75.79,arid,NASA_POWER_daily_ag,9.175,12.585,0.9794,dewpoint,567.3,37.534
2016-04-17,32.45,39.01,25.34,26.8,0.0,3.52,21.81,95.86,68.14,10.35,JAI,26.91,75.79,arid,NASA_POWER_daily_ag,8.878,11.497,1.2571,dewpoint,573.8,37.65
2016-04-18,31.08,38.47,23.86,22.47,0.0,3.08,25.83,96.07,32.75,5.27,JAI,26.91,75.79,arid,NASA_POWER_daily_ag,8.774,12.311,0.8889,dewpoint,551.3,37.763
2016-04-19,31.05,38.44,24.43,24.06,0.0,2.94,25.44,96.16,62.63,7.63,JAI,26.91,75.79,arid,NASA_POWER_daily_ag,8.433,12.574,1.046,dewpoint,541.6,37.874
2016-04-20,31.22,38.83,24.97,21.01,0.0,3.21,25.89,96.27,62.46,5.01,JAI,26.91,75.79,arid,NASA_POWER_daily_ag,8.994,12.274,0.8729,dewpoint,529.9,37.982
2016-04-21,31.72,39.83,23.53,19.92,0.0,2.75,28.32,96.0,18.35,4.74,JAI,26.91,75.79,arid,NASA_POWER_daily_ag,8.759,13.139,0.8566,dewpoint,558.8,38.089
2016-04-22,31.76,39.66,24.22,18.51,0.0,3.89,27.77,95.69,12.44,4.47,JAI,26.91,75.79,arid,NASA_POWER_daily_ag,10.194,12.912,0.8406,dewpoint,592.0,38.192
2016-04-23,29.44,37.85,21.26,9.44,0.0,2.86,29.2,95.74,15.42,-8.06,JAI,26.91,75.79,arid,NASA_POWER_daily_ag,8.78,11.748,0.3328,dewpoint,586.6,38.294
2016-04-24,30.3,39.3,21.51,6.47,0.0,1.73,27.89,95.73,35.34,-9.83,JAI,26.91,75.79,arid,NASA_POWER_daily_ag,6.992,11.092,0.2896,dewpoint,587.7,38.393
2016-04-25,31.4,39.85,22.63,10.68,0.0,1.72,25.95,95.89,53.35,-3.33,JAI,26.91,75.79,arid,NASA_POWER_daily_ag,7.008,11.284,0.4777,dewpoint,570.6,38.49
2016-04-26,32.45,39.79,24.59,14.19,0.0,1.34,22.72,96.14,66.58,1.24,JAI,26.91,75.79,arid,NASA_POWER_daily_ag,6.177,10.79,0.6682,dewpoint,543.8,38.584
2016-04-27,32.62,41.24,24.02,11.87,0.0,2.04,24.57,96.04,32.59,-1.67,JAI,26.91,75.79,arid,NASA_POWER_daily_ag,7.59,10.986,0.5404,dewpoint,554.5,38.677
2016-04-28,32.87,41.68,23.74,10.56,0.0,1.99,26.81,95.99,30.2,-2.85,JAI,26.91,75.79,arid,NASA_POWER_daily_ag,7.74,11.513,0.4951,dewpoint,559.8,38.766
2016-04-29,33.62,42.56,25.14,11.44,0.0,2.28,26.79,96.0,28.64,-1.32,JAI,26.91,75.79,arid,NASA_POWER_daily_ag,8.332,11.622,0.5546,dewpoint,558.8,38.854
2016-04-30,33.4,42.98,24.19,9.83,0.0,2.61,28.25,95.97,10.86,-3.27,JAI,26.91,75.79,arid,NASA_POWER_daily_ag,8.99,11.817,0.4798,dewpoint,562.0,38.939
2016-05-01,34.58,43.45,26.16,10.36,0.0,2.62,27.0,95.83,13.07,-1.6,JAI,26.91,75.79,arid,NASA_POWER_daily_ag,9.078,11.592,0.5432,dewpoint,577.0,39.022
2016-05-02,34.58,43.38,26.2,16.38,0.01,3.07,20.81,95.82,65.46,4.8,JAI,26.91,75.79,arid,NASA_POWER_daily_ag,9.1,10.499,0.8602,dewpoint,578.1,39.103
2016-05-03,33.81,41.26,27.44,19.4,0.28,2.13,25.94,95.91,23.07,6.33,JAI,26.91,75.79,arid,NASA_POWER_daily_ag,7.999,12.617,0.9567,dewpoint,568.4,39.182
2016-05-04,33.58,40.89,26.16,20.97,0.02,3.67,27.51,95.88,15.23,7.49,JAI,26.91,75.79,arid,NASA_POWER_daily_ag,10.282,13.512,1.0361,dewpoint,571.6,39.258
2016-05-05,32.66,38.22,26.67,25.19,2.44,1.94,24.97,96.05,52.45,9.77,JAI,26.91,75.79,arid,NASA_POWER_daily_ag,7.394,13.038,1.2092,dewpoint,553.4,39.332
2016-05-06,31.5,37.06,24.4,32.24,0.37,1.76,25.04,96.06,34.88,11.98,JAI,26.91,75.79,arid,NASA_POWER_daily_ag,6.932,13.601,1.4007,dewpoint,552.3,39.404
2016-05-07,32.36,39.51,25.12,27.11,0.0,1.56,25.57,96.04,25.76,10.11,JAI,26.91,75.79,arid,NASA_POWER_daily_ag,6.882,13.382,1.237,dewpoint,554.5,39.474
2016-05-08,34.29,42.24,26.19,21.61,0.0,2.25,25.43,96.03,33.03,8.14,JAI,26.91,75.79,arid,NASA_POWER_daily_ag,8.21,12.83,1.083,dewpoint,555.5,39.542
2016-05-09,35.48,43.26,27.96,19.25,0.0,1.76,26.09,95.99,40.17,7.59,JAI,26.91,75.79,arid,NASA_POWER_daily_ag,7.67,12.879,1.0432,dewpoint,559.8,39.608
2016-05-10,35.25,42.77,27.41,22.28,0.1,2.17,22.15,96.02,68.27,9.37,JAI,26.91,75.79,arid,NASA_POWER_daily_ag,7.831,11.704,1.1771,dewpoint,556.6,39.671
2016-05-11,35.34,42.73,28.22,20.1,0.42,1.56,25.2,95.98,57.67,8.32,JAI,26.91,75.79,arid,NASA_POWER_daily_ag,7.218,12.715,1.0964,dewpoint,560.9,39.733
2016-05-12,35.25,42.52,27.57,20.62,0.82,2.79,26.94,95.73,41.36,8.48,JAI,26.91,75.79,arid,NASA_POWER_daily_ag,9.374,13.477,1.1083,dewpoint,587.7,39.792
2016-05-13,35.83,43.4,28.13,20.34,0.15,3.37,27.53,95.7,31.13,8.9,JAI,26.91,75.79,arid,NASA_POWER_daily_ag,10.389,13.734,1.1403,dewpoint,590.9,39.849
2016-05-14,36.66,43.68,29.0,19.32,0.02,3.04,23.54,95.82,48.22,9.15,JAI,26.91,75.79,arid,NASA_POWER_daily_ag,9.63,12.183,1.1597,dewpoint,578.1,39.905
2016-05-15,37.46,44.18,30.7,18.78,0.0,2.07,23.33,95.82,53.13,9.14,JAI,26.91,75.79,arid,NASA_POWER_daily_ag,8.15,12.031,1.159,dewpoint,578.1,39.958
2016-05-16,37.7,44.31,30.69,18.61,0.0,1.98,18.48,95.63,68.04,9.32,JAI,26.91,75.79,arid,NASA_POWER_daily_ag,7.436,10.189,1.1731,dewpoint,598.5,40.01
2016-05-17,36.98,44.48,29.41,16.23,1.84,3.51,29.1,95.51,23.57,5.79,JAI,26.91,75.79,arid,NASA_POWER_daily_ag,11.152,13.645,0.9216,dewpoint,611.4,40.059
2016-05-18,38.12,46.01,29.6,13.7,0.0,2.44,29.47,95.38,17.54,4.56,JAI,26.91,75.79,arid,NASA_POWER_daily_ag,9.621,13.444,0.8459,dewpoint,625.4,40.107
2016-05-19,38.11,46.64,28.87,13.39,0.0,2.14,28.56,95.28,41.92,4.36,JAI,26.91,75.79,arid,NASA_POWER_daily_ag,8.974,13.113,0.8341,dewpoint,636.1,40.153
2016-05-20,38.0,46.51,29.05,14.49,0.0,3.15,27.72,95.17,41.25,5.35,JAI,26.91,75.79,arid,NASA_POWER_daily_ag,10.648,13.024,0.8939,dewpoint,648.0,40.197
2016-05-21,37.32,44.93,29.82,22.27,0.02,4.6,27.34,95.21,28.67,11.73,JAI,26.91,75.79,arid,NASA_POWER_daily_ag,12.252,14.201,1.3778,dewpoint,643.7,40.239
2016-05-22,37.7,45.29,30.33,27.96,0.0,5.3,28.0,95.34,25.91,15.02,JAI,26.91,75.79,arid,NASA_POWER_daily_ag,12.946,15.197,1.7075,dewpoint,629.7,40.279
2016-05-23,36.12,42.3,29.68,36.54,0.14,4.46,27.79,95.5,27.98,18.14,JAI,26.91,75.79,arid,NASA_POWER_daily_ag,10.982,16.004,2.0822,dewpoint,612.4,40.318
2016-05-24,35.25,40.69,30.45,29.79,1.47,4.67,25.52,95.52,28.21,14.35,JAI,26.91,75.79,arid,NASA_POWER_daily_ag,11.136,14.12,1.6353,dewpoint,610.3,40.355
2016-05-25,35.16,41.39,29.7,30.29,0.01,5.93,25.0,95.36,43.07,14.41,JAI,26.91,75.79,arid,NASA_POWER_daily_ag,12.298,13.904,1.6416,dewpoint,627.5,40.39
2016-05-26,35.41,41.74,29.08,31.62,0.23,6.09,26.97,95.5,15.04,15.24,JAI,26.91,75.79,arid,NASA_POWER_daily_ag,12.649,14.994,1.7319,dewpoint,612.4,40.423
2016-05-27,35.53,41.91,29.76,33.72,0.08,5.19,27.59,95.69,22.78,16.32,JAI,26.91,75.79,arid,NASA_POWER_daily_ag,11.737,15.503,1.8558,dewpoint,592.0,40.455
2016-05-28,35.25,40.87,30.11,34.86,0.09,5.34,27.52,95.63,29.66,16.83,JAI,26.91,75.79,arid,NASA_POWER_daily_ag,11.663,15.624,1.917,dewpoint,598.5,40.485
2016-05-29,35.74,41.33,30.08,31.71,0.5,4.1,27.05,95.54,25.86,15.86,JAI,26.91,75.79,arid,NASA_POWER_daily_ag,10.698,15.168,1.8021,dewpoint,608.1,40.513
2016-05-30,34.39,39.8,29.45,36.22,2.51,2.64,25.04,95.63,33.44,16.74,JAI,26.91,75.79,arid,NASA_POWER_daily_ag,8.324,14.468,1.906,dewpoint,598.5,40.54
2016-05-31,34.37,41.22,27.32,33.86,0.14,3.36,27.0,95.8,14.28,15.28,JAI,26.91,75.79,arid,NASA_POWER_daily_ag,9.532,15.12,1.7363,dewpoint,580.2,40.565
2016-06-01,34.99,42.14,27.51,28.04,0.0,3.53,27.5,95.87,15.1,13.09,JAI,26.91,75.79,arid,NASA_POWER_daily_ag,10.17,14.839,1.5066,dewpoint,572.7,40.589
2016-06-02,36.07,42.95,28.9,26.56,0.0,3.19,26.06,95.79,38.63,13.3,JAI,26.91,75.79,arid,NASA_POWER_daily_ag,9.819,14.164,1.5274,dewpoint,581.3,40.611
2016-06-03,36.35,43.3,29.67,23.53,0.0,3.74,27.44,95.82,28.98,11.57,JAI,26.91,75.79,arid,NASA_POWER_daily_ag,10.913,14.368,1.3633,dewpoint,578.1,40.631
2016-06-04,37.1,44.24,29.96,19.43,0.0,3.32,28.63,95.79,14.12,9.04,JAI,26.91,75.79,arid,NASA_POWER_daily_ag,10.785,14.274,1.1512,dewpoint,581.3,40.65
2016-06-05,37.65,44.96,29.6,15.21,0.0,2.86,29.6,95.71,15.77,6.2,JAI,26.91,75.79,arid,NASA_POWER_daily_ag,10.351,14.043,0.9481,dewpoint,589.9,40.668
2016-06-06,38.36,45.36,30.86,15.4,0.01,1.31,28.18,95.6,31.21,6.9,JAI,26.91,75.79,arid,NASA_POWER_daily_ag,7.465,13.584,0.995,dewpoint,601.7,40.684
2016-06-07,38.11,45.32,30.81,16.73,0.02,2.26,27.79,95.55,42.68,7.42,JAI,26.91,75.79,arid,NASA_POWER_daily_ag,9.167,13.551,1.0311,dewpoint,607.1,40.698
2016-06-08,38.08,45.58,30.25,16.77,0.17,2.37,26.89,95.44,44.37,7.89,JAI,26.91,75.79,arid,NASA_POWER_daily_ag,9.25,13.32,1.0648,dewpoint,618.9,40.711
2016-06-09,37.06,43.84,29.13,21.87,0.15,3.49,28.02,95.38,18.9,11.31,JAI,26.91,75.79,arid,NASA_POWER_daily_ag,10.851,14.589,1.34,dewpoint,625.4,40.723
2016-06-10,36.92,43.44,30.53,28.36,0.03,4.16,26.89,95.42,26.73,14.86,JAI,26.91,75.79,arid,NASA_POWER_daily_ag,11.247,14.82,1.69,dewpoint,621.0,40.733
2016-06-11,36.93,42.96,30.73,32.45,1.6,3.01,24.53,95.46,47.52,17.2,JAI,26.91,75.79,arid,NASA_POWER_daily_ag,9.283,14.211,1.9624,dewpoint,616.7,40.742
2016-06-12,35.04,39.81,31.1,40.75,4.14,2.82,23.86,95.51,51.2,19.46,JAI,26.91,75.79,arid,NASA_POWER_daily_ag,8.253,14.411,2.2613,dewpoint,611.4,40.749
2016-06-13,34.88,39.5,31.02,40.34,0.76,4.41,23.46,95.49,52.63,19.07,JAI,26.91,75.79,arid,NASA_POWER_daily_ag,9.725,14.139,2.207,dewpoint,613.5,40.755
2016-06-14,34.29,39.16,29.87,39.62,0.13,4.56,24.48,95.43,48.79,18.19,JAI,26.91,75.79,arid,NASA_POWER_daily_ag,9.934,14.528,2.0888,dewpoint,620.0,40.76
2016-06-15,34.96,40.8,29.93,38.3,0.0,4.62,26.09,95.25,24.82,17.89,JAI,26.91,75.79,arid,NASA_POWER_daily_ag,10.512,15.227,2.0498,dewpoint,639.4,40.763
2016-06-16,35.76,41.08,29.89,33.41,0.0,2.58,25.11,95.29,32.22,16.75,JAI,26.91,75.79,arid,NASA_POWER_daily_ag,8.592,14.495,1.9072,dewpoint,635.0,40.764
2016-06-17,37.15,42.67,31.38,29.75,1.24,2.69,23.47,95.38,46.1,16.14,JAI,26.91,75.79,arid,NASA_POWER_daily_ag,8.846,13.494,1.8346,dewpoint,625.4,40.765
2016-06-18,37.02,42.44,31.24,29.33,0.25,1.65,20.36,95.48,74.8,15.64,JAI,26.91,75.79,arid,NASA_POWER_daily_ag,6.888,11.958,1.7769,dewpoint,614.6,40.764
2016-06-19,36.53,41.78,30.92,32.38,0.56,2.55,22.48,95.55,74.76,16.84,JAI,26.91,75.79,arid,NASA_POWER_daily_ag,8.336,13.181,1.9182,dewpoint,607.1,40.762
2016-06-20,35.68,40.13,31.54,42.35,3.29,2.79,23.63,95.46,61.37,20.49,JAI,26.91,75.79,arid,NASA_POWER_daily_ag,8.245,14.481,2.4102,dewpoint,616.7,40.758
2016-06-21,33.17,38.22,29.0,54.23,3.5,2.85,19.71,95.46,76.25,22.27,JAI,26.91,75.79,arid,NASA_POWER_daily_ag,6.717,12.744,2.6878,dewpoint,616.7,40.753
2016-06-22,32.74,37.42,28.32,54.44,3.04,1.97,20.74,95.62,86.92,21.77,JAI,26.91,75.79,arid,NASA_POWER_daily_ag,6.17,13.262,2.6071,dewpoint,599.5,40.747
2016-06-23,34.28,39.79,28.45,47.63,0.07,3.24,21.31,95.57,76.87,20.82,JAI,26.91,75.79,arid,NASA_POWER_daily_ag,7.867,13.367,2.4596,dewpoint,604.9,40.739
2016-06-24,35.46,40.8,30.07,41.53,1.09,4.19,18.33,95.39,81.57,19.9,JAI,26.91,75.79,arid,NASA_POWER_daily_ag,8.851,11.595,2.3238,dewpoint,624.3,40.73
2016-06-25,35.78,41.5,29.58,42.1,1.89,2.49,19.78,95.49,75.85,20.05,JAI,26.91,75.79,arid,NASA_POWER_daily_ag,7.394,12.371,2.3455,dewpoint,613.5,40.72
2016-06-26,35.08,40.95,29.91,44.79,2.82,1.51,21.1,95.51,68.39,20.42,JAI,26.91,75.79,arid,NASA_POWER_daily_ag,6.326,13.132,2.3998,dewpoint,611.4,40.708
2016-06-27,34.62,39.41,30.36,47.8,4.05,1.32,18.66,95.43,82.21,21.44,JAI,26.91,75.79,arid,NASA_POWER_daily_ag,5.582,11.995,2.555,dewpoint,620.0,40.695
2016-06-28,33.63,38.34,29.62,53.28,2.39,1.69,19.94,95.52,86.77,22.44,JAI,26.91,75.79,arid,NASA_POWER_daily_ag,5.921,12.88,2.7157,dewpoint,610.3,40.68
2016-06-29,34.12,39.44,29.48,50.5,0.85,2.9,23.81,95.57,51.07,21.97,JAI,26.91,75.79,arid,NASA_POWER_daily_ag,7.738,14.932,2.6391,dewpoint,604.9,40.665
2016-06-30,36.14,41.73,30.3,44.03,1.31,1.87,22.57,95.35,44.31,21.31,JAI,26.91,75.79,arid,NASA_POWER_daily_ag,7.115,14.051,2.5348,dewpoint,628.6,40.647
2016-07-01,32.51,35.66,29.25,64.28,37.08,3.46,12.22,95.21,87.0,24.66,JAI,26.91,75.79,arid,NASA_POWER_daily_ag,5.155,8.681,3.1042,dewpoint,643.7,40.629
2016-07-02,31.07,35.13,27.79,68.62,12.04,2.34,19.66,95.21,90.58,24.28,JAI,26.91,75.79,arid,NASA_POWER_daily_ag,5.446,13.08,3.0344,dewpoint,643.7,40.609
2016-07-03,30.25,34.76,26.6,72.25,13.52,2.13,13.26,95.3,92.92,24.35,JAI,26.91,75.79,arid,NASA_POWER_daily_ag,4.044,9.297,3.0472,dewpoint,634.0,40.587
2016-07-04,31.28,35.95,26.86,65.11,0.11,2.51,23.28,95.22,78.69,23.47,JAI,26.91,75.79,arid,NASA_POWER_daily_ag,6.319,15.058,2.8903,dewpoint,642.6,40.565
2016-07-05,33.15,39.08,27.9,55.54,0.41,4.19,24.17,95.18,69.94,22.5,JAI,26.91,75.79,arid,NASA_POWER_daily_ag,8.228,15.277,2.7256,dewpoint,646.9,40.54
2016-07-06,34.23,39.99,28.95,52.16,0.2,3.34,22.53,95.19,69.14,22.46,JAI,26.91,75.79,arid,NASA_POWER_daily_ag,7.824,14.303,2.719,dewpoint,645.8,40.515
2016-07-07,33.76,39.2,28.59,50.74,0.17,3.14,22.27,95.31,78.08,21.52,JAI,26.91,75.79,arid,NASA_POWER_daily_ag,7.639,13.998,2.5676,dewpoint,632.9,40.488
2016-07-08,33.28,38.34,27.92,53.85,1.22,3.1,20.5,95.25,77.75,22.26,JAI,26.91,75.79,arid,NASA_POWER_daily_ag,7.055,13.172,2.6861,dewpoint,639.4,40.459
2016-07-09,33.31,39.26,28.33,53.79,3.11,1.65,21.57,95.16,69.4,21.85,JAI,26.91,75.79,arid,NASA_POWER_daily_ag,6.137,13.671,2.6199,dewpoint,649.1,40.429
2016-07-10,32.06,36.88,27.89,61.46,11.73,2.42,20.55,95.17,79.78,23.25,JAI,26.91,75.79,arid,NASA_POWER_daily_ag,6.077,13.386,2.8522,dewpoint,648.0,40.398
2016-07-11,31.61,36.78,26.86,61.0,3.21,1.63,14.8,95.24,91.86,22.64,JAI,26.91,75.79,arid,NASA_POWER_daily_ag,4.581,10.026,2.7488,dewpoint,640.4,40.365
2016-07-12,31.12,35.54,27.86,63.91,6.11,1.83,9.55,95.33,98.03,23.15,JAI,26.91,75.79,arid,NASA_POWER_daily_ag,3.664,7.048,2.835,dewpoint,630.7,40.33
2016-07-13,30.81,34.23,26.76,68.94,7.01,0.97,16.31,95.35,91.25,24.2,JAI,26.91,75.79,arid,NASA_POWER_daily_ag,4.16,11.08,3.0199,dewpoint,628.6,40.294
2016-07-14,30.28,33.97,27.18,69.55,3.45,2.28,14.68,95.35,96.65,23.89,JAI,26.91,75.79,arid,NASA_POWER_daily_ag,4.434,10.082,2.9643,dewpoint,628.6,40.256
2016-07-15,29.29,33.38,26.44,74.19,6.46,3.02,5.4,95.43,99.21,23.97,JAI,26.91,75.79,arid,NASA_POWER_daily_ag,2.935,4.615,2.9785,dewpoint,620.0,40.217
2016-07-16,26.75,29.14,24.97,85.73,57.04,3.08,3.79,95.54,99.46,24.13,JAI,26.91,75.79,arid,NASA_POWER_daily_ag,1.791,3.627,3.0073,dewpoint,608.1,40.176
2016-07-17,27.46,31.56,24.08,79.7,15.43,3.49,12.86,95.69,96.66,23.45,JAI,26.91,75.79,arid,NASA_POWER_daily_ag,3.688,9.006,2.8868,dewpoint,592.0,40.134
2016-07-18,28.45,33.04,24.1,75.27,3.63,3.38,22.46,95.67,45.36,23.37,JAI,26.91,75.79,arid,NASA_POWER_daily_ag,5.495,14.608,2.8729,dewpoint,594.2,40.09
2016-07-19,29.14,33.93,24.53,71.16,0.59,3.35,22.74,95.62,46.62,23.06,JAI,26.91,75.79,arid,NASA_POWER_daily_ag,5.878,14.684,2.8196,dewpoint,599.5,40.044
2016-07-20,30.09,35.74,24.78,67.11,0.1,3.19,24.3,95.61,29.41,22.89,JAI,26.91,75.79,arid,NASA_POWER_daily_ag,6.456,15.502,2.7908,dewpoint,600.6,39.997
2016-07-21,30.72,36.95,25.74,63.52,0.01,2.77,25.55,95.55,51.69,22.47,JAI,26.91,75.79,arid,NASA_POWER_daily_ag,6.763,16.066,2.7206,dewpoint,607.1,39.948
2016-07-22,30.82,37.1,25.41,63.52,0.0,2.81,24.46,95.46,42.89,22.56,JAI,26.91,75.79,arid,NASA_POWER_daily_ag,6.631,15.468,2.7355,dewpoint,616.7,39.897
2016-07-23,30.37,35.79,25.51,64.32,0.0,1.65,20.43,95.59,66.31,22.15,JAI,26.91,75.79,arid,NASA_POWER_daily_ag,5.319,13.131,2.6682,dewpoint,602.8,39.844
2016-07-24,29.38,34.52,24.88,70.2,8.85,1.46,16.79,95.74,87.88,22.85,JAI,26.91,75.79,arid,NASA_POWER_daily_ag,4.344,11.179,2.784,dewpoint,586.6,39.79
2016-07-25,29.98,34.92,24.94,70.72,2.27,1.28,20.66,95.71,66.82,23.51,JAI,26.91,75.79,arid,NASA_POWER_daily_ag,4.974,13.5,2.8973,dewpoint,589.9,39.734
2016-07-26,28.59,32.1,26.08,78.66,1.27,1.39,15.78,95.76,78.97,24.35,JAI,26.91,75.79,arid,NASA_POWER_daily_ag,3.819,10.761,3.0472,dewpoint,584.5,39.676
2016-07-27,27.1,29.19,25.22,85.91,6.95,1.95,14.67,95.82,96.24,24.44,JAI,26.91,75.79,arid,NASA_POWER_daily_ag,3.365,10.134,3.0636,dewpoint,578.1,39.616
2016-07-28,26.68,29.25,24.29,80.8,25.41,0.53,8.63,95.73,99.17,22.95,JAI,26.91,75.79,arid,NASA_POWER_daily_ag,2.192,6.491,2.801,dewpoint,587.7,39.555
2016-07-29,27.55,31.51,24.08,82.08,28.39,1.31,13.01,95.59,99.2,24.06,JAI,26.91,75.79,arid,NASA_POWER_daily_ag,3.159,9.099,2.9947,dewpoint,602.8,39.491
2016-07-30,28.03,30.79,25.22,79.61,9.42,0.83,18.67,95.59,94.52,24.05,JAI,26.91,75.79,arid,NASA_POWER_daily_ag,4.122,12.446,2.9929,dewpoint,602.8,39.426
2016-07-31,28.01,31.57,24.5,78.8,5.18,1.52,18.26,95.56,91.58,23.78,JAI,26.91,75.79,arid,NASA_POWER_daily_ag,4.215,12.159,2.9447,dewpoint,606.0,39.359
2016-08-01,28.74,33.11,24.66,79.46,9.23,2.1,18.1,95.36,81.78,24.56,JAI,26.91,75.79,arid,NASA_POWER_daily_ag,4.372,12.148,3.0857,dewpoint,627.5,39.29
2016-08-02,27.63,30.97,25.31,84.01,24.56,1.29,8.75,95.22,95.54,24.53,JAI,26.91,75.79,arid,NASA_POWER_daily_ag,2.377,6.567,3.0802,dewpoint,642.6,39.219
2016-08-03,27.38,30.73,24.29,84.14,12.8,1.99,19.53,95.27,82.28,24.32,JAI,26.91,75.79,arid,NASA_POWER_daily_ag,4.252,12.99,3.0417,dewpoint,637.2,39.146
2016-08-04,27.61,30.61,25.34,85.74,14.0,2.59,15.31,95.34,91.93,24.89,JAI,26.91,75.79,arid,NASA_POWER_daily_ag,3.568,10.518,3.1471,dewpoint,629.7,39.071
2016-08-05,28.47,32.76,25.06,81.45,1.26,2.87,19.15,95.4,79.19,24.72,JAI,26.91,75.79,arid,NASA_POWER_daily_ag,4.541,12.773,3.1153,dewpoint,623.2,38.993
2016-08-06,28.26,32.03,24.73,82.19,0.51,2.87,22.6,95.42,53.8,24.73,JAI,26.91,75.79,arid,NASA_POWER_daily_ag,5.003,14.847,3.1172,dewpoint,621.0,38.914
2016-08-07,28.01,31.39,25.3,84.29,4.66,2.15,18.71,95.48,81.58,24.94,JAI,26.91,75.79,arid,NASA_POWER_daily_ag,4.188,12.545,3.1565,dewpoint,614.6,38.833
2016-08-08,28.18,31.83,24.88,83.68,24.23,1.61,9.3,95.45,98.65,24.98,JAI,26.91,75.79,arid,NASA_POWER_daily_ag,2.573,6.884,3.164,dewpoint,617.8,38.75
2016-08-09,27.82,31.12,24.59,84.38,10.79,1.79,15.16,95.27,94.29,24.83,JAI,26.91,75.79,arid,NASA_POWER_daily_ag,3.532,10.397,3.1358,dewpoint,637.2,38.665
2016-08-10,28.03,32.03,24.66,82.79,15.17,1.56,11.5,95.33,99.53,24.63,JAI,26.91,75.79,arid,NASA_POWER_daily_ag,2.958,8.181,3.0986,dewpoint,630.7,38.578
2016-08-11,25.87,27.32,24.73,92.97,14.83,3.5,5.58,95.52,99.69,24.65,JAI,26.91,75.79,arid,NASA_POWER_daily_ag,1.574,4.639,3.1023,dewpoint,610.3,38.488
2016-08-12,27.09,31.17,23.93,84.89,3.62,2.22,17.3,95.72,72.58,24.17,JAI,26.91,75.79,arid,NASA_POWER_daily_ag,3.834,11.577,3.0145,dewpoint,588.8,38.396
2016-08-13,27.6,32.55,23.87,82.1,12.78,3.15,18.58,95.64,87.46,24.04,JAI,26.91,75.79,arid,NASA_POWER_daily_ag,4.324,12.287,2.9911,dewpoint,597.4,38.303
2016-08-14,27.15,31.72,23.18,81.98,0.24,3.0,18.61,95.59,64.01,23.61,JAI,26.91,75.79,arid,NASA_POWER_daily_ag,4.257,12.254,2.9148,dewpoint,602.8,38.207
2016-08-15,27.26,32.83,22.69,79.51,0.0,3.48,22.35,95.51,41.83,23.11,JAI,26.91,75.79,arid,NASA_POWER_daily_ag,5.026,14.309,2.8282,dewpoint,611.4,38.109
2016-08-16,26.72,31.76,22.28,81.34,0.0,3.44,20.54,95.4,35.66,23.03,JAI,26.91,75.79,arid,NASA_POWER_daily_ag,4.568,13.272,2.8145,dewpoint,623.2,38.009
2016-08-17,27.02,32.43,22.18,79.85,2.21,2.62,19.77,95.44,59.51,22.95,JAI,26.91,75.79,arid,NASA_POWER_daily_ag,4.483,12.796,2.801,dewpoint,618.9,37.906
2016-08-18,26.39,30.48,22.83,78.31,2.38,2.38,7.94,95.53,99.8,22.08,JAI,26.91,75.79,arid,NASA_POWER_daily_ag,2.687,6.016,2.6569,dewpoint,609.2,37.802
2016-08-19,26.16,29.76,22.65,80.23,2.13,2.04,16.15,95.48,89.26,22.37,JAI,26.91,75.79,arid,NASA_POWER_daily_ag,3.704,10.667,2.7041,dewpoint,614.6,37.695
2016-08-20,27.49,32.06,24.03,80.22,1.19,3.62,14.36,95.37,92.18,23.57,JAI,26.91,75.79,arid,NASA_POWER_daily_ag,3.861,9.722,2.9078,dewpoint,626.4,37.586
2016-08-21,26.75,30.36,24.26,84.61,2.86,4.04,5.69,95.36,99.01,23.78,JAI,26.91,75.79,arid,NASA_POWER_daily_ag,2.336,4.705,2.9447,dewpoint,627.5,37.475
2016-08-22,26.42,30.07,23.79,87.47,2.24,3.73,13.91,95.54,86.21,24.08,JAI,26.91,75.79,arid,NASA_POWER_daily_ag,3.187,9.509,2.9983,dewpoint,608.1,37.362
2016-08-23,26.95,30.8,24.13,83.84,3.8,2.94,20.04,95.68,68.02,23.78,JAI,26.91,75.79,arid,NASA_POWER_daily_ag,4.319,13.019,2.9447,dewpoint,593.1,37.247
2016-08-24,26.46,30.24,23.67,86.05,13.13,2.04,12.62,95.55,86.09,23.82,JAI,26.91,75.79,arid,NASA_POWER_daily_ag,2.956,8.719,2.9518,dewpoint,607.1,37.129
2016-08-25,27.22,31.13,23.66,83.28,0.46,1.51,19.09,95.82,47.06,23.93,JAI,26.91,75.79,arid,NASA_POWER_daily_ag,4.094,12.469,2.9714,dewpoint,578.1,37.009
2016-08-26,27.57,31.42,23.53,80.52,2.15,1.27,22.81,95.94,39.02,23.72,JAI,26.91,75.79,arid,NASA_POWER_daily_ag,4.767,14.565,2.9341,dewpoint,565.2,36.887
2016-08-27,27.11,30.38,24.29,83.53,4.34,2.02,20.76,96.0,63.4,23.96,JAI,26.91,75.79,arid,NASA_POWER_daily_ag,4.365,13.419,2.9768,dewpoint,558.8,36.763
2016-08-28,26.11,28.42,24.27,89.87,13.66,1.84,13.1,96.03,90.72,24.26,JAI,26.91,75.79,arid,NASA_POWER_daily_ag,2.829,9.007,3.0308,dewpoint,555.5,36.637
2016-08-29,27.24,30.6,24.51,86.74,10.21,1.45,21.81,95.78,72.01,24.73,JAI,26.91,75.79,arid,NASA_POWER_daily_ag,4.435,14.154,3.1172,dewpoint,582.4,36.509
2016-08-30,27.66,31.07,24.4,82.28,6.31,1.04,17.96,95.64,81.27,24.22,JAI,26.91,75.79,arid,NASA_POWER_daily_ag,3.888,11.791,3.0235,dewpoint,597.4,36.378
2016-08-31,27.6,31.16,24.13,79.88,8.02,1.43,20.91,95.68,72.98,23.58,JAI,26.91,75.79,arid,NASA_POWER_daily_ag,4.479,13.368,2.9095,dewpoint,593.1,36.246
2016-09-01,26.91,30.97,23.03,79.35,3.59,1.98,14.69,95.73,87.4,22.77,JAI,26.91,75.79,arid,NASA_POWER_daily_ag,3.559,9.73,2.7706,dewpoint,587.7,36.111
2016-09-02,26.86,32.02,22.64,78.88,3.36,3.09,21.12,95.69,43.0,22.56,JAI,26.91,75.79,arid,NASA_POWER_daily_ag,4.721,13.265,2.7355,dewpoint,592.0,35.974
2016-09-03,26.25,31.6,22.13,79.27,0.19,3.61,24.08,95.71,38.01,22.02,JAI,26.91,75.79,arid,NASA_POWER_daily_ag,5.08,14.788,2.6472,dewpoint,589.9,35.835
2016-09-04,25.6,31.15,20.87,79.58,0.0,2.8,23.05,95.92,26.96,21.46,JAI,26.91,75.79,arid,NASA_POWER_daily_ag,4.735,14.117,2.5582,dewpoint,567.3,35.694
2016-09-05,25.4,31.07,20.77,79.32,0.0,3.0,22.87,95.97,23.47,21.24,JAI,26.91,75.79,arid,NASA_POWER_daily_ag,4.704,13.955,2.5239,dewpoint,562.0,35.551
2016-09-06,25.31,30.49,21.23,80.09,0.0,3.06,22.23,96.02,25.29,21.36,JAI,26.91,75.79,arid,NASA_POWER_daily_ag,4.561,13.617,2.5425,dewpoint,556.6,35.406
2016-09-07,25.55,31.3,20.82,77.97,0.0,2.86,21.47,96.0,30.09,21.06,JAI,26.91,75.79,arid,NASA_POWER_daily_ag,4.582,13.117,2.4962,dewpoint,558.8,35.26
2016-09-08,25.71,31.2,20.89,77.62,0.0,2.52,21.22,96.08,33.4,21.17,JAI,26.91,75.79,arid,NASA_POWER_daily_ag,4.519,12.983,2.5131,dewpoint,550.2,35.111
2016-09-09,26.28,32.39,21.0,74.71,0.0,2.59,22.27,96.17,18.63,20.92,JAI,26.91,75.79,arid,NASA_POWER_daily_ag,4.892,13.436,2.4748,dewpoint,540.6,34.96
2016-09-10,26.42,32.62,21.39,74.08,0.0,3.09,22.45,96.08,27.37,20.94,JAI,26.91,75.79,arid,NASA_POWER_daily_ag,5.067,13.497,2.4779,dewpoint,550.2,34.808
2016-09-11,26.37,33.01,20.92,70.97,0.0,2.69,22.23,95.99,34.11,20.17,JAI,26.91,75.79,arid,NASA_POWER_daily_ag,5.063,13.197,2.363,dewpoint,559.8,34.653
2016-09-12,26.58,33.22,20.37,70.2,0.0,1.97,23.12,96.02,20.95,20.08,JAI,26.91,75.79,arid,NASA_POWER_daily_ag,5.023,13.617,2.3499,dewpoint,556.6,34.497
2016-09-13,27.58,33.27,21.47,69.18,0.0,1.18,22.5,96.14,28.16,20.84,JAI,26.91,75.79,arid,NASA_POWER_daily_ag,4.771,13.406,2.4627,dewpoint,543.8,34.34
2016-09-14,28.07,34.05,22.82,66.55,0.0,1.59,19.7,96.14,32.98,20.61,JAI,26.91,75.79,arid,NASA_POWER_daily_ag,4.641,11.837,2.428,dewpoint,543.8,34.18
2016-09-15,28.42,34.42,22.57,63.22,0.0,1.28,21.81,96.04,19.92,20.16,JAI,26.91,75.79,arid,NASA_POWER_daily_ag,4.874,12.794,2.3615,dewpoint,554.5,34.019
2016-09-16,29.01,35.26,23.37,56.35,0.0,0.99,21.28,95.95,18.74,18.8,JAI,26.91,75.79,arid,NASA_POWER_daily_ag,4.723,12.178,2.1701,dewpoint,564.1,33.856
2016-09-17,28.71,35.85,23.21,53.39,0.0,1.3,22.42,95.85,18.12,17.57,JAI,26.91,75.79,arid,NASA_POWER_daily_ag,5.102,12.416,2.0088,dewpoint,574.8,33.692
2016-09-18,28.43,36.05,21.98,60.11,0.0,1.02,21.94,95.92,18.12,18.93,JAI,26.91,75.79,arid,NASA_POWER_daily_ag,4.738,12.476,2.1878,dewpoint,567.3,33.526
2016-09-19,29.04,35.7,23.13,61.27,0.0,0.78,21.13,95.88,29.8,19.96,JAI,26.91,75.79,arid,NASA_POWER_daily_ag,4.506,12.251,2.3325,dewpoint,571.6,33.359
2016-09-20,29.61,36.99,22.49,59.56,0.0,1.69,22.42,95.77,17.76,19.54,JAI,26.91,75.79,arid,NASA_POWER_daily_ag,5.432,12.739,2.2725,dewpoint,583.4,33.19
2016-09-21,29.6,37.32,22.34,58.01,0.0,1.55,22.56,95.95,29.07,19.19,JAI,26.91,75.79,arid,NASA_POWER_daily_ag,5.357,12.682,2.2236,dewpoint,564.1,33.02
2016-09-22,28.65,35.57,22.94,63.48,0.0,1.3,20.91,96.12,19.69,20.05,JAI,26.91,75.79,arid,NASA_POWER_daily_ag,4.732,12.076,2.3455,dewpoint,545.9,32.849
2016-09-23,28.0,34.49,22.28,67.87,11.27,0.99,20.33,95.93,33.73,20.65,JAI,26.91,75.79,arid,NASA_POWER_daily_ag,4.341,11.933,2.434,dewpoint,566.3,32.677
2016-09-24,27.31,33.1,22.19,71.03,12.08,1.14,20.6,95.8,30.45,20.98,JAI,26.91,75.79,arid,NASA_POWER_daily_ag,4.33,12.149,2.484,dewpoint,580.2,32.503
2016-09-25,27.48,34.14,21.68,66.88,0.09,1.15,21.58,95.89,20.35,20.06,JAI,26.91,75.79,arid,NASA_POWER_daily_ag,4.533,12.391,2.347,dewpoint,570.6,32.328
2016-09-26,27.97,34.76,21.4,60.65,0.0,0.95,21.54,96.05,13.96,18.7,JAI,26.91,75.79,arid,NASA_POWER_daily_ag,4.507,12.023,2.1566,dewpoint,553.4,32.153
2016-09-27,28.65,36.57,22.01,56.4,0.0,1.14,21.76,96.08,23.93,18.02,JAI,26.91,75.79,arid,NASA_POWER_daily_ag,4.759,11.859,2.0666,dewpoint,550.2,31.976
2016-09-28,28.98,36.75,22.18,53.56,0.0,1.41,22.17,95.99,9.72,17.47,JAI,26.91,75.79,arid,NASA_POWER_daily_ag,5.09,11.869,1.9962,dewpoint,559.8,31.798
2016-09-29,28.41,35.71,21.44,56.21,0.0,1.19,21.6,95.97,29.59,17.84,JAI,26.91,75.79,arid,NASA_POWER_daily_ag,4.736,11.718,2.0433,dewpoint,562.0,31.62
2016-09-30,28.44,35.23,22.57,59.31,0.02,1.01,20.23,96.0,19.91,18.95,JAI,26.91,75.79,arid,NASA_POWER_daily_ag,4.377,11.278,2.1905,dewpoint,558.8,31.441
2016-10-01,28.31,33.85,23.4,69.67,0.45,1.61,17.03,96.12,54.86,21.82,JAI,26.91,75.79,arid,NASA_POWER_daily_ag,4.078,10.26,2.6151,dewpoint,545.9,31.261
2016-10-02,28.3,32.51,24.8,72.19,0.88,1.63,16.6,96.31,77.62,22.5,JAI,26.91,75.79,arid,NASA_POWER_daily_ag,3.942,10.13,2.7256,dewpoint,525.6,31.08
2016-10-03,29.27,34.64,24.53,66.03,0.97,1.51,19.8,96.16,32.97,21.74,JAI,26.91,75.79,arid,NASA_POWER_daily_ag,4.605,11.539,2.6023,dewpoint,541.6,30.899
2016-10-04,28.82,33.35,24.85,70.26,8.55,0.62,17.9,96.01,62.91,22.5,JAI,26.91,75.79,arid,NASA_POWER_daily_ag,3.752,10.734,2.7256,dewpoint,557.7,30.718
2016-10-05,27.26,30.7,24.33,73.33,15.28,1.12,5.74,95.97,97.15,21.92,JAI,26.91,75.79,arid,NASA_POWER_daily_ag,2.002,4.495,2.6311,dewpoint,562.0,30.536
2016-10-06,27.19,32.46,22.95,67.06,2.03,0.94,15.19,96.12,69.11,19.91,JAI,26.91,75.79,arid,NASA_POWER_daily_ag,3.392,8.959,2.3253,dewpoint,545.9,30.354
2016-10-07,27.68,34.64,20.67,60.7,0.01,1.22,17.89,96.19,14.29,18.2,JAI,26.91,75.79,arid,NASA_POWER_daily_ag,4.076,9.884,2.0901,dewpoint,538.4,30.172
2016-10-08,28.46,35.4,23.26,49.23,0.0,1.34,19.07,96.16,15.52,16.07,JAI,26.91,75.79,arid,NASA_POWER_daily_ag,4.497,9.854,1.8264,dewpoint,541.6,29.989
2016-10-09,27.16,34.64,20.53,61.05,0.53,2.6,19.96,96.09,11.16,18.25,JAI,26.91,75.79,arid,NASA_POWER_daily_ag,5.049,10.74,2.0967,dewpoint,549.1,29.807
2016-10-10,26.44,33.6,21.23,60.5,0.04,2.45,20.37,96.11,21.07,17.17,JAI,26.91,75.79,arid,NASA_POWER_daily_ag,4.949,10.657,1.9587,dewpoint,547.0,29.624
2016-10-11,25.57,33.99,18.95,52.05,0.0,1.96,20.91,96.18,22.86,13.73,JAI,26.91,75.79,arid,NASA_POWER_daily_ag,4.819,10.16,1.5708,dewpoint,539.5,29.442
2016-10-12,24.88,33.65,17.86,51.78,0.0,2.41,21.29,96.16,10.39,12.94,JAI,26.91,75.79,arid,NASA_POWER_daily_ag,5.087,10.142,1.4919,dewpoint,541.6,29.26
2016-10-13,25.17,34.04,17.95,51.83,0.0,2.11,20.89,96.33,17.65,13.22,JAI,26.91,75.79,arid,NASA_POWER_daily_ag,4.862,9.975,1.5195,dewpoint,523.5,29.078
2016-10-14,25.25,34.19,17.77,49.28,0.0,2.04,20.68,96.4,22.01,12.71,JAI,26.91,75.79,arid,NASA_POWER_daily_ag,4.833,9.741,1.4696,dewpoint,516.0,28.897
2016-10-15,25.98,34.18,18.6,42.04,0.0,1.48,20.66,96.47,9.99,10.9,JAI,26.91,75.79,arid,NASA_POWER_daily_ag,4.539,9.284,1.304,dewpoint,508.5,28.715
2016-10-16,26.21,34.15,20.15,41.85,0.0,1.36,19.79,96.57,19.85,11.45,JAI,26.91,75.79,arid,NASA_POWER_daily_ag,4.326,8.986,1.3525,dewpoint,497.8,28.535
2016-10-17,25.7,33.87,19.88,43.42,0.0,1.49,19.85,96.51,8.6,11.31,JAI,26.91,75.79,arid,NASA_POWER_daily_ag,4.377,8.948,1.34,dewpoint,504.2,28.355
2016-10-18,25.63,34.22,20.34,35.16,0.0,1.56,20.58,96.37,9.15,7.97,JAI,26.91,75.79,arid,NASA_POWER_daily_ag,4.572,8.442,1.0706,dewpoint,519.2,28.176
2016-10-19,24.93,34.39,17.63,40.21,0.0,1.81,20.55,96.29,5.03,9.17,JAI,26.91,75.79,arid,NASA_POWER_daily_ag,4.687,8.712,1.1613,dewpoint,527.7,27.997
2016-10-20,24.67,34.12,17.27,44.39,0.0,2.25,20.59,96.2,4.06,10.42,JAI,26.91,75.79,arid,NASA_POWER_daily_ag,4.955,8.939,1.263,dewpoint,537.4,27.82
2016-10-21,24.69,33.24,18.09,43.82,0.0,1.54,20.19,96.29,7.7,10.23,JAI,26.91,75.79,arid,NASA_POWER_daily_ag,4.294,8.724,1.247,dewpoint,527.7,27.643
2016-10-22,24.0,32.95,16.8,49.17,0.0,1.94,20.19,96.42,12.36,11.3,JAI,26.91,75.79,arid,NASA_POWER_daily_ag,4.46,8.94,1.3391,dewpoint,513.8,27.467
2016-10-23,24.22,32.97,17.4,47.03,0.0,2.18,19.85,96.4,9.13,10.98,JAI,26.91,75.79,arid,NASA_POWER_daily_ag,4.668,8.686,1.311,dewpoint,516.0,27.293
2016-10-24,24.38,32.74,17.53,51.97,0.0,2.44,17.73,96.31,20.93,12.89,JAI,26.91,75.79,arid,NASA_POWER_daily_ag,4.534,8.305,1.487,dewpoint,525.6,27.12
2016-10-25,24.44,32.46,18.25,53.67,0.0,2.07,18.91,96.34,10.72,13.19,JAI,26.91,75.79,arid,NASA_POWER_daily_ag,4.347,8.696,1.5165,dewpoint,522.4,26.948
2016-10-26,24.23,33.06,17.68,46.99,0.0,1.93,19.12,96.56,6.75,10.73,JAI,26.91,75.79,arid,NASA_POWER_daily_ag,4.379,8.222,1.2893,dewpoint,498.9,26.777
2016-10-27,23.4,33.08,16.54,31.84,0.0,1.63,19.04,96.84,5.42,3.91,JAI,26.91,75.79,arid,NASA_POWER_daily_ag,4.221,6.993,0.8081,dewpoint,469.1,26.608
2016-10-28,24.92,33.11,18.19,24.16,0.0,1.02,17.35,96.67,15.08,1.78,JAI,26.91,75.79,arid,NASA_POWER_daily_ag,3.508,6.21,0.6946,dewpoint,487.2,26.44
2016-10-29,24.17,33.2,18.13,30.28,0.0,0.81,17.24,96.6,14.35,4.28,JAI,26.91,75.79,arid,NASA_POWER_daily_ag,3.128,6.472,0.8294,dewpoint,494.6,26.274
2016-10-30,23.31,31.34,17.34,37.15,0.0,0.98,16.78,96.78,15.25,6.88,JAI,26.91,75.79,arid,NASA_POWER_daily_ag,3.239,6.801,0.9936,dewpoint,475.5,26.11
2016-10-31,23.03,31.27,15.03,35.16,0.0,0.84,15.77,97.04,15.77,5.57,JAI,26.91,75.79,arid,NASA_POWER_daily_ag,2.999,6.408,0.9076,dewpoint,447.8,25.948
2016-11-01,22.13,31.61,15.93,33.31,0.0,1.32,14.35,96.97,15.01,3.83,JAI,26.91,75.79,arid,NASA_POWER_daily_ag,3.391,5.798,0.8036,dewpoint,455.2,25.787
2016-11-02,21.63,30.21,14.57,33.52,0.0,1.22,14.26,96.95,11.42,3.81,JAI,26.91,75.79,arid,NASA_POWER_daily_ag,3.225,5.825,0.8024,dewpoint,457.4,25.629
2016-11-03,21.9,29.65,16.67,33.08,0.0,1.06,14.1,96.96,9.56,4.16,JAI,26.91,75.79,arid,NASA_POWER_daily_ag,3.03,5.733,0.8225,dewpoint,456.3,25.472
2016-11-04,22.79,30.47,17.15,29.47,0.0,0.6,14.92,96.71,5.16,3.12,JAI,26.91,75.79,arid,NASA_POWER_daily_ag,2.549,5.685,0.7642,dewpoint,482.9,25.318
2016-11-05,23.19,31.72,18.53,28.76,0.0,1.37,14.78,96.46,16.25,3.29,JAI,26.91,75.79,arid,NASA_POWER_daily_ag,3.537,5.53,0.7735,dewpoint,509.6,25.165
2016-11-06,22.76,31.73,17.32,32.32,0.0,1.22,16.91,96.53,17.03,4.16,JAI,26.91,75.79,arid,NASA_POWER_daily_ag,3.387,6.018,0.8225,dewpoint,502.1,25.015
2016-11-07,20.78,31.46,13.81,34.43,0.0,2.35,17.8,96.69,20.36,2.44,JAI,26.91,75.79,arid,NASA_POWER_daily_ag,4.389,6.034,0.7282,dewpoint,485.0,24.868
2016-11-08,20.32,31.18,12.08,29.41,0.0,1.81,14.56,96.79,26.22,0.37,JAI,26.91,75.79,arid,NASA_POWER_daily_ag,3.759,5.263,0.6274,dewpoint,474.4,24.722
2016-11-09,21.11,31.84,13.89,27.1,0.0,1.6,17.54,96.84,20.63,-0.19,JAI,26.91,75.79,arid,NASA_POWER_daily_ag,3.721,5.46,0.6024,dewpoint,469.1,24.58
2016-11-10,20.82,31.34,11.89,28.15,0.0,1.7,18.34,96.74,22.7,0.24,JAI,26.91,75.79,arid,NASA_POWER_daily_ag,3.829,5.705,0.6216,dewpoint,479.7,24.439
2016-11-11,21.65,31.49,13.5,29.12,0.0,1.33,18.17,96.69,19.31,1.61,JAI,26.91,75.79,arid,NASA_POWER_daily_ag,3.445,5.732,0.6862,dewpoint,485.0,24.302
2016-11-12,21.92,30.03,16.08,32.36,0.0,1.23,17.55,96.81,14.68,3.83,JAI,26.91,75.79,arid,NASA_POWER_daily_ag,3.28,5.87,0.8036,dewpoint,472.3,24.167
2016-11-13,20.74,29.59,14.02,35.8,0.0,1.38,16.77,96.96,18.91,4.21,JAI,26.91,75.79,arid,NASA_POWER_daily_ag,3.267,5.847,0.8254,dewpoint,456.3,24.035
2016-11-14,19.67,28.92,13.3,34.6,0.0,1.44,16.0,96.92,13.91,2.6,JAI,26.91,75.79,arid,NASA_POWER_daily_ag,3.202,5.5,0.7365,dewpoint,460.6,23.905
2016-11-15,19.42,27.83,12.2,35.56,0.0,1.18,15.13,96.93,18.64,2.73,JAI,26.91,75.79,arid,NASA_POWER_daily_ag,2.88,5.417,0.7434,dewpoint,459.5,23.779
2016-11-16,19.56,28.59,11.89,33.24,0.0,1.15,15.29,97.04,16.0,1.93,JAI,26.91,75.79,arid,NASA_POWER_daily_ag,2.869,5.271,0.7021,dewpoint,447.8,23.656
2016-11-17,19.43,28.99,13.46,28.6,0.0,1.27,14.92,97.06,25.0,-0.1,JAI,26.91,75.79,arid,NASA_POWER_daily_ag,2.981,4.846,0.6064,dewpoint,445.7,23.535
2016-11-18,19.96,29.7,12.93,26.53,0.0,1.52,16.04,96.86,22.63,-0.75,JAI,26.91,75.79,arid,NASA_POWER_daily_ag,3.358,4.843,0.5783,dewpoint,466.9,23.418
2016-11-19,21.02,30.36,14.99,23.46,0.0,1.46,16.65,96.62,24.33,-1.53,JAI,26.91,75.79,arid,NASA_POWER_daily_ag,3.399,4.62,0.546,dewpoint,492.5,23.303
2016-11-20,21.57,31.4,15.72,23.7,0.0,1.13,16.81,96.66,21.98,-1.1,JAI,26.91,75.79,arid,NASA_POWER_daily_ag,2.994,4.536,0.5636,dewpoint,488.2,23.192
2016-11-21,21.47,30.68,14.66,29.77,0.0,1.16,16.79,96.7,19.7,1.7,JAI,26.91,75.79,arid,NASA_POWER_daily_ag,3.022,4.978,0.6906,dewpoint,484.0,23.084
2016-11-22,20.44,30.6,12.53,30.5,0.0,1.64,16.81,96.67,24.72,1.31,JAI,26.91,75.79,arid,NASA_POWER_daily_ag,3.467,4.983,0.6715,dewpoint,487.2,22.98
2016-11-23,20.82,30.41,12.91,31.16,0.0,1.56,17.03,96.67,19.56,1.84,JAI,26.91,75.79,arid,NASA_POWER_daily_ag,3.412,5.034,0.6976,dewpoint,487.2,22.879
2016-11-24,20.84,30.11,15.67,26.54,0.0,1.28,16.63,96.84,18.64,0.03,JAI,26.91,75.79,arid,NASA_POWER_daily_ag,3.068,4.549,0.6121,dewpoint,469.1,22.781
2016-11-25,20.43,30.73,13.03,26.24,0.0,2.24,16.26,96.8,22.05,-0.81,JAI,26.91,75.79,arid,NASA_POWER_daily_ag,4.116,4.452,0.5757,dewpoint,473.3,22.687
2016-11-26,20.32,30.24,13.95,28.33,0.0,2.6,16.08,96.79,20.56,0.48,JAI,26.91,75.79,arid,NASA_POWER_daily_ag,4.369,4.551,0.6325,dewpoint,474.4,22.596
2016-11-27,20.2,30.46,13.08,28.68,0.0,2.14,16.29,96.82,20.12,0.21,JAI,26.91,75.79,arid,NASA_POWER_daily_ag,3.917,4.52,0.6202,dewpoint,471.2,22.508
2016-11-28,20.4,30.51,12.74,27.12,0.0,2.04,16.45,96.74,21.44,-0.34,JAI,26.91,75.79,arid,NASA_POWER_daily_ag,3.864,4.432,0.5959,dewpoint,479.7,22.425
2016-11-29,22.67,31.26,16.32,20.83,0.0,0.83,16.27,96.81,19.39,-1.53,JAI,26.91,75.79,arid,NASA_POWER_daily_ag,2.526,3.979,0.546,dewpoint,472.3,22.345
2016-11-30,20.1,29.03,14.02,31.44,0.0,1.68,15.89,96.9,17.99,1.83,JAI,26.91,75.79,arid,NASA_POWER_daily_ag,3.343,4.627,0.6971,dewpoint,462.7,22.268
2016-12-01,20.03,28.23,12.18,34.02,0.0,1.44,15.06,96.95,18.16,2.98,JAI,26.91,75.79,arid,NASA_POWER_daily_ag,3.049,4.777,0.7567,dewpoint,457.4,22.195
2016-12-02,19.82,28.14,12.74,33.86,0.0,1.25,13.07,97.09,9.86,2.38,JAI,26.91,75.79,arid,NASA_POWER_daily_ag,2.767,4.403,0.7251,dewpoint,442.5,22.126
2016-12-03,19.63,27.64,11.95,27.94,0.0,0.94,13.6,97.25,22.84,-0.16,JAI,26.91,75.79,arid,NASA_POWER_daily_ag,2.455,4.206,0.6037,dewpoint,425.5,22.061
2016-12-04,19.44,27.12,12.49,25.12,0.0,0.86,14.94,97.27,26.15,-1.75,JAI,26.91,75.79,arid,NASA_POWER_daily_ag,2.367,4.114,0.5372,dewpoint,423.4,21.999
2016-12-05,19.9,28.56,13.29,20.18,0.0,1.0,15.32,97.07,21.81,-4.27,JAI,26.91,75.79,arid,NASA_POWER_daily_ag,2.559,3.696,0.4451,dewpoint,444.6,21.942
2016-12-06,20.13,28.87,11.3,22.49,0.0,1.05,15.17,97.08,18.94,-2.69,JAI,26.91,75.79,arid,NASA_POWER_daily_ag,2.656,3.928,0.5011,dewpoint,443.6,21.888
2016-12-07,20.13,29.25,12.67,24.48,0.0,0.99,15.14,97.0,12.87,-1.79,JAI,26.91,75.79,arid,NASA_POWER_daily_ag,2.546,3.925,0.5357,dewpoint,452.1,21.838
2016-12-08,20.07,28.79,14.01,27.92,0.0,0.88,14.8,96.89,15.57,-0.21,JAI,26.91,75.79,arid,NASA_POWER_daily_ag,2.375,4.043,0.6015,dewpoint,463.8,21.792
2016-12-09,19.37,28.7,10.96,29.87,0.0,1.29,15.17,96.69,12.28,-0.34,JAI,26.91,75.79,arid,NASA_POWER_daily_ag,2.844,4.187,0.5959,dewpoint,485.0,21.75
2016-12-10,20.04,29.76,14.35,31.06,0.0,1.71,15.07,96.64,14.64,1.51,JAI,26.91,75.79,arid,NASA_POWER_daily_ag,3.281,4.191,0.6813,dewpoint,490.4,21.712
2016-12-11,19.87,28.9,13.73,39.13,0.0,1.38,15.11,96.66,8.26,4.45,JAI,26.91,75.79,arid,NASA_POWER_daily_ag,2.844,4.671,0.8394,dewpoint,488.2,21.678
2016-12-12,19.11,27.22,11.95,38.29,0.0,1.45,14.11,96.7,13.85,3.97,JAI,26.91,75.79,arid,NASA_POWER_daily_ag,2.83,4.614,0.8115,dewpoint,484.0,21.648
2016-12-13,19.21,26.23,13.0,41.87,0.0,1.29,13.2,96.8,24.38,5.39,JAI,26.91,75.79,arid,NASA_POWER_daily_ag,2.609,4.653,0.8963,dewpoint,473.3,21.621
2016-12-14,18.37,26.81,12.17,35.24,0.0,1.45,13.31,96.99,16.29,2.12,JAI,26.91,75.79,arid,NASA_POWER_daily_ag,2.779,4.274,0.7117,dewpoint,453.1,21.599
2016-12-15,17.85,26.43,12.39,28.12,0.0,1.36,14.04,96.99,20.46,-1.2,JAI,26.91,75.79,arid,NASA_POWER_daily_ag,2.741,3.966,0.5595,dewpoint,453.1,21.581
2016-12-16,17.96,25.75,10.74,27.03,0.0,0.97,14.52,97.09,23.88,-1.54,JAI,26.91,75.79,arid,NASA_POWER_daily_ag,2.358,4.062,0.5456,dewpoint,442.5,21.567
2016-12-17,18.66,25.28,13.36,34.55,0.0,0.81,14.7,97.05,26.58,2.35,JAI,26.91,75.79,arid,NASA_POWER_daily_ag,2.191,4.462,0.7235,dewpoint,446.7,21.557
2016-12-18,17.42,26.24,10.7,30.49,0.0,1.12,14.94,97.05,20.4,-0.94,JAI,26.91,75.79,arid,NASA_POWER_daily_ag,2.468,4.135,0.5703,dewpoint,446.7,21.551
2016-12-19,16.6,26.51,10.06,23.5,0.0,1.25,14.65,97.1,31.37,-5.06,JAI,26.91,75.79,arid,NASA_POWER_daily_ag,2.585,3.663,0.4193,dewpoint,441.4,21.549
2016-12-20,16.39,26.89,9.66,24.03,0.0,1.95,15.26,97.02,28.83,-5.15,JAI,26.91,75.79,arid,NASA_POWER_daily_ag,3.295,3.678,0.4164,dewpoint,449.9,21.551
2016-12-21,16.18,27.79,8.52,27.49,0.0,2.17,15.63,97.01,29.6,-4.38,JAI,26.91,75.79,arid,NASA_POWER_daily_ag,3.445,3.787,0.4414,dewpoint,451.0,21.558
2016-12-22,17.68,28.94,9.11,23.04,0.0,1.83,15.46,96.94,28.09,-5.16,JAI,26.91,75.79,arid,NASA_POWER_daily_ag,3.335,3.597,0.4161,dewpoint,458.4,21.568
2016-12-23,19.02,28.51,13.67,21.19,0.0,1.37,15.48,96.71,18.52,-4.38,JAI,26.91,75.79,arid,NASA_POWER_daily_ag,2.908,3.493,0.4414,dewpoint,482.9,21.582
2016-12-24,18.89,28.33,13.34,23.91,0.0,1.36,15.32,96.45,15.71,-2.94,JAI,26.91,75.79,arid,NASA_POWER_daily_ag,2.873,3.709,0.4918,dewpoint,510.6,21.601
2016-12-25,15.96,25.22,9.61,26.73,0.0,2.68,14.95,96.74,17.84,-4.11,JAI,26.91,75.79,arid,NASA_POWER_daily_ag,3.841,3.921,0.4505,dewpoint,479.7,21.623
2016-12-26,15.35,25.44,8.55,24.33,0.0,2.16,13.3,97.04,16.4,-5.52,JAI,26.91,75.79,arid,NASA_POWER_daily_ag,3.364,3.731,0.4048,dewpoint,447.8,21.649
2016-12-27,17.87,26.51,11.54,18.04,0.0,0.78,14.47,97.03,20.25,-7.73,JAI,26.91,75.79,arid,NASA_POWER_daily_ag,2.108,3.387,0.3415,dewpoint,448.9,21.68
2016-12-28,18.59,27.6,11.19,20.47,0.0,1.23,14.85,96.93,16.26,-5.38,JAI,26.91,75.79,arid,NASA_POWER_daily_ag,2.756,3.607,0.4092,dewpoint,459.5,21.714
2016-12-29,18.69,27.71,12.92,21.47,0.0,1.13,14.42,96.9,23.58,-4.25,JAI,26.91,75.79,arid,NASA_POWER_daily_ag,2.61,3.645,0.4458,dewpoint,462.7,21.753
2016-12-30,17.85,28.07,10.75,28.82,0.0,1.4,14.18,96.89,18.61,-1.51,JAI,26.91,75.79,arid,NASA_POWER_daily_ag,2.813,4.029,0.5468,dewpoint,463.8,21.795
2016-12-31,16.68,25.95,9.2,38.57,0.0,1.7,12.77,96.78,24.65,1.72,JAI,26.91,75.79,arid,NASA_POWER_daily_ag,2.823,4.408,0.6916,dewpoint,475.5,21.842
2017-01-01,15.41,24.22,8.84,48.91,0.0,1.07,13.84,96.83,5.46,3.84,JAI,26.91,75.79,arid,NASA_POWER_daily_ag,2.135,4.883,0.8041,dewpoint,470.1,21.842
2017-01-02,14.81,22.68,8.67,54.46,0.0,1.47,11.78,97.12,8.49,4.79,JAI,26.91,75.79,arid,NASA_POWER_daily_ag,2.205,4.699,0.8596,dewpoint,439.3,21.892
2017-01-03,15.25,23.78,8.69,52.04,0.0,1.64,12.19,97.12,9.04,4.49,JAI,26.91,75.79,arid,NASA_POWER_daily_ag,2.403,4.724,0.8417,dewpoint,439.3,21.946
2017-01-04,16.42,25.18,9.05,41.26,0.0,1.8,13.61,96.88,7.02,1.78,JAI,26.91,75.79,arid,NASA_POWER_daily_ag,2.906,4.625,0.6946,dewpoint,464.8,22.005
2017-01-05,17.82,26.28,12.81,30.05,0.0,1.28,14.82,96.75,15.28,-0.83,JAI,26.91,75.79,arid,NASA_POWER_daily_ag,2.71,4.288,0.5749,dewpoint,478.7,22.067
2017-01-06,16.27,24.68,10.41,41.59,0.0,1.92,11.83,96.51,35.53,2.86,JAI,26.91,75.79,arid,NASA_POWER_daily_ag,2.849,4.502,0.7503,dewpoint,504.2,22.133
2017-01-07,16.0,22.32,11.26,47.68,0.01,1.76,11.42,96.39,28.33,4.6,JAI,26.91,75.79,arid,NASA_POWER_daily_ag,2.57,4.665,0.8483,dewpoint,517.0,22.202
2017-01-08,14.76,19.47,10.7,57.89,0.0,1.96,10.76,96.68,17.41,6.26,JAI,26.91,75.79,arid,NASA_POWER_daily_ag,2.311,4.781,0.9521,dewpoint,486.1,22.276
2017-01-09,13.18,20.82,8.09,45.78,0.0,1.94,11.48,96.8,11.46,0.97,JAI,26.91,75.79,arid,NASA_POWER_daily_ag,2.533,4.546,0.6553,dewpoint,473.3,22.353
2017-01-10,11.16,20.09,5.42,25.26,0.0,1.9,14.17,96.92,30.13,-9.31,JAI,26.91,75.79,arid,NASA_POWER_daily_ag,2.829,4.22,0.3017,dewpoint,460.6,22.434
2017-01-11,10.29,19.79,4.38,20.49,0.0,1.72,15.9,96.96,32.5,-11.7,JAI,26.91,75.79,arid,NASA_POWER_daily_ag,2.685,4.269,0.2494,dewpoint,456.3,22.519
2017-01-12,10.64,19.45,3.33,22.53,0.0,1.18,16.13,96.89,31.79,-10.56,JAI,26.91,75.79,arid,NASA_POWER_daily_ag,2.278,4.504,0.2733,dewpoint,463.8,22.607
2017-01-13,11.74,20.96,5.36,19.63,0.0,0.86,15.74,96.94,31.17,-11.31,JAI,26.91,75.79,arid,NASA_POWER_daily_ag,2.034,4.258,0.2574,dewpoint,458.4,22.699
2017-01-14,11.75,21.44,4.29,24.22,0.0,2.2,14.13,97.01,43.66,-8.74,JAI,26.91,75.79,arid,NASA_POWER_daily_ag,3.142,4.391,0.3156,dewpoint,451.0,22.794
2017-01-15,13.26,22.86,4.94,24.71,0.0,2.11,14.36,97.04,31.75,-6.96,JAI,26.91,75.79,arid,NASA_POWER_daily_ag,3.232,4.5,0.3625,dewpoint,447.8,22.893
2017-01-16,14.04,22.72,7.89,31.5,0.0,2.15,15.43,96.94,15.8,-2.85,JAI,26.91,75.79,arid,NASA_POWER_daily_ag,3.205,4.941,0.4951,dewpoint,458.4,22.996
2017-01-17,11.51,20.37,4.53,37.48,0.0,1.7,15.8,97.07,24.11,-3.88,JAI,26.91,75.79,arid,NASA_POWER_daily_ag,2.623,5.201,0.4584,dewpoint,444.6,23.102
2017-01-18,12.9,22.49,5.08,37.35,0.0,1.78,15.42,97.32,23.16,-2.92,JAI,26.91,75.79,arid,NASA_POWER_daily_ag,2.809,5.146,0.4926,dewpoint,418.1,23.211
2017-01-19,12.77,22.29,5.89,31.62,0.0,2.67,13.95,97.52,23.06,-4.56,JAI,26.91,75.79,arid,NASA_POWER_daily_ag,3.432,4.8,0.4355,dewpoint,396.9,23.323
2017-01-20,12.94,21.57,6.22,35.51,0.0,1.6,11.17,97.44,53.37,-2.88,JAI,26.91,75.79,arid,NASA_POWER_daily_ag,2.569,4.573,0.494,dewpoint,405.4,23.439
2017-01-21,15.22,22.03,10.05,30.81,0.0,1.1,9.3,97.28,64.41,-2.16,JAI,26.91,75.79,arid,NASA_POWER_daily_ag,2.309,4.264,0.5212,dewpoint,422.3,23.558
2017-01-22,17.12,26.03,10.33,33.09,0.0,1.6,12.91,97.34,16.21,0.17,JAI,26.91,75.79,arid,NASA_POWER_daily_ag,3.018,4.879,0.6184,dewpoint,416.0,23.68
2017-01-23,17.94,26.55,10.23,42.99,0.0,1.7,12.88,97.22,8.76,4.49,JAI,26.91,75.79,arid,NASA_POWER_daily_ag,2.994,5.303,0.8417,dewpoint,428.7,23.806
2017-01-24,18.5,28.01,10.48,45.53,0.0,2.06,14.57,97.05,10.72,5.99,JAI,26.91,75.79,arid,NASA_POWER_daily_ag,3.319,5.814,0.9345,dewpoint,446.7,23.934
2017-01-25,20.12,27.85,14.32,48.27,1.48,2.5,10.95,96.98,66.98,8.34,JAI,26.91,75.79,arid,NASA_POWER_daily_ag,3.507,5.158,1.0979,dewpoint,454.2,24.065
2017-01-26,16.17,21.2,12.05,68.43,10.63,2.48,5.02,96.96,74.84,10.02,JAI,26.91,75.79,arid,NASA_POWER_daily_ag,2.041,3.744,1.2296,dewpoint,456.3,24.199
2017-01-27,13.61,20.92,8.17,66.57,4.84,2.54,17.24,97.17,12.28,6.49,JAI,26.91,75.79,arid,NASA_POWER_daily_ag,2.692,7.068,0.9673,dewpoint,434.0,24.336
2017-01-28,13.67,22.74,6.25,61.61,0.0,1.14,17.06,97.23,30.94,5.28,JAI,26.91,75.79,arid,NASA_POWER_daily_ag,2.31,6.889,0.8895,dewpoint,427.6,24.476
2017-01-29,15.29,24.87,7.71,50.26,0.0,1.05,17.29,97.04,24.25,3.34,JAI,26.91,75.79,arid,NASA_POWER_daily_ag,2.524,6.573,0.7762,dewpoint,447.8,24.619
2017-01-30,17.58,25.98,9.83,40.14,0.0,1.37,17.52,96.88,14.47,2.93,JAI,26.91,75.79,arid,NASA_POWER_daily_ag,3.067,6.48,0.754,dewpoint,464.8,24.764
2017-01-31,17.79,26.65,11.92,40.67,0.0,1.31,17.92,96.79,5.19,3.27,JAI,26.91,75.79,arid,NASA_POWER_daily_ag,3.039,6.545,0.7724,dewpoint,474.4,24.912
2017-02-01,16.62,25.75,9.14,45.89,0.0,1.31,16.89,96.97,6.93,3.57,JAI,26.91,75.79,arid,NASA_POWER_daily_ag,2.867,6.575,0.789,dewpoint,455.2,25.062
2017-02-02,16.17,25.54,8.63,47.37,0.0,1.73,15.34,97.17,60.79,4.25,JAI,26.91,75.79,arid,NASA_POWER_daily_ag,2.984,6.364,0.8277,dewpoint,434.0,25.214
2017-02-03,16.8,26.29,9.2,48.23,0.0,1.83,15.86,97.0,67.64,4.92,JAI,26.91,75.79,arid,NASA_POWER_daily_ag,3.137,6.576,0.8675,dewpoint,452.1,25.369
2017-02-04,18.59,28.08,11.44,46.15,0.0,2.79,12.28,96.59,98.07,5.79,JAI,26.91,75.79,arid,NASA_POWER_daily_ag,3.805,5.692,0.9216,dewpoint,495.7,25.527
2017-02-05,17.55,25.43,10.61,47.54,0.0,2.3,16.38,96.63,18.76,5.52,JAI,26.91,75.79,arid,NASA_POWER_daily_ag,3.566,6.882,0.9045,dewpoint,491.4,25.686
2017-02-06,13.68,22.86,6.61,30.95,0.0,2.34,19.91,96.95,4.38,-4.42,JAI,26.91,75.79,arid,NASA_POWER_daily_ag,3.749,6.802,0.4401,dewpoint,457.4,25.848
2017-02-07,14.8,24.31,6.82,32.19,0.0,1.68,18.99,96.93,41.93,-3.03,JAI,26.91,75.79,arid,NASA_POWER_daily_ag,3.355,6.756,0.4885,dewpoint,459.5,26.011
2017-02-08,16.23,25.55,8.77,30.92,0.0,1.79,18.68,96.79,34.29,-2.18,JAI,26.91,75.79,arid,NASA_POWER_daily_ag,3.601,6.699,0.5204,dewpoint,474.4,26.177
2017-02-09,14.85,23.62,8.9,31.52,0.0,2.58,19.55,96.95,29.67,-2.94,JAI,26.91,75.79,arid,NASA_POWER_daily_ag,4.052,6.955,0.4918,dewpoint,457.4,26.344
2017-02-10,14.3,23.99,6.97,33.06,0.0,1.46,20.18,96.91,1.95,-3.11,JAI,26.91,75.79,arid,NASA_POWER_daily_ag,3.209,7.217,0.4856,dewpoint,461.6,26.513
2017-02-11,15.74,25.74,7.63,31.02,0.0,1.29,18.45,96.9,3.5,-2.93,JAI,26.91,75.79,arid,NASA_POWER_daily_ag,3.155,6.806,0.4922,dewpoint,462.7,26.684
2017-02-12,16.25,26.06,8.39,32.86,0.0,1.61,16.85,97.18,2.99,-1.06,JAI,26.91,75.79,arid,NASA_POWER_daily_ag,3.377,6.667,0.5653,dewpoint,432.9,26.857
2017-02-13,16.29,26.58,8.77,29.07,0.0,1.89,16.68,97.42,6.74,-3.24,JAI,26.91,75.79,arid,NASA_POWER_daily_ag,3.706,6.427,0.4809,dewpoint,407.5,27.031
2017-02-14,17.25,28.58,8.84,26.08,0.0,1.4,18.58,97.46,17.69,-4.25,JAI,26.91,75.79,arid,NASA_POWER_daily_ag,3.482,6.656,0.4458,dewpoint,403.2,27.206
2017-02-15,20.45,30.38,11.84,23.1,0.0,0.95,17.45,97.38,48.65,-2.57,JAI,26.91,75.79,arid,NASA_POWER_daily_ag,3.201,6.459,0.5056,dewpoint,411.7,27.383
2017-02-16,22.08,32.35,14.29,28.11,0.0,1.23,15.52,97.17,66.33,1.69,JAI,26.91,75.79,arid,NASA_POWER_daily_ag,3.547,6.394,0.6901,dewpoint,434.0,27.561
2017-02-17,21.78,29.51,15.59,31.26,0.0,1.15,16.94,97.09,65.42,3.19,JAI,26.91,75.79,arid,NASA_POWER_daily_ag,3.508,7.025,0.768,dewpoint,442.5,27.741
2017-02-18,22.12,32.28,13.37,36.55,0.0,1.52,20.07,97.08,6.46,5.05,JAI,26.91,75.79,arid,NASA_POWER_daily_ag,4.119,8.104,0.8754,dewpoint,443.6,27.921
2017-02-19,23.62,33.41,16.86,28.32,0.0,1.8,19.8,96.79,33.24,2.93,JAI,26.91,75.79,arid,NASA_POWER_daily_ag,4.66,7.559,0.754,dewpoint,474.4,28.102
2017-02-20,22.22,31.24,15.26,27.6,0.0,3.25,20.06,96.17,8.14,2.11,JAI,26.91,75.79,arid,NASA_POWER_daily_ag,5.929,7.782,0.7112,dewpoint,540.6,28.285
2017-02-21,19.02,27.44,11.09,14.21,0.0,2.43,22.11,96.19,3.03,-9.88,JAI,26.91,75.79,arid,NASA_POWER_daily_ag,5.195,7.217,0.2884,dewpoint,538.4,28.468
2017-02-22,18.75,28.73,12.17,11.73,0.0,1.47,21.85,96.53,2.63,-12.07,JAI,26.91,75.79,arid,NASA_POWER_daily_ag,4.049,6.853,0.2421,dewpoint,502.1,28.652
2017-02-23,18.0,28.72,9.18,15.8,0.0,2.13,22.15,96.87,1.28,-9.62,JAI,26.91,75.79,arid,NASA_POWER_daily_ag,4.749,7.418,0.2944,dewpoint,465.9,28.837
2017-02-24,18.84,29.65,9.86,14.56,0.0,2.09,22.23,97.06,2.6,-10.23,JAI,26.91,75.79,arid,NASA_POWER_daily_ag,4.852,7.335,0.2805,dewpoint,445.7,29.022
2017-02-25,20.83,30.68,12.29,17.1,0.0,2.63,21.72,96.91,1.7,-5.92,JAI,26.91,75.79,arid,NASA_POWER_daily_ag,5.645,7.607,0.3926,dewpoint,461.6,29.207
2017-02-26,20.56,30.44,12.39,18.79,0.0,2.23,22.11,96.69,2.21,-6.5,JAI,26.91,75.79,arid,NASA_POWER_daily_ag,5.218,7.713,0.3756,dewpoint,485.0,29.393
2017-02-27,22.68,32.04,14.69,17.32,0.0,1.55,21.73,96.71,3.26,-3.9,JAI,26.91,75.79,arid,NASA_POWER_daily_ag,4.633,7.802,0.4577,dewpoint,482.9,29.58
2017-02-28,22.54,33.32,13.05,22.07,0.0,2.06,21.6,96.72,21.5,-1.21,JAI,26.91,75.79,arid,NASA_POWER_daily_ag,5.205,8.212,0.5591,dewpoint,481.8,29.766
2017-03-01,23.3,30.81,16.98,28.04,0.01,2.07,20.0,96.63,63.04,3.14,JAI,26.91,75.79,arid,NASA_POWER_daily_ag,5.106,8.432,0.7653,dewpoint,491.4,29.953
2017-03-02,22.03,28.39,17.31,34.77,3.19,2.48,18.89,96.53,66.91,5.36,JAI,26.91,75.79,arid,NASA_POWER_daily_ag,5.063,8.568,0.8945,dewpoint,502.1,30.14
2017-03-03,20.61,28.62,14.21,24.33,0.01,2.7,19.12,96.43,76.39,-1.22,JAI,26.91,75.79,arid,NASA_POWER_daily_ag,5.434,8.012,0.5586,dewpoint,512.8,30.326
2017-03-04,19.34,28.58,12.41,20.18,0.0,2.44,21.66,96.42,57.71,-5.4,JAI,26.91,75.79,arid,NASA_POWER_daily_ag,5.287,8.324,0.4086,dewpoint,513.8,30.513
2017-03-05,19.84,29.73,11.54,21.08,0.0,1.98,23.17,96.49,53.51,-4.35,JAI,26.91,75.79,arid,NASA_POWER_daily_ag,4.982,8.858,0.4424,dewpoint,506.4,30.699
2017-03-06,21.97,30.79,14.24,20.22,0.0,1.3,22.75,96.43,55.36,-3.03,JAI,26.91,75.79,arid,NASA_POWER_daily_ag,4.435,8.784,0.4885,dewpoint,512.8,30.885
2017-03-07,22.41,31.34,13.15,20.9,0.0,1.76,20.62,96.2,76.23,-2.5,JAI,26.91,75.79,arid,NASA_POWER_daily_ag,4.948,8.413,0.5082,dewpoint,537.4,31.071
2017-03-08,23.14,30.12,15.49,24.58,0.0,1.41,18.34,96.09,76.96,1.47,JAI,26.91,75.79,arid,NASA_POWER_daily_ag,4.391,8.262,0.6793,dewpoint,549.1,31.256
2017-03-09,22.8,30.25,14.66,32.62,1.34,1.55,15.93,96.06,80.51,4.58,JAI,26.91,75.79,arid,NASA_POWER_daily_ag,4.229,7.91,0.8471,dewpoint,552.3,31.441
2017-03-10,20.36,27.34,14.44,51.2,5.42,2.25,14.28,96.0,86.38,8.62,JAI,26.91,75.79,arid,NASA_POWER_daily_ag,3.962,7.815,1.1189,dewpoint,558.8,31.625
2017-03-11,17.28,24.76,11.53,51.17,0.17,2.05,22.66,96.3,62.68,4.71,JAI,26.91,75.79,arid,NASA_POWER_daily_ag,4.266,10.628,0.8548,dewpoint,526.7,31.808
2017-03-12,16.82,25.57,9.88,27.07,0.0,1.83,23.26,96.72,54.01,-4.2,JAI,26.91,75.79,arid,NASA_POWER_daily_ag,4.511,9.727,0.4475,dewpoint,481.8,31.991
2017-03-13,17.07,27.66,7.89,26.81,0.0,1.87,22.7,96.76,49.61,-4.42,JAI,26.91,75.79,arid,NASA_POWER_daily_ag,4.568,9.577,0.4401,dewpoint,477.6,32.173
2017-03-14,19.29,28.16,9.66,24.29,0.0,1.56,21.98,96.89,73.4,-2.95,JAI,26.91,75.79,arid,NASA_POWER_daily_ag,4.535,9.477,0.4915,dewpoint,463.8,32.354
2017-03-15,22.04,30.86,12.66,25.13,0.0,1.44,22.35,96.78,69.2,-0.42,JAI,26.91,75.79,arid,NASA_POWER_daily_ag,4.734,9.663,0.5924,dewpoint,475.5,32.533
2017-03-16,22.99,32.6,15.19,23.76,0.0,2.63,20.51,96.5,77.36,-0.06,JAI,26.91,75.79,arid,NASA_POWER_daily_ag,6.021,9.029,0.6081,dewpoint,505.3,32.712
2017-03-17,22.76,31.51,15.21,26.09,0.0,2.41,22.86,96.44,67.6,1.37,JAI,26.91,75.79,arid,NASA_POWER_daily_ag,5.876,10.026,0.6745,dewpoint,511.7,32.89
2017-03-18,23.67,32.7,15.63,32.64,1.46,1.48,22.11,96.42,68.42,4.9,JAI,26.91,75.79,arid,NASA_POWER_daily_ag,4.882,10.264,0.8662,dewpoint,513.8,33.066
2017-03-19,22.9,31.13,14.91,47.9,0.94,1.53,20.6,96.57,76.14,8.99,JAI,26.91,75.79,arid,NASA_POWER_daily_ag,4.547,10.454,1.1473,dewpoint,497.8,33.241
2017-03-20,23.69,32.98,15.78,25.45,0.0,1.8,23.91,96.7,60.7,1.0,JAI,26.91,75.79,arid,NASA_POWER_daily_ag,5.509,10.348,0.6567,dewpoint,484.0,33.415
2017-03-21,25.89,35.08,18.4,20.76,0.0,1.5,23.3,96.69,63.2,0.48,JAI,26.91,75.79,arid,NASA_POWER_daily_ag,5.376,9.898,0.6325,dewpoint,485.0,33.587
2017-03-22,28.2,37.41,20.58,21.35,0.0,1.71,23.77,96.53,51.09,3.27,JAI,26.91,75.79,arid,NASA_POWER_daily_ag,5.97,10.28,0.7724,dewpoint,502.1,33.758
2017-03-23,27.84,37.06,19.99,22.37,0.0,2.08,22.6,96.45,60.58,3.43,JAI,26.91,75.79,arid,NASA_POWER_daily_ag,6.339,10.051,0.7812,dewpoint,510.6,33.927
2017-03-24,27.89,37.05,20.13,22.29,0.0,1.78,24.42,96.43,58.42,3.48,JAI,26.91,75.79,arid,NASA_POWER_daily_ag,6.114,10.67,0.784,dewpoint,512.8,34.095
2017-03-25,28.3,37.6,19.83,18.77,0.0,2.04,23.45,96.47,65.41,1.5,JAI,26.91,75.79,arid,NASA_POWER_daily_ag,6.5,10.104,0.6808,dewpoint,508.5,34.261
2017-03-26,28.91,38.5,19.84,20.27,0.0,1.83,24.58,96.58,54.27,2.98,JAI,26.91,75.79,arid,NASA_POWER_daily_ag,6.378,10.67,0.7567,dewpoint,496.8,34.426
2017-03-27,30.03,39.97,20.9,19.87,0.0,2.39,25.46,96.54,51.37,3.27,JAI,26.91,75.79,arid,NASA_POWER_daily_ag,7.412,10.9,0.7724,dewpoint,501.0,34.589
2017-03-28,31.45,40.8,24.29,16.44,0.0,2.18,24.5,96.43,48.24,1.91,JAI,26.91,75.79,arid,NASA_POWER_daily_ag,7.251,10.223,0.7011,dewpoint,512.8,34.749
2017-03-29,30.25,40.16,21.72,14.58,0.0,2.8,24.7,96.31,54.67,-1.15,JAI,26.91,75.79,arid,NASA_POWER_daily_ag,8.08,10.039,0.5615,dewpoint,525.6,34.909
2017-03-30,30.47,40.84,20.66,14.08,0.0,1.85,25.2,96.28,55.58,-1.12,JAI,26.91,75.79,arid,NASA_POWER_daily_ag,6.72,10.247,0.5628,dewpoint,528.8,35.066
2017-03-31,30.06,39.9,20.62,14.61,0.0,2.73,24.82,96.38,59.29,-1.19,JAI,26.91,75.79,arid,NASA_POWER_daily_ag,8.002,10.248,0.5599,dewpoint,518.1,35.221
2017-04-01,30.36,39.82,20.67,15.87,0.0,2.34,25.23,96.18,61.73,0.78,JAI,26.91,75.79,arid,NASA_POWER_daily_ag,7.502,10.723,0.6464,dewpoint,539.5,35.374
2017-04-02,30.97,40.16,22.07,18.75,0.0,2.4,25.1,96.0,64.71,3.76,JAI,26.91,75.79,arid,NASA_POWER_daily_ag,7.626,11.131,0.7996,dewpoint,558.8,35.526
2017-04-03,31.34,40.47,22.48,18.01,0.0,2.2,25.28,96.02,57.29,3.15,JAI,26.91,75.79,arid,NASA_POWER_daily_ag,7.43,11.094,0.7659,dewpoint,556.6,35.675
2017-04-04,31.69,39.83,23.35,23.36,0.0,2.42,24.89,96.07,56.62,7.58,JAI,26.91,75.79,arid,NASA_POWER_daily_ag,7.687,11.778,1.0425,dewpoint,551.3,35.822
2017-04-05,31.78,39.76,22.9,23.98,0.1,3.36,24.2,95.87,55.54,7.91,JAI,26.91,75.79,arid,NASA_POWER_daily_ag,8.848,11.659,1.0662,dewpoint,572.7,35.967
2017-04-06,29.59,36.65,23.61,22.06,0.0,5.0,25.75,95.83,66.03,4.58,JAI,26.91,75.79,arid,NASA_POWER_daily_ag,10.408,11.798,0.8471,dewpoint,577.0,36.11
2017-04-07,26.15,34.78,17.95,9.39,0.0,2.44,23.99,96.2,68.08,-8.73,JAI,26.91,75.79,arid,NASA_POWER_daily_ag,7.109,9.93,0.3158,dewpoint,537.4,36.251
2017-04-08,25.73,35.42,16.68,7.68,0.0,2.44,24.76,96.46,63.65,-11.65,JAI,26.91,75.79,arid,NASA_POWER_daily_ag,7.13,9.906,0.2504,dewpoint,509.6,36.389
2017-04-09,25.71,34.95,17.5,12.21,0.0,3.21,26.3,96.61,54.57,-7.2,JAI,26.91,75.79,arid,NASA_POWER_daily_ag,8.166,10.815,0.3558,dewpoint,493.6,36.526
2017-04-10,26.75,36.55,17.46,12.2,0.0,2.44,25.24,96.47,61.36,-5.59,JAI,26.91,75.79,arid,NASA_POWER_daily_ag,7.287,10.658,0.4027,dewpoint,508.5,36.66
2017-04-11,28.3,38.48,18.33,11.67,0.0,3.04,26.31,96.3,61.37,-5.07,JAI,26.91,75.79,arid,NASA_POWER_daily_ag,8.445,10.899,0.4189,dewpoint,526.7,36.792
2017-04-12,30.23,40.81,20.11,9.76,0.0,2.7,26.99,96.2,59.11,-5.71,JAI,26.91,75.79,arid,NASA_POWER_daily_ag,8.357,10.784,0.399,dewpoint,537.4,36.921
2017-04-13,31.98,42.07,23.44,9.54,0.0,2.07,27.22,96.16,56.88,-4.79,JAI,26.91,75.79,arid,NASA_POWER_daily_ag,7.587,10.73,0.4279,dewpoint,541.6,37.048
2017-04-14,32.93,42.83,24.62,9.07,0.0,2.16,26.93,96.0,62.05,-4.57,JAI,26.91,75.79,arid,NASA_POWER_daily_ag,7.843,10.615,0.4351,dewpoint,558.8,37.173
2017-04-15,33.04,43.25,23.3,10.02,0.0,2.7,25.8,95.85,63.62,-3.37,JAI,26.91,75.79,arid,NASA_POWER_daily_ag,8.721,10.586,0.4763,dewpoint,574.8,37.296
2017-04-16,34.36,43.82,25.42,9.49,0.0,1.98,27.52,95.9,60.31,-2.87,JAI,26.91,75.79,arid,NASA_POWER_daily_ag,7.782,10.996,0.4944,dewpoint,569.5,37.416
2017-04-17,34.44,43.81,24.45,12.4,0.0,3.01,26.17,96.06,64.92,0.76,JAI,26.91,75.79,arid,NASA_POWER_daily_ag,9.489,11.277,0.6454,dewpoint,552.3,37.534
2017-04-18,34.28,43.45,25.89,13.03,0.0,3.11,26.27,95.98,61.19,0.96,JAI,26.91,75.79,arid,NASA_POWER_daily_ag,9.612,11.327,0.6548,dewpoint,560.9,37.65
2017-04-19,33.53,42.92,24.83,14.88,0.0,3.04,26.81,95.77,57.31,2.11,JAI,26.91,75.79,arid,NASA_POWER_daily_ag,9.395,11.814,0.7112,dewpoint,583.4,37.763
2017-04-20,34.42,43.14,26.19,19.06,0.0,3.19,25.88,95.6,57.69,6.51,JAI,26.91,75.79,arid,NASA_POWER_daily_ag,9.582,12.232,0.9686,dewpoint,601.7,37.874
2017-04-21,34.67,42.96,27.15,16.5,0.0,5.17,26.27,95.64,60.17,4.67,JAI,26.91,75.79,arid,NASA_POWER_daily_ag,12.45,12.033,0.8524,dewpoint,597.4,37.982
2017-04-22,33.81,41.33,27.38,17.92,0.0,4.35,26.74,95.79,64.0,5.54,JAI,26.91,75.79,arid,NASA_POWER_daily_ag,11.151,12.457,0.9057,dewpoint,581.3,38.089
2017-04-23,31.94,38.74,24.32,23.64,0.0,3.5,25.54,95.92,60.29,8.33,JAI,26.91,75.79,arid,NASA_POWER_daily_ag,9.323,12.814,1.0971,dewpoint,567.3,38.192
2017-04-24,30.93,37.33,24.59,29.0,0.02,3.53,21.72,96.03,85.5,10.3,JAI,26.91,75.79,arid,NASA_POWER_daily_ag,8.508,11.668,1.2529,dewpoint,555.5,38.294
2017-04-25,30.84,37.71,23.09,30.54,0.78,3.38,20.57,96.07,84.05,10.45,JAI,26.91,75.79,arid,NASA_POWER_daily_ag,8.193,11.261,1.2655,dewpoint,551.3,38.393
2017-04-26,30.66,38.66,22.2,20.18,0.0,3.0,25.51,96.1,68.67,4.4,JAI,26.91,75.79,arid,NASA_POWER_daily_ag,8.652,12.32,0.8364,dewpoint,548.1,38.49
2017-04-27,31.12,39.87,22.93,18.06,0.0,3.18,27.49,96.19,58.13,3.34,JAI,26.91,75.79,arid,NASA_POWER_daily_ag,9.212,12.773,0.7762,dewpoint,538.4,38.584
2017-04-28,31.57,39.77,22.94,22.34,1.72,2.48,26.36,96.1,64.74,6.43,JAI,26.91,75.79,arid,NASA_POWER_daily_ag,8.164,12.926,0.9633,dewpoint,548.1,38.677
2017-04-29,31.94,38.56,24.49,25.33,0.09,2.6,19.48,96.07,90.17,9.14,JAI,26.91,75.79,arid,NASA_POWER_daily_ag,7.52,10.656,1.159,dewpoint,551.3,38.766
2017-04-30,31.44,39.06,25.11,23.74,0.57,2.82,24.34,96.04,71.79,6.32,JAI,26.91,75.79,arid,NASA_POWER_daily_ag,8.379,12.14,0.956,dewpoint,554.5,38.854
2017-05-01,31.31,39.23,24.73,18.61,0.0,2.77,27.52,96.22,53.17,2.98,JAI,26.91,75.79,arid,NASA_POWER_daily_ag,8.735,12.775,0.7567,dewpoint,535.2,38.939
2017-05-02,32.3,40.98,22.68,12.04,0.0,2.01,26.31,96.29,71.28,-1.42,JAI,26.91,75.79,arid,NASA_POWER_daily_ag,7.704,11.731,0.5505,dewpoint,527.7,39.022
2017-05-03,33.39,41.26,25.71,17.74,0.01,2.78,21.77,96.12,77.08,4.87,JAI,26.91,75.79,arid,NASA_POWER_daily_ag,8.536,10.939,0.8644,dewpoint,545.9,39.103
2017-05-04,32.87,40.7,25.62,18.08,0.0,2.47,26.51,96.24,68.55,4.73,JAI,26.91,75.79,arid,NASA_POWER_daily_ag,8.47,12.655,0.856,dewpoint,533.1,39.182
2017-05-05,33.99,41.81,25.87,18.23,0.0,2.34,22.31,96.12,96.96,5.83,JAI,26.91,75.79,arid,NASA_POWER_daily_ag,8.001,11.266,0.9242,dewpoint,545.9,39.258
2017-05-06,34.34,42.69,25.44,16.8,0.0,2.58,24.75,96.14,68.34,4.83,JAI,26.91,75.79,arid,NASA_POWER_daily_ag,8.728,11.993,0.862,dewpoint,543.8,39.332
2017-05-07,35.82,44.48,26.84,16.68,0.0,3.33,25.09,96.08,69.91,5.74,JAI,26.91,75.79,arid,NASA_POWER_daily_ag,10.181,12.129,0.9184,dewpoint,550.2,39.404
2017-05-08,35.87,43.77,27.72,17.68,0.2,3.45,20.21,96.03,88.26,6.73,JAI,26.91,75.79,arid,NASA_POWER_daily_ag,9.827,10.529,0.9834,dewpoint,555.5,39.474
2017-05-09,34.54,42.61,26.84,20.96,3.72,3.92,25.26,95.86,74.65,7.93,JAI,26.91,75.79,arid,NASA_POWER_daily_ag,10.606,12.689,1.0677,dewpoint,573.8,39.542
2017-05-10,35.43,43.56,26.6,20.14,0.24,2.66,25.4,95.91,66.87,8.35,JAI,26.91,75.79,arid,NASA_POWER_daily_ag,9.033,12.795,1.0986,dewpoint,568.4,39.608
2017-05-11,34.95,42.04,28.22,22.47,0.37,1.5,25.84,96.09,53.61,9.56,JAI,26.91,75.79,arid,NASA_POWER_daily_ag,7.15,13.2,1.1922,dewpoint,549.1,39.671
2017-05-12,35.25,42.46,28.22,21.15,0.0,2.23,26.43,96.1,62.41,8.89,JAI,26.91,75.79,arid,NASA_POWER_daily_ag,8.445,13.304,1.1396,dewpoint,548.1,39.733
2017-05-13,36.23,43.85,28.43,19.47,0.0,2.75,25.33,95.96,60.08,8.49,JAI,26.91,75.79,arid,NASA_POWER_daily_ag,9.317,12.749,1.1091,dewpoint,563.0,39.792
2017-05-14,36.37,43.67,29.23,19.38,0.06,5.08,25.22,95.78,57.34,8.33,JAI,26.91,75.79,arid,NASA_POWER_daily_ag,12.642,12.674,1.0971,dewpoint,582.4,39.849
2017-05-15,34.98,41.57,27.79,20.71,0.0,4.55,26.61,95.64,62.24,8.9,JAI,26.91,75.79,arid,NASA_POWER_daily_ag,11.63,13.494,1.1403,dewpoint,597.4,39.905
2017-05-16,35.16,41.59,28.33,22.63,0.0,3.73,25.06,95.56,75.22,10.19,JAI,26.91,75.79,arid,NASA_POWER_daily_ag,10.364,13.096,1.2437,dewpoint,606.0,39.958
2017-05-17,33.94,40.24,27.48,26.26,1.06,2.35,24.95,95.68,58.73,11.38,JAI,26.91,75.79,arid,NASA_POWER_daily_ag,8.159,13.356,1.3462,dewpoint,593.1,40.01
2017-05-18,34.59,41.33,27.45,25.37,0.03,2.82,25.15,95.75,55.55,11.15,JAI,26.91,75.79,arid,NASA_POWER_daily_ag,8.972,13.365,1.3259,dewpoint,585.6,40.059
2017-05-19,35.11,42.01,27.57,23.41,1.45,4.29,27.57,95.78,54.97,10.7,JAI,26.91,75.79,arid,NASA_POWER_daily_ag,11.315,14.268,1.2868,dewpoint,582.4,40.107
2017-05-20,34.71,41.72,28.69,24.18,0.39,3.24,25.46,95.71,75.49,10.3,JAI,26.91,75.79,arid,NASA_POWER_daily_ag,9.642,13.301,1.2529,dewpoint,589.9,40.153
2017-05-21,33.7,40.33,27.82,32.39,0.16,3.48,22.89,95.66,81.79,14.15,JAI,26.91,75.79,arid,NASA_POWER_daily_ag,9.033,12.946,1.6142,dewpoint,595.2,40.197
2017-05-22,29.91,35.2,24.74,48.83,5.17,3.03,26.52,95.99,54.4,17.32,JAI,26.91,75.79,arid,NASA_POWER_daily_ag,7.604,15.56,1.9774,dewpoint,559.8,40.239
2017-05-23,32.61,39.95,24.69,40.46,0.01,2.41,25.37,95.93,48.79,16.3,JAI,26.91,75.79,arid,NASA_POWER_daily_ag,7.739,14.625,1.8534,dewpoint,566.3,40.279
2017-05-24,35.11,42.13,28.01,34.25,0.01,3.07,20.89,95.73,80.86,16.07,JAI,26.91,75.79,arid,NASA_POWER_daily_ag,8.479,12.281,1.8264,dewpoint,587.7,40.318
2017-05-25,35.63,42.79,28.37,29.43,0.0,2.44,25.49,95.62,65.04,13.83,JAI,26.91,75.79,arid,NASA_POWER_daily_ag,8.582,13.991,1.5811,dewpoint,599.5,40.355
2017-05-26,36.78,44.58,28.6,24.65,0.0,4.7,26.72,95.51,59.32,11.95,JAI,26.91,75.79,arid,NASA_POWER_daily_ag,12.136,14.078,1.3979,dewpoint,611.4,40.39
2017-05-27,36.76,44.71,28.84,23.46,0.0,5.24,27.81,95.39,57.45,11.74,JAI,26.91,75.79,arid,NASA_POWER_daily_ag,12.924,14.49,1.3787,dewpoint,624.3,40.423
2017-05-28,35.54,42.36,27.63,29.46,0.03,3.92,27.35,95.41,56.13,14.47,JAI,26.91,75.79,arid,NASA_POWER_daily_ag,10.63,15.037,1.648,dewpoint,622.1,40.455
2017-05-29,31.88,36.1,27.74,52.57,17.76,1.21,23.29,95.42,74.91,20.45,JAI,26.91,75.79,arid,NASA_POWER_daily_ag,5.885,14.438,2.4042,dewpoint,621.0,40.485
2017-05-30,32.74,39.38,25.86,43.15,0.0,1.6,23.15,95.31,73.12,17.31,JAI,26.91,75.79,arid,NASA_POWER_daily_ag,6.517,13.753,1.9761,dewpoint,632.9,40.513
2017-05-31,32.07,37.06,27.83,52.4,16.82,2.27,20.39,95.39,57.8,20.6,JAI,26.91,75.79,arid,NASA_POWER_daily_ag,6.318,12.878,2.4266,dewpoint,624.3,40.54
2017-06-01,32.04,38.44,25.61,50.87,1.72,2.45,15.03,95.68,90.27,19.53,JAI,26.91,75.79,arid,NASA_POWER_daily_ag,5.788,9.887,2.2711,dewpoint,593.1,40.565
2017-06-02,34.12,41.21,26.91,40.2,0.0,2.18,26.44,95.69,70.23,17.51,JAI,26.91,75.79,arid,NASA_POWER_daily_ag,7.903,15.356,2.0012,dewpoint,592.0,40.589
2017-06-03,35.46,43.6,27.45,30.79,0.02,3.72,26.23,95.59,40.14,14.06,JAI,26.91,75.79,arid,NASA_POWER_daily_ag,10.27,14.423,1.6048,dewpoint,602.8,40.611
2017-06-04,35.85,43.57,27.72,34.52,0.0,5.0,26.19,95.52,32.51,16.99,JAI,26.91,75.79,arid,NASA_POWER_daily_ag,11.4,15.022,1.9365,dewpoint,610.3,40.631
2017-06-05,36.34,42.84,30.32,37.76,0.0,5.15,27.17,95.59,53.35,18.9,JAI,26.91,75.79,arid,NASA_POWER_daily_ag,11.526,15.898,2.1837,dewpoint,602.8,40.65
2017-06-06,35.24,41.54,29.63,40.51,0.0,4.41,26.52,95.68,64.91,19.32,JAI,26.91,75.79,arid,NASA_POWER_daily_ag,10.243,15.731,2.2416,dewpoint,593.1,40.668
2017-06-07,34.79,39.2,30.31,40.96,0.0,2.35,22.9,95.85,74.04,19.25,JAI,26.91,75.79,arid,NASA_POWER_daily_ag,7.578,13.892,2.2319,dewpoint,574.8,40.684
2017-06-08,33.58,37.81,29.65,45.16,1.76,3.02,23.24,95.76,62.27,19.72,JAI,26.91,75.79,arid,NASA_POWER_daily_ag,7.916,14.212,2.2981,dewpoint,584.5,40.698
2017-06-09,32.05,36.55,28.47,48.43,1.59,2.16,25.07,95.68,54.05,19.36,JAI,26.91,75.79,arid,NASA_POWER_daily_ag,7.083,15.171,2.2472,dewpoint,593.1,40.711
2017-06-10,33.52,39.84,26.22,39.55,0.01,1.88,25.56,95.58,48.18,16.85,JAI,26.91,75.79,arid,NASA_POWER_daily_ag,7.367,14.872,1.9194,dewpoint,603.8,40.723
2017-06-11,33.92,40.04,28.22,37.05,0.91,2.72,26.36,95.5,70.5,16.46,JAI,26.91,75.79,arid,NASA_POWER_daily_ag,8.517,15.12,1.8724,dewpoint,612.4,40.733
2017-06-12,34.57,41.39,26.75,34.14,0.25,2.39,23.69,95.38,73.23,15.74,JAI,26.91,75.79,arid,NASA_POWER_daily_ag,7.97,13.691,1.7883,dewpoint,625.4,40.742
2017-06-13,34.62,40.49,28.85,38.93,1.93,4.46,25.3,95.4,71.79,17.88,JAI,26.91,75.79,arid,NASA_POWER_daily_ag,10.139,14.865,2.0485,dewpoint,623.2,40.749
2017-06-14,33.45,38.89,29.07,45.42,11.62,3.7,26.08,95.63,70.0,19.76,JAI,26.91,75.79,arid,NASA_POWER_daily_ag,8.847,15.715,2.3038,dewpoint,598.5,40.755
2017-06-15,33.42,40.2,26.93,40.87,0.1,3.28,26.04,95.63,69.33,17.51,JAI,26.91,75.79,arid,NASA_POWER_daily_ag,8.799,15.221,2.0012,dewpoint,598.5,40.76
2017-06-16,34.54,41.22,28.28,34.91,0.19,3.42,27.42,95.52,34.12,15.8,JAI,26.91,75.79,arid,NASA_POWER_daily_ag,9.65,15.446,1.7952,dewpoint,610.3,40.763
2017-06-17,33.98,39.12,28.44,42.75,0.74,2.78,27.34,95.53,57.03,19.18,JAI,26.91,75.79,arid,NASA_POWER_daily_ag,8.494,16.255,2.2222,dewpoint,609.2,40.764
2017-06-18,34.59,39.71,29.17,43.1,0.56,3.69,25.4,95.46,80.21,19.89,JAI,26.91,75.79,arid,NASA_POWER_daily_ag,9.123,15.362,2.3224,dewpoint,616.7,40.765
2017-06-19,35.01,40.52,30.06,41.35,1.32,4.52,26.67,95.27,54.13,19.46,JAI,26.91,75.79,arid,NASA_POWER_daily_ag,10.242,15.885,2.2613,dewpoint,637.2,40.764
2017-06-20,34.18,39.37,29.63,42.64,0.45,4.17,24.15,95.33,76.04,19.28,JAI,26.91,75.79,arid,NASA_POWER_daily_ag,9.306,14.579,2.2361,dewpoint,630.7,40.762
2017-06-21,32.44,37.14,29.16,50.69,4.24,4.18,24.81,95.43,66.46,20.43,JAI,26.91,75.79,arid,NASA_POWER_daily_ag,8.499,15.234,2.4013,dewpoint,620.0,40.758
2017-06-22,29.26,32.08,26.4,66.17,5.08,1.32,20.13,95.57,82.82,22.1,JAI,26.91,75.79,arid,NASA_POWER_daily_ag,4.912,13.095,2.6601,dewpoint,604.9,40.753
2017-06-23,31.26,36.46,26.36,54.81,0.07,1.57,23.17,95.6,78.01,20.48,JAI,26.91,75.79,arid,NASA_POWER_daily_ag,6.059,14.432,2.4087,dewpoint,601.7,40.747
2017-06-24,33.25,39.26,26.3,45.8,0.0,1.43,25.7,95.33,43.76,19.13,JAI,26.91,75.79,arid,NASA_POWER_daily_ag,6.762,15.442,2.2153,dewpoint,630.7,40.739
2017-06-25,35.41,40.9,28.58,39.86,0.24,0.92,21.52,95.23,58.79,18.94,JAI,26.91,75.79,arid,NASA_POWER_daily_ag,5.76,13.137,2.1892,dewpoint,641.5,40.73
2017-06-26,35.68,40.27,30.82,42.81,6.06,1.52,19.81,95.32,71.61,20.51,JAI,26.91,75.79,arid,NASA_POWER_daily_ag,6.218,12.461,2.4131,dewpoint,631.8,40.72
2017-06-27,33.82,39.0,29.47,52.66,8.12,1.92,19.58,95.32,78.51,22.17,JAI,26.91,75.79,arid,NASA_POWER_daily_ag,6.124,12.633,2.6715,dewpoint,631.8,40.708
2017-06-28,31.11,35.4,27.27,65.32,17.75,1.43,16.44,95.41,94.69,23.41,JAI,26.91,75.79,arid,NASA_POWER_daily_ag,4.561,11.08,2.8799,dewpoint,622.1,40.695
2017-06-29,28.99,31.87,25.85,75.73,13.33,1.56,16.29,95.34,97.52,24.06,JAI,26.91,75.79,arid,NASA_POWER_daily_ag,4.099,11.112,2.9947,dewpoint,629.7,40.68
2017-06-30,30.66,35.52,26.64,64.94,2.24,2.48,23.75,95.17,79.5,22.73,JAI,26.91,75.79,arid,NASA_POWER_daily_ag,6.313,15.204,2.7639,dewpoint,648.0,40.665
2017-07-01,30.53,35.2,26.58,65.37,3.59,2.21,20.28,95.11,88.5,22.91,JAI,26.91,75.79,arid,NASA_POWER_daily_ag,5.56,13.247,2.7942,dewpoint,654.5,40.647
2017-07-02,31.32,36.26,26.47,63.08,0.66,1.6,18.32,95.14,92.98,22.94,JAI,26.91,75.79,arid,NASA_POWER_daily_ag,5.077,12.106,2.7993,dewpoint,651.2,40.629
2017-07-03,32.15,37.83,27.32,58.64,2.18,3.08,19.78,95.25,93.31,22.37,JAI,26.91,75.79,arid,NASA_POWER_daily_ag,6.541,12.818,2.7041,dewpoint,639.4,40.609
2017-07-04,31.49,37.58,26.18,60.62,0.28,4.6,20.17,95.26,98.51,22.43,JAI,26.91,75.79,arid,NASA_POWER_daily_ag,7.158,13.067,2.714,dewpoint,638.3,40.587
2017-07-05,31.39,37.88,25.57,56.62,0.0,4.67,21.81,95.35,84.54,21.09,JAI,26.91,75.79,arid,NASA_POWER_daily_ag,7.759,13.762,2.5008,dewpoint,628.6,40.565
2017-07-06,31.68,37.44,26.38,54.31,0.02,3.59,24.87,95.5,71.79,20.8,JAI,26.91,75.79,arid,NASA_POWER_daily_ag,7.766,15.371,2.4566,dewpoint,612.4,40.54
2017-07-07,31.38,37.24,25.92,52.99,0.38,3.77,24.47,95.64,64.31,20.05,JAI,26.91,75.79,arid,NASA_POWER_daily_ag,7.857,15.01,2.3455,dewpoint,597.4,40.515
2017-07-08,32.96,39.83,26.32,48.19,0.01,3.96,23.13,95.59,73.25,19.36,JAI,26.91,75.79,arid,NASA_POWER_daily_ag,8.521,14.084,2.2472,dewpoint,602.8,40.488
2017-07-09,32.03,37.45,27.09,49.8,0.01,3.94,24.17,95.59,83.67,19.83,JAI,26.91,75.79,arid,NASA_POWER_daily_ag,8.211,14.765,2.3138,dewpoint,602.8,40.459
2017-07-10,32.78,38.98,27.18,48.75,0.0,4.24,24.02,95.6,96.17,19.94,JAI,26.91,75.79,arid,NASA_POWER_daily_ag,8.664,14.66,2.3296,dewpoint,601.7,40.429
2017-07-11,31.54,37.29,27.17,51.21,0.14,3.84,22.25,95.59,98.4,19.63,JAI,26.91,75.79,arid,NASA_POWER_daily_ag,7.726,13.702,2.2853,dewpoint,602.8,40.398
2017-07-12,30.41,34.61,26.62,61.37,8.2,1.62,18.75,95.61,94.55,21.94,JAI,26.91,75.79,arid,NASA_POWER_daily_ag,5.071,12.208,2.6343,dewpoint,600.6,40.365
2017-07-13,31.42,37.49,26.26,58.56,0.74,2.18,17.09,95.47,88.86,21.63,JAI,26.91,75.79,arid,NASA_POWER_daily_ag,5.431,11.202,2.5849,dewpoint,615.7,40.33
2017-07-14,31.52,36.84,26.66,57.86,0.92,2.83,17.52,95.4,85.02,21.73,JAI,26.91,75.79,arid,NASA_POWER_daily_ag,5.949,11.455,2.6007,dewpoint,623.2,40.294
2017-07-15,31.64,36.57,26.61,60.69,5.0,2.53,20.78,95.38,79.69,22.71,JAI,26.91,75.79,arid,NASA_POWER_daily_ag,6.145,13.435,2.7605,dewpoint,625.4,40.256
2017-07-16,30.87,34.16,27.72,66.87,7.97,1.84,16.71,95.4,92.13,23.72,JAI,26.91,75.79,arid,NASA_POWER_daily_ag,4.74,11.245,2.9341,dewpoint,623.2,40.217
2017-07-17,30.87,34.62,27.28,66.86,9.82,1.16,16.56,95.43,90.34,23.69,JAI,26.91,75.79,arid,NASA_POWER_daily_ag,4.348,11.15,2.9288,dewpoint,620.0,40.176
2017-07-18,30.3,33.85,26.56,70.2,6.42,1.47,20.5,95.46,94.94,23.96,JAI,26.91,75.79,arid,NASA_POWER_daily_ag,5.064,13.516,2.9768,dewpoint,616.7,40.134
2017-07-19,31.95,36.75,27.37,58.44,0.72,1.25,22.91,95.37,74.97,22.28,JAI,26.91,75.79,arid,NASA_POWER_daily_ag,5.772,14.527,2.6894,dewpoint,626.4,40.09
2017-07-20,31.07,35.48,28.05,61.36,0.48,1.75,21.13,95.23,88.04,22.51,JAI,26.91,75.79,arid,NASA_POWER_daily_ag,5.61,13.575,2.7272,dewpoint,641.5,40.044
2017-07-21,29.91,34.36,26.7,69.14,9.65,2.63,15.55,95.25,89.36,23.38,JAI,26.91,75.79,arid,NASA_POWER_daily_ag,4.712,10.525,2.8747,dewpoint,639.4,39.997
2017-07-22,29.18,33.79,25.76,72.04,12.23,2.8,13.9,95.18,97.32,23.31,JAI,26.91,75.79,arid,NASA_POWER_daily_ag,4.305,9.57,2.8625,dewpoint,646.9,39.948
2017-07-23,29.05,34.16,24.31,74.52,15.05,2.53,14.95,95.08,90.79,23.66,JAI,26.91,75.79,arid,NASA_POWER_daily_ag,4.258,10.219,2.9236,dewpoint,657.7,39.897
2017-07-24,28.15,31.23,25.56,80.09,19.68,2.05,13.72,95.0,77.46,24.22,JAI,26.91,75.79,arid,NASA_POWER_daily_ag,3.555,9.55,3.0235,dewpoint,666.3,39.844
2017-07-25,29.65,35.26,25.0,70.14,0.37,2.59,17.65,95.05,55.29,23.05,JAI,26.91,75.79,arid,NASA_POWER_daily_ag,5.01,11.694,2.8179,dewpoint,660.9,39.79
2017-07-26,29.12,33.3,24.94,68.85,0.09,2.04,16.79,95.33,93.26,22.57,JAI,26.91,75.79,arid,NASA_POWER_daily_ag,4.584,11.16,2.7372,dewpoint,630.7,39.734
2017-07-27,30.18,35.13,25.39,64.81,0.06,2.62,24.14,95.5,63.45,22.43,JAI,26.91,75.79,arid,NASA_POWER_daily_ag,6.311,15.276,2.714,dewpoint,612.4,39.676
2017-07-28,29.83,34.58,25.98,68.5,6.22,3.85,16.14,95.5,89.48,23.08,JAI,26.91,75.79,arid,NASA_POWER_daily_ag,5.325,10.808,2.8231,dewpoint,612.4,39.616
2017-07-29,28.83,33.46,25.38,76.07,9.33,3.8,9.57,95.4,92.76,23.84,JAI,26.91,75.79,arid,NASA_POWER_daily_ag,3.699,7.049,2.9554,dewpoint,623.2,39.555
2017-07-30,27.74,31.21,25.24,80.85,11.24,3.76,11.72,95.61,81.23,23.99,JAI,26.91,75.79,arid,NASA_POWER_daily_ag,3.502,8.325,2.9821,dewpoint,600.6,39.491
2017-07-31,27.5,31.95,24.63,81.38,5.5,2.86,9.91,95.66,98.24,23.83,JAI,26.91,75.79,arid,NASA_POWER_daily_ag,3.016,7.247,2.9536,dewpoint,595.2,39.426
2017-08-01,27.57,31.27,24.63,78.4,3.82,2.89,13.14,95.73,85.23,23.23,JAI,26.91,75.79,arid,NASA_POWER_daily_ag,3.694,9.107,2.8488,dewpoint,587.7,39.359
2017-08-02,28.62,33.6,24.37,72.78,0.24,3.52,14.97,95.67,91.52,22.82,JAI,26.91,75.79,arid,NASA_POWER_daily_ag,4.629,10.108,2.779,dewpoint,594.2,39.29
2017-08-03,28.75,34.19,24.35,70.16,0.0,3.87,16.54,95.48,89.73,22.27,JAI,26.91,75.79,arid,NASA_POWER_daily_ag,5.174,10.934,2.6878,dewpoint,614.6,39.219
2017-08-04,28.77,34.85,24.0,68.37,0.0,3.23,19.09,95.35,88.18,21.75,JAI,26.91,75.79,arid,NASA_POWER_daily_ag,5.447,12.288,2.6039,dewpoint,628.6,39.146
2017-08-05,28.79,34.62,23.73,67.93,0.0,2.38,18.87,95.5,82.49,21.66,JAI,26.91,75.79,arid,NASA_POWER_daily_ag,5.094,12.15,2.5896,dewpoint,612.4,39.071
2017-08-06,28.87,33.87,24.38,66.12,0.74,2.09,17.85,95.63,90.81,21.54,JAI,26.91,75.79,arid,NASA_POWER_daily_ag,4.846,11.561,2.5707,dewpoint,598.5,38.993
2017-08-07,29.02,34.18,24.78,72.57,7.63,1.6,14.87,95.68,96.09,23.26,JAI,26.91,75.79,arid,NASA_POWER_daily_ag,3.944,10.056,2.8539,dewpoint,593.1,38.914
2017-08-08,29.98,34.82,25.64,70.86,8.45,1.84,11.08,95.67,99.2,23.71,JAI,26.91,75.79,arid,NASA_POWER_daily_ag,3.567,7.883,2.9324,dewpoint,594.2,38.833
2017-08-09,29.14,34.44,24.93,73.94,4.87,2.87,9.44,95.6,98.3,23.64,JAI,26.91,75.79,arid,NASA_POWER_daily_ag,3.531,6.929,2.92,dewpoint,601.7,38.75
2017-08-10,28.81,34.32,24.76,72.31,0.08,3.71,14.12,95.55,99.45,22.98,JAI,26.91,75.79,arid,NASA_POWER_daily_ag,4.582,9.581,2.806,dewpoint,607.1,38.665
2017-08-11,29.31,35.53,24.46,70.06,0.09,4.25,20.03,95.54,99.34,22.77,JAI,26.91,75.79,arid,NASA_POWER_daily_ag,5.86,12.895,2.7706,dewpoint,608.1,38.578
2017-08-12,28.86,34.14,24.74,71.19,0.29,4.55,17.36,95.56,96.86,22.69,JAI,26.91,75.79,arid,NASA_POWER_daily_ag,5.401,11.38,2.7572,dewpoint,606.0,38.488
2017-08-13,28.9,34.42,24.45,69.38,0.05,3.38,17.57,95.7,82.14,22.2,JAI,26.91,75.79,arid,NASA_POWER_daily_ag,5.206,11.423,2.6763,dewpoint,590.9,38.396
2017-08-14,28.54,33.91,24.09,66.97,0.31,2.84,15.26,95.95,91.14,21.24,JAI,26.91,75.79,arid,NASA_POWER_daily_ag,4.751,10.034,2.5239,dewpoint,564.1,38.303
2017-08-15,29.15,34.82,23.8,65.35,0.08,3.04,21.32,95.89,67.27,21.51,JAI,26.91,75.79,arid,NASA_POWER_daily_ag,5.853,13.374,2.566,dewpoint,570.6,38.207
2017-08-16,29.67,36.32,23.94,62.83,0.0,3.66,22.15,95.68,69.01,21.11,JAI,26.91,75.79,arid,NASA_POWER_daily_ag,6.509,13.705,2.5039,dewpoint,593.1,38.109
2017-08-17,29.85,36.47,23.48,62.13,0.0,3.17,23.35,95.56,70.28,21.19,JAI,26.91,75.79,arid,NASA_POWER_daily_ag,6.499,14.365,2.5162,dewpoint,606.0,38.009
2017-08-18,30.8,37.6,23.78,56.59,0.34,2.06,23.88,95.57,67.45,20.14,JAI,26.91,75.79,arid,NASA_POWER_daily_ag,6.347,14.374,2.3586,dewpoint,604.9,37.906
2017-08-19,30.93,37.73,24.76,57.97,0.27,2.47,17.05,95.69,80.09,20.64,JAI,26.91,75.79,arid,NASA_POWER_daily_ag,5.581,10.822,2.4325,dewpoint,592.0,37.802
2017-08-20,30.73,36.28,25.66,64.59,0.1,2.21,20.37,95.66,79.6,22.68,JAI,26.91,75.79,arid,NASA_POWER_daily_ag,5.573,12.938,2.7555,dewpoint,595.2,37.695
2017-08-21,30.92,35.98,26.16,61.67,0.44,2.42,21.77,95.53,72.27,22.22,JAI,26.91,75.79,arid,NASA_POWER_daily_ag,6.02,13.612,2.6796,dewpoint,609.2,37.586
2017-08-22,31.04,36.25,26.37,63.31,1.61,1.64,20.15,95.58,77.87,22.76,JAI,26.91,75.79,arid,NASA_POWER_daily_ag,5.271,12.794,2.7689,dewpoint,603.8,37.475
2017-08-23,28.75,31.22,26.28,77.44,19.96,1.31,17.58,95.78,86.97,24.31,JAI,26.91,75.79,arid,NASA_POWER_daily_ag,4.092,11.645,3.0399,dewpoint,582.4,37.362
2017-08-24,28.15,31.63,25.28,79.23,22.81,1.52,15.18,95.76,95.34,24.01,JAI,26.91,75.79,arid,NASA_POWER_daily_ag,3.652,10.206,2.9857,dewpoint,584.5,37.247
2017-08-25,27.78,31.57,24.66,81.61,30.02,1.9,12.18,95.61,94.49,24.15,JAI,26.91,75.79,arid,NASA_POWER_daily_ag,3.143,8.471,3.0109,dewpoint,600.6,37.129
2017-08-26,28.46,32.92,23.98,75.7,9.12,1.59,18.14,95.47,79.18,23.48,JAI,26.91,75.79,arid,NASA_POWER_daily_ag,4.287,11.823,2.892,dewpoint,615.7,37.009
2017-08-27,29.15,35.04,24.41,70.02,0.01,1.92,22.11,95.43,60.26,22.53,JAI,26.91,75.79,arid,NASA_POWER_daily_ag,5.298,13.829,2.7306,dewpoint,620.0,36.887
2017-08-28,27.82,32.76,23.5,77.59,1.35,2.34,15.1,95.5,93.12,23.2,JAI,26.91,75.79,arid,NASA_POWER_daily_ag,3.891,10.04,2.8436,dewpoint,612.4,36.763
2017-08-29,27.4,31.01,24.58,80.0,1.82,3.65,14.78,95.48,82.13,23.48,JAI,26.91,75.79,arid,NASA_POWER_daily_ag,3.899,9.886,2.892,dewpoint,614.6,36.637
2017-08-30,27.93,31.81,25.24,80.2,6.59,2.93,15.47,95.55,85.59,23.96,JAI,26.91,75.79,arid,NASA_POWER_daily_ag,3.932,10.309,2.9768,dewpoint,607.1,36.509
2017-08-31,26.97,30.6,24.62,84.17,11.08,2.01,16.57,95.75,91.63,23.93,JAI,26.91,75.79,arid,NASA_POWER_daily_ag,3.666,10.947,2.9714,dewpoint,585.6,36.378
2017-09-01,26.9,31.07,23.98,78.97,2.65,3.08,13.99,95.86,85.96,22.65,JAI,26.91,75.79,arid,NASA_POWER_daily_ag,3.72,9.327,2.7505,dewpoint,573.8,36.246
2017-09-02,27.02,31.6,23.13,76.67,0.26,2.24,15.77,95.84,62.55,22.26,JAI,26.91,75.79,arid,NASA_POWER_daily_ag,3.903,10.265,2.6861,dewpoint,575.9,36.111
2017-09-03,27.65,33.16,22.33,73.78,0.02,1.57,12.87,95.88,70.61,22.09,JAI,26.91,75.79,arid,NASA_POWER_daily_ag,3.422,8.631,2.6585,dewpoint,571.6,35.974
2017-09-04,27.98,33.46,22.82,71.8,0.37,2.51,21.8,96.08,63.84,22.04,JAI,26.91,75.79,arid,NASA_POWER_daily_ag,5.169,13.477,2.6504,dewpoint,550.2,35.835
2017-09-05,27.93,33.83,22.35,67.96,0.01,2.31,21.76,96.06,63.84,20.97,JAI,26.91,75.79,arid,NASA_POWER_daily_ag,5.246,13.221,2.4824,dewpoint,552.3,35.694
2017-09-06,27.49,32.67,22.5,71.0,4.79,1.8,20.05,96.03,75.79,21.39,JAI,26.91,75.79,arid,NASA_POWER_daily_ag,4.633,12.393,2.5472,dewpoint,555.5,35.551
2017-09-07,28.3,33.42,22.86,67.91,1.88,1.51,19.58,96.07,74.17,21.35,JAI,26.91,75.79,arid,NASA_POWER_daily_ag,4.619,12.092,2.541,dewpoint,551.3,35.406
2017-09-08,29.09,35.45,23.03,62.41,0.0,1.82,19.65,96.1,75.54,20.48,JAI,26.91,75.79,arid,NASA_POWER_daily_ag,5.031,11.909,2.4087,dewpoint,548.1,35.26
2017-09-09,29.8,36.39,23.25,58.23,0.0,1.49,22.41,95.98,63.62,19.98,JAI,26.91,75.79,arid,NASA_POWER_daily_ag,5.4,13.172,2.3354,dewpoint,560.9,35.111
2017-09-10,29.99,35.8,23.67,60.4,0.13,1.29,16.6,96.03,79.58,20.77,JAI,26.91,75.79,arid,NASA_POWER_daily_ag,4.363,10.323,2.4521,dewpoint,555.5,34.96
2017-09-11,30.24,35.59,24.69,62.69,1.97,1.27,17.06,96.15,83.57,21.7,JAI,26.91,75.79,arid,NASA_POWER_daily_ag,4.389,10.664,2.596,dewpoint,542.7,34.808
2017-09-12,29.27,35.01,25.12,69.31,7.11,0.74,17.57,96.19,79.32,22.44,JAI,26.91,75.79,arid,NASA_POWER_daily_ag,3.963,11.035,2.7157,dewpoint,538.4,34.653
2017-09-13,29.1,34.9,23.81,67.24,10.31,0.79,16.1,96.15,80.92,21.68,JAI,26.91,75.79,arid,NASA_POWER_daily_ag,3.757,10.143,2.5928,dewpoint,542.7,34.497
2017-09-14,28.93,34.5,23.56,67.19,2.55,0.99,17.33,96.09,77.81,21.53,JAI,26.91,75.79,arid,NASA_POWER_daily_ag,4.052,10.762,2.5691,dewpoint,549.1,34.34
2017-09-15,29.07,34.46,23.59,57.2,0.12,1.06,18.58,96.02,79.63,18.8,JAI,26.91,75.79,arid,NASA_POWER_daily_ag,4.419,10.941,2.1701,dewpoint,556.6,34.18
2017-09-16,28.56,34.36,24.24,51.97,0.06,1.45,12.14,95.99,94.46,17.25,JAI,26.91,75.79,arid,NASA_POWER_daily_ag,3.867,7.678,1.9686,dewpoint,559.8,34.019
2017-09-17,29.48,36.55,23.3,47.53,0.1,1.41,17.15,95.93,79.47,16.24,JAI,26.91,75.79,arid,NASA_POWER_daily_ag,4.694,9.799,1.8463,dewpoint,566.3,33.856
2017-09-18,29.33,37.42,22.57,41.03,0.0,1.92,20.82,95.9,67.84,13.06,JAI,26.91,75.79,arid,NASA_POWER_daily_ag,5.806,10.815,1.5037,dewpoint,569.5,33.692
2017-09-19,29.01,37.81,22.17,37.14,0.0,1.78,23.28,95.82,58.14,11.28,JAI,26.91,75.79,arid,NASA_POWER_daily_ag,5.931,11.403,1.3373,dewpoint,578.1,33.526
2017-09-20,28.97,37.43,22.48,41.03,0.0,1.26,21.44,95.73,67.81,12.97,JAI,26.91,75.79,arid,NASA_POWER_daily_ag,5.072,10.975,1.4948,dewpoint,587.7,33.359
2017-09-21,28.8,36.98,21.99,47.04,0.14,1.12,20.82,95.71,72.47,15.1,JAI,26.91,75.79,arid,NASA_POWER_daily_ag,4.78,11.108,1.7164,dewpoint,589.9,33.19
2017-09-22,28.75,36.58,22.97,58.41,0.49,1.61,16.71,95.72,94.56,17.97,JAI,26.91,75.79,arid,NASA_POWER_daily_ag,4.535,9.717,2.0601,dewpoint,588.8,33.02
2017-09-23,26.4,34.2,21.83,60.23,0.0,2.84,21.81,96.03,67.72,17.01,JAI,26.91,75.79,arid,NASA_POWER_daily_ag,5.504,11.938,1.939,dewpoint,555.5,32.849
2017-09-24,28.06,36.47,20.73,57.56,0.04,2.59,21.83,96.2,62.5,17.66,JAI,26.91,75.79,arid,NASA_POWER_daily_ag,5.744,12.0,2.0203,dewpoint,537.4,32.677
2017-09-25,28.66,36.42,22.45,54.13,0.0,2.92,20.62,96.05,69.09,17.35,JAI,26.91,75.79,arid,NASA_POWER_daily_ag,6.011,11.307,1.9811,dewpoint,553.4,32.503
2017-09-26,28.32,36.06,21.62,51.23,0.0,2.15,21.73,96.1,58.71,16.19,JAI,26.91,75.79,arid,NASA_POWER_daily_ag,5.623,11.558,1.8405,dewpoint,548.1,32.328
2017-09-27,28.84,37.41,20.75,43.78,0.0,1.63,21.01,96.16,64.43,13.6,JAI,26.91,75.79,arid,NASA_POWER_daily_ag,5.319,10.679,1.5576,dewpoint,541.6,32.153
2017-09-28,28.62,37.74,21.0,38.89,0.0,1.38,21.55,96.06,64.5,11.52,JAI,26.91,75.79,arid,NASA_POWER_daily_ag,5.108,10.426,1.3588,dewpoint,552.3,31.976
2017-09-29,28.07,37.42,19.65,39.17,0.0,2.08,21.69,96.04,67.28,11.48,JAI,26.91,75.79,arid,NASA_POWER_daily_ag,5.802,10.486,1.3552,dewpoint,554.5,31.798
2017-09-30,28.81,38.06,21.0,36.92,0.0,1.54,21.62,96.21,56.06,11.18,JAI,26.91,75.79,arid,NASA_POWER_daily_ag,5.308,10.269,1.3285,dewpoint,536.3,31.62
2017-10-01,28.67,37.55,21.85,36.28,0.0,1.58,21.78,96.22,54.66,11.0,JAI,26.91,75.79,arid,NASA_POWER_daily_ag,5.336,10.23,1.3127,dewpoint,535.2,31.441
2017-10-02,28.82,38.15,20.99,40.93,0.0,1.86,21.97,96.1,56.59,12.63,JAI,26.91,75.79,arid,NASA_POWER_daily_ag,5.625,10.581,1.4619,dewpoint,548.1,31.261
2017-10-03,28.36,37.87,20.99,34.91,0.0,1.7,21.62,96.21,49.08,9.96,JAI,26.91,75.79,arid,NASA_POWER_daily_ag,5.414,9.888,1.2247,dewpoint,536.3,31.08
2017-10-04,28.62,37.64,22.4,35.09,0.0,1.15,21.59,96.31,35.8,10.52,JAI,26.91,75.79,arid,NASA_POWER_daily_ag,4.736,9.881,1.2714,dewpoint,525.6,30.899
2017-10-05,27.55,36.95,19.71,40.0,0.0,1.59,20.58,96.32,45.5,11.27,JAI,26.91,75.79,arid,NASA_POWER_daily_ag,5.009,9.76,1.3365,dewpoint,524.5,30.718
2017-10-06,27.68,36.94,19.9,37.06,0.0,1.46,19.97,96.31,44.48,10.35,JAI,26.91,75.79,arid,NASA_POWER_daily_ag,4.836,9.329,1.2571,dewpoint,525.6,30.536
2017-10-07,27.27,36.81,19.63,34.22,0.0,1.62,21.8,96.23,14.25,8.56,JAI,26.91,75.79,arid,NASA_POWER_daily_ag,5.161,9.562,1.1144,dewpoint,534.1,30.354
2017-10-08,27.8,37.27,21.51,34.86,0.0,1.73,20.9,96.13,19.95,9.47,JAI,26.91,75.79,arid,NASA_POWER_daily_ag,5.229,9.291,1.185,dewpoint,544.8,30.172
2017-10-09,28.01,37.36,21.82,35.8,0.0,1.73,20.0,96.13,34.21,9.97,JAI,26.91,75.79,arid,NASA_POWER_daily_ag,5.148,9.025,1.2255,dewpoint,544.8,29.989
2017-10-10,28.21,37.0,22.4,34.28,0.0,1.25,19.8,96.09,50.72,9.84,JAI,26.91,75.79,arid,NASA_POWER_daily_ag,4.558,8.878,1.2149,dewpoint,549.1,29.807
2017-10-11,28.14,36.98,20.53,33.19,0.0,1.22,19.67,96.11,37.71,8.73,JAI,26.91,75.79,arid,NASA_POWER_daily_ag,4.514,8.663,1.1273,dewpoint,547.0,29.624
2017-10-12,27.6,37.02,20.26,34.4,0.0,1.31,17.73,96.12,45.21,8.76,JAI,26.91,75.79,arid,NASA_POWER_daily_ag,4.382,8.039,1.1296,dewpoint,545.9,29.442
2017-10-13,28.26,37.66,21.26,31.31,0.0,1.52,19.92,95.98,43.52,7.91,JAI,26.91,75.79,arid,NASA_POWER_daily_ag,4.906,8.418,1.0662,dewpoint,560.9,29.26
2017-10-14,28.4,38.11,20.36,25.09,0.0,1.65,20.46,95.97,55.7,5.1,JAI,26.91,75.79,arid,NASA_POWER_daily_ag,5.17,8.029,0.8784,dewpoint,562.0,29.078
2017-10-15,27.54,37.65,19.74,29.52,0.0,2.68,20.02,96.01,56.29,6.79,JAI,26.91,75.79,arid,NASA_POWER_daily_ag,6.226,8.192,0.9875,dewpoint,557.7,28.897
2017-10-16,27.23,38.13,19.39,24.35,0.0,2.44,20.84,96.09,35.25,3.1,JAI,26.91,75.79,arid,NASA_POWER_daily_ag,6.075,7.684,0.7632,dewpoint,549.1,28.715
2017-10-17,26.93,37.29,20.87,19.01,0.0,1.92,20.72,96.2,7.09,-0.06,JAI,26.91,75.79,arid,NASA_POWER_daily_ag,5.361,7.051,0.6081,dewpoint,537.4,28.535
2017-10-18,26.4,36.82,19.53,20.69,0.0,1.66,20.3,96.29,2.3,0.53,JAI,26.91,75.79,arid,NASA_POWER_daily_ag,4.895,7.085,0.6348,dewpoint,527.7,28.355
2017-10-19,26.88,36.3,18.19,23.78,0.0,1.43,19.15,96.28,6.62,2.77,JAI,26.91,75.79,arid,NASA_POWER_daily_ag,4.553,7.212,0.7455,dewpoint,528.8,28.176
2017-10-20,27.98,36.32,22.08,32.15,0.0,1.05,18.48,96.24,14.53,8.71,JAI,26.91,75.79,arid,NASA_POWER_daily_ag,4.007,7.763,1.1258,dewpoint,533.1,27.997
2017-10-21,27.71,37.09,21.23,22.64,0.0,1.53,19.26,96.14,29.31,2.98,JAI,26.91,75.79,arid,NASA_POWER_daily_ag,4.717,6.947,0.7567,dewpoint,543.8,27.82
2017-10-22,25.83,36.08,18.23,25.4,0.0,2.73,18.82,96.07,35.22,3.1,JAI,26.91,75.79,arid,NASA_POWER_daily_ag,5.966,7.005,0.7632,dewpoint,551.3,27.643
2017-10-23,24.58,35.48,16.32,21.03,0.0,2.09,20.47,96.26,4.62,-1.13,JAI,26.91,75.79,arid,NASA_POWER_daily_ag,5.203,6.741,0.5624,dewpoint,530.9,27.467
2017-10-24,24.37,34.83,16.6,14.93,0.0,2.07,19.98,96.56,7.67,-5.01,JAI,26.91,75.79,arid,NASA_POWER_daily_ag,5.171,6.068,0.4209,dewpoint,498.9,27.293
2017-10-25,24.97,34.5,18.52,17.21,0.0,1.25,19.06,96.74,15.9,-2.41,JAI,26.91,75.79,arid,NASA_POWER_daily_ag,3.976,6.113,0.5116,dewpoint,479.7,27.12
2017-10-26,25.02,35.07,15.93,22.31,0.0,1.21,18.08,96.75,37.83,0.31,JAI,26.91,75.79,arid,NASA_POWER_daily_ag,3.887,6.338,0.6247,dewpoint,478.7,26.948
2017-10-27,24.74,34.69,16.4,27.51,0.0,1.42,17.65,96.66,63.05,2.99,JAI,26.91,75.79,arid,NASA_POWER_daily_ag,4.085,6.558,0.7572,dewpoint,488.2,26.777
2017-10-28,25.57,34.49,19.16,26.91,0.0,1.88,17.76,96.64,50.6,4.0,JAI,26.91,75.79,arid,NASA_POWER_daily_ag,4.728,6.553,0.8133,dewpoint,490.4,26.608
2017-10-29,24.87,34.12,18.24,23.25,0.0,1.28,17.88,96.83,36.72,1.19,JAI,26.91,75.79,arid,NASA_POWER_daily_ag,3.889,6.162,0.6658,dewpoint,470.1,26.44
2017-10-30,23.72,32.86,16.78,29.23,0.0,1.24,16.49,96.87,29.12,3.35,JAI,26.91,75.79,arid,NASA_POWER_daily_ag,3.631,6.257,0.7768,dewpoint,465.9,26.274
2017-10-31,24.46,33.57,18.27,26.24,0.0,1.2,15.27,96.7,20.12,2.57,JAI,26.91,75.79,arid,NASA_POWER_daily_ag,3.568,5.786,0.735,dewpoint,484.0,26.11
2017-11-01,25.04,34.22,19.21,23.32,0.0,1.32,16.52,96.76,22.42,1.93,JAI,26.91,75.79,arid,NASA_POWER_daily_ag,3.83,5.794,0.7021,dewpoint,477.6,25.948
2017-11-02,24.77,34.01,19.22,23.32,0.0,1.97,17.16,96.69,13.4,1.65,JAI,26.91,75.79,arid,NASA_POWER_daily_ag,4.678,5.807,0.6882,dewpoint,485.0,25.787
2017-11-03,24.23,33.51,18.29,25.78,0.0,1.43,16.14,96.68,16.32,2.19,JAI,26.91,75.79,arid,NASA_POWER_daily_ag,3.851,5.718,0.7153,dewpoint,486.1,25.629
2017-11-04,22.8,31.55,16.67,39.72,0.0,1.5,12.64,96.86,26.59,7.12,JAI,26.91,75.79,arid,NASA_POWER_daily_ag,3.418,5.656,1.0101,dewpoint,466.9,25.472
2017-11-05,23.33,30.87,16.31,45.79,0.0,1.18,15.36,96.91,14.25,9.74,JAI,26.91,75.79,arid,NASA_POWER_daily_ag,3.238,6.649,1.2067,dewpoint,461.6,25.318
2017-11-06,23.78,31.81,17.35,34.47,0.0,0.91,15.7,96.83,14.98,6.05,JAI,26.91,75.79,arid,NASA_POWER_daily_ag,3.047,6.09,0.9384,dewpoint,470.1,25.165
2017-11-07,24.07,32.5,16.62,27.66,0.0,0.82,15.38,96.78,20.34,3.09,JAI,26.91,75.79,arid,NASA_POWER_daily_ag,2.926,5.586,0.7626,dewpoint,475.5,25.015
2017-11-08,24.73,32.42,18.37,23.42,0.0,0.4,14.93,96.75,36.61,1.77,JAI,26.91,75.79,arid,NASA_POWER_daily_ag,2.423,5.236,0.6941,dewpoint,478.7,24.868
2017-11-09,24.17,31.87,17.71,25.48,0.0,0.75,13.64,96.64,43.6,2.58,JAI,26.91,75.79,arid,NASA_POWER_daily_ag,2.72,5.128,0.7355,dewpoint,490.4,24.722
2017-11-10,23.59,31.6,16.05,25.4,0.0,1.02,14.16,96.74,28.7,1.82,JAI,26.91,75.79,arid,NASA_POWER_daily_ag,3.088,5.144,0.6966,dewpoint,479.7,24.58
2017-11-11,23.2,31.15,17.4,23.51,0.0,0.75,13.54,96.82,32.07,0.64,JAI,26.91,75.79,arid,NASA_POWER_daily_ag,2.627,4.853,0.6398,dewpoint,471.2,24.439
2017-11-12,22.02,30.79,16.03,24.81,0.0,1.16,13.85,96.6,17.81,0.24,JAI,26.91,75.79,arid,NASA_POWER_daily_ag,3.114,4.873,0.6216,dewpoint,494.6,24.302
2017-11-13,21.31,30.16,15.4,24.68,0.0,1.27,14.78,96.39,14.52,-0.36,JAI,26.91,75.79,arid,NASA_POWER_daily_ag,3.22,4.936,0.595,dewpoint,517.0,24.167
2017-11-14,20.85,28.24,14.14,27.56,0.0,1.47,12.88,96.37,39.87,0.99,JAI,26.91,75.79,arid,NASA_POWER_daily_ag,3.326,4.885,0.6562,dewpoint,519.2,24.035
2017-11-15,21.13,28.67,13.97,32.74,0.0,1.34,12.3,96.48,59.74,3.58,JAI,26.91,75.79,arid,NASA_POWER_daily_ag,3.09,4.972,0.7895,dewpoint,507.4,23.905
2017-11-16,21.21,28.01,15.3,44.73,0.05,2.03,12.32,96.63,41.54,8.18,JAI,26.91,75.79,arid,NASA_POWER_daily_ag,3.461,5.373,1.086,dewpoint,491.4,23.779
2017-11-17,20.92,27.14,16.43,45.42,0.3,2.49,8.26,96.72,72.55,8.4,JAI,26.91,75.79,arid,NASA_POWER_daily_ag,3.497,4.419,1.1023,dewpoint,481.8,23.656
2017-11-18,20.56,27.66,15.04,45.65,0.05,1.57,8.2,96.8,79.95,7.82,JAI,26.91,75.79,arid,NASA_POWER_daily_ag,2.772,4.363,1.0597,dewpoint,473.3,23.535
2017-11-19,18.88,26.04,13.57,33.33,0.0,2.44,11.68,96.94,41.94,2.03,JAI,26.91,75.79,arid,NASA_POWER_daily_ag,3.834,4.671,0.7072,dewpoint,458.4,23.418
2017-11-20,17.47,26.87,11.06,23.73,0.0,1.97,12.9,97.05,33.97,-4.74,JAI,26.91,75.79,arid,NASA_POWER_daily_ag,3.582,4.283,0.4296,dewpoint,446.7,23.303
2017-11-21,16.42,25.87,9.41,26.62,0.0,2.09,14.34,96.91,25.96,-3.99,JAI,26.91,75.79,arid,NASA_POWER_daily_ag,3.548,4.557,0.4546,dewpoint,461.6,23.192
2017-11-22,16.82,26.46,9.69,23.61,0.0,1.99,15.88,96.81,30.95,-5.32,JAI,26.91,75.79,arid,NASA_POWER_daily_ag,3.578,4.485,0.4111,dewpoint,472.3,23.084
2017-11-23,16.83,27.02,9.69,17.75,0.0,1.48,16.48,96.73,24.23,-8.9,JAI,26.91,75.79,arid,NASA_POWER_daily_ag,3.099,4.072,0.3116,dewpoint,480.8,22.98
2017-11-24,17.75,27.73,10.37,15.24,0.0,1.3,16.57,96.86,23.14,-9.8,JAI,26.91,75.79,arid,NASA_POWER_daily_ag,2.953,3.844,0.2903,dewpoint,466.9,22.879
2017-11-25,19.35,29.3,11.58,15.25,0.0,1.15,16.44,96.88,20.94,-8.44,JAI,26.91,75.79,arid,NASA_POWER_daily_ag,2.846,3.758,0.3231,dewpoint,464.8,22.781
2017-11-26,19.44,29.55,12.0,17.27,0.0,1.39,16.06,97.0,9.45,-6.67,JAI,26.91,75.79,arid,NASA_POWER_daily_ag,3.149,3.845,0.3707,dewpoint,452.1,22.687
2017-11-27,19.1,29.17,12.66,18.62,0.0,1.63,15.98,96.8,24.45,-5.96,JAI,26.91,75.79,arid,NASA_POWER_daily_ag,3.388,3.869,0.3914,dewpoint,473.3,22.596
2017-11-28,20.39,29.43,14.41,17.88,0.0,1.46,16.2,96.67,5.56,-5.36,JAI,26.91,75.79,arid,NASA_POWER_daily_ag,3.281,3.795,0.4098,dewpoint,487.2,22.508
2017-11-29,20.01,29.28,11.56,20.15,0.0,1.42,15.18,96.82,7.62,-4.1,JAI,26.91,75.79,arid,NASA_POWER_daily_ag,3.191,4.001,0.4509,dewpoint,471.2,22.425
2017-11-30,19.18,28.94,11.76,23.98,0.0,1.34,15.06,96.84,18.85,-2.63,JAI,26.91,75.79,arid,NASA_POWER_daily_ag,2.973,4.13,0.5033,dewpoint,469.1,22.345
2017-12-01,18.91,28.05,11.5,24.86,0.0,1.3,15.05,96.83,7.13,-2.34,JAI,26.91,75.79,arid,NASA_POWER_daily_ag,2.897,4.188,0.5143,dewpoint,470.1,22.268
2017-12-02,18.77,27.45,10.99,27.26,0.0,1.36,14.12,96.92,36.33,-1.05,JAI,26.91,75.79,arid,NASA_POWER_daily_ag,2.912,4.271,0.5657,dewpoint,460.6,22.195
2017-12-03,18.44,26.11,10.67,29.69,0.0,1.05,12.28,96.89,81.91,-0.39,JAI,26.91,75.79,arid,NASA_POWER_daily_ag,2.482,4.197,0.5937,dewpoint,463.8,22.126
2017-12-04,18.67,24.81,14.03,28.82,0.0,1.08,10.32,96.75,89.62,-0.16,JAI,26.91,75.79,arid,NASA_POWER_daily_ag,2.464,3.939,0.6037,dewpoint,478.7,22.061
2017-12-05,18.27,25.89,13.38,41.77,0.15,1.77,5.72,96.77,99.52,4.39,JAI,26.91,75.79,arid,NASA_POWER_daily_ag,2.705,3.545,0.8359,dewpoint,476.5,21.999
2017-12-06,17.23,22.5,12.27,44.95,0.35,1.13,4.48,96.78,82.61,4.44,JAI,26.91,75.79,arid,NASA_POWER_daily_ag,1.988,3.354,0.8388,dewpoint,475.5,21.942
2017-12-07,18.25,26.35,12.68,30.65,0.0,1.48,11.61,96.87,27.19,-1.46,JAI,26.91,75.79,arid,NASA_POWER_daily_ag,2.909,3.882,0.5489,dewpoint,465.9,21.888
2017-12-08,17.27,27.62,9.49,19.42,0.0,1.46,15.48,96.87,2.36,-6.51,JAI,26.91,75.79,arid,NASA_POWER_daily_ag,2.946,3.655,0.3753,dewpoint,465.9,21.838
2017-12-09,18.45,28.04,11.81,23.82,0.0,1.35,15.31,96.78,1.97,-2.98,JAI,26.91,75.79,arid,NASA_POWER_daily_ag,2.86,3.885,0.4904,dewpoint,475.5,21.792
2017-12-10,18.85,28.13,11.94,33.83,0.0,1.27,14.38,96.79,16.17,2.29,JAI,26.91,75.79,arid,NASA_POWER_daily_ag,2.687,4.43,0.7204,dewpoint,474.4,21.75
2017-12-11,18.3,26.54,11.99,47.68,5.48,2.5,7.39,96.63,61.79,5.81,JAI,26.91,75.79,arid,NASA_POWER_daily_ag,3.153,3.806,0.9229,dewpoint,491.4,21.712
2017-12-12,15.19,22.19,9.97,60.44,0.43,1.77,13.38,96.78,15.27,6.06,JAI,26.91,75.79,arid,NASA_POWER_daily_ag,2.377,5.05,0.939,dewpoint,475.5,21.678
2017-12-13,13.99,22.61,7.04,47.21,0.0,1.24,12.11,97.0,25.21,0.71,JAI,26.91,75.79,arid,NASA_POWER_daily_ag,2.167,4.35,0.6431,dewpoint,452.1,21.648
2017-12-14,13.59,22.33,6.55,39.02,0.0,1.75,11.27,97.15,5.89,-0.84,JAI,26.91,75.79,arid,NASA_POWER_daily_ag,2.541,4.127,0.5745,dewpoint,436.1,21.621
2017-12-15,14.38,23.8,7.44,46.44,0.0,2.38,10.66,97.26,20.19,2.13,JAI,26.91,75.79,arid,NASA_POWER_daily_ag,2.815,4.192,0.7122,dewpoint,424.4,21.599
2017-12-16,13.46,23.27,7.15,38.29,0.0,2.18,11.87,97.46,2.01,-1.32,JAI,26.91,75.79,arid,NASA_POWER_daily_ag,2.842,4.085,0.5546,dewpoint,403.2,21.581
2017-12-17,14.01,25.93,5.65,28.73,0.0,1.78,15.61,97.48,8.82,-5.91,JAI,26.91,75.79,arid,NASA_POWER_daily_ag,2.888,3.864,0.3929,dewpoint,401.1,21.567
2017-12-18,15.66,27.62,7.63,24.75,0.0,2.25,15.86,97.36,23.96,-5.65,JAI,26.91,75.79,arid,NASA_POWER_daily_ag,3.496,3.695,0.4008,dewpoint,413.8,21.557
2017-12-19,15.39,23.39,10.02,25.98,0.0,1.93,11.65,97.31,94.01,-4.46,JAI,26.91,75.79,arid,NASA_POWER_daily_ag,3.102,3.713,0.4388,dewpoint,419.1,21.551
2017-12-20,17.01,25.76,11.73,27.17,0.0,1.81,9.97,97.37,96.82,-2.76,JAI,26.91,75.79,arid,NASA_POWER_daily_ag,3.096,3.596,0.4985,dewpoint,412.8,21.549
2017-12-21,18.01,27.45,10.7,35.43,0.0,1.72,14.56,97.35,34.89,1.65,JAI,26.91,75.79,arid,NASA_POWER_daily_ag,3.032,4.351,0.6882,dewpoint,414.9,21.551
2017-12-22,17.58,25.49,12.54,35.41,0.0,2.03,13.39,97.22,63.2,0.95,JAI,26.91,75.79,arid,NASA_POWER_daily_ag,3.249,4.172,0.6543,dewpoint,428.7,21.558
2017-12-23,16.92,26.69,10.47,25.94,0.0,1.77,16.14,96.91,7.76,-3.9,JAI,26.91,75.79,arid,NASA_POWER_daily_ag,3.159,3.845,0.4577,dewpoint,461.6,21.568
2017-12-24,17.21,25.9,10.17,24.68,0.0,1.52,15.27,96.84,2.49,-4.03,JAI,26.91,75.79,arid,NASA_POWER_daily_ag,2.948,3.859,0.4532,dewpoint,469.1,21.582
2017-12-25,15.64,25.69,9.08,27.37,0.0,1.78,15.44,97.08,1.99,-4.03,JAI,26.91,75.79,arid,NASA_POWER_daily_ag,3.022,3.937,0.4532,dewpoint,443.6,21.601
2017-12-26,17.25,26.72,9.58,23.14,0.0,0.83,14.14,97.09,67.06,-5.69,JAI,26.91,75.79,arid,NASA_POWER_daily_ag,2.147,3.628,0.3996,dewpoint,442.5,21.623
2017-12-27,18.61,27.0,13.06,17.83,0.0,0.81,15.21,96.95,13.35,-6.66,JAI,26.91,75.79,arid,NASA_POWER_daily_ag,2.177,3.384,0.371,dewpoint,457.4,21.649
2017-12-28,18.37,27.18,10.34,20.85,0.0,1.16,15.34,96.91,5.55,-5.05,JAI,26.91,75.79,arid,NASA_POWER_daily_ag,2.66,3.71,0.4196,dewpoint,461.6,21.68
2017-12-29,16.65,25.64,9.03,29.14,0.0,1.49,14.57,96.97,6.46,-2.29,JAI,26.91,75.79,arid,NASA_POWER_daily_ag,2.826,4.135,0.5162,dewpoint,455.2,21.714
2017-12-30,15.59,24.53,8.85,30.07,0.0,1.3,13.34,96.98,2.48,-2.65,JAI,26.91,75.79,arid,NASA_POWER_daily_ag,2.52,4.074,0.5026,dewpoint,454.2,21.753
2017-12-31,14.64,23.07,8.63,27.71,0.0,1.4,11.45,96.85,20.81,-4.22,JAI,26.91,75.79,arid,NASA_POWER_daily_ag,2.537,3.876,0.4468,dewpoint,468.0,21.795
2018-01-01,14.01,24.01,8.39,26.6,0.0,1.46,14.19,96.66,3.15,-5.97,JAI,26.91,75.79,arid,NASA_POWER_daily_ag,2.608,3.916,0.3911,dewpoint,488.2,21.842
2018-01-02,13.24,22.92,6.88,29.64,0.0,1.55,14.66,96.74,3.97,-4.8,JAI,26.91,75.79,arid,NASA_POWER_daily_ag,2.599,4.209,0.4276,dewpoint,479.7,21.892
2018-01-03,14.81,23.56,7.93,24.29,0.0,0.73,14.77,96.81,6.13,-6.34,JAI,26.91,75.79,arid,NASA_POWER_daily_ag,1.954,4.007,0.3802,dewpoint,472.3,21.946
2018-01-04,13.91,23.54,5.84,23.71,0.0,1.71,15.03,96.75,5.04,-6.99,JAI,26.91,75.79,arid,NASA_POWER_daily_ag,2.908,4.091,0.3616,dewpoint,478.7,22.005
2018-01-05,14.92,24.49,6.46,25.74,0.0,1.23,14.5,96.69,4.16,-5.11,JAI,26.91,75.79,arid,NASA_POWER_daily_ag,2.507,4.181,0.4177,dewpoint,485.0,22.067
2018-01-06,13.81,23.72,6.71,32.32,0.0,1.34,14.54,96.67,2.9,-3.29,JAI,26.91,75.79,arid,NASA_POWER_daily_ag,2.459,4.424,0.4791,dewpoint,487.2,22.133
2018-01-07,13.52,23.47,6.27,31.58,0.0,1.47,14.78,96.8,2.29,-4.48,JAI,26.91,75.79,arid,NASA_POWER_daily_ag,2.588,4.388,0.4381,dewpoint,473.3,22.202
2018-01-08,14.42,22.98,7.23,25.19,0.0,0.81,15.48,96.96,2.48,-6.41,JAI,26.91,75.79,arid,NASA_POWER_daily_ag,2.079,4.271,0.3782,dewpoint,456.3,22.276
2018-01-09,13.97,24.25,5.61,25.59,0.0,1.08,15.52,97.16,2.57,-6.85,JAI,26.91,75.79,arid,NASA_POWER_daily_ag,2.342,4.266,0.3656,dewpoint,435.1,22.353
2018-01-10,14.66,25.75,7.06,27.35,0.0,1.55,15.25,97.16,2.39,-5.15,JAI,26.91,75.79,arid,NASA_POWER_daily_ag,2.816,4.299,0.4164,dewpoint,435.1,22.434
2018-01-11,15.14,25.43,8.66,20.76,0.0,1.94,15.23,97.03,5.68,-7.96,JAI,26.91,75.79,arid,NASA_POWER_daily_ag,3.319,4.008,0.3354,dewpoint,448.9,22.519
2018-01-12,16.55,26.06,9.03,25.19,0.0,1.75,14.37,96.94,4.48,-3.82,JAI,26.91,75.79,arid,NASA_POWER_daily_ag,3.193,4.336,0.4605,dewpoint,458.4,22.607
2018-01-13,18.27,26.82,13.26,29.19,0.0,1.68,13.26,96.89,6.66,-0.12,JAI,26.91,75.79,arid,NASA_POWER_daily_ag,3.166,4.426,0.6055,dewpoint,463.8,22.699
2018-01-14,17.86,27.68,12.18,21.74,0.0,1.74,14.76,96.9,3.68,-4.47,JAI,26.91,75.79,arid,NASA_POWER_daily_ag,3.357,4.165,0.4384,dewpoint,462.7,22.794
2018-01-15,16.22,27.11,9.74,19.06,0.0,1.73,16.65,96.96,4.33,-8.5,JAI,26.91,75.79,arid,NASA_POWER_daily_ag,3.288,4.06,0.3216,dewpoint,456.3,22.893
2018-01-16,16.98,27.11,9.47,16.39,0.0,1.35,16.87,96.69,6.44,-9.39,JAI,26.91,75.79,arid,NASA_POWER_daily_ag,2.973,4.057,0.2998,dewpoint,485.0,22.996
2018-01-17,17.66,27.42,8.8,24.2,0.0,1.47,16.05,96.68,5.37,-3.2,JAI,26.91,75.79,arid,NASA_POWER_daily_ag,3.11,4.734,0.4824,dewpoint,486.1,23.102
2018-01-18,19.25,28.45,12.82,30.7,0.0,0.87,16.5,96.8,1.83,0.53,JAI,26.91,75.79,arid,NASA_POWER_daily_ag,2.526,5.048,0.6348,dewpoint,473.3,23.211
2018-01-19,17.14,27.73,9.58,29.98,0.0,1.72,16.81,96.9,1.56,-1.73,JAI,26.91,75.79,arid,NASA_POWER_daily_ag,3.283,5.039,0.538,dewpoint,462.7,23.323
2018-01-20,15.14,26.09,7.58,22.74,0.0,1.7,16.23,96.85,4.29,-7.53,JAI,26.91,75.79,arid,NASA_POWER_daily_ag,3.188,4.581,0.3468,dewpoint,468.0,23.439
2018-01-21,16.32,26.67,8.08,21.12,0.0,1.2,16.34,96.73,4.0,-7.01,JAI,26.91,75.79,arid,NASA_POWER_daily_ag,2.792,4.643,0.3611,dewpoint,480.8,23.558
2018-01-22,16.76,26.66,8.11,28.2,0.0,1.84,15.52,96.48,12.74,-2.16,JAI,26.91,75.79,arid,NASA_POWER_daily_ag,3.377,5.114,0.5212,dewpoint,507.4,23.68
2018-01-23,16.54,23.99,11.07,29.25,0.8,2.37,14.26,96.32,31.32,-1.57,JAI,26.91,75.79,arid,NASA_POWER_daily_ag,3.73,5.051,0.5444,dewpoint,524.5,23.806
2018-01-24,13.37,22.26,6.9,41.16,0.0,1.98,15.52,96.66,5.63,-1.74,JAI,26.91,75.79,arid,NASA_POWER_daily_ag,3.007,5.524,0.5376,dewpoint,488.2,23.934
2018-01-25,13.4,22.79,5.69,50.41,0.0,1.62,16.81,96.63,4.29,0.77,JAI,26.91,75.79,arid,NASA_POWER_daily_ag,2.713,6.127,0.6459,dewpoint,491.4,24.065
2018-01-26,15.89,25.75,9.34,24.17,0.0,1.18,17.48,96.64,4.4,-5.81,JAI,26.91,75.79,arid,NASA_POWER_daily_ag,2.81,5.187,0.396,dewpoint,490.4,24.199
2018-01-27,15.46,25.38,7.62,21.1,0.0,1.19,17.36,96.65,3.76,-7.73,JAI,26.91,75.79,arid,NASA_POWER_daily_ag,2.829,5.145,0.3415,dewpoint,489.3,24.336
2018-01-28,17.1,26.06,8.72,18.89,0.0,1.05,17.23,96.73,11.4,-7.42,JAI,26.91,75.79,arid,NASA_POWER_daily_ag,2.816,5.126,0.3498,dewpoint,480.8,24.476
2018-01-29,17.09,27.58,8.14,19.42,0.0,1.34,17.21,96.9,16.7,-7.06,JAI,26.91,75.79,arid,NASA_POWER_daily_ag,3.155,5.157,0.3597,dewpoint,462.7,24.619
2018-01-30,18.83,28.92,12.91,20.31,0.0,1.87,17.73,96.94,5.23,-5.0,JAI,26.91,75.79,arid,NASA_POWER_daily_ag,3.891,5.181,0.4212,dewpoint,458.4,24.764
2018-01-31,19.02,28.43,11.15,27.23,0.0,2.23,17.86,96.85,5.94,-0.98,JAI,26.91,75.79,arid,NASA_POWER_daily_ag,4.199,5.884,0.5686,dewpoint,468.0,24.912
2018-02-01,20.0,29.52,13.0,27.54,0.0,1.6,18.13,96.78,3.96,-0.52,JAI,26.91,75.79,arid,NASA_POWER_daily_ag,3.695,5.901,0.5881,dewpoint,475.5,25.062
2018-02-02,18.73,28.19,12.45,29.65,0.0,1.74,17.31,96.58,2.89,-0.27,JAI,26.91,75.79,arid,NASA_POWER_daily_ag,3.656,5.97,0.5989,dewpoint,496.8,25.214
2018-02-03,17.48,27.33,10.26,26.14,0.0,1.64,17.74,96.78,2.64,-3.66,JAI,26.91,75.79,arid,NASA_POWER_daily_ag,3.541,5.845,0.466,dewpoint,475.5,25.369
2018-02-04,16.03,26.42,7.59,14.92,0.0,1.65,18.38,96.88,13.23,-11.4,JAI,26.91,75.79,arid,NASA_POWER_daily_ag,3.57,5.393,0.2555,dewpoint,464.8,25.527
2018-02-05,17.51,26.77,9.2,15.87,0.0,1.42,12.25,97.04,92.14,-8.67,JAI,26.91,75.79,arid,NASA_POWER_daily_ag,3.273,4.823,0.3173,dewpoint,447.8,25.686
2018-02-06,17.87,24.73,12.76,16.0,0.0,1.81,10.6,97.03,99.61,-8.12,JAI,26.91,75.79,arid,NASA_POWER_daily_ag,3.709,4.649,0.3313,dewpoint,448.9,25.848
2018-02-07,18.13,27.67,11.08,12.73,0.0,1.56,16.48,96.81,38.17,-10.67,JAI,26.91,75.79,arid,NASA_POWER_daily_ag,3.663,5.208,0.2709,dewpoint,472.3,26.011
2018-02-08,16.99,26.19,9.74,12.37,0.0,1.31,16.75,96.63,32.49,-11.81,JAI,26.91,75.79,arid,NASA_POWER_daily_ag,3.294,5.368,0.2472,dewpoint,491.4,26.177
2018-02-09,17.27,26.4,8.37,12.12,0.0,1.48,19.03,96.64,8.99,-12.12,JAI,26.91,75.79,arid,NASA_POWER_daily_ag,3.629,5.755,0.2411,dewpoint,490.4,26.344
2018-02-10,17.91,27.73,9.37,15.5,0.0,2.27,17.48,96.78,29.93,-8.7,JAI,26.91,75.79,arid,NASA_POWER_daily_ag,4.481,5.792,0.3166,dewpoint,475.5,26.513
2018-02-11,18.1,25.19,12.56,27.13,0.22,3.24,12.85,96.71,74.45,-2.3,JAI,26.91,75.79,arid,NASA_POWER_daily_ag,4.901,5.563,0.5158,dewpoint,482.9,26.684
2018-02-12,18.5,26.4,12.87,38.64,0.04,2.06,17.85,96.88,42.12,2.71,JAI,26.91,75.79,arid,NASA_POWER_daily_ag,3.942,7.149,0.7423,dewpoint,464.8,26.857
2018-02-13,16.77,25.64,9.73,41.9,0.0,1.75,16.28,97.43,45.8,1.6,JAI,26.91,75.79,arid,NASA_POWER_daily_ag,3.424,6.831,0.6857,dewpoint,406.4,27.031
2018-02-14,16.83,26.62,8.7,35.14,0.0,2.11,16.84,97.53,49.47,0.05,JAI,26.91,75.79,arid,NASA_POWER_daily_ag,3.837,6.852,0.613,dewpoint,395.8,27.206
2018-02-15,18.47,28.31,10.26,37.26,0.0,1.93,19.15,97.34,7.03,2.43,JAI,26.91,75.79,arid,NASA_POWER_daily_ag,3.967,7.625,0.7277,dewpoint,416.0,27.383
2018-02-16,19.79,29.4,12.21,34.47,0.0,1.74,19.38,97.17,7.1,2.21,JAI,26.91,75.79,arid,NASA_POWER_daily_ag,4.035,7.576,0.7163,dewpoint,434.0,27.561
2018-02-17,20.53,30.07,12.63,29.05,0.0,1.91,19.31,96.69,7.67,0.98,JAI,26.91,75.79,arid,NASA_POWER_daily_ag,4.367,7.415,0.6558,dewpoint,485.0,27.741
2018-02-18,20.98,30.01,14.17,25.24,0.0,1.07,16.67,96.56,73.45,-0.71,JAI,26.91,75.79,arid,NASA_POWER_daily_ag,3.386,6.631,0.58,dewpoint,498.9,27.921
2018-02-19,21.34,31.06,13.95,17.38,0.0,1.35,18.84,96.68,15.37,-4.78,JAI,26.91,75.79,arid,NASA_POWER_daily_ag,3.936,6.638,0.4283,dewpoint,486.1,28.102
2018-02-20,22.57,31.93,14.56,19.74,0.0,1.36,20.01,96.66,3.16,-2.5,JAI,26.91,75.79,arid,NASA_POWER_daily_ag,4.136,7.12,0.5082,dewpoint,488.2,28.285
2018-02-21,23.81,32.88,17.66,21.9,0.0,1.61,18.47,96.47,16.52,0.02,JAI,26.91,75.79,arid,NASA_POWER_daily_ag,4.479,7.003,0.6117,dewpoint,508.5,28.468
2018-02-22,24.05,33.4,16.64,26.19,0.0,1.69,18.79,96.35,20.39,2.42,JAI,26.91,75.79,arid,NASA_POWER_daily_ag,4.603,7.473,0.7271,dewpoint,521.3,28.652
2018-02-23,25.22,34.13,18.14,21.88,0.0,1.36,17.82,96.34,54.66,0.97,JAI,26.91,75.79,arid,NASA_POWER_daily_ag,4.284,7.031,0.6553,dewpoint,522.4,28.837
2018-02-24,23.63,31.29,17.38,33.11,0.0,2.19,19.21,96.57,49.31,5.45,JAI,26.91,75.79,arid,NASA_POWER_daily_ag,5.036,8.199,0.9001,dewpoint,497.8,29.022
2018-02-25,22.75,31.12,16.11,29.47,0.0,2.84,20.64,96.91,24.48,3.05,JAI,26.91,75.79,arid,NASA_POWER_daily_ag,5.738,8.35,0.7605,dewpoint,461.6,29.207
2018-02-26,21.53,30.36,13.33,30.8,0.0,2.23,21.89,96.81,15.86,2.51,JAI,26.91,75.79,arid,NASA_POWER_daily_ag,5.081,8.851,0.7318,dewpoint,472.3,29.393
2018-02-27,24.57,33.15,17.73,30.54,0.0,1.17,21.11,96.67,14.23,5.2,JAI,26.91,75.79,arid,NASA_POWER_daily_ag,4.233,8.77,0.8846,dewpoint,487.2,29.58
2018-02-28,24.19,32.64,17.94,29.87,0.0,1.48,15.29,96.62,67.22,4.79,JAI,26.91,75.79,arid,NASA_POWER_daily_ag,4.144,7.156,0.8596,dewpoint,492.5,29.766
2018-03-01,24.62,33.51,17.39,25.72,0.0,1.96,16.99,96.46,88.84,2.74,JAI,26.91,75.79,arid,NASA_POWER_daily_ag,4.989,7.44,0.7439,dewpoint,509.6,29.953
2018-03-02,24.82,33.88,17.28,25.65,0.0,2.6,20.42,96.38,60.02,2.94,JAI,26.91,75.79,arid,NASA_POWER_daily_ag,5.981,8.416,0.7545,dewpoint,518.1,30.14
2018-03-03,25.38,33.79,18.35,24.52,0.0,2.41,19.69,96.22,71.11,2.8,JAI,26.91,75.79,arid,NASA_POWER_daily_ag,5.846,8.228,0.7471,dewpoint,535.2,30.326
2018-03-04,23.99,31.67,17.49,35.01,0.01,2.39,16.91,96.29,76.6,6.65,JAI,26.91,75.79,arid,NASA_POWER_daily_ag,5.151,8.083,0.978,dewpoint,527.7,30.513
2018-03-05,22.15,31.01,15.28,32.22,0.0,2.16,20.86,96.66,64.01,2.25,JAI,26.91,75.79,arid,NASA_POWER_daily_ag,5.157,8.86,0.7184,dewpoint,488.2,30.699
2018-03-06,21.98,31.02,15.02,23.26,0.0,1.78,22.74,96.79,54.95,-1.06,JAI,26.91,75.79,arid,NASA_POWER_daily_ag,4.977,8.981,0.5653,dewpoint,474.4,30.885
2018-03-07,22.71,32.17,14.4,21.67,0.0,1.09,21.62,96.67,56.81,-2.2,JAI,26.91,75.79,arid,NASA_POWER_daily_ag,4.164,8.58,0.5197,dewpoint,487.2,31.071
2018-03-08,23.48,33.06,14.75,18.92,0.0,1.51,21.03,96.7,59.45,-3.09,JAI,26.91,75.79,arid,NASA_POWER_daily_ag,4.79,8.323,0.4863,dewpoint,484.0,31.256
2018-03-09,25.16,34.28,16.22,16.75,0.0,1.73,19.06,96.68,68.44,-2.43,JAI,26.91,75.79,arid,NASA_POWER_daily_ag,5.171,7.855,0.5109,dewpoint,486.1,31.441
2018-03-10,25.32,34.77,16.77,20.17,0.0,1.74,21.24,96.62,61.78,-0.1,JAI,26.91,75.79,arid,NASA_POWER_daily_ag,5.319,8.688,0.6064,dewpoint,492.5,31.625
2018-03-11,25.02,34.47,16.02,21.32,0.0,1.51,22.07,96.54,61.29,-0.08,JAI,26.91,75.79,arid,NASA_POWER_daily_ag,5.057,9.027,0.6073,dewpoint,501.0,31.808
2018-03-12,26.17,35.34,17.34,19.93,0.0,1.42,22.68,96.56,60.58,-0.23,JAI,26.91,75.79,arid,NASA_POWER_daily_ag,5.114,9.114,0.6007,dewpoint,498.9,31.991
2018-03-13,26.7,36.53,18.49,14.58,0.0,1.83,22.98,96.4,63.15,-3.81,JAI,26.91,75.79,arid,NASA_POWER_daily_ag,5.798,8.633,0.4608,dewpoint,516.0,32.173
2018-03-14,25.4,35.29,17.2,17.65,0.0,3.05,21.6,96.25,59.74,-1.34,JAI,26.91,75.79,arid,NASA_POWER_daily_ag,7.053,8.832,0.5537,dewpoint,532.0,32.354
2018-03-15,24.86,33.66,18.04,28.16,0.79,2.26,22.18,96.31,55.82,4.49,JAI,26.91,75.79,arid,NASA_POWER_daily_ag,5.868,9.917,0.8417,dewpoint,525.6,32.533
2018-03-16,24.68,33.5,18.22,24.0,0.2,2.04,19.32,96.33,75.16,1.74,JAI,26.91,75.79,arid,NASA_POWER_daily_ag,5.494,8.734,0.6926,dewpoint,523.5,32.712
2018-03-17,23.7,32.95,15.61,19.41,0.0,2.13,23.17,96.49,61.91,-2.32,JAI,26.91,75.79,arid,NASA_POWER_daily_ag,5.875,9.515,0.515,dewpoint,506.4,32.89
2018-03-18,25.37,34.91,16.25,17.5,0.0,1.45,22.57,96.58,65.25,-2.13,JAI,26.91,75.79,arid,NASA_POWER_daily_ag,5.176,9.287,0.5224,dewpoint,496.8,33.066
2018-03-19,26.39,35.48,18.01,14.19,0.0,2.12,15.29,96.65,85.79,-3.51,JAI,26.91,75.79,arid,NASA_POWER_daily_ag,5.789,7.23,0.4713,dewpoint,489.3,33.241
2018-03-20,27.14,34.78,20.33,26.14,0.0,2.53,19.5,96.43,62.63,5.54,JAI,26.91,75.79,arid,NASA_POWER_daily_ag,6.389,9.306,0.9057,dewpoint,512.8,33.415
2018-03-21,25.14,32.4,18.34,24.67,0.0,2.71,24.03,96.29,61.45,3.07,JAI,26.91,75.79,arid,NASA_POWER_daily_ag,6.714,10.674,0.7615,dewpoint,527.7,33.587
2018-03-22,23.41,31.43,15.72,32.68,0.0,2.32,23.28,96.33,60.29,4.94,JAI,26.91,75.79,arid,NASA_POWER_daily_ag,5.836,10.934,0.8687,dewpoint,523.5,33.758
2018-03-23,22.75,31.05,14.84,31.86,0.0,2.61,23.71,96.46,55.71,3.99,JAI,26.91,75.79,arid,NASA_POWER_daily_ag,6.065,11.044,0.8127,dewpoint,509.6,33.927
2018-03-24,24.47,33.62,16.47,25.58,0.0,2.25,23.44,96.75,65.23,1.99,JAI,26.91,75.79,arid,NASA_POWER_daily_ag,6.129,10.492,0.7051,dewpoint,478.7,34.095
2018-03-25,26.02,35.63,18.01,21.43,0.0,2.3,24.18,96.84,64.15,0.9,JAI,26.91,75.79,arid,NASA_POWER_daily_ag,6.554,10.425,0.652,dewpoint,469.1,34.261
2018-03-26,26.03,36.02,17.35,14.08,0.0,2.05,23.63,96.71,69.72,-5.1,JAI,26.91,75.79,arid,NASA_POWER_daily_ag,6.313,9.545,0.418,dewpoint,482.9,34.426
2018-03-27,28.66,38.67,21.83,10.75,0.0,1.88,25.25,96.34,64.01,-5.77,JAI,26.91,75.79,arid,NASA_POWER_daily_ag,6.467,9.501,0.3972,dewpoint,522.4,34.589
2018-03-28,28.77,39.62,19.2,10.26,0.0,2.29,24.86,96.25,66.55,-6.32,JAI,26.91,75.79,arid,NASA_POWER_daily_ag,7.143,9.492,0.3808,dewpoint,532.0,34.749
2018-03-29,28.31,38.52,19.2,11.55,0.0,2.34,24.72,96.27,64.15,-5.17,JAI,26.91,75.79,arid,NASA_POWER_daily_ag,7.162,9.739,0.4158,dewpoint,529.9,34.909
2018-03-30,28.9,39.79,19.0,11.13,0.0,2.74,25.7,96.03,61.74,-5.84,JAI,26.91,75.79,arid,NASA_POWER_daily_ag,7.917,9.884,0.3951,dewpoint,555.5,35.066
2018-03-31,29.28,39.92,22.01,8.63,0.0,1.45,25.12,96.06,61.31,-7.88,JAI,26.91,75.79,arid,NASA_POWER_daily_ag,5.835,9.362,0.3375,dewpoint,552.3,35.221
2018-04-01,27.92,37.77,17.94,13.24,0.0,1.7,23.93,96.21,64.57,-4.03,JAI,26.91,75.79,arid,NASA_POWER_daily_ag,6.144,9.958,0.4532,dewpoint,536.3,35.374
2018-04-02,29.24,39.22,18.6,18.64,0.0,1.77,25.06,96.26,58.15,1.16,JAI,26.91,75.79,arid,NASA_POWER_daily_ag,6.502,10.92,0.6643,dewpoint,530.9,35.526
2018-04-03,30.91,39.96,22.41,16.44,0.0,2.09,22.19,96.19,79.95,1.6,JAI,26.91,75.79,arid,NASA_POWER_daily_ag,6.953,9.946,0.6857,dewpoint,538.4,35.675
2018-04-04,30.82,40.25,22.09,17.16,0.0,2.61,23.12,95.99,71.25,2.07,JAI,26.91,75.79,arid,NASA_POWER_daily_ag,7.792,10.34,0.7092,dewpoint,559.8,35.822
2018-04-05,30.99,39.51,22.01,20.73,0.0,1.28,23.2,95.84,70.96,4.95,JAI,26.91,75.79,arid,NASA_POWER_daily_ag,5.788,10.876,0.8693,dewpoint,575.9,35.967
2018-04-06,30.94,39.5,24.38,29.48,1.43,2.21,20.12,95.96,87.29,9.75,JAI,26.91,75.79,arid,NASA_POWER_daily_ag,6.681,10.427,1.2075,dewpoint,563.0,36.11
2018-04-07,29.26,37.71,21.89,35.94,2.88,2.04,22.18,96.21,62.84,11.04,JAI,26.91,75.79,arid,NASA_POWER_daily_ag,6.355,11.604,1.3162,dewpoint,536.3,36.251
2018-04-08,30.1,38.05,22.16,28.46,0.0,1.02,23.25,96.23,56.54,8.65,JAI,26.91,75.79,arid,NASA_POWER_daily_ag,5.356,11.643,1.1212,dewpoint,534.1,36.389
2018-04-09,30.77,38.55,23.16,29.42,0.01,1.22,19.58,96.28,83.11,9.95,JAI,26.91,75.79,arid,NASA_POWER_daily_ag,5.286,10.395,1.2239,dewpoint,528.8,36.526
2018-04-10,30.75,38.07,23.59,31.19,0.69,1.36,21.48,96.19,69.11,10.53,JAI,26.91,75.79,arid,NASA_POWER_daily_ag,5.704,11.263,1.2723,dewpoint,538.4,36.66
2018-04-11,29.84,36.93,23.78,35.71,6.64,1.47,21.57,96.09,74.45,11.26,JAI,26.91,75.79,arid,NASA_POWER_daily_ag,5.727,11.478,1.3356,dewpoint,549.1,36.792
2018-04-12,28.4,35.66,21.8,40.4,1.16,1.54,23.94,96.1,62.04,12.07,JAI,26.91,75.79,arid,NASA_POWER_daily_ag,5.874,12.751,1.4091,dewpoint,548.1,36.921
2018-04-13,27.71,35.95,20.18,34.15,0.72,2.04,24.59,96.31,63.44,8.2,JAI,26.91,75.79,arid,NASA_POWER_daily_ag,6.538,12.422,1.0875,dewpoint,525.6,37.048
2018-04-14,29.08,37.36,21.09,25.64,0.01,1.46,24.3,96.18,61.31,5.9,JAI,26.91,75.79,arid,NASA_POWER_daily_ag,6.056,11.872,0.9287,dewpoint,539.5,37.173
2018-04-15,30.97,39.39,22.08,25.95,0.02,1.57,20.89,96.09,75.29,7.78,JAI,26.91,75.79,arid,NASA_POWER_daily_ag,6.06,10.782,1.0568,dewpoint,549.1,37.296
2018-04-16,31.76,39.77,23.85,22.82,0.0,2.91,21.65,96.2,76.01,6.85,JAI,26.91,75.79,arid,NASA_POWER_daily_ag,8.181,10.889,0.9916,dewpoint,537.4,37.416
2018-04-17,31.44,39.22,24.23,22.92,0.0,3.0,27.18,96.29,54.88,6.82,JAI,26.91,75.79,arid,NASA_POWER_daily_ag,8.79,12.945,0.9895,dewpoint,527.7,37.534
2018-04-18,30.97,39.37,22.84,21.75,0.0,2.52,26.29,96.28,60.46,5.41,JAI,26.91,75.79,arid,NASA_POWER_daily_ag,8.047,12.459,0.8976,dewpoint,528.8,37.65
2018-04-19,31.59,39.78,23.82,18.41,0.0,2.66,26.53,95.93,58.92,3.8,JAI,26.91,75.79,arid,NASA_POWER_daily_ag,8.426,12.242,0.8019,dewpoint,566.3,37.763
2018-04-20,30.86,38.91,23.66,19.66,0.0,4.46,26.8,95.83,58.04,4.44,JAI,26.91,75.79,arid,NASA_POWER_daily_ag,10.487,12.538,0.8388,dewpoint,577.0,37.874
2018-04-21,26.9,35.64,19.33,8.04,0.0,2.94,26.35,96.24,66.53,-10.24,JAI,26.91,75.79,arid,NASA_POWER_daily_ag,8.229,10.863,0.2803,dewpoint,533.1,37.982
2018-04-22,27.24,36.68,17.69,14.19,0.0,2.58,27.17,96.35,51.32,-3.61,JAI,26.91,75.79,arid,NASA_POWER_daily_ag,7.804,11.937,0.4678,dewpoint,521.3,38.089
2018-04-23,28.31,37.61,19.03,15.25,0.0,2.75,27.76,96.33,57.94,-1.79,JAI,26.91,75.79,arid,NASA_POWER_daily_ag,8.239,12.277,0.5357,dewpoint,523.5,38.192
2018-04-24,30.68,40.69,21.6,10.51,0.0,2.48,28.45,96.15,60.74,-5.11,JAI,26.91,75.79,arid,NASA_POWER_daily_ag,8.327,11.689,0.4177,dewpoint,542.7,38.294
2018-04-25,31.8,41.99,21.42,10.01,0.0,3.12,27.52,95.9,63.27,-4.22,JAI,26.91,75.79,arid,NASA_POWER_daily_ag,9.433,11.513,0.4468,dewpoint,569.5,38.393
2018-04-26,32.53,41.86,24.23,14.17,0.0,3.59,26.03,95.77,67.44,0.86,JAI,26.91,75.79,arid,NASA_POWER_daily_ag,10.013,11.694,0.6501,dewpoint,583.4,38.49
2018-04-27,33.91,43.21,23.63,15.11,0.0,2.37,24.78,95.92,67.0,2.67,JAI,26.91,75.79,arid,NASA_POWER_daily_ag,8.305,11.534,0.7402,dewpoint,567.3,38.584
2018-04-28,34.85,43.72,26.72,18.59,0.0,3.38,24.24,95.88,65.31,6.87,JAI,26.91,75.79,arid,NASA_POWER_daily_ag,9.834,11.867,0.993,dewpoint,571.6,38.677
2018-04-29,34.51,43.68,25.43,16.06,0.0,2.6,25.01,95.71,67.56,4.01,JAI,26.91,75.79,arid,NASA_POWER_daily_ag,8.769,11.766,0.8138,dewpoint,589.9,38.766
2018-04-30,34.41,43.57,25.4,21.03,0.01,3.85,24.64,95.55,62.3,7.76,JAI,26.91,75.79,arid,NASA_POWER_daily_ag,10.371,12.275,1.0554,dewpoint,607.1,38.854
2018-05-01,35.3,44.22,26.09,20.95,0.0,2.7,25.49,95.67,68.01,7.85,JAI,26.91,75.79,arid,NASA_POWER_daily_ag,9.035,12.567,1.0619,dewpoint,594.2,38.939
2018-05-02,34.77,43.34,26.33,19.72,0.26,2.29,26.06,95.81,58.74,7.39,JAI,26.91,75.79,arid,NASA_POWER_daily_ag,8.388,12.75,1.029,dewpoint,579.1,39.022
2018-05-03,33.66,41.86,24.58,25.96,3.23,1.79,27.22,95.9,66.51,9.38,JAI,26.91,75.79,arid,NASA_POWER_daily_ag,7.584,13.741,1.1779,dewpoint,569.5,39.103
2018-05-04,32.83,40.62,24.86,29.51,0.54,2.0,23.79,95.93,82.82,11.32,JAI,26.91,75.79,arid,NASA_POWER_daily_ag,7.294,12.747,1.3409,dewpoint,566.3,39.182
2018-05-05,33.21,41.6,24.4,25.39,0.14,1.6,23.27,95.96,82.33,8.77,JAI,26.91,75.79,arid,NASA_POWER_daily_ag,6.771,12.117,1.1303,dewpoint,563.0,39.258
2018-05-06,33.43,41.07,25.86,19.58,0.0,2.66,26.06,96.0,61.32,5.79,JAI,26.91,75.79,arid,NASA_POWER_daily_ag,8.791,12.687,0.9216,dewpoint,558.8,39.332
2018-05-07,32.42,39.86,24.74,17.96,0.0,3.75,28.14,95.94,57.65,4.51,JAI,26.91,75.79,arid,NASA_POWER_daily_ag,10.333,13.366,0.8429,dewpoint,565.2,39.404
2018-05-08,30.76,36.74,24.25,27.72,1.31,2.9,23.38,95.95,73.65,9.58,JAI,26.91,75.79,arid,NASA_POWER_daily_ag,8.083,12.529,1.1938,dewpoint,564.1,39.474
2018-05-09,31.95,39.51,24.86,28.38,0.0,2.23,23.92,96.08,83.77,10.46,JAI,26.91,75.79,arid,NASA_POWER_daily_ag,7.515,12.776,1.2663,dewpoint,550.2,39.542
2018-05-10,33.1,41.26,24.57,23.34,0.0,2.16,26.18,96.17,62.07,8.32,JAI,26.91,75.79,arid,NASA_POWER_daily_ag,7.974,13.28,1.0964,dewpoint,540.6,39.608
2018-05-11,35.41,43.61,27.89,20.47,0.0,2.67,26.23,95.94,71.95,8.66,JAI,26.91,75.79,arid,NASA_POWER_daily_ag,9.117,13.13,1.122,dewpoint,565.2,39.671
2018-05-12,36.15,43.35,28.68,18.2,0.0,3.63,27.04,95.88,60.89,7.48,JAI,26.91,75.79,arid,NASA_POWER_daily_ag,10.852,13.214,1.0354,dewpoint,571.6,39.733
2018-05-13,35.12,42.89,27.49,14.42,0.0,3.29,25.22,95.86,89.67,3.52,JAI,26.91,75.79,arid,NASA_POWER_daily_ag,10.086,11.99,0.7862,dewpoint,573.8,39.792
2018-05-14,33.79,41.85,24.68,18.75,0.0,2.53,20.49,95.9,87.09,5.98,JAI,26.91,75.79,arid,NASA_POWER_daily_ag,8.102,10.783,0.9338,dewpoint,569.5,39.849
2018-05-15,34.56,42.25,27.08,22.21,0.91,2.6,21.23,95.8,89.34,8.92,JAI,26.91,75.79,arid,NASA_POWER_daily_ag,8.287,11.358,1.1419,dewpoint,580.2,39.905
2018-05-16,34.79,41.96,27.79,21.24,0.78,2.51,23.23,95.72,87.59,8.64,JAI,26.91,75.79,arid,NASA_POWER_daily_ag,8.442,12.109,1.1204,dewpoint,588.8,39.958
2018-05-17,35.53,42.8,28.19,22.12,1.3,1.16,23.2,95.7,90.25,9.41,JAI,26.91,75.79,arid,NASA_POWER_daily_ag,6.323,12.179,1.1802,dewpoint,590.9,40.01
2018-05-18,34.54,41.44,27.23,18.97,0.23,1.51,24.03,95.67,86.29,6.54,JAI,26.91,75.79,arid,NASA_POWER_daily_ag,6.939,12.168,0.9706,dewpoint,594.2,40.059
2018-05-19,34.54,41.87,26.73,18.38,0.01,2.15,25.02,95.66,79.03,6.23,JAI,26.91,75.79,arid,NASA_POWER_daily_ag,8.125,12.505,0.9501,dewpoint,595.2,40.107
2018-05-20,35.28,42.28,27.62,20.66,0.0,2.16,24.86,95.78,75.77,8.59,JAI,26.91,75.79,arid,NASA_POWER_daily_ag,8.197,12.778,1.1166,dewpoint,582.4,40.153
2018-05-21,36.36,42.87,29.82,16.43,0.0,2.77,25.86,95.82,68.92,6.45,JAI,26.91,75.79,arid,NASA_POWER_daily_ag,9.517,12.692,0.9646,dewpoint,578.1,40.197
2018-05-22,36.15,43.99,27.92,15.81,0.0,2.31,27.22,95.77,60.75,5.61,JAI,26.91,75.79,arid,NASA_POWER_daily_ag,8.887,13.082,0.9102,dewpoint,583.4,40.239
2018-05-23,36.83,44.76,28.82,13.28,0.0,2.34,26.83,95.61,66.17,3.36,JAI,26.91,75.79,arid,NASA_POWER_daily_ag,9.0,12.492,0.7773,dewpoint,600.6,40.279
2018-05-24,36.48,44.32,28.82,13.08,0.0,2.93,26.21,95.54,67.6,2.89,JAI,26.91,75.79,arid,NASA_POWER_daily_ag,9.909,12.246,0.7519,dewpoint,608.1,40.318
2018-05-25,35.96,44.05,28.05,9.38,0.0,1.81,26.44,95.63,75.03,-2.05,JAI,26.91,75.79,arid,NASA_POWER_daily_ag,7.846,11.656,0.5255,dewpoint,598.5,40.355
2018-05-26,35.99,44.48,27.02,8.29,0.0,2.35,29.33,95.57,61.75,-3.25,JAI,26.91,75.79,arid,NASA_POWER_daily_ag,9.132,12.379,0.4806,dewpoint,604.9,40.39
2018-05-27,36.08,44.67,27.49,6.7,0.0,3.18,27.24,95.53,69.58,-6.29,JAI,26.91,75.79,arid,NASA_POWER_daily_ag,10.448,11.342,0.3817,dewpoint,609.2,40.423
2018-05-28,36.28,44.27,27.99,9.2,0.0,2.48,27.77,95.33,68.15,-1.52,JAI,26.91,75.79,arid,NASA_POWER_daily_ag,9.279,12.164,0.5464,dewpoint,630.7,40.455
2018-05-29,37.09,45.29,27.4,13.29,0.0,2.59,23.84,95.23,77.67,3.41,JAI,26.91,75.79,arid,NASA_POWER_daily_ag,9.199,11.586,0.7801,dewpoint,641.5,40.485
2018-05-30,37.01,42.79,30.49,25.73,1.86,1.93,22.48,95.35,84.39,13.83,JAI,26.91,75.79,arid,NASA_POWER_daily_ag,7.672,12.616,1.5811,dewpoint,628.6,40.513
2018-05-31,36.88,43.82,29.01,27.81,0.0,2.58,22.3,95.55,84.13,13.78,JAI,26.91,75.79,arid,NASA_POWER_daily_ag,8.617,12.537,1.5759,dewpoint,607.1,40.54
2018-06-01,36.99,44.85,29.25,16.76,0.0,3.33,26.13,95.59,48.63,6.62,JAI,26.91,75.79,arid,NASA_POWER_daily_ag,10.574,12.848,0.976,dewpoint,602.8,40.565
2018-06-02,36.4,43.85,28.97,20.21,0.0,3.65,24.98,95.62,73.54,8.84,JAI,26.91,75.79,arid,NASA_POWER_daily_ag,10.691,12.852,1.1357,dewpoint,599.5,40.589
2018-06-03,36.35,44.14,29.1,15.86,0.0,5.02,25.64,95.43,67.87,5.71,JAI,26.91,75.79,arid,NASA_POWER_daily_ag,12.846,12.575,0.9165,dewpoint,620.0,40.611
2018-06-04,36.21,43.86,27.95,19.0,0.0,3.23,25.95,95.37,62.88,8.42,JAI,26.91,75.79,arid,NASA_POWER_daily_ag,10.168,13.217,1.1038,dewpoint,626.4,40.631
2018-06-05,37.06,44.03,29.83,24.43,1.85,2.6,25.57,95.53,60.77,12.79,JAI,26.91,75.79,arid,NASA_POWER_daily_ag,9.165,13.787,1.4773,dewpoint,609.2,40.65
2018-06-06,37.06,43.41,30.86,30.75,2.11,1.77,21.55,95.65,86.9,15.9,JAI,26.91,75.79,arid,NASA_POWER_daily_ag,7.237,12.52,1.8067,dewpoint,596.3,40.668
2018-06-07,37.44,44.52,29.79,29.27,0.0,2.1,22.97,95.3,89.6,15.21,JAI,26.91,75.79,arid,NASA_POWER_daily_ag,8.028,13.067,1.7285,dewpoint,634.0,40.684
2018-06-08,36.97,42.78,31.58,32.9,0.77,3.67,23.46,95.07,82.46,17.59,JAI,26.91,75.79,arid,NASA_POWER_daily_ag,9.888,13.748,2.0114,dewpoint,658.8,40.698
2018-06-09,35.9,41.09,31.13,38.73,3.63,2.75,18.5,94.99,90.77,19.33,JAI,26.91,75.79,arid,NASA_POWER_daily_ag,7.588,11.589,2.243,dewpoint,667.4,40.711
2018-06-10,33.86,37.23,30.42,48.56,2.91,2.34,20.11,95.11,92.21,21.15,JAI,26.91,75.79,arid,NASA_POWER_daily_ag,6.711,12.788,2.51,dewpoint,654.5,40.723
2018-06-11,35.17,40.99,29.31,41.68,1.23,3.67,22.62,95.02,77.06,19.39,JAI,26.91,75.79,arid,NASA_POWER_daily_ag,8.959,13.771,2.2514,dewpoint,664.2,40.733
2018-06-12,36.51,42.69,30.84,34.44,0.07,5.98,24.83,94.85,78.49,17.72,JAI,26.91,75.79,arid,NASA_POWER_daily_ag,12.279,14.481,2.0279,dewpoint,682.5,40.742
2018-06-13,35.85,41.48,30.8,34.99,0.0,6.89,24.48,94.96,62.84,17.45,JAI,26.91,75.79,arid,NASA_POWER_daily_ag,12.773,14.292,1.9937,dewpoint,670.6,40.749
2018-06-14,34.19,40.33,28.06,36.39,0.0,6.22,25.02,95.12,67.5,16.4,JAI,26.91,75.79,arid,NASA_POWER_daily_ag,11.716,14.461,1.8653,dewpoint,653.4,40.755
2018-06-15,34.56,40.57,28.33,37.77,0.0,5.93,26.31,95.24,52.5,17.43,JAI,26.91,75.79,arid,NASA_POWER_daily_ag,11.591,15.292,1.9912,dewpoint,640.4,40.76
2018-06-16,34.43,40.43,29.42,36.41,0.0,5.03,25.92,95.44,59.69,16.87,JAI,26.91,75.79,arid,NASA_POWER_daily_ag,10.834,14.947,1.9218,dewpoint,618.9,40.763
2018-06-17,34.12,39.44,29.48,38.03,0.0,4.24,24.62,95.45,48.94,17.36,JAI,26.91,75.79,arid,NASA_POWER_daily_ag,9.748,14.437,1.9824,dewpoint,617.8,40.764
2018-06-18,34.77,39.91,29.84,38.28,0.05,3.04,21.7,95.44,70.62,18.03,JAI,26.91,75.79,arid,NASA_POWER_daily_ag,8.261,13.075,2.0679,dewpoint,618.9,40.765
2018-06-19,35.11,40.62,28.8,38.14,1.18,1.87,21.25,95.44,83.3,18.15,JAI,26.91,75.79,arid,NASA_POWER_daily_ag,6.919,12.873,2.0835,dewpoint,618.9,40.764
2018-06-20,37.03,42.6,30.57,32.66,0.07,1.64,24.37,95.49,74.24,17.24,JAI,26.91,75.79,arid,NASA_POWER_daily_ag,7.441,14.16,1.9674,dewpoint,613.5,40.762
2018-06-21,37.93,43.42,32.0,27.35,0.02,1.12,23.45,95.45,70.87,15.33,JAI,26.91,75.79,arid,NASA_POWER_daily_ag,6.602,13.293,1.7419,dewpoint,617.8,40.758
2018-06-22,38.56,44.42,32.58,24.24,0.0,1.75,24.41,95.34,59.06,13.94,JAI,26.91,75.79,arid,NASA_POWER_daily_ag,7.873,13.417,1.5924,dewpoint,629.7,40.753
2018-06-23,37.92,43.48,31.73,28.47,0.35,2.53,21.32,95.32,79.87,15.86,JAI,26.91,75.79,arid,NASA_POWER_daily_ag,8.49,12.401,1.8021,dewpoint,631.8,40.747
2018-06-24,35.53,40.48,30.54,37.76,3.15,3.27,16.07,95.4,91.3,18.41,JAI,26.91,75.79,arid,NASA_POWER_daily_ag,7.855,10.257,2.1178,dewpoint,623.2,40.739
2018-06-25,35.25,40.88,29.33,41.67,2.02,2.11,20.06,95.19,84.99,19.42,JAI,26.91,75.79,arid,NASA_POWER_daily_ag,6.948,12.444,2.2556,dewpoint,645.8,40.73
2018-06-26,32.04,35.84,29.11,53.61,4.25,2.04,11.36,95.16,95.33,21.25,JAI,26.91,75.79,arid,NASA_POWER_daily_ag,4.609,8.025,2.5255,dewpoint,649.1,40.72
2018-06-27,30.67,33.88,27.77,63.06,10.5,1.57,16.68,95.24,90.16,22.64,JAI,26.91,75.79,arid,NASA_POWER_daily_ag,4.684,11.148,2.7488,dewpoint,640.4,40.708
2018-06-28,29.63,34.16,26.43,72.22,14.75,3.46,14.63,95.31,93.35,23.68,JAI,26.91,75.79,arid,NASA_POWER_daily_ag,4.727,10.068,2.9271,dewpoint,632.9,40.695
2018-06-29,29.97,35.13,25.76,68.72,5.91,2.84,18.81,95.29,78.02,23.18,JAI,26.91,75.79,arid,NASA_POWER_daily_ag,5.388,12.45,2.8402,dewpoint,635.0,40.68
2018-06-30,31.3,37.05,25.86,57.93,0.33,3.2,22.73,95.5,65.33,21.33,JAI,26.91,75.79,arid,NASA_POWER_daily_ag,6.986,14.336,2.5379,dewpoint,612.4,40.665
2018-07-01,31.68,36.4,26.79,55.52,0.09,4.01,21.78,95.49,81.19,21.12,JAI,26.91,75.79,arid,NASA_POWER_daily_ag,7.51,13.767,2.5054,dewpoint,613.5,40.647
2018-07-02,32.56,38.07,27.35,52.87,0.7,4.62,21.89,95.28,89.77,21.21,JAI,26.91,75.79,arid,NASA_POWER_daily_ag,8.231,13.798,2.5193,dewpoint,636.1,40.629
2018-07-03,32.4,38.35,26.64,54.49,0.12,4.36,22.9,95.21,92.78,21.42,JAI,26.91,75.79,arid,NASA_POWER_daily_ag,8.095,14.4,2.5519,dewpoint,643.7,40.609
2018-07-04,31.86,36.54,27.05,56.56,0.03,4.0,19.63,95.26,84.57,21.7,JAI,26.91,75.79,arid,NASA_POWER_daily_ag,7.121,12.656,2.596,dewpoint,638.3,40.587
2018-07-05,32.04,37.41,26.98,52.56,0.58,3.18,20.69,95.42,85.0,20.71,JAI,26.91,75.79,arid,NASA_POWER_daily_ag,7.023,13.069,2.443,dewpoint,621.0,40.565
2018-07-06,32.72,38.63,26.73,48.2,0.02,2.6,19.91,95.42,82.82,19.68,JAI,26.91,75.79,arid,NASA_POWER_daily_ag,6.805,12.47,2.2924,dewpoint,621.0,40.54
2018-07-07,33.62,39.87,26.97,45.09,0.09,2.7,21.48,95.32,75.94,19.26,JAI,26.91,75.79,arid,NASA_POWER_daily_ag,7.421,13.197,2.2333,dewpoint,631.8,40.515
2018-07-08,34.72,41.91,27.87,42.15,0.0,3.31,24.81,95.22,57.68,18.86,JAI,26.91,75.79,arid,NASA_POWER_daily_ag,8.852,14.765,2.1783,dewpoint,642.6,40.488
2018-07-09,35.92,42.58,29.48,40.78,0.11,2.68,23.62,95.16,67.98,19.59,JAI,26.91,75.79,arid,NASA_POWER_daily_ag,8.264,14.241,2.2796,dewpoint,649.1,40.459
2018-07-10,34.5,39.71,29.7,50.89,13.79,2.51,18.15,95.19,91.59,22.17,JAI,26.91,75.79,arid,NASA_POWER_daily_ag,6.563,11.796,2.6715,dewpoint,645.8,40.429
2018-07-11,31.42,37.31,27.05,62.32,12.54,3.32,16.07,95.2,98.92,22.72,JAI,26.91,75.79,arid,NASA_POWER_daily_ag,5.78,10.752,2.7622,dewpoint,644.7,40.398
2018-07-12,30.85,35.57,27.13,68.11,25.85,2.53,13.6,95.14,95.21,23.87,JAI,26.91,75.79,arid,NASA_POWER_daily_ag,4.538,9.443,2.9607,dewpoint,651.2,40.365
2018-07-13,29.28,32.86,25.85,73.16,4.11,2.28,11.88,95.23,99.35,23.7,JAI,26.91,75.79,arid,NASA_POWER_daily_ag,3.741,8.441,2.9306,dewpoint,641.5,40.33
2018-07-14,30.07,34.54,26.0,68.72,1.4,2.07,12.62,95.17,97.5,23.28,JAI,26.91,75.79,arid,NASA_POWER_daily_ag,4.052,8.839,2.8574,dewpoint,648.0,40.294
2018-07-15,29.92,33.59,26.67,72.69,10.16,1.28,14.81,95.13,97.74,24.24,JAI,26.91,75.79,arid,NASA_POWER_daily_ag,3.891,10.199,3.0272,dewpoint,652.3,40.256
2018-07-16,30.85,35.41,26.7,73.52,15.68,2.14,17.79,95.17,97.47,25.2,JAI,26.91,75.79,arid,NASA_POWER_daily_ag,4.822,12.073,3.2057,dewpoint,648.0,40.217
2018-07-17,31.28,35.75,26.63,68.46,6.62,2.1,20.96,95.2,96.03,24.32,JAI,26.91,75.79,arid,NASA_POWER_daily_ag,5.605,13.825,3.0417,dewpoint,644.7,40.176
2018-07-18,31.2,36.08,26.75,67.62,13.65,2.34,19.46,95.29,90.38,24.02,JAI,26.91,75.79,arid,NASA_POWER_daily_ag,5.483,12.879,2.9875,dewpoint,635.0,40.134
2018-07-19,29.46,33.17,26.35,76.73,17.82,1.53,9.27,95.29,99.44,24.72,JAI,26.91,75.79,arid,NASA_POWER_daily_ag,2.868,6.91,3.1153,dewpoint,635.0,40.09
2018-07-20,28.16,30.8,25.93,83.32,13.92,2.12,9.86,95.23,98.59,24.97,JAI,26.91,75.79,arid,NASA_POWER_daily_ag,2.783,7.276,3.1621,dewpoint,641.5,40.044
2018-07-21,27.75,30.84,25.46,84.99,30.2,1.87,14.0,95.29,98.68,24.9,JAI,26.91,75.79,arid,NASA_POWER_daily_ag,3.339,9.782,3.149,dewpoint,635.0,39.997
2018-07-22,27.5,30.98,24.86,86.09,18.17,2.29,9.69,95.32,99.16,24.85,JAI,26.91,75.79,arid,NASA_POWER_daily_ag,2.623,7.167,3.1396,dewpoint,631.8,39.948
2018-07-23,27.01,29.73,25.01,87.55,23.11,1.94,11.85,95.29,99.33,24.7,JAI,26.91,75.79,arid,NASA_POWER_daily_ag,2.835,8.47,3.1116,dewpoint,635.0,39.897
2018-07-24,28.52,32.91,24.86,83.25,48.23,1.49,13.2,95.37,96.1,25.22,JAI,26.91,75.79,arid,NASA_POWER_daily_ag,3.27,9.302,3.2095,dewpoint,626.4,39.844
2018-07-25,27.18,30.67,25.0,87.35,12.73,2.63,11.8,95.4,99.36,24.82,JAI,26.91,75.79,arid,NASA_POWER_daily_ag,2.902,8.436,3.134,dewpoint,623.2,39.79
2018-07-26,26.67,30.46,24.16,82.68,2.19,2.8,10.53,95.4,99.4,23.3,JAI,26.91,75.79,arid,NASA_POWER_daily_ag,2.969,7.616,2.8608,dewpoint,623.2,39.734
2018-07-27,27.18,31.91,23.35,81.31,0.18,2.64,12.8,95.34,98.85,23.5,JAI,26.91,75.79,arid,NASA_POWER_daily_ag,3.398,8.952,2.8955,dewpoint,629.7,39.676
2018-07-28,27.29,31.71,23.62,81.17,0.12,2.46,15.23,95.43,95.1,23.58,JAI,26.91,75.79,arid,NASA_POWER_daily_ag,3.755,10.382,2.9095,dewpoint,620.0,39.616
2018-07-29,27.34,31.94,23.42,78.53,0.04,2.71,17.02,95.48,89.4,23.05,JAI,26.91,75.79,arid,NASA_POWER_daily_ag,4.209,11.366,2.8179,dewpoint,614.6,39.555
2018-07-30,27.72,32.36,23.14,77.19,0.0,2.44,18.22,95.44,85.97,23.14,JAI,26.91,75.79,arid,NASA_POWER_daily_ag,4.439,12.068,2.8333,dewpoint,618.9,39.491
2018-07-31,27.51,32.46,23.21,75.04,0.09,3.39,21.96,95.41,61.92,22.47,JAI,26.91,75.79,arid,NASA_POWER_daily_ag,5.266,14.112,2.7206,dewpoint,622.1,39.426
2018-08-01,27.21,32.21,23.17,76.29,0.0,3.23,23.54,95.44,57.39,22.45,JAI,26.91,75.79,arid,NASA_POWER_daily_ag,5.349,15.011,2.7173,dewpoint,618.9,39.359
2018-08-02,26.97,31.65,23.23,76.82,0.0,2.96,21.89,95.6,72.32,22.38,JAI,26.91,75.79,arid,NASA_POWER_daily_ag,4.992,14.054,2.7058,dewpoint,601.7,39.29
2018-08-03,27.21,32.18,23.28,75.06,0.0,3.29,22.59,95.65,73.65,22.16,JAI,26.91,75.79,arid,NASA_POWER_daily_ag,5.289,14.392,2.6698,dewpoint,596.3,39.219
2018-08-04,26.96,31.64,23.52,74.99,0.0,3.35,16.62,95.58,98.9,21.91,JAI,26.91,75.79,arid,NASA_POWER_daily_ag,4.43,10.973,2.6295,dewpoint,603.8,39.146
2018-08-05,25.78,28.44,23.99,81.42,0.0,2.96,14.66,95.56,99.06,22.3,JAI,26.91,75.79,arid,NASA_POWER_daily_ag,3.548,9.921,2.6927,dewpoint,606.0,39.071
2018-08-06,26.88,30.75,23.99,79.88,0.0,2.19,13.59,95.43,99.52,22.97,JAI,26.91,75.79,arid,NASA_POWER_daily_ag,3.449,9.336,2.8043,dewpoint,620.0,38.993
2018-08-07,27.71,31.6,23.9,76.15,2.3,0.83,13.76,95.4,99.63,22.87,JAI,26.91,75.79,arid,NASA_POWER_daily_ag,3.284,9.415,2.7874,dewpoint,623.2,38.914
2018-08-08,27.05,30.05,24.2,83.34,9.9,0.77,12.37,95.48,98.71,23.87,JAI,26.91,75.79,arid,NASA_POWER_daily_ag,2.873,8.678,2.9607,dewpoint,614.6,38.833
2018-08-09,28.45,32.2,24.38,79.54,4.04,1.6,17.88,95.69,84.37,24.35,JAI,26.91,75.79,arid,NASA_POWER_daily_ag,4.179,11.955,3.0472,dewpoint,592.0,38.75
2018-08-10,28.77,33.05,25.16,78.25,0.27,2.28,17.54,95.68,91.73,24.38,JAI,26.91,75.79,arid,NASA_POWER_daily_ag,4.344,11.732,3.0527,dewpoint,593.1,38.665
2018-08-11,27.62,31.21,24.39,75.14,0.04,3.33,17.57,95.44,94.28,22.64,JAI,26.91,75.79,arid,NASA_POWER_daily_ag,4.604,11.546,2.7488,dewpoint,618.9,38.578
2018-08-12,27.53,32.32,23.32,74.56,0.0,2.6,17.28,95.18,99.37,22.34,JAI,26.91,75.79,arid,NASA_POWER_daily_ag,4.418,11.336,2.6992,dewpoint,646.9,38.488
2018-08-13,27.99,32.93,23.69,76.0,1.37,1.71,17.19,95.26,91.12,23.05,JAI,26.91,75.79,arid,NASA_POWER_daily_ag,4.154,11.353,2.8179,dewpoint,638.3,38.396
2018-08-14,28.8,33.14,24.69,73.28,1.53,1.5,16.58,95.38,87.55,23.16,JAI,26.91,75.79,arid,NASA_POWER_daily_ag,4.144,10.993,2.8367,dewpoint,625.4,38.303
2018-08-15,28.98,33.8,24.71,72.48,5.46,1.53,18.73,95.55,79.65,23.21,JAI,26.91,75.79,arid,NASA_POWER_daily_ag,4.536,12.212,2.8453,dewpoint,607.1,38.207
2018-08-16,28.19,31.67,25.05,78.18,4.89,1.55,17.69,95.62,86.43,23.79,JAI,26.91,75.79,arid,NASA_POWER_daily_ag,4.133,11.712,2.9465,dewpoint,599.5,38.109
2018-08-17,28.33,31.67,24.91,81.36,2.34,1.59,20.73,95.37,85.8,24.67,JAI,26.91,75.79,arid,NASA_POWER_daily_ag,4.573,13.636,3.106,dewpoint,626.4,38.009
2018-08-18,29.18,32.34,25.57,79.47,3.9,1.0,18.09,95.35,86.43,25.05,JAI,26.91,75.79,arid,NASA_POWER_daily_ag,4.136,12.1,3.1772,dewpoint,628.6,37.906
2018-08-19,28.39,31.65,25.74,82.5,17.45,1.38,15.94,95.41,86.57,24.99,JAI,26.91,75.79,arid,NASA_POWER_daily_ag,3.692,10.805,3.1659,dewpoint,622.1,37.802
2018-08-20,29.23,33.78,24.6,76.05,2.19,1.85,6.83,95.52,99.63,24.27,JAI,26.91,75.79,arid,NASA_POWER_daily_ag,2.585,5.374,3.0326,dewpoint,610.3,37.695
2018-08-21,29.06,32.96,25.58,78.71,8.62,1.22,17.54,95.49,95.36,24.78,JAI,26.91,75.79,arid,NASA_POWER_daily_ag,4.081,11.697,3.1265,dewpoint,613.5,37.586
2018-08-22,27.6,30.2,25.5,84.35,21.46,1.49,14.58,95.49,98.14,24.65,JAI,26.91,75.79,arid,NASA_POWER_daily_ag,3.35,9.951,3.1023,dewpoint,613.5,37.475
2018-08-23,27.08,31.79,23.68,81.16,5.82,3.2,10.88,95.6,99.33,23.36,JAI,26.91,75.79,arid,NASA_POWER_daily_ag,3.188,7.692,2.8712,dewpoint,601.7,37.362
2018-08-24,27.16,31.89,23.48,79.84,0.81,3.36,14.85,95.6,98.6,23.15,JAI,26.91,75.79,arid,NASA_POWER_daily_ag,3.874,9.94,2.835,dewpoint,601.7,37.247
2018-08-25,27.46,32.54,23.17,77.2,0.82,2.77,17.31,95.53,94.25,22.86,JAI,26.91,75.79,arid,NASA_POWER_daily_ag,4.292,11.289,2.7857,dewpoint,609.2,37.129
2018-08-26,27.3,32.29,22.84,75.64,2.21,2.21,19.03,95.48,86.44,22.35,JAI,26.91,75.79,arid,NASA_POWER_daily_ag,4.467,12.178,2.7009,dewpoint,614.6,37.009
2018-08-27,26.59,29.8,23.3,78.03,0.95,2.36,17.46,95.6,88.65,22.34,JAI,26.91,75.79,arid,NASA_POWER_daily_ag,4.063,11.317,2.6992,dewpoint,601.7,36.887
2018-08-28,27.86,32.61,24.03,74.17,2.37,2.27,14.61,95.61,95.71,22.47,JAI,26.91,75.79,arid,NASA_POWER_daily_ag,3.948,9.684,2.7206,dewpoint,600.6,36.763
2018-08-29,27.48,31.28,25.14,86.04,16.46,1.26,6.18,95.71,99.19,24.82,JAI,26.91,75.79,arid,NASA_POWER_daily_ag,1.837,4.949,3.134,dewpoint,589.9,36.637
2018-08-30,27.95,33.03,23.28,75.81,1.22,2.32,19.13,95.61,84.11,22.96,JAI,26.91,75.79,arid,NASA_POWER_daily_ag,4.573,12.258,2.8026,dewpoint,600.6,36.509
2018-08-31,27.84,33.1,23.75,75.55,1.01,3.37,16.89,95.65,92.75,22.86,JAI,26.91,75.79,arid,NASA_POWER_daily_ag,4.486,10.964,2.7857,dewpoint,596.3,36.378
2018-09-01,26.57,30.31,22.69,79.59,6.25,2.84,11.31,95.81,99.69,22.61,JAI,26.91,75.79,arid,NASA_POWER_daily_ag,3.191,7.84,2.7438,dewpoint,579.1,36.246
2018-09-02,24.74,26.87,23.19,85.84,13.7,2.38,8.21,95.84,99.63,22.16,JAI,26.91,75.79,arid,NASA_POWER_daily_ag,2.218,6.093,2.6698,dewpoint,575.9,36.111
2018-09-03,25.09,28.56,22.57,85.27,9.72,1.97,7.76,95.83,99.78,22.34,JAI,26.91,75.79,arid,NASA_POWER_daily_ag,2.147,5.836,2.6992,dewpoint,577.0,35.974
2018-09-04,26.09,30.41,22.85,80.92,4.88,2.44,14.07,95.88,93.79,22.37,JAI,26.91,75.79,arid,NASA_POWER_daily_ag,3.401,9.328,2.7041,dewpoint,571.6,35.835
2018-09-05,26.66,31.88,22.39,73.97,1.26,2.92,13.15,95.81,94.9,21.36,JAI,26.91,75.79,arid,NASA_POWER_daily_ag,3.798,8.713,2.5425,dewpoint,579.1,35.694
2018-09-06,25.72,29.67,21.65,72.56,14.06,2.29,8.25,95.79,99.78,20.23,JAI,26.91,75.79,arid,NASA_POWER_daily_ag,2.893,6.054,2.3718,dewpoint,581.3,35.551
2018-09-07,25.61,30.08,21.84,77.42,7.81,2.61,17.82,95.86,90.88,21.25,JAI,26.91,75.79,arid,NASA_POWER_daily_ag,4.037,11.217,2.5255,dewpoint,573.8,35.406
2018-09-08,25.67,28.35,23.6,86.93,20.54,3.6,5.91,95.74,97.86,23.24,JAI,26.91,75.79,arid,NASA_POWER_daily_ag,2.042,4.766,2.8505,dewpoint,586.6,35.26
2018-09-09,26.11,29.31,23.79,87.93,5.93,3.12,10.6,95.75,81.92,23.86,JAI,26.91,75.79,arid,NASA_POWER_daily_ag,2.598,7.436,2.9589,dewpoint,585.6,35.111
2018-09-10,25.86,30.23,22.6,84.3,1.22,2.9,7.76,96.17,86.65,22.85,JAI,26.91,75.79,arid,NASA_POWER_daily_ag,2.384,5.791,2.784,dewpoint,540.6,34.96
2018-09-11,26.17,31.01,22.57,82.27,1.4,2.86,7.42,96.19,82.85,22.73,JAI,26.91,75.79,arid,NASA_POWER_daily_ag,2.465,5.593,2.7639,dewpoint,538.4,34.808
2018-09-12,26.56,32.12,22.43,77.24,0.05,3.39,22.61,96.0,59.82,21.97,JAI,26.91,75.79,arid,NASA_POWER_daily_ag,4.95,13.775,2.6391,dewpoint,558.8,34.653
2018-09-13,25.41,31.11,21.41,76.55,0.0,3.06,20.54,95.97,71.47,20.68,JAI,26.91,75.79,arid,NASA_POWER_daily_ag,4.5,12.434,2.4385,dewpoint,562.0,34.497
2018-09-14,25.25,31.0,20.25,76.08,0.0,2.13,22.19,96.14,61.73,20.44,JAI,26.91,75.79,arid,NASA_POWER_daily_ag,4.537,13.251,2.4027,dewpoint,543.8,34.34
2018-09-15,25.52,31.6,19.79,70.34,0.0,1.85,22.12,96.29,58.91,19.3,JAI,26.91,75.79,arid,NASA_POWER_daily_ag,4.666,12.945,2.2389,dewpoint,527.7,34.18
2018-09-16,25.86,32.12,19.8,67.38,0.0,1.88,21.89,96.19,62.85,18.83,JAI,26.91,75.79,arid,NASA_POWER_daily_ag,4.771,12.693,2.1742,dewpoint,538.4,34.019
2018-09-17,26.34,33.19,20.76,62.37,0.0,2.52,22.15,96.06,60.58,18.0,JAI,26.91,75.79,arid,NASA_POWER_daily_ag,5.292,12.566,2.064,dewpoint,552.3,33.856
2018-09-18,26.3,33.86,19.53,57.68,0.01,2.23,22.71,96.09,62.96,16.71,JAI,26.91,75.79,arid,NASA_POWER_daily_ag,5.36,12.545,1.9024,dewpoint,549.1,33.692
2018-09-19,26.73,34.31,20.86,56.4,0.0,2.49,23.06,96.06,60.21,16.56,JAI,26.91,75.79,arid,NASA_POWER_daily_ag,5.659,12.582,1.8844,dewpoint,552.3,33.526
2018-09-20,26.55,34.87,19.36,54.51,0.0,2.24,23.08,96.0,63.32,15.58,JAI,26.91,75.79,arid,NASA_POWER_daily_ag,5.565,12.375,1.7701,dewpoint,558.8,33.359
2018-09-21,26.35,32.17,20.91,74.95,1.37,2.47,19.67,96.1,79.07,21.24,JAI,26.91,75.79,arid,NASA_POWER_daily_ag,4.411,11.877,2.5239,dewpoint,548.1,33.19
2018-09-22,25.1,28.51,22.84,87.43,11.22,3.39,5.98,96.04,94.11,22.78,JAI,26.91,75.79,arid,NASA_POWER_daily_ag,1.946,4.725,2.7723,dewpoint,554.5,33.02
2018-09-23,24.66,26.41,23.54,91.75,13.1,2.31,6.05,95.92,97.99,23.21,JAI,26.91,75.79,arid,NASA_POWER_daily_ag,1.587,4.753,2.8453,dewpoint,567.3,32.849
2018-09-24,25.17,30.01,21.57,78.59,7.71,3.56,13.0,96.09,92.59,20.85,JAI,26.91,75.79,arid,NASA_POWER_daily_ag,3.475,8.333,2.4642,dewpoint,549.1,32.677
2018-09-25,25.14,32.18,18.96,66.82,0.02,2.26,20.91,96.23,68.15,17.92,JAI,26.91,75.79,arid,NASA_POWER_daily_ag,4.655,11.779,2.0536,dewpoint,534.1,32.503
2018-09-26,25.53,33.28,18.75,60.03,0.0,1.83,22.1,96.2,62.6,16.41,JAI,26.91,75.79,arid,NASA_POWER_daily_ag,4.841,11.957,1.8665,dewpoint,537.4,32.328
2018-09-27,25.59,33.66,18.17,58.16,0.0,1.72,21.48,96.27,66.98,15.88,JAI,26.91,75.79,arid,NASA_POWER_daily_ag,4.75,11.538,1.8044,dewpoint,529.9,32.153
2018-09-28,25.91,34.3,18.86,54.94,0.0,1.72,22.41,96.35,62.37,15.11,JAI,26.91,75.79,arid,NASA_POWER_daily_ag,4.955,11.694,1.7175,dewpoint,521.3,31.976
2018-09-29,26.3,34.37,18.82,50.76,0.0,1.73,22.73,96.4,58.68,14.28,JAI,26.91,75.79,arid,NASA_POWER_daily_ag,5.118,11.606,1.6279,dewpoint,516.0,31.798
2018-09-30,26.48,34.36,18.89,51.68,0.0,1.95,21.72,96.37,62.02,14.86,JAI,26.91,75.79,arid,NASA_POWER_daily_ag,5.157,11.262,1.69,dewpoint,519.2,31.62
2018-10-01,27.2,35.17,19.82,54.26,0.0,2.02,20.42,96.34,67.32,16.16,JAI,26.91,75.79,arid,NASA_POWER_daily_ag,5.085,10.871,1.837,dewpoint,522.4,31.441
2018-10-02,27.54,34.6,22.2,54.46,0.05,2.11,21.5,96.39,62.64,16.85,JAI,26.91,75.79,arid,NASA_POWER_daily_ag,5.265,11.383,1.9194,dewpoint,517.0,31.261
2018-10-03,27.01,33.59,22.01,55.34,0.17,1.92,20.01,96.34,61.31,16.5,JAI,26.91,75.79,arid,NASA_POWER_daily_ag,4.87,10.671,1.8772,dewpoint,522.4,31.08
2018-10-04,27.08,34.81,21.61,55.32,0.15,1.69,20.85,96.42,47.96,15.89,JAI,26.91,75.79,arid,NASA_POWER_daily_ag,4.841,10.829,1.8056,dewpoint,513.8,30.899
2018-10-05,26.61,35.01,19.09,51.09,0.25,2.04,19.71,96.51,66.23,14.09,JAI,26.91,75.79,arid,NASA_POWER_daily_ag,5.031,10.046,1.608,dewpoint,504.2,30.718
2018-10-06,27.11,34.8,19.84,49.84,1.66,1.57,19.87,96.47,63.76,14.53,JAI,26.91,75.79,arid,NASA_POWER_daily_ag,4.708,10.131,1.6544,dewpoint,508.5,30.536
2018-10-07,27.15,34.73,19.96,47.34,0.83,1.1,19.27,96.42,66.51,13.72,JAI,26.91,75.79,arid,NASA_POWER_daily_ag,4.227,9.704,1.5698,dewpoint,513.8,30.354
2018-10-08,26.5,35.93,18.4,46.19,0.0,1.6,21.03,96.24,62.58,12.32,JAI,26.91,75.79,arid,NASA_POWER_daily_ag,4.828,10.061,1.4324,dewpoint,533.1,30.172
2018-10-09,25.79,34.59,18.73,48.39,0.0,2.74,20.36,96.19,62.12,12.75,JAI,26.91,75.79,arid,NASA_POWER_daily_ag,5.524,9.894,1.4735,dewpoint,538.4,29.989
2018-10-10,25.68,34.1,18.81,45.77,0.0,2.09,19.34,96.23,68.03,12.24,JAI,26.91,75.79,arid,NASA_POWER_daily_ag,4.933,9.395,1.4249,dewpoint,534.1,29.807
2018-10-11,24.98,33.54,18.51,43.28,0.0,1.83,18.87,96.37,49.99,10.3,JAI,26.91,75.79,arid,NASA_POWER_daily_ag,4.651,8.886,1.2529,dewpoint,519.2,29.624
2018-10-12,24.06,32.46,17.65,59.71,0.0,1.56,19.09,96.55,56.65,14.19,JAI,26.91,75.79,arid,NASA_POWER_daily_ag,4.047,9.647,1.6184,dewpoint,500.0,29.442
2018-10-13,23.14,32.56,15.82,46.03,0.0,1.36,19.2,96.63,34.96,9.31,JAI,26.91,75.79,arid,NASA_POWER_daily_ag,3.999,8.864,1.1723,dewpoint,491.4,29.26
2018-10-14,24.5,32.63,17.38,45.35,0.0,1.23,19.16,96.58,51.58,10.89,JAI,26.91,75.79,arid,NASA_POWER_daily_ag,3.996,9.001,1.3031,dewpoint,496.8,29.078
2018-10-15,25.21,34.24,16.88,44.07,0.0,1.54,19.94,96.58,62.62,10.46,JAI,26.91,75.79,arid,NASA_POWER_daily_ag,4.457,9.083,1.2663,dewpoint,496.8,28.897
2018-10-16,25.74,34.34,19.82,40.46,0.0,1.85,18.3,96.57,76.56,10.32,JAI,26.91,75.79,arid,NASA_POWER_daily_ag,4.672,8.363,1.2545,dewpoint,497.8,28.715
2018-10-17,25.76,34.26,19.03,39.83,0.0,2.07,19.12,96.45,55.54,9.98,JAI,26.91,75.79,arid,NASA_POWER_daily_ag,4.972,8.545,1.2263,dewpoint,510.6,28.535
2018-10-18,24.42,33.71,18.1,39.04,0.09,2.19,18.1,96.42,53.39,8.51,JAI,26.91,75.79,arid,NASA_POWER_daily_ag,4.834,7.999,1.1106,dewpoint,513.8,28.355
2018-10-19,24.51,33.85,18.36,36.17,0.0,1.58,19.28,96.54,35.3,7.32,JAI,26.91,75.79,arid,NASA_POWER_daily_ag,4.371,8.068,1.0241,dewpoint,501.0,28.176
2018-10-20,24.35,33.41,16.33,42.42,0.0,1.27,18.69,96.67,49.37,9.38,JAI,26.91,75.79,arid,NASA_POWER_daily_ag,3.928,8.278,1.1779,dewpoint,487.2,27.997
2018-10-21,23.24,31.86,16.65,48.09,0.0,2.02,19.3,96.77,49.52,10.57,JAI,26.91,75.79,arid,NASA_POWER_daily_ag,4.387,8.675,1.2757,dewpoint,476.5,27.82
2018-10-22,22.99,32.1,15.86,36.62,0.0,1.54,17.75,96.72,54.45,5.91,JAI,26.91,75.79,arid,NASA_POWER_daily_ag,4.037,7.44,0.9293,dewpoint,481.8,27.643
2018-10-23,22.83,31.74,16.89,41.64,0.0,1.5,18.01,96.68,56.19,7.84,JAI,26.91,75.79,arid,NASA_POWER_daily_ag,3.898,7.717,1.0611,dewpoint,486.1,27.467
2018-10-24,23.5,32.54,15.7,42.4,0.0,1.32,18.45,96.61,53.91,8.07,JAI,26.91,75.79,arid,NASA_POWER_daily_ag,3.833,7.833,1.0779,dewpoint,493.6,27.293
2018-10-25,23.83,33.64,17.96,35.74,0.0,1.65,17.7,96.75,58.54,6.41,JAI,26.91,75.79,arid,NASA_POWER_daily_ag,4.175,7.172,0.962,dewpoint,478.7,27.12
2018-10-26,23.89,33.23,16.05,49.08,0.0,1.36,17.83,96.91,57.4,11.44,JAI,26.91,75.79,arid,NASA_POWER_daily_ag,3.722,8.052,1.3516,dewpoint,461.6,26.948
2018-10-27,23.78,32.47,17.3,52.76,0.05,1.25,16.62,96.97,61.94,12.07,JAI,26.91,75.79,arid,NASA_POWER_daily_ag,3.466,7.708,1.4091,dewpoint,455.2,26.777
2018-10-28,22.8,31.84,16.57,47.26,0.0,1.49,17.52,96.97,54.96,9.53,JAI,26.91,75.79,arid,NASA_POWER_daily_ag,3.706,7.572,1.1898,dewpoint,455.2,26.608
2018-10-29,23.12,32.03,16.58,42.77,0.0,1.07,16.0,96.9,33.59,8.42,JAI,26.91,75.79,arid,NASA_POWER_daily_ag,3.263,6.922,1.1038,dewpoint,462.7,26.44
2018-10-30,23.03,31.12,16.28,45.94,0.0,1.13,16.73,96.89,46.39,9.8,JAI,26.91,75.79,arid,NASA_POWER_daily_ag,3.329,7.325,1.2116,dewpoint,463.8,26.274
2018-10-31,23.52,31.06,16.65,43.91,0.0,0.93,16.63,96.92,43.19,9.71,JAI,26.91,75.79,arid,NASA_POWER_daily_ag,3.171,7.221,1.2043,dewpoint,460.6,26.11
2018-11-01,23.72,32.26,17.88,45.45,0.0,0.79,16.93,96.8,46.25,10.07,JAI,26.91,75.79,arid,NASA_POWER_daily_ag,3.03,7.221,1.2337,dewpoint,473.3,25.948
2018-11-02,23.22,32.49,15.83,47.16,0.0,1.76,17.08,96.65,50.79,10.21,JAI,26.91,75.79,arid,NASA_POWER_daily_ag,3.869,7.302,1.2454,dewpoint,489.3,25.787
2018-11-03,23.55,32.88,16.43,43.53,0.0,2.24,16.31,96.53,47.26,9.18,JAI,26.91,75.79,arid,NASA_POWER_daily_ag,4.335,6.842,1.1621,dewpoint,502.1,25.629
2018-11-04,20.95,29.43,14.15,39.44,0.0,2.54,16.03,96.72,23.23,5.62,JAI,26.91,75.79,arid,NASA_POWER_daily_ag,4.352,6.435,0.9108,dewpoint,481.8,25.472
2018-11-05,17.93,27.63,10.43,29.54,0.0,1.85,17.75,96.83,4.36,-1.74,JAI,26.91,75.79,arid,NASA_POWER_daily_ag,3.745,6.025,0.5376,dewpoint,470.1,25.318
2018-11-06,17.72,27.5,10.51,29.58,0.0,2.03,16.27,96.89,4.26,-1.72,JAI,26.91,75.79,arid,NASA_POWER_daily_ag,3.807,5.716,0.5384,dewpoint,463.8,25.165
2018-11-07,19.29,28.46,10.5,24.85,0.0,0.98,17.73,96.87,6.61,-2.97,JAI,26.91,75.79,arid,NASA_POWER_daily_ag,2.944,5.69,0.4907,dewpoint,465.9,25.015
2018-11-08,21.25,30.28,15.61,25.56,0.0,0.67,17.58,96.8,6.3,-0.31,JAI,26.91,75.79,arid,NASA_POWER_daily_ag,2.597,5.586,0.5972,dewpoint,473.3,24.868
2018-11-09,21.28,30.08,14.83,30.65,0.0,0.71,17.13,96.68,12.85,2.09,JAI,26.91,75.79,arid,NASA_POWER_daily_ag,2.653,5.835,0.7102,dewpoint,486.1,24.722
2018-11-10,20.89,29.88,15.04,33.97,0.0,0.91,16.18,96.75,23.18,3.31,JAI,26.91,75.79,arid,NASA_POWER_daily_ag,2.804,5.777,0.7746,dewpoint,478.7,24.58
2018-11-11,21.54,31.35,12.83,35.48,0.0,1.29,16.16,96.81,32.01,3.99,JAI,26.91,75.79,arid,NASA_POWER_daily_ag,3.282,5.83,0.8127,dewpoint,472.3,24.439
2018-11-12,21.72,32.14,13.81,33.68,0.0,1.9,16.51,96.63,17.18,3.2,JAI,26.91,75.79,arid,NASA_POWER_daily_ag,3.964,5.651,0.7686,dewpoint,491.4,24.302
2018-11-13,22.22,31.84,15.07,35.05,0.0,1.84,15.59,96.37,19.9,5.01,JAI,26.91,75.79,arid,NASA_POWER_daily_ag,3.839,5.66,0.8729,dewpoint,519.2,24.167
2018-11-14,22.23,29.6,15.94,45.94,0.43,1.29,13.97,96.48,41.51,9.56,JAI,26.91,75.79,arid,NASA_POWER_daily_ag,3.019,5.941,1.1922,dewpoint,507.4,24.035
2018-11-15,20.15,28.6,14.34,39.01,0.0,2.37,14.6,96.83,44.32,4.73,JAI,26.91,75.79,arid,NASA_POWER_daily_ag,3.937,5.501,0.856,dewpoint,470.1,23.905
2018-11-16,19.0,27.93,12.43,40.48,0.0,1.94,14.5,96.83,22.18,3.99,JAI,26.91,75.79,arid,NASA_POWER_daily_ag,3.434,5.444,0.8127,dewpoint,470.1,23.779
2018-11-17,20.68,28.88,14.27,31.49,0.0,1.64,15.7,96.63,9.06,2.11,JAI,26.91,75.79,arid,NASA_POWER_daily_ag,3.516,5.255,0.7112,dewpoint,491.4,23.656
2018-11-18,20.7,29.81,13.85,35.8,0.0,1.52,15.87,96.62,30.28,3.98,JAI,26.91,75.79,arid,NASA_POWER_daily_ag,3.319,5.458,0.8121,dewpoint,492.5,23.535
2018-11-19,22.36,31.43,14.65,38.77,0.0,1.23,14.46,96.8,42.81,6.41,JAI,26.91,75.79,arid,NASA_POWER_daily_ag,3.056,5.388,0.962,dewpoint,473.3,23.418
2018-11-20,21.51,30.43,14.96,36.8,0.0,1.94,15.13,96.94,29.29,5.12,JAI,26.91,75.79,arid,NASA_POWER_daily_ag,3.732,5.317,0.8796,dewpoint,458.4,23.303
2018-11-21,19.92,28.86,13.93,35.39,0.0,1.64,14.51,97.0,29.35,3.06,JAI,26.91,75.79,arid,NASA_POWER_daily_ag,3.286,5.016,0.761,dewpoint,452.1,23.192
2018-11-22,20.03,28.4,14.16,35.4,0.0,1.62,12.73,97.0,33.15,3.79,JAI,26.91,75.79,arid,NASA_POWER_daily_ag,3.176,4.794,0.8013,dewpoint,452.1,23.084
2018-11-23,19.91,29.66,13.53,34.88,0.0,2.05,14.35,97.2,20.23,2.91,JAI,26.91,75.79,arid,NASA_POWER_daily_ag,3.65,4.865,0.7529,dewpoint,430.8,22.98
2018-11-24,18.84,28.37,11.99,35.95,0.0,2.38,15.88,97.15,10.85,2.48,JAI,26.91,75.79,arid,NASA_POWER_daily_ag,3.833,5.114,0.7303,dewpoint,436.1,22.879
2018-11-25,19.53,29.6,12.7,32.12,0.0,1.68,16.07,97.03,7.91,1.19,JAI,26.91,75.79,arid,NASA_POWER_daily_ag,3.353,4.823,0.6658,dewpoint,448.9,22.781
2018-11-26,20.59,30.42,14.51,29.85,0.0,1.44,15.19,96.91,52.13,1.22,JAI,26.91,75.79,arid,NASA_POWER_daily_ag,3.171,4.563,0.6672,dewpoint,461.6,22.687
2018-11-27,19.94,28.51,13.78,39.36,0.0,1.53,13.48,97.0,81.36,4.67,JAI,26.91,75.79,arid,NASA_POWER_daily_ag,3.026,4.847,0.8524,dewpoint,452.1,22.596
2018-11-28,18.28,25.98,14.19,55.49,0.0,1.61,12.36,97.12,59.9,8.63,JAI,26.91,75.79,arid,NASA_POWER_daily_ag,2.554,5.145,1.1197,dewpoint,439.3,22.508
2018-11-29,19.43,27.46,13.99,47.98,0.0,1.12,12.79,97.2,43.99,7.13,JAI,26.91,75.79,arid,NASA_POWER_daily_ag,2.453,4.987,1.0108,dewpoint,430.8,22.425
2018-11-30,19.06,27.99,13.14,35.84,0.0,1.31,12.53,97.17,44.15,2.52,JAI,26.91,75.79,arid,NASA_POWER_daily_ag,2.739,4.422,0.7323,dewpoint,434.0,22.345
2018-12-01,19.0,27.66,13.58,32.86,0.0,1.38,14.93,96.91,6.35,1.31,JAI,26.91,75.79,arid,NASA_POWER_daily_ag,2.901,4.543,0.6715,dewpoint,461.6,22.268
2018-12-02,18.8,27.27,12.06,30.2,0.0,0.92,15.21,96.76,3.66,-0.11,JAI,26.91,75.79,arid,NASA_POWER_daily_ag,2.417,4.454,0.6059,dewpoint,477.6,22.195
2018-12-03,18.33,26.35,13.66,33.47,0.0,0.95,15.19,96.88,4.79,1.22,JAI,26.91,75.79,arid,NASA_POWER_daily_ag,2.384,4.562,0.6672,dewpoint,464.8,22.126
2018-12-04,18.4,26.01,10.95,35.75,0.0,1.48,14.2,97.03,19.55,2.02,JAI,26.91,75.79,arid,NASA_POWER_daily_ag,2.904,4.641,0.7067,dewpoint,448.9,22.061
2018-12-05,18.86,25.64,12.92,30.26,0.0,0.65,14.04,96.81,4.03,0.19,JAI,26.91,75.79,arid,NASA_POWER_daily_ag,2.056,4.327,0.6193,dewpoint,472.3,21.999
2018-12-06,18.15,25.6,12.0,28.4,0.0,0.73,14.14,96.72,9.68,-1.1,JAI,26.91,75.79,arid,NASA_POWER_daily_ag,2.11,4.211,0.5636,dewpoint,481.8,21.942
2018-12-07,17.24,25.33,11.04,37.13,0.0,1.07,14.76,96.81,5.41,1.57,JAI,26.91,75.79,arid,NASA_POWER_daily_ag,2.396,4.619,0.6842,dewpoint,472.3,21.888
2018-12-08,17.17,24.96,9.91,36.75,0.0,1.02,14.71,96.88,6.87,1.36,JAI,26.91,75.79,arid,NASA_POWER_daily_ag,2.354,4.63,0.674,dewpoint,464.8,21.838
2018-12-09,16.73,25.66,10.23,40.16,0.0,1.24,14.71,96.8,6.72,2.08,JAI,26.91,75.79,arid,NASA_POWER_daily_ag,2.476,4.654,0.7097,dewpoint,473.3,21.792
2018-12-10,16.43,25.09,9.56,41.12,0.0,1.45,14.22,96.71,3.81,2.3,JAI,26.91,75.79,arid,NASA_POWER_daily_ag,2.599,4.655,0.7209,dewpoint,482.9,21.75
2018-12-11,16.54,25.14,8.92,47.77,0.81,1.59,11.24,96.79,46.01,4.49,JAI,26.91,75.79,arid,NASA_POWER_daily_ag,2.503,4.441,0.8417,dewpoint,474.4,21.712
2018-12-12,15.71,23.32,10.16,56.54,2.99,1.7,12.9,96.88,22.16,6.37,JAI,26.91,75.79,arid,NASA_POWER_daily_ag,2.373,4.943,0.9593,dewpoint,464.8,21.678
2018-12-13,13.46,21.2,8.26,63.3,0.0,1.98,11.7,97.26,7.89,5.55,JAI,26.91,75.79,arid,NASA_POWER_daily_ag,2.158,4.736,0.9064,dewpoint,424.4,21.648
2018-12-14,12.52,20.99,6.21,50.64,0.0,1.65,13.77,97.5,3.6,1.39,JAI,26.91,75.79,arid,NASA_POWER_daily_ag,2.268,4.731,0.6754,dewpoint,399.0,21.621
2018-12-15,12.5,21.52,5.94,46.58,0.0,1.71,15.34,97.47,2.42,0.16,JAI,26.91,75.79,arid,NASA_POWER_daily_ag,2.411,4.794,0.6179,dewpoint,402.2,21.599
2018-12-16,12.9,23.08,6.11,37.39,0.0,1.87,15.08,97.47,32.27,-2.38,JAI,26.91,75.79,arid,NASA_POWER_daily_ag,2.682,4.365,0.5128,dewpoint,402.2,21.581
2018-12-17,13.01,23.55,5.47,32.34,0.0,1.79,12.05,97.31,65.33,-4.18,JAI,26.91,75.79,arid,NASA_POWER_daily_ag,2.67,3.917,0.4481,dewpoint,419.1,21.567
2018-12-18,13.72,24.65,5.8,27.34,0.0,1.54,15.02,97.19,5.08,-5.91,JAI,26.91,75.79,arid,NASA_POWER_daily_ag,2.644,3.905,0.3929,dewpoint,431.9,21.557
2018-12-19,15.48,25.51,7.86,22.02,0.0,1.34,15.69,97.09,3.27,-7.2,JAI,26.91,75.79,arid,NASA_POWER_daily_ag,2.643,3.646,0.3558,dewpoint,442.5,21.551
2018-12-20,15.12,25.6,8.54,21.19,0.0,1.36,15.76,97.08,3.13,-7.69,JAI,26.91,75.79,arid,NASA_POWER_daily_ag,2.623,3.553,0.3425,dewpoint,443.6,21.549
2018-12-21,14.38,24.81,7.9,22.11,0.0,1.35,15.31,96.98,1.67,-7.77,JAI,26.91,75.79,arid,NASA_POWER_daily_ag,2.551,3.619,0.3404,dewpoint,454.2,21.551
2018-12-22,13.88,24.39,6.77,29.4,0.0,1.45,14.93,96.96,4.24,-4.71,JAI,26.91,75.79,arid,NASA_POWER_daily_ag,2.544,3.999,0.4305,dewpoint,456.3,21.558
2018-12-23,13.49,24.25,5.41,39.64,0.0,1.74,14.92,97.0,4.09,-1.29,JAI,26.91,75.79,arid,NASA_POWER_daily_ag,2.616,4.447,0.5558,dewpoint,452.1,21.568
2018-12-24,14.19,23.31,6.45,40.42,0.0,1.33,14.14,96.96,22.32,-0.24,JAI,26.91,75.79,arid,NASA_POWER_daily_ag,2.345,4.485,0.6002,dewpoint,456.3,21.582
2018-12-25,12.61,22.64,6.04,28.48,0.0,1.64,13.06,96.96,3.22,-6.22,JAI,26.91,75.79,arid,NASA_POWER_daily_ag,2.599,3.873,0.3837,dewpoint,456.3,21.601
2018-12-26,12.2,21.67,5.96,26.9,0.0,1.74,12.47,96.84,11.08,-7.1,JAI,26.91,75.79,arid,NASA_POWER_daily_ag,2.661,3.824,0.3586,dewpoint,469.1,21.623
2018-12-27,11.72,22.25,4.9,26.85,0.0,2.36,15.4,96.97,5.8,-7.98,JAI,26.91,75.79,arid,NASA_POWER_daily_ag,3.129,3.961,0.3349,dewpoint,455.2,21.649
2018-12-28,12.01,21.91,4.75,22.99,0.0,1.59,15.75,97.03,3.79,-9.11,JAI,26.91,75.79,arid,NASA_POWER_daily_ag,2.622,3.915,0.3065,dewpoint,448.9,21.68
2018-12-29,14.5,23.44,7.73,19.6,0.0,0.87,15.99,97.17,3.22,-9.15,JAI,26.91,75.79,arid,NASA_POWER_daily_ag,2.085,3.679,0.3056,dewpoint,434.0,21.714
2018-12-30,14.84,23.72,7.63,20.87,0.0,1.03,15.46,97.34,2.98,-7.99,JAI,26.91,75.79,arid,NASA_POWER_daily_ag,2.292,3.777,0.3346,dewpoint,416.0,21.753
2018-12-31,15.61,25.24,8.88,19.0,0.0,0.97,15.5,97.31,6.36,-8.77,JAI,26.91,75.79,arid,NASA_POWER_daily_ag,2.258,3.566,0.3148,dewpoint,419.1,21.795
2019-01-01,14.86,24.79,6.68,22.18,0.0,1.41,15.27,97.2,5.47,-7.69,JAI,26.91,75.79,arid,NASA_POWER_daily_ag,2.71,3.831,0.3425,dewpoint,430.8,21.842
2019-01-02,14.81,25.82,8.67,29.12,0.0,1.6,15.5,97.18,2.72,-4.23,JAI,26.91,75.79,arid,NASA_POWER_daily_ag,2.787,4.074,0.4465,dewpoint,432.9,21.892
2019-01-03,14.55,24.57,7.27,28.39,0.0,1.19,14.72,97.36,14.82,-5.1,JAI,26.91,75.79,arid,NASA_POWER_daily_ag,2.41,4.085,0.418,dewpoint,413.8,21.946
2019-01-04,13.4,21.4,7.21,38.95,0.0,1.35,9.84,97.21,88.54,-1.42,JAI,26.91,75.79,arid,NASA_POWER_daily_ag,2.24,4.039,0.5505,dewpoint,429.8,22.005
2019-01-05,14.04,24.62,6.46,37.86,0.0,1.87,14.67,96.98,25.6,-1.55,JAI,26.91,75.79,arid,NASA_POWER_daily_ag,2.83,4.548,0.5452,dewpoint,454.2,22.067
2019-01-06,12.97,20.95,7.76,46.6,0.15,2.06,11.66,96.96,9.49,0.99,JAI,26.91,75.79,arid,NASA_POWER_daily_ag,2.557,4.509,0.6562,dewpoint,456.3,22.133
2019-01-07,12.62,21.69,5.58,52.65,0.0,1.56,13.15,97.19,9.18,1.67,JAI,26.91,75.79,arid,NASA_POWER_daily_ag,2.238,4.875,0.6891,dewpoint,431.9,22.202
2019-01-08,13.18,22.11,7.37,45.85,0.0,1.36,14.54,97.05,3.16,0.34,JAI,26.91,75.79,arid,NASA_POWER_daily_ag,2.295,4.909,0.6261,dewpoint,446.7,22.276
2019-01-09,13.25,23.27,6.29,41.77,0.0,1.96,14.96,97.07,3.1,-0.6,JAI,26.91,75.79,arid,NASA_POWER_daily_ag,2.76,4.885,0.5846,dewpoint,444.6,22.353
2019-01-10,13.81,22.78,6.62,38.97,0.0,1.18,15.51,96.98,33.89,-1.48,JAI,26.91,75.79,arid,NASA_POWER_daily_ag,2.341,4.911,0.5481,dewpoint,454.2,22.434
2019-01-11,14.18,23.05,8.55,36.25,0.0,1.35,14.94,97.03,5.68,-1.7,JAI,26.91,75.79,arid,NASA_POWER_daily_ag,2.5,4.748,0.5392,dewpoint,448.9,22.519
2019-01-12,14.85,23.71,8.15,32.89,0.0,1.18,14.62,96.93,5.29,-2.13,JAI,26.91,75.79,arid,NASA_POWER_daily_ag,2.438,4.687,0.5224,dewpoint,459.5,22.607
2019-01-13,14.15,22.97,7.38,38.84,0.0,1.57,13.6,97.14,9.35,-0.49,JAI,26.91,75.79,arid,NASA_POWER_daily_ag,2.606,4.805,0.5894,dewpoint,437.2,22.699
2019-01-14,12.56,21.87,6.63,35.22,0.0,2.6,14.4,97.25,11.95,-4.85,JAI,26.91,75.79,arid,NASA_POWER_daily_ag,3.338,4.62,0.426,dewpoint,425.5,22.794
2019-01-15,12.82,22.53,4.4,20.78,0.0,1.49,15.55,97.13,43.54,-9.88,JAI,26.91,75.79,arid,NASA_POWER_daily_ag,2.756,4.405,0.2884,dewpoint,438.2,22.893
2019-01-16,15.31,24.19,9.49,17.3,0.0,1.42,15.53,97.0,17.39,-9.78,JAI,26.91,75.79,arid,NASA_POWER_daily_ag,2.904,4.121,0.2907,dewpoint,452.1,22.996
2019-01-17,15.41,25.84,9.45,19.61,0.0,1.38,15.88,96.94,3.91,-8.34,JAI,26.91,75.79,arid,NASA_POWER_daily_ag,2.848,4.233,0.3256,dewpoint,458.4,23.102
2019-01-18,15.77,26.1,7.18,22.84,0.0,1.31,15.48,96.97,6.74,-6.18,JAI,26.91,75.79,arid,NASA_POWER_daily_ag,2.807,4.554,0.3849,dewpoint,455.2,23.211
2019-01-19,17.8,27.14,10.64,22.17,0.0,1.41,15.01,96.93,25.7,-4.81,JAI,26.91,75.79,arid,NASA_POWER_daily_ag,3.075,4.483,0.4273,dewpoint,459.5,23.323
2019-01-20,17.9,28.1,9.84,25.3,0.0,1.88,16.24,96.83,41.39,-3.47,JAI,26.91,75.79,arid,NASA_POWER_daily_ag,3.594,4.786,0.4727,dewpoint,470.1,23.439
2019-01-21,18.28,27.31,13.04,29.22,2.56,2.2,9.57,96.41,83.97,-0.59,JAI,26.91,75.79,arid,NASA_POWER_daily_ag,3.639,4.218,0.5851,dewpoint,514.9,23.558
2019-01-22,14.19,21.26,7.78,57.27,2.75,2.06,12.27,96.6,65.58,4.87,JAI,26.91,75.79,arid,NASA_POWER_daily_ag,2.542,5.414,0.8644,dewpoint,494.6,23.68
2019-01-23,13.86,21.37,7.49,58.55,0.53,1.53,13.76,96.93,17.75,4.87,JAI,26.91,75.79,arid,NASA_POWER_daily_ag,2.322,5.808,0.8644,dewpoint,459.5,23.806
2019-01-24,13.39,21.06,7.59,60.41,2.77,2.2,7.32,97.11,50.87,5.19,JAI,26.91,75.79,arid,NASA_POWER_daily_ag,2.188,4.277,0.8839,dewpoint,440.4,23.934
2019-01-25,12.16,20.06,6.82,53.04,0.38,1.79,13.4,97.18,12.04,1.87,JAI,26.91,75.79,arid,NASA_POWER_daily_ag,2.406,5.577,0.6991,dewpoint,432.9,24.065
2019-01-26,10.07,18.86,3.68,42.73,0.0,1.64,17.5,97.45,4.54,-3.4,JAI,26.91,75.79,arid,NASA_POWER_daily_ag,2.52,6.116,0.4752,dewpoint,404.3,24.199
2019-01-27,9.46,17.56,3.5,42.19,0.0,2.04,16.45,97.53,11.64,-3.6,JAI,26.91,75.79,arid,NASA_POWER_daily_ag,2.625,6.019,0.4681,dewpoint,395.8,24.336
2019-01-28,10.16,19.57,3.35,39.44,0.0,2.05,17.45,97.5,4.83,-3.96,JAI,26.91,75.79,arid,NASA_POWER_daily_ag,2.796,6.136,0.4556,dewpoint,399.0,24.476
2019-01-29,11.57,21.03,2.98,30.17,0.0,1.64,18.1,97.38,8.42,-6.59,JAI,26.91,75.79,arid,NASA_POWER_daily_ag,2.892,5.976,0.373,dewpoint,411.7,24.619
2019-01-30,13.82,22.22,6.87,25.07,0.0,1.23,16.64,97.13,54.07,-6.53,JAI,26.91,75.79,arid,NASA_POWER_daily_ag,2.745,5.559,0.3747,dewpoint,438.2,24.764
2019-01-31,13.77,21.35,6.31,28.05,0.0,2.05,13.48,96.91,70.82,-5.39,JAI,26.91,75.79,arid,NASA_POWER_daily_ag,3.321,5.259,0.4089,dewpoint,461.6,24.912
2019-02-01,13.41,22.35,6.72,37.22,0.0,2.31,16.81,97.08,11.44,-1.5,JAI,26.91,75.79,arid,NASA_POWER_daily_ag,3.335,6.218,0.5473,dewpoint,443.6,25.062
2019-02-02,12.33,21.32,4.99,51.39,0.0,1.78,14.99,97.11,15.24,1.46,JAI,26.91,75.79,arid,NASA_POWER_daily_ag,2.602,6.278,0.6788,dewpoint,440.4,25.214
2019-02-03,13.57,23.11,5.81,44.05,0.0,1.11,15.18,97.22,7.79,0.02,JAI,26.91,75.79,arid,NASA_POWER_daily_ag,2.447,6.13,0.6117,dewpoint,428.7,25.369
2019-02-04,16.41,26.02,6.79,39.63,0.0,1.74,13.55,97.21,13.56,1.59,JAI,26.91,75.79,arid,NASA_POWER_daily_ag,3.134,5.809,0.6852,dewpoint,429.8,25.527
2019-02-05,20.26,28.22,13.29,40.55,0.0,1.54,11.06,96.93,54.48,5.96,JAI,26.91,75.79,arid,NASA_POWER_daily_ag,3.113,5.389,0.9325,dewpoint,459.5,25.686
2019-02-06,20.35,27.66,15.0,34.78,0.02,1.03,15.12,96.45,27.49,2.95,JAI,26.91,75.79,arid,NASA_POWER_daily_ag,2.978,6.081,0.7551,dewpoint,510.6,25.848
2019-02-07,15.47,23.34,8.04,33.38,0.06,2.97,17.86,96.28,18.53,-1.43,JAI,26.91,75.79,arid,NASA_POWER_daily_ag,4.248,6.72,0.5501,dewpoint,528.8,26.011
2019-02-08,12.43,20.66,6.41,27.66,0.0,1.47,19.77,96.9,7.19,-6.5,JAI,26.91,75.79,arid,NASA_POWER_daily_ag,3.045,6.832,0.3756,dewpoint,462.7,26.177
2019-02-09,12.19,21.1,4.61,25.36,0.0,1.88,20.08,97.19,11.22,-7.92,JAI,26.91,75.79,arid,NASA_POWER_daily_ag,3.398,6.874,0.3365,dewpoint,431.9,26.344
2019-02-10,13.46,22.15,5.8,23.78,0.0,1.27,16.0,97.25,43.14,-7.56,JAI,26.91,75.79,arid,NASA_POWER_daily_ag,2.889,6.072,0.346,dewpoint,425.5,26.513
2019-02-11,15.17,23.82,7.69,20.73,0.0,1.41,16.99,97.26,66.49,-7.58,JAI,26.91,75.79,arid,NASA_POWER_daily_ag,3.249,6.154,0.3455,dewpoint,424.4,26.684
2019-02-12,16.15,25.6,7.96,26.28,0.0,1.75,18.17,97.26,40.76,-4.42,JAI,26.91,75.79,arid,NASA_POWER_daily_ag,3.672,6.636,0.4401,dewpoint,424.4,26.857
2019-02-13,18.49,26.94,11.15,25.36,0.22,1.9,12.66,97.13,81.69,-2.63,JAI,26.91,75.79,arid,NASA_POWER_daily_ag,3.835,5.572,0.5033,dewpoint,438.2,27.031
2019-02-14,19.62,29.1,13.52,35.71,0.37,2.7,17.46,96.69,33.93,3.27,JAI,26.91,75.79,arid,NASA_POWER_daily_ag,4.592,7.096,0.7724,dewpoint,485.0,27.206
2019-02-15,16.0,24.21,10.33,35.92,0.01,2.72,19.03,96.86,4.93,0.14,JAI,26.91,75.79,arid,NASA_POWER_daily_ag,4.214,7.523,0.6171,dewpoint,466.9,27.383
2019-02-16,14.4,23.45,7.47,40.48,0.0,2.18,20.7,97.04,2.91,-0.38,JAI,26.91,75.79,arid,NASA_POWER_daily_ag,3.719,8.118,0.5941,dewpoint,447.8,27.561
2019-02-17,15.55,24.8,7.13,31.47,0.0,1.69,19.33,96.77,38.9,-2.95,JAI,26.91,75.79,arid,NASA_POWER_daily_ag,3.627,7.48,0.4915,dewpoint,476.5,27.741
2019-02-18,18.95,27.39,11.34,23.57,0.05,2.58,18.67,96.3,31.32,-2.97,JAI,26.91,75.79,arid,NASA_POWER_daily_ag,4.905,7.074,0.4907,dewpoint,526.7,27.921
2019-02-19,19.93,27.15,12.11,40.22,0.12,1.42,18.75,96.54,38.96,5.3,JAI,26.91,75.79,arid,NASA_POWER_daily_ag,3.687,8.158,0.8907,dewpoint,501.0,28.102
2019-02-20,20.98,28.19,15.11,45.91,0.57,2.79,14.47,96.83,87.1,8.35,JAI,26.91,75.79,arid,NASA_POWER_daily_ag,4.336,7.126,1.0986,dewpoint,470.1,28.285
2019-02-21,20.25,26.79,13.95,48.48,0.0,2.44,18.62,96.89,48.09,8.54,JAI,26.91,75.79,arid,NASA_POWER_daily_ag,4.254,8.631,1.1129,dewpoint,463.8,28.468
2019-02-22,18.68,26.53,12.91,39.03,0.0,2.88,19.91,97.0,28.42,2.2,JAI,26.91,75.79,arid,NASA_POWER_daily_ag,4.865,8.227,0.7158,dewpoint,452.1,28.652
2019-02-23,15.9,25.27,8.45,26.19,0.0,1.98,19.74,96.88,50.4,-4.73,JAI,26.91,75.79,arid,NASA_POWER_daily_ag,4.075,7.697,0.4299,dewpoint,464.8,28.837
2019-02-24,17.36,27.5,10.12,22.74,0.0,1.86,18.82,96.5,48.58,-5.21,JAI,26.91,75.79,arid,NASA_POWER_daily_ag,4.147,7.316,0.4145,dewpoint,505.3,29.022
2019-02-25,17.67,26.57,10.71,21.26,0.0,2.12,20.47,96.35,16.27,-5.55,JAI,26.91,75.79,arid,NASA_POWER_daily_ag,4.557,7.747,0.4039,dewpoint,521.3,29.207
2019-02-26,17.4,24.33,11.18,23.23,0.33,2.21,11.8,96.36,80.3,-4.34,JAI,26.91,75.79,arid,NASA_POWER_daily_ag,4.129,5.932,0.4428,dewpoint,520.3,29.393
2019-02-27,16.02,24.15,9.83,33.85,0.05,2.62,17.64,96.41,28.6,-0.95,JAI,26.91,75.79,arid,NASA_POWER_daily_ag,4.311,7.79,0.5698,dewpoint,514.9,29.58
2019-02-28,15.47,24.05,7.79,31.08,0.0,1.36,21.99,96.81,22.25,-3.44,JAI,26.91,75.79,arid,NASA_POWER_daily_ag,3.665,8.859,0.4738,dewpoint,472.3,29.766
2019-03-01,17.17,25.96,8.46,23.43,0.0,1.27,21.27,96.84,49.25,-5.08,JAI,26.91,75.79,arid,NASA_POWER_daily_ag,3.773,8.403,0.4186,dewpoint,469.1,29.953
2019-03-02,19.28,27.37,13.57,25.46,1.5,3.14,7.61,96.66,99.44,-1.99,JAI,26.91,75.79,arid,NASA_POWER_daily_ag,4.946,5.0,0.5278,dewpoint,488.2,30.14
2019-03-03,18.94,27.77,12.56,43.82,0.04,2.62,18.8,96.36,62.0,5.33,JAI,26.91,75.79,arid,NASA_POWER_daily_ag,4.505,8.794,0.8926,dewpoint,520.3,30.326
2019-03-04,17.62,25.56,10.56,57.35,2.55,1.59,17.85,96.3,66.24,7.83,JAI,26.91,75.79,arid,NASA_POWER_daily_ag,3.394,8.971,1.0604,dewpoint,526.7,30.513
2019-03-05,17.57,26.11,10.69,43.26,0.09,1.9,21.64,96.44,56.35,2.91,JAI,26.91,75.79,arid,NASA_POWER_daily_ag,4.189,9.652,0.7529,dewpoint,511.7,30.699
2019-03-06,17.86,26.56,11.27,34.17,0.0,1.71,22.28,96.57,64.59,0.78,JAI,26.91,75.79,arid,NASA_POWER_daily_ag,4.247,9.565,0.6464,dewpoint,497.8,30.885
2019-03-07,19.88,28.63,12.73,29.41,0.0,1.16,22.13,96.53,60.33,0.61,JAI,26.91,75.79,arid,NASA_POWER_daily_ag,4.008,9.376,0.6385,dewpoint,502.1,31.071
2019-03-08,20.66,29.72,12.53,31.47,0.0,2.13,20.55,96.58,69.74,2.18,JAI,26.91,75.79,arid,NASA_POWER_daily_ag,4.908,9.123,0.7148,dewpoint,496.8,31.256
2019-03-09,19.83,28.85,12.02,40.53,0.0,2.5,21.26,96.67,64.4,4.76,JAI,26.91,75.79,arid,NASA_POWER_daily_ag,4.93,9.813,0.8578,dewpoint,487.2,31.441
2019-03-10,20.18,28.12,11.97,30.08,0.0,1.74,21.59,96.69,60.82,0.68,JAI,26.91,75.79,arid,NASA_POWER_daily_ag,4.652,9.465,0.6417,dewpoint,485.0,31.625
2019-03-11,20.57,29.36,14.19,33.7,0.0,2.97,22.34,96.62,56.27,3.49,JAI,26.91,75.79,arid,NASA_POWER_daily_ag,5.624,9.979,0.7845,dewpoint,492.5,31.808
2019-03-12,19.01,25.24,12.99,36.49,0.0,2.07,18.6,96.92,91.92,3.38,JAI,26.91,75.79,arid,NASA_POWER_daily_ag,4.407,9.011,0.7784,dewpoint,460.6,31.991
2019-03-13,20.34,27.28,13.55,31.57,0.0,1.39,11.17,96.83,93.33,2.47,JAI,26.91,75.79,arid,NASA_POWER_daily_ag,3.481,6.449,0.7297,dewpoint,470.1,32.173
2019-03-14,20.38,28.22,13.91,37.8,0.39,2.54,18.09,96.89,78.19,4.75,JAI,26.91,75.79,arid,NASA_POWER_daily_ag,4.891,8.932,0.8572,dewpoint,463.8,32.354
2019-03-15,19.7,28.22,12.4,33.44,0.0,2.22,21.7,97.09,74.0,1.42,JAI,26.91,75.79,arid,NASA_POWER_daily_ag,5.025,9.839,0.6769,dewpoint,442.5,32.533
2019-03-16,19.81,28.47,12.03,27.08,0.0,1.63,21.21,96.97,73.26,-0.8,JAI,26.91,75.79,arid,NASA_POWER_daily_ag,4.577,9.479,0.5761,dewpoint,455.2,32.712
2019-03-17,21.01,29.97,13.45,24.68,0.0,1.86,23.22,96.82,58.98,-1.28,JAI,26.91,75.79,arid,NASA_POWER_daily_ag,5.149,9.939,0.5562,dewpoint,471.2,32.89
2019-03-18,21.78,30.77,13.28,23.07,0.0,1.33,23.66,96.76,61.29,-1.49,JAI,26.91,75.79,arid,NASA_POWER_daily_ag,4.719,10.064,0.5477,dewpoint,477.6,33.066
2019-03-19,23.94,33.31,15.05,22.11,0.0,1.66,24.07,96.38,54.23,0.34,JAI,26.91,75.79,arid,NASA_POWER_daily_ag,5.397,10.268,0.6261,dewpoint,518.1,33.241
2019-03-20,24.02,33.71,15.99,22.66,0.0,2.28,22.98,96.24,63.99,0.69,JAI,26.91,75.79,arid,NASA_POWER_daily_ag,6.034,9.985,0.6422,dewpoint,533.1,33.415
2019-03-21,23.26,31.93,15.21,27.08,0.0,3.01,22.45,96.56,67.1,2.45,JAI,26.91,75.79,arid,NASA_POWER_daily_ag,6.51,10.235,0.7287,dewpoint,498.9,33.587
2019-03-22,23.6,32.4,16.78,20.61,0.0,2.92,23.33,96.82,67.32,-0.88,JAI,26.91,75.79,arid,NASA_POWER_daily_ag,6.754,10.008,0.5728,dewpoint,471.2,33.758
2019-03-23,23.65,32.99,15.08,20.38,0.0,2.04,23.2,96.77,71.76,-1.59,JAI,26.91,75.79,arid,NASA_POWER_daily_ag,5.84,9.984,0.5436,dewpoint,476.5,33.927
2019-03-24,25.54,34.86,16.02,26.57,0.0,2.65,23.04,96.56,61.11,3.39,JAI,26.91,75.79,arid,NASA_POWER_daily_ag,6.68,10.524,0.779,dewpoint,498.9,34.095
2019-03-25,25.4,33.5,18.31,30.86,0.0,3.26,19.21,96.58,85.93,6.04,JAI,26.91,75.79,arid,NASA_POWER_daily_ag,6.738,9.592,0.9377,dewpoint,496.8,34.261
2019-03-26,24.33,33.81,15.73,21.11,0.0,1.99,24.71,96.81,64.5,-1.34,JAI,26.91,75.79,arid,NASA_POWER_daily_ag,6.03,10.545,0.5537,dewpoint,472.3,34.426
2019-03-27,25.93,34.97,17.57,17.85,0.0,1.38,24.11,96.83,72.91,-1.54,JAI,26.91,75.79,arid,NASA_POWER_daily_ag,5.387,10.232,0.5456,dewpoint,470.1,34.589
2019-03-28,29.45,38.97,21.61,18.97,0.0,1.42,22.97,96.59,74.74,2.68,JAI,26.91,75.79,arid,NASA_POWER_daily_ag,5.702,10.128,0.7407,dewpoint,495.7,34.749
2019-03-29,30.23,39.56,22.15,19.88,0.0,1.54,23.13,96.29,73.06,3.07,JAI,26.91,75.79,arid,NASA_POWER_daily_ag,6.003,10.236,0.7615,dewpoint,527.7,34.909
2019-03-30,30.1,39.73,21.47,21.32,0.0,1.76,24.43,96.15,60.41,4.47,JAI,26.91,75.79,arid,NASA_POWER_daily_ag,6.45,10.94,0.8406,dewpoint,542.7,35.066
2019-03-31,28.08,36.79,21.53,20.14,0.02,3.44,22.29,96.32,86.65,0.5,JAI,26.91,75.79,arid,NASA_POWER_daily_ag,8.268,9.895,0.6334,dewpoint,524.5,35.221
2019-04-01,27.5,37.22,19.26,11.79,0.0,2.17,25.69,96.38,63.41,-5.39,JAI,26.91,75.79,arid,NASA_POWER_daily_ag,6.912,10.21,0.4089,dewpoint,518.1,35.374
2019-04-02,28.03,38.04,18.63,13.53,0.0,1.77,24.41,96.39,83.02,-3.36,JAI,26.91,75.79,arid,NASA_POWER_daily_ag,6.305,10.166,0.4766,dewpoint,517.0,35.526
2019-04-03,29.95,39.6,21.94,13.22,0.0,1.48,24.47,96.3,64.21,-2.05,JAI,26.91,75.79,arid,NASA_POWER_daily_ag,6.04,10.141,0.5255,dewpoint,526.7,35.675
2019-04-04,31.14,41.13,20.16,15.32,0.0,1.57,25.36,96.31,63.91,0.37,JAI,26.91,75.79,arid,NASA_POWER_daily_ag,6.449,10.789,0.6274,dewpoint,525.6,35.822
2019-04-05,33.14,41.54,24.29,15.2,0.0,2.15,20.42,96.21,78.03,2.59,JAI,26.91,75.79,arid,NASA_POWER_daily_ag,7.22,9.472,0.736,dewpoint,536.3,35.967
2019-04-06,32.33,41.14,22.96,18.61,0.18,2.99,24.76,96.18,63.72,4.48,JAI,26.91,75.79,arid,NASA_POWER_daily_ag,8.722,11.221,0.8411,dewpoint,539.5,36.11
2019-04-07,31.95,40.74,22.86,17.35,0.0,2.89,24.67,96.02,64.15,2.72,JAI,26.91,75.79,arid,NASA_POWER_daily_ag,8.562,10.983,0.7428,dewpoint,556.6,36.251
2019-04-08,30.69,38.46,22.97,19.83,0.41,1.83,25.01,96.06,60.59,4.2,JAI,26.91,75.79,arid,NASA_POWER_daily_ag,6.82,11.493,0.8248,dewpoint,552.3,36.389
2019-04-09,30.96,40.58,21.59,19.68,0.0,1.55,25.74,96.04,65.88,4.05,JAI,26.91,75.79,arid,NASA_POWER_daily_ag,6.5,11.699,0.8161,dewpoint,554.5,36.526
2019-04-10,31.66,40.33,22.92,20.34,0.0,1.79,23.39,96.18,88.68,5.51,JAI,26.91,75.79,arid,NASA_POWER_daily_ag,6.733,11.13,0.9039,dewpoint,539.5,36.66
2019-04-11,32.78,41.42,24.49,20.32,0.0,1.87,24.65,96.15,70.47,6.24,JAI,26.91,75.79,arid,NASA_POWER_daily_ag,7.127,11.598,0.9508,dewpoint,542.7,36.792
2019-04-12,32.7,40.64,24.39,21.66,0.0,1.57,24.38,96.15,75.37,7.37,JAI,26.91,75.79,arid,NASA_POWER_daily_ag,6.631,11.776,1.0276,dewpoint,542.7,36.921
2019-04-13,32.51,40.44,25.26,22.79,0.0,2.21,24.59,96.22,66.23,7.65,JAI,26.91,75.79,arid,NASA_POWER_daily_ag,7.587,11.906,1.0475,dewpoint,535.2,37.048
2019-04-14,32.23,40.43,23.34,23.17,0.0,1.41,25.84,96.28,62.36,7.17,JAI,26.91,75.79,arid,NASA_POWER_daily_ag,6.512,12.393,1.0136,dewpoint,528.8,37.173
2019-04-15,29.85,40.59,24.26,34.95,0.93,3.1,21.96,96.23,88.33,11.01,JAI,26.91,75.79,arid,NASA_POWER_daily_ag,7.625,11.551,1.3136,dewpoint,534.1,37.296
2019-04-16,27.12,34.43,21.62,47.24,3.89,3.22,14.17,96.28,97.22,13.95,JAI,26.91,75.79,arid,NASA_POWER_daily_ag,5.772,8.783,1.5934,dewpoint,528.8,37.416
2019-04-17,23.24,27.89,19.24,63.95,14.47,2.71,19.71,96.4,75.34,15.24,JAI,26.91,75.79,arid,NASA_POWER_daily_ag,4.788,11.724,1.7319,dewpoint,516.0,37.534
2019-04-18,23.82,31.03,17.11,55.3,0.03,2.15,24.85,96.54,60.99,12.69,JAI,26.91,75.79,arid,NASA_POWER_daily_ag,5.603,13.754,1.4677,dewpoint,501.0,37.65
2019-04-19,24.92,32.35,17.63,42.57,0.0,1.79,26.3,96.39,44.37,10.24,JAI,26.91,75.79,arid,NASA_POWER_daily_ag,5.936,13.921,1.2479,dewpoint,517.0,37.763
2019-04-20,26.52,34.71,19.31,36.19,0.0,1.52,27.47,96.15,36.72,8.89,JAI,26.91,75.79,arid,NASA_POWER_daily_ag,6.134,14.018,1.1396,dewpoint,542.7,37.874
2019-04-21,30.04,37.96,22.85,28.91,0.0,1.29,26.01,95.99,56.48,9.0,JAI,26.91,75.79,arid,NASA_POWER_daily_ag,6.163,13.164,1.1481,dewpoint,559.8,37.982
2019-04-22,30.79,39.82,22.39,28.05,0.07,1.87,27.01,96.0,58.5,8.51,JAI,26.91,75.79,arid,NASA_POWER_daily_ag,7.169,13.421,1.1106,dewpoint,558.8,38.089
2019-04-23,33.23,41.86,24.23,22.61,0.0,1.48,27.2,96.09,60.07,7.46,JAI,26.91,75.79,arid,NASA_POWER_daily_ag,6.966,13.124,1.0339,dewpoint,549.1,38.192
2019-04-24,33.37,42.12,24.82,22.47,0.0,2.82,26.73,96.18,57.73,7.83,JAI,26.91,75.79,arid,NASA_POWER_daily_ag,8.928,13.003,1.0604,dewpoint,539.5,38.294
2019-04-25,33.12,41.76,25.32,18.8,0.0,3.56,26.41,96.22,56.5,5.16,JAI,26.91,75.79,arid,NASA_POWER_daily_ag,9.97,12.425,0.8821,dewpoint,535.2,38.393
2019-04-26,33.42,41.62,24.87,24.21,0.0,2.24,23.92,96.14,51.03,9.29,JAI,26.91,75.79,arid,NASA_POWER_daily_ag,7.774,12.259,1.1707,dewpoint,543.8,38.49
2019-04-27,33.6,42.1,24.75,20.91,0.0,1.96,27.06,96.08,51.03,7.03,JAI,26.91,75.79,arid,NASA_POWER_daily_ag,7.788,13.063,1.0039,dewpoint,550.2,38.584
2019-04-28,33.57,42.27,24.67,19.7,0.0,1.7,26.22,95.98,64.98,5.99,JAI,26.91,75.79,arid,NASA_POWER_daily_ag,7.285,12.592,0.9345,dewpoint,560.9,38.677
2019-04-29,34.26,42.63,24.77,15.04,0.0,1.93,28.01,95.85,61.77,2.61,JAI,26.91,75.79,arid,NASA_POWER_daily_ag,7.952,12.627,0.737,dewpoint,574.8,38.766
2019-04-30,32.98,41.75,24.25,14.81,0.0,3.13,27.98,95.64,57.84,1.91,JAI,26.91,75.79,arid,NASA_POWER_daily_ag,9.639,12.615,0.7011,dewpoint,597.4,38.854
2019-05-01,32.73,41.15,23.97,16.19,0.0,2.14,26.38,95.57,65.67,3.03,JAI,26.91,75.79,arid,NASA_POWER_daily_ag,7.936,12.338,0.7594,dewpoint,604.9,38.939
2019-05-02,33.06,41.33,24.41,16.71,0.0,2.11,25.02,95.65,82.94,3.61,JAI,26.91,75.79,arid,NASA_POWER_daily_ag,7.8,11.948,0.7912,dewpoint,596.3,39.022
2019-05-03,32.63,40.4,24.74,18.04,0.01,2.83,21.28,95.9,79.03,4.49,JAI,26.91,75.79,arid,NASA_POWER_daily_ag,8.43,10.791,0.8417,dewpoint,569.5,39.103
2019-05-04,32.63,39.94,25.83,20.24,0.06,1.99,23.77,96.15,68.67,5.34,JAI,26.91,75.79,arid,NASA_POWER_daily_ag,7.402,11.793,0.8932,dewpoint,542.7,39.182
2019-05-05,32.11,40.33,24.04,19.11,0.0,2.41,27.6,96.24,56.67,3.39,JAI,26.91,75.79,arid,NASA_POWER_daily_ag,8.402,12.935,0.779,dewpoint,533.1,39.258
2019-05-06,32.98,41.79,23.84,11.81,0.0,3.48,27.63,96.0,61.85,-1.42,JAI,26.91,75.79,arid,NASA_POWER_daily_ag,10.254,12.137,0.5505,dewpoint,558.8,39.332
2019-05-07,33.1,41.59,26.12,14.98,0.0,4.7,26.9,95.89,74.79,2.25,JAI,26.91,75.79,arid,NASA_POWER_daily_ag,11.704,12.386,0.7184,dewpoint,570.6,39.404
2019-05-08,33.7,41.99,25.72,16.99,0.0,4.43,26.79,95.91,71.23,4.73,JAI,26.91,75.79,arid,NASA_POWER_daily_ag,11.397,12.771,0.856,dewpoint,568.4,39.474
2019-05-09,33.08,40.57,26.08,21.77,0.0,5.43,27.07,95.88,66.69,7.74,JAI,26.91,75.79,arid,NASA_POWER_daily_ag,12.113,13.485,1.0539,dewpoint,571.6,39.542
2019-05-10,32.66,40.12,25.41,24.58,0.0,3.77,28.44,95.92,57.37,9.09,JAI,26.91,75.79,arid,NASA_POWER_daily_ag,10.169,14.358,1.1551,dewpoint,567.3,39.608
2019-05-11,32.68,39.69,25.54,25.09,0.09,2.18,25.55,96.05,81.14,9.26,JAI,26.91,75.79,arid,NASA_POWER_daily_ag,7.834,13.245,1.1684,dewpoint,553.4,39.671
2019-05-12,32.84,40.32,25.4,25.74,0.01,2.35,23.93,96.0,81.88,9.77,JAI,26.91,75.79,arid,NASA_POWER_daily_ag,7.885,12.66,1.2092,dewpoint,558.8,39.733
2019-05-13,33.79,40.65,26.57,23.51,0.59,2.09,25.52,95.86,58.01,9.56,JAI,26.91,75.79,arid,NASA_POWER_daily_ag,7.886,13.235,1.1922,dewpoint,573.8,39.792
2019-05-14,33.01,39.8,26.66,27.16,1.99,1.87,24.44,95.9,62.08,10.81,JAI,26.91,75.79,arid,NASA_POWER_daily_ag,7.277,13.048,1.2962,dewpoint,569.5,39.849
2019-05-15,33.19,40.34,26.39,28.97,1.87,1.71,25.04,95.98,60.82,11.68,JAI,26.91,75.79,arid,NASA_POWER_daily_ag,7.139,13.453,1.3732,dewpoint,560.9,39.905
2019-05-16,32.67,38.76,26.69,30.63,0.93,2.87,25.78,96.07,60.83,12.49,JAI,26.91,75.79,arid,NASA_POWER_daily_ag,8.588,13.988,1.4485,dewpoint,551.3,39.958
2019-05-17,30.91,36.27,26.25,34.85,1.26,4.13,24.67,96.1,67.59,13.1,JAI,26.91,75.79,arid,NASA_POWER_daily_ag,9.162,13.722,1.5076,dewpoint,548.1,40.01
2019-05-18,29.03,35.11,23.76,44.16,0.0,3.6,27.42,96.14,44.34,14.83,JAI,26.91,75.79,arid,NASA_POWER_daily_ag,8.18,15.481,1.6868,dewpoint,543.8,40.059
2019-05-19,31.24,38.57,24.14,28.18,0.0,1.93,27.48,96.17,57.14,8.86,JAI,26.91,75.79,arid,NASA_POWER_daily_ag,7.525,14.175,1.1372,dewpoint,540.6,40.107
2019-05-20,34.08,40.86,26.56,24.18,0.14,1.8,23.38,96.15,70.91,10.34,JAI,26.91,75.79,arid,NASA_POWER_daily_ag,7.244,12.547,1.2562,dewpoint,542.7,40.153
2019-05-21,34.86,40.21,29.37,26.92,0.21,1.82,23.6,96.05,70.14,12.58,JAI,26.91,75.79,arid,NASA_POWER_daily_ag,7.357,12.949,1.4571,dewpoint,553.4,40.197
2019-05-22,34.75,40.84,28.8,28.91,1.98,1.7,23.58,95.89,80.2,13.62,JAI,26.91,75.79,arid,NASA_POWER_daily_ag,7.133,13.125,1.5596,dewpoint,570.6,40.239
2019-05-23,35.14,41.6,28.32,29.85,1.0,2.46,23.99,95.77,69.58,14.37,JAI,26.91,75.79,arid,NASA_POWER_daily_ag,8.282,13.442,1.6374,dewpoint,583.4,40.279
2019-05-24,34.13,40.22,27.55,30.85,0.03,2.49,24.98,95.88,72.1,13.91,JAI,26.91,75.79,arid,NASA_POWER_daily_ag,8.279,13.888,1.5893,dewpoint,571.6,40.318
2019-05-25,33.2,39.64,26.91,28.31,0.07,2.45,26.43,95.94,59.78,11.01,JAI,26.91,75.79,arid,NASA_POWER_daily_ag,8.374,14.037,1.3136,dewpoint,565.2,40.355
2019-05-26,34.37,41.89,25.66,23.79,0.0,2.52,26.26,95.76,75.36,9.69,JAI,26.91,75.79,arid,NASA_POWER_daily_ag,8.742,13.683,1.2027,dewpoint,584.5,40.39
2019-05-27,35.48,42.87,27.54,18.75,0.0,2.08,26.41,95.76,74.34,7.21,JAI,26.91,75.79,arid,NASA_POWER_daily_ag,8.318,13.186,1.0164,dewpoint,584.5,40.423
2019-05-28,36.39,44.23,28.89,16.05,0.0,1.63,26.38,95.69,63.51,5.74,JAI,26.91,75.79,arid,NASA_POWER_daily_ag,7.632,12.805,0.9184,dewpoint,592.0,40.455
2019-05-29,37.01,44.88,28.66,16.41,0.0,2.17,24.81,95.62,70.42,6.61,JAI,26.91,75.79,arid,NASA_POWER_daily_ag,8.507,12.362,0.9753,dewpoint,599.5,40.485
2019-05-30,37.89,45.57,30.44,16.23,0.0,3.15,22.84,95.51,77.66,7.03,JAI,26.91,75.79,arid,NASA_POWER_daily_ag,10.086,11.612,1.0039,dewpoint,611.4,40.513
2019-05-31,38.28,44.08,31.58,18.09,0.0,2.18,21.68,95.55,76.13,9.28,JAI,26.91,75.79,arid,NASA_POWER_daily_ag,8.299,11.516,1.17,dewpoint,607.1,40.54
2019-06-01,38.34,45.57,31.61,18.6,0.0,3.55,25.17,95.57,73.1,9.69,JAI,26.91,75.79,arid,NASA_POWER_daily_ag,10.969,12.892,1.2027,dewpoint,604.9,40.565
2019-06-02,38.05,46.07,30.04,14.21,0.0,4.01,26.99,95.53,72.17,4.73,JAI,26.91,75.79,arid,NASA_POWER_daily_ag,12.041,12.737,0.856,dewpoint,609.2,40.589
2019-06-03,37.95,46.16,29.17,14.27,0.0,3.08,25.24,95.52,70.75,5.36,JAI,26.91,75.79,arid,NASA_POWER_daily_ag,10.307,12.27,0.8945,dewpoint,610.3,40.611
2019-06-04,37.53,45.08,30.1,17.11,0.0,3.97,27.06,95.55,59.97,7.9,JAI,26.91,75.79,arid,NASA_POWER_daily_ag,11.722,13.395,1.0655,dewpoint,607.1,40.631
2019-06-05,37.58,44.25,30.08,19.68,0.0,3.48,27.12,95.53,47.68,10.02,JAI,26.91,75.79,arid,NASA_POWER_daily_ag,10.918,13.874,1.2296,dewpoint,609.2,40.65
2019-06-06,38.23,44.99,31.61,17.53,0.0,3.18,25.86,95.59,60.68,7.64,JAI,26.91,75.79,arid,NASA_POWER_daily_ag,10.531,12.843,1.0467,dewpoint,602.8,40.668
2019-06-07,36.79,43.61,29.7,13.48,0.0,2.12,26.93,95.77,69.74,3.99,JAI,26.91,75.79,arid,NASA_POWER_daily_ag,8.653,12.762,0.8127,dewpoint,583.4,40.684
2019-06-08,37.57,45.09,29.65,13.57,0.0,1.9,26.55,95.67,63.55,4.43,JAI,26.91,75.79,arid,NASA_POWER_daily_ag,8.3,12.631,0.8382,dewpoint,594.2,40.698
2019-06-09,38.69,46.51,31.23,13.09,0.0,1.76,27.13,95.44,65.32,4.52,JAI,26.91,75.79,arid,NASA_POWER_daily_ag,8.196,12.704,0.8435,dewpoint,618.9,40.711
2019-06-10,38.62,46.92,30.1,14.24,0.0,3.55,26.59,95.26,65.61,5.8,JAI,26.91,75.79,arid,NASA_POWER_daily_ag,11.352,12.779,0.9222,dewpoint,638.3,40.723
2019-06-11,39.15,45.5,32.04,19.58,0.58,3.81,24.77,95.23,61.14,10.94,JAI,26.91,75.79,arid,NASA_POWER_daily_ag,11.46,12.991,1.3075,dewpoint,641.5,40.733
2019-06-12,37.42,44.43,28.98,28.15,3.12,2.19,20.5,95.37,63.05,14.36,JAI,26.91,75.79,arid,NASA_POWER_daily_ag,7.86,11.837,1.6363,dewpoint,626.4,40.742
2019-06-13,34.49,40.42,29.14,40.88,0.49,1.84,12.44,95.55,98.47,18.61,JAI,26.91,75.79,arid,NASA_POWER_daily_ag,5.365,8.441,2.1445,dewpoint,607.1,40.749
2019-06-14,36.43,41.93,31.45,30.54,0.0,3.12,20.68,95.47,84.84,15.81,JAI,26.91,75.79,arid,NASA_POWER_daily_ag,8.883,12.14,1.7963,dewpoint,615.7,40.755
2019-06-15,34.24,38.01,30.88,39.54,3.55,4.09,17.59,95.58,94.74,18.24,JAI,26.91,75.79,arid,NASA_POWER_daily_ag,8.547,11.043,2.0953,dewpoint,603.8,40.76
2019-06-16,33.19,37.3,30.06,47.28,2.91,3.9,19.4,95.64,77.15,20.28,JAI,26.91,75.79,arid,NASA_POWER_daily_ag,7.854,12.276,2.3791,dewpoint,597.4,40.763
2019-06-17,33.06,37.99,28.27,46.58,2.75,3.97,23.94,95.59,49.85,19.71,JAI,26.91,75.79,arid,NASA_POWER_daily_ag,8.625,14.62,2.2966,dewpoint,602.8,40.764
2019-06-18,31.18,34.28,27.58,51.54,3.43,2.35,17.04,95.59,83.8,19.79,JAI,26.91,75.79,arid,NASA_POWER_daily_ag,5.767,11.035,2.3081,dewpoint,602.8,40.765
2019-06-19,30.37,36.7,25.47,55.18,0.37,3.17,23.33,95.49,58.06,19.39,JAI,26.91,75.79,arid,NASA_POWER_daily_ag,7.091,14.334,2.2514,dewpoint,613.5,40.764
2019-06-20,32.67,39.7,23.9,48.24,0.17,1.68,23.01,95.62,74.31,18.15,JAI,26.91,75.79,arid,NASA_POWER_daily_ag,6.548,13.9,2.0835,dewpoint,599.5,40.762
2019-06-21,34.17,39.18,28.48,43.02,0.98,2.51,18.45,95.65,73.35,19.36,JAI,26.91,75.79,arid,NASA_POWER_daily_ag,6.912,11.64,2.2472,dewpoint,596.3,40.758
2019-06-22,35.94,42.43,29.87,33.89,0.0,2.42,24.48,95.56,46.25,16.6,JAI,26.91,75.79,arid,NASA_POWER_daily_ag,8.342,14.109,1.8892,dewpoint,606.0,40.753
2019-06-23,35.62,42.23,28.51,33.31,0.01,2.41,23.93,95.47,60.68,16.09,JAI,26.91,75.79,arid,NASA_POWER_daily_ag,8.222,13.793,1.8288,dewpoint,615.7,40.747
2019-06-24,35.3,41.33,28.79,40.63,3.47,1.94,22.01,95.62,76.39,19.18,JAI,26.91,75.79,arid,NASA_POWER_daily_ag,7.09,13.411,2.2222,dewpoint,599.5,40.739
2019-06-25,34.64,38.79,30.44,44.31,0.78,1.49,18.6,95.65,85.41,20.29,JAI,26.91,75.79,arid,NASA_POWER_daily_ag,5.833,11.815,2.3806,dewpoint,596.3,40.73
2019-06-26,36.38,42.54,30.34,33.17,0.0,2.46,23.21,95.49,60.28,16.76,JAI,26.91,75.79,arid,NASA_POWER_daily_ag,8.29,13.507,1.9085,dewpoint,613.5,40.72
2019-06-27,35.97,41.93,29.73,35.2,0.14,3.03,22.62,95.31,59.53,17.74,JAI,26.91,75.79,arid,NASA_POWER_daily_ag,8.731,13.429,2.0305,dewpoint,632.9,40.708
2019-06-28,36.28,42.35,30.27,38.91,0.65,3.45,24.0,95.2,67.17,19.38,JAI,26.91,75.79,arid,NASA_POWER_daily_ag,9.291,14.416,2.25,dewpoint,644.7,40.695
2019-06-29,36.21,42.5,29.86,37.34,0.55,4.02,22.78,95.2,73.39,18.69,JAI,26.91,75.79,arid,NASA_POWER_daily_ag,9.791,13.662,2.1553,dewpoint,644.7,40.68
2019-06-30,36.69,43.09,30.31,34.98,1.08,3.66,23.62,95.22,78.6,18.06,JAI,26.91,75.79,arid,NASA_POWER_daily_ag,9.761,13.933,2.0718,dewpoint,642.6,40.665
2019-07-01,35.18,41.47,30.28,42.49,6.84,3.51,23.93,95.3,54.76,19.85,JAI,26.91,75.79,arid,NASA_POWER_daily_ag,8.923,14.491,2.3167,dewpoint,634.0,40.647
2019-07-02,34.67,40.6,28.41,42.44,0.93,2.62,19.3,95.36,79.12,19.12,JAI,26.91,75.79,arid,NASA_POWER_daily_ag,7.296,12.014,2.2139,dewpoint,627.5,40.629
2019-07-03,34.88,41.47,30.21,39.36,1.08,2.61,20.77,95.35,80.96,18.38,JAI,26.91,75.79,arid,NASA_POWER_daily_ag,7.623,12.598,2.1138,dewpoint,628.6,40.609
2019-07-04,31.79,36.39,28.5,59.32,10.96,1.89,13.61,95.3,98.61,22.51,JAI,26.91,75.79,arid,NASA_POWER_daily_ag,4.625,9.345,2.7272,dewpoint,634.0,40.587
2019-07-05,31.07,35.09,26.58,65.76,18.01,1.64,5.46,95.11,99.27,23.6,JAI,26.91,75.79,arid,NASA_POWER_daily_ag,2.76,4.678,2.913,dewpoint,654.5,40.565
2019-07-06,31.33,36.96,26.81,65.71,30.38,3.08,11.79,94.99,98.75,23.59,JAI,26.91,75.79,arid,NASA_POWER_daily_ag,4.744,8.372,2.9113,dewpoint,667.4,40.54
2019-07-07,31.23,37.11,26.01,67.24,10.47,2.79,14.41,95.09,97.16,23.8,JAI,26.91,75.79,arid,NASA_POWER_daily_ag,4.932,9.918,2.9483,dewpoint,656.6,40.515
2019-07-08,31.53,37.21,27.35,64.77,9.61,3.52,21.41,95.2,81.62,23.64,JAI,26.91,75.79,arid,NASA_POWER_daily_ag,6.528,13.963,2.92,dewpoint,644.7,40.488
2019-07-09,31.21,37.56,25.64,59.94,1.49,3.65,19.94,95.15,89.06,21.89,JAI,26.91,75.79,arid,NASA_POWER_daily_ag,6.664,12.851,2.6263,dewpoint,650.1,40.459
2019-07-10,31.64,37.66,26.72,57.35,0.0,3.86,23.44,95.15,77.26,21.6,JAI,26.91,75.79,arid,NASA_POWER_daily_ag,7.521,14.726,2.5802,dewpoint,650.1,40.429
2019-07-11,31.56,37.28,26.43,57.24,0.0,5.07,22.3,95.23,89.63,21.64,JAI,26.91,75.79,arid,NASA_POWER_daily_ag,7.946,14.11,2.5865,dewpoint,641.5,40.398
2019-07-12,31.38,37.2,26.01,56.32,0.0,4.32,23.44,95.43,83.52,21.06,JAI,26.91,75.79,arid,NASA_POWER_daily_ag,7.798,14.633,2.4962,dewpoint,620.0,40.365
2019-07-13,31.78,37.97,26.4,54.45,0.0,4.82,23.82,95.52,70.18,20.92,JAI,26.91,75.79,arid,NASA_POWER_daily_ag,8.332,14.781,2.4748,dewpoint,610.3,40.33
2019-07-14,31.56,37.04,26.19,54.95,0.0,4.52,22.0,95.35,80.54,20.97,JAI,26.91,75.79,arid,NASA_POWER_daily_ag,7.806,13.819,2.4824,dewpoint,628.6,40.294
2019-07-15,31.15,36.46,26.26,57.07,0.22,4.4,16.77,95.28,96.43,21.23,JAI,26.91,75.79,arid,NASA_POWER_daily_ag,6.763,10.988,2.5224,dewpoint,636.1,40.256
2019-07-16,31.23,36.17,26.67,56.6,0.08,3.33,16.66,95.48,90.32,21.23,JAI,26.91,75.79,arid,NASA_POWER_daily_ag,6.146,10.921,2.5224,dewpoint,614.6,40.217
2019-07-17,30.88,34.74,27.47,60.77,6.9,2.96,19.11,95.57,85.15,22.14,JAI,26.91,75.79,arid,NASA_POWER_daily_ag,5.992,12.407,2.6666,dewpoint,604.9,40.176
2019-07-18,30.36,34.63,26.22,66.22,9.83,2.28,13.12,95.54,93.23,23.0,JAI,26.91,75.79,arid,NASA_POWER_daily_ag,4.365,9.096,2.8094,dewpoint,608.1,40.134
2019-07-19,31.31,36.41,25.79,61.27,5.51,1.21,16.97,95.57,80.32,22.34,JAI,26.91,75.79,arid,NASA_POWER_daily_ag,4.621,11.216,2.6992,dewpoint,604.9,40.09
2019-07-20,32.97,37.79,27.51,52.26,0.25,0.64,20.65,95.6,59.22,21.33,JAI,26.91,75.79,arid,NASA_POWER_daily_ag,5.011,13.069,2.5379,dewpoint,601.7,40.044
2019-07-21,33.13,38.15,28.2,53.51,0.38,1.77,23.04,95.53,65.55,21.96,JAI,26.91,75.79,arid,NASA_POWER_daily_ag,6.43,14.476,2.6375,dewpoint,609.2,39.997
2019-07-22,32.19,36.43,27.88,60.68,0.09,1.55,22.86,95.45,67.65,23.23,JAI,26.91,75.79,arid,NASA_POWER_daily_ag,5.951,14.668,2.8488,dewpoint,617.8,39.948
2019-07-23,32.82,37.46,28.19,57.9,0.06,1.3,24.29,95.4,89.71,22.93,JAI,26.91,75.79,arid,NASA_POWER_daily_ag,6.158,15.387,2.7976,dewpoint,623.2,39.897
2019-07-24,30.94,34.68,26.69,71.64,55.67,2.77,17.39,95.37,96.28,25.0,JAI,26.91,75.79,arid,NASA_POWER_daily_ag,5.044,11.784,3.1678,dewpoint,626.4,39.844
2019-07-25,27.81,30.51,25.96,84.97,48.73,2.01,7.99,95.44,99.69,24.99,JAI,26.91,75.79,arid,NASA_POWER_daily_ag,2.351,6.132,3.1659,dewpoint,618.9,39.79
2019-07-26,26.89,28.57,25.54,90.14,43.26,1.78,4.49,95.23,99.86,25.13,JAI,26.91,75.79,arid,NASA_POWER_daily_ag,1.477,3.994,3.1924,dewpoint,641.5,39.734
2019-07-27,27.55,31.19,25.06,86.87,45.59,1.82,6.13,95.18,99.51,25.07,JAI,26.91,75.79,arid,NASA_POWER_daily_ag,1.926,5.0,3.181,dewpoint,646.9,39.676
2019-07-28,27.75,32.03,24.98,84.18,26.43,3.16,14.04,95.26,96.07,24.66,JAI,26.91,75.79,arid,NASA_POWER_daily_ag,3.548,9.759,3.1042,dewpoint,638.3,39.616
2019-07-29,28.3,31.85,24.88,83.79,1.67,2.62,17.94,95.4,78.32,25.16,JAI,26.91,75.79,arid,NASA_POWER_daily_ag,4.167,12.167,3.1981,dewpoint,623.2,39.555
2019-07-30,29.04,33.18,25.43,82.03,0.07,2.2,20.68,95.42,80.57,25.47,JAI,26.91,75.79,arid,NASA_POWER_daily_ag,4.743,13.853,3.2576,dewpoint,621.0,39.491
2019-07-31,28.57,32.37,25.47,81.7,0.91,1.57,16.03,95.42,96.88,24.93,JAI,26.91,75.79,arid,NASA_POWER_daily_ag,3.819,10.962,3.1546,dewpoint,621.0,39.426
2019-08-01,29.05,32.82,25.07,80.48,10.67,0.74,14.97,95.36,91.36,25.13,JAI,26.91,75.79,arid,NASA_POWER_daily_ag,3.514,10.339,3.1924,dewpoint,627.5,39.359
2019-08-02,28.75,32.1,26.31,85.17,14.93,1.68,14.39,95.29,95.78,25.9,JAI,26.91,75.79,arid,NASA_POWER_daily_ag,3.444,10.052,3.3416,dewpoint,635.0,39.29
2019-08-03,28.44,31.64,25.35,83.16,9.9,1.91,19.04,95.32,80.26,25.16,JAI,26.91,75.79,arid,NASA_POWER_daily_ag,4.313,12.806,3.1981,dewpoint,631.8,39.219
2019-08-04,29.77,33.24,25.78,76.23,5.19,1.14,18.03,95.21,93.93,24.92,JAI,26.91,75.79,arid,NASA_POWER_daily_ag,4.302,12.132,3.1527,dewpoint,643.7,39.146
2019-08-05,29.26,32.53,25.94,81.82,0.78,1.55,18.58,95.1,89.78,25.7,JAI,26.91,75.79,arid,NASA_POWER_daily_ag,4.309,12.581,3.3023,dewpoint,655.5,39.071
2019-08-06,28.61,32.19,25.24,84.36,25.88,2.3,10.6,95.12,99.23,25.6,JAI,26.91,75.79,arid,NASA_POWER_daily_ag,2.909,7.701,3.2828,dewpoint,653.4,38.993
2019-08-07,27.77,30.77,25.23,85.42,10.37,2.03,12.57,95.08,96.14,25.0,JAI,26.91,75.79,arid,NASA_POWER_daily_ag,3.091,8.867,3.1678,dewpoint,657.7,38.914
2019-08-08,27.95,31.45,24.95,83.75,3.76,2.32,21.01,95.04,72.99,24.8,JAI,26.91,75.79,arid,NASA_POWER_daily_ag,4.588,13.91,3.1302,dewpoint,662.0,38.833
2019-08-09,27.7,31.31,24.44,84.32,5.78,4.53,15.06,95.01,80.78,24.68,JAI,26.91,75.79,arid,NASA_POWER_daily_ag,3.799,10.329,3.1079,dewpoint,665.2,38.75
2019-08-10,26.93,30.03,24.87,86.56,6.75,3.82,16.44,95.14,61.95,24.39,JAI,26.91,75.79,arid,NASA_POWER_daily_ag,3.69,11.123,3.0545,dewpoint,651.2,38.665
2019-08-11,27.36,31.32,23.84,84.67,0.17,2.54,16.36,95.46,59.55,24.38,JAI,26.91,75.79,arid,NASA_POWER_daily_ag,3.76,11.062,3.0527,dewpoint,616.7,38.578
2019-08-12,28.33,32.57,24.88,82.54,0.01,2.2,18.41,95.51,77.36,24.87,JAI,26.91,75.79,arid,NASA_POWER_daily_ag,4.243,12.316,3.1433,dewpoint,611.4,38.488
2019-08-13,28.12,32.28,24.32,80.84,15.5,2.51,13.89,95.57,96.88,24.37,JAI,26.91,75.79,arid,NASA_POWER_daily_ag,3.611,9.57,3.0508,dewpoint,604.9,38.396
2019-08-14,27.72,31.51,24.25,83.91,13.48,2.1,10.26,95.62,96.14,24.63,JAI,26.91,75.79,arid,NASA_POWER_daily_ag,2.778,7.43,3.0986,dewpoint,599.5,38.303
2019-08-15,26.48,29.88,24.09,90.05,18.97,2.84,10.28,95.52,99.53,24.68,JAI,26.91,75.79,arid,NASA_POWER_daily_ag,2.461,7.446,3.1079,dewpoint,610.3,38.207
2019-08-16,26.95,30.55,25.05,88.41,28.35,3.22,10.73,95.24,99.05,24.79,JAI,26.91,75.79,arid,NASA_POWER_daily_ag,2.688,7.711,3.1284,dewpoint,640.4,38.109
2019-08-17,25.97,28.51,24.55,91.52,31.58,3.71,5.28,95.39,99.04,24.46,JAI,26.91,75.79,arid,NASA_POWER_daily_ag,1.652,4.456,3.0673,dewpoint,624.3,38.009
2019-08-18,27.11,30.67,24.19,87.01,2.22,2.94,18.71,95.79,88.44,24.66,JAI,26.91,75.79,arid,NASA_POWER_daily_ag,3.968,12.444,3.1042,dewpoint,581.3,37.906
2019-08-19,27.42,31.62,23.47,84.24,1.2,2.54,21.98,95.99,67.06,24.37,JAI,26.91,75.79,arid,NASA_POWER_daily_ag,4.633,14.315,3.0508,dewpoint,559.8,37.802
2019-08-20,27.46,31.84,23.75,81.92,0.11,3.05,24.11,95.95,57.32,23.88,JAI,26.91,75.79,arid,NASA_POWER_daily_ag,5.106,15.437,2.9625,dewpoint,564.1,37.695
2019-08-21,27.2,32.07,23.15,81.6,3.92,3.38,24.64,95.83,57.64,23.55,JAI,26.91,75.79,arid,NASA_POWER_daily_ag,5.181,15.664,2.9043,dewpoint,577.0,37.586
2019-08-22,27.23,32.07,22.88,80.58,2.47,2.78,23.1,95.81,73.48,23.32,JAI,26.91,75.79,arid,NASA_POWER_daily_ag,4.973,14.717,2.8643,dewpoint,579.1,37.475
2019-08-23,27.22,32.09,23.24,80.61,2.18,2.78,21.8,95.8,67.67,23.34,JAI,26.91,75.79,arid,NASA_POWER_daily_ag,4.768,13.955,2.8677,dewpoint,580.2,37.362
2019-08-24,27.43,32.35,23.55,79.76,0.43,2.51,21.03,95.78,88.29,23.37,JAI,26.91,75.79,arid,NASA_POWER_daily_ag,4.678,13.496,2.8729,dewpoint,582.4,37.247
2019-08-25,26.55,29.91,23.74,86.2,14.78,1.54,14.59,95.78,95.49,23.96,JAI,26.91,75.79,arid,NASA_POWER_daily_ag,3.217,9.879,2.9768,dewpoint,582.4,37.129
2019-08-26,26.36,29.15,23.98,88.35,4.58,1.37,16.97,95.75,85.06,24.22,JAI,26.91,75.79,arid,NASA_POWER_daily_ag,3.519,11.298,3.0235,dewpoint,585.6,37.009
2019-08-27,27.12,30.31,23.74,84.32,4.74,1.81,16.18,95.72,86.22,24.15,JAI,26.91,75.79,arid,NASA_POWER_daily_ag,3.601,10.806,3.0109,dewpoint,588.8,36.887
2019-08-28,27.73,31.3,24.36,83.82,3.5,2.18,17.73,95.74,89.2,24.62,JAI,26.91,75.79,arid,NASA_POWER_daily_ag,3.964,11.749,3.0968,dewpoint,586.6,36.763
2019-08-29,28.05,30.74,25.09,85.58,2.12,1.07,19.29,95.83,92.66,25.33,JAI,26.91,75.79,arid,NASA_POWER_daily_ag,4.111,12.775,3.2306,dewpoint,577.0,36.637
2019-08-30,28.13,31.28,25.39,84.44,4.29,1.14,16.36,95.61,90.2,25.15,JAI,26.91,75.79,arid,NASA_POWER_daily_ag,3.633,10.983,3.1962,dewpoint,600.6,36.509
2019-08-31,28.85,32.8,24.75,80.52,5.94,0.73,19.71,95.47,72.92,24.89,JAI,26.91,75.79,arid,NASA_POWER_daily_ag,4.281,12.898,3.1471,dewpoint,615.7,36.378
2019-09-01,28.66,31.53,25.3,80.95,7.0,1.2,13.38,95.57,94.54,24.95,JAI,26.91,75.79,arid,NASA_POWER_daily_ag,3.24,9.178,3.1584,dewpoint,604.9,36.246
2019-09-02,28.46,31.76,25.23,83.02,3.59,0.74,16.16,95.61,83.62,25.16,JAI,26.91,75.79,arid,NASA_POWER_daily_ag,3.581,10.831,3.1981,dewpoint,600.6,36.111
2019-09-03,28.72,32.12,25.26,83.49,9.57,1.13,18.43,95.59,79.87,25.5,JAI,26.91,75.79,arid,NASA_POWER_daily_ag,4.056,12.213,3.2634,dewpoint,602.8,35.974
2019-09-04,27.28,29.72,25.65,90.75,2.28,1.64,14.64,95.53,85.67,25.62,JAI,26.91,75.79,arid,NASA_POWER_daily_ag,3.115,9.979,3.2867,dewpoint,609.2,35.835
2019-09-05,27.25,30.36,24.4,85.57,1.11,1.07,18.13,95.54,90.78,24.53,JAI,26.91,75.79,arid,NASA_POWER_daily_ag,3.809,11.886,3.0802,dewpoint,608.1,35.694
2019-09-06,28.22,31.1,25.05,84.65,0.88,1.04,14.47,95.46,92.15,25.33,JAI,26.91,75.79,arid,NASA_POWER_daily_ag,3.272,9.818,3.2306,dewpoint,616.7,35.551
2019-09-07,28.5,30.94,26.42,83.29,3.07,0.62,11.66,95.47,97.53,25.33,JAI,26.91,75.79,arid,NASA_POWER_daily_ag,2.734,8.139,3.2306,dewpoint,615.7,35.406
2019-09-08,27.4,29.74,25.26,88.74,1.72,1.09,17.5,95.61,92.28,25.34,JAI,26.91,75.79,arid,NASA_POWER_daily_ag,3.65,11.602,3.2325,dewpoint,600.6,35.26
2019-09-09,29.02,33.34,24.82,75.59,0.07,1.59,20.89,95.54,70.19,24.01,JAI,26.91,75.79,arid,NASA_POWER_daily_ag,4.738,13.257,2.9857,dewpoint,608.1,35.111
2019-09-10,28.98,33.65,24.43,73.47,0.0,0.84,20.48,95.52,66.99,23.47,JAI,26.91,75.79,arid,NASA_POWER_daily_ag,4.454,12.898,2.8903,dewpoint,610.3,34.96
2019-09-11,29.19,34.17,24.4,79.25,0.03,1.74,21.5,95.65,61.89,24.84,JAI,26.91,75.79,arid,NASA_POWER_daily_ag,4.809,13.741,3.1377,dewpoint,596.3,34.808
2019-09-12,29.32,34.29,25.23,81.71,1.06,1.95,19.89,95.77,84.05,25.56,JAI,26.91,75.79,arid,NASA_POWER_daily_ag,4.509,12.925,3.275,dewpoint,583.4,34.653
2019-09-13,28.36,31.67,25.75,84.0,3.05,1.01,13.9,95.85,92.8,25.28,JAI,26.91,75.79,arid,NASA_POWER_daily_ag,3.167,9.386,3.221,dewpoint,574.8,34.497
2019-09-14,27.83,31.75,24.33,83.31,8.28,1.38,17.59,95.87,78.59,24.6,JAI,26.91,75.79,arid,NASA_POWER_daily_ag,3.811,11.43,3.0931,dewpoint,572.7,34.34
2019-09-15,27.77,32.18,23.87,81.01,17.62,1.35,10.47,95.93,97.67,23.92,JAI,26.91,75.79,arid,NASA_POWER_daily_ag,2.714,7.291,2.9696,dewpoint,566.3,34.18
2019-09-16,28.2,33.24,23.94,79.69,1.94,1.93,20.92,95.83,57.51,24.0,JAI,26.91,75.79,arid,NASA_POWER_daily_ag,4.58,13.151,2.9839,dewpoint,577.0,34.019
2019-09-17,28.32,33.07,23.94,78.79,0.85,1.67,20.42,95.9,66.85,23.95,JAI,26.91,75.79,arid,NASA_POWER_daily_ag,4.482,12.841,2.975,dewpoint,569.5,33.856
2019-09-18,28.19,33.24,24.38,78.32,0.7,1.02,19.57,96.18,69.12,23.65,JAI,26.91,75.79,arid,NASA_POWER_daily_ag,4.177,12.271,2.9218,dewpoint,539.5,33.692
2019-09-19,26.18,30.62,22.31,84.25,0.0,1.83,20.55,96.34,60.67,23.1,JAI,26.91,75.79,arid,NASA_POWER_daily_ag,4.093,12.768,2.8265,dewpoint,522.4,33.526
2019-09-20,26.03,29.85,22.6,82.74,0.03,1.7,18.26,96.23,63.63,22.68,JAI,26.91,75.79,arid,NASA_POWER_daily_ag,3.76,11.424,2.7555,dewpoint,534.1,33.359
2019-09-21,26.62,31.03,22.86,81.62,1.62,1.3,13.79,96.14,92.92,23.04,JAI,26.91,75.79,arid,NASA_POWER_daily_ag,3.096,8.999,2.8162,dewpoint,543.8,33.19
2019-09-22,25.7,29.88,22.48,86.1,0.97,2.11,20.37,96.28,55.62,23.02,JAI,26.91,75.79,arid,NASA_POWER_daily_ag,3.942,12.597,2.8128,dewpoint,528.8,33.02
2019-09-23,25.21,29.67,21.69,84.92,0.24,2.01,19.44,96.39,49.29,22.3,JAI,26.91,75.79,arid,NASA_POWER_daily_ag,3.783,11.944,2.6927,dewpoint,517.0,32.849
2019-09-24,25.39,29.77,21.56,85.36,0.23,1.75,14.17,96.4,51.21,22.55,JAI,26.91,75.79,arid,NASA_POWER_daily_ag,3.016,9.127,2.7339,dewpoint,516.0,32.677
2019-09-25,24.86,28.06,22.36,89.0,5.39,2.45,15.16,96.52,66.46,22.85,JAI,26.91,75.79,arid,NASA_POWER_daily_ag,2.986,9.694,2.784,dewpoint,503.2,32.503
2019-09-26,24.79,27.73,22.65,88.65,1.83,1.65,14.8,96.57,85.03,22.71,JAI,26.91,75.79,arid,NASA_POWER_daily_ag,2.922,9.463,2.7605,dewpoint,497.8,32.328
2019-09-27,25.66,28.27,22.7,84.1,1.31,1.33,17.29,96.41,86.61,22.67,JAI,26.91,75.79,arid,NASA_POWER_daily_ag,3.458,10.772,2.7538,dewpoint,514.9,32.153
2019-09-28,25.57,29.51,22.1,82.21,0.29,1.76,14.34,96.29,83.25,22.14,JAI,26.91,75.79,arid,NASA_POWER_daily_ag,3.129,9.094,2.6666,dewpoint,527.7,31.976
2019-09-29,25.16,29.87,20.98,83.03,3.79,1.82,13.93,96.4,69.16,21.83,JAI,26.91,75.79,arid,NASA_POWER_daily_ag,3.028,8.831,2.6167,dewpoint,516.0,31.798
2019-09-30,25.13,29.9,20.84,81.57,1.5,1.68,16.9,96.34,77.71,21.5,JAI,26.91,75.79,arid,NASA_POWER_daily_ag,3.451,10.309,2.5644,dewpoint,522.4,31.62
2019-10-01,25.47,29.92,21.54,79.95,0.26,1.05,14.99,96.25,89.69,21.41,JAI,26.91,75.79,arid,NASA_POWER_daily_ag,3.124,9.279,2.5503,dewpoint,532.0,31.441
2019-10-02,25.19,29.1,21.17,80.69,0.52,1.2,19.12,96.4,62.16,21.41,JAI,26.91,75.79,arid,NASA_POWER_daily_ag,3.694,11.393,2.5503,dewpoint,516.0,31.261
2019-10-03,25.0,29.74,21.03,78.5,2.97,1.51,18.32,96.44,69.22,20.76,JAI,26.91,75.79,arid,NASA_POWER_daily_ag,3.65,10.823,2.4506,dewpoint,511.7,31.08
2019-10-04,24.7,29.76,19.2,73.22,0.38,0.98,19.86,96.49,63.37,19.16,JAI,26.91,75.79,arid,NASA_POWER_daily_ag,3.777,11.282,2.2194,dewpoint,506.4,30.899
2019-10-05,24.88,29.8,19.54,71.77,0.0,1.15,20.08,96.5,52.38,19.12,JAI,26.91,75.79,arid,NASA_POWER_daily_ag,3.883,11.334,2.2139,dewpoint,505.3,30.718
2019-10-06,25.22,29.52,21.0,69.03,0.56,0.63,17.39,96.55,67.49,18.88,JAI,26.91,75.79,arid,NASA_POWER_daily_ag,3.352,9.958,2.181,dewpoint,500.0,30.536
2019-10-07,24.61,29.43,20.05,73.91,3.4,1.16,14.32,96.67,70.6,19.36,JAI,26.91,75.79,arid,NASA_POWER_daily_ag,3.051,8.569,2.2472,dewpoint,487.2,30.354
2019-10-08,24.04,30.2,18.43,66.1,0.0,1.38,19.78,96.63,46.65,16.79,JAI,26.91,75.79,arid,NASA_POWER_daily_ag,3.903,10.64,1.9121,dewpoint,491.4,30.172
2019-10-09,24.82,30.49,20.19,54.67,0.0,0.84,20.77,96.56,53.68,14.68,JAI,26.91,75.79,arid,NASA_POWER_daily_ag,3.866,10.533,1.6705,dewpoint,498.9,29.989
2019-10-10,24.45,30.89,18.57,55.22,0.0,1.14,21.05,96.52,55.85,14.38,JAI,26.91,75.79,arid,NASA_POWER_daily_ag,4.065,10.58,1.6385,dewpoint,503.2,29.807
2019-10-11,24.65,31.25,17.88,52.77,0.0,1.12,20.6,96.47,47.28,13.71,JAI,26.91,75.79,arid,NASA_POWER_daily_ag,4.041,10.232,1.5688,dewpoint,508.5,29.624
2019-10-12,25.19,31.85,18.85,55.32,0.0,0.87,19.47,96.54,62.96,15.07,JAI,26.91,75.79,arid,NASA_POWER_daily_ag,3.742,9.945,1.713,dewpoint,501.0,29.442
2019-10-13,25.75,32.41,21.02,61.04,0.0,1.16,19.1,96.62,63.31,17.12,JAI,26.91,75.79,arid,NASA_POWER_daily_ag,3.886,10.062,1.9525,dewpoint,492.5,29.26
2019-10-14,26.42,33.12,19.13,53.13,0.0,1.04,19.59,96.65,43.84,15.19,JAI,26.91,75.79,arid,NASA_POWER_daily_ag,4.009,9.867,1.7263,dewpoint,489.3,29.078
2019-10-15,26.23,32.93,21.43,53.55,0.0,0.69,18.91,96.72,38.42,15.31,JAI,26.91,75.79,arid,NASA_POWER_daily_ag,3.576,9.511,1.7397,dewpoint,481.8,28.897
2019-10-16,25.39,32.45,20.49,58.98,0.0,0.79,18.54,96.74,62.73,15.81,JAI,26.91,75.79,arid,NASA_POWER_daily_ag,3.52,9.463,1.7963,dewpoint,479.7,28.715
2019-10-17,24.35,31.16,18.64,72.02,0.0,1.61,17.3,96.71,65.77,18.43,JAI,26.91,75.79,arid,NASA_POWER_daily_ag,3.532,9.479,2.1205,dewpoint,482.9,28.535
2019-10-18,24.77,30.98,19.52,73.49,0.19,1.47,17.1,96.71,62.01,19.19,JAI,26.91,75.79,arid,NASA_POWER_daily_ag,3.458,9.476,2.2236,dewpoint,482.9,28.355
2019-10-19,24.79,29.48,21.09,70.38,0.2,0.81,14.26,96.86,81.46,18.61,JAI,26.91,75.79,arid,NASA_POWER_daily_ag,2.869,8.09,2.1445,dewpoint,466.9,28.176
2019-10-20,25.23,31.32,19.32,53.64,0.0,0.61,16.15,96.87,65.7,13.85,JAI,26.91,75.79,arid,NASA_POWER_daily_ag,3.072,8.117,1.5831,dewpoint,465.9,27.997
2019-10-21,24.58,30.88,18.46,44.68,0.0,0.79,16.59,96.73,67.7,10.9,JAI,26.91,75.79,arid,NASA_POWER_daily_ag,3.246,7.829,1.304,dewpoint,480.8,27.82
2019-10-22,23.11,30.66,17.05,46.36,0.0,1.2,16.9,96.51,73.86,10.14,JAI,26.91,75.79,arid,NASA_POWER_daily_ag,3.512,7.827,1.2395,dewpoint,504.2,27.643
2019-10-23,22.99,31.2,15.23,44.62,0.0,1.06,18.35,96.41,64.4,9.03,JAI,26.91,75.79,arid,NASA_POWER_daily_ag,3.515,8.098,1.1504,dewpoint,514.9,27.467
2019-10-24,23.18,31.69,16.84,46.46,0.0,1.04,18.27,96.43,62.4,10.01,JAI,26.91,75.79,arid,NASA_POWER_daily_ag,3.458,8.099,1.2288,dewpoint,512.8,27.293
2019-10-25,21.88,29.66,15.81,59.68,0.0,1.53,16.94,96.55,57.24,12.94,JAI,26.91,75.79,arid,NASA_POWER_daily_ag,3.397,8.203,1.4919,dewpoint,500.0,27.12
2019-10-26,21.5,29.03,15.53,70.04,0.0,1.46,17.08,96.69,41.58,15.0,JAI,26.91,75.79,arid,NASA_POWER_daily_ag,3.144,8.579,1.7053,dewpoint,485.0,26.948
2019-10-27,22.52,30.31,17.01,60.14,0.0,0.9,17.88,96.71,44.9,13.38,JAI,26.91,75.79,arid,NASA_POWER_daily_ag,3.13,8.45,1.5354,dewpoint,482.9,26.777
2019-10-28,22.71,30.15,17.18,63.05,0.0,0.9,9.54,96.74,97.21,14.33,JAI,26.91,75.79,arid,NASA_POWER_daily_ag,2.306,5.58,1.6332,dewpoint,479.7,26.608
2019-10-29,23.93,29.6,19.02,62.56,0.0,0.74,10.56,96.82,92.56,15.62,JAI,26.91,75.79,arid,NASA_POWER_daily_ag,2.355,6.006,1.7746,dewpoint,471.2,26.44
2019-10-30,24.29,29.95,20.39,56.97,0.0,0.95,13.55,96.71,67.88,14.48,JAI,26.91,75.79,arid,NASA_POWER_daily_ag,2.88,6.903,1.6491,dewpoint,482.9,26.274
2019-10-31,24.87,32.03,19.4,63.42,0.0,0.97,16.41,96.62,54.7,16.5,JAI,26.91,75.79,arid,NASA_POWER_daily_ag,3.166,8.179,1.8772,dewpoint,492.5,26.11
2019-11-01,25.08,31.99,19.18,65.65,0.01,0.95,16.04,96.57,53.49,17.32,JAI,26.91,75.79,arid,NASA_POWER_daily_ag,3.107,8.157,1.9774,dewpoint,497.8,25.948
2019-11-02,24.56,30.6,19.05,63.34,0.6,0.95,14.6,96.72,25.75,16.72,JAI,26.91,75.79,arid,NASA_POWER_daily_ag,2.907,7.509,1.9036,dewpoint,481.8,25.787
2019-11-03,23.44,29.07,18.46,70.38,2.91,1.17,13.82,96.84,63.75,17.5,JAI,26.91,75.79,arid,NASA_POWER_daily_ag,2.741,7.341,2.0,dewpoint,469.1,25.629
2019-11-04,23.43,29.8,18.49,63.09,0.19,1.24,14.86,96.85,45.43,15.5,JAI,26.91,75.79,arid,NASA_POWER_daily_ag,2.996,7.374,1.761,dewpoint,468.0,25.472
2019-11-05,22.37,29.57,17.19,50.21,0.0,1.33,16.88,96.64,44.77,10.69,JAI,26.91,75.79,arid,NASA_POWER_daily_ag,3.319,7.247,1.2859,dewpoint,490.4,25.318
2019-11-06,22.29,29.54,15.5,53.66,0.0,1.91,11.55,96.37,92.35,11.62,JAI,26.91,75.79,arid,NASA_POWER_daily_ag,3.274,5.812,1.3678,dewpoint,519.2,25.165
2019-11-07,19.79,23.57,17.34,82.1,1.99,2.05,14.25,96.4,67.94,16.58,JAI,26.91,75.79,arid,NASA_POWER_daily_ag,2.393,7.41,1.8868,dewpoint,516.0,25.015
2019-11-08,22.13,28.22,16.87,72.94,0.03,1.13,15.06,96.6,63.61,16.54,JAI,26.91,75.79,arid,NASA_POWER_daily_ag,2.683,7.561,1.882,dewpoint,494.6,24.868
2019-11-09,21.85,27.6,17.09,61.36,0.0,2.01,14.05,96.76,59.3,13.59,JAI,26.91,75.79,arid,NASA_POWER_daily_ag,3.202,6.731,1.5566,dewpoint,477.6,24.722
2019-11-10,21.55,28.38,15.9,56.42,0.0,1.34,14.43,96.73,35.38,12.09,JAI,26.91,75.79,arid,NASA_POWER_daily_ag,2.909,6.609,1.4109,dewpoint,480.8,24.58
2019-11-11,22.61,28.29,18.34,60.84,0.0,1.27,13.72,96.64,35.43,14.4,JAI,26.91,75.79,arid,NASA_POWER_daily_ag,2.799,6.617,1.6406,dewpoint,490.4,24.439
2019-11-12,21.85,27.45,16.87,61.61,0.0,1.26,13.52,96.73,30.53,13.97,JAI,26.91,75.79,arid,NASA_POWER_daily_ag,2.695,6.516,1.5955,dewpoint,480.8,24.302
2019-11-13,21.84,27.5,17.32,68.6,0.0,1.35,12.1,96.9,73.37,15.57,JAI,26.91,75.79,arid,NASA_POWER_daily_ag,2.482,6.202,1.7689,dewpoint,462.7,24.167
2019-11-14,21.83,25.88,18.36,74.79,0.21,1.3,11.37,96.95,73.44,16.96,JAI,26.91,75.79,arid,NASA_POWER_daily_ag,2.263,6.091,1.9328,dewpoint,457.4,24.035
2019-11-15,21.63,28.45,16.23,59.36,0.0,1.08,12.8,96.87,42.13,12.66,JAI,26.91,75.79,arid,NASA_POWER_daily_ag,2.541,6.008,1.4648,dewpoint,465.9,23.905
2019-11-16,20.34,28.06,14.38,57.07,0.0,1.71,12.97,96.91,21.63,10.93,JAI,26.91,75.79,arid,NASA_POWER_daily_ag,2.881,5.866,1.3066,dewpoint,461.6,23.779
2019-11-17,19.65,27.61,13.89,62.81,0.0,2.79,14.92,97.0,33.8,11.63,JAI,26.91,75.79,arid,NASA_POWER_daily_ag,3.307,6.497,1.3687,dewpoint,452.1,23.656
2019-11-18,19.44,26.67,13.9,58.64,0.0,1.92,14.58,96.92,59.42,10.55,JAI,26.91,75.79,arid,NASA_POWER_daily_ag,2.966,6.24,1.274,dewpoint,460.6,23.535
2019-11-19,20.11,26.83,13.67,53.28,0.0,1.24,15.21,96.8,58.7,9.73,JAI,26.91,75.79,arid,NASA_POWER_daily_ag,2.753,6.25,1.2059,dewpoint,473.3,23.418
2019-11-20,20.33,27.06,14.69,53.32,0.0,1.19,15.27,96.77,22.38,10.09,JAI,26.91,75.79,arid,NASA_POWER_daily_ag,2.715,6.238,1.2354,dewpoint,476.5,23.303
2019-11-21,20.9,27.15,14.46,62.7,0.0,1.02,13.27,96.94,76.55,13.01,JAI,26.91,75.79,arid,NASA_POWER_daily_ag,2.401,6.086,1.4988,dewpoint,458.4,23.192
2019-11-22,20.23,26.17,14.58,67.69,0.0,1.28,12.31,96.98,83.8,13.73,JAI,26.91,75.79,arid,NASA_POWER_daily_ag,2.321,5.887,1.5708,dewpoint,454.2,23.084
2019-11-23,20.64,26.26,16.76,71.44,0.0,0.54,10.86,96.97,86.97,14.89,JAI,26.91,75.79,arid,NASA_POWER_daily_ag,1.835,5.496,1.6933,dewpoint,455.2,22.98
2019-11-24,19.45,23.06,16.18,69.47,0.0,0.85,11.03,96.95,75.69,13.59,JAI,26.91,75.79,arid,NASA_POWER_daily_ag,1.932,5.469,1.5566,dewpoint,457.4,22.879
2019-11-25,20.3,25.46,15.05,69.64,0.0,1.38,12.22,96.9,28.36,14.3,JAI,26.91,75.79,arid,NASA_POWER_daily_ag,2.305,5.864,1.63,dewpoint,462.7,22.781
2019-11-26,21.08,26.82,15.87,68.78,0.32,1.74,11.35,96.82,23.04,14.72,JAI,26.91,75.79,arid,NASA_POWER_daily_ag,2.468,5.574,1.6748,dewpoint,471.2,22.687
2019-11-27,20.84,26.24,15.52,66.89,0.3,1.5,11.5,96.78,47.61,14.14,JAI,26.91,75.79,arid,NASA_POWER_daily_ag,2.39,5.552,1.6132,dewpoint,475.5,22.596
2019-11-28,20.21,26.07,16.42,69.9,0.09,1.43,10.2,96.85,61.87,14.24,JAI,26.91,75.79,arid,NASA_POWER_daily_ag,2.137,5.137,1.6237,dewpoint,468.0,22.508
2019-11-29,19.08,24.9,14.6,72.7,0.0,2.23,6.39,96.96,52.78,13.68,JAI,26.91,75.79,arid,NASA_POWER_daily_ag,2.026,3.986,1.5657,dewpoint,456.3,22.425
2019-11-30,17.03,23.95,11.59,60.82,0.0,1.69,10.17,97.02,38.35,9.02,JAI,26.91,75.79,arid,NASA_POWER_daily_ag,2.256,4.757,1.1496,dewpoint,449.9,22.345
2019-12-01,16.62,24.77,10.77,54.44,0.0,1.42,8.96,96.99,27.06,7.09,JAI,26.91,75.79,arid,NASA_POWER_daily_ag,2.149,4.329,1.0081,dewpoint,453.1,22.268
2019-12-02,15.8,24.73,10.01,43.33,0.0,1.66,12.43,97.09,5.14,2.1,JAI,26.91,75.79,arid,NASA_POWER_daily_ag,2.664,4.54,0.7107,dewpoint,442.5,22.195
2019-12-03,16.56,25.08,10.81,34.63,0.0,1.66,15.73,97.08,4.74,-0.21,JAI,26.91,75.79,arid,NASA_POWER_daily_ag,2.961,4.632,0.6015,dewpoint,443.6,22.126
2019-12-04,16.71,24.85,9.1,33.96,0.0,1.23,16.04,97.2,11.7,-0.09,JAI,26.91,75.79,arid,NASA_POWER_daily_ag,2.606,4.744,0.6068,dewpoint,430.8,22.061
2019-12-05,15.27,24.57,8.12,44.69,0.0,1.42,15.02,97.34,30.99,2.42,JAI,26.91,75.79,arid,NASA_POWER_daily_ag,2.481,4.957,0.7271,dewpoint,416.0,21.999
2019-12-06,14.69,21.68,9.95,47.81,0.0,1.45,10.01,97.32,84.04,3.2,JAI,26.91,75.79,arid,NASA_POWER_daily_ag,2.215,4.266,0.7686,dewpoint,418.1,21.942
2019-12-07,15.65,23.78,8.75,49.16,0.0,1.48,11.63,97.2,12.54,4.38,JAI,26.91,75.79,arid,NASA_POWER_daily_ag,2.344,4.593,0.8353,dewpoint,430.8,21.888
2019-12-08,15.74,22.89,10.33,53.96,0.0,1.22,11.1,97.19,5.14,5.97,JAI,26.91,75.79,arid,NASA_POWER_daily_ag,2.067,4.611,0.9332,dewpoint,431.9,21.838
2019-12-09,16.4,22.87,10.77,56.38,0.0,0.82,10.9,97.12,18.41,7.33,JAI,26.91,75.79,arid,NASA_POWER_daily_ag,1.812,4.672,1.0248,dewpoint,439.3,21.792
2019-12-10,16.87,23.67,12.0,57.16,0.0,0.66,11.63,96.87,3.52,7.86,JAI,26.91,75.79,arid,NASA_POWER_daily_ag,1.757,4.813,1.0626,dewpoint,465.9,21.75
2019-12-11,16.54,22.99,11.71,62.9,0.0,1.07,9.76,96.67,62.76,9.09,JAI,26.91,75.79,arid,NASA_POWER_daily_ag,1.818,4.538,1.1551,dewpoint,487.2,21.712
2019-12-12,14.66,17.15,12.96,85.25,7.59,1.04,10.37,96.49,66.02,12.19,JAI,26.91,75.79,arid,NASA_POWER_daily_ag,1.408,5.057,1.4202,dewpoint,506.4,21.678
2019-12-13,13.88,20.2,8.79,78.53,0.34,2.15,8.51,96.61,60.52,9.83,JAI,26.91,75.79,arid,NASA_POWER_daily_ag,1.611,4.375,1.214,dewpoint,493.6,21.648
2019-12-14,12.37,19.42,6.35,68.31,0.0,1.41,13.0,97.22,10.85,5.8,JAI,26.91,75.79,arid,NASA_POWER_daily_ag,1.82,5.137,0.9222,dewpoint,428.7,21.621
2019-12-15,11.67,19.26,6.39,62.26,0.0,1.87,12.95,97.26,7.18,3.9,JAI,26.91,75.79,arid,NASA_POWER_daily_ag,2.025,4.919,0.8076,dewpoint,424.4,21.599
2019-12-16,10.23,17.55,4.89,66.52,0.0,1.64,11.33,97.3,36.58,3.62,JAI,26.91,75.79,arid,NASA_POWER_daily_ag,1.697,4.674,0.7918,dewpoint,420.2,21.581
2019-12-17,10.06,17.04,3.89,62.27,0.0,1.54,9.16,97.38,56.44,2.7,JAI,26.91,75.79,arid,NASA_POWER_daily_ag,1.643,4.216,0.7418,dewpoint,411.7,21.567
2019-12-18,10.43,18.35,4.28,63.95,0.0,0.94,12.27,97.28,36.07,2.97,JAI,26.91,75.79,arid,NASA_POWER_daily_ag,1.548,4.783,0.7562,dewpoint,422.3,21.557
2019-12-19,12.18,19.95,5.62,58.59,0.0,1.12,14.03,97.1,39.16,3.63,JAI,26.91,75.79,arid,NASA_POWER_daily_ag,1.843,5.076,0.7923,dewpoint,441.4,21.551
2019-12-20,13.83,19.3,9.46,54.4,0.0,0.71,13.63,96.9,53.41,4.44,JAI,26.91,75.79,arid,NASA_POWER_daily_ag,1.727,4.987,0.8388,dewpoint,462.7,21.549
2019-12-21,14.9,22.46,9.46,53.24,0.0,1.17,13.32,96.97,12.25,4.79,JAI,26.91,75.79,arid,NASA_POWER_daily_ag,2.071,4.845,0.8596,dewpoint,455.2,21.551
2019-12-22,12.65,21.94,6.72,53.56,0.0,1.59,13.32,97.09,3.51,2.4,JAI,26.91,75.79,arid,NASA_POWER_daily_ag,2.161,4.695,0.7261,dewpoint,442.5,21.558
2019-12-23,12.71,22.14,6.16,49.76,0.0,1.39,13.73,96.99,33.67,1.31,JAI,26.91,75.79,arid,NASA_POWER_daily_ag,2.135,4.658,0.6715,dewpoint,453.1,21.568
2019-12-24,12.85,20.74,7.81,51.3,0.0,1.66,10.65,97.08,13.76,2.57,JAI,26.91,75.79,arid,NASA_POWER_daily_ag,2.135,4.303,0.735,dewpoint,443.6,21.582
2019-12-25,11.77,20.94,5.53,46.53,0.0,1.53,12.71,97.05,5.46,-0.27,JAI,26.91,75.79,arid,NASA_POWER_daily_ag,2.163,4.44,0.5989,dewpoint,446.7,21.601
2019-12-26,10.6,20.13,4.47,40.19,0.0,1.74,14.89,97.05,3.96,-3.39,JAI,26.91,75.79,arid,NASA_POWER_daily_ag,2.354,4.499,0.4756,dewpoint,446.7,21.623
2019-12-27,10.3,19.63,4.46,39.41,0.0,1.01,15.21,97.07,4.82,-3.89,JAI,26.91,75.79,arid,NASA_POWER_daily_ag,1.872,4.522,0.458,dewpoint,444.6,21.649
2019-12-28,8.84,18.48,2.43,49.35,0.0,1.26,14.6,97.13,12.15,-2.28,JAI,26.91,75.79,arid,NASA_POWER_daily_ag,1.836,4.77,0.5166,dewpoint,438.2,21.68
2019-12-29,8.58,18.11,1.09,49.68,0.0,1.5,13.32,97.15,18.86,-2.47,JAI,26.91,75.79,arid,NASA_POWER_daily_ag,1.913,4.647,0.5093,dewpoint,436.1,21.714
2019-12-30,8.45,18.37,1.49,52.2,0.0,1.52,12.94,97.04,28.96,-1.79,JAI,26.91,75.79,arid,NASA_POWER_daily_ag,1.856,4.639,0.5357,dewpoint,447.8,21.753
2019-12-31,8.53,17.48,1.71,61.33,0.0,1.66,10.3,97.12,54.51,0.7,JAI,26.91,75.79,arid,NASA_POWER_daily_ag,1.681,4.411,0.6426,dewpoint,439.3,21.795
2020-01-01,10.54,19.69,4.11,59.16,0.0,2.6,11.19,97.25,16.1,2.26,JAI,26.91,75.79,arid,NASA_POWER_daily_ag,2.197,4.573,0.7189,dewpoint,425.5,21.842
2020-01-02,11.08,18.63,5.56,77.23,0.0,2.07,7.38,97.29,31.36,6.9,JAI,26.91,75.79,arid,NASA_POWER_daily_ag,1.428,4.051,0.995,dewpoint,421.3,21.892
2020-01-03,13.77,21.63,6.57,67.38,0.0,1.05,12.34,97.09,3.55,7.07,JAI,26.91,75.79,arid,NASA_POWER_daily_ag,1.769,5.152,1.0067,dewpoint,442.5,21.946
2020-01-04,14.38,21.22,8.22,62.85,0.0,0.87,9.22,97.05,15.06,6.2,JAI,26.91,75.79,arid,NASA_POWER_daily_ag,1.639,4.38,0.9481,dewpoint,446.7,22.005
2020-01-05,14.67,22.08,9.33,50.03,0.0,0.71,11.14,97.06,34.11,3.73,JAI,26.91,75.79,arid,NASA_POWER_daily_ag,1.729,4.545,0.7979,dewpoint,445.7,22.067
2020-01-06,14.94,22.58,9.03,56.47,0.0,1.6,12.52,97.09,62.97,5.8,JAI,26.91,75.79,arid,NASA_POWER_daily_ag,2.269,5.013,0.9222,dewpoint,442.5,22.133
2020-01-07,15.61,24.06,8.1,60.7,0.09,1.8,12.39,96.84,67.26,7.21,JAI,26.91,75.79,arid,NASA_POWER_daily_ag,2.354,5.139,1.0164,dewpoint,469.1,22.202
2020-01-08,13.36,20.09,7.74,69.06,0.31,2.65,8.3,96.74,45.95,7.11,JAI,26.91,75.79,arid,NASA_POWER_daily_ag,2.054,4.313,1.0095,dewpoint,479.7,22.276
2020-01-09,9.68,17.93,3.49,59.23,0.0,1.88,15.91,97.2,3.94,0.59,JAI,26.91,75.79,arid,NASA_POWER_daily_ag,2.151,5.565,0.6375,dewpoint,430.8,22.353
2020-01-10,9.37,18.29,1.71,47.32,0.0,1.36,16.19,97.27,5.58,-2.53,JAI,26.91,75.79,arid,NASA_POWER_daily_ag,2.076,5.351,0.5071,dewpoint,423.4,22.434
2020-01-11,10.94,19.78,3.37,41.47,0.0,1.4,15.47,97.21,21.85,-2.69,JAI,26.91,75.79,arid,NASA_POWER_daily_ag,2.261,5.104,0.5011,dewpoint,429.8,22.519
2020-01-12,13.53,22.73,6.16,41.27,0.0,1.65,14.98,96.89,2.32,-0.26,JAI,26.91,75.79,arid,NASA_POWER_daily_ag,2.612,5.068,0.5993,dewpoint,463.8,22.607
2020-01-13,14.59,23.46,8.77,67.15,0.01,3.14,9.87,96.46,26.27,8.35,JAI,26.91,75.79,arid,NASA_POWER_daily_ag,2.351,4.788,1.0986,dewpoint,509.6,22.699
2020-01-14,12.55,20.01,7.27,65.88,0.0,1.92,14.76,96.77,4.77,5.46,JAI,26.91,75.79,arid,NASA_POWER_daily_ag,2.196,5.846,0.9007,dewpoint,476.5,22.794
2020-01-15,13.62,21.17,6.48,61.27,0.46,1.94,9.92,96.81,40.77,5.94,JAI,26.91,75.79,arid,NASA_POWER_daily_ag,2.13,4.763,0.9312,dewpoint,472.3,22.893
2020-01-16,11.49,14.86,8.18,77.85,1.13,2.47,5.21,96.74,64.6,7.66,JAI,26.91,75.79,arid,NASA_POWER_daily_ag,1.391,3.678,1.0482,dewpoint,479.7,22.996
2020-01-17,11.69,19.67,5.89,65.36,0.01,1.29,13.81,96.89,13.66,4.54,JAI,26.91,75.79,arid,NASA_POWER_daily_ag,1.905,5.679,0.8447,dewpoint,463.8,23.102
2020-01-18,11.96,20.18,5.38,62.51,0.0,1.52,12.66,97.04,24.23,4.05,JAI,26.91,75.79,arid,NASA_POWER_daily_ag,2.017,5.39,0.8161,dewpoint,447.8,23.211
2020-01-19,11.12,20.07,4.25,56.8,0.0,1.26,13.52,97.14,34.54,1.26,JAI,26.91,75.79,arid,NASA_POWER_daily_ag,2.01,5.395,0.6691,dewpoint,437.2,23.323
2020-01-20,11.92,19.18,4.82,47.55,0.0,1.17,11.92,97.04,61.91,0.07,JAI,26.91,75.79,arid,NASA_POWER_daily_ag,2.057,5.022,0.6139,dewpoint,447.8,23.439
2020-01-21,13.88,21.95,7.78,50.47,0.0,1.88,15.26,97.01,42.94,3.11,JAI,26.91,75.79,arid,NASA_POWER_daily_ag,2.674,5.838,0.7637,dewpoint,451.0,23.558
2020-01-22,13.25,22.53,6.47,51.45,0.0,2.04,15.15,97.3,8.61,2.47,JAI,26.91,75.79,arid,NASA_POWER_daily_ag,2.7,5.801,0.7297,dewpoint,420.2,23.68
2020-01-23,11.77,21.22,5.14,51.17,0.0,2.54,16.91,97.29,34.13,0.82,JAI,26.91,75.79,arid,NASA_POWER_daily_ag,2.877,6.138,0.6482,dewpoint,421.3,23.806
2020-01-24,12.22,22.58,3.96,41.72,0.0,1.72,17.42,97.07,30.11,-1.83,JAI,26.91,75.79,arid,NASA_POWER_daily_ag,2.751,5.956,0.5341,dewpoint,444.6,23.934
2020-01-25,15.28,23.83,7.08,37.24,0.0,0.96,17.01,96.97,9.61,-0.15,JAI,26.91,75.79,arid,NASA_POWER_daily_ag,2.479,5.928,0.6042,dewpoint,455.2,24.065
2020-01-26,17.0,25.54,10.49,37.94,0.0,1.19,17.22,96.8,11.17,1.9,JAI,26.91,75.79,arid,NASA_POWER_daily_ag,2.8,6.046,0.7006,dewpoint,473.3,24.199
2020-01-27,16.48,24.94,8.52,51.14,0.24,1.73,15.42,96.42,22.59,5.72,JAI,26.91,75.79,arid,NASA_POWER_daily_ag,2.885,6.32,0.9171,dewpoint,513.8,24.336
2020-01-28,16.0,22.4,10.96,60.52,0.06,2.06,13.32,96.37,39.08,7.54,JAI,26.91,75.79,arid,NASA_POWER_daily_ag,2.694,6.041,1.0396,dewpoint,519.2,24.476
2020-01-29,13.79,21.73,7.82,47.05,0.0,1.53,17.45,96.94,12.13,1.13,JAI,26.91,75.79,arid,NASA_POWER_daily_ag,2.762,6.477,0.6629,dewpoint,458.4,24.619
2020-01-30,12.57,21.1,6.71,47.64,0.0,1.63,17.6,97.11,4.48,0.42,JAI,26.91,75.79,arid,NASA_POWER_daily_ag,2.704,6.556,0.6297,dewpoint,440.4,24.764
2020-01-31,13.12,21.78,7.67,39.96,0.0,1.48,17.95,96.84,2.66,-1.16,JAI,26.91,75.79,arid,NASA_POWER_daily_ag,2.777,6.423,0.5611,dewpoint,469.1,24.912
2020-02-01,13.09,22.03,6.92,39.1,0.0,1.28,17.66,97.11,4.61,-1.55,JAI,26.91,75.79,arid,NASA_POWER_daily_ag,2.651,6.392,0.5452,dewpoint,440.4,25.062
2020-02-02,13.12,21.94,5.68,42.65,0.0,1.1,18.04,97.29,6.19,-0.62,JAI,26.91,75.79,arid,NASA_POWER_daily_ag,2.543,6.7,0.5838,dewpoint,421.3,25.214
2020-02-03,13.12,22.04,5.08,37.98,0.0,1.29,17.6,97.13,11.47,-1.79,JAI,26.91,75.79,arid,NASA_POWER_daily_ag,2.71,6.555,0.5357,dewpoint,438.2,25.369
2020-02-04,14.07,22.65,5.26,42.53,0.0,1.46,15.73,96.91,13.23,0.72,JAI,26.91,75.79,arid,NASA_POWER_daily_ag,2.776,6.424,0.6436,dewpoint,461.6,25.527
2020-02-05,13.67,22.56,6.05,44.74,0.0,1.57,16.0,97.0,10.61,0.99,JAI,26.91,75.79,arid,NASA_POWER_daily_ag,2.792,6.542,0.6562,dewpoint,452.1,25.686
2020-02-06,13.91,22.46,6.19,38.17,0.0,1.33,17.11,96.9,2.61,-1.61,JAI,26.91,75.79,arid,NASA_POWER_daily_ag,2.838,6.583,0.5428,dewpoint,462.7,25.848
2020-02-07,12.68,22.17,5.21,41.77,0.0,1.92,17.6,97.13,3.89,-1.44,JAI,26.91,75.79,arid,NASA_POWER_daily_ag,3.085,6.822,0.5497,dewpoint,438.2,26.011
2020-02-08,13.02,23.17,5.81,40.03,0.0,1.47,17.84,97.37,1.61,-2.04,JAI,26.91,75.79,arid,NASA_POWER_daily_ag,2.886,6.788,0.5259,dewpoint,412.8,26.177
2020-02-09,14.37,23.44,5.83,33.29,0.0,0.97,17.84,97.42,14.3,-3.32,JAI,26.91,75.79,arid,NASA_POWER_daily_ag,2.695,6.697,0.4781,dewpoint,407.5,26.344
2020-02-10,15.39,23.96,8.15,27.72,0.0,0.94,17.92,97.19,8.25,-3.89,JAI,26.91,75.79,arid,NASA_POWER_daily_ag,2.767,6.592,0.458,dewpoint,431.9,26.513
2020-02-11,15.63,24.81,6.26,33.31,0.0,1.05,18.32,97.21,15.84,-1.75,JAI,26.91,75.79,arid,NASA_POWER_daily_ag,2.917,7.014,0.5372,dewpoint,429.8,26.684
2020-02-12,17.27,27.99,8.17,34.26,0.0,1.11,18.59,97.25,11.87,-0.05,JAI,26.91,75.79,arid,NASA_POWER_daily_ag,3.105,7.084,0.6086,dewpoint,425.5,26.857
2020-02-13,18.5,29.34,10.0,36.17,0.0,1.77,18.63,97.04,5.23,1.79,JAI,26.91,75.79,arid,NASA_POWER_daily_ag,3.803,7.248,0.6951,dewpoint,447.8,27.031
2020-02-14,17.76,26.63,11.06,35.45,0.0,2.6,18.31,96.82,27.95,1.47,JAI,26.91,75.79,arid,NASA_POWER_daily_ag,4.341,7.293,0.6793,dewpoint,471.2,27.206
2020-02-15,17.14,27.86,7.98,22.09,0.0,2.09,20.58,96.79,21.69,-5.98,JAI,26.91,75.79,arid,NASA_POWER_daily_ag,4.308,7.024,0.3908,dewpoint,474.4,27.383
2020-02-16,19.43,30.41,10.95,17.78,0.0,1.49,21.09,96.99,2.07,-6.8,JAI,26.91,75.79,arid,NASA_POWER_daily_ag,3.98,6.748,0.367,dewpoint,453.1,27.561
2020-02-17,19.46,30.06,12.9,18.48,0.0,1.47,20.53,97.1,3.8,-6.18,JAI,26.91,75.79,arid,NASA_POWER_daily_ag,3.932,6.72,0.3849,dewpoint,441.4,27.741
2020-02-18,19.91,30.07,11.65,18.17,0.0,1.63,20.67,96.89,6.3,-6.04,JAI,26.91,75.79,arid,NASA_POWER_daily_ag,4.224,6.917,0.3891,dewpoint,463.8,27.921
2020-02-19,19.46,29.06,11.67,24.31,0.0,1.7,17.24,96.62,75.56,-2.51,JAI,26.91,75.79,arid,NASA_POWER_daily_ag,4.041,6.771,0.5078,dewpoint,492.5,28.102
2020-02-20,19.97,31.16,11.89,37.02,0.63,1.94,17.81,96.46,38.15,3.22,JAI,26.91,75.79,arid,NASA_POWER_daily_ag,4.146,7.506,0.7697,dewpoint,509.6,28.285
2020-02-21,17.24,25.31,11.43,49.17,0.45,2.72,17.49,96.9,19.44,5.02,JAI,26.91,75.79,arid,NASA_POWER_daily_ag,4.017,7.949,0.8735,dewpoint,462.7,28.468
2020-02-22,17.12,25.71,9.93,62.4,0.0,2.0,17.29,97.25,3.44,8.38,JAI,26.91,75.79,arid,NASA_POWER_daily_ag,3.29,8.377,1.1009,dewpoint,425.5,28.652
2020-02-23,18.13,25.96,11.3,58.75,0.0,1.54,13.49,97.09,21.28,8.95,JAI,26.91,75.79,arid,NASA_POWER_daily_ag,2.913,7.114,1.1442,dewpoint,442.5,28.837
2020-02-24,18.85,27.04,11.5,52.39,0.0,1.45,15.44,96.82,7.27,7.71,JAI,26.91,75.79,arid,NASA_POWER_daily_ag,3.23,7.675,1.0518,dewpoint,471.2,29.022
2020-02-25,20.02,28.62,13.5,37.5,0.0,1.57,19.08,96.75,3.38,4.24,JAI,26.91,75.79,arid,NASA_POWER_daily_ag,3.95,8.329,0.8271,dewpoint,478.7,29.207
2020-02-26,20.21,29.89,12.21,39.28,0.0,1.38,20.19,96.79,7.32,4.58,JAI,26.91,75.79,arid,NASA_POWER_daily_ag,3.892,8.754,0.8471,dewpoint,474.4,29.393
2020-02-27,22.29,30.77,13.6,34.84,0.0,1.48,16.96,96.72,70.39,4.68,JAI,26.91,75.79,arid,NASA_POWER_daily_ag,4.042,7.774,0.853,dewpoint,481.8,29.58
2020-02-28,22.27,30.78,15.28,37.31,0.0,2.03,12.82,96.52,86.73,6.14,JAI,26.91,75.79,arid,NASA_POWER_daily_ag,4.181,6.664,0.9442,dewpoint,503.2,29.766
2020-02-29,22.95,31.31,14.36,41.98,0.06,1.52,18.97,96.4,14.95,7.86,JAI,26.91,75.79,arid,NASA_POWER_daily_ag,4.232,8.875,1.0626,dewpoint,516.0,29.953
2020-03-01,21.92,29.66,14.64,47.44,0.05,1.8,19.61,96.54,50.07,8.95,JAI,26.91,75.79,arid,NASA_POWER_daily_ag,4.309,9.362,1.1442,dewpoint,501.0,30.14
2020-03-02,22.23,29.66,14.58,44.57,0.0,1.11,17.21,96.61,69.97,8.74,JAI,26.91,75.79,arid,NASA_POWER_daily_ag,3.601,8.54,1.1281,dewpoint,493.6,30.326
2020-03-03,22.63,30.45,15.64,41.04,0.08,1.21,15.92,96.47,69.95,7.8,JAI,26.91,75.79,arid,NASA_POWER_daily_ag,3.661,7.978,1.0582,dewpoint,508.5,30.513
2020-03-04,21.83,28.76,16.36,46.43,4.78,1.95,15.81,96.36,74.32,9.03,JAI,26.91,75.79,arid,NASA_POWER_daily_ag,4.094,8.146,1.1504,dewpoint,520.3,30.699
2020-03-05,20.37,27.92,14.14,62.65,4.01,2.6,16.5,96.27,80.1,11.58,JAI,26.91,75.79,arid,NASA_POWER_daily_ag,3.937,8.815,1.3642,dewpoint,529.9,30.885
2020-03-06,17.32,23.28,11.78,67.93,10.32,2.66,16.62,96.15,74.88,10.69,JAI,26.91,75.79,arid,NASA_POWER_daily_ag,3.335,8.987,1.2859,dewpoint,542.7,31.071
2020-03-07,16.56,24.64,10.16,64.77,0.0,1.84,22.31,96.7,59.22,8.62,JAI,26.91,75.79,arid,NASA_POWER_daily_ag,3.651,10.996,1.1189,dewpoint,484.0,31.256
2020-03-08,18.38,27.32,10.54,53.29,0.0,1.47,22.7,96.93,58.12,7.13,JAI,26.91,75.79,arid,NASA_POWER_daily_ag,3.958,10.806,1.0108,dewpoint,459.5,31.441
2020-03-09,18.79,27.67,11.01,43.72,0.0,1.72,22.38,96.73,61.86,4.86,JAI,26.91,75.79,arid,NASA_POWER_daily_ag,4.288,10.362,0.8638,dewpoint,480.8,31.625
2020-03-10,17.91,24.46,13.15,47.82,1.56,2.67,17.13,96.53,72.86,6.01,JAI,26.91,75.79,arid,NASA_POWER_daily_ag,4.187,8.759,0.9358,dewpoint,502.1,31.808
2020-03-11,19.31,27.56,12.59,55.58,0.15,2.82,19.17,96.23,67.96,9.29,JAI,26.91,75.79,arid,NASA_POWER_daily_ag,4.364,9.866,1.1707,dewpoint,534.1,31.991
2020-03-12,18.54,26.84,12.32,44.27,0.0,2.2,23.34,96.46,60.45,4.45,JAI,26.91,75.79,arid,NASA_POWER_daily_ag,4.691,10.792,0.8394,dewpoint,509.6,32.173
2020-03-13,17.71,26.41,10.99,31.89,0.0,2.21,22.38,96.73,65.51,-1.07,JAI,26.91,75.79,arid,NASA_POWER_daily_ag,4.813,9.857,0.5648,dewpoint,480.8,32.354
2020-03-14,16.94,25.19,9.88,43.68,0.0,2.3,23.22,96.87,56.04,3.28,JAI,26.91,75.79,arid,NASA_POWER_daily_ag,4.533,10.871,0.773,dewpoint,465.9,32.533
2020-03-15,17.17,24.76,10.61,48.33,0.03,1.56,20.89,96.94,76.24,5.49,JAI,26.91,75.79,arid,NASA_POWER_daily_ag,3.833,10.36,0.9026,dewpoint,458.4,32.712
2020-03-16,18.8,26.31,11.34,45.05,0.0,1.09,20.25,96.96,73.98,5.6,JAI,26.91,75.79,arid,NASA_POWER_daily_ag,3.712,10.089,0.9095,dewpoint,456.3,32.89
2020-03-17,21.43,30.37,13.78,37.65,0.0,1.28,22.99,96.98,57.48,5.24,JAI,26.91,75.79,arid,NASA_POWER_daily_ag,4.456,10.796,0.887,dewpoint,454.2,33.066
2020-03-18,23.18,32.55,15.26,35.22,0.0,1.14,22.87,96.81,65.58,5.52,JAI,26.91,75.79,arid,NASA_POWER_daily_ag,4.52,10.68,0.9045,dewpoint,472.3,33.241
2020-03-19,24.0,33.35,16.04,34.1,0.0,1.86,21.6,96.51,76.34,5.59,JAI,26.91,75.79,arid,NASA_POWER_daily_ag,5.28,10.239,0.9089,dewpoint,504.2,33.415
2020-03-20,24.1,32.85,15.76,36.4,0.34,1.75,19.33,96.35,79.48,6.78,JAI,26.91,75.79,arid,NASA_POWER_daily_ag,4.944,9.677,0.9868,dewpoint,521.3,33.587
2020-03-21,24.98,33.03,16.62,33.18,0.41,0.64,23.43,96.4,62.75,6.29,JAI,26.91,75.79,arid,NASA_POWER_daily_ag,4.223,11.077,0.9541,dewpoint,516.0,33.758
2020-03-22,25.33,34.19,18.07,30.55,0.0,1.49,21.78,96.57,71.73,5.44,JAI,26.91,75.79,arid,NASA_POWER_daily_ag,5.125,10.299,0.8995,dewpoint,497.8,33.927
2020-03-23,24.43,31.85,17.13,38.76,0.0,1.54,15.79,96.56,88.32,8.65,JAI,26.91,75.79,arid,NASA_POWER_daily_ag,4.369,8.657,1.1212,dewpoint,498.9,34.095
2020-03-24,26.73,34.58,19.78,36.48,0.84,1.76,17.5,96.43,85.76,9.85,JAI,26.91,75.79,arid,NASA_POWER_daily_ag,5.062,9.335,1.2157,dewpoint,512.8,34.261
2020-03-25,25.38,33.61,18.19,45.5,3.03,1.98,19.28,96.54,79.15,11.24,JAI,26.91,75.79,arid,NASA_POWER_daily_ag,5.139,10.318,1.3338,dewpoint,501.0,34.426
2020-03-26,23.41,30.0,18.31,61.59,4.16,2.9,14.0,96.63,98.57,14.88,JAI,26.91,75.79,arid,NASA_POWER_daily_ag,4.239,8.542,1.6922,dewpoint,491.4,34.589
2020-03-27,21.47,26.8,16.85,69.76,5.44,2.44,14.97,96.71,86.26,15.33,JAI,26.91,75.79,arid,NASA_POWER_daily_ag,3.557,9.128,1.7419,dewpoint,482.9,34.749
2020-03-28,22.35,30.7,14.46,49.06,0.0,1.27,24.72,96.78,58.43,9.25,JAI,26.91,75.79,arid,NASA_POWER_daily_ag,4.776,12.573,1.1676,dewpoint,475.5,34.909
2020-03-29,23.0,31.51,15.23,40.48,0.0,1.99,24.53,96.65,53.17,7.57,JAI,26.91,75.79,arid,NASA_POWER_daily_ag,5.518,12.186,1.0418,dewpoint,489.3,35.066
2020-03-30,23.45,32.71,15.21,39.17,0.0,1.84,24.39,96.62,60.05,7.4,JAI,26.91,75.79,arid,NASA_POWER_daily_ag,5.476,12.088,1.0297,dewpoint,492.5,35.221
2020-03-31,24.84,33.19,15.93,36.21,0.02,2.18,20.67,96.45,72.65,7.66,JAI,26.91,75.79,arid,NASA_POWER_daily_ag,5.684,10.68,1.0482,dewpoint,510.6,35.374
2020-04-01,25.14,34.13,17.46,35.85,0.01,2.2,24.19,96.42,54.24,7.49,JAI,26.91,75.79,arid,NASA_POWER_daily_ag,6.109,11.951,1.0361,dewpoint,513.8,35.526
2020-04-02,23.97,32.75,16.24,37.85,0.0,2.78,24.13,96.49,60.65,7.24,JAI,26.91,75.79,arid,NASA_POWER_daily_ag,6.383,12.04,1.0185,dewpoint,506.4,35.675
2020-04-03,23.94,33.84,15.32,26.84,0.0,2.53,25.3,96.63,55.24,1.41,JAI,26.91,75.79,arid,NASA_POWER_daily_ag,6.631,11.596,0.6764,dewpoint,491.4,35.822
2020-04-04,25.14,34.61,16.66,26.82,0.0,1.81,25.89,96.6,58.94,3.45,JAI,26.91,75.79,arid,NASA_POWER_daily_ag,6.06,12.046,0.7823,dewpoint,494.6,35.967
2020-04-05,27.09,36.39,17.43,26.97,0.0,2.2,26.16,96.53,53.43,5.04,JAI,26.91,75.79,arid,NASA_POWER_daily_ag,6.835,12.311,0.8747,dewpoint,502.1,36.11
2020-04-06,27.4,36.46,18.87,27.58,0.0,2.35,26.04,96.49,61.06,5.43,JAI,26.91,75.79,arid,NASA_POWER_daily_ag,7.038,12.307,0.8988,dewpoint,506.4,36.251
2020-04-07,28.32,36.87,19.19,24.35,0.0,1.59,24.49,96.27,73.65,4.45,JAI,26.91,75.79,arid,NASA_POWER_daily_ag,6.127,11.605,0.8394,dewpoint,529.9,36.389
2020-04-08,26.7,36.26,18.33,30.55,0.32,2.73,24.8,96.34,69.59,6.34,JAI,26.91,75.79,arid,NASA_POWER_daily_ag,7.149,12.12,0.9574,dewpoint,522.4,36.526
2020-04-09,26.37,35.57,17.27,27.95,0.0,2.42,25.68,96.48,66.1,4.6,JAI,26.91,75.79,arid,NASA_POWER_daily_ag,6.957,12.28,0.8483,dewpoint,507.4,36.66
2020-04-10,29.37,38.01,19.69,22.61,0.0,1.64,24.84,96.49,66.87,4.65,JAI,26.91,75.79,arid,NASA_POWER_daily_ag,6.4,11.785,0.8512,dewpoint,506.4,36.792
2020-04-11,31.24,39.67,24.1,22.58,0.0,2.45,25.23,96.63,64.8,6.55,JAI,26.91,75.79,arid,NASA_POWER_daily_ag,7.792,11.987,0.9713,dewpoint,491.4,36.921
2020-04-12,29.99,38.52,21.41,29.18,0.0,2.81,25.89,96.51,59.51,9.07,JAI,26.91,75.79,arid,NASA_POWER_daily_ag,7.958,12.906,1.1535,dewpoint,504.2,37.048
2020-04-13,32.08,40.59,24.36,25.16,0.0,1.85,24.35,96.28,69.66,8.59,JAI,26.91,75.79,arid,NASA_POWER_daily_ag,6.962,12.044,1.1166,dewpoint,528.8,37.173
2020-04-14,32.09,39.56,25.17,21.21,0.0,2.54,22.15,96.33,90.15,6.22,JAI,26.91,75.79,arid,NASA_POWER_daily_ag,7.808,10.909,0.9494,dewpoint,523.5,37.296
2020-04-15,31.51,39.99,23.86,18.68,0.0,2.82,22.18,96.32,74.93,3.83,JAI,26.91,75.79,arid,NASA_POWER_daily_ag,8.201,10.653,0.8036,dewpoint,524.5,37.416
2020-04-16,32.03,40.37,22.96,23.06,0.0,2.17,25.86,96.13,64.93,7.33,JAI,26.91,75.79,arid,NASA_POWER_daily_ag,7.65,12.554,1.0248,dewpoint,544.8,37.534
2020-04-17,30.8,38.09,25.04,23.21,0.0,2.56,21.67,96.08,77.55,6.98,JAI,26.91,75.79,arid,NASA_POWER_daily_ag,7.522,10.997,1.0005,dewpoint,550.2,37.65
2020-04-18,30.21,36.64,23.01,26.71,0.01,2.87,22.16,96.23,87.43,8.14,JAI,26.91,75.79,arid,NASA_POWER_daily_ag,7.799,11.495,1.083,dewpoint,534.1,37.763
2020-04-19,29.38,35.95,22.96,31.5,0.58,3.1,22.46,96.25,87.92,9.82,JAI,26.91,75.79,arid,NASA_POWER_daily_ag,7.753,11.913,1.2132,dewpoint,532.0,37.874
2020-04-20,24.66,26.85,21.53,43.56,0.2,1.58,15.4,96.33,93.47,11.23,JAI,26.91,75.79,arid,NASA_POWER_daily_ag,4.395,9.329,1.3329,dewpoint,523.5,37.982
2020-04-21,27.9,35.44,19.95,39.36,0.0,1.9,24.31,96.33,64.21,11.17,JAI,26.91,75.79,arid,NASA_POWER_daily_ag,6.328,13.076,1.3276,dewpoint,523.5,38.089
2020-04-22,29.69,37.46,21.05,26.76,0.0,2.07,26.37,96.2,60.29,6.98,JAI,26.91,75.79,arid,NASA_POWER_daily_ag,7.25,13.096,1.0005,dewpoint,537.4,38.192
2020-04-23,28.03,32.76,24.28,37.22,4.41,1.41,21.8,96.17,80.57,11.91,JAI,26.91,75.79,arid,NASA_POWER_daily_ag,5.501,12.097,1.3943,dewpoint,540.6,38.294
2020-04-24,31.01,37.77,23.14,34.46,1.36,1.6,25.44,95.93,59.34,12.55,JAI,26.91,75.79,arid,NASA_POWER_daily_ag,6.624,13.685,1.4542,dewpoint,566.3,38.393
2020-04-25,30.21,36.75,24.28,36.23,1.18,1.65,24.12,95.96,63.14,12.78,JAI,26.91,75.79,arid,NASA_POWER_daily_ag,6.372,13.166,1.4764,dewpoint,563.0,38.49
2020-04-26,30.36,37.95,23.61,35.96,1.4,2.22,23.66,96.11,66.06,12.64,JAI,26.91,75.79,arid,NASA_POWER_daily_ag,6.987,12.931,1.4629,dewpoint,547.0,38.584
2020-04-27,30.7,38.49,22.73,34.71,0.79,2.4,26.2,96.31,51.08,12.15,JAI,26.91,75.79,arid,NASA_POWER_daily_ag,7.613,13.979,1.4165,dewpoint,525.6,38.677
2020-04-28,30.69,38.03,23.43,32.1,0.0,2.28,26.09,96.42,37.29,11.36,JAI,26.91,75.79,arid,NASA_POWER_daily_ag,7.512,13.79,1.3445,dewpoint,513.8,38.766
2020-04-29,30.98,38.8,23.0,35.38,1.93,1.82,22.45,96.26,71.68,12.96,JAI,26.91,75.79,arid,NASA_POWER_daily_ag,6.5,12.486,1.4939,dewpoint,530.9,38.854
2020-04-30,31.93,38.5,25.33,33.5,0.62,2.39,22.75,96.24,76.71,13.07,JAI,26.91,75.79,arid,NASA_POWER_daily_ag,7.387,12.595,1.5046,dewpoint,533.1,38.939
2020-05-01,32.33,40.49,24.59,30.63,0.93,2.53,27.49,96.11,49.56,11.6,JAI,26.91,75.79,arid,NASA_POWER_daily_ag,8.307,14.344,1.366,dewpoint,547.0,39.022
2020-05-02,32.71,42.03,24.11,22.48,0.0,3.26,27.28,95.91,55.62,7.35,JAI,26.91,75.79,arid,NASA_POWER_daily_ag,9.501,13.387,1.0262,dewpoint,568.4,39.103
2020-05-03,32.2,40.54,25.12,32.16,5.45,2.1,21.56,95.93,81.89,12.59,JAI,26.91,75.79,arid,NASA_POWER_daily_ag,6.963,11.986,1.4581,dewpoint,566.3,39.182
2020-05-04,30.21,37.64,23.35,41.46,2.01,1.98,22.82,96.2,70.5,14.51,JAI,26.91,75.79,arid,NASA_POWER_daily_ag,6.513,13.01,1.6523,dewpoint,537.4,39.258
2020-05-05,30.39,37.87,23.04,35.66,0.36,1.96,26.83,96.19,60.1,12.26,JAI,26.91,75.79,arid,NASA_POWER_daily_ag,7.175,14.443,1.4268,dewpoint,538.4,39.332
2020-05-06,31.96,38.45,26.44,30.53,2.11,1.63,21.14,96.04,76.56,11.37,JAI,26.91,75.79,arid,NASA_POWER_daily_ag,6.325,11.697,1.3454,dewpoint,554.5,39.404
2020-05-07,30.84,39.65,22.31,38.39,0.75,2.08,28.59,96.06,55.18,12.97,JAI,26.91,75.79,arid,NASA_POWER_daily_ag,7.591,15.361,1.4948,dewpoint,552.3,39.474
2020-05-08,32.52,41.45,23.33,27.2,0.0,1.88,26.77,95.99,69.99,9.23,JAI,26.91,75.79,arid,NASA_POWER_daily_ag,7.523,13.712,1.166,dewpoint,559.8,39.542
2020-05-09,34.13,43.08,24.18,21.49,0.0,1.47,26.95,95.98,64.13,7.15,JAI,26.91,75.79,arid,NASA_POWER_daily_ag,7.141,13.299,1.0122,dewpoint,560.9,39.608
2020-05-10,34.48,42.65,26.37,22.41,0.82,2.48,21.41,96.03,77.75,8.97,JAI,26.91,75.79,arid,NASA_POWER_daily_ag,8.104,11.391,1.1457,dewpoint,555.5,39.671
2020-05-11,33.87,41.75,25.09,28.17,2.78,1.87,22.22,96.12,79.38,11.67,JAI,26.91,75.79,arid,NASA_POWER_daily_ag,7.106,12.192,1.3723,dewpoint,545.9,39.733
2020-05-12,33.34,39.44,26.44,31.15,0.0,1.6,22.86,96.12,81.34,13.22,JAI,26.91,75.79,arid,NASA_POWER_daily_ag,6.687,12.766,1.5195,dewpoint,545.9,39.792
2020-05-13,32.72,39.33,25.91,31.1,1.26,2.0,23.95,96.03,54.22,12.81,JAI,26.91,75.79,arid,NASA_POWER_daily_ag,7.278,13.217,1.4793,dewpoint,555.5,39.849
2020-05-14,33.88,41.18,26.03,29.27,0.02,2.32,25.06,95.99,54.79,12.4,JAI,26.91,75.79,arid,NASA_POWER_daily_ag,8.075,13.571,1.44,dewpoint,559.8,39.905
2020-05-15,34.17,40.77,27.24,28.23,0.05,3.38,23.43,95.97,72.88,12.65,JAI,26.91,75.79,arid,NASA_POWER_daily_ag,9.269,12.889,1.4638,dewpoint,562.0,39.958
2020-05-16,33.75,40.22,27.17,28.13,0.05,2.48,25.5,95.93,58.48,12.0,JAI,26.91,75.79,arid,NASA_POWER_daily_ag,8.34,13.711,1.4026,dewpoint,566.3,40.01
2020-05-17,34.35,41.66,28.52,20.14,0.15,2.59,23.2,95.77,79.25,7.31,JAI,26.91,75.79,arid,NASA_POWER_daily_ag,8.525,11.907,1.0234,dewpoint,583.4,40.059
2020-05-18,33.48,41.36,25.57,14.07,0.0,2.64,25.62,95.71,90.51,1.5,JAI,26.91,75.79,arid,NASA_POWER_daily_ag,8.883,12.089,0.6808,dewpoint,589.9,40.107
2020-05-19,33.12,41.04,25.49,14.44,0.0,3.38,28.15,95.67,58.34,1.44,JAI,26.91,75.79,arid,NASA_POWER_daily_ag,10.167,12.974,0.6779,dewpoint,594.2,40.153
2020-05-20,32.51,40.86,23.9,14.37,0.0,3.75,29.42,95.62,60.91,0.97,JAI,26.91,75.79,arid,NASA_POWER_daily_ag,10.682,13.442,0.6553,dewpoint,599.5,40.197
2020-05-21,33.89,42.64,24.34,15.51,0.0,3.2,28.93,95.61,60.06,3.32,JAI,26.91,75.79,arid,NASA_POWER_daily_ag,10.11,13.55,0.7751,dewpoint,600.6,40.239
2020-05-22,35.73,44.24,26.49,19.76,0.0,3.68,28.28,95.58,57.32,8.28,JAI,26.91,75.79,arid,NASA_POWER_daily_ag,10.95,14.05,1.0934,dewpoint,603.8,40.279
2020-05-23,37.01,44.24,30.93,22.9,0.0,4.65,25.54,95.72,77.75,11.44,JAI,26.91,75.79,arid,NASA_POWER_daily_ag,12.053,13.388,1.3516,dewpoint,588.8,40.318
2020-05-24,36.52,44.28,28.79,19.08,0.0,3.62,27.53,95.81,66.01,7.92,JAI,26.91,75.79,arid,NASA_POWER_daily_ag,10.998,13.597,1.0669,dewpoint,579.1,40.355
2020-05-25,36.89,44.44,29.25,20.53,0.0,4.25,26.83,95.77,67.15,9.95,JAI,26.91,75.79,arid,NASA_POWER_daily_ag,11.784,13.698,1.2239,dewpoint,583.4,40.39
2020-05-26,37.62,45.07,31.59,21.1,0.0,5.2,26.7,95.65,65.36,10.66,JAI,26.91,75.79,arid,NASA_POWER_daily_ag,13.169,13.671,1.2833,dewpoint,596.3,40.423
2020-05-27,37.48,45.27,31.29,20.44,0.0,4.48,28.38,95.46,52.82,9.76,JAI,26.91,75.79,arid,NASA_POWER_daily_ag,12.427,14.169,1.2084,dewpoint,616.7,40.455
2020-05-28,36.14,43.18,29.55,24.36,0.43,2.62,25.67,95.42,75.12,11.63,JAI,26.91,75.79,arid,NASA_POWER_daily_ag,9.057,13.62,1.3687,dewpoint,621.0,40.485
2020-05-29,35.81,42.25,29.8,24.98,3.15,2.51,24.72,95.59,77.94,12.21,JAI,26.91,75.79,arid,NASA_POWER_daily_ag,8.694,13.353,1.4221,dewpoint,602.8,40.513
2020-05-30,30.88,34.23,26.64,48.4,12.76,2.07,22.46,95.91,87.53,18.26,JAI,26.91,75.79,arid,NASA_POWER_daily_ag,6.456,13.677,2.098,dewpoint,568.4,40.54
2020-05-31,29.1,33.98,25.14,54.16,6.29,1.99,22.53,96.07,63.87,18.27,JAI,26.91,75.79,arid,NASA_POWER_daily_ag,5.994,13.756,2.0993,dewpoint,551.3,40.565
2020-06-01,29.57,35.39,23.43,57.33,7.83,1.59,23.17,96.14,61.93,19.44,JAI,26.91,75.79,arid,NASA_POWER_daily_ag,5.818,14.302,2.2584,dewpoint,543.8,40.589
2020-06-02,31.33,36.73,24.31,46.68,0.02,1.47,26.36,95.96,44.2,17.57,JAI,26.91,75.79,arid,NASA_POWER_daily_ag,6.643,15.556,2.0088,dewpoint,563.0,40.611
2020-06-03,32.78,38.43,26.1,40.01,0.16,0.98,21.15,95.74,78.96,16.5,JAI,26.91,75.79,arid,NASA_POWER_daily_ag,5.519,12.657,1.8772,dewpoint,586.6,40.631
2020-06-04,30.17,36.35,25.52,49.48,1.07,2.96,15.68,95.71,94.74,17.87,JAI,26.91,75.79,arid,NASA_POWER_daily_ag,6.068,10.116,2.0472,dewpoint,589.9,40.65
2020-06-05,30.36,36.61,23.28,48.57,1.23,2.17,23.78,95.7,63.18,17.44,JAI,26.91,75.79,arid,NASA_POWER_daily_ag,6.695,14.255,1.9924,dewpoint,590.9,40.668
2020-06-06,30.84,35.17,25.54,49.9,0.06,1.36,25.26,95.66,49.71,18.56,JAI,26.91,75.79,arid,NASA_POWER_daily_ag,6.254,15.221,2.1378,dewpoint,595.2,40.684
2020-06-07,30.96,35.66,26.69,52.17,4.2,2.63,21.63,95.71,57.76,19.59,JAI,26.91,75.79,arid,NASA_POWER_daily_ag,6.632,13.449,2.2796,dewpoint,589.9,40.698
2020-06-08,31.63,37.29,26.31,50.17,1.55,2.4,26.3,95.7,63.51,19.4,JAI,26.91,75.79,arid,NASA_POWER_daily_ag,7.36,15.865,2.2528,dewpoint,590.9,40.711
2020-06-09,34.04,40.27,27.6,43.84,0.1,2.66,26.69,95.7,54.93,19.34,JAI,26.91,75.79,arid,NASA_POWER_daily_ag,8.28,15.93,2.2444,dewpoint,590.9,40.723
2020-06-10,34.62,40.8,29.34,42.74,0.81,3.17,25.08,95.6,64.53,19.51,JAI,26.91,75.79,arid,NASA_POWER_daily_ag,8.656,15.069,2.2683,dewpoint,601.7,40.733
2020-06-11,35.35,41.84,29.04,40.54,0.26,2.94,23.59,95.47,75.33,19.09,JAI,26.91,75.79,arid,NASA_POWER_daily_ag,8.464,14.193,2.2098,dewpoint,615.7,40.742
2020-06-12,36.18,41.75,29.67,38.35,0.17,1.73,24.02,95.3,59.78,18.91,JAI,26.91,75.79,arid,NASA_POWER_daily_ag,7.324,14.369,2.1851,dewpoint,634.0,40.749
2020-06-13,35.18,39.49,30.32,37.66,1.08,1.15,20.29,95.34,91.21,18.08,JAI,26.91,75.79,arid,NASA_POWER_daily_ag,5.85,12.372,2.0744,dewpoint,629.7,40.755
2020-06-14,35.54,41.81,29.25,37.14,0.09,1.81,20.65,95.45,83.41,17.89,JAI,26.91,75.79,arid,NASA_POWER_daily_ag,6.833,12.492,2.0498,dewpoint,617.8,40.76
2020-06-15,36.4,43.59,29.77,30.21,0.0,1.91,25.46,95.3,39.63,14.66,JAI,26.91,75.79,arid,NASA_POWER_daily_ag,7.943,14.154,1.6684,dewpoint,634.0,40.763
2020-06-16,36.58,44.23,29.23,23.37,0.0,2.72,25.87,95.09,45.4,11.24,JAI,26.91,75.79,arid,NASA_POWER_daily_ag,9.344,13.668,1.3338,dewpoint,656.6,40.764
2020-06-17,36.53,44.16,28.3,24.7,0.0,2.36,26.06,95.02,63.41,12.4,JAI,26.91,75.79,arid,NASA_POWER_daily_ag,8.788,14.01,1.44,dewpoint,664.2,40.765
2020-06-18,36.41,43.77,30.02,32.84,0.0,3.77,26.47,95.21,62.25,16.42,JAI,26.91,75.79,arid,NASA_POWER_daily_ag,10.389,14.983,1.8676,dewpoint,643.7,40.764
2020-06-19,36.09,41.16,31.36,39.01,3.67,3.96,25.51,95.41,79.22,19.6,JAI,26.91,75.79,arid,NASA_POWER_daily_ag,9.946,15.256,2.281,dewpoint,622.1,40.762
2020-06-20,34.99,40.21,30.37,42.32,3.01,3.75,24.58,95.54,62.36,20.02,JAI,26.91,75.79,arid,NASA_POWER_daily_ag,9.167,14.911,2.3412,dewpoint,608.1,40.758
2020-06-21,34.36,39.4,29.7,45.93,3.59,3.43,26.62,95.48,52.93,20.68,JAI,26.91,75.79,arid,NASA_POWER_daily_ag,8.876,16.186,2.4385,dewpoint,614.6,40.753
2020-06-22,33.67,38.34,28.89,49.01,4.58,2.16,23.03,95.43,65.4,20.92,JAI,26.91,75.79,arid,NASA_POWER_daily_ag,7.001,14.344,2.4748,dewpoint,620.0,40.747
2020-06-23,34.16,40.22,29.12,45.8,0.2,2.62,23.74,95.55,61.56,20.06,JAI,26.91,75.79,arid,NASA_POWER_daily_ag,7.738,14.502,2.347,dewpoint,607.1,40.739
2020-06-24,33.39,38.64,28.16,53.43,1.98,1.95,16.46,95.61,95.67,22.08,JAI,26.91,75.79,arid,NASA_POWER_daily_ag,5.552,10.899,2.6569,dewpoint,600.6,40.73
2020-06-25,34.36,39.29,29.22,50.66,1.25,1.92,23.05,95.48,75.23,22.01,JAI,26.91,75.79,arid,NASA_POWER_daily_ag,6.842,14.535,2.6455,dewpoint,614.6,40.72
2020-06-26,34.35,39.84,29.53,49.68,2.86,3.71,20.11,95.44,93.11,21.81,JAI,26.91,75.79,arid,NASA_POWER_daily_ag,7.909,12.854,2.6135,dewpoint,618.9,40.708
2020-06-27,35.09,41.32,28.83,42.99,0.03,4.49,25.44,95.42,65.76,19.95,JAI,26.91,75.79,arid,NASA_POWER_daily_ag,9.986,15.349,2.3311,dewpoint,621.0,40.695
2020-06-28,35.83,42.05,28.91,39.75,0.0,4.35,25.77,95.39,69.05,19.36,JAI,26.91,75.79,arid,NASA_POWER_daily_ag,10.306,15.364,2.2472,dewpoint,624.3,40.68
2020-06-29,36.26,41.98,30.42,40.86,1.15,3.09,26.1,95.47,66.04,20.2,JAI,26.91,75.79,arid,NASA_POWER_daily_ag,9.129,15.686,2.3674,dewpoint,615.7,40.665
2020-06-30,37.09,43.11,31.2,36.11,1.67,1.61,21.68,95.44,89.56,18.67,JAI,26.91,75.79,arid,NASA_POWER_daily_ag,6.929,13.048,2.1526,dewpoint,618.9,40.647
2020-07-01,35.69,41.25,31.09,44.87,2.51,2.82,20.36,95.38,92.15,21.31,JAI,26.91,75.79,arid,NASA_POWER_daily_ag,7.651,12.848,2.5348,dewpoint,625.4,40.629
2020-07-02,35.3,41.61,29.62,47.21,0.38,3.6,24.87,95.25,64.47,21.42,JAI,26.91,75.79,arid,NASA_POWER_daily_ag,8.943,15.335,2.5519,dewpoint,639.4,40.609
2020-07-03,36.37,42.02,30.25,43.81,0.26,3.08,22.95,95.19,90.57,21.32,JAI,26.91,75.79,arid,NASA_POWER_daily_ag,8.516,14.248,2.5363,dewpoint,645.8,40.587
2020-07-04,34.45,40.84,30.15,48.97,1.45,2.17,22.51,95.14,89.2,21.58,JAI,26.91,75.79,arid,NASA_POWER_daily_ag,7.018,14.086,2.577,dewpoint,651.2,40.565
2020-07-05,31.82,35.06,29.17,57.95,1.32,2.37,22.63,95.21,85.09,22.32,JAI,26.91,75.79,arid,NASA_POWER_daily_ag,6.46,14.432,2.6959,dewpoint,643.7,40.54
2020-07-06,33.45,38.91,28.25,48.69,1.24,1.44,15.31,95.14,97.55,20.49,JAI,26.91,75.79,arid,NASA_POWER_daily_ag,5.024,10.09,2.4102,dewpoint,651.2,40.515
2020-07-07,32.92,37.41,28.33,49.37,2.43,1.61,23.09,95.38,66.3,20.43,JAI,26.91,75.79,arid,NASA_POWER_daily_ag,6.384,14.284,2.4013,dewpoint,625.4,40.488
2020-07-08,32.32,36.59,28.14,57.39,10.03,1.51,21.06,95.54,85.1,22.53,JAI,26.91,75.79,arid,NASA_POWER_daily_ag,5.708,13.558,2.7306,dewpoint,608.1,40.459
2020-07-09,31.16,35.22,27.21,65.63,7.52,3.04,19.48,95.37,91.09,23.74,JAI,26.91,75.79,arid,NASA_POWER_daily_ag,5.857,12.88,2.9377,dewpoint,626.4,40.429
2020-07-10,32.8,38.18,27.55,54.6,0.62,3.83,22.15,95.29,98.28,21.99,JAI,26.91,75.79,arid,NASA_POWER_daily_ag,7.682,14.05,2.6423,dewpoint,635.0,40.398
2020-07-11,32.94,37.93,27.69,57.03,0.42,3.15,22.55,95.27,95.83,22.85,JAI,26.91,75.79,arid,NASA_POWER_daily_ag,7.19,14.438,2.784,dewpoint,637.2,40.365
2020-07-12,30.68,33.12,28.33,66.47,3.9,2.76,16.62,95.4,93.54,23.6,JAI,26.91,75.79,arid,NASA_POWER_daily_ag,5.143,11.193,2.913,dewpoint,623.2,40.33
2020-07-13,31.55,36.3,26.57,62.1,2.93,2.21,14.64,95.42,98.46,22.99,JAI,26.91,75.79,arid,NASA_POWER_daily_ag,4.883,9.966,2.8077,dewpoint,621.0,40.294
2020-07-14,33.56,39.11,27.92,52.02,1.47,1.74,24.37,95.46,75.75,21.73,JAI,26.91,75.79,arid,NASA_POWER_daily_ag,6.741,15.181,2.6007,dewpoint,616.7,40.256
2020-07-15,33.93,40.02,28.1,50.73,0.93,1.97,22.06,95.4,81.18,21.46,JAI,26.91,75.79,arid,NASA_POWER_daily_ag,6.656,13.83,2.5582,dewpoint,623.2,40.217
2020-07-16,32.83,37.54,27.82,54.04,0.13,2.74,18.81,95.29,79.51,21.9,JAI,26.91,75.79,arid,NASA_POWER_daily_ag,6.442,12.159,2.6279,dewpoint,635.0,40.176
2020-07-17,33.51,38.72,28.69,54.53,0.12,2.87,21.57,95.35,73.56,22.71,JAI,26.91,75.79,arid,NASA_POWER_daily_ag,7.041,13.796,2.7605,dewpoint,628.6,40.134
2020-07-18,34.85,39.67,29.39,49.54,0.27,1.37,23.74,95.47,72.77,22.24,JAI,26.91,75.79,arid,NASA_POWER_daily_ag,6.495,14.876,2.6829,dewpoint,615.7,40.09
2020-07-19,32.85,35.66,29.63,58.19,2.03,3.84,17.12,95.45,98.93,23.45,JAI,26.91,75.79,arid,NASA_POWER_daily_ag,6.589,11.399,2.8868,dewpoint,617.8,40.044
2020-07-20,33.47,38.4,28.5,52.5,1.37,3.38,21.28,95.29,92.88,21.97,JAI,26.91,75.79,arid,NASA_POWER_daily_ag,7.479,13.495,2.6391,dewpoint,635.0,39.997
2020-07-21,32.1,36.08,28.21,56.53,2.39,2.94,16.09,95.51,93.75,22.08,JAI,26.91,75.79,arid,NASA_POWER_daily_ag,5.905,10.657,2.6569,dewpoint,611.4,39.948
2020-07-22,29.95,34.19,27.28,65.73,6.55,3.36,21.94,95.7,73.26,22.62,JAI,26.91,75.79,arid,NASA_POWER_daily_ag,6.165,14.071,2.7455,dewpoint,590.9,39.897
2020-07-23,31.8,37.55,26.11,58.93,1.69,2.42,20.43,95.57,81.52,22.11,JAI,26.91,75.79,arid,NASA_POWER_daily_ag,6.144,13.082,2.6617,dewpoint,604.9,39.844
2020-07-24,29.62,34.18,26.4,69.0,13.72,1.39,8.85,95.75,96.33,23.04,JAI,26.91,75.79,arid,NASA_POWER_daily_ag,2.997,6.621,2.8162,dewpoint,585.6,39.79
2020-07-25,29.81,35.53,25.67,67.81,4.46,2.26,21.8,95.9,76.31,22.69,JAI,26.91,75.79,arid,NASA_POWER_daily_ag,5.631,13.986,2.7572,dewpoint,569.5,39.734
2020-07-26,31.41,36.98,26.31,61.11,1.78,1.93,20.09,95.92,78.04,22.5,JAI,26.91,75.79,arid,NASA_POWER_daily_ag,5.618,12.941,2.7256,dewpoint,567.3,39.676
2020-07-27,32.25,37.89,26.84,56.24,1.0,3.08,23.66,95.79,65.0,21.84,JAI,26.91,75.79,arid,NASA_POWER_daily_ag,7.244,14.777,2.6183,dewpoint,581.3,39.616
2020-07-28,32.74,37.73,28.38,53.72,0.1,3.33,24.83,95.58,67.92,21.79,JAI,26.91,75.79,arid,NASA_POWER_daily_ag,7.751,15.375,2.6103,dewpoint,603.8,39.555
2020-07-29,32.43,38.81,27.56,56.74,4.53,2.63,20.57,95.53,90.22,22.19,JAI,26.91,75.79,arid,NASA_POWER_daily_ag,6.452,13.088,2.6747,dewpoint,609.2,39.491
2020-07-30,30.15,33.74,27.26,68.19,11.04,1.8,19.3,95.71,96.4,23.41,JAI,26.91,75.79,arid,NASA_POWER_daily_ag,5.008,12.65,2.8799,dewpoint,589.9,39.426
2020-07-31,31.53,37.77,25.71,60.15,0.95,1.52,20.43,95.62,83.98,22.2,JAI,26.91,75.79,arid,NASA_POWER_daily_ag,5.447,13.046,2.6763,dewpoint,599.5,39.359
2020-08-01,31.68,36.32,27.6,62.15,8.68,0.97,15.72,95.57,89.66,23.08,JAI,26.91,75.79,arid,NASA_POWER_daily_ag,4.212,10.505,2.8231,dewpoint,604.9,39.29
2020-08-02,31.3,35.85,27.03,66.39,17.29,1.81,24.25,95.43,64.09,23.96,JAI,26.91,75.79,arid,NASA_POWER_daily_ag,6.05,15.573,2.9768,dewpoint,620.0,39.219
2020-08-03,30.88,35.66,26.1,68.7,14.12,3.12,11.9,95.13,96.29,24.13,JAI,26.91,75.79,arid,NASA_POWER_daily_ag,4.476,8.397,3.0073,dewpoint,652.3,39.146
2020-08-04,31.9,37.17,26.41,62.34,4.34,1.81,22.88,94.92,76.6,23.35,JAI,26.91,75.79,arid,NASA_POWER_daily_ag,6.016,14.623,2.8695,dewpoint,675.0,39.071
2020-08-05,31.51,36.43,27.86,62.82,1.73,2.55,13.76,94.94,92.3,23.22,JAI,26.91,75.79,arid,NASA_POWER_daily_ag,4.866,9.383,2.847,dewpoint,672.8,38.993
2020-08-06,29.94,36.42,26.09,71.51,4.77,4.33,18.27,95.11,89.22,23.74,JAI,26.91,75.79,arid,NASA_POWER_daily_ag,5.619,12.04,2.9377,dewpoint,654.5,38.914
2020-08-07,29.99,34.48,25.66,72.33,3.11,2.87,16.54,95.35,89.44,24.06,JAI,26.91,75.79,arid,NASA_POWER_daily_ag,4.816,11.097,2.9947,dewpoint,628.6,38.833
2020-08-08,30.93,36.2,26.78,67.94,5.47,1.34,14.76,95.37,90.55,23.89,JAI,26.91,75.79,arid,NASA_POWER_daily_ag,4.092,10.008,2.9643,dewpoint,626.4,38.75
2020-08-09,30.8,35.04,26.83,69.67,6.17,1.81,19.69,95.3,84.88,24.33,JAI,26.91,75.79,arid,NASA_POWER_daily_ag,5.097,12.945,3.0435,dewpoint,634.0,38.665
2020-08-10,30.15,34.02,27.01,75.32,7.34,1.09,15.52,95.35,96.15,25.08,JAI,26.91,75.79,arid,NASA_POWER_daily_ag,3.867,10.587,3.1829,dewpoint,628.6,38.578
2020-08-11,28.49,30.76,26.59,84.27,19.19,1.53,13.28,95.43,98.07,25.51,JAI,26.91,75.79,arid,NASA_POWER_daily_ag,3.22,9.301,3.2653,dewpoint,620.0,38.488
2020-08-12,29.0,33.24,25.63,79.28,6.13,2.55,20.3,95.38,82.72,24.83,JAI,26.91,75.79,arid,NASA_POWER_daily_ag,4.818,13.411,3.1358,dewpoint,625.4,38.396
2020-08-13,29.68,34.32,25.63,76.21,2.92,1.37,15.94,95.24,98.23,24.73,JAI,26.91,75.79,arid,NASA_POWER_daily_ag,3.986,10.787,3.1172,dewpoint,640.4,38.303
2020-08-14,28.8,32.82,25.75,82.09,30.46,1.84,5.03,95.12,99.19,25.27,JAI,26.91,75.79,arid,NASA_POWER_daily_ag,1.985,4.3,3.2191,dewpoint,653.4,38.207
2020-08-15,28.21,31.61,25.66,85.74,27.73,1.28,15.52,95.09,90.32,25.48,JAI,26.91,75.79,arid,NASA_POWER_daily_ag,3.52,10.635,3.2595,dewpoint,656.6,38.109
2020-08-16,28.91,32.82,25.72,83.38,2.64,1.34,17.47,95.21,90.78,25.65,JAI,26.91,75.79,arid,NASA_POWER_daily_ag,3.987,11.817,3.2925,dewpoint,643.7,38.009
2020-08-17,29.62,34.07,26.15,80.6,3.37,1.64,20.53,95.27,76.05,25.69,JAI,26.91,75.79,arid,NASA_POWER_daily_ag,4.718,13.644,3.3003,dewpoint,637.2,37.906
2020-08-18,29.42,33.18,25.96,82.06,8.61,1.0,12.72,95.35,94.17,25.83,JAI,26.91,75.79,arid,NASA_POWER_daily_ag,3.138,8.938,3.3278,dewpoint,628.6,37.802
2020-08-19,28.21,30.5,26.39,89.08,30.88,1.54,11.03,95.32,99.47,26.21,JAI,26.91,75.79,arid,NASA_POWER_daily_ag,2.644,7.936,3.4034,dewpoint,631.8,37.695
2020-08-20,27.37,30.16,25.38,89.88,32.07,1.44,17.85,95.48,99.12,25.5,JAI,26.91,75.79,arid,NASA_POWER_daily_ag,3.736,12.024,3.2634,dewpoint,614.6,37.586
2020-08-21,27.25,31.06,24.67,83.43,0.66,2.72,19.93,95.65,78.42,24.0,JAI,26.91,75.79,arid,NASA_POWER_daily_ag,4.346,13.004,2.9839,dewpoint,596.3,37.475
2020-08-22,27.52,31.8,23.99,83.58,0.86,2.81,14.48,95.56,78.68,24.31,JAI,26.91,75.79,arid,NASA_POWER_daily_ag,3.548,9.848,3.0399,dewpoint,606.0,37.362
2020-08-23,27.51,31.88,24.24,83.98,2.56,3.21,14.21,95.35,49.92,24.38,JAI,26.91,75.79,arid,NASA_POWER_daily_ag,3.533,9.688,3.0527,dewpoint,628.6,37.247
2020-08-24,27.41,31.15,24.54,85.25,5.53,2.42,13.56,95.35,50.24,24.56,JAI,26.91,75.79,arid,NASA_POWER_daily_ag,3.258,9.318,3.0857,dewpoint,628.6,37.129
2020-08-25,27.53,31.92,24.54,85.1,3.08,3.07,16.53,95.63,56.45,24.66,JAI,26.91,75.79,arid,NASA_POWER_daily_ag,3.784,11.06,3.1042,dewpoint,598.5,37.009
2020-08-26,27.1,31.13,24.15,82.67,1.35,3.35,16.96,95.88,68.42,23.72,JAI,26.91,75.79,arid,NASA_POWER_daily_ag,3.974,11.187,2.9341,dewpoint,571.6,36.887
2020-08-27,27.55,32.12,23.58,79.19,0.06,1.9,20.08,95.82,76.06,23.36,JAI,26.91,75.79,arid,NASA_POWER_daily_ag,4.457,12.901,2.8712,dewpoint,578.1,36.763
2020-08-28,28.06,32.22,23.64,76.37,1.0,1.39,19.72,95.65,80.11,23.24,JAI,26.91,75.79,arid,NASA_POWER_daily_ag,4.419,12.66,2.8505,dewpoint,596.3,36.637
2020-08-29,28.18,32.22,24.38,78.6,4.27,1.55,20.14,95.55,73.25,23.89,JAI,26.91,75.79,arid,NASA_POWER_daily_ag,4.478,12.992,2.9643,dewpoint,607.1,36.509
2020-08-30,27.17,31.43,24.34,83.99,10.55,2.84,8.88,95.4,88.21,24.04,JAI,26.91,75.79,arid,NASA_POWER_daily_ag,2.652,6.513,2.9911,dewpoint,623.2,36.378
2020-08-31,25.96,30.19,22.93,86.06,3.75,4.58,15.4,95.69,60.37,23.33,JAI,26.91,75.79,arid,NASA_POWER_daily_ag,3.474,10.215,2.866,dewpoint,592.0,36.246
2020-09-01,26.76,31.08,23.53,83.17,2.2,2.92,11.62,95.92,93.0,23.45,JAI,26.91,75.79,arid,NASA_POWER_daily_ag,3.086,8.046,2.8868,dewpoint,567.3,36.111
2020-09-02,27.19,30.58,23.75,79.73,0.71,1.39,13.76,96.13,95.99,23.13,JAI,26.91,75.79,arid,NASA_POWER_daily_ag,3.279,9.225,2.8316,dewpoint,544.8,35.974
2020-09-03,27.22,30.94,23.97,82.89,10.45,0.96,6.59,96.09,96.26,23.9,JAI,26.91,75.79,arid,NASA_POWER_daily_ag,1.906,5.168,2.9661,dewpoint,549.1,35.835
2020-09-04,27.5,31.15,24.87,85.96,6.21,1.45,13.95,95.99,68.85,24.79,JAI,26.91,75.79,arid,NASA_POWER_daily_ag,3.159,9.462,3.1284,dewpoint,559.8,35.694
2020-09-05,26.83,30.06,24.33,87.59,5.31,1.68,22.29,95.91,41.26,24.5,JAI,26.91,75.79,arid,NASA_POWER_daily_ag,4.406,14.289,3.0746,dewpoint,568.4,35.551
2020-09-06,27.3,30.64,23.79,80.57,0.56,1.22,21.96,95.85,47.06,23.46,JAI,26.91,75.79,arid,NASA_POWER_daily_ag,4.538,13.854,2.8886,dewpoint,574.8,35.406
2020-09-07,27.77,31.44,24.12,80.45,22.0,1.18,13.46,95.89,86.2,23.99,JAI,26.91,75.79,arid,NASA_POWER_daily_ag,3.172,9.072,2.9821,dewpoint,570.6,35.26
2020-09-08,28.34,32.33,23.79,75.95,3.55,1.31,17.87,95.96,79.52,23.41,JAI,26.91,75.79,arid,NASA_POWER_daily_ag,4.086,11.473,2.8799,dewpoint,563.0,35.111
2020-09-09,28.3,33.03,23.73,75.75,1.18,1.43,21.38,95.97,66.84,23.27,JAI,26.91,75.79,arid,NASA_POWER_daily_ag,4.681,13.379,2.8556,dewpoint,562.0,34.96
2020-09-10,28.91,34.13,23.83,70.05,0.0,1.69,22.76,95.71,60.48,22.4,JAI,26.91,75.79,arid,NASA_POWER_daily_ag,5.189,13.898,2.7091,dewpoint,589.9,34.808
2020-09-11,29.22,34.98,23.1,69.02,0.0,1.43,21.17,95.7,69.66,22.39,JAI,26.91,75.79,arid,NASA_POWER_daily_ag,4.893,13.009,2.7074,dewpoint,590.9,34.653
2020-09-12,28.93,33.9,23.97,69.77,0.0,1.18,21.08,95.98,64.27,22.45,JAI,26.91,75.79,arid,NASA_POWER_daily_ag,4.701,12.954,2.7173,dewpoint,560.9,34.497
2020-09-13,28.71,34.66,23.25,67.64,0.0,1.13,21.69,95.97,61.77,21.58,JAI,26.91,75.79,arid,NASA_POWER_daily_ag,4.769,13.068,2.577,dewpoint,562.0,34.34
2020-09-14,28.73,33.85,24.2,64.96,0.0,0.74,21.79,95.89,63.64,21.13,JAI,26.91,75.79,arid,NASA_POWER_daily_ag,4.586,12.997,2.5069,dewpoint,570.6,34.18
2020-09-15,29.35,34.98,23.54,65.66,0.0,1.08,21.97,95.82,56.95,21.81,JAI,26.91,75.79,arid,NASA_POWER_daily_ag,4.868,13.204,2.6135,dewpoint,578.1,34.019
2020-09-16,29.27,35.78,23.01,62.55,0.0,0.92,21.46,95.84,58.09,20.61,JAI,26.91,75.79,arid,NASA_POWER_daily_ag,4.702,12.641,2.428,dewpoint,575.9,33.856
2020-09-17,29.63,35.47,24.43,68.75,0.0,2.04,18.93,95.84,90.72,22.74,JAI,26.91,75.79,arid,NASA_POWER_daily_ag,4.837,11.705,2.7656,dewpoint,575.9,33.692
2020-09-18,29.22,34.9,24.71,72.13,0.0,2.74,20.19,95.79,75.07,23.24,JAI,26.91,75.79,arid,NASA_POWER_daily_ag,5.091,12.47,2.8505,dewpoint,581.3,33.526
2020-09-19,28.21,33.86,23.28,67.95,0.07,1.72,18.97,95.73,73.99,21.3,JAI,26.91,75.79,arid,NASA_POWER_daily_ag,4.528,11.469,2.5332,dewpoint,587.7,33.359
2020-09-20,28.88,35.54,24.17,63.56,0.0,1.72,20.15,95.6,61.82,20.68,JAI,26.91,75.79,arid,NASA_POWER_daily_ag,4.884,11.868,2.4385,dewpoint,601.7,33.19
2020-09-21,28.73,35.41,22.51,58.59,0.0,1.59,20.66,95.52,53.0,19.19,JAI,26.91,75.79,arid,NASA_POWER_daily_ag,4.968,11.833,2.2236,dewpoint,610.3,33.02
2020-09-22,28.47,33.73,22.84,62.58,0.0,1.61,18.09,95.55,81.77,20.2,JAI,26.91,75.79,arid,NASA_POWER_daily_ag,4.49,10.768,2.3674,dewpoint,607.1,32.849
2020-09-23,29.68,34.32,25.43,67.23,0.09,0.84,20.41,95.56,66.38,22.56,JAI,26.91,75.79,arid,NASA_POWER_daily_ag,4.455,12.32,2.7355,dewpoint,606.0,32.677
2020-09-24,30.38,36.25,25.09,58.77,0.02,0.77,21.44,95.73,56.7,20.42,JAI,26.91,75.79,arid,NASA_POWER_daily_ag,4.644,12.287,2.3998,dewpoint,587.7,32.503
2020-09-25,29.62,36.64,23.27,57.14,0.0,2.35,21.09,95.77,65.79,19.12,JAI,26.91,75.79,arid,NASA_POWER_daily_ag,5.703,11.832,2.2139,dewpoint,583.4,32.328
2020-09-26,28.06,33.71,23.82,65.16,2.31,2.21,16.22,95.81,87.62,20.2,JAI,26.91,75.79,arid,NASA_POWER_daily_ag,4.441,9.722,2.3674,dewpoint,579.1,32.153
2020-09-27,27.26,33.67,21.86,66.23,1.46,1.62,19.03,96.03,69.7,19.57,JAI,26.91,75.79,arid,NASA_POWER_daily_ag,4.396,10.992,2.2768,dewpoint,555.5,31.976
2020-09-28,28.78,35.82,21.36,56.36,0.05,1.68,20.75,96.15,69.22,18.03,JAI,26.91,75.79,arid,NASA_POWER_daily_ag,5.07,11.408,2.0679,dewpoint,542.7,31.798
2020-09-29,28.93,35.97,21.44,50.8,0.0,1.4,20.11,96.08,70.69,16.5,JAI,26.91,75.79,arid,NASA_POWER_daily_ag,4.853,10.773,1.8772,dewpoint,550.2,31.62
2020-09-30,28.55,36.0,22.02,47.45,0.0,1.67,21.08,96.0,64.77,15.3,JAI,26.91,75.79,arid,NASA_POWER_daily_ag,5.189,10.884,1.7386,dewpoint,558.8,31.441
2020-10-01,27.83,36.12,20.92,49.13,0.0,2.39,21.27,95.98,59.86,15.34,JAI,26.91,75.79,arid,NASA_POWER_daily_ag,5.655,10.959,1.743,dewpoint,560.9,31.261
2020-10-02,26.77,35.92,19.15,41.25,0.0,2.3,21.37,96.04,60.24,11.28,JAI,26.91,75.79,arid,NASA_POWER_daily_ag,5.688,10.218,1.3373,dewpoint,554.5,31.08
2020-10-03,27.06,35.82,18.09,42.88,0.0,1.37,21.43,96.11,63.63,10.84,JAI,26.91,75.79,arid,NASA_POWER_daily_ag,4.835,10.149,1.2988,dewpoint,547.0,30.899
2020-10-04,26.75,36.05,19.51,41.45,0.0,1.29,21.29,96.16,62.6,10.58,JAI,26.91,75.79,arid,NASA_POWER_daily_ag,4.659,9.931,1.2765,dewpoint,541.6,30.718
2020-10-05,27.25,36.39,20.48,33.94,0.0,1.69,21.46,96.13,49.45,8.61,JAI,26.91,75.79,arid,NASA_POWER_daily_ag,5.221,9.511,1.1182,dewpoint,544.8,30.536
2020-10-06,27.86,36.26,20.64,35.73,0.0,1.46,21.96,96.18,46.47,10.43,JAI,26.91,75.79,arid,NASA_POWER_daily_ag,5.036,9.963,1.2638,dewpoint,539.5,30.354
2020-10-07,27.46,36.14,19.61,37.14,0.0,1.4,21.38,96.32,57.3,10.11,JAI,26.91,75.79,arid,NASA_POWER_daily_ag,4.855,9.695,1.237,dewpoint,524.5,30.172
2020-10-08,26.85,35.17,19.17,35.29,0.0,1.48,21.26,96.38,48.24,8.86,JAI,26.91,75.79,arid,NASA_POWER_daily_ag,4.873,9.429,1.1372,dewpoint,518.1,29.989
2020-10-09,27.39,35.68,21.13,36.91,0.0,1.41,20.45,96.37,54.8,10.25,JAI,26.91,75.79,arid,NASA_POWER_daily_ag,4.724,9.263,1.2487,dewpoint,519.2,29.807
2020-10-10,27.1,35.78,20.89,38.73,0.0,1.54,20.08,96.26,64.06,10.43,JAI,26.91,75.79,arid,NASA_POWER_daily_ag,4.775,9.128,1.2638,dewpoint,530.9,29.624
2020-10-11,27.3,35.8,19.76,32.83,0.0,1.49,19.94,96.09,58.88,8.2,JAI,26.91,75.79,arid,NASA_POWER_daily_ag,4.787,8.682,1.0875,dewpoint,549.1,29.442
2020-10-12,27.18,35.25,21.01,32.47,0.0,1.16,20.17,95.95,37.58,7.87,JAI,26.91,75.79,arid,NASA_POWER_daily_ag,4.35,8.612,1.0633,dewpoint,564.1,29.26
2020-10-13,26.1,35.34,18.76,35.46,0.0,1.51,19.09,96.01,50.46,7.98,JAI,26.91,75.79,arid,NASA_POWER_daily_ag,4.555,8.343,1.0713,dewpoint,557.7,29.078
2020-10-14,26.46,34.92,19.79,39.22,0.0,2.04,14.55,96.1,67.32,10.61,JAI,26.91,75.79,arid,NASA_POWER_daily_ag,4.663,7.242,1.2791,dewpoint,548.1,28.897
2020-10-15,26.75,33.89,21.79,43.75,0.0,2.17,14.54,96.15,71.51,13.01,JAI,26.91,75.79,arid,NASA_POWER_daily_ag,4.623,7.465,1.4988,dewpoint,542.7,28.715
2020-10-16,27.12,34.84,21.03,38.93,0.0,1.69,15.22,96.1,67.69,11.37,JAI,26.91,75.79,arid,NASA_POWER_daily_ag,4.391,7.438,1.3454,dewpoint,548.1,28.535
2020-10-17,27.46,34.16,21.73,42.57,0.0,2.01,15.23,96.19,62.27,13.21,JAI,26.91,75.79,arid,NASA_POWER_daily_ag,4.642,7.646,1.5185,dewpoint,538.4,28.355
2020-10-18,27.66,35.14,22.17,40.28,0.01,1.56,13.7,96.21,79.03,12.4,JAI,26.91,75.79,arid,NASA_POWER_daily_ag,4.106,6.95,1.44,dewpoint,536.3,28.176
2020-10-19,25.95,32.07,21.85,38.89,0.27,1.15,10.96,96.24,73.5,10.66,JAI,26.91,75.79,arid,NASA_POWER_daily_ag,3.27,5.947,1.2833,dewpoint,533.1,27.997
2020-10-20,26.72,34.26,20.25,31.16,0.0,1.18,15.6,96.18,55.72,6.97,JAI,26.91,75.79,arid,NASA_POWER_daily_ag,3.867,6.843,0.9998,dewpoint,539.5,27.82
2020-10-21,26.62,34.09,20.15,38.25,0.09,0.86,12.66,96.25,83.4,10.42,JAI,26.91,75.79,arid,NASA_POWER_daily_ag,3.129,6.367,1.263,dewpoint,532.0,27.643
2020-10-22,26.38,33.73,20.92,40.03,0.07,1.39,16.74,96.11,58.38,10.8,JAI,26.91,75.79,arid,NASA_POWER_daily_ag,4.044,7.595,1.2954,dewpoint,547.0,27.467
2020-10-23,25.74,33.86,18.31,36.53,0.0,1.1,17.9,96.12,49.83,8.68,JAI,26.91,75.79,arid,NASA_POWER_daily_ag,3.781,7.629,1.1235,dewpoint,545.9,27.293
2020-10-24,25.06,33.58,17.47,33.93,0.0,1.07,18.2,96.19,54.24,6.88,JAI,26.91,75.79,arid,NASA_POWER_daily_ag,3.702,7.408,0.9936,dewpoint,538.4,27.12
2020-10-25,24.89,33.26,17.13,31.49,0.0,1.59,17.5,96.44,63.84,6.1,JAI,26.91,75.79,arid,NASA_POWER_daily_ag,4.264,7.077,0.9416,dewpoint,511.7,26.948
2020-10-26,24.38,33.32,17.96,33.0,0.0,1.89,17.68,96.59,56.65,5.87,JAI,26.91,75.79,arid,NASA_POWER_daily_ag,4.517,6.987,0.9267,dewpoint,495.7,26.777
2020-10-27,22.39,31.59,15.41,28.09,0.0,1.44,16.63,96.58,20.27,1.66,JAI,26.91,75.79,arid,NASA_POWER_daily_ag,3.815,6.314,0.6887,dewpoint,496.8,26.608
2020-10-28,23.13,31.43,16.25,24.53,0.0,0.88,16.94,96.63,25.66,0.51,JAI,26.91,75.79,arid,NASA_POWER_daily_ag,3.168,6.144,0.6338,dewpoint,491.4,26.44
2020-10-29,22.19,31.49,14.57,28.7,0.0,1.44,16.42,96.68,46.3,2.16,JAI,26.91,75.79,arid,NASA_POWER_daily_ag,3.746,6.249,0.7138,dewpoint,486.1,26.274
2020-10-30,22.2,31.84,15.63,26.81,0.0,1.89,16.2,96.73,37.84,0.9,JAI,26.91,75.79,arid,NASA_POWER_daily_ag,4.263,5.937,0.652,dewpoint,480.8,26.11
2020-10-31,21.91,30.87,16.24,27.26,0.0,1.63,16.34,96.75,14.39,1.15,JAI,26.91,75.79,arid,NASA_POWER_daily_ag,3.912,5.953,0.6639,dewpoint,478.7,25.948
2020-11-01,21.51,30.08,16.09,24.16,0.0,1.83,16.46,96.81,19.99,-0.95,JAI,26.91,75.79,arid,NASA_POWER_daily_ag,4.148,5.708,0.5698,dewpoint,472.3,25.787
2020-11-02,22.31,31.03,17.06,21.62,0.0,1.27,18.7,96.86,10.1,-1.49,JAI,26.91,75.79,arid,NASA_POWER_daily_ag,3.605,5.805,0.5477,dewpoint,466.9,25.629
2020-11-03,22.57,31.37,16.99,21.0,0.0,1.48,18.52,96.77,7.92,-1.7,JAI,26.91,75.79,arid,NASA_POWER_daily_ag,3.886,5.664,0.5392,dewpoint,476.5,25.472
2020-11-04,22.79,31.56,17.4,20.57,0.0,1.26,18.45,96.66,8.97,-1.76,JAI,26.91,75.79,arid,NASA_POWER_daily_ag,3.584,5.545,0.5369,dewpoint,488.2,25.318
2020-11-05,23.13,31.12,16.16,20.98,0.0,1.16,17.68,96.77,25.95,-1.11,JAI,26.91,75.79,arid,NASA_POWER_daily_ag,3.458,5.55,0.5632,dewpoint,476.5,25.165
2020-11-06,22.66,31.26,14.18,22.4,0.0,1.35,16.74,97.0,41.25,-0.68,JAI,26.91,75.79,arid,NASA_POWER_daily_ag,3.637,5.488,0.5812,dewpoint,452.1,25.015
2020-11-07,22.86,32.13,16.2,22.7,0.0,1.12,16.08,97.1,36.12,-0.41,JAI,26.91,75.79,arid,NASA_POWER_daily_ag,3.267,5.23,0.5928,dewpoint,441.4,24.868
2020-11-08,22.17,31.61,14.33,25.36,0.0,1.03,14.93,97.14,29.55,0.14,JAI,26.91,75.79,arid,NASA_POWER_daily_ag,3.044,5.18,0.6171,dewpoint,437.2,24.722
2020-11-09,20.78,30.75,13.93,27.52,0.0,1.27,15.52,96.97,22.18,-0.01,JAI,26.91,75.79,arid,NASA_POWER_daily_ag,3.231,5.254,0.6104,dewpoint,455.2,24.58
2020-11-10,20.12,29.13,14.71,32.14,0.0,1.37,12.78,96.86,10.44,2.18,JAI,26.91,75.79,arid,NASA_POWER_daily_ag,3.101,5.048,0.7148,dewpoint,466.9,24.439
2020-11-11,18.93,26.63,12.86,36.65,0.0,1.76,11.86,97.02,2.95,3.29,JAI,26.91,75.79,arid,NASA_POWER_daily_ag,3.243,5.064,0.7735,dewpoint,449.9,24.302
2020-11-12,19.7,27.52,13.21,40.63,0.0,1.46,13.3,97.15,10.84,5.23,JAI,26.91,75.79,arid,NASA_POWER_daily_ag,3.035,5.456,0.8864,dewpoint,436.1,24.167
2020-11-13,20.91,28.67,13.6,41.36,0.0,1.09,13.8,97.03,13.5,6.6,JAI,26.91,75.79,arid,NASA_POWER_daily_ag,2.793,5.625,0.9747,dewpoint,448.9,24.035
2020-11-14,21.64,29.78,14.3,41.27,0.0,1.45,14.19,96.78,19.38,7.43,JAI,26.91,75.79,arid,NASA_POWER_daily_ag,3.193,5.712,1.0318,dewpoint,475.5,23.905
2020-11-15,21.94,29.04,16.43,61.83,5.82,2.26,12.07,96.68,46.26,13.92,JAI,26.91,75.79,arid,NASA_POWER_daily_ag,3.095,5.894,1.5903,dewpoint,486.1,23.779
2020-11-16,21.4,28.7,16.32,65.98,0.31,1.2,10.24,96.78,37.07,13.47,JAI,26.91,75.79,arid,NASA_POWER_daily_ag,2.321,5.269,1.5444,dewpoint,475.5,23.656
2020-11-17,19.04,26.38,13.36,63.72,0.0,1.55,9.77,96.78,34.45,11.19,JAI,26.91,75.79,arid,NASA_POWER_daily_ag,2.332,5.011,1.3294,dewpoint,475.5,23.535
2020-11-18,19.16,26.01,12.98,52.33,0.0,1.31,12.3,96.61,18.54,8.75,JAI,26.91,75.79,arid,NASA_POWER_daily_ag,2.553,5.448,1.1288,dewpoint,493.6,23.418
2020-11-19,18.37,25.82,13.22,46.59,0.0,1.65,11.42,96.65,21.77,6.2,JAI,26.91,75.79,arid,NASA_POWER_daily_ag,2.792,4.967,0.9481,dewpoint,489.3,23.303
2020-11-20,17.01,25.44,10.68,33.17,0.0,1.65,13.0,96.88,8.58,-0.19,JAI,26.91,75.79,arid,NASA_POWER_daily_ag,3.031,4.715,0.6024,dewpoint,464.8,23.192
2020-11-21,16.51,25.55,9.89,37.13,0.0,1.58,15.3,96.95,4.88,0.68,JAI,26.91,75.79,arid,NASA_POWER_daily_ag,2.934,5.125,0.6417,dewpoint,457.4,23.084
2020-11-22,17.83,26.15,11.81,30.62,0.0,0.97,15.28,96.96,21.64,-0.92,JAI,26.91,75.79,arid,NASA_POWER_daily_ag,2.498,4.778,0.5711,dewpoint,456.3,22.98
2020-11-23,17.33,26.35,10.99,32.99,0.0,1.53,15.74,96.92,4.01,0.0,JAI,26.91,75.79,arid,NASA_POWER_daily_ag,3.002,4.929,0.6108,dewpoint,460.6,22.879
2020-11-24,17.53,26.52,9.8,37.23,0.0,1.96,14.68,96.83,36.2,1.92,JAI,26.91,75.79,arid,NASA_POWER_daily_ag,3.285,5.015,0.7016,dewpoint,470.1,22.781
2020-11-25,18.47,25.26,13.37,38.19,2.04,2.7,12.28,96.83,87.36,3.66,JAI,26.91,75.79,arid,NASA_POWER_daily_ag,3.784,4.716,0.794,dewpoint,470.1,22.687
2020-11-26,16.78,24.35,10.84,47.2,0.61,2.34,12.01,97.15,36.84,4.9,JAI,26.91,75.79,arid,NASA_POWER_daily_ag,3.08,4.856,0.8662,dewpoint,436.1,22.596
2020-11-27,16.34,25.79,9.8,47.68,0.0,2.42,15.36,97.38,7.22,3.58,JAI,26.91,75.79,arid,NASA_POWER_daily_ag,3.275,5.245,0.7895,dewpoint,411.7,22.508
2020-11-28,16.86,26.1,8.84,41.58,0.0,1.59,16.37,97.26,5.31,2.25,JAI,26.91,75.79,arid,NASA_POWER_daily_ag,2.904,5.216,0.7184,dewpoint,424.4,22.425
2020-11-29,18.95,27.72,11.19,30.78,0.0,0.66,16.09,97.09,1.33,0.29,JAI,26.91,75.79,arid,NASA_POWER_daily_ag,2.162,4.674,0.6238,dewpoint,442.5,22.345
2020-11-30,19.4,28.05,11.94,31.56,0.0,0.8,15.34,97.0,5.54,0.7,JAI,26.91,75.79,arid,NASA_POWER_daily_ag,2.325,4.56,0.6426,dewpoint,452.1,22.268
2020-12-01,19.6,29.45,12.21,26.36,0.0,1.06,15.12,97.01,1.72,-1.21,JAI,26.91,75.79,arid,NASA_POWER_daily_ag,2.631,4.178,0.5591,dewpoint,451.0,22.195
2020-12-02,20.21,29.88,14.34,28.62,0.0,1.25,15.46,96.89,2.67,0.52,JAI,26.91,75.79,arid,NASA_POWER_daily_ag,2.872,4.274,0.6343,dewpoint,463.8,22.126
2020-12-03,21.36,30.04,14.74,25.69,0.0,1.07,15.71,96.75,3.83,-0.05,JAI,26.91,75.79,arid,NASA_POWER_daily_ag,2.757,4.16,0.6086,dewpoint,478.7,22.061
2020-12-04,21.84,30.95,13.48,24.46,0.0,1.47,15.66,96.59,7.75,-0.38,JAI,26.91,75.79,arid,NASA_POWER_daily_ag,3.32,4.095,0.5941,dewpoint,495.7,21.999
2020-12-05,21.41,30.09,14.4,27.87,0.0,1.41,15.3,96.63,4.97,1.33,JAI,26.91,75.79,arid,NASA_POWER_daily_ag,3.155,4.276,0.6725,dewpoint,491.4,21.942
2020-12-06,21.09,30.23,15.88,32.41,0.0,1.35,15.06,96.86,2.72,3.17,JAI,26.91,75.79,arid,NASA_POWER_daily_ag,2.979,4.405,0.767,dewpoint,466.9,21.888
2020-12-07,20.42,29.56,12.71,32.26,0.0,1.41,14.55,97.03,4.37,2.54,JAI,26.91,75.79,arid,NASA_POWER_daily_ag,3.004,4.41,0.7334,dewpoint,448.9,21.838
2020-12-08,20.38,29.0,13.2,37.47,0.0,1.57,14.53,97.0,2.1,4.81,JAI,26.91,75.79,arid,NASA_POWER_daily_ag,3.08,4.704,0.8608,dewpoint,452.1,21.792
2020-12-09,21.29,29.92,14.0,41.38,0.0,1.12,14.66,96.82,1.03,6.55,JAI,26.91,75.79,arid,NASA_POWER_daily_ag,2.678,4.887,0.9713,dewpoint,471.2,21.75
2020-12-10,20.73,28.84,13.54,42.91,0.0,0.93,14.25,96.74,1.35,6.73,JAI,26.91,75.79,arid,NASA_POWER_daily_ag,2.42,4.903,0.9834,dewpoint,479.7,21.712
2020-12-11,19.82,26.14,14.45,52.1,0.0,2.4,7.61,96.75,63.8,9.38,JAI,26.91,75.79,arid,NASA_POWER_daily_ag,2.965,3.982,1.1779,dewpoint,478.7,21.678
2020-12-12,18.54,25.32,13.41,62.31,0.0,1.84,12.71,96.79,4.27,10.04,JAI,26.91,75.79,arid,NASA_POWER_daily_ag,2.571,5.177,1.2313,dewpoint,474.4,21.648
2020-12-13,16.03,23.47,10.68,51.74,0.0,1.97,11.5,96.78,8.05,5.43,JAI,26.91,75.79,arid,NASA_POWER_daily_ag,2.593,4.549,0.8988,dewpoint,475.5,21.621
2020-12-14,15.04,23.14,8.41,41.45,0.0,1.37,11.13,96.86,3.56,1.55,JAI,26.91,75.79,arid,NASA_POWER_daily_ag,2.31,4.214,0.6832,dewpoint,466.9,21.599
2020-12-15,13.86,20.96,8.09,39.74,0.0,1.74,9.86,97.03,6.43,0.14,JAI,26.91,75.79,arid,NASA_POWER_daily_ag,2.475,4.007,0.6171,dewpoint,448.9,21.581
2020-12-16,13.6,22.02,7.43,40.24,0.0,2.06,12.9,97.28,3.92,-0.12,JAI,26.91,75.79,arid,NASA_POWER_daily_ag,2.736,4.35,0.6055,dewpoint,422.3,21.567
2020-12-17,11.42,20.3,5.41,29.86,0.0,2.09,14.78,97.26,3.26,-6.96,JAI,26.91,75.79,arid,NASA_POWER_daily_ag,2.849,4.049,0.3625,dewpoint,424.4,21.557
2020-12-18,12.09,21.94,3.94,28.82,0.0,1.73,15.8,97.14,2.58,-6.61,JAI,26.91,75.79,arid,NASA_POWER_daily_ag,2.676,4.137,0.3724,dewpoint,437.2,21.551
2020-12-19,14.55,25.77,6.74,26.1,0.0,1.53,15.66,97.2,4.1,-6.01,JAI,26.91,75.79,arid,NASA_POWER_daily_ag,2.72,3.81,0.3899,dewpoint,430.8,21.549
2020-12-20,16.48,25.72,8.14,26.11,0.0,1.25,14.02,97.24,32.71,-3.9,JAI,26.91,75.79,arid,NASA_POWER_daily_ag,2.577,3.878,0.4577,dewpoint,426.6,21.551
2020-12-21,16.5,24.81,8.8,28.15,0.0,1.33,13.93,97.0,45.79,-2.84,JAI,26.91,75.79,arid,NASA_POWER_daily_ag,2.645,4.006,0.4955,dewpoint,452.1,21.558
2020-12-22,17.2,26.04,9.46,25.7,0.0,1.11,12.39,96.84,56.41,-3.41,JAI,26.91,75.79,arid,NASA_POWER_daily_ag,2.447,3.772,0.4748,dewpoint,469.1,21.568
2020-12-23,15.53,24.97,8.57,29.37,0.0,1.88,14.26,96.74,12.69,-2.88,JAI,26.91,75.79,arid,NASA_POWER_daily_ag,3.047,4.048,0.494,dewpoint,479.7,21.582
2020-12-24,15.01,23.61,8.27,35.28,0.0,1.81,13.65,96.8,5.29,-0.75,JAI,26.91,75.79,arid,NASA_POWER_daily_ag,2.822,4.299,0.5783,dewpoint,473.3,21.601
2020-12-25,15.53,24.69,8.39,32.43,0.0,1.24,13.45,96.93,7.12,-1.53,JAI,26.91,75.79,arid,NASA_POWER_daily_ag,2.419,4.151,0.546,dewpoint,459.5,21.623
2020-12-26,15.97,25.1,9.7,33.06,0.0,1.42,13.13,96.85,10.17,-0.75,JAI,26.91,75.79,arid,NASA_POWER_daily_ag,2.592,4.142,0.5783,dewpoint,468.0,21.649
2020-12-27,15.47,24.89,9.01,36.34,0.0,2.59,13.47,96.6,7.49,-0.28,JAI,26.91,75.79,arid,NASA_POWER_daily_ag,3.419,4.279,0.5985,dewpoint,494.6,21.68
2020-12-28,11.26,20.68,3.86,23.27,0.0,1.71,16.07,96.84,1.71,-9.56,JAI,26.91,75.79,arid,NASA_POWER_daily_ag,2.67,4.039,0.2958,dewpoint,469.1,21.714
2020-12-29,11.4,20.76,5.22,32.34,0.0,1.64,15.99,97.0,2.48,-6.05,JAI,26.91,75.79,arid,NASA_POWER_daily_ag,2.522,4.324,0.3888,dewpoint,452.1,21.753
2020-12-30,10.94,20.2,3.96,38.28,0.0,1.59,15.13,97.12,2.62,-4.28,JAI,26.91,75.79,arid,NASA_POWER_daily_ag,2.368,4.531,0.4448,dewpoint,439.3,21.795
2020-12-31,11.67,21.13,4.59,32.86,0.0,1.3,13.09,97.06,5.89,-5.44,JAI,26.91,75.79,arid,NASA_POWER_daily_ag,2.231,4.16,0.4073,dewpoint,445.7,21.842
2021-01-01,13.33,21.34,6.57,37.33,0.0,2.26,9.26,96.9,9.49,-1.17,JAI,26.91,75.79,arid,NASA_POWER_daily_ag,2.829,3.953,0.5607,dewpoint,462.7,21.842
2021-01-02,16.19,22.68,12.2,63.5,0.68,3.19,7.6,96.72,36.4,8.94,JAI,26.91,75.79,arid,NASA_POWER_daily_ag,2.546,4.072,1.1434,dewpoint,481.8,21.892
2021-01-03,17.59,26.51,12.59,69.35,1.35,2.26,8.81,96.53,33.87,10.11,JAI,26.91,75.79,arid,NASA_POWER_daily_ag,2.388,4.368,1.237,dewpoint,502.1,21.946
2021-01-04,15.98,20.72,12.78,85.97,12.29,3.75,6.52,96.71,73.4,13.49,JAI,26.91,75.79,arid,NASA_POWER_daily_ag,1.494,4.005,1.5465,dewpoint,482.9,22.005
2021-01-05,17.02,22.16,14.13,81.4,8.67,2.23,8.73,96.7,41.85,13.55,JAI,26.91,75.79,arid,NASA_POWER_daily_ag,1.721,4.656,1.5525,dewpoint,484.0,22.067
2021-01-06,14.67,22.33,9.96,72.08,0.07,1.84,10.72,96.79,20.29,8.86,JAI,26.91,75.79,arid,NASA_POWER_daily_ag,1.942,4.899,1.1372,dewpoint,474.4,22.133
2021-01-07,14.23,21.8,7.25,68.8,0.03,1.39,7.59,96.72,50.03,7.78,JAI,26.91,75.79,arid,NASA_POWER_daily_ag,1.682,4.142,1.0568,dewpoint,481.8,22.202
2021-01-08,14.15,20.6,9.75,77.5,0.2,1.36,3.74,96.63,89.83,9.99,JAI,26.91,75.79,arid,NASA_POWER_daily_ag,1.223,3.204,1.2271,dewpoint,491.4,22.276
2021-01-09,14.9,20.62,10.79,78.74,0.13,1.59,3.88,96.79,92.28,10.96,JAI,26.91,75.79,arid,NASA_POWER_daily_ag,1.285,3.243,1.3092,dewpoint,474.4,22.353
2021-01-10,13.81,21.41,8.45,58.94,0.0,1.85,10.32,96.84,32.83,5.74,JAI,26.91,75.79,arid,NASA_POWER_daily_ag,2.135,4.685,0.9184,dewpoint,469.1,22.434
2021-01-11,12.46,21.78,6.33,45.84,0.0,1.91,14.75,96.96,7.52,0.12,JAI,26.91,75.79,arid,NASA_POWER_daily_ag,2.577,5.074,0.6162,dewpoint,456.3,22.519
2021-01-12,13.07,23.14,6.11,39.74,0.0,1.64,16.57,96.99,4.66,-1.51,JAI,26.91,75.79,arid,NASA_POWER_daily_ag,2.64,5.136,0.5468,dewpoint,453.1,22.607
2021-01-13,14.26,22.99,7.52,32.08,0.0,1.0,16.91,96.88,4.7,-3.34,JAI,26.91,75.79,arid,NASA_POWER_daily_ag,2.318,4.943,0.4773,dewpoint,464.8,22.699
2021-01-14,15.65,24.54,9.15,31.33,0.0,0.85,15.96,96.82,47.35,-2.06,JAI,26.91,75.79,arid,NASA_POWER_daily_ag,2.232,4.856,0.5251,dewpoint,471.2,22.794
2021-01-15,16.05,24.94,8.97,32.08,0.0,1.08,16.57,96.67,14.1,-1.69,JAI,26.91,75.79,arid,NASA_POWER_daily_ag,2.524,5.013,0.5396,dewpoint,487.2,22.893
2021-01-16,15.76,26.89,8.99,34.99,0.0,1.27,15.98,96.56,3.42,-0.96,JAI,26.91,75.79,arid,NASA_POWER_daily_ag,2.627,4.966,0.5694,dewpoint,498.9,22.996
2021-01-17,14.42,23.84,7.15,42.02,0.0,2.64,12.99,96.62,2.82,0.91,JAI,26.91,75.79,arid,NASA_POWER_daily_ag,3.248,4.964,0.6525,dewpoint,492.5,23.102
2021-01-18,15.27,23.72,9.51,47.0,0.0,2.4,11.38,96.7,8.37,3.69,JAI,26.91,75.79,arid,NASA_POWER_daily_ag,2.954,4.872,0.7957,dewpoint,484.0,23.211
2021-01-19,15.01,24.32,8.28,48.2,0.0,1.52,13.14,96.68,3.12,3.49,JAI,26.91,75.79,arid,NASA_POWER_daily_ag,2.493,5.255,0.7845,dewpoint,486.1,23.323
2021-01-20,15.23,26.24,8.45,45.49,0.0,1.64,15.46,96.78,3.26,1.96,JAI,26.91,75.79,arid,NASA_POWER_daily_ag,2.776,5.477,0.7036,dewpoint,475.5,23.439
2021-01-21,15.99,26.4,7.51,37.24,0.0,2.16,17.03,96.7,3.97,-0.05,JAI,26.91,75.79,arid,NASA_POWER_daily_ag,3.457,5.574,0.6086,dewpoint,484.0,23.558
2021-01-22,16.32,26.53,8.1,38.81,0.0,1.8,16.99,96.62,3.43,1.27,JAI,26.91,75.79,arid,NASA_POWER_daily_ag,3.177,5.762,0.6696,dewpoint,492.5,23.68
2021-01-23,15.94,26.9,8.75,41.58,0.0,2.34,15.88,96.49,3.47,2.1,JAI,26.91,75.79,arid,NASA_POWER_daily_ag,3.389,5.676,0.7107,dewpoint,506.4,23.806
2021-01-24,12.22,21.9,5.58,38.98,0.0,2.37,16.16,96.84,12.92,-3.05,JAI,26.91,75.79,arid,NASA_POWER_daily_ag,3.159,5.568,0.4878,dewpoint,469.1,23.934
2021-01-25,11.37,21.22,3.66,46.75,0.0,1.69,16.62,97.02,16.81,-0.74,JAI,26.91,75.79,arid,NASA_POWER_daily_ag,2.544,6.069,0.5787,dewpoint,449.9,24.065
2021-01-26,12.18,21.57,5.12,41.72,0.0,1.5,17.06,96.99,6.47,-1.62,JAI,26.91,75.79,arid,NASA_POWER_daily_ag,2.607,6.028,0.5424,dewpoint,453.1,24.199
2021-01-27,13.46,22.25,6.79,41.29,0.0,1.01,17.44,96.97,3.68,-0.63,JAI,26.91,75.79,arid,NASA_POWER_daily_ag,2.4,6.162,0.5834,dewpoint,455.2,24.336
2021-01-28,13.41,22.26,6.51,38.95,0.0,1.18,17.23,97.01,3.07,-1.29,JAI,26.91,75.79,arid,NASA_POWER_daily_ag,2.544,6.111,0.5558,dewpoint,451.0,24.476
2021-01-29,13.21,23.62,6.68,32.51,0.0,1.25,17.57,97.1,3.49,-4.44,JAI,26.91,75.79,arid,NASA_POWER_daily_ag,2.657,5.787,0.4394,dewpoint,441.4,24.619
2021-01-30,14.59,24.94,8.19,26.78,0.0,1.44,17.9,96.99,13.62,-5.69,JAI,26.91,75.79,arid,NASA_POWER_daily_ag,3.011,5.614,0.3996,dewpoint,453.1,24.764
2021-01-31,16.54,25.99,8.59,25.21,0.0,1.29,18.32,96.97,6.8,-4.91,JAI,26.91,75.79,arid,NASA_POWER_daily_ag,3.095,5.745,0.4241,dewpoint,455.2,24.912
2021-02-01,18.08,27.67,9.82,22.83,0.0,1.36,18.23,97.11,2.33,-4.64,JAI,26.91,75.79,arid,NASA_POWER_daily_ag,3.322,5.659,0.4328,dewpoint,440.4,25.062
2021-02-02,18.33,28.91,8.97,26.16,0.0,1.71,18.44,96.92,2.58,-2.62,JAI,26.91,75.79,arid,NASA_POWER_daily_ag,3.71,5.978,0.5037,dewpoint,460.6,25.214
2021-02-03,18.93,28.7,11.64,31.13,0.0,1.88,16.6,96.75,26.89,0.58,JAI,26.91,75.79,arid,NASA_POWER_daily_ag,3.773,6.012,0.6371,dewpoint,478.7,25.369
2021-02-04,18.15,26.94,12.09,32.12,0.01,2.31,16.09,96.78,29.97,0.18,JAI,26.91,75.79,arid,NASA_POWER_daily_ag,4.041,5.994,0.6188,dewpoint,475.5,25.527
2021-02-05,15.27,24.11,8.25,48.62,0.0,2.06,17.13,96.96,4.84,2.9,JAI,26.91,75.79,arid,NASA_POWER_daily_ag,3.259,6.883,0.7524,dewpoint,456.3,25.686
2021-02-06,15.01,24.54,7.55,38.03,0.0,1.75,18.78,97.08,2.98,-0.55,JAI,26.91,75.79,arid,NASA_POWER_daily_ag,3.31,6.897,0.5868,dewpoint,443.6,25.848
2021-02-07,16.4,26.25,9.5,34.59,0.0,1.43,19.4,97.06,3.13,-0.57,JAI,26.91,75.79,arid,NASA_POWER_daily_ag,3.267,6.899,0.5859,dewpoint,445.7,26.011
2021-02-08,18.18,28.24,10.26,31.94,0.0,1.12,19.13,97.03,3.92,-0.28,JAI,26.91,75.79,arid,NASA_POWER_daily_ag,3.161,6.796,0.5985,dewpoint,448.9,26.177
2021-02-09,19.82,30.19,12.71,26.98,0.0,1.51,19.33,96.73,21.65,-1.34,JAI,26.91,75.79,arid,NASA_POWER_daily_ag,3.768,6.53,0.5537,dewpoint,480.8,26.344
2021-02-10,20.15,30.33,13.97,23.44,0.0,1.94,19.33,96.6,21.37,-2.56,JAI,26.91,75.79,arid,NASA_POWER_daily_ag,4.311,6.371,0.5059,dewpoint,494.6,26.513
2021-02-11,19.07,30.01,10.44,28.83,0.0,1.35,19.74,96.64,9.38,-1.68,JAI,26.91,75.79,arid,NASA_POWER_daily_ag,3.585,6.838,0.54,dewpoint,490.4,26.684
2021-02-12,18.89,27.27,12.57,31.57,0.0,1.49,17.58,96.75,40.32,0.33,JAI,26.91,75.79,arid,NASA_POWER_daily_ag,3.586,6.765,0.6256,dewpoint,478.7,26.857
2021-02-13,19.65,29.38,12.27,27.47,0.0,1.53,16.18,96.73,21.05,-0.83,JAI,26.91,75.79,arid,NASA_POWER_daily_ag,3.688,6.314,0.5749,dewpoint,480.8,27.031
2021-02-14,19.79,29.24,10.91,28.09,0.0,1.38,18.75,96.68,1.81,-0.25,JAI,26.91,75.79,arid,NASA_POWER_daily_ag,3.694,7.052,0.5998,dewpoint,486.1,27.206
2021-02-15,20.26,28.61,10.98,29.14,0.0,1.39,15.94,96.52,43.39,0.37,JAI,26.91,75.79,arid,NASA_POWER_daily_ag,3.618,6.584,0.6274,dewpoint,503.2,27.383
2021-02-16,20.94,30.61,11.73,28.42,0.0,1.69,17.9,96.47,27.21,0.71,JAI,26.91,75.79,arid,NASA_POWER_daily_ag,4.124,7.009,0.6431,dewpoint,508.5,27.561
2021-02-17,20.32,29.57,13.2,27.83,0.0,1.36,18.25,96.66,3.67,-0.63,JAI,26.91,75.79,arid,NASA_POWER_daily_ag,3.74,6.976,0.5834,dewpoint,488.2,27.741
2021-02-18,19.36,29.41,11.22,28.18,0.0,1.64,19.27,96.92,2.6,-0.82,JAI,26.91,75.79,arid,NASA_POWER_daily_ag,4.007,7.335,0.5753,dewpoint,460.6,27.921
2021-02-19,19.33,28.83,11.45,24.98,0.0,1.5,19.66,97.15,1.79,-2.39,JAI,26.91,75.79,arid,NASA_POWER_daily_ag,3.934,7.312,0.5124,dewpoint,436.1,28.102
2021-02-20,19.76,29.84,11.15,23.39,0.0,1.16,20.24,97.15,3.76,-3.03,JAI,26.91,75.79,arid,NASA_POWER_daily_ag,3.643,7.384,0.4885,dewpoint,436.1,28.285
2021-02-21,20.72,31.62,12.86,19.31,0.0,1.4,20.42,97.03,3.91,-4.75,JAI,26.91,75.79,arid,NASA_POWER_daily_ag,4.042,7.089,0.4292,dewpoint,448.9,28.468
2021-02-22,22.87,32.56,14.72,18.14,0.0,1.51,21.01,96.87,3.59,-3.92,JAI,26.91,75.79,arid,NASA_POWER_daily_ag,4.459,7.226,0.457,dewpoint,465.9,28.652
2021-02-23,24.21,33.65,17.01,15.47,0.0,1.44,21.19,96.63,4.75,-4.21,JAI,26.91,75.79,arid,NASA_POWER_daily_ag,4.504,7.11,0.4471,dewpoint,491.4,28.837
2021-02-24,24.78,34.18,14.84,18.13,0.0,1.37,21.04,96.47,8.77,-1.97,JAI,26.91,75.79,arid,NASA_POWER_daily_ag,4.507,7.549,0.5286,dewpoint,508.5,29.022
2021-02-25,23.86,33.61,15.48,24.04,0.0,2.37,21.56,96.41,4.25,1.05,JAI,26.91,75.79,arid,NASA_POWER_daily_ag,5.63,8.18,0.6591,dewpoint,514.9,29.207
2021-02-26,25.1,34.95,16.08,26.0,0.0,2.5,21.58,96.2,7.34,3.42,JAI,26.91,75.79,arid,NASA_POWER_daily_ag,5.914,8.527,0.7807,dewpoint,537.4,29.393
2021-02-27,25.61,34.36,18.5,28.34,0.0,3.01,21.05,96.11,3.49,5.05,JAI,26.91,75.79,arid,NASA_POWER_daily_ag,6.43,8.643,0.8754,dewpoint,547.0,29.58
2021-02-28,23.25,32.07,16.23,23.1,0.0,2.45,21.48,96.35,3.74,-0.22,JAI,26.91,75.79,arid,NASA_POWER_daily_ag,5.707,8.248,0.6011,dewpoint,521.3,29.766
2021-03-01,22.19,32.15,13.92,16.2,0.0,2.26,21.61,96.7,42.54,-5.04,JAI,26.91,75.79,arid,NASA_POWER_daily_ag,5.492,7.822,0.4199,dewpoint,484.0,29.953
2021-03-02,21.52,31.55,13.16,19.1,0.0,2.4,22.73,96.86,53.12,-4.62,JAI,26.91,75.79,arid,NASA_POWER_daily_ag,5.612,8.268,0.4335,dewpoint,466.9,30.14
2021-03-03,24.59,33.98,15.39,13.64,0.0,1.36,22.48,96.58,38.61,-6.13,JAI,26.91,75.79,arid,NASA_POWER_daily_ag,4.679,7.817,0.3864,dewpoint,496.8,30.326
2021-03-04,25.38,35.16,18.05,12.91,0.0,1.12,22.98,96.48,34.86,-5.75,JAI,26.91,75.79,arid,NASA_POWER_daily_ag,4.373,7.806,0.3978,dewpoint,507.4,30.513
2021-03-05,23.76,33.29,15.83,15.34,0.0,2.73,22.84,96.58,40.05,-5.41,JAI,26.91,75.79,arid,NASA_POWER_daily_ag,6.438,8.161,0.4082,dewpoint,496.8,30.699
2021-03-06,26.22,36.1,16.67,16.28,0.0,2.08,22.49,96.46,50.76,-2.1,JAI,26.91,75.79,arid,NASA_POWER_daily_ag,5.937,8.374,0.5235,dewpoint,509.6,30.885
2021-03-07,26.75,36.65,18.33,23.49,0.0,2.69,22.11,96.24,47.12,2.76,JAI,26.91,75.79,arid,NASA_POWER_daily_ag,6.645,8.965,0.745,dewpoint,533.1,31.071
2021-03-08,27.38,36.29,20.63,27.63,0.0,2.39,20.38,96.34,74.54,6.38,JAI,26.91,75.79,arid,NASA_POWER_daily_ag,6.123,9.019,0.96,dewpoint,522.4,31.256
2021-03-09,26.56,35.44,19.59,26.44,0.26,1.34,22.52,96.46,57.55,4.71,JAI,26.91,75.79,arid,NASA_POWER_daily_ag,4.94,9.528,0.8548,dewpoint,509.6,31.441
2021-03-10,25.69,34.26,17.95,30.9,0.29,1.93,20.98,96.55,66.29,5.73,JAI,26.91,75.79,arid,NASA_POWER_daily_ag,5.436,9.418,0.9178,dewpoint,500.0,31.625
2021-03-11,26.51,35.4,18.18,25.83,0.0,2.7,22.0,96.56,58.31,4.28,JAI,26.91,75.79,arid,NASA_POWER_daily_ag,6.611,9.494,0.8294,dewpoint,498.9,31.808
2021-03-12,25.83,34.24,19.23,35.03,2.22,2.52,16.79,96.69,86.67,7.85,JAI,26.91,75.79,arid,NASA_POWER_daily_ag,5.626,8.389,1.0619,dewpoint,485.0,31.991
2021-03-13,24.67,32.55,16.58,47.23,0.02,2.17,22.9,96.84,56.08,11.36,JAI,26.91,75.79,arid,NASA_POWER_daily_ag,5.389,11.341,1.3445,dewpoint,469.1,32.173
2021-03-14,26.21,34.41,18.57,35.37,0.0,1.36,22.57,96.59,68.65,8.42,JAI,26.91,75.79,arid,NASA_POWER_daily_ag,4.988,10.569,1.1038,dewpoint,495.7,32.354
2021-03-15,25.56,33.6,19.05,32.37,0.0,1.64,21.78,96.5,64.18,6.69,JAI,26.91,75.79,arid,NASA_POWER_daily_ag,5.19,10.084,0.9807,dewpoint,505.3,32.533
2021-03-16,26.68,35.5,18.86,24.55,0.0,1.44,20.9,96.52,76.53,3.37,JAI,26.91,75.79,arid,NASA_POWER_daily_ag,5.092,9.283,0.7779,dewpoint,503.2,32.712
2021-03-17,27.1,35.5,19.66,25.22,0.0,1.9,17.61,96.36,95.2,4.49,JAI,26.91,75.79,arid,NASA_POWER_daily_ag,5.468,8.443,0.8417,dewpoint,520.3,32.89
2021-03-18,27.69,36.13,19.96,27.03,0.07,2.23,17.72,96.35,90.64,6.15,JAI,26.91,75.79,arid,NASA_POWER_daily_ag,5.922,8.674,0.9449,dewpoint,521.3,33.066
2021-03-19,27.72,35.04,21.01,30.72,0.29,2.43,21.13,96.36,63.81,7.97,JAI,26.91,75.79,arid,NASA_POWER_daily_ag,6.377,10.121,1.0706,dewpoint,520.3,33.241
2021-03-20,27.48,35.85,20.15,21.88,0.0,1.94,22.53,96.27,61.96,3.03,JAI,26.91,75.79,arid,NASA_POWER_daily_ag,6.067,9.873,0.7594,dewpoint,529.9,33.415
2021-03-21,27.9,36.89,19.9,21.23,0.0,2.02,22.05,96.16,67.97,2.71,JAI,26.91,75.79,arid,NASA_POWER_daily_ag,6.215,9.696,0.7423,dewpoint,541.6,33.587
2021-03-22,28.71,35.86,22.72,23.02,0.54,1.86,18.19,96.33,81.91,5.21,JAI,26.91,75.79,arid,NASA_POWER_daily_ag,5.727,8.808,0.8852,dewpoint,523.5,33.758
2021-03-23,27.96,35.53,21.24,26.35,0.08,1.9,17.39,96.54,74.98,5.91,JAI,26.91,75.79,arid,NASA_POWER_daily_ag,5.588,8.716,0.9293,dewpoint,501.0,33.927
2021-03-24,25.36,33.19,18.44,28.24,2.27,2.05,23.63,96.69,69.33,4.57,JAI,26.91,75.79,arid,NASA_POWER_daily_ag,5.984,10.875,0.8465,dewpoint,485.0,34.095
2021-03-25,24.09,32.92,15.42,25.25,0.0,2.52,22.64,96.73,79.86,1.48,JAI,26.91,75.79,arid,NASA_POWER_daily_ag,6.332,10.302,0.6798,dewpoint,480.8,34.261
2021-03-26,25.33,34.4,17.27,29.26,0.08,2.04,24.2,96.57,64.33,4.83,JAI,26.91,75.79,arid,NASA_POWER_daily_ag,6.03,11.201,0.862,dewpoint,497.8,34.426
2021-03-27,28.32,37.59,21.22,23.8,0.0,1.59,23.91,96.32,66.34,4.47,JAI,26.91,75.79,arid,NASA_POWER_daily_ag,5.884,10.749,0.8406,dewpoint,524.5,34.589
2021-03-28,29.43,40.27,19.2,19.36,0.0,1.9,24.22,96.08,63.62,1.93,JAI,26.91,75.79,arid,NASA_POWER_daily_ag,6.549,10.444,0.7021,dewpoint,550.2,34.749
2021-03-29,31.12,41.64,21.53,16.25,0.0,3.17,25.08,95.87,59.46,1.16,JAI,26.91,75.79,arid,NASA_POWER_daily_ag,8.731,10.43,0.6643,dewpoint,572.7,34.909
2021-03-30,29.82,39.45,21.77,17.77,0.0,5.43,23.75,95.67,57.12,-0.49,JAI,26.91,75.79,arid,NASA_POWER_daily_ag,11.107,9.993,0.5894,dewpoint,594.2,35.066
2021-03-31,27.74,38.74,18.17,12.08,0.0,2.3,25.92,95.71,42.09,-6.05,JAI,26.91,75.79,arid,NASA_POWER_daily_ag,7.127,10.106,0.3888,dewpoint,589.9,35.221
2021-04-01,27.11,37.65,17.3,8.57,0.0,2.73,26.01,95.81,51.3,-9.75,JAI,26.91,75.79,arid,NASA_POWER_daily_ag,7.702,9.862,0.2914,dewpoint,579.1,35.374
2021-04-02,27.06,37.38,17.69,8.47,0.0,2.02,25.7,95.94,48.15,-9.52,JAI,26.91,75.79,arid,NASA_POWER_daily_ag,6.656,9.864,0.2968,dewpoint,565.2,35.526
2021-04-03,27.37,36.92,17.47,9.44,0.0,1.84,24.73,96.18,63.66,-8.12,JAI,26.91,75.79,arid,NASA_POWER_daily_ag,6.391,9.875,0.3313,dewpoint,539.5,35.675
2021-04-04,29.08,38.89,17.72,8.19,0.0,1.96,25.85,96.26,61.58,-8.28,JAI,26.91,75.79,arid,NASA_POWER_daily_ag,6.882,10.035,0.3271,dewpoint,530.9,35.822
2021-04-05,30.7,40.43,21.62,13.23,0.0,2.83,24.91,96.13,59.0,-0.82,JAI,26.91,75.79,arid,NASA_POWER_daily_ag,8.318,10.506,0.5753,dewpoint,544.8,35.967
2021-04-06,31.83,40.61,23.77,17.36,0.0,4.55,25.62,96.04,55.09,3.37,JAI,26.91,75.79,arid,NASA_POWER_daily_ag,10.724,11.305,0.7779,dewpoint,554.5,36.11
2021-04-07,29.6,38.52,21.25,28.41,0.0,3.07,23.49,96.26,66.37,6.52,JAI,26.91,75.79,arid,NASA_POWER_daily_ag,8.023,11.366,0.9693,dewpoint,530.9,36.251
2021-04-08,28.12,37.02,19.93,12.5,0.0,2.8,24.51,96.25,78.03,-4.74,JAI,26.91,75.79,arid,NASA_POWER_daily_ag,7.912,10.314,0.4296,dewpoint,532.0,36.389
2021-04-09,27.95,36.92,19.63,12.16,0.0,2.34,25.4,96.29,64.64,-4.59,JAI,26.91,75.79,arid,NASA_POWER_daily_ag,7.317,10.646,0.4345,dewpoint,527.7,36.526
2021-04-10,29.06,37.92,19.71,11.69,0.0,1.86,25.84,96.42,66.2,-4.31,JAI,26.91,75.79,arid,NASA_POWER_daily_ag,6.803,10.778,0.4438,dewpoint,513.8,36.66
2021-04-11,30.07,39.21,20.67,11.71,0.0,1.72,25.8,96.48,65.29,-3.7,JAI,26.91,75.79,arid,NASA_POWER_daily_ag,6.694,10.753,0.4646,dewpoint,507.4,36.792
2021-04-12,31.13,40.0,22.17,10.89,0.0,1.56,26.46,96.5,56.65,-3.78,JAI,26.91,75.79,arid,NASA_POWER_daily_ag,6.585,10.832,0.4618,dewpoint,505.3,36.921
2021-04-13,31.06,40.88,20.52,13.26,0.0,1.85,26.5,96.34,60.93,-1.67,JAI,26.91,75.79,arid,NASA_POWER_daily_ag,7.113,11.229,0.5404,dewpoint,522.4,37.048
2021-04-14,32.19,40.25,23.99,14.88,0.0,1.6,19.75,96.2,94.69,1.3,JAI,26.91,75.79,arid,NASA_POWER_daily_ag,6.213,9.495,0.6711,dewpoint,537.4,37.173
2021-04-15,31.18,39.51,23.3,14.13,0.0,3.26,25.23,96.19,58.08,-0.19,JAI,26.91,75.79,arid,NASA_POWER_daily_ag,9.154,11.092,0.6024,dewpoint,538.4,37.296
2021-04-16,31.1,39.5,23.49,23.99,1.33,3.32,22.54,96.06,89.45,6.8,JAI,26.91,75.79,arid,NASA_POWER_daily_ag,8.636,11.235,0.9882,dewpoint,552.3,37.416
2021-04-17,28.77,35.99,21.66,31.91,0.02,2.8,23.46,96.34,77.43,8.95,JAI,26.91,75.79,arid,NASA_POWER_daily_ag,7.452,12.152,1.1442,dewpoint,522.4,37.534
2021-04-18,29.89,38.49,21.42,24.28,0.0,2.33,25.0,96.46,71.51,5.67,JAI,26.91,75.79,arid,NASA_POWER_daily_ag,7.467,12.141,0.914,dewpoint,509.6,37.65
2021-04-19,31.39,39.56,23.41,16.99,0.0,2.07,23.93,96.05,67.61,2.27,JAI,26.91,75.79,arid,NASA_POWER_daily_ag,7.311,11.163,0.7194,dewpoint,553.4,37.763
2021-04-20,29.47,36.57,24.12,23.26,0.54,2.95,17.58,95.87,97.65,5.99,JAI,26.91,75.79,arid,NASA_POWER_daily_ag,7.4,9.499,0.9345,dewpoint,572.7,37.874
2021-04-21,26.76,34.44,19.27,33.2,0.01,4.01,24.34,96.19,77.73,8.32,JAI,26.91,75.79,arid,NASA_POWER_daily_ag,8.192,12.671,1.0964,dewpoint,538.4,37.982
2021-04-22,28.31,36.93,18.72,26.25,0.01,1.66,27.4,96.32,59.61,4.7,JAI,26.91,75.79,arid,NASA_POWER_daily_ag,6.656,13.199,0.8542,dewpoint,524.5,38.089
2021-04-23,29.56,38.88,20.65,22.22,0.0,3.99,24.78,96.1,67.97,5.33,JAI,26.91,75.79,arid,NASA_POWER_daily_ag,9.374,12.173,0.8926,dewpoint,548.1,38.192
2021-04-24,27.73,37.17,18.8,24.03,0.0,3.93,28.27,96.37,56.07,1.7,JAI,26.91,75.79,arid,NASA_POWER_daily_ag,9.379,13.056,0.6906,dewpoint,519.2,38.294
2021-04-25,28.94,38.71,19.45,13.64,0.0,2.41,28.81,96.4,59.23,-4.29,JAI,26.91,75.79,arid,NASA_POWER_daily_ag,8.011,12.209,0.4444,dewpoint,516.0,38.393
2021-04-26,31.59,40.58,21.32,9.7,0.0,1.31,28.41,96.2,57.01,-4.77,JAI,26.91,75.79,arid,NASA_POWER_daily_ag,6.504,11.819,0.4286,dewpoint,537.4,38.49
2021-04-27,33.52,42.49,24.77,9.93,0.0,1.16,29.87,96.12,33.57,-3.49,JAI,26.91,75.79,arid,NASA_POWER_daily_ag,6.484,12.107,0.472,dewpoint,545.9,38.584
2021-04-28,33.38,42.85,24.39,8.61,0.0,1.77,30.34,96.19,32.28,-5.08,JAI,26.91,75.79,arid,NASA_POWER_daily_ag,7.64,12.013,0.4186,dewpoint,538.4,38.677
2021-04-29,34.42,42.54,25.66,11.76,0.0,1.87,24.94,96.16,87.02,0.29,JAI,26.91,75.79,arid,NASA_POWER_daily_ag,7.553,11.232,0.6238,dewpoint,541.6,38.766
2021-04-30,33.63,41.55,25.72,16.66,0.16,2.61,22.95,96.06,89.01,4.18,JAI,26.91,75.79,arid,NASA_POWER_daily_ag,8.446,11.192,0.8236,dewpoint,552.3,38.854
2021-05-01,33.41,41.31,25.86,18.96,0.04,2.62,18.95,96.05,97.42,5.37,JAI,26.91,75.79,arid,NASA_POWER_daily_ag,7.975,9.95,0.8951,dewpoint,553.4,38.939
2021-05-02,31.69,37.7,26.95,27.64,0.03,2.46,15.36,96.16,92.48,10.25,JAI,26.91,75.79,arid,NASA_POWER_daily_ag,6.733,9.091,1.2487,dewpoint,541.6,39.022
2021-05-03,32.31,38.15,27.01,23.63,0.0,1.3,19.0,96.01,91.96,8.43,JAI,26.91,75.79,arid,NASA_POWER_daily_ag,5.674,10.393,1.1046,dewpoint,557.7,39.103
2021-05-04,32.51,39.44,24.51,20.96,0.0,2.88,21.73,95.89,77.31,6.74,JAI,26.91,75.79,arid,NASA_POWER_daily_ag,8.427,11.299,0.9841,dewpoint,570.6,39.182
2021-05-05,33.13,40.47,25.32,23.88,0.01,2.31,25.34,95.93,68.04,9.15,JAI,26.91,75.79,arid,NASA_POWER_daily_ag,8.046,13.02,1.1597,dewpoint,566.3,39.258
2021-05-06,33.69,40.97,26.21,22.11,1.08,1.78,23.36,95.96,72.86,8.39,JAI,26.91,75.79,arid,NASA_POWER_daily_ag,7.135,12.073,1.1016,dewpoint,563.0,39.332
2021-05-07,32.77,38.8,26.13,25.31,0.05,2.66,25.46,96.19,66.46,9.81,JAI,26.91,75.79,arid,NASA_POWER_daily_ag,8.454,13.255,1.2124,dewpoint,538.4,39.404
2021-05-08,33.37,40.43,25.32,24.61,0.01,2.27,24.82,96.1,69.42,9.18,JAI,26.91,75.79,arid,NASA_POWER_daily_ag,7.993,12.864,1.1621,dewpoint,548.1,39.474
2021-05-09,34.16,40.96,26.94,22.34,0.01,2.27,23.53,95.9,77.15,8.96,JAI,26.91,75.79,arid,NASA_POWER_daily_ag,7.978,12.251,1.145,dewpoint,569.5,39.542
2021-05-10,34.57,41.41,27.1,22.27,0.59,2.17,22.23,95.76,75.28,9.02,JAI,26.91,75.79,arid,NASA_POWER_daily_ag,7.741,11.738,1.1496,dewpoint,584.5,39.608
2021-05-11,34.04,40.44,26.87,24.12,0.39,2.68,22.59,95.73,74.39,10.23,JAI,26.91,75.79,arid,NASA_POWER_daily_ag,8.388,12.119,1.247,dewpoint,587.7,39.671
2021-05-12,33.11,38.31,28.03,31.88,0.79,2.23,22.91,95.6,78.77,13.57,JAI,26.91,75.79,arid,NASA_POWER_daily_ag,7.453,12.836,1.5545,dewpoint,601.7,39.733
2021-05-13,31.08,35.65,26.13,38.4,0.18,2.29,26.92,95.68,53.19,14.87,JAI,26.91,75.79,arid,NASA_POWER_daily_ag,7.567,15.103,1.6911,dewpoint,593.1,39.792
2021-05-14,33.29,39.95,25.57,31.12,0.05,1.68,23.51,95.62,75.65,12.92,JAI,26.91,75.79,arid,NASA_POWER_daily_ag,6.888,13.037,1.49,dewpoint,599.5,39.849
2021-05-15,32.52,38.36,26.86,33.59,0.41,2.38,24.6,95.82,50.69,13.72,JAI,26.91,75.79,arid,NASA_POWER_daily_ag,7.74,13.691,1.5698,dewpoint,578.1,39.905
2021-05-16,33.65,41.28,27.33,32.61,0.18,3.71,19.78,95.93,89.48,14.17,JAI,26.91,75.79,arid,NASA_POWER_daily_ag,8.873,11.472,1.6163,dewpoint,566.3,39.958
2021-05-17,30.07,36.0,23.69,37.83,2.6,4.77,11.79,96.16,99.11,13.38,JAI,26.91,75.79,arid,NASA_POWER_daily_ag,7.9,7.886,1.5354,dewpoint,541.6,40.01
2021-05-18,26.17,29.21,23.63,56.34,3.76,4.05,7.76,96.02,99.39,16.54,JAI,26.91,75.79,arid,NASA_POWER_daily_ag,4.739,6.013,1.882,dewpoint,556.6,40.059
2021-05-19,23.98,27.5,21.6,81.02,70.55,5.96,4.81,95.61,95.77,20.46,JAI,26.91,75.79,arid,NASA_POWER_daily_ag,2.633,4.355,2.4057,dewpoint,600.6,40.107
2021-05-20,27.73,34.95,19.46,56.78,0.33,3.88,26.54,95.69,43.33,16.85,JAI,26.91,75.79,arid,NASA_POWER_daily_ag,7.447,15.63,1.9194,dewpoint,592.0,40.153
2021-05-21,29.79,37.38,22.31,49.85,1.37,2.61,26.4,95.83,56.04,16.97,JAI,26.91,75.79,arid,NASA_POWER_daily_ag,7.287,15.42,1.934,dewpoint,577.0,40.197
2021-05-22,30.15,36.94,22.89,50.27,1.13,2.01,25.57,95.86,60.93,17.71,JAI,26.91,75.79,arid,NASA_POWER_daily_ag,6.732,15.154,2.0267,dewpoint,573.8,40.239
2021-05-23,28.75,33.97,23.66,51.75,0.39,1.92,24.88,96.0,63.4,17.25,JAI,26.91,75.79,arid,NASA_POWER_daily_ag,6.294,14.786,1.9686,dewpoint,558.8,40.279
2021-05-24,29.62,37.19,21.69,39.74,0.0,2.9,27.47,96.06,49.69,12.94,JAI,26.91,75.79,arid,NASA_POWER_daily_ag,8.047,15.163,1.4919,dewpoint,552.3,40.318
2021-05-25,32.1,40.09,23.09,34.44,0.0,2.54,27.5,95.71,50.7,13.13,JAI,26.91,75.79,arid,NASA_POWER_daily_ag,8.282,15.056,1.5106,dewpoint,589.9,40.355
2021-05-26,33.14,40.61,25.15,38.4,0.0,2.12,25.92,95.47,66.92,15.87,JAI,26.91,75.79,arid,NASA_POWER_daily_ag,7.646,14.797,1.8032,dewpoint,615.7,40.39
2021-05-27,34.41,41.65,26.2,38.71,0.17,1.77,25.19,95.44,66.96,17.11,JAI,26.91,75.79,arid,NASA_POWER_daily_ag,7.311,14.633,1.9513,dewpoint,618.9,40.423
2021-05-28,34.67,42.44,26.64,40.07,0.48,1.77,26.26,95.52,41.75,17.8,JAI,26.91,75.79,arid,NASA_POWER_daily_ag,7.487,15.275,2.0382,dewpoint,610.3,40.455
2021-05-29,34.04,41.82,26.97,44.33,2.38,2.34,26.33,95.7,55.44,18.8,JAI,26.91,75.79,arid,NASA_POWER_daily_ag,7.937,15.549,2.1701,dewpoint,590.9,40.485
2021-05-30,33.17,41.03,25.71,44.94,1.65,2.72,25.19,95.66,64.6,18.78,JAI,26.91,75.79,arid,NASA_POWER_daily_ag,7.924,15.023,2.1674,dewpoint,595.2,40.513
2021-05-31,34.17,40.68,27.42,42.77,0.24,2.97,23.82,95.43,72.75,18.61,JAI,26.91,75.79,arid,NASA_POWER_daily_ag,8.256,14.26,2.1445,dewpoint,620.0,40.54
2021-06-01,31.96,36.67,26.19,48.77,4.15,1.59,23.98,95.65,74.5,19.45,JAI,26.91,75.79,arid,NASA_POWER_daily_ag,6.401,14.645,2.2598,dewpoint,596.3,40.565
2021-06-02,31.17,36.36,25.41,54.85,3.91,1.8,18.49,95.81,81.33,20.62,JAI,26.91,75.79,arid,NASA_POWER_daily_ag,5.454,11.898,2.4295,dewpoint,579.1,40.589
2021-06-03,29.42,33.34,26.8,60.02,2.02,1.37,21.31,95.97,90.29,20.57,JAI,26.91,75.79,arid,NASA_POWER_daily_ag,5.263,13.468,2.4221,dewpoint,562.0,40.611
2021-06-04,32.79,39.36,24.72,43.54,0.04,1.18,15.98,95.88,79.3,17.7,JAI,26.91,75.79,arid,NASA_POWER_daily_ag,4.928,10.218,2.0254,dewpoint,571.6,40.631
2021-06-05,33.2,38.86,27.71,46.07,1.38,2.58,21.41,95.75,75.11,19.3,JAI,26.91,75.79,arid,NASA_POWER_daily_ag,7.19,13.186,2.2389,dewpoint,585.6,40.65
2021-06-06,32.01,37.95,25.04,50.14,0.41,2.09,26.83,95.79,58.17,19.39,JAI,26.91,75.79,arid,NASA_POWER_daily_ag,7.295,16.15,2.2514,dewpoint,581.3,40.668
2021-06-07,34.35,41.16,27.45,44.16,0.0,3.11,26.41,95.59,60.2,19.43,JAI,26.91,75.79,arid,NASA_POWER_daily_ag,8.732,15.777,2.257,dewpoint,602.8,40.684
2021-06-08,34.7,40.89,29.09,41.3,0.0,4.78,26.83,95.47,59.79,18.96,JAI,26.91,75.79,arid,NASA_POWER_daily_ag,10.453,15.852,2.1919,dewpoint,615.7,40.698
2021-06-09,34.32,40.93,28.74,41.98,0.0,4.44,26.84,95.33,61.04,18.92,JAI,26.91,75.79,arid,NASA_POWER_daily_ag,10.019,15.861,2.1865,dewpoint,630.7,40.711
2021-06-10,34.47,40.95,28.8,43.18,0.05,4.04,27.88,95.21,55.42,19.55,JAI,26.91,75.79,arid,NASA_POWER_daily_ag,9.778,16.555,2.2739,dewpoint,643.7,40.723
2021-06-11,34.58,41.3,29.01,41.7,0.0,4.37,27.64,95.15,56.63,18.94,JAI,26.91,75.79,arid,NASA_POWER_daily_ag,10.165,16.264,2.1892,dewpoint,650.1,40.733
2021-06-12,35.53,41.2,30.08,41.47,0.55,3.52,27.42,95.22,60.66,19.83,JAI,26.91,75.79,arid,NASA_POWER_daily_ag,9.577,16.341,2.3138,dewpoint,642.6,40.742
2021-06-13,33.36,37.61,29.82,54.18,1.35,1.83,24.07,95.32,63.56,22.66,JAI,26.91,75.79,arid,NASA_POWER_daily_ag,6.668,15.272,2.7522,dewpoint,631.8,40.749
2021-06-14,33.51,37.91,29.26,53.27,5.52,1.87,22.09,95.15,68.63,22.25,JAI,26.91,75.79,arid,NASA_POWER_daily_ag,6.435,14.082,2.6845,dewpoint,650.1,40.755
2021-06-15,32.85,38.33,27.37,54.29,2.45,3.24,25.43,94.97,57.2,21.96,JAI,26.91,75.79,arid,NASA_POWER_daily_ag,7.837,15.926,2.6375,dewpoint,669.6,40.76
2021-06-16,31.74,36.61,26.87,55.05,1.43,3.12,22.38,95.15,74.15,21.05,JAI,26.91,75.79,arid,NASA_POWER_daily_ag,7.084,14.098,2.4947,dewpoint,650.1,40.763
2021-06-17,32.71,38.74,26.29,44.01,0.04,1.82,23.24,95.33,67.57,17.46,JAI,26.91,75.79,arid,NASA_POWER_daily_ag,6.769,13.87,1.9949,dewpoint,630.7,40.764
2021-06-18,32.76,38.51,26.67,41.43,0.1,2.48,20.91,95.35,84.91,16.93,JAI,26.91,75.79,arid,NASA_POWER_daily_ag,7.174,12.612,1.9292,dewpoint,628.6,40.765
2021-06-19,32.55,38.39,26.49,44.33,0.62,2.62,14.51,95.39,98.52,17.58,JAI,26.91,75.79,arid,NASA_POWER_daily_ag,6.273,9.473,2.0101,dewpoint,624.3,40.764
2021-06-20,32.32,37.2,27.13,49.42,2.1,2.0,14.41,95.51,97.19,19.82,JAI,26.91,75.79,arid,NASA_POWER_daily_ag,5.31,9.598,2.3124,dewpoint,611.4,40.762
2021-06-21,33.2,39.2,27.23,45.23,0.03,3.19,20.89,95.62,79.69,18.99,JAI,26.91,75.79,arid,NASA_POWER_daily_ag,7.716,12.883,2.196,dewpoint,599.5,40.758
2021-06-22,33.88,39.59,28.28,44.26,1.35,2.97,22.96,95.63,70.61,19.34,JAI,26.91,75.79,arid,NASA_POWER_daily_ag,7.967,13.99,2.2444,dewpoint,598.5,40.753
2021-06-23,34.54,40.3,28.75,44.01,2.71,2.14,20.19,95.58,82.79,19.7,JAI,26.91,75.79,arid,NASA_POWER_daily_ag,6.834,12.574,2.2952,dewpoint,603.8,40.747
2021-06-24,34.14,40.54,28.03,45.63,1.16,1.99,22.4,95.53,71.32,19.39,JAI,26.91,75.79,arid,NASA_POWER_daily_ag,6.961,13.688,2.2514,dewpoint,609.2,40.739
2021-06-25,33.14,38.34,28.44,50.42,5.07,2.57,24.85,95.5,63.94,20.9,JAI,26.91,75.79,arid,NASA_POWER_daily_ag,7.503,15.336,2.4718,dewpoint,612.4,40.73
2021-06-26,32.87,38.26,26.06,47.58,0.17,1.81,22.2,95.65,80.75,19.58,JAI,26.91,75.79,arid,NASA_POWER_daily_ag,6.494,13.708,2.2782,dewpoint,596.3,40.72
2021-06-27,35.14,40.93,28.95,38.49,0.46,1.84,24.66,95.82,62.06,18.07,JAI,26.91,75.79,arid,NASA_POWER_daily_ag,7.415,14.551,2.0731,dewpoint,578.1,40.708
2021-06-28,35.56,41.8,29.85,32.05,0.0,2.44,25.81,95.72,48.49,15.69,JAI,26.91,75.79,arid,NASA_POWER_daily_ag,8.531,14.567,1.7826,dewpoint,588.8,40.695
2021-06-29,36.01,42.84,28.62,31.67,0.1,3.35,26.01,95.53,42.32,15.98,JAI,26.91,75.79,arid,NASA_POWER_daily_ag,9.78,14.725,1.816,dewpoint,609.2,40.68
2021-06-30,35.94,42.02,29.78,36.96,0.12,5.51,25.33,95.38,74.09,18.46,JAI,26.91,75.79,arid,NASA_POWER_daily_ag,11.52,14.915,2.1244,dewpoint,625.4,40.665
2021-07-01,35.37,40.92,29.79,40.49,0.0,4.47,27.2,95.17,52.59,19.25,JAI,26.91,75.79,arid,NASA_POWER_daily_ag,10.449,16.087,2.2319,dewpoint,648.0,40.647
2021-07-02,34.78,40.46,29.58,43.98,1.08,4.02,26.4,95.25,60.58,20.3,JAI,26.91,75.79,arid,NASA_POWER_daily_ag,9.535,15.935,2.3821,dewpoint,639.4,40.629
2021-07-03,33.36,38.2,29.17,46.15,0.29,2.74,24.26,95.51,77.27,19.82,JAI,26.91,75.79,arid,NASA_POWER_daily_ag,7.739,14.763,2.3124,dewpoint,611.4,40.609
2021-07-04,34.18,39.64,29.12,45.4,0.91,3.25,18.04,95.64,84.04,20.29,JAI,26.91,75.79,arid,NASA_POWER_daily_ag,7.431,11.507,2.3806,dewpoint,597.4,40.587
2021-07-05,34.56,39.98,29.25,44.33,2.89,1.89,20.21,95.69,86.8,20.09,JAI,26.91,75.79,arid,NASA_POWER_daily_ag,6.532,12.618,2.3513,dewpoint,592.0,40.565
2021-07-06,34.16,38.57,29.9,44.99,1.21,2.4,23.68,95.56,70.18,20.13,JAI,26.91,75.79,arid,NASA_POWER_daily_ag,7.51,14.481,2.3572,dewpoint,606.0,40.54
2021-07-07,35.6,41.27,29.89,38.35,0.22,3.61,23.72,95.45,71.65,18.76,JAI,26.91,75.79,arid,NASA_POWER_daily_ag,9.29,14.156,2.1647,dewpoint,617.8,40.515
2021-07-08,35.73,41.44,30.19,37.49,1.71,3.31,26.34,95.42,68.62,18.51,JAI,26.91,75.79,arid,NASA_POWER_daily_ag,9.422,15.412,2.1311,dewpoint,621.0,40.488
2021-07-09,34.04,39.48,28.15,45.55,0.65,1.55,18.41,95.43,89.83,20.03,JAI,26.91,75.79,arid,NASA_POWER_daily_ag,5.78,11.676,2.3426,dewpoint,620.0,40.459
2021-07-10,34.41,39.58,30.36,48.35,6.74,1.95,20.19,95.35,75.78,21.45,JAI,26.91,75.79,arid,NASA_POWER_daily_ag,6.434,12.801,2.5566,dewpoint,628.6,40.429
2021-07-11,31.51,36.78,27.99,63.73,22.5,3.25,18.91,95.45,91.25,23.42,JAI,26.91,75.79,arid,NASA_POWER_daily_ag,6.053,12.464,2.8816,dewpoint,617.8,40.398
2021-07-12,29.91,33.28,26.45,72.26,9.05,3.77,16.61,95.59,90.63,24.14,JAI,26.91,75.79,arid,NASA_POWER_daily_ag,5.104,11.267,3.0091,dewpoint,602.8,40.365
2021-07-13,31.99,37.5,26.56,60.17,0.8,3.14,20.2,95.51,98.66,22.73,JAI,26.91,75.79,arid,NASA_POWER_daily_ag,6.515,13.099,2.7639,dewpoint,611.4,40.33
2021-07-14,30.61,35.36,27.04,66.26,11.1,3.39,21.49,95.54,89.32,23.27,JAI,26.91,75.79,arid,NASA_POWER_daily_ag,6.219,13.957,2.8556,dewpoint,608.1,40.294
2021-07-15,32.2,38.08,26.25,60.13,2.16,3.7,24.44,95.53,79.86,22.72,JAI,26.91,75.79,arid,NASA_POWER_daily_ag,7.556,15.494,2.7622,dewpoint,609.2,40.256
2021-07-16,33.93,39.39,28.48,53.29,1.05,2.74,24.62,95.69,62.47,22.53,JAI,26.91,75.79,arid,NASA_POWER_daily_ag,7.596,15.469,2.7306,dewpoint,592.0,40.217
2021-07-17,34.15,39.49,29.6,56.78,4.64,2.04,20.96,95.53,84.73,23.87,JAI,26.91,75.79,arid,NASA_POWER_daily_ag,6.337,13.635,2.9607,dewpoint,609.2,40.176
2021-07-18,31.11,34.89,27.33,73.34,22.54,2.85,9.67,95.35,97.8,25.48,JAI,26.91,75.79,arid,NASA_POWER_daily_ag,3.734,7.165,3.2595,dewpoint,628.6,40.134
2021-07-19,28.74,31.72,26.55,80.13,25.15,2.63,7.73,95.25,98.23,24.84,JAI,26.91,75.79,arid,NASA_POWER_daily_ag,2.754,5.985,3.1377,dewpoint,639.4,40.09
2021-07-20,30.17,34.69,25.96,71.13,0.71,2.91,15.2,95.28,93.05,23.89,JAI,26.91,75.79,arid,NASA_POWER_daily_ag,4.743,10.378,2.9643,dewpoint,636.1,40.044
2021-07-21,30.4,34.61,26.19,67.3,0.27,2.54,18.39,95.18,82.11,23.33,JAI,26.91,75.79,arid,NASA_POWER_daily_ag,5.287,12.17,2.866,dewpoint,646.9,39.997
2021-07-22,31.14,36.29,27.45,66.73,4.42,2.23,16.05,95.02,90.93,23.8,JAI,26.91,75.79,arid,NASA_POWER_daily_ag,4.875,10.832,2.9483,dewpoint,664.2,39.948
2021-07-23,28.78,31.31,26.74,82.31,12.25,1.04,9.64,95.13,97.87,25.36,JAI,26.91,75.79,arid,NASA_POWER_daily_ag,2.569,7.143,3.2363,dewpoint,652.3,39.897
2021-07-24,29.8,32.46,26.64,74.1,1.23,0.9,20.27,95.3,91.62,24.45,JAI,26.91,75.79,arid,NASA_POWER_daily_ag,4.678,13.456,3.0655,dewpoint,634.0,39.844
2021-07-25,31.02,36.12,27.21,70.59,0.66,1.86,21.35,95.22,72.61,24.7,JAI,26.91,75.79,arid,NASA_POWER_daily_ag,5.436,14.075,3.1116,dewpoint,642.6,39.79
2021-07-26,29.49,33.85,26.34,77.85,16.56,2.86,15.21,95.07,98.37,25.0,JAI,26.91,75.79,arid,NASA_POWER_daily_ag,4.218,10.479,3.1678,dewpoint,658.8,39.734
2021-07-27,27.91,31.46,24.77,77.85,16.4,4.15,5.8,95.01,99.11,23.52,JAI,26.91,75.79,arid,NASA_POWER_daily_ag,2.984,4.842,2.899,dewpoint,665.2,39.676
2021-07-28,27.9,31.65,24.56,80.88,5.61,3.18,11.04,95.11,99.47,24.18,JAI,26.91,75.79,arid,NASA_POWER_daily_ag,3.296,7.941,3.0163,dewpoint,654.5,39.616
2021-07-29,27.91,31.4,24.77,78.66,9.29,3.01,13.01,95.21,90.45,23.7,JAI,26.91,75.79,arid,NASA_POWER_daily_ag,3.699,9.077,2.9306,dewpoint,643.7,39.555
2021-07-30,27.78,31.32,24.25,84.2,38.69,2.63,9.81,95.26,98.26,24.77,JAI,26.91,75.79,arid,NASA_POWER_daily_ag,2.795,7.22,3.1246,dewpoint,638.3,39.491
2021-07-31,27.51,29.32,25.56,88.15,64.35,1.52,4.11,95.29,99.57,25.34,JAI,26.91,75.79,arid,NASA_POWER_daily_ag,1.466,3.75,3.2325,dewpoint,635.0,39.426
2021-08-01,28.41,32.11,25.08,84.62,27.78,1.79,14.77,95.22,99.16,25.44,JAI,26.91,75.79,arid,NASA_POWER_daily_ag,3.521,10.254,3.2518,dewpoint,642.6,39.359
2021-08-02,26.82,28.59,25.24,91.47,50.9,2.71,7.74,95.37,98.25,25.31,JAI,26.91,75.79,arid,NASA_POWER_daily_ag,2.004,5.964,3.2267,dewpoint,626.4,39.29
2021-08-03,27.47,31.19,24.45,87.08,29.08,3.09,12.12,95.39,98.31,25.02,JAI,26.91,75.79,arid,NASA_POWER_daily_ag,3.028,8.613,3.1716,dewpoint,624.3,39.219
2021-08-04,28.26,31.98,25.45,84.74,7.62,2.47,13.21,95.45,98.1,25.28,JAI,26.91,75.79,arid,NASA_POWER_daily_ag,3.334,9.277,3.221,dewpoint,617.8,39.146
2021-08-05,28.52,31.98,25.3,82.81,3.73,1.5,21.02,95.43,82.06,25.14,JAI,26.91,75.79,arid,NASA_POWER_daily_ag,4.626,13.983,3.1943,dewpoint,620.0,39.071
2021-08-06,27.45,29.67,25.46,85.4,6.8,1.09,17.71,95.46,97.97,24.73,JAI,26.91,75.79,arid,NASA_POWER_daily_ag,3.839,11.945,3.1172,dewpoint,616.7,38.993
2021-08-07,27.19,29.63,24.61,86.1,13.52,1.14,15.33,95.61,94.83,24.63,JAI,26.91,75.79,arid,NASA_POWER_daily_ag,3.391,10.506,3.0986,dewpoint,600.6,38.914
2021-08-08,27.79,31.17,25.32,83.81,1.99,1.44,20.94,95.75,68.82,24.67,JAI,26.91,75.79,arid,NASA_POWER_daily_ag,4.484,13.837,3.106,dewpoint,585.6,38.833
2021-08-09,28.17,32.85,24.51,83.49,4.87,2.18,21.87,95.76,70.24,24.94,JAI,26.91,75.79,arid,NASA_POWER_daily_ag,4.748,14.422,3.1565,dewpoint,584.5,38.75
2021-08-10,27.71,32.87,23.57,78.33,0.16,3.23,23.1,95.7,59.89,23.36,JAI,26.91,75.79,arid,NASA_POWER_daily_ag,5.231,14.836,2.8712,dewpoint,590.9,38.665
2021-08-11,26.92,31.81,22.75,78.89,0.0,2.65,23.41,95.73,78.81,22.75,JAI,26.91,75.79,arid,NASA_POWER_daily_ag,5.051,14.917,2.7672,dewpoint,587.7,38.578
2021-08-12,27.14,32.35,22.16,78.94,0.06,2.3,22.41,95.82,79.07,22.97,JAI,26.91,75.79,arid,NASA_POWER_daily_ag,4.882,14.375,2.8043,dewpoint,578.1,38.488
2021-08-13,27.81,33.05,23.27,78.48,0.0,2.78,22.76,95.66,69.16,23.52,JAI,26.91,75.79,arid,NASA_POWER_daily_ag,5.111,14.644,2.899,dewpoint,595.2,38.396
2021-08-14,27.81,32.54,23.82,78.49,0.0,3.09,23.1,95.5,61.1,23.52,JAI,26.91,75.79,arid,NASA_POWER_daily_ag,5.204,14.833,2.899,dewpoint,612.4,38.303
2021-08-15,27.88,32.59,23.25,77.63,0.0,2.08,23.04,95.61,64.2,23.4,JAI,26.91,75.79,arid,NASA_POWER_daily_ag,5.086,14.77,2.8781,dewpoint,600.6,38.207
2021-08-16,28.77,33.67,23.22,72.61,0.0,1.44,23.75,95.85,52.94,22.89,JAI,26.91,75.79,arid,NASA_POWER_daily_ag,5.317,15.032,2.7908,dewpoint,574.8,38.109
2021-08-17,29.8,35.15,24.27,68.25,0.0,1.83,23.85,95.81,58.2,22.83,JAI,26.91,75.79,arid,NASA_POWER_daily_ag,5.708,15.007,2.7807,dewpoint,579.1,38.009
2021-08-18,29.91,35.01,25.23,68.24,0.0,1.4,24.33,95.62,57.78,23.0,JAI,26.91,75.79,arid,NASA_POWER_daily_ag,5.607,15.289,2.8094,dewpoint,599.5,37.906
2021-08-19,30.21,35.21,25.93,70.99,0.01,1.19,17.75,95.55,94.15,23.88,JAI,26.91,75.79,arid,NASA_POWER_daily_ag,4.387,11.674,2.9625,dewpoint,607.1,37.802
2021-08-20,28.38,32.42,25.25,79.79,0.9,1.79,10.67,95.69,99.15,24.32,JAI,26.91,75.79,arid,NASA_POWER_daily_ag,2.992,7.623,3.0417,dewpoint,592.0,37.695
2021-08-21,27.88,32.02,24.74,81.63,8.58,1.32,15.33,95.82,93.85,24.17,JAI,26.91,75.79,arid,NASA_POWER_daily_ag,3.564,10.337,3.0145,dewpoint,578.1,37.586
2021-08-22,28.16,32.27,24.51,82.39,10.05,1.09,16.05,95.76,77.74,24.68,JAI,26.91,75.79,arid,NASA_POWER_daily_ag,3.64,10.811,3.1079,dewpoint,584.5,37.475
2021-08-23,27.81,32.24,24.32,79.67,1.58,2.64,17.12,95.7,92.78,23.71,JAI,26.91,75.79,arid,NASA_POWER_daily_ag,4.164,11.305,2.9324,dewpoint,590.9,37.362
2021-08-24,28.64,33.64,24.52,74.49,0.03,3.18,23.88,95.65,58.69,23.4,JAI,26.91,75.79,arid,NASA_POWER_daily_ag,5.643,15.087,2.8781,dewpoint,596.3,37.247
2021-08-25,27.32,31.69,24.41,77.3,0.0,3.45,21.76,95.51,74.54,22.89,JAI,26.91,75.79,arid,NASA_POWER_daily_ag,4.993,13.806,2.7908,dewpoint,611.4,37.129
2021-08-26,27.02,31.85,23.43,76.98,0.0,3.11,19.49,95.42,83.74,22.51,JAI,26.91,75.79,arid,NASA_POWER_daily_ag,4.598,12.461,2.7272,dewpoint,621.0,37.009
2021-08-27,27.62,33.07,22.72,73.82,0.0,2.25,21.12,95.55,76.71,22.24,JAI,26.91,75.79,arid,NASA_POWER_daily_ag,4.894,13.296,2.6829,dewpoint,607.1,36.887
2021-08-28,28.46,33.7,23.43,73.68,0.0,1.26,21.46,95.57,61.42,22.9,JAI,26.91,75.79,arid,NASA_POWER_daily_ag,4.771,13.571,2.7925,dewpoint,604.9,36.763
2021-08-29,29.15,33.85,25.1,74.78,0.03,1.05,12.15,95.62,97.04,23.84,JAI,26.91,75.79,arid,NASA_POWER_daily_ag,3.172,8.384,2.9554,dewpoint,599.5,36.637
2021-08-30,27.99,32.24,24.69,82.36,0.93,2.06,15.83,95.87,88.14,24.46,JAI,26.91,75.79,arid,NASA_POWER_daily_ag,3.74,10.577,3.0673,dewpoint,572.7,36.509
2021-08-31,26.72,30.04,24.32,87.14,11.07,2.86,14.32,96.0,93.72,24.28,JAI,26.91,75.79,arid,NASA_POWER_daily_ag,3.235,9.691,3.0344,dewpoint,558.8,36.378
2021-09-01,26.55,29.47,24.32,89.55,27.17,2.52,14.25,95.97,91.4,24.64,JAI,26.91,75.79,arid,NASA_POWER_daily_ag,3.057,9.682,3.1005,dewpoint,562.0,36.246
2021-09-02,27.25,30.28,24.87,87.29,5.69,1.1,13.32,95.73,92.05,24.88,JAI,26.91,75.79,arid,NASA_POWER_daily_ag,2.971,9.139,3.1452,dewpoint,587.7,36.111
2021-09-03,27.09,30.06,24.34,86.69,3.72,2.03,18.99,95.66,81.46,24.6,JAI,26.91,75.79,arid,NASA_POWER_daily_ag,3.954,12.431,3.0931,dewpoint,595.2,35.974
2021-09-04,27.38,30.88,24.25,83.88,9.02,1.85,19.68,95.72,81.26,24.26,JAI,26.91,75.79,arid,NASA_POWER_daily_ag,4.183,12.746,3.0308,dewpoint,588.8,35.835
2021-09-05,28.63,31.92,24.3,76.67,4.6,0.86,16.57,95.71,83.27,23.9,JAI,26.91,75.79,arid,NASA_POWER_daily_ag,3.76,10.869,2.9661,dewpoint,589.9,35.694
2021-09-06,28.96,32.62,25.35,79.09,1.55,0.83,18.93,95.81,85.08,24.79,JAI,26.91,75.79,arid,NASA_POWER_daily_ag,4.155,12.332,3.1284,dewpoint,579.1,35.551
2021-09-07,27.36,29.96,25.56,90.44,2.9,2.02,18.35,95.88,88.52,25.64,JAI,26.91,75.79,arid,NASA_POWER_daily_ag,3.719,12.161,3.2906,dewpoint,571.6,35.406
2021-09-08,27.22,30.6,24.75,86.2,0.14,2.98,16.59,95.72,62.81,24.59,JAI,26.91,75.79,arid,NASA_POWER_daily_ag,3.653,10.95,3.0912,dewpoint,588.8,35.26
2021-09-09,27.44,31.66,24.16,84.29,2.43,2.78,13.75,95.63,80.79,24.37,JAI,26.91,75.79,arid,NASA_POWER_daily_ag,3.348,9.264,3.0508,dewpoint,598.5,35.111
2021-09-10,26.29,28.57,24.45,88.4,9.03,3.29,11.29,95.59,93.55,24.16,JAI,26.91,75.79,arid,NASA_POWER_daily_ag,2.679,7.841,3.0127,dewpoint,602.8,34.96
2021-09-11,25.63,27.85,24.47,89.73,20.07,6.45,15.42,95.41,92.56,23.79,JAI,26.91,75.79,arid,NASA_POWER_daily_ag,3.096,10.169,2.9465,dewpoint,622.1,34.808
2021-09-12,25.55,27.55,24.23,92.84,9.0,3.57,16.07,95.46,88.68,24.31,JAI,26.91,75.79,arid,NASA_POWER_daily_ag,2.985,10.601,3.0399,dewpoint,616.7,34.653
2021-09-13,26.71,30.24,24.08,86.96,4.74,2.82,18.3,95.52,77.36,24.26,JAI,26.91,75.79,arid,NASA_POWER_daily_ag,3.78,11.826,3.0308,dewpoint,610.3,34.497
2021-09-14,26.85,31.16,23.86,85.41,3.12,3.51,16.91,95.72,78.39,24.03,JAI,26.91,75.79,arid,NASA_POWER_daily_ag,3.728,10.968,2.9893,dewpoint,588.8,34.34
2021-09-15,26.67,31.3,23.47,85.42,0.82,3.93,17.79,95.82,63.09,23.87,JAI,26.91,75.79,arid,NASA_POWER_daily_ag,3.842,11.426,2.9607,dewpoint,578.1,34.18
2021-09-16,26.45,30.65,22.87,85.56,0.92,2.87,19.71,95.75,72.83,23.65,JAI,26.91,75.79,arid,NASA_POWER_daily_ag,4.028,12.47,2.9218,dewpoint,585.6,34.019
2021-09-17,25.89,30.84,21.87,85.62,3.14,2.98,14.15,95.68,78.18,23.12,JAI,26.91,75.79,arid,NASA_POWER_daily_ag,3.191,9.283,2.8299,dewpoint,593.1,33.856
2021-09-18,26.38,30.96,22.47,86.12,4.3,2.91,11.76,95.83,70.77,23.71,JAI,26.91,75.79,arid,NASA_POWER_daily_ag,2.859,7.986,2.9324,dewpoint,577.0,33.692
2021-09-19,27.17,31.28,24.04,87.07,3.27,2.76,11.84,95.94,69.79,24.69,JAI,26.91,75.79,arid,NASA_POWER_daily_ag,2.854,8.083,3.1098,dewpoint,565.2,33.526
2021-09-20,27.64,31.61,24.58,86.7,1.16,2.77,10.95,95.87,81.35,25.08,JAI,26.91,75.79,arid,NASA_POWER_daily_ag,2.774,7.586,3.1829,dewpoint,572.7,33.359
2021-09-21,27.05,30.73,24.55,87.83,0.65,3.11,15.31,95.73,71.75,24.75,JAI,26.91,75.79,arid,NASA_POWER_daily_ag,3.317,10.049,3.1209,dewpoint,587.7,33.19
2021-09-22,25.76,27.72,24.22,92.63,16.58,2.61,16.35,95.71,85.34,24.48,JAI,26.91,75.79,arid,NASA_POWER_daily_ag,3.075,10.629,3.071,dewpoint,589.9,33.02
2021-09-23,25.66,28.36,24.03,90.46,7.9,3.22,13.01,95.89,90.01,23.97,JAI,26.91,75.79,arid,NASA_POWER_daily_ag,2.691,8.653,2.9785,dewpoint,570.6,32.849
2021-09-24,26.44,30.57,23.01,85.11,3.38,2.14,17.48,96.03,70.09,23.56,JAI,26.91,75.79,arid,NASA_POWER_daily_ag,3.634,11.049,2.906,dewpoint,555.5,32.677
2021-09-25,27.02,31.04,23.52,84.48,1.31,2.0,17.88,95.94,70.67,24.0,JAI,26.91,75.79,arid,NASA_POWER_daily_ag,3.761,11.313,2.9839,dewpoint,565.2,32.503
2021-09-26,26.75,30.39,23.64,86.62,18.88,2.15,16.33,95.88,79.73,24.19,JAI,26.91,75.79,arid,NASA_POWER_daily_ag,3.427,10.471,3.0181,dewpoint,571.6,32.328
2021-09-27,26.39,30.3,23.33,86.33,8.63,2.29,12.92,95.94,88.42,23.8,JAI,26.91,75.79,arid,NASA_POWER_daily_ag,2.91,8.513,2.9483,dewpoint,565.2,32.153
2021-09-28,26.57,30.26,23.84,85.24,1.19,2.52,20.71,96.0,61.67,23.77,JAI,26.91,75.79,arid,NASA_POWER_daily_ag,4.097,12.769,2.943,dewpoint,558.8,31.976
2021-09-29,26.25,29.71,23.51,86.29,0.07,3.28,17.51,96.06,71.45,23.67,JAI,26.91,75.79,arid,NASA_POWER_daily_ag,3.592,10.986,2.9253,dewpoint,552.3,31.798
2021-09-30,26.43,29.84,23.67,87.25,1.77,2.15,16.26,96.24,79.66,24.07,JAI,26.91,75.79,arid,NASA_POWER_daily_ag,3.324,10.339,2.9965,dewpoint,533.1,31.62
2021-10-01,26.95,29.85,24.7,87.07,3.4,0.91,19.08,96.23,63.58,24.54,JAI,26.91,75.79,arid,NASA_POWER_daily_ag,3.762,11.954,3.082,dewpoint,534.1,31.441
2021-10-02,27.28,31.37,23.89,83.92,10.93,1.59,17.23,96.15,73.33,24.15,JAI,26.91,75.79,arid,NASA_POWER_daily_ag,3.616,10.818,3.0109,dewpoint,542.7,31.261
2021-10-03,27.24,31.96,23.02,81.88,1.4,1.8,19.6,96.04,66.27,23.7,JAI,26.91,75.79,arid,NASA_POWER_daily_ag,4.044,11.999,2.9306,dewpoint,554.5,31.08
2021-10-04,27.11,32.41,22.36,77.66,0.0,2.19,20.09,95.97,64.38,22.57,JAI,26.91,75.79,arid,NASA_POWER_daily_ag,4.306,11.982,2.7372,dewpoint,562.0,30.899
2021-10-05,28.0,32.94,22.06,72.3,0.01,0.87,18.01,96.19,70.38,22.14,JAI,26.91,75.79,arid,NASA_POWER_daily_ag,3.807,10.781,2.6666,dewpoint,538.4,30.718
2021-10-06,27.79,32.09,23.37,76.13,1.08,1.23,19.26,96.18,63.43,23.02,JAI,26.91,75.79,arid,NASA_POWER_daily_ag,4.037,11.574,2.8128,dewpoint,539.5,30.536
2021-10-07,27.43,33.37,22.69,71.94,0.09,1.18,19.87,96.07,60.03,21.46,JAI,26.91,75.79,arid,NASA_POWER_daily_ag,4.123,11.493,2.5582,dewpoint,551.3,30.354
2021-10-08,26.82,33.28,20.59,61.14,0.0,0.97,20.76,95.99,56.32,18.18,JAI,26.91,75.79,arid,NASA_POWER_daily_ag,4.16,11.206,2.0875,dewpoint,559.8,30.172
2021-10-09,27.86,34.02,22.02,58.32,0.0,0.67,20.05,96.02,60.99,18.27,JAI,26.91,75.79,arid,NASA_POWER_daily_ag,3.955,10.803,2.0993,dewpoint,556.6,29.989
2021-10-10,27.96,34.28,22.23,59.02,0.0,1.25,19.09,96.06,68.6,18.49,JAI,26.91,75.79,arid,NASA_POWER_daily_ag,4.254,10.37,2.1284,dewpoint,552.3,29.807
2021-10-11,26.8,33.21,20.66,61.56,0.0,1.4,20.01,96.02,60.27,18.24,JAI,26.91,75.79,arid,NASA_POWER_daily_ag,4.29,10.764,2.0953,dewpoint,556.6,29.624
2021-10-12,26.97,33.46,20.49,58.9,0.0,1.23,19.68,96.05,56.7,17.54,JAI,26.91,75.79,arid,NASA_POWER_daily_ag,4.191,10.427,2.005,dewpoint,553.4,29.442
2021-10-13,24.71,32.51,19.16,59.81,0.0,1.51,19.46,96.14,61.3,15.48,JAI,26.91,75.79,arid,NASA_POWER_daily_ag,4.069,9.95,1.7588,dewpoint,543.8,29.26
2021-10-14,23.75,31.69,17.14,52.56,0.0,1.88,20.67,96.17,46.97,12.69,JAI,26.91,75.79,arid,NASA_POWER_daily_ag,4.448,9.924,1.4677,dewpoint,540.6,29.078
2021-10-15,24.46,31.87,17.23,49.05,0.0,1.46,20.76,95.96,33.89,12.18,JAI,26.91,75.79,arid,NASA_POWER_daily_ag,4.295,9.798,1.4193,dewpoint,563.0,28.897
2021-10-16,25.37,32.11,18.26,54.3,0.0,1.34,19.12,95.93,41.92,14.98,JAI,26.91,75.79,arid,NASA_POWER_daily_ag,4.038,9.63,1.7032,dewpoint,566.3,28.715
2021-10-17,25.08,29.26,21.95,80.49,8.89,2.25,10.62,96.01,97.87,21.36,JAI,26.91,75.79,arid,NASA_POWER_daily_ag,2.649,6.762,2.5425,dewpoint,557.7,28.535
2021-10-18,22.53,26.81,18.63,86.23,2.27,3.26,10.47,95.92,84.07,20.01,JAI,26.91,75.79,arid,NASA_POWER_daily_ag,2.315,6.619,2.3397,dewpoint,567.3,28.355
2021-10-19,23.05,29.16,16.93,69.0,0.03,1.89,17.66,96.24,59.74,16.27,JAI,26.91,75.79,arid,NASA_POWER_daily_ag,3.634,9.283,1.8499,dewpoint,533.1,28.176
2021-10-20,23.56,31.78,18.31,54.87,0.0,1.67,18.47,96.51,51.51,13.14,JAI,26.91,75.79,arid,NASA_POWER_daily_ag,3.94,8.857,1.5115,dewpoint,504.2,27.997
2021-10-21,22.48,31.8,15.13,57.78,0.0,2.59,18.75,96.51,57.84,13.08,JAI,26.91,75.79,arid,NASA_POWER_daily_ag,4.277,9.003,1.5056,dewpoint,504.2,27.82
2021-10-22,22.76,30.43,16.88,67.91,0.0,2.91,19.7,96.5,36.19,16.02,JAI,26.91,75.79,arid,NASA_POWER_daily_ag,4.115,9.887,1.8206,dewpoint,505.3,27.643
2021-10-23,22.04,28.6,16.55,72.62,0.0,2.45,17.74,96.55,60.16,16.51,JAI,26.91,75.79,arid,NASA_POWER_daily_ag,3.503,9.22,1.8784,dewpoint,500.0,27.467
2021-10-24,22.41,26.99,17.64,76.53,0.13,1.66,15.44,96.64,69.38,17.76,JAI,26.91,75.79,arid,NASA_POWER_daily_ag,2.97,8.447,2.033,dewpoint,490.4,27.293
2021-10-25,22.86,28.5,18.32,69.07,0.04,1.16,17.01,96.71,62.99,16.32,JAI,26.91,75.79,arid,NASA_POWER_daily_ag,3.15,8.761,1.8558,dewpoint,482.9,27.12
2021-10-26,21.26,28.34,16.36,67.1,0.0,1.64,17.09,96.68,41.6,14.04,JAI,26.91,75.79,arid,NASA_POWER_daily_ag,3.255,8.42,1.6028,dewpoint,486.1,26.948
2021-10-27,20.74,29.1,14.29,58.63,0.0,1.48,17.24,96.85,37.64,11.33,JAI,26.91,75.79,arid,NASA_POWER_daily_ag,3.297,8.018,1.3418,dewpoint,468.0,26.777
2021-10-28,21.05,28.88,15.73,53.12,0.0,1.29,18.68,96.88,8.6,10.22,JAI,26.91,75.79,arid,NASA_POWER_daily_ag,3.376,8.199,1.2462,dewpoint,464.8,26.608
2021-10-29,20.14,28.69,14.17,54.2,0.0,1.76,18.74,97.03,1.94,9.38,JAI,26.91,75.79,arid,NASA_POWER_daily_ag,3.585,8.083,1.1779,dewpoint,448.9,26.44
2021-10-30,20.43,29.4,14.17,51.31,0.0,1.83,17.61,97.0,5.22,8.91,JAI,26.91,75.79,arid,NASA_POWER_daily_ag,3.619,7.586,1.1411,dewpoint,452.1,26.274
2021-10-31,23.09,30.44,17.01,39.05,0.0,1.21,18.35,96.76,14.68,7.62,JAI,26.91,75.79,arid,NASA_POWER_daily_ag,3.572,7.367,1.0453,dewpoint,477.6,26.11
2021-11-01,20.99,30.42,14.46,55.19,0.0,1.6,17.83,96.61,39.01,10.71,JAI,26.91,75.79,arid,NASA_POWER_daily_ag,3.425,7.798,1.2876,dewpoint,493.6,25.948
2021-11-02,20.74,29.85,13.75,61.69,0.0,1.93,16.85,96.74,57.05,12.21,JAI,26.91,75.79,arid,NASA_POWER_daily_ag,3.367,7.741,1.4221,dewpoint,479.7,25.787
2021-11-03,20.97,29.92,13.6,57.41,0.0,1.44,16.84,96.76,62.48,11.05,JAI,26.91,75.79,arid,NASA_POWER_daily_ag,3.211,7.502,1.3171,dewpoint,477.6,25.629
2021-11-04,19.5,27.64,13.85,55.62,0.0,1.91,15.85,96.73,17.51,9.2,JAI,26.91,75.79,arid,NASA_POWER_daily_ag,3.309,6.962,1.1637,dewpoint,480.8,25.472
2021-11-05,19.9,28.49,14.08,51.47,0.0,1.5,13.18,96.69,36.88,8.58,JAI,26.91,75.79,arid,NASA_POWER_daily_ag,2.962,6.062,1.1159,dewpoint,485.0,25.318
2021-11-06,21.25,29.4,15.54,47.31,0.0,1.2,13.34,96.58,26.7,8.68,JAI,26.91,75.79,arid,NASA_POWER_daily_ag,2.896,6.012,1.1235,dewpoint,496.8,25.165
2021-11-07,21.33,30.61,15.5,51.63,0.0,1.41,15.66,96.56,2.61,9.8,JAI,26.91,75.79,arid,NASA_POWER_daily_ag,3.16,6.69,1.2116,dewpoint,498.9,25.015
2021-11-08,21.16,30.43,15.45,53.75,0.0,1.43,14.28,96.71,41.96,10.48,JAI,26.91,75.79,arid,NASA_POWER_daily_ag,3.005,6.37,1.268,dewpoint,482.9,24.868
2021-11-09,21.99,31.01,16.74,46.27,0.0,1.4,16.63,96.78,5.96,8.87,JAI,26.91,75.79,arid,NASA_POWER_daily_ag,3.317,6.63,1.138,dewpoint,475.5,24.722
2021-11-10,22.08,30.9,16.73,44.99,0.0,1.19,16.01,96.72,47.4,8.55,JAI,26.91,75.79,arid,NASA_POWER_daily_ag,3.101,6.386,1.1136,dewpoint,481.8,24.58
2021-11-11,21.01,29.96,15.07,45.78,0.0,1.02,16.12,96.63,7.55,7.68,JAI,26.91,75.79,arid,NASA_POWER_daily_ag,2.856,6.335,1.0496,dewpoint,491.4,24.439
2021-11-12,20.13,28.86,14.94,49.55,0.0,1.03,13.89,96.71,9.32,8.23,JAI,26.91,75.79,arid,NASA_POWER_daily_ag,2.613,5.883,1.0897,dewpoint,482.9,24.302
2021-11-13,19.39,28.24,14.88,48.38,0.0,1.37,11.5,96.71,14.11,7.1,JAI,26.91,75.79,arid,NASA_POWER_daily_ag,2.703,5.188,1.0088,dewpoint,482.9,24.167
2021-11-14,19.2,27.26,13.85,44.95,0.0,1.07,13.0,96.59,2.85,6.04,JAI,26.91,75.79,arid,NASA_POWER_daily_ag,2.564,5.439,0.9377,dewpoint,495.7,24.035
2021-11-15,18.79,26.77,13.72,51.01,0.0,0.81,12.26,96.5,15.87,7.57,JAI,26.91,75.79,arid,NASA_POWER_daily_ag,2.208,5.411,1.0418,dewpoint,505.3,23.905
2021-11-16,17.45,26.42,11.56,47.82,0.0,1.28,13.44,96.62,9.93,5.14,JAI,26.91,75.79,arid,NASA_POWER_daily_ag,2.585,5.456,0.8809,dewpoint,492.5,23.779
2021-11-17,16.38,25.64,10.27,50.43,0.0,1.73,13.53,96.8,65.12,5.1,JAI,26.91,75.79,arid,NASA_POWER_daily_ag,2.748,5.496,0.8784,dewpoint,473.3,23.656
2021-11-18,16.9,24.39,10.53,54.93,0.0,1.71,10.01,96.66,81.79,7.18,JAI,26.91,75.79,arid,NASA_POWER_daily_ag,2.475,4.874,1.0143,dewpoint,488.2,23.535
2021-11-19,18.78,26.03,13.41,59.52,0.86,1.47,3.89,96.46,99.18,9.9,JAI,26.91,75.79,arid,NASA_POWER_daily_ag,1.992,3.364,1.2198,dewpoint,509.6,23.418
2021-11-20,17.11,19.68,15.67,83.78,2.07,2.1,9.4,96.5,65.78,14.31,JAI,26.91,75.79,arid,NASA_POWER_daily_ag,1.688,5.165,1.631,dewpoint,505.3,23.303
2021-11-21,20.25,28.41,14.45,59.05,0.03,1.16,13.54,96.67,38.42,10.84,JAI,26.91,75.79,arid,NASA_POWER_daily_ag,2.518,5.83,1.2988,dewpoint,487.2,23.192
2021-11-22,19.13,28.6,13.61,41.6,0.0,1.83,14.11,96.68,40.85,4.68,JAI,26.91,75.79,arid,NASA_POWER_daily_ag,3.232,5.14,0.853,dewpoint,486.1,23.084
2021-11-23,20.29,28.2,13.65,29.2,0.0,1.16,16.01,96.54,18.18,1.06,JAI,26.91,75.79,arid,NASA_POWER_daily_ag,2.914,4.935,0.6596,dewpoint,501.0,22.98
2021-11-24,19.23,28.68,11.47,55.07,0.0,1.63,15.61,96.61,13.92,9.24,JAI,26.91,75.79,arid,NASA_POWER_daily_ag,2.881,6.089,1.1668,dewpoint,493.6,22.879
2021-11-25,19.45,29.09,11.71,53.31,0.0,1.17,15.68,96.71,9.48,8.19,JAI,26.91,75.79,arid,NASA_POWER_daily_ag,2.64,5.871,1.0867,dewpoint,482.9,22.781
2021-11-26,19.06,28.74,11.7,53.53,0.0,1.11,15.32,96.69,18.6,7.86,JAI,26.91,75.79,arid,NASA_POWER_daily_ag,2.533,5.724,1.0626,dewpoint,485.0,22.687
2021-11-27,18.85,28.16,11.6,57.97,0.0,1.14,14.82,96.76,48.37,9.02,JAI,26.91,75.79,arid,NASA_POWER_daily_ag,2.456,5.784,1.1496,dewpoint,477.6,22.596
2021-11-28,18.39,27.69,10.85,63.07,0.0,1.45,13.74,96.92,58.05,10.25,JAI,26.91,75.79,arid,NASA_POWER_daily_ag,2.444,5.715,1.2487,dewpoint,460.6,22.508
2021-11-29,18.39,27.32,11.48,56.74,0.0,1.22,14.08,97.03,70.68,8.77,JAI,26.91,75.79,arid,NASA_POWER_daily_ag,2.411,5.553,1.1303,dewpoint,448.9,22.425
2021-11-30,18.32,26.18,11.48,45.67,0.0,1.07,13.34,97.0,87.13,5.64,JAI,26.91,75.79,arid,NASA_POWER_daily_ag,2.386,5.018,0.9121,dewpoint,452.1,22.345
2021-12-01,16.35,21.39,12.9,58.28,0.0,1.44,5.89,97.0,99.79,7.99,JAI,26.91,75.79,arid,NASA_POWER_daily_ag,1.897,3.716,1.072,dewpoint,452.1,22.268
2021-12-02,15.84,21.11,12.51,55.7,0.05,1.22,5.2,97.0,90.17,6.7,JAI,26.91,75.79,arid,NASA_POWER_daily_ag,1.778,3.538,0.9814,dewpoint,452.1,22.195
2021-12-03,17.07,24.47,11.64,56.72,0.17,0.97,11.13,97.02,24.91,7.83,JAI,26.91,75.79,arid,NASA_POWER_daily_ag,1.977,4.798,1.0604,dewpoint,449.9,22.126
2021-12-04,18.21,25.69,12.29,59.29,0.0,1.04,13.54,96.89,3.49,9.56,JAI,26.91,75.79,arid,NASA_POWER_daily_ag,2.19,5.456,1.1922,dewpoint,463.8,22.061
2021-12-05,18.35,25.73,12.32,64.55,0.11,1.65,9.82,96.85,63.88,11.01,JAI,26.91,75.79,arid,NASA_POWER_daily_ag,2.214,4.706,1.3136,dewpoint,468.0,21.999
2021-12-06,18.71,26.01,14.16,66.77,0.04,1.15,11.08,96.9,26.63,11.59,JAI,26.91,75.79,arid,NASA_POWER_daily_ag,2.037,5.018,1.3651,dewpoint,462.7,21.942
2021-12-07,16.38,24.92,10.77,51.92,0.0,1.43,13.78,97.06,5.12,5.33,JAI,26.91,75.79,arid,NASA_POWER_daily_ag,2.419,4.967,0.8926,dewpoint,445.7,21.888
2021-12-08,16.21,24.39,10.71,44.75,0.0,1.08,13.97,97.04,3.82,3.39,JAI,26.91,75.79,arid,NASA_POWER_daily_ag,2.232,4.765,0.779,dewpoint,447.8,21.838
2021-12-09,15.13,24.2,8.45,50.68,0.0,1.38,13.53,97.22,3.61,4.07,JAI,26.91,75.79,arid,NASA_POWER_daily_ag,2.287,4.845,0.8173,dewpoint,428.7,21.792
2021-12-10,14.37,23.5,8.16,47.39,0.0,1.42,14.87,97.26,2.76,2.27,JAI,26.91,75.79,arid,NASA_POWER_daily_ag,2.35,4.863,0.7194,dewpoint,424.4,21.75
2021-12-11,15.28,23.24,8.89,39.9,0.0,0.93,14.55,97.14,5.3,0.8,JAI,26.91,75.79,arid,NASA_POWER_daily_ag,2.106,4.608,0.6473,dewpoint,437.2,21.712
2021-12-12,14.96,22.57,8.73,46.56,0.0,1.45,14.72,97.11,7.46,3.01,JAI,26.91,75.79,arid,NASA_POWER_daily_ag,2.409,4.929,0.7583,dewpoint,440.4,21.678
2021-12-13,13.91,20.79,8.3,62.0,0.0,1.36,11.16,96.96,19.29,6.32,JAI,26.91,75.79,arid,NASA_POWER_daily_ag,1.887,4.715,0.956,dewpoint,456.3,21.648
2021-12-14,14.96,23.75,8.76,64.61,0.0,1.19,12.01,96.85,10.05,7.44,JAI,26.91,75.79,arid,NASA_POWER_daily_ag,1.894,4.894,1.0325,dewpoint,468.0,21.621
2021-12-15,14.63,22.51,7.5,67.06,0.0,1.19,12.11,96.95,6.67,7.69,JAI,26.91,75.79,arid,NASA_POWER_daily_ag,1.854,5.008,1.0503,dewpoint,457.4,21.599
2021-12-16,13.39,22.07,6.76,58.68,0.0,2.06,11.16,97.0,12.36,4.49,JAI,26.91,75.79,arid,NASA_POWER_daily_ag,2.265,4.534,0.8417,dewpoint,452.1,21.581
2021-12-17,11.09,19.6,5.77,37.79,0.0,2.86,11.68,97.3,15.57,-3.86,JAI,26.91,75.79,arid,NASA_POWER_daily_ag,3.018,4.049,0.4591,dewpoint,420.2,21.567
2021-12-18,9.97,20.56,3.36,34.63,0.0,1.9,15.46,97.32,5.8,-6.3,JAI,26.91,75.79,arid,NASA_POWER_daily_ag,2.505,4.25,0.3814,dewpoint,418.1,21.557
2021-12-19,10.96,21.37,4.11,30.94,0.0,1.43,15.8,97.25,4.03,-6.77,JAI,26.91,75.79,arid,NASA_POWER_daily_ag,2.31,4.143,0.3678,dewpoint,425.5,21.551
2021-12-20,13.99,23.26,6.15,25.68,0.0,0.84,15.05,97.08,3.22,-6.51,JAI,26.91,75.79,arid,NASA_POWER_daily_ag,1.999,3.909,0.3753,dewpoint,443.6,21.549
2021-12-21,15.41,24.86,8.88,33.17,0.0,1.06,15.26,96.94,4.29,-1.56,JAI,26.91,75.79,arid,NASA_POWER_daily_ag,2.26,4.252,0.5448,dewpoint,458.4,21.551
2021-12-22,16.41,25.12,8.72,36.12,0.0,0.89,14.85,96.71,5.95,0.56,JAI,26.91,75.79,arid,NASA_POWER_daily_ag,2.151,4.472,0.6361,dewpoint,482.9,21.558
2021-12-23,17.36,25.9,10.86,41.66,0.0,1.24,14.03,96.59,27.95,3.67,JAI,26.91,75.79,arid,NASA_POWER_daily_ag,2.448,4.637,0.7946,dewpoint,495.7,21.568
2021-12-24,17.13,26.09,11.91,46.87,0.0,1.49,12.78,96.6,16.16,4.98,JAI,26.91,75.79,arid,NASA_POWER_daily_ag,2.505,4.572,0.8711,dewpoint,494.6,21.582
2021-12-25,15.53,23.82,8.95,52.42,0.0,1.58,12.64,96.79,12.89,4.92,JAI,26.91,75.79,arid,NASA_POWER_daily_ag,2.371,4.728,0.8675,dewpoint,474.4,21.601
2021-12-26,15.64,23.21,9.44,62.11,1.81,1.51,10.89,96.93,50.65,7.89,JAI,26.91,75.79,arid,NASA_POWER_daily_ag,2.055,4.7,1.0648,dewpoint,459.5,21.623
2021-12-27,14.41,19.78,10.2,72.06,1.06,2.05,9.63,97.06,58.82,9.18,JAI,26.91,75.79,arid,NASA_POWER_daily_ag,1.843,4.59,1.1621,dewpoint,445.7,21.649
2021-12-28,13.53,17.42,10.74,78.46,0.89,1.68,4.93,97.03,71.33,9.72,JAI,26.91,75.79,arid,NASA_POWER_daily_ag,1.285,3.457,1.2051,dewpoint,448.9,21.68
2021-12-29,13.49,21.23,8.66,67.55,0.0,1.46,11.78,97.13,19.72,6.65,JAI,26.91,75.79,arid,NASA_POWER_daily_ag,1.867,4.87,0.978,dewpoint,438.2,21.714
2021-12-30,11.76,19.99,5.92,51.72,0.0,1.62,13.34,97.5,26.84,1.52,JAI,26.91,75.79,arid,NASA_POWER_daily_ag,2.137,4.779,0.6818,dewpoint,399.0,21.753
2021-12-31,11.07,18.06,5.28,52.46,0.0,1.17,9.8,97.51,67.31,1.35,JAI,26.91,75.79,arid,NASA_POWER_daily_ag,1.725,4.261,0.6735,dewpoint,398.0,21.795
2022-01-01,13.25,20.9,7.14,52.54,0.0,1.14,11.71,97.36,25.65,2.9,JAI,26.91,75.79,arid,NASA_POWER_daily_ag,1.929,4.595,0.7524,dewpoint,413.8,21.842
2022-01-02,13.99,22.88,7.52,47.97,0.0,1.28,12.31,97.21,31.11,2.31,JAI,26.91,75.79,arid,NASA_POWER_daily_ag,2.144,4.581,0.7215,dewpoint,429.8,21.892
2022-01-03,15.06,23.87,8.05,45.39,0.0,1.07,13.24,97.06,19.26,2.39,JAI,26.91,75.79,arid,NASA_POWER_daily_ag,2.14,4.701,0.7256,dewpoint,445.7,21.946
2022-01-04,16.57,25.15,9.13,56.35,0.02,1.73,11.72,96.94,59.45,7.36,JAI,26.91,75.79,arid,NASA_POWER_daily_ag,2.414,4.886,1.0269,dewpoint,458.4,22.005
2022-01-05,15.18,18.58,12.82,83.23,7.74,1.49,4.19,96.8,98.88,12.33,JAI,26.91,75.79,arid,NASA_POWER_daily_ag,1.139,3.3,1.4334,dewpoint,473.3,22.067
2022-01-06,14.45,19.34,11.62,87.58,2.6,2.14,3.88,96.78,90.33,12.34,JAI,26.91,75.79,arid,NASA_POWER_daily_ag,1.06,3.213,1.4343,dewpoint,475.5,22.133
2022-01-07,15.15,21.02,11.0,85.14,19.62,2.45,6.55,96.74,75.85,12.43,JAI,26.91,75.79,arid,NASA_POWER_daily_ag,1.394,4.015,1.4428,dewpoint,479.7,22.202
2022-01-08,15.33,20.62,9.64,80.41,15.11,2.17,7.85,96.69,69.72,11.63,JAI,26.91,75.79,arid,NASA_POWER_daily_ag,1.623,4.392,1.3687,dewpoint,485.0,22.276
2022-01-09,11.24,18.81,6.16,72.44,0.03,2.41,13.67,96.79,27.38,5.79,JAI,26.91,75.79,arid,NASA_POWER_daily_ag,1.962,5.565,0.9216,dewpoint,474.4,22.353
2022-01-10,10.57,18.34,4.57,70.04,0.01,1.6,15.84,97.01,6.09,4.52,JAI,26.91,75.79,arid,NASA_POWER_daily_ag,1.897,6.014,0.8435,dewpoint,451.0,22.434
2022-01-11,10.53,18.42,4.53,68.06,0.0,1.33,14.48,97.02,12.38,4.09,JAI,26.91,75.79,arid,NASA_POWER_daily_ag,1.794,5.681,0.8184,dewpoint,449.9,22.519
2022-01-12,10.29,17.16,3.32,62.67,0.0,1.16,10.41,96.96,37.34,2.7,JAI,26.91,75.79,arid,NASA_POWER_daily_ag,1.633,4.75,0.7418,dewpoint,456.3,22.607
2022-01-13,11.31,18.25,4.77,59.32,0.0,1.1,13.73,96.94,18.28,3.13,JAI,26.91,75.79,arid,NASA_POWER_daily_ag,1.846,5.472,0.7648,dewpoint,458.4,22.699
2022-01-14,11.11,18.7,6.03,63.52,0.0,1.02,14.8,97.01,9.12,3.78,JAI,26.91,75.79,arid,NASA_POWER_daily_ag,1.801,5.748,0.8008,dewpoint,451.0,22.794
2022-01-15,10.61,18.4,4.67,73.1,0.0,1.18,7.45,97.16,59.42,5.35,JAI,26.91,75.79,arid,NASA_POWER_daily_ag,1.361,4.199,0.8939,dewpoint,435.1,22.893
2022-01-16,10.95,18.59,5.76,66.08,0.0,1.26,8.23,97.24,72.33,4.15,JAI,26.91,75.79,arid,NASA_POWER_daily_ag,1.56,4.344,0.8219,dewpoint,426.6,22.996
2022-01-17,10.83,19.18,4.03,63.47,0.0,1.15,11.01,97.27,54.18,3.47,JAI,26.91,75.79,arid,NASA_POWER_daily_ag,1.686,4.992,0.7834,dewpoint,423.4,23.102
2022-01-18,12.64,22.19,5.92,56.25,0.0,1.29,14.04,97.11,27.57,2.94,JAI,26.91,75.79,arid,NASA_POWER_daily_ag,2.123,5.494,0.7545,dewpoint,440.4,23.211
2022-01-19,13.0,21.77,6.52,59.94,0.0,1.33,15.39,96.81,21.55,4.71,JAI,26.91,75.79,arid,NASA_POWER_daily_ag,2.165,6.037,0.8548,dewpoint,472.3,23.323
2022-01-20,13.82,23.96,6.77,64.74,0.0,1.53,15.52,96.35,14.93,6.39,JAI,26.91,75.79,arid,NASA_POWER_daily_ag,2.257,6.232,0.9607,dewpoint,521.3,23.439
2022-01-21,13.67,21.72,6.52,68.48,0.87,1.91,9.94,96.36,65.23,7.09,JAI,26.91,75.79,arid,NASA_POWER_daily_ag,2.029,4.985,1.0081,dewpoint,520.3,23.558
2022-01-22,14.99,21.36,10.21,72.98,10.6,3.37,11.43,95.84,70.73,9.64,JAI,26.91,75.79,arid,NASA_POWER_daily_ag,2.388,5.567,1.1987,dewpoint,575.9,23.68
2022-01-23,12.41,18.24,7.52,69.77,1.43,2.27,11.26,96.27,33.37,6.22,JAI,26.91,75.79,arid,NASA_POWER_daily_ag,2.083,5.392,0.9494,dewpoint,529.9,23.806
2022-01-24,11.08,18.05,6.25,70.4,0.0,1.61,16.06,96.64,14.62,5.13,JAI,26.91,75.79,arid,NASA_POWER_daily_ag,2.04,6.642,0.8803,dewpoint,490.4,23.934
2022-01-25,10.57,18.25,5.3,68.42,0.0,1.62,17.37,96.72,15.25,4.21,JAI,26.91,75.79,arid,NASA_POWER_daily_ag,2.109,6.94,0.8254,dewpoint,481.8,24.065
2022-01-26,10.65,19.0,5.08,60.47,0.0,1.6,17.5,96.85,5.92,2.18,JAI,26.91,75.79,arid,NASA_POWER_daily_ag,2.272,6.724,0.7148,dewpoint,468.0,24.199
2022-01-27,11.33,20.52,5.64,47.36,0.0,1.47,17.48,96.99,4.06,-0.73,JAI,26.91,75.79,arid,NASA_POWER_daily_ag,2.465,6.304,0.5791,dewpoint,453.1,24.336
2022-01-28,13.52,22.47,6.73,38.88,0.0,1.32,17.68,97.01,4.15,-1.24,JAI,26.91,75.79,arid,NASA_POWER_daily_ag,2.674,6.182,0.5578,dewpoint,451.0,24.476
2022-01-29,16.09,24.09,8.82,33.16,0.0,0.89,18.06,96.97,3.75,-0.85,JAI,26.91,75.79,arid,NASA_POWER_daily_ag,2.581,6.171,0.574,dewpoint,455.2,24.619
2022-01-30,16.66,25.78,8.7,36.08,0.0,1.36,18.11,96.62,2.43,0.57,JAI,26.91,75.79,arid,NASA_POWER_daily_ag,3.05,6.348,0.6366,dewpoint,492.5,24.764
2022-01-31,17.61,26.74,10.06,40.18,0.0,1.21,17.4,96.45,5.81,3.07,JAI,26.91,75.79,arid,NASA_POWER_daily_ag,2.93,6.493,0.7615,dewpoint,510.6,24.912
2022-02-01,17.38,27.14,10.94,45.01,0.0,1.63,17.71,96.43,4.78,4.68,JAI,26.91,75.79,arid,NASA_POWER_daily_ag,3.173,6.791,0.853,dewpoint,512.8,25.062
2022-02-02,16.13,25.94,9.3,47.79,0.0,1.73,18.1,96.33,4.7,3.95,JAI,26.91,75.79,arid,NASA_POWER_daily_ag,3.135,6.97,0.8104,dewpoint,523.5,25.214
2022-02-03,14.06,22.22,8.72,55.71,0.01,3.18,16.57,95.94,10.59,4.4,JAI,26.91,75.79,arid,NASA_POWER_daily_ag,3.302,6.911,0.8364,dewpoint,565.2,25.369
2022-02-04,12.73,22.33,5.55,58.48,0.0,2.11,18.4,96.24,4.81,2.92,JAI,26.91,75.79,arid,NASA_POWER_daily_ag,2.885,7.37,0.7535,dewpoint,533.1,25.527
2022-02-05,12.88,22.99,4.07,55.03,0.0,1.38,18.95,96.6,4.76,1.76,JAI,26.91,75.79,arid,NASA_POWER_daily_ag,2.694,7.437,0.6936,dewpoint,494.6,25.686
2022-02-06,13.48,24.24,5.1,48.48,0.0,1.94,18.65,96.81,3.2,1.63,JAI,26.91,75.79,arid,NASA_POWER_daily_ag,3.065,7.286,0.6872,dewpoint,472.3,25.848
2022-02-07,16.76,26.36,7.64,47.3,0.0,1.22,17.92,96.72,2.83,4.68,JAI,26.91,75.79,arid,NASA_POWER_daily_ag,2.926,7.356,0.853,dewpoint,481.8,26.011
2022-02-08,18.07,25.84,10.45,54.45,0.22,1.24,15.63,96.55,17.97,8.13,JAI,26.91,75.79,arid,NASA_POWER_daily_ag,2.813,7.138,1.0823,dewpoint,500.0,26.177
2022-02-09,16.71,23.07,11.69,67.12,1.16,2.35,15.88,96.7,34.21,10.02,JAI,26.91,75.79,arid,NASA_POWER_daily_ag,2.912,7.562,1.2296,dewpoint,484.0,26.344
2022-02-10,14.87,23.56,8.26,58.19,0.0,1.47,18.49,97.04,12.64,5.09,JAI,26.91,75.79,arid,NASA_POWER_daily_ag,2.867,7.844,0.8778,dewpoint,447.8,26.513
2022-02-11,15.07,24.2,8.65,43.53,0.0,1.8,19.87,96.96,2.6,1.62,JAI,26.91,75.79,arid,NASA_POWER_daily_ag,3.364,7.743,0.6867,dewpoint,456.3,26.684
2022-02-12,17.49,25.96,10.95,34.04,0.0,1.32,19.96,96.78,4.19,0.62,JAI,26.91,75.79,arid,NASA_POWER_daily_ag,3.387,7.485,0.6389,dewpoint,475.5,26.857
2022-02-13,16.46,25.66,8.96,41.66,0.0,1.75,19.96,96.6,6.43,2.41,JAI,26.91,75.79,arid,NASA_POWER_daily_ag,3.546,7.924,0.7266,dewpoint,494.6,27.031
2022-02-14,16.1,26.26,7.32,45.06,0.0,1.78,19.24,96.56,6.16,2.84,JAI,26.91,75.79,arid,NASA_POWER_daily_ag,3.461,7.899,0.7492,dewpoint,498.9,27.206
2022-02-15,16.94,26.73,8.32,46.2,0.0,1.7,18.46,96.57,6.13,4.06,JAI,26.91,75.79,arid,NASA_POWER_daily_ag,3.437,7.842,0.8167,dewpoint,497.8,27.383
2022-02-16,18.09,27.58,10.0,43.48,0.0,1.32,19.05,96.41,4.87,4.09,JAI,26.91,75.79,arid,NASA_POWER_daily_ag,3.371,7.965,0.8184,dewpoint,514.9,27.561
2022-02-17,18.41,27.42,10.07,45.15,0.0,1.14,19.64,96.37,8.67,4.85,JAI,26.91,75.79,arid,NASA_POWER_daily_ag,3.307,8.309,0.8632,dewpoint,519.2,27.741
2022-02-18,18.58,27.7,9.95,47.67,0.82,1.55,17.08,96.49,28.26,5.92,JAI,26.91,75.79,arid,NASA_POWER_daily_ag,3.427,7.742,0.9299,dewpoint,506.4,27.921
2022-02-19,18.05,27.02,10.69,48.67,0.34,1.49,18.52,96.68,12.97,5.77,JAI,26.91,75.79,arid,NASA_POWER_daily_ag,3.422,8.211,0.9203,dewpoint,486.1,28.102
2022-02-20,17.77,27.45,11.01,37.86,0.0,3.06,20.49,96.31,7.76,1.83,JAI,26.91,75.79,arid,NASA_POWER_daily_ag,4.802,8.259,0.6971,dewpoint,525.6,28.285
2022-02-21,20.16,30.22,10.57,34.08,0.0,1.82,20.49,96.17,6.48,2.14,JAI,26.91,75.79,arid,NASA_POWER_daily_ag,4.328,8.239,0.7127,dewpoint,540.6,28.468
2022-02-22,21.28,32.27,13.11,36.47,0.0,2.46,21.18,96.21,6.74,4.68,JAI,26.91,75.79,arid,NASA_POWER_daily_ag,4.969,8.649,0.853,dewpoint,536.3,28.652
2022-02-23,20.09,28.87,12.71,45.85,0.0,1.43,20.09,96.59,10.48,6.82,JAI,26.91,75.79,arid,NASA_POWER_daily_ag,3.791,8.917,0.9895,dewpoint,495.7,28.837
2022-02-24,20.0,27.84,12.84,50.01,0.0,1.43,17.47,96.81,30.55,8.27,JAI,26.91,75.79,arid,NASA_POWER_daily_ag,3.518,8.359,1.0927,dewpoint,472.3,29.022
2022-02-25,19.99,29.42,11.68,50.76,0.02,1.99,19.8,96.74,23.02,7.96,JAI,26.91,75.79,arid,NASA_POWER_daily_ag,4.106,9.125,1.0698,dewpoint,479.7,29.207
2022-02-26,18.95,28.41,11.57,49.25,0.02,2.21,20.16,96.7,8.17,6.53,JAI,26.91,75.79,arid,NASA_POWER_daily_ag,4.188,9.133,0.97,dewpoint,484.0,29.393
2022-02-27,18.51,27.65,11.6,54.32,0.0,2.93,19.34,97.0,2.7,7.77,JAI,26.91,75.79,arid,NASA_POWER_daily_ag,4.286,9.122,1.0561,dewpoint,452.1,29.58
2022-02-28,17.58,27.49,9.3,42.77,0.0,1.74,21.4,96.98,5.47,2.85,JAI,26.91,75.79,arid,NASA_POWER_daily_ag,3.992,9.239,0.7497,dewpoint,454.2,29.766
2022-03-01,19.63,29.83,11.37,38.76,0.0,1.44,20.67,96.94,45.41,3.7,JAI,26.91,75.79,arid,NASA_POWER_daily_ag,3.974,8.987,0.7962,dewpoint,458.4,29.953
2022-03-02,20.26,29.68,11.86,40.63,0.54,2.09,20.72,96.88,56.59,5.16,JAI,26.91,75.79,arid,NASA_POWER_daily_ag,4.561,9.261,0.8821,dewpoint,464.8,30.14
2022-03-03,20.1,29.59,11.7,46.32,0.07,2.55,21.14,96.77,58.56,6.86,JAI,26.91,75.79,arid,NASA_POWER_daily_ag,4.755,9.728,0.9923,dewpoint,476.5,30.326
2022-03-04,19.34,27.82,12.96,48.48,0.0,3.16,21.21,96.95,62.74,6.83,JAI,26.91,75.79,arid,NASA_POWER_daily_ag,4.927,9.832,0.9902,dewpoint,457.4,30.513
2022-03-05,19.86,29.84,11.62,43.55,0.0,1.8,22.4,96.85,60.88,5.52,JAI,26.91,75.79,arid,NASA_POWER_daily_ag,4.413,10.04,0.9045,dewpoint,468.0,30.699
2022-03-06,22.75,31.36,15.94,33.38,0.0,1.64,19.98,96.61,88.69,4.85,JAI,26.91,75.79,arid,NASA_POWER_daily_ag,4.573,8.974,0.8632,dewpoint,493.6,30.885
2022-03-07,22.53,32.52,15.26,34.91,0.0,2.46,20.49,96.66,65.41,4.27,JAI,26.91,75.79,arid,NASA_POWER_daily_ag,5.39,9.076,0.8288,dewpoint,488.2,31.071
2022-03-08,22.75,31.4,14.7,36.75,0.05,2.11,15.51,96.7,80.61,6.23,JAI,26.91,75.79,arid,NASA_POWER_daily_ag,4.626,7.838,0.9501,dewpoint,484.0,31.256
2022-03-09,24.36,32.74,17.09,39.18,0.38,1.96,16.36,96.58,73.85,8.64,JAI,26.91,75.79,arid,NASA_POWER_daily_ag,4.676,8.316,1.1204,dewpoint,496.8,31.441
2022-03-10,23.44,31.98,15.28,40.57,0.21,1.47,20.72,96.61,65.8,8.01,JAI,26.91,75.79,arid,NASA_POWER_daily_ag,4.518,9.889,1.0735,dewpoint,493.6,31.625
2022-03-11,23.7,32.96,15.97,33.96,0.0,1.94,21.9,96.67,64.8,5.42,JAI,26.91,75.79,arid,NASA_POWER_daily_ag,5.224,9.863,0.8982,dewpoint,487.2,31.808
2022-03-12,24.5,33.95,17.76,30.83,0.0,1.76,21.61,96.54,67.93,5.03,JAI,26.91,75.79,arid,NASA_POWER_daily_ag,5.151,9.644,0.8741,dewpoint,501.0,31.991
2022-03-13,26.39,36.82,18.79,30.03,0.0,2.02,22.12,96.49,62.28,6.2,JAI,26.91,75.79,arid,NASA_POWER_daily_ag,5.744,9.857,0.9481,dewpoint,506.4,32.173
2022-03-14,28.05,38.26,20.23,29.99,0.0,1.97,21.86,96.42,59.4,7.71,JAI,26.91,75.79,arid,NASA_POWER_daily_ag,5.89,9.952,1.0518,dewpoint,513.8,32.354
2022-03-15,28.51,38.75,19.58,29.58,0.0,2.6,22.88,96.23,60.27,7.53,JAI,26.91,75.79,arid,NASA_POWER_daily_ag,6.837,10.316,1.0389,dewpoint,534.1,32.533
2022-03-16,28.73,39.12,19.48,28.42,0.0,2.74,23.29,96.08,51.56,7.1,JAI,26.91,75.79,arid,NASA_POWER_daily_ag,7.115,10.416,1.0088,dewpoint,550.2,32.712
2022-03-17,29.22,40.55,19.88,26.45,0.0,2.31,22.84,96.07,52.18,6.3,JAI,26.91,75.79,arid,NASA_POWER_daily_ag,6.685,10.092,0.9547,dewpoint,551.3,32.89
2022-03-18,29.39,39.78,21.04,31.2,0.0,1.2,22.92,96.06,52.2,8.78,JAI,26.91,75.79,arid,NASA_POWER_daily_ag,5.21,10.609,1.1311,dewpoint,552.3,33.066
2022-03-19,28.87,39.32,20.45,27.73,0.0,1.95,24.25,95.92,49.2,5.73,JAI,26.91,75.79,arid,NASA_POWER_daily_ag,6.332,10.593,0.9178,dewpoint,567.3,33.241
2022-03-20,28.44,38.29,20.57,20.41,0.0,3.05,22.23,95.86,64.5,2.31,JAI,26.91,75.79,arid,NASA_POWER_daily_ag,7.631,9.541,0.7215,dewpoint,573.8,33.415
2022-03-21,28.46,38.15,19.52,21.4,0.0,2.12,22.89,96.06,62.12,3.62,JAI,26.91,75.79,arid,NASA_POWER_daily_ag,6.48,10.036,0.7918,dewpoint,552.3,33.587
2022-03-22,28.77,37.89,20.88,23.06,0.0,2.58,23.13,96.2,62.74,3.91,JAI,26.91,75.79,arid,NASA_POWER_daily_ag,7.154,10.157,0.8081,dewpoint,537.4,33.758
2022-03-23,28.67,37.77,21.19,21.66,0.0,1.79,19.38,96.13,79.75,3.75,JAI,26.91,75.79,arid,NASA_POWER_daily_ag,5.773,9.033,0.7991,dewpoint,544.8,33.927
2022-03-24,28.31,37.13,20.76,20.93,0.0,3.24,22.06,95.99,57.13,2.92,JAI,26.91,75.79,arid,NASA_POWER_daily_ag,7.854,9.839,0.7535,dewpoint,559.8,34.095
2022-03-25,27.95,37.87,19.42,17.87,0.0,2.4,24.02,96.1,58.6,-0.02,JAI,26.91,75.79,arid,NASA_POWER_daily_ag,7.003,10.062,0.6099,dewpoint,548.1,34.261
2022-03-26,28.56,38.22,20.88,14.68,0.0,2.79,24.75,96.34,60.93,-2.04,JAI,26.91,75.79,arid,NASA_POWER_daily_ag,7.741,9.918,0.5259,dewpoint,522.4,34.426
2022-03-27,30.35,40.45,21.75,12.31,0.0,1.92,25.19,96.28,60.61,-3.42,JAI,26.91,75.79,arid,NASA_POWER_daily_ag,6.748,9.694,0.4745,dewpoint,528.8,34.589
2022-03-28,31.01,40.68,22.28,11.35,0.0,1.97,24.91,96.17,60.93,-3.43,JAI,26.91,75.79,arid,NASA_POWER_daily_ag,6.912,9.644,0.4741,dewpoint,540.6,34.749
2022-03-29,30.47,41.19,19.51,13.96,0.0,2.44,25.19,96.01,58.78,-1.11,JAI,26.91,75.79,arid,NASA_POWER_daily_ag,7.636,10.238,0.5632,dewpoint,557.7,34.909
2022-03-30,31.24,41.96,20.89,14.15,0.0,2.06,24.56,95.96,60.94,-0.75,JAI,26.91,75.79,arid,NASA_POWER_daily_ag,7.1,10.057,0.5783,dewpoint,563.0,35.066
2022-03-31,31.09,42.07,21.77,13.85,0.0,2.65,24.73,96.05,60.21,-1.62,JAI,26.91,75.79,arid,NASA_POWER_daily_ag,8.024,9.972,0.5424,dewpoint,553.4,35.221
2022-04-01,30.08,40.22,20.97,14.09,0.0,2.14,24.59,96.16,48.73,-1.88,JAI,26.91,75.79,arid,NASA_POWER_daily_ag,7.113,10.11,0.5321,dewpoint,541.6,35.374
2022-04-02,31.07,41.26,23.47,8.43,0.0,2.21,23.73,96.2,68.08,-7.2,JAI,26.91,75.79,arid,NASA_POWER_daily_ag,7.292,9.072,0.3558,dewpoint,537.4,35.526
2022-04-03,30.48,41.38,20.82,8.85,0.0,2.82,24.77,96.17,67.98,-7.0,JAI,26.91,75.79,arid,NASA_POWER_daily_ag,8.299,9.526,0.3613,dewpoint,540.6,35.675
2022-04-04,30.44,40.6,21.25,8.76,0.0,2.81,23.75,96.2,70.96,-6.89,JAI,26.91,75.79,arid,NASA_POWER_daily_ag,8.233,9.381,0.3644,dewpoint,537.4,35.822
2022-04-05,31.55,41.57,23.08,9.91,0.0,1.97,25.86,96.39,58.23,-4.41,JAI,26.91,75.79,arid,NASA_POWER_daily_ag,7.156,10.083,0.4404,dewpoint,517.0,35.967
2022-04-06,31.46,41.76,22.81,9.86,0.0,1.78,24.35,96.4,75.75,-4.96,JAI,26.91,75.79,arid,NASA_POWER_daily_ag,6.715,9.693,0.4225,dewpoint,516.0,36.11
2022-04-07,31.96,42.59,22.63,8.57,0.0,1.71,25.1,96.32,69.5,-6.18,JAI,26.91,75.79,arid,NASA_POWER_daily_ag,6.695,9.728,0.3849,dewpoint,524.5,36.251
2022-04-08,33.42,43.22,24.24,8.38,0.0,1.59,24.72,96.07,70.57,-5.34,JAI,26.91,75.79,arid,NASA_POWER_daily_ag,6.601,9.673,0.4104,dewpoint,551.3,36.389
2022-04-09,33.43,43.16,24.01,11.97,0.0,2.38,23.63,95.95,66.16,-0.73,JAI,26.91,75.79,arid,NASA_POWER_daily_ag,7.988,10.069,0.5791,dewpoint,564.1,36.526
2022-04-10,33.59,43.63,24.46,11.06,0.0,2.96,22.71,95.91,70.9,-1.78,JAI,26.91,75.79,arid,NASA_POWER_daily_ag,8.919,9.679,0.5361,dewpoint,568.4,36.66
2022-04-11,33.32,43.21,23.35,11.93,0.0,2.33,24.37,95.84,65.15,-0.98,JAI,26.91,75.79,arid,NASA_POWER_daily_ag,7.978,10.358,0.5686,dewpoint,575.9,36.792
2022-04-12,32.69,40.97,26.04,12.56,0.0,3.52,20.18,95.82,85.33,-0.38,JAI,26.91,75.79,arid,NASA_POWER_daily_ag,9.393,9.288,0.5941,dewpoint,578.1,36.921
2022-04-13,31.92,40.54,24.02,13.59,0.0,3.1,26.33,95.78,61.87,-0.31,JAI,26.91,75.79,arid,NASA_POWER_daily_ag,9.129,11.236,0.5972,dewpoint,582.4,37.048
2022-04-14,32.39,40.57,24.34,19.12,0.01,2.4,22.72,95.73,60.74,5.39,JAI,26.91,75.79,arid,NASA_POWER_daily_ag,7.728,10.961,0.8963,dewpoint,587.7,37.173
2022-04-15,32.78,41.05,25.96,15.14,0.0,2.67,25.33,95.67,57.76,1.93,JAI,26.91,75.79,arid,NASA_POWER_daily_ag,8.52,11.233,0.7021,dewpoint,594.2,37.296
2022-04-16,31.44,41.5,22.14,12.56,0.0,2.63,26.11,95.64,60.23,-2.99,JAI,26.91,75.79,arid,NASA_POWER_daily_ag,8.389,10.951,0.49,dewpoint,597.4,37.416
2022-04-17,32.66,42.41,23.13,13.75,0.0,1.91,22.51,95.71,72.44,0.82,JAI,26.91,75.79,arid,NASA_POWER_daily_ag,7.071,10.333,0.6482,dewpoint,589.9,37.534
2022-04-18,34.13,42.61,26.26,17.62,0.0,4.24,24.3,95.96,57.08,5.17,JAI,26.91,75.79,arid,NASA_POWER_daily_ag,10.875,11.41,0.8827,dewpoint,563.0,37.65
2022-04-19,33.94,42.17,26.38,18.83,0.0,3.81,25.49,96.19,64.01,5.69,JAI,26.91,75.79,arid,NASA_POWER_daily_ag,10.345,11.945,0.9152,dewpoint,538.4,37.763
2022-04-20,34.19,41.02,26.69,19.98,0.0,2.93,24.6,96.02,66.64,7.27,JAI,26.91,75.79,arid,NASA_POWER_daily_ag,9.026,11.982,1.0206,dewpoint,556.6,37.874
2022-04-21,32.74,37.01,28.07,22.44,0.35,1.97,17.55,96.06,79.58,8.34,JAI,26.91,75.79,arid,NASA_POWER_daily_ag,6.55,9.621,1.0979,dewpoint,552.3,37.982
2022-04-22,32.09,40.16,24.37,18.08,0.0,2.27,24.46,96.08,72.53,3.7,JAI,26.91,75.79,arid,NASA_POWER_daily_ag,7.772,11.563,0.7962,dewpoint,550.2,38.089
2022-04-23,32.38,40.64,23.83,15.29,0.0,2.35,25.7,96.12,68.62,1.62,JAI,26.91,75.79,arid,NASA_POWER_daily_ag,8.109,11.691,0.6867,dewpoint,545.9,38.192
2022-04-24,32.9,41.28,23.86,14.89,0.0,2.34,27.05,96.0,60.14,1.57,JAI,26.91,75.79,arid,NASA_POWER_daily_ag,8.31,12.116,0.6842,dewpoint,558.8,38.294
2022-04-25,34.02,42.55,25.58,16.45,0.0,1.87,25.34,95.87,70.72,3.9,JAI,26.91,75.79,arid,NASA_POWER_daily_ag,7.502,11.803,0.8076,dewpoint,572.7,38.393
2022-04-26,34.65,42.4,27.71,16.51,0.0,1.57,23.99,95.92,76.91,4.72,JAI,26.91,75.79,arid,NASA_POWER_daily_ag,6.911,11.414,0.8554,dewpoint,567.3,38.49
2022-04-27,34.64,43.92,26.61,13.68,0.0,1.88,25.85,95.88,67.51,1.75,JAI,26.91,75.79,arid,NASA_POWER_daily_ag,7.636,11.559,0.6931,dewpoint,571.6,38.584
2022-04-28,35.8,44.36,28.36,12.5,0.0,1.74,25.44,95.91,59.56,2.13,JAI,26.91,75.79,arid,NASA_POWER_daily_ag,7.476,11.407,0.7122,dewpoint,568.4,38.677
2022-04-29,35.19,44.1,26.59,12.44,0.0,3.24,25.9,95.92,66.56,0.95,JAI,26.91,75.79,arid,NASA_POWER_daily_ag,10.064,11.497,0.6543,dewpoint,567.3,38.766
2022-04-30,34.81,43.88,25.08,14.32,0.0,2.2,25.78,95.61,51.52,3.0,JAI,26.91,75.79,arid,NASA_POWER_daily_ag,8.258,11.898,0.7578,dewpoint,600.6,38.854
2022-05-01,36.45,44.7,27.7,17.89,0.0,3.04,22.21,95.44,53.09,7.02,JAI,26.91,75.79,arid,NASA_POWER_daily_ag,9.456,11.154,1.0032,dewpoint,618.9,38.939
2022-05-02,36.48,44.56,29.92,18.74,0.0,4.5,25.51,95.47,61.12,7.76,JAI,26.91,75.79,arid,NASA_POWER_daily_ag,11.898,12.407,1.0554,dewpoint,615.7,39.022
2022-05-03,34.23,41.55,27.78,17.9,0.0,3.63,26.47,95.76,64.37,5.51,JAI,26.91,75.79,arid,NASA_POWER_daily_ag,10.364,12.619,0.9039,dewpoint,584.5,39.103
2022-05-04,33.77,40.85,27.55,22.76,0.0,2.8,24.73,95.94,65.15,8.87,JAI,26.91,75.79,arid,NASA_POWER_daily_ag,8.774,12.607,1.138,dewpoint,565.2,39.182
2022-05-05,33.65,40.72,25.93,24.07,0.0,1.75,24.63,95.95,76.01,9.22,JAI,26.91,75.79,arid,NASA_POWER_daily_ag,7.222,12.712,1.1652,dewpoint,564.1,39.258
2022-05-06,34.58,40.88,27.55,23.65,0.19,1.38,19.8,95.92,81.69,10.01,JAI,26.91,75.79,arid,NASA_POWER_daily_ag,6.142,10.845,1.2288,dewpoint,567.3,39.332
2022-05-07,35.38,42.72,28.2,18.73,0.0,1.92,23.05,95.89,76.08,7.01,JAI,26.91,75.79,arid,NASA_POWER_daily_ag,7.571,11.621,1.0025,dewpoint,570.6,39.404
2022-05-08,35.37,43.61,27.16,16.94,0.0,2.3,24.09,95.69,65.37,6.03,JAI,26.91,75.79,arid,NASA_POWER_daily_ag,8.34,11.875,0.9371,dewpoint,592.0,39.474
2022-05-09,35.7,44.19,27.21,17.08,0.0,1.96,26.82,95.63,57.13,5.98,JAI,26.91,75.79,arid,NASA_POWER_daily_ag,8.114,12.837,0.9338,dewpoint,598.5,39.542
2022-05-10,35.67,44.44,27.98,19.53,0.0,2.56,25.86,95.64,63.0,6.91,JAI,26.91,75.79,arid,NASA_POWER_daily_ag,8.98,12.623,0.9957,dewpoint,597.4,39.608
2022-05-11,36.51,45.1,27.91,21.82,0.0,2.23,26.65,95.51,60.11,9.83,JAI,26.91,75.79,arid,NASA_POWER_daily_ag,8.638,13.455,1.214,dewpoint,611.4,39.671
2022-05-12,37.29,45.59,29.0,17.8,0.0,2.46,25.02,95.4,69.0,7.28,JAI,26.91,75.79,arid,NASA_POWER_daily_ag,8.996,12.319,1.0213,dewpoint,623.2,39.733
2022-05-13,37.59,46.15,29.67,12.24,0.0,4.2,26.58,95.21,59.36,3.12,JAI,26.91,75.79,arid,NASA_POWER_daily_ag,12.158,12.119,0.7642,dewpoint,643.7,39.792
2022-05-14,37.15,45.89,27.95,10.97,0.0,3.85,26.68,95.29,60.63,0.99,JAI,26.91,75.79,arid,NASA_POWER_daily_ag,11.597,11.924,0.6562,dewpoint,635.0,39.849
2022-05-15,37.4,45.64,29.19,15.25,0.0,4.11,24.48,95.43,60.8,5.46,JAI,26.91,75.79,arid,NASA_POWER_daily_ag,11.699,11.864,0.9007,dewpoint,620.0,39.905
2022-05-16,35.51,41.75,29.63,16.91,0.0,4.41,26.54,95.51,64.2,5.14,JAI,26.91,75.79,arid,NASA_POWER_daily_ag,11.86,12.728,0.8809,dewpoint,611.4,39.958
2022-05-17,34.51,41.7,28.07,17.16,0.0,2.97,24.78,95.45,65.81,4.59,JAI,26.91,75.79,arid,NASA_POWER_daily_ag,9.395,12.1,0.8477,dewpoint,617.8,40.01
2022-05-18,35.14,43.5,26.16,14.24,0.0,1.94,25.43,95.55,57.97,2.9,JAI,26.91,75.79,arid,NASA_POWER_daily_ag,7.915,12.078,0.7524,dewpoint,607.1,40.059
2022-05-19,37.12,45.57,28.49,12.69,0.0,2.04,26.16,95.55,64.64,3.16,JAI,26.91,75.79,arid,NASA_POWER_daily_ag,8.403,12.158,0.7664,dewpoint,607.1,40.107
2022-05-20,37.69,45.4,29.71,16.34,0.0,4.8,25.99,95.37,59.94,7.31,JAI,26.91,75.79,arid,NASA_POWER_daily_ag,12.85,12.769,1.0234,dewpoint,626.4,40.153
2022-05-21,35.43,42.2,29.23,22.0,0.31,5.28,24.9,95.14,65.86,9.59,JAI,26.91,75.79,arid,NASA_POWER_daily_ag,12.39,12.932,1.1946,dewpoint,651.2,40.197
2022-05-22,34.38,41.81,27.68,26.87,0.49,3.75,24.73,95.02,69.97,11.66,JAI,26.91,75.79,arid,NASA_POWER_daily_ag,10.003,13.306,1.3714,dewpoint,664.2,40.239
2022-05-23,33.54,40.07,28.43,41.37,10.08,3.65,18.42,95.09,84.64,17.47,JAI,26.91,75.79,arid,NASA_POWER_daily_ag,8.11,11.319,1.9962,dewpoint,656.6,40.279
2022-05-24,31.05,37.4,25.88,49.75,0.31,2.51,21.5,95.7,83.46,18.23,JAI,26.91,75.79,arid,NASA_POWER_daily_ag,6.703,13.088,2.094,dewpoint,590.9,40.318
2022-05-25,31.25,38.71,24.69,41.82,0.74,2.56,23.97,95.88,53.61,15.24,JAI,26.91,75.79,arid,NASA_POWER_daily_ag,7.463,13.804,1.7319,dewpoint,571.6,40.355
2022-05-26,33.32,40.74,25.32,36.27,0.0,2.93,25.42,95.66,46.69,15.57,JAI,26.91,75.79,arid,NASA_POWER_daily_ag,8.534,14.483,1.7689,dewpoint,595.2,40.39
2022-05-27,34.49,41.05,28.71,33.41,0.0,4.47,26.54,95.48,46.31,15.49,JAI,26.91,75.79,arid,NASA_POWER_daily_ag,10.623,14.887,1.7599,dewpoint,614.6,40.423
2022-05-28,35.1,41.99,29.33,33.81,0.42,4.81,24.78,95.35,63.02,16.19,JAI,26.91,75.79,arid,NASA_POWER_daily_ag,10.849,14.153,1.8405,dewpoint,628.6,40.455
2022-05-29,35.39,42.51,29.35,33.01,0.02,5.07,24.57,95.38,68.11,15.85,JAI,26.91,75.79,arid,NASA_POWER_daily_ag,11.252,13.973,1.8009,dewpoint,625.4,40.485
2022-05-30,35.68,42.7,29.33,26.6,0.06,5.33,24.77,95.42,68.67,11.82,JAI,26.91,75.79,arid,NASA_POWER_daily_ag,12.278,13.307,1.386,dewpoint,621.0,40.513
2022-05-31,34.29,42.42,25.95,16.87,0.0,3.39,24.67,95.47,73.3,4.6,JAI,26.91,75.79,arid,NASA_POWER_daily_ag,10.008,12.248,0.8483,dewpoint,615.7,40.54
2022-06-01,35.77,43.56,28.08,18.22,0.0,2.78,25.32,95.51,47.99,7.44,JAI,26.91,75.79,arid,NASA_POWER_daily_ag,9.353,12.795,1.0325,dewpoint,611.4,40.565
2022-06-02,36.09,43.35,28.39,18.25,0.01,3.35,25.25,95.49,56.95,7.74,JAI,26.91,75.79,arid,NASA_POWER_daily_ag,10.272,12.821,1.0539,dewpoint,613.5,40.589
2022-06-03,36.78,44.04,29.51,15.64,0.0,2.78,23.44,95.39,83.25,5.14,JAI,26.91,75.79,arid,NASA_POWER_daily_ag,9.397,11.686,0.8809,dewpoint,624.3,40.611
2022-06-04,36.15,43.65,28.83,16.31,0.0,3.68,27.87,95.44,50.5,5.59,JAI,26.91,75.79,arid,NASA_POWER_daily_ag,11.145,13.409,0.9089,dewpoint,618.9,40.631
2022-06-05,35.29,42.54,28.84,16.43,0.0,4.29,27.64,95.54,55.11,5.37,JAI,26.91,75.79,arid,NASA_POWER_daily_ag,11.776,13.349,0.8951,dewpoint,608.1,40.65
2022-06-06,35.75,42.03,27.83,20.13,0.0,3.74,21.26,95.44,87.88,9.2,JAI,26.91,75.79,arid,NASA_POWER_daily_ag,10.224,11.549,1.1637,dewpoint,618.9,40.668
2022-06-07,36.48,42.64,30.76,17.25,0.0,5.07,22.32,95.44,79.12,7.06,JAI,26.91,75.79,arid,NASA_POWER_daily_ag,12.521,11.568,1.006,dewpoint,618.9,40.684
2022-06-08,35.34,42.36,28.64,22.02,0.0,4.89,26.4,95.43,48.4,9.42,JAI,26.91,75.79,arid,NASA_POWER_daily_ag,12.121,13.632,1.181,dewpoint,620.0,40.698
2022-06-09,36.36,42.88,30.07,24.76,0.0,4.09,26.19,95.31,59.14,12.2,JAI,26.91,75.79,arid,NASA_POWER_daily_ag,11.16,13.997,1.4212,dewpoint,632.9,40.711
2022-06-10,36.58,43.39,31.28,26.81,0.03,4.9,25.23,95.39,61.07,13.4,JAI,26.91,75.79,arid,NASA_POWER_daily_ag,11.964,13.75,1.5374,dewpoint,624.3,40.723
2022-06-11,36.32,43.53,29.49,25.99,0.0,4.24,25.5,95.44,60.82,13.05,JAI,26.91,75.79,arid,NASA_POWER_daily_ag,11.172,13.858,1.5027,dewpoint,618.9,40.733
2022-06-12,36.67,42.82,29.15,29.91,0.0,3.74,17.97,95.51,80.28,15.55,JAI,26.91,75.79,arid,NASA_POWER_daily_ag,9.413,10.856,1.7667,dewpoint,611.4,40.742
2022-06-13,35.0,39.99,30.87,40.26,0.03,4.19,12.11,95.74,96.79,19.18,JAI,26.91,75.79,arid,NASA_POWER_daily_ag,7.959,8.292,2.2222,dewpoint,586.6,40.749
2022-06-14,32.84,36.53,29.63,49.74,3.08,3.84,16.79,95.71,85.58,20.71,JAI,26.91,75.79,arid,NASA_POWER_daily_ag,7.214,10.941,2.443,dewpoint,589.9,40.755
2022-06-15,34.2,39.33,29.12,47.04,2.53,3.91,21.97,95.51,72.21,20.63,JAI,26.91,75.79,arid,NASA_POWER_daily_ag,8.535,13.69,2.431,dewpoint,611.4,40.76
2022-06-16,34.21,39.16,29.78,47.36,2.13,3.74,24.31,95.48,41.21,21.04,JAI,26.91,75.79,arid,NASA_POWER_daily_ag,8.668,15.025,2.4931,dewpoint,614.6,40.763
2022-06-17,34.23,39.6,28.96,48.95,3.47,3.14,22.59,95.45,63.99,21.36,JAI,26.91,75.79,arid,NASA_POWER_daily_ag,7.874,14.16,2.5425,dewpoint,617.8,40.764
2022-06-18,32.18,37.31,27.74,57.32,11.98,2.43,21.62,95.51,66.88,22.03,JAI,26.91,75.79,arid,NASA_POWER_daily_ag,6.481,13.814,2.6488,dewpoint,611.4,40.765
2022-06-19,29.86,33.49,26.74,73.57,31.42,2.41,11.51,95.51,86.85,24.34,JAI,26.91,75.79,arid,NASA_POWER_daily_ag,3.764,8.267,3.0454,dewpoint,611.4,40.764
2022-06-20,30.62,34.87,25.45,61.99,3.5,1.49,15.71,95.39,75.99,21.91,JAI,26.91,75.79,arid,NASA_POWER_daily_ag,4.542,10.536,2.6295,dewpoint,624.3,40.762
2022-06-21,29.42,34.21,25.37,65.27,12.69,2.6,22.56,95.28,62.63,21.81,JAI,26.91,75.79,arid,NASA_POWER_daily_ag,5.961,14.411,2.6135,dewpoint,636.1,40.758
2022-06-22,30.82,36.38,25.51,56.32,0.49,2.32,24.58,95.71,66.55,20.45,JAI,26.91,75.79,arid,NASA_POWER_daily_ag,6.716,15.214,2.4042,dewpoint,589.9,40.753
2022-06-23,31.34,38.28,25.32,50.06,0.0,2.7,24.8,95.9,51.65,18.51,JAI,26.91,75.79,arid,NASA_POWER_daily_ag,7.393,14.891,2.1311,dewpoint,569.5,40.747
2022-06-24,32.37,39.15,25.1,39.53,0.0,1.78,26.05,95.63,60.11,15.46,JAI,26.91,75.79,arid,NASA_POWER_daily_ag,7.177,14.892,1.7565,dewpoint,598.5,40.739
2022-06-25,34.0,41.24,26.71,36.24,0.0,1.18,26.5,95.28,64.14,15.71,JAI,26.91,75.79,arid,NASA_POWER_daily_ag,6.733,15.038,1.7849,dewpoint,636.1,40.73
2022-06-26,33.5,40.75,26.0,41.61,0.0,2.96,26.12,95.3,51.49,17.71,JAI,26.91,75.79,arid,NASA_POWER_daily_ag,8.503,15.312,2.0267,dewpoint,634.0,40.72
2022-06-27,34.81,40.99,28.55,46.88,0.24,2.46,21.73,95.42,68.32,21.09,JAI,26.91,75.79,arid,NASA_POWER_daily_ag,7.323,13.613,2.5008,dewpoint,621.0,40.708
2022-06-28,34.56,41.22,29.62,51.65,2.13,3.26,20.9,95.26,89.28,22.32,JAI,26.91,75.79,arid,NASA_POWER_daily_ag,7.638,13.351,2.6959,dewpoint,638.3,40.695
2022-06-29,33.69,39.46,28.08,55.23,3.49,3.72,20.23,95.1,90.94,22.8,JAI,26.91,75.79,arid,NASA_POWER_daily_ag,7.48,13.111,2.7756,dewpoint,655.5,40.68
2022-06-30,30.3,33.77,27.07,69.44,20.56,2.19,12.62,95.28,99.17,23.84,JAI,26.91,75.79,arid,NASA_POWER_daily_ag,4.074,8.892,2.9554,dewpoint,636.1,40.665
2022-07-01,27.73,30.1,25.84,84.75,42.95,2.31,6.75,95.39,99.61,24.85,JAI,26.91,75.79,arid,NASA_POWER_daily_ag,2.221,5.405,3.1396,dewpoint,624.3,40.647
2022-07-02,29.38,33.59,25.49,77.14,11.82,0.99,15.41,95.17,93.55,24.62,JAI,26.91,75.79,arid,NASA_POWER_daily_ag,3.772,10.627,3.0968,dewpoint,648.0,40.629
2022-07-03,28.9,31.7,26.35,80.67,8.26,1.89,11.68,95.26,97.35,25.1,JAI,26.91,75.79,arid,NASA_POWER_daily_ag,3.212,8.408,3.1867,dewpoint,638.3,40.609
2022-07-04,30.75,34.89,26.44,71.26,1.82,2.0,23.15,95.26,69.97,24.61,JAI,26.91,75.79,arid,NASA_POWER_daily_ag,5.77,15.241,3.0949,dewpoint,638.3,40.587
2022-07-05,30.95,35.17,26.41,68.61,0.37,2.49,23.8,95.22,63.52,24.08,JAI,26.91,75.79,arid,NASA_POWER_daily_ag,6.199,15.512,2.9983,dewpoint,642.6,40.565
2022-07-06,31.11,35.83,26.46,68.65,5.38,2.94,21.96,95.45,72.16,24.28,JAI,26.91,75.79,arid,NASA_POWER_daily_ag,6.083,14.444,3.0344,dewpoint,617.8,40.54
2022-07-07,31.22,36.19,26.54,68.54,2.7,2.62,23.61,95.61,65.33,24.27,JAI,26.91,75.79,arid,NASA_POWER_daily_ag,6.264,15.408,3.0326,dewpoint,600.6,40.515
2022-07-08,31.33,35.56,26.85,68.67,2.86,2.23,21.83,95.41,72.65,24.46,JAI,26.91,75.79,arid,NASA_POWER_daily_ag,5.81,14.394,3.0673,dewpoint,622.1,40.488
2022-07-09,31.22,34.9,28.05,70.67,6.48,1.39,14.48,95.22,96.98,24.96,JAI,26.91,75.79,arid,NASA_POWER_daily_ag,4.044,10.059,3.1602,dewpoint,642.6,40.459
2022-07-10,30.44,34.5,27.13,73.01,8.69,1.39,7.54,95.36,99.07,24.64,JAI,26.91,75.79,arid,NASA_POWER_daily_ag,2.701,5.883,3.1005,dewpoint,627.5,40.429
2022-07-11,30.98,35.81,26.51,69.37,2.24,1.52,19.12,95.48,87.24,24.12,JAI,26.91,75.79,arid,NASA_POWER_daily_ag,4.973,12.722,3.0055,dewpoint,614.6,40.398
2022-07-12,31.26,35.38,26.69,68.9,11.18,1.51,21.75,95.4,71.25,24.51,JAI,26.91,75.79,arid,NASA_POWER_daily_ag,5.455,14.35,3.0765,dewpoint,623.2,40.365
2022-07-13,32.03,35.6,27.53,65.47,3.2,0.96,20.23,95.18,71.28,24.34,JAI,26.91,75.79,arid,NASA_POWER_daily_ag,5.039,13.4,3.0454,dewpoint,646.9,40.33
2022-07-14,31.78,36.15,27.58,65.79,6.57,2.48,20.74,95.12,75.13,24.14,JAI,26.91,75.79,arid,NASA_POWER_daily_ag,5.916,13.656,3.0091,dewpoint,653.4,40.294
2022-07-15,30.72,35.5,26.83,66.86,6.71,3.87,21.02,95.26,88.65,23.5,JAI,26.91,75.79,arid,NASA_POWER_daily_ag,6.319,13.725,2.8955,dewpoint,638.3,40.256
2022-07-16,29.16,33.21,25.39,74.41,12.86,3.31,15.55,95.39,95.06,23.86,JAI,26.91,75.79,arid,NASA_POWER_daily_ag,4.585,10.611,2.9589,dewpoint,624.3,40.217
2022-07-17,29.56,33.82,25.82,77.19,3.9,1.63,19.28,95.62,86.54,24.87,JAI,26.91,75.79,arid,NASA_POWER_daily_ag,4.642,12.947,3.1433,dewpoint,599.5,40.176
2022-07-18,31.01,35.7,26.2,71.79,6.19,1.6,20.8,95.5,78.03,24.85,JAI,26.91,75.79,arid,NASA_POWER_daily_ag,5.23,13.823,3.1396,dewpoint,612.4,40.134
2022-07-19,31.68,37.05,26.73,68.67,2.24,2.01,22.89,95.35,65.4,24.68,JAI,26.91,75.79,arid,NASA_POWER_daily_ag,5.946,15.006,3.1079,dewpoint,628.6,40.09
2022-07-20,29.91,32.58,27.44,81.13,8.8,2.25,16.76,95.43,96.71,26.22,JAI,26.91,75.79,arid,NASA_POWER_daily_ag,4.208,11.582,3.4054,dewpoint,620.0,40.044
2022-07-21,28.87,32.8,25.37,78.42,2.32,2.78,19.19,95.6,84.55,24.52,JAI,26.91,75.79,arid,NASA_POWER_daily_ag,4.745,12.844,3.0783,dewpoint,601.7,39.997
2022-07-22,27.62,30.14,25.7,85.62,30.76,2.24,16.47,95.67,94.03,24.95,JAI,26.91,75.79,arid,NASA_POWER_daily_ag,3.731,11.283,3.1584,dewpoint,594.2,39.948
2022-07-23,28.19,32.21,25.36,83.74,20.93,2.49,8.05,95.46,98.68,25.0,JAI,26.91,75.79,arid,NASA_POWER_daily_ag,2.559,6.171,3.1678,dewpoint,616.7,39.897
2022-07-24,28.27,31.6,25.63,84.54,11.35,3.35,14.59,95.43,96.24,25.26,JAI,26.91,75.79,arid,NASA_POWER_daily_ag,3.678,10.155,3.2172,dewpoint,620.0,39.844
2022-07-25,27.25,29.27,25.72,86.89,19.77,2.05,13.11,95.64,96.08,24.81,JAI,26.91,75.79,arid,NASA_POWER_daily_ag,3.089,9.231,3.1321,dewpoint,597.4,39.79
2022-07-26,27.31,31.56,24.41,85.23,11.47,3.48,16.84,95.72,92.61,24.44,JAI,26.91,75.79,arid,NASA_POWER_daily_ag,3.891,11.43,3.0636,dewpoint,588.8,39.734
2022-07-27,27.15,30.72,24.18,87.35,18.78,2.74,17.65,95.72,83.39,24.76,JAI,26.91,75.79,arid,NASA_POWER_daily_ag,3.826,11.964,3.1228,dewpoint,588.8,39.676
2022-07-28,26.52,29.35,23.93,88.47,5.07,2.82,15.04,95.99,97.63,24.4,JAI,26.91,75.79,arid,NASA_POWER_daily_ag,3.295,10.361,3.0563,dewpoint,559.8,39.616
2022-07-29,26.88,29.9,24.48,86.5,7.78,2.4,17.77,95.97,89.74,24.34,JAI,26.91,75.79,arid,NASA_POWER_daily_ag,3.84,11.977,3.0454,dewpoint,562.0,39.555
2022-07-30,27.36,30.97,24.38,84.03,1.31,2.58,23.02,95.79,66.84,24.29,JAI,26.91,75.79,arid,NASA_POWER_daily_ag,4.839,15.088,3.0363,dewpoint,581.3,39.491
2022-07-31,27.27,31.39,23.56,82.74,1.64,2.77,14.68,95.56,93.37,23.91,JAI,26.91,75.79,arid,NASA_POWER_daily_ag,3.628,10.077,2.9678,dewpoint,606.0,39.426
2022-08-01,26.71,29.61,23.99,87.64,8.72,3.2,14.29,95.55,85.73,24.42,JAI,26.91,75.79,arid,NASA_POWER_daily_ag,3.259,9.896,3.06,dewpoint,607.1,39.359
2022-08-02,28.07,31.88,24.52,85.09,23.0,2.67,16.49,95.52,82.3,25.22,JAI,26.91,75.79,arid,NASA_POWER_daily_ag,3.839,11.277,3.2095,dewpoint,610.3,39.29
2022-08-03,28.78,32.02,25.19,80.8,6.12,1.43,17.78,95.63,96.45,25.0,JAI,26.91,75.79,arid,NASA_POWER_daily_ag,4.13,12.016,3.1678,dewpoint,598.5,39.219
2022-08-04,28.23,31.71,25.48,81.97,5.04,1.32,15.05,95.63,97.23,24.68,JAI,26.91,75.79,arid,NASA_POWER_daily_ag,3.558,10.333,3.1079,dewpoint,598.5,39.146
2022-08-05,28.07,32.12,24.78,83.51,14.69,1.17,12.26,95.48,95.94,24.82,JAI,26.91,75.79,arid,NASA_POWER_daily_ag,2.998,8.67,3.134,dewpoint,614.6,39.071
2022-08-06,28.6,32.73,24.86,81.83,1.84,1.09,21.96,95.32,69.97,24.97,JAI,26.91,75.79,arid,NASA_POWER_daily_ag,4.774,14.506,3.1621,dewpoint,631.8,38.993
2022-08-07,27.74,30.01,26.1,89.77,8.79,1.32,11.71,95.32,98.77,25.87,JAI,26.91,75.79,arid,NASA_POWER_daily_ag,2.721,8.395,3.3357,dewpoint,631.8,38.914
2022-08-08,27.92,31.54,24.76,83.67,5.47,1.53,23.38,95.3,62.86,24.73,JAI,26.91,75.79,arid,NASA_POWER_daily_ag,4.934,15.316,3.1172,dewpoint,634.0,38.833
2022-08-09,27.8,31.2,24.91,85.3,6.74,2.32,19.97,95.27,75.64,25.02,JAI,26.91,75.79,arid,NASA_POWER_daily_ag,4.324,13.318,3.1716,dewpoint,637.2,38.75
2022-08-10,28.37,33.04,24.84,79.32,0.23,3.25,22.83,95.12,65.74,24.19,JAI,26.91,75.79,arid,NASA_POWER_daily_ag,5.246,14.831,3.0181,dewpoint,653.4,38.665
2022-08-11,25.91,27.8,24.44,89.97,1.34,4.28,8.71,95.2,96.62,24.12,JAI,26.91,75.79,arid,NASA_POWER_daily_ag,2.27,6.517,3.0055,dewpoint,644.7,38.578
2022-08-12,27.0,31.11,23.93,85.0,5.01,3.22,11.05,95.27,97.03,24.1,JAI,26.91,75.79,arid,NASA_POWER_daily_ag,2.978,7.89,3.0019,dewpoint,637.2,38.488
2022-08-13,26.86,30.37,24.52,87.96,7.92,2.94,15.08,95.27,82.34,24.61,JAI,26.91,75.79,arid,NASA_POWER_daily_ag,3.352,10.316,3.0949,dewpoint,637.2,38.396
2022-08-14,27.24,31.07,24.14,84.31,19.05,1.68,9.55,95.63,99.59,24.2,JAI,26.91,75.79,arid,NASA_POWER_daily_ag,2.552,6.997,3.0199,dewpoint,598.5,38.303
2022-08-15,27.0,30.71,24.44,83.82,4.86,2.72,16.78,95.63,92.56,23.91,JAI,26.91,75.79,arid,NASA_POWER_daily_ag,3.824,11.223,2.9678,dewpoint,598.5,38.207
2022-08-16,26.18,29.91,23.55,87.38,18.03,5.59,7.85,95.26,96.2,23.83,JAI,26.91,75.79,arid,NASA_POWER_daily_ag,2.505,5.987,2.9536,dewpoint,638.3,38.109
2022-08-17,26.62,30.51,23.65,86.54,7.33,5.02,14.84,95.47,87.22,24.06,JAI,26.91,75.79,arid,NASA_POWER_daily_ag,3.491,10.096,2.9947,dewpoint,615.7,38.009
2022-08-18,26.77,30.29,23.63,85.12,1.17,3.04,17.5,95.63,71.3,23.92,JAI,26.91,75.79,arid,NASA_POWER_daily_ag,3.867,11.636,2.9696,dewpoint,598.5,37.906
2022-08-19,27.1,30.85,23.89,84.11,0.92,2.03,17.42,95.67,81.58,24.01,JAI,26.91,75.79,arid,NASA_POWER_daily_ag,3.858,11.582,2.9857,dewpoint,594.2,37.802
2022-08-20,26.99,29.77,23.73,83.61,1.0,1.52,15.77,95.77,87.09,23.88,JAI,26.91,75.79,arid,NASA_POWER_daily_ag,3.53,10.604,2.9625,dewpoint,583.4,37.695
2022-08-21,27.31,30.66,24.22,83.86,5.74,2.24,17.97,95.62,87.36,24.22,JAI,26.91,75.79,arid,NASA_POWER_daily_ag,3.982,11.914,3.0235,dewpoint,599.5,37.586
2022-08-22,27.07,31.51,24.0,85.21,17.77,2.62,7.95,95.36,99.05,24.25,JAI,26.91,75.79,arid,NASA_POWER_daily_ag,2.396,6.022,3.029,dewpoint,627.5,37.475
2022-08-23,26.55,30.43,22.94,87.18,7.36,5.0,7.49,95.22,68.68,24.17,JAI,26.91,75.79,arid,NASA_POWER_daily_ag,2.437,5.749,3.0145,dewpoint,642.6,37.362
2022-08-24,25.57,29.98,22.33,83.68,0.77,3.74,14.47,95.81,76.25,22.37,JAI,26.91,75.79,arid,NASA_POWER_daily_ag,3.476,9.677,2.7041,dewpoint,579.1,37.247
2022-08-25,25.89,29.67,22.4,84.58,0.2,1.71,11.84,95.89,92.88,22.91,JAI,26.91,75.79,arid,NASA_POWER_daily_ag,2.82,8.219,2.7942,dewpoint,570.6,37.129
2022-08-26,26.05,30.13,22.44,81.98,0.01,2.54,15.06,95.89,89.26,22.57,JAI,26.91,75.79,arid,NASA_POWER_daily_ag,3.529,10.008,2.7372,dewpoint,570.6,37.009
2022-08-27,26.15,30.83,22.45,81.12,0.03,3.08,21.2,95.85,63.64,22.47,JAI,26.91,75.79,arid,NASA_POWER_daily_ag,4.516,13.431,2.7206,dewpoint,574.8,36.887
2022-08-28,25.94,30.37,22.05,81.14,0.0,2.59,19.99,95.9,77.87,22.24,JAI,26.91,75.79,arid,NASA_POWER_daily_ag,4.273,12.712,2.6829,dewpoint,569.5,36.763
2022-08-29,26.39,31.53,21.55,77.44,0.02,1.39,19.57,96.16,71.77,21.77,JAI,26.91,75.79,arid,NASA_POWER_daily_ag,4.196,12.37,2.6071,dewpoint,541.6,36.637
2022-08-30,27.1,31.83,22.78,79.87,6.0,1.09,17.12,96.22,80.29,23.06,JAI,26.91,75.79,arid,NASA_POWER_daily_ag,3.751,11.158,2.8196,dewpoint,535.2,36.509
2022-08-31,27.83,32.96,23.4,78.13,0.02,2.15,21.61,96.0,62.76,23.36,JAI,26.91,75.79,arid,NASA_POWER_daily_ag,4.802,13.712,2.8712,dewpoint,558.8,36.378
2022-09-01,28.52,33.55,23.9,76.67,2.84,1.99,21.34,95.99,60.5,23.67,JAI,26.91,75.79,arid,NASA_POWER_daily_ag,4.866,13.585,2.9253,dewpoint,559.8,36.246
2022-09-02,28.06,32.36,24.6,80.0,5.37,1.99,15.04,96.13,90.51,24.04,JAI,26.91,75.79,arid,NASA_POWER_daily_ag,3.686,10.034,2.9911,dewpoint,544.8,36.111
2022-09-03,27.82,32.56,24.16,80.02,0.01,2.95,22.94,95.92,60.25,23.8,JAI,26.91,75.79,arid,NASA_POWER_daily_ag,5.022,14.509,2.9483,dewpoint,567.3,35.974
2022-09-04,27.24,32.14,23.1,80.89,0.02,3.19,23.07,95.79,66.74,23.41,JAI,26.91,75.79,arid,NASA_POWER_daily_ag,4.939,14.508,2.8799,dewpoint,581.3,35.835
2022-09-05,27.37,31.9,22.95,81.12,0.01,1.54,21.91,95.89,56.27,23.57,JAI,26.91,75.79,arid,NASA_POWER_daily_ag,4.586,13.874,2.9078,dewpoint,570.6,35.694
2022-09-06,28.06,33.44,23.19,72.76,0.0,1.15,21.17,96.03,66.5,22.2,JAI,26.91,75.79,arid,NASA_POWER_daily_ag,4.609,13.121,2.6763,dewpoint,555.5,35.551
2022-09-07,28.48,34.12,23.05,71.4,0.0,1.25,21.06,96.14,67.65,22.29,JAI,26.91,75.79,arid,NASA_POWER_daily_ag,4.692,13.046,2.691,dewpoint,543.8,35.406
2022-09-08,28.79,33.3,24.17,72.86,0.0,1.03,20.94,96.17,61.88,23.09,JAI,26.91,75.79,arid,NASA_POWER_daily_ag,4.592,13.119,2.8248,dewpoint,540.6,35.26
2022-09-09,28.73,33.27,24.58,76.07,0.16,1.37,19.87,96.1,62.2,23.77,JAI,26.91,75.79,arid,NASA_POWER_daily_ag,4.466,12.631,2.943,dewpoint,548.1,35.111
2022-09-10,28.58,33.02,24.73,79.04,0.2,1.69,17.71,95.97,64.28,24.3,JAI,26.91,75.79,arid,NASA_POWER_daily_ag,4.104,11.487,3.0381,dewpoint,562.0,34.96
2022-09-11,27.73,31.1,24.84,82.79,0.97,1.55,17.05,95.76,75.71,24.38,JAI,26.91,75.79,arid,NASA_POWER_daily_ag,3.765,11.134,3.0527,dewpoint,584.5,34.808
2022-09-12,27.84,31.9,24.57,78.5,0.14,1.75,21.5,95.58,64.68,23.53,JAI,26.91,75.79,arid,NASA_POWER_daily_ag,4.633,13.474,2.9008,dewpoint,603.8,34.653
2022-09-13,28.04,32.92,24.34,75.0,0.22,2.57,15.34,95.62,88.28,22.89,JAI,26.91,75.79,arid,NASA_POWER_daily_ag,4.063,9.92,2.7908,dewpoint,599.5,34.497
2022-09-14,27.19,32.17,23.86,80.29,5.37,2.73,12.22,95.67,92.45,23.23,JAI,26.91,75.79,arid,NASA_POWER_daily_ag,3.305,8.234,2.8488,dewpoint,594.2,34.34
2022-09-15,27.44,32.16,23.99,80.38,0.82,2.45,15.92,95.55,72.89,23.46,JAI,26.91,75.79,arid,NASA_POWER_daily_ag,3.807,10.299,2.8886,dewpoint,607.1,34.18
2022-09-16,27.71,32.89,22.5,75.35,1.16,2.03,20.26,95.41,68.56,22.42,JAI,26.91,75.79,arid,NASA_POWER_daily_ag,4.606,12.498,2.7124,dewpoint,622.1,34.019
2022-09-17,27.83,33.87,23.12,74.31,0.58,3.01,22.31,95.67,62.59,22.31,JAI,26.91,75.79,arid,NASA_POWER_daily_ag,5.199,13.514,2.6943,dewpoint,594.2,33.856
2022-09-18,28.2,34.73,22.85,69.44,0.04,2.81,22.41,95.96,61.63,21.39,JAI,26.91,75.79,arid,NASA_POWER_daily_ag,5.448,13.306,2.5472,dewpoint,563.0,33.692
2022-09-19,28.82,35.36,23.3,63.77,0.88,2.1,21.94,95.98,57.63,20.59,JAI,26.91,75.79,arid,NASA_POWER_daily_ag,5.359,12.825,2.4251,dewpoint,560.9,33.526
2022-09-20,28.66,34.6,23.83,67.31,2.1,1.28,19.39,95.92,66.39,21.41,JAI,26.91,75.79,arid,NASA_POWER_daily_ag,4.449,11.676,2.5503,dewpoint,567.3,33.359
2022-09-21,27.74,32.29,24.4,75.47,8.53,1.43,17.76,95.89,80.82,22.65,JAI,26.91,75.79,arid,NASA_POWER_daily_ag,3.992,11.057,2.7505,dewpoint,570.6,33.19
2022-09-22,26.87,31.28,23.31,83.54,9.71,2.17,11.4,95.76,92.4,23.61,JAI,26.91,75.79,arid,NASA_POWER_daily_ag,2.867,7.72,2.9148,dewpoint,584.5,33.02
2022-09-23,26.74,30.59,23.82,85.51,30.53,1.62,8.26,95.64,99.01,23.91,JAI,26.91,75.79,arid,NASA_POWER_daily_ag,2.203,5.983,2.9678,dewpoint,597.4,32.849
2022-09-24,26.17,28.99,23.41,87.0,24.62,2.26,12.32,95.58,92.07,23.76,JAI,26.91,75.79,arid,NASA_POWER_daily_ag,2.78,8.235,2.9412,dewpoint,603.8,32.677
2022-09-25,26.37,31.28,21.97,80.47,0.05,2.29,20.63,95.91,64.89,22.46,JAI,26.91,75.79,arid,NASA_POWER_daily_ag,4.272,12.529,2.719,dewpoint,568.4,32.503
2022-09-26,27.34,32.16,22.01,71.63,1.22,1.38,19.01,96.24,55.37,21.36,JAI,26.91,75.79,arid,NASA_POWER_daily_ag,4.171,11.405,2.5425,dewpoint,533.1,32.328
2022-09-27,27.61,33.39,21.98,66.89,0.04,1.29,19.83,96.11,58.66,20.32,JAI,26.91,75.79,arid,NASA_POWER_daily_ag,4.358,11.561,2.385,dewpoint,547.0,32.153
2022-09-28,27.89,34.12,22.24,65.54,0.01,1.64,21.43,96.02,49.0,20.23,JAI,26.91,75.79,arid,NASA_POWER_daily_ag,4.805,12.273,2.3718,dewpoint,556.6,31.976
2022-09-29,27.88,34.29,22.42,65.03,0.0,1.58,19.17,96.0,70.01,19.91,JAI,26.91,75.79,arid,NASA_POWER_daily_ag,4.476,11.065,2.3253,dewpoint,558.8,31.798
2022-09-30,27.9,34.58,21.5,62.29,0.0,1.05,21.45,96.05,57.07,19.1,JAI,26.91,75.79,arid,NASA_POWER_daily_ag,4.512,11.965,2.2111,dewpoint,553.4,31.62
2022-10-01,28.11,34.87,22.22,62.98,0.0,1.83,21.35,95.98,43.25,19.49,JAI,26.91,75.79,arid,NASA_POWER_daily_ag,4.973,11.941,2.2655,dewpoint,560.9,31.441
2022-10-02,27.98,34.52,22.48,60.07,0.0,2.65,20.98,96.01,20.96,18.71,JAI,26.91,75.79,arid,NASA_POWER_daily_ag,5.437,11.56,2.158,dewpoint,557.7,31.261
2022-10-03,27.54,34.37,22.2,59.93,0.0,2.31,21.1,96.14,36.82,18.22,JAI,26.91,75.79,arid,NASA_POWER_daily_ag,5.192,11.479,2.0927,dewpoint,543.8,31.08
2022-10-04,26.99,34.76,20.77,59.47,0.0,1.81,20.78,96.23,60.73,17.33,JAI,26.91,75.79,arid,NASA_POWER_daily_ag,4.802,11.133,1.9786,dewpoint,534.1,30.899
2022-10-05,27.15,33.79,22.29,65.7,0.1,1.78,19.4,96.15,47.16,19.28,JAI,26.91,75.79,arid,NASA_POWER_daily_ag,4.463,10.866,2.2361,dewpoint,542.7,30.718
2022-10-06,25.82,30.94,22.21,78.02,0.14,2.2,19.88,96.17,50.36,21.18,JAI,26.91,75.79,arid,NASA_POWER_daily_ag,4.118,11.543,2.5146,dewpoint,540.6,30.536
2022-10-07,24.37,29.24,21.2,80.56,3.77,2.13,10.88,96.23,96.92,20.41,JAI,26.91,75.79,arid,NASA_POWER_daily_ag,2.701,7.006,2.3983,dewpoint,534.1,30.354
2022-10-08,23.32,25.65,21.59,91.61,38.37,3.07,5.2,96.09,99.75,21.87,JAI,26.91,75.79,arid,NASA_POWER_daily_ag,1.448,4.195,2.6231,dewpoint,549.1,30.172
2022-10-09,25.23,30.08,22.05,84.4,4.05,2.1,9.18,96.19,85.41,22.18,JAI,26.91,75.79,arid,NASA_POWER_daily_ag,2.339,6.224,2.6731,dewpoint,538.4,29.989
2022-10-10,25.7,30.64,21.43,79.69,0.07,0.6,18.17,96.37,49.82,21.59,JAI,26.91,75.79,arid,NASA_POWER_daily_ag,3.43,10.672,2.5786,dewpoint,519.2,29.807
2022-10-11,26.11,31.21,22.23,70.02,2.86,1.24,19.22,96.27,50.14,19.69,JAI,26.91,75.79,arid,NASA_POWER_daily_ag,3.902,10.727,2.2938,dewpoint,529.9,29.624
2022-10-12,23.86,30.79,18.81,70.41,0.41,1.65,20.33,96.43,62.85,17.17,JAI,26.91,75.79,arid,NASA_POWER_daily_ag,3.964,10.764,1.9587,dewpoint,512.8,29.442
2022-10-13,23.74,31.69,17.5,63.21,0.0,1.04,19.71,96.56,65.22,15.11,JAI,26.91,75.79,arid,NASA_POWER_daily_ag,3.687,10.052,1.7175,dewpoint,498.9,29.26
2022-10-14,23.43,31.4,18.18,58.31,0.0,1.16,19.76,96.56,60.9,13.7,JAI,26.91,75.79,arid,NASA_POWER_daily_ag,3.754,9.744,1.5677,dewpoint,498.9,29.078
2022-10-15,23.85,31.63,17.47,53.72,0.0,1.32,19.65,96.47,35.17,12.78,JAI,26.91,75.79,arid,NASA_POWER_daily_ag,3.949,9.499,1.4764,dewpoint,508.5,28.897
2022-10-16,22.81,30.55,16.46,60.8,0.0,1.37,19.2,96.68,45.23,14.06,JAI,26.91,75.79,arid,NASA_POWER_daily_ag,3.705,9.589,1.6048,dewpoint,486.1,28.715
2022-10-17,23.02,31.53,16.45,60.28,0.0,1.28,19.9,96.7,53.75,13.83,JAI,26.91,75.79,arid,NASA_POWER_daily_ag,3.748,9.727,1.5811,dewpoint,484.0,28.535
2022-10-18,22.94,31.96,15.62,60.59,0.0,1.33,18.47,96.53,54.74,13.51,JAI,26.91,75.79,arid,NASA_POWER_daily_ag,3.631,9.098,1.5485,dewpoint,502.1,28.355
2022-10-19,22.87,32.42,15.45,58.66,0.0,1.7,18.73,96.5,60.81,12.93,JAI,26.91,75.79,arid,NASA_POWER_daily_ag,3.896,9.032,1.4909,dewpoint,505.3,28.176
2022-10-20,22.99,31.82,16.62,57.77,0.0,2.32,19.24,96.67,49.39,13.1,JAI,26.91,75.79,arid,NASA_POWER_daily_ag,4.303,9.178,1.5076,dewpoint,487.2,27.997
2022-10-21,23.07,32.28,16.1,54.96,0.0,1.57,18.95,96.89,53.39,12.39,JAI,26.91,75.79,arid,NASA_POWER_daily_ag,3.874,8.887,1.439,dewpoint,463.8,27.82
2022-10-22,22.85,31.7,16.21,55.13,0.0,1.62,19.05,96.98,40.41,12.24,JAI,26.91,75.79,arid,NASA_POWER_daily_ag,3.877,8.861,1.4249,dewpoint,454.2,27.643
2022-10-23,21.88,31.15,15.44,53.43,0.0,1.52,18.24,96.85,26.51,10.47,JAI,26.91,75.79,arid,NASA_POWER_daily_ag,3.672,8.283,1.2672,dewpoint,468.0,27.467
2022-10-24,22.2,30.97,15.58,47.99,0.0,1.7,18.97,96.47,11.83,9.42,JAI,26.91,75.79,arid,NASA_POWER_daily_ag,3.969,8.292,1.181,dewpoint,508.5,27.293
2022-10-25,23.43,31.95,17.63,42.45,0.0,1.7,19.19,96.35,26.83,9.04,JAI,26.91,75.79,arid,NASA_POWER_daily_ag,4.175,8.107,1.1512,dewpoint,521.3,27.12
2022-10-26,23.87,32.59,16.29,46.78,0.0,1.11,18.78,96.63,35.59,10.56,JAI,26.91,75.79,arid,NASA_POWER_daily_ag,3.607,8.218,1.2748,dewpoint,491.4,26.948
2022-10-27,24.44,33.25,16.54,48.92,0.0,1.53,17.9,96.63,41.29,11.83,JAI,26.91,75.79,arid,NASA_POWER_daily_ag,3.926,8.08,1.3869,dewpoint,491.4,26.777
2022-10-28,24.99,33.01,18.47,43.36,0.0,0.55,17.52,96.62,49.03,10.6,JAI,26.91,75.79,arid,NASA_POWER_daily_ag,2.98,7.639,1.2782,dewpoint,492.5,26.608
2022-10-29,23.0,31.19,16.66,58.09,0.0,1.52,17.73,96.7,52.94,13.32,JAI,26.91,75.79,arid,NASA_POWER_daily_ag,3.566,8.269,1.5294,dewpoint,484.0,26.44
2022-10-30,23.27,31.38,17.92,55.04,0.0,1.01,16.4,96.76,68.3,12.54,JAI,26.91,75.79,arid,NASA_POWER_daily_ag,3.134,7.598,1.4533,dewpoint,477.6,26.274
2022-10-31,24.28,32.94,17.72,44.3,0.0,0.92,17.09,96.74,45.95,9.97,JAI,26.91,75.79,arid,NASA_POWER_daily_ag,3.246,7.28,1.2255,dewpoint,479.7,26.11
2022-11-01,23.38,32.76,17.03,47.19,0.0,1.24,16.28,96.75,49.62,10.39,JAI,26.91,75.79,arid,NASA_POWER_daily_ag,3.373,7.1,1.2604,dewpoint,478.7,25.948
2022-11-02,22.98,32.4,16.48,45.65,0.0,2.47,17.27,96.63,18.0,9.37,JAI,26.91,75.79,arid,NASA_POWER_daily_ag,4.461,7.196,1.1771,dewpoint,491.4,25.787
2022-11-03,24.48,33.21,18.1,45.34,0.0,1.61,15.56,96.56,38.68,11.08,JAI,26.91,75.79,arid,NASA_POWER_daily_ag,3.752,6.859,1.3197,dewpoint,498.9,25.629
2022-11-04,24.56,34.14,17.19,49.44,0.0,1.91,17.26,96.64,55.47,12.15,JAI,26.91,75.79,arid,NASA_POWER_daily_ag,4.07,7.474,1.4165,dewpoint,490.4,25.472
2022-11-05,24.48,34.65,16.82,46.87,0.0,1.72,16.53,96.77,57.04,10.84,JAI,26.91,75.79,arid,NASA_POWER_daily_ag,3.907,6.974,1.2988,dewpoint,476.5,25.318
2022-11-06,24.33,33.85,16.38,44.36,0.0,1.67,16.25,96.83,75.32,10.16,JAI,26.91,75.79,arid,NASA_POWER_daily_ag,3.853,6.785,1.2412,dewpoint,470.1,25.165
2022-11-07,24.69,31.42,20.13,50.99,0.0,1.31,14.66,96.77,71.92,13.29,JAI,26.91,75.79,arid,NASA_POWER_daily_ag,3.284,6.755,1.5264,dewpoint,476.5,25.015
2022-11-08,24.04,30.55,20.08,60.69,2.11,2.43,11.05,96.81,74.3,15.48,JAI,26.91,75.79,arid,NASA_POWER_daily_ag,3.411,5.862,1.7588,dewpoint,472.3,24.868
2022-11-09,22.75,28.73,17.83,63.76,1.32,1.59,13.29,96.85,63.56,15.04,JAI,26.91,75.79,arid,NASA_POWER_daily_ag,2.933,6.627,1.7097,dewpoint,468.0,24.722
2022-11-10,22.81,28.69,18.16,66.71,5.33,0.84,13.52,96.92,53.81,15.66,JAI,26.91,75.79,arid,NASA_POWER_daily_ag,2.5,6.752,1.7792,dewpoint,460.6,24.58
2022-11-11,20.82,28.51,15.34,56.8,0.55,1.52,14.35,97.03,30.09,10.77,JAI,26.91,75.79,arid,NASA_POWER_daily_ag,2.984,6.368,1.2928,dewpoint,448.9,24.439
2022-11-12,21.23,29.47,15.77,44.59,0.0,1.51,14.41,96.98,20.83,7.85,JAI,26.91,75.79,arid,NASA_POWER_daily_ag,3.201,5.904,1.0619,dewpoint,454.2,24.302
2022-11-13,21.6,29.21,16.18,41.45,0.0,1.06,15.59,96.82,33.03,7.1,JAI,26.91,75.79,arid,NASA_POWER_daily_ag,2.915,6.019,1.0088,dewpoint,471.2,24.167
2022-11-14,20.42,30.15,13.09,56.02,0.0,1.95,15.36,96.8,51.71,10.13,JAI,26.91,75.79,arid,NASA_POWER_daily_ag,3.277,6.441,1.2387,dewpoint,473.3,24.035
2022-11-15,20.83,29.74,13.71,58.01,0.0,1.98,14.69,96.8,43.18,11.3,JAI,26.91,75.79,arid,NASA_POWER_daily_ag,3.214,6.391,1.3391,dewpoint,473.3,23.905
2022-11-16,19.71,27.47,14.65,52.62,0.0,2.22,14.77,96.79,28.23,8.71,JAI,26.91,75.79,arid,NASA_POWER_daily_ag,3.392,6.053,1.1258,dewpoint,474.4,23.779
2022-11-17,19.01,27.42,14.03,44.46,0.0,2.0,16.23,96.82,25.56,5.55,JAI,26.91,75.79,arid,NASA_POWER_daily_ag,3.437,5.902,0.9064,dewpoint,471.2,23.656
2022-11-18,18.95,27.36,13.18,40.3,0.0,1.39,16.66,96.88,23.95,4.19,JAI,26.91,75.79,arid,NASA_POWER_daily_ag,3.019,5.772,0.8242,dewpoint,464.8,23.535
2022-11-19,17.86,27.39,10.82,50.53,0.0,1.35,16.33,96.9,13.64,6.26,JAI,26.91,75.79,arid,NASA_POWER_daily_ag,2.752,6.068,0.9521,dewpoint,462.7,23.418
2022-11-20,18.26,27.68,12.76,44.18,0.0,1.62,15.74,96.81,11.2,4.6,JAI,26.91,75.79,arid,NASA_POWER_daily_ag,3.033,5.573,0.8483,dewpoint,472.3,23.303
2022-11-21,19.35,28.37,12.49,42.97,0.0,1.37,15.89,96.72,17.06,5.55,JAI,26.91,75.79,arid,NASA_POWER_daily_ag,2.935,5.673,0.9064,dewpoint,481.8,23.192
2022-11-22,18.52,27.88,12.14,41.82,0.0,1.55,16.25,96.75,12.17,4.03,JAI,26.91,75.79,arid,NASA_POWER_daily_ag,3.045,5.51,0.815,dewpoint,478.7,23.084
2022-11-23,18.31,27.46,11.8,37.77,0.0,1.73,16.81,96.82,9.07,2.35,JAI,26.91,75.79,arid,NASA_POWER_daily_ag,3.258,5.346,0.7235,dewpoint,471.2,22.98
2022-11-24,18.77,27.55,12.9,34.82,0.0,1.46,17.18,96.78,12.1,1.95,JAI,26.91,75.79,arid,NASA_POWER_daily_ag,3.078,5.236,0.7031,dewpoint,475.5,22.879
2022-11-25,19.29,27.77,12.03,35.13,0.0,0.91,16.98,96.92,10.51,2.49,JAI,26.91,75.79,arid,NASA_POWER_daily_ag,2.555,5.269,0.7308,dewpoint,460.6,22.781
2022-11-26,20.59,29.05,14.21,30.18,0.0,0.95,16.51,96.69,16.17,1.55,JAI,26.91,75.79,arid,NASA_POWER_daily_ag,2.652,4.85,0.6832,dewpoint,485.0,22.687
2022-11-27,19.21,27.92,13.31,35.58,0.0,1.1,16.29,96.44,15.2,2.57,JAI,26.91,75.79,arid,NASA_POWER_daily_ag,2.687,5.043,0.735,dewpoint,511.7,22.596
2022-11-28,17.71,27.36,10.24,52.26,0.0,1.44,15.67,96.56,22.54,6.5,JAI,26.91,75.79,arid,NASA_POWER_daily_ag,2.673,5.644,0.968,dewpoint,498.9,22.508
2022-11-29,18.37,26.25,11.93,49.49,0.0,0.85,14.36,96.79,40.69,6.64,JAI,26.91,75.79,arid,NASA_POWER_daily_ag,2.233,5.353,0.9774,dewpoint,474.4,22.425
2022-11-30,17.63,26.14,11.52,47.79,0.0,1.17,14.55,96.9,39.56,5.58,JAI,26.91,75.79,arid,NASA_POWER_daily_ag,2.441,5.234,0.9083,dewpoint,462.7,22.345
2022-12-01,18.26,25.71,12.54,41.92,0.0,0.82,15.01,96.82,3.81,4.15,JAI,26.91,75.79,arid,NASA_POWER_daily_ag,2.246,5.07,0.8219,dewpoint,471.2,22.268
2022-12-02,17.13,25.65,12.11,48.06,0.0,1.2,15.14,96.69,2.17,5.26,JAI,26.91,75.79,arid,NASA_POWER_daily_ag,2.425,5.24,0.8883,dewpoint,485.0,22.195
2022-12-03,17.42,25.98,11.38,49.57,0.0,1.16,14.28,96.73,4.04,5.86,JAI,26.91,75.79,arid,NASA_POWER_daily_ag,2.369,5.155,0.9261,dewpoint,480.8,22.126
2022-12-04,18.13,26.11,12.74,44.51,0.0,0.7,13.98,96.82,4.43,5.06,JAI,26.91,75.79,arid,NASA_POWER_daily_ag,2.044,4.916,0.876,dewpoint,471.2,22.061
2022-12-05,17.67,25.12,11.67,46.49,0.0,0.93,14.02,96.97,5.26,5.45,JAI,26.91,75.79,arid,NASA_POWER_daily_ag,2.212,5.027,0.9001,dewpoint,455.2,21.999
2022-12-06,16.61,25.6,11.55,43.32,0.0,1.13,14.9,96.94,4.15,3.12,JAI,26.91,75.79,arid,NASA_POWER_daily_ag,2.346,4.822,0.7642,dewpoint,458.4,21.942
2022-12-07,16.26,25.76,10.15,35.81,0.0,1.69,15.84,96.9,1.0,0.06,JAI,26.91,75.79,arid,NASA_POWER_daily_ag,2.909,4.566,0.6135,dewpoint,462.7,21.888
2022-12-08,18.11,27.72,12.23,36.09,0.0,1.38,15.44,96.87,0.94,1.96,JAI,26.91,75.79,arid,NASA_POWER_daily_ag,2.754,4.55,0.7036,dewpoint,465.9,21.838
2022-12-09,18.17,27.68,12.66,41.08,0.0,1.38,15.59,96.77,3.23,3.73,JAI,26.91,75.79,arid,NASA_POWER_daily_ag,2.702,4.786,0.7979,dewpoint,476.5,21.792
2022-12-10,18.38,27.21,13.16,44.75,0.0,1.39,14.65,96.79,3.77,5.39,JAI,26.91,75.79,arid,NASA_POWER_daily_ag,2.64,4.877,0.8963,dewpoint,474.4,21.75
2022-12-11,18.29,27.4,10.97,48.12,0.0,1.49,14.13,96.85,4.06,5.87,JAI,26.91,75.79,arid,NASA_POWER_daily_ag,2.679,4.921,0.9267,dewpoint,468.0,21.712
2022-12-12,18.57,27.61,10.79,43.37,0.0,1.19,14.23,96.79,4.28,4.93,JAI,26.91,75.79,arid,NASA_POWER_daily_ag,2.508,4.795,0.8681,dewpoint,474.4,21.678
2022-12-13,17.68,27.37,11.16,42.49,0.0,1.7,14.48,96.95,5.22,3.88,JAI,26.91,75.79,arid,NASA_POWER_daily_ag,2.861,4.67,0.8064,dewpoint,457.4,21.648
2022-12-14,16.74,26.55,10.07,43.92,0.0,2.11,14.7,96.96,1.69,3.47,JAI,26.91,75.79,arid,NASA_POWER_daily_ag,3.052,4.719,0.7834,dewpoint,456.3,21.621
2022-12-15,16.76,26.08,11.09,36.9,0.0,1.64,15.61,96.8,3.41,1.11,JAI,26.91,75.79,arid,NASA_POWER_daily_ag,2.847,4.484,0.6619,dewpoint,473.3,21.599
2022-12-16,16.8,26.21,11.63,33.43,0.0,1.51,15.34,96.69,9.09,-0.41,JAI,26.91,75.79,arid,NASA_POWER_daily_ag,2.775,4.217,0.5928,dewpoint,485.0,21.581
2022-12-17,16.97,27.14,11.31,34.2,0.0,1.18,15.84,96.84,1.07,-0.24,JAI,26.91,75.79,arid,NASA_POWER_daily_ag,2.473,4.233,0.6002,dewpoint,469.1,21.567
2022-12-18,17.85,26.82,10.78,33.64,0.0,1.14,15.46,96.86,0.9,0.39,JAI,26.91,75.79,arid,NASA_POWER_daily_ag,2.516,4.323,0.6284,dewpoint,466.9,21.557
2022-12-19,16.96,26.18,8.8,38.71,0.0,1.08,14.96,96.71,15.54,1.64,JAI,26.91,75.79,arid,NASA_POWER_daily_ag,2.359,4.56,0.6877,dewpoint,482.9,21.551
2022-12-20,17.05,26.09,9.79,41.24,0.0,1.06,15.12,96.63,5.74,2.55,JAI,26.91,75.79,arid,NASA_POWER_daily_ag,2.327,4.663,0.7339,dewpoint,491.4,21.549
2022-12-21,15.14,24.53,8.19,52.17,0.0,1.93,14.21,96.71,8.33,4.56,JAI,26.91,75.79,arid,NASA_POWER_daily_ag,2.587,4.933,0.8459,dewpoint,482.9,21.551
2022-12-22,14.69,22.85,8.89,49.07,0.0,2.0,13.87,96.69,1.83,3.6,JAI,26.91,75.79,arid,NASA_POWER_daily_ag,2.622,4.809,0.7906,dewpoint,485.0,21.558
2022-12-23,14.68,23.21,8.59,47.81,0.0,1.78,13.27,96.57,2.41,3.2,JAI,26.91,75.79,arid,NASA_POWER_daily_ag,2.504,4.671,0.7686,dewpoint,497.8,21.568
2022-12-24,12.68,21.64,7.33,42.02,0.0,2.46,13.29,96.85,13.11,-0.76,JAI,26.91,75.79,arid,NASA_POWER_daily_ag,2.869,4.373,0.5778,dewpoint,468.0,21.582
2022-12-25,12.21,21.56,5.64,33.93,0.0,1.73,14.19,96.94,13.92,-4.45,JAI,26.91,75.79,arid,NASA_POWER_daily_ag,2.581,4.189,0.4391,dewpoint,458.4,21.601
2022-12-26,12.52,22.22,5.94,37.78,0.0,1.39,14.67,97.08,5.41,-2.6,JAI,26.91,75.79,arid,NASA_POWER_daily_ag,2.302,4.382,0.5044,dewpoint,443.6,21.623
2022-12-27,13.15,23.17,5.45,35.47,0.0,1.38,14.92,97.12,3.08,-3.59,JAI,26.91,75.79,arid,NASA_POWER_daily_ag,2.403,4.284,0.4685,dewpoint,439.3,21.649
2022-12-28,15.37,24.84,7.6,34.19,0.0,1.39,15.29,97.11,4.61,-1.53,JAI,26.91,75.79,arid,NASA_POWER_daily_ag,2.589,4.376,0.546,dewpoint,440.4,21.68
2022-12-29,15.93,26.0,9.64,39.23,0.0,1.57,14.14,97.09,16.16,1.05,JAI,26.91,75.79,arid,NASA_POWER_daily_ag,2.666,4.425,0.6591,dewpoint,442.5,21.714
2022-12-30,16.96,24.77,11.98,49.44,0.0,2.44,14.05,97.14,9.87,6.12,JAI,26.91,75.79,arid,NASA_POWER_daily_ag,3.056,5.026,0.9429,dewpoint,437.2,21.753
2022-12-31,13.58,21.91,7.84,51.6,0.0,2.05,12.86,97.28,17.97,2.5,JAI,26.91,75.79,arid,NASA_POWER_daily_ag,2.542,4.678,0.7313,dewpoint,422.3,21.795
2023-01-01,13.59,22.78,7.48,34.64,0.0,0.99,14.51,97.26,1.61,-3.13,JAI,26.91,75.79,arid,NASA_POWER_daily_ag,2.096,4.307,0.4849,dewpoint,424.4,21.842
2023-01-02,12.52,21.13,6.19,44.68,0.0,1.15,14.57,97.34,1.8,-0.38,JAI,26.91,75.79,arid,NASA_POWER_daily_ag,2.085,4.764,0.5941,dewpoint,416.0,21.892
2023-01-03,11.23,20.06,4.65,44.8,0.0,1.31,10.24,97.4,41.9,-1.54,JAI,26.91,75.79,arid,NASA_POWER_daily_ag,1.987,4.162,0.5456,dewpoint,409.6,21.946
2023-01-04,9.57,18.78,3.15,37.15,0.0,1.4,14.41,97.43,12.29,-5.38,JAI,26.91,75.79,arid,NASA_POWER_daily_ag,2.132,4.535,0.4092,dewpoint,406.4,22.005
2023-01-05,9.45,19.83,2.5,47.97,0.0,1.47,13.1,97.53,22.96,-2.39,JAI,26.91,75.79,arid,NASA_POWER_daily_ag,2.001,4.621,0.5124,dewpoint,395.8,22.067
2023-01-06,9.5,19.02,2.14,48.49,0.0,1.75,14.8,97.57,21.4,-2.29,JAI,26.91,75.79,arid,NASA_POWER_daily_ag,2.206,4.962,0.5162,dewpoint,391.6,22.133
2023-01-07,11.77,21.81,4.1,35.68,0.0,1.01,15.58,97.41,10.42,-4.7,JAI,26.91,75.79,arid,NASA_POWER_daily_ag,2.068,4.622,0.4309,dewpoint,408.5,22.202
2023-01-08,15.27,25.42,7.53,22.57,0.0,0.94,15.69,97.17,9.69,-6.65,JAI,26.91,75.79,arid,NASA_POWER_daily_ag,2.262,4.097,0.3712,dewpoint,434.0,22.276
2023-01-09,16.21,25.43,10.07,35.6,0.0,1.02,14.87,97.23,33.36,0.51,JAI,26.91,75.79,arid,NASA_POWER_daily_ag,2.321,4.73,0.6338,dewpoint,427.6,22.353
2023-01-10,16.6,26.07,10.26,41.29,0.0,1.13,14.78,97.12,3.88,2.62,JAI,26.91,75.79,arid,NASA_POWER_daily_ag,2.41,4.972,0.7376,dewpoint,439.3,22.434
2023-01-11,16.47,25.97,9.39,41.87,0.0,1.87,15.18,96.69,10.85,2.71,JAI,26.91,75.79,arid,NASA_POWER_daily_ag,2.997,5.131,0.7423,dewpoint,485.0,22.519
2023-01-12,18.35,25.45,12.43,44.93,0.04,1.0,13.47,96.4,42.08,5.9,JAI,26.91,75.79,arid,NASA_POWER_daily_ag,2.352,5.174,0.9287,dewpoint,516.0,22.607
2023-01-13,16.69,24.07,11.31,41.86,0.0,1.68,15.12,96.55,12.89,3.0,JAI,26.91,75.79,arid,NASA_POWER_daily_ag,2.894,5.247,0.7578,dewpoint,500.0,22.699
2023-01-14,11.66,20.37,4.81,30.18,0.0,2.41,16.84,96.96,5.69,-6.92,JAI,26.91,75.79,arid,NASA_POWER_daily_ag,3.248,4.878,0.3636,dewpoint,456.3,22.794
2023-01-15,9.05,19.07,1.48,17.8,0.0,1.74,18.05,96.88,1.09,-14.57,JAI,26.91,75.79,arid,NASA_POWER_daily_ag,2.703,4.599,0.1974,dewpoint,464.8,22.893
2023-01-16,10.84,20.44,4.86,18.29,0.0,1.32,17.35,96.92,1.81,-12.66,JAI,26.91,75.79,arid,NASA_POWER_daily_ag,2.479,4.472,0.2308,dewpoint,460.6,22.996
2023-01-17,11.09,21.2,4.57,20.62,0.0,1.34,17.12,96.97,1.73,-11.29,JAI,26.91,75.79,arid,NASA_POWER_daily_ag,2.508,4.595,0.2578,dewpoint,455.2,23.102
2023-01-18,11.53,20.99,4.48,22.78,0.0,1.38,16.75,97.12,3.35,-9.57,JAI,26.91,75.79,arid,NASA_POWER_daily_ag,2.573,4.785,0.2956,dewpoint,439.3,23.211
2023-01-19,12.54,22.0,4.48,27.67,0.0,1.52,15.51,97.05,13.65,-6.48,JAI,26.91,75.79,arid,NASA_POWER_daily_ag,2.714,4.921,0.3761,dewpoint,446.7,23.323
2023-01-20,12.62,21.72,5.59,33.64,0.0,2.23,14.26,96.89,4.96,-3.71,JAI,26.91,75.79,arid,NASA_POWER_daily_ag,3.095,5.014,0.4643,dewpoint,463.8,23.439
2023-01-21,14.01,22.93,6.27,49.44,0.0,1.85,13.27,96.86,25.49,2.43,JAI,26.91,75.79,arid,NASA_POWER_daily_ag,2.649,5.363,0.7277,dewpoint,466.9,23.558
2023-01-22,14.21,22.32,7.06,56.98,0.0,2.02,9.94,96.75,25.64,5.28,JAI,26.91,75.79,arid,NASA_POWER_daily_ag,2.371,4.87,0.8895,dewpoint,478.7,23.68
2023-01-23,15.3,23.2,7.38,63.36,0.0,1.75,10.08,96.68,29.29,7.24,JAI,26.91,75.79,arid,NASA_POWER_daily_ag,2.252,5.035,1.0185,dewpoint,486.1,23.806
2023-01-24,15.59,24.28,9.5,49.72,0.05,2.06,9.16,96.57,42.48,3.59,JAI,26.91,75.79,arid,NASA_POWER_daily_ag,2.769,4.576,0.7901,dewpoint,497.8,23.934
2023-01-25,13.36,22.1,7.0,41.57,0.0,2.07,15.32,96.82,14.82,-0.64,JAI,26.91,75.79,arid,NASA_POWER_daily_ag,2.998,5.65,0.5829,dewpoint,471.2,24.065
2023-01-26,12.56,22.42,5.53,26.21,0.0,2.1,14.09,97.08,9.23,-6.88,JAI,26.91,75.79,arid,NASA_POWER_daily_ag,3.201,4.98,0.3647,dewpoint,443.6,24.199
2023-01-27,12.03,22.88,4.0,25.89,0.0,1.71,16.37,97.12,3.57,-8.27,JAI,26.91,75.79,arid,NASA_POWER_daily_ag,2.954,5.278,0.3274,dewpoint,439.3,24.336
2023-01-28,15.2,25.34,6.05,21.68,0.0,1.33,16.66,96.82,19.92,-7.91,JAI,26.91,75.79,arid,NASA_POWER_daily_ag,2.966,5.182,0.3367,dewpoint,471.2,24.476
2023-01-29,16.1,24.66,9.26,55.39,11.48,2.18,5.12,96.57,95.53,6.56,JAI,26.91,75.79,arid,NASA_POWER_daily_ag,2.429,3.805,0.972,dewpoint,497.8,24.619
2023-01-30,16.71,22.2,12.25,71.46,18.71,1.54,8.62,96.93,50.93,11.01,JAI,26.91,75.79,arid,NASA_POWER_daily_ag,1.943,4.951,1.3136,dewpoint,459.5,24.764
2023-01-31,14.81,23.25,8.75,63.73,0.0,2.09,15.22,97.18,24.75,6.86,JAI,26.91,75.79,arid,NASA_POWER_daily_ag,2.675,6.633,0.9923,dewpoint,432.9,24.912
2023-02-01,13.36,23.61,5.86,49.81,0.0,1.92,18.32,97.12,9.98,1.84,JAI,26.91,75.79,arid,NASA_POWER_daily_ag,2.942,6.924,0.6976,dewpoint,439.3,25.062
2023-02-02,14.93,26.05,6.77,44.03,0.0,1.97,18.95,97.02,0.75,1.53,JAI,26.91,75.79,arid,NASA_POWER_daily_ag,3.278,6.909,0.6823,dewpoint,449.9,25.214
2023-02-03,17.43,27.13,9.3,34.51,0.0,1.17,18.83,97.0,0.29,0.27,JAI,26.91,75.79,arid,NASA_POWER_daily_ag,3.047,6.587,0.6229,dewpoint,452.1,25.369
2023-02-04,18.22,28.02,11.76,37.12,0.0,1.81,18.61,96.76,0.37,2.28,JAI,26.91,75.79,arid,NASA_POWER_daily_ag,3.633,6.729,0.7199,dewpoint,477.6,25.527
2023-02-05,19.45,27.48,12.62,38.94,0.0,1.28,18.63,96.61,0.22,4.32,JAI,26.91,75.79,arid,NASA_POWER_daily_ag,3.301,7.096,0.8318,dewpoint,493.6,25.686
2023-02-06,19.13,28.51,12.62,41.89,0.0,1.75,18.73,96.54,0.28,4.89,JAI,26.91,75.79,arid,NASA_POWER_daily_ag,3.633,7.217,0.8656,dewpoint,501.0,25.848
2023-02-07,16.85,26.41,10.6,40.67,0.0,2.59,18.9,96.61,2.51,2.11,JAI,26.91,75.79,arid,NASA_POWER_daily_ag,4.03,7.111,0.7112,dewpoint,493.6,26.011
2023-02-08,18.25,27.82,10.01,33.61,0.0,1.39,19.18,96.76,3.72,0.33,JAI,26.91,75.79,arid,NASA_POWER_daily_ag,3.441,6.935,0.6256,dewpoint,477.6,26.177
2023-02-09,18.49,28.18,10.63,36.63,0.0,2.2,19.0,96.6,1.06,2.3,JAI,26.91,75.79,arid,NASA_POWER_daily_ag,4.094,7.192,0.7209,dewpoint,494.6,26.344
2023-02-10,19.36,30.0,11.54,45.58,0.0,2.53,19.29,96.47,3.41,5.73,JAI,26.91,75.79,arid,NASA_POWER_daily_ag,4.261,7.713,0.9178,dewpoint,508.5,26.513
2023-02-11,18.27,27.88,11.85,40.28,0.0,1.71,19.32,96.73,1.91,2.93,JAI,26.91,75.79,arid,NASA_POWER_daily_ag,3.673,7.447,0.754,dewpoint,480.8,26.684
2023-02-12,15.55,25.58,8.89,28.5,0.0,2.64,20.04,97.09,1.19,-4.38,JAI,26.91,75.79,arid,NASA_POWER_daily_ag,4.355,6.971,0.4414,dewpoint,442.5,26.857
2023-02-13,14.5,25.65,5.58,25.85,0.0,2.66,20.7,97.07,2.48,-6.87,JAI,26.91,75.79,arid,NASA_POWER_daily_ag,4.349,7.059,0.365,dewpoint,444.6,27.031
2023-02-14,18.23,29.15,9.84,26.66,0.0,1.79,19.84,96.95,2.93,-2.58,JAI,26.91,75.79,arid,NASA_POWER_daily_ag,4.014,7.034,0.5052,dewpoint,457.4,27.206
2023-02-15,19.86,31.58,11.49,32.76,0.0,2.5,20.2,96.75,1.82,1.66,JAI,26.91,75.79,arid,NASA_POWER_daily_ag,4.75,7.544,0.6887,dewpoint,478.7,27.383
2023-02-16,21.24,32.94,13.06,33.47,0.0,1.72,18.57,96.8,66.38,3.06,JAI,26.91,75.79,arid,NASA_POWER_daily_ag,4.117,7.286,0.761,dewpoint,473.3,27.561
2023-02-17,21.83,32.05,12.99,36.36,0.0,1.48,20.1,96.89,28.4,4.91,JAI,26.91,75.79,arid,NASA_POWER_daily_ag,4.032,8.059,0.8668,dewpoint,463.8,27.741
2023-02-18,22.96,32.38,13.99,27.62,0.0,1.25,20.52,96.85,1.25,1.56,JAI,26.91,75.79,arid,NASA_POWER_daily_ag,4.008,7.642,0.6837,dewpoint,468.0,27.921
2023-02-19,24.04,33.71,16.28,22.41,0.0,1.2,21.17,96.74,2.45,0.31,JAI,26.91,75.79,arid,NASA_POWER_daily_ag,4.075,7.469,0.6247,dewpoint,479.7,28.102
2023-02-20,22.57,33.98,13.4,24.63,0.0,2.11,21.14,96.52,20.84,-0.32,JAI,26.91,75.79,arid,NASA_POWER_daily_ag,5.055,7.587,0.5967,dewpoint,503.2,28.285
2023-02-21,21.99,32.35,14.14,28.66,0.0,2.55,20.67,96.49,9.26,2.01,JAI,26.91,75.79,arid,NASA_POWER_daily_ag,5.305,7.965,0.7061,dewpoint,506.4,28.468
2023-02-22,22.24,31.41,15.19,31.44,0.0,1.55,18.72,96.58,22.05,3.5,JAI,26.91,75.79,arid,NASA_POWER_daily_ag,4.18,7.754,0.7851,dewpoint,496.8,28.652
2023-02-23,21.06,31.11,13.48,31.61,0.0,1.49,20.0,96.65,15.69,2.21,JAI,26.91,75.79,arid,NASA_POWER_daily_ag,4.101,8.059,0.7163,dewpoint,489.3,28.837
2023-02-24,22.4,29.61,15.15,25.37,0.0,0.97,16.25,96.82,66.23,0.82,JAI,26.91,75.79,arid,NASA_POWER_daily_ag,3.448,7.006,0.6482,dewpoint,471.2,29.022
2023-02-25,24.01,31.62,16.95,25.65,0.0,0.72,21.32,96.95,1.44,2.56,JAI,26.91,75.79,arid,NASA_POWER_daily_ag,3.582,8.381,0.7344,dewpoint,457.4,29.207
2023-02-26,23.83,32.12,15.67,28.07,0.0,1.1,20.44,97.05,33.91,3.58,JAI,26.91,75.79,arid,NASA_POWER_daily_ag,4.037,8.404,0.7895,dewpoint,446.7,29.393
2023-02-27,24.38,32.45,18.22,27.19,0.0,0.99,20.45,97.01,28.65,3.48,JAI,26.91,75.79,arid,NASA_POWER_daily_ag,3.938,8.324,0.784,dewpoint,451.0,29.58
2023-02-28,23.13,32.91,15.08,28.98,0.0,1.74,20.65,96.97,3.07,2.85,JAI,26.91,75.79,arid,NASA_POWER_daily_ag,4.753,8.469,0.7497,dewpoint,455.2,29.766
2023-03-01,22.81,32.79,13.95,32.15,0.0,1.82,18.98,97.08,43.16,3.84,JAI,26.91,75.79,arid,NASA_POWER_daily_ag,4.664,8.257,0.8041,dewpoint,443.6,29.953
2023-03-02,23.7,32.9,15.44,31.73,0.27,1.38,20.16,97.17,54.35,4.74,JAI,26.91,75.79,arid,NASA_POWER_daily_ag,4.379,8.713,0.8566,dewpoint,434.0,30.14
2023-03-03,24.53,33.98,16.14,32.37,0.0,1.86,19.6,97.17,59.6,5.6,JAI,26.91,75.79,arid,NASA_POWER_daily_ag,4.969,8.651,0.9095,dewpoint,434.0,30.326
2023-03-04,24.41,32.75,17.6,34.38,0.27,1.78,16.41,97.19,71.7,6.45,JAI,26.91,75.79,arid,NASA_POWER_daily_ag,4.584,7.843,0.9646,dewpoint,431.9,30.513
2023-03-05,23.47,32.01,16.67,36.52,1.04,1.52,20.11,97.13,62.64,6.89,JAI,26.91,75.79,arid,NASA_POWER_daily_ag,4.474,9.183,0.9943,dewpoint,438.2,30.699
2023-03-06,23.57,32.53,16.25,31.44,0.0,1.77,21.03,96.93,66.98,4.57,JAI,26.91,75.79,arid,NASA_POWER_daily_ag,4.919,9.175,0.8465,dewpoint,459.5,30.885
2023-03-07,24.37,32.21,18.14,27.75,0.0,1.43,19.42,96.88,77.63,3.86,JAI,26.91,75.79,arid,NASA_POWER_daily_ag,4.55,8.594,0.8053,dewpoint,464.8,31.071
2023-03-08,22.99,29.04,17.7,47.29,60.73,0.86,16.92,96.97,81.84,10.42,JAI,26.91,75.79,arid,NASA_POWER_daily_ag,3.431,8.776,1.263,dewpoint,455.2,31.256
2023-03-09,22.27,28.1,16.42,48.98,0.65,0.83,20.49,96.99,69.37,10.54,JAI,26.91,75.79,arid,NASA_POWER_daily_ag,3.719,10.265,1.2731,dewpoint,453.1,31.441
2023-03-10,22.3,30.35,15.35,41.47,0.0,1.41,20.94,96.92,67.43,7.43,JAI,26.91,75.79,arid,NASA_POWER_daily_ag,4.338,9.94,1.0318,dewpoint,460.6,31.625
2023-03-11,24.14,31.37,17.19,31.21,0.0,0.73,21.03,96.88,59.42,5.22,JAI,26.91,75.79,arid,NASA_POWER_daily_ag,3.861,9.574,0.8858,dewpoint,464.8,31.808
2023-03-12,25.41,32.63,17.31,33.95,0.0,1.09,21.9,96.81,64.58,7.8,JAI,26.91,75.79,arid,NASA_POWER_daily_ag,4.518,10.256,1.0582,dewpoint,472.3,31.991
2023-03-13,26.15,33.97,20.1,39.24,0.0,1.03,19.74,96.63,77.39,10.36,JAI,26.91,75.79,arid,NASA_POWER_daily_ag,4.267,9.79,1.2579,dewpoint,491.4,32.173
2023-03-14,25.77,33.89,18.15,36.85,0.01,1.39,20.52,96.38,69.58,8.85,JAI,26.91,75.79,arid,NASA_POWER_daily_ag,4.757,9.961,1.1365,dewpoint,518.1,32.354
2023-03-15,25.66,33.61,17.61,37.28,0.0,1.53,15.87,96.25,96.8,8.92,JAI,26.91,75.79,arid,NASA_POWER_daily_ag,4.45,8.367,1.1419,dewpoint,532.0,32.533
2023-03-16,23.67,30.69,19.48,44.11,0.47,1.87,13.83,96.36,92.72,9.8,JAI,26.91,75.79,arid,NASA_POWER_daily_ag,4.201,7.754,1.2116,dewpoint,520.3,32.712
2023-03-17,22.81,28.53,18.73,55.32,4.89,1.67,17.99,96.5,79.42,12.78,JAI,26.91,75.79,arid,NASA_POWER_daily_ag,4.087,9.829,1.4764,dewpoint,505.3,32.89
2023-03-18,22.0,28.08,16.02,60.38,0.76,1.56,19.66,96.36,68.85,13.2,JAI,26.91,75.79,arid,NASA_POWER_daily_ag,4.046,10.725,1.5175,dewpoint,520.3,33.066
2023-03-19,23.08,28.95,16.39,53.99,1.37,1.32,18.75,96.17,67.52,12.45,JAI,26.91,75.79,arid,NASA_POWER_daily_ag,4.048,10.229,1.4447,dewpoint,540.6,33.241
2023-03-20,20.42,25.65,16.31,70.38,4.38,1.42,17.44,96.08,81.98,14.36,JAI,26.91,75.79,arid,NASA_POWER_daily_ag,3.369,10.023,1.6363,dewpoint,550.2,33.415
2023-03-21,21.28,29.47,14.44,62.43,0.11,1.82,21.74,96.18,60.21,12.21,JAI,26.91,75.79,arid,NASA_POWER_daily_ag,4.358,11.581,1.4221,dewpoint,539.5,33.587
2023-03-22,21.86,28.68,14.28,56.49,0.61,1.32,15.63,96.37,81.16,11.99,JAI,26.91,75.79,arid,NASA_POWER_daily_ag,3.565,8.985,1.4016,dewpoint,519.2,33.758
2023-03-23,23.37,29.85,16.04,54.61,0.39,1.31,18.6,96.24,73.25,12.87,JAI,26.91,75.79,arid,NASA_POWER_daily_ag,4.078,10.332,1.4851,dewpoint,533.1,33.927
2023-03-24,24.72,30.61,19.02,52.15,0.9,2.01,20.09,96.17,66.34,13.61,JAI,26.91,75.79,arid,NASA_POWER_daily_ag,4.907,11.017,1.5586,dewpoint,540.6,34.095
2023-03-25,22.66,29.63,14.9,46.8,0.0,1.77,21.79,96.43,67.93,9.83,JAI,26.91,75.79,arid,NASA_POWER_daily_ag,4.838,11.352,1.214,dewpoint,512.8,34.261
2023-03-26,23.87,30.27,17.65,43.83,0.0,1.64,20.41,96.46,65.64,10.14,JAI,26.91,75.79,arid,NASA_POWER_daily_ag,4.786,10.757,1.2395,dewpoint,509.6,34.426
2023-03-27,22.97,30.98,15.79,43.94,0.0,2.25,22.14,96.42,68.0,9.0,JAI,26.91,75.79,arid,NASA_POWER_daily_ag,5.349,11.359,1.1481,dewpoint,513.8,34.589
2023-03-28,24.36,32.55,15.95,38.02,0.0,1.55,24.47,96.37,65.62,7.79,JAI,26.91,75.79,arid,NASA_POWER_daily_ag,5.333,12.041,1.0575,dewpoint,519.2,34.749
2023-03-29,25.72,33.31,16.21,35.98,0.0,1.78,17.26,96.35,93.44,8.07,JAI,26.91,75.79,arid,NASA_POWER_daily_ag,5.052,9.303,1.0779,dewpoint,521.3,34.909
2023-03-30,24.63,32.99,19.66,44.58,2.46,1.65,17.83,96.19,83.49,10.71,JAI,26.91,75.79,arid,NASA_POWER_daily_ag,4.618,9.772,1.2876,dewpoint,538.4,35.066
2023-03-31,22.14,26.3,17.17,65.31,11.65,1.59,18.31,96.18,74.47,14.77,JAI,26.91,75.79,arid,NASA_POWER_daily_ag,3.896,10.729,1.6803,dewpoint,539.5,35.221
2023-04-01,23.06,29.83,17.29,54.46,0.22,1.98,23.91,96.27,52.6,12.42,JAI,26.91,75.79,arid,NASA_POWER_daily_ag,5.131,12.845,1.4419,dewpoint,529.9,35.374
2023-04-02,24.61,32.6,17.8,47.17,0.0,2.34,23.98,96.18,63.9,11.52,JAI,26.91,75.79,arid,NASA_POWER_daily_ag,5.798,12.619,1.3588,dewpoint,539.5,35.526
2023-04-03,24.73,32.49,16.87,46.17,2.28,2.99,23.73,96.07,61.02,11.62,JAI,26.91,75.79,arid,NASA_POWER_daily_ag,6.247,12.604,1.3678,dewpoint,551.3,35.675
2023-04-04,24.79,32.66,18.79,49.02,1.52,2.26,24.45,96.27,61.2,12.21,JAI,26.91,75.79,arid,NASA_POWER_daily_ag,5.783,12.975,1.4221,dewpoint,529.9,35.822
2023-04-05,26.08,33.48,18.68,42.33,0.01,1.52,24.24,96.35,61.86,11.1,JAI,26.91,75.79,arid,NASA_POWER_daily_ag,5.511,12.684,1.3215,dewpoint,521.3,35.967
2023-04-06,26.72,34.06,19.29,36.14,0.0,1.34,25.38,96.51,58.02,9.23,JAI,26.91,75.79,arid,NASA_POWER_daily_ag,5.611,12.796,1.166,dewpoint,504.2,36.11
2023-04-07,25.69,34.52,17.29,35.5,0.0,1.87,25.04,96.73,60.52,7.65,JAI,26.91,75.79,arid,NASA_POWER_daily_ag,6.024,12.476,1.0475,dewpoint,480.8,36.251
2023-04-08,26.3,34.46,16.77,29.78,0.0,1.56,22.2,96.81,67.31,5.96,JAI,26.91,75.79,arid,NASA_POWER_daily_ag,5.57,11.186,0.9325,dewpoint,472.3,36.389
2023-04-09,26.61,35.04,17.77,28.11,0.01,1.59,24.74,96.76,67.13,5.04,JAI,26.91,75.79,arid,NASA_POWER_daily_ag,5.928,11.966,0.8747,dewpoint,477.6,36.526
2023-04-10,27.3,37.02,18.97,26.99,0.0,2.0,25.75,96.58,64.33,4.85,JAI,26.91,75.79,arid,NASA_POWER_daily_ag,6.621,12.186,0.8632,dewpoint,496.8,36.66
2023-04-11,28.54,36.97,20.26,27.78,0.0,1.35,25.18,96.57,64.17,6.6,JAI,26.91,75.79,arid,NASA_POWER_daily_ag,5.901,12.252,0.9747,dewpoint,497.8,36.792
2023-04-12,29.51,38.23,22.06,33.81,0.0,2.01,22.25,96.49,68.5,10.5,JAI,26.91,75.79,arid,NASA_POWER_daily_ag,6.442,11.662,1.2697,dewpoint,506.4,36.921
2023-04-13,29.97,37.79,21.81,32.31,0.0,0.92,25.52,96.37,62.63,10.56,JAI,26.91,75.79,arid,NASA_POWER_daily_ag,5.544,13.063,1.2748,dewpoint,519.2,37.048
2023-04-14,30.13,37.78,23.5,27.81,0.0,1.34,24.02,96.28,71.51,8.18,JAI,26.91,75.79,arid,NASA_POWER_daily_ag,5.953,12.014,1.086,dewpoint,528.8,37.173
2023-04-15,31.03,39.93,22.69,26.64,0.0,2.33,23.11,96.2,63.0,8.2,JAI,26.91,75.79,arid,NASA_POWER_daily_ag,7.341,11.638,1.0875,dewpoint,537.4,37.296
2023-04-16,31.01,39.4,23.27,25.51,0.0,2.94,25.66,96.15,55.61,7.88,JAI,26.91,75.79,arid,NASA_POWER_daily_ag,8.399,12.582,1.064,dewpoint,542.7,37.416
2023-04-17,30.84,39.13,22.66,25.68,0.0,2.62,24.13,96.17,63.41,7.75,JAI,26.91,75.79,arid,NASA_POWER_daily_ag,7.83,12.049,1.0546,dewpoint,540.6,37.534
2023-04-18,31.51,39.38,24.43,26.06,0.0,3.48,26.42,96.31,53.65,8.87,JAI,26.91,75.79,arid,NASA_POWER_daily_ag,9.189,13.066,1.138,dewpoint,525.6,37.65
2023-04-19,30.78,38.26,23.8,27.37,0.0,3.96,23.69,96.03,72.39,9.17,JAI,26.91,75.79,arid,NASA_POWER_daily_ag,9.209,12.165,1.1613,dewpoint,555.5,37.763
2023-04-20,29.54,36.36,24.02,27.57,0.01,3.6,24.16,95.76,78.04,7.71,JAI,26.91,75.79,arid,NASA_POWER_daily_ag,8.662,12.221,1.0518,dewpoint,584.5,37.874
2023-04-21,28.48,36.73,21.35,16.68,0.0,2.63,26.62,95.8,61.52,-1.36,JAI,26.91,75.79,arid,NASA_POWER_daily_ag,7.968,11.856,0.5529,dewpoint,580.2,37.982
2023-04-22,28.22,37.41,19.02,18.85,0.0,2.03,24.82,95.84,69.77,0.8,JAI,26.91,75.79,arid,NASA_POWER_daily_ag,6.931,11.665,0.6473,dewpoint,575.9,38.089
2023-04-23,27.31,34.64,21.13,24.0,0.79,2.85,21.82,95.99,73.92,4.1,JAI,26.91,75.79,arid,NASA_POWER_daily_ag,7.375,11.087,0.819,dewpoint,559.8,38.192
2023-04-24,26.84,34.72,18.71,30.76,0.15,2.72,24.59,96.29,71.73,6.96,JAI,26.91,75.79,arid,NASA_POWER_daily_ag,7.24,12.643,0.9991,dewpoint,527.7,38.294
2023-04-25,27.78,35.36,20.26,28.83,0.0,2.53,25.48,96.42,65.25,7.35,JAI,26.91,75.79,arid,NASA_POWER_daily_ag,7.322,12.99,1.0262,dewpoint,513.8,38.393
2023-04-26,29.06,35.88,21.97,27.44,0.0,1.62,21.64,96.2,77.83,7.74,JAI,26.91,75.79,arid,NASA_POWER_daily_ag,6.038,11.456,1.0539,dewpoint,537.4,38.49
2023-04-27,30.07,37.57,22.1,27.65,0.03,2.05,23.69,96.12,64.95,8.23,JAI,26.91,75.79,arid,NASA_POWER_daily_ag,6.972,12.296,1.0897,dewpoint,545.9,38.584
2023-04-28,29.0,34.92,23.37,32.36,0.32,3.16,19.85,96.26,76.02,9.9,JAI,26.91,75.79,arid,NASA_POWER_daily_ag,7.467,11.017,1.2198,dewpoint,530.9,38.677
2023-04-29,25.81,30.26,21.59,47.52,1.11,2.5,18.38,96.21,80.95,13.19,JAI,26.91,75.79,arid,NASA_POWER_daily_ag,5.544,10.918,1.5165,dewpoint,536.3,38.766
2023-04-30,24.6,29.15,20.46,49.14,4.52,2.17,14.97,96.1,95.52,12.86,JAI,26.91,75.79,arid,NASA_POWER_daily_ag,4.661,9.34,1.4841,dewpoint,548.1,38.854
2023-05-01,25.1,29.98,20.55,54.98,6.45,1.67,21.75,96.04,70.11,14.9,JAI,26.91,75.79,arid,NASA_POWER_daily_ag,5.079,12.811,1.6944,dewpoint,554.5,38.939
2023-05-02,26.47,32.68,20.7,53.91,2.7,2.21,23.95,96.15,64.49,15.51,JAI,26.91,75.79,arid,NASA_POWER_daily_ag,5.942,13.916,1.7622,dewpoint,542.7,39.022
2023-05-03,26.47,32.89,19.65,56.0,3.12,2.02,24.99,96.28,53.11,15.96,JAI,26.91,75.79,arid,NASA_POWER_daily_ag,5.927,14.546,1.8136,dewpoint,528.8,39.103
2023-05-04,27.57,34.39,20.08,48.48,0.78,1.35,24.38,96.25,61.99,14.39,JAI,26.91,75.79,arid,NASA_POWER_daily_ag,5.675,13.915,1.6395,dewpoint,532.0,39.182
2023-05-05,28.56,35.16,20.31,41.52,0.09,1.59,23.54,96.12,58.75,13.18,JAI,26.91,75.79,arid,NASA_POWER_daily_ag,6.012,13.298,1.5155,dewpoint,545.9,39.258
2023-05-06,30.98,37.9,24.37,34.66,0.01,1.76,25.89,95.99,51.35,12.44,JAI,26.91,75.79,arid,NASA_POWER_daily_ag,6.918,14.015,1.4438,dewpoint,559.8,39.332
2023-05-07,31.41,39.18,24.33,30.77,0.0,3.27,24.95,95.93,59.2,10.57,JAI,26.91,75.79,arid,NASA_POWER_daily_ag,8.74,13.234,1.2757,dewpoint,566.3,39.404
2023-05-08,30.17,38.87,22.27,27.16,1.19,3.56,27.07,95.86,59.69,5.0,JAI,26.91,75.79,arid,NASA_POWER_daily_ag,9.385,13.251,0.8723,dewpoint,573.8,39.474
2023-05-09,29.88,39.21,20.61,17.24,0.0,2.52,27.95,96.08,46.01,0.32,JAI,26.91,75.79,arid,NASA_POWER_daily_ag,8.293,12.899,0.6252,dewpoint,550.2,39.542
2023-05-10,30.37,39.91,20.69,18.4,0.0,2.97,25.84,96.08,58.98,2.09,JAI,26.91,75.79,arid,NASA_POWER_daily_ag,8.754,12.399,0.7102,dewpoint,550.2,39.608
2023-05-11,31.73,40.93,23.2,15.01,0.0,2.28,26.87,96.08,61.6,0.37,JAI,26.91,75.79,arid,NASA_POWER_daily_ag,8.137,12.346,0.6274,dewpoint,550.2,39.671
2023-05-12,33.76,43.47,25.79,13.17,0.0,2.27,28.15,95.98,53.15,0.22,JAI,26.91,75.79,arid,NASA_POWER_daily_ag,8.517,12.468,0.6206,dewpoint,560.9,39.733
2023-05-13,35.23,44.22,25.77,16.94,0.0,3.33,26.6,95.87,64.63,5.04,JAI,26.91,75.79,arid,NASA_POWER_daily_ag,10.26,12.721,0.8747,dewpoint,572.7,39.792
2023-05-14,34.19,41.85,27.33,23.38,3.76,3.6,18.6,95.68,85.59,9.31,JAI,26.91,75.79,arid,NASA_POWER_daily_ag,9.273,10.355,1.1723,dewpoint,593.1,39.849
2023-05-15,33.36,41.09,25.77,29.46,0.7,4.04,26.43,95.72,66.85,11.88,JAI,26.91,75.79,arid,NASA_POWER_daily_ag,10.216,14.088,1.3915,dewpoint,588.8,39.905
2023-05-16,33.08,39.99,26.4,31.76,0.76,4.03,26.25,95.92,60.26,13.46,JAI,26.91,75.79,arid,NASA_POWER_daily_ag,9.923,14.351,1.5434,dewpoint,567.3,39.958
2023-05-17,34.01,40.84,26.61,32.49,0.0,3.53,26.45,96.01,59.92,14.53,JAI,26.91,75.79,arid,NASA_POWER_daily_ag,9.597,14.628,1.6544,dewpoint,557.7,40.01
2023-05-18,33.15,39.89,26.98,34.91,2.08,2.42,26.69,96.26,63.03,14.63,JAI,26.91,75.79,arid,NASA_POWER_daily_ag,8.148,14.789,1.6651,dewpoint,530.9,40.059
2023-05-19,32.95,40.62,25.41,28.0,0.0,2.86,27.51,96.13,50.45,10.66,JAI,26.91,75.79,arid,NASA_POWER_daily_ag,8.978,14.381,1.2833,dewpoint,544.8,40.107
2023-05-20,34.39,42.27,26.02,23.36,0.0,3.49,24.21,95.93,68.67,9.2,JAI,26.91,75.79,arid,NASA_POWER_daily_ag,9.847,12.674,1.1637,dewpoint,566.3,40.153
2023-05-21,35.4,43.47,28.19,21.83,0.0,4.89,25.78,95.98,62.33,9.46,JAI,26.91,75.79,arid,NASA_POWER_daily_ag,12.052,13.223,1.1842,dewpoint,560.9,40.197
2023-05-22,35.34,43.28,27.6,26.55,0.0,4.72,27.33,96.04,40.7,12.72,JAI,26.91,75.79,arid,NASA_POWER_daily_ag,11.659,14.549,1.4706,dewpoint,554.5,40.239
2023-05-23,35.86,43.14,29.04,25.45,0.0,4.73,27.7,96.02,46.46,12.68,JAI,26.91,75.79,arid,NASA_POWER_daily_ag,11.899,14.66,1.4667,dewpoint,556.6,40.279
2023-05-24,33.12,38.17,28.39,37.93,1.41,3.42,16.8,95.98,67.31,16.59,JAI,26.91,75.79,arid,NASA_POWER_daily_ag,7.7,10.449,1.888,dewpoint,560.9,40.318
2023-05-25,30.58,35.65,26.85,50.85,20.94,2.76,21.56,95.93,74.14,18.73,JAI,26.91,75.79,arid,NASA_POWER_daily_ag,6.717,13.222,2.1607,dewpoint,566.3,40.355
2023-05-26,29.62,36.27,23.72,59.9,18.14,1.54,23.82,95.98,56.33,20.13,JAI,26.91,75.79,arid,NASA_POWER_daily_ag,5.831,14.728,2.3572,dewpoint,560.9,40.39
2023-05-27,30.63,35.03,27.18,59.05,11.36,2.16,24.09,95.92,60.59,21.45,JAI,26.91,75.79,arid,NASA_POWER_daily_ag,6.355,15.097,2.5566,dewpoint,567.3,40.423
2023-05-28,28.86,32.44,25.01,64.2,8.5,1.98,16.76,96.07,90.63,21.17,JAI,26.91,75.79,arid,NASA_POWER_daily_ag,4.714,11.053,2.5131,dewpoint,551.3,40.455
2023-05-29,27.85,30.52,24.85,58.01,0.31,1.05,23.27,96.24,67.8,18.51,JAI,26.91,75.79,arid,NASA_POWER_daily_ag,5.229,14.266,2.1311,dewpoint,533.1,40.485
2023-05-30,28.71,33.97,24.54,52.95,2.6,1.22,18.88,96.24,75.45,17.62,JAI,26.91,75.79,arid,NASA_POWER_daily_ag,4.844,11.77,2.0152,dewpoint,533.1,40.513
2023-05-31,26.79,32.23,21.75,57.91,5.55,2.47,24.78,96.12,59.83,17.2,JAI,26.91,75.79,arid,NASA_POWER_daily_ag,6.145,14.868,1.9624,dewpoint,545.9,40.54
2023-06-01,28.38,35.44,21.47,56.12,0.19,2.87,26.94,96.04,46.38,17.82,JAI,26.91,75.79,arid,NASA_POWER_daily_ag,7.032,16.025,2.0407,dewpoint,554.5,40.565
2023-06-02,29.31,35.22,22.45,55.83,0.0,2.4,24.62,95.98,65.82,18.92,JAI,26.91,75.79,arid,NASA_POWER_daily_ag,6.56,15.011,2.1865,dewpoint,560.9,40.589
2023-06-03,31.55,37.24,25.5,50.16,0.01,1.59,26.15,95.97,59.68,19.16,JAI,26.91,75.79,arid,NASA_POWER_daily_ag,6.678,15.737,2.2194,dewpoint,562.0,40.611
2023-06-04,30.56,35.28,25.89,53.07,0.03,2.64,21.65,95.96,79.49,19.4,JAI,26.91,75.79,arid,NASA_POWER_daily_ag,6.559,13.441,2.2528,dewpoint,563.0,40.631
2023-06-05,31.41,37.95,24.3,43.57,0.0,1.97,27.32,95.86,60.11,16.58,JAI,26.91,75.79,arid,NASA_POWER_daily_ag,7.318,15.796,1.8868,dewpoint,573.8,40.65
2023-06-06,32.55,39.72,25.24,40.4,0.0,1.73,26.46,95.78,48.37,16.02,JAI,26.91,75.79,arid,NASA_POWER_daily_ag,7.181,15.164,1.8206,dewpoint,582.4,40.668
2023-06-07,32.56,39.38,27.16,40.58,0.0,2.54,28.15,95.79,34.51,16.29,JAI,26.91,75.79,arid,NASA_POWER_daily_ag,8.252,15.999,1.8522,dewpoint,581.3,40.684
2023-06-08,33.1,39.46,26.1,45.06,1.14,3.52,25.68,95.79,62.65,18.84,JAI,26.91,75.79,arid,NASA_POWER_daily_ag,8.683,15.354,2.1756,dewpoint,581.3,40.698
2023-06-09,32.38,39.18,26.48,48.05,5.08,3.84,27.35,95.59,46.35,19.0,JAI,26.91,75.79,arid,NASA_POWER_daily_ag,8.875,16.264,2.1974,dewpoint,602.8,40.711
2023-06-10,32.4,39.55,26.19,44.22,1.98,4.77,27.52,95.49,54.28,17.85,JAI,26.91,75.79,arid,NASA_POWER_daily_ag,9.794,16.084,2.0446,dewpoint,613.5,40.723
2023-06-11,32.4,38.68,26.42,49.48,0.01,4.39,27.53,95.49,54.53,20.04,JAI,26.91,75.79,arid,NASA_POWER_daily_ag,9.088,16.629,2.3441,dewpoint,613.5,40.733
2023-06-12,33.58,40.46,27.1,45.36,0.0,4.51,27.71,95.45,46.84,19.4,JAI,26.91,75.79,arid,NASA_POWER_daily_ag,9.815,16.494,2.2528,dewpoint,617.8,40.742
2023-06-13,34.05,40.8,27.8,42.11,0.0,4.9,26.86,95.5,49.68,18.39,JAI,26.91,75.79,arid,NASA_POWER_daily_ag,10.399,15.784,2.1151,dewpoint,612.4,40.749
2023-06-14,33.42,39.23,27.71,43.14,0.0,5.0,26.79,95.58,43.25,18.41,JAI,26.91,75.79,arid,NASA_POWER_daily_ag,10.2,15.808,2.1178,dewpoint,603.8,40.755
2023-06-15,33.37,38.51,28.71,44.13,0.26,4.06,22.89,95.64,52.37,18.98,JAI,26.91,75.79,arid,NASA_POWER_daily_ag,8.801,13.906,2.1947,dewpoint,597.4,40.76
2023-06-16,32.71,37.8,27.31,46.93,0.28,3.56,22.34,95.58,75.58,19.38,JAI,26.91,75.79,arid,NASA_POWER_daily_ag,8.019,13.739,2.25,dewpoint,603.8,40.763
2023-06-17,29.53,32.3,27.61,60.59,2.51,5.68,15.74,95.5,94.51,20.96,JAI,26.91,75.79,arid,NASA_POWER_daily_ag,6.57,10.468,2.4809,dewpoint,612.4,40.764
2023-06-18,29.15,32.8,26.56,74.09,9.75,4.89,5.58,95.15,96.83,23.89,JAI,26.91,75.79,arid,NASA_POWER_daily_ag,3.591,4.737,2.9643,dewpoint,650.1,40.765
2023-06-19,27.38,29.29,25.48,81.26,37.25,5.72,16.38,95.2,89.94,23.85,JAI,26.91,75.79,arid,NASA_POWER_daily_ag,4.302,11.179,2.9572,dewpoint,644.7,40.764
2023-06-20,30.54,35.53,25.25,69.3,12.5,3.22,19.97,95.45,71.73,23.76,JAI,26.91,75.79,arid,NASA_POWER_daily_ag,5.792,13.221,2.9412,dewpoint,617.8,40.762
2023-06-21,30.94,36.7,25.83,65.74,2.02,4.75,22.9,95.57,63.91,23.22,JAI,26.91,75.79,arid,NASA_POWER_daily_ag,7.118,14.808,2.847,dewpoint,604.9,40.758
2023-06-22,31.19,37.43,26.13,63.4,0.24,4.2,17.94,95.57,77.92,22.98,JAI,26.91,75.79,arid,NASA_POWER_daily_ag,6.358,11.888,2.806,dewpoint,604.9,40.753
2023-06-23,32.4,38.68,26.68,57.96,0.48,4.07,19.05,95.52,77.46,22.29,JAI,26.91,75.79,arid,NASA_POWER_daily_ag,7.149,12.4,2.691,dewpoint,610.3,40.747
2023-06-24,30.96,36.86,26.69,65.81,2.88,3.59,20.34,95.47,77.42,23.44,JAI,26.91,75.79,arid,NASA_POWER_daily_ag,6.228,13.344,2.8851,dewpoint,615.7,40.739
2023-06-25,27.77,30.41,25.31,80.72,6.48,2.34,13.66,95.55,96.66,24.08,JAI,26.91,75.79,arid,NASA_POWER_daily_ag,3.539,9.559,2.9983,dewpoint,607.1,40.73
2023-06-26,28.06,31.42,25.84,79.1,5.82,1.92,13.65,95.56,99.14,23.87,JAI,26.91,75.79,arid,NASA_POWER_daily_ag,3.566,9.527,2.9607,dewpoint,606.0,40.72
2023-06-27,27.34,30.31,25.29,81.56,3.12,1.98,19.96,95.47,80.2,23.78,JAI,26.91,75.79,arid,NASA_POWER_daily_ag,4.434,13.288,2.9447,dewpoint,615.7,40.708
2023-06-28,28.14,31.83,24.98,78.4,5.2,2.98,17.77,95.56,95.81,23.8,JAI,26.91,75.79,arid,NASA_POWER_daily_ag,4.493,11.971,2.9483,dewpoint,606.0,40.695
2023-06-29,30.09,34.75,25.81,70.04,7.28,1.65,13.25,95.45,97.44,23.55,JAI,26.91,75.79,arid,NASA_POWER_daily_ag,3.916,9.245,2.9043,dewpoint,617.8,40.68
2023-06-30,29.94,33.94,25.89,72.58,4.66,1.77,16.98,95.33,91.53,24.14,JAI,26.91,75.79,arid,NASA_POWER_daily_ag,4.491,11.509,3.0091,dewpoint,630.7,40.665
2023-07-01,30.31,34.81,25.99,72.11,5.5,2.18,22.65,95.49,65.97,24.34,JAI,26.91,75.79,arid,NASA_POWER_daily_ag,5.663,14.9,3.0454,dewpoint,613.5,40.647
2023-07-02,30.78,35.23,26.69,70.04,8.28,2.85,17.59,95.56,83.09,24.32,JAI,26.91,75.79,arid,NASA_POWER_daily_ag,5.219,11.867,3.0417,dewpoint,606.0,40.629
2023-07-03,31.42,37.1,25.69,66.63,5.94,2.74,22.26,95.53,86.91,23.88,JAI,26.91,75.79,arid,NASA_POWER_daily_ag,6.233,14.541,2.9625,dewpoint,609.2,40.609
2023-07-04,32.86,39.22,27.02,61.35,2.08,2.85,21.16,95.32,95.42,23.62,JAI,26.91,75.79,arid,NASA_POWER_daily_ag,6.616,13.793,2.9165,dewpoint,631.8,40.587
2023-07-05,31.9,37.28,27.11,67.09,10.48,2.0,21.53,95.2,83.15,24.49,JAI,26.91,75.79,arid,NASA_POWER_daily_ag,5.8,14.198,3.0728,dewpoint,644.7,40.565
2023-07-06,28.9,32.0,26.47,78.86,0.6,1.61,20.17,95.47,85.42,24.68,JAI,26.91,75.79,arid,NASA_POWER_daily_ag,4.673,13.501,3.1079,dewpoint,615.7,40.54
2023-07-07,28.64,33.1,25.83,78.29,12.09,0.82,9.4,95.58,97.75,24.19,JAI,26.91,75.79,arid,NASA_POWER_daily_ag,2.558,6.995,3.0181,dewpoint,603.8,40.515
2023-07-08,29.18,32.81,25.96,76.71,9.27,1.15,20.93,95.51,83.25,24.4,JAI,26.91,75.79,arid,NASA_POWER_daily_ag,4.785,13.901,3.0563,dewpoint,611.4,40.488
2023-07-09,28.93,31.97,25.68,79.05,32.25,1.31,18.79,95.55,89.26,24.73,JAI,26.91,75.79,arid,NASA_POWER_daily_ag,4.371,12.678,3.1172,dewpoint,607.1,40.459
2023-07-10,28.43,32.79,25.4,83.31,40.8,1.73,12.3,95.52,97.27,25.12,JAI,26.91,75.79,arid,NASA_POWER_daily_ag,3.162,8.775,3.1905,dewpoint,610.3,40.429
2023-07-11,29.24,34.22,24.71,75.76,2.06,2.35,18.08,95.58,92.44,24.12,JAI,26.91,75.79,arid,NASA_POWER_daily_ag,4.678,12.147,3.0055,dewpoint,603.8,40.398
2023-07-12,29.79,34.57,24.5,73.42,0.02,1.96,22.27,95.5,77.05,24.08,JAI,26.91,75.79,arid,NASA_POWER_daily_ag,5.42,14.625,2.9983,dewpoint,612.4,40.365
2023-07-13,29.6,33.89,25.59,77.1,0.55,2.88,19.81,95.52,80.85,24.78,JAI,26.91,75.79,arid,NASA_POWER_daily_ag,5.069,13.267,3.1265,dewpoint,610.3,40.33
2023-07-14,28.35,31.43,25.69,82.35,0.38,2.58,14.58,95.66,95.36,24.93,JAI,26.91,75.79,arid,NASA_POWER_daily_ag,3.703,10.145,3.1546,dewpoint,595.2,40.294
2023-07-15,28.25,31.93,25.4,82.14,2.33,2.73,19.31,95.67,81.38,24.76,JAI,26.91,75.79,arid,NASA_POWER_daily_ag,4.487,12.984,3.1228,dewpoint,594.2,40.256
2023-07-16,27.79,30.55,25.03,85.64,21.69,2.09,10.78,95.64,97.98,25.09,JAI,26.91,75.79,arid,NASA_POWER_daily_ag,2.804,7.847,3.1848,dewpoint,597.4,40.217
2023-07-17,28.26,32.05,24.79,84.51,22.05,2.43,14.08,95.53,99.12,25.28,JAI,26.91,75.79,arid,NASA_POWER_daily_ag,3.487,9.866,3.221,dewpoint,609.2,40.176
2023-07-18,28.83,31.86,25.67,83.73,12.87,1.52,12.78,95.43,97.68,25.68,JAI,26.91,75.79,arid,NASA_POWER_daily_ag,3.204,9.093,3.2984,dewpoint,620.0,40.134
2023-07-19,29.52,33.84,26.43,80.23,3.12,1.8,17.77,95.39,91.31,25.48,JAI,26.91,75.79,arid,NASA_POWER_daily_ag,4.321,12.108,3.2595,dewpoint,624.3,40.09
2023-07-20,29.78,33.56,25.11,77.9,4.21,1.75,21.58,95.42,72.92,25.31,JAI,26.91,75.79,arid,NASA_POWER_daily_ag,5.071,14.418,3.2267,dewpoint,621.0,40.044
2023-07-21,30.25,33.66,26.8,76.99,3.62,1.78,23.98,95.57,79.21,25.61,JAI,26.91,75.79,arid,NASA_POWER_daily_ag,5.573,15.911,3.2847,dewpoint,604.9,39.997
2023-07-22,29.77,33.73,26.51,78.91,2.53,3.07,23.28,95.72,73.85,25.47,JAI,26.91,75.79,arid,NASA_POWER_daily_ag,5.549,15.451,3.2576,dewpoint,588.8,39.948
2023-07-23,28.93,33.11,25.57,80.49,2.59,3.55,19.73,95.68,86.92,25.04,JAI,26.91,75.79,arid,NASA_POWER_daily_ag,4.834,13.234,3.1753,dewpoint,593.1,39.897
2023-07-24,29.35,33.72,25.2,79.6,1.39,2.53,20.33,95.52,75.97,25.2,JAI,26.91,75.79,arid,NASA_POWER_daily_ag,4.892,13.618,3.2057,dewpoint,610.3,39.844
2023-07-25,29.33,33.02,25.93,82.1,2.85,1.38,16.99,95.6,97.65,25.75,JAI,26.91,75.79,arid,NASA_POWER_daily_ag,4.017,11.657,3.3121,dewpoint,601.7,39.79
2023-07-26,27.96,30.19,26.33,89.02,6.36,2.29,15.6,95.69,97.87,25.94,JAI,26.91,75.79,arid,NASA_POWER_daily_ag,3.471,10.84,3.3495,dewpoint,592.0,39.734
2023-07-27,27.47,29.28,25.92,90.68,18.78,2.23,18.25,95.59,92.99,25.79,JAI,26.91,75.79,arid,NASA_POWER_daily_ag,3.792,12.469,3.3199,dewpoint,602.8,39.676
2023-07-28,27.27,29.69,25.34,89.27,20.37,2.3,12.46,95.54,95.33,25.29,JAI,26.91,75.79,arid,NASA_POWER_daily_ag,2.894,8.858,3.2229,dewpoint,608.1,39.616
2023-07-29,26.82,29.71,24.79,89.87,30.89,3.57,11.71,95.52,88.83,24.97,JAI,26.91,75.79,arid,NASA_POWER_daily_ag,2.753,8.383,3.1621,dewpoint,610.3,39.555
2023-07-30,28.29,31.87,25.08,83.96,4.62,2.56,15.62,95.42,90.16,25.16,JAI,26.91,75.79,arid,NASA_POWER_daily_ag,3.781,10.752,3.1981,dewpoint,621.0,39.491
2023-07-31,28.21,31.85,25.17,83.76,3.11,2.85,20.59,95.39,69.01,25.05,JAI,26.91,75.79,arid,NASA_POWER_daily_ag,4.6,13.742,3.1772,dewpoint,624.3,39.426
2023-08-01,28.55,32.62,24.89,81.92,0.35,2.62,16.2,95.37,88.38,24.96,JAI,26.91,75.79,arid,NASA_POWER_daily_ag,4.015,11.067,3.1602,dewpoint,626.4,39.359
2023-08-02,28.23,31.9,25.04,83.69,0.01,3.1,19.06,95.42,96.12,25.06,JAI,26.91,75.79,arid,NASA_POWER_daily_ag,4.381,12.808,3.1791,dewpoint,621.0,39.29
2023-08-03,27.8,31.51,24.76,83.82,0.09,2.83,16.63,95.43,97.91,24.69,JAI,26.91,75.79,arid,NASA_POWER_daily_ag,3.916,11.296,3.1098,dewpoint,620.0,39.219
2023-08-04,27.27,30.86,24.55,86.43,1.33,2.84,13.32,95.59,98.77,24.74,JAI,26.91,75.79,arid,NASA_POWER_daily_ag,3.199,9.314,3.119,dewpoint,602.8,39.146
2023-08-05,27.68,31.08,25.05,84.01,0.6,3.17,18.22,95.76,90.94,24.63,JAI,26.91,75.79,arid,NASA_POWER_daily_ag,4.156,12.229,3.0986,dewpoint,584.5,39.071
2023-08-06,27.79,32.31,23.93,81.64,0.01,3.65,17.88,95.55,78.71,24.15,JAI,26.91,75.79,arid,NASA_POWER_daily_ag,4.342,11.953,3.0109,dewpoint,607.1,38.993
2023-08-07,27.24,31.83,23.94,81.27,0.0,4.27,14.52,95.34,92.93,23.53,JAI,26.91,75.79,arid,NASA_POWER_daily_ag,3.912,9.909,2.9008,dewpoint,629.7,38.914
2023-08-08,26.96,31.08,24.07,82.89,0.0,3.72,16.73,95.48,97.23,23.65,JAI,26.91,75.79,arid,NASA_POWER_daily_ag,3.986,11.213,2.9218,dewpoint,614.6,38.833
2023-08-09,27.47,31.92,23.69,81.19,0.0,3.19,17.36,95.8,96.64,23.74,JAI,26.91,75.79,arid,NASA_POWER_daily_ag,4.192,11.578,2.9377,dewpoint,580.2,38.75
2023-08-10,27.44,32.01,24.08,81.1,0.0,3.03,18.96,95.91,91.43,23.7,JAI,26.91,75.79,arid,NASA_POWER_daily_ag,4.402,12.494,2.9306,dewpoint,568.4,38.665
2023-08-11,27.16,31.9,23.29,80.23,0.0,2.72,21.07,95.93,76.86,23.23,JAI,26.91,75.79,arid,NASA_POWER_daily_ag,4.689,13.648,2.8488,dewpoint,566.3,38.578
2023-08-12,26.94,31.82,22.76,79.99,0.0,3.42,20.09,95.76,77.29,22.98,JAI,26.91,75.79,arid,NASA_POWER_daily_ag,4.614,13.042,2.806,dewpoint,584.5,38.488
2023-08-13,26.83,31.57,23.54,81.73,0.0,3.72,15.94,95.56,94.94,23.25,JAI,26.91,75.79,arid,NASA_POWER_daily_ag,3.939,10.672,2.8522,dewpoint,606.0,38.396
2023-08-14,27.31,32.49,23.21,78.41,0.0,2.45,14.95,95.77,97.78,22.94,JAI,26.91,75.79,arid,NASA_POWER_daily_ag,3.829,10.054,2.7993,dewpoint,583.4,38.303
2023-08-15,27.34,31.71,23.1,78.36,1.6,1.99,18.86,95.88,84.76,22.98,JAI,26.91,75.79,arid,NASA_POWER_daily_ag,4.33,12.303,2.806,dewpoint,571.6,38.207
2023-08-16,27.99,32.9,23.61,78.91,0.52,2.65,15.44,95.94,89.85,23.7,JAI,26.91,75.79,arid,NASA_POWER_daily_ag,3.988,10.391,2.9306,dewpoint,565.2,38.109
2023-08-17,28.1,33.16,23.38,76.66,0.0,3.1,21.74,95.9,59.27,23.32,JAI,26.91,75.79,arid,NASA_POWER_daily_ag,5.152,13.965,2.8643,dewpoint,569.5,38.009
2023-08-18,28.62,33.91,23.21,73.42,0.33,1.97,21.66,95.83,70.43,23.01,JAI,26.91,75.79,arid,NASA_POWER_daily_ag,5.088,13.837,2.8111,dewpoint,577.0,37.906
2023-08-19,28.88,32.94,24.86,76.65,3.37,2.01,15.62,95.74,85.55,24.16,JAI,26.91,75.79,arid,NASA_POWER_daily_ag,4.018,10.512,3.0127,dewpoint,586.6,37.802
2023-08-20,30.23,34.22,26.1,72.74,1.38,1.48,17.02,95.73,86.9,24.52,JAI,26.91,75.79,arid,NASA_POWER_daily_ag,4.331,11.34,3.0783,dewpoint,587.7,37.695
2023-08-21,30.58,35.32,26.53,71.27,0.75,0.91,15.73,95.69,91.75,24.49,JAI,26.91,75.79,arid,NASA_POWER_daily_ag,3.908,10.557,3.0728,dewpoint,592.0,37.586
2023-08-22,28.74,33.86,25.88,80.14,17.87,3.13,17.73,95.64,87.25,24.73,JAI,26.91,75.79,arid,NASA_POWER_daily_ag,4.419,11.776,3.1172,dewpoint,597.4,37.475
2023-08-23,27.28,31.86,24.51,79.58,0.22,3.78,10.14,95.56,99.35,23.22,JAI,26.91,75.79,arid,NASA_POWER_daily_ag,3.324,7.259,2.847,dewpoint,606.0,37.362
2023-08-24,27.16,31.95,23.32,75.57,0.01,3.7,13.57,95.49,96.99,22.11,JAI,26.91,75.79,arid,NASA_POWER_daily_ag,4.08,9.125,2.6617,dewpoint,613.5,37.247
2023-08-25,27.27,32.25,22.92,75.73,0.0,3.4,14.97,95.54,92.13,22.35,JAI,26.91,75.79,arid,NASA_POWER_daily_ag,4.168,9.919,2.7009,dewpoint,608.1,37.129
2023-08-26,27.29,32.14,23.66,73.43,0.0,3.27,17.91,95.72,73.31,21.8,JAI,26.91,75.79,arid,NASA_POWER_daily_ag,4.689,11.462,2.6119,dewpoint,588.8,37.009
2023-08-27,27.37,32.65,22.87,73.49,0.06,3.77,20.43,95.75,63.44,21.86,JAI,26.91,75.79,arid,NASA_POWER_daily_ag,5.168,12.849,2.6215,dewpoint,585.6,36.887
2023-08-28,27.63,33.19,23.28,72.22,0.01,3.72,21.96,95.74,60.62,21.8,JAI,26.91,75.79,arid,NASA_POWER_daily_ag,5.478,13.643,2.6119,dewpoint,586.6,36.763
2023-08-29,27.75,33.61,23.08,72.47,0.0,2.91,21.2,95.91,68.11,21.92,JAI,26.91,75.79,arid,NASA_POWER_daily_ag,5.172,13.226,2.6311,dewpoint,568.4,36.637
2023-08-30,28.72,34.38,23.17,68.38,0.65,2.42,22.43,96.05,59.13,21.79,JAI,26.91,75.79,arid,NASA_POWER_daily_ag,5.518,13.833,2.6103,dewpoint,553.4,36.509
2023-08-31,29.12,35.35,23.32,64.66,0.0,2.59,22.15,96.11,68.63,21.17,JAI,26.91,75.79,arid,NASA_POWER_daily_ag,5.759,13.508,2.5131,dewpoint,547.0,36.378
2023-09-01,29.56,35.6,24.02,62.59,0.0,2.5,22.01,96.12,57.05,21.12,JAI,26.91,75.79,arid,NASA_POWER_daily_ag,5.825,13.382,2.5054,dewpoint,545.9,36.246
2023-09-02,28.84,35.31,23.5,59.09,0.0,3.17,23.21,96.03,60.46,19.5,JAI,26.91,75.79,arid,NASA_POWER_daily_ag,6.369,13.667,2.2669,dewpoint,555.5,36.111
2023-09-03,28.65,35.88,22.07,59.29,0.0,3.11,23.24,95.9,62.47,19.16,JAI,26.91,75.79,arid,NASA_POWER_daily_ag,6.336,13.61,2.2194,dewpoint,569.5,35.974
2023-09-04,29.47,36.65,22.81,56.44,0.0,2.74,21.74,95.79,66.08,19.03,JAI,26.91,75.79,arid,NASA_POWER_daily_ag,6.19,12.768,2.2015,dewpoint,581.3,35.835
2023-09-05,30.15,38.15,23.06,56.35,2.86,2.79,22.64,95.8,62.58,19.41,JAI,26.91,75.79,arid,NASA_POWER_daily_ag,6.475,13.222,2.2542,dewpoint,580.2,35.694
2023-09-06,29.05,35.21,23.96,69.91,3.65,2.41,20.51,95.9,59.3,22.28,JAI,26.91,75.79,arid,NASA_POWER_daily_ag,5.209,12.726,2.6894,dewpoint,569.5,35.551
2023-09-07,29.38,36.04,24.25,64.51,0.01,2.19,18.65,95.85,71.91,21.22,JAI,26.91,75.79,arid,NASA_POWER_daily_ag,5.073,11.502,2.5208,dewpoint,574.8,35.406
2023-09-08,29.61,36.21,23.68,65.53,0.1,2.03,18.64,95.8,83.28,21.56,JAI,26.91,75.79,arid,NASA_POWER_daily_ag,4.994,11.542,2.5738,dewpoint,580.2,35.26
2023-09-09,28.87,34.14,24.51,71.56,0.48,2.6,16.37,95.74,89.15,22.77,JAI,26.91,75.79,arid,NASA_POWER_daily_ag,4.518,10.51,2.7706,dewpoint,586.6,35.111
2023-09-10,29.49,36.21,24.05,71.4,1.03,2.3,19.02,95.56,83.97,23.03,JAI,26.91,75.79,arid,NASA_POWER_daily_ag,4.924,11.962,2.8145,dewpoint,606.0,34.96
2023-09-11,30.01,36.3,24.84,68.45,0.62,2.08,18.49,95.58,74.36,22.74,JAI,26.91,75.79,arid,NASA_POWER_daily_ag,4.922,11.588,2.7656,dewpoint,603.8,34.808
2023-09-12,30.44,37.18,24.71,64.03,0.46,1.96,14.08,95.67,82.56,21.84,JAI,26.91,75.79,arid,NASA_POWER_daily_ag,4.403,9.077,2.6183,dewpoint,594.2,34.653
2023-09-13,29.5,34.52,25.24,66.31,0.3,1.35,15.5,95.7,75.66,21.99,JAI,26.91,75.79,arid,NASA_POWER_daily_ag,4.037,9.858,2.6423,dewpoint,590.9,34.497
2023-09-14,30.16,36.47,25.45,67.01,9.83,1.7,17.18,95.79,80.0,22.73,JAI,26.91,75.79,arid,NASA_POWER_daily_ag,4.54,10.809,2.7639,dewpoint,581.3,34.34
2023-09-15,29.0,33.75,25.19,76.47,5.8,1.53,15.69,95.87,80.14,24.08,JAI,26.91,75.79,arid,NASA_POWER_daily_ag,3.83,10.218,2.9983,dewpoint,572.7,34.18
2023-09-16,27.65,31.95,24.84,79.32,4.04,3.88,10.96,95.73,98.59,23.44,JAI,26.91,75.79,arid,NASA_POWER_daily_ag,3.487,7.523,2.8851,dewpoint,587.7,34.019
2023-09-17,26.52,29.48,24.82,84.53,7.76,5.12,7.41,95.39,80.97,23.56,JAI,26.91,75.79,arid,NASA_POWER_daily_ag,2.67,5.554,2.906,dewpoint,624.3,33.856
2023-09-18,25.71,29.24,22.63,84.08,3.89,5.55,7.55,95.48,83.5,22.68,JAI,26.91,75.79,arid,NASA_POWER_daily_ag,2.72,5.616,2.7555,dewpoint,614.6,33.692
2023-09-19,27.91,32.88,23.44,75.2,0.67,3.09,15.83,95.93,63.68,22.7,JAI,26.91,75.79,arid,NASA_POWER_daily_ag,4.26,10.07,2.7589,dewpoint,566.3,33.526
2023-09-20,29.16,34.58,24.22,70.75,0.08,1.67,20.13,96.06,65.26,22.77,JAI,26.91,75.79,arid,NASA_POWER_daily_ag,4.732,12.328,2.7706,dewpoint,552.3,33.359
2023-09-21,29.84,35.67,24.6,69.02,3.43,1.13,20.44,95.99,64.24,23.04,JAI,26.91,75.79,arid,NASA_POWER_daily_ag,4.635,12.497,2.8162,dewpoint,559.8,33.19
2023-09-22,29.46,34.79,25.7,73.94,8.03,1.9,15.37,95.98,86.5,23.82,JAI,26.91,75.79,arid,NASA_POWER_daily_ag,4.015,9.867,2.9518,dewpoint,560.9,33.02
2023-09-23,29.88,35.36,24.86,69.75,5.89,1.39,17.98,96.03,74.19,23.0,JAI,26.91,75.79,arid,NASA_POWER_daily_ag,4.372,11.127,2.8094,dewpoint,555.5,32.849
2023-09-24,29.41,34.84,24.17,69.08,7.17,1.43,16.99,96.0,77.11,22.55,JAI,26.91,75.79,arid,NASA_POWER_daily_ag,4.185,10.523,2.7339,dewpoint,558.8,32.677
2023-09-25,28.93,33.63,24.17,69.97,10.9,1.22,19.52,96.04,67.53,22.41,JAI,26.91,75.79,arid,NASA_POWER_daily_ag,4.393,11.829,2.7107,dewpoint,554.5,32.503
2023-09-26,29.04,35.33,23.71,67.03,0.62,1.02,18.61,96.12,66.13,21.7,JAI,26.91,75.79,arid,NASA_POWER_daily_ag,4.188,11.161,2.596,dewpoint,545.9,32.328
2023-09-27,29.35,35.04,23.85,59.47,0.0,1.23,19.93,96.13,60.36,19.87,JAI,26.91,75.79,arid,NASA_POWER_daily_ag,4.636,11.43,2.3195,dewpoint,544.8,32.153
2023-09-28,27.65,35.83,20.42,49.42,0.0,1.59,21.01,96.12,71.87,14.89,JAI,26.91,75.79,arid,NASA_POWER_daily_ag,5.015,10.956,1.6933,dewpoint,545.9,31.976
2023-09-29,28.31,35.73,20.33,39.68,0.0,1.02,21.31,96.09,65.88,11.71,JAI,26.91,75.79,arid,NASA_POWER_daily_ag,4.629,10.436,1.376,dewpoint,549.1,31.798
2023-09-30,27.88,36.47,19.91,43.7,0.0,1.47,19.62,96.08,70.7,13.19,JAI,26.91,75.79,arid,NASA_POWER_daily_ag,4.834,9.997,1.5165,dewpoint,550.2,31.62
2023-10-01,27.25,36.09,19.67,46.74,0.0,1.68,19.81,96.04,72.32,13.22,JAI,26.91,75.79,arid,NASA_POWER_daily_ag,4.946,10.055,1.5195,dewpoint,554.5,31.441
2023-10-02,27.66,35.93,19.86,44.2,0.0,1.21,20.81,96.12,64.73,13.12,JAI,26.91,75.79,arid,NASA_POWER_daily_ag,4.646,10.377,1.5096,dewpoint,545.9,31.261
2023-10-03,26.7,35.75,19.5,43.16,0.0,1.38,19.99,96.23,59.96,11.69,JAI,26.91,75.79,arid,NASA_POWER_daily_ag,4.622,9.781,1.3741,dewpoint,534.1,31.08
2023-10-04,26.82,36.46,21.03,35.39,0.0,1.67,21.4,96.24,27.02,8.92,JAI,26.91,75.79,arid,NASA_POWER_daily_ag,5.137,9.633,1.1419,dewpoint,533.1,30.899
2023-10-05,26.61,36.86,18.54,41.24,0.0,1.77,22.11,96.18,30.09,10.99,JAI,26.91,75.79,arid,NASA_POWER_daily_ag,5.204,10.296,1.3118,dewpoint,539.5,30.718
2023-10-06,26.98,36.69,18.98,52.22,0.0,2.86,21.36,96.1,35.46,15.29,JAI,26.91,75.79,arid,NASA_POWER_daily_ag,5.745,10.844,1.7374,dewpoint,548.1,30.536
2023-10-07,27.33,36.26,19.99,54.06,0.0,2.59,21.2,96.23,47.08,16.27,JAI,26.91,75.79,arid,NASA_POWER_daily_ag,5.509,10.925,1.8499,dewpoint,534.1,30.354
2023-10-08,27.73,35.69,20.51,57.04,0.0,2.82,20.46,96.29,59.21,17.66,JAI,26.91,75.79,arid,NASA_POWER_daily_ag,5.495,10.874,2.0203,dewpoint,527.7,30.172
2023-10-09,27.85,35.35,21.68,56.12,0.0,3.35,20.84,96.38,53.46,17.79,JAI,26.91,75.79,arid,NASA_POWER_daily_ag,5.847,11.0,2.0369,dewpoint,518.1,29.989
2023-10-10,27.21,34.6,20.85,57.91,0.0,2.55,19.71,96.44,43.55,17.54,JAI,26.91,75.79,arid,NASA_POWER_daily_ag,5.102,10.467,2.005,dewpoint,511.7,29.807
2023-10-11,27.33,35.61,20.63,50.0,0.0,1.94,19.4,96.48,60.53,14.67,JAI,26.91,75.79,arid,NASA_POWER_daily_ag,4.932,9.693,1.6695,dewpoint,507.4,29.624
2023-10-12,28.18,35.64,21.23,41.78,0.0,0.98,19.65,96.57,50.71,13.15,JAI,26.91,75.79,arid,NASA_POWER_daily_ag,4.185,9.422,1.5125,dewpoint,497.8,29.442
2023-10-13,28.79,36.49,21.47,47.63,0.0,1.63,19.35,96.64,51.29,15.57,JAI,26.91,75.79,arid,NASA_POWER_daily_ag,4.833,9.696,1.7689,dewpoint,490.4,29.26
2023-10-14,27.56,34.71,21.29,46.55,0.0,1.85,17.87,96.59,53.81,14.18,JAI,26.91,75.79,arid,NASA_POWER_daily_ag,4.743,8.9,1.6174,dewpoint,495.7,29.078
2023-10-15,27.21,34.31,21.31,50.21,0.0,2.73,16.69,96.41,52.28,15.16,JAI,26.91,75.79,arid,NASA_POWER_daily_ag,5.167,8.593,1.723,dewpoint,514.9,28.897
2023-10-16,26.69,31.97,21.49,54.76,3.57,2.1,14.76,96.45,87.11,16.44,JAI,26.91,75.79,arid,NASA_POWER_daily_ag,4.228,8.044,1.87,dewpoint,510.6,28.715
2023-10-17,24.48,29.47,20.28,66.46,0.81,1.58,14.25,96.71,73.06,17.41,JAI,26.91,75.79,arid,NASA_POWER_daily_ag,3.301,8.004,1.9887,dewpoint,482.9,28.535
2023-10-18,24.49,31.71,19.03,56.94,0.02,1.49,18.06,96.86,39.51,14.46,JAI,26.91,75.79,arid,NASA_POWER_daily_ag,3.88,9.008,1.647,dewpoint,466.9,28.355
2023-10-19,24.36,32.38,17.93,48.44,0.0,1.32,18.13,96.83,49.24,11.76,JAI,26.91,75.79,arid,NASA_POWER_daily_ag,3.86,8.531,1.3805,dewpoint,470.1,28.176
2023-10-20,24.66,32.52,17.38,46.6,0.0,1.23,18.16,96.87,43.95,11.35,JAI,26.91,75.79,arid,NASA_POWER_daily_ag,3.829,8.434,1.3436,dewpoint,465.9,27.997
2023-10-21,24.65,33.16,17.24,47.59,0.0,1.28,18.17,96.89,48.26,11.68,JAI,26.91,75.79,arid,NASA_POWER_daily_ag,3.844,8.421,1.3732,dewpoint,463.8,27.82
2023-10-22,25.06,33.41,17.69,48.03,0.03,1.22,17.24,96.88,57.01,12.09,JAI,26.91,75.79,arid,NASA_POWER_daily_ag,3.729,8.108,1.4109,dewpoint,464.8,27.643
2023-10-23,24.38,32.43,17.9,45.18,0.0,1.59,16.79,96.82,38.04,10.73,JAI,26.91,75.79,arid,NASA_POWER_daily_ag,3.982,7.731,1.2893,dewpoint,471.2,27.467
2023-10-24,24.36,32.73,17.88,45.53,0.0,1.48,16.74,96.75,43.28,10.75,JAI,26.91,75.79,arid,NASA_POWER_daily_ag,3.857,7.661,1.2911,dewpoint,478.7,27.293
2023-10-25,24.81,33.37,18.72,43.38,0.0,1.67,17.03,96.84,45.22,10.33,JAI,26.91,75.79,arid,NASA_POWER_daily_ag,4.127,7.578,1.2554,dewpoint,469.1,27.12
2023-10-26,24.24,32.94,18.24,39.58,0.0,1.78,17.66,96.82,36.47,8.44,JAI,26.91,75.79,arid,NASA_POWER_daily_ag,4.276,7.439,1.1053,dewpoint,471.2,26.948
2023-10-27,25.2,33.8,19.28,33.1,0.0,1.48,18.04,96.7,45.51,7.01,JAI,26.91,75.79,arid,NASA_POWER_daily_ag,4.144,7.171,1.0025,dewpoint,484.0,26.777
2023-10-28,24.99,32.04,18.32,36.47,0.0,1.21,11.07,96.72,88.06,8.43,JAI,26.91,75.79,arid,NASA_POWER_daily_ag,3.276,5.598,1.1046,dewpoint,481.8,26.608
2023-10-29,26.18,34.86,18.57,38.23,0.0,1.28,16.82,96.71,60.44,9.73,JAI,26.91,75.79,arid,NASA_POWER_daily_ag,3.854,7.162,1.2059,dewpoint,482.9,26.44
2023-10-30,26.38,34.94,19.47,36.14,0.0,0.91,16.65,96.72,51.56,9.07,JAI,26.91,75.79,arid,NASA_POWER_daily_ag,3.396,6.923,1.1535,dewpoint,481.8,26.274
2023-10-31,25.46,33.53,19.48,41.72,0.0,1.22,15.31,96.87,69.09,10.54,JAI,26.91,75.79,arid,NASA_POWER_daily_ag,3.534,6.788,1.2731,dewpoint,465.9,26.11
2023-11-01,25.27,33.91,18.87,40.44,0.0,1.36,15.38,96.91,46.58,9.67,JAI,26.91,75.79,arid,NASA_POWER_daily_ag,3.683,6.638,1.2011,dewpoint,461.6,25.948
2023-11-02,24.54,33.33,18.78,36.18,0.0,1.19,15.34,96.79,44.91,7.09,JAI,26.91,75.79,arid,NASA_POWER_daily_ag,3.46,6.248,1.0081,dewpoint,474.4,25.787
2023-11-03,24.64,33.08,18.88,33.37,0.0,1.15,15.65,96.58,49.08,6.15,JAI,26.91,75.79,arid,NASA_POWER_daily_ag,3.446,6.148,0.9449,dewpoint,496.8,25.629
2023-11-04,24.75,31.58,17.73,39.14,0.0,1.11,13.13,96.6,73.65,9.06,JAI,26.91,75.79,arid,NASA_POWER_daily_ag,3.192,5.957,1.1527,dewpoint,494.6,25.472
2023-11-05,25.8,33.01,20.17,34.55,0.0,1.16,13.61,96.71,68.9,8.38,JAI,26.91,75.79,arid,NASA_POWER_daily_ag,3.379,5.84,1.1009,dewpoint,482.9,25.318
2023-11-06,24.79,32.81,18.13,38.66,0.0,1.29,13.79,96.84,56.95,8.92,JAI,26.91,75.79,arid,NASA_POWER_daily_ag,3.413,5.967,1.1419,dewpoint,469.1,25.165
2023-11-07,24.96,32.85,19.73,39.49,0.0,1.43,14.3,96.8,61.82,9.39,JAI,26.91,75.79,arid,NASA_POWER_daily_ag,3.58,6.059,1.1787,dewpoint,473.3,25.015
2023-11-08,25.1,32.47,19.29,34.81,0.0,1.83,13.81,96.71,71.3,7.82,JAI,26.91,75.79,arid,NASA_POWER_daily_ag,4.078,5.728,1.0597,dewpoint,482.9,24.868
2023-11-09,25.76,32.42,21.05,36.03,0.08,1.24,12.62,96.75,69.48,8.97,JAI,26.91,75.79,arid,NASA_POWER_daily_ag,3.344,5.506,1.1457,dewpoint,478.7,24.722
2023-11-10,24.22,29.71,18.24,44.87,0.84,1.32,12.27,96.84,65.93,11.19,JAI,26.91,75.79,arid,NASA_POWER_daily_ag,3.143,5.772,1.3294,dewpoint,469.1,24.58
2023-11-11,20.53,28.78,14.02,54.76,0.24,1.98,15.42,97.1,38.16,9.52,JAI,26.91,75.79,arid,NASA_POWER_daily_ag,3.412,6.512,1.189,dewpoint,441.4,24.439
2023-11-12,19.98,28.2,14.34,49.74,0.0,1.11,15.53,97.16,36.82,8.2,JAI,26.91,75.79,arid,NASA_POWER_daily_ag,2.771,6.313,1.0875,dewpoint,435.1,24.302
2023-11-13,20.67,28.45,13.25,45.55,0.0,1.31,14.95,97.09,67.84,7.64,JAI,26.91,75.79,arid,NASA_POWER_daily_ag,3.01,6.08,1.0467,dewpoint,442.5,24.167
2023-11-14,20.27,24.63,16.42,43.85,0.0,1.37,10.42,97.05,88.95,7.32,JAI,26.91,75.79,arid,NASA_POWER_daily_ag,2.755,4.973,1.0241,dewpoint,446.7,24.035
2023-11-15,19.26,27.6,13.48,38.79,0.0,1.29,12.22,97.02,27.51,4.04,JAI,26.91,75.79,arid,NASA_POWER_daily_ag,2.8,5.037,0.8156,dewpoint,449.9,23.905
2023-11-16,18.67,26.58,12.39,38.91,0.0,1.18,11.91,97.11,27.44,3.65,JAI,26.91,75.79,arid,NASA_POWER_daily_ag,2.631,4.967,0.7934,dewpoint,440.4,23.779
2023-11-17,19.23,26.43,12.78,42.51,0.0,1.23,12.4,97.1,33.15,5.52,JAI,26.91,75.79,arid,NASA_POWER_daily_ag,2.683,5.193,0.9045,dewpoint,441.4,23.656
2023-11-18,20.58,27.04,14.69,35.98,0.0,0.76,12.7,96.95,35.4,4.49,JAI,26.91,75.79,arid,NASA_POWER_daily_ag,2.364,5.041,0.8417,dewpoint,457.4,23.535
2023-11-19,19.73,27.18,13.24,43.66,0.0,1.36,12.51,96.99,27.92,6.65,JAI,26.91,75.79,arid,NASA_POWER_daily_ag,2.787,5.225,0.978,dewpoint,453.1,23.418
2023-11-20,20.58,28.05,14.71,49.69,0.0,1.11,11.17,97.03,45.31,9.24,JAI,26.91,75.79,arid,NASA_POWER_daily_ag,2.46,5.089,1.1668,dewpoint,448.9,23.303
2023-11-21,20.0,28.55,13.58,47.88,0.0,1.68,10.92,96.99,58.04,7.88,JAI,26.91,75.79,arid,NASA_POWER_daily_ag,2.897,4.892,1.064,dewpoint,453.1,23.192
2023-11-22,18.63,27.01,13.31,39.84,0.0,1.3,13.64,96.8,30.43,3.8,JAI,26.91,75.79,arid,NASA_POWER_daily_ag,2.743,5.03,0.8019,dewpoint,473.3,23.084
2023-11-23,19.71,28.63,12.44,32.91,0.0,1.18,14.43,96.68,29.58,1.97,JAI,26.91,75.79,arid,NASA_POWER_daily_ag,2.814,4.866,0.7041,dewpoint,486.1,22.98
2023-11-24,19.25,27.58,12.89,36.9,0.0,1.21,13.5,96.86,21.97,3.38,JAI,26.91,75.79,arid,NASA_POWER_daily_ag,2.72,4.876,0.7784,dewpoint,466.9,22.879
2023-11-25,18.04,24.35,12.0,44.47,0.0,1.48,12.24,97.03,52.33,5.22,JAI,26.91,75.79,arid,NASA_POWER_daily_ag,2.698,4.958,0.8858,dewpoint,448.9,22.781
2023-11-26,18.3,25.3,13.8,43.68,0.16,2.55,7.9,97.02,94.53,5.14,JAI,26.91,75.79,arid,NASA_POWER_daily_ag,3.327,4.056,0.8809,dewpoint,449.9,22.687
2023-11-27,16.67,22.38,12.7,59.84,2.54,2.02,7.46,96.82,92.25,8.41,JAI,26.91,75.79,arid,NASA_POWER_daily_ag,2.29,4.141,1.1031,dewpoint,471.2,22.596
2023-11-28,17.33,23.81,12.03,71.16,1.19,1.32,7.18,96.75,73.18,11.47,JAI,26.91,75.79,arid,NASA_POWER_daily_ag,1.729,4.173,1.3543,dewpoint,478.7,22.508
2023-11-29,18.67,25.03,13.31,62.76,0.12,1.26,11.78,96.8,41.9,10.85,JAI,26.91,75.79,arid,NASA_POWER_daily_ag,2.225,5.291,1.2997,dewpoint,473.3,22.425
2023-11-30,19.04,26.15,12.73,61.84,0.01,1.06,12.04,96.85,27.53,10.71,JAI,26.91,75.79,arid,NASA_POWER_daily_ag,2.176,5.301,1.2876,dewpoint,468.0,22.345
2023-12-01,18.9,26.31,12.72,68.69,0.01,1.53,11.06,96.95,20.49,12.07,JAI,26.91,75.79,arid,NASA_POWER_daily_ag,2.233,5.171,1.4091,dewpoint,457.4,22.268
2023-12-02,18.72,25.69,12.62,61.42,0.02,1.38,10.11,97.0,17.85,10.24,JAI,26.91,75.79,arid,NASA_POWER_daily_ag,2.228,4.751,1.2479,dewpoint,452.1,22.195
2023-12-03,17.77,23.91,13.98,67.75,2.4,2.15,4.57,97.02,69.92,11.41,JAI,26.91,75.79,arid,NASA_POWER_daily_ag,1.97,3.409,1.3489,dewpoint,449.9,22.126
2023-12-04,18.12,25.62,13.0,57.86,0.02,1.59,8.66,96.94,35.96,8.04,JAI,26.91,75.79,arid,NASA_POWER_daily_ag,2.364,4.229,1.0757,dewpoint,458.4,22.061
2023-12-05,16.27,24.24,9.52,40.39,0.0,1.27,13.54,96.9,18.39,1.83,JAI,26.91,75.79,arid,NASA_POWER_daily_ag,2.459,4.641,0.6971,dewpoint,462.7,21.999
2023-12-06,16.72,24.59,9.8,47.87,0.0,1.54,13.65,96.95,0.46,4.86,JAI,26.91,75.79,arid,NASA_POWER_daily_ag,2.579,4.958,0.8638,dewpoint,457.4,21.942
2023-12-07,17.35,25.72,10.5,46.95,0.0,1.18,12.59,96.88,3.75,5.35,JAI,26.91,75.79,arid,NASA_POWER_daily_ag,2.314,4.745,0.8939,dewpoint,464.8,21.888
2023-12-08,18.53,26.16,12.6,44.56,0.0,1.01,11.16,96.84,5.18,5.9,JAI,26.91,75.79,arid,NASA_POWER_daily_ag,2.206,4.467,0.9287,dewpoint,469.1,21.838
2023-12-09,18.3,26.21,12.88,36.64,0.0,1.18,12.95,96.92,1.91,2.6,JAI,26.91,75.79,arid,NASA_POWER_daily_ag,2.502,4.363,0.7365,dewpoint,460.6,21.792
2023-12-10,17.14,26.21,10.88,34.22,0.0,1.34,14.85,96.78,0.65,0.19,JAI,26.91,75.79,arid,NASA_POWER_daily_ag,2.656,4.359,0.6193,dewpoint,475.5,21.75
2023-12-11,17.24,25.87,10.04,30.71,0.0,1.32,14.91,96.78,0.85,-1.04,JAI,26.91,75.79,arid,NASA_POWER_daily_ag,2.688,4.254,0.5661,dewpoint,475.5,21.712
2023-12-12,16.88,25.77,8.14,36.33,0.0,1.17,14.66,96.67,14.91,0.02,JAI,26.91,75.79,arid,NASA_POWER_daily_ag,2.487,4.432,0.6117,dewpoint,487.2,21.678
2023-12-13,17.95,26.19,11.69,30.49,0.0,0.69,14.64,96.88,19.59,-0.47,JAI,26.91,75.79,arid,NASA_POWER_daily_ag,2.02,4.174,0.5902,dewpoint,464.8,21.648
2023-12-14,17.55,25.99,11.33,37.17,0.0,1.08,14.64,97.0,27.79,1.91,JAI,26.91,75.79,arid,NASA_POWER_daily_ag,2.389,4.48,0.7011,dewpoint,452.1,21.621
2023-12-15,16.06,25.11,9.05,42.59,0.0,1.78,14.43,97.06,4.99,2.31,JAI,26.91,75.79,arid,NASA_POWER_daily_ag,2.794,4.632,0.7215,dewpoint,445.7,21.599
2023-12-16,16.7,24.9,9.38,41.62,0.0,0.99,13.76,96.91,1.67,2.77,JAI,26.91,75.79,arid,NASA_POWER_daily_ag,2.2,4.59,0.7455,dewpoint,461.6,21.581
2023-12-17,16.57,25.54,9.55,40.81,0.0,1.21,14.01,97.01,4.17,1.93,JAI,26.91,75.79,arid,NASA_POWER_daily_ag,2.4,4.479,0.7021,dewpoint,451.0,21.567
2023-12-18,15.36,24.3,8.76,37.49,0.0,1.94,14.35,97.26,2.64,-0.36,JAI,26.91,75.79,arid,NASA_POWER_daily_ag,2.956,4.333,0.595,dewpoint,424.4,21.557
2023-12-19,14.94,24.69,7.6,34.17,0.0,1.61,15.63,97.3,8.76,-2.25,JAI,26.91,75.79,arid,NASA_POWER_daily_ag,2.743,4.262,0.5177,dewpoint,420.2,21.551
2023-12-20,15.94,23.39,9.34,27.38,0.0,1.03,10.81,97.22,90.45,-3.74,JAI,26.91,75.79,arid,NASA_POWER_daily_ag,2.245,3.732,0.4632,dewpoint,428.7,21.549
2023-12-21,16.36,24.99,9.8,25.75,0.0,1.26,13.0,97.06,84.52,-4.01,JAI,26.91,75.79,arid,NASA_POWER_daily_ag,2.556,3.777,0.4539,dewpoint,445.7,21.551
2023-12-22,17.17,26.21,9.55,22.82,0.0,1.33,13.99,97.0,52.29,-5.12,JAI,26.91,75.79,arid,NASA_POWER_daily_ag,2.739,3.677,0.4174,dewpoint,452.1,21.558
2023-12-23,16.34,25.77,10.0,32.38,0.0,1.57,13.59,97.12,23.2,-1.38,JAI,26.91,75.79,arid,NASA_POWER_daily_ag,2.791,4.035,0.5521,dewpoint,439.3,21.568
2023-12-24,15.54,24.83,8.48,45.52,0.0,1.6,11.58,97.29,10.23,2.86,JAI,26.91,75.79,arid,NASA_POWER_daily_ag,2.474,4.317,0.7503,dewpoint,421.3,21.582
2023-12-25,17.97,26.86,11.73,40.22,0.0,0.7,11.15,97.21,15.12,2.92,JAI,26.91,75.79,arid,NASA_POWER_daily_ag,1.91,4.112,0.7535,dewpoint,429.8,21.601
2023-12-26,17.94,26.58,11.8,36.12,0.0,1.1,13.08,97.16,10.07,1.84,JAI,26.91,75.79,arid,NASA_POWER_daily_ag,2.397,4.246,0.6976,dewpoint,435.1,21.623
2023-12-27,16.82,26.19,9.93,41.21,0.0,1.35,13.17,97.24,13.61,2.54,JAI,26.91,75.79,arid,NASA_POWER_daily_ag,2.501,4.427,0.7334,dewpoint,426.6,21.649
2023-12-28,15.51,25.26,8.37,43.06,0.0,1.23,13.88,97.11,4.57,1.61,JAI,26.91,75.79,arid,NASA_POWER_daily_ag,2.324,4.529,0.6862,dewpoint,440.4,21.68
2023-12-29,14.36,23.89,7.99,47.87,0.0,1.8,12.13,97.13,44.08,2.02,JAI,26.91,75.79,arid,NASA_POWER_daily_ag,2.52,4.415,0.7067,dewpoint,438.2,21.714
2023-12-30,14.52,22.25,9.01,46.28,0.0,1.56,9.15,97.03,38.76,2.47,JAI,26.91,75.79,arid,NASA_POWER_daily_ag,2.273,4.043,0.7297,dewpoint,448.9,21.753
2023-12-31,14.03,21.84,8.89,46.49,0.0,1.54,9.85,97.02,9.26,2.21,JAI,26.91,75.79,arid,NASA_POWER_daily_ag,2.236,4.158,0.7163,dewpoint,449.9,21.795
2024-01-01,13.8,22.98,6.56,44.23,0.0,1.19,9.48,97.04,32.67,0.69,JAI,26.91,75.79,arid,NASA_POWER_daily_ag,2.043,4.044,0.6422,dewpoint,447.8,21.842
2024-01-02,13.39,22.68,6.09,44.37,0.0,1.37,4.68,96.97,69.33,0.35,JAI,26.91,75.79,arid,NASA_POWER_daily_ag,2.005,3.371,0.6265,dewpoint,455.2,21.892
2024-01-03,13.54,22.11,7.35,46.77,0.0,1.34,10.52,96.91,38.8,1.81,JAI,26.91,75.79,arid,NASA_POWER_daily_ag,2.103,4.309,0.6961,dewpoint,461.6,21.946
2024-01-04,11.42,19.5,5.71,45.81,0.0,1.33,5.86,96.99,74.08,-0.53,JAI,26.91,75.79,arid,NASA_POWER_daily_ag,1.841,3.568,0.5876,dewpoint,453.1,22.005
2024-01-05,10.88,20.13,4.31,52.07,0.0,1.27,6.07,97.01,65.35,-0.1,JAI,26.91,75.79,arid,NASA_POWER_daily_ag,1.725,3.623,0.6064,dewpoint,451.0,22.067
2024-01-06,11.24,19.64,4.78,68.27,0.0,1.33,10.84,97.13,43.29,4.7,JAI,26.91,75.79,arid,NASA_POWER_daily_ag,1.659,4.762,0.8542,dewpoint,438.2,22.133
2024-01-07,11.72,19.9,5.25,62.44,0.0,1.21,12.87,97.17,11.63,3.79,JAI,26.91,75.79,arid,NASA_POWER_daily_ag,1.822,5.11,0.8013,dewpoint,434.0,22.202
2024-01-08,13.81,23.34,6.01,64.18,0.0,1.92,5.92,97.13,60.06,6.39,JAI,26.91,75.79,arid,NASA_POWER_daily_ag,1.892,3.716,0.9607,dewpoint,438.2,22.276
2024-01-09,14.77,22.2,8.78,62.59,0.52,1.36,8.63,97.17,50.87,6.78,JAI,26.91,75.79,arid,NASA_POWER_daily_ag,1.884,4.333,0.9868,dewpoint,434.0,22.353
2024-01-10,12.0,21.97,4.72,44.65,0.0,1.74,14.27,97.11,34.43,-1.05,JAI,26.91,75.79,arid,NASA_POWER_daily_ag,2.467,4.894,0.5657,dewpoint,440.4,22.434
2024-01-11,13.27,23.8,5.05,34.86,0.0,1.25,16.26,97.12,6.27,-3.79,JAI,26.91,75.79,arid,NASA_POWER_daily_ag,2.425,4.795,0.4615,dewpoint,439.3,22.519
2024-01-12,14.54,24.51,6.15,30.64,0.0,1.26,16.1,97.05,11.62,-3.57,JAI,26.91,75.79,arid,NASA_POWER_daily_ag,2.557,4.75,0.4692,dewpoint,446.7,22.607
2024-01-13,16.56,25.75,8.27,30.7,0.0,1.26,13.22,96.92,52.05,-1.42,JAI,26.91,75.79,arid,NASA_POWER_daily_ag,2.632,4.522,0.5505,dewpoint,460.6,22.699
2024-01-14,14.88,24.84,6.9,37.52,0.0,1.17,15.99,96.95,8.9,-0.82,JAI,26.91,75.79,arid,NASA_POWER_daily_ag,2.46,5.091,0.5753,dewpoint,457.4,22.794
2024-01-15,14.2,24.43,6.42,27.98,0.0,1.22,14.39,96.92,49.27,-5.16,JAI,26.91,75.79,arid,NASA_POWER_daily_ag,2.499,4.524,0.4161,dewpoint,460.6,22.893
2024-01-16,14.07,23.91,7.27,33.68,0.0,1.56,14.05,96.68,62.86,-2.38,JAI,26.91,75.79,arid,NASA_POWER_daily_ag,2.699,4.777,0.5128,dewpoint,486.1,22.996
2024-01-17,13.54,22.94,6.29,41.65,0.0,1.77,14.54,96.63,5.86,-0.27,JAI,26.91,75.79,arid,NASA_POWER_daily_ag,2.716,5.181,0.5989,dewpoint,491.4,23.102
2024-01-18,13.29,22.9,5.78,41.18,0.0,1.1,14.19,96.88,7.09,-0.75,JAI,26.91,75.79,arid,NASA_POWER_daily_ag,2.231,5.13,0.5783,dewpoint,464.8,23.211
2024-01-19,13.02,22.9,6.4,41.27,0.0,1.4,14.68,97.01,18.23,-0.99,JAI,26.91,75.79,arid,NASA_POWER_daily_ag,2.447,5.204,0.5682,dewpoint,451.0,23.323
2024-01-20,12.84,21.94,5.06,43.48,0.0,1.04,14.5,97.05,40.07,-0.74,JAI,26.91,75.79,arid,NASA_POWER_daily_ag,2.181,5.334,0.5787,dewpoint,446.7,23.439
2024-01-21,13.22,23.87,6.56,36.64,0.0,1.53,16.27,97.08,11.55,-2.72,JAI,26.91,75.79,arid,NASA_POWER_daily_ag,2.693,5.309,0.5,dewpoint,443.6,23.558
2024-01-22,13.61,22.96,6.49,30.06,0.0,1.45,16.38,97.12,7.84,-4.67,JAI,26.91,75.79,arid,NASA_POWER_daily_ag,2.767,5.221,0.4318,dewpoint,439.3,23.68
2024-01-23,14.38,23.34,5.98,36.05,0.0,1.15,15.87,97.04,26.08,-1.31,JAI,26.91,75.79,arid,NASA_POWER_daily_ag,2.514,5.555,0.555,dewpoint,447.8,23.806
2024-01-24,13.98,22.78,7.88,35.37,0.0,1.01,16.09,97.01,2.92,-2.04,JAI,26.91,75.79,arid,NASA_POWER_daily_ag,2.375,5.513,0.5259,dewpoint,451.0,23.934
2024-01-25,13.21,22.56,4.78,38.09,0.0,1.39,13.8,97.22,30.86,-2.55,JAI,26.91,75.79,arid,NASA_POWER_daily_ag,2.564,5.246,0.5063,dewpoint,428.7,24.065
2024-01-26,14.91,24.56,6.32,34.16,0.0,1.24,13.55,97.31,67.79,-2.23,JAI,26.91,75.79,arid,NASA_POWER_daily_ag,2.606,5.14,0.5185,dewpoint,419.1,24.199
2024-01-27,17.83,27.16,9.95,29.11,0.0,1.25,15.54,97.22,42.97,-1.36,JAI,26.91,75.79,arid,NASA_POWER_daily_ag,2.958,5.345,0.5529,dewpoint,428.7,24.336
2024-01-28,17.45,25.64,11.21,32.08,0.0,1.74,12.54,96.97,97.04,-0.17,JAI,26.91,75.79,arid,NASA_POWER_daily_ag,3.248,5.04,0.6033,dewpoint,455.2,24.476
2024-01-29,17.5,26.47,10.27,38.1,0.0,1.56,13.04,96.99,89.54,2.17,JAI,26.91,75.79,arid,NASA_POWER_daily_ag,3.012,5.371,0.7143,dewpoint,453.1,24.619
2024-01-30,17.49,24.12,11.22,40.26,0.0,0.98,12.19,96.92,97.84,3.34,JAI,26.91,75.79,arid,NASA_POWER_daily_ag,2.434,5.383,0.7762,dewpoint,460.6,24.764
2024-01-31,19.02,26.21,11.65,40.54,0.38,1.29,14.17,96.76,49.87,4.7,JAI,26.91,75.79,arid,NASA_POWER_daily_ag,2.942,5.924,0.8542,dewpoint,477.6,24.912
2024-02-01,18.54,26.92,12.62,45.08,0.13,2.16,15.62,96.76,18.25,4.95,JAI,26.91,75.79,arid,NASA_POWER_daily_ag,3.61,6.277,0.8693,dewpoint,477.6,25.062
2024-02-02,15.77,25.38,8.61,44.55,0.02,1.95,14.99,97.12,43.11,1.31,JAI,26.91,75.79,arid,NASA_POWER_daily_ag,3.239,5.974,0.6715,dewpoint,439.3,25.214
2024-02-03,17.54,25.25,9.58,32.2,0.01,1.59,12.54,97.02,69.66,0.38,JAI,26.91,75.79,arid,NASA_POWER_daily_ag,3.171,5.4,0.6279,dewpoint,449.9,25.369
2024-02-04,19.02,26.05,13.9,63.32,9.7,3.47,10.67,96.9,89.6,11.43,JAI,26.91,75.79,arid,NASA_POWER_daily_ag,3.254,5.686,1.3507,dewpoint,462.7,25.527
2024-02-05,15.49,22.68,10.43,63.31,0.35,1.76,16.46,97.02,41.24,7.36,JAI,26.91,75.79,arid,NASA_POWER_daily_ag,2.749,7.255,1.0269,dewpoint,449.9,25.686
2024-02-06,14.2,22.32,8.51,39.19,0.0,1.94,17.05,97.21,41.34,-0.29,JAI,26.91,75.79,arid,NASA_POWER_daily_ag,3.226,6.614,0.598,dewpoint,429.8,25.848
2024-02-07,14.67,22.27,9.59,39.74,0.0,1.75,13.4,97.34,62.77,0.26,JAI,26.91,75.79,arid,NASA_POWER_daily_ag,2.977,5.847,0.6225,dewpoint,416.0,26.011
2024-02-08,12.8,22.29,5.92,42.47,0.0,2.25,19.43,97.29,8.34,-1.32,JAI,26.91,75.79,arid,NASA_POWER_daily_ag,3.369,7.279,0.5546,dewpoint,421.3,26.177
2024-02-09,14.86,24.93,5.57,29.58,0.0,1.1,20.26,97.2,1.43,-4.26,JAI,26.91,75.79,arid,NASA_POWER_daily_ag,2.978,7.023,0.4454,dewpoint,430.8,26.344
2024-02-10,16.05,24.9,8.55,25.36,0.0,1.06,20.2,97.34,1.4,-4.68,JAI,26.91,75.79,arid,NASA_POWER_daily_ag,3.051,6.871,0.4315,dewpoint,416.0,26.513
2024-02-11,15.49,25.58,7.71,31.31,0.0,1.05,19.5,97.31,0.67,-3.0,JAI,26.91,75.79,arid,NASA_POWER_daily_ag,2.95,7.01,0.4896,dewpoint,419.1,26.684
2024-02-12,15.15,23.01,7.47,34.73,0.0,1.37,13.99,97.2,32.09,-1.63,JAI,26.91,75.79,arid,NASA_POWER_daily_ag,2.933,6.115,0.542,dewpoint,430.8,26.857
2024-02-13,15.85,23.2,10.98,31.86,0.0,1.13,16.39,97.1,33.87,-1.48,JAI,26.91,75.79,arid,NASA_POWER_daily_ag,2.911,6.611,0.5481,dewpoint,441.4,27.031
2024-02-14,15.63,25.35,8.25,34.46,0.0,1.45,15.99,97.14,26.4,-1.09,JAI,26.91,75.79,arid,NASA_POWER_daily_ag,3.145,6.62,0.564,dewpoint,437.2,27.206
2024-02-15,17.58,25.94,9.1,32.75,0.0,1.01,16.93,97.21,0.43,0.08,JAI,26.91,75.79,arid,NASA_POWER_daily_ag,3.006,6.958,0.6144,dewpoint,429.8,27.383
2024-02-16,19.2,27.05,11.41,27.57,0.0,1.05,18.75,97.22,0.72,-0.81,JAI,26.91,75.79,arid,NASA_POWER_daily_ag,3.322,7.196,0.5757,dewpoint,428.7,27.561
2024-02-17,19.32,29.02,11.05,23.67,0.0,1.42,19.96,96.82,0.83,-3.43,JAI,26.91,75.79,arid,NASA_POWER_daily_ag,3.843,7.123,0.4741,dewpoint,471.2,27.741
2024-02-18,20.61,30.07,11.72,19.88,0.0,1.75,18.14,96.52,22.45,-4.2,JAI,26.91,75.79,arid,NASA_POWER_daily_ag,4.321,6.665,0.4475,dewpoint,503.2,27.921
2024-02-19,22.08,31.27,12.65,31.19,0.03,3.4,19.72,96.33,1.24,3.41,JAI,26.91,75.79,arid,NASA_POWER_daily_ag,5.903,7.934,0.7801,dewpoint,523.5,28.102
2024-02-20,21.34,29.06,14.97,42.92,1.23,3.12,18.39,96.36,24.41,6.32,JAI,26.91,75.79,arid,NASA_POWER_daily_ag,5.144,8.059,0.956,dewpoint,520.3,28.285
2024-02-21,18.64,28.28,11.52,23.03,0.25,1.76,17.85,96.35,36.7,-3.83,JAI,26.91,75.79,arid,NASA_POWER_daily_ag,4.09,6.948,0.4601,dewpoint,521.3,28.468
2024-02-22,17.89,26.74,12.11,24.77,0.0,2.08,17.02,96.6,35.93,-3.32,JAI,26.91,75.79,arid,NASA_POWER_daily_ag,4.248,6.919,0.4781,dewpoint,494.6,28.652
2024-02-23,17.14,26.1,9.04,27.76,0.0,1.46,21.11,96.83,2.4,-2.93,JAI,26.91,75.79,arid,NASA_POWER_daily_ag,3.809,8.156,0.4922,dewpoint,470.1,28.837
2024-02-24,17.06,25.86,9.29,28.53,0.0,2.09,19.94,96.76,17.01,-2.43,JAI,26.91,75.79,arid,NASA_POWER_daily_ag,4.289,7.996,0.5109,dewpoint,477.6,29.022
2024-02-25,16.86,25.63,9.49,35.45,0.0,2.72,18.69,96.96,44.43,0.86,JAI,26.91,75.79,arid,NASA_POWER_daily_ag,4.449,8.094,0.6501,dewpoint,456.3,29.207
2024-02-26,18.74,27.18,11.68,25.88,0.0,2.67,10.29,96.98,85.8,-1.98,JAI,26.91,75.79,arid,NASA_POWER_daily_ag,4.553,5.58,0.5282,dewpoint,454.2,29.393
2024-02-27,19.21,27.91,12.71,34.05,0.01,2.34,15.57,96.98,31.82,2.14,JAI,26.91,75.79,arid,NASA_POWER_daily_ag,4.375,7.242,0.7127,dewpoint,454.2,29.58
2024-02-28,19.08,28.26,10.7,44.01,0.0,1.98,20.56,96.91,4.79,5.07,JAI,26.91,75.79,arid,NASA_POWER_daily_ag,4.237,9.198,0.8766,dewpoint,461.6,29.766
2024-02-29,21.16,30.17,12.45,30.84,0.0,1.55,21.4,96.77,5.43,2.47,JAI,26.91,75.79,arid,NASA_POWER_daily_ag,4.388,8.963,0.7297,dewpoint,476.5,29.953
2024-03-01,23.7,33.34,14.94,31.49,1.34,2.9,16.18,96.53,75.12,5.07,JAI,26.91,75.79,arid,NASA_POWER_daily_ag,5.618,7.601,0.8766,dewpoint,502.1,30.14
2024-03-02,21.46,28.21,15.37,49.53,0.49,3.31,11.78,96.32,93.78,9.54,JAI,26.91,75.79,arid,NASA_POWER_daily_ag,4.491,6.705,1.1906,dewpoint,524.5,30.326
2024-03-03,16.26,24.96,9.63,23.17,0.02,2.1,22.38,96.5,56.36,-6.4,JAI,26.91,75.79,arid,NASA_POWER_daily_ag,4.554,8.757,0.3785,dewpoint,505.3,30.513
2024-03-04,14.97,25.07,6.28,19.12,0.05,2.07,23.03,96.88,56.91,-9.81,JAI,26.91,75.79,arid,NASA_POWER_daily_ag,4.475,8.794,0.29,dewpoint,464.8,30.699
2024-03-05,16.06,25.89,7.29,19.89,0.0,2.12,23.0,96.97,52.82,-7.99,JAI,26.91,75.79,arid,NASA_POWER_daily_ag,4.656,8.934,0.3346,dewpoint,455.2,30.885
2024-03-06,16.98,26.43,8.09,22.56,0.0,1.83,20.68,96.81,68.81,-5.76,JAI,26.91,75.79,arid,NASA_POWER_daily_ag,4.363,8.565,0.3975,dewpoint,472.3,31.071
2024-03-07,19.48,28.18,11.3,26.78,0.0,1.39,21.32,96.73,66.39,-0.66,JAI,26.91,75.79,arid,NASA_POWER_daily_ag,4.191,9.125,0.5821,dewpoint,480.8,31.256
2024-03-08,20.16,29.34,11.43,30.0,0.0,1.7,20.95,96.83,64.91,0.78,JAI,26.91,75.79,arid,NASA_POWER_daily_ag,4.537,9.183,0.6464,dewpoint,470.1,31.441
2024-03-09,20.4,30.02,11.92,25.64,0.0,2.26,21.42,96.88,69.66,-1.33,JAI,26.91,75.79,arid,NASA_POWER_daily_ag,5.231,9.06,0.5541,dewpoint,464.8,31.625
2024-03-10,22.93,31.58,15.62,24.87,0.0,1.45,21.56,96.82,68.02,1.02,JAI,26.91,75.79,arid,NASA_POWER_daily_ag,4.685,9.207,0.6577,dewpoint,471.2,31.808
2024-03-11,23.43,32.66,15.74,24.82,0.0,1.75,22.22,96.85,55.5,1.53,JAI,26.91,75.79,arid,NASA_POWER_daily_ag,5.15,9.462,0.6823,dewpoint,468.0,31.991
2024-03-12,23.55,32.7,15.46,28.85,0.0,1.86,22.51,96.72,63.67,3.29,JAI,26.91,75.79,arid,NASA_POWER_daily_ag,5.283,9.88,0.7735,dewpoint,481.8,32.173
2024-03-13,24.06,33.01,16.52,27.15,0.0,2.42,21.61,96.48,60.89,2.96,JAI,26.91,75.79,arid,NASA_POWER_daily_ag,5.913,9.556,0.7556,dewpoint,507.4,32.354
2024-03-14,22.76,31.32,15.18,30.38,0.0,1.84,22.7,96.7,59.52,3.43,JAI,26.91,75.79,arid,NASA_POWER_daily_ag,5.183,10.163,0.7812,dewpoint,484.0,32.533
2024-03-15,22.59,31.63,15.23,28.68,0.0,2.42,22.81,96.74,64.52,1.96,JAI,26.91,75.79,arid,NASA_POWER_daily_ag,5.803,10.02,0.7036,dewpoint,479.7,32.712
2024-03-16,22.37,31.41,15.27,19.38,0.0,1.61,22.99,96.82,68.29,-2.9,JAI,26.91,75.79,arid,NASA_POWER_daily_ag,5.056,9.492,0.4933,dewpoint,471.2,32.89
2024-03-17,22.97,32.91,14.3,15.73,0.0,1.42,20.41,96.79,90.33,-5.36,JAI,26.91,75.79,arid,NASA_POWER_daily_ag,4.745,8.559,0.4098,dewpoint,474.4,33.066
2024-03-18,23.1,32.44,14.72,19.48,0.0,1.85,24.37,96.7,53.23,-2.72,JAI,26.91,75.79,arid,NASA_POWER_daily_ag,5.579,9.988,0.5,dewpoint,484.0,33.241
2024-03-19,25.27,34.04,19.0,19.95,0.0,1.96,22.93,96.62,62.88,-0.21,JAI,26.91,75.79,arid,NASA_POWER_daily_ag,5.863,9.672,0.6015,dewpoint,492.5,33.415
2024-03-20,24.61,33.66,16.11,21.09,0.0,1.76,24.02,96.66,64.38,-0.53,JAI,26.91,75.79,arid,NASA_POWER_daily_ag,5.648,10.164,0.5876,dewpoint,488.2,33.587
2024-03-21,23.81,32.36,16.41,19.9,0.0,1.6,22.81,96.56,65.97,-1.55,JAI,26.91,75.79,arid,NASA_POWER_daily_ag,5.274,9.798,0.5452,dewpoint,498.9,33.758
2024-03-22,25.95,36.68,15.62,22.46,0.0,2.58,22.53,96.25,61.83,1.46,JAI,26.91,75.79,arid,NASA_POWER_daily_ag,6.706,9.969,0.6788,dewpoint,532.0,33.927
2024-03-23,27.51,37.29,18.01,22.82,0.0,1.76,24.53,96.22,57.46,3.08,JAI,26.91,75.79,arid,NASA_POWER_daily_ag,6.065,10.735,0.7621,dewpoint,535.2,34.095
2024-03-24,26.7,33.69,20.91,26.82,0.0,2.14,18.98,96.39,87.75,5.71,JAI,26.91,75.79,arid,NASA_POWER_daily_ag,5.855,9.386,0.9165,dewpoint,517.0,34.261
2024-03-25,27.05,36.11,19.06,26.22,0.0,2.02,22.88,96.61,62.1,5.1,JAI,26.91,75.79,arid,NASA_POWER_daily_ag,6.16,10.627,0.8784,dewpoint,493.6,34.426
2024-03-26,30.17,38.59,21.76,20.57,0.01,1.37,19.91,96.49,77.21,4.48,JAI,26.91,75.79,arid,NASA_POWER_daily_ag,5.419,9.398,0.8411,dewpoint,506.4,34.589
2024-03-27,30.88,39.61,22.44,23.77,0.03,1.65,22.25,96.59,67.94,6.89,JAI,26.91,75.79,arid,NASA_POWER_daily_ag,6.136,10.476,0.9943,dewpoint,495.7,34.749
2024-03-28,30.54,38.49,22.95,28.47,0.0,1.94,21.54,96.39,87.35,9.59,JAI,26.91,75.79,arid,NASA_POWER_daily_ag,6.364,10.734,1.1946,dewpoint,517.0,34.909
2024-03-29,31.08,39.67,23.47,27.21,0.0,2.34,18.89,96.26,92.83,8.4,JAI,26.91,75.79,arid,NASA_POWER_daily_ag,6.767,9.578,1.1023,dewpoint,530.9,35.066
2024-03-30,28.73,37.16,21.69,19.64,0.02,3.66,24.43,96.42,59.09,2.48,JAI,26.91,75.79,arid,NASA_POWER_daily_ag,8.744,10.795,0.7303,dewpoint,513.8,35.221
2024-03-31,27.02,35.52,19.25,20.7,0.0,2.96,25.44,96.52,57.38,2.12,JAI,26.91,75.79,arid,NASA_POWER_daily_ag,7.676,11.321,0.7117,dewpoint,503.2,35.374
2024-04-01,26.92,35.22,19.01,24.35,0.0,3.35,23.92,96.31,65.26,4.05,JAI,26.91,75.79,arid,NASA_POWER_daily_ag,7.85,11.193,0.8161,dewpoint,525.6,35.526
2024-04-02,28.36,36.85,20.95,15.45,0.0,2.17,24.57,96.15,62.09,-1.15,JAI,26.91,75.79,arid,NASA_POWER_daily_ag,6.946,10.517,0.5615,dewpoint,542.7,35.675
2024-04-03,27.81,34.64,19.37,21.96,0.0,2.02,19.59,96.22,92.89,3.84,JAI,26.91,75.79,arid,NASA_POWER_daily_ag,6.147,9.767,0.8041,dewpoint,535.2,35.822
2024-04-04,29.64,37.57,22.61,25.03,0.0,1.89,15.83,96.21,90.42,6.76,JAI,26.91,75.79,arid,NASA_POWER_daily_ag,5.746,8.583,0.9855,dewpoint,536.3,35.967
2024-04-05,26.4,31.21,22.69,32.86,0.08,2.58,14.09,96.31,96.28,8.44,JAI,26.91,75.79,arid,NASA_POWER_daily_ag,5.698,8.219,1.1053,dewpoint,525.6,36.11
2024-04-06,27.99,36.05,21.43,30.23,0.16,1.25,23.27,96.22,61.01,7.1,JAI,26.91,75.79,arid,NASA_POWER_daily_ag,5.441,11.486,1.0088,dewpoint,535.2,36.251
2024-04-07,28.51,37.47,20.38,14.37,0.0,1.98,24.08,96.25,61.19,-2.2,JAI,26.91,75.79,arid,NASA_POWER_daily_ag,6.727,10.455,0.5197,dewpoint,532.0,36.389
2024-04-08,31.12,39.13,22.18,13.26,0.0,1.77,23.04,96.28,69.81,-0.85,JAI,26.91,75.79,arid,NASA_POWER_daily_ag,6.652,10.185,0.574,dewpoint,528.8,36.526
2024-04-09,29.95,38.37,22.69,13.64,0.0,1.5,20.18,96.3,81.24,-1.29,JAI,26.91,75.79,arid,NASA_POWER_daily_ag,5.818,9.351,0.5558,dewpoint,526.7,36.66
2024-04-10,29.68,39.01,23.29,26.97,0.0,3.55,18.68,96.32,78.89,6.84,JAI,26.91,75.79,arid,NASA_POWER_daily_ag,8.128,9.714,0.9909,dewpoint,524.5,36.792
2024-04-11,29.88,39.28,20.7,35.9,0.07,2.81,20.49,96.43,74.39,9.94,JAI,26.91,75.79,arid,NASA_POWER_daily_ag,7.283,10.877,1.223,dewpoint,512.8,36.921
2024-04-12,30.81,38.31,23.24,23.78,1.2,2.16,21.8,96.33,72.24,7.3,JAI,26.91,75.79,arid,NASA_POWER_daily_ag,6.967,10.998,1.0227,dewpoint,523.5,37.048
2024-04-13,30.23,37.04,22.59,31.26,1.67,2.3,14.98,96.27,94.43,10.9,JAI,26.91,75.79,arid,NASA_POWER_daily_ag,6.089,8.807,1.304,dewpoint,529.9,37.173
2024-04-14,29.94,35.54,24.11,35.52,0.02,2.04,19.05,96.45,76.96,12.42,JAI,26.91,75.79,arid,NASA_POWER_daily_ag,6.1,10.704,1.4419,dewpoint,510.6,37.296
2024-04-15,28.87,35.42,23.55,44.71,0.0,2.52,17.71,96.59,88.75,14.95,JAI,26.91,75.79,arid,NASA_POWER_daily_ag,5.952,10.45,1.6999,dewpoint,495.7,37.416
2024-04-16,28.97,35.68,22.1,37.83,0.0,3.08,25.55,96.5,59.16,12.2,JAI,26.91,75.79,arid,NASA_POWER_daily_ag,7.723,13.587,1.4212,dewpoint,505.3,37.534
2024-04-17,29.26,36.41,21.79,29.73,0.0,3.25,24.85,96.34,65.79,8.48,JAI,26.91,75.79,arid,NASA_POWER_daily_ag,8.237,12.634,1.1083,dewpoint,522.4,37.65
2024-04-18,30.58,37.73,22.47,28.68,1.08,2.82,23.27,96.16,73.09,9.6,JAI,26.91,75.79,arid,NASA_POWER_daily_ag,7.84,12.133,1.1954,dewpoint,541.6,37.763
2024-04-19,30.68,38.53,23.49,28.83,0.27,4.38,25.36,95.92,60.08,9.36,JAI,26.91,75.79,arid,NASA_POWER_daily_ag,9.75,12.891,1.1763,dewpoint,567.3,37.874
2024-04-20,28.86,36.32,20.86,28.66,0.0,2.99,24.67,95.94,74.37,7.88,JAI,26.91,75.79,arid,NASA_POWER_daily_ag,7.911,12.596,1.064,dewpoint,565.2,37.982
2024-04-21,30.22,37.43,23.19,29.7,0.0,2.01,18.97,95.99,85.25,9.81,JAI,26.91,75.79,arid,NASA_POWER_daily_ag,6.297,10.472,1.2124,dewpoint,559.8,38.089
2024-04-22,31.09,37.21,25.34,30.07,0.01,2.07,24.87,96.06,69.28,10.7,JAI,26.91,75.79,arid,NASA_POWER_daily_ag,7.178,12.992,1.2868,dewpoint,552.3,38.192
2024-04-23,31.47,38.62,24.61,23.24,0.04,1.66,24.22,95.98,63.99,6.77,JAI,26.91,75.79,arid,NASA_POWER_daily_ag,6.706,12.068,0.9861,dewpoint,560.9,38.294
2024-04-24,30.91,39.25,22.49,19.93,0.04,2.02,25.98,96.0,61.09,3.93,JAI,26.91,75.79,arid,NASA_POWER_daily_ag,7.398,12.346,0.8093,dewpoint,558.8,38.393
2024-04-25,31.88,39.97,23.11,20.09,0.0,1.7,26.49,95.99,57.7,5.32,JAI,26.91,75.79,arid,NASA_POWER_daily_ag,7.104,12.717,0.892,dewpoint,559.8,38.49
2024-04-26,33.08,40.32,27.0,20.59,0.0,3.17,21.08,95.92,70.99,7.33,JAI,26.91,75.79,arid,NASA_POWER_daily_ag,8.786,10.886,1.0248,dewpoint,567.3,38.584
2024-04-27,31.01,37.66,25.83,22.86,0.06,3.42,26.59,96.04,61.29,6.4,JAI,26.91,75.79,arid,NASA_POWER_daily_ag,9.241,12.988,0.9613,dewpoint,554.5,38.677
2024-04-28,30.97,38.45,23.49,23.31,0.0,1.67,25.47,96.07,74.13,6.89,JAI,26.91,75.79,arid,NASA_POWER_daily_ag,6.833,12.732,0.9943,dewpoint,551.3,38.766
2024-04-29,30.99,39.16,22.36,22.27,0.0,3.92,26.88,96.03,54.12,5.94,JAI,26.91,75.79,arid,NASA_POWER_daily_ag,9.907,13.145,0.9312,dewpoint,555.5,38.854
2024-04-30,28.67,37.16,19.89,8.44,0.0,3.25,26.36,96.01,63.32,-8.42,JAI,26.91,75.79,arid,NASA_POWER_daily_ag,9.054,11.258,0.3236,dewpoint,557.7,38.939
2024-05-01,27.24,35.48,19.41,18.95,0.0,3.84,28.33,95.83,49.38,-0.15,JAI,26.91,75.79,arid,NASA_POWER_daily_ag,9.316,13.105,0.6042,dewpoint,577.0,39.022
2024-05-02,28.01,37.16,18.78,16.1,0.0,2.78,26.09,95.96,67.79,-1.66,JAI,26.91,75.79,arid,NASA_POWER_daily_ag,8.146,12.082,0.5408,dewpoint,563.0,39.103
2024-05-03,30.95,39.04,21.82,12.58,0.0,2.1,24.46,96.02,78.7,-1.97,JAI,26.91,75.79,arid,NASA_POWER_daily_ag,7.525,11.285,0.5286,dewpoint,556.6,39.182
2024-05-04,33.58,42.14,24.99,15.96,0.0,2.85,20.19,95.95,95.81,3.02,JAI,26.91,75.79,arid,NASA_POWER_daily_ag,8.602,10.203,0.7588,dewpoint,564.1,39.258
2024-05-05,33.7,41.89,24.99,22.68,0.0,3.33,26.29,95.65,61.25,8.24,JAI,26.91,75.79,arid,NASA_POWER_daily_ag,9.699,13.206,1.0904,dewpoint,596.3,39.332
2024-05-06,34.34,41.77,26.33,20.41,0.0,2.27,24.56,95.82,63.43,7.39,JAI,26.91,75.79,arid,NASA_POWER_daily_ag,8.161,12.36,1.029,dewpoint,578.1,39.404
2024-05-07,36.1,43.28,29.33,18.65,0.0,1.4,24.33,95.92,68.58,7.8,JAI,26.91,75.79,arid,NASA_POWER_daily_ag,6.887,12.167,1.0582,dewpoint,567.3,39.474
2024-05-08,35.92,43.99,27.89,15.97,0.0,2.31,25.88,95.85,63.23,4.56,JAI,26.91,75.79,arid,NASA_POWER_daily_ag,8.655,12.235,0.8459,dewpoint,574.8,39.542
2024-05-09,34.85,43.45,25.72,19.88,0.64,2.54,25.61,95.83,62.26,7.37,JAI,26.91,75.79,arid,NASA_POWER_daily_ag,8.793,12.749,1.0276,dewpoint,577.0,39.608
2024-05-10,35.98,43.75,26.96,21.99,0.46,2.33,25.78,95.9,56.75,10.01,JAI,26.91,75.79,arid,NASA_POWER_daily_ag,8.627,13.236,1.2288,dewpoint,569.5,39.671
2024-05-11,35.7,42.57,28.87,21.14,0.2,2.13,24.44,96.16,69.38,9.38,JAI,26.91,75.79,arid,NASA_POWER_daily_ag,8.114,12.578,1.1779,dewpoint,541.6,39.733
2024-05-12,33.8,40.89,27.97,31.22,2.36,2.69,26.84,96.24,46.42,13.39,JAI,26.91,75.79,arid,NASA_POWER_daily_ag,8.684,14.462,1.5364,dewpoint,533.1,39.792
2024-05-13,34.53,41.79,26.57,23.19,0.0,2.21,24.39,96.19,67.34,9.38,JAI,26.91,75.79,arid,NASA_POWER_daily_ag,8.065,12.702,1.1779,dewpoint,538.4,39.849
2024-05-14,35.06,41.62,28.83,17.95,0.06,2.51,23.41,96.26,76.34,6.84,JAI,26.91,75.79,arid,NASA_POWER_daily_ag,8.578,11.86,0.9909,dewpoint,530.9,39.905
2024-05-15,35.02,42.86,27.05,15.9,0.01,1.86,26.66,96.24,63.22,4.14,JAI,26.91,75.79,arid,NASA_POWER_daily_ag,7.885,12.642,0.8213,dewpoint,533.1,39.958
2024-05-16,36.67,44.01,29.01,15.52,0.0,1.46,24.69,96.16,67.65,5.78,JAI,26.91,75.79,arid,NASA_POWER_daily_ag,7.128,12.08,0.921,dewpoint,541.6,40.01
2024-05-17,37.92,44.99,31.27,14.66,0.0,2.52,23.62,95.9,72.93,5.91,JAI,26.91,75.79,arid,NASA_POWER_daily_ag,9.101,11.603,0.9293,dewpoint,569.5,40.059
2024-05-18,37.51,45.6,29.72,14.23,0.0,3.25,25.87,95.66,63.21,4.87,JAI,26.91,75.79,arid,NASA_POWER_daily_ag,10.54,12.276,0.8644,dewpoint,595.2,40.107
2024-05-19,37.54,45.54,29.26,15.66,0.0,2.76,24.06,95.5,62.66,6.41,JAI,26.91,75.79,arid,NASA_POWER_daily_ag,9.499,11.924,0.962,dewpoint,612.4,40.153
2024-05-20,37.37,42.74,31.14,17.33,0.0,2.82,23.19,95.65,65.34,7.45,JAI,26.91,75.79,arid,NASA_POWER_daily_ag,9.462,11.819,1.0332,dewpoint,596.3,40.197
2024-05-21,38.47,45.1,31.61,17.06,0.0,2.0,22.09,95.67,68.88,8.58,JAI,26.91,75.79,arid,NASA_POWER_daily_ag,8.036,11.47,1.1159,dewpoint,594.2,40.239
2024-05-22,38.74,45.72,31.53,15.96,0.0,1.26,24.71,95.53,43.69,7.81,JAI,26.91,75.79,arid,NASA_POWER_daily_ag,6.96,12.319,1.059,dewpoint,609.2,40.279
2024-05-23,37.65,45.17,30.05,20.71,0.0,3.79,26.75,95.37,53.37,10.74,JAI,26.91,75.79,arid,NASA_POWER_daily_ag,11.266,13.748,1.2902,dewpoint,626.4,40.318
2024-05-24,36.88,43.42,29.93,25.84,0.0,3.04,26.4,95.47,60.48,13.33,JAI,26.91,75.79,arid,NASA_POWER_daily_ag,9.826,14.217,1.5304,dewpoint,615.7,40.355
2024-05-25,37.7,45.17,29.46,22.72,0.0,3.11,23.88,95.44,62.77,11.49,JAI,26.91,75.79,arid,NASA_POWER_daily_ag,9.898,12.747,1.3561,dewpoint,618.9,40.39
2024-05-26,39.13,47.27,31.1,16.93,0.0,2.87,24.99,95.29,55.09,8.73,JAI,26.91,75.79,arid,NASA_POWER_daily_ag,10.019,12.57,1.1273,dewpoint,635.0,40.423
2024-05-27,39.17,47.84,29.91,12.04,0.0,3.25,26.51,95.03,62.69,3.74,JAI,26.91,75.79,arid,NASA_POWER_daily_ag,10.956,12.291,0.7985,dewpoint,663.1,40.455
2024-05-28,38.73,47.33,30.17,13.09,0.0,4.28,26.16,94.91,59.19,4.82,JAI,26.91,75.79,arid,NASA_POWER_daily_ag,12.509,12.383,0.8614,dewpoint,676.0,40.485
2024-05-29,38.52,45.69,31.5,22.33,0.0,5.41,27.29,95.08,53.92,11.7,JAI,26.91,75.79,arid,NASA_POWER_daily_ag,13.707,14.138,1.3751,dewpoint,657.7,40.513
2024-05-30,38.32,45.55,31.98,22.32,0.0,4.47,25.31,95.39,67.74,11.18,JAI,26.91,75.79,arid,NASA_POWER_daily_ag,12.218,13.208,1.3285,dewpoint,624.3,40.54
2024-05-31,38.24,45.3,30.74,21.6,0.0,5.06,24.79,95.49,62.91,11.8,JAI,26.91,75.79,arid,NASA_POWER_daily_ag,12.889,13.168,1.3842,dewpoint,613.5,40.565
2024-06-01,37.61,43.51,31.47,22.62,0.39,3.59,21.9,95.64,71.43,12.31,JAI,26.91,75.79,arid,NASA_POWER_daily_ag,10.3,12.079,1.4315,dewpoint,597.4,40.589
2024-06-02,36.84,42.76,29.51,28.19,1.79,1.73,22.67,95.73,71.73,14.39,JAI,26.91,75.79,arid,NASA_POWER_daily_ag,7.362,12.832,1.6395,dewpoint,587.7,40.611
2024-06-03,37.69,44.21,31.05,22.8,0.03,2.32,25.86,95.67,50.59,11.72,JAI,26.91,75.79,arid,NASA_POWER_daily_ag,8.915,13.644,1.3769,dewpoint,594.2,40.631
2024-06-04,37.92,44.62,31.32,23.9,0.0,4.33,24.92,95.66,52.83,12.88,JAI,26.91,75.79,arid,NASA_POWER_daily_ag,11.732,13.445,1.4861,dewpoint,595.2,40.65
2024-06-05,37.03,43.3,30.57,24.59,0.0,4.52,26.12,95.75,53.04,13.18,JAI,26.91,75.79,arid,NASA_POWER_daily_ag,11.82,14.105,1.5155,dewpoint,585.6,40.668
2024-06-06,36.4,42.92,29.37,26.65,0.0,2.53,26.31,95.92,61.82,13.81,JAI,26.91,75.79,arid,NASA_POWER_daily_ag,9.0,14.376,1.579,dewpoint,567.3,40.684
2024-06-07,36.41,42.94,29.76,26.76,0.38,2.88,22.49,95.77,79.78,13.73,JAI,26.91,75.79,arid,NASA_POWER_daily_ag,8.984,12.645,1.5708,dewpoint,583.4,40.698
2024-06-08,36.45,42.17,30.08,29.01,0.16,3.03,25.64,95.65,65.62,14.67,JAI,26.91,75.79,arid,NASA_POWER_daily_ag,9.554,14.263,1.6695,dewpoint,596.3,40.711
2024-06-09,36.72,42.89,30.37,25.21,0.01,2.81,24.37,95.62,38.82,12.62,JAI,26.91,75.79,arid,NASA_POWER_daily_ag,9.265,13.274,1.4609,dewpoint,599.5,40.723
2024-06-10,37.56,43.24,31.54,18.41,0.0,1.25,22.99,95.63,59.91,9.18,JAI,26.91,75.79,arid,NASA_POWER_daily_ag,6.688,12.086,1.1621,dewpoint,598.5,40.733
2024-06-11,37.83,43.45,32.01,21.03,0.0,2.39,20.14,95.58,75.84,11.29,JAI,26.91,75.79,arid,NASA_POWER_daily_ag,8.339,11.212,1.3382,dewpoint,603.8,40.742
2024-06-12,37.81,43.45,32.51,24.2,0.0,4.22,19.46,95.59,81.26,13.33,JAI,26.91,75.79,arid,NASA_POWER_daily_ag,10.834,11.175,1.5304,dewpoint,602.8,40.749
2024-06-13,37.42,43.49,32.11,28.01,0.34,3.83,22.36,95.57,63.57,15.44,JAI,26.91,75.79,arid,NASA_POWER_daily_ag,10.332,12.802,1.7543,dewpoint,604.9,40.755
2024-06-14,36.66,43.88,27.21,26.56,0.26,3.62,21.72,95.53,69.52,12.26,JAI,26.91,75.79,arid,NASA_POWER_daily_ag,10.101,12.136,1.4268,dewpoint,609.2,40.76
2024-06-15,37.97,44.03,31.33,25.9,0.0,4.44,21.49,95.5,37.75,14.48,JAI,26.91,75.79,arid,NASA_POWER_daily_ag,11.295,12.256,1.6491,dewpoint,612.4,40.763
2024-06-16,38.24,43.86,32.06,30.42,0.0,4.36,21.21,95.53,45.83,17.55,JAI,26.91,75.79,arid,NASA_POWER_daily_ag,10.83,12.603,2.0063,dewpoint,609.2,40.764
2024-06-17,38.56,43.79,32.94,31.82,0.0,4.85,23.18,95.54,30.06,18.54,JAI,26.91,75.79,arid,NASA_POWER_daily_ag,11.637,13.731,2.1351,dewpoint,608.1,40.765
2024-06-18,38.62,43.42,34.01,29.53,0.09,5.47,26.08,95.37,15.75,17.43,JAI,26.91,75.79,arid,NASA_POWER_daily_ag,12.926,14.903,1.9912,dewpoint,626.4,40.764
2024-06-19,37.92,43.38,32.43,32.12,0.11,5.01,25.99,95.13,24.38,18.1,JAI,26.91,75.79,arid,NASA_POWER_daily_ag,12.009,15.066,2.077,dewpoint,652.3,40.762
2024-06-20,36.12,40.98,29.7,36.89,7.59,3.28,17.29,95.22,54.12,18.55,JAI,26.91,75.79,arid,NASA_POWER_daily_ag,8.191,10.9,2.1365,dewpoint,642.6,40.758
2024-06-21,32.14,36.17,28.43,54.99,15.04,1.39,18.02,95.43,68.41,21.49,JAI,26.91,75.79,arid,NASA_POWER_daily_ag,5.151,11.732,2.5629,dewpoint,620.0,40.753
2024-06-22,33.26,38.21,28.11,50.68,2.82,0.52,23.07,95.42,66.15,20.94,JAI,26.91,75.79,arid,NASA_POWER_daily_ag,5.361,14.389,2.4779,dewpoint,621.0,40.747
2024-06-23,34.04,38.6,28.99,48.61,2.7,1.37,20.7,95.42,79.14,21.16,JAI,26.91,75.79,arid,NASA_POWER_daily_ag,5.915,13.108,2.5116,dewpoint,621.0,40.739
2024-06-24,33.96,38.69,29.34,51.4,3.33,2.31,18.02,95.29,87.64,22.0,JAI,26.91,75.79,arid,NASA_POWER_daily_ag,6.263,11.748,2.6439,dewpoint,635.0,40.73
2024-06-25,34.55,40.3,28.91,50.56,0.59,1.63,16.89,95.18,90.98,22.01,JAI,26.91,75.79,arid,NASA_POWER_daily_ag,5.553,11.105,2.6455,dewpoint,646.9,40.72
2024-06-26,33.67,38.43,29.8,57.27,7.43,2.31,16.35,95.24,79.4,23.62,JAI,26.91,75.79,arid,NASA_POWER_daily_ag,5.68,10.996,2.9165,dewpoint,640.4,40.708
2024-06-27,30.51,34.31,27.41,70.18,11.44,2.57,19.64,95.49,82.34,24.13,JAI,26.91,75.79,arid,NASA_POWER_daily_ag,5.398,13.066,3.0073,dewpoint,613.5,40.695
2024-06-28,29.54,32.44,26.9,73.42,4.73,0.87,17.62,95.43,88.72,24.1,JAI,26.91,75.79,arid,NASA_POWER_daily_ag,4.185,11.891,3.0019,dewpoint,620.0,40.68
2024-06-29,30.25,33.99,27.29,70.64,6.69,2.38,11.83,95.37,99.08,24.12,JAI,26.91,75.79,arid,NASA_POWER_daily_ag,3.96,8.438,3.0055,dewpoint,626.4,40.665
2024-06-30,31.6,36.71,26.93,67.31,4.03,2.85,18.1,95.28,91.1,24.32,JAI,26.91,75.79,arid,NASA_POWER_daily_ag,5.573,12.153,3.0417,dewpoint,636.1,40.647
2024-07-01,31.54,35.94,27.56,67.68,4.61,3.22,15.26,95.06,91.06,24.59,JAI,26.91,75.79,arid,NASA_POWER_daily_ag,5.194,10.498,3.0912,dewpoint,659.8,40.629
2024-07-02,32.48,38.32,27.35,59.47,0.12,3.14,16.94,94.98,96.09,23.08,JAI,26.91,75.79,arid,NASA_POWER_daily_ag,6.095,11.294,2.8231,dewpoint,668.5,40.609
2024-07-03,31.79,35.68,27.75,65.91,17.19,2.81,18.25,95.15,91.57,24.42,JAI,26.91,75.79,arid,NASA_POWER_daily_ag,5.621,12.256,3.06,dewpoint,650.1,40.587
2024-07-04,28.79,30.15,27.31,80.74,31.67,2.45,7.05,95.38,99.79,25.12,JAI,26.91,75.79,arid,NASA_POWER_daily_ag,2.54,5.583,3.1905,dewpoint,625.4,40.565
2024-07-05,28.59,31.05,26.51,83.66,16.16,1.69,5.26,95.16,99.1,25.48,JAI,26.91,75.79,arid,NASA_POWER_daily_ag,1.907,4.479,3.2595,dewpoint,649.1,40.54
2024-07-06,30.79,35.38,26.64,72.5,1.2,2.96,13.97,95.03,91.93,24.94,JAI,26.91,75.79,arid,NASA_POWER_daily_ag,4.524,9.76,3.1565,dewpoint,663.1,40.515
2024-07-07,30.83,36.11,26.83,68.93,6.39,2.5,15.32,95.28,95.25,24.0,JAI,26.91,75.79,arid,NASA_POWER_daily_ag,4.775,10.469,2.9839,dewpoint,636.1,40.488
2024-07-08,30.2,35.17,26.13,74.62,11.67,2.16,16.83,95.55,85.64,24.8,JAI,26.91,75.79,arid,NASA_POWER_daily_ag,4.559,11.466,3.1302,dewpoint,607.1,40.459
2024-07-09,29.83,34.64,25.92,74.46,7.76,2.16,21.95,95.68,86.15,24.36,JAI,26.91,75.79,arid,NASA_POWER_daily_ag,5.39,14.468,3.049,dewpoint,593.1,40.429
2024-07-10,31.51,36.39,26.84,70.0,2.12,1.39,19.09,95.65,82.51,24.9,JAI,26.91,75.79,arid,NASA_POWER_daily_ag,4.934,12.809,3.149,dewpoint,596.3,40.398
2024-07-11,30.48,34.16,27.81,75.21,13.64,3.46,22.6,95.41,66.85,25.47,JAI,26.91,75.79,arid,NASA_POWER_daily_ag,5.807,15.051,3.2576,dewpoint,622.1,40.365
2024-07-12,30.65,34.79,26.32,74.33,19.38,2.8,22.05,95.21,71.56,25.28,JAI,26.91,75.79,arid,NASA_POWER_daily_ag,5.675,14.69,3.221,dewpoint,643.7,40.33
2024-07-13,30.25,34.86,26.67,74.78,2.36,2.39,16.94,95.21,91.11,24.91,JAI,26.91,75.79,arid,NASA_POWER_daily_ag,4.645,11.534,3.1508,dewpoint,643.7,40.294
2024-07-14,31.81,36.17,27.25,64.65,0.44,0.8,18.31,95.21,82.3,23.73,JAI,26.91,75.79,arid,NASA_POWER_daily_ag,4.574,12.167,2.9359,dewpoint,643.7,40.256
2024-07-15,30.16,33.76,26.92,74.9,11.23,2.03,21.34,95.4,78.28,25.01,JAI,26.91,75.79,arid,NASA_POWER_daily_ag,5.239,14.205,3.1697,dewpoint,623.2,40.217
2024-07-16,30.14,34.62,26.37,76.06,4.19,2.56,22.98,95.47,73.94,25.17,JAI,26.91,75.79,arid,NASA_POWER_daily_ag,5.611,15.217,3.2,dewpoint,615.7,40.176
2024-07-17,30.66,35.31,26.14,74.75,1.62,2.62,23.55,95.46,67.45,25.32,JAI,26.91,75.79,arid,NASA_POWER_daily_ag,5.866,15.582,3.2287,dewpoint,616.7,40.134
2024-07-18,31.08,35.86,26.61,74.77,1.31,1.48,15.16,95.33,83.42,25.73,JAI,26.91,75.79,arid,NASA_POWER_daily_ag,4.082,10.524,3.3082,dewpoint,630.7,40.09
2024-07-19,31.33,35.93,27.35,70.5,0.83,1.46,22.9,95.24,70.5,24.89,JAI,26.91,75.79,arid,NASA_POWER_daily_ag,5.606,15.062,3.1471,dewpoint,640.4,40.044
2024-07-20,30.78,34.61,26.89,72.98,0.06,1.62,23.94,95.32,61.75,25.05,JAI,26.91,75.79,arid,NASA_POWER_daily_ag,5.718,15.747,3.1772,dewpoint,631.8,39.997
2024-07-21,31.61,36.61,27.42,69.47,1.6,1.93,20.07,95.28,84.09,25.0,JAI,26.91,75.79,arid,NASA_POWER_daily_ag,5.355,13.368,3.1678,dewpoint,636.1,39.948
2024-07-22,31.54,36.46,27.19,72.22,4.94,1.97,20.94,95.3,82.16,25.59,JAI,26.91,75.79,arid,NASA_POWER_daily_ag,5.425,13.998,3.2808,dewpoint,634.0,39.897
2024-07-23,31.38,35.05,27.87,75.41,6.37,1.48,13.68,95.22,98.2,26.25,JAI,26.91,75.79,arid,NASA_POWER_daily_ag,3.802,9.647,3.4114,dewpoint,642.6,39.844
2024-07-24,31.03,35.33,27.31,74.27,5.2,2.4,8.07,94.97,99.0,25.65,JAI,26.91,75.79,arid,NASA_POWER_daily_ag,3.204,6.182,3.2925,dewpoint,669.6,39.79
2024-07-25,30.67,35.1,26.75,71.67,7.6,3.36,10.26,94.88,96.57,24.65,JAI,26.91,75.79,arid,NASA_POWER_daily_ag,4.108,7.483,3.1023,dewpoint,679.3,39.734
2024-07-26,29.22,32.01,26.01,80.38,45.36,2.25,12.36,95.07,96.8,25.41,JAI,26.91,75.79,arid,NASA_POWER_daily_ag,3.424,8.795,3.246,dewpoint,658.8,39.676
2024-07-27,29.21,32.69,26.1,82.13,7.33,1.57,12.19,95.26,95.42,25.72,JAI,26.91,75.79,arid,NASA_POWER_daily_ag,3.178,8.703,3.3062,dewpoint,638.3,39.616
2024-07-28,30.07,34.59,26.36,80.4,5.78,2.19,19.2,95.23,84.84,26.04,JAI,26.91,75.79,arid,NASA_POWER_daily_ag,4.692,13.021,3.3694,dewpoint,641.5,39.555
2024-07-29,29.91,34.1,26.15,80.43,0.2,2.86,23.65,95.18,67.68,25.94,JAI,26.91,75.79,arid,NASA_POWER_daily_ag,5.516,15.742,3.3495,dewpoint,646.9,39.491
2024-07-30,30.02,34.06,26.44,80.0,0.75,2.58,20.88,95.37,77.33,25.99,JAI,26.91,75.79,arid,NASA_POWER_daily_ag,5.038,14.039,3.3595,dewpoint,626.4,39.426
2024-07-31,28.92,32.21,26.22,83.95,25.9,2.65,18.69,95.47,83.18,25.82,JAI,26.91,75.79,arid,NASA_POWER_daily_ag,4.342,12.686,3.3258,dewpoint,615.7,39.359
2024-08-01,26.49,28.02,25.13,92.54,103.74,2.92,6.17,95.29,99.65,25.19,JAI,26.91,75.79,arid,NASA_POWER_daily_ag,1.693,5.006,3.2038,dewpoint,635.0,39.29
2024-08-02,27.78,31.49,25.05,86.88,14.97,2.23,10.36,95.11,99.14,25.29,JAI,26.91,75.79,arid,NASA_POWER_daily_ag,2.693,7.556,3.2229,dewpoint,654.5,39.219
2024-08-03,27.65,30.73,25.42,85.45,6.81,2.21,14.47,95.35,91.64,24.87,JAI,26.91,75.79,arid,NASA_POWER_daily_ag,3.417,10.013,3.1433,dewpoint,628.6,39.146
2024-08-04,27.91,31.68,24.87,84.58,9.89,2.77,18.93,95.46,79.57,24.91,JAI,26.91,75.79,arid,NASA_POWER_daily_ag,4.25,12.693,3.1508,dewpoint,616.7,39.071
2024-08-05,28.26,32.2,25.27,88.05,22.16,3.55,10.56,95.22,77.8,26.01,JAI,26.91,75.79,arid,NASA_POWER_daily_ag,2.807,7.693,3.3634,dewpoint,642.6,38.993
2024-08-06,27.44,31.17,24.99,87.77,7.26,4.57,10.1,95.32,83.71,25.15,JAI,26.91,75.79,arid,NASA_POWER_daily_ag,2.781,7.38,3.1962,dewpoint,631.8,38.914
2024-08-07,26.36,29.05,24.65,91.19,7.8,4.16,7.08,95.45,96.86,24.8,JAI,26.91,75.79,arid,NASA_POWER_daily_ag,1.966,5.551,3.1302,dewpoint,617.8,38.833
2024-08-08,26.32,29.4,24.47,90.31,14.37,3.37,5.36,95.66,99.26,24.59,JAI,26.91,75.79,arid,NASA_POWER_daily_ag,1.737,4.519,3.0912,dewpoint,595.2,38.75
2024-08-09,26.19,28.29,23.94,92.0,10.58,2.38,5.75,95.78,99.62,24.79,JAI,26.91,75.79,arid,NASA_POWER_daily_ag,1.62,4.742,3.1284,dewpoint,582.4,38.665
2024-08-10,26.82,29.62,24.73,90.85,3.96,2.82,4.12,95.71,99.25,25.18,JAI,26.91,75.79,arid,NASA_POWER_daily_ag,1.484,3.746,3.2019,dewpoint,589.9,38.578
2024-08-11,26.58,28.6,24.93,93.18,31.51,2.38,5.6,95.51,98.89,25.39,JAI,26.91,75.79,arid,NASA_POWER_daily_ag,1.547,4.634,3.2421,dewpoint,611.4,38.488
2024-08-12,27.44,30.72,24.88,87.95,68.07,1.63,3.86,95.65,99.26,25.18,JAI,26.91,75.79,arid,NASA_POWER_daily_ag,1.455,3.591,3.2019,dewpoint,596.3,38.396
2024-08-13,27.68,31.05,24.72,89.05,11.87,2.43,12.19,95.73,97.78,25.66,JAI,26.91,75.79,arid,NASA_POWER_daily_ag,2.873,8.646,3.2945,dewpoint,587.7,38.303
2024-08-14,27.43,29.83,25.57,91.94,28.17,2.11,12.0,95.78,97.9,26.0,JAI,26.91,75.79,arid,NASA_POWER_daily_ag,2.674,8.548,3.3614,dewpoint,582.4,38.207
2024-08-15,27.73,30.26,25.83,90.71,36.2,1.28,6.33,95.66,98.76,26.04,JAI,26.91,75.79,arid,NASA_POWER_daily_ag,1.731,5.061,3.3694,dewpoint,595.2,38.109
2024-08-16,27.63,30.42,25.73,89.85,14.18,1.51,14.57,95.58,95.98,25.76,JAI,26.91,75.79,arid,NASA_POWER_daily_ag,3.202,10.087,3.314,dewpoint,603.8,38.009
2024-08-17,27.37,29.95,25.1,89.21,2.78,1.69,19.6,95.86,89.69,25.38,JAI,26.91,75.79,arid,NASA_POWER_daily_ag,4.047,13.093,3.2402,dewpoint,573.8,37.906
2024-08-18,27.36,30.05,24.77,86.66,0.28,1.39,16.96,95.98,83.57,24.87,JAI,26.91,75.79,arid,NASA_POWER_daily_ag,3.665,11.421,3.1433,dewpoint,560.9,37.802
2024-08-19,27.66,30.75,24.57,84.98,3.0,1.69,16.97,95.88,91.14,24.8,JAI,26.91,75.79,arid,NASA_POWER_daily_ag,3.764,11.405,3.1302,dewpoint,571.6,37.695
2024-08-20,27.52,31.09,24.32,82.58,8.89,1.31,17.89,95.89,81.92,24.14,JAI,26.91,75.79,arid,NASA_POWER_daily_ag,3.925,11.846,3.0091,dewpoint,570.6,37.586
2024-08-21,27.98,31.4,24.33,83.78,6.65,1.05,14.48,95.95,89.38,24.83,JAI,26.91,75.79,arid,NASA_POWER_daily_ag,3.318,9.906,3.1358,dewpoint,564.1,37.475
2024-08-22,28.48,31.88,25.05,81.76,3.49,0.82,12.45,95.89,97.52,24.9,JAI,26.91,75.79,arid,NASA_POWER_daily_ag,2.979,8.691,3.149,dewpoint,570.6,37.362
2024-08-23,28.22,31.57,24.68,82.85,20.75,1.05,17.1,95.9,85.31,24.89,JAI,26.91,75.79,arid,NASA_POWER_daily_ag,3.804,11.448,3.1471,dewpoint,569.5,37.247
2024-08-24,27.47,30.16,24.81,87.47,32.14,1.48,17.44,95.82,82.12,25.13,JAI,26.91,75.79,arid,NASA_POWER_daily_ag,3.727,11.691,3.1924,dewpoint,578.1,37.129
2024-08-25,26.47,28.84,24.76,91.13,25.61,3.22,14.48,95.52,91.37,24.89,JAI,26.91,75.79,arid,NASA_POWER_daily_ag,3.007,9.902,3.1471,dewpoint,610.3,37.009
2024-08-26,26.03,28.16,24.64,92.48,27.94,4.74,13.65,95.4,94.09,24.71,JAI,26.91,75.79,arid,NASA_POWER_daily_ag,2.721,9.39,3.1135,dewpoint,623.2,36.887
2024-08-27,25.87,29.15,24.02,90.39,8.69,3.58,16.68,95.67,89.02,24.15,JAI,26.91,75.79,arid,NASA_POWER_daily_ag,3.299,11.099,3.0109,dewpoint,594.2,36.763
2024-08-28,26.28,29.8,23.32,89.33,1.13,2.51,20.74,95.71,78.76,24.32,JAI,26.91,75.79,arid,NASA_POWER_daily_ag,4.037,13.491,3.0417,dewpoint,589.9,36.637
2024-08-29,25.24,27.3,23.17,90.47,5.23,2.8,14.5,95.76,90.93,23.54,JAI,26.91,75.79,arid,NASA_POWER_daily_ag,2.945,9.768,2.9025,dewpoint,584.5,36.509
2024-08-30,25.92,29.79,22.29,88.17,7.32,1.57,19.98,96.02,74.1,23.74,JAI,26.91,75.79,arid,NASA_POWER_daily_ag,3.945,12.929,2.9377,dewpoint,556.6,36.378
2024-08-31,27.98,31.64,23.37,79.87,1.02,0.86,21.73,96.02,66.24,23.97,JAI,26.91,75.79,arid,NASA_POWER_daily_ag,4.561,13.917,2.9785,dewpoint,556.6,36.246
2024-09-01,28.47,31.85,24.58,81.39,33.73,1.25,20.19,95.94,67.0,24.87,JAI,26.91,75.79,arid,NASA_POWER_daily_ag,4.385,13.163,3.1433,dewpoint,565.2,36.111
2024-09-02,26.74,28.96,24.77,91.14,31.59,2.01,17.54,95.93,89.25,25.17,JAI,26.91,75.79,arid,NASA_POWER_daily_ag,3.515,11.674,3.2,dewpoint,566.3,35.974
2024-09-03,26.69,29.96,24.12,90.97,9.65,1.92,16.3,95.95,88.69,25.05,JAI,26.91,75.79,arid,NASA_POWER_daily_ag,3.325,10.905,3.1772,dewpoint,564.1,35.835
2024-09-04,26.77,30.15,24.16,90.51,20.37,1.57,12.03,95.78,99.06,25.03,JAI,26.91,75.79,arid,NASA_POWER_daily_ag,2.658,8.369,3.1734,dewpoint,582.4,35.694
2024-09-05,26.64,29.63,24.13,90.31,4.9,1.83,15.21,95.58,95.93,24.86,JAI,26.91,75.79,arid,NASA_POWER_daily_ag,3.172,10.222,3.1415,dewpoint,603.8,35.551
2024-09-06,26.86,29.46,24.49,88.69,13.0,1.78,11.88,95.72,94.64,24.79,JAI,26.91,75.79,arid,NASA_POWER_daily_ag,2.703,8.248,3.1284,dewpoint,588.8,35.406
2024-09-07,27.14,29.93,24.24,86.17,6.74,0.91,13.21,95.82,95.01,24.56,JAI,26.91,75.79,arid,NASA_POWER_daily_ag,2.929,8.994,3.0857,dewpoint,578.1,35.26
2024-09-08,26.35,28.68,24.5,90.87,4.23,1.43,14.73,95.84,85.72,24.72,JAI,26.91,75.79,arid,NASA_POWER_daily_ag,3.041,9.894,3.1153,dewpoint,575.9,35.111
2024-09-09,27.0,30.25,23.76,86.62,2.79,0.89,15.93,95.66,77.26,24.5,JAI,26.91,75.79,arid,NASA_POWER_daily_ag,3.367,10.544,3.0746,dewpoint,595.2,34.96
2024-09-10,27.76,31.1,24.42,84.72,25.73,0.88,13.73,95.59,89.92,24.86,JAI,26.91,75.79,arid,NASA_POWER_daily_ag,3.072,9.283,3.1415,dewpoint,602.8,34.808
2024-09-11,27.84,30.8,25.37,84.73,12.89,1.25,13.8,95.54,97.03,24.96,JAI,26.91,75.79,arid,NASA_POWER_daily_ag,3.137,9.318,3.1602,dewpoint,608.1,34.653
2024-09-12,26.58,29.05,24.84,92.03,8.62,2.28,14.78,95.46,97.63,25.18,JAI,26.91,75.79,arid,NASA_POWER_daily_ag,2.991,9.926,3.2019,dewpoint,616.7,34.497
2024-09-13,26.27,29.7,23.66,90.0,0.24,3.92,16.34,95.66,89.8,24.46,JAI,26.91,75.79,arid,NASA_POWER_daily_ag,3.267,10.728,3.0673,dewpoint,595.2,34.34
2024-09-14,25.46,29.37,22.0,87.61,0.01,2.29,19.25,95.81,65.07,23.15,JAI,26.91,75.79,arid,NASA_POWER_daily_ag,3.735,12.176,2.835,dewpoint,579.1,34.18
2024-09-15,25.49,30.08,21.62,85.22,0.0,2.24,21.74,95.89,52.66,22.66,JAI,26.91,75.79,arid,NASA_POWER_daily_ag,4.184,13.429,2.7522,dewpoint,570.6,34.019
2024-09-16,25.25,29.98,21.0,83.75,0.0,2.42,21.14,96.04,60.13,22.13,JAI,26.91,75.79,arid,NASA_POWER_daily_ag,4.126,12.98,2.665,dewpoint,554.5,33.856
2024-09-17,25.46,30.64,20.69,83.03,0.35,2.0,16.79,96.07,85.37,22.17,JAI,26.91,75.79,arid,NASA_POWER_daily_ag,3.53,10.603,2.6715,dewpoint,551.3,33.692
2024-09-18,25.77,30.36,22.76,84.28,2.13,1.98,15.36,95.89,83.43,22.79,JAI,26.91,75.79,arid,NASA_POWER_daily_ag,3.29,9.871,2.774,dewpoint,570.6,33.526
2024-09-19,25.46,29.06,22.37,89.67,1.03,1.18,11.28,95.82,84.56,23.56,JAI,26.91,75.79,arid,NASA_POWER_daily_ag,2.428,7.696,2.906,dewpoint,578.1,33.359
2024-09-20,26.31,30.22,22.88,86.08,0.03,1.28,13.71,95.9,87.64,23.69,JAI,26.91,75.79,arid,NASA_POWER_daily_ag,2.951,9.036,2.9288,dewpoint,569.5,33.19
2024-09-21,27.39,31.42,23.47,80.59,0.0,0.82,17.72,96.05,73.6,23.6,JAI,26.91,75.79,arid,NASA_POWER_daily_ag,3.697,11.207,2.913,dewpoint,553.4,33.02
2024-09-22,28.24,31.83,24.21,81.81,0.0,1.12,20.58,96.02,64.52,24.71,JAI,26.91,75.79,arid,NASA_POWER_daily_ag,4.291,12.989,3.1135,dewpoint,556.6,32.849
2024-09-23,28.67,32.68,24.85,79.3,0.0,0.68,20.83,96.0,56.31,24.57,JAI,26.91,75.79,arid,NASA_POWER_daily_ag,4.313,13.047,3.0875,dewpoint,558.8,32.677
2024-09-24,29.25,33.61,24.93,76.33,0.05,0.88,19.6,95.87,64.13,24.4,JAI,26.91,75.79,arid,NASA_POWER_daily_ag,4.232,12.279,3.0563,dewpoint,572.7,32.503
2024-09-25,28.31,32.75,24.61,82.45,0.06,1.52,18.79,95.82,62.01,24.89,JAI,26.91,75.79,arid,NASA_POWER_daily_ag,4.032,11.928,3.1471,dewpoint,578.1,32.328
2024-09-26,27.21,30.97,24.51,86.8,0.0,2.26,16.69,95.82,75.77,24.69,JAI,26.91,75.79,arid,NASA_POWER_daily_ag,3.518,10.716,3.1098,dewpoint,578.1,32.153
2024-09-27,26.8,30.51,23.21,85.73,0.01,1.66,17.34,95.8,76.39,24.08,JAI,26.91,75.79,arid,NASA_POWER_daily_ag,3.568,10.98,2.9983,dewpoint,580.2,31.976
2024-09-28,27.18,30.76,23.51,82.5,0.03,1.44,19.37,95.99,71.11,23.77,JAI,26.91,75.79,arid,NASA_POWER_daily_ag,3.971,12.005,2.943,dewpoint,559.8,31.798
2024-09-29,27.03,30.97,23.11,83.31,0.04,1.25,18.94,96.27,68.53,23.85,JAI,26.91,75.79,arid,NASA_POWER_daily_ag,3.834,11.762,2.9572,dewpoint,529.9,31.62
2024-09-30,26.51,29.33,24.04,85.52,0.0,1.26,18.98,96.28,66.58,23.81,JAI,26.91,75.79,arid,NASA_POWER_daily_ag,3.737,11.767,2.9501,dewpoint,528.8,31.441
2024-10-01,27.18,32.79,23.19,80.04,0.0,1.94,19.3,96.03,70.83,23.12,JAI,26.91,75.79,arid,NASA_POWER_daily_ag,4.088,11.717,2.8299,dewpoint,555.5,31.261
2024-10-02,26.49,32.46,21.93,78.32,0.0,3.11,20.05,96.04,67.1,22.13,JAI,26.91,75.79,arid,NASA_POWER_daily_ag,4.368,11.9,2.665,dewpoint,554.5,31.08
2024-10-03,26.35,31.97,22.33,82.36,0.0,3.52,19.9,95.97,66.66,22.91,JAI,26.91,75.79,arid,NASA_POWER_daily_ag,4.142,11.97,2.7942,dewpoint,562.0,30.899
2024-10-04,26.04,31.91,21.69,83.14,1.7,2.5,20.82,96.03,60.38,22.76,JAI,26.91,75.79,arid,NASA_POWER_daily_ag,4.086,12.404,2.7689,dewpoint,555.5,30.718
2024-10-05,25.64,31.07,20.45,79.84,0.12,1.78,21.17,96.25,56.42,21.63,JAI,26.91,75.79,arid,NASA_POWER_daily_ag,4.109,12.333,2.5849,dewpoint,532.0,30.536
2024-10-06,27.03,32.36,20.96,68.76,0.0,0.92,17.59,96.5,69.69,20.21,JAI,26.91,75.79,arid,NASA_POWER_daily_ag,3.689,10.186,2.3689,dewpoint,505.3,30.354
2024-10-07,26.58,32.17,21.65,70.54,0.0,0.9,19.29,96.67,63.59,20.36,JAI,26.91,75.79,arid,NASA_POWER_daily_ag,3.834,10.986,2.3909,dewpoint,487.2,30.172
2024-10-08,25.9,31.0,20.88,75.94,0.02,1.14,19.6,96.66,64.04,21.03,JAI,26.91,75.79,arid,NASA_POWER_daily_ag,3.83,11.297,2.4916,dewpoint,488.2,29.989
2024-10-09,26.07,30.93,21.64,72.31,0.01,0.73,19.07,96.47,60.11,20.39,JAI,26.91,75.79,arid,NASA_POWER_daily_ag,3.654,10.856,2.3953,dewpoint,508.5,29.807
2024-10-10,26.18,30.78,22.04,69.66,0.0,0.56,15.68,96.4,77.49,19.93,JAI,26.91,75.79,arid,NASA_POWER_daily_ag,3.114,9.126,2.3282,dewpoint,516.0,29.624
2024-10-11,25.9,31.36,21.34,65.74,0.0,0.97,15.72,96.4,75.08,18.34,JAI,26.91,75.79,arid,NASA_POWER_daily_ag,3.346,8.873,2.1085,dewpoint,516.0,29.442
2024-10-12,24.57,30.47,19.8,79.96,0.06,1.28,14.83,96.49,84.61,20.44,JAI,26.91,75.79,arid,NASA_POWER_daily_ag,3.007,8.787,2.4027,dewpoint,506.4,29.26
2024-10-13,24.26,29.59,19.83,82.74,0.26,1.37,10.79,96.55,97.37,20.82,JAI,26.91,75.79,arid,NASA_POWER_daily_ag,2.398,6.869,2.4596,dewpoint,500.0,29.078
2024-10-14,24.82,30.02,20.54,76.06,0.04,1.03,17.21,96.58,65.85,19.89,JAI,26.91,75.79,arid,NASA_POWER_daily_ag,3.313,9.759,2.3224,dewpoint,496.8,28.897
2024-10-15,25.6,31.46,20.84,62.27,0.0,1.05,19.14,96.53,55.25,16.8,JAI,26.91,75.79,arid,NASA_POWER_daily_ag,3.785,9.926,1.9133,dewpoint,502.1,28.715
2024-10-16,24.95,31.37,18.27,60.11,0.0,1.23,19.27,96.43,47.28,16.23,JAI,26.91,75.79,arid,NASA_POWER_daily_ag,3.846,9.906,1.8452,dewpoint,512.8,28.535
2024-10-17,25.16,32.0,19.45,67.91,0.0,1.33,18.57,96.43,60.01,18.26,JAI,26.91,75.79,arid,NASA_POWER_daily_ag,3.717,9.923,2.098,dewpoint,512.8,28.355
2024-10-18,25.17,31.99,19.44,67.77,0.0,1.42,18.69,96.44,62.85,18.25,JAI,26.91,75.79,arid,NASA_POWER_daily_ag,3.765,9.933,2.0967,dewpoint,511.7,28.176
2024-10-19,25.25,31.82,19.75,71.83,0.0,1.72,18.09,96.5,65.87,19.35,JAI,26.91,75.79,arid,NASA_POWER_daily_ag,3.727,9.853,2.2458,dewpoint,505.3,27.997
2024-10-20,25.39,31.91,21.02,74.38,0.0,1.67,14.93,96.56,72.65,20.06,JAI,26.91,75.79,arid,NASA_POWER_daily_ag,3.264,8.498,2.347,dewpoint,498.9,27.82
2024-10-21,25.16,31.4,20.82,72.51,0.15,1.64,14.46,96.61,67.81,19.22,JAI,26.91,75.79,arid,NASA_POWER_daily_ag,3.24,8.143,2.2277,dewpoint,493.6,27.643
2024-10-22,25.34,30.93,20.36,70.98,0.93,0.84,14.87,96.67,68.93,19.25,JAI,26.91,75.79,arid,NASA_POWER_daily_ag,2.965,8.314,2.2319,dewpoint,487.2,27.467
2024-10-23,24.47,30.64,19.88,70.91,0.0,1.46,15.45,96.67,64.37,18.51,JAI,26.91,75.79,arid,NASA_POWER_daily_ag,3.209,8.431,2.1311,dewpoint,487.2,27.293
2024-10-24,23.08,30.89,17.25,62.75,0.0,1.93,17.19,96.57,28.31,15.04,JAI,26.91,75.79,arid,NASA_POWER_daily_ag,3.666,8.561,1.7097,dewpoint,497.8,27.12
2024-10-25,24.87,32.17,18.92,59.18,0.0,1.55,16.71,96.49,39.22,16.01,JAI,26.91,75.79,arid,NASA_POWER_daily_ag,3.65,8.421,1.8194,dewpoint,506.4,26.948
2024-10-26,25.86,32.45,20.07,53.62,0.0,1.26,16.82,96.47,38.97,15.33,JAI,26.91,75.79,arid,NASA_POWER_daily_ag,3.641,8.256,1.7419,dewpoint,508.5,26.777
2024-10-27,25.54,32.48,20.26,57.14,0.0,0.85,17.17,96.32,43.42,15.93,JAI,26.91,75.79,arid,NASA_POWER_daily_ag,3.285,8.448,1.8102,dewpoint,524.5,26.608
2024-10-28,23.41,30.64,17.66,80.03,0.0,1.78,15.88,96.23,64.14,19.38,JAI,26.91,75.79,arid,NASA_POWER_daily_ag,3.006,8.652,2.25,dewpoint,534.1,26.44
2024-10-29,24.58,31.57,18.51,74.43,0.0,1.61,16.66,96.28,64.45,19.18,JAI,26.91,75.79,arid,NASA_POWER_daily_ag,3.308,8.869,2.2222,dewpoint,528.8,26.274
2024-10-30,24.08,32.49,18.27,68.03,0.0,2.08,16.89,96.4,63.14,17.1,JAI,26.91,75.79,arid,NASA_POWER_daily_ag,3.619,8.496,1.95,dewpoint,516.0,26.11
2024-10-31,23.92,31.6,17.56,62.12,0.0,1.85,17.39,96.58,54.9,15.61,JAI,26.91,75.79,arid,NASA_POWER_daily_ag,3.682,8.4,1.7735,dewpoint,496.8,25.948
2024-11-01,24.68,31.55,18.61,56.29,0.0,1.36,16.37,96.64,44.9,14.89,JAI,26.91,75.79,arid,NASA_POWER_daily_ag,3.458,7.829,1.6933,dewpoint,490.4,25.787
2024-11-02,25.45,31.78,20.08,51.52,0.0,0.7,17.38,96.69,48.86,14.24,JAI,26.91,75.79,arid,NASA_POWER_daily_ag,3.108,7.948,1.6237,dewpoint,485.0,25.629
2024-11-03,24.95,31.56,19.51,52.17,0.0,0.87,16.94,96.75,51.03,14.02,JAI,26.91,75.79,arid,NASA_POWER_daily_ag,3.159,7.742,1.6007,dewpoint,478.7,25.472
2024-11-04,24.42,31.04,19.69,51.65,0.0,0.89,16.39,96.63,48.49,13.46,JAI,26.91,75.79,arid,NASA_POWER_daily_ag,3.065,7.434,1.5434,dewpoint,491.4,25.318
2024-11-05,22.32,29.05,15.7,70.55,0.0,1.18,14.82,96.81,59.47,16.27,JAI,26.91,75.79,arid,NASA_POWER_daily_ag,2.745,7.501,1.8499,dewpoint,472.3,25.165
2024-11-06,22.99,29.86,15.92,69.62,0.0,1.11,14.08,96.84,62.72,16.63,JAI,26.91,75.79,arid,NASA_POWER_daily_ag,2.704,7.218,1.8928,dewpoint,469.1,25.015
2024-11-07,23.7,30.48,16.4,66.83,0.0,1.01,13.32,96.76,58.73,16.4,JAI,26.91,75.79,arid,NASA_POWER_daily_ag,2.674,6.846,1.8653,dewpoint,477.6,24.868
2024-11-08,24.35,31.54,18.08,60.26,0.0,0.93,14.61,96.71,49.92,15.57,JAI,26.91,75.79,arid,NASA_POWER_daily_ag,2.838,7.075,1.7689,dewpoint,482.9,24.722
2024-11-09,23.15,31.0,16.68,66.64,0.0,1.05,15.67,96.72,52.12,15.74,JAI,26.91,75.79,arid,NASA_POWER_daily_ag,2.854,7.486,1.7883,dewpoint,481.8,24.58
2024-11-10,23.08,30.46,18.46,60.77,0.0,1.2,15.03,96.75,39.55,14.55,JAI,26.91,75.79,arid,NASA_POWER_daily_ag,2.912,6.994,1.6566,dewpoint,478.7,24.439
2024-11-11,23.51,30.61,19.1,54.61,0.0,1.03,13.95,96.74,47.05,13.41,JAI,26.91,75.79,arid,NASA_POWER_daily_ag,2.795,6.42,1.5384,dewpoint,479.7,24.302
2024-11-12,22.51,30.57,17.5,54.65,0.0,1.11,15.75,96.72,41.28,12.31,JAI,26.91,75.79,arid,NASA_POWER_daily_ag,2.91,6.779,1.4315,dewpoint,481.8,24.167
2024-11-13,21.62,29.6,15.15,52.82,0.0,1.08,15.84,96.63,38.32,10.83,JAI,26.91,75.79,arid,NASA_POWER_daily_ag,2.848,6.635,1.298,dewpoint,491.4,24.035
2024-11-14,20.31,28.15,14.31,69.32,0.0,1.4,14.24,96.79,55.97,14.01,JAI,26.91,75.79,arid,NASA_POWER_daily_ag,2.556,6.698,1.5996,dewpoint,474.4,23.905
2024-11-15,20.99,28.09,14.19,65.71,0.0,1.23,13.95,96.77,60.75,13.58,JAI,26.91,75.79,arid,NASA_POWER_daily_ag,2.587,6.513,1.5556,dewpoint,476.5,23.779
2024-11-16,22.6,28.89,16.38,52.73,0.0,0.88,13.27,96.63,51.36,11.97,JAI,26.91,75.79,arid,NASA_POWER_daily_ag,2.548,5.974,1.3998,dewpoint,491.4,23.656
2024-11-17,21.26,27.78,14.94,56.4,0.0,1.26,14.51,96.71,45.9,11.79,JAI,26.91,75.79,arid,NASA_POWER_daily_ag,2.771,6.336,1.3833,dewpoint,482.9,23.535
2024-11-18,18.33,25.48,12.22,59.11,0.0,1.48,14.32,96.88,36.64,9.56,JAI,26.91,75.79,arid,NASA_POWER_daily_ag,2.612,6.093,1.1922,dewpoint,464.8,23.418
2024-11-19,18.47,25.68,13.67,52.08,0.0,1.14,15.04,96.97,21.01,7.93,JAI,26.91,75.79,arid,NASA_POWER_daily_ag,2.53,5.948,1.0677,dewpoint,455.2,23.303
2024-11-20,18.4,25.34,12.89,48.9,0.0,1.06,14.7,96.87,16.79,6.98,JAI,26.91,75.79,arid,NASA_POWER_daily_ag,2.48,5.745,1.0005,dewpoint,465.9,23.192
2024-11-21,18.62,25.36,13.25,47.05,0.0,1.12,13.46,96.82,16.55,6.67,JAI,26.91,75.79,arid,NASA_POWER_daily_ag,2.486,5.39,0.9794,dewpoint,471.2,23.084
2024-11-22,19.52,26.14,14.67,41.86,0.0,0.68,13.66,96.78,9.23,5.89,JAI,26.91,75.79,arid,NASA_POWER_daily_ag,2.186,5.228,0.928,dewpoint,475.5,22.98
2024-11-23,17.55,26.5,10.61,59.17,0.0,1.45,13.69,96.84,32.08,8.74,JAI,26.91,75.79,arid,NASA_POWER_daily_ag,2.456,5.672,1.1281,dewpoint,469.1,22.879
2024-11-24,18.58,26.94,11.03,56.55,0.0,1.3,14.16,96.88,39.7,8.82,JAI,26.91,75.79,arid,NASA_POWER_daily_ag,2.528,5.732,1.1342,dewpoint,464.8,22.781
2024-11-25,18.52,26.14,13.46,53.91,0.0,1.44,14.33,96.87,31.69,8.48,JAI,26.91,75.79,arid,NASA_POWER_daily_ag,2.617,5.642,1.1083,dewpoint,465.9,22.687
2024-11-26,19.2,26.59,13.72,50.97,0.0,1.27,14.15,96.85,24.53,8.32,JAI,26.91,75.79,arid,NASA_POWER_daily_ag,2.585,5.522,1.0964,dewpoint,468.0,22.596
2024-11-27,19.11,26.75,13.16,54.47,0.0,1.32,14.0,96.78,31.9,9.2,JAI,26.91,75.79,arid,NASA_POWER_daily_ag,2.55,5.596,1.1637,dewpoint,475.5,22.508
2024-11-28,17.32,25.51,11.13,60.59,0.0,1.28,13.74,96.92,35.08,8.84,JAI,26.91,75.79,arid,NASA_POWER_daily_ag,2.295,5.568,1.1357,dewpoint,460.6,22.425
2024-11-29,17.18,24.75,11.77,52.4,0.0,1.17,14.24,96.99,19.16,6.7,JAI,26.91,75.79,arid,NASA_POWER_daily_ag,2.338,5.371,0.9814,dewpoint,453.1,22.345
2024-11-30,17.82,25.22,11.37,52.64,0.0,1.32,14.0,96.82,8.27,7.43,JAI,26.91,75.79,arid,NASA_POWER_daily_ag,2.471,5.39,1.0318,dewpoint,471.2,22.268
2024-12-01,17.9,25.27,11.98,55.06,0.0,1.3,14.0,96.65,3.68,8.24,JAI,26.91,75.79,arid,NASA_POWER_daily_ag,2.415,5.455,1.0904,dewpoint,489.3,22.195
2024-12-02,18.52,26.45,11.86,56.08,0.0,1.2,14.49,96.66,2.75,8.91,JAI,26.91,75.79,arid,NASA_POWER_daily_ag,2.413,5.589,1.1411,dewpoint,488.2,22.126
2024-12-03,19.78,26.19,14.43,48.53,0.0,0.76,14.46,96.86,2.99,8.2,JAI,26.91,75.79,arid,NASA_POWER_daily_ag,2.217,5.368,1.0875,dewpoint,466.9,22.061
2024-12-04,17.76,26.51,11.92,58.2,0.0,1.68,15.19,96.86,2.51,8.77,JAI,26.91,75.79,arid,NASA_POWER_daily_ag,2.61,5.664,1.1303,dewpoint,466.9,21.999
2024-12-05,17.17,24.68,11.87,56.23,0.0,1.66,15.31,96.81,2.78,7.83,JAI,26.91,75.79,arid,NASA_POWER_daily_ag,2.587,5.604,1.0604,dewpoint,472.3,21.942
2024-12-06,17.29,24.58,12.5,51.02,0.0,1.49,15.48,96.68,3.95,6.67,JAI,26.91,75.79,arid,NASA_POWER_daily_ag,2.577,5.419,0.9794,dewpoint,486.1,21.888
2024-12-07,16.47,23.84,10.89,49.62,0.0,1.27,15.42,96.53,2.16,5.39,JAI,26.91,75.79,arid,NASA_POWER_daily_ag,2.395,5.302,0.8963,dewpoint,502.1,21.838
2024-12-08,13.92,23.74,7.87,59.34,0.0,2.64,15.37,96.48,0.95,4.87,JAI,26.91,75.79,arid,NASA_POWER_daily_ag,2.712,5.331,0.8644,dewpoint,507.4,21.792
2024-12-09,11.77,20.93,5.56,55.12,0.0,2.84,14.6,96.81,0.51,2.51,JAI,26.91,75.79,arid,NASA_POWER_daily_ag,2.593,5.089,0.7318,dewpoint,472.3,21.75
2024-12-10,12.42,21.0,6.68,51.2,0.0,1.47,14.87,97.02,0.24,1.56,JAI,26.91,75.79,arid,NASA_POWER_daily_ag,2.183,4.95,0.6837,dewpoint,449.9,21.712
2024-12-11,14.01,21.48,8.01,34.81,0.0,0.82,15.47,96.97,1.29,-1.95,JAI,26.91,75.79,arid,NASA_POWER_daily_ag,1.979,4.514,0.5294,dewpoint,455.2,21.678
2024-12-12,13.52,21.07,8.06,42.11,0.0,1.04,15.05,96.92,5.18,0.45,JAI,26.91,75.79,arid,NASA_POWER_daily_ag,2.068,4.755,0.6311,dewpoint,460.6,21.648
2024-12-13,11.95,21.59,5.47,42.96,0.0,2.41,15.61,97.11,5.3,-1.39,JAI,26.91,75.79,arid,NASA_POWER_daily_ag,2.823,4.68,0.5517,dewpoint,440.4,21.621
2024-12-14,12.66,23.44,4.96,40.53,0.0,1.6,16.07,97.1,2.11,-1.52,JAI,26.91,75.79,arid,NASA_POWER_daily_ag,2.453,4.628,0.5464,dewpoint,441.4,21.599
2024-12-15,14.06,22.89,7.61,34.9,0.0,1.15,16.45,97.16,1.23,-1.91,JAI,26.91,75.79,arid,NASA_POWER_daily_ag,2.277,4.508,0.5309,dewpoint,435.1,21.581
2024-12-16,13.13,22.25,6.49,45.12,0.0,1.33,16.08,96.98,1.11,0.83,JAI,26.91,75.79,arid,NASA_POWER_daily_ag,2.238,4.916,0.6487,dewpoint,454.2,21.567
2024-12-17,14.23,23.33,6.8,46.1,0.0,1.35,14.74,96.81,2.09,2.12,JAI,26.91,75.79,arid,NASA_POWER_daily_ag,2.285,4.82,0.7117,dewpoint,472.3,21.557
2024-12-18,14.73,22.77,8.73,44.58,0.0,1.11,13.9,96.79,8.02,2.14,JAI,26.91,75.79,arid,NASA_POWER_daily_ag,2.136,4.647,0.7127,dewpoint,474.4,21.551
2024-12-19,13.45,22.59,6.56,58.46,0.0,2.16,13.16,96.7,2.37,4.99,JAI,26.91,75.79,arid,NASA_POWER_daily_ag,2.335,4.938,0.8717,dewpoint,484.0,21.549
2024-12-20,13.07,21.45,7.48,67.46,0.0,2.02,11.34,96.73,2.18,6.59,JAI,26.91,75.79,arid,NASA_POWER_daily_ag,1.971,4.755,0.974,dewpoint,480.8,21.551
2024-12-21,14.7,23.05,7.61,53.96,0.0,1.36,11.83,96.8,1.67,4.89,JAI,26.91,75.79,arid,NASA_POWER_daily_ag,2.104,4.635,0.8656,dewpoint,473.3,21.558
2024-12-22,13.88,22.91,7.29,57.85,0.0,2.24,12.02,96.75,17.91,5.13,JAI,26.91,75.79,arid,NASA_POWER_daily_ag,2.39,4.711,0.8803,dewpoint,478.7,21.568
2024-12-23,14.05,20.65,10.08,64.6,0.17,2.22,5.65,96.68,53.47,7.25,JAI,26.91,75.79,arid,NASA_POWER_daily_ag,1.905,3.571,1.0192,dewpoint,486.1,21.582
2024-12-24,14.51,21.2,9.4,79.14,0.01,1.36,6.91,96.82,19.78,10.57,JAI,26.91,75.79,arid,NASA_POWER_daily_ag,1.374,3.967,1.2757,dewpoint,471.2,21.601
2024-12-25,14.57,22.13,9.34,75.28,0.0,1.57,8.29,97.08,4.15,9.73,JAI,26.91,75.79,arid,NASA_POWER_daily_ag,1.601,4.265,1.2059,dewpoint,443.6,21.623
2024-12-26,15.51,22.91,8.8,68.87,0.91,2.01,5.51,97.23,62.38,9.37,JAI,26.91,75.79,arid,NASA_POWER_daily_ag,1.813,3.578,1.1771,dewpoint,427.6,21.649
2024-12-27,16.11,19.6,13.25,89.74,14.48,2.56,2.37,97.05,92.71,14.41,JAI,26.91,75.79,arid,NASA_POWER_daily_ag,0.949,2.687,1.6416,dewpoint,446.7,21.68
2024-12-28,14.29,20.98,9.28,78.1,0.03,2.14,6.4,97.11,48.85,10.07,JAI,26.91,75.79,arid,NASA_POWER_daily_ag,1.549,3.836,1.2337,dewpoint,440.4,21.714
2024-12-29,12.16,20.5,6.62,72.32,0.0,1.81,10.58,97.27,36.22,6.5,JAI,26.91,75.79,arid,NASA_POWER_daily_ag,1.74,4.678,0.968,dewpoint,423.4,21.753
2024-12-30,11.91,19.94,5.15,61.66,0.0,1.25,9.54,97.21,67.74,3.92,JAI,26.91,75.79,arid,NASA_POWER_daily_ag,1.695,4.333,0.8087,dewpoint,429.8,21.795
2024-12-31,12.59,20.35,5.47,54.26,0.0,1.1,6.57,97.25,72.92,2.99,JAI,26.91,75.79,arid,NASA_POWER_daily_ag,1.64,3.726,0.7572,dewpoint,425.5,21.842
