Temperature,Humidity,Moisture,Nitrogen,Phosphorus,Potassium,PH,Light_Intensity,Yield_Rate,Target_Disease,Water_Required_Liter_m2
18.96,92.42,56.45,12.36,32.14,37.87,5.98,409.7,39.03,Rust,4.63
21.76,88.41,64.24,22.28,29.04,17.39,6.05,268.9,38.03,Powdery_Mildew,0.39
20.71,88.91,57.58,14.8,16.12,21.29,7.51,566.2,53.4,Rust,4.79
36.75,88.0,43.86,13.37,13.98,46.57,7.06,883.1,51.72,Early_Blight,14.22
23.78,57.23,59.57,20.45,48.61,22.21,4.96,969.3,43.98,Root_Rot,4.52
34.39,89.13,34.41,34.58,44.98,28.18,7.41,778.8,50.1,Early_Blight,16.48
22.46,91.12,22.87,17.24,25.22,45.32,7.64,312.7,43.36,Powdery_Mildew,19.7
24.52,66.55,48.87,20.51,29.39,36.6,8.0,714.3,43.93,Early_Blight,9.31
38.55,67.54,19.69,46.74,21.75,32.22,5.46,794.0,35.9,Healthy,25.19
27.44,59.62,36.45,34.02,11.25,15.88,7.21,333.8,37.42,Healthy,13.73
16.91,90.88,55.29,36.48,34.2,26.71,6.69,931.3,48.81,Rust,5.93
29.12,77.42,53.11,35.56,46.43,21.03,7.94,856.4,54.2,Bacterial_Leaf_Spot,8.95
24.09,63.27,43.76,47.1,47.05,36.8,7.22,493.1,49.52,Healthy,11.11
20.05,88.31,53.3,16.83,20.73,22.65,7.79,705.9,44.85,Rust,7.1
22.57,88.3,33.93,26.34,35.71,24.51,6.76,283.5,32.12,Powdery_Mildew,14.85
20.43,89.82,60.38,17.66,41.29,39.31,6.43,416.8,47.99,Rust,2.42
13.34,61.36,10.31,15.84,35.0,21.98,8.13,219.9,29.4,Healthy,24.96
31.47,89.92,53.19,46.36,45.44,47.0,7.75,863.7,61.53,Bacterial_Leaf_Spot,8.1
21.8,91.41,37.49,26.4,22.28,45.48,6.36,247.3,43.59,Powdery_Mildew,13.33
12.4,84.07,10.77,39.06,26.07,22.16,6.87,625.1,41.13,Healthy,24.66
25.76,90.15,58.08,46.3,27.28,46.92,7.85,196.7,49.19,Powdery_Mildew,3.57
30.35,76.17,44.99,11.57,48.29,20.48,7.35,419.7,45.96,Early_Blight,10.36
21.71,83.22,43.31,41.18,41.91,42.32,7.46,307.2,51.31,Powdery_Mildew,11.04
14.9,30.0,36.13,29.79,14.34,48.47,7.91,593.0,43.86,Healthy,13.7
33.61,93.95,50.19,23.16,46.71,11.03,5.31,538.7,37.83,Root_Rot,8.61
16.82,90.98,49.93,32.57,46.92,20.4,6.91,571.2,45.02,Rust,7.28
19.32,31.29,57.92,41.46,36.54,34.73,5.53,922.6,43.62,Root_Rot,5.77
20.61,87.91,64.66,32.73,44.77,34.84,5.41,561.5,47.25,Root_Rot,1.4
35.13,74.43,11.04,29.02,29.24,10.88,4.82,499.4,29.65,Early_Blight,27.01
36.91,50.72,58.54,19.29,26.82,35.77,4.91,509.9,34.41,Root_Rot,6.4
19.5,92.95,55.57,48.88,12.6,38.33,7.04,803.1,59.9,Rust,6.62
22.98,93.95,55.46,22.52,28.16,22.62,6.36,631.8,46.85,Rust,5.48
33.54,90.17,64.04,28.13,18.53,47.14,7.57,625.5,52.28,Early_Blight,2.76
18.63,91.86,62.95,32.81,26.62,37.45,5.45,572.9,46.09,Root_Rot,1.37
31.88,70.31,31.63,29.46,23.41,17.82,5.48,598.2,24.14,Early_Blight,18.04
19.96,58.3,53.18,18.48,18.76,27.62,7.3,836.2,46.09,Healthy,7.77
17.95,87.82,59.3,18.94,21.42,46.4,7.21,827.9,48.99,Rust,3.69
19.78,87.59,54.56,15.69,12.68,33.83,8.18,443.9,45.45,Rust,5.06
40.31,85.07,34.06,41.49,42.52,10.89,7.8,401.8,50.92,Bacterial_Leaf_Spot,15.75
40.83,67.74,9.65,28.16,48.05,39.76,7.55,691.8,50.04,Early_Blight,29.75
26.86,84.29,38.3,47.68,23.95,24.35,7.54,407.3,38.26,Bacterial_Leaf_Spot,13.66
32.8,68.83,15.29,33.84,12.31,43.27,6.52,759.7,35.65,Early_Blight,26.28
22.26,94.13,28.39,35.01,50.1,21.74,7.23,246.7,38.09,Powdery_Mildew,16.65
26.8,83.18,28.24,48.67,28.49,36.64,7.86,668.9,52.85,Bacterial_Leaf_Spot,18.76
27.52,86.2,62.05,49.57,40.66,27.29,7.56,374.4,60.04,Bacterial_Leaf_Spot,2.58
14.9,40.97,26.18,17.21,41.23,49.31,7.77,266.2,37.29,Healthy,17.91
35.34,51.52,51.49,32.05,45.86,22.42,5.95,535.8,49.56,Healthy,9.74
14.57,93.7,11.8,17.71,47.64,33.04,5.11,580.7,38.14,Healthy,24.5
25.99,82.41,62.19,19.01,40.39,29.07,5.72,939.9,39.94,Root_Rot,4.43
38.36,31.61,40.38,35.85,21.69,16.48,7.24,922.0,44.43,Healthy,18.16
29.47,70.22,44.59,12.24,11.88,14.18,5.74,184.1,29.5,Early_Blight,10.07
23.26,29.8,46.98,42.18,20.02,45.37,6.29,402.0,39.9,Healthy,9.88
14.9,84.53,30.33,26.26,46.59,35.9,6.33,776.1,43.91,Healthy,15.58
22.9,77.29,61.96,15.38,40.44,25.91,5.19,474.5,47.34,Root_Rot,2.41
27.23,81.28,25.03,47.62,15.34,34.78,7.47,778.6,46.99,Bacterial_Leaf_Spot,20.3
23.71,88.23,62.35,14.52,42.22,26.86,7.08,403.6,46.33,Rust,1.86
39.99,68.46,43.44,11.92,31.35,46.0,7.84,758.4,47.75,Early_Blight,14.35
31.91,90.28,46.85,19.01,47.43,36.81,7.1,625.3,39.21,Early_Blight,11.32
32.8,72.72,63.04,13.27,35.81,36.75,5.56,698.1,48.56,Root_Rot,3.69
21.84,92.26,45.43,41.26,20.99,27.62,6.29,298.6,51.8,Powdery_Mildew,9.9
38.11,77.76,47.45,49.36,32.11,34.35,6.68,206.7,46.22,Healthy,8.19
24.53,93.07,9.61,44.74,39.61,13.01,6.79,231.1,38.72,Powdery_Mildew,25.33
27.82,61.29,43.57,42.48,18.11,25.77,8.17,771.3,47.41,Healthy,12.78
16.97,75.61,61.3,28.57,36.66,14.6,5.13,538.9,45.5,Root_Rot,2.71
30.35,77.99,19.18,27.48,29.42,21.88,6.14,625.4,37.9,Early_Blight,23.46
36.1,64.48,56.14,32.56,34.08,19.68,5.33,753.8,40.9,Root_Rot,8.65
40.75,54.19,27.51,17.35,17.56,50.14,6.37,598.6,30.41,Healthy,20.99
16.74,43.42,15.23,17.91,17.13,48.05,6.71,981.2,46.29,Healthy,23.82
25.8,84.45,30.46,22.73,40.0,38.34,6.72,286.1,43.02,Powdery_Mildew,16.81
20.84,82.59,36.26,46.25,45.69,20.88,4.97,254.3,33.71,Powdery_Mildew,13.36
13.53,28.3,62.04,47.92,33.45,20.62,5.01,515.4,41.66,Bacterial_Leaf_Spot,1.19
24.45,36.6,22.05,27.11,29.62,30.26,6.93,619.3,45.65,Healthy,21.1
40.97,83.96,23.76,18.65,38.65,33.46,6.87,645.8,37.29,Early_Blight,21.81
20.91,85.32,22.7,21.78,37.37,46.73,5.88,478.1,38.05,Healthy,20.24
36.0,61.1,54.57,43.69,29.34,23.64,6.85,849.7,49.46,Healthy,9.67
30.32,81.25,33.5,14.45,45.24,35.12,6.63,691.7,45.71,Early_Blight,17.19
40.74,87.01,23.9,23.81,20.63,23.08,7.19,816.5,40.18,Early_Blight,22.82
24.13,79.9,51.77,28.22,37.38,16.11,5.12,441.9,37.4,Root_Rot,7.23
25.29,81.1,25.67,47.05,34.31,17.55,7.8,507.4,47.58,Bacterial_Leaf_Spot,19.49
23.39,81.18,52.26,47.7,24.18,18.14,8.06,266.0,48.71,Powdery_Mildew,6.26
40.8,42.6,24.09,11.17,15.5,18.94,5.41,970.9,36.13,Healthy,26.17
24.5,88.43,43.54,45.89,33.45,41.65,5.46,326.3,41.7,Powdery_Mildew,10.17
41.39,91.55,63.5,37.86,41.33,24.28,4.86,867.2,54.22,Root_Rot,5.22
27.2,71.28,10.35,15.46,40.0,38.95,6.85,790.4,34.53,Early_Blight,27.2
34.89,55.55,56.62,16.02,20.09,41.98,6.19,490.0,47.91,Healthy,5.99
28.06,92.4,37.04,49.5,48.28,48.59,7.57,278.2,55.5,Bacterial_Leaf_Spot,13.69
36.77,32.48,39.93,31.02,14.1,14.13,6.46,883.3,34.05,Healthy,17.38
41.12,78.85,31.87,17.98,37.57,34.82,6.47,889.5,39.75,Early_Blight,20.28
40.29,50.81,59.23,12.26,44.32,26.49,6.57,512.0,51.27,Healthy,6.54
30.02,40.75,61.46,42.56,27.9,28.3,6.65,959.8,48.96,Healthy,6.71
35.17,86.2,38.18,30.46,15.33,23.08,6.05,797.6,35.56,Early_Blight,16.06
20.69,29.45,18.7,47.33,32.12,40.05,8.03,569.2,39.47,Healthy,22.45
32.59,54.18,6.95,29.91,32.24,38.96,7.96,318.8,38.48,Healthy,27.59
17.7,26.73,41.87,29.01,20.95,17.44,5.03,631.6,31.94,Healthy,11.72
23.51,64.2,55.38,35.97,38.72,43.65,7.89,935.0,54.72,Healthy,6.23
21.46,89.49,42.61,42.58,13.65,32.64,6.77,238.3,34.77,Powdery_Mildew,9.83
33.46,91.33,43.67,12.09,44.63,23.54,7.03,513.6,45.64,Rust,11.03
26.76,73.65,46.24,10.2,34.16,33.0,8.12,538.1,48.41,Early_Blight,9.77
21.71,87.3,56.92,43.81,20.52,29.29,8.03,868.5,57.35,Rust,5.67
40.35,35.6,51.34,17.56,16.29,32.46,6.63,625.6,35.65,Healthy,10.69
40.42,71.78,49.14,31.38,15.35,35.52,8.07,435.2,53.51,Early_Blight,9.66
25.77,52.3,17.57,11.44,21.98,40.02,8.13,547.5,34.95,Healthy,24.03
29.19,44.33,53.21,21.68,33.47,34.18,5.64,809.6,43.96,Root_Rot,9.0
18.79,94.19,57.91,27.62,21.0,41.74,5.15,748.6,47.73,Root_Rot,4.67
31.92,91.23,50.76,43.04,20.03,19.71,7.35,943.6,51.46,Bacterial_Leaf_Spot,9.54
18.53,90.08,58.93,13.32,50.46,34.74,8.04,878.5,60.14,Rust,3.95
33.7,67.7,27.87,11.92,37.69,24.58,5.99,249.4,28.05,Early_Blight,17.48
27.43,89.21,47.48,49.35,11.23,48.69,7.85,243.9,46.23,Bacterial_Leaf_Spot,8.47
22.7,68.9,59.18,14.16,39.79,27.95,7.84,948.3,53.5,Healthy,5.57
39.11,24.53,18.17,31.21,41.64,16.48,6.02,816.1,35.12,Healthy,26.88
26.15,46.84,50.41,14.69,9.42,39.86,5.11,962.8,34.72,Root_Rot,10.59
32.58,82.83,20.78,47.4,45.74,36.34,7.77,669.2,49.06,Bacterial_Leaf_Spot,22.85
18.1,88.08,60.28,19.91,28.16,47.71,6.76,475.2,47.58,Rust,2.52
34.91,37.69,17.36,43.19,32.37,16.89,4.89,933.3,25.63,Healthy,26.75
25.72,65.87,16.78,29.35,17.6,33.42,6.91,273.1,37.73,Early_Blight,22.66
32.35,80.27,12.92,14.72,41.91,16.51,7.14,728.0,32.46,Early_Blight,26.29
14.55,37.41,28.47,21.62,50.13,24.54,8.18,764.4,52.3,Healthy,17.46
41.16,62.63,13.17,40.02,18.25,33.24,6.69,229.1,36.42,Healthy,24.9
42.01,27.94,37.68,24.48,12.73,34.86,5.52,473.5,31.66,Healthy,17.27
38.12,72.07,12.01,22.68,24.99,46.42,5.65,592.4,42.63,Early_Blight,27.14
21.43,27.19,30.93,11.14,19.66,24.94,5.02,557.4,26.18,Healthy,16.58
21.82,91.19,37.36,12.55,27.67,16.92,5.49,283.2,37.91,Powdery_Mildew,13.11
29.58,85.39,58.7,48.69,35.62,27.74,7.86,489.9,55.82,Bacterial_Leaf_Spot,4.7
31.69,68.19,27.14,28.24,47.27,38.85,5.86,345.7,45.45,Early_Blight,19.3
16.18,40.84,54.16,27.65,33.04,14.93,5.18,463.1,37.42,Powdery_Mildew,6.02
25.12,85.97,59.47,44.09,25.3,40.38,5.54,726.1,45.88,Root_Rot,4.67
37.25,64.18,56.83,47.75,28.14,31.38,6.59,731.5,46.95,Healthy,8.74
31.73,42.8,45.99,21.08,21.37,36.93,7.38,377.7,40.06,Healthy,10.02
18.15,25.69,55.7,12.41,38.01,50.04,7.23,392.9,37.84,Healthy,4.76
21.9,81.43,41.16,39.68,42.5,45.45,7.34,327.7,44.07,Powdery_Mildew,11.0
36.03,36.23,59.53,30.33,26.67,14.43,5.39,659.8,40.03,Root_Rot,6.77
34.4,69.26,9.8,17.19,49.39,36.62,7.83,465.4,44.46,Early_Blight,26.53
30.74,66.66,33.43,20.7,27.6,27.05,5.69,857.0,34.95,Early_Blight,18.32
11.68,30.28,62.47,36.53,18.56,21.2,5.1,778.3,40.21,Root_Rot,1.38
27.99,83.47,48.02,44.77,23.08,12.33,7.72,495.7,43.86,Healthy,8.57
26.2,74.44,50.53,17.54,29.85,18.99,6.46,599.4,39.9,Early_Blight,7.95
24.7,73.96,37.01,10.34,39.85,30.08,6.44,483.6,39.76,Healthy,14.19
38.07,82.83,29.42,11.59,30.94,47.21,5.0,800.4,37.19,Early_Blight,20.64
35.12,86.4,13.7,23.55,32.1,30.83,7.27,429.6,33.68,Early_Blight,26.04
29.81,80.11,52.58,48.8,49.82,49.24,5.12,671.6,48.35,Root_Rot,9.6
25.37,83.34,59.1,18.89,15.71,34.34,5.78,363.4,43.08,Root_Rot,3.9
13.97,26.86,59.27,25.25,25.51,21.26,4.9,337.5,34.3,Root_Rot,2.45
23.63,80.69,46.22,46.25,47.48,16.37,8.0,285.2,53.46,Powdery_Mildew,8.13
29.99,83.53,63.15,33.33,42.37,48.69,5.24,720.5,51.29,Root_Rot,3.65
23.91,81.83,54.24,19.67,11.91,12.01,7.31,430.1,37.51,Rust,5.57
23.81,88.56,49.95,22.62,12.51,16.07,6.25,923.8,42.22,Rust,8.84
18.81,89.8,56.63,16.53,30.75,13.61,7.25,471.0,40.78,Rust,4.19
20.6,83.4,60.18,31.73,19.46,16.16,6.96,426.3,42.61,Rust,2.94
39.8,86.69,56.71,22.61,21.81,45.65,6.31,664.1,50.31,Early_Blight,7.85
17.0,73.12,62.27,33.61,24.5,25.65,7.25,687.6,46.3,Healthy,2.28
36.69,85.33,14.67,21.19,16.99,40.87,6.78,863.4,38.68,Early_Blight,26.8
24.51,80.94,23.62,37.18,37.4,13.28,5.06,327.2,32.27,Powdery_Mildew,19.01
22.95,86.38,59.66,26.7,22.91,45.22,7.76,816.0,63.72,Rust,3.49
22.93,91.88,35.44,48.18,24.36,14.08,7.47,329.2,43.23,Powdery_Mildew,13.8
20.31,88.76,61.81,32.99,25.14,26.59,7.3,427.7,48.57,Rust,2.19
27.01,79.46,29.87,15.56,40.38,46.63,7.59,729.0,43.77,Early_Blight,19.08
39.09,47.04,61.28,46.9,49.09,32.69,5.42,770.6,48.97,Root_Rot,7.23
38.51,85.76,62.27,12.41,19.15,36.77,5.84,329.7,41.65,Early_Blight,3.44
38.87,37.66,27.82,10.82,17.44,28.76,7.56,348.5,35.64,Healthy,19.09
20.41,26.35,45.12,25.81,48.78,17.34,5.41,665.2,35.54,Powdery_Mildew,10.28
25.11,63.6,19.05,32.1,20.38,32.59,7.07,509.4,38.34,Healthy,21.87
21.35,91.05,45.64,42.33,13.35,34.14,6.81,223.0,47.09,Powdery_Mildew,8.79
39.97,57.28,64.34,46.1,28.31,39.31,5.08,955.7,49.4,Root_Rot,7.9
21.29,90.89,45.35,16.03,22.22,25.78,5.13,292.7,32.46,Powdery_Mildew,9.01
16.34,66.32,57.77,48.7,35.17,44.66,5.91,845.9,52.92,Healthy,4.82
24.39,82.62,39.49,48.49,47.86,18.78,7.91,308.9,47.24,Powdery_Mildew,11.86
33.21,92.54,63.98,14.15,13.93,22.71,6.49,605.7,46.62,Early_Blight,3.34
18.46,58.77,18.51,40.17,24.07,42.63,6.23,436.2,40.92,Healthy,21.95
22.33,88.88,39.32,22.95,12.03,28.52,5.02,254.0,34.29,Powdery_Mildew,12.03
14.89,44.46,58.25,37.25,40.48,49.21,7.94,876.4,60.7,Healthy,4.08
15.96,89.26,60.05,44.51,10.85,34.66,7.07,327.3,50.16,Rust,2.25
15.52,64.5,44.6,20.45,16.22,26.81,7.39,596.6,39.63,Healthy,10.12
27.51,71.14,9.89,23.7,24.47,44.37,8.17,289.5,38.05,Early_Blight,25.62
25.51,61.41,40.75,20.75,19.38,23.89,5.63,579.9,33.06,Powdery_Mildew,12.29
32.72,35.05,52.27,30.71,36.07,14.72,5.39,893.7,42.67,Root_Rot,10.45
25.55,88.97,11.53,46.56,26.27,23.66,7.74,251.4,43.31,Powdery_Mildew,24.84
36.31,70.33,57.86,13.4,44.41,20.58,5.34,205.8,41.68,Rust,5.13
28.76,92.88,51.94,38.8,30.55,41.47,7.33,728.3,64.75,Bacterial_Leaf_Spot,8.3
24.44,82.65,63.4,26.2,46.93,24.56,5.1,514.4,48.04,Root_Rot,2.06
38.57,82.53,30.73,40.63,40.01,10.32,8.05,447.5,41.24,Bacterial_Leaf_Spot,17.97
21.84,94.18,27.77,36.3,51.37,22.62,7.25,249.2,44.53,Powdery_Mildew,17.91
14.36,42.7,11.35,45.37,30.99,22.65,6.72,808.2,42.62,Healthy,25.14
33.47,24.68,53.63,25.13,11.33,21.5,6.04,777.0,38.24,Healthy,10.03
37.14,57.71,57.1,36.66,27.13,17.44,5.19,632.8,38.37,Root_Rot,8.02
38.72,51.06,43.76,41.85,30.2,37.76,5.41,989.1,40.39,Healthy,16.54
17.36,92.11,9.87,45.03,24.51,33.61,8.17,453.2,45.98,Healthy,26.15
26.0,82.8,13.43,44.87,14.26,28.71,8.0,977.6,45.18,Bacterial_Leaf_Spot,26.23
20.56,27.29,18.26,48.53,31.22,40.8,8.09,566.4,43.16,Healthy,22.07
28.77,87.42,38.65,28.23,36.79,20.14,7.15,409.1,48.89,Early_Blight,12.56
28.73,48.09,10.19,18.29,44.26,33.95,5.98,747.7,31.73,Healthy,28.89
32.84,82.05,43.93,48.09,35.0,50.0,7.72,793.5,58.7,Bacterial_Leaf_Spot,13.76
29.49,93.83,31.92,30.81,26.96,32.29,7.39,426.8,35.23,Early_Blight,16.21
21.02,84.35,37.41,32.39,34.64,32.3,7.61,276.2,44.06,Root_Rot,12.79
25.46,58.79,50.99,13.64,12.87,37.23,5.68,966.1,40.22,Root_Rot,10.41
29.38,78.04,61.69,21.53,13.9,14.0,6.9,819.4,42.15,Early_Blight,4.03
21.78,90.62,13.47,37.42,27.01,19.34,7.3,253.1,46.84,Powdery_Mildew,23.26
35.63,30.91,36.48,23.29,42.54,30.81,6.7,282.1,41.23,Healthy,15.11
41.28,71.99,49.43,34.75,14.92,35.42,6.33,674.7,47.0,Early_Blight,11.13
38.67,86.41,16.23,29.4,11.9,25.15,5.06,670.5,27.15,Early_Blight,25.44
26.2,92.92,52.45,38.54,40.19,16.93,5.04,301.1,38.16,Root_Rot,6.4
25.91,74.66,58.0,19.76,26.86,11.41,6.41,431.9,38.1,Early_Blight,4.7
21.84,86.37,43.53,42.69,13.34,34.43,6.81,223.1,38.79,Powdery_Mildew,10.85
21.24,85.84,31.63,43.79,21.27,27.04,6.11,287.7,41.2,Powdery_Mildew,15.65
18.22,55.75,20.21,29.45,36.12,19.93,5.87,350.5,33.84,Healthy,21.14
30.4,82.98,49.13,30.23,37.04,32.62,6.83,388.3,44.29,Early_Blight,7.6
15.99,90.13,57.12,18.69,27.56,15.94,6.66,899.4,44.78,Rust,4.47
36.22,84.38,61.82,14.25,31.69,38.63,6.31,843.9,50.8,Early_Blight,5.1
13.63,81.97,42.69,40.24,42.97,17.51,6.38,296.5,38.96,Healthy,9.63
29.54,91.31,31.66,47.26,17.62,19.91,7.57,470.9,37.97,Bacterial_Leaf_Spot,16.16
23.58,71.09,36.51,12.96,45.69,19.77,6.51,598.7,30.72,Healthy,14.33
40.0,66.33,13.22,14.47,24.39,45.27,6.37,235.5,35.54,Early_Blight,25.27
34.89,80.61,44.35,42.11,25.49,30.96,6.32,689.5,43.43,Healthy,11.91
15.96,38.0,27.57,17.53,16.88,46.33,7.26,564.7,37.45,Healthy,17.73
19.52,58.37,54.99,46.16,26.55,15.72,5.68,655.2,45.76,Root_Rot,5.68
38.08,27.65,25.48,20.83,36.2,41.94,6.74,968.8,35.65,Healthy,25.12
25.19,47.62,34.47,34.3,17.4,35.18,7.3,551.0,35.96,Healthy,16.28
22.5,83.1,23.84,44.97,25.77,21.47,6.11,220.8,34.78,Powdery_Mildew,19.31
40.38,82.6,33.86,43.81,49.65,43.51,8.01,860.0,59.14,Bacterial_Leaf_Spot,19.59
25.36,86.49,11.8,47.09,29.72,23.46,7.7,241.9,42.67,Powdery_Mildew,24.54
19.81,69.08,39.43,19.98,38.31,36.25,5.86,711.7,36.55,Healthy,12.62
21.46,89.5,51.05,48.31,22.13,42.48,7.84,965.1,47.98,Rust,8.12
33.95,46.32,17.04,24.4,45.07,40.69,7.61,370.3,40.54,Healthy,23.88
32.18,75.28,15.96,27.31,40.94,36.75,6.4,660.2,38.96,Early_Blight,25.08
33.46,87.3,28.27,49.69,32.79,41.04,7.53,508.5,44.96,Bacterial_Leaf_Spot,18.14
29.46,30.86,60.16,43.74,24.62,31.96,5.21,919.7,40.97,Root_Rot,7.07
25.21,27.23,17.3,30.08,29.4,28.3,7.24,445.9,30.57,Healthy,23.45
15.76,86.91,12.02,25.66,34.1,34.87,6.15,317.4,38.05,Bacterial_Leaf_Spot,25.43
33.46,90.04,46.6,49.8,47.73,47.14,7.7,357.0,47.99,Bacterial_Leaf_Spot,10.69
22.99,92.43,37.01,45.27,36.97,10.66,5.35,974.7,42.85,Healthy,14.35
35.06,40.67,23.94,29.85,21.91,16.99,4.93,833.6,25.67,Healthy,23.66
19.61,91.29,48.62,41.72,29.28,18.55,6.28,749.7,47.29,Rust,7.89
31.78,26.28,13.52,31.55,42.43,26.27,7.24,290.6,32.75,Healthy,24.63
20.28,83.54,38.33,45.05,31.54,15.9,5.67,238.4,29.94,Powdery_Mildew,12.62
18.15,79.44,25.89,28.78,17.11,41.89,6.15,889.3,41.85,Healthy,19.6
35.66,73.06,33.35,18.14,32.42,28.17,5.83,837.7,34.34,Early_Blight,18.24
22.77,95.94,18.71,23.8,45.89,29.67,5.45,332.9,34.18,Powdery_Mildew,21.21
21.98,91.64,35.4,23.75,24.39,12.75,6.65,276.0,30.76,Powdery_Mildew,12.82
33.7,77.76,62.7,12.02,24.75,39.56,5.21,553.0,37.22,Root_Rot,3.52
22.28,83.54,41.26,46.8,35.84,33.9,7.84,340.7,51.68,Powdery_Mildew,10.93
15.41,73.14,33.27,49.15,25.96,34.89,5.12,966.9,39.23,Healthy,15.08
24.19,90.23,39.68,16.85,30.02,14.44,6.82,249.6,29.73,Powdery_Mildew,11.58
12.79,85.03,54.48,29.42,12.44,11.85,7.5,543.9,42.96,Rust,4.97
26.68,81.53,63.8,48.13,37.53,35.25,7.48,676.1,57.14,Bacterial_Leaf_Spot,1.8
36.46,68.88,26.5,16.08,32.0,10.31,7.25,468.5,37.11,Early_Blight,19.19
16.39,34.38,34.2,17.59,43.98,48.11,5.42,415.9,39.26,Healthy,15.63
14.47,55.11,52.57,43.57,41.39,27.86,5.56,582.5,40.34,Root_Rot,5.55
31.19,85.53,48.3,47.0,30.97,43.51,7.27,380.6,47.7,Bacterial_Leaf_Spot,8.44
29.28,90.04,17.61,33.96,13.73,49.69,6.45,868.1,41.31,Early_Blight,25.19
38.39,77.45,60.82,35.69,45.08,19.55,5.19,833.0,48.93,Root_Rot,7.97
17.28,51.16,55.91,48.14,27.77,13.83,5.08,240.2,35.63,Root_Rot,3.92
30.05,34.69,17.88,12.23,28.92,30.23,5.75,568.3,28.42,Healthy,24.03
25.92,88.39,43.22,47.31,21.57,12.98,7.44,805.8,51.94,Bacterial_Leaf_Spot,12.26
25.16,42.96,58.67,19.34,15.43,50.17,5.29,566.7,31.04,Root_Rot,5.87
35.76,85.57,11.6,41.02,22.53,48.15,4.98,844.6,36.64,Healthy,27.52
38.6,95.08,62.06,40.66,38.42,10.54,5.65,300.7,39.04,Root_Rot,2.64
26.36,83.47,53.56,37.66,45.05,35.2,8.26,327.2,54.21,Bacterial_Leaf_Spot,6.53
15.05,34.31,22.21,38.52,33.77,17.75,7.28,503.2,35.62,Healthy,20.15
17.5,79.34,60.42,35.04,35.89,40.74,5.82,354.6,45.39,Healthy,2.39
23.72,83.09,41.45,30.49,42.51,43.42,7.18,322.0,52.37,Powdery_Mildew,11.36
19.91,85.02,64.58,46.74,12.86,23.78,7.22,294.7,48.6,Rust,0.04
22.74,76.51,24.94,19.65,12.74,46.91,6.1,821.6,38.79,Healthy,19.98
16.28,88.79,49.01,18.91,41.43,28.34,7.25,326.2,48.53,Rust,7.43
18.96,91.14,49.31,30.78,35.95,25.01,8.14,526.3,45.97,Rust,8.0
20.87,90.29,35.75,17.21,29.19,14.61,5.58,268.9,36.35,Powdery_Mildew,13.4
39.12,77.67,21.35,10.32,39.94,35.41,8.03,403.2,44.12,Early_Blight,22.18
32.34,38.98,45.07,42.17,42.98,29.33,6.38,346.8,35.34,Healthy,11.47
32.58,84.53,50.07,10.81,45.18,16.39,6.24,258.1,44.52,Early_Blight,7.87
25.26,85.15,14.0,48.39,33.27,19.34,7.43,238.2,38.13,Powdery_Mildew,23.79
33.39,78.04,43.17,25.01,46.2,36.3,6.99,427.2,41.17,Rust,11.8
30.93,48.4,11.54,47.77,50.25,48.85,6.36,885.1,48.97,Powdery_Mildew,28.55
32.27,39.61,46.44,40.17,17.54,32.97,6.25,290.7,35.29,Healthy,9.65
21.35,85.5,54.98,32.12,22.91,10.05,7.33,642.9,48.86,Rust,6.0
33.26,85.76,27.89,48.74,32.34,41.32,7.72,504.4,42.82,Bacterial_Leaf_Spot,18.8
20.93,89.95,54.34,40.5,18.98,30.29,8.15,892.4,55.7,Rust,7.56
33.31,88.92,37.83,48.59,34.48,34.49,7.55,874.2,47.36,Bacterial_Leaf_Spot,16.63
14.59,26.38,49.52,48.13,22.45,32.66,7.91,841.0,46.01,Healthy,8.23
32.97,79.33,55.36,25.52,26.53,42.52,6.42,837.4,50.42,Early_Blight,7.67
26.0,67.5,29.68,30.54,20.51,28.91,6.0,485.2,41.35,Early_Blight,16.98
39.21,80.96,44.49,38.4,36.85,24.22,7.51,890.5,53.55,Bacterial_Leaf_Spot,14.78
12.72,91.5,55.4,21.74,32.65,39.1,6.09,609.8,44.11,Rust,4.74
31.09,81.91,24.6,46.88,30.06,15.1,7.7,298.6,40.77,Bacterial_Leaf_Spot,19.61
23.79,74.13,16.22,42.17,10.87,40.47,5.58,456.9,34.34,Healthy,22.35
31.91,87.46,57.99,22.49,39.0,34.21,5.68,623.6,47.92,Root_Rot,6.08
24.79,85.51,33.34,47.24,13.6,49.6,7.61,328.8,49.03,Powdery_Mildew,15.37
16.37,70.94,59.88,26.01,49.05,35.94,5.15,338.1,37.63,Root_Rot,2.19
22.32,91.3,33.81,27.08,35.21,23.95,6.78,255.9,45.08,Powdery_Mildew,14.35
34.47,94.9,49.58,25.17,43.92,50.02,5.35,608.6,55.16,Early_Blight,9.58
22.57,83.49,39.29,26.84,15.87,21.79,7.22,315.4,35.36,Powdery_Mildew,12.33
13.42,50.75,27.37,47.44,16.3,37.14,7.47,305.2,36.97,Healthy,17.04
39.56,58.78,22.5,13.28,27.42,29.48,7.75,690.5,40.16,Healthy,23.69
38.12,76.52,9.95,27.73,12.3,48.78,7.89,884.2,44.94,Early_Blight,29.56
30.64,87.03,55.49,48.78,35.54,28.46,7.83,526.1,55.6,Bacterial_Leaf_Spot,6.32
33.07,65.92,44.28,31.05,26.74,16.0,8.22,746.4,41.3,Early_Blight,13.75
37.73,82.89,63.84,32.4,40.99,17.6,7.71,759.3,54.08,Early_Blight,3.18
25.81,87.05,54.03,45.78,44.18,27.21,7.57,463.3,46.58,Bacterial_Leaf_Spot,6.14
32.78,92.31,20.87,20.69,39.31,17.25,7.87,452.3,40.68,Early_Blight,21.72
14.06,79.08,9.42,13.13,36.97,46.49,7.4,662.8,41.58,Healthy,25.68
28.23,49.62,9.56,17.88,45.16,32.42,6.12,740.7,44.93,Healthy,28.01
32.79,25.52,44.32,30.86,38.29,42.86,5.1,567.9,35.27,Healthy,12.04
34.63,89.29,32.13,12.9,13.17,49.13,7.96,401.5,43.17,Early_Blight,16.71
27.9,79.95,25.83,47.96,17.2,46.72,7.94,959.8,51.2,Bacterial_Leaf_Spot,21.79
23.57,91.82,53.34,20.79,25.12,25.62,7.93,567.8,48.03,Rust,5.81
38.28,88.96,35.26,37.77,39.57,25.0,7.56,868.0,48.12,Bacterial_Leaf_Spot,18.18
34.14,40.03,25.73,30.62,23.23,15.32,5.0,850.9,41.18,Healthy,22.76
22.08,87.64,44.24,19.49,38.33,37.62,6.16,326.6,41.08,Powdery_Mildew,10.02
23.62,82.8,42.76,48.27,33.7,49.85,5.94,309.4,42.55,Powdery_Mildew,10.27
36.43,61.93,54.98,33.68,34.86,19.02,5.17,838.6,47.42,Root_Rot,9.24
15.02,34.18,54.38,19.93,47.2,31.82,5.25,476.5,51.97,Root_Rot,6.06
38.32,82.63,21.05,23.54,16.57,47.74,5.43,923.2,35.54,Early_Blight,24.98
26.88,76.99,60.24,31.08,27.19,30.85,5.98,567.9,43.03,Early_Blight,4.89
32.2,62.12,20.26,36.27,15.68,28.87,7.09,577.5,38.31,Healthy,23.55
25.04,81.72,31.22,47.66,38.53,33.53,7.4,319.5,51.05,Powdery_Mildew,16.33
38.11,75.04,20.72,26.17,17.13,30.18,6.57,565.8,26.5,Early_Blight,23.98
31.52,80.51,11.01,46.68,27.84,46.24,7.39,954.5,50.06,Bacterial_Leaf_Spot,28.44
28.62,83.24,24.15,47.87,32.38,13.37,7.75,269.4,42.67,Bacterial_Leaf_Spot,19.73
16.11,79.48,13.72,15.29,35.56,23.46,7.6,453.4,32.96,Healthy,23.46
29.59,92.89,27.21,25.14,47.85,21.55,7.85,833.6,41.42,Early_Blight,19.84
16.12,86.5,51.93,47.02,21.23,36.62,6.62,453.5,48.12,Rust,6.04
21.14,82.39,33.93,44.6,19.84,24.62,6.05,293.5,41.25,Powdery_Mildew,15.09
15.53,34.62,52.15,35.16,16.17,15.52,5.4,995.7,29.33,Root_Rot,6.65
20.68,68.76,17.19,23.15,50.86,18.76,6.54,568.5,40.6,Healthy,23.18
31.16,72.97,64.11,49.36,30.04,20.9,5.06,942.0,49.2,Root_Rot,4.36
14.74,89.01,63.46,34.62,32.57,30.63,6.54,506.2,48.1,Rust,1.7
35.49,77.14,7.29,30.49,33.93,23.17,7.21,557.7,38.58,Early_Blight,29.14
19.01,50.08,42.35,26.33,35.78,42.58,7.51,555.9,45.77,Healthy,12.3
40.06,79.14,56.32,28.0,13.86,19.48,6.42,497.2,43.0,Early_Blight,7.16
20.93,51.95,29.64,16.09,39.58,26.46,6.97,619.3,38.95,Healthy,16.73
35.02,40.85,42.31,25.78,36.24,30.37,6.78,310.1,46.08,Healthy,12.15
17.21,86.17,56.07,50.07,43.73,16.14,7.7,475.5,47.02,Rust,4.06
33.87,90.05,29.42,13.75,30.51,44.26,5.98,178.5,30.32,Early_Blight,16.5
37.52,89.15,21.98,30.92,39.6,42.86,6.63,859.0,39.36,Early_Blight,24.31
21.79,81.56,55.99,32.61,30.48,11.12,6.73,409.0,48.87,Root_Rot,5.29
37.89,78.8,42.86,28.24,17.23,10.31,4.87,433.2,33.99,Early_Blight,11.96
38.98,79.93,28.46,11.74,46.1,44.34,5.85,795.1,48.03,Early_Blight,20.36
24.42,90.2,59.25,42.71,18.65,20.82,7.74,311.6,55.25,Early_Blight,3.39
22.79,90.78,39.52,28.69,22.72,47.2,6.36,274.6,41.48,Powdery_Mildew,11.47
33.5,90.05,26.99,33.67,28.52,49.18,6.47,347.3,43.59,Early_Blight,18.2
24.85,91.18,19.94,20.99,24.56,30.28,7.18,663.4,42.56,Early_Blight,22.15
29.82,81.13,25.24,44.56,21.83,12.46,7.45,464.6,35.27,Bacterial_Leaf_Spot,20.22
13.27,69.5,60.65,35.21,23.65,22.18,7.62,806.0,49.58,Healthy,2.81
16.12,88.23,60.04,27.29,49.69,45.8,6.34,230.1,47.33,Rust,1.34
22.94,88.89,59.79,14.46,45.22,24.55,6.97,430.9,46.83,Rust,3.49
29.34,89.44,22.42,46.95,12.88,12.95,7.45,455.5,38.02,Bacterial_Leaf_Spot,20.76
16.21,46.6,57.68,36.93,40.6,47.83,8.0,882.1,54.1,Healthy,4.85
15.77,87.34,58.51,45.36,48.45,23.38,7.02,749.1,53.7,Rust,4.51
28.0,45.12,57.63,42.46,11.53,18.29,5.58,324.9,38.29,Root_Rot,3.73
24.27,87.36,46.95,47.06,49.11,48.14,7.33,340.0,44.13,Powdery_Mildew,8.7
13.35,52.35,22.0,12.52,19.19,27.51,6.19,582.1,30.92,Healthy,20.11
24.34,70.26,48.54,30.09,45.12,42.41,6.5,959.0,46.82,Early_Blight,9.47
36.34,86.22,9.4,41.1,22.24,47.98,4.98,830.0,38.22,Early_Blight,29.74
32.12,82.52,61.21,45.52,19.38,17.54,7.74,625.9,54.17,Bacterial_Leaf_Spot,4.49
34.82,68.62,28.84,39.76,20.68,50.25,7.65,584.0,46.67,Healthy,19.74
35.25,61.21,10.72,24.16,41.43,36.8,5.8,245.0,35.5,Powdery_Mildew,25.51
31.05,84.58,35.17,15.22,30.87,44.61,6.44,924.4,50.58,Early_Blight,17.42
30.74,84.79,55.68,10.47,47.37,30.73,6.32,364.0,43.09,Early_Blight,6.12
27.24,42.39,16.79,44.62,26.25,23.8,5.09,677.1,32.07,Healthy,24.75
38.29,66.95,51.11,22.44,9.89,27.7,7.31,430.6,40.94,Early_Blight,8.96
23.85,29.49,9.97,16.42,36.66,25.12,7.66,356.5,32.13,Healthy,26.25
16.48,82.42,49.68,24.45,31.82,35.1,7.13,811.0,44.91,Rust,7.45
18.52,42.59,16.47,34.9,30.77,17.74,6.41,733.0,37.87,Healthy,23.34
32.2,90.73,17.03,46.38,29.15,33.52,7.39,502.1,41.0,Bacterial_Leaf_Spot,23.46
39.77,73.05,44.75,24.54,22.64,31.1,7.78,320.8,47.02,Early_Blight,11.24
33.29,87.97,36.42,29.06,25.61,27.95,6.97,501.5,37.05,Early_Blight,15.45
21.36,87.45,57.89,30.57,21.89,12.05,7.92,310.2,47.7,Powdery_Mildew,3.3
27.83,43.37,23.82,19.11,20.27,36.24,7.1,551.2,41.29,Healthy,20.93
28.21,73.2,8.42,22.65,33.7,13.94,7.77,561.8,37.28,Early_Blight,28.28
36.69,48.16,52.02,13.66,32.43,31.33,4.89,203.6,43.82,Root_Rot,6.79
21.67,41.32,64.24,15.48,40.52,33.69,5.69,873.4,41.85,Root_Rot,2.52
12.35,31.97,12.31,39.86,43.05,31.79,5.91,409.4,35.62,Healthy,24.07
26.49,83.23,54.73,46.13,15.44,45.04,7.77,792.5,48.04,Bacterial_Leaf_Spot,7.49
17.47,89.99,52.87,49.47,25.35,16.83,6.91,508.7,44.34,Rust,6.13
26.92,79.84,36.4,31.54,49.08,16.25,5.06,421.5,40.97,Early_Blight,14.91
24.98,39.67,41.84,39.85,42.2,45.44,7.24,772.7,52.92,Healthy,13.82
27.83,73.32,20.81,17.31,20.94,9.62,7.88,866.9,41.23,Early_Blight,23.44
19.93,55.73,56.19,28.11,13.14,23.67,5.68,428.8,39.95,Root_Rot,5.22
31.16,85.09,20.48,41.59,42.77,41.87,8.02,908.9,51.98,Bacterial_Leaf_Spot,24.73
39.2,84.04,11.86,10.94,25.12,31.39,6.38,739.9,39.91,Early_Blight,27.82
41.87,79.16,10.53,13.89,37.67,10.31,6.16,330.1,30.93,Healthy,25.54
21.7,64.71,61.38,13.91,13.66,21.4,7.06,908.5,49.25,Healthy,4.73
36.84,81.72,61.41,34.85,48.87,26.17,5.35,764.4,46.64,Root_Rot,5.27
31.57,68.09,30.65,14.05,46.63,37.37,6.36,327.7,31.67,Early_Blight,17.0
27.88,39.25,34.02,42.34,43.0,49.74,6.82,790.1,54.94,Healthy,18.23
26.35,66.44,45.07,28.48,48.55,46.44,5.88,813.0,45.38,Early_Blight,11.01
19.38,91.18,55.16,35.99,37.72,48.57,5.99,762.4,53.5,Rust,5.05
38.08,94.87,11.02,18.2,37.31,14.07,8.07,770.3,43.31,Early_Blight,27.13
39.4,26.91,36.18,39.86,21.24,24.63,5.78,515.0,38.15,Healthy,16.77
20.23,89.19,56.02,48.46,13.8,37.72,7.21,850.6,47.85,Rust,5.8
33.76,83.59,38.66,43.28,23.74,21.51,8.0,713.2,49.24,Bacterial_Leaf_Spot,15.27
32.7,82.84,60.76,36.42,19.03,40.84,7.69,888.8,53.43,Bacterial_Leaf_Spot,5.83
33.61,60.52,48.39,30.9,48.03,34.09,6.63,611.2,43.17,Healthy,9.99
40.31,53.78,40.39,38.51,45.22,25.36,7.13,731.0,41.49,Healthy,15.1
27.79,32.54,26.43,34.22,42.06,11.6,5.66,207.9,27.98,Healthy,18.37
19.3,89.39,50.55,32.36,38.3,16.37,6.31,933.6,41.91,Rust,7.8
22.38,90.08,38.28,28.99,22.93,45.12,6.27,259.8,35.13,Powdery_Mildew,12.82
15.02,72.43,49.09,48.96,46.91,16.77,7.67,488.0,54.11,Healthy,8.01
27.69,79.79,35.07,15.08,36.69,15.37,6.81,565.9,44.99,Root_Rot,15.46
26.6,36.62,32.02,40.7,16.49,47.04,6.01,747.1,37.21,Healthy,18.46
35.75,90.05,26.97,33.75,10.84,49.56,5.88,622.1,36.58,Early_Blight,20.05
38.15,91.61,21.02,11.97,13.29,38.72,5.35,354.9,33.86,Early_Blight,21.79
26.4,82.49,10.28,30.97,29.65,18.94,5.95,846.9,40.78,Early_Blight,26.88
33.65,82.75,45.73,36.05,32.14,32.93,7.98,948.9,51.43,Bacterial_Leaf_Spot,12.79
29.48,84.25,11.52,29.2,34.18,34.41,7.92,892.6,47.16,Early_Blight,27.38
28.82,88.0,60.22,34.93,35.75,29.29,5.81,817.8,50.4,Early_Blight,5.32
21.41,86.44,56.46,31.72,24.17,9.9,7.36,664.9,40.46,Rust,5.02
17.68,88.16,48.45,50.11,24.8,14.65,6.72,426.3,49.38,Rust,8.29
15.14,58.75,8.18,13.31,30.28,30.19,7.17,529.9,33.56,Early_Blight,26.05
14.77,89.63,60.45,14.18,20.3,22.99,7.31,556.5,44.79,Rust,2.46
20.1,91.62,57.01,45.5,42.17,16.88,7.88,688.0,56.1,Rust,5.22
25.11,91.49,50.48,49.3,20.83,33.27,7.78,204.7,45.19,Powdery_Mildew,6.07
33.84,83.42,24.89,31.5,28.39,16.06,5.91,497.6,35.54,Early_Blight,19.61
29.86,68.5,18.3,31.99,38.52,13.72,6.85,505.0,34.51,Early_Blight,22.38
19.66,47.96,62.73,43.83,35.47,41.31,5.05,338.3,37.39,Root_Rot,0.65
29.27,86.19,51.68,47.09,25.34,36.25,7.85,587.9,50.23,Bacterial_Leaf_Spot,7.72
32.98,80.21,54.14,47.05,13.88,16.31,7.54,675.1,57.92,Bacterial_Leaf_Spot,8.24
39.86,81.57,12.09,27.74,30.62,19.08,7.11,459.3,37.8,Early_Blight,26.27
30.48,86.89,56.69,44.86,40.17,19.97,4.76,442.8,44.55,Root_Rot,5.48
35.11,38.45,59.73,31.06,30.47,12.14,5.14,746.5,43.26,Root_Rot,7.76
22.33,86.26,18.82,43.78,24.07,14.47,7.45,253.6,35.64,Powdery_Mildew,22.01
22.19,91.51,43.45,29.44,25.51,40.32,7.33,254.0,49.86,Powdery_Mildew,10.2
13.6,88.97,64.24,27.72,19.09,47.47,6.76,255.3,45.79,Rust,1.18
30.03,93.18,47.01,18.41,44.93,20.19,6.24,665.6,43.57,Early_Blight,10.42
21.57,85.07,39.71,39.9,12.6,34.99,6.66,237.1,45.36,Powdery_Mildew,11.47
34.68,38.62,51.75,37.88,31.63,36.3,7.69,894.8,47.29,Healthy,11.37
18.95,47.44,62.13,11.8,32.67,35.91,5.48,543.5,46.12,Root_Rot,1.74
17.88,80.18,13.62,31.52,26.02,27.87,5.3,740.1,32.95,Healthy,23.79
39.49,57.3,60.92,47.92,35.98,18.97,5.75,428.4,42.99,Root_Rot,4.54
18.43,91.14,56.03,19.69,21.85,13.51,6.95,541.0,39.2,Rust,5.23
29.66,81.64,23.78,18.05,42.03,18.46,5.11,259.8,17.79,Early_Blight,20.38
35.98,30.42,42.04,29.84,44.19,11.96,5.29,731.6,37.39,Healthy,14.8
26.93,70.56,34.75,17.63,14.18,46.1,7.18,307.9,38.44,Early_Blight,14.89
29.69,64.37,30.75,35.47,22.55,28.82,5.4,980.9,34.01,Healthy,19.08
24.07,86.71,21.62,28.57,36.15,43.92,7.47,660.1,35.32,Early_Blight,21.44
19.38,43.15,23.26,15.16,30.28,38.1,6.69,859.8,33.68,Healthy,20.74
27.5,77.91,65.13,12.32,27.52,22.01,5.07,896.4,41.69,Root_Rot,2.15
23.37,88.64,59.71,41.52,31.98,44.38,7.19,579.8,53.81,Rust,4.23
16.98,88.0,25.27,27.81,40.72,25.47,6.76,315.3,34.02,Healthy,17.97
18.32,71.85,61.86,41.76,28.0,15.15,6.92,993.9,53.73,Healthy,2.84
40.55,91.48,55.23,37.34,39.13,44.96,5.01,960.0,54.58,Rust,8.95
21.87,44.42,11.83,36.74,21.96,27.7,6.48,880.7,42.42,Healthy,26.2
40.02,87.17,18.96,11.52,30.04,20.77,7.84,774.1,46.88,Early_Blight,25.13
39.86,82.83,37.3,38.83,11.68,40.78,7.32,826.2,41.82,Bacterial_Leaf_Spot,17.0
21.28,88.39,51.29,39.19,27.72,23.78,6.43,849.4,49.05,Rust,8.04
28.07,93.84,15.05,42.02,19.33,19.73,7.85,420.5,36.19,Bacterial_Leaf_Spot,23.95
32.65,83.13,60.34,45.04,20.37,16.37,7.77,615.0,52.45,Bacterial_Leaf_Spot,5.36
15.74,52.89,10.33,46.12,24.79,38.6,7.9,615.3,46.16,Healthy,25.26
24.99,86.62,32.24,20.04,33.54,20.85,7.81,266.8,37.33,Powdery_Mildew,14.73
26.63,86.19,39.22,17.62,49.03,21.62,7.85,825.3,49.81,Early_Blight,14.63
23.64,81.74,18.21,32.3,24.63,44.49,6.57,242.3,46.37,Powdery_Mildew,21.52
12.93,34.25,63.5,19.17,47.57,39.26,6.31,256.6,47.33,Healthy,1.43
34.31,43.5,37.6,39.57,47.98,39.04,7.1,320.3,45.97,Healthy,14.47
20.77,93.7,46.03,42.09,15.24,34.13,6.93,207.5,34.52,Powdery_Mildew,8.85
19.62,88.52,61.22,30.81,39.7,14.37,5.75,821.6,43.94,Root_Rot,3.29
34.28,45.74,48.92,47.69,36.28,40.54,7.77,592.6,48.06,Healthy,11.76
33.42,34.07,50.53,22.62,39.79,35.3,5.16,942.6,40.35,Root_Rot,13.41
37.66,62.45,47.26,31.32,34.91,40.82,8.12,732.2,55.84,Healthy,12.47
34.76,71.36,40.55,29.2,22.92,43.17,6.89,335.6,44.63,Early_Blight,12.79
15.03,28.18,35.94,30.69,16.02,48.79,7.87,594.4,37.09,Healthy,14.44
21.99,81.23,52.14,45.66,35.25,47.09,6.25,274.0,42.7,Powdery_Mildew,5.99
25.77,65.67,50.9,22.4,35.25,45.02,7.69,249.3,46.09,Early_Blight,7.36
18.51,89.66,55.78,31.02,13.67,13.27,7.8,575.3,39.97,Rust,5.0
33.86,67.84,53.96,31.55,32.62,46.21,5.53,769.6,45.79,Root_Rot,9.01
15.11,86.79,65.32,16.21,30.89,40.23,6.99,691.0,55.09,Rust,0.22
20.6,92.26,55.74,47.21,44.25,13.86,7.6,699.7,60.59,Rust,4.65
38.28,91.14,33.16,38.55,39.75,24.19,7.74,882.8,54.78,Bacterial_Leaf_Spot,17.64
36.9,39.46,53.79,31.31,44.49,41.24,5.13,526.1,43.11,Root_Rot,8.12
31.41,88.69,38.86,45.67,23.33,22.81,7.84,342.0,47.46,Bacterial_Leaf_Spot,12.84
20.81,86.64,55.34,42.77,29.87,29.36,7.14,601.0,48.48,Rust,5.38
28.48,62.7,50.53,13.0,20.25,30.92,5.99,885.9,43.94,Healthy,11.08
41.04,67.05,55.44,20.67,12.33,28.13,5.13,907.2,32.68,Root_Rot,10.85
16.36,79.32,60.41,25.3,22.67,22.54,5.47,549.8,44.47,Root_Rot,2.26
23.4,87.5,46.18,15.59,13.45,21.16,5.83,374.5,35.86,Healthy,9.55
24.63,90.19,46.93,17.7,12.24,33.17,6.51,342.3,34.52,Powdery_Mildew,8.81
31.01,73.67,33.63,47.62,32.66,23.07,6.38,371.3,33.22,Healthy,15.55
18.05,25.06,56.03,12.23,37.54,49.72,7.2,347.3,43.45,Healthy,4.91
26.26,54.5,16.21,11.9,23.7,40.39,8.23,558.0,46.24,Healthy,24.38
30.83,62.81,15.57,43.94,21.01,21.34,7.99,512.3,41.28,Healthy,24.42
25.67,82.74,23.99,46.46,14.17,41.35,7.69,335.2,40.71,Powdery_Mildew,19.97
20.0,40.01,30.85,30.89,11.97,39.34,7.98,980.3,44.47,Healthy,17.31
19.43,54.83,55.43,27.39,11.75,22.75,5.65,405.6,50.06,Root_Rot,5.2
28.2,39.09,18.02,41.18,35.82,21.1,5.04,311.1,28.46,Healthy,23.9
39.13,65.96,30.15,23.62,11.17,24.16,8.1,345.2,40.09,Early_Blight,17.95
22.05,84.89,17.36,36.31,17.12,23.86,5.42,247.2,34.11,Powdery_Mildew,22.7
33.13,45.98,59.72,42.35,48.1,42.14,5.5,310.0,47.3,Root_Rot,4.19
28.74,92.68,23.09,31.65,38.92,20.53,8.02,570.7,37.46,Early_Blight,20.99
15.3,86.75,52.26,44.43,10.87,20.36,7.96,721.0,47.84,Rust,6.4
21.05,52.94,17.02,44.36,13.22,38.38,7.31,614.3,38.92,Healthy,23.1
23.08,91.98,18.94,36.6,40.15,44.4,7.24,310.1,43.23,Powdery_Mildew,21.04
17.0,36.35,54.02,39.11,39.06,48.25,8.22,992.2,55.0,Healthy,6.97
24.43,81.81,48.0,47.99,35.56,29.93,7.4,798.1,49.37,Healthy,9.4
28.7,64.8,34.81,44.14,22.62,13.08,6.84,793.1,49.54,Healthy,17.13
39.33,56.68,63.67,33.5,13.93,24.89,5.26,805.3,46.6,Root_Rot,6.56
15.85,91.74,49.66,10.52,34.95,19.44,6.18,953.3,45.07,Rust,8.05
34.17,83.52,35.32,21.0,49.26,14.57,8.1,613.0,47.4,Early_Blight,15.97
30.61,39.08,10.63,44.75,32.23,16.26,7.37,872.3,41.09,Healthy,29.32
36.19,67.2,10.14,23.26,25.36,35.49,5.87,321.3,21.69,Early_Blight,26.32
40.52,30.11,61.46,41.04,37.88,31.99,6.78,692.9,47.5,Healthy,7.81
27.14,70.28,35.4,17.86,15.16,45.01,7.33,307.4,41.9,Early_Blight,13.5
24.53,91.16,21.11,33.14,35.46,21.98,4.89,224.0,27.53,Powdery_Mildew,20.15
25.19,88.82,45.52,27.78,25.13,40.09,7.46,258.7,50.9,Powdery_Mildew,8.47
24.78,90.4,53.6,47.22,26.16,41.05,7.8,210.0,50.75,Powdery_Mildew,4.93
23.47,46.84,53.59,18.53,11.67,28.43,5.23,638.2,36.74,Root_Rot,7.92
23.93,77.59,60.34,13.68,36.34,34.59,5.19,496.8,42.92,Root_Rot,3.9
24.18,88.48,24.58,32.78,46.97,42.53,5.88,240.1,40.53,Root_Rot,18.44
21.39,83.71,38.6,35.34,36.14,40.9,6.0,284.5,41.24,Powdery_Mildew,11.73
23.54,82.98,37.14,18.65,11.64,41.55,4.99,930.0,43.76,Healthy,13.41
36.64,85.29,31.06,38.34,21.32,13.72,5.97,229.2,33.73,Rust,16.12
37.99,90.35,47.86,36.52,34.1,27.98,7.57,301.7,40.08,Bacterial_Leaf_Spot,10.4
28.71,56.01,36.93,10.51,11.75,46.41,5.67,469.2,33.58,Healthy,14.87
33.8,84.75,40.27,43.19,20.77,11.07,7.41,804.6,39.96,Bacterial_Leaf_Spot,14.38
20.39,87.43,43.77,27.7,26.77,41.29,7.26,268.3,53.63,Powdery_Mildew,10.29
37.78,51.25,58.04,32.45,41.96,14.92,5.52,794.6,47.28,Root_Rot,7.61
40.23,76.87,9.07,30.53,49.13,18.05,7.43,293.0,40.96,Early_Blight,26.76
11.79,82.18,59.44,12.19,25.48,30.47,7.79,207.1,43.9,Rust,2.62
36.47,72.76,48.46,32.83,48.97,20.07,8.09,830.8,54.59,Early_Blight,11.88
18.83,31.1,58.09,36.19,40.18,40.01,4.98,250.0,40.63,Root_Rot,4.1
41.28,88.98,61.05,41.42,43.84,37.89,6.61,546.5,45.03,Healthy,4.99
21.08,89.95,51.05,23.87,24.62,48.5,7.71,701.2,49.78,Rust,7.98
38.71,28.67,64.73,31.27,24.16,26.08,6.74,412.9,43.47,Healthy,3.03
23.34,83.47,14.35,24.45,13.07,37.94,7.0,251.5,35.42,Powdery_Mildew,23.87
25.33,85.32,53.06,48.6,21.59,32.09,7.83,424.4,40.82,Bacterial_Leaf_Spot,7.38
25.19,86.84,60.61,32.55,26.15,38.96,7.49,714.6,53.96,Early_Blight,3.46
22.47,93.24,60.59,37.22,32.27,27.69,7.44,679.4,51.82,Rust,2.99
21.66,91.97,40.6,12.6,38.18,38.33,6.32,330.1,40.36,Powdery_Mildew,12.31
16.79,27.36,10.31,18.85,38.69,49.82,7.87,841.8,41.95,Healthy,26.09
30.08,65.27,64.61,41.02,30.25,42.22,5.37,920.6,46.56,Root_Rot,4.86
15.46,88.23,62.67,25.07,21.44,47.78,6.72,276.4,47.74,Rust,1.1
27.09,24.23,46.4,22.35,11.81,43.74,5.25,509.3,42.09,Healthy,11.55
22.29,82.69,43.26,34.65,39.46,41.55,7.34,302.3,49.56,Powdery_Mildew,10.55
24.43,90.43,48.16,24.8,33.74,33.46,6.39,334.7,46.2,Powdery_Mildew,8.55
22.19,87.76,49.22,28.96,42.83,22.52,7.42,250.3,48.52,Powdery_Mildew,8.43
36.75,49.18,52.35,33.86,13.48,17.31,5.21,591.4,29.64,Root_Rot,9.33
14.08,90.46,43.08,25.74,24.6,12.33,6.4,401.6,42.99,Healthy,9.68
21.35,93.09,55.96,30.78,13.8,12.08,8.0,591.8,48.1,Rust,4.99
40.7,80.67,42.72,24.7,19.19,47.34,7.13,652.0,47.38,Early_Blight,14.07
21.24,89.83,46.35,24.53,24.1,39.14,7.64,308.1,43.17,Powdery_Mildew,8.22
39.24,85.09,8.41,24.82,14.38,20.52,5.02,1000.2,32.74,Early_Blight,31.16
29.74,29.72,62.11,43.13,22.34,32.27,5.31,897.2,52.8,Root_Rot,5.86
23.08,38.25,30.56,31.16,27.02,15.78,7.91,520.5,34.04,Healthy,17.83
20.2,63.07,51.32,11.0,40.33,30.97,5.25,198.4,31.04,Root_Rot,5.4
21.1,86.87,42.29,24.24,15.69,27.35,7.3,273.0,38.2,Powdery_Mildew,10.37
30.71,65.45,35.17,36.82,28.09,34.01,6.19,884.8,38.73,Healthy,16.53
24.8,86.58,10.05,37.71,29.75,44.98,6.15,732.6,40.55,Healthy,26.28
27.49,84.36,45.65,20.47,46.87,49.35,7.1,280.0,46.59,Early_Blight,9.74
35.6,76.21,46.32,22.77,10.35,37.66,7.41,512.5,41.84,Early_Blight,10.91
13.8,94.41,47.55,30.75,30.74,30.85,7.05,466.3,44.79,Healthy,8.03
18.53,70.1,43.09,13.97,47.31,27.64,6.19,861.5,46.88,Healthy,11.31
38.71,32.36,29.44,20.49,12.34,29.62,7.62,406.0,38.73,Healthy,19.23
28.59,88.86,9.05,24.34,30.09,35.89,5.82,494.3,33.5,Early_Blight,26.31
21.36,83.14,54.64,47.26,33.73,48.03,6.09,310.2,46.11,Powdery_Mildew,5.67
16.59,52.07,62.16,27.99,22.24,32.93,5.05,543.1,37.81,Root_Rot,2.46
24.27,45.06,18.45,11.96,38.89,35.71,4.79,200.2,27.01,Healthy,21.85
18.12,87.67,61.07,11.43,25.33,45.26,7.37,402.9,47.24,Rust,2.63
16.25,33.32,40.96,23.39,23.84,31.9,5.92,470.8,43.74,Healthy,11.75
39.06,34.78,28.24,20.07,11.59,28.38,7.63,417.9,38.77,Healthy,20.77
12.46,64.27,10.26,30.63,19.18,28.25,8.02,370.4,36.46,Healthy,24.79
26.71,79.71,47.04,41.83,36.33,33.55,7.25,770.8,50.76,Bacterial_Leaf_Spot,10.41
20.39,91.1,29.12,33.56,32.41,20.43,6.83,240.2,33.71,Powdery_Mildew,16.2
14.11,94.79,63.45,20.29,29.61,13.3,6.21,341.6,37.53,Rust,0.42
14.75,88.91,53.13,41.21,47.8,11.22,5.97,357.2,39.73,Rust,5.02
26.22,68.05,29.87,32.49,29.89,13.83,6.11,307.7,32.86,Early_Blight,16.42
36.04,30.88,13.75,17.08,10.46,40.71,7.39,872.1,43.62,Healthy,29.17
23.23,93.92,35.49,49.24,11.12,33.89,5.83,241.9,38.83,Powdery_Mildew,13.99
21.29,88.28,62.96,14.08,43.5,27.11,6.85,210.2,42.94,Powdery_Mildew,1.37
22.2,82.08,59.86,16.82,28.46,28.66,6.45,277.9,45.34,Powdery_Mildew,2.57
36.02,43.82,61.88,25.77,15.32,16.27,5.68,531.6,49.77,Root_Rot,5.31
11.5,80.41,51.3,36.59,29.84,23.94,5.66,639.8,45.6,Root_Rot,6.72
16.89,46.19,58.03,45.69,40.2,15.07,4.83,354.3,43.41,Root_Rot,3.66
24.24,87.21,47.08,47.24,48.0,49.14,7.3,341.1,54.17,Powdery_Mildew,8.61
30.6,69.99,65.52,40.87,42.4,43.95,5.24,254.2,42.33,Root_Rot,1.36
22.9,68.9,34.39,48.82,39.92,36.51,5.58,543.5,38.11,Healthy,15.34
33.29,88.05,9.49,32.07,36.26,32.34,5.38,662.8,42.09,Early_Blight,27.02
30.34,55.95,15.93,38.23,44.75,34.14,7.17,906.3,48.53,Powdery_Mildew,26.3
33.11,74.87,30.17,24.9,47.49,27.36,6.61,495.3,53.16,Early_Blight,18.1
25.95,39.04,50.37,18.1,26.8,18.4,6.8,804.7,46.22,Healthy,9.44
38.76,71.26,25.72,26.25,27.04,16.51,7.33,894.6,43.9,Early_Blight,23.07
26.98,56.3,20.27,34.36,36.14,12.2,5.21,935.8,31.72,Healthy,23.05
30.83,83.26,58.31,47.2,46.76,30.88,7.72,847.5,62.86,Bacterial_Leaf_Spot,6.98
13.9,86.75,64.01,40.73,24.67,39.89,7.76,678.7,55.74,Rust,1.55
23.85,88.79,20.22,40.33,47.86,17.62,6.46,252.1,35.81,Powdery_Mildew,20.65
28.34,36.94,63.79,44.13,48.76,12.79,5.13,819.0,43.55,Root_Rot,4.65
23.0,83.22,50.72,14.58,19.69,27.43,5.7,274.0,26.74,Root_Rot,5.89
35.17,77.95,9.57,22.9,22.4,15.91,5.42,470.9,33.01,Early_Blight,26.68
28.38,61.01,20.93,30.24,44.44,43.52,6.6,422.9,40.46,Healthy,21.41
40.78,84.85,36.86,16.55,26.77,16.76,6.4,397.0,32.88,Early_Blight,14.38
25.01,75.59,22.52,33.68,28.23,30.08,6.05,810.9,32.19,Early_Blight,21.9
24.09,90.61,48.41,48.47,43.66,22.96,7.49,235.4,50.4,Powdery_Mildew,9.04
25.27,87.26,56.22,24.2,18.07,13.3,7.52,293.3,42.64,Powdery_Mildew,4.17
40.02,58.43,42.72,34.55,17.43,30.34,7.38,223.6,41.58,Healthy,11.13
18.65,89.58,61.28,49.01,22.05,43.66,7.85,972.9,63.88,Rust,3.28
20.79,79.5,59.51,35.91,22.62,32.48,5.38,401.1,40.67,Root_Rot,4.11
25.18,52.25,22.53,27.26,14.14,21.82,5.32,700.1,37.09,Healthy,21.01
36.2,92.87,22.18,33.11,38.08,50.02,5.88,217.1,33.93,Early_Blight,20.37
23.84,50.72,60.88,41.81,34.7,30.95,5.4,225.3,43.73,Root_Rot,3.51
26.42,55.13,19.21,33.76,36.95,12.86,5.19,935.0,38.24,Bacterial_Leaf_Spot,23.34
22.01,83.73,19.22,17.4,32.61,29.78,5.89,262.9,28.75,Powdery_Mildew,20.55
35.1,83.96,43.07,29.48,36.17,24.78,7.95,548.9,45.59,Early_Blight,12.21
38.95,57.96,51.97,37.46,16.88,15.43,5.56,869.7,41.68,Root_Rot,11.33
23.52,82.55,53.97,31.3,25.91,28.19,7.59,844.0,47.31,Powdery_Mildew,7.51
34.41,75.18,36.69,16.52,47.35,47.58,6.53,933.0,49.08,Early_Blight,17.41
34.55,29.41,50.87,29.77,45.81,34.3,6.62,996.8,47.93,Healthy,12.15
34.17,92.75,42.09,45.34,14.96,20.22,7.66,954.8,55.58,Bacterial_Leaf_Spot,14.53
30.93,81.05,64.2,31.76,48.03,21.75,7.72,524.2,48.2,Early_Blight,2.16
15.44,85.21,64.23,15.04,29.53,40.64,6.91,694.0,53.56,Rust,1.68
28.98,88.74,61.7,40.49,19.83,23.86,6.55,670.2,43.21,Healthy,3.44
41.22,57.21,39.3,18.23,44.77,22.8,5.8,270.9,35.26,Healthy,13.18
36.04,42.54,57.01,16.06,42.23,16.08,5.11,738.2,35.38,Root_Rot,8.71
29.26,84.27,24.69,19.21,36.98,11.51,8.13,750.7,43.96,Early_Blight,21.2
31.36,91.5,20.94,32.78,10.43,23.61,6.74,985.9,35.17,Early_Blight,23.71
28.97,89.81,66.06,22.12,46.93,18.75,5.5,643.4,47.67,Root_Rot,1.31
21.75,82.35,42.78,45.92,35.63,35.55,8.02,342.6,59.42,Powdery_Mildew,11.03
38.65,33.36,57.17,29.19,42.73,30.05,6.34,763.8,42.61,Healthy,8.84
22.3,85.3,44.44,45.2,19.48,23.03,7.86,280.7,47.55,Powdery_Mildew,10.0
17.08,85.56,55.03,45.93,36.53,37.51,4.87,870.1,52.51,Root_Rot,4.9
11.75,84.15,57.85,22.44,15.24,13.51,7.97,908.3,50.52,Rust,3.74
22.0,79.59,42.23,15.03,44.36,30.44,7.81,307.3,46.51,Healthy,10.55
34.87,54.55,53.07,40.46,36.67,45.63,7.83,208.5,49.4,Healthy,5.93
24.54,84.27,57.18,23.31,27.36,14.54,7.33,323.5,50.37,Powdery_Mildew,4.75
34.93,78.61,15.48,46.07,34.16,42.09,7.23,869.9,48.41,Bacterial_Leaf_Spot,26.62
38.06,83.99,32.5,21.37,25.04,49.3,6.43,443.4,40.85,Early_Blight,16.63
24.29,32.67,56.89,20.78,22.48,40.09,5.31,903.8,43.18,Root_Rot,7.83
34.65,83.63,12.17,22.75,22.56,35.37,5.07,879.6,35.93,Early_Blight,27.59
21.42,93.72,48.21,47.39,20.03,46.59,6.17,584.3,49.38,Rust,8.71
25.72,87.68,20.14,47.73,16.61,23.33,7.82,317.6,41.97,Powdery_Mildew,21.22
25.33,37.28,62.17,16.3,49.48,36.6,5.12,875.4,41.36,Root_Rot,4.46
16.23,73.24,13.49,39.28,31.48,43.91,6.89,721.1,46.74,Healthy,24.33
14.87,85.49,11.65,25.3,34.81,35.87,6.22,320.5,36.6,Healthy,24.03
18.38,59.9,59.61,10.2,24.12,47.01,5.5,639.1,43.69,Root_Rot,3.42
34.47,80.5,34.53,46.65,20.76,13.68,7.6,831.8,41.1,Bacterial_Leaf_Spot,18.28
27.0,89.97,65.54,14.62,44.05,32.13,5.49,903.4,42.77,Root_Rot,2.18
25.17,85.38,60.65,50.15,27.18,47.98,7.77,298.8,48.64,Powdery_Mildew,1.58
25.02,90.45,63.38,45.22,13.47,48.53,7.96,776.7,55.84,Bacterial_Leaf_Spot,3.58
23.26,90.16,29.79,46.62,29.58,17.1,7.7,228.5,49.28,Powdery_Mildew,17.65
14.75,37.37,17.75,20.29,38.65,23.92,6.72,763.3,39.1,Healthy,22.0
21.46,35.02,61.18,34.28,45.38,19.62,5.47,495.1,46.56,Root_Rot,2.25
27.49,54.77,24.62,47.63,25.01,17.9,6.68,497.4,38.83,Healthy,20.04
15.85,89.65,56.11,19.81,19.21,33.92,7.03,827.5,42.3,Rust,4.71
25.44,92.62,59.98,43.51,17.66,24.96,7.7,261.0,47.93,Powdery_Mildew,2.86
37.79,93.85,52.14,27.1,10.94,31.49,6.24,209.8,40.28,Early_Blight,6.22
32.76,85.88,63.88,45.65,34.47,41.87,7.69,652.2,55.51,Bacterial_Leaf_Spot,3.5
24.83,60.25,48.07,22.42,24.65,20.45,7.09,910.3,43.88,Healthy,10.9
18.86,86.99,52.53,40.84,32.37,34.2,5.37,331.3,43.14,Root_Rot,5.4
26.65,77.16,36.32,21.22,36.04,47.51,6.36,969.8,49.03,Early_Blight,16.43
29.86,68.7,35.32,34.29,34.81,33.81,6.24,800.7,42.39,Early_Blight,17.72
38.19,78.27,45.3,34.4,29.44,35.33,5.22,810.6,40.06,Early_Blight,13.4
29.2,35.26,56.74,25.73,45.12,26.11,5.39,456.9,43.64,Root_Rot,5.86
38.7,88.04,33.43,20.33,42.18,32.11,5.82,497.2,37.94,Early_Blight,16.69
21.82,87.1,16.03,14.21,37.9,32.05,5.21,211.1,32.71,Powdery_Mildew,22.79
33.91,77.42,12.85,46.46,31.04,43.28,7.28,926.8,42.12,Bacterial_Leaf_Spot,26.95
19.47,87.54,28.77,17.42,17.91,49.3,6.48,237.3,32.9,Healthy,16.79
20.56,88.89,52.46,21.03,43.0,29.31,7.07,782.2,56.13,Rust,6.92
21.06,75.35,36.68,30.27,28.53,20.95,6.01,307.1,36.21,Healthy,14.35
36.44,80.3,16.01,17.84,42.15,46.26,6.45,836.2,40.61,Early_Blight,26.19
30.73,66.48,28.8,21.85,28.39,43.57,5.06,571.4,30.33,Early_Blight,19.65
35.1,49.48,51.16,31.29,38.51,37.13,7.35,203.1,41.75,Healthy,6.9
20.42,89.02,53.53,23.45,26.95,39.59,6.15,653.5,45.1,Rust,6.66
40.92,93.32,51.12,17.13,29.49,17.08,6.77,452.8,41.17,Early_Blight,8.8
12.02,60.85,58.18,38.12,21.35,40.99,5.37,655.3,48.75,Root_Rot,2.93
17.18,42.51,16.84,16.6,17.35,46.62,6.74,973.3,35.22,Healthy,23.52
35.49,83.54,52.88,28.17,45.47,35.21,5.05,230.3,41.22,Root_Rot,7.15
27.97,56.86,25.21,37.41,26.16,24.82,5.84,842.2,39.55,Healthy,21.21
25.07,86.54,35.01,46.51,29.51,29.99,7.65,331.4,51.22,Powdery_Mildew,13.56
18.26,43.96,47.7,14.41,21.31,21.46,4.94,493.9,31.52,Healthy,8.79
18.76,91.52,17.5,34.83,34.1,45.71,6.5,445.5,39.3,Healthy,21.6
16.08,85.8,61.86,20.43,23.18,36.01,5.97,822.5,42.66,Rust,2.16
19.87,52.04,17.39,43.5,25.14,15.88,5.99,956.9,41.13,Healthy,23.62
31.52,76.81,55.75,24.01,48.78,34.87,5.29,247.2,36.58,Root_Rot,4.36
41.1,70.87,31.12,18.74,12.94,18.16,7.75,666.2,39.66,Early_Blight,18.72
18.38,91.08,49.42,44.88,13.93,28.55,5.87,839.6,39.37,Powdery_Mildew,8.48
22.25,86.15,47.26,14.91,19.79,26.04,5.37,273.6,39.84,Rust,8.33
31.16,81.99,60.53,42.26,19.5,38.8,7.54,863.2,54.12,Bacterial_Leaf_Spot,4.18
34.79,29.71,61.78,43.91,49.84,31.46,7.38,945.8,46.45,Healthy,8.23
21.37,91.55,61.45,25.57,19.17,29.45,7.2,768.2,50.75,Rust,3.25
15.27,85.37,64.04,45.83,19.57,27.41,4.89,871.6,43.48,Root_Rot,0.92
22.02,93.59,9.42,47.56,42.26,18.21,7.41,316.2,37.52,Powdery_Mildew,25.0
38.97,62.96,53.78,32.32,31.87,22.27,5.48,834.0,38.74,Root_Rot,10.76
26.78,86.01,39.26,46.07,22.31,22.42,7.4,380.6,41.65,Bacterial_Leaf_Spot,12.92
33.65,72.66,25.49,36.19,42.46,15.25,6.97,838.5,35.99,Healthy,23.01
14.71,40.08,18.79,22.57,25.98,21.52,7.2,788.5,31.68,Healthy,21.95
40.25,81.81,42.21,24.92,14.3,26.68,7.76,817.8,46.6,Early_Blight,15.13
27.62,39.34,19.76,41.5,43.56,44.26,6.23,473.4,39.91,Healthy,22.42
23.17,50.14,57.55,22.17,16.18,29.55,6.65,195.3,34.75,Healthy,4.38
31.22,93.99,16.8,14.36,23.05,11.31,6.63,979.5,38.1,Early_Blight,25.53
21.79,86.58,18.19,37.74,14.3,23.35,5.55,258.4,32.09,Powdery_Mildew,22.24
40.12,87.12,62.24,38.21,39.94,39.22,4.86,906.0,40.03,Root_Rot,5.91
20.83,91.56,60.28,43.96,26.84,16.08,5.9,954.4,47.63,Rust,3.7
31.5,72.54,44.22,18.07,19.29,47.42,7.77,206.6,41.62,Early_Blight,10.02
23.56,95.88,23.37,20.24,22.74,20.62,4.95,931.2,27.95,Healthy,21.23
22.27,82.41,53.52,14.35,25.02,32.43,5.96,272.1,41.65,Powdery_Mildew,6.54
41.01,82.68,43.74,23.14,39.82,30.92,5.92,772.0,37.96,Early_Blight,13.83
37.04,77.8,38.23,30.99,23.86,23.03,5.66,257.0,35.04,Early_Blight,13.19
25.15,87.58,57.48,47.65,27.39,37.69,7.57,751.5,51.91,Bacterial_Leaf_Spot,5.59
21.12,88.09,55.75,46.01,45.04,33.56,7.69,854.6,55.62,Rust,5.74
25.54,69.7,51.02,19.59,38.61,20.6,7.21,802.9,44.15,Early_Blight,9.37
31.19,51.84,60.16,44.46,12.24,45.57,5.01,516.2,50.15,Rust,3.65
15.79,87.68,52.91,46.27,31.88,16.08,7.98,757.6,56.59,Rust,5.82
22.24,91.97,62.45,12.15,46.47,47.21,7.49,716.3,60.68,Rust,2.27
36.05,52.29,33.26,23.53,13.66,14.74,8.12,736.1,43.7,Healthy,17.65
24.96,90.52,51.92,47.09,24.25,40.88,7.8,211.1,53.13,Powdery_Mildew,5.96
15.54,68.11,31.05,22.35,16.11,28.78,7.76,718.2,47.09,Healthy,15.66
33.0,94.48,28.17,23.15,30.63,43.23,7.38,987.7,43.81,Early_Blight,20.31
39.16,52.79,45.21,26.65,33.64,29.62,6.13,282.5,43.85,Healthy,11.4
37.02,64.6,37.5,10.39,9.34,15.36,7.62,470.7,42.05,Healthy,15.01
34.72,73.52,52.49,30.97,44.28,48.79,6.63,431.1,49.39,Early_Blight,7.27
22.01,82.53,30.39,32.26,23.03,37.54,7.46,290.0,36.02,Powdery_Mildew,16.2
29.83,63.35,62.38,44.94,39.53,36.02,5.35,445.1,44.01,Root_Rot,3.63
27.8,69.58,30.61,26.68,25.04,30.5,6.15,203.3,34.35,Early_Blight,15.74
22.26,81.5,26.62,44.13,24.78,22.4,6.16,256.9,31.85,Root_Rot,17.41
16.29,31.3,12.5,49.21,34.29,43.17,5.44,557.2,32.99,Healthy,24.85
34.52,47.7,59.85,13.06,50.69,34.7,8.18,907.1,49.19,Healthy,7.63
39.2,85.83,31.27,44.06,20.22,43.2,8.01,296.2,39.39,Bacterial_Leaf_Spot,17.08
16.67,60.4,30.77,30.41,41.23,46.23,5.25,676.3,36.55,Healthy,16.4
28.14,25.87,29.86,20.92,47.18,34.57,5.19,991.9,45.25,Healthy,21.18
14.81,56.65,56.71,40.16,22.77,33.88,5.4,850.7,39.61,Root_Rot,4.15
40.4,53.22,21.02,42.36,44.01,33.53,7.09,900.9,43.08,Healthy,26.22
35.43,48.79,19.3,22.68,37.36,24.33,7.3,852.4,39.01,Healthy,25.7
19.06,70.75,59.66,44.92,26.13,21.8,5.59,602.5,46.41,Root_Rot,2.92
33.8,45.26,60.79,38.33,42.46,18.36,7.62,832.6,57.13,Healthy,6.02
20.97,86.78,54.94,25.84,21.73,13.72,7.68,947.3,53.4,Rust,6.75
32.97,77.64,43.66,24.64,47.89,37.34,6.99,423.8,45.56,Early_Blight,11.33
21.56,88.35,19.37,17.09,47.75,20.37,6.88,475.1,33.16,Healthy,21.0
24.18,85.7,60.77,15.07,43.06,25.86,7.0,379.4,49.13,Early_Blight,2.84
30.75,33.59,63.26,37.14,27.93,18.33,5.43,634.6,50.47,Root_Rot,4.85
41.59,74.77,50.77,24.38,32.19,33.63,6.41,846.0,44.8,Early_Blight,10.62
38.34,91.87,48.5,13.26,24.13,13.36,5.2,271.8,36.83,Early_Blight,8.01
32.46,81.69,20.72,45.99,46.2,31.64,7.76,648.7,52.45,Bacterial_Leaf_Spot,22.22
27.8,72.4,11.2,29.21,37.26,31.66,6.56,455.4,42.81,Early_Blight,26.6
13.61,87.75,62.31,18.64,30.35,36.68,4.99,814.0,50.21,Root_Rot,1.88
23.19,82.41,25.31,36.37,16.05,38.02,5.71,370.7,44.05,Healthy,19.16
22.93,81.91,40.91,15.06,44.88,30.42,7.9,307.5,46.65,Powdery_Mildew,11.02
35.54,83.32,49.18,32.94,36.32,17.62,4.82,208.0,26.5,Early_Blight,7.55
24.81,80.89,28.79,23.03,37.89,20.89,7.87,277.8,41.36,Powdery_Mildew,17.3
13.87,78.38,63.91,36.42,26.15,12.93,4.99,210.3,36.14,Root_Rot,0.68
37.71,46.24,39.67,28.98,22.96,29.26,6.06,875.5,36.35,Healthy,17.64
25.77,37.63,51.42,30.4,36.27,37.58,6.91,964.6,50.49,Healthy,9.97
19.07,91.89,55.4,32.2,39.1,48.8,5.95,827.8,49.77,Rust,5.76
27.97,32.17,47.19,46.48,31.05,37.98,7.94,235.5,53.38,Healthy,9.23
21.38,73.87,25.19,28.13,37.45,36.98,6.65,255.2,28.36,Healthy,18.89
16.92,92.3,32.81,26.46,44.43,18.6,5.99,362.4,36.49,Healthy,15.32
31.02,52.46,27.81,39.39,23.69,47.22,6.93,807.3,42.69,Healthy,19.93
21.09,92.51,55.98,38.85,38.36,20.66,7.21,644.7,48.72,Rust,4.17
16.82,51.37,51.17,46.28,36.65,29.19,5.42,581.2,51.48,Root_Rot,7.67
17.22,71.58,60.16,34.77,27.24,36.5,7.26,352.4,45.58,Healthy,3.29
32.08,75.47,58.8,31.77,17.79,13.05,7.62,893.7,51.03,Early_Blight,6.21
21.23,81.42,24.64,30.67,21.5,36.18,7.53,316.0,35.82,Powdery_Mildew,17.91
21.61,89.17,56.84,30.16,23.76,45.23,7.78,844.3,54.67,Rust,5.46
33.17,55.78,46.56,35.41,29.45,18.31,5.21,854.2,32.36,Healthy,13.33
26.02,68.64,22.32,28.56,23.47,42.61,5.42,564.9,30.51,Early_Blight,22.01
24.98,86.35,18.18,42.34,47.18,17.25,6.33,246.3,37.54,Powdery_Mildew,22.0
32.95,91.52,60.91,44.91,39.56,27.03,5.44,390.0,44.96,Root_Rot,3.21
21.35,86.15,40.06,24.28,16.37,24.19,7.19,308.4,39.29,Powdery_Mildew,11.41
23.97,94.91,55.03,20.19,15.8,45.34,4.93,806.9,42.53,Root_Rot,6.39
22.51,88.32,54.91,32.06,35.29,14.33,5.99,354.9,37.85,Rust,5.18
37.59,54.47,54.43,16.87,26.81,37.12,5.42,862.0,44.49,Root_Rot,9.79
27.12,93.37,23.05,25.81,24.34,35.33,7.89,541.4,41.29,Early_Blight,21.48
28.25,69.55,34.19,20.94,19.28,40.23,5.85,745.5,42.73,Early_Blight,17.6
12.8,79.87,59.58,44.59,27.35,15.25,5.73,956.1,51.32,Root_Rot,3.52
30.79,86.07,43.85,32.7,28.33,15.89,7.06,306.7,46.36,Early_Blight,10.22
32.11,28.65,32.27,22.93,44.19,45.64,5.05,348.0,36.16,Healthy,17.27
27.22,68.99,55.27,20.46,47.73,14.65,8.15,907.4,52.18,Early_Blight,7.97
23.32,82.31,36.97,46.97,36.52,34.51,7.65,314.6,52.81,Powdery_Mildew,13.62
19.65,80.42,64.01,45.5,45.95,10.15,4.89,558.7,43.53,Root_Rot,2.1
26.58,55.01,38.03,11.92,12.84,45.57,5.76,449.7,41.29,Healthy,14.18
28.49,28.48,45.21,43.98,45.15,26.84,6.62,379.2,45.49,Healthy,11.2
21.2,90.15,49.38,41.51,27.79,20.85,6.31,819.1,41.88,Rust,8.96
35.89,71.57,31.41,19.47,27.3,20.21,7.23,621.6,32.49,Early_Blight,18.59
15.3,89.23,64.4,24.87,20.25,49.83,6.69,298.3,46.92,Rust,0.0
12.59,39.71,50.07,32.57,35.67,13.22,5.38,237.7,37.94,Root_Rot,6.92
24.77,74.58,62.47,30.42,22.74,47.78,6.99,414.1,49.43,Early_Blight,2.09
38.82,71.21,19.48,46.42,37.24,45.79,7.48,745.7,49.86,Healthy,24.27
28.21,93.59,23.79,26.53,50.73,21.35,7.9,724.8,45.61,Early_Blight,21.63
31.98,82.66,36.04,46.29,45.93,39.68,7.84,223.2,46.66,Bacterial_Leaf_Spot,14.82
19.12,92.13,56.08,11.99,26.74,46.24,7.36,679.9,51.57,Rust,5.76
26.05,83.18,24.12,47.0,36.42,18.4,7.44,567.4,40.13,Bacterial_Leaf_Spot,20.23
15.62,87.78,59.54,19.71,10.49,47.78,6.72,492.7,53.49,Rust,3.63
16.04,58.73,53.82,14.7,44.03,35.65,5.45,239.6,35.17,Root_Rot,5.36
31.18,86.63,64.58,14.62,49.89,19.72,7.87,648.1,58.77,Early_Blight,2.78
39.44,60.7,34.81,46.01,36.42,18.29,4.86,444.0,30.86,Healthy,15.95
15.1,67.55,55.16,15.46,41.44,27.02,5.69,757.3,38.07,Root_Rot,5.44
17.83,27.61,56.09,30.19,22.68,23.36,5.6,761.5,40.0,Root_Rot,5.68
28.98,77.82,53.46,39.22,30.71,13.11,5.58,669.3,41.22,Root_Rot,7.03
32.85,81.44,62.78,14.63,13.92,37.5,5.12,921.5,48.93,Root_Rot,4.97
21.59,92.11,29.01,45.38,17.25,21.13,5.93,226.1,34.51,Powdery_Mildew,16.61
25.45,83.12,22.88,47.42,35.9,19.37,7.31,579.7,36.45,Bacterial_Leaf_Spot,21.53
30.1,34.81,44.45,32.69,30.1,10.68,5.07,215.2,34.04,Healthy,10.84
38.73,32.34,42.57,34.77,20.25,16.45,7.15,902.7,38.55,Healthy,17.06
28.66,91.72,30.51,46.74,37.23,16.47,7.85,405.8,48.67,Bacterial_Leaf_Spot,16.96
38.46,88.63,21.89,24.06,28.0,46.26,6.55,543.2,37.12,Early_Blight,22.18
34.58,85.6,58.45,45.92,10.01,50.29,4.78,798.1,44.27,Root_Rot,6.44
19.99,71.08,54.4,27.05,35.94,30.24,7.37,530.8,52.74,Healthy,5.32
27.27,82.19,9.4,12.64,35.7,36.85,7.61,419.2,41.3,Early_Blight,26.31
24.2,82.48,58.4,17.24,14.51,38.73,6.52,481.1,50.56,Early_Blight,3.88
35.37,84.29,15.68,18.83,11.72,47.62,6.15,681.9,37.84,Early_Blight,24.77
33.82,49.88,18.1,17.53,19.68,22.73,7.88,690.2,28.78,Healthy,25.31
32.56,79.12,41.39,39.36,43.77,42.43,6.31,337.7,42.81,Healthy,12.29
26.26,36.68,53.2,31.72,36.58,36.62,6.86,962.8,52.1,Healthy,8.51
35.52,31.47,39.64,29.51,45.23,11.79,5.27,740.3,35.55,Healthy,16.44
20.18,91.04,58.69,18.49,30.69,13.48,6.84,524.9,39.54,Rust,4.27
30.15,64.25,16.8,44.25,20.47,21.36,7.88,511.1,37.44,Healthy,24.46
33.18,86.54,11.3,41.12,15.93,49.37,7.98,977.0,51.52,Bacterial_Leaf_Spot,28.79
31.07,82.75,12.63,46.54,25.13,39.93,7.61,583.0,47.13,Bacterial_Leaf_Spot,25.89
25.9,79.49,35.15,31.5,45.06,16.36,7.74,363.0,36.91,Early_Blight,14.12
23.27,87.42,61.18,43.68,19.18,44.19,7.26,803.4,53.06,Rust,3.1
27.15,80.92,51.17,45.76,27.78,36.64,7.58,611.2,52.37,Bacterial_Leaf_Spot,8.39
37.17,85.57,64.24,38.29,28.33,24.81,5.01,329.9,44.19,Root_Rot,2.17
19.06,84.97,60.76,23.16,48.36,17.74,7.68,497.1,47.35,Rust,3.38
21.59,93.41,60.25,47.65,18.08,20.48,6.04,552.6,45.16,Rust,3.78
28.6,85.97,37.04,48.91,26.98,33.17,7.39,798.2,51.26,Bacterial_Leaf_Spot,15.22
22.18,88.08,24.44,12.82,32.97,32.7,6.27,288.6,41.71,Powdery_Mildew,18.26
29.08,73.86,45.24,11.76,16.56,21.88,4.84,534.9,32.05,Early_Blight,10.79
29.33,86.72,63.86,41.82,22.87,18.16,7.81,872.0,61.36,Healthy,3.68
24.48,59.33,52.56,33.88,27.14,19.01,6.59,248.0,41.3,Healthy,6.31
24.29,85.56,49.97,17.81,47.97,35.88,6.47,299.7,39.43,Powdery_Mildew,7.26
12.99,83.99,58.8,46.71,45.95,14.04,7.57,692.2,49.48,Rust,3.3
20.56,87.96,56.51,15.84,16.08,23.02,7.5,567.1,51.02,Rust,4.64
21.86,84.24,53.4,46.33,34.35,47.64,6.09,277.5,47.87,Powdery_Mildew,5.52
23.72,89.0,61.03,42.04,15.4,21.51,5.29,391.9,39.56,Root_Rot,2.9
40.03,53.89,64.53,48.42,31.35,41.97,7.76,530.4,52.6,Healthy,3.73
13.67,69.47,44.65,49.8,30.16,30.78,6.96,895.6,50.77,Healthy,9.97
23.99,90.37,32.35,46.26,34.34,25.97,7.46,302.9,41.08,Powdery_Mildew,15.57
39.11,36.14,28.61,11.34,17.26,29.58,7.59,382.9,40.96,Healthy,18.73
38.21,74.02,28.78,25.61,31.3,47.6,5.78,426.5,32.61,Early_Blight,18.48
36.59,84.96,50.16,26.28,48.37,23.05,6.37,832.0,54.06,Early_Blight,11.47
15.54,43.49,13.25,15.66,15.4,23.21,7.9,800.4,29.89,Healthy,23.82
19.12,88.54,54.29,44.7,15.69,22.26,7.66,918.2,48.6,Powdery_Mildew,5.25
11.99,32.27,62.09,44.62,23.44,15.97,5.4,776.6,42.0,Root_Rot,0.79
28.17,83.02,52.82,41.65,14.48,38.95,7.92,835.5,55.73,Bacterial_Leaf_Spot,8.34
38.98,66.97,36.34,14.44,25.32,49.26,7.51,725.3,40.61,Early_Blight,17.39
27.02,68.93,27.92,18.84,13.45,40.68,7.5,458.9,35.98,Early_Blight,18.27
26.32,65.06,57.66,22.52,45.03,13.37,7.15,644.4,50.57,Early_Blight,6.18
38.82,68.85,31.9,18.46,28.31,34.57,6.32,627.4,34.35,Healthy,17.35
22.53,85.01,37.39,46.74,34.04,46.39,5.97,324.0,40.14,Powdery_Mildew,13.37
21.9,90.75,43.04,18.31,18.56,26.28,5.0,251.2,21.84,Powdery_Mildew,11.19
17.61,37.95,36.77,13.92,31.53,20.18,6.2,318.2,32.2,Healthy,12.77
30.33,83.42,21.1,15.7,39.7,35.98,7.25,348.2,38.37,Early_Blight,20.89
24.46,88.46,52.92,20.43,15.52,17.71,7.29,361.1,46.76,Early_Blight,5.99
23.55,26.63,59.94,41.25,35.93,51.04,5.0,418.7,43.85,Root_Rot,3.4
12.6,39.46,42.37,19.97,16.61,33.08,5.84,596.9,32.06,Healthy,10.42
20.67,92.28,52.44,25.42,24.51,47.21,7.9,688.3,51.34,Rust,7.63
36.15,74.47,21.76,23.92,41.9,13.37,4.99,716.9,32.99,Early_Blight,24.14
36.51,53.36,56.78,26.32,46.39,10.73,5.16,275.8,36.64,Root_Rot,5.25
20.69,52.17,49.9,36.45,22.28,12.52,5.1,472.7,35.1,Healthy,8.94
26.03,79.73,33.14,44.35,13.94,42.48,7.59,344.6,39.8,Bacterial_Leaf_Spot,15.42
31.4,58.47,25.6,38.33,14.81,28.19,7.37,640.7,43.4,Healthy,21.71
37.67,65.44,56.78,48.22,28.55,30.83,6.56,733.8,51.18,Healthy,8.02
24.37,65.04,53.97,46.33,35.69,29.43,5.59,983.7,47.7,Root_Rot,8.08
39.14,55.31,63.89,20.46,18.96,26.51,5.15,844.2,45.66,Root_Rot,6.38
37.5,68.77,37.58,30.74,32.54,44.87,6.12,487.6,38.01,Early_Blight,16.74
15.71,93.65,52.96,41.68,33.09,31.47,6.66,828.2,53.87,Rust,6.65
37.58,56.03,55.77,20.28,35.39,45.41,7.28,986.3,46.38,Healthy,10.07
12.13,93.97,23.66,49.5,17.2,15.63,6.89,493.5,41.09,Healthy,19.27
21.99,92.66,20.25,46.19,29.79,34.68,7.47,328.2,43.18,Powdery_Mildew,20.63
16.09,86.14,48.46,19.45,12.36,47.9,4.96,223.9,40.56,Rust,7.45
17.69,85.97,53.35,25.21,24.87,16.12,6.09,848.6,40.64,Rust,6.89
24.19,83.96,58.93,23.52,35.61,39.32,5.9,895.2,47.01,Early_Blight,5.11
34.69,71.22,54.52,19.35,16.4,22.63,5.0,291.5,37.09,Root_Rot,6.34
37.84,79.71,59.74,13.84,14.22,35.59,7.45,871.8,51.51,Early_Blight,7.05
38.53,32.16,61.67,35.88,24.51,16.28,8.05,312.0,42.85,Healthy,4.06
25.14,68.27,44.9,13.4,24.21,41.32,6.04,297.5,31.08,Early_Blight,10.21
16.68,74.86,56.47,40.19,23.45,49.56,6.3,303.2,47.68,Healthy,3.28
16.4,88.78,53.54,19.33,9.87,39.3,6.27,262.3,32.52,Rust,5.79
22.36,95.74,63.58,37.79,31.58,29.52,7.53,661.3,49.62,Powdery_Mildew,1.51
18.79,66.06,55.02,46.12,15.97,42.39,6.9,548.1,41.95,Healthy,4.8
32.33,88.48,42.73,49.24,18.21,16.73,7.34,738.5,39.5,Bacterial_Leaf_Spot,12.93
30.11,90.28,58.45,34.29,47.6,48.36,5.12,487.0,43.65,Root_Rot,4.71
28.04,86.11,56.21,47.4,11.09,13.4,7.72,414.2,44.09,Bacterial_Leaf_Spot,4.97
17.42,62.41,61.28,21.38,42.05,11.68,4.87,492.0,37.27,Root_Rot,2.89
34.08,70.54,36.97,23.56,19.14,11.8,7.84,930.3,40.15,Early_Blight,16.58
22.39,85.4,60.72,41.28,17.06,30.45,5.4,506.4,35.43,Root_Rot,2.87
22.63,84.67,31.24,29.68,39.8,17.52,6.41,412.9,41.71,Healthy,15.86
31.57,73.08,57.78,18.33,44.51,15.86,5.19,656.5,41.94,Root_Rot,6.1
16.51,37.14,54.59,18.14,45.89,34.8,5.13,496.1,34.76,Root_Rot,5.67
28.62,78.46,53.79,31.5,50.17,44.81,4.91,499.7,50.41,Root_Rot,6.35
29.05,57.14,36.45,11.68,34.36,14.2,5.69,529.5,37.84,Healthy,15.52
37.22,77.92,38.87,27.36,22.43,39.54,6.95,610.3,45.87,Early_Blight,15.03
35.21,34.46,54.49,41.96,22.45,20.91,4.95,771.3,33.23,Root_Rot,8.93
28.44,68.53,46.16,21.98,12.06,42.32,5.16,753.1,28.68,Early_Blight,10.42
25.2,94.13,63.22,12.05,43.36,47.35,7.68,348.0,50.66,Powdery_Mildew,1.69
17.8,48.77,55.99,49.0,45.62,48.84,5.72,932.1,58.12,Root_Rot,5.7
40.35,70.55,34.49,26.8,29.25,14.09,8.15,812.9,43.91,Early_Blight,18.79
24.14,85.09,47.63,47.7,47.41,48.95,7.43,339.1,54.41,Powdery_Mildew,8.68
35.07,30.38,43.43,26.75,17.13,45.34,6.34,890.9,49.55,Healthy,15.88
39.78,83.19,24.14,25.73,24.65,33.35,8.16,895.9,37.47,Early_Blight,23.85
32.06,83.67,59.91,48.99,45.05,34.1,7.56,357.9,48.63,Bacterial_Leaf_Spot,3.2
30.34,94.63,19.55,30.15,9.36,43.35,7.86,651.1,46.77,Early_Blight,22.1
39.09,62.62,43.12,38.41,48.64,20.27,8.03,646.5,48.4,Healthy,13.43
27.28,70.7,45.68,29.81,24.48,46.68,5.45,372.1,38.99,Early_Blight,10.17
25.52,90.73,53.36,48.29,24.62,42.01,7.83,210.0,45.3,Powdery_Mildew,6.43
17.03,72.94,54.75,38.56,24.6,26.16,5.54,634.7,38.95,Root_Rot,5.3
17.46,72.42,54.68,38.17,23.65,26.07,5.57,646.7,44.73,Root_Rot,4.38
27.5,85.13,60.8,44.87,15.35,16.48,7.96,761.0,46.44,Bacterial_Leaf_Spot,3.49
19.94,87.63,54.81,42.51,40.93,33.91,7.24,788.3,59.0,Rust,5.58
39.69,87.37,9.17,22.91,44.77,47.06,5.11,956.1,43.94,Early_Blight,29.96
33.38,57.99,60.72,17.32,11.74,24.34,5.27,764.0,37.53,Early_Blight,5.78
28.72,53.84,9.74,33.36,47.69,50.54,7.08,859.1,44.07,Healthy,28.65
16.55,80.75,51.84,15.7,23.77,41.58,8.0,871.6,49.51,Rust,6.86
26.2,91.13,38.52,18.63,11.54,20.41,6.14,269.2,25.42,Early_Blight,13.2
26.06,81.28,48.13,44.89,22.2,10.12,7.82,476.8,48.56,Bacterial_Leaf_Spot,8.71
23.84,83.42,25.83,44.57,40.45,19.68,5.54,213.0,37.4,Powdery_Mildew,17.75
33.17,92.1,20.79,45.68,30.67,36.83,7.82,549.6,47.17,Bacterial_Leaf_Spot,22.33
24.82,88.93,64.99,50.52,34.82,35.25,7.88,728.5,57.67,Healthy,1.16
23.72,82.86,42.62,45.82,34.83,48.33,6.1,311.4,45.25,Powdery_Mildew,11.07
23.26,89.92,60.46,11.6,39.96,46.66,7.73,788.8,48.67,Rust,3.94
38.9,77.15,64.59,15.44,25.5,28.4,6.38,714.8,51.74,Early_Blight,4.17
31.88,53.91,50.33,12.04,45.91,50.15,5.32,198.1,39.81,Root_Rot,8.41
21.79,86.36,51.09,13.79,32.57,20.33,7.29,289.3,36.91,Powdery_Mildew,6.57
20.35,80.64,51.91,33.25,32.05,13.25,7.99,281.8,46.07,Powdery_Mildew,7.48
22.22,25.15,21.5,9.56,46.03,18.82,4.9,330.3,26.39,Healthy,20.59
12.35,50.52,58.27,25.02,30.15,18.63,6.21,730.8,41.8,Healthy,2.8
30.19,84.38,31.68,47.5,36.76,33.06,7.69,235.0,45.65,Bacterial_Leaf_Spot,15.91
29.74,80.01,45.51,19.11,43.61,46.48,6.68,235.6,41.89,Early_Blight,9.13
16.3,92.7,10.42,23.45,33.65,44.36,5.62,420.6,37.04,Healthy,24.64
25.37,84.5,15.48,45.08,30.85,23.28,7.52,379.6,42.46,Bacterial_Leaf_Spot,23.56
24.38,88.9,31.97,30.56,38.94,20.0,7.98,311.3,45.82,Rust,15.94
35.71,53.0,14.26,23.21,23.62,24.72,7.64,605.9,34.85,Healthy,26.19
34.19,49.32,59.75,13.47,49.51,34.62,8.04,900.7,57.0,Healthy,8.11
19.4,89.95,51.94,26.85,25.66,21.03,8.07,586.8,45.17,Rust,7.43
30.39,48.02,12.08,22.39,10.95,39.83,8.07,595.5,34.84,Healthy,27.48
24.08,88.2,14.51,42.67,35.19,34.03,7.74,756.1,40.47,Healthy,24.89
14.4,80.68,59.42,48.68,17.48,21.55,5.63,375.5,38.76,Root_Rot,3.51
31.05,86.18,45.77,42.14,44.94,43.72,4.95,930.5,39.88,Healthy,11.28
27.54,50.17,37.07,34.19,46.3,41.74,5.9,988.6,49.41,Healthy,16.57
31.13,52.34,39.89,29.91,46.66,18.35,6.81,245.3,47.48,Healthy,12.09
22.31,91.31,55.04,23.61,20.21,22.35,6.62,833.1,46.24,Rust,6.33
25.77,91.28,25.17,32.9,43.39,13.85,7.35,968.4,47.27,Early_Blight,20.29
29.95,90.34,18.18,48.87,11.38,36.72,7.63,659.7,45.23,Bacterial_Leaf_Spot,23.3
25.27,57.47,31.62,34.4,49.39,32.28,6.73,243.4,35.28,Bacterial_Leaf_Spot,16.81
21.86,82.95,62.58,19.02,28.21,25.84,6.32,272.6,40.34,Powdery_Mildew,1.61
39.42,77.4,35.45,14.05,37.6,34.74,4.84,810.2,37.78,Early_Blight,18.18
13.38,91.27,23.25,19.2,16.6,37.76,7.29,757.0,34.79,Healthy,19.12
41.27,49.34,46.95,17.36,49.6,14.16,5.24,726.5,43.28,Healthy,13.64
24.51,92.41,17.66,33.88,19.84,10.37,7.66,810.6,35.74,Early_Blight,23.33
24.45,71.8,60.82,33.51,14.51,45.94,6.15,498.0,53.16,Early_Blight,3.58
41.21,91.61,49.53,31.96,47.3,49.11,5.74,502.6,42.47,Early_Blight,10.26
26.58,90.18,33.49,43.94,21.81,13.67,6.78,882.6,44.15,Healthy,17.57
37.81,84.05,32.86,21.32,26.19,50.43,6.43,454.8,43.11,Early_Blight,16.96
23.57,62.67,35.42,19.77,48.61,47.92,7.76,495.5,49.1,Healthy,15.08
38.35,31.84,36.47,29.85,28.9,40.63,5.37,739.7,35.13,Healthy,17.91
36.93,89.15,37.64,25.84,28.5,15.91,6.47,772.2,44.58,Early_Blight,15.96
41.3,53.97,45.77,46.41,16.46,41.07,6.51,590.9,51.26,Healthy,13.45
39.67,80.7,54.71,29.4,28.41,18.2,6.1,252.5,36.79,Early_Blight,6.49
40.95,36.46,60.34,14.86,41.59,15.21,5.35,788.7,38.55,Root_Rot,8.59
38.24,77.91,42.22,16.9,29.52,25.86,7.99,414.2,41.57,Root_Rot,12.98
24.81,81.02,27.3,23.01,38.63,21.17,7.93,281.1,37.48,Powdery_Mildew,18.0
33.01,86.2,61.37,48.14,26.16,29.55,6.84,275.4,46.35,Healthy,3.39
20.94,84.75,21.45,46.13,24.43,13.89,7.34,235.7,37.61,Powdery_Mildew,20.22
22.79,90.59,51.33,27.4,44.53,23.46,6.94,238.8,45.33,Powdery_Mildew,6.51
22.87,87.07,59.79,41.69,14.29,19.15,7.07,597.7,52.57,Rust,3.9
30.77,35.09,50.02,41.56,24.53,11.08,7.6,866.2,48.67,Healthy,10.02
39.41,48.91,64.55,30.06,24.25,43.3,6.33,530.6,47.76,Healthy,4.17
19.4,88.56,58.69,47.2,30.56,19.49,6.26,833.5,50.37,Early_Blight,2.41
32.42,83.59,13.72,37.36,13.31,47.97,8.16,974.6,54.35,Bacterial_Leaf_Spot,26.28
30.95,48.56,60.04,22.58,43.32,21.2,5.76,797.0,42.64,Root_Rot,6.5
39.63,81.68,46.7,41.12,9.9,45.92,7.3,679.8,49.11,Bacterial_Leaf_Spot,12.29
29.39,85.36,18.85,48.62,34.62,44.91,7.31,349.7,34.47,Bacterial_Leaf_Spot,21.43
30.45,67.68,48.28,19.53,29.48,14.6,7.96,432.7,40.23,Early_Blight,9.04
23.11,85.78,38.24,37.28,30.37,43.38,5.87,297.4,37.76,Powdery_Mildew,13.44
26.65,59.57,58.75,31.13,20.61,42.54,6.61,960.8,51.32,Healthy,6.16
29.02,87.61,12.21,28.55,11.43,12.91,8.09,867.3,38.06,Early_Blight,27.84
29.44,82.36,51.59,46.62,45.81,35.25,7.68,346.6,51.2,Bacterial_Leaf_Spot,7.3
25.64,85.33,35.24,21.62,35.84,45.74,7.22,862.6,40.9,Early_Blight,16.07
24.8,62.69,29.62,40.96,33.73,40.62,5.96,664.4,46.07,Healthy,18.89
25.39,58.23,63.35,38.2,36.49,23.99,5.41,431.3,47.59,Root_Rot,2.31
34.85,44.63,9.53,23.72,34.02,37.91,7.13,454.5,39.06,Healthy,27.27
36.6,88.53,42.66,13.35,12.61,45.92,6.97,877.4,44.89,Early_Blight,14.16
21.74,87.81,47.76,14.38,33.95,17.6,7.15,285.4,47.19,Powdery_Mildew,8.34
23.01,55.66,50.19,28.86,46.78,47.11,4.89,224.8,39.58,Root_Rot,6.66
16.38,52.43,20.35,42.97,10.89,24.27,7.98,491.4,32.83,Healthy,20.7
26.9,82.42,62.39,47.31,36.57,34.69,7.44,693.7,54.15,Bacterial_Leaf_Spot,3.01
31.45,72.6,44.97,17.64,19.76,48.13,7.8,231.5,53.11,Healthy,10.49
35.66,85.83,43.34,47.8,26.78,34.71,7.79,217.6,40.58,Bacterial_Leaf_Spot,10.78
23.64,88.82,16.79,40.44,22.66,16.5,7.44,242.2,42.0,Powdery_Mildew,22.14
25.23,85.49,58.43,24.02,31.96,14.19,7.5,353.2,44.06,Early_Blight,3.89
15.3,59.46,20.0,13.3,19.01,28.12,6.2,682.3,37.58,Healthy,21.17
19.1,92.01,12.61,14.94,36.58,46.45,5.65,539.7,37.44,Healthy,24.73
21.09,90.33,62.21,13.87,35.38,16.59,6.65,802.7,56.1,Rust,2.32
16.98,26.51,56.92,47.83,23.03,31.91,7.99,966.7,56.48,Healthy,4.99
32.76,49.72,32.0,31.33,28.95,44.4,5.33,692.8,38.51,Healthy,19.19
21.29,92.34,56.09,38.08,36.48,22.28,7.37,679.9,40.49,Rust,5.13
25.04,43.36,28.3,10.44,29.31,31.7,6.22,457.4,33.62,Healthy,17.53
36.09,82.69,22.17,13.43,34.51,37.93,6.26,765.3,41.83,Early_Blight,23.24
34.9,46.95,12.11,21.62,33.07,35.07,7.19,450.3,35.28,Healthy,26.78
12.22,83.79,58.8,22.38,47.89,13.69,7.2,217.4,41.71,Rust,2.11
32.26,47.18,20.17,15.27,27.96,14.48,5.26,565.3,22.79,Healthy,23.37
23.89,86.66,59.5,27.83,47.44,25.16,8.15,903.1,56.25,Rust,5.12
17.43,78.12,33.99,46.86,16.59,31.6,5.68,266.0,34.43,Healthy,14.53
25.78,60.59,8.56,15.43,33.29,43.93,8.18,573.5,48.05,Healthy,27.73
27.22,86.56,64.05,49.71,24.93,46.54,6.75,318.9,46.21,Healthy,0.72
31.3,38.62,12.39,28.57,30.66,22.3,7.32,424.4,32.19,Healthy,26.17
30.84,62.05,59.17,44.26,44.03,33.93,5.34,470.6,46.73,Root_Rot,4.64
22.6,93.01,52.65,17.55,21.2,13.81,6.68,604.9,40.99,Rust,6.62
14.54,70.67,9.83,16.63,14.21,26.32,5.53,363.5,26.89,Healthy,25.6
38.28,76.42,50.25,38.03,37.31,23.95,7.46,885.7,54.02,Bacterial_Leaf_Spot,12.33
25.86,26.34,45.08,25.64,16.09,40.2,5.67,519.6,37.41,Healthy,12.15
36.02,48.34,61.13,34.56,47.64,17.19,6.34,881.4,52.11,Healthy,7.96
16.33,76.79,56.28,17.81,11.86,23.37,5.84,374.3,38.78,Healthy,4.34
18.19,80.16,35.45,39.16,45.52,19.79,7.28,922.7,56.0,Healthy,14.92
30.55,83.09,63.95,30.57,36.88,46.22,6.66,907.8,53.15,Early_Blight,4.35
33.42,83.43,41.99,41.97,15.12,41.02,6.83,387.0,39.09,Powdery_Mildew,12.11
24.38,88.85,32.3,31.91,32.24,22.01,5.96,231.4,33.8,Powdery_Mildew,15.37
18.51,86.85,58.5,19.73,29.77,47.73,6.93,566.8,48.6,Rust,4.21
24.84,85.98,15.92,44.38,28.13,17.41,7.51,228.3,44.1,Powdery_Mildew,22.67
24.82,91.01,26.19,37.42,18.69,33.34,7.91,487.6,38.41,Healthy,18.36
17.61,63.04,58.51,49.1,43.28,18.53,5.64,787.4,51.56,Root_Rot,4.03
21.57,86.05,48.07,22.54,42.74,33.01,7.16,265.6,43.43,Powdery_Mildew,8.5
33.5,89.53,40.94,15.36,19.87,20.99,5.86,993.8,45.04,Early_Blight,14.96
21.28,92.63,37.47,32.21,13.85,45.07,6.22,252.1,38.04,Powdery_Mildew,13.05
23.34,88.69,27.42,30.64,40.87,20.26,7.95,293.3,45.18,Powdery_Mildew,17.94
25.59,61.09,57.52,19.57,21.36,48.59,5.44,252.9,38.53,Root_Rot,4.05
19.88,41.15,28.05,25.73,12.9,30.68,6.32,709.1,33.07,Healthy,18.79
33.36,60.21,50.0,21.15,12.28,28.91,7.65,354.9,43.06,Healthy,8.79
15.32,36.62,53.53,18.74,48.12,33.08,5.07,521.1,37.52,Root_Rot,5.27
15.34,86.01,64.47,14.93,36.26,26.34,7.22,708.6,46.16,Rust,1.65
23.71,87.92,18.25,40.27,23.45,16.51,7.36,237.9,34.44,Powdery_Mildew,21.37
24.52,87.57,59.82,49.54,37.0,23.01,7.54,790.7,58.05,Healthy,3.57
22.41,84.54,19.1,34.82,12.0,29.89,7.74,228.0,44.71,Powdery_Mildew,20.66
39.98,49.96,52.57,24.79,22.55,28.88,4.92,640.7,49.71,Root_Rot,9.69
26.4,41.75,22.59,22.42,27.43,33.91,6.0,940.7,39.63,Healthy,23.02
28.39,37.44,46.88,38.91,14.11,32.78,6.37,399.1,41.6,Healthy,9.93
31.83,93.16,17.8,16.66,14.66,27.45,6.63,699.0,37.41,Early_Blight,23.68
20.79,87.87,48.8,48.84,12.61,24.44,7.44,500.6,50.03,Rust,8.57
37.32,85.93,47.88,46.28,28.91,36.06,7.75,226.0,50.96,Bacterial_Leaf_Spot,9.0
31.33,64.52,16.3,29.21,17.96,44.2,6.74,650.9,40.34,Healthy,25.08
29.8,85.27,8.8,45.4,27.82,30.56,7.58,1009.5,45.7,Bacterial_Leaf_Spot,29.16
36.69,75.52,37.5,35.78,10.89,40.17,7.77,653.4,49.8,Bacterial_Leaf_Spot,16.16
18.29,84.56,59.47,23.91,49.56,18.26,7.82,446.5,47.2,Rust,2.12
14.4,74.33,32.17,48.17,26.54,22.56,8.08,475.0,41.58,Healthy,15.01
25.57,94.72,47.01,35.63,38.8,32.03,4.94,268.7,42.28,Powdery_Mildew,7.71
32.68,82.0,54.4,44.96,45.32,27.25,7.4,477.7,54.21,Bacterial_Leaf_Spot,6.83
41.02,73.68,53.11,15.56,26.22,10.43,8.04,968.8,46.48,Early_Blight,11.42
24.91,42.97,27.75,11.05,29.09,31.01,6.21,473.9,24.09,Healthy,19.06
25.81,84.26,31.11,23.74,35.94,22.33,8.14,260.2,34.57,Powdery_Mildew,16.61
24.53,84.59,25.77,35.28,15.19,37.71,6.2,356.9,35.83,Healthy,18.71
20.37,93.95,29.37,30.64,20.15,33.63,6.14,786.4,36.05,Healthy,17.17
32.97,41.18,59.57,46.5,30.6,33.32,5.17,533.9,36.13,Root_Rot,5.8
28.07,89.18,60.56,48.67,25.79,48.88,7.44,514.6,52.01,Bacterial_Leaf_Spot,3.38
25.93,88.16,59.5,38.82,14.78,20.48,5.3,339.8,44.79,Root_Rot,3.44
33.03,56.72,22.18,45.41,17.84,24.24,5.32,371.5,37.52,Healthy,21.72
29.69,83.83,51.45,16.29,13.58,20.32,7.48,433.3,49.64,Early_Blight,7.4
33.96,90.02,54.59,10.38,34.04,33.7,5.12,523.9,39.69,Root_Rot,7.3
24.53,83.79,16.51,44.17,13.73,41.73,7.67,330.2,43.15,Powdery_Mildew,23.05
13.7,95.22,58.77,19.08,37.63,11.46,6.17,405.1,39.49,Rust,2.58
22.92,83.51,50.99,13.01,20.12,26.17,5.65,288.2,39.16,Root_Rot,7.49
27.58,85.65,14.37,21.56,25.65,42.27,5.54,897.4,35.78,Early_Blight,26.02
22.95,82.19,41.4,49.23,16.31,30.82,5.3,348.4,37.78,Healthy,11.52
35.41,50.3,38.2,34.37,41.32,39.69,5.79,242.8,37.22,Healthy,13.16
22.28,90.67,52.98,24.19,25.85,34.29,6.0,945.4,42.76,Rust,7.01
30.85,85.99,36.16,23.0,35.85,19.59,4.99,685.2,35.92,Early_Blight,15.32
15.4,55.3,37.84,11.42,48.43,47.53,7.86,340.5,46.01,Healthy,12.92
19.22,87.71,58.29,14.99,17.52,37.98,6.69,755.3,41.14,Rust,3.79
38.46,85.98,24.2,40.26,17.66,22.96,7.94,467.2,36.6,Bacterial_Leaf_Spot,21.0
33.44,68.07,59.45,29.63,24.61,43.01,5.31,500.2,39.07,Root_Rot,4.35
18.86,86.41,63.48,24.13,37.47,38.05,6.36,485.3,51.37,Rust,1.36
13.4,84.78,25.47,40.84,43.77,42.82,6.63,727.0,42.59,Healthy,18.3
13.25,29.89,59.36,20.69,44.68,25.07,5.67,660.2,45.18,Root_Rot,4.34
21.79,42.04,42.36,34.04,26.74,30.56,5.49,973.3,39.9,Healthy,12.4
30.63,45.44,28.82,26.34,27.6,48.09,4.91,798.6,31.43,Healthy,21.09
27.55,48.34,48.97,29.94,42.05,41.34,7.58,984.1,55.56,Healthy,11.48
34.41,59.72,54.58,20.87,10.61,33.17,6.95,591.8,47.36,Healthy,8.14
29.65,77.31,55.93,39.79,31.78,13.79,5.49,580.4,42.63,Root_Rot,6.38
17.02,29.99,40.98,15.5,37.84,41.73,6.36,770.5,45.36,Healthy,12.5
38.53,30.71,28.79,27.97,10.99,25.67,7.87,473.4,38.86,Healthy,19.88
19.26,86.68,37.99,30.03,25.71,31.39,4.95,842.1,35.82,Healthy,14.3
22.42,86.38,52.03,40.98,39.99,17.78,5.4,964.7,55.35,Root_Rot,7.79
28.12,89.97,37.49,46.98,11.35,44.32,7.67,673.3,50.59,Bacterial_Leaf_Spot,15.09
27.82,51.42,38.46,36.37,15.46,40.45,8.08,364.1,42.79,Healthy,13.16
25.4,85.64,23.73,30.14,46.97,41.98,5.6,219.7,38.44,Powdery_Mildew,19.16
14.07,53.02,63.03,21.55,35.19,11.1,5.54,733.5,36.4,Root_Rot,1.05
36.98,77.37,38.03,37.39,10.7,42.04,7.8,667.9,46.61,Bacterial_Leaf_Spot,15.9
20.88,80.36,60.99,49.23,44.71,22.88,5.6,390.3,46.97,Root_Rot,3.34
20.63,84.27,56.76,35.93,42.6,28.12,7.41,843.8,52.35,Rust,5.33
31.09,93.48,15.57,14.74,23.05,12.85,6.62,998.1,36.23,Early_Blight,25.73
27.78,76.32,19.13,24.85,30.04,26.69,5.0,683.9,37.68,Early_Blight,22.49
27.31,72.17,61.72,30.16,25.24,45.96,6.26,745.6,50.85,Early_Blight,4.0
33.58,43.09,39.6,30.26,45.44,20.75,7.56,845.0,44.5,Healthy,15.64
18.32,25.46,56.75,12.37,37.68,50.25,7.18,370.3,46.95,Healthy,4.12
14.45,63.13,58.33,46.75,24.36,10.32,5.42,983.0,44.09,Root_Rot,4.07
19.44,89.13,50.21,21.6,37.98,39.85,6.49,832.9,45.9,Rust,8.71
40.36,40.92,63.01,49.44,27.86,11.04,5.67,900.7,47.43,Root_Rot,9.26
39.81,74.06,33.72,18.64,35.3,29.49,5.49,442.8,32.31,Early_Blight,16.44
22.22,83.45,38.93,46.68,36.73,34.58,7.77,332.8,52.31,Powdery_Mildew,13.21
32.31,35.09,54.47,43.32,49.07,44.46,5.25,639.6,42.66,Root_Rot,8.63
27.1,81.5,56.49,24.26,38.1,44.61,5.39,365.7,42.55,Bacterial_Leaf_Spot,4.94
19.47,88.58,50.27,31.95,15.82,30.96,7.54,973.3,42.48,Rust,8.49
21.83,89.79,56.88,44.23,35.21,43.89,7.95,200.0,51.34,Powdery_Mildew,4.1
15.88,93.52,57.41,19.96,36.56,33.5,5.15,950.4,42.31,Root_Rot,4.42
40.97,91.85,18.85,21.31,27.35,39.63,8.1,342.0,40.28,Early_Blight,22.4
16.16,79.04,52.23,47.32,30.9,44.9,5.6,482.6,43.94,Root_Rot,5.62
25.99,86.54,60.99,45.6,41.73,26.91,7.64,424.0,46.23,Bacterial_Leaf_Spot,2.26
23.64,35.51,53.0,24.34,37.99,47.32,5.12,762.5,42.93,Root_Rot,8.46
23.21,82.81,18.42,22.62,31.53,25.12,6.96,590.6,38.79,Healthy,22.29
25.13,85.38,37.08,11.55,26.17,47.23,5.31,649.2,36.28,Bacterial_Leaf_Spot,14.07
23.24,93.11,26.69,41.0,29.18,29.11,7.26,304.2,45.72,Powdery_Mildew,17.93
23.57,85.83,22.79,20.34,39.15,30.91,5.92,598.1,39.34,Healthy,20.87
26.01,89.46,22.08,49.81,14.12,24.0,7.84,492.4,47.61,Bacterial_Leaf_Spot,20.8
16.37,35.95,16.19,24.68,36.22,24.54,7.11,753.0,45.79,Early_Blight,22.9
33.91,71.44,31.81,12.11,22.62,40.23,5.22,739.1,37.25,Early_Blight,19.18
37.41,94.29,11.9,47.41,28.19,32.87,5.69,744.0,41.14,Healthy,28.13
12.53,87.63,55.02,36.97,42.73,34.89,5.94,450.3,49.41,Rust,4.94
41.19,66.79,37.46,11.36,37.05,39.62,6.29,876.5,42.59,Early_Blight,18.71
27.54,63.25,65.34,37.94,41.22,45.79,5.21,311.9,46.73,Root_Rot,1.82
18.97,90.08,59.0,14.33,44.64,33.26,6.72,487.3,47.42,Rust,4.03
23.31,81.41,51.53,43.31,35.17,46.07,6.32,278.2,43.36,Powdery_Mildew,7.07
34.39,65.24,9.67,18.7,47.58,11.46,7.99,916.8,41.66,Early_Blight,30.02
31.46,65.41,51.92,19.14,41.68,47.48,5.88,872.0,48.83,Early_Blight,10.18
20.82,89.37,55.84,44.12,36.63,43.56,7.88,208.5,55.1,Powdery_Mildew,3.97
25.94,90.25,58.65,45.14,28.34,46.15,7.8,231.3,53.76,Bacterial_Leaf_Spot,3.86
38.23,72.45,44.93,17.99,19.12,17.46,7.13,633.2,37.77,Early_Blight,12.0
31.11,89.69,9.02,19.14,19.84,23.28,6.21,802.0,34.85,Early_Blight,27.78
18.84,95.15,49.44,13.95,19.22,25.66,6.75,515.0,39.5,Rust,8.42
23.53,74.59,60.84,12.22,37.4,29.28,5.29,456.3,39.92,Root_Rot,3.53
26.81,74.61,54.04,16.53,28.54,34.68,5.32,225.5,46.91,Root_Rot,6.44
33.95,91.09,40.28,14.56,20.14,22.15,5.95,972.3,38.64,Healthy,15.05
22.3,91.03,58.04,44.35,36.82,43.97,7.76,228.7,46.28,Powdery_Mildew,3.05
25.92,79.78,28.49,47.93,24.15,18.35,7.97,465.8,41.18,Bacterial_Leaf_Spot,17.74
36.24,70.47,25.7,29.19,44.25,46.7,6.76,313.9,45.63,Early_Blight,19.44
37.3,33.22,57.01,12.25,46.86,23.4,5.04,488.5,37.9,Root_Rot,7.19
29.69,84.62,56.06,50.64,46.21,48.74,7.35,932.6,58.77,Bacterial_Leaf_Spot,7.98
36.51,36.8,22.86,38.42,30.59,21.38,6.75,856.7,37.86,Early_Blight,24.71
19.27,33.74,51.17,24.2,28.7,15.98,5.51,774.3,40.19,Root_Rot,8.31
38.91,37.73,29.33,12.12,17.18,29.2,7.6,394.7,34.15,Healthy,18.52
30.84,92.2,44.61,24.15,49.06,14.98,8.06,745.7,51.24,Early_Blight,12.08
22.49,87.55,56.08,31.62,49.13,40.2,5.8,486.2,55.09,Rust,5.11
12.8,37.95,27.1,37.24,43.97,20.47,5.25,216.7,30.36,Healthy,16.84
23.87,46.35,60.61,35.42,33.05,46.04,5.26,880.5,42.77,Root_Rot,4.86
20.97,93.24,53.12,19.47,20.89,12.9,6.95,535.4,40.73,Rust,6.26
39.33,76.53,60.23,36.98,44.01,17.42,5.16,859.7,44.87,Root_Rot,6.99
19.84,88.52,52.86,27.39,49.29,45.75,5.92,817.0,50.35,Rust,7.78
21.3,32.45,57.35,21.7,23.82,42.29,4.91,315.0,38.62,Root_Rot,4.35
17.51,34.96,61.08,18.71,13.14,40.58,5.22,517.1,34.67,Root_Rot,2.67
27.31,85.76,27.8,24.37,31.47,24.52,5.97,886.3,43.51,Early_Blight,18.5
18.29,88.34,58.83,15.73,18.63,22.23,7.4,583.4,48.14,Rust,3.19
21.74,34.18,14.53,43.01,20.49,30.8,6.74,914.4,39.9,Healthy,25.43
28.48,73.35,61.09,30.64,36.05,46.73,7.21,335.5,53.37,Early_Blight,2.67
23.51,86.77,12.25,34.4,12.83,35.99,7.12,250.7,24.32,Powdery_Mildew,25.04
38.87,73.84,41.54,31.3,20.7,20.84,7.44,313.8,40.59,Early_Blight,12.3
37.21,86.72,36.96,13.84,10.95,19.93,5.19,575.6,35.1,Early_Blight,16.1
27.75,48.63,49.41,18.51,13.12,41.9,8.05,670.3,43.66,Healthy,9.93
40.6,90.01,18.29,16.97,12.64,46.16,6.74,258.2,37.51,Early_Blight,22.43
30.6,76.64,37.05,40.04,15.75,28.89,5.73,886.0,35.07,Healthy,16.14
27.69,92.43,65.21,30.87,47.21,48.68,5.06,447.1,40.4,Root_Rot,1.36
31.67,89.83,24.08,48.0,33.11,11.82,7.74,318.0,37.43,Bacterial_Leaf_Spot,20.49
28.71,89.98,51.95,18.19,44.93,49.21,5.34,572.8,46.58,Root_Rot,6.6
21.89,87.05,20.64,22.49,41.33,28.43,5.01,325.9,28.93,Powdery_Mildew,19.66
21.92,92.45,13.13,36.32,28.02,21.52,7.31,257.3,38.49,Powdery_Mildew,23.6
26.02,54.14,62.21,19.69,30.7,32.83,5.5,502.6,36.8,Root_Rot,3.14
15.97,42.85,53.51,25.21,44.1,22.18,5.37,403.9,42.58,Root_Rot,6.12
22.27,85.56,26.01,39.77,20.37,36.64,6.0,350.0,36.05,Powdery_Mildew,18.57
34.63,68.37,9.7,10.85,18.18,30.32,7.63,597.4,40.48,Early_Blight,27.79
40.56,41.16,62.84,15.45,28.06,31.44,5.45,730.7,37.4,Root_Rot,7.16
27.07,83.73,50.62,47.48,25.38,38.27,7.51,629.1,57.86,Bacterial_Leaf_Spot,8.98
28.55,37.77,64.5,11.45,10.16,22.76,4.95,988.8,42.66,Root_Rot,5.08
37.59,30.39,62.89,10.79,31.57,17.51,7.66,424.5,44.98,Healthy,4.61
20.22,92.31,54.52,13.76,36.35,15.86,6.72,519.1,47.91,Rust,5.77
36.39,39.12,59.73,45.58,30.74,31.22,5.05,563.5,41.95,Root_Rot,5.92
22.75,79.37,41.79,15.09,43.58,29.01,7.9,326.1,52.97,Healthy,11.6
22.77,91.02,56.83,30.87,28.72,18.81,6.11,774.1,44.24,Rust,5.46
35.58,27.74,32.4,20.19,47.3,30.15,6.66,266.8,33.02,Healthy,16.55
23.93,92.35,17.97,32.49,19.56,11.47,7.61,818.8,32.87,Healthy,23.86
32.49,36.64,10.12,35.51,38.33,33.63,5.11,304.8,33.86,Healthy,25.26
30.11,31.69,49.41,40.89,25.0,13.29,7.68,877.7,42.94,Healthy,11.06
27.03,79.01,12.4,20.93,41.96,14.94,7.72,276.6,38.72,Early_Blight,23.99
16.35,88.12,53.18,30.09,29.06,36.22,5.36,351.0,46.24,Root_Rot,5.54
17.93,90.27,53.03,33.31,45.25,39.02,6.57,304.4,38.72,Rust,5.68
21.82,45.2,60.47,47.62,41.11,46.25,5.5,869.9,41.68,Root_Rot,3.83
36.13,31.53,44.55,31.37,46.09,10.81,5.4,791.2,43.89,Healthy,14.28
41.19,72.71,31.92,25.32,36.55,11.11,6.54,462.2,37.26,Early_Blight,17.39
19.51,91.54,50.22,42.51,28.73,19.04,6.28,784.6,51.93,Rust,9.17
14.07,53.67,32.3,24.66,24.51,46.44,7.31,389.8,43.95,Healthy,15.99
27.14,81.84,62.48,47.18,12.84,15.73,7.89,722.5,51.47,Bacterial_Leaf_Spot,3.27
31.05,36.43,45.31,46.58,24.02,11.55,4.96,904.8,38.46,Healthy,13.66
29.69,62.2,63.69,23.1,26.95,21.53,6.69,663.8,39.97,Healthy,2.9
24.9,27.26,24.26,35.3,12.05,31.12,5.51,351.1,30.77,Healthy,18.82
21.4,66.33,15.24,15.84,47.4,48.24,8.14,555.2,47.35,Healthy,23.69
20.58,85.78,40.24,41.8,13.82,22.25,6.6,218.6,39.75,Powdery_Mildew,11.07
20.68,93.19,53.86,37.27,38.89,16.14,5.79,727.9,42.13,Root_Rot,6.3
20.96,84.38,58.4,39.7,39.92,46.64,6.15,645.7,59.91,Rust,3.48
39.5,78.94,38.98,47.48,13.36,49.77,6.54,426.7,43.05,Healthy,13.77
39.43,29.29,12.79,23.97,25.64,9.4,7.96,500.8,40.24,Healthy,27.59
41.2,61.26,30.87,21.77,22.76,43.18,6.26,917.1,38.72,Healthy,21.89
33.53,26.49,13.54,31.88,24.91,37.47,4.78,850.7,37.73,Healthy,28.92
33.79,44.15,24.55,29.95,30.33,39.06,6.44,340.8,31.43,Healthy,19.56
27.61,82.42,24.77,48.75,18.37,47.25,7.88,962.0,41.63,Bacterial_Leaf_Spot,21.72
39.8,66.12,39.18,29.09,16.97,44.02,5.71,237.1,35.59,Healthy,12.73
37.38,56.0,63.35,43.06,27.11,18.01,5.13,697.7,47.84,Root_Rot,5.46
22.98,62.41,42.88,46.32,47.29,37.05,7.19,505.1,43.53,Healthy,11.39
41.21,70.14,45.38,31.64,18.1,44.07,5.72,911.6,40.55,Early_Blight,14.05
19.76,29.32,31.76,32.74,18.36,35.74,7.87,768.5,42.31,Healthy,16.85
41.55,76.7,43.26,17.5,15.68,33.95,7.97,639.8,48.12,Early_Blight,13.95
15.55,90.4,30.06,32.64,23.18,16.74,7.62,326.9,42.64,Healthy,16.35
30.48,52.89,58.63,21.95,25.29,23.02,6.05,408.5,45.37,Healthy,4.77
26.09,81.56,17.53,28.47,22.07,48.07,8.03,575.2,44.96,Early_Blight,23.88
18.47,84.93,53.2,20.02,23.93,36.35,7.05,807.9,54.89,Rust,7.07
29.73,92.02,38.95,22.46,48.45,28.47,7.41,542.5,43.45,Early_Blight,13.44
15.97,64.56,40.75,36.08,13.66,35.31,6.58,804.2,41.6,Healthy,12.33
37.94,59.46,52.8,40.17,15.9,13.85,5.35,860.4,38.0,Root_Rot,11.86
37.22,85.49,35.52,38.89,21.32,15.55,7.97,327.5,45.32,Bacterial_Leaf_Spot,15.88
41.6,31.53,28.14,18.09,19.66,43.42,5.18,300.5,26.43,Healthy,18.53
24.8,90.09,17.84,33.41,44.33,27.93,5.21,741.4,38.99,Early_Blight,22.69
24.82,88.98,65.09,47.14,13.65,48.86,8.05,808.4,55.19,Healthy,2.87
26.88,86.47,58.24,49.46,35.12,45.83,7.7,552.5,59.58,Bacterial_Leaf_Spot,4.21
20.81,90.1,46.64,19.05,40.85,41.23,7.92,275.8,50.13,Powdery_Mildew,8.12
14.04,67.28,33.21,16.88,24.4,38.46,6.04,402.9,33.5,Healthy,14.41
28.02,92.3,25.83,26.83,50.25,20.05,8.0,746.1,44.99,Early_Blight,20.15
30.66,70.73,37.01,15.11,11.12,41.2,5.42,985.5,41.99,Early_Blight,16.76
24.49,52.5,53.1,10.63,33.57,32.92,5.2,441.5,41.63,Root_Rot,6.54
29.83,86.18,51.77,46.8,28.06,12.95,7.64,510.7,49.76,Bacterial_Leaf_Spot,7.46
28.29,41.06,29.13,31.5,22.51,21.0,5.29,495.4,29.65,Rust,18.09
35.37,69.87,64.9,49.69,38.71,45.92,5.39,392.9,53.57,Root_Rot,1.68
38.71,77.21,25.46,11.32,46.48,29.59,5.88,880.0,41.36,Early_Blight,23.9
22.38,84.43,52.14,45.15,34.56,46.9,6.24,296.9,43.56,Powdery_Mildew,6.62
29.29,62.64,65.35,13.31,19.56,16.1,5.21,492.8,43.33,Root_Rot,2.53
38.88,32.94,13.14,23.62,25.43,9.74,8.0,513.6,37.29,Healthy,27.06
36.77,85.11,56.86,17.69,39.15,47.69,6.31,572.4,45.19,Early_Blight,6.39
20.26,82.74,61.31,43.16,32.25,48.48,4.89,385.0,43.19,Root_Rot,2.04
16.48,80.27,59.46,27.63,27.57,17.22,5.61,286.2,39.31,Root_Rot,1.52
34.12,45.95,61.49,37.72,42.02,17.74,7.43,825.5,55.67,Healthy,5.8
32.93,86.94,20.53,15.4,13.06,31.59,7.2,589.8,34.74,Early_Blight,21.55
17.32,34.8,53.19,31.82,40.1,12.81,5.29,224.6,35.38,Root_Rot,4.62
34.77,88.39,63.16,23.34,17.86,22.44,7.66,867.6,47.98,Early_Blight,4.07
39.67,62.02,30.37,21.13,22.93,42.59,6.28,893.3,33.83,Healthy,22.1
15.46,50.13,60.17,14.68,49.66,47.04,5.58,590.6,49.29,Root_Rot,2.92
21.0,86.89,57.57,17.26,13.54,39.93,6.51,251.6,43.34,Powdery_Mildew,4.49
22.02,91.15,43.42,16.9,20.48,25.39,5.02,281.6,33.17,Powdery_Mildew,10.51
34.27,54.62,57.85,18.27,16.35,18.34,5.32,628.1,37.64,Root_Rot,7.15
28.57,67.07,56.02,29.65,28.66,12.57,6.8,489.4,44.79,Early_Blight,5.52
35.01,75.28,11.19,25.78,46.69,21.59,5.44,609.0,26.5,Early_Blight,27.52
27.92,40.67,18.06,41.34,34.22,21.19,4.95,297.2,37.56,Healthy,22.85
25.72,90.97,57.04,45.21,28.12,47.66,7.88,200.1,51.62,Powdery_Mildew,3.84
37.66,75.94,46.81,33.8,16.2,30.71,4.96,671.7,36.23,Early_Blight,12.15
29.87,87.58,57.13,33.14,40.01,41.19,5.06,930.7,53.28,Root_Rot,7.15
20.44,88.18,58.7,28.09,49.6,13.92,6.11,887.2,54.61,Rust,4.22
23.26,72.79,53.73,14.95,16.98,42.7,5.79,634.5,41.74,Root_Rot,6.22
25.53,82.81,63.03,48.57,45.45,43.42,7.57,649.6,52.36,Bacterial_Leaf_Spot,2.19
39.2,27.36,43.3,21.26,31.08,38.7,7.77,967.4,40.49,Healthy,17.61
38.58,95.18,8.83,34.44,21.79,16.11,5.58,697.9,33.28,Early_Blight,28.79
20.94,90.55,54.91,33.4,38.64,17.08,5.98,660.4,39.89,Rust,5.41
21.24,88.95,18.18,38.74,11.56,21.99,5.63,259.8,31.61,Powdery_Mildew,21.6
41.22,79.49,29.38,43.53,50.34,40.95,7.75,821.6,46.05,Bacterial_Leaf_Spot,21.26
20.17,84.75,42.24,26.29,25.44,42.41,7.22,252.0,44.14,Powdery_Mildew,11.02
27.14,91.89,15.32,47.41,38.64,34.81,7.73,740.3,43.24,Bacterial_Leaf_Spot,25.33
23.49,90.09,54.23,41.12,47.22,16.13,7.92,554.4,46.33,Rust,6.8
22.54,88.66,56.07,26.93,12.1,14.92,6.75,919.7,42.04,Rust,5.57
23.67,74.68,16.88,42.36,11.59,42.3,5.54,433.2,32.04,Healthy,23.68
25.46,84.42,31.34,47.61,13.08,48.86,7.67,335.8,48.65,Powdery_Mildew,15.84
27.86,54.12,9.41,33.56,47.72,50.64,7.09,851.9,45.55,Healthy,29.09
24.44,89.81,47.73,48.12,23.03,36.78,7.67,229.3,48.52,Powdery_Mildew,8.39
21.08,77.65,21.55,33.77,35.63,35.1,6.66,546.8,38.75,Healthy,20.53
23.56,63.84,58.95,36.12,34.33,25.13,5.34,775.9,43.7,Root_Rot,4.11
25.52,74.38,53.18,24.88,26.13,33.55,5.65,968.2,41.87,Root_Rot,8.25
25.3,89.21,63.23,42.37,22.72,34.31,5.51,730.7,45.03,Root_Rot,2.0
17.58,53.23,60.28,27.76,20.99,29.25,5.36,956.6,50.23,Root_Rot,4.31
32.86,70.15,54.01,21.78,30.62,16.5,7.5,449.6,43.81,Early_Blight,7.84
29.57,67.67,52.14,42.27,20.92,11.69,5.5,950.7,51.66,Root_Rot,9.33
29.4,75.96,37.41,29.36,23.04,48.87,6.61,438.4,39.84,Early_Blight,14.25
40.28,86.25,31.88,33.49,50.83,26.71,5.61,621.7,47.0,Early_Blight,17.97
16.21,32.87,15.89,41.32,44.24,41.01,6.54,262.9,42.33,Healthy,22.22
30.53,91.5,19.74,30.58,11.01,43.1,7.91,621.0,37.96,Early_Blight,22.97
25.46,82.18,34.27,31.0,48.87,45.36,5.93,282.8,50.67,Powdery_Mildew,14.63
25.77,52.92,63.49,19.87,30.76,31.65,5.5,500.1,42.53,Root_Rot,3.41
17.37,31.19,51.06,36.34,33.99,16.33,6.38,615.1,42.94,Healthy,7.26
22.96,26.53,11.37,35.13,13.57,49.02,5.26,426.3,35.93,Healthy,26.17
31.47,37.67,62.43,36.67,27.97,17.17,5.31,628.3,49.95,Root_Rot,4.71
23.49,82.64,26.85,33.01,17.77,35.76,5.82,365.9,40.77,Healthy,18.49
20.89,84.64,48.83,19.56,42.2,38.11,7.52,251.5,41.78,Powdery_Mildew,7.56
25.28,89.82,55.95,48.03,34.91,25.76,7.7,778.3,52.3,Bacterial_Leaf_Spot,6.14
20.79,96.04,18.53,14.88,18.67,22.1,4.86,224.6,29.41,Powdery_Mildew,21.26
29.56,57.75,38.18,28.62,46.63,10.4,6.17,319.9,31.7,Healthy,13.08
25.89,88.44,31.09,18.88,34.69,18.71,7.67,271.3,40.42,Powdery_Mildew,16.36
26.21,54.87,53.88,40.65,16.62,50.75,5.1,642.8,42.22,Bacterial_Leaf_Spot,7.75
32.18,84.86,28.51,38.82,26.17,43.33,7.68,820.8,51.04,Bacterial_Leaf_Spot,20.07
27.67,86.76,62.92,46.11,36.79,40.67,7.72,649.4,59.27,Bacterial_Leaf_Spot,3.78
21.26,87.81,38.45,31.11,22.5,13.72,6.06,310.9,34.34,Powdery_Mildew,13.3
30.66,55.02,47.29,35.49,19.44,34.58,6.18,986.5,48.21,Healthy,12.51
12.57,84.05,51.5,47.08,21.1,20.82,5.61,391.7,44.67,Root_Rot,6.45
15.82,83.0,57.45,12.93,30.35,15.04,7.78,240.4,39.82,Rust,3.35
17.95,95.57,49.7,13.99,19.41,26.28,6.72,498.3,41.58,Rust,7.56
17.84,40.12,37.25,38.3,23.25,10.56,5.64,488.9,36.16,Healthy,13.17
15.26,88.75,57.97,24.97,35.27,38.32,6.08,615.0,36.09,Rust,4.55
15.6,95.23,28.98,31.7,23.45,16.49,7.73,321.8,32.61,Healthy,16.69
32.02,82.11,58.33,36.25,33.26,35.94,5.29,516.5,45.17,Root_Rot,5.04
20.81,82.89,44.42,22.27,41.27,34.99,7.59,262.2,44.18,Powdery_Mildew,10.39
28.21,83.98,32.44,19.58,15.26,44.06,6.76,409.2,37.35,Early_Blight,14.95
30.22,91.52,46.97,47.58,21.05,39.61,7.89,647.8,49.63,Bacterial_Leaf_Spot,9.38
40.29,26.18,18.6,31.24,40.37,17.17,5.99,816.5,35.42,Healthy,28.16
16.91,84.0,52.72,41.7,34.27,38.0,6.62,804.7,55.59,Rust,6.59
18.15,23.64,56.89,12.17,38.98,47.82,7.22,358.0,47.8,Healthy,4.6
19.59,85.8,18.73,17.51,48.55,20.74,6.87,513.2,37.46,Healthy,21.06
19.88,89.76,54.99,39.13,23.13,12.94,7.27,521.5,50.65,Rust,5.4
22.09,84.35,44.15,30.11,37.47,37.57,6.02,304.1,40.81,Powdery_Mildew,11.06
26.85,68.15,30.75,13.27,48.72,34.08,7.27,265.6,46.04,Early_Blight,16.77
19.77,43.48,20.16,42.01,23.57,14.68,7.88,237.3,37.89,Healthy,20.84
26.98,81.85,30.04,48.31,33.49,14.46,7.79,496.4,48.94,Bacterial_Leaf_Spot,17.11
24.6,36.3,28.72,30.94,30.64,46.65,6.35,975.3,41.49,Healthy,19.86
12.23,62.86,57.41,15.96,31.89,37.82,6.48,302.7,41.7,Healthy,2.5
36.5,32.2,63.0,9.9,30.06,18.28,7.87,435.7,48.3,Healthy,4.13
31.78,73.66,57.56,19.07,43.55,16.7,5.16,632.9,38.23,Root_Rot,6.56
21.98,88.2,56.24,17.76,14.34,20.04,6.04,643.1,38.35,Rust,4.53
24.49,25.33,7.82,30.72,26.21,48.82,7.52,387.4,33.59,Healthy,26.97
19.78,90.18,57.33,16.32,18.14,16.7,6.71,557.4,45.98,Rust,3.83
28.7,23.79,28.64,13.63,44.5,21.97,6.33,550.8,26.14,Healthy,18.78
38.06,87.51,50.47,22.32,45.72,35.0,7.71,891.6,50.0,Early_Blight,11.07
33.21,76.65,46.87,36.55,15.91,14.69,6.86,380.8,37.98,Healthy,8.86
22.12,84.25,18.19,36.59,16.23,22.93,5.41,248.6,28.24,Powdery_Mildew,21.93
30.57,90.63,27.78,41.2,44.59,33.13,7.27,684.7,44.75,Bacterial_Leaf_Spot,19.59
34.98,55.44,54.72,9.19,31.07,21.91,5.33,645.0,45.19,Root_Rot,8.23
24.16,82.76,58.13,12.76,47.32,31.36,5.08,757.2,44.64,Root_Rot,3.86
27.27,78.7,13.22,18.83,23.11,10.77,7.56,710.4,37.06,Early_Blight,25.18
24.36,74.01,17.46,42.69,12.23,40.37,5.62,464.5,39.08,Healthy,23.35
16.19,93.49,56.69,19.29,45.53,13.42,7.77,983.2,49.16,Rust,3.39
28.74,55.52,63.55,37.21,24.02,21.76,4.85,877.2,42.85,Root_Rot,4.28
21.01,89.33,31.7,34.16,15.85,36.64,6.26,236.5,49.61,Powdery_Mildew,14.86
16.83,82.06,52.32,42.68,33.21,43.09,4.95,857.7,48.45,Root_Rot,7.21
20.64,88.56,54.94,25.63,20.08,12.86,7.56,929.5,49.84,Rust,5.95
31.06,81.79,45.39,21.6,45.15,23.74,7.88,384.1,49.23,Early_Blight,10.56
33.8,81.95,17.54,47.6,48.63,21.67,7.49,861.2,51.21,Bacterial_Leaf_Spot,25.51
33.4,70.76,54.04,15.11,24.41,21.84,7.91,762.6,50.98,Early_Blight,9.54
18.65,59.68,58.34,48.67,47.11,12.89,5.97,801.5,44.77,Healthy,4.45
33.9,82.63,50.57,13.04,46.46,13.3,8.04,501.9,48.68,Early_Blight,8.93
31.87,80.58,48.47,41.76,45.86,31.94,7.36,443.9,51.39,Bacterial_Leaf_Spot,8.55
37.37,92.45,62.74,23.93,13.11,35.17,5.97,584.9,45.1,Early_Blight,4.37
22.52,85.54,19.35,37.45,17.14,24.18,5.49,253.8,34.4,Powdery_Mildew,20.74
25.29,43.64,27.23,32.06,44.86,19.41,7.26,681.7,42.03,Healthy,19.32
21.4,89.88,45.96,43.83,45.59,32.86,8.18,727.5,56.59,Healthy,10.02
15.09,41.53,22.19,12.01,16.23,16.32,6.26,398.7,31.47,Healthy,19.0
38.55,29.29,52.14,17.96,10.32,38.3,5.35,944.5,37.36,Root_Rot,13.27
39.23,91.42,9.88,32.16,29.26,38.06,6.77,769.3,39.32,Early_Blight,29.19
41.73,49.27,54.38,14.23,30.76,50.04,7.83,994.1,52.37,Healthy,12.53
39.77,43.95,62.78,48.52,49.07,30.72,5.48,849.9,52.41,Root_Rot,6.52
25.87,59.4,54.67,34.68,13.9,29.02,5.78,1002.7,42.12,Root_Rot,8.17
39.58,77.84,63.56,18.13,40.0,21.49,7.33,789.7,49.7,Early_Blight,5.58
20.62,90.15,50.43,19.1,34.95,19.39,7.53,756.8,52.03,Rust,7.03
20.51,84.04,59.26,32.1,18.89,25.55,7.64,736.1,45.38,Rust,3.48
19.92,85.92,64.24,17.81,19.12,42.4,6.2,408.0,39.01,Rust,1.52
34.71,53.41,58.31,16.51,19.5,41.41,6.18,487.5,49.37,Healthy,5.97
35.47,35.22,60.21,30.53,28.22,13.63,5.12,703.2,37.04,Root_Rot,7.08
30.08,75.28,57.05,15.52,21.45,18.45,7.53,228.1,38.28,Early_Blight,5.42
26.63,82.73,14.09,43.91,26.08,50.33,7.87,635.9,44.91,Bacterial_Leaf_Spot,25.13
11.4,76.33,32.3,46.57,14.78,24.43,6.22,831.8,38.95,Healthy,15.27
21.8,83.85,32.63,29.13,39.58,18.29,6.45,404.0,35.87,Healthy,16.81
31.96,48.93,30.13,41.0,22.31,11.8,7.85,869.4,44.05,Healthy,20.2
12.13,55.69,42.52,48.16,41.78,26.56,5.03,818.2,42.57,Healthy,10.12
24.27,79.27,16.36,31.03,43.45,47.26,5.29,787.2,38.29,Early_Blight,24.27
22.04,89.41,57.51,18.68,45.28,49.69,7.4,887.3,55.75,Rust,5.48
30.22,93.21,17.92,38.02,12.54,25.44,5.22,287.5,18.98,Healthy,21.92
17.55,71.03,57.0,39.48,23.72,49.56,6.18,321.2,47.89,Healthy,3.58
21.43,94.28,23.5,39.26,43.17,41.46,6.86,266.8,45.63,Powdery_Mildew,20.35
25.67,59.6,13.83,39.55,13.05,31.64,6.65,748.5,35.96,Healthy,25.82
27.0,88.2,15.98,36.4,18.15,14.37,8.07,354.2,48.1,Bacterial_Leaf_Spot,22.77
33.85,89.17,50.45,12.89,34.71,44.56,6.3,300.2,45.4,Early_Blight,8.28
30.72,82.89,46.03,31.88,35.81,9.29,5.15,852.3,44.12,Early_Blight,11.79
36.88,43.18,36.48,42.39,26.78,33.89,8.12,1022.0,51.35,Healthy,19.6
18.14,70.73,47.11,26.29,27.87,16.03,5.83,202.7,41.95,Healthy,8.67
25.43,78.29,55.88,42.72,33.65,47.36,5.54,698.6,42.86,Root_Rot,5.56
36.71,74.97,31.94,47.58,22.29,16.24,7.72,903.6,49.09,Bacterial_Leaf_Spot,19.88
27.32,51.77,50.55,17.38,42.87,13.3,7.21,261.7,42.43,Healthy,8.53
20.97,87.67,23.69,35.02,33.39,34.02,7.84,386.0,43.13,Healthy,19.58
26.44,86.8,19.64,47.54,12.12,22.17,7.92,460.7,36.33,Bacterial_Leaf_Spot,21.6
22.54,86.39,21.43,29.02,37.6,42.84,7.44,256.5,41.86,Powdery_Mildew,19.94
13.47,91.3,62.08,45.48,31.07,27.78,6.21,355.6,53.21,Rust,1.32
38.34,32.24,54.5,40.6,11.58,36.74,5.18,734.7,44.26,Root_Rot,10.19
21.33,89.05,25.2,39.9,27.42,30.29,5.97,294.0,38.94,Powdery_Mildew,18.31
21.36,44.58,59.23,45.24,44.89,16.28,4.91,284.8,41.33,Root_Rot,3.86
23.52,92.59,34.6,49.67,10.93,33.64,5.71,248.2,35.61,Powdery_Mildew,13.39
24.18,90.15,53.8,21.83,47.69,28.88,6.56,234.4,42.64,Powdery_Mildew,6.06
21.7,83.28,45.74,40.6,38.71,39.63,7.6,303.8,48.77,Powdery_Mildew,9.14
15.82,30.51,37.11,30.37,14.28,49.42,7.87,587.4,44.09,Healthy,13.67
19.3,92.36,60.97,14.29,45.55,35.51,6.57,457.0,49.95,Rust,1.98
38.53,28.24,25.99,19.69,35.23,43.34,6.84,980.2,44.03,Healthy,25.9
36.42,88.43,26.69,29.1,31.08,28.02,5.05,744.0,39.51,Early_Blight,21.37
40.62,77.41,18.77,15.81,46.25,32.13,4.91,538.6,32.55,Early_Blight,24.52
29.98,43.08,48.86,33.35,10.41,37.63,7.86,272.9,48.5,Healthy,7.87
40.58,87.63,23.76,14.75,45.06,17.87,7.37,257.7,38.23,Early_Blight,20.39
27.08,93.51,23.63,33.13,33.99,34.18,7.88,437.2,43.8,Bacterial_Leaf_Spot,20.09
34.34,75.85,39.8,30.45,24.65,42.41,5.59,439.1,32.05,Early_Blight,12.66
33.26,70.07,54.44,33.4,29.69,17.96,6.9,503.0,47.91,Early_Blight,7.17
35.2,79.64,31.81,38.3,34.37,10.86,5.89,412.2,35.57,Healthy,17.12
19.75,88.54,41.85,26.27,24.87,42.15,7.04,238.6,40.24,Healthy,11.11
25.75,87.66,58.19,47.01,43.78,27.06,7.59,416.1,55.08,Bacterial_Leaf_Spot,4.33
28.52,61.07,40.49,13.86,24.39,48.19,6.72,230.1,41.3,Healthy,12.12
21.37,91.67,49.99,20.67,22.5,40.13,7.73,295.9,42.51,Powdery_Mildew,8.07
16.32,57.05,29.76,27.03,40.15,47.88,8.02,612.4,41.02,Healthy,17.36
23.57,87.29,21.48,17.68,15.78,23.83,4.97,287.6,25.04,Powdery_Mildew,18.85
26.41,80.91,59.65,24.93,31.61,33.11,6.82,703.5,49.01,Early_Blight,4.45
31.22,35.58,29.43,48.92,22.64,20.68,5.56,391.6,38.92,Healthy,18.11
34.66,63.5,32.75,9.75,30.88,33.85,5.72,275.6,34.18,Root_Rot,15.12
31.54,80.69,24.22,33.95,30.94,31.79,7.96,357.4,41.3,Early_Blight,19.87
30.7,89.1,63.35,28.95,34.02,26.65,7.08,306.0,48.57,Early_Blight,2.49
23.11,87.44,58.29,46.48,40.94,27.88,7.62,401.2,57.27,Rust,3.42
17.27,26.62,58.68,27.89,41.05,31.46,7.6,251.2,40.75,Healthy,3.52
33.28,72.84,31.04,18.68,10.54,16.31,5.13,805.1,29.25,Early_Blight,18.64
33.37,75.8,53.46,26.02,47.25,31.62,5.89,266.4,42.57,Early_Blight,6.09
27.77,52.52,23.55,22.32,17.73,41.52,8.07,530.7,42.9,Healthy,21.62
23.7,44.07,47.55,27.12,32.58,47.01,8.06,441.6,49.07,Healthy,9.09
40.78,75.97,10.17,19.54,16.56,40.74,4.93,501.4,33.3,Early_Blight,27.97
22.28,83.02,32.49,30.07,39.61,43.0,7.22,313.8,53.66,Powdery_Mildew,14.42
21.95,78.77,21.21,33.89,37.44,35.95,6.78,561.1,43.82,Healthy,21.94
31.1,51.17,27.63,39.25,23.77,9.72,7.87,953.7,39.03,Healthy,21.91
28.2,88.54,55.42,25.14,28.27,27.91,7.53,416.4,48.32,Early_Blight,5.57
29.88,88.18,39.93,44.09,33.28,36.66,8.03,908.4,54.48,Bacterial_Leaf_Spot,14.8
21.84,40.21,51.05,30.62,45.48,43.62,5.71,931.9,48.11,Root_Rot,8.39
40.72,95.42,18.08,25.05,27.99,25.06,6.43,653.7,37.51,Early_Blight,25.07
32.88,26.73,32.14,24.11,45.0,46.86,5.01,353.7,37.17,Healthy,16.87
19.41,92.04,52.53,19.19,15.2,14.59,7.2,594.6,43.4,Rust,6.48
22.01,92.2,11.41,40.62,44.15,36.85,6.07,443.3,28.29,Healthy,24.79
33.98,31.09,43.41,46.27,22.61,20.35,6.52,480.4,38.94,Healthy,12.54
23.08,78.15,57.23,45.56,47.65,17.23,5.06,739.0,45.29,Root_Rot,5.73
23.52,84.44,14.31,15.41,12.79,45.09,6.86,255.5,28.41,Powdery_Mildew,23.58
14.61,33.5,47.91,15.38,39.33,41.41,8.16,868.7,42.42,Healthy,9.08
14.66,44.68,47.94,44.18,10.74,25.7,5.82,904.4,46.22,Healthy,8.72
25.63,85.13,17.05,47.93,49.28,24.2,7.92,902.5,47.01,Bacterial_Leaf_Spot,24.43
35.38,48.54,49.51,29.24,38.99,33.29,7.23,203.5,46.89,Healthy,8.01
23.01,30.09,19.23,46.56,15.56,39.55,6.83,320.9,37.11,Healthy,22.85
25.84,80.47,15.5,32.2,23.75,34.65,7.83,854.8,43.96,Early_Blight,24.08
26.64,61.14,36.41,34.51,11.3,18.71,6.83,611.5,40.21,Healthy,15.76
15.45,83.55,31.72,26.4,45.96,35.41,6.34,742.5,36.78,Healthy,16.41
21.37,83.57,63.23,20.02,28.61,22.73,6.23,272.1,34.91,Powdery_Mildew,0.95
21.46,91.96,62.63,35.35,45.46,47.87,7.61,508.3,50.3,Rust,3.19
21.85,92.0,41.09,36.86,21.71,32.1,6.16,282.3,41.74,Powdery_Mildew,11.84
23.54,86.12,49.22,12.05,26.31,18.93,7.5,322.9,45.64,Bacterial_Leaf_Spot,8.38
32.92,77.92,35.0,17.53,18.95,43.2,5.64,525.3,36.92,Early_Blight,15.87
31.63,25.86,14.28,31.64,43.15,26.17,7.16,258.0,43.44,Healthy,24.27
21.26,85.46,53.26,16.71,32.8,19.09,6.92,269.6,37.91,Powdery_Mildew,5.73
38.52,81.95,9.41,20.72,18.2,28.12,5.59,959.7,36.5,Early_Blight,30.38
20.57,87.03,59.47,34.21,13.97,36.68,6.02,956.1,46.42,Rust,5.02
17.73,82.04,19.24,13.63,15.38,29.05,8.0,735.8,41.8,Healthy,21.76
21.73,91.05,61.75,40.85,16.15,31.72,6.09,476.5,46.71,Rust,1.98
15.96,87.86,64.01,39.97,20.63,38.85,7.72,656.5,52.94,Rust,1.56
39.27,75.86,61.53,46.48,32.35,20.43,5.19,667.2,44.82,Root_Rot,5.9
21.25,91.57,37.45,33.46,14.52,42.1,6.26,212.0,40.47,Powdery_Mildew,13.14
19.25,32.51,51.17,36.9,14.21,32.62,5.7,307.5,39.95,Root_Rot,7.36
20.31,87.87,57.35,48.07,31.09,19.29,6.29,826.2,52.19,Rust,4.84
32.16,80.53,10.87,46.23,22.99,39.62,7.59,585.7,41.31,Bacterial_Leaf_Spot,26.37
26.35,51.47,29.3,21.95,22.29,45.07,8.04,496.7,41.8,Healthy,17.56
34.31,88.31,63.73,27.44,43.4,46.75,5.11,794.3,51.26,Root_Rot,3.2
26.55,63.38,19.93,30.45,24.61,32.76,5.47,640.9,32.8,Healthy,22.72
33.75,55.85,54.18,16.54,27.1,46.88,5.71,967.4,48.35,Root_Rot,10.13
27.22,78.56,43.73,32.63,36.99,24.02,5.26,197.9,32.55,Early_Blight,10.01
17.79,47.26,60.34,31.06,17.06,13.71,5.91,271.3,38.67,Healthy,1.14
41.95,77.04,26.11,32.75,35.22,11.96,5.2,280.2,35.41,Early_Blight,18.64
24.98,60.51,53.07,33.41,25.91,19.61,6.69,250.1,38.13,Healthy,6.77
40.53,77.3,30.52,11.71,11.45,24.83,6.64,530.4,32.45,Early_Blight,18.36
22.7,89.67,58.94,14.06,41.74,47.15,7.73,786.7,58.85,Root_Rot,4.67
24.08,82.47,33.78,48.38,46.32,32.57,7.4,299.3,48.24,Powdery_Mildew,14.15
39.09,92.9,55.69,25.28,40.95,44.15,5.01,948.8,52.73,Root_Rot,9.64
24.47,46.26,20.0,11.55,37.95,35.68,4.74,213.7,24.42,Healthy,20.94
19.39,89.7,51.05,45.78,12.54,29.74,5.88,842.3,35.35,Rust,7.82
42.05,83.8,29.38,33.46,23.72,43.31,7.91,675.4,44.9,Early_Blight,21.22
40.08,85.98,28.95,43.4,35.19,36.32,6.48,614.3,52.55,Healthy,20.35
14.16,39.58,58.01,29.59,14.01,45.36,5.49,419.5,43.45,Root_Rot,3.44
40.33,56.37,43.71,33.16,17.24,29.6,7.35,217.5,43.44,Healthy,10.8
24.11,49.34,14.2,46.79,31.77,43.2,7.07,895.5,40.61,Healthy,25.74
38.75,53.53,65.04,20.87,20.52,26.6,5.26,824.7,46.79,Root_Rot,5.81
21.16,90.58,54.4,24.42,25.9,32.8,5.9,953.5,43.03,Rust,6.58
41.72,31.79,54.28,43.5,17.9,46.25,7.9,212.9,49.78,Early_Blight,6.44
27.86,77.44,27.47,14.61,43.8,39.34,7.56,960.1,47.57,Early_Blight,20.98
19.7,80.32,62.87,46.81,48.0,46.42,5.38,531.8,48.17,Root_Rot,1.89
23.76,93.22,36.1,20.12,28.57,14.92,6.88,240.8,36.83,Powdery_Mildew,14.72
25.04,88.91,61.98,46.63,12.38,49.08,7.89,748.0,57.46,Bacterial_Leaf_Spot,3.4
25.03,91.25,61.54,41.97,15.77,22.31,5.26,364.2,46.55,Root_Rot,3.4
31.27,89.19,25.49,47.52,32.05,13.11,7.69,309.4,39.01,Bacterial_Leaf_Spot,19.12
29.88,82.03,57.24,18.37,30.28,36.91,7.79,459.5,45.27,Early_Blight,5.7
26.3,56.26,20.38,33.65,35.56,12.14,5.22,924.9,31.19,Healthy,23.18
18.44,92.49,50.83,25.71,25.63,15.0,7.1,529.8,41.7,Rust,6.72
22.79,30.78,47.57,42.52,18.89,44.17,6.19,391.9,41.41,Healthy,9.43
16.81,67.33,22.21,22.39,18.39,30.65,8.16,743.8,41.26,Healthy,20.82
26.38,85.56,62.83,16.63,40.12,31.46,5.74,928.7,48.68,Root_Rot,3.78
33.64,44.55,51.65,39.26,24.43,38.97,5.09,728.9,38.64,Root_Rot,9.65
35.66,30.36,39.47,40.88,46.29,14.8,6.33,670.9,36.5,Healthy,15.48
21.85,84.99,10.29,17.79,34.82,40.63,5.44,252.2,40.15,Powdery_Mildew,24.46
28.43,88.33,16.92,49.23,10.7,36.59,7.6,670.6,42.36,Bacterial_Leaf_Spot,22.96
18.6,36.81,34.05,13.65,32.13,19.03,6.22,353.2,24.51,Healthy,14.78
20.79,93.82,50.37,45.96,18.54,46.11,6.31,600.6,44.56,Rust,8.25
31.55,76.21,46.69,29.22,22.18,31.38,8.07,702.7,47.65,Early_Blight,11.23
19.22,42.73,20.71,42.46,23.75,16.29,7.93,240.2,32.1,Healthy,19.36
40.1,75.65,12.48,13.82,45.26,30.08,6.31,699.2,34.89,Early_Blight,27.73
41.52,95.33,15.7,28.7,46.77,17.38,6.92,750.9,33.57,Early_Blight,26.07
30.46,86.64,64.3,47.76,29.59,38.06,7.53,863.6,58.13,Bacterial_Leaf_Spot,4.57
35.4,33.06,57.55,14.32,45.06,19.93,5.96,730.7,46.45,Healthy,7.58
32.3,43.52,47.31,22.38,22.3,35.74,7.53,373.7,52.29,Healthy,9.85
15.35,90.42,55.86,45.6,48.91,20.57,6.44,766.5,42.44,Rust,5.68
19.73,90.37,61.71,43.78,23.04,32.99,5.04,942.7,50.12,Root_Rot,3.31
22.93,85.7,44.99,17.16,16.68,27.56,5.37,298.0,38.26,Powdery_Mildew,9.99
41.48,93.75,31.03,27.27,25.27,10.77,7.11,871.2,44.67,Powdery_Mildew,20.01
24.09,92.49,35.62,19.25,28.14,15.25,6.85,277.3,29.79,Powdery_Mildew,14.06
33.81,83.91,32.44,39.76,29.83,37.82,7.81,801.9,48.05,Bacterial_Leaf_Spot,18.59
21.65,26.61,53.5,45.2,45.55,47.11,5.24,702.3,45.95,Root_Rot,7.04
33.65,60.03,58.09,47.04,30.54,17.36,6.84,585.7,47.19,Healthy,6.65
25.06,83.31,39.47,49.37,49.53,18.41,7.84,303.4,48.35,Powdery_Mildew,11.66
14.88,70.88,60.77,21.13,31.2,13.96,5.35,705.4,44.51,Root_Rot,2.78
13.2,63.24,51.95,13.15,22.16,20.4,8.14,222.7,37.58,Healthy,6.12
31.45,84.2,16.2,47.08,25.02,46.37,7.87,925.9,42.26,Bacterial_Leaf_Spot,25.33
23.49,79.98,51.6,28.78,37.84,15.32,5.14,440.5,38.07,Root_Rot,7.16
13.06,34.9,46.46,24.67,12.64,13.87,8.09,745.4,42.73,Healthy,8.63
40.14,38.56,47.45,35.3,34.36,30.29,5.97,230.5,34.7,Healthy,9.16
28.38,87.85,61.35,45.89,12.26,48.23,7.78,773.0,58.5,Bacterial_Leaf_Spot,4.02
25.31,34.12,56.28,20.86,26.38,41.14,5.48,811.1,45.77,Root_Rot,6.67
26.43,80.61,50.21,11.37,15.56,49.05,7.53,254.6,42.69,Early_Blight,7.62
34.16,82.66,39.53,43.02,14.0,22.61,5.74,686.6,41.06,Healthy,14.0
27.04,81.7,60.06,32.72,25.26,31.96,7.28,712.5,47.75,Early_Blight,4.88
17.49,55.06,22.91,13.19,24.24,48.29,5.26,245.6,23.93,Healthy,18.78
19.23,92.41,51.74,32.27,15.86,29.93,7.56,984.1,51.77,Rust,7.25
32.7,80.36,22.78,17.3,36.26,21.39,7.06,242.3,34.18,Early_Blight,19.74
26.07,60.02,32.09,33.86,49.54,31.55,6.66,231.8,38.97,Rust,16.31
31.75,36.07,62.63,14.71,16.67,24.04,5.02,437.8,33.27,Root_Rot,3.73
23.0,91.26,17.6,48.66,33.59,26.46,7.8,308.7,37.1,Powdery_Mildew,21.92
23.11,81.26,61.31,40.47,38.08,37.92,6.49,257.7,47.68,Powdery_Mildew,2.55
32.73,90.32,19.0,32.89,25.66,44.17,6.55,433.1,37.36,Early_Blight,21.37
22.97,89.5,63.07,20.92,43.85,23.83,4.99,628.5,39.37,Root_Rot,2.29
13.31,84.57,50.27,20.56,14.44,25.95,7.23,392.3,44.61,Rust,7.87
20.13,91.15,65.34,35.3,12.1,36.93,6.48,979.3,53.87,Rust,1.79
20.49,27.92,51.5,41.46,12.44,21.08,5.33,944.0,47.18,Root_Rot,8.84
33.6,30.28,54.61,37.64,22.2,47.9,6.5,377.7,33.09,Healthy,7.37
22.73,66.98,52.82,46.73,31.83,28.49,5.68,962.0,47.45,Root_Rot,8.54
28.43,91.7,58.49,38.6,17.98,46.71,4.84,200.3,43.53,Root_Rot,2.57
16.46,78.34,52.26,45.77,30.66,44.79,5.58,509.1,48.63,Root_Rot,5.53
15.52,77.38,62.96,27.47,15.83,25.76,4.95,931.7,41.45,Root_Rot,2.03
40.38,72.65,27.39,19.25,24.22,13.88,5.53,309.3,23.93,Early_Blight,18.48
25.32,75.26,43.38,20.51,42.72,27.48,8.12,677.0,48.69,Early_Blight,12.46
17.86,24.54,42.68,28.67,20.54,17.67,5.07,630.1,38.39,Healthy,11.28
38.14,47.36,56.31,31.01,19.29,34.19,6.39,702.8,44.49,Healthy,7.77
21.51,91.02,39.88,14.49,24.87,21.22,5.26,292.0,38.27,Powdery_Mildew,11.26
25.5,82.69,39.55,50.56,39.21,47.97,7.84,338.8,54.96,Powdery_Mildew,11.06
14.09,81.14,9.03,15.43,37.98,46.54,7.39,640.1,40.05,Healthy,25.57
35.81,72.56,15.81,18.96,48.82,22.25,4.84,438.6,30.64,Bacterial_Leaf_Spot,24.35
12.69,90.74,50.59,18.26,36.95,16.79,7.59,815.9,44.23,Rust,6.66
13.8,50.27,11.37,29.37,33.78,47.25,5.9,962.1,45.14,Healthy,25.55
31.73,73.77,50.24,19.84,29.58,22.24,8.12,486.8,41.7,Early_Blight,9.38
32.04,85.57,50.2,23.68,24.14,10.57,5.92,980.6,49.09,Early_Blight,10.53
27.01,85.59,36.69,23.55,32.1,31.84,5.46,518.0,33.61,Early_Blight,13.29
21.9,27.73,63.56,37.11,18.3,25.57,5.26,913.0,42.99,Root_Rot,3.95
35.33,81.42,18.74,38.3,23.49,25.97,7.46,302.7,34.99,Bacterial_Leaf_Spot,22.55
16.98,59.19,58.53,49.84,40.85,17.27,5.75,726.0,49.83,Root_Rot,4.21
36.66,69.13,15.68,25.42,21.89,12.25,8.04,689.1,38.5,Early_Blight,26.53
18.11,84.8,53.33,35.57,17.23,30.7,7.48,760.4,45.96,Rust,5.81
31.49,62.26,25.46,24.87,22.39,18.95,8.01,515.4,33.21,Healthy,21.24
18.15,76.52,54.93,15.64,19.37,41.6,5.54,889.8,40.64,Root_Rot,5.48
22.27,91.85,46.74,39.41,25.71,30.22,6.13,278.2,36.55,Powdery_Mildew,9.18
27.37,90.17,59.34,21.44,48.11,22.0,5.23,844.7,45.17,Root_Rot,4.28
20.83,90.64,50.21,19.26,33.77,18.0,7.52,746.0,38.95,Rust,7.6
34.71,31.04,36.64,47.42,12.06,30.21,7.49,350.3,36.87,Healthy,15.86
30.61,82.16,63.46,29.52,26.11,49.4,5.14,189.0,42.87,Root_Rot,1.3
35.15,84.03,60.78,28.19,40.67,13.71,5.16,689.7,42.54,Root_Rot,5.54
20.81,88.28,46.07,24.51,24.52,39.14,7.46,269.4,37.78,Powdery_Mildew,9.16
26.12,36.9,23.67,10.57,44.03,36.22,5.9,988.1,39.4,Healthy,22.7
24.24,70.22,28.45,46.09,38.6,14.9,7.53,522.9,37.51,Healthy,18.68
33.09,92.43,61.69,47.1,41.0,24.14,5.34,429.1,42.67,Root_Rot,3.08
22.78,85.55,48.32,14.47,19.6,26.01,5.46,295.6,36.13,Powdery_Mildew,7.31
15.85,92.32,54.43,16.63,15.74,27.96,6.79,610.3,48.75,Rust,4.97
20.85,85.03,17.69,42.68,16.19,36.65,7.52,383.7,40.39,Healthy,22.33
30.21,89.71,36.97,20.8,14.75,19.49,6.39,351.0,30.42,Early_Blight,14.06
31.11,75.08,57.6,14.04,38.24,14.3,8.06,702.1,61.95,Early_Blight,5.51
26.82,93.39,51.89,21.87,45.51,27.2,4.83,611.3,42.98,Root_Rot,7.29
32.23,60.03,25.69,37.03,14.14,28.64,7.33,610.5,36.35,Healthy,20.44
40.54,85.48,54.52,47.43,39.42,33.82,5.21,626.8,44.52,Root_Rot,8.04
25.29,91.15,63.27,47.02,13.14,46.87,7.91,215.5,51.92,Powdery_Mildew,0.66
27.9,93.75,50.93,29.77,12.97,45.34,6.65,903.0,51.44,Early_Blight,8.77
33.37,42.7,11.6,24.4,32.36,31.47,7.11,417.6,27.97,Healthy,26.12
21.99,82.75,56.03,46.37,32.64,46.18,6.62,266.7,58.44,Powdery_Mildew,5.02
20.99,86.68,33.92,45.82,25.12,17.28,5.82,238.5,35.49,Powdery_Mildew,14.87
26.91,47.72,26.75,21.76,40.73,47.36,6.18,517.6,36.95,Healthy,19.27
17.77,63.37,27.33,32.93,14.36,19.7,6.68,545.9,37.49,Healthy,17.68
32.27,65.1,42.33,13.34,36.11,13.45,6.34,350.8,35.6,Early_Blight,11.96
20.59,87.94,31.65,19.48,17.5,50.72,6.35,255.6,34.61,Powdery_Mildew,15.08
32.03,45.61,46.31,44.98,47.2,18.49,5.73,586.0,43.84,Healthy,11.03
29.5,84.01,55.38,37.24,17.95,45.28,7.26,530.1,38.73,Bacterial_Leaf_Spot,5.78
41.34,86.36,22.34,10.28,9.95,43.7,5.53,1008.4,39.41,Early_Blight,24.63
35.83,76.32,41.23,49.77,21.31,32.53,6.52,822.3,46.94,Healthy,14.32
14.33,87.4,9.98,42.22,22.77,49.75,8.21,383.7,40.49,Healthy,25.14
26.74,90.25,29.76,23.51,44.05,29.61,6.69,608.2,37.21,Early_Blight,18.01
36.52,93.28,50.11,16.9,37.36,20.02,5.2,924.4,47.84,Root_Rot,10.09
21.09,89.01,40.32,26.39,24.54,45.76,6.68,232.1,49.12,Powdery_Mildew,11.58
30.3,36.71,50.52,19.08,25.01,31.29,5.49,807.5,39.96,Root_Rot,10.69
38.23,54.28,64.36,49.82,30.79,43.18,7.77,549.8,49.64,Healthy,4.08
19.82,89.12,57.3,49.03,46.03,43.13,7.86,923.6,58.79,Rust,5.07
29.5,84.45,61.37,47.43,28.93,45.06,7.66,328.7,54.33,Rust,2.09
20.09,94.5,20.81,30.89,26.97,25.98,5.07,690.0,33.07,Healthy,20.43
41.49,80.85,47.72,11.89,21.91,11.13,8.0,938.3,51.83,Early_Blight,13.42
42.16,28.56,27.51,18.36,19.2,43.7,5.37,332.3,32.45,Healthy,20.32
33.09,94.1,38.38,22.19,14.95,17.22,7.2,603.1,38.47,Early_Blight,13.23
13.6,90.27,62.79,37.98,21.33,19.61,5.97,889.7,44.35,Rust,1.73
33.87,69.91,20.47,28.46,25.35,22.61,5.99,867.6,36.11,Early_Blight,24.94
36.26,67.43,20.75,27.6,10.69,14.03,6.03,403.7,33.73,Early_Blight,22.08
24.34,86.02,41.69,46.28,16.07,27.03,7.79,283.8,44.91,Powdery_Mildew,11.51
32.46,83.37,24.04,36.56,27.55,47.03,7.73,910.1,51.18,Bacterial_Leaf_Spot,21.89
15.1,44.04,58.48,43.51,43.98,31.82,5.16,692.6,39.4,Root_Rot,3.76
22.1,28.11,32.23,14.56,37.63,10.21,6.17,422.1,34.74,Healthy,15.34
18.23,33.72,37.27,11.51,10.74,45.64,6.31,802.6,34.67,Healthy,13.06
20.34,93.84,57.48,48.98,46.96,33.2,7.86,906.1,67.9,Rust,5.45
17.66,91.89,46.16,18.11,31.25,35.26,6.74,643.2,43.87,Healthy,8.84
36.77,80.89,63.86,46.33,29.43,33.97,8.0,960.8,57.7,Bacterial_Leaf_Spot,5.19
37.74,77.87,13.71,29.06,29.05,19.49,6.94,779.1,38.48,Early_Blight,26.61
23.59,91.11,23.39,25.97,28.68,22.15,7.3,434.2,39.21,Healthy,19.05
30.02,93.73,25.16,25.55,44.5,24.51,6.77,725.3,45.9,Early_Blight,20.31
35.6,86.95,11.85,29.66,12.87,35.99,7.59,564.1,41.08,Early_Blight,26.16
27.41,84.54,48.43,47.0,49.19,34.51,7.89,365.0,55.54,Bacterial_Leaf_Spot,8.82
23.49,89.11,34.23,22.42,10.81,25.77,5.04,237.3,30.28,Powdery_Mildew,14.64
41.27,72.83,44.82,21.66,18.34,41.25,6.86,743.7,47.42,Early_Blight,13.97
22.98,91.79,14.65,28.68,40.37,45.75,6.77,614.4,44.21,Healthy,24.16
27.2,84.56,60.86,47.89,11.77,17.58,7.82,384.7,51.08,Bacterial_Leaf_Spot,3.87
32.81,25.05,22.62,11.96,30.73,26.2,7.38,467.2,37.97,Healthy,21.52
38.89,74.04,32.74,27.02,26.02,30.99,7.65,406.4,38.95,Early_Blight,16.86
31.49,88.72,29.0,45.62,46.5,17.79,7.86,369.8,44.27,Bacterial_Leaf_Spot,18.18
13.61,74.13,28.07,39.42,22.19,37.8,7.89,366.0,43.18,Powdery_Mildew,17.52
38.48,52.99,45.24,26.71,34.09,29.05,6.18,268.9,32.34,Healthy,9.98
25.56,82.55,61.46,45.93,40.45,36.79,7.58,637.8,51.71,Bacterial_Leaf_Spot,3.3
22.57,93.61,19.61,22.75,44.83,30.09,5.34,333.7,41.4,Powdery_Mildew,21.82
29.31,66.97,45.12,26.34,21.16,23.54,6.48,876.5,49.13,Early_Blight,12.8
24.67,86.47,40.39,48.82,17.51,42.93,7.69,268.8,39.94,Powdery_Mildew,11.89
14.7,81.39,64.65,30.41,36.24,38.46,5.93,656.5,46.65,Rust,0.63
22.45,94.95,54.54,12.12,17.87,43.28,7.8,290.1,38.23,Powdery_Mildew,5.12
19.38,81.05,63.76,48.51,29.49,39.34,5.58,822.9,50.64,Root_Rot,2.17
40.93,76.8,23.47,28.42,38.76,33.87,4.88,293.7,31.49,Early_Blight,20.35
39.88,69.22,26.2,15.09,27.11,33.09,7.57,417.4,40.43,Early_Blight,20.05
37.3,76.57,48.01,31.39,24.78,33.81,6.79,611.3,49.72,Early_Blight,10.98
38.37,88.69,45.83,39.69,15.7,35.47,7.93,847.8,52.05,Bacterial_Leaf_Spot,12.57
36.37,45.1,64.27,28.26,49.01,10.45,5.02,355.3,33.25,Root_Rot,2.92
27.63,84.59,58.22,44.52,29.36,15.02,7.69,719.8,60.99,Bacterial_Leaf_Spot,6.85
32.86,71.32,30.99,18.34,13.62,27.45,5.12,666.3,29.26,Early_Blight,17.55
36.77,42.24,61.3,42.09,13.62,44.62,5.12,495.3,46.14,Root_Rot,5.17
29.3,82.2,31.95,27.03,33.63,32.32,5.95,750.0,39.98,Early_Blight,17.22
28.94,83.79,17.46,50.69,33.63,47.24,7.24,325.8,48.44,Bacterial_Leaf_Spot,22.83
13.3,89.69,53.34,19.13,21.03,46.22,5.15,804.2,39.63,Root_Rot,5.74
20.81,90.57,57.55,47.0,19.32,18.83,5.99,566.4,41.8,Rust,4.81
13.9,85.13,49.5,19.75,14.7,25.62,7.05,410.6,45.13,Rust,7.86
19.02,41.32,50.35,16.64,22.42,45.22,6.45,674.4,39.28,Healthy,8.23
31.84,24.09,17.14,30.69,31.71,33.23,5.64,561.7,37.92,Healthy,25.56
15.86,82.04,33.35,24.6,45.77,37.84,5.96,786.2,40.03,Healthy,13.94
24.41,81.54,48.05,49.91,48.04,17.42,7.45,955.7,50.16,Healthy,11.03
30.67,53.7,55.92,18.93,40.65,17.07,5.54,257.3,45.55,Root_Rot,5.52
13.2,40.03,54.7,11.03,47.77,29.32,4.91,725.7,46.09,Root_Rot,5.77
22.84,92.83,57.26,17.9,24.27,38.45,6.77,857.9,53.29,Rust,4.76
27.51,80.18,12.46,45.28,50.04,39.21,7.54,966.2,52.74,Bacterial_Leaf_Spot,26.47
40.03,71.17,24.16,15.18,27.67,34.26,7.54,433.0,37.1,Early_Blight,21.13
28.72,85.21,25.53,12.51,40.92,15.98,7.79,357.4,34.56,Early_Blight,18.98
19.67,47.19,63.26,15.61,28.77,17.79,6.5,928.9,44.91,Healthy,3.12
15.52,53.43,53.24,21.87,18.75,16.71,5.37,865.9,39.51,Root_Rot,6.96
14.31,38.83,25.03,16.67,41.34,50.67,7.73,285.6,34.2,Healthy,17.42
34.07,74.87,24.65,11.39,17.38,24.69,6.19,930.0,31.93,Early_Blight,23.13
33.04,36.22,38.46,38.08,15.84,19.57,5.07,461.9,29.82,Healthy,14.74
31.6,48.46,33.96,32.94,28.64,42.68,5.19,639.6,34.96,Healthy,17.22
20.09,84.59,41.99,26.84,24.83,41.89,7.16,243.4,45.33,Powdery_Mildew,10.07
21.65,92.14,22.72,15.15,13.72,47.66,7.01,303.3,34.91,Powdery_Mildew,19.89
32.87,93.67,63.28,33.68,25.56,19.64,7.68,390.1,49.27,Early_Blight,1.08
21.18,66.86,56.04,29.57,50.56,40.4,5.34,527.2,47.82,Root_Rot,5.61
27.43,85.62,39.63,45.79,22.48,21.67,7.51,345.4,46.33,Bacterial_Leaf_Spot,11.77
40.45,76.56,56.88,13.45,36.78,46.7,4.9,399.0,37.69,Root_Rot,6.08
25.5,81.7,62.73,18.59,39.92,29.31,5.77,920.7,51.12,Root_Rot,3.66
21.16,95.03,54.11,12.94,36.07,32.48,6.4,792.4,53.51,Rust,6.97
19.62,47.09,22.73,49.99,39.5,43.26,6.83,678.4,55.06,Healthy,20.53
17.66,65.51,60.94,15.53,21.55,47.77,5.2,827.7,42.5,Root_Rot,2.84
36.97,94.34,37.43,18.08,33.55,32.25,5.39,426.5,35.1,Early_Blight,14.1
22.83,76.82,60.77,41.16,45.05,21.18,5.12,844.9,42.95,Root_Rot,4.68
15.66,83.01,38.23,10.9,47.36,20.63,7.07,473.9,42.92,Healthy,12.82
33.58,53.71,53.01,28.72,48.65,39.47,6.44,454.8,45.07,Healthy,7.71
22.12,81.34,26.06,43.82,24.75,22.19,6.05,238.2,33.64,Powdery_Mildew,17.95
30.93,82.41,39.93,38.38,13.0,33.1,5.66,732.7,36.41,Healthy,13.38
25.08,33.41,57.66,21.1,22.59,38.53,5.39,832.0,41.54,Root_Rot,6.84
12.61,31.49,14.63,33.18,37.54,37.15,6.26,396.0,39.96,Healthy,22.07
14.97,52.48,64.97,19.23,39.21,44.72,5.62,301.6,46.73,Rust,0.74
29.52,83.62,15.01,45.12,25.69,30.7,7.78,718.6,43.97,Bacterial_Leaf_Spot,25.17
26.61,27.48,53.6,12.49,34.38,20.2,6.83,620.8,38.55,Healthy,9.17
17.14,30.18,38.65,34.47,26.99,19.59,7.09,340.7,37.09,Healthy,11.97
24.8,91.34,58.55,43.68,23.85,30.08,5.9,373.9,48.3,Healthy,3.81
35.82,51.95,33.09,23.04,14.14,15.92,8.04,712.6,43.28,Healthy,19.62
14.8,87.52,59.25,15.15,12.03,48.01,6.48,467.8,49.97,Rust,3.59
37.09,79.1,51.4,21.12,9.71,13.43,8.02,811.1,49.67,Early_Blight,10.02
20.68,27.28,23.71,13.43,48.35,16.37,5.02,714.3,29.93,Healthy,20.8
30.75,53.61,58.55,23.29,24.04,21.93,5.95,400.6,37.45,Healthy,4.85
29.98,83.36,33.5,46.47,13.49,35.49,7.61,236.6,46.07,Bacterial_Leaf_Spot,15.2
19.08,81.15,60.55,16.32,22.92,37.59,7.46,383.9,53.14,Rust,2.32
21.51,69.25,58.42,24.03,33.02,48.7,4.84,825.7,53.03,Root_Rot,4.9
28.09,47.67,12.16,18.75,44.39,33.19,6.07,745.1,34.09,Healthy,26.26
37.36,29.6,33.72,16.71,23.6,38.0,5.83,564.4,31.24,Healthy,18.35
35.47,70.82,23.62,32.29,17.86,42.95,5.11,701.7,27.7,Early_Blight,22.54
37.42,93.58,45.14,21.4,47.96,49.14,6.06,496.9,50.13,Early_Blight,11.14
22.73,82.82,56.06,50.29,30.42,46.98,6.76,254.0,44.75,Powdery_Mildew,3.82
17.13,90.52,36.39,47.3,46.45,38.65,6.03,235.5,46.43,Healthy,13.66
32.01,47.53,29.49,41.02,22.19,12.78,7.86,877.7,37.07,Healthy,20.87
31.36,74.99,51.45,41.07,28.31,13.35,5.7,707.8,48.87,Root_Rot,8.76
14.8,92.62,60.29,34.06,13.91,46.21,6.75,409.8,48.65,Rust,2.32
29.1,81.63,51.76,47.13,31.32,15.21,7.62,758.0,48.2,Bacterial_Leaf_Spot,7.95
25.23,83.08,27.43,46.81,13.13,45.33,7.75,324.7,35.99,Rust,17.32
21.0,40.16,31.22,22.31,37.67,22.57,6.38,590.8,43.79,Healthy,16.59
38.54,81.42,32.6,30.63,35.65,24.31,8.24,532.3,42.75,Early_Blight,18.08
36.17,76.69,51.65,27.38,38.12,30.64,7.55,857.5,57.35,Early_Blight,10.12
27.49,76.03,52.66,11.29,38.6,39.54,5.97,430.5,41.31,Early_Blight,7.37
34.72,87.11,16.62,41.97,38.22,33.5,7.83,686.9,51.07,Bacterial_Leaf_Spot,24.57
39.06,83.61,58.92,32.47,11.33,24.54,5.13,723.3,36.49,Root_Rot,6.77
12.8,86.46,62.79,19.71,28.02,37.67,4.88,756.4,49.22,Root_Rot,1.31
16.98,29.98,56.9,12.76,39.66,46.57,5.78,277.6,43.75,Early_Blight,4.61
24.24,83.5,17.8,32.1,46.46,43.89,5.91,209.3,39.01,Powdery_Mildew,21.53
16.85,90.22,48.16,42.17,27.52,30.97,5.05,313.8,35.6,Rust,7.17
27.0,79.13,23.34,31.01,36.29,10.45,5.56,866.3,38.16,Early_Blight,20.9
25.0,83.63,41.57,49.3,48.83,16.98,7.94,289.5,50.75,Powdery_Mildew,11.09
23.82,82.53,9.91,22.84,34.15,45.16,5.61,301.1,30.09,Powdery_Mildew,24.95
23.66,67.54,59.07,45.71,36.62,33.64,5.62,652.6,48.34,Root_Rot,4.76
31.21,91.14,41.76,49.93,17.85,12.17,7.46,247.0,48.83,Bacterial_Leaf_Spot,11.14
18.87,88.17,64.46,33.63,13.26,33.61,6.13,968.3,49.69,Rust,2.97
34.61,73.29,34.18,10.61,35.57,38.93,5.73,203.4,30.21,Early_Blight,14.01
21.08,89.43,61.1,48.38,15.33,35.84,6.78,713.6,50.67,Rust,3.26
26.81,92.27,66.36,11.92,47.54,34.48,5.29,867.6,49.13,Root_Rot,1.95
31.89,49.58,63.2,30.73,48.12,23.21,7.55,798.0,55.79,Healthy,4.77
38.53,86.08,60.61,41.37,25.87,11.82,5.25,359.7,43.18,Root_Rot,3.92
31.39,82.71,41.22,21.58,30.13,24.79,4.86,708.5,40.4,Early_Blight,12.38
38.55,73.74,50.2,24.03,16.08,20.33,5.15,970.9,33.98,Root_Rot,12.38
31.35,90.69,38.65,20.67,24.88,36.76,7.99,352.1,44.31,Early_Blight,14.12
27.84,87.99,22.46,46.25,39.42,28.14,8.0,660.5,51.45,Bacterial_Leaf_Spot,21.03
28.58,82.27,53.6,39.91,28.86,25.66,4.89,622.5,34.42,Root_Rot,7.44
18.44,66.97,59.46,47.07,46.91,18.98,5.34,863.6,50.58,Root_Rot,4.56
19.92,51.62,59.24,25.84,20.86,36.93,5.57,441.6,35.86,Root_Rot,3.55
18.97,54.01,51.34,17.77,50.03,20.19,5.06,556.5,45.98,Root_Rot,7.02
27.54,72.93,49.76,14.21,12.91,14.86,5.47,285.7,25.96,Early_Blight,6.74
20.9,90.62,58.13,16.47,15.0,22.87,7.46,588.3,49.5,Rust,4.53
12.72,89.73,60.15,31.48,28.15,48.53,7.25,844.7,54.9,Rust,2.53
35.54,87.83,10.83,17.55,26.59,32.52,8.14,791.9,43.51,Rust,27.5
23.46,93.5,49.56,30.8,14.59,32.4,7.69,855.3,43.26,Rust,8.97
18.22,88.9,57.4,37.05,18.8,32.27,7.49,669.8,54.12,Rust,4.11
21.6,82.1,39.59,47.02,32.32,42.3,8.06,345.8,49.36,Powdery_Mildew,11.93
16.05,92.32,49.11,10.88,34.27,18.37,6.38,967.7,43.34,Rust,8.46
40.36,60.96,45.27,25.48,21.01,37.84,7.89,774.9,44.31,Rust,13.44
16.06,54.31,54.3,46.91,49.88,35.63,6.99,929.0,55.48,Healthy,6.65
24.35,63.39,55.83,29.43,43.47,48.84,5.47,949.9,52.07,Root_Rot,6.41
25.39,87.45,60.86,48.08,27.59,46.38,7.67,521.3,54.76,Bacterial_Leaf_Spot,2.98
36.17,29.19,63.06,21.0,26.87,16.89,5.58,267.6,41.6,Root_Rot,3.75
27.04,41.46,21.87,11.74,44.08,35.82,6.0,936.0,37.08,Healthy,24.02
30.21,53.29,61.23,20.85,14.25,16.95,6.53,765.0,43.81,Healthy,5.37
28.88,63.78,29.23,29.0,12.4,14.17,7.89,999.0,40.35,Healthy,19.74
37.23,71.28,59.03,36.07,32.97,15.21,5.47,500.5,45.26,Root_Rot,5.23
24.4,88.9,47.8,49.56,43.54,24.07,7.46,202.1,53.51,Powdery_Mildew,8.29
22.74,82.86,22.16,20.94,31.26,27.44,5.99,299.6,35.61,Powdery_Mildew,20.01
36.71,49.98,58.02,19.64,34.99,45.27,5.45,955.6,42.67,Root_Rot,9.22
30.8,62.37,14.58,44.05,19.2,22.08,7.9,524.7,46.97,Healthy,25.08
41.97,88.51,14.84,14.82,25.39,10.68,5.45,770.8,30.83,Early_Blight,26.86
25.83,53.96,17.52,12.86,22.79,40.69,8.1,524.9,33.47,Healthy,22.59
35.63,81.48,50.61,40.72,13.66,44.97,7.29,813.4,51.57,Bacterial_Leaf_Spot,10.17
32.37,27.6,23.89,37.24,45.44,36.42,6.46,263.1,40.77,Healthy,20.58
35.75,37.1,64.78,15.82,39.22,30.74,7.75,878.0,54.32,Healthy,5.31
17.69,89.06,58.49,24.71,22.4,26.36,8.09,335.0,45.94,Rust,3.29
19.13,81.19,59.01,34.56,36.07,40.57,5.79,385.6,47.17,Root_Rot,2.95
19.09,91.97,52.89,12.71,42.06,24.61,6.74,834.0,45.46,Rust,6.82
33.57,80.84,52.11,36.03,39.22,38.35,7.27,540.4,52.76,Bacterial_Leaf_Spot,8.03
19.92,90.6,17.99,32.08,47.64,19.72,7.82,266.1,42.59,Healthy,22.36
21.69,80.81,40.57,43.99,43.22,46.3,7.48,323.8,48.14,Powdery_Mildew,11.97
40.97,86.24,54.33,17.12,11.5,38.67,7.37,356.3,43.0,Early_Blight,6.15
31.51,83.73,14.44,48.41,39.28,14.09,7.66,237.0,38.92,Bacterial_Leaf_Spot,24.04
32.53,88.37,52.02,9.07,33.36,33.25,5.25,538.6,36.48,Root_Rot,7.62
37.41,87.96,15.74,38.04,33.67,15.59,7.13,776.2,41.54,Healthy,25.69
33.06,79.16,23.51,37.13,41.86,16.52,6.87,844.7,42.69,Bacterial_Leaf_Spot,22.59
28.8,65.1,46.15,27.24,25.84,30.55,7.9,721.6,48.92,Early_Blight,11.16
22.15,81.58,54.53,48.07,24.67,19.53,8.04,235.8,48.97,Powdery_Mildew,5.7
27.23,85.69,61.72,22.45,13.31,44.46,6.24,219.5,41.11,Early_Blight,1.78
12.88,37.49,47.97,24.31,13.93,14.79,8.1,767.0,48.78,Healthy,7.93
34.85,65.44,45.45,32.65,47.6,30.29,6.82,731.5,48.03,Early_Blight,12.38
29.89,84.79,53.02,48.49,45.37,46.99,7.53,942.7,54.26,Bacterial_Leaf_Spot,8.56
28.42,34.92,52.13,31.23,23.48,14.56,5.1,470.8,34.49,Root_Rot,8.63
28.03,85.49,24.14,46.0,36.67,33.48,7.42,529.8,50.22,Bacterial_Leaf_Spot,20.45
33.89,84.75,57.41,35.05,19.58,43.79,7.93,929.3,60.65,Bacterial_Leaf_Spot,8.36
34.59,45.5,55.39,31.84,33.55,12.64,5.24,782.8,42.7,Root_Rot,10.22
41.12,82.15,18.94,23.16,47.54,21.37,6.22,309.7,45.37,Rust,22.03
14.22,81.33,48.71,44.9,30.01,43.98,6.32,865.8,53.2,Rust,8.06
24.55,89.45,60.65,18.9,12.84,32.35,6.29,539.4,36.25,Early_Blight,2.76
21.75,94.28,58.15,49.31,18.16,33.86,7.09,645.2,43.7,Rust,3.98
20.33,67.1,54.67,33.16,12.06,33.9,5.54,241.9,38.92,Root_Rot,4.86
20.59,87.62,59.54,31.54,49.01,15.28,5.97,820.2,50.34,Rust,3.49
16.05,44.89,53.58,16.9,8.93,8.82,7.72,260.5,37.39,Healthy,5.0
33.66,91.55,27.22,50.36,49.51,29.59,5.68,702.3,45.02,Healthy,19.81
27.54,87.87,10.99,50.3,12.89,27.56,7.8,974.0,44.7,Bacterial_Leaf_Spot,26.76
22.23,66.81,50.52,17.11,13.73,46.17,7.08,723.9,44.1,Powdery_Mildew,8.82
32.66,69.05,54.89,13.67,22.17,22.47,5.36,771.5,40.09,Root_Rot,7.75
15.54,72.79,35.79,21.62,44.59,36.46,6.13,222.8,38.6,Healthy,14.8
34.93,62.68,21.31,46.27,35.17,36.0,5.91,828.3,38.33,Healthy,23.97
19.82,27.96,58.25,32.18,23.68,44.7,5.19,267.6,38.15,Root_Rot,3.8
21.81,91.41,43.54,22.38,16.58,35.34,7.6,255.0,39.72,Powdery_Mildew,9.53
34.85,74.09,20.13,19.24,16.57,14.58,5.46,287.3,18.27,Early_Blight,22.48
25.06,35.13,58.68,19.75,24.74,43.02,5.36,804.3,36.93,Root_Rot,6.6
22.37,82.5,52.61,42.65,34.81,45.63,6.37,267.1,43.12,Powdery_Mildew,6.35
33.09,66.6,25.41,40.43,21.83,45.98,7.49,650.7,52.0,Healthy,20.35
22.76,85.58,47.74,13.97,33.97,14.76,7.0,267.2,34.16,Root_Rot,8.5
39.12,62.05,38.68,25.98,17.1,27.02,6.83,272.3,30.42,Healthy,13.03
22.05,70.91,17.6,47.13,29.02,17.3,6.5,732.6,38.11,Healthy,23.88
32.81,80.8,34.6,13.82,48.81,11.25,7.62,448.9,38.28,Early_Blight,16.04
26.99,71.86,63.6,29.72,30.27,37.93,5.07,657.5,41.05,Root_Rot,2.97
24.86,84.86,58.1,11.2,44.67,25.22,5.9,362.3,42.34,Bacterial_Leaf_Spot,2.88
32.79,58.16,46.61,12.65,23.06,41.83,8.19,667.2,48.79,Healthy,11.23
34.43,58.49,25.38,40.17,27.04,27.43,5.81,431.2,32.46,Healthy,20.56
38.42,78.47,17.87,31.06,23.38,18.66,5.6,595.0,30.41,Early_Blight,25.1
32.62,72.17,34.58,15.85,22.46,42.04,6.19,707.8,37.11,Early_Blight,17.52
27.9,57.09,23.12,27.85,42.59,44.52,6.38,467.6,35.09,Healthy,19.96
26.16,57.22,54.39,36.45,14.33,27.56,5.87,1001.8,49.65,Healthy,8.62
19.45,86.98,35.57,10.44,33.86,32.83,6.03,688.8,35.11,Healthy,14.93
23.14,87.55,56.35,29.08,13.84,44.85,4.96,983.1,42.03,Root_Rot,5.39
37.26,52.71,37.12,49.98,17.2,11.21,6.25,245.3,38.09,Healthy,14.12
18.89,47.84,45.52,13.07,21.9,20.1,6.2,438.4,35.8,Healthy,9.85
23.95,89.24,12.64,29.29,13.09,24.82,5.57,298.2,26.04,Powdery_Mildew,24.15
27.89,56.79,15.27,47.68,25.75,13.92,8.1,332.8,41.61,Healthy,22.82
27.95,92.33,58.91,42.48,27.49,33.58,8.09,797.7,54.79,Bacterial_Leaf_Spot,5.04
18.88,88.53,59.44,25.6,21.17,14.67,7.87,881.8,52.57,Rust,3.73
23.22,86.61,14.23,47.0,21.86,14.63,5.92,248.7,31.83,Powdery_Mildew,23.37
15.1,91.65,48.5,43.67,22.3,23.44,5.8,794.0,44.28,Rust,7.85
33.29,61.12,51.1,16.71,40.75,31.99,5.37,898.6,44.0,Root_Rot,10.68
19.14,34.07,61.63,31.02,29.29,40.22,5.48,623.3,44.31,Root_Rot,3.01
28.8,90.33,49.69,42.45,29.83,44.23,7.39,700.4,45.45,Bacterial_Leaf_Spot,9.42
41.04,37.03,52.27,17.79,16.62,30.78,6.69,640.1,47.0,Healthy,10.76
36.05,88.75,9.54,25.31,15.05,38.46,7.68,509.3,46.93,Early_Blight,27.11
29.81,88.14,49.53,48.08,46.57,43.73,7.54,328.0,49.6,Bacterial_Leaf_Spot,8.17
20.28,82.76,27.99,43.69,39.33,16.11,5.05,239.9,32.01,Early_Blight,16.16
18.27,91.81,59.22,32.22,45.2,17.45,7.08,842.9,52.15,Rust,4.05
16.42,40.78,47.68,29.94,9.12,15.81,5.51,198.5,28.86,Healthy,8.12
27.91,66.78,54.81,25.73,26.71,43.36,5.61,685.9,49.83,Root_Rot,7.22
21.19,87.35,63.69,14.52,12.78,33.53,7.15,660.5,47.35,Rust,2.4
38.83,81.0,44.24,45.05,45.85,40.04,5.91,547.8,47.59,Powdery_Mildew,11.37
31.71,66.82,20.37,15.74,16.72,38.01,7.05,719.1,33.21,Early_Blight,22.42
26.14,54.75,63.0,20.44,31.05,32.84,5.55,517.2,38.32,Root_Rot,2.98
25.19,87.62,14.01,42.13,36.19,33.56,7.72,758.6,42.97,Bacterial_Leaf_Spot,25.01
20.63,24.6,24.42,12.84,47.86,15.08,5.0,689.4,19.7,Healthy,20.4
18.48,63.28,61.63,28.02,31.42,11.71,5.48,754.7,42.88,Root_Rot,2.69
17.46,93.24,33.11,25.89,43.77,17.54,5.98,353.6,39.96,Healthy,15.13
32.52,78.46,52.2,42.2,26.91,16.19,5.4,725.5,41.91,Root_Rot,9.4
24.7,90.42,47.66,49.49,23.08,36.8,7.72,219.0,45.69,Powdery_Mildew,8.61
30.32,84.74,24.98,33.35,43.87,20.58,7.65,621.5,46.19,Early_Blight,20.21
13.54,93.72,51.08,14.43,22.72,25.6,7.57,556.4,44.31,Bacterial_Leaf_Spot,5.55
28.79,53.3,44.67,34.74,15.23,36.2,7.95,372.2,43.52,Healthy,11.17
17.54,28.53,57.93,12.73,37.75,46.44,6.06,319.5,45.74,Healthy,4.45
40.16,70.08,44.95,13.09,48.29,17.98,8.11,826.6,48.72,Early_Blight,14.53
27.85,70.98,61.91,42.44,42.17,49.26,5.26,690.4,53.23,Root_Rot,3.49
22.21,65.16,25.58,10.29,47.97,16.81,6.88,456.5,32.08,Healthy,19.28
23.86,67.43,40.24,43.19,24.93,39.87,7.78,557.6,49.81,Healthy,13.21
28.1,71.23,40.06,15.32,21.56,40.6,7.27,922.0,43.51,Early_Blight,15.44
36.06,49.93,10.82,46.0,12.48,27.41,6.81,326.8,32.24,Healthy,25.99
30.22,39.95,47.87,43.49,23.94,26.58,5.57,591.7,41.6,Rust,10.66
21.5,89.93,57.57,44.42,35.42,42.79,7.8,202.8,49.71,Powdery_Mildew,4.13
15.89,74.16,47.6,32.1,15.32,30.64,6.47,579.8,36.95,Healthy,8.55
17.67,88.46,64.9,19.08,48.4,26.91,6.79,333.7,47.63,Rust,0.0
21.26,30.49,52.52,32.55,28.19,36.71,4.82,990.5,40.06,Root_Rot,8.85
24.45,81.57,51.2,33.65,31.59,13.28,7.96,329.6,47.67,Powdery_Mildew,7.4
20.45,93.63,55.88,11.96,43.47,32.56,8.0,938.1,47.76,Rust,5.82
37.71,76.45,31.39,22.61,41.26,39.24,6.7,698.7,46.06,Early_Blight,19.06
13.32,91.23,28.59,32.33,39.0,23.23,5.59,811.5,43.65,Healthy,16.72
35.04,54.77,11.68,24.7,37.05,27.96,7.76,709.4,37.78,Healthy,28.86
22.64,81.93,39.57,47.74,39.88,46.92,7.67,330.4,38.55,Powdery_Mildew,11.78
19.75,36.19,59.19,25.54,27.9,11.86,5.39,876.5,36.06,Root_Rot,4.56
18.91,94.31,50.96,13.56,19.01,26.49,6.74,493.2,42.58,Early_Blight,7.07
35.54,90.07,62.2,16.76,43.07,18.83,6.51,839.2,50.39,Early_Blight,5.47
12.28,35.88,63.22,19.13,47.8,37.51,6.42,262.7,41.48,Healthy,0.21
42.22,82.81,17.59,19.67,41.97,12.53,6.11,776.0,37.41,Rust,25.37
38.47,58.41,23.69,23.84,34.97,47.83,6.84,395.0,38.32,Healthy,20.12
28.43,85.94,53.34,47.62,42.03,22.02,7.42,868.4,54.69,Bacterial_Leaf_Spot,8.18
35.69,51.37,52.59,45.39,39.91,16.52,6.7,906.0,45.55,Healthy,10.56
30.25,77.11,22.64,16.31,37.4,41.94,4.95,811.2,33.81,Early_Blight,22.1
21.38,87.34,37.93,38.91,14.48,34.59,6.5,243.6,42.72,Powdery_Mildew,13.01
22.94,90.91,55.73,38.68,27.48,28.77,7.47,682.0,51.0,Rust,5.39
31.11,82.75,37.5,37.15,22.66,34.32,6.17,249.7,32.13,Healthy,13.48
25.27,85.13,21.3,47.64,14.59,28.52,7.83,339.5,45.07,Rust,20.47
32.03,33.36,53.71,32.68,13.35,34.16,5.1,677.6,40.48,Root_Rot,9.4
25.15,82.17,39.13,48.29,48.99,17.37,7.74,313.9,43.92,Powdery_Mildew,12.78
41.89,83.79,29.4,21.22,18.82,22.48,5.38,273.5,39.39,Early_Blight,17.3
32.26,70.86,61.78,10.93,13.34,31.38,6.29,842.3,31.73,Early_Blight,5.24
21.48,82.2,63.77,48.04,29.52,20.89,7.61,274.4,53.23,Powdery_Mildew,1.67
27.13,43.07,24.04,44.14,23.23,27.56,5.36,575.7,29.56,Healthy,21.1
37.15,80.92,53.85,44.78,11.88,26.58,6.17,983.4,55.68,Healthy,9.41
21.46,88.94,42.43,23.59,16.21,31.77,7.51,250.6,37.21,Powdery_Mildew,10.99
39.45,41.02,52.81,18.65,20.49,26.75,8.09,909.7,48.5,Healthy,11.76
40.83,76.15,13.12,17.88,43.5,46.96,6.33,941.3,43.72,Early_Blight,29.8
37.97,81.48,29.77,20.97,23.83,22.88,6.78,884.3,41.05,Early_Blight,21.06
15.33,30.07,54.8,29.36,29.81,26.32,5.55,617.4,40.37,Root_Rot,5.63
40.78,83.73,35.43,43.12,48.59,43.32,7.98,862.8,50.5,Bacterial_Leaf_Spot,18.33
21.68,91.66,29.99,45.89,18.27,20.41,5.87,232.6,41.07,Powdery_Mildew,16.12
23.86,29.36,15.55,28.82,29.73,46.58,6.52,314.9,38.14,Healthy,23.78
22.98,84.48,36.39,28.29,34.98,27.71,7.85,262.6,45.67,Powdery_Mildew,13.32
39.6,78.62,30.04,26.78,15.2,16.14,7.89,441.9,36.76,Early_Blight,18.39
23.25,82.04,57.07,17.07,30.6,37.01,7.77,361.1,47.39,Rust,4.91
22.18,91.95,56.4,45.7,35.8,41.16,7.31,885.7,57.12,Healthy,5.45
34.12,53.48,62.56,42.89,11.03,44.5,5.07,480.2,41.4,Root_Rot,3.51
36.88,53.29,53.81,42.42,20.98,49.67,6.65,632.8,47.69,Healthy,8.43
22.92,82.05,40.7,34.18,42.71,45.37,7.37,325.3,47.54,Powdery_Mildew,11.2
26.32,85.79,51.75,47.75,24.5,36.24,7.74,527.5,58.61,Bacterial_Leaf_Spot,6.62
24.49,82.1,39.11,47.7,49.25,18.17,7.99,323.5,51.53,Powdery_Mildew,12.9
16.09,33.43,49.79,48.51,50.59,22.79,6.74,718.0,50.98,Healthy,8.91
32.2,77.39,51.49,33.48,28.32,35.75,5.16,893.3,41.35,Root_Rot,10.68
29.83,75.25,13.27,15.54,42.47,36.22,6.62,500.3,39.03,Early_Blight,24.45
24.35,68.63,44.45,15.93,26.29,15.76,7.97,409.3,39.29,Early_Blight,10.84
31.18,34.63,49.84,45.99,48.37,46.77,7.16,480.6,46.62,Healthy,10.23
17.51,90.81,53.4,35.91,12.49,30.19,7.29,245.4,40.62,Rust,5.31
20.5,89.56,19.97,32.76,45.5,20.44,7.85,280.8,43.87,Powdery_Mildew,20.84
26.43,90.65,24.78,32.92,44.0,13.01,7.4,984.1,49.09,Early_Blight,19.92
16.73,76.37,55.59,29.83,24.81,41.97,6.63,746.9,51.69,Healthy,5.36
31.09,65.01,31.47,36.67,30.76,35.99,7.63,890.0,43.3,Healthy,18.61
19.44,35.48,50.31,18.92,26.01,19.07,6.81,501.0,33.94,Healthy,7.96
20.55,87.04,58.8,14.2,12.73,33.26,7.76,552.9,46.45,Rust,3.06
38.52,93.21,11.41,18.81,38.39,12.41,7.96,790.0,36.1,Rust,28.24
41.42,52.29,37.47,38.28,10.69,15.27,5.3,831.8,29.9,Healthy,19.08
23.11,84.05,14.57,36.03,46.59,43.69,6.59,239.4,40.03,Powdery_Mildew,22.88
20.34,93.32,45.01,42.31,15.17,30.6,6.9,232.6,42.63,Powdery_Mildew,8.84
33.51,92.79,33.71,12.52,35.62,24.56,4.92,922.8,31.62,Early_Blight,16.72
41.47,93.41,36.16,34.26,24.82,48.08,7.83,924.1,58.99,Early_Blight,17.8
28.3,57.37,19.05,17.06,31.93,44.89,5.09,753.5,33.4,Healthy,23.53
20.47,89.86,34.16,34.99,16.73,35.56,6.17,246.1,37.15,Powdery_Mildew,13.56
16.72,86.62,65.53,19.22,49.02,27.76,6.8,315.0,46.39,Rust,0.61
22.74,84.06,20.85,20.01,30.27,26.41,5.95,289.4,35.38,Bacterial_Leaf_Spot,20.33
36.52,31.69,59.21,43.39,18.12,46.41,5.29,463.1,39.78,Root_Rot,5.37
16.62,78.55,56.21,33.29,23.52,24.98,5.49,619.5,39.84,Root_Rot,4.48
18.76,91.45,48.66,13.4,44.95,33.71,6.99,455.8,42.41,Rust,8.58
32.63,52.3,59.26,12.69,17.94,29.98,5.21,395.2,36.95,Root_Rot,5.0
36.6,50.91,21.47,41.04,21.96,48.14,7.82,198.5,38.73,Healthy,20.78
34.32,89.1,61.2,41.1,25.79,39.44,7.88,783.8,60.12,Bacterial_Leaf_Spot,5.4
21.12,88.91,37.1,26.24,18.88,16.43,6.81,315.8,37.5,Powdery_Mildew,12.6
14.07,73.1,34.79,31.43,34.72,33.33,5.61,881.6,42.58,Healthy,14.34
36.43,89.34,20.28,22.71,47.16,31.88,5.09,569.4,42.12,Early_Blight,22.86
33.11,30.18,60.86,25.04,47.73,42.19,5.35,819.4,47.01,Root_Rot,6.77
25.68,86.91,56.33,48.43,35.42,47.58,7.73,511.1,52.49,Bacterial_Leaf_Spot,5.57
29.91,70.5,29.02,25.38,17.0,44.85,7.8,910.1,49.29,Early_Blight,19.56
27.27,85.71,26.86,14.98,25.64,41.77,7.9,969.3,46.97,Early_Blight,20.48
27.16,76.31,51.76,48.39,41.67,16.83,4.82,376.1,45.47,Root_Rot,7.51
30.04,68.21,20.87,47.71,12.7,39.46,7.02,657.8,41.83,Healthy,21.18
29.15,87.12,58.05,45.91,16.15,16.59,7.86,661.5,49.43,Bacterial_Leaf_Spot,6.01
23.02,91.73,54.84,38.95,18.36,44.6,7.25,283.7,50.03,Powdery_Mildew,3.69
24.71,76.38,35.54,12.26,29.07,17.17,6.56,928.7,30.72,Early_Blight,15.65
27.2,90.47,9.54,49.59,11.53,26.54,7.8,994.9,47.29,Healthy,28.47
22.14,91.64,35.82,23.26,25.69,13.77,6.65,275.5,38.75,Powdery_Mildew,13.55
28.18,86.14,61.37,44.93,25.35,13.94,7.73,670.7,52.09,Bacterial_Leaf_Spot,3.12
40.31,52.26,28.82,19.54,46.46,30.68,7.08,588.3,34.61,Healthy,19.95
26.53,56.02,30.45,40.4,27.21,38.6,6.87,791.1,46.96,Healthy,19.07
20.51,27.92,19.99,40.68,20.31,31.68,4.89,389.8,27.43,Healthy,20.42
17.83,91.58,41.65,16.84,46.47,24.25,5.32,235.3,35.66,Healthy,11.39
23.8,29.3,22.83,43.6,9.86,33.94,5.31,870.2,32.96,Healthy,22.23
32.39,89.85,40.13,13.77,35.46,10.51,8.17,468.7,40.93,Early_Blight,12.44
20.45,83.67,13.82,16.72,34.12,33.6,5.53,265.0,31.04,Powdery_Mildew,23.25
21.32,86.55,60.77,43.75,11.77,20.63,6.13,863.5,40.76,Rust,3.17
16.65,59.69,20.17,28.35,41.4,22.04,5.36,351.4,36.96,Healthy,21.13
30.06,55.13,61.16,34.49,31.42,34.14,4.96,788.8,44.88,Root_Rot,5.76
15.24,62.9,22.1,11.7,20.07,29.22,6.25,682.7,30.04,Healthy,19.23
28.85,74.65,22.72,27.3,26.64,14.45,7.52,332.2,28.96,Early_Blight,20.08
36.25,86.25,60.87,23.39,45.12,42.21,7.22,232.5,51.59,Early_Blight,2.54
25.92,81.05,31.91,19.72,26.14,42.12,5.22,241.2,34.32,Powdery_Mildew,16.27
25.68,77.67,14.23,44.13,28.02,22.43,7.78,967.1,42.74,Bacterial_Leaf_Spot,25.14
16.49,52.54,64.16,24.93,27.18,26.6,5.0,747.2,35.53,Root_Rot,2.32
34.91,89.21,41.01,22.32,27.51,36.69,5.71,535.0,36.91,Early_Blight,13.14
23.76,91.06,52.66,23.01,46.56,28.56,6.37,236.0,43.61,Powdery_Mildew,5.54
40.77,46.41,57.53,15.41,26.21,42.25,7.95,894.2,54.17,Healthy,9.78
37.23,32.68,40.53,30.61,12.89,12.29,6.59,925.6,41.8,Healthy,17.36
18.4,82.99,20.15,15.54,25.79,25.54,5.94,754.8,33.35,Healthy,20.73
40.38,57.76,60.08,44.43,29.14,41.6,4.96,872.3,43.04,Root_Rot,8.29
24.94,80.6,16.91,31.13,24.13,34.39,7.74,848.1,52.52,Early_Blight,23.45
21.25,85.0,32.47,45.0,17.96,22.47,6.02,266.6,38.75,Powdery_Mildew,14.1
29.23,84.51,58.8,35.78,41.77,42.43,5.15,909.5,49.45,Bacterial_Leaf_Spot,5.83
21.31,83.37,42.13,23.06,42.05,36.54,7.48,277.6,46.04,Powdery_Mildew,9.98
23.58,90.0,55.81,14.08,20.15,47.52,5.58,966.6,42.71,Root_Rot,6.07
21.03,91.87,53.6,11.08,42.27,17.96,6.65,509.0,40.61,Rust,5.65
21.52,89.55,42.79,43.93,14.36,28.66,6.73,254.5,44.72,Powdery_Mildew,10.08
19.49,48.24,42.72,12.04,21.14,20.19,6.09,449.8,33.74,Healthy,12.06
30.23,36.33,28.54,48.18,24.5,19.94,5.6,379.3,34.55,Healthy,18.44
39.74,34.56,33.82,11.54,14.83,12.68,5.4,241.2,31.68,Healthy,16.05
39.78,74.42,19.37,27.86,36.3,43.01,7.97,738.0,48.5,Early_Blight,24.06
41.02,84.98,62.38,38.81,39.76,36.69,4.83,908.4,55.47,Root_Rot,6.04
19.98,89.82,46.53,20.79,28.51,19.96,5.22,1001.3,40.9,Healthy,10.18
31.14,90.29,30.04,46.66,16.56,21.23,7.59,485.0,40.78,Bacterial_Leaf_Spot,17.02
15.22,81.13,40.4,38.65,33.42,11.32,6.92,285.8,44.3,Healthy,11.81
33.02,70.79,29.0,25.81,20.52,15.91,7.19,338.3,42.22,Early_Blight,17.21
16.52,92.74,58.21,35.14,43.36,36.16,6.32,486.0,51.13,Rust,3.46
14.24,84.5,26.21,28.97,25.16,15.23,7.43,689.2,37.43,Healthy,17.7
27.65,88.83,26.04,44.91,38.2,29.14,7.87,687.3,47.43,Bacterial_Leaf_Spot,19.77
39.74,65.69,28.93,28.09,21.38,32.61,6.37,927.7,35.87,Early_Blight,21.84
20.13,39.42,53.0,23.63,13.52,30.47,5.09,652.9,42.63,Root_Rot,6.96
39.63,68.56,46.23,12.37,48.05,17.97,8.17,829.0,48.15,Early_Blight,13.49
21.69,63.89,52.08,35.67,28.29,47.96,7.0,918.1,51.96,Healthy,7.78
30.05,65.91,17.84,29.11,22.01,14.26,7.0,426.8,32.66,Early_Blight,23.3
31.09,88.37,65.2,46.65,19.62,36.83,7.56,316.7,54.53,Bacterial_Leaf_Spot,1.31
27.8,80.85,18.08,45.43,33.64,46.4,7.41,729.5,50.97,Bacterial_Leaf_Spot,23.55
28.03,83.14,62.91,29.55,31.25,50.03,6.24,886.8,53.62,Early_Blight,3.71
13.78,41.99,12.49,45.06,31.09,22.33,6.57,809.7,32.54,Healthy,24.8
24.46,69.73,28.93,46.44,38.25,15.12,7.54,509.9,53.85,Root_Rot,17.65
21.9,94.59,22.68,15.93,14.24,46.95,7.11,338.3,36.93,Powdery_Mildew,19.57
34.63,85.64,30.68,49.21,30.81,44.2,7.56,532.9,50.56,Bacterial_Leaf_Spot,17.9
25.85,85.75,19.62,28.95,36.09,42.99,7.63,661.6,51.18,Early_Blight,23.19
37.93,68.61,54.14,10.38,40.81,43.2,6.17,463.0,41.75,Early_Blight,6.94
41.4,38.6,53.44,10.56,27.36,11.69,5.48,399.8,33.04,Root_Rot,8.83
24.63,86.21,21.96,43.44,46.6,16.99,6.12,224.5,47.49,Powdery_Mildew,19.02
35.18,72.28,49.4,11.09,49.5,40.28,5.93,824.4,44.81,Early_Blight,11.37
22.94,89.36,24.1,10.41,37.33,33.61,6.04,301.4,44.52,Powdery_Mildew,19.88
25.83,88.42,60.28,44.66,32.25,44.27,7.46,282.3,51.49,Powdery_Mildew,3.17
20.98,87.93,39.45,26.25,24.09,43.68,6.78,258.9,45.85,Powdery_Mildew,12.09
26.62,66.51,47.05,15.58,42.02,23.44,5.61,533.3,41.33,Early_Blight,9.69
22.2,79.07,54.81,19.78,13.05,11.11,7.26,428.3,42.93,Healthy,5.61
27.35,94.52,57.35,44.43,15.08,47.44,5.26,446.7,50.15,Early_Blight,4.62
28.19,91.37,58.3,39.54,47.3,18.73,5.2,452.4,45.3,Root_Rot,4.05
20.64,94.57,58.69,16.11,44.18,37.64,6.12,448.8,45.03,Rust,3.5
34.97,90.18,38.89,23.57,35.86,41.92,5.13,890.1,43.45,Early_Blight,15.75
26.03,85.11,20.59,46.49,13.56,30.9,7.92,337.5,40.42,Bacterial_Leaf_Spot,20.6
30.72,71.48,41.15,21.84,14.85,32.41,5.4,378.9,33.69,Early_Blight,11.94
41.35,86.89,22.43,12.09,30.45,47.68,6.83,1001.3,38.24,Early_Blight,24.16
33.95,87.88,35.44,19.43,24.5,32.91,5.9,822.5,36.89,Early_Blight,17.03
33.22,55.51,20.93,47.25,14.6,22.93,5.09,349.0,34.12,Healthy,21.98
28.15,29.69,57.78,40.4,44.76,48.92,6.2,223.0,49.07,Healthy,4.47
22.29,56.78,48.97,30.58,26.08,39.5,7.6,783.2,49.12,Healthy,9.9
24.37,48.91,45.42,46.3,25.88,48.88,6.63,917.7,44.08,Healthy,12.04
24.45,87.28,62.08,43.64,23.4,33.47,5.62,732.4,44.51,Root_Rot,3.42
35.17,78.94,59.8,10.5,29.59,49.7,5.04,232.5,39.05,Root_Rot,3.63
42.41,74.04,49.21,31.45,45.64,39.28,7.31,694.0,48.38,Early_Blight,11.59
14.7,87.53,57.77,29.96,50.55,46.79,6.09,243.0,44.72,Rust,3.19
24.63,83.87,51.86,21.58,46.9,26.08,6.01,585.6,46.69,Early_Blight,8.61
34.91,83.3,38.71,33.66,37.28,24.15,5.36,382.0,40.84,Early_Blight,13.38
20.0,30.8,25.14,25.61,19.98,38.92,5.48,401.5,28.08,Healthy,18.69
34.35,44.22,20.63,24.53,43.89,40.87,7.76,355.4,33.86,Healthy,22.34
22.95,93.57,42.68,12.41,11.58,16.44,6.36,454.1,35.26,Healthy,11.17
41.47,87.58,23.18,18.47,35.51,49.22,8.02,502.4,47.69,Early_Blight,20.96
14.03,59.68,60.75,36.93,19.5,36.83,5.33,645.2,49.08,Root_Rot,3.06
32.6,54.34,29.3,34.39,12.93,30.74,7.09,674.8,35.57,Healthy,19.57
21.0,71.44,61.23,43.32,44.39,21.86,5.28,868.1,46.31,Root_Rot,3.11
25.65,40.31,42.62,40.61,43.54,46.56,7.2,803.2,50.88,Healthy,13.88
22.89,88.7,61.79,16.76,44.02,48.91,7.54,862.6,56.66,Rust,3.74
28.33,92.04,32.56,27.57,46.89,42.75,7.68,253.6,46.96,Early_Blight,14.77
22.39,92.09,62.69,11.94,46.27,46.17,7.53,761.5,53.38,Rust,3.56
28.77,60.42,30.96,22.4,25.86,22.4,6.7,764.2,35.71,Healthy,18.85
21.05,92.07,43.83,15.02,21.82,24.61,5.13,283.9,34.02,Powdery_Mildew,10.06
20.63,92.06,49.28,42.88,29.37,19.28,6.26,780.3,52.67,Rust,9.3
21.78,88.13,51.92,29.24,32.97,17.64,7.59,451.1,45.59,Rust,6.92
25.7,86.6,59.01,48.45,39.04,48.16,7.67,540.2,55.29,Root_Rot,4.22
34.39,81.09,53.04,33.69,31.17,36.37,5.39,886.5,48.39,Powdery_Mildew,9.17
22.31,86.55,24.72,35.15,34.47,34.28,7.75,402.5,44.64,Healthy,19.32
21.32,43.27,58.24,45.27,45.32,15.3,4.89,316.0,40.71,Root_Rot,4.18
35.76,74.93,8.33,25.8,35.48,24.22,5.45,245.8,27.85,Early_Blight,26.78
37.25,29.0,53.81,20.08,36.67,31.47,5.81,697.0,38.57,Healthy,9.84
30.9,33.99,35.75,40.8,29.46,44.67,5.14,283.5,30.54,Healthy,14.8
31.94,87.75,37.5,49.99,38.52,47.5,7.49,336.7,59.13,Bacterial_Leaf_Spot,13.67
25.16,81.78,41.04,31.88,48.3,43.93,6.39,331.3,56.13,Powdery_Mildew,11.07
31.84,27.74,64.71,37.23,35.04,19.96,7.93,585.4,61.8,Healthy,2.92
25.25,89.43,13.09,21.45,13.18,25.86,5.41,309.2,31.98,Powdery_Mildew,24.48
30.69,52.77,38.37,12.11,9.82,22.99,5.01,637.6,29.45,Healthy,13.79
20.99,85.59,9.12,14.22,35.36,36.27,5.18,199.0,30.13,Powdery_Mildew,25.65
27.87,43.03,12.58,28.78,25.67,36.85,7.83,764.0,42.8,Bacterial_Leaf_Spot,26.78
16.27,31.21,52.34,30.09,38.1,33.17,7.68,230.5,45.93,Healthy,6.74
22.49,34.67,28.37,44.07,35.83,29.52,6.15,475.4,41.62,Healthy,17.81
37.08,78.88,36.53,40.73,46.81,14.91,6.03,730.2,45.58,Healthy,16.97
33.79,34.08,44.32,46.87,22.81,20.6,6.67,476.6,35.38,Healthy,12.12
24.92,34.65,56.38,31.11,36.61,31.55,5.71,470.7,43.65,Root_Rot,5.79
22.45,87.07,45.14,25.34,23.06,22.88,6.46,312.9,37.36,Powdery_Mildew,10.01
23.33,81.25,48.77,16.09,46.72,40.71,6.31,348.0,44.0,Powdery_Mildew,7.95
18.92,31.3,58.94,35.49,40.29,40.4,5.0,270.5,47.9,Root_Rot,3.88
37.23,70.53,10.97,14.54,45.38,36.51,7.73,928.8,40.07,Early_Blight,29.06
18.09,42.91,49.47,17.01,22.27,44.83,6.54,669.0,47.22,Healthy,8.5
30.71,79.45,37.75,22.88,10.96,32.18,5.61,621.1,39.57,Early_Blight,15.2
14.6,27.89,49.27,48.2,22.77,31.96,8.01,831.5,47.94,Healthy,8.46
32.84,81.1,43.61,47.5,34.82,48.79,7.72,774.2,52.69,Bacterial_Leaf_Spot,13.95
21.52,89.86,62.42,45.85,14.08,36.42,6.58,788.6,48.28,Rust,2.38
23.35,92.09,27.14,40.71,29.14,29.11,7.26,292.0,43.38,Powdery_Mildew,17.02
28.59,47.16,7.95,18.84,44.18,33.36,6.11,752.2,37.63,Healthy,28.59
33.15,70.9,15.96,12.74,23.11,41.21,7.94,551.0,34.57,Early_Blight,25.03
20.91,86.63,40.47,31.16,21.69,13.12,6.12,313.3,37.21,Powdery_Mildew,11.91
22.44,89.4,56.42,22.21,23.56,45.52,7.8,727.7,53.81,Rust,5.51
35.09,83.05,35.02,21.99,41.8,31.65,8.05,842.2,47.02,Early_Blight,16.88
23.38,79.71,55.74,46.28,46.86,15.28,5.01,731.1,41.27,Root_Rot,6.43
35.72,76.14,40.91,31.25,21.6,18.93,5.24,818.1,37.46,Early_Blight,14.4
30.98,89.99,46.84,49.17,47.28,33.25,7.46,682.0,52.61,Bacterial_Leaf_Spot,11.27
30.6,83.53,55.06,44.29,39.33,20.55,4.82,433.6,42.73,Root_Rot,7.57
14.99,34.66,36.19,28.9,16.55,19.09,6.24,620.5,32.6,Healthy,13.97
40.02,72.92,34.21,18.21,35.56,29.15,5.59,494.9,34.62,Early_Blight,17.17
35.99,82.64,63.44,17.55,46.74,43.88,8.17,281.1,48.56,Early_Blight,1.83
31.64,72.14,40.91,32.02,37.0,23.71,6.06,835.7,42.91,Early_Blight,13.64
32.41,77.22,22.4,23.63,14.84,31.77,8.21,991.8,38.93,Early_Blight,23.23
37.12,81.2,49.83,24.84,33.24,41.94,6.51,743.6,46.52,Early_Blight,10.11
23.08,29.85,11.85,47.19,23.97,42.77,8.14,191.0,45.96,Healthy,23.87
33.62,62.44,49.74,21.24,12.97,29.39,7.62,366.7,33.68,Healthy,9.63
21.44,28.77,61.09,19.1,50.56,24.23,6.37,726.0,49.98,Healthy,4.17
12.05,57.34,44.24,48.59,42.32,26.98,5.04,825.8,32.55,Healthy,9.92
37.62,73.16,55.6,34.05,31.3,22.9,7.3,547.1,52.72,Early_Blight,7.14
32.76,77.51,15.02,26.89,19.08,21.9,5.28,423.2,35.8,Early_Blight,24.29
31.89,28.65,55.85,20.16,30.92,37.93,5.66,723.6,41.32,Root_Rot,8.94
37.52,79.04,14.29,29.33,28.85,19.23,6.9,779.3,40.38,Early_Blight,26.95
24.2,85.7,61.17,22.83,35.5,40.65,5.82,871.5,47.24,Early_Blight,4.25
24.06,89.3,21.51,40.54,48.74,20.08,6.65,252.6,36.87,Powdery_Mildew,20.1
29.73,60.94,27.13,20.84,25.18,23.22,6.78,753.0,34.96,Healthy,20.18
35.68,72.22,43.96,15.95,34.04,46.53,7.08,373.8,42.42,Early_Blight,10.73
41.4,81.98,41.11,11.8,41.39,49.32,8.04,723.9,55.62,Early_Blight,14.05
22.83,83.41,22.84,45.68,24.61,20.77,6.27,228.5,31.97,Powdery_Mildew,19.39
25.08,80.57,23.42,30.82,46.7,27.08,7.3,504.0,43.81,Early_Blight,20.19
22.95,90.32,57.02,32.05,10.55,47.75,6.29,740.0,46.45,Rust,4.63
17.15,86.35,59.07,20.49,47.69,26.66,6.95,289.7,52.69,Rust,3.03
33.85,90.24,15.76,47.3,14.22,47.64,7.79,416.7,50.23,Bacterial_Leaf_Spot,23.93
19.55,67.94,41.11,25.97,10.65,29.64,6.57,896.4,35.91,Healthy,11.48
18.8,42.26,11.66,32.35,23.95,45.53,5.41,710.4,29.33,Healthy,25.12
27.15,87.23,33.67,46.95,25.07,23.64,7.82,450.4,40.27,Bacterial_Leaf_Spot,15.7
24.43,90.61,52.78,22.2,46.69,28.98,6.47,236.3,43.85,Powdery_Mildew,6.29
21.78,74.59,55.73,50.0,18.25,17.24,5.7,460.6,46.48,Root_Rot,4.68
36.54,94.17,28.0,23.32,20.42,29.63,8.07,812.6,44.81,Early_Blight,20.38
39.57,91.61,52.86,40.68,17.72,19.4,5.32,407.9,40.21,Root_Rot,8.07
37.44,75.68,26.35,17.39,32.13,18.09,5.75,556.2,28.18,Early_Blight,20.82
23.03,80.25,15.72,26.08,33.8,21.08,8.13,255.5,41.31,Powdery_Mildew,22.77
18.05,46.85,56.57,22.64,25.22,19.41,5.38,575.8,41.39,Root_Rot,4.7
31.88,95.49,46.31,25.81,42.44,41.6,7.06,539.3,55.46,Early_Blight,10.07
31.32,90.64,30.1,27.33,14.22,32.88,4.9,615.9,28.27,Early_Blight,18.24
26.99,87.81,33.65,43.63,20.92,13.06,6.86,910.0,42.18,Root_Rot,16.98
34.73,28.42,55.77,21.02,32.33,34.13,5.77,703.5,35.79,Root_Rot,9.24
23.32,89.25,50.8,45.61,15.47,47.26,7.53,825.6,50.6,Rust,8.4
20.45,90.59,48.82,35.23,45.43,14.92,7.79,711.6,58.4,Powdery_Mildew,8.99
20.22,39.17,27.29,31.4,11.18,39.69,7.92,971.9,51.85,Healthy,19.57
30.14,83.22,9.69,47.62,11.6,27.38,7.83,413.7,34.73,Bacterial_Leaf_Spot,26.84
22.8,89.23,19.11,40.28,13.72,24.65,5.3,337.6,38.85,Bacterial_Leaf_Spot,21.85
28.99,82.56,26.21,47.47,24.45,12.82,7.38,462.4,34.95,Bacterial_Leaf_Spot,18.7
28.15,80.65,31.75,15.28,35.06,13.25,6.79,679.1,33.9,Early_Blight,16.41
17.84,81.62,39.34,22.52,46.43,33.14,6.47,849.5,42.8,Healthy,13.58
23.66,55.22,37.88,41.0,48.8,31.01,6.34,231.8,34.75,Healthy,13.07
24.57,88.2,52.31,20.13,47.49,31.51,6.5,255.2,38.23,Powdery_Mildew,5.52
13.83,93.78,62.59,38.96,40.9,13.71,5.23,921.1,44.62,Root_Rot,1.33
31.39,69.62,39.3,20.69,13.07,10.59,4.92,348.5,31.26,Early_Blight,13.51
26.59,82.85,56.12,14.58,23.62,29.98,7.02,991.9,56.13,Early_Blight,6.94
29.02,77.65,65.47,17.7,33.31,16.64,5.6,910.9,42.73,Root_Rot,3.14
13.25,81.76,35.85,43.17,44.74,25.54,6.01,520.3,39.84,Healthy,14.14
34.08,92.48,54.08,16.95,22.48,25.88,4.98,298.8,34.75,Root_Rot,5.63
39.35,94.98,56.4,40.82,17.46,21.98,5.13,384.5,42.85,Root_Rot,5.37
21.33,92.95,32.0,10.59,35.74,37.94,6.26,335.6,35.11,Powdery_Mildew,15.61
39.35,27.46,57.11,20.06,29.82,36.04,5.4,334.3,45.22,Root_Rot,6.45
27.44,51.35,27.95,23.37,21.46,44.94,8.1,496.9,39.69,Healthy,18.98
24.97,30.23,57.78,27.64,28.0,13.25,5.11,492.2,42.71,Root_Rot,5.71
32.43,46.88,59.73,37.74,43.93,33.6,5.17,783.3,45.86,Root_Rot,6.78
33.2,82.69,44.28,16.5,35.1,34.75,7.24,780.5,43.88,Early_Blight,12.97
35.74,45.13,54.13,13.94,32.64,12.74,5.11,291.5,41.27,Root_Rot,6.62
26.11,63.77,52.37,40.22,44.97,19.74,5.04,930.5,50.0,Root_Rot,8.98
19.05,84.27,58.13,25.33,49.52,22.56,6.43,887.2,51.56,Rust,4.63
38.21,57.49,57.34,22.68,34.82,45.05,7.14,972.6,55.77,Healthy,9.81
34.28,82.59,21.06,38.4,44.01,14.7,7.92,664.0,47.0,Bacterial_Leaf_Spot,23.19
20.59,88.87,26.54,17.07,17.68,49.5,6.55,248.8,37.74,Powdery_Mildew,18.05
27.38,46.37,44.36,39.86,35.0,26.75,6.98,952.2,46.67,Healthy,13.38
16.02,92.53,28.81,31.84,23.49,16.61,7.75,314.6,34.96,Healthy,16.21
14.38,71.66,38.31,22.64,45.35,37.05,5.96,233.8,41.66,Healthy,12.25
20.42,83.33,45.48,21.14,42.82,35.77,7.68,254.4,51.58,Powdery_Mildew,9.26
24.54,87.03,60.26,49.1,37.39,22.77,7.5,786.3,52.02,Healthy,4.3
27.76,26.08,59.64,44.75,17.26,14.83,7.06,439.0,47.87,Healthy,5.68
26.08,55.56,63.07,39.65,35.04,25.4,5.36,391.2,49.97,Root_Rot,2.06
24.46,82.73,15.05,33.94,47.41,43.8,6.26,226.8,35.87,Powdery_Mildew,23.3
21.69,90.08,51.9,15.0,36.41,19.96,6.44,823.0,50.04,Rust,8.12
22.86,37.73,45.01,27.6,15.46,31.55,5.03,685.9,40.6,Healthy,11.33
26.17,44.43,7.3,22.28,14.37,31.62,4.91,386.8,28.69,Healthy,28.69
30.89,83.66,20.46,15.06,39.96,36.35,7.14,365.7,38.44,Early_Blight,21.28
35.41,89.88,29.24,13.38,41.59,23.11,7.97,989.2,46.22,Bacterial_Leaf_Spot,20.68
16.3,38.3,27.19,19.04,18.16,45.98,7.26,563.5,39.88,Healthy,17.53
18.69,92.57,50.54,20.15,16.15,12.14,7.35,587.6,42.62,Rust,7.21
23.01,32.51,34.59,37.77,25.1,48.8,6.92,623.4,38.67,Healthy,15.98
14.57,58.17,61.42,40.93,26.16,22.51,4.87,332.9,38.04,Root_Rot,2.38
34.86,61.26,53.46,43.02,15.2,11.74,4.85,883.7,41.13,Root_Rot,10.23
33.71,31.31,46.2,45.92,22.33,19.59,6.86,438.6,45.7,Healthy,11.9
31.92,72.81,56.82,24.88,47.19,13.37,7.5,505.1,51.86,Early_Blight,5.89
26.47,76.1,32.91,18.0,18.07,15.02,5.69,636.8,30.49,Early_Blight,16.35
36.68,30.65,64.11,20.86,47.2,34.37,5.56,561.0,47.39,Root_Rot,5.81
25.58,41.07,35.64,15.26,30.46,22.41,4.73,580.8,38.24,Healthy,15.71
38.62,86.74,59.16,13.29,42.06,44.76,5.26,787.9,46.1,Root_Rot,6.35
34.8,90.99,18.65,29.82,39.77,39.45,6.1,917.8,41.27,Early_Blight,24.48
24.08,91.15,46.67,47.39,21.06,34.69,7.82,234.5,49.96,Powdery_Mildew,8.35
26.94,33.28,43.21,25.8,15.02,19.76,7.25,955.4,47.25,Healthy,14.59
23.95,86.68,20.12,41.2,13.61,27.55,7.81,288.4,41.49,Powdery_Mildew,20.74
18.04,76.31,56.61,19.27,23.53,12.9,5.43,845.9,41.51,Root_Rot,5.19
25.68,87.35,60.74,49.35,25.73,49.54,7.74,509.7,53.83,Bacterial_Leaf_Spot,3.33
11.88,92.33,23.96,49.68,17.68,15.45,6.93,495.3,35.66,Healthy,18.99
13.26,82.71,53.3,42.97,17.06,20.82,8.05,626.0,46.86,Rust,5.22
22.34,83.79,21.71,30.76,26.43,39.33,7.64,311.6,43.61,Powdery_Mildew,19.66
20.43,44.81,29.33,48.96,36.03,43.67,6.56,574.2,39.37,Healthy,17.65
27.44,82.11,53.21,43.26,14.98,40.98,7.79,813.4,50.71,Bacterial_Leaf_Spot,8.28
21.3,82.15,22.47,45.56,29.75,38.41,6.56,204.8,40.0,Powdery_Mildew,19.74
27.44,50.37,48.18,35.13,38.98,27.21,7.62,213.5,46.72,Healthy,8.06
28.33,89.17,49.73,45.56,29.75,48.15,7.42,654.4,52.48,Bacterial_Leaf_Spot,9.34
17.4,59.68,40.09,24.6,37.66,39.15,6.56,860.1,44.03,Healthy,12.27
17.33,78.9,44.52,21.82,41.95,42.18,5.04,863.0,43.29,Healthy,10.18
32.42,75.3,25.35,38.08,28.99,39.82,7.95,962.2,45.38,Bacterial_Leaf_Spot,21.67
35.38,32.38,40.84,47.67,24.16,13.41,5.59,768.2,34.22,Healthy,16.75
18.84,86.54,39.66,13.02,33.95,27.73,5.26,752.7,32.18,Healthy,12.93
15.03,42.56,59.18,28.84,42.19,21.26,5.0,830.6,44.2,Root_Rot,3.97
17.76,79.83,64.7,48.19,38.66,14.97,5.37,239.8,49.71,Root_Rot,1.12
23.25,84.06,12.94,19.92,12.14,41.3,7.03,247.1,36.42,Powdery_Mildew,25.44
21.28,76.34,49.08,12.15,45.01,47.16,4.82,449.2,38.93,Healthy,7.31
37.68,73.0,13.06,29.79,35.16,15.75,6.99,935.7,43.28,Early_Blight,28.27
20.59,93.5,48.18,41.38,15.38,33.46,6.87,231.6,37.62,Powdery_Mildew,7.68
23.58,89.87,54.55,42.53,25.11,14.42,6.3,889.6,47.93,Rust,6.41
23.17,85.19,38.2,44.66,18.23,27.17,7.67,301.1,34.71,Powdery_Mildew,12.25
39.7,35.65,29.49,12.49,17.07,28.78,7.59,361.4,34.68,Healthy,18.65
18.39,80.0,60.2,24.54,50.36,17.33,7.77,524.4,49.53,Rust,2.4
29.29,81.33,44.01,46.83,24.63,12.5,7.43,895.6,43.76,Bacterial_Leaf_Spot,12.89
20.54,90.26,58.44,47.97,18.71,16.97,5.91,598.3,45.39,Rust,4.09
25.61,85.49,30.38,30.9,48.65,43.09,5.81,258.1,42.02,Powdery_Mildew,16.56
32.28,89.35,26.4,43.49,45.13,31.4,7.25,645.5,56.44,Bacterial_Leaf_Spot,20.17
21.46,91.99,49.37,41.51,38.72,46.15,8.08,856.5,56.12,Rust,9.03
19.31,67.81,27.91,15.73,14.44,43.26,5.65,487.5,32.16,Healthy,17.46
22.06,91.91,52.9,46.38,49.59,29.59,7.16,875.1,55.89,Rust,8.33
35.59,54.96,39.54,36.38,21.64,45.19,6.35,468.8,33.46,Healthy,14.36
21.63,92.86,11.71,23.24,47.69,10.94,5.05,224.1,28.56,Powdery_Mildew,23.5
15.59,41.75,54.53,39.92,35.77,10.18,4.82,286.3,43.62,Root_Rot,4.62
23.23,89.83,39.87,30.59,22.93,46.79,6.2,294.2,47.89,Powdery_Mildew,11.12
41.61,86.78,64.37,50.61,18.93,45.28,7.75,187.9,57.74,Bacterial_Leaf_Spot,1.37
21.15,94.01,51.32,47.72,45.45,29.61,7.53,881.8,59.6,Rust,7.76
36.18,81.9,61.5,27.2,15.32,39.95,5.15,448.4,43.47,Root_Rot,3.56
18.67,43.4,16.38,34.39,30.81,16.98,6.4,757.2,34.64,Healthy,24.53
34.62,77.64,59.57,19.0,49.49,41.37,5.28,805.7,45.95,Root_Rot,6.6
37.89,91.97,45.66,39.7,15.81,35.55,7.98,886.2,52.79,Bacterial_Leaf_Spot,13.34
28.06,63.68,34.19,45.81,27.3,29.12,7.87,921.3,48.06,Root_Rot,17.03
36.39,89.24,58.14,13.45,40.1,45.29,5.37,870.1,46.72,Root_Rot,6.66
20.93,82.81,43.97,23.18,41.21,34.38,7.57,262.3,33.08,Powdery_Mildew,10.02
37.75,41.64,38.25,45.59,23.33,24.04,5.58,349.7,39.24,Healthy,14.58
32.6,83.21,14.67,20.4,36.97,29.91,5.44,737.9,38.77,Root_Rot,24.84
21.73,45.39,50.34,33.54,39.69,17.05,6.56,687.1,46.9,Healthy,8.5
27.06,95.61,61.13,46.11,17.76,34.16,6.87,733.1,47.47,Healthy,3.84
11.66,77.68,12.37,25.61,24.7,47.33,5.87,853.6,36.47,Healthy,23.85
34.69,39.58,17.39,49.47,10.33,34.61,7.85,738.4,42.79,Healthy,25.7
21.97,88.83,54.45,41.14,39.44,22.16,8.05,429.2,53.06,Rust,5.39
24.64,47.3,32.62,11.41,16.93,22.09,7.03,494.5,30.68,Healthy,16.25
22.83,84.03,21.43,31.88,28.18,40.33,7.63,341.7,44.8,Powdery_Mildew,20.47
40.09,30.02,50.18,39.34,46.65,46.76,4.88,321.4,43.36,Root_Rot,9.6
31.62,89.64,17.24,49.81,11.81,40.29,7.49,583.5,42.12,Bacterial_Leaf_Spot,24.26
25.19,66.76,43.15,28.06,16.69,40.38,6.98,954.2,41.89,Early_Blight,12.78
13.1,38.09,49.27,28.72,43.83,35.27,7.18,851.2,44.53,Healthy,7.53
35.18,65.93,44.68,30.59,22.88,28.52,7.78,799.6,43.52,Early_Blight,13.68
30.09,84.31,35.12,48.46,38.8,49.88,7.98,403.3,50.24,Early_Blight,15.25
37.99,90.08,25.5,30.76,31.66,16.08,4.9,320.5,27.37,Early_Blight,19.14
25.29,81.07,22.22,33.21,36.84,15.94,4.91,331.4,26.23,Powdery_Mildew,20.61
23.01,69.98,19.8,33.2,21.33,10.87,4.75,320.2,28.69,Healthy,21.7
15.91,69.19,60.29,12.73,18.43,16.98,5.59,489.4,43.52,Root_Rot,3.37
34.71,35.35,59.02,29.76,29.97,12.64,5.05,720.1,39.02,Root_Rot,8.27
21.23,93.99,39.79,30.57,13.95,48.83,6.36,216.1,42.09,Powdery_Mildew,11.32
31.33,95.17,46.41,31.13,36.2,27.02,7.75,244.6,41.42,Early_Blight,9.25
29.21,75.57,33.48,30.78,47.82,17.21,5.93,816.5,43.61,Powdery_Mildew,17.31
38.58,71.14,30.98,22.99,25.8,36.8,6.55,924.9,44.89,Early_Blight,20.71
14.82,81.62,19.09,26.48,18.92,30.86,7.27,592.8,42.89,Healthy,20.88
23.01,39.88,59.42,13.75,10.17,19.42,7.9,505.1,50.17,Healthy,3.45
21.42,86.87,63.2,32.03,23.8,46.88,6.89,895.4,49.89,Rust,2.71
32.92,87.8,54.22,19.95,13.73,40.09,6.9,801.6,49.02,Early_Blight,7.77
17.34,49.6,53.94,33.8,41.91,44.49,5.57,961.6,44.85,Root_Rot,6.72
36.41,94.93,30.92,11.73,27.86,13.6,5.9,804.9,34.6,Early_Blight,18.51
39.59,88.05,20.72,10.75,27.57,21.63,7.78,765.6,41.0,Early_Blight,23.43
36.95,28.34,31.08,28.87,45.54,39.67,4.92,297.7,36.29,Healthy,17.58
37.28,80.28,58.09,39.62,19.37,50.01,5.78,205.5,41.12,Root_Rot,4.26
23.25,82.08,16.46,33.7,26.83,24.77,5.31,245.3,34.52,Rust,22.75
15.04,55.22,56.52,37.66,42.44,46.5,5.61,966.1,47.24,Root_Rot,6.04
20.07,68.96,58.3,31.51,19.98,18.25,5.02,743.7,43.05,Root_Rot,4.72
25.26,31.27,23.38,43.6,9.99,33.19,5.24,881.6,35.93,Healthy,22.6
20.75,87.22,21.3,27.78,46.77,16.66,7.64,292.4,38.51,Powdery_Mildew,19.69
21.25,88.6,52.75,32.81,46.91,18.85,7.17,1012.2,51.28,Rust,6.9
23.6,79.45,55.37,49.7,43.72,20.61,5.13,397.6,49.27,Root_Rot,6.17
20.45,89.6,22.61,27.52,25.62,31.21,5.59,435.0,36.77,Healthy,19.42
21.65,93.08,47.38,39.64,21.62,31.23,6.22,272.0,44.51,Powdery_Mildew,7.95
41.8,93.6,25.39,21.42,34.72,24.82,5.18,759.5,39.39,Early_Blight,21.92
17.04,37.28,34.34,14.09,31.53,20.6,6.24,339.0,33.37,Healthy,14.37
37.03,31.16,31.31,47.96,17.06,16.22,6.42,566.0,35.02,Healthy,18.84
19.72,91.6,50.66,22.98,34.13,38.43,6.71,826.9,49.54,Rust,7.69
32.12,78.18,24.51,27.24,11.22,45.46,5.49,640.6,43.15,Early_Blight,21.6
34.56,37.62,9.53,23.24,32.1,34.33,7.48,557.2,35.4,Healthy,28.11
40.16,92.1,53.72,41.13,17.73,19.86,5.36,404.6,40.79,Root_Rot,6.49
28.18,85.62,15.94,45.81,25.83,34.06,7.88,428.9,40.02,Bacterial_Leaf_Spot,23.98
17.36,68.0,13.82,12.62,25.91,26.03,4.85,790.5,25.03,Healthy,24.51
11.8,78.39,48.44,41.32,23.25,31.58,6.29,342.7,41.95,Healthy,7.26
24.13,89.64,34.08,29.18,33.86,22.97,6.38,279.3,39.77,Powdery_Mildew,13.82
22.36,86.3,54.93,26.78,14.2,43.53,5.07,971.6,39.2,Root_Rot,6.34
31.04,86.91,60.02,37.83,16.57,38.67,6.32,835.2,46.87,Healthy,5.39
30.77,80.12,9.38,10.11,20.33,46.87,6.35,380.5,28.6,Early_Blight,27.13
12.9,33.83,65.08,39.21,43.33,30.72,5.66,662.8,45.54,Root_Rot,0.0
20.53,29.4,21.89,42.54,22.62,31.57,4.86,377.9,28.15,Healthy,20.44
18.91,89.67,56.77,16.42,30.91,11.34,6.25,818.0,39.54,Rust,5.33
22.56,92.24,57.42,29.53,18.25,20.69,5.87,715.6,42.5,Rust,3.77
24.53,94.35,52.96,47.0,17.09,39.24,5.05,959.9,47.06,Root_Rot,8.29
37.99,79.05,60.97,14.69,41.94,42.24,5.25,711.5,48.65,Root_Rot,5.08
21.36,61.85,28.05,43.13,35.86,32.69,6.11,625.1,43.56,Healthy,18.36
29.78,38.26,17.9,12.65,28.7,17.53,7.55,968.5,43.2,Healthy,26.28
16.08,76.14,57.69,26.65,43.33,33.23,5.1,720.9,39.6,Root_Rot,4.7
25.89,83.03,49.44,32.87,28.78,23.38,6.41,844.1,47.7,Early_Blight,9.79
22.4,82.22,36.9,43.21,34.78,45.86,6.04,294.5,45.52,Powdery_Mildew,12.14
21.44,91.0,30.87,42.83,28.74,32.19,6.32,317.7,44.88,Powdery_Mildew,15.6
40.03,80.04,38.85,43.9,12.78,39.23,7.87,828.9,43.9,Early_Blight,16.61
19.16,58.83,51.04,44.06,36.01,39.12,4.86,965.0,48.87,Root_Rot,8.18
21.7,91.91,57.05,35.97,48.83,19.93,8.08,656.3,44.92,Rust,5.14
23.52,89.09,40.37,32.77,17.24,48.18,6.06,272.3,35.59,Powdery_Mildew,12.13
31.78,41.7,35.36,28.3,26.26,35.46,5.41,415.9,39.25,Healthy,15.94
22.3,85.36,20.42,21.89,41.63,26.52,4.87,324.6,29.1,Powdery_Mildew,20.69
34.97,65.61,35.85,10.73,45.99,17.32,7.88,641.9,40.92,Early_Blight,15.64
26.42,92.22,60.66,13.27,35.52,23.49,6.29,911.1,45.5,Early_Blight,4.31
14.4,92.32,18.6,45.93,46.05,20.31,7.03,323.4,39.42,Healthy,21.33
41.43,68.87,22.45,14.66,36.11,14.87,5.5,846.1,32.75,Early_Blight,24.18
31.18,86.27,27.29,31.43,44.61,13.4,6.75,647.8,42.66,Early_Blight,19.78
24.18,83.44,22.69,46.54,14.25,40.74,7.88,333.2,41.49,Powdery_Mildew,20.37
14.03,56.88,57.1,33.77,40.46,46.42,5.43,984.0,41.92,Root_Rot,4.53
30.37,34.9,34.49,41.78,27.45,44.6,5.12,262.0,34.01,Healthy,13.61
20.71,92.76,28.01,31.15,32.04,19.56,7.01,302.5,38.53,Powdery_Mildew,16.56
38.14,83.19,38.33,29.01,27.19,12.82,6.8,545.7,42.45,Early_Blight,15.81
21.65,73.43,33.09,15.68,9.6,32.47,6.21,884.3,36.61,Healthy,16.17
29.62,84.67,13.72,48.25,9.48,21.07,7.78,661.4,38.18,Bacterial_Leaf_Spot,24.48
28.71,88.34,50.63,18.45,38.77,41.17,6.17,251.2,45.9,Early_Blight,7.92
22.78,58.42,54.93,23.46,25.9,14.44,5.44,837.5,36.23,Root_Rot,6.96
22.78,41.4,49.1,31.16,26.1,30.52,5.79,486.9,37.7,Healthy,9.29
25.27,86.66,31.37,26.76,37.03,21.19,7.99,302.3,43.6,Powdery_Mildew,16.11
27.57,86.76,60.71,29.37,48.01,28.25,5.67,475.6,42.27,Root_Rot,3.67
14.75,78.69,63.74,16.39,43.49,33.12,4.98,557.2,38.25,Root_Rot,1.26
27.63,88.96,36.67,47.27,22.66,22.86,7.65,426.3,39.23,Bacterial_Leaf_Spot,14.43
27.02,91.95,31.58,49.24,12.3,47.19,7.88,227.1,45.57,Bacterial_Leaf_Spot,16.85
27.57,87.26,56.84,47.72,28.52,45.59,5.55,717.0,46.42,Root_Rot,6.43
14.55,63.32,10.28,22.65,43.7,10.63,6.98,900.0,34.15,Healthy,24.73
35.07,71.68,36.68,24.88,19.73,10.65,7.7,927.2,39.67,Early_Blight,17.74
15.48,88.34,53.95,48.05,23.09,35.67,6.53,497.8,54.03,Rust,6.03
28.24,64.58,28.08,36.19,17.77,34.08,5.91,633.7,41.87,Healthy,19.72
22.18,92.56,43.69,23.58,20.75,39.43,7.57,288.4,52.89,Powdery_Mildew,9.98
24.16,83.74,42.36,47.3,33.24,47.59,6.0,322.9,43.08,Powdery_Mildew,11.62
15.85,37.68,17.41,19.81,23.08,20.54,7.11,779.1,29.95,Healthy,23.06
42.1,85.87,62.06,33.46,27.49,24.34,7.82,670.2,46.29,Early_Blight,6.54
25.49,88.53,64.11,15.42,36.48,10.17,6.03,541.8,39.86,Early_Blight,1.52
21.53,89.02,57.37,39.31,20.18,20.12,6.43,697.8,40.51,Rust,4.61
13.78,84.38,50.9,20.13,15.5,25.59,7.14,407.7,41.19,Rust,6.48
22.69,91.64,54.28,23.6,22.09,22.54,6.61,838.1,53.96,Rust,6.42
24.55,82.92,27.11,21.71,10.57,40.18,7.96,269.1,39.99,Powdery_Mildew,17.34
21.35,88.28,63.88,25.61,12.04,12.57,5.99,463.6,40.84,Rust,0.06
29.58,91.62,30.7,47.23,16.43,20.13,7.57,478.4,43.98,Powdery_Mildew,16.84
34.24,47.24,59.78,14.3,50.69,33.95,8.03,894.4,53.63,Healthy,7.83
16.19,73.5,12.97,31.57,14.4,34.43,5.63,221.4,27.27,Healthy,23.44
32.61,89.14,12.17,22.95,29.31,29.22,6.71,995.7,42.98,Early_Blight,28.73
31.42,30.62,54.71,46.98,46.57,24.78,5.02,442.9,39.49,Root_Rot,7.21
30.24,67.36,51.67,16.24,48.17,24.61,6.49,848.1,48.61,Early_Blight,10.29
29.13,83.73,46.14,17.83,11.75,34.65,6.53,920.6,44.78,Early_Blight,11.89
14.2,84.44,43.18,41.43,43.66,18.34,6.4,273.9,39.41,Healthy,10.44
19.65,65.76,16.68,22.44,31.58,18.26,5.72,805.4,38.9,Healthy,23.55
31.89,33.98,30.21,18.69,11.61,20.48,5.63,625.3,26.46,Healthy,19.98
16.34,91.02,12.67,24.13,44.21,19.81,7.88,353.8,33.72,Healthy,23.97
39.82,39.97,27.95,46.67,12.78,15.52,6.38,360.6,33.63,Healthy,19.67
24.0,90.87,45.6,41.77,20.65,30.3,7.86,286.9,47.79,Powdery_Mildew,9.61
27.44,51.33,50.61,29.69,21.92,34.3,4.81,776.1,37.4,Root_Rot,9.55
28.92,87.72,15.33,49.42,10.34,33.93,7.6,708.9,47.79,Bacterial_Leaf_Spot,24.96
21.93,84.13,57.14,31.96,22.07,25.62,7.64,775.8,51.13,Rust,6.37
29.27,63.4,47.66,48.02,49.82,22.68,5.11,726.5,42.77,Healthy,10.73
22.26,67.34,32.45,48.33,38.89,37.19,5.54,540.5,44.82,Healthy,16.26
23.47,81.11,13.07,34.39,47.14,44.91,6.3,225.1,41.98,Powdery_Mildew,24.57
21.47,74.51,11.34,13.03,35.98,10.83,6.49,710.1,28.27,Healthy,26.35
35.32,83.88,52.94,49.21,38.42,31.23,4.87,841.2,37.61,Root_Rot,9.39
27.39,87.99,27.67,48.97,31.02,14.12,7.64,539.0,44.31,Bacterial_Leaf_Spot,17.29
31.56,33.13,30.73,19.29,12.85,23.62,5.67,625.3,26.99,Healthy,19.28
15.19,92.48,55.18,21.95,12.71,27.91,7.04,821.4,50.36,Rust,4.04
16.04,92.69,16.03,12.57,37.36,33.28,6.91,400.2,38.47,Healthy,23.19
13.75,48.43,63.19,36.52,25.73,38.28,5.66,492.9,43.24,Root_Rot,1.35
24.85,88.53,23.86,29.99,47.09,41.98,5.56,225.3,40.41,Powdery_Mildew,19.61
31.07,91.25,23.84,15.52,11.98,28.63,6.4,311.8,37.22,Early_Blight,19.21
40.46,85.9,56.66,25.72,20.35,49.1,5.55,781.7,47.35,Root_Rot,7.32
28.17,84.69,40.12,46.32,27.01,35.34,7.92,898.4,51.59,Bacterial_Leaf_Spot,14.34
32.85,85.02,13.43,42.44,24.62,45.88,5.81,845.5,34.99,Healthy,26.74
40.31,70.88,28.4,27.17,36.86,49.76,8.04,723.3,52.69,Early_Blight,20.75
26.87,92.42,57.36,44.95,14.28,50.42,5.28,442.7,48.27,Root_Rot,4.77
24.2,87.51,60.29,30.2,16.73,46.46,5.38,549.9,45.76,Root_Rot,4.91
38.28,37.88,20.02,45.14,17.1,41.07,6.44,713.2,41.77,Healthy,25.89
24.54,82.93,40.64,47.9,34.64,50.52,5.98,325.9,47.62,Early_Blight,12.37
13.65,29.64,52.82,13.9,17.17,49.91,7.2,633.6,50.62,Healthy,6.53
13.19,40.26,21.65,11.83,17.78,17.24,6.18,393.8,26.44,Healthy,20.57
38.9,52.36,63.98,20.89,21.65,24.78,5.27,814.9,50.54,Early_Blight,5.93
30.02,77.45,11.4,10.94,35.1,26.05,8.1,949.3,41.75,Early_Blight,26.82
20.8,83.15,61.95,18.86,27.37,23.62,6.25,274.2,44.04,Powdery_Mildew,1.83
35.7,75.39,25.23,15.4,34.15,16.4,6.99,232.8,36.71,Early_Blight,19.5
21.19,51.0,29.56,16.44,40.59,26.01,7.09,613.7,36.98,Healthy,17.1
12.83,35.23,43.88,22.74,18.46,17.15,8.02,677.3,37.37,Healthy,9.92
15.51,37.85,42.61,35.05,35.65,39.9,8.13,220.8,51.26,Healthy,10.05
31.53,78.41,28.04,18.76,11.83,10.34,6.97,296.2,30.74,Early_Blight,18.62
36.51,72.6,38.72,42.46,49.6,48.55,5.86,229.3,48.52,Healthy,13.44
23.05,88.65,57.75,17.53,45.56,50.68,7.51,877.3,52.4,Rust,5.63
34.33,49.77,55.56,16.68,34.33,14.48,5.06,292.7,29.61,Root_Rot,6.27
28.73,82.01,43.23,18.29,46.18,43.97,4.95,687.9,43.42,Early_Blight,12.21
34.47,95.24,49.88,23.03,46.18,10.94,5.32,511.8,44.24,Root_Rot,9.0
31.24,55.59,55.18,24.49,42.84,27.39,4.91,441.0,33.02,Root_Rot,5.99
28.26,66.33,11.19,12.73,33.69,16.25,5.04,778.5,31.97,Early_Blight,26.16
31.69,75.29,63.5,16.5,21.1,48.93,6.04,975.2,41.87,Early_Blight,4.97
39.17,62.42,53.3,32.14,32.31,22.12,5.47,851.2,43.63,Root_Rot,10.89
29.27,89.12,29.22,48.29,28.09,13.63,7.53,468.7,44.08,Bacterial_Leaf_Spot,18.31
20.59,94.42,24.1,38.87,42.57,42.1,6.78,268.9,42.66,Powdery_Mildew,19.67
28.86,66.56,31.71,30.43,31.83,22.53,6.72,357.2,40.11,Early_Blight,17.2
18.58,92.64,55.06,18.89,22.61,13.75,6.91,547.4,42.46,Rust,4.78
28.21,44.48,17.68,43.57,35.71,38.04,6.43,472.5,39.42,Healthy,23.26
40.99,69.12,32.24,30.02,45.18,17.0,5.04,509.7,35.96,Early_Blight,18.29
20.7,26.68,57.71,36.64,31.71,28.92,5.46,750.0,45.0,Root_Rot,6.77
20.81,36.47,15.33,42.52,20.49,31.27,6.56,889.9,43.93,Healthy,25.61
40.62,67.62,27.07,16.94,22.8,20.47,6.68,251.8,35.33,Early_Blight,19.26
26.19,32.43,49.65,17.62,14.62,15.43,6.67,341.7,41.15,Healthy,8.2
16.46,91.37,35.05,12.91,32.28,18.96,4.97,397.8,34.97,Healthy,13.48
22.64,91.3,52.26,43.75,26.23,38.07,7.17,599.4,52.81,Rust,7.45
28.08,67.73,35.28,9.78,41.26,42.12,4.94,471.4,36.17,Early_Blight,14.63
19.68,87.58,59.03,33.93,14.83,37.1,6.06,953.8,45.88,Rust,4.23
14.96,38.1,17.76,22.75,24.11,19.75,7.24,771.1,32.7,Healthy,22.19
22.1,91.05,44.47,47.39,21.11,12.46,7.43,307.0,43.17,Powdery_Mildew,10.68
24.71,62.56,52.47,18.44,14.02,46.39,6.77,669.6,43.4,Healthy,7.63
20.6,94.75,35.57,49.22,32.54,18.02,5.19,494.7,34.55,Healthy,12.91
41.81,68.82,60.94,31.15,26.33,23.51,7.27,327.9,40.77,Early_Blight,4.27
32.97,27.18,22.56,11.66,29.87,26.79,7.46,447.0,32.73,Healthy,21.59
29.17,86.16,58.98,48.11,35.39,28.17,7.8,491.9,49.87,Bacterial_Leaf_Spot,4.45
39.01,71.07,29.35,28.68,31.68,30.18,6.31,917.0,41.05,Early_Blight,21.49
36.11,32.29,38.25,40.24,46.57,13.55,6.42,688.1,37.72,Powdery_Mildew,16.72
27.47,91.64,63.44,47.59,17.62,32.87,6.8,744.7,53.69,Healthy,3.35
28.94,41.76,20.62,40.23,43.2,42.75,6.3,464.5,38.55,Healthy,21.43
22.3,91.76,21.42,14.78,13.45,49.18,7.11,338.0,36.18,Powdery_Mildew,20.07
21.82,83.03,43.96,41.09,36.1,39.01,7.72,290.0,53.18,Powdery_Mildew,10.45
13.85,90.73,50.91,31.86,32.21,19.33,5.46,873.8,41.79,Root_Rot,6.62
35.31,52.65,55.69,17.55,31.32,44.47,5.54,978.7,38.92,Root_Rot,9.23
29.89,90.37,37.87,45.99,12.28,46.46,7.85,667.2,45.12,Bacterial_Leaf_Spot,14.87
32.47,82.8,51.34,11.01,39.97,29.03,5.43,524.3,43.21,Root_Rot,8.92
14.08,84.3,49.36,15.45,31.8,46.86,7.54,473.2,56.04,Rust,7.37
33.42,68.68,45.6,17.44,40.82,42.58,5.46,372.1,35.92,Early_Blight,9.58
12.6,52.4,57.74,25.57,29.51,17.5,6.07,757.2,40.88,Healthy,4.08
21.89,88.24,53.67,40.7,39.56,20.07,7.99,400.3,49.81,Rust,5.12
18.48,97.21,47.1,18.14,30.4,36.02,6.82,626.1,41.51,Healthy,9.08
20.44,46.61,50.18,31.9,42.68,16.7,6.84,793.3,49.94,Healthy,8.26
27.58,74.96,56.14,33.39,34.94,44.24,5.42,383.6,35.89,Root_Rot,4.76
28.28,49.31,47.37,36.71,39.43,27.29,7.68,210.1,38.02,Healthy,8.64
22.25,89.45,53.0,21.52,24.55,46.92,7.3,724.0,49.01,Rust,6.88
36.45,52.34,56.52,33.02,39.55,13.81,5.44,791.9,32.46,Root_Rot,8.44
27.47,76.76,61.26,13.9,25.37,42.01,7.44,376.7,49.66,Early_Blight,3.28
21.07,89.81,31.91,32.1,17.14,35.14,6.12,255.9,28.17,Bacterial_Leaf_Spot,15.17
18.92,86.11,56.51,34.55,28.74,43.18,5.27,564.2,42.75,Root_Rot,5.23
11.81,94.5,24.08,48.4,15.96,16.56,7.01,496.9,40.65,Healthy,18.71
28.96,92.71,18.29,12.36,19.59,45.27,6.68,685.6,30.61,Early_Blight,22.9
36.21,27.28,30.78,20.55,46.97,30.39,6.68,274.9,37.63,Healthy,16.96
31.68,90.16,27.43,48.65,48.85,11.26,7.73,358.2,43.96,Bacterial_Leaf_Spot,17.45
24.62,89.54,42.92,48.48,25.69,34.95,7.77,284.7,45.76,Healthy,10.82
27.92,63.15,18.03,40.26,36.57,19.58,5.09,417.7,29.38,Healthy,22.6
28.06,28.98,53.49,27.68,11.32,19.2,5.51,245.8,29.94,Root_Rot,5.21
24.78,86.47,21.19,47.63,14.66,28.11,7.86,339.4,47.51,Powdery_Mildew,20.36
33.04,75.15,41.25,42.23,26.88,18.05,6.01,598.3,42.35,Healthy,12.99
33.51,78.67,14.52,19.5,35.95,41.81,5.87,281.4,33.78,Early_Blight,24.79
39.58,77.09,39.38,23.53,17.45,11.44,5.49,286.4,34.19,Early_Blight,12.34
19.1,92.09,55.44,12.88,42.76,25.32,6.72,818.5,44.26,Rust,4.87
24.17,69.05,19.87,33.96,21.27,9.39,4.86,323.4,24.44,Early_Blight,21.82
17.3,59.98,60.23,42.64,22.46,36.04,5.12,959.1,51.73,Root_Rot,4.39
22.08,84.49,19.64,21.68,41.22,24.69,4.95,331.9,28.12,Powdery_Mildew,20.78
27.69,31.04,27.15,35.35,42.69,12.3,5.66,225.5,29.85,Healthy,17.79
35.94,80.3,40.74,44.0,24.35,31.96,6.45,731.9,47.49,Healthy,14.86
23.16,46.4,34.79,11.31,16.37,23.09,7.03,553.9,37.09,Healthy,14.22
28.47,89.65,18.63,48.32,41.87,44.29,7.54,757.7,51.17,Bacterial_Leaf_Spot,22.41
15.39,80.82,61.09,47.16,17.05,19.1,5.68,354.1,48.11,Root_Rot,1.98
24.38,87.04,44.65,48.76,45.71,22.79,7.54,235.9,52.98,Powdery_Mildew,10.55
16.49,89.95,61.36,28.06,21.98,28.56,5.99,986.9,52.64,Rust,2.55
19.78,70.25,28.65,16.15,15.15,42.98,5.62,454.6,34.29,Healthy,17.33
33.8,31.71,54.18,38.75,22.09,43.91,6.53,326.8,46.88,Healthy,7.53
26.03,39.34,39.96,41.13,43.37,46.74,7.1,805.8,49.76,Healthy,15.64
39.98,70.96,45.43,11.64,15.67,36.02,5.68,397.2,45.98,Early_Blight,10.98
14.36,72.25,54.13,33.07,28.37,40.99,4.93,383.6,42.46,Root_Rot,5.22
29.63,33.25,16.56,37.26,18.17,15.96,7.97,348.1,39.56,Healthy,24.53
20.31,82.63,44.2,21.6,41.72,34.81,7.54,264.8,48.88,Powdery_Mildew,9.11
34.35,38.86,50.85,39.33,30.9,37.02,7.77,861.6,50.29,Healthy,12.29
37.91,86.28,16.07,30.43,31.31,26.52,5.14,1005.8,34.7,Early_Blight,26.62
33.38,66.47,8.78,14.87,36.18,48.84,7.55,962.3,45.45,Early_Blight,30.16
18.51,36.04,55.31,36.23,34.21,17.84,5.62,446.7,46.04,Root_Rot,5.24
30.43,82.3,29.42,48.59,23.72,26.63,7.46,995.2,44.85,Powdery_Mildew,19.36
22.95,86.96,19.68,42.37,23.42,15.47,7.55,242.9,34.2,Powdery_Mildew,20.47
22.87,41.48,24.87,11.58,30.91,37.38,6.55,898.9,48.93,Healthy,21.13
22.01,92.98,19.38,46.38,29.55,34.62,7.44,328.0,31.17,Powdery_Mildew,21.7
27.64,63.23,24.21,24.39,49.37,25.4,4.84,399.2,30.23,Healthy,19.83
31.3,53.01,58.84,15.36,30.55,26.66,5.08,981.3,39.41,Root_Rot,7.72
16.76,84.15,56.25,29.57,13.48,12.89,7.41,306.6,33.57,Rust,4.61
40.15,78.33,13.5,30.37,15.11,44.72,5.31,963.1,37.0,Early_Blight,28.34
31.83,81.97,12.86,46.33,23.2,38.35,7.65,600.2,43.86,Early_Blight,26.31
25.31,89.36,13.3,21.67,13.23,25.09,5.4,306.4,31.86,Powdery_Mildew,24.51
13.15,79.85,33.04,21.85,35.58,32.64,6.26,649.1,41.47,Healthy,16.08
22.76,89.3,59.87,25.77,25.77,14.72,6.74,288.2,43.92,Powdery_Mildew,2.77
24.48,45.5,17.16,48.2,24.4,37.59,7.94,538.5,41.69,Healthy,23.23
22.33,68.64,27.07,18.86,38.12,20.33,6.16,582.7,32.98,Healthy,18.96
16.06,79.67,15.2,15.06,36.18,23.06,7.56,429.3,37.55,Healthy,23.32
36.93,37.25,62.72,19.02,29.77,15.12,5.53,438.6,42.42,Root_Rot,3.83
30.62,69.14,60.33,44.51,43.5,22.73,5.7,590.4,39.77,Root_Rot,4.45
15.12,85.64,59.3,20.34,13.31,47.74,7.71,906.3,47.88,Rust,3.68
23.0,91.47,39.43,27.62,22.73,45.21,6.34,283.7,40.13,Powdery_Mildew,11.73
18.39,86.43,52.89,41.27,36.11,36.47,6.62,787.3,53.26,Rust,6.44
19.68,46.33,21.28,39.44,11.32,15.13,6.28,387.9,26.41,Healthy,20.64
28.51,65.59,28.93,29.62,13.8,14.4,8.07,1005.8,33.61,Early_Blight,20.73
36.43,89.95,25.64,32.56,31.52,34.34,4.89,315.6,36.31,Early_Blight,18.88
20.34,92.82,55.63,46.25,44.52,14.86,7.64,681.0,48.55,Rust,4.5
36.34,86.16,32.77,48.98,31.1,46.18,7.54,559.2,55.01,Bacterial_Leaf_Spot,16.23
39.06,82.76,54.83,49.91,40.46,24.51,4.89,627.8,49.25,Root_Rot,7.37
15.47,67.03,62.47,18.92,22.36,46.41,5.49,880.5,47.7,Root_Rot,1.51
18.71,91.12,51.47,21.92,36.39,37.46,6.82,867.6,54.01,Rust,7.33
31.37,47.24,9.05,47.01,49.45,47.72,6.46,923.1,47.35,Healthy,29.4
25.9,87.17,20.85,17.91,34.5,37.31,5.68,314.3,34.78,Powdery_Mildew,20.42
23.89,85.14,64.28,48.28,30.22,35.23,7.51,973.6,62.2,Rust,2.42
24.82,89.66,51.41,47.7,17.46,27.91,7.72,221.2,54.62,Powdery_Mildew,6.47
26.6,26.27,54.03,12.44,33.36,18.97,6.8,629.1,40.07,Bacterial_Leaf_Spot,8.5
24.23,65.67,40.45,14.28,21.48,35.05,5.14,492.8,33.57,Early_Blight,12.89
23.59,92.44,37.29,45.93,10.72,35.04,6.0,225.5,48.17,Powdery_Mildew,13.0
32.82,83.14,46.06,19.28,19.51,44.07,7.82,435.7,42.93,Early_Blight,10.15
19.77,85.81,9.41,36.75,40.71,41.41,5.62,910.3,42.77,Healthy,26.42
35.97,85.42,12.61,29.04,32.76,28.86,6.75,995.2,40.49,Early_Blight,28.48
12.75,40.43,51.19,32.48,36.36,12.78,5.44,243.4,37.33,Root_Rot,6.68
22.35,86.21,51.05,18.86,45.52,50.94,7.47,858.7,53.81,Rust,7.75
31.09,81.82,65.13,45.97,23.28,14.27,7.39,888.8,52.5,Bacterial_Leaf_Spot,3.56
20.36,78.53,56.74,45.87,15.93,35.94,7.37,886.5,47.06,Early_Blight,4.49
33.42,60.18,22.22,20.02,35.08,28.67,7.34,751.6,40.08,Healthy,23.29
37.99,92.15,42.23,24.51,20.54,34.51,7.71,374.0,45.56,Early_Blight,12.43
34.2,77.67,33.13,27.0,49.0,15.94,5.79,950.8,40.27,Early_Blight,18.71
34.77,83.11,48.72,23.74,42.84,20.21,7.98,354.1,46.18,Early_Blight,9.87
31.11,72.59,58.59,18.77,45.19,15.7,5.19,651.8,36.98,Root_Rot,5.25
19.04,87.58,51.66,37.47,25.13,47.69,7.5,687.6,46.73,Rust,7.23
17.56,54.02,63.03,42.11,13.67,49.11,4.84,504.8,43.14,Root_Rot,1.76
35.52,84.5,41.37,19.93,46.25,22.85,6.47,762.1,38.04,Early_Blight,14.18
22.47,49.75,46.14,16.76,21.56,42.45,6.35,265.9,43.0,Healthy,9.23
37.23,69.67,60.97,44.65,26.26,24.78,4.96,714.7,44.72,Root_Rot,5.93
36.9,33.73,59.32,32.68,29.84,13.66,5.04,760.1,38.25,Root_Rot,8.42
22.04,92.99,19.96,49.28,34.35,27.8,7.85,322.5,45.51,Powdery_Mildew,21.62
32.56,75.39,16.41,21.56,31.86,23.81,7.55,972.2,35.78,Early_Blight,26.24
20.47,94.26,19.84,30.42,28.32,25.58,5.04,677.0,28.93,Healthy,21.93
20.49,88.39,30.18,11.31,28.5,13.29,5.99,256.0,33.2,Powdery_Mildew,15.8
14.36,47.62,60.19,14.66,48.78,48.01,5.57,596.7,45.78,Root_Rot,3.18
33.08,69.12,24.29,39.09,21.75,45.76,7.4,654.8,38.86,Healthy,21.1
14.99,66.52,62.69,49.76,47.1,48.66,4.94,645.8,50.29,Root_Rot,2.27
27.8,26.25,30.34,20.4,48.7,33.83,5.14,992.6,31.07,Root_Rot,21.61
40.39,89.41,51.27,22.54,50.81,19.83,5.17,808.5,48.45,Root_Rot,10.47
41.42,70.38,46.55,14.53,30.52,24.6,6.05,373.8,32.56,Early_Blight,9.64
14.56,38.15,58.42,33.57,43.57,21.9,5.24,797.3,42.13,Root_Rot,3.63
30.73,50.92,15.81,34.52,15.8,35.32,7.85,956.8,37.7,Healthy,27.48
13.33,29.62,14.36,33.82,37.87,37.75,6.33,394.3,37.46,Healthy,23.42
20.63,83.52,33.47,44.55,21.65,25.73,6.2,284.2,43.82,Powdery_Mildew,14.88
41.32,89.15,55.93,17.29,15.11,35.43,6.89,577.5,57.52,Early_Blight,7.79
36.64,80.71,49.32,32.13,46.35,49.22,6.42,655.0,46.65,Early_Blight,10.63
32.35,86.45,21.01,46.84,37.12,46.94,7.67,762.3,53.3,Bacterial_Leaf_Spot,23.5
14.89,71.42,54.61,28.8,34.32,13.37,5.74,841.4,43.5,Root_Rot,5.98
23.53,93.59,33.52,18.07,30.81,15.53,6.99,300.8,43.69,Powdery_Mildew,15.62
15.3,48.51,32.05,30.27,18.52,41.31,5.77,381.0,33.99,Healthy,15.5
37.44,52.28,37.74,29.78,30.98,35.62,5.23,711.5,33.92,Healthy,17.33
29.19,46.28,18.32,24.59,32.39,13.14,7.06,758.6,42.61,Healthy,24.43
40.13,89.62,63.98,33.49,25.61,32.65,7.73,731.9,47.76,Early_Blight,4.05
33.92,44.63,26.5,29.43,31.0,39.29,6.48,392.9,35.9,Healthy,20.51
17.76,87.93,57.16,35.6,31.5,45.75,7.61,727.6,53.94,Rust,4.65
39.7,81.76,58.32,37.42,43.86,19.09,5.21,860.2,46.02,Root_Rot,8.24
30.47,82.07,53.03,13.03,19.42,26.73,7.55,575.3,45.29,Early_Blight,7.67
35.39,76.67,24.59,30.57,37.04,33.78,7.62,280.6,42.41,Early_Blight,19.3
19.0,87.93,64.55,18.62,21.13,44.6,6.32,383.9,37.3,Rust,0.83
31.36,78.07,63.33,44.24,19.43,34.59,5.58,591.7,46.58,Root_Rot,3.94
22.35,83.02,44.36,39.18,38.0,38.65,7.6,297.3,46.97,Powdery_Mildew,10.25
20.87,82.06,54.79,47.88,33.18,46.77,6.16,299.3,41.7,Powdery_Mildew,4.35
37.26,88.29,12.67,14.93,37.15,46.04,6.32,669.6,35.78,Early_Blight,26.7
16.83,86.13,61.38,17.76,33.54,24.05,6.84,647.3,48.23,Rust,3.33
36.29,36.63,24.16,44.44,23.44,13.4,5.26,904.5,33.83,Healthy,24.49
38.51,38.13,22.97,19.29,30.29,32.17,5.72,513.1,31.52,Healthy,21.8
27.5,39.05,47.75,39.55,13.43,34.61,6.27,383.5,41.09,Healthy,10.44
22.64,82.74,19.69,18.68,31.02,26.19,5.86,307.7,32.66,Powdery_Mildew,21.46
37.04,37.65,9.47,42.36,48.67,12.6,7.9,678.7,46.04,Healthy,29.72
27.13,43.88,29.98,48.02,31.72,38.59,7.76,668.4,45.4,Healthy,18.43
29.6,54.97,54.22,34.54,17.1,28.58,7.91,379.1,46.79,Healthy,7.12
36.11,91.52,38.68,23.49,45.3,46.58,5.79,250.0,39.48,Early_Blight,12.71
14.37,93.97,18.24,45.68,47.74,20.03,6.96,311.7,40.98,Healthy,21.85
21.03,88.07,55.9,26.99,17.48,13.33,7.33,938.2,48.05,Rust,6.22
21.19,90.51,40.03,14.03,21.96,24.23,6.01,291.2,41.74,Powdery_Mildew,11.93
23.96,81.24,38.2,47.42,38.97,46.69,7.77,317.5,47.73,Powdery_Mildew,12.97
33.27,80.66,39.19,41.15,24.67,21.71,5.92,610.4,40.86,Healthy,14.24
31.38,89.78,30.13,22.61,29.38,14.99,6.53,790.6,31.76,Early_Blight,19.2
17.94,66.6,38.46,23.86,39.74,36.92,6.56,815.9,48.1,Healthy,12.89
16.11,31.5,14.69,37.25,18.48,16.45,5.16,937.8,31.86,Healthy,23.37
12.57,36.38,47.47,24.63,12.55,14.25,8.06,757.1,43.29,Bacterial_Leaf_Spot,8.71
22.42,88.14,20.42,19.15,50.4,20.13,6.93,520.4,38.28,Healthy,21.53
15.4,71.61,60.12,41.4,28.52,47.3,5.27,564.2,52.68,Root_Rot,3.06
39.35,31.27,30.83,33.29,45.74,37.25,4.85,290.3,37.72,Healthy,17.88
32.62,82.54,48.42,48.36,39.68,47.2,7.72,901.5,53.84,Bacterial_Leaf_Spot,11.13
29.23,36.49,55.16,30.12,47.89,23.56,5.41,523.9,49.57,Root_Rot,7.46
42.29,89.01,14.83,14.87,25.3,10.08,5.55,791.0,35.77,Early_Blight,27.09
25.63,90.81,58.19,46.22,26.66,46.23,7.89,230.7,57.47,Powdery_Mildew,3.45
38.46,54.23,60.29,26.58,43.53,30.76,5.39,768.8,35.96,Root_Rot,7.07
30.92,84.06,54.12,46.4,15.06,45.7,7.42,830.1,59.16,Healthy,9.13
32.28,68.7,21.56,14.75,44.38,14.62,5.03,645.0,31.19,Early_Blight,21.7
18.48,86.53,62.55,26.56,36.08,37.88,6.12,599.5,50.53,Rust,2.28
37.97,94.74,61.27,40.09,28.81,12.71,5.04,318.7,47.5,Root_Rot,2.34
24.95,92.63,19.37,17.56,38.53,45.39,5.54,422.9,32.94,Early_Blight,21.57
34.18,83.04,39.84,49.87,37.87,47.05,7.43,334.4,46.03,Bacterial_Leaf_Spot,12.62
19.58,75.71,47.62,13.8,39.99,29.28,7.81,263.2,40.73,Healthy,7.28
41.94,57.52,16.11,17.06,44.8,11.72,7.35,328.2,28.23,Root_Rot,24.58
15.04,87.57,58.68,16.07,18.63,23.08,7.27,519.5,40.7,Rust,3.12
39.88,92.11,55.9,11.67,45.43,27.39,7.93,602.6,53.26,Early_Blight,6.15
13.08,25.67,46.16,41.83,18.55,38.71,6.05,747.8,39.6,Healthy,9.54
21.44,88.57,15.92,11.89,41.92,16.01,4.93,409.6,27.36,Healthy,23.64
26.37,84.63,14.11,46.16,25.23,49.43,7.77,648.9,42.0,Bacterial_Leaf_Spot,25.61
19.28,92.08,52.1,31.86,36.59,17.61,6.43,932.4,45.96,Rust,7.48
39.84,31.88,60.31,26.56,44.47,12.54,5.22,416.5,36.04,Root_Rot,5.48
14.82,35.53,58.16,35.59,41.35,46.22,5.34,339.7,38.22,Root_Rot,4.17
35.32,60.34,57.3,24.2,27.21,21.34,7.49,895.5,55.52,Healthy,9.37
13.18,92.05,50.61,17.57,20.86,48.27,5.02,813.9,35.92,Root_Rot,7.49
35.01,38.79,52.18,38.48,31.69,36.53,7.59,874.8,49.78,Healthy,10.94
17.08,89.6,58.67,43.61,48.97,16.66,5.93,817.3,45.3,Rust,3.97
16.04,88.91,21.38,37.51,46.31,31.82,8.15,965.2,47.17,Healthy,20.88
31.49,70.56,9.16,27.9,27.35,36.65,5.78,301.8,27.75,Healthy,25.57
13.87,76.28,33.09,18.54,9.8,30.24,7.02,527.5,40.28,Healthy,15.0
23.33,81.55,48.25,47.51,47.49,15.52,8.02,271.0,46.16,Powdery_Mildew,9.36
28.95,90.8,35.95,45.6,48.92,21.12,7.56,477.6,42.6,Bacterial_Leaf_Spot,14.97
22.79,63.43,55.21,45.9,39.05,38.57,5.21,639.3,50.0,Root_Rot,6.93
40.99,70.0,31.25,26.5,26.66,12.7,7.44,315.3,42.16,Early_Blight,17.31
35.43,47.67,61.0,33.83,46.94,15.88,6.41,891.7,43.44,Healthy,7.29
39.36,63.51,52.84,31.81,32.47,24.43,5.56,833.8,41.54,Root_Rot,11.01
31.38,74.88,52.57,45.55,23.16,16.85,5.45,783.4,48.63,Powdery_Mildew,8.54
19.19,91.55,54.26,19.11,22.69,12.82,6.9,521.1,35.24,Rust,5.18
35.92,79.31,61.13,18.7,34.98,40.29,6.83,641.5,45.13,Early_Blight,5.59
22.0,87.26,27.58,44.64,18.66,21.31,5.89,263.6,37.71,Powdery_Mildew,18.1
36.08,46.51,24.34,36.65,27.45,40.79,5.24,536.8,34.84,Healthy,21.24
23.23,88.81,22.34,10.82,38.75,30.98,5.62,259.0,26.86,Powdery_Mildew,20.29
23.23,93.29,47.84,14.05,24.85,29.63,7.08,520.9,43.93,Healthy,8.86
35.6,56.77,64.11,15.9,39.29,29.96,5.1,492.7,39.17,Root_Rot,3.46
22.31,85.82,27.19,40.59,20.54,37.09,5.9,352.1,43.87,Powdery_Mildew,18.04
40.62,53.08,59.24,17.01,28.45,39.57,8.14,1003.0,45.42,Healthy,10.31
37.21,29.67,39.05,48.63,25.36,16.29,6.02,707.1,36.81,Healthy,16.96
14.94,91.04,50.71,50.19,41.58,24.46,5.37,203.5,39.87,Root_Rot,7.31
26.44,77.89,60.0,25.11,48.62,27.74,7.01,706.0,48.99,Early_Blight,4.67
12.95,94.4,57.61,21.21,15.15,29.38,7.27,806.7,45.91,Rust,4.04
35.6,59.56,54.12,20.77,10.71,33.79,6.87,600.1,43.11,Healthy,7.93
30.64,77.08,11.86,49.23,27.44,11.79,7.03,955.9,43.32,Healthy,28.87
25.5,93.01,64.34,12.04,44.13,47.97,7.77,346.6,56.62,Powdery_Mildew,1.45
18.78,91.92,50.64,30.98,16.11,29.59,7.53,1003.5,52.06,Rust,8.34
22.15,83.65,35.01,29.2,18.53,15.33,6.91,312.7,38.13,Powdery_Mildew,13.4
40.52,91.93,42.18,16.69,23.66,48.42,8.17,763.3,48.42,Early_Blight,13.89
28.53,84.86,42.25,27.2,31.22,45.58,6.67,969.8,47.26,Early_Blight,14.17
37.72,36.54,51.34,30.12,33.15,17.01,5.05,882.7,39.72,Root_Rot,12.69
38.65,93.33,28.97,22.87,24.5,46.52,4.9,779.0,41.07,Early_Blight,19.07
38.01,65.44,35.41,11.26,9.01,15.78,7.63,461.4,34.77,Early_Blight,16.62
20.62,88.08,53.48,47.36,12.23,25.28,7.56,433.0,40.35,Rust,5.74
30.74,56.36,54.6,21.71,10.2,38.32,6.49,585.1,42.89,Healthy,8.17
19.58,88.49,53.11,24.05,35.89,16.7,6.75,741.0,44.69,Rust,6.57
22.16,90.49,55.88,37.44,29.0,47.45,7.8,759.1,57.31,Rust,5.82
31.89,56.2,44.63,18.6,14.35,39.63,6.7,686.6,49.56,Healthy,13.21
37.41,48.06,54.8,13.68,16.11,47.35,5.52,436.2,40.02,Root_Rot,7.05
21.12,85.23,37.9,26.71,15.87,17.53,7.06,295.6,39.53,Powdery_Mildew,12.3
16.87,26.17,56.37,27.69,39.11,30.74,7.55,226.2,45.94,Healthy,4.22
27.99,41.11,25.83,19.46,20.56,37.65,7.07,524.3,33.44,Healthy,20.44
22.41,87.07,12.82,26.32,37.74,25.11,4.73,320.4,29.09,Powdery_Mildew,23.53
24.79,74.41,48.6,28.24,49.67,21.15,6.61,796.2,46.05,Early_Blight,8.91
27.49,84.91,15.85,45.9,25.88,34.82,7.33,428.3,40.67,Bacterial_Leaf_Spot,23.91
33.43,83.36,16.22,47.84,47.83,22.72,7.45,868.7,43.91,Healthy,25.45
36.65,53.97,16.44,16.36,46.24,35.07,6.53,786.6,36.67,Healthy,26.55
25.57,92.58,21.34,17.89,37.94,45.95,5.58,413.4,39.5,Early_Blight,19.82
20.74,57.46,56.1,29.5,49.98,10.96,5.01,687.5,42.11,Root_Rot,5.35
24.71,85.45,55.14,19.82,47.54,15.4,5.64,527.4,42.16,Root_Rot,5.86
25.7,44.79,33.54,23.62,29.39,14.33,5.14,403.7,27.81,Powdery_Mildew,16.2
37.48,69.34,40.49,18.14,46.72,29.96,5.24,846.5,42.41,Early_Blight,15.51
34.81,34.62,22.73,20.84,21.96,13.25,5.37,537.8,30.47,Healthy,23.38
40.35,35.34,54.63,17.84,16.37,30.66,6.68,631.3,37.95,Healthy,9.37
22.44,93.63,55.23,27.96,31.4,22.44,6.16,790.4,47.65,Rust,5.73
12.66,38.19,37.38,16.27,24.84,20.72,8.06,419.3,40.36,Healthy,13.49
25.62,88.2,26.98,28.67,17.4,18.89,5.68,304.5,29.44,Early_Blight,18.07
22.75,79.4,63.46,23.18,46.81,25.62,4.83,539.9,54.41,Root_Rot,1.75
30.37,58.58,57.44,18.81,35.8,48.4,7.21,559.2,49.27,Healthy,5.9
26.83,87.87,62.99,46.77,12.77,48.77,7.94,794.9,63.76,Bacterial_Leaf_Spot,3.98
41.27,54.22,60.06,49.51,25.98,39.01,7.56,317.7,50.56,Healthy,5.27
20.96,90.73,44.93,41.99,13.63,33.69,6.93,207.1,42.55,Powdery_Mildew,9.02
35.98,67.37,43.21,22.05,48.96,23.77,5.96,704.6,33.61,Early_Blight,13.67
17.08,90.59,58.75,19.26,32.2,21.88,6.56,585.3,35.03,Rust,3.58
16.47,62.83,58.29,38.56,21.76,29.19,5.11,471.2,35.23,Root_Rot,3.2
26.05,39.68,38.32,46.53,33.97,31.75,7.51,644.1,42.32,Healthy,14.63
24.35,76.21,62.46,39.99,14.94,28.95,5.28,788.1,43.96,Root_Rot,3.39
25.85,81.68,38.38,48.54,37.74,47.86,7.95,319.0,47.36,Powdery_Mildew,13.51
31.66,89.84,45.72,11.16,41.81,46.57,7.85,776.3,48.45,Early_Blight,12.24
30.88,59.86,45.61,33.23,16.98,42.72,5.49,235.9,36.24,Healthy,9.67
39.96,62.32,11.62,39.42,17.61,32.83,6.72,224.9,36.93,Healthy,25.4
20.83,94.62,52.93,14.72,30.62,10.06,6.6,983.5,46.15,Rust,7.56
21.67,29.73,45.12,39.01,18.73,15.2,5.46,525.3,36.31,Healthy,10.32
28.59,39.43,18.84,11.8,28.16,16.95,7.61,980.8,36.49,Healthy,25.75
28.24,78.18,49.42,26.4,10.41,32.44,5.93,591.6,43.26,Early_Blight,9.07
18.87,89.3,57.6,34.6,11.84,46.25,6.34,730.0,46.22,Rust,3.99
16.58,80.33,29.77,33.77,27.8,47.92,5.96,291.2,37.67,Healthy,15.74
21.01,53.41,44.54,28.5,42.13,19.54,7.68,272.8,43.14,Healthy,10.63
24.47,58.85,63.28,12.25,15.11,13.93,5.24,562.1,39.23,Root_Rot,2.53
15.84,80.31,10.0,21.96,40.86,21.25,7.97,310.4,33.39,Healthy,25.92
22.43,91.22,56.63,20.63,11.15,43.53,6.27,411.8,46.58,Rust,4.4
15.72,47.05,44.45,33.35,25.05,37.06,5.35,791.1,42.35,Healthy,10.5
22.54,88.17,41.02,22.33,13.47,27.93,5.19,280.3,30.11,Powdery_Mildew,12.62
16.94,50.96,15.55,23.19,20.34,40.85,7.66,283.3,24.19,Healthy,22.19
29.1,72.91,36.83,14.73,22.71,17.65,4.94,292.2,31.13,Bacterial_Leaf_Spot,12.86
36.77,77.47,46.35,31.53,25.39,33.8,6.82,611.0,49.69,Early_Blight,12.24
28.32,58.36,53.76,20.44,45.33,19.35,7.95,915.4,49.2,Healthy,8.45
17.02,46.77,59.55,12.61,44.86,42.44,5.38,507.5,48.1,Root_Rot,3.32
30.39,62.18,61.83,45.11,41.27,35.63,5.21,423.3,43.99,Root_Rot,3.04
14.88,53.9,59.82,18.37,43.66,41.42,5.61,261.5,45.09,Root_Rot,2.76
34.08,84.83,18.19,42.75,44.28,17.87,7.61,778.0,45.19,Bacterial_Leaf_Spot,24.04
24.93,74.33,64.0,45.61,44.11,34.06,5.37,966.3,46.49,Root_Rot,3.26
25.37,83.52,48.52,26.37,23.95,11.73,4.86,433.2,32.43,Rust,8.88
30.97,31.61,57.28,30.4,45.87,34.87,5.4,866.5,43.77,Root_Rot,7.87
12.86,83.93,51.69,48.11,20.93,21.03,5.62,419.0,43.56,Root_Rot,5.86
37.01,45.06,12.89,32.22,35.02,13.33,7.82,844.2,46.27,Healthy,28.93
26.18,41.23,50.66,34.43,36.45,36.14,5.55,787.5,46.39,Root_Rot,8.98
25.6,59.32,50.5,44.57,47.11,41.07,4.85,819.6,48.2,Root_Rot,9.19
35.03,39.16,32.68,16.88,29.42,12.36,7.55,539.3,33.27,Healthy,18.08
26.27,93.65,48.88,30.58,42.84,31.39,5.05,259.5,37.66,Early_Blight,7.77
22.21,91.24,56.57,21.48,43.07,39.9,6.0,871.9,52.5,Rust,5.51
23.38,69.49,58.2,35.66,36.82,45.32,8.02,887.7,54.67,Healthy,5.53
23.19,91.84,32.52,28.96,33.76,21.98,6.42,223.0,38.86,Rust,14.8
13.37,39.08,43.26,19.38,15.74,35.14,5.92,595.8,36.55,Healthy,10.65
39.76,51.74,29.26,31.57,30.3,35.25,5.18,484.2,36.84,Healthy,20.22
20.44,84.27,58.35,30.98,19.9,26.11,7.56,737.1,51.78,Rust,4.19
26.14,92.21,47.7,46.12,34.63,34.4,7.74,850.0,52.03,Bacterial_Leaf_Spot,10.39
19.12,36.45,50.13,18.92,27.11,20.07,6.88,481.0,36.11,Healthy,7.72
38.54,71.03,30.76,17.09,44.8,15.54,7.59,399.9,36.68,Early_Blight,17.95
20.92,81.8,40.12,49.4,46.65,22.81,4.97,246.7,41.16,Powdery_Mildew,12.49
40.14,76.31,33.81,17.99,36.21,34.96,6.51,899.6,40.23,Early_Blight,19.66
22.84,39.3,51.92,31.75,28.86,30.49,5.75,462.3,38.29,Root_Rot,6.53
24.08,90.01,32.94,18.05,34.33,16.46,7.44,316.3,36.1,Powdery_Mildew,15.44
33.44,89.75,23.64,46.2,45.61,30.13,7.49,561.7,44.79,Bacterial_Leaf_Spot,21.55
32.75,69.41,45.38,18.02,49.05,34.47,7.29,510.8,46.28,Early_Blight,11.15
33.09,78.95,12.15,28.59,38.55,38.46,5.31,909.0,43.8,Early_Blight,28.35
16.99,38.08,31.84,12.83,28.79,34.38,6.14,926.1,40.01,Healthy,16.25
21.12,81.27,49.69,46.46,21.25,39.45,6.19,624.8,39.94,Rust,7.47
39.68,85.4,25.56,30.82,27.01,34.67,5.25,941.8,44.14,Early_Blight,22.94
20.11,91.9,60.6,12.07,49.54,38.69,7.88,859.8,51.85,Rust,2.61
33.12,32.34,50.45,26.14,13.18,48.98,8.06,847.9,51.35,Healthy,11.69
26.15,86.78,33.4,31.76,34.08,46.67,5.03,398.0,30.22,Early_Blight,16.03
23.32,81.17,39.4,30.6,43.0,44.81,7.27,310.6,51.39,Powdery_Mildew,11.35
14.54,65.42,18.7,29.53,48.8,24.88,4.84,412.3,37.84,Healthy,20.6
32.35,42.27,31.04,22.99,25.29,33.04,5.46,441.3,34.2,Healthy,17.26
23.65,27.46,62.0,41.03,36.47,50.47,5.0,455.4,39.03,Root_Rot,3.03
20.96,88.57,19.59,14.7,48.34,35.44,7.18,228.3,35.38,Powdery_Mildew,20.7
33.63,74.93,35.81,34.03,27.05,43.59,6.01,455.9,46.33,Root_Rot,15.99
35.33,44.58,52.12,41.09,18.86,21.73,5.61,688.2,42.86,Root_Rot,10.61
26.68,70.07,64.92,21.65,15.34,40.94,6.63,472.3,45.91,Early_Blight,1.92
35.07,49.54,54.61,46.73,40.12,16.67,6.62,921.9,48.9,Healthy,10.31
33.76,30.95,54.63,36.46,22.63,46.19,6.52,344.9,44.26,Healthy,7.08
38.11,81.72,62.66,33.53,41.18,18.31,7.63,770.8,56.87,Early_Blight,4.72
23.02,88.69,28.01,47.66,37.96,31.02,7.74,265.3,46.26,Powdery_Mildew,17.69
28.43,28.97,52.5,30.58,36.24,15.91,5.36,1000.1,36.0,Root_Rot,10.11
19.81,88.31,64.21,16.98,19.48,42.11,6.19,389.1,48.23,Healthy,1.46
22.76,75.31,52.83,29.16,45.81,45.29,5.71,236.9,48.62,Healthy,6.67
28.51,42.72,53.53,21.77,33.86,33.83,5.67,770.8,42.73,Root_Rot,8.86
29.92,33.43,62.79,37.63,36.5,27.72,5.11,1007.1,47.34,Rust,6.25
36.04,48.8,61.81,34.68,47.78,17.64,6.4,870.4,48.32,Healthy,7.12
15.92,92.42,53.77,42.78,32.67,32.07,6.64,849.4,50.27,Rust,4.49
34.97,76.34,19.13,10.92,35.54,38.23,7.93,740.1,39.76,Powdery_Mildew,24.45
15.39,93.1,54.77,23.93,13.69,28.67,7.1,851.1,48.37,Rust,5.33
20.71,89.63,37.18,22.14,27.87,14.01,5.7,261.9,33.32,Powdery_Mildew,12.99
28.2,70.95,52.37,49.9,15.06,20.74,7.38,214.6,45.68,Healthy,6.84
38.4,81.88,43.54,31.48,19.25,15.47,5.39,721.0,40.48,Early_Blight,13.49
25.03,86.56,11.45,48.42,31.8,21.36,7.55,234.7,41.52,Powdery_Mildew,24.17
31.02,83.03,58.13,33.32,13.19,16.81,5.12,234.1,30.05,Root_Rot,3.94
40.4,89.89,50.79,13.85,27.15,27.3,7.93,503.4,43.41,Early_Blight,9.12
23.97,32.86,55.85,16.21,23.68,32.76,5.36,221.0,32.0,Root_Rot,5.0
20.99,81.86,59.39,45.12,17.86,21.11,6.79,634.3,48.5,Rust,3.92
38.32,86.65,51.67,18.61,33.79,38.05,6.57,461.4,42.86,Early_Blight,8.89
14.34,54.98,61.58,33.82,41.64,14.36,5.62,255.6,47.59,Root_Rot,1.25
16.59,80.87,49.05,46.88,44.82,11.78,6.07,344.0,49.17,Rust,7.7
35.51,52.47,60.82,46.74,14.88,49.91,6.89,381.8,43.93,Healthy,4.83
33.49,94.02,53.45,33.82,15.59,28.09,5.09,540.8,45.17,Root_Rot,6.48
15.39,90.3,60.64,15.39,18.82,23.62,7.38,568.0,47.65,Rust,2.59
23.61,95.75,8.99,42.98,21.44,30.89,7.63,225.4,37.28,Powdery_Mildew,25.42
37.37,47.9,30.18,46.59,25.23,35.73,8.16,382.4,37.83,Healthy,18.03
38.42,33.29,63.4,34.72,17.82,27.94,5.54,318.5,38.76,Root_Rot,2.68
21.67,93.58,57.16,36.86,48.27,18.69,8.11,653.8,53.16,Rust,4.74
40.23,66.95,24.82,27.0,39.97,25.19,6.83,744.5,39.62,Early_Blight,23.79
16.46,62.27,52.98,27.62,11.12,40.19,5.27,232.6,44.03,Powdery_Mildew,5.11
36.29,86.4,11.93,24.65,34.95,32.8,7.62,744.1,45.02,Early_Blight,26.85
32.53,80.19,31.15,9.82,39.39,37.14,7.98,987.4,39.66,Early_Blight,18.85
20.55,93.51,50.36,17.41,19.73,43.02,5.51,928.9,42.24,Root_Rot,9.12
23.73,83.11,58.68,33.95,28.11,35.1,5.66,738.5,42.37,Root_Rot,4.51
15.71,60.7,11.84,38.42,46.56,28.38,6.09,349.0,30.72,Early_Blight,24.35
35.49,86.32,58.7,15.55,13.18,22.91,6.56,266.4,36.43,Early_Blight,3.87
25.58,87.66,8.24,22.44,14.33,26.39,5.47,337.8,20.98,Powdery_Mildew,26.02
19.59,94.01,10.88,37.79,40.87,9.73,4.99,581.9,31.46,Healthy,25.18
20.97,89.43,45.91,24.36,24.39,39.02,7.66,316.0,46.66,Powdery_Mildew,10.43
39.5,78.68,56.29,37.14,30.95,13.4,8.08,339.7,50.0,Bacterial_Leaf_Spot,6.56
18.55,88.84,61.72,33.61,13.64,35.47,6.02,980.8,53.07,Rust,2.54
37.76,95.51,45.33,21.62,48.26,49.16,6.08,509.0,43.11,Early_Blight,11.54
20.68,85.94,47.94,15.94,11.62,12.99,6.73,329.1,29.83,Powdery_Mildew,7.9
38.4,63.8,10.01,21.83,35.59,14.43,7.56,549.2,37.77,Healthy,27.26
27.78,61.68,37.6,33.17,9.8,16.19,7.17,339.7,35.75,Healthy,14.18
31.5,71.68,13.19,20.14,19.76,12.21,5.07,770.8,31.73,Early_Blight,27.3
36.0,83.35,32.57,46.87,40.06,38.3,8.18,257.4,47.45,Bacterial_Leaf_Spot,16.37
37.97,64.91,10.04,22.78,35.36,14.3,7.65,539.8,33.15,Healthy,27.76
29.8,83.45,54.86,46.11,40.11,20.07,4.86,407.0,48.32,Root_Rot,5.98
30.19,68.0,41.26,22.4,47.18,14.46,6.28,330.1,38.06,Early_Blight,12.47
32.13,66.57,18.33,16.79,20.95,41.65,5.96,805.0,35.02,Early_Blight,25.0
15.64,52.1,50.78,43.78,36.14,29.91,5.42,554.4,36.59,Root_Rot,6.94
31.12,48.35,60.72,21.62,43.54,21.76,5.81,823.2,49.05,Healthy,5.33
32.31,84.22,26.59,26.11,18.92,49.16,7.43,462.2,44.82,Early_Blight,19.25
36.74,72.69,47.41,20.35,17.24,20.28,7.68,423.0,44.6,Early_Blight,10.76
20.81,90.99,59.79,43.44,25.47,17.17,6.01,978.5,47.72,Rust,3.59
38.73,91.64,34.99,21.46,12.74,45.5,5.84,690.7,42.72,Bacterial_Leaf_Spot,17.26
19.01,89.43,62.06,45.98,23.88,38.14,5.78,617.0,41.91,Root_Rot,2.47
22.67,84.53,36.32,44.53,34.6,44.66,5.98,295.3,44.77,Powdery_Mildew,13.97
32.83,83.62,52.14,48.27,36.28,18.85,7.77,417.9,50.53,Early_Blight,8.0
32.2,85.21,9.33,19.68,12.99,33.68,6.92,941.0,38.22,Early_Blight,28.54
37.23,61.74,57.51,12.99,25.88,13.9,4.94,436.8,44.17,Root_Rot,5.19
31.67,77.58,22.29,29.78,40.41,33.42,7.59,560.1,42.04,Early_Blight,21.33
23.19,83.3,12.77,35.74,44.81,43.62,6.56,228.7,40.0,Powdery_Mildew,24.51
29.95,88.81,22.84,46.06,13.21,11.45,7.39,472.2,35.18,Bacterial_Leaf_Spot,20.38
28.17,83.91,23.33,22.35,44.79,46.6,6.99,667.1,39.49,Early_Blight,20.66
22.9,92.86,63.54,21.8,27.06,17.31,6.06,273.9,39.39,Early_Blight,0.35
19.99,50.21,45.56,36.82,23.16,12.34,5.2,477.7,35.18,Healthy,10.77
14.81,88.11,58.9,18.24,10.97,47.43,6.61,476.9,47.26,Rust,3.57
34.97,78.21,59.19,34.84,26.24,36.57,5.02,998.1,48.29,Root_Rot,7.86
26.82,80.85,8.24,26.41,38.74,49.81,6.22,526.2,35.95,Healthy,27.71
27.8,81.61,13.84,44.14,29.61,46.77,7.61,619.9,41.58,Bacterial_Leaf_Spot,25.4
38.87,32.06,42.81,32.9,21.25,16.14,7.18,917.4,48.21,Healthy,16.98
25.13,81.02,21.13,30.52,47.22,27.09,7.02,500.1,35.58,Early_Blight,21.1
26.87,87.07,38.92,38.81,13.49,13.93,8.17,964.8,45.31,Bacterial_Leaf_Spot,14.46
18.04,61.85,56.41,32.29,16.75,34.11,5.2,924.9,43.46,Root_Rot,6.83
32.69,84.49,34.21,46.14,41.87,37.91,7.74,242.8,42.02,Bacterial_Leaf_Spot,15.15
21.97,38.42,18.45,36.43,15.73,14.86,7.9,451.9,34.66,Healthy,22.11
26.67,88.93,58.65,45.02,29.99,45.39,7.58,284.1,54.43,Bacterial_Leaf_Spot,3.93
31.23,67.78,64.63,18.44,13.11,48.1,5.68,594.8,39.91,Root_Rot,2.33
27.58,69.11,52.91,13.01,13.2,47.4,5.6,659.1,40.38,Root_Rot,8.62
15.47,26.5,52.54,30.61,36.58,39.66,4.84,615.3,37.24,Root_Rot,6.21
32.14,38.42,63.6,12.5,16.81,20.03,4.96,424.6,37.8,Root_Rot,3.31
27.44,49.21,24.33,22.77,19.41,43.22,8.04,524.7,37.75,Healthy,21.04
18.56,49.03,59.78,26.15,20.87,38.99,5.36,581.0,47.63,Root_Rot,3.74
25.98,92.11,57.59,46.81,26.67,46.57,7.8,215.3,46.36,Powdery_Mildew,3.98
30.74,74.57,53.1,38.55,28.54,14.08,5.59,659.3,39.26,Root_Rot,8.1
31.5,82.93,18.52,10.25,25.83,12.57,5.22,478.8,32.74,Early_Blight,22.82
35.51,81.02,30.37,38.82,36.02,10.53,5.92,429.1,35.42,Healthy,17.38
27.67,82.41,31.64,45.97,22.36,13.85,7.64,829.1,42.56,Bacterial_Leaf_Spot,17.54
25.44,94.69,21.1,23.26,36.79,34.93,5.07,693.5,39.02,Early_Blight,22.3
21.46,34.04,57.59,16.1,21.72,39.95,5.27,948.5,46.74,Root_Rot,6.17
17.35,84.79,39.51,39.88,34.16,11.69,6.7,258.4,38.63,Healthy,11.43
32.96,67.41,59.99,27.69,24.74,41.85,5.35,513.4,45.85,Root_Rot,4.5
25.17,84.52,13.63,47.58,33.44,19.26,7.45,246.8,37.18,Powdery_Mildew,24.36
34.33,28.8,62.45,29.4,46.58,47.18,5.0,253.6,38.51,Root_Rot,3.18
34.5,75.77,49.15,24.39,10.97,39.19,5.65,991.6,41.77,Early_Blight,12.24
22.48,84.72,17.36,15.06,13.77,46.34,6.88,254.7,35.54,Powdery_Mildew,21.9
30.28,90.79,12.5,46.79,34.98,29.74,7.87,816.9,47.36,Bacterial_Leaf_Spot,26.81
25.76,87.81,7.64,21.99,14.48,26.16,5.47,346.8,28.01,Powdery_Mildew,26.47
23.21,84.96,35.11,27.38,35.24,28.94,7.21,287.1,36.69,Powdery_Mildew,14.02
32.77,85.93,11.63,49.37,18.81,33.21,7.6,434.6,48.01,Bacterial_Leaf_Spot,26.31
21.13,90.78,41.34,12.23,39.0,39.16,6.26,335.5,40.49,Powdery_Mildew,11.74
22.84,83.15,51.41,13.69,21.45,27.84,5.81,268.1,37.83,Powdery_Mildew,6.27
21.38,90.24,58.02,33.0,40.54,16.08,5.87,697.1,44.4,Rust,4.11
17.65,66.33,37.99,23.78,40.15,36.37,6.55,828.1,47.67,Healthy,13.56
37.71,83.46,23.74,18.74,43.03,32.3,6.36,703.4,36.27,Early_Blight,23.06
20.08,87.69,37.04,28.57,21.92,12.93,6.33,295.6,32.0,Powdery_Mildew,12.16
33.63,82.3,27.59,24.2,44.26,16.94,6.65,852.0,42.82,Early_Blight,20.77
21.62,83.63,55.26,14.14,28.11,33.24,6.2,247.7,36.7,Powdery_Mildew,4.23
18.0,88.45,57.79,34.98,13.7,45.16,6.35,718.5,47.68,Rust,3.95
22.5,87.81,43.97,26.36,40.76,18.61,7.33,285.6,46.11,Powdery_Mildew,9.92
41.12,85.85,38.38,43.95,23.99,32.4,5.51,303.7,28.94,Healthy,13.49
41.24,45.69,25.14,34.48,31.71,41.0,6.67,348.9,34.44,Healthy,20.36
15.79,42.06,10.52,24.45,42.95,43.87,5.61,502.1,43.02,Healthy,25.25
33.58,26.48,16.11,24.16,36.22,33.78,7.21,917.2,41.35,Healthy,27.74
37.61,80.13,56.67,29.6,42.74,32.62,5.23,565.8,47.97,Root_Rot,6.01
25.07,44.49,19.74,48.61,23.7,38.13,7.89,515.6,41.33,Healthy,22.69
22.87,29.12,59.37,30.96,22.2,44.64,5.0,237.3,45.24,Root_Rot,3.74
25.98,80.25,30.55,48.0,24.54,19.06,7.84,470.4,48.08,Bacterial_Leaf_Spot,17.36
21.88,88.35,14.97,13.88,23.25,24.73,5.36,301.9,27.19,Powdery_Mildew,22.38
23.34,88.28,47.95,27.92,40.2,33.61,5.59,319.4,49.46,Powdery_Mildew,8.58
25.7,86.99,34.32,44.82,40.66,19.27,7.62,395.3,39.39,Rust,15.27
16.23,29.3,11.84,40.71,46.98,13.58,5.37,253.5,29.9,Healthy,23.84
31.28,38.79,19.87,13.96,30.85,18.05,6.97,975.0,43.86,Healthy,25.66
24.2,54.42,26.29,12.87,14.01,31.26,4.82,714.9,33.22,Early_Blight,19.73
37.87,78.4,58.17,43.24,22.83,15.93,5.56,423.7,44.86,Root_Rot,6.29
22.85,90.11,16.97,39.3,24.78,17.81,7.48,258.5,35.4,Powdery_Mildew,23.16
20.66,67.94,59.17,31.84,19.6,17.38,5.01,738.3,45.38,Early_Blight,3.45
21.55,83.44,55.33,13.45,26.71,32.9,6.25,245.1,39.36,Powdery_Mildew,6.13
31.97,33.49,53.13,29.57,41.7,39.49,5.57,343.7,40.45,Root_Rot,6.9
22.65,94.17,31.1,29.33,49.32,28.94,7.2,298.4,44.5,Powdery_Mildew,16.38
42.36,88.68,9.38,13.67,26.54,36.68,7.56,686.7,33.94,Early_Blight,29.47
28.66,80.33,61.84,45.56,20.11,19.24,7.82,569.3,52.96,Bacterial_Leaf_Spot,2.96
20.12,47.97,65.04,16.6,26.92,17.37,6.46,969.6,44.38,Healthy,2.63
36.83,67.73,54.09,30.38,31.29,13.97,6.54,960.7,48.02,Early_Blight,10.31
35.08,27.54,44.39,27.94,18.22,45.17,6.27,882.4,44.74,Healthy,15.66
38.7,65.64,44.7,26.98,35.1,41.35,5.46,421.7,39.55,Early_Blight,11.85
34.35,77.7,13.01,28.98,30.7,17.76,8.12,659.6,41.87,Early_Blight,27.14
20.62,89.5,26.39,16.91,15.62,47.47,6.64,273.4,32.36,Powdery_Mildew,17.93
16.6,60.87,46.28,46.66,22.34,19.69,6.39,370.1,41.34,Healthy,8.88
31.09,51.12,31.28,28.93,33.48,11.98,6.64,406.1,32.08,Healthy,17.76
33.55,81.97,39.38,42.97,26.82,21.65,5.97,592.0,46.2,Healthy,14.45
23.55,80.37,10.13,34.74,47.33,44.44,6.52,241.8,48.76,Powdery_Mildew,25.68
25.15,90.63,51.1,48.21,25.23,40.47,7.83,200.2,48.58,Powdery_Mildew,6.45
27.49,90.87,16.06,30.65,39.86,16.25,7.29,987.7,48.49,Early_Blight,24.52
34.57,37.58,22.98,15.46,35.37,17.28,6.24,935.3,38.28,Healthy,24.6
19.89,64.49,16.19,25.09,31.78,16.61,5.76,789.4,37.98,Healthy,23.35
16.28,33.8,42.68,22.97,23.03,30.89,5.84,462.6,34.75,Healthy,11.21
22.22,87.97,39.4,24.96,36.81,41.3,5.15,288.3,36.15,Powdery_Mildew,12.64
31.22,86.67,36.19,48.11,25.96,19.53,7.53,872.7,45.95,Bacterial_Leaf_Spot,16.24
17.77,88.76,48.47,13.37,46.03,33.67,6.73,448.7,44.84,Rust,8.77
16.41,76.48,64.03,35.39,18.24,38.14,6.66,557.7,49.15,Healthy,1.83
37.0,65.84,59.71,47.91,20.05,28.56,4.85,429.2,40.32,Root_Rot,4.99
31.73,48.9,27.18,38.12,24.86,9.9,7.9,950.5,41.16,Healthy,21.6
23.78,74.6,38.68,30.1,43.66,12.44,6.18,807.9,45.28,Healthy,14.87
23.81,57.87,52.76,15.12,13.12,36.6,5.57,955.4,31.62,Root_Rot,8.48
39.12,52.61,60.52,45.26,49.89,36.3,5.16,617.1,41.15,Root_Rot,6.32
31.2,91.66,42.46,50.37,32.39,23.48,7.82,445.1,51.67,Bacterial_Leaf_Spot,11.61
37.59,35.38,37.75,19.97,46.29,35.91,5.72,926.3,42.29,Healthy,18.55
25.25,65.62,45.22,46.13,34.44,33.21,5.36,944.7,53.84,Healthy,11.26
21.4,88.66,50.76,33.22,47.18,18.99,7.06,1002.7,55.31,Rust,8.76
36.31,86.03,34.97,29.06,15.0,29.02,7.54,652.7,42.24,Early_Blight,16.25
15.69,94.72,58.12,24.21,16.23,29.12,5.04,309.3,41.18,Root_Rot,4.92
24.87,68.82,56.24,32.45,38.78,25.7,5.55,768.8,43.75,Root_Rot,5.8
38.02,78.33,41.6,38.87,9.33,43.84,7.54,668.5,42.71,Bacterial_Leaf_Spot,13.55
26.73,90.9,48.83,37.79,48.76,16.11,6.54,969.0,46.78,Healthy,10.36
30.04,87.6,41.74,47.1,14.71,45.73,7.6,751.5,54.96,Bacterial_Leaf_Spot,13.94
36.88,86.81,30.92,39.32,22.11,14.02,6.19,221.6,33.72,Healthy,16.45
25.6,91.08,57.37,49.26,18.16,27.99,7.72,211.0,48.03,Powdery_Mildew,4.29
38.07,87.17,16.66,30.39,31.15,26.84,5.1,1001.4,28.81,Early_Blight,25.91
41.09,38.02,65.88,32.65,38.1,45.25,7.21,736.7,59.65,Healthy,5.6
19.68,41.19,44.98,44.98,29.3,42.52,6.19,647.7,45.56,Healthy,10.07
17.13,46.6,54.65,39.09,27.63,14.71,5.13,280.7,42.44,Root_Rot,4.2
22.39,83.85,49.37,13.7,18.44,26.25,5.62,279.9,39.01,Powdery_Mildew,7.74
23.08,85.37,16.22,34.1,11.7,30.85,7.52,226.2,36.89,Powdery_Mildew,21.37
17.4,93.84,54.22,16.14,43.91,31.52,6.54,494.0,47.73,Rust,4.81
17.87,87.9,38.94,13.07,34.78,27.86,5.33,785.2,38.17,Healthy,12.57
32.88,79.17,27.99,31.43,32.19,26.28,6.3,506.1,35.67,Rust,18.48
25.38,75.38,44.76,19.46,42.07,28.07,8.12,685.3,50.7,Early_Blight,11.41
22.27,83.33,62.25,43.89,20.91,28.3,5.71,445.7,44.5,Root_Rot,2.41
20.26,93.12,21.29,40.62,23.94,46.86,6.32,283.3,37.37,Powdery_Mildew,20.61
34.6,71.89,26.1,30.86,10.8,31.21,7.6,248.5,31.96,Early_Blight,19.13
29.15,83.37,57.56,36.99,41.63,41.94,5.05,919.3,48.83,Rust,7.2
24.09,81.82,10.87,33.88,45.07,44.97,6.27,226.9,34.23,Powdery_Mildew,24.96
28.37,89.72,60.07,49.53,29.83,48.11,7.5,530.1,55.29,Bacterial_Leaf_Spot,4.09
23.72,85.3,62.76,46.1,29.35,34.7,7.41,990.7,55.3,Rust,3.76
26.35,81.5,63.86,48.72,49.67,30.6,7.34,298.6,44.8,Bacterial_Leaf_Spot,1.51
30.68,87.32,61.6,47.83,29.08,39.19,7.48,793.7,58.33,Root_Rot,4.29
22.45,93.6,53.84,16.26,30.76,38.62,7.42,726.0,47.18,Rust,6.39
17.31,72.71,59.55,34.47,28.73,35.97,7.29,337.5,49.11,Healthy,2.55
14.03,91.05,60.91,26.04,23.73,28.04,6.55,449.1,42.84,Rust,2.37
29.39,76.1,56.61,23.1,26.25,33.66,5.39,865.4,47.65,Root_Rot,7.05
27.4,77.07,9.03,33.91,38.81,11.24,4.82,616.7,34.74,Early_Blight,26.97
18.19,77.5,57.36,21.35,35.37,20.82,5.61,631.9,39.7,Healthy,4.12
25.55,75.58,13.12,43.74,42.36,13.78,7.94,346.3,37.73,Bacterial_Leaf_Spot,23.81
20.58,31.27,21.37,41.49,21.8,30.86,5.01,370.0,28.16,Healthy,21.18
29.82,84.76,14.84,45.26,25.54,33.18,7.79,684.1,51.07,Bacterial_Leaf_Spot,25.11
20.7,90.65,46.85,24.94,24.7,39.12,7.66,323.1,45.58,Powdery_Mildew,8.34
35.03,68.47,45.75,32.46,21.2,42.7,5.54,885.7,39.95,Early_Blight,13.73
29.05,90.46,28.96,47.02,21.94,19.84,7.62,400.7,50.1,Bacterial_Leaf_Spot,17.28
39.48,47.82,51.89,30.32,10.8,15.9,5.11,593.4,33.61,Root_Rot,9.46
40.85,84.44,34.4,27.48,43.94,11.93,7.05,842.1,40.65,Early_Blight,19.08
23.3,95.63,60.05,45.09,41.59,36.09,7.3,597.2,54.43,Rust,3.29
31.0,75.06,21.56,33.4,28.66,45.88,4.79,537.8,34.36,Early_Blight,21.6
27.74,44.27,61.79,47.98,43.64,11.59,6.52,748.9,48.51,Healthy,4.78
40.98,58.6,46.37,26.04,22.38,37.35,7.86,766.0,44.04,Healthy,14.32
28.16,92.96,32.96,48.23,14.4,26.93,7.91,639.4,38.64,Bacterial_Leaf_Spot,16.42
31.59,83.05,39.35,36.5,21.22,47.78,8.04,751.4,51.73,Bacterial_Leaf_Spot,13.98
33.36,66.97,51.2,32.67,38.05,42.64,7.37,304.0,45.37,Early_Blight,7.99
14.58,85.8,23.73,33.11,19.59,14.31,5.89,631.7,39.38,Healthy,18.86
21.71,89.78,59.04,15.43,42.84,27.34,6.75,435.5,47.82,Rust,4.53
39.77,52.7,16.34,31.72,15.86,14.06,6.88,886.6,34.9,Healthy,28.12
14.09,93.28,60.54,46.32,30.14,29.04,6.26,377.8,42.87,Rust,1.15
16.59,27.05,47.18,26.01,11.66,38.81,7.18,432.9,39.69,Healthy,8.99
17.36,39.4,61.7,42.44,40.82,31.22,5.49,615.7,48.69,Healthy,3.62
36.38,44.24,12.08,40.54,21.46,45.85,6.81,669.3,40.47,Healthy,29.0
23.67,85.86,44.84,25.7,24.9,40.48,7.43,268.1,47.91,Powdery_Mildew,10.66
34.09,82.02,23.09,46.81,16.06,30.21,7.75,213.9,33.93,Bacterial_Leaf_Spot,19.32
34.14,70.65,54.99,25.38,47.0,37.79,5.7,306.1,50.75,Root_Rot,6.49
21.1,93.76,22.27,38.0,44.12,42.12,6.91,274.4,41.03,Powdery_Mildew,19.39
12.34,94.18,52.96,17.71,42.86,10.15,6.26,442.3,36.4,Rust,5.71
31.83,87.34,22.37,44.29,24.31,47.02,7.78,923.5,40.29,Bacterial_Leaf_Spot,22.18
25.28,86.26,56.39,36.78,16.21,46.56,7.21,375.3,44.53,Bacterial_Leaf_Spot,4.6
29.49,83.8,28.8,47.16,38.57,40.79,7.5,765.4,46.22,Bacterial_Leaf_Spot,18.73
31.49,63.38,44.37,32.48,29.03,29.49,5.72,646.1,41.26,Healthy,12.77
39.59,30.81,51.95,42.31,11.19,37.25,5.22,742.1,41.57,Root_Rot,12.22
38.19,79.99,8.64,27.31,47.59,23.42,6.31,707.4,42.05,Early_Blight,29.33
22.1,90.41,22.9,41.4,13.9,23.11,5.42,318.6,35.01,Powdery_Mildew,18.95
26.27,78.37,27.98,38.52,33.22,47.79,7.21,416.1,36.31,Root_Rot,17.82
24.55,95.16,11.94,15.78,26.69,16.35,7.41,987.4,32.57,Early_Blight,25.91
34.85,72.9,41.06,31.22,22.67,42.02,6.74,349.6,42.88,Early_Blight,12.97
18.99,54.47,54.26,28.63,28.86,44.27,6.02,533.7,48.53,Healthy,6.54
23.34,51.58,23.06,44.43,25.62,29.93,7.71,433.0,37.55,Healthy,20.77
40.04,67.87,54.9,26.68,29.96,40.67,5.31,352.8,37.86,Root_Rot,6.41
38.13,35.8,46.49,28.53,30.35,45.44,8.15,741.3,50.9,Healthy,12.44
26.39,88.32,48.68,15.4,12.25,14.17,5.34,291.3,35.19,Early_Blight,7.31
28.19,68.59,33.95,20.81,19.26,38.71,5.82,781.7,42.11,Early_Blight,17.67
31.11,66.18,42.91,28.69,49.24,17.48,6.02,646.1,41.18,Early_Blight,12.66
42.13,77.04,25.55,32.99,35.21,12.46,5.2,286.9,35.62,Early_Blight,19.19
34.87,70.79,62.28,18.36,23.37,47.86,7.51,358.2,39.98,Early_Blight,3.89
20.04,77.34,15.48,47.07,25.3,49.36,7.12,641.5,38.15,Healthy,24.18
13.0,94.01,36.54,13.18,33.86,15.35,4.79,994.4,36.64,Healthy,13.33
15.75,88.67,52.14,20.3,48.85,15.77,5.89,620.1,45.9,Rust,6.28
35.5,70.86,62.14,23.0,15.09,49.29,7.31,382.3,50.29,Early_Blight,3.24
37.79,87.57,15.81,31.48,30.56,25.75,5.08,980.3,38.29,Root_Rot,27.15
33.47,85.26,33.47,42.2,41.3,15.11,6.1,340.4,30.51,Healthy,16.46
13.89,94.9,17.55,46.06,48.13,19.29,7.07,308.3,42.5,Healthy,21.77
31.25,83.73,47.18,11.47,28.91,48.8,7.84,842.7,48.69,Early_Blight,11.71
38.89,70.3,26.77,25.65,27.64,18.0,7.37,838.4,37.7,Early_Blight,22.81
17.01,65.87,24.14,40.63,14.04,44.23,5.78,488.6,29.87,Healthy,18.54
23.38,73.11,34.49,15.95,10.8,32.65,6.19,901.0,39.03,Healthy,16.55
39.98,53.65,59.97,18.17,29.91,40.87,7.89,976.7,54.49,Healthy,8.97
30.76,76.32,44.03,27.27,49.11,29.64,5.5,366.1,41.45,Early_Blight,9.68
21.98,87.85,23.53,42.97,43.5,14.7,6.43,226.7,37.93,Powdery_Mildew,18.08
33.67,55.16,61.13,20.96,45.53,21.51,5.58,735.7,48.4,Root_Rot,5.27
36.75,41.15,49.6,45.03,20.58,26.7,5.68,778.2,38.44,Healthy,12.49
12.45,67.66,61.37,20.39,29.76,12.89,5.44,728.4,37.72,Root_Rot,2.07
37.84,38.19,27.13,11.64,26.82,23.13,7.97,307.8,40.12,Healthy,19.35
21.84,28.27,62.06,37.75,41.12,15.8,5.03,982.8,44.4,Root_Rot,5.5
33.73,71.1,64.4,27.52,45.53,15.23,6.65,532.4,49.41,Early_Blight,2.24
23.7,32.86,60.02,13.49,22.87,33.21,5.32,813.6,42.05,Root_Rot,5.21
23.07,49.91,57.2,22.8,15.8,29.07,6.56,247.4,45.57,Healthy,4.44
21.28,93.96,44.29,44.32,14.77,28.76,6.82,248.5,39.4,Powdery_Mildew,9.43
23.43,92.73,55.44,40.23,12.6,38.23,6.25,850.1,46.32,Rust,6.28
22.32,74.36,12.54,35.84,31.93,47.96,5.17,271.4,37.81,Healthy,23.48
39.45,59.02,52.41,43.17,24.73,19.68,5.9,572.2,42.79,Rust,10.17
21.56,89.3,29.78,45.57,18.11,22.35,5.99,254.6,32.64,Powdery_Mildew,16.03
24.77,46.15,34.76,34.32,17.54,34.47,7.42,585.7,31.65,Healthy,16.75
26.73,86.0,62.09,44.89,12.8,48.79,7.52,652.8,51.32,Bacterial_Leaf_Spot,3.29
19.87,35.19,53.25,15.72,23.8,42.33,4.85,314.8,32.78,Root_Rot,6.62
33.37,57.06,62.15,18.71,11.84,28.26,5.32,779.5,44.01,Powdery_Mildew,5.42
13.24,66.17,50.97,12.68,21.66,21.76,8.14,189.3,38.49,Healthy,6.43
31.64,70.7,60.61,44.93,43.75,22.66,5.84,573.2,43.02,Healthy,4.25
33.0,86.11,59.23,30.58,46.7,30.18,8.04,760.0,49.95,Early_Blight,5.84
23.1,92.25,51.74,18.28,24.32,26.77,7.74,609.7,45.77,Rust,7.5
21.5,89.61,26.28,44.64,43.22,13.12,6.39,231.0,40.19,Powdery_Mildew,17.5
20.29,78.23,59.14,34.91,23.05,31.94,5.27,372.9,43.02,Root_Rot,3.32
24.4,75.79,53.8,21.8,11.94,36.47,5.54,690.9,38.7,Root_Rot,6.71
21.65,87.6,26.85,45.26,21.73,20.6,5.99,229.2,35.19,Powdery_Mildew,18.8
37.45,91.33,17.81,22.76,14.02,17.28,7.5,217.5,33.13,Early_Blight,22.23
23.21,87.79,61.72,40.41,17.77,26.07,5.6,429.0,42.15,Root_Rot,3.27
33.76,85.79,38.21,13.16,16.5,36.56,5.15,438.7,33.96,Early_Blight,13.86
38.22,60.08,32.56,41.17,48.8,32.97,8.17,438.5,45.62,Healthy,17.5
39.04,27.41,26.08,28.21,40.69,17.76,5.16,672.0,28.81,Healthy,22.24
28.79,53.95,53.84,29.11,18.98,48.99,4.94,439.1,42.31,Root_Rot,6.73
21.61,92.08,55.97,33.97,37.42,17.8,5.91,348.7,38.03,Powdery_Mildew,4.87
23.54,93.09,55.36,24.21,37.28,19.36,5.1,393.3,40.94,Root_Rot,6.04
25.3,48.5,60.1,19.45,38.11,34.12,5.82,681.4,44.86,Healthy,4.84
19.65,94.06,35.14,23.6,20.96,23.29,5.88,1009.8,34.34,Healthy,15.78
31.68,28.42,17.04,33.58,32.94,33.19,5.58,568.7,36.61,Healthy,25.29
30.07,85.97,23.85,47.64,32.14,13.51,7.92,304.1,33.75,Bacterial_Leaf_Spot,20.44
21.26,90.4,42.7,15.39,20.16,26.01,6.35,267.2,41.41,Powdery_Mildew,10.53
21.35,85.84,21.52,44.64,25.53,41.3,6.5,230.5,38.31,Powdery_Mildew,21.24
29.55,83.67,60.72,48.41,30.07,34.83,7.43,759.0,56.64,Bacterial_Leaf_Spot,4.45
37.44,44.14,26.41,34.85,29.48,13.71,6.65,349.6,30.13,Healthy,19.37
18.0,85.87,53.57,45.43,12.11,16.63,7.76,822.9,52.93,Rust,5.74
25.32,86.39,35.01,46.26,27.36,27.79,7.81,322.8,42.26,Powdery_Mildew,15.56
23.38,85.16,13.59,33.7,12.09,30.75,7.24,228.2,35.63,Powdery_Mildew,24.11
22.04,89.74,18.71,39.11,12.38,23.97,5.34,305.2,30.83,Powdery_Mildew,21.31
21.37,32.42,42.25,37.52,20.16,16.04,5.49,587.7,36.79,Healthy,12.65
33.62,89.78,16.62,46.03,13.24,49.91,7.86,362.5,45.86,Bacterial_Leaf_Spot,23.62
37.99,80.84,41.66,12.32,39.04,19.25,7.48,919.5,44.52,Early_Blight,16.39
27.09,59.6,46.81,42.39,42.01,18.93,5.41,763.9,40.6,Healthy,10.34
22.93,87.45,33.56,25.87,34.93,24.29,6.85,309.1,39.28,Powdery_Mildew,14.74
36.26,65.29,46.56,20.61,44.73,34.47,6.33,434.3,44.46,Early_Blight,10.52
24.69,65.29,50.95,27.34,17.05,11.68,5.24,801.4,31.87,Root_Rot,7.87
19.89,58.07,57.75,10.16,19.07,46.55,4.89,782.5,35.65,Root_Rot,5.55
20.81,81.73,34.2,28.15,23.79,40.22,7.28,279.3,34.23,Healthy,14.3
22.93,89.72,38.6,46.05,10.88,35.34,6.28,241.8,47.4,Powdery_Mildew,12.8
23.65,84.21,14.87,48.05,31.04,18.29,7.43,232.0,47.73,Powdery_Mildew,24.33
25.01,40.02,65.83,11.8,11.09,11.11,5.51,937.7,33.23,Root_Rot,3.43
27.71,42.51,64.98,46.01,12.45,21.52,7.29,830.9,48.08,Healthy,3.51
16.14,87.71,19.26,27.09,45.25,32.31,5.49,794.2,35.14,Healthy,21.52
33.25,87.65,25.5,25.18,37.15,48.0,7.46,299.3,38.37,Rust,19.52
33.47,54.14,60.98,20.95,45.39,21.4,5.57,745.7,44.48,Root_Rot,5.61
24.55,34.31,56.62,21.39,23.94,40.74,5.45,835.7,34.74,Root_Rot,6.68
41.02,71.27,36.6,12.01,15.84,42.07,5.44,276.7,33.58,Rust,15.08
21.2,39.88,43.42,32.53,26.0,30.92,5.54,974.0,42.18,Healthy,12.7
32.38,82.12,19.8,47.6,49.16,21.14,7.51,828.9,46.11,Bacterial_Leaf_Spot,22.82
40.99,83.61,42.54,27.81,11.1,43.77,7.51,967.5,47.38,Early_Blight,15.08
17.24,29.16,41.23,15.11,38.81,42.7,6.52,766.2,41.25,Healthy,12.96
33.29,75.01,34.35,33.38,26.01,44.14,5.9,461.1,46.29,Early_Blight,16.14
31.21,66.36,35.44,43.61,23.07,36.27,5.63,979.6,45.89,Healthy,17.36
21.37,88.27,45.49,14.59,20.56,26.23,6.16,255.1,31.19,Powdery_Mildew,9.21
18.75,90.01,54.5,45.27,49.21,46.17,7.21,475.8,48.06,Powdery_Mildew,5.46
40.02,30.03,51.49,18.42,43.79,28.9,5.78,681.4,36.92,Root_Rot,12.01
20.72,92.22,26.0,17.55,9.33,11.1,5.52,679.6,37.81,Healthy,18.13
25.03,88.92,16.36,11.56,47.14,43.01,5.31,209.9,32.07,Powdery_Mildew,22.03
38.34,30.16,21.24,32.3,43.52,25.36,6.19,953.1,38.92,Healthy,27.17
24.95,81.99,23.12,24.41,33.62,21.5,8.12,263.8,42.16,Powdery_Mildew,19.54
23.79,85.4,50.34,20.99,47.71,33.94,6.38,293.6,47.66,Powdery_Mildew,7.63
23.89,79.02,12.72,12.4,14.74,24.12,5.88,957.3,36.17,Healthy,25.49
12.6,26.3,44.63,50.36,22.97,32.54,7.93,759.4,46.99,Healthy,9.89
27.39,58.29,33.59,33.52,32.74,23.3,7.4,908.2,41.66,Healthy,18.26
30.57,90.11,53.34,40.38,46.5,25.14,7.21,248.1,47.71,Bacterial_Leaf_Spot,6.39
35.64,55.72,53.55,22.78,46.18,10.99,5.16,213.5,42.55,Root_Rot,6.49
15.47,44.54,61.67,17.65,22.81,20.72,6.76,386.0,45.35,Healthy,1.98
19.68,89.19,52.42,16.02,36.01,20.71,6.69,828.6,45.63,Rust,6.67
35.25,61.84,60.44,20.07,48.46,21.65,5.44,678.5,37.53,Root_Rot,5.8
28.28,81.34,19.87,47.1,35.63,45.63,7.38,732.1,41.03,Root_Rot,23.48
24.24,65.31,53.25,19.83,32.38,19.21,6.43,263.9,38.14,Early_Blight,6.04
21.87,42.43,42.99,32.44,26.9,31.32,5.6,945.6,38.44,Healthy,12.29
20.88,51.01,29.96,14.71,40.01,26.81,7.12,611.4,37.56,Early_Blight,17.11
22.48,87.67,62.23,27.89,15.1,15.45,5.99,440.7,42.09,Rust,2.34
24.73,27.57,43.8,31.7,18.71,30.54,6.29,247.4,36.9,Healthy,10.36
12.2,90.95,49.99,21.3,28.71,39.69,5.31,526.5,41.78,Rust,7.2
23.49,93.87,33.78,16.14,34.51,13.59,7.22,322.9,40.1,Powdery_Mildew,15.05
19.93,86.61,37.08,29.2,25.83,30.62,4.86,828.4,40.46,Healthy,14.5
21.29,88.67,60.68,46.51,12.95,36.18,6.73,800.6,54.87,Rust,4.27
40.76,78.69,64.43,13.52,33.85,41.46,4.98,898.9,44.6,Root_Rot,6.12
39.29,48.43,39.11,28.62,33.56,31.5,4.91,728.4,34.7,Healthy,16.36
31.54,95.44,36.51,42.57,17.47,18.3,7.74,256.7,46.21,Bacterial_Leaf_Spot,13.29
31.9,91.1,47.82,47.6,46.46,46.29,7.64,422.8,56.24,Bacterial_Leaf_Spot,9.31
35.32,30.0,38.9,40.56,45.64,13.05,6.37,672.1,46.49,Healthy,16.15
28.6,30.35,45.46,43.16,43.49,26.29,6.51,376.4,40.41,Healthy,10.12
14.93,62.31,36.75,30.05,17.14,44.14,5.39,579.6,40.88,Healthy,13.12
28.28,33.79,56.94,10.52,23.39,22.57,7.61,696.9,41.45,Healthy,6.78
32.93,69.26,58.41,28.21,25.13,41.25,5.3,507.5,43.24,Root_Rot,5.06
34.71,86.35,37.39,39.67,20.91,17.03,8.14,210.6,34.18,Bacterial_Leaf_Spot,13.21
21.57,90.38,52.23,27.5,36.16,50.53,7.99,739.1,57.16,Rust,7.84
38.51,84.3,14.44,11.32,24.96,32.15,6.4,717.2,35.93,Early_Blight,26.64
37.33,80.3,45.49,33.65,28.72,35.88,5.16,766.8,42.73,Early_Blight,14.03
22.79,91.98,35.92,22.84,32.5,18.68,6.7,241.0,42.62,Powdery_Mildew,13.7
22.9,84.02,26.43,37.23,18.03,37.67,5.96,361.3,41.82,Healthy,18.08
31.54,40.21,63.4,13.17,16.36,23.04,5.02,413.4,28.19,Root_Rot,3.0
34.97,37.92,52.58,30.52,11.98,16.21,5.7,268.2,39.01,Root_Rot,7.45
29.34,88.0,64.7,22.37,47.54,17.07,5.48,665.8,50.24,Root_Rot,2.66
35.4,29.88,43.31,27.21,17.41,45.73,6.33,892.7,49.97,Healthy,16.97
24.36,91.49,29.08,42.53,31.36,26.32,7.35,301.7,37.02,Powdery_Mildew,16.49
39.68,27.68,51.19,23.23,12.44,27.6,5.69,478.9,26.37,Root_Rot,10.56
22.3,90.93,57.01,29.83,15.02,22.58,5.79,676.1,45.02,Root_Rot,5.15
26.38,88.81,41.38,40.36,47.91,18.85,7.77,303.2,44.33,Bacterial_Leaf_Spot,10.73
21.38,82.96,27.75,30.84,23.38,37.6,7.48,291.4,41.3,Powdery_Mildew,17.77
21.29,86.63,55.19,15.34,37.75,32.75,5.66,1016.8,47.02,Root_Rot,7.13
16.69,41.61,20.64,22.94,46.97,23.27,6.29,568.8,34.37,Healthy,20.5
28.23,78.78,35.07,29.46,17.66,35.91,5.42,978.7,37.2,Early_Blight,16.92
30.8,43.66,50.68,33.39,11.06,38.15,7.82,289.0,47.72,Healthy,7.08
28.06,87.56,16.5,48.29,49.51,24.09,7.4,891.4,49.78,Bacterial_Leaf_Spot,24.09
42.2,35.77,30.87,35.25,11.94,27.51,6.37,520.3,31.94,Healthy,20.28
16.58,65.85,8.46,16.37,35.27,45.31,7.08,455.8,43.66,Healthy,25.85
26.63,52.77,28.21,22.77,22.28,44.32,8.01,484.6,40.34,Healthy,17.9
20.1,83.31,39.15,47.33,41.44,20.26,5.26,243.3,36.2,Powdery_Mildew,12.21
33.71,72.13,53.01,13.83,24.85,22.62,5.56,700.0,39.93,Root_Rot,8.53
25.69,95.5,34.55,25.09,46.54,30.28,6.71,696.5,52.12,Early_Blight,15.29
38.43,78.78,30.13,48.19,36.77,35.33,7.96,321.1,48.34,Bacterial_Leaf_Spot,17.83
23.8,66.82,58.61,38.01,37.51,45.34,8.03,893.9,58.93,Healthy,4.92
23.35,53.17,15.57,46.36,11.69,28.91,6.42,653.6,36.44,Healthy,23.84
18.38,93.25,19.08,35.25,17.77,27.79,6.59,286.9,43.38,Healthy,21.15
37.11,42.71,36.58,43.26,26.04,33.93,8.08,1008.7,54.05,Healthy,20.16
18.66,40.35,53.27,37.37,14.31,17.84,5.16,668.0,38.54,Root_Rot,7.38
19.03,42.91,58.41,34.66,18.01,35.4,5.02,204.9,45.64,Bacterial_Leaf_Spot,3.1
23.89,87.24,52.14,13.87,12.92,14.13,7.11,759.1,37.79,Rust,8.16
17.33,65.59,39.82,23.11,41.93,36.61,6.58,810.5,42.73,Healthy,12.22
16.1,67.17,10.85,11.26,42.05,45.71,8.02,523.9,40.48,Healthy,25.96
40.33,77.7,49.02,35.58,37.54,42.38,5.56,360.8,41.18,Healthy,8.77
15.07,85.44,58.18,26.68,46.64,37.97,5.04,799.1,50.57,Rust,4.48
24.92,75.6,14.78,25.11,35.02,46.85,5.45,242.9,28.38,Early_Blight,22.99
33.52,47.02,50.17,47.14,45.53,20.91,5.66,582.5,44.7,Root_Rot,11.03
23.27,88.75,11.54,30.06,12.43,25.03,5.57,321.3,29.19,Powdery_Mildew,25.11
25.86,27.37,17.05,30.74,30.66,27.15,7.36,427.9,32.99,Healthy,22.94
34.89,86.68,52.23,38.39,47.46,46.06,5.12,513.5,48.5,Root_Rot,7.8
41.23,31.8,29.78,17.74,19.43,42.61,5.26,318.1,34.23,Healthy,18.91
21.64,86.47,38.77,36.44,35.68,34.56,7.48,296.8,48.86,Powdery_Mildew,12.96
32.92,85.72,41.96,28.9,17.14,46.33,6.1,682.8,49.89,Early_Blight,13.19
17.1,77.28,58.1,29.91,24.53,23.82,5.49,578.9,37.22,Root_Rot,3.93
40.25,81.94,24.77,25.68,24.77,33.66,8.11,884.2,43.66,Early_Blight,23.54
18.18,87.4,51.18,38.14,30.06,21.56,6.98,937.7,48.37,Rust,7.67
22.48,92.5,45.28,27.73,26.84,39.9,7.4,285.2,43.85,Powdery_Mildew,8.84
33.96,33.38,32.74,47.08,23.0,17.16,6.21,538.7,38.78,Healthy,17.55
17.79,76.94,23.64,13.62,33.64,15.97,5.06,669.0,36.41,Healthy,19.76
14.85,33.36,59.31,33.79,44.11,46.13,5.16,349.4,40.06,Root_Rot,3.62
31.5,81.52,23.43,10.59,48.38,21.03,5.55,655.1,42.68,Early_Blight,22.18
19.3,83.14,24.7,25.34,11.03,24.81,7.46,943.2,40.51,Healthy,20.16
24.88,78.88,35.65,16.39,34.61,45.47,4.92,751.4,36.65,Early_Blight,15.52
28.0,61.83,9.93,24.01,45.94,20.2,6.07,227.2,32.7,Healthy,26.06
13.7,83.53,55.91,25.45,39.91,33.15,7.45,967.0,58.96,Rust,4.42
39.44,58.15,53.06,43.39,24.98,18.95,5.96,562.3,41.2,Healthy,9.05
23.14,67.04,58.27,24.65,24.49,22.97,6.45,508.4,42.83,Powdery_Mildew,4.04
16.95,88.94,41.11,29.95,35.63,11.06,7.95,463.9,51.35,Healthy,10.7
29.74,89.88,59.8,48.32,24.88,34.63,7.46,276.4,50.73,Bacterial_Leaf_Spot,3.47
21.98,83.24,49.58,42.83,35.56,46.35,6.37,268.1,42.49,Powdery_Mildew,7.63
21.27,88.67,45.3,14.45,19.67,25.83,6.23,277.2,35.65,Powdery_Mildew,9.77
26.06,44.94,59.14,46.49,49.38,26.15,5.12,501.0,46.17,Root_Rot,4.91
32.05,85.18,16.97,36.77,41.11,40.19,8.22,980.6,51.93,Bacterial_Leaf_Spot,25.71
27.38,94.9,37.95,32.27,14.6,28.29,7.19,398.5,41.42,Early_Blight,13.62
22.05,90.35,30.72,11.58,34.45,36.9,6.29,327.1,32.99,Powdery_Mildew,16.1
38.39,56.79,60.02,40.91,15.71,42.0,6.6,429.5,38.91,Healthy,5.24
26.68,85.84,50.16,13.76,25.69,50.08,6.93,204.1,44.35,Early_Blight,6.94
35.99,77.87,36.71,21.4,21.95,17.39,7.97,786.2,48.32,Root_Rot,16.91
25.35,58.67,32.06,34.72,49.86,32.6,6.73,259.2,39.99,Healthy,16.06
37.33,95.5,10.9,47.3,28.29,33.47,5.74,745.9,44.01,Healthy,27.42
14.84,42.03,53.64,39.62,36.83,9.36,5.1,253.6,28.89,Root_Rot,5.45
22.75,82.9,25.17,45.07,25.63,21.13,6.0,249.8,37.84,Powdery_Mildew,18.21
22.3,61.02,57.3,31.01,18.61,18.31,4.94,795.3,43.76,Root_Rot,5.38
31.89,66.92,45.52,32.08,36.88,13.89,5.25,738.3,35.81,Early_Blight,11.64
24.1,86.0,31.36,40.59,15.65,44.28,5.04,332.9,38.36,Powdery_Mildew,16.63
24.79,88.32,21.06,39.93,47.74,18.96,6.46,239.9,39.03,Powdery_Mildew,20.94
33.28,58.13,57.34,47.07,31.4,16.44,6.84,617.1,43.13,Healthy,6.98
26.39,80.98,25.0,34.66,39.2,14.6,5.03,334.1,32.63,Early_Blight,20.03
22.51,86.3,57.97,26.44,25.07,14.58,6.98,273.6,45.35,Powdery_Mildew,3.69
27.35,38.98,51.02,15.85,15.09,44.57,8.09,875.8,46.83,Healthy,11.72
21.52,88.0,42.52,44.07,13.56,30.32,6.75,267.2,44.27,Powdery_Mildew,10.55
23.14,65.65,52.83,29.72,14.99,12.48,5.17,859.8,40.36,Root_Rot,8.03
21.01,91.41,61.57,27.24,20.95,45.62,6.96,515.0,51.74,Rust,2.33
18.79,42.11,55.97,42.44,13.72,23.93,5.33,711.7,38.98,Root_Rot,5.83
20.38,84.74,41.2,26.76,24.68,43.46,7.1,238.3,38.33,Powdery_Mildew,11.58
17.35,94.67,60.47,26.42,23.09,43.11,5.34,740.1,46.44,Root_Rot,2.9
18.68,87.74,61.38,23.58,19.3,39.49,6.76,707.5,46.6,Rust,3.62
19.29,82.92,64.2,22.62,44.81,24.34,6.3,769.8,48.54,Rust,1.82
17.45,33.96,19.34,41.76,48.61,46.32,4.91,516.4,32.85,Healthy,21.7
21.33,91.51,59.71,21.59,18.94,22.73,6.69,808.9,46.9,Rust,3.52
25.65,88.2,50.72,46.78,42.66,22.22,7.78,463.8,45.96,Root_Rot,7.93
37.47,41.07,40.55,45.21,21.66,23.11,5.7,350.6,40.1,Healthy,13.38
17.25,33.53,18.63,41.32,48.77,45.62,4.83,519.0,43.0,Powdery_Mildew,21.56
24.4,89.09,25.39,21.0,11.46,24.61,5.12,235.0,39.84,Powdery_Mildew,18.04
41.53,85.77,27.65,23.17,42.44,48.69,6.61,771.4,41.97,Early_Blight,22.59
28.6,83.73,34.43,32.42,43.81,46.51,7.01,526.6,49.1,Early_Blight,15.45
16.07,66.76,53.29,31.09,26.79,39.13,5.48,684.0,50.7,Root_Rot,5.43
36.96,78.9,37.48,21.04,23.07,18.91,7.9,736.6,49.6,Early_Blight,15.88
26.09,49.67,62.74,34.86,33.31,46.98,5.23,877.5,49.43,Root_Rot,4.39
20.86,83.35,33.17,45.36,18.32,21.85,6.02,259.7,34.58,Powdery_Mildew,15.12
38.56,76.25,24.91,32.45,16.49,17.29,5.12,616.1,36.4,Early_Blight,21.8
26.72,88.25,20.39,40.62,42.77,13.02,7.98,210.2,33.07,Bacterial_Leaf_Spot,21.04
28.29,87.84,13.46,45.67,29.75,26.87,7.78,532.2,41.24,Bacterial_Leaf_Spot,24.62
18.62,90.4,28.36,37.65,12.83,28.73,7.91,372.7,36.37,Healthy,17.22
16.9,71.38,62.08,30.13,20.36,45.57,5.3,644.0,45.43,Root_Rot,1.79
29.47,67.71,39.44,12.23,43.89,11.08,6.33,742.4,40.59,Early_Blight,14.25
35.99,49.81,20.97,39.89,23.58,47.8,7.81,193.6,42.36,Healthy,20.56
34.62,87.13,56.93,20.58,27.17,18.78,5.94,580.7,44.56,Early_Blight,5.62
41.52,34.85,44.36,18.7,12.25,30.78,7.45,259.8,47.3,Healthy,11.98
35.67,49.1,57.65,44.53,40.11,16.79,6.84,905.2,47.83,Healthy,9.26
21.39,89.7,55.78,17.58,22.99,43.64,6.49,697.4,43.51,Rust,6.04
19.59,93.75,58.4,16.31,19.27,18.53,7.0,561.4,42.88,Rust,3.9
23.32,89.99,41.26,41.56,16.41,28.49,7.99,312.4,47.4,Powdery_Mildew,11.8
40.21,88.0,40.17,29.74,34.43,28.49,5.41,463.5,47.0,Early_Blight,12.8
33.51,72.33,53.51,17.12,14.67,17.23,5.15,277.6,33.66,Root_Rot,6.94
21.4,32.65,14.06,44.38,18.75,32.19,6.63,891.8,32.13,Healthy,25.73
41.41,29.76,53.89,38.96,29.85,19.65,5.08,944.7,36.74,Root_Rot,13.4
41.36,44.59,53.29,16.94,18.98,47.11,7.59,496.1,49.56,Healthy,9.33
35.48,49.68,51.21,28.84,39.59,33.41,7.15,221.7,46.2,Healthy,7.07
19.26,88.89,34.84,38.16,15.15,35.99,7.46,459.6,37.66,Healthy,13.58
36.32,72.73,42.89,26.96,24.92,18.11,5.99,690.7,42.13,Healthy,13.3
26.12,81.42,28.68,21.16,35.16,23.56,8.02,263.2,46.44,Early_Blight,17.43
33.22,73.12,16.86,35.21,11.01,43.62,6.48,746.5,39.23,Healthy,25.53
27.09,69.98,38.01,12.77,39.39,19.09,7.71,372.6,41.59,Early_Blight,12.79
13.66,89.63,63.84,32.77,21.02,23.28,6.13,930.2,43.54,Rust,0.63
33.77,65.1,53.21,31.03,22.6,35.02,6.68,569.8,40.16,Healthy,7.87
28.15,94.33,44.99,28.05,37.29,23.69,6.18,205.2,47.04,Early_Blight,9.46
20.34,60.54,18.19,45.36,30.93,18.88,6.0,936.3,32.32,Healthy,22.54
35.42,54.84,15.07,24.51,23.77,23.98,7.75,601.6,31.44,Healthy,25.31
17.97,83.8,58.32,32.93,14.02,41.19,6.05,659.0,44.75,Rust,3.57
31.59,92.5,44.41,30.43,20.42,17.19,5.53,461.5,39.23,Early_Blight,11.02
22.84,92.38,60.33,26.19,17.66,40.68,7.98,634.7,55.75,Rust,2.91
31.9,89.17,63.91,45.31,40.83,27.31,7.86,403.2,56.27,Bacterial_Leaf_Spot,2.0
20.56,87.57,64.67,18.03,12.41,33.67,7.35,661.1,47.2,Rust,1.93
21.73,91.54,37.96,25.69,22.01,45.95,6.46,263.3,44.83,Powdery_Mildew,12.05
32.84,65.51,43.3,34.37,26.71,46.18,6.35,691.1,39.61,Early_Blight,13.06
36.65,29.6,14.2,17.68,9.52,40.71,7.24,887.8,31.29,Healthy,29.82
21.93,88.28,52.86,20.85,34.67,35.79,7.34,724.7,46.77,Rust,6.8
30.43,87.2,25.53,47.34,31.25,13.19,8.0,337.2,44.03,Bacterial_Leaf_Spot,18.72
21.46,83.79,45.13,45.8,36.01,34.53,8.03,333.5,43.83,Powdery_Mildew,10.23
34.97,63.07,21.9,45.07,35.76,35.32,5.83,825.8,43.37,Healthy,23.76
34.38,46.9,14.72,41.77,45.55,35.02,5.95,767.5,39.61,Healthy,27.76
23.95,89.34,27.19,48.08,27.69,14.07,7.59,308.0,29.73,Powdery_Mildew,17.99
35.37,75.81,51.76,19.8,30.33,44.52,7.72,594.2,53.33,Early_Blight,8.78
38.07,92.03,8.95,16.86,43.32,19.97,5.7,521.4,30.34,Early_Blight,27.99
41.3,71.83,37.72,20.99,13.16,35.68,5.37,560.2,34.84,Early_Blight,16.03
23.6,83.91,54.43,38.8,36.03,34.97,5.52,338.5,47.19,Healthy,6.12
37.28,32.21,39.58,47.71,13.49,25.1,7.7,646.0,43.0,Healthy,15.9
30.0,51.39,35.17,19.23,15.94,42.22,5.41,950.8,36.9,Healthy,17.97
33.24,85.09,46.64,35.53,32.61,33.74,7.95,962.2,50.84,Bacterial_Leaf_Spot,12.34
31.59,81.5,20.15,35.79,25.3,39.41,7.6,980.4,43.86,Bacterial_Leaf_Spot,24.55
27.34,84.6,28.22,45.63,19.03,30.19,7.38,783.3,46.18,Bacterial_Leaf_Spot,18.55
21.51,84.07,51.86,14.26,27.33,31.69,6.26,267.3,30.6,Powdery_Mildew,6.99
28.09,31.21,52.93,15.2,23.17,19.65,5.27,216.5,36.31,Root_Rot,6.72
13.63,65.21,9.04,22.07,12.18,14.21,7.97,582.0,37.81,Healthy,24.98
40.91,44.96,58.42,15.56,26.6,44.74,7.88,918.8,45.71,Healthy,10.61
24.91,70.38,15.63,13.79,44.18,42.83,6.24,992.2,41.26,Early_Blight,26.4
20.57,89.96,53.91,28.49,17.98,16.66,7.98,552.7,44.53,Rust,6.52
31.96,74.44,13.74,29.35,23.82,30.71,5.07,749.6,35.84,Early_Blight,27.09
35.97,91.25,58.46,22.53,42.9,36.55,5.56,549.9,45.13,Root_Rot,5.47
19.89,85.75,61.76,26.21,11.2,45.08,6.97,547.6,55.09,Rust,1.62
25.61,64.52,53.79,14.27,47.45,38.16,4.93,803.8,48.27,Root_Rot,6.84
33.82,88.05,61.18,23.39,16.94,21.88,7.74,876.6,42.53,Early_Blight,5.59
31.7,87.68,20.79,47.51,24.5,46.36,7.74,960.9,44.57,Bacterial_Leaf_Spot,23.35
24.64,86.43,18.58,43.51,13.55,25.06,7.86,306.1,45.47,Powdery_Mildew,21.25
35.18,72.29,62.24,20.02,43.82,9.85,6.45,955.3,53.03,Early_Blight,6.13
32.43,74.06,45.16,31.28,15.31,32.66,5.47,915.9,36.01,Early_Blight,13.38
23.83,95.72,60.01,45.53,40.98,36.16,7.17,565.4,55.06,Rust,2.82
29.0,72.34,37.32,20.73,10.84,34.47,5.88,441.1,33.41,Early_Blight,13.94
21.99,85.45,25.49,17.24,16.94,48.63,6.55,246.3,35.18,Powdery_Mildew,19.08
39.83,79.13,49.36,32.42,48.82,46.99,7.02,769.4,48.92,Early_Blight,10.94
22.14,89.58,52.53,13.48,31.54,46.86,7.69,758.6,49.48,Rust,7.67
21.78,87.35,40.85,21.25,15.6,25.27,7.18,315.5,38.38,Powdery_Mildew,11.3
31.48,77.9,28.94,20.22,11.69,10.23,6.87,273.6,29.32,Early_Blight,17.65
24.59,32.5,51.47,26.65,47.45,13.81,6.0,423.3,37.08,Healthy,8.29
32.98,26.91,29.18,14.82,24.64,46.22,6.81,476.8,38.63,Healthy,19.52
15.84,55.7,62.95,35.19,17.54,30.82,5.3,633.0,43.63,Root_Rot,2.23
20.89,89.29,34.34,26.39,22.22,13.76,6.53,279.7,26.27,Powdery_Mildew,13.76
26.56,38.23,57.21,43.44,33.34,16.84,5.66,956.2,50.91,Root_Rot,8.16
32.41,69.78,59.39,27.71,25.68,41.76,5.31,511.7,50.38,Root_Rot,4.49
28.86,87.16,41.98,48.67,49.13,47.8,7.68,972.2,58.36,Bacterial_Leaf_Spot,13.8
33.38,27.21,19.5,13.37,11.04,11.39,8.04,633.5,28.29,Healthy,24.7
34.38,82.03,21.95,29.05,24.39,16.89,5.66,661.4,38.31,Early_Blight,22.66
17.86,55.92,21.96,29.37,35.72,20.0,5.86,327.5,35.57,Healthy,20.13
31.69,83.0,24.45,32.65,29.88,32.38,7.87,359.7,48.12,Early_Blight,19.29
36.46,86.03,56.94,37.71,21.73,34.69,7.4,360.9,49.97,Bacterial_Leaf_Spot,4.69
21.19,59.21,53.96,18.73,19.75,27.85,7.22,819.9,39.53,Root_Rot,7.47
39.78,28.35,25.01,27.83,40.46,18.45,5.2,663.4,40.09,Healthy,23.51
41.2,57.65,48.4,48.19,18.08,41.8,6.41,592.0,45.6,Healthy,12.25
14.46,45.29,63.68,19.85,39.84,12.75,5.31,666.5,42.71,Root_Rot,1.31
21.03,88.9,57.59,25.6,20.83,12.96,7.52,950.9,49.04,Rust,4.5
39.63,63.96,58.02,42.34,28.08,46.75,4.75,737.4,44.9,Root_Rot,8.38
32.11,82.49,21.3,44.09,45.12,28.76,7.73,639.3,45.75,Bacterial_Leaf_Spot,22.14
20.99,26.3,54.97,26.72,12.6,22.79,4.93,563.9,40.81,Root_Rot,6.41
33.38,90.39,34.35,19.32,42.05,42.56,6.19,914.7,49.55,Early_Blight,17.22
18.91,84.57,55.6,39.54,38.48,33.8,6.79,767.6,43.14,Rust,6.32
36.53,83.65,39.89,34.05,39.62,31.05,5.77,369.2,38.94,Early_Blight,12.68
24.56,34.75,17.54,40.08,31.5,47.71,7.31,539.7,39.25,Healthy,23.27
21.79,84.2,42.87,45.9,36.45,33.9,7.9,325.4,45.07,Powdery_Mildew,10.72
20.22,66.52,14.69,23.32,32.39,18.24,5.66,810.9,30.57,Healthy,23.86
26.9,82.36,31.16,41.63,16.02,40.16,7.74,327.7,45.38,Bacterial_Leaf_Spot,16.44
30.81,94.72,16.33,16.01,38.77,40.04,5.34,370.6,32.91,Early_Blight,24.01
31.75,75.97,39.78,40.18,14.81,28.95,5.77,860.6,43.7,Healthy,14.82
20.51,90.78,51.2,33.8,41.3,15.47,6.81,560.0,49.74,Rust,7.44
27.91,39.4,44.99,44.4,14.25,36.78,7.69,348.5,42.38,Healthy,9.23
31.68,40.72,62.76,10.98,17.22,20.55,4.96,431.5,40.03,Root_Rot,3.37
37.16,84.41,27.04,17.42,25.24,23.25,6.57,713.2,29.55,Early_Blight,20.51
20.87,58.94,44.63,33.18,16.8,28.79,4.78,470.7,40.25,Healthy,9.91
13.49,94.58,53.73,37.31,47.44,10.2,6.91,555.1,46.15,Rust,5.94
39.82,36.62,59.25,38.87,39.11,46.71,5.39,432.9,43.58,Root_Rot,5.8
29.16,86.43,60.36,16.91,10.72,42.42,8.13,278.7,48.45,Early_Blight,2.97
36.06,88.52,35.59,43.9,37.89,30.03,7.51,871.9,39.61,Bacterial_Leaf_Spot,17.1
18.41,87.61,32.47,30.29,45.27,14.3,5.11,471.7,32.2,Healthy,14.39
19.5,89.18,51.5,33.74,33.38,18.27,6.61,897.9,47.21,Rust,7.02
21.65,86.13,38.4,25.53,15.6,18.59,7.03,323.8,32.55,Powdery_Mildew,13.14
21.69,66.67,64.63,23.49,33.83,14.99,4.83,738.3,43.75,Root_Rot,0.95
19.03,53.43,12.65,41.04,26.57,28.79,6.63,960.6,42.84,Healthy,25.21
24.0,87.31,42.5,15.96,31.1,15.08,6.83,271.4,39.25,Powdery_Mildew,10.61
27.24,62.01,53.5,16.39,29.57,43.98,5.73,864.9,40.31,Root_Rot,9.34
39.57,84.18,45.45,32.98,10.87,44.22,5.57,782.9,42.99,Early_Blight,13.47
12.23,89.67,50.53,13.87,25.03,20.35,6.14,347.9,35.58,Rust,6.37
35.22,60.71,42.67,34.6,24.72,16.76,7.51,495.2,46.77,Healthy,13.48
32.14,84.22,48.47,15.38,41.15,35.04,5.26,287.4,31.8,Early_Blight,8.25
16.7,46.99,25.25,11.97,40.91,33.96,7.78,866.2,40.8,Healthy,19.81
36.95,56.63,60.59,21.09,14.95,24.36,8.19,729.3,49.7,Healthy,5.81
20.17,32.1,56.2,42.71,35.39,33.6,5.53,916.2,41.76,Root_Rot,7.0
23.23,92.48,32.1,16.53,11.24,22.1,6.72,707.9,33.94,Healthy,16.21
41.16,65.39,17.22,35.96,31.02,26.98,6.97,688.9,39.68,Healthy,25.61
35.77,32.23,31.9,47.32,19.82,17.0,6.32,558.7,44.85,Healthy,18.65
30.16,86.2,38.35,48.3,48.36,25.88,7.37,844.8,52.43,Bacterial_Leaf_Spot,15.23
25.0,90.78,35.04,46.5,40.84,18.79,7.6,390.8,39.92,Healthy,14.26
20.33,87.97,55.64,37.04,37.74,44.27,5.8,359.1,46.61,Rust,5.15
37.74,80.8,14.03,28.19,28.77,18.05,6.89,787.5,39.12,Early_Blight,26.81
25.65,91.71,57.84,45.5,27.18,46.85,7.81,196.8,41.59,Powdery_Mildew,4.07
35.02,91.7,59.46,21.77,44.29,37.09,5.54,543.5,42.84,Root_Rot,5.07
32.07,88.03,38.21,13.23,23.36,49.21,7.03,426.0,41.11,Early_Blight,13.71
29.88,77.43,43.23,20.64,11.23,23.9,6.43,414.8,34.65,Early_Blight,11.19
17.67,84.65,49.55,25.95,17.96,24.16,7.02,660.4,48.9,Rust,7.96
34.56,56.13,34.45,31.09,27.45,39.8,5.47,656.3,42.36,Healthy,17.73
41.4,81.27,55.4,43.62,38.45,18.8,5.07,960.1,50.95,Powdery_Mildew,11.08
18.9,60.09,59.05,47.95,46.71,19.65,5.28,890.2,51.59,Root_Rot,4.92
18.59,89.25,52.34,45.58,48.53,46.09,6.94,477.2,53.84,Rust,6.91
36.65,92.31,52.13,28.95,20.94,31.97,6.63,725.7,45.36,Early_Blight,10.67
26.52,76.51,42.74,22.88,38.03,39.97,8.1,894.7,55.91,Early_Blight,13.2
25.29,88.6,12.62,46.93,23.46,24.13,7.82,254.1,46.63,Powdery_Mildew,24.51
23.44,56.35,50.75,44.25,16.79,40.76,5.51,364.7,41.88,Root_Rot,7.89
31.5,70.39,24.89,11.56,24.3,11.29,6.82,351.5,29.27,Early_Blight,19.11
39.54,33.87,53.79,33.1,31.24,17.24,5.02,916.4,36.21,Root_Rot,12.02
25.76,56.35,50.79,23.31,16.24,35.11,5.79,936.8,34.73,Root_Rot,9.53
32.06,86.48,11.65,50.1,19.34,32.34,7.64,442.3,46.12,Bacterial_Leaf_Spot,26.1
24.38,62.16,13.05,21.77,43.53,17.86,7.18,325.7,42.11,Healthy,24.32
20.62,89.53,56.9,16.58,40.41,46.36,6.11,804.2,60.29,Rust,5.22
40.57,74.16,20.28,15.13,22.12,45.38,5.56,448.1,26.19,Early_Blight,23.43
22.39,75.3,61.53,40.84,44.95,23.55,5.24,863.0,56.35,Root_Rot,4.13
27.06,89.11,27.92,48.61,15.32,24.41,7.83,592.5,48.42,Bacterial_Leaf_Spot,18.4
28.29,67.76,51.46,16.46,24.2,21.77,7.98,647.8,46.83,Early_Blight,8.26
34.75,82.27,14.36,22.61,22.27,34.81,5.04,876.1,35.72,Early_Blight,27.44
17.18,72.07,59.64,32.37,50.85,48.83,4.85,993.3,49.47,Root_Rot,4.26
32.16,37.62,53.46,43.51,19.63,12.09,7.53,845.5,45.98,Healthy,9.26
34.61,74.8,49.47,23.2,10.32,40.13,5.65,981.1,35.03,Early_Blight,11.67
21.55,81.85,41.15,24.18,38.29,32.44,7.66,261.5,46.97,Powdery_Mildew,11.39
13.71,31.82,64.5,16.74,11.07,11.34,6.75,408.7,40.11,Healthy,1.02
40.4,61.65,28.28,23.76,42.54,47.15,5.46,280.8,34.04,Healthy,18.87
18.28,86.12,56.46,48.59,41.62,15.55,7.83,469.3,40.65,Rust,4.69
33.97,80.35,41.13,41.95,28.99,34.96,7.99,721.3,53.43,Bacterial_Leaf_Spot,14.34
38.64,87.28,8.55,22.33,33.16,13.94,5.7,561.4,32.3,Early_Blight,28.33
23.0,83.34,16.22,47.87,28.44,16.43,7.36,226.7,43.58,Powdery_Mildew,22.16
22.03,88.78,55.41,19.83,22.22,12.24,7.13,403.1,48.75,Rust,5.05
37.2,86.8,41.49,46.85,13.38,16.55,7.34,979.6,48.02,Bacterial_Leaf_Spot,15.41
21.42,84.35,34.55,38.18,34.82,42.2,6.14,260.4,40.06,Powdery_Mildew,14.24
35.42,80.44,27.41,23.29,11.51,40.4,7.87,363.8,37.44,Early_Blight,17.74
20.43,93.82,28.24,14.61,10.03,31.48,4.97,516.9,30.33,Healthy,17.26
32.27,42.58,31.01,24.28,26.78,32.62,5.5,478.1,30.01,Healthy,18.01
39.42,48.99,38.11,39.97,32.74,14.32,5.44,385.0,36.34,Healthy,14.7
24.5,80.68,23.63,36.19,37.79,14.21,5.02,326.9,33.98,Powdery_Mildew,19.4
27.66,53.36,27.49,11.71,22.53,27.84,7.71,556.0,38.78,Rust,19.43
22.05,92.15,21.12,46.54,34.26,28.44,7.74,310.1,45.56,Powdery_Mildew,19.85
32.04,67.28,24.36,41.02,21.65,46.47,7.39,632.4,39.66,Healthy,20.43
17.88,88.99,53.32,25.18,25.67,18.54,6.46,828.6,51.13,Rust,6.24
21.28,29.56,52.36,42.19,12.46,21.22,5.28,915.8,41.29,Root_Rot,8.89
36.05,75.44,41.11,29.22,23.05,42.32,5.21,835.0,36.15,Early_Blight,15.93
28.98,74.99,22.55,30.97,37.26,29.01,6.48,261.2,42.15,Early_Blight,20.49
21.07,91.26,53.23,18.18,19.45,44.53,5.43,946.9,42.64,Root_Rot,6.39
23.31,91.94,28.27,43.57,33.3,29.45,7.46,286.2,37.12,Powdery_Mildew,17.07
21.87,91.12,44.55,23.93,20.82,39.38,7.58,272.1,40.23,Powdery_Mildew,9.89
12.81,73.2,37.37,36.98,32.7,12.52,7.23,343.5,40.75,Healthy,12.72
17.25,58.8,18.18,31.39,47.79,35.59,7.83,351.7,43.21,Healthy,21.91
19.88,92.72,58.72,18.36,21.82,19.09,7.0,559.1,41.8,Rust,3.32
22.7,34.64,60.79,18.52,21.8,40.93,5.3,834.9,47.36,Root_Rot,4.73
16.71,35.05,55.28,38.9,39.88,48.61,8.16,999.3,49.54,Healthy,6.35
13.73,82.32,59.55,36.82,27.17,33.7,7.25,701.6,47.67,Rust,3.36
40.2,66.24,36.15,31.98,11.64,42.46,7.24,647.9,46.24,Early_Blight,16.77
21.1,92.31,50.43,45.58,18.75,45.51,6.27,602.2,45.85,Rust,7.54
33.65,82.53,9.52,44.79,26.79,21.79,7.56,450.5,41.89,Bacterial_Leaf_Spot,25.62
27.8,88.64,24.93,45.53,38.47,28.0,8.0,672.0,50.74,Bacterial_Leaf_Spot,19.85
18.41,61.35,16.84,31.29,47.64,35.26,7.78,337.9,41.93,Healthy,22.04
20.04,44.34,9.6,33.25,33.63,33.34,7.73,975.9,42.69,Powdery_Mildew,26.86
39.67,85.51,56.05,34.22,14.03,29.79,6.48,818.7,42.55,Early_Blight,8.56
14.17,26.07,62.86,25.47,10.32,9.52,5.78,660.0,35.92,Root_Rot,1.7
15.47,64.5,41.04,35.78,14.29,35.59,6.55,801.0,48.73,Healthy,10.6
29.16,69.34,32.19,27.16,38.46,45.59,5.98,947.9,35.74,Early_Blight,18.67
34.1,87.25,53.37,49.12,36.95,30.99,4.85,866.8,48.58,Root_Rot,8.54
40.82,94.49,29.14,21.82,25.16,33.17,5.37,783.4,40.01,Early_Blight,20.46
12.72,47.92,21.84,15.17,18.72,27.74,6.07,487.8,27.59,Healthy,19.1
29.27,81.18,56.39,37.22,16.93,45.42,7.31,509.9,52.74,Bacterial_Leaf_Spot,5.76
24.25,88.8,10.51,36.74,12.74,42.99,7.16,310.7,34.69,Powdery_Mildew,25.17
22.71,59.12,48.58,37.25,49.44,27.27,6.46,592.1,43.6,Healthy,9.24
33.42,90.36,48.26,49.63,46.84,34.15,7.53,664.0,55.63,Bacterial_Leaf_Spot,10.32
32.98,67.43,55.74,10.49,17.23,24.81,6.71,983.0,44.25,Early_Blight,8.83
23.71,83.32,30.63,47.35,44.1,21.45,5.56,213.8,41.89,Powdery_Mildew,15.25
22.59,50.7,59.08,33.82,27.4,26.5,5.73,614.7,43.76,Root_Rot,3.77
35.19,68.59,55.67,38.65,28.12,29.12,5.64,217.9,40.44,Rust,5.06
39.07,93.18,54.77,30.46,44.7,33.11,7.53,984.5,58.77,Early_Blight,9.49
25.79,87.4,62.38,44.4,27.78,14.12,7.78,694.6,49.73,Bacterial_Leaf_Spot,2.85
37.58,54.6,60.01,18.99,27.28,17.78,5.57,683.4,43.51,Root_Rot,6.94
21.18,90.5,53.76,24.37,17.21,13.58,7.29,963.1,47.78,Rust,6.8
22.03,87.69,58.87,12.82,13.58,41.13,6.69,856.6,54.22,Rust,4.13
21.11,89.39,43.23,15.1,20.14,26.64,6.4,269.5,39.5,Powdery_Mildew,10.19
21.98,88.77,55.21,20.85,43.67,29.19,7.12,746.5,48.65,Rust,6.11
35.25,85.2,6.98,12.18,16.56,19.38,6.2,205.8,39.12,Early_Blight,27.23
23.23,88.76,33.71,27.87,33.89,23.03,6.53,299.6,43.68,Powdery_Mildew,15.73
21.52,91.82,58.24,49.7,16.74,34.76,6.99,628.0,45.24,Rust,3.96
33.81,85.25,55.77,29.92,49.21,24.2,6.89,480.9,48.49,Early_Blight,6.22
33.07,86.47,14.93,20.61,12.06,16.6,5.05,802.3,30.37,Early_Blight,26.11
38.54,34.38,51.62,37.1,46.1,44.33,4.98,352.1,44.57,Root_Rot,8.67
32.79,32.43,7.65,25.27,29.16,33.76,8.0,726.0,40.33,Healthy,29.99
28.76,61.05,9.15,23.25,46.69,18.05,5.9,252.6,28.16,Healthy,25.41
21.3,90.28,50.34,44.39,41.52,46.95,8.16,917.0,61.08,Rust,8.16
31.66,82.72,20.05,43.89,45.91,29.09,7.73,648.0,45.89,Bacterial_Leaf_Spot,22.32
20.17,89.22,53.64,40.54,24.17,11.6,7.33,509.8,47.16,Rust,5.17
21.43,86.55,33.35,38.95,36.03,41.28,5.99,281.8,32.36,Powdery_Mildew,14.43
39.0,77.62,11.2,28.4,35.8,47.2,6.88,437.2,38.55,Early_Blight,26.17
28.44,82.23,19.18,25.9,35.48,38.35,6.16,604.1,37.1,Early_Blight,23.01
38.98,64.25,20.96,29.72,26.79,35.7,8.09,844.4,43.15,Healthy,25.43
38.16,72.89,42.69,15.42,39.17,44.24,5.23,528.3,46.25,Early_Blight,12.61
23.72,86.58,38.28,43.88,15.95,26.32,7.69,296.3,48.58,Powdery_Mildew,12.63
27.09,30.19,37.85,27.61,43.54,15.51,5.8,213.7,30.72,Healthy,12.28
20.88,87.64,58.76,48.89,15.46,37.14,6.98,677.6,48.9,Rust,3.89
13.78,45.46,55.5,32.68,37.78,13.69,5.48,272.2,35.53,Root_Rot,4.73
27.92,77.48,46.65,22.54,10.19,39.79,8.01,568.6,50.48,Early_Blight,10.67
39.17,84.88,26.86,16.26,47.09,12.43,5.37,811.6,46.94,Early_Blight,21.17
20.96,83.24,17.18,47.09,28.05,15.15,7.47,236.3,41.6,Powdery_Mildew,22.53
23.22,89.47,37.47,22.92,10.96,27.91,5.05,281.8,35.48,Rust,12.29
28.19,88.15,55.74,29.6,16.78,43.91,6.05,365.1,37.44,Early_Blight,4.73
25.74,80.99,28.65,22.39,33.2,23.0,8.06,256.5,38.25,Powdery_Mildew,17.48
18.16,84.21,55.84,33.77,25.79,12.79,8.01,359.6,49.41,Rust,5.5
19.77,83.3,60.24,32.4,20.18,16.1,6.87,417.4,51.29,Rust,3.15
20.26,55.27,24.46,48.09,14.05,39.19,6.8,927.7,43.91,Healthy,20.43
34.82,86.33,62.77,33.45,45.96,40.64,7.53,376.3,49.59,Early_Blight,1.6
23.47,90.76,39.19,21.24,13.22,19.42,6.67,277.8,40.43,Powdery_Mildew,11.26
27.26,31.31,34.46,41.17,20.57,49.59,6.16,854.1,37.29,Healthy,17.79
27.21,91.4,51.54,16.83,26.48,16.06,6.79,464.9,42.56,Early_Blight,7.27
32.78,72.91,25.7,37.16,43.7,14.32,6.98,867.8,45.7,Healthy,21.15
22.25,87.81,16.44,33.74,12.48,23.72,5.61,269.7,34.65,Powdery_Mildew,22.48
30.96,67.05,53.8,16.2,48.78,24.0,6.57,851.3,53.57,Early_Blight,8.89
23.1,82.01,54.75,31.73,25.76,26.81,7.63,841.1,54.58,Rust,7.16
13.3,41.43,14.33,13.29,39.68,24.51,7.24,818.0,36.24,Healthy,23.55
13.86,89.29,49.44,16.97,17.03,24.95,7.31,441.3,46.75,Rust,7.92
39.37,58.43,21.54,24.34,36.17,48.18,6.91,376.9,40.44,Healthy,22.07
11.9,93.38,13.58,23.61,34.07,46.59,6.05,740.1,44.8,Healthy,23.32
31.09,79.1,12.8,43.48,47.28,38.96,7.53,361.3,50.75,Bacterial_Leaf_Spot,25.5
23.12,82.67,47.82,45.72,48.51,15.18,8.08,287.9,52.67,Powdery_Mildew,7.95
40.05,33.86,32.92,12.04,15.02,13.22,5.37,229.7,27.34,Healthy,17.68
23.49,80.81,41.56,30.67,42.61,44.36,7.16,329.0,52.36,Powdery_Mildew,11.58
26.22,83.59,42.97,49.4,24.82,11.83,8.05,552.1,47.0,Bacterial_Leaf_Spot,11.77
20.23,87.17,11.67,14.19,33.13,33.66,5.44,231.4,32.6,Healthy,24.69
23.55,92.46,46.97,39.68,16.28,28.63,7.92,323.0,51.4,Powdery_Mildew,9.81
34.51,47.07,28.36,17.21,23.34,49.41,5.68,458.6,37.25,Healthy,19.63
31.45,81.74,57.67,17.12,12.91,46.55,7.71,418.9,47.34,Early_Blight,4.2
19.92,68.75,23.68,11.33,49.75,29.48,6.34,285.1,34.1,Healthy,19.89
27.18,94.58,20.18,25.42,43.27,19.08,7.8,285.9,41.75,Early_Blight,20.83
13.73,46.35,17.31,27.83,25.51,42.11,6.86,809.8,41.93,Healthy,22.26
40.33,88.13,34.82,18.43,48.08,16.19,7.4,375.9,43.54,Early_Blight,14.98
40.37,48.0,55.89,13.43,26.97,43.68,7.96,894.0,48.18,Healthy,10.97
36.11,46.86,48.13,39.42,25.16,40.95,5.26,314.2,35.79,Healthy,9.28
23.11,83.98,54.99,28.12,24.56,13.56,7.3,284.7,48.67,Powdery_Mildew,5.25
22.48,56.72,51.25,26.85,46.55,47.01,4.92,207.3,40.37,Root_Rot,6.64
23.63,87.87,45.31,27.86,33.32,14.15,7.61,331.5,42.96,Powdery_Mildew,10.63
24.25,84.64,45.24,23.75,45.27,11.59,6.83,693.3,43.25,Early_Blight,11.71
32.33,94.95,19.4,38.64,19.65,19.38,8.02,551.5,40.85,Bacterial_Leaf_Spot,22.61
32.89,85.55,9.96,47.55,27.55,42.63,7.55,507.2,44.05,Bacterial_Leaf_Spot,26.93
28.07,89.18,50.18,12.18,36.59,17.39,7.64,591.7,39.8,Early_Blight,8.38
34.95,45.38,62.42,37.39,40.99,17.82,7.44,833.4,49.53,Healthy,6.86
21.05,92.24,26.21,34.64,49.04,20.86,7.33,266.6,45.97,Healthy,17.8
18.67,82.72,59.19,35.86,25.31,47.54,6.63,819.2,53.96,Rust,3.74
31.55,88.19,19.85,46.69,28.68,38.43,7.46,332.0,42.48,Bacterial_Leaf_Spot,22.09
22.2,83.19,56.51,40.07,32.92,40.77,5.24,333.8,37.62,Root_Rot,4.31
19.36,86.89,48.26,21.56,43.6,40.22,5.99,865.1,43.78,Rust,8.98
33.16,60.72,45.82,42.12,27.82,12.83,6.22,526.2,33.86,Healthy,10.56
17.2,27.35,56.24,45.68,22.63,32.28,8.01,948.4,61.15,Healthy,6.18
34.26,37.28,25.88,31.06,23.13,15.3,4.99,842.9,26.82,Healthy,23.9
16.49,71.43,59.82,33.83,28.73,35.41,7.22,337.2,48.84,Healthy,3.14
19.34,44.72,50.85,16.1,48.05,27.52,4.96,847.7,42.29,Root_Rot,9.07
17.57,28.13,37.05,47.5,22.81,20.3,8.15,828.0,49.93,Root_Rot,13.88
21.31,85.8,39.95,24.39,15.74,22.38,7.24,302.9,35.71,Powdery_Mildew,12.02
36.98,78.49,52.41,20.72,11.28,12.93,8.02,809.4,44.2,Early_Blight,9.44
31.03,83.78,58.88,38.29,31.45,37.34,5.47,478.6,46.79,Root_Rot,4.51
21.22,90.74,58.75,24.03,25.73,12.06,7.34,658.2,47.89,Rust,4.49
35.18,59.86,63.98,16.4,39.09,31.09,5.2,538.0,39.82,Root_Rot,3.55
19.03,73.4,38.13,43.92,16.71,26.16,7.7,783.9,50.14,Healthy,12.82
23.05,89.54,52.05,18.54,14.13,47.42,5.76,586.6,43.04,Root_Rot,6.52
22.13,94.02,53.92,13.61,30.61,40.2,7.51,772.8,52.92,Rust,5.88
42.08,83.17,38.19,19.9,18.23,34.66,8.06,415.0,42.18,Early_Blight,14.8
24.82,69.51,41.06,17.97,21.68,44.74,6.9,507.7,42.52,Early_Blight,13.38
28.86,89.55,54.13,30.47,36.99,47.06,6.36,486.6,40.01,Early_Blight,7.19
24.46,83.95,27.84,46.27,44.27,20.52,5.58,195.9,32.27,Powdery_Mildew,16.3
33.38,26.18,35.03,11.39,32.89,31.65,4.88,900.4,32.47,Bacterial_Leaf_Spot,20.05
31.02,82.96,47.84,46.04,45.36,37.42,7.65,353.3,62.58,Bacterial_Leaf_Spot,9.58
35.65,83.32,38.05,39.79,20.92,16.4,8.12,251.1,43.92,Bacterial_Leaf_Spot,12.56
25.79,90.0,56.1,48.2,34.48,22.41,7.73,758.1,51.81,Bacterial_Leaf_Spot,5.96
22.91,93.6,52.66,17.97,20.27,13.36,6.78,626.0,38.27,Rust,7.48
15.33,70.55,60.54,29.45,49.02,15.36,7.22,743.5,56.51,Healthy,3.1
30.08,90.02,42.11,46.66,17.19,43.79,7.75,701.2,54.81,Bacterial_Leaf_Spot,12.12
21.08,92.35,53.99,34.45,38.36,16.74,6.35,625.3,42.03,Rust,6.45
25.4,92.09,38.38,19.07,11.38,21.21,6.24,296.0,32.84,Powdery_Mildew,11.7
27.49,87.56,60.88,48.63,33.41,44.61,7.43,563.2,55.94,Bacterial_Leaf_Spot,3.51
19.17,32.98,37.96,11.95,11.65,46.61,6.32,784.7,38.31,Healthy,14.66
28.88,52.77,17.55,25.55,15.89,34.28,7.31,219.5,35.83,Healthy,22.34
23.76,27.01,29.98,24.1,40.06,16.71,7.34,579.3,47.08,Healthy,17.72
22.82,83.29,46.18,46.33,21.77,22.07,7.89,267.5,41.67,Powdery_Mildew,9.55
27.9,33.0,25.79,34.05,42.2,13.42,5.59,191.1,34.39,Healthy,19.05
19.45,45.85,51.85,32.7,43.19,34.73,6.11,724.0,46.08,Healthy,8.26
41.99,32.44,35.2,14.69,37.84,45.89,6.27,643.1,32.03,Healthy,19.36
21.73,85.85,18.93,37.93,17.74,24.17,5.46,241.5,34.77,Powdery_Mildew,21.79
21.23,90.56,47.8,46.1,31.39,31.36,6.16,236.7,44.16,Powdery_Mildew,8.57
31.64,57.76,61.1,16.95,11.48,25.42,5.27,782.9,35.43,Root_Rot,5.74
27.31,67.44,61.23,26.68,17.63,40.76,7.08,321.5,50.95,Early_Blight,2.92
27.69,48.22,49.55,29.8,43.17,41.62,7.59,999.2,52.76,Healthy,11.13
25.85,53.48,21.77,27.58,15.01,21.73,5.25,690.4,32.67,Healthy,21.41
13.66,87.4,59.81,35.98,37.17,32.09,6.43,488.3,51.18,Rust,2.18
40.57,36.57,55.53,18.32,46.88,29.07,5.63,760.0,49.75,Root_Rot,10.2
26.45,56.58,22.27,33.16,35.68,11.94,5.17,963.9,31.25,Healthy,22.99
41.02,34.02,31.88,33.78,12.54,27.88,6.29,490.4,26.74,Healthy,19.66
29.21,94.63,65.1,23.87,28.56,25.16,7.96,708.3,43.52,Early_Blight,2.27
28.64,37.89,18.13,11.75,27.42,17.16,7.53,1002.1,40.35,Healthy,26.44
22.42,90.06,56.15,45.82,37.09,39.09,7.4,855.7,57.35,Rust,6.39
38.72,48.53,29.72,14.2,24.84,30.04,5.06,216.3,25.21,Healthy,17.27
20.42,86.88,43.29,25.01,25.55,41.05,7.31,272.1,42.6,Powdery_Mildew,10.58
28.85,88.85,27.54,47.77,23.44,20.14,7.67,376.7,39.02,Bacterial_Leaf_Spot,18.0
30.87,90.11,24.35,48.0,19.74,23.93,7.56,877.3,49.62,Bacterial_Leaf_Spot,22.17
41.3,50.46,54.29,23.33,25.66,30.79,5.02,610.5,39.87,Root_Rot,9.71
27.03,93.29,61.3,21.05,46.52,21.15,5.21,882.5,40.28,Root_Rot,3.64
23.08,89.24,59.76,29.18,12.64,13.92,7.0,893.1,49.32,Bacterial_Leaf_Spot,4.51
26.19,36.72,52.99,48.67,24.96,20.79,5.01,602.4,40.46,Root_Rot,8.78
38.85,85.16,47.64,45.5,29.04,36.52,7.67,203.0,49.72,Bacterial_Leaf_Spot,8.8
25.74,92.91,10.18,24.49,17.41,46.18,7.18,727.0,37.21,Early_Blight,26.85
28.37,42.7,8.5,44.36,27.95,19.23,4.91,789.4,29.22,Healthy,29.35
34.37,70.39,9.7,49.21,14.32,17.28,6.17,709.7,40.92,Healthy,27.95
20.22,58.59,54.33,45.83,42.87,38.41,4.82,725.6,44.81,Root_Rot,6.73
23.1,31.78,54.35,19.35,23.69,43.33,5.16,830.7,40.93,Root_Rot,7.02
21.54,82.45,24.52,43.0,35.75,14.62,5.23,223.3,32.11,Powdery_Mildew,18.39
26.89,61.77,20.09,29.62,24.46,34.33,5.56,636.1,30.6,Healthy,23.12
32.23,33.94,7.97,21.23,47.88,26.21,7.08,654.5,44.18,Root_Rot,29.71
21.37,81.47,23.54,23.49,46.9,14.71,7.6,291.9,41.47,Powdery_Mildew,19.13
32.6,82.81,59.59,20.98,47.64,34.83,7.64,240.2,49.66,Early_Blight,3.68
27.9,89.38,35.2,46.26,38.34,20.93,7.69,436.6,44.41,Bacterial_Leaf_Spot,14.76
38.72,73.3,12.18,14.67,46.19,33.47,6.71,567.1,35.3,Early_Blight,27.08
38.76,84.45,51.87,39.49,35.8,21.29,7.82,850.2,52.86,Bacterial_Leaf_Spot,10.76
40.23,46.1,58.3,11.67,44.54,25.85,6.84,575.9,45.32,Healthy,6.94
24.99,75.3,61.99,14.78,32.27,17.66,8.05,858.5,54.87,Early_Blight,3.94
31.06,65.9,8.64,23.27,47.6,10.62,7.2,721.7,39.93,Early_Blight,28.47
25.64,94.46,48.44,36.34,37.76,31.79,5.05,278.9,35.56,Powdery_Mildew,7.4
17.6,64.94,63.16,42.87,28.8,38.2,5.17,256.7,46.71,Root_Rot,0.79
29.09,76.79,58.66,35.26,43.88,42.25,5.47,831.5,49.1,Root_Rot,6.77
22.87,90.17,38.6,28.83,22.76,46.53,6.22,265.5,41.67,Powdery_Mildew,12.67
31.01,37.45,49.3,32.16,20.46,17.23,5.12,458.3,36.25,Healthy,8.91
30.8,86.24,31.85,47.04,38.71,37.76,7.69,274.9,54.92,Bacterial_Leaf_Spot,15.19
29.34,91.18,45.74,34.83,39.36,37.29,6.56,708.6,53.61,Early_Blight,11.0
31.68,35.19,53.64,42.73,32.99,37.77,4.77,940.1,46.66,Root_Rot,11.27
20.13,91.75,55.21,25.98,40.67,35.57,6.5,732.7,45.66,Rust,5.6
25.0,64.9,45.48,44.17,33.24,33.17,5.43,960.3,44.11,Healthy,12.55
35.95,70.18,63.69,23.8,14.84,49.16,7.29,395.4,57.68,Early_Blight,2.9
40.29,53.52,38.37,31.85,27.95,44.18,6.48,902.2,46.0,Healthy,18.62
30.54,86.93,40.41,46.03,24.2,24.08,7.66,351.4,41.56,Bacterial_Leaf_Spot,11.7
21.54,91.9,41.22,14.2,15.54,18.62,6.26,244.9,37.53,Powdery_Mildew,11.66
34.22,52.99,64.37,20.89,37.39,17.79,4.87,268.4,33.67,Root_Rot,1.65
25.35,75.65,36.35,29.53,18.18,19.37,6.65,238.6,44.61,Early_Blight,14.05
20.33,87.83,56.94,14.92,24.36,41.87,7.57,642.6,50.97,Rust,4.41
38.23,84.55,28.53,33.82,36.65,13.41,5.9,684.2,32.9,Early_Blight,20.07
37.86,29.7,55.87,13.15,47.2,24.35,4.82,561.6,41.61,Root_Rot,8.55
35.09,80.36,25.47,15.82,18.61,24.31,7.68,435.4,39.98,Early_Blight,19.8
36.05,53.87,12.95,26.22,23.62,23.5,7.71,597.5,43.36,Healthy,27.26
27.99,84.53,9.12,46.4,14.78,32.78,7.64,480.5,38.47,Bacterial_Leaf_Spot,26.61
12.59,83.83,64.0,32.41,34.72,42.81,5.77,565.1,46.51,Root_Rot,0.4
20.11,37.98,59.08,30.02,22.62,43.45,5.87,418.3,35.52,Healthy,4.56
28.28,87.83,57.26,38.5,41.85,32.45,8.14,299.7,58.27,Bacterial_Leaf_Spot,4.99
19.86,76.9,50.4,13.62,40.02,29.87,7.7,234.8,48.24,Healthy,6.65
26.77,85.39,56.91,48.83,34.88,47.92,7.67,512.5,61.63,Bacterial_Leaf_Spot,5.5
35.29,72.67,47.77,42.13,35.75,45.47,5.13,898.4,52.27,Healthy,12.01
35.57,92.39,20.88,24.99,19.45,17.07,6.83,502.4,31.41,Early_Blight,21.47
12.3,76.42,53.54,37.65,29.66,15.34,5.43,493.0,45.88,Root_Rot,5.9
26.05,92.2,33.35,29.01,20.91,26.12,5.25,497.0,26.84,Early_Blight,14.77
20.79,90.06,55.34,19.27,23.8,37.35,6.96,842.7,51.64,Rust,6.41
38.23,23.89,49.6,10.53,43.64,49.77,7.39,606.4,47.17,Powdery_Mildew,11.63
22.31,89.57,19.42,38.27,11.67,23.27,5.38,308.8,28.79,Powdery_Mildew,21.08
33.92,50.45,28.17,17.91,22.87,48.48,5.57,457.8,30.8,Healthy,19.4
24.03,43.67,36.86,36.07,27.5,15.37,8.05,460.6,40.73,Healthy,14.57
36.47,87.74,23.65,32.19,30.66,33.37,4.93,296.9,34.04,Early_Blight,19.61
24.46,72.65,27.03,24.0,32.45,26.01,4.86,474.7,33.46,Early_Blight,18.84
33.07,74.58,63.94,35.25,26.04,10.4,5.11,929.2,51.11,Root_Rot,4.84
39.93,92.6,24.41,23.34,31.93,38.29,6.42,655.2,47.45,Early_Blight,21.01
31.84,88.12,64.8,47.5,20.25,38.89,7.61,320.9,46.17,Healthy,1.26
39.83,72.31,35.21,18.22,35.83,30.7,5.5,494.2,35.51,Early_Blight,17.11
37.4,53.22,64.87,43.63,26.83,13.07,5.25,698.7,44.25,Bacterial_Leaf_Spot,5.39
28.14,42.04,25.89,18.37,19.87,37.8,7.34,528.1,36.88,Healthy,20.38
30.76,59.92,61.97,45.36,41.89,36.34,5.25,368.7,42.58,Root_Rot,2.48
25.47,29.07,48.29,26.4,15.32,41.34,5.81,517.8,41.83,Healthy,9.96
26.7,88.75,43.41,32.9,20.48,31.71,5.84,691.9,41.73,Early_Blight,12.2
22.93,83.0,50.07,15.17,18.59,25.18,5.68,284.3,33.38,Rust,7.77
36.97,39.47,61.68,27.24,19.93,17.03,5.8,561.1,47.63,Healthy,5.77
12.8,36.87,17.49,11.03,41.08,22.64,7.94,825.8,38.78,Healthy,22.16
32.08,73.39,57.59,25.22,47.54,15.53,7.44,495.5,45.83,Early_Blight,5.51
18.92,89.44,60.76,30.7,20.21,29.37,5.93,963.1,52.51,Rust,3.12
39.62,71.64,63.7,26.32,11.92,50.37,6.62,311.4,45.59,Early_Blight,1.53
12.79,80.79,59.42,29.08,32.73,48.49,7.59,872.5,56.7,Rust,3.15
26.19,89.04,57.0,45.94,13.26,16.3,7.98,681.0,52.0,Bacterial_Leaf_Spot,5.65
38.62,79.99,54.64,30.44,36.73,24.94,4.96,666.1,45.82,Root_Rot,8.6
38.4,79.12,22.2,9.47,48.88,19.49,5.0,372.4,34.85,Early_Blight,20.64
26.86,47.6,52.79,35.68,18.05,16.07,5.43,407.0,38.94,Root_Rot,7.49
19.06,92.55,61.11,32.8,26.57,37.78,5.45,606.3,48.25,Root_Rot,3.72
29.82,57.41,54.69,17.69,35.83,51.07,7.26,580.2,60.47,Healthy,7.3
38.4,86.22,63.91,31.51,34.88,48.2,5.18,546.3,45.68,Root_Rot,3.28
33.65,87.86,22.69,47.41,29.46,34.53,7.39,433.5,35.7,Bacterial_Leaf_Spot,21.03
25.49,42.74,27.29,10.52,28.87,34.15,6.19,475.6,28.41,Healthy,19.84
24.88,88.35,61.23,31.44,16.57,45.82,5.36,520.1,46.58,Root_Rot,2.57
26.35,81.75,34.39,31.28,23.93,10.68,7.38,663.1,35.97,Early_Blight,15.93
40.42,79.63,10.34,29.86,22.73,42.83,5.79,315.7,33.79,Early_Blight,26.05
16.96,89.57,54.42,18.6,10.47,41.95,6.1,264.6,34.19,Rust,4.81
40.97,83.51,29.01,25.21,29.98,34.31,6.28,971.9,42.73,Early_Blight,21.78
41.02,94.01,39.98,12.02,20.0,14.21,7.36,636.1,39.87,Early_Blight,15.28
17.23,59.94,57.61,35.55,18.3,36.42,5.19,949.8,41.82,Root_Rot,5.76
21.02,86.13,24.13,30.48,11.36,14.54,5.84,404.9,33.06,Healthy,19.43
17.18,50.82,43.44,28.25,30.97,42.93,7.21,524.0,46.42,Healthy,10.41
22.73,67.07,51.29,14.81,23.69,49.0,5.71,277.2,36.97,Root_Rot,8.17
31.27,87.89,59.32,37.19,16.66,37.56,6.33,863.6,51.94,Healthy,5.64
20.96,89.58,27.6,41.84,27.53,33.05,6.2,345.7,39.81,Powdery_Mildew,17.21
31.79,68.25,56.14,27.81,20.14,42.44,5.45,430.2,41.06,Root_Rot,5.08
33.29,87.9,24.03,45.88,29.56,34.84,7.36,383.8,41.26,Bacterial_Leaf_Spot,20.74
38.31,75.13,38.47,15.49,20.29,26.59,6.72,490.1,37.09,Early_Blight,15.19
38.7,79.08,24.57,11.19,39.92,34.44,8.09,423.5,38.8,Early_Blight,21.75
30.2,85.81,59.15,47.17,38.62,25.69,7.89,408.9,51.69,Bacterial_Leaf_Spot,3.45
24.87,83.58,19.3,47.05,13.39,38.56,7.89,336.7,34.32,Powdery_Mildew,22.23
40.96,72.23,9.55,32.32,26.93,49.89,6.13,314.6,41.35,Early_Blight,26.98
33.02,81.51,62.79,46.41,47.31,46.11,7.71,520.6,52.98,Bacterial_Leaf_Spot,3.67
30.24,35.99,38.86,32.28,42.43,12.17,7.48,574.6,35.89,Healthy,13.99
30.77,90.36,41.98,47.38,17.8,43.55,7.8,703.2,55.72,Bacterial_Leaf_Spot,13.66
38.79,57.43,62.51,44.4,27.77,38.99,4.99,953.1,45.83,Root_Rot,7.77
27.99,86.54,30.17,47.74,26.05,18.46,7.79,843.1,51.14,Bacterial_Leaf_Spot,18.41
18.67,93.83,59.85,17.95,29.39,12.31,6.68,526.7,42.45,Rust,3.42
28.75,87.36,58.98,49.02,34.57,46.67,7.48,605.6,58.38,Bacterial_Leaf_Spot,4.37
23.92,90.36,58.53,45.84,31.47,45.32,7.91,206.5,50.45,Powdery_Mildew,3.13
22.51,78.92,42.44,14.58,46.25,30.49,7.93,317.6,42.3,Healthy,10.69
35.18,72.17,10.03,15.95,47.98,25.75,6.27,893.0,42.8,Healthy,28.41
19.68,91.73,11.87,14.13,36.91,45.09,5.65,588.4,34.3,Healthy,25.33
25.48,88.28,37.41,21.38,10.91,43.37,5.32,986.1,46.86,Early_Blight,15.74
33.07,86.23,38.19,18.05,17.83,15.82,5.74,950.1,34.28,Early_Blight,15.7
22.88,86.83,33.76,47.71,37.57,30.69,7.83,268.9,46.14,Powdery_Mildew,14.86
33.76,45.18,60.05,43.64,48.39,49.32,8.29,901.5,61.44,Healthy,7.4
20.28,68.68,42.32,13.54,47.43,27.99,6.09,880.9,47.54,Healthy,12.27
20.52,83.2,22.37,40.51,34.5,12.77,5.06,248.1,34.21,Powdery_Mildew,19.36
29.05,50.09,17.53,21.84,16.51,42.58,8.0,546.2,44.74,Healthy,23.42
23.59,28.23,47.38,42.99,21.25,44.06,6.25,385.9,43.49,Healthy,9.9
31.59,93.69,14.54,21.83,25.63,45.64,7.34,435.2,36.78,Early_Blight,24.27
32.86,85.23,55.82,23.65,46.82,44.38,8.18,273.3,57.73,Early_Blight,6.29
33.63,93.97,8.93,11.98,27.77,16.12,7.12,748.5,37.59,Early_Blight,28.26
35.34,30.07,60.14,44.87,23.28,36.84,5.48,801.7,39.77,Root_Rot,7.25
23.43,90.99,27.55,43.49,33.19,29.63,7.54,296.0,43.15,Powdery_Mildew,18.16
22.2,94.57,51.8,41.18,23.93,42.18,7.07,583.1,43.56,Rust,7.46
22.16,53.06,24.25,43.77,25.75,30.05,7.77,423.1,33.66,Healthy,19.91
27.97,35.56,40.19,19.25,30.56,44.21,6.62,433.4,29.75,Healthy,13.81
20.45,70.63,62.62,40.12,41.68,28.82,5.57,699.2,43.28,Root_Rot,2.26
37.42,89.91,22.12,19.47,38.26,39.95,5.91,924.8,40.21,Early_Blight,23.7
16.56,90.01,42.25,30.85,35.92,10.41,8.07,454.8,46.43,Healthy,10.68
19.01,56.24,58.7,15.02,13.23,40.49,7.58,261.8,44.84,Healthy,2.73
36.82,43.79,8.15,20.94,18.58,19.23,5.03,678.6,26.03,Healthy,30.0
14.24,33.08,52.84,27.61,33.84,18.09,6.68,276.3,33.68,Healthy,6.45
40.86,89.31,54.87,13.42,45.63,32.98,7.14,942.4,46.88,Early_Blight,9.83
22.05,89.26,52.0,20.54,34.14,36.82,7.24,745.8,46.29,Rust,6.77
23.14,85.12,14.5,18.62,34.73,41.94,5.9,290.4,31.84,Powdery_Mildew,22.65
38.15,72.2,44.88,20.6,50.06,43.42,5.32,607.6,36.45,Early_Blight,13.38
32.94,41.06,41.36,34.62,25.31,39.06,5.03,342.1,36.05,Healthy,12.59
23.31,90.43,61.73,41.63,11.34,20.52,7.26,543.3,50.38,Rust,2.42
14.01,90.15,55.95,18.7,15.19,27.95,6.7,674.8,47.82,Rust,4.41
35.62,78.33,58.01,11.39,26.03,14.84,4.98,382.9,38.64,Root_Rot,4.32
35.26,77.81,16.07,32.15,20.01,15.76,5.67,882.4,32.32,Early_Blight,27.09
32.09,89.89,14.49,23.04,29.69,30.83,6.7,990.0,45.04,Rust,26.39
21.5,94.5,55.6,20.95,25.76,21.8,6.54,607.8,43.39,Rust,6.09
15.0,92.73,55.37,23.71,12.95,28.07,7.05,833.5,50.19,Rust,5.07
28.81,68.57,25.92,34.67,17.7,24.95,6.63,547.8,36.62,Early_Blight,20.47
11.63,75.59,41.92,49.21,30.09,47.8,7.08,272.5,43.15,Healthy,10.6
19.45,89.64,57.15,40.73,24.11,13.58,7.35,519.3,48.12,Rust,4.83
42.14,52.41,39.17,18.03,44.27,25.22,6.06,291.6,36.15,Healthy,14.2
32.97,77.44,63.37,24.46,24.26,46.49,6.3,788.5,41.36,Early_Blight,4.6
28.16,64.37,49.14,24.25,32.98,16.3,5.74,638.0,40.6,Healthy,9.83
41.99,72.54,40.77,32.78,48.25,37.43,4.87,797.4,44.41,Early_Blight,15.99
15.44,90.08,61.25,33.76,21.83,45.03,6.55,293.1,38.62,Rust,2.93
28.8,66.42,58.46,30.88,42.29,48.65,7.22,693.7,47.28,Early_Blight,5.28
18.12,88.9,52.02,38.88,39.63,46.2,5.88,300.5,47.57,Rust,6.28
36.74,87.64,10.33,25.45,34.69,33.36,7.55,713.2,41.95,Early_Blight,28.04
27.3,72.19,45.37,18.31,31.8,9.6,5.44,395.7,33.03,Early_Blight,10.43
29.96,77.19,11.62,25.43,50.18,33.07,7.32,677.3,43.94,Early_Blight,26.46
30.92,35.14,41.24,41.28,46.45,32.8,6.91,327.6,39.32,Healthy,12.66
39.65,57.37,19.55,33.95,21.83,41.79,5.77,859.1,40.1,Healthy,26.18
25.69,77.58,7.24,32.95,24.46,12.85,5.62,192.5,21.86,Early_Blight,25.79
17.7,91.17,50.02,13.91,46.13,37.73,7.53,481.6,48.68,Rust,7.39
23.23,90.29,29.63,30.85,40.25,20.68,7.93,309.0,41.5,Powdery_Mildew,16.08
12.13,26.91,44.06,50.41,24.41,32.03,7.82,729.4,44.25,Healthy,8.99
27.79,60.06,50.56,33.07,29.01,11.67,5.72,992.3,40.12,Root_Rot,10.52
40.49,87.11,41.11,47.64,13.25,14.95,7.21,1011.9,43.61,Bacterial_Leaf_Spot,16.57
12.56,87.06,59.34,45.38,46.82,32.6,5.15,643.3,46.93,Root_Rot,3.11
35.4,90.97,22.05,23.09,32.23,45.88,7.82,821.3,43.24,Early_Blight,23.25
18.91,59.04,59.39,49.5,46.93,11.59,5.92,774.3,52.6,Healthy,3.11
31.52,25.66,16.55,30.17,30.97,34.03,5.64,589.7,33.9,Healthy,24.66
33.74,26.35,18.25,12.29,10.06,12.55,7.99,613.5,33.11,Healthy,26.07
30.44,89.21,44.67,47.31,24.72,11.92,7.65,901.2,47.32,Bacterial_Leaf_Spot,11.89
34.98,69.13,24.38,25.15,46.99,34.06,5.7,689.7,32.77,Early_Blight,22.19
35.7,53.95,38.58,33.36,41.79,39.62,5.65,266.4,38.94,Rust,13.15
15.92,35.12,52.75,36.05,17.13,15.99,5.46,993.6,43.67,Root_Rot,7.1
33.59,46.92,14.86,41.17,44.83,34.0,5.99,736.2,40.03,Healthy,26.5
16.32,81.6,13.06,12.71,32.4,15.27,4.92,256.5,25.31,Healthy,23.96
22.0,81.88,54.58,48.15,31.78,46.69,6.52,276.9,49.57,Powdery_Mildew,5.39
37.25,83.93,61.84,38.87,27.07,46.47,8.07,788.0,63.56,Bacterial_Leaf_Spot,5.19
29.97,64.61,16.19,39.33,22.37,40.41,7.07,763.7,40.43,Healthy,24.74
30.83,83.9,58.14,23.01,35.9,32.48,5.78,659.7,46.32,Root_Rot,5.77
34.15,88.66,42.46,45.84,41.19,18.7,7.5,445.4,46.56,Bacterial_Leaf_Spot,11.45
22.33,80.8,59.89,16.79,40.79,23.27,4.92,256.4,36.96,Root_Rot,3.12
21.17,88.96,45.69,14.06,22.43,28.81,6.32,254.0,42.86,Powdery_Mildew,10.51
23.67,35.81,32.66,45.53,32.09,32.74,5.63,316.4,41.47,Healthy,16.36
21.6,90.38,24.17,43.37,43.7,12.78,6.44,207.9,37.51,Powdery_Mildew,19.16
12.71,42.35,12.16,14.04,32.14,19.48,5.93,513.3,30.14,Healthy,24.09
21.22,91.23,12.72,12.41,28.68,26.65,5.98,297.8,28.11,Powdery_Mildew,23.14
26.46,81.75,30.06,45.79,34.18,15.92,7.87,437.5,46.66,Bacterial_Leaf_Spot,16.42
24.5,75.64,31.03,31.14,37.97,50.31,5.11,207.8,42.44,Early_Blight,16.53
36.73,31.62,14.76,17.54,11.45,40.49,7.37,874.7,38.46,Healthy,28.51
28.39,92.26,28.57,49.27,19.45,16.85,6.29,324.5,36.51,Healthy,17.07
19.7,28.27,26.49,25.72,18.88,39.16,5.42,415.0,29.43,Healthy,18.35
33.18,74.79,15.22,12.97,33.9,14.08,6.72,779.2,34.11,Early_Blight,25.49
32.41,92.1,19.78,45.5,32.62,37.95,7.97,570.7,49.27,Bacterial_Leaf_Spot,21.94
24.58,49.18,51.16,36.91,35.85,19.22,6.12,507.0,42.91,Healthy,7.99
41.03,65.18,35.15,19.4,17.76,12.17,6.88,278.4,35.52,Early_Blight,14.85
35.93,82.0,61.86,34.33,48.64,25.48,5.26,766.1,51.41,Root_Rot,4.79
14.19,79.04,31.81,17.7,9.51,31.13,6.98,525.3,39.21,Healthy,14.97
22.93,88.55,37.89,28.51,38.06,21.39,6.85,298.3,41.82,Powdery_Mildew,13.15
27.86,84.88,44.42,14.54,37.26,36.7,4.79,542.4,34.1,Early_Blight,10.93
33.58,80.11,31.17,44.73,15.96,21.33,7.78,587.6,42.69,Bacterial_Leaf_Spot,17.79
22.98,87.35,34.01,27.41,35.55,24.34,6.81,310.5,42.33,Powdery_Mildew,14.97
16.05,41.67,55.69,23.91,23.4,48.77,6.84,417.0,44.83,Healthy,4.76
38.66,76.57,16.19,21.1,44.39,13.16,7.36,763.5,44.62,Early_Blight,26.15
32.8,85.1,50.27,46.35,14.69,45.42,7.33,805.7,53.26,Bacterial_Leaf_Spot,10.24
22.38,88.69,62.13,12.78,22.96,17.34,7.72,336.1,48.09,Powdery_Mildew,2.37
31.09,53.52,27.46,39.37,24.99,46.12,6.87,833.0,44.65,Healthy,20.94
14.73,87.59,52.66,24.57,15.01,32.21,6.26,812.1,42.49,Rust,6.28
23.6,92.59,49.18,40.17,16.88,27.44,7.81,329.7,45.92,Powdery_Mildew,7.5
17.7,90.68,48.48,14.65,43.7,34.24,6.59,465.5,49.88,Rust,7.63
18.33,70.57,60.41,21.58,26.82,48.03,5.19,837.0,41.74,Root_Rot,3.89
32.51,81.98,22.86,47.04,46.26,36.1,7.6,658.8,48.07,Bacterial_Leaf_Spot,21.99
19.04,67.84,56.53,32.11,17.67,18.64,5.12,771.2,38.9,Bacterial_Leaf_Spot,5.51
17.93,43.51,10.48,31.46,32.34,47.49,6.77,949.1,38.51,Healthy,26.56
18.88,92.65,34.48,23.32,22.74,22.17,5.8,993.6,31.56,Healthy,15.27
33.83,93.54,13.52,15.63,21.55,28.35,6.4,555.4,33.91,Early_Blight,25.77
16.42,66.47,59.34,48.03,24.93,33.1,5.7,228.8,39.88,Root_Rot,3.33
33.53,66.34,42.0,28.01,37.86,10.91,5.02,990.3,36.71,Early_Blight,15.79
22.0,92.93,55.84,45.01,35.47,42.44,7.27,865.4,50.25,Bacterial_Leaf_Spot,5.85
12.49,86.5,61.51,20.18,29.1,37.39,4.93,774.5,44.56,Root_Rot,2.61
20.63,87.49,60.21,31.52,48.79,13.79,6.02,824.0,54.54,Rust,3.85
27.53,68.73,24.67,23.97,18.8,17.43,7.1,769.7,39.73,Early_Blight,21.3
21.01,37.06,13.64,42.85,20.28,31.51,6.71,913.3,38.41,Healthy,25.87
21.37,90.15,38.72,31.01,13.48,46.65,6.28,215.4,29.04,Powdery_Mildew,12.38
38.08,37.82,52.39,30.95,45.31,41.53,5.08,508.7,42.52,Root_Rot,9.01
20.08,83.22,62.86,44.28,19.34,25.53,5.74,423.9,44.08,Root_Rot,2.11
24.32,59.82,27.25,20.48,39.34,40.99,8.09,977.9,45.95,Healthy,21.55
19.31,89.1,55.41,47.05,13.2,28.22,6.02,868.3,44.38,Rust,5.56
23.96,71.98,51.42,14.93,18.14,41.26,5.72,663.8,38.22,Root_Rot,8.04
37.54,67.6,53.34,32.29,29.5,21.19,5.28,838.6,45.16,Root_Rot,9.92
25.78,80.69,56.26,24.74,38.21,41.39,5.51,377.2,45.06,Root_Rot,4.83
27.01,89.54,33.6,18.98,41.1,26.99,6.35,715.3,39.03,Early_Blight,17.05
19.43,50.3,42.49,27.65,35.69,42.97,7.5,570.5,48.29,Healthy,11.08
34.1,70.67,47.98,29.73,39.24,29.42,5.35,559.8,42.82,Early_Blight,10.21
38.96,83.14,27.69,27.64,18.29,32.22,5.22,732.2,38.53,Early_Blight,19.96
21.65,76.33,31.86,25.48,15.39,15.67,5.36,184.5,30.1,Healthy,14.96
37.05,88.78,39.66,32.12,18.88,11.64,7.43,460.6,40.23,Early_Blight,12.77
22.46,88.49,51.51,28.75,43.69,19.49,7.25,253.5,45.39,Powdery_Mildew,6.95
20.06,89.63,58.18,45.64,28.22,17.16,6.07,924.7,52.39,Rust,6.11
21.56,84.79,19.98,45.19,24.14,14.1,7.42,243.9,36.06,Powdery_Mildew,20.6
15.54,63.97,41.39,35.85,14.02,36.54,6.59,801.7,49.12,Healthy,10.76
17.28,59.11,62.88,39.18,24.43,14.49,5.57,855.3,36.55,Root_Rot,2.81
41.29,67.69,21.73,19.14,25.91,28.34,5.03,181.6,32.69,Early_Blight,20.31
32.08,73.71,14.88,22.23,20.13,13.51,5.02,777.7,23.93,Early_Blight,26.67
17.11,93.33,10.62,29.69,37.07,31.9,6.67,845.2,41.74,Healthy,25.36
39.67,44.79,51.91,17.67,34.4,34.17,4.98,618.0,41.87,Root_Rot,10.13
20.3,91.35,28.08,13.67,10.37,30.48,4.94,531.2,37.41,Healthy,17.48
35.79,32.54,36.7,23.2,42.6,30.24,6.64,292.2,38.06,Healthy,15.13
31.75,26.52,12.84,31.14,41.58,25.59,7.01,299.9,35.33,Healthy,25.17
25.79,80.52,29.18,22.29,33.68,23.37,8.11,261.5,31.68,Powdery_Mildew,16.66
23.05,86.54,13.05,31.88,11.99,33.37,7.11,224.6,38.2,Powdery_Mildew,23.81
23.89,83.72,41.72,46.9,34.76,48.9,5.95,316.6,39.96,Powdery_Mildew,10.66
24.12,89.26,10.46,35.83,12.61,41.91,7.15,299.6,37.01,Powdery_Mildew,25.49
33.75,90.01,53.63,23.34,29.97,31.81,8.07,606.9,52.25,Early_Blight,6.76
31.01,78.12,52.89,33.02,20.92,16.39,6.32,403.5,46.53,Early_Blight,6.88
22.04,71.98,30.56,46.8,30.68,13.2,7.07,946.7,47.76,Healthy,18.21
34.91,58.07,25.37,33.18,20.95,16.56,6.08,488.7,35.95,Healthy,20.75
30.48,47.78,40.16,43.17,49.09,13.11,5.17,565.8,35.33,Healthy,14.3
33.29,94.27,20.95,11.27,48.4,21.81,7.46,200.2,26.31,Early_Blight,20.58
29.29,61.02,64.64,21.9,26.38,21.84,6.63,658.2,46.17,Healthy,3.57
11.82,94.26,57.63,43.25,27.37,16.22,6.76,470.9,49.79,Rust,3.92
25.31,76.41,39.07,21.38,49.39,14.04,4.74,296.7,34.64,Early_Blight,12.79
39.8,52.69,40.97,41.09,31.87,14.85,5.51,428.2,36.93,Healthy,14.28
22.8,82.36,41.28,29.41,42.3,41.09,7.3,307.7,36.81,Powdery_Mildew,11.79
22.44,86.31,18.01,36.57,16.8,23.99,5.54,231.7,32.6,Powdery_Mildew,21.45
20.05,95.9,51.76,31.25,27.56,43.29,7.47,760.2,53.35,Rust,6.56
20.09,90.35,41.52,44.76,15.95,24.35,6.76,292.3,34.46,Powdery_Mildew,11.29
32.78,70.65,16.03,34.38,10.17,44.3,6.47,778.8,36.2,Early_Blight,25.98
21.13,88.34,43.86,22.78,38.8,37.33,7.93,261.7,49.16,Powdery_Mildew,10.58
18.37,60.9,48.83,46.83,48.61,41.64,6.44,279.3,42.95,Healthy,7.33
17.23,60.0,58.98,45.4,31.8,47.44,7.23,797.0,54.37,Healthy,3.55
20.8,52.88,57.15,16.9,39.12,24.54,8.14,500.1,43.89,Healthy,5.03
21.7,89.48,49.32,26.99,43.01,19.4,7.24,273.5,47.25,Powdery_Mildew,7.59
33.15,33.24,15.21,40.0,12.56,38.54,5.43,819.7,36.6,Healthy,26.53
40.62,58.9,50.88,13.86,15.44,20.15,7.12,294.7,37.25,Healthy,8.58
20.65,95.82,47.75,16.29,11.05,49.21,5.62,231.4,42.18,Powdery_Mildew,7.25
39.72,93.03,41.83,34.93,10.55,50.34,4.87,565.0,47.27,Early_Blight,12.83
17.17,87.19,54.04,32.82,39.18,16.11,5.64,729.9,43.87,Root_Rot,6.55
23.69,91.25,42.19,30.77,25.93,40.82,7.28,219.9,39.38,Powdery_Mildew,11.7
16.56,93.49,62.35,29.07,29.81,23.78,5.67,394.3,42.55,Root_Rot,1.03
26.91,90.11,31.57,15.22,35.29,14.13,7.24,924.6,42.23,Early_Blight,17.63
22.2,90.73,54.55,33.31,44.16,12.24,5.81,474.6,45.88,Rust,5.74
22.35,94.31,28.27,47.77,25.98,13.9,7.4,345.0,40.46,Powdery_Mildew,18.14
30.95,55.76,48.01,10.95,23.25,11.75,4.95,242.4,32.82,Healthy,8.57
19.6,93.3,64.28,24.78,44.98,25.94,6.37,361.6,50.11,Rust,0.68
17.4,89.6,25.04,13.49,35.4,50.84,6.08,968.0,44.66,Healthy,20.02
34.26,41.94,44.23,20.27,15.47,22.3,5.28,487.4,31.72,Healthy,12.15
22.78,83.4,47.78,47.07,21.98,20.51,7.91,268.6,49.1,Powdery_Mildew,8.75
13.87,48.49,65.81,19.92,39.46,12.27,5.39,687.9,41.25,Powdery_Mildew,0.0
37.01,85.44,62.07,36.8,26.13,39.27,6.0,378.0,49.65,Early_Blight,3.1
35.14,70.58,61.11,41.18,28.97,16.55,5.17,276.0,44.63,Root_Rot,2.36
34.9,28.78,32.5,15.36,23.85,43.91,6.53,509.7,32.75,Healthy,17.57
20.27,92.96,59.59,14.1,17.1,42.97,6.29,360.7,43.59,Rust,3.49
33.45,80.34,64.13,43.96,43.33,43.45,5.22,225.0,46.74,Root_Rot,1.38
26.48,41.75,37.68,46.69,34.4,32.8,7.48,646.6,38.92,Healthy,14.83
27.78,44.44,25.15,19.06,20.52,38.41,7.25,538.4,37.56,Healthy,19.94
18.36,91.86,12.35,43.15,26.41,33.83,8.08,460.9,49.69,Healthy,24.25
26.66,85.41,56.09,45.19,13.8,46.7,7.53,759.3,55.28,Bacterial_Leaf_Spot,6.48
31.03,27.66,33.81,29.44,47.44,27.04,5.2,531.6,32.98,Healthy,17.61
36.11,81.83,29.11,23.06,11.72,39.83,7.86,376.3,40.04,Early_Blight,16.7
39.39,78.38,44.3,44.2,45.56,39.42,5.78,571.4,40.68,Rust,12.17
13.19,80.51,51.2,45.86,46.08,46.48,6.88,293.5,51.66,Rust,6.47
26.3,26.26,53.89,12.8,33.54,20.79,6.92,648.0,41.02,Healthy,7.89
15.51,88.96,48.83,17.2,16.98,25.56,6.94,425.9,39.41,Rust,7.9
23.96,48.59,48.94,42.21,35.87,14.2,6.21,925.1,40.91,Healthy,10.49
21.32,88.96,38.21,38.77,13.71,36.22,6.63,226.4,39.88,Powdery_Mildew,12.36
19.56,55.8,57.63,16.7,40.55,15.64,8.17,300.5,49.06,Healthy,3.72
34.58,31.29,18.56,30.73,44.97,17.9,5.65,944.5,46.0,Healthy,27.04
25.18,86.89,38.06,47.52,28.64,29.34,7.72,312.0,53.22,Powdery_Mildew,13.55
23.82,90.35,36.08,14.29,34.88,14.24,7.08,320.6,40.2,Powdery_Mildew,13.43
42.38,89.28,38.51,21.83,40.93,34.84,7.27,948.1,47.31,Early_Blight,17.33
19.79,54.11,23.87,50.32,16.45,39.52,6.77,950.3,44.56,Healthy,20.77
17.38,73.62,52.07,24.07,13.03,18.19,5.17,695.9,38.51,Root_Rot,7.64
39.32,44.2,59.12,19.81,49.35,29.39,5.58,839.7,42.81,Root_Rot,8.63
21.7,90.43,46.67,42.44,13.81,34.48,6.87,226.1,46.69,Powdery_Mildew,9.19
27.68,63.52,8.92,24.95,46.23,18.43,5.72,192.2,29.39,Healthy,26.59
32.75,45.36,59.78,42.15,48.19,41.47,5.5,311.0,41.89,Root_Rot,4.07
16.96,44.38,45.47,39.88,33.04,49.18,6.08,392.0,40.66,Healthy,9.36
40.73,73.99,23.75,20.67,26.56,25.67,7.66,688.2,42.29,Early_Blight,22.66
21.44,84.36,49.76,13.73,33.47,17.77,6.99,270.6,36.7,Powdery_Mildew,7.3
33.07,44.53,32.56,25.34,26.0,34.24,5.38,421.8,37.13,Healthy,17.45
26.2,65.18,40.35,18.47,44.11,17.49,6.84,324.7,33.35,Early_Blight,12.34
39.12,82.6,23.64,46.69,29.53,21.15,7.64,392.7,43.83,Powdery_Mildew,20.88
34.42,29.43,31.01,22.98,44.83,44.29,5.11,366.9,30.41,Healthy,17.18
24.73,83.89,17.96,44.93,14.0,41.26,7.66,340.2,46.2,Rust,21.62
32.02,78.13,53.83,31.0,29.26,35.84,5.14,796.8,39.44,Root_Rot,9.52
20.5,86.64,39.79,31.73,23.14,13.58,6.05,319.5,36.02,Powdery_Mildew,11.86
30.3,67.52,13.43,13.57,21.24,27.24,4.82,822.7,37.13,Early_Blight,26.36
39.95,43.47,55.54,37.21,12.97,33.9,6.87,987.6,36.63,Healthy,12.38
41.48,66.62,46.7,20.73,49.83,44.68,5.87,972.9,50.98,Powdery_Mildew,14.91
18.75,87.66,56.81,43.77,40.68,21.0,7.5,455.5,53.81,Rust,4.69
39.97,73.93,42.54,24.0,22.64,31.27,7.83,335.5,42.53,Early_Blight,12.07
40.4,51.41,60.61,20.44,33.68,38.91,5.64,474.3,38.63,Root_Rot,5.24
22.63,86.08,50.7,13.15,29.9,20.03,7.42,297.8,42.45,Powdery_Mildew,7.04
18.81,26.63,61.85,38.51,18.71,18.82,5.1,894.9,47.88,Root_Rot,2.91
22.62,90.94,20.39,23.12,43.23,29.85,5.22,339.0,35.36,Powdery_Mildew,20.78
28.48,65.19,25.42,35.78,17.6,45.44,5.72,292.1,33.67,Healthy,19.12
17.03,92.69,45.93,41.42,27.52,23.14,5.6,763.1,49.03,Healthy,10.43
32.82,47.67,52.47,36.99,17.56,16.37,5.5,618.0,30.88,Root_Rot,9.12
24.89,82.31,27.62,40.4,41.45,17.57,5.31,256.5,30.81,Powdery_Mildew,16.37
30.53,85.41,46.74,32.44,29.75,16.12,7.21,285.6,44.27,Early_Blight,9.25
32.28,44.01,46.6,21.76,22.04,37.11,7.46,381.3,50.38,Healthy,11.77
24.9,86.42,16.95,42.33,48.15,17.06,6.27,245.7,29.98,Powdery_Mildew,22.72
16.46,36.96,53.43,26.26,26.9,22.23,5.0,727.8,38.31,Root_Rot,6.03
12.22,60.6,50.57,17.78,12.37,17.03,4.95,823.1,29.22,Root_Rot,7.2
24.44,64.08,39.87,20.24,19.78,22.23,5.57,587.5,35.34,Healthy,12.78
28.94,79.39,61.57,21.06,27.6,18.82,5.2,866.0,37.39,Root_Rot,4.03
21.78,46.13,52.1,34.03,39.64,18.53,6.55,660.3,38.76,Healthy,7.55
27.8,89.33,9.28,22.09,44.64,26.2,6.28,250.1,40.45,Early_Blight,25.91
19.49,40.79,10.77,47.83,51.18,42.36,6.2,482.5,40.52,Healthy,24.63
33.44,27.9,40.26,32.47,21.05,39.17,4.85,563.1,33.02,Healthy,14.19
42.76,29.48,55.06,39.23,30.25,19.43,5.07,968.3,41.91,Root_Rot,13.13
35.31,87.26,41.81,47.57,29.96,36.37,7.23,894.9,48.02,Bacterial_Leaf_Spot,14.32
20.74,90.09,46.44,44.69,44.05,32.5,8.08,735.5,55.84,Healthy,9.94
21.56,27.3,62.07,33.45,35.11,13.58,6.19,861.5,52.77,Healthy,3.46
36.16,89.77,29.69,18.61,29.74,31.4,6.38,543.3,42.28,Early_Blight,18.75
20.16,84.14,32.48,47.48,15.15,30.88,6.09,213.7,31.12,Powdery_Mildew,14.44
31.64,73.62,47.87,27.04,22.24,35.49,6.13,608.4,44.34,Early_Blight,11.19
39.87,83.29,9.14,28.55,20.4,27.82,5.89,990.9,40.19,Early_Blight,29.81
18.14,88.45,56.26,18.91,38.22,41.36,8.1,336.5,46.79,Rust,3.88
18.98,90.6,9.52,36.65,34.49,43.29,6.46,392.0,37.03,Healthy,25.79
35.2,87.28,28.52,15.08,28.94,16.26,5.16,222.2,30.59,Early_Blight,18.26
38.5,80.07,45.07,24.01,47.03,14.16,5.57,651.7,42.36,Early_Blight,12.69
21.22,57.21,25.67,16.65,39.49,37.63,8.0,941.3,43.63,Healthy,20.39
35.1,60.23,51.23,36.03,33.74,13.84,7.38,956.9,53.04,Healthy,11.58
19.6,91.29,57.51,20.57,23.68,15.84,7.0,265.2,39.86,Rust,3.3
35.63,62.85,59.34,24.78,27.16,20.3,7.51,939.1,54.03,Healthy,7.58
36.42,73.16,59.73,44.14,28.11,23.63,5.35,739.2,44.44,Root_Rot,5.73
12.38,57.47,54.15,43.6,35.94,47.57,6.98,566.6,48.05,Healthy,4.55
19.82,27.06,19.05,18.48,46.05,20.43,7.84,302.3,39.13,Healthy,21.7
20.48,68.42,23.9,19.51,40.42,17.67,5.8,622.5,25.18,Healthy,19.31
34.12,68.94,50.14,29.4,28.82,39.59,5.71,353.0,41.27,Early_Blight,8.63
35.25,89.85,58.58,22.28,44.13,35.8,5.54,573.0,46.2,Root_Rot,4.79
13.1,84.18,58.5,23.21,16.41,13.48,8.04,867.3,50.47,Rust,3.57
40.92,81.27,43.92,23.5,39.86,29.23,5.83,778.8,41.61,Early_Blight,13.82
37.31,87.29,29.9,41.49,20.9,15.2,6.13,255.8,35.23,Healthy,17.76
37.63,41.01,48.16,21.31,40.5,28.95,7.15,321.4,43.12,Healthy,10.0
14.65,94.4,56.63,28.07,27.38,29.68,6.84,458.5,45.64,Rust,4.74
27.63,86.49,62.11,46.79,13.07,48.75,7.85,808.7,59.61,Bacterial_Leaf_Spot,3.51
33.5,82.08,33.69,21.05,22.7,44.86,7.69,752.1,41.37,Early_Blight,17.45
25.53,83.52,29.48,22.74,34.74,22.4,8.09,249.1,42.39,Powdery_Mildew,16.21
31.2,52.5,50.29,11.35,45.9,49.63,5.35,225.0,42.15,Root_Rot,7.54
36.98,66.31,36.58,10.97,18.43,43.94,5.03,336.4,25.48,Early_Blight,14.6
29.58,90.29,10.16,24.61,41.46,30.75,7.45,798.6,44.52,Healthy,27.06
22.19,60.8,9.19,41.8,13.37,34.87,6.74,733.4,39.28,Healthy,26.5
18.48,74.22,14.22,28.8,15.65,21.18,6.48,499.7,31.59,Healthy,23.0
24.47,86.3,60.38,51.23,36.22,23.55,7.52,789.8,53.46,Healthy,2.99
38.13,37.34,57.37,27.87,46.12,12.63,5.27,432.0,34.69,Root_Rot,6.07
37.03,82.86,47.44,34.27,33.87,47.38,6.22,851.2,47.32,Early_Blight,12.53
22.78,85.83,17.03,34.78,13.0,29.66,7.6,206.0,38.57,Powdery_Mildew,21.27
33.54,92.17,57.17,32.99,12.27,23.13,5.16,584.3,43.18,Root_Rot,5.21
27.87,90.24,30.61,46.73,31.6,16.33,7.72,296.6,40.46,Bacterial_Leaf_Spot,17.3
33.12,65.7,23.02,39.82,21.37,45.65,7.48,635.0,45.22,Early_Blight,21.73
21.17,90.14,35.53,17.55,29.18,14.73,5.52,270.4,37.6,Powdery_Mildew,13.95
22.25,86.23,51.12,31.38,40.32,17.55,7.51,279.1,47.0,Powdery_Mildew,7.19
39.79,28.82,41.69,13.57,41.8,47.66,6.73,610.0,45.23,Healthy,15.8
20.33,76.75,59.81,32.71,22.16,33.81,5.37,327.3,47.93,Root_Rot,2.24
22.95,95.32,21.42,15.83,15.75,47.85,7.17,346.0,44.82,Healthy,20.25
27.3,87.93,46.11,48.04,31.28,49.22,7.5,645.9,54.34,Bacterial_Leaf_Spot,9.7
32.17,83.39,39.35,35.65,20.0,48.45,8.01,728.9,50.82,Bacterial_Leaf_Spot,15.78
13.87,39.0,64.36,20.12,11.24,44.96,5.45,841.0,40.15,Root_Rot,0.33
29.21,30.39,17.32,37.06,16.02,15.37,7.86,355.2,34.96,Healthy,22.78
22.84,84.29,11.57,47.26,14.36,28.59,5.74,206.5,34.22,Powdery_Mildew,24.01
32.36,79.19,62.67,24.71,42.9,34.33,7.42,427.7,56.56,Early_Blight,2.15
30.84,89.51,58.8,47.81,27.22,31.79,7.41,261.1,37.95,Bacterial_Leaf_Spot,4.43
22.32,80.8,39.54,26.96,36.63,31.16,7.75,240.5,48.06,Powdery_Mildew,13.23
14.27,67.54,20.08,30.01,48.5,23.89,4.78,385.0,36.48,Healthy,20.32
13.69,67.64,64.62,13.55,20.12,15.46,5.72,510.0,40.18,Root_Rot,0.0
26.16,85.68,61.39,45.42,40.18,27.65,7.83,392.4,56.02,Bacterial_Leaf_Spot,1.67
36.42,69.2,55.47,41.57,42.01,45.17,5.63,905.5,45.78,Root_Rot,9.17
31.1,88.28,39.3,46.03,23.65,23.06,7.67,371.3,42.57,Bacterial_Leaf_Spot,12.81
25.6,48.74,34.93,32.77,18.48,35.04,7.31,557.5,45.45,Healthy,15.31
26.89,69.62,52.33,19.06,39.28,19.46,7.16,838.0,43.33,Early_Blight,8.76
18.43,91.92,11.9,43.19,26.31,33.77,8.13,455.5,49.06,Healthy,24.76
39.79,69.19,51.45,32.14,31.15,36.1,7.18,802.3,55.54,Early_Blight,11.26
29.76,40.93,62.86,10.25,18.04,18.29,4.88,445.0,29.68,Root_Rot,3.04
31.87,45.47,37.53,30.37,11.53,21.64,7.41,793.2,43.11,Healthy,16.1
23.65,85.07,28.54,45.75,43.23,17.94,5.74,226.5,31.76,Powdery_Mildew,17.31
36.75,55.73,9.99,16.42,18.6,26.03,6.41,747.3,28.63,Healthy,29.38
41.79,47.25,55.72,14.01,31.37,49.74,7.75,987.5,49.82,Healthy,12.29
33.47,83.24,46.16,20.34,17.44,27.6,7.58,732.4,57.95,Early_Blight,12.08
31.29,64.09,43.17,45.14,22.8,33.05,5.7,792.5,48.09,Healthy,12.78
22.62,82.17,48.08,47.14,22.01,39.26,6.01,633.2,38.94,Rust,8.4
25.49,81.88,62.27,49.37,46.97,49.0,7.56,635.4,56.43,Bacterial_Leaf_Spot,2.71
36.86,31.62,43.15,37.1,28.45,40.05,8.15,731.0,36.24,Healthy,14.59
23.77,44.56,35.97,35.54,26.88,17.34,7.99,445.5,45.1,Healthy,14.97
23.97,91.88,17.63,33.55,19.55,10.19,7.69,835.9,36.3,Early_Blight,23.51
27.83,88.04,14.65,47.38,14.04,21.09,7.89,411.1,47.51,Bacterial_Leaf_Spot,24.52
18.18,76.79,24.54,28.81,15.22,31.19,6.93,906.9,39.09,Healthy,19.87
18.21,89.42,64.76,30.15,46.78,13.24,7.69,633.0,52.29,Rust,1.13
22.67,87.88,21.4,14.29,39.54,29.54,5.24,266.7,33.61,Powdery_Mildew,20.83
19.07,53.72,14.92,11.58,28.13,32.41,5.89,389.4,26.2,Healthy,23.6
40.51,73.07,18.85,21.35,10.62,47.16,8.06,438.4,38.16,Rust,23.52
33.02,86.3,62.39,48.45,41.11,26.53,7.44,341.9,58.57,Bacterial_Leaf_Spot,3.35
24.95,49.75,35.14,33.51,18.26,34.61,7.14,557.6,45.75,Healthy,15.5
36.79,68.41,20.21,32.24,37.92,20.8,5.13,364.7,29.22,Early_Blight,22.06
23.3,89.82,33.5,22.21,11.23,26.46,5.09,250.7,27.66,Powdery_Mildew,14.34
20.94,91.67,47.95,18.49,41.94,42.12,8.05,277.0,42.73,Powdery_Mildew,8.55
24.37,86.05,16.74,44.02,13.32,43.64,7.56,340.1,41.58,Powdery_Mildew,23.23
38.02,26.83,37.42,48.03,26.86,14.65,6.12,721.7,38.64,Healthy,17.99
18.92,93.52,26.52,23.67,42.16,38.9,7.4,265.8,48.34,Healthy,18.37
28.79,89.51,24.73,22.97,46.87,12.81,6.98,870.7,41.98,Early_Blight,20.03
29.64,81.18,63.73,34.37,15.59,16.82,6.08,418.8,40.13,Early_Blight,2.11
22.54,83.61,36.97,28.71,16.15,16.93,6.95,310.2,31.61,Powdery_Mildew,13.32
34.43,81.68,52.43,33.0,19.12,36.9,5.24,540.1,42.4,Root_Rot,7.79
23.26,90.24,33.27,21.96,9.96,25.64,5.08,226.6,30.94,Powdery_Mildew,16.0
34.12,73.3,58.9,27.52,46.6,20.11,5.03,421.5,40.46,Root_Rot,4.77
36.7,61.81,63.48,28.25,45.18,33.16,5.6,654.4,41.9,Root_Rot,4.34
19.3,86.46,62.89,30.76,40.12,15.49,5.68,867.7,49.59,Root_Rot,2.43
39.71,40.71,27.29,34.01,41.4,27.78,7.78,937.5,51.85,Healthy,23.07
24.5,69.35,12.38,9.66,19.38,29.4,6.99,597.5,31.76,Early_Blight,25.11
28.58,87.85,29.14,18.24,19.37,17.46,5.07,455.8,28.76,Early_Blight,18.15
19.6,80.34,60.46,46.84,45.33,25.22,5.36,469.6,51.73,Root_Rot,2.59
33.4,85.11,37.27,45.81,19.16,12.48,7.34,778.2,39.7,Bacterial_Leaf_Spot,15.41
22.89,88.36,28.07,39.09,28.52,31.01,7.43,296.8,41.83,Powdery_Mildew,17.96
33.42,83.92,66.25,49.13,30.21,19.74,7.41,928.2,51.71,Bacterial_Leaf_Spot,4.71
22.44,53.85,50.18,34.9,41.83,27.25,5.37,416.8,45.94,Root_Rot,8.14
39.38,92.06,16.39,19.86,22.06,15.26,6.43,666.3,33.48,Early_Blight,25.03
27.64,87.61,63.13,49.59,24.85,46.12,6.73,318.8,49.26,Healthy,1.73
15.59,80.98,50.43,40.09,33.36,48.21,5.12,790.6,50.95,Root_Rot,7.0
20.54,88.71,58.41,38.31,40.39,43.15,6.27,630.2,50.72,Rust,3.65
18.26,88.07,56.86,37.16,18.98,34.6,7.63,639.0,50.19,Rust,4.09
20.74,86.26,27.62,16.74,17.47,48.53,6.44,229.5,37.96,Powdery_Mildew,16.96
28.58,63.84,50.7,12.57,20.33,31.29,6.04,877.7,41.12,Healthy,9.47
21.47,83.49,43.91,45.66,36.51,34.62,7.92,310.4,47.14,Powdery_Mildew,9.37
20.51,28.55,29.62,12.12,20.1,25.22,4.91,557.1,28.35,Healthy,17.64
38.58,61.96,9.07,21.24,36.6,14.03,7.61,564.3,30.9,Healthy,28.85
40.39,58.84,23.78,13.24,29.35,29.56,7.73,686.6,37.76,Healthy,24.11
20.81,91.17,48.12,17.04,11.97,47.73,5.81,749.4,46.39,Rust,8.67
19.69,83.48,60.72,45.16,30.06,42.7,7.54,509.2,47.8,Rust,2.99
21.81,84.26,36.87,30.82,34.55,32.59,7.54,257.8,40.93,Powdery_Mildew,13.38
15.51,84.19,62.75,20.45,23.2,36.03,5.94,819.6,37.26,Rust,1.72
27.84,91.84,27.25,30.74,48.42,43.71,7.86,987.6,54.6,Early_Blight,20.41
32.12,61.88,50.52,14.71,11.14,40.49,4.99,343.8,35.77,Root_Rot,8.58
39.65,24.19,18.66,31.34,39.97,14.89,5.99,808.6,40.67,Healthy,27.76
29.0,91.29,11.88,32.32,48.96,13.09,5.75,373.1,35.15,Early_Blight,25.01
14.95,56.06,58.31,39.21,21.99,33.5,5.41,816.6,45.29,Root_Rot,3.76
32.37,88.06,58.19,47.25,26.65,30.64,7.3,206.6,49.91,Bacterial_Leaf_Spot,3.21
32.99,82.97,33.13,45.19,15.68,36.72,7.5,262.6,40.93,Bacterial_Leaf_Spot,15.07
32.73,81.94,44.14,48.25,35.32,48.98,7.72,777.5,58.52,Bacterial_Leaf_Spot,12.41
20.83,91.9,21.8,33.3,49.4,19.87,7.67,270.8,42.96,Powdery_Mildew,19.39
40.72,39.29,40.54,13.38,40.63,41.35,6.26,604.7,43.77,Healthy,16.0
37.54,88.01,16.49,21.49,12.15,48.3,7.27,806.4,46.31,Early_Blight,26.41
41.05,87.25,16.62,13.33,27.03,43.26,5.48,411.0,31.2,Early_Blight,23.62
27.18,83.09,22.94,24.4,29.18,39.06,7.21,968.6,47.48,Early_Blight,22.18
22.36,83.46,56.02,48.32,31.45,46.4,6.5,264.6,47.56,Powdery_Mildew,4.13
36.75,36.38,41.99,10.68,25.11,39.22,6.48,776.1,39.73,Healthy,15.64
18.62,79.25,57.01,17.73,23.14,14.08,5.36,843.5,38.19,Root_Rot,4.66
15.32,84.99,55.54,32.54,31.2,15.56,5.98,340.7,41.35,Rust,4.89
16.38,89.24,52.17,22.67,35.25,20.45,6.85,836.1,51.63,Rust,6.38
23.86,86.62,41.68,46.07,17.48,26.22,7.73,265.2,44.73,Powdery_Mildew,11.67
30.18,35.32,28.35,47.53,24.04,21.46,5.64,383.2,32.8,Healthy,18.41
18.84,84.33,59.12,22.74,49.21,22.68,6.19,886.4,44.75,Rust,3.77
41.86,53.47,60.29,48.49,26.63,40.5,7.52,330.8,49.4,Healthy,3.96
13.12,75.37,23.34,33.09,49.85,25.77,7.05,535.8,45.19,Healthy,19.21
41.49,79.87,63.83,30.41,24.9,48.61,5.38,455.5,42.76,Root_Rot,3.73
37.35,94.68,36.71,18.2,33.39,32.35,5.34,427.4,32.91,Early_Blight,14.84
35.32,82.5,46.44,28.57,12.44,22.0,6.39,942.3,47.34,Early_Blight,13.96
40.61,27.35,20.94,23.99,25.96,22.8,6.91,238.9,33.56,Healthy,22.56
22.79,90.12,51.85,28.01,43.26,22.63,7.15,248.0,39.81,Powdery_Mildew,6.32
24.61,85.89,16.57,32.86,31.62,42.94,7.74,329.2,45.95,Powdery_Mildew,22.51
31.69,88.03,28.11,31.37,19.77,20.79,6.6,410.2,32.12,Early_Blight,18.43
30.83,32.99,50.55,40.14,24.4,12.42,7.63,878.8,43.48,Healthy,10.97
22.3,92.14,53.95,39.12,47.07,19.98,8.05,592.7,55.5,Rust,6.81
27.77,44.57,52.78,9.4,46.91,48.28,5.5,778.3,41.04,Root_Rot,9.12
32.56,93.55,53.91,30.35,17.03,45.97,7.48,862.1,51.88,Early_Blight,8.43
24.33,86.0,36.87,44.34,21.94,27.95,7.78,296.0,46.53,Powdery_Mildew,13.78
33.94,87.02,15.14,49.67,34.84,16.33,7.57,244.0,42.77,Bacterial_Leaf_Spot,24.35
18.67,42.82,13.62,33.44,23.29,45.82,5.47,710.5,46.44,Healthy,24.76
39.25,74.75,47.47,10.5,40.56,40.93,6.5,664.2,43.32,Early_Blight,11.73
34.55,80.89,29.8,29.98,18.13,22.43,6.59,880.0,32.37,Early_Blight,20.71
15.42,58.51,61.85,33.13,41.16,46.65,7.72,762.9,48.97,Healthy,2.84
30.88,85.54,59.53,37.73,16.11,38.24,6.31,865.2,59.91,Healthy,5.61
18.18,65.08,59.4,48.85,45.81,18.55,5.36,873.5,42.21,Root_Rot,4.07
39.91,55.44,62.34,48.51,31.72,43.09,7.84,525.1,56.55,Healthy,4.93
16.67,96.42,16.25,23.67,19.18,47.57,7.92,229.4,41.71,Healthy,22.37
30.46,89.4,47.3,49.99,11.47,48.59,7.84,245.4,48.03,Bacterial_Leaf_Spot,8.18
25.58,87.21,54.24,22.18,25.9,17.91,8.16,680.9,55.16,Powdery_Mildew,5.99
23.21,59.02,55.81,23.58,25.6,13.55,5.42,854.7,43.59,Root_Rot,6.24
24.95,91.94,46.44,47.99,39.45,37.18,7.6,697.5,55.11,Healthy,9.67
40.88,68.91,33.15,24.46,19.92,27.08,6.57,704.2,45.25,Early_Blight,18.57
18.23,89.49,48.0,14.19,45.77,35.08,6.9,469.8,48.58,Rust,8.65
39.7,53.41,16.49,29.87,15.7,14.27,6.95,881.8,37.17,Healthy,27.89
31.65,85.13,20.02,45.02,30.37,18.89,7.75,232.4,39.89,Bacterial_Leaf_Spot,21.26
36.28,61.52,49.96,19.72,46.5,25.23,4.77,285.4,42.38,Healthy,7.82
29.46,81.45,27.01,30.07,37.02,29.47,6.78,266.8,44.03,Early_Blight,17.85
20.56,77.43,19.19,36.12,37.78,32.82,6.39,575.8,39.75,Healthy,22.1
31.56,55.43,54.33,12.96,24.04,14.04,4.92,819.1,36.83,Root_Rot,9.18
39.04,74.17,52.23,29.0,42.37,26.06,6.53,567.3,49.03,Early_Blight,8.7
37.37,83.28,28.93,39.27,39.61,11.87,8.13,495.6,46.43,Bacterial_Leaf_Spot,18.85
29.4,25.24,29.54,13.2,45.36,22.2,6.42,584.9,35.0,Healthy,20.23
15.52,53.63,58.58,34.53,41.77,23.04,5.44,243.7,43.31,Root_Rot,3.2
20.36,83.08,63.22,42.12,36.0,38.97,5.86,208.0,46.07,Powdery_Mildew,0.86
30.11,89.87,31.05,21.09,27.3,19.64,6.05,609.5,32.48,Bacterial_Leaf_Spot,17.35
13.72,44.33,62.89,18.14,41.85,12.19,5.35,696.6,41.46,Root_Rot,1.64
20.36,89.72,54.86,40.24,13.92,48.1,6.76,588.4,51.66,Rust,5.56
21.02,35.88,12.44,28.61,49.83,16.46,7.21,367.5,38.34,Healthy,24.7
17.22,89.0,63.51,28.7,29.03,21.71,5.68,373.8,42.97,Root_Rot,0.43
33.84,91.17,58.17,41.02,34.58,26.77,7.37,650.1,52.43,Bacterial_Leaf_Spot,5.29
19.47,80.65,55.17,44.42,46.56,17.23,5.04,663.2,36.6,Root_Rot,5.55
21.59,37.04,56.02,21.67,36.81,46.68,4.99,629.0,40.37,Root_Rot,5.86
30.28,85.84,52.51,48.67,46.97,47.28,7.7,950.1,66.03,Bacterial_Leaf_Spot,8.86
22.48,89.27,25.64,30.72,42.13,20.17,7.93,306.8,44.09,Powdery_Mildew,18.3
34.17,74.98,24.3,36.52,42.52,15.38,7.01,871.5,47.02,Healthy,22.56
24.12,68.28,41.65,11.1,27.69,44.26,5.36,349.5,32.58,Early_Blight,11.99
31.62,82.85,48.72,12.62,29.51,50.16,7.81,858.8,50.86,Early_Blight,10.76
22.73,83.28,55.14,27.11,24.99,13.47,7.4,299.8,42.92,Powdery_Mildew,5.35
18.35,90.51,52.79,45.33,13.06,29.46,5.97,836.5,44.89,Rust,6.45
41.38,91.5,21.01,21.64,26.56,40.38,7.96,333.4,40.32,Early_Blight,21.9
17.74,49.04,16.72,23.93,19.53,39.51,7.59,284.2,31.39,Healthy,22.45
20.6,86.58,58.33,31.45,23.53,12.6,7.94,329.4,45.81,Powdery_Mildew,4.07
37.16,66.34,59.45,13.36,32.92,26.97,8.21,904.5,53.64,Early_Blight,8.11
32.32,62.95,15.54,31.0,42.92,17.56,7.48,505.1,35.71,Healthy,25.02
15.33,54.53,41.06,33.52,34.78,49.32,5.4,257.4,37.39,Healthy,11.04
41.71,88.21,46.09,30.02,13.83,44.96,7.45,732.6,51.82,Early_Blight,12.79
34.14,82.09,60.2,15.08,49.84,38.54,5.66,361.1,44.6,Root_Rot,4.34
28.81,68.08,51.91,11.37,13.57,48.71,5.58,648.8,43.75,Root_Rot,8.14
25.97,86.92,58.4,46.84,15.07,16.72,7.94,689.8,51.86,Bacterial_Leaf_Spot,4.65
26.99,42.69,20.92,13.7,43.44,35.44,5.98,948.4,37.44,Healthy,23.98
13.63,43.07,12.82,44.65,31.01,23.18,6.59,813.7,35.54,Healthy,24.43
27.51,93.64,20.82,33.33,28.45,13.54,6.03,211.8,30.74,Early_Blight,20.1
40.06,51.32,40.41,38.82,45.52,25.54,7.12,715.0,51.61,Healthy,16.14
17.88,69.96,14.28,12.43,26.59,26.79,4.95,784.2,26.95,Healthy,24.06
13.65,71.17,42.3,42.91,21.29,33.03,5.89,352.0,40.12,Healthy,9.37
31.79,82.31,33.24,45.34,16.91,36.4,7.7,301.7,50.09,Bacterial_Leaf_Spot,15.42
32.24,87.41,20.36,49.19,9.83,25.57,7.54,601.0,42.33,Bacterial_Leaf_Spot,22.42
24.29,88.14,43.36,47.6,33.67,40.02,5.39,316.3,41.6,Powdery_Mildew,10.47
27.04,85.38,60.37,46.03,40.22,27.02,7.85,410.7,43.94,Bacterial_Leaf_Spot,4.07
20.07,85.8,53.82,43.8,44.94,43.16,7.79,943.8,60.18,Rust,6.16
21.69,89.7,51.9,27.79,36.49,49.64,7.95,726.6,61.54,Rust,6.98
24.54,78.38,28.57,29.03,17.39,39.53,8.2,413.3,42.53,Early_Blight,16.26
41.67,75.15,61.52,24.2,46.05,9.67,6.71,330.4,47.86,Early_Blight,3.42
25.08,65.4,21.84,18.45,43.66,41.38,6.0,362.4,37.28,Early_Blight,20.4
34.17,86.02,46.39,32.84,19.26,26.45,6.91,351.3,38.45,Early_Blight,9.67
25.72,43.66,38.76,46.66,35.84,32.91,7.47,642.9,42.4,Healthy,14.89
31.98,52.46,41.93,29.42,46.06,20.1,6.92,234.7,43.98,Healthy,12.03
15.43,27.71,39.25,33.01,14.99,49.7,7.99,600.9,35.25,Healthy,12.53
22.39,94.35,62.75,31.2,45.95,46.81,7.3,539.8,51.34,Rust,1.96
24.42,40.2,30.88,47.58,15.91,40.68,5.82,687.2,36.08,Healthy,18.4
18.27,82.65,58.94,16.63,23.88,40.22,7.58,397.4,43.63,Rust,3.33
38.79,67.95,62.99,30.51,39.03,37.51,7.72,310.6,56.28,Early_Blight,2.38
28.04,87.58,24.96,45.44,38.86,29.1,7.99,643.5,44.26,Bacterial_Leaf_Spot,19.25
35.69,90.21,41.2,21.4,28.88,35.46,5.61,506.6,35.85,Early_Blight,12.78
19.29,91.83,53.87,32.58,39.18,21.91,6.1,880.9,42.95,Rust,6.8
27.38,58.83,37.78,32.94,10.53,16.18,7.18,307.5,35.75,Healthy,14.59
25.29,89.51,53.05,47.73,24.89,43.93,7.8,220.7,45.76,Powdery_Mildew,6.0
26.5,79.43,32.51,47.28,13.64,41.71,7.62,344.9,44.76,Bacterial_Leaf_Spot,15.34
17.48,70.67,63.59,32.59,25.55,26.5,7.35,685.9,51.91,Healthy,1.1
23.78,90.46,17.26,32.68,45.5,26.34,5.2,736.0,36.26,Healthy,23.54
21.71,78.67,60.26,22.26,29.86,23.22,5.25,389.5,33.26,Root_Rot,2.14
26.25,71.26,8.92,47.01,21.03,30.44,5.5,472.2,30.42,Healthy,27.09
26.36,82.57,15.71,48.14,48.07,27.25,7.71,885.8,50.94,Bacterial_Leaf_Spot,25.31
37.0,85.08,51.42,31.9,44.23,34.86,4.99,227.7,31.67,Root_Rot,7.46
32.13,82.61,12.58,21.66,19.85,46.62,6.06,523.7,42.65,Early_Blight,25.66
41.5,38.09,57.16,42.63,11.65,12.86,5.4,960.7,35.52,Root_Rot,11.65
34.79,61.47,51.4,14.61,41.12,33.71,5.34,883.8,38.17,Root_Rot,11.06
35.47,62.01,63.0,16.11,39.28,30.71,5.28,517.6,41.54,Root_Rot,3.42
17.15,49.97,54.88,46.14,29.45,13.07,5.05,228.9,40.04,Root_Rot,5.87
22.04,50.44,45.67,48.99,48.18,27.58,5.67,237.5,39.4,Healthy,9.21
13.83,71.44,8.6,36.56,33.3,45.78,7.57,602.3,45.69,Healthy,26.24
33.77,56.55,35.73,16.02,24.33,20.42,7.25,849.8,43.0,Healthy,16.6
21.38,86.55,39.23,27.36,31.4,17.39,7.57,219.9,39.56,Powdery_Mildew,12.69
25.89,89.5,24.31,17.66,12.17,36.76,6.36,709.6,41.45,Early_Blight,21.04
36.99,52.87,15.31,16.27,47.18,34.2,6.52,773.3,38.7,Rust,27.29
39.92,47.17,33.56,25.23,26.42,19.6,7.67,585.9,33.83,Healthy,18.71
18.54,91.77,56.63,47.61,16.41,12.81,7.85,977.6,52.49,Rust,5.49
36.09,86.1,31.09,40.89,22.58,13.86,6.2,266.2,36.72,Bacterial_Leaf_Spot,16.2
39.47,77.58,53.73,29.7,37.09,23.23,5.0,684.9,47.83,Root_Rot,9.3
24.8,92.53,57.36,49.45,18.24,29.04,7.65,193.2,45.22,Powdery_Mildew,3.53
31.4,49.94,38.96,30.67,9.21,20.58,7.3,808.8,43.18,Healthy,15.57
39.29,86.46,53.9,35.83,31.42,37.15,5.29,925.0,51.89,Root_Rot,10.48
30.14,75.12,40.54,11.57,42.7,19.93,5.67,840.8,39.52,Early_Blight,14.88
20.7,44.42,20.8,38.78,9.69,16.03,6.24,380.0,29.64,Healthy,20.55
16.62,29.41,21.44,15.21,20.09,46.26,6.72,426.8,28.26,Healthy,20.01
35.41,28.91,22.92,43.9,48.3,47.62,7.14,587.5,43.88,Healthy,22.7
23.77,87.22,18.24,32.37,27.86,41.76,7.79,335.1,39.48,Powdery_Mildew,22.24
20.79,55.08,35.01,11.91,27.05,17.23,5.43,893.0,39.23,Healthy,15.23
23.0,83.19,63.22,39.56,38.37,35.72,6.61,258.7,53.36,Powdery_Mildew,1.61
23.38,85.52,12.26,32.5,12.12,32.43,6.98,219.3,34.17,Powdery_Mildew,24.64
30.54,92.53,13.41,23.04,32.41,38.44,8.01,881.9,51.93,Early_Blight,26.29
33.9,82.83,62.14,48.69,24.78,28.64,7.69,274.4,60.51,Bacterial_Leaf_Spot,3.02
30.82,72.81,9.22,33.15,34.81,36.26,6.59,911.1,36.21,Early_Blight,28.81
41.18,25.54,64.18,33.68,42.66,38.98,6.53,421.9,49.68,Healthy,3.93
33.17,93.99,17.71,18.21,18.82,39.24,5.42,458.3,31.76,Early_Blight,22.59
21.47,84.31,22.42,46.28,29.47,34.47,6.75,235.1,42.76,Powdery_Mildew,20.17
21.83,72.15,59.58,10.54,37.25,31.84,7.71,971.9,48.02,Healthy,4.41
28.25,36.08,58.7,29.77,46.74,15.96,5.44,533.6,45.52,Root_Rot,5.56
32.32,85.31,25.97,23.44,37.42,38.51,7.9,782.3,47.89,Early_Blight,20.73
23.73,81.64,26.7,22.03,41.63,18.14,7.78,278.0,38.17,Powdery_Mildew,17.43
33.19,81.64,38.62,43.01,24.26,21.57,5.9,605.2,46.3,Healthy,14.22
31.22,69.15,44.66,20.68,49.29,28.81,7.19,670.0,45.6,Early_Blight,12.82
22.06,92.18,49.08,41.45,13.28,34.56,5.65,494.8,43.89,Rust,8.29
37.0,69.24,37.85,30.89,31.65,44.5,6.05,494.8,49.88,Early_Blight,14.51
38.57,79.49,43.21,33.2,26.49,16.03,5.17,569.4,33.95,Early_Blight,13.09
22.25,87.06,49.56,12.8,11.07,32.87,6.78,803.3,46.31,Rust,8.65
34.86,68.41,47.55,32.62,21.79,43.19,5.51,893.9,43.54,Early_Blight,14.26
31.38,71.13,60.74,29.13,43.69,46.27,6.12,966.0,52.7,Early_Blight,6.32
23.35,79.52,56.82,45.13,45.42,18.41,5.12,783.0,42.25,Root_Rot,5.51
21.08,83.82,39.65,47.57,39.66,19.91,5.23,239.3,41.59,Powdery_Mildew,12.61
14.31,67.41,51.66,22.07,12.04,17.51,5.07,764.4,41.34,Root_Rot,5.78
39.7,33.51,31.35,26.39,48.61,35.88,7.76,519.6,43.28,Healthy,19.3
26.28,84.73,51.56,20.95,15.06,12.46,7.38,299.9,44.55,Early_Blight,7.95
31.93,76.5,51.39,10.78,44.42,28.72,5.54,493.8,43.28,Root_Rot,8.21
20.42,91.37,50.74,19.24,25.17,15.38,5.83,277.0,40.11,Powdery_Mildew,6.05
31.94,82.01,58.59,36.83,33.13,34.58,5.32,514.9,45.19,Root_Rot,4.82
26.96,85.01,58.18,45.96,28.08,48.52,5.48,768.8,46.92,Root_Rot,6.2
17.91,90.75,10.94,46.16,24.85,32.46,8.3,467.5,49.71,Healthy,25.16
36.72,81.23,24.45,39.14,22.01,27.48,7.99,297.6,47.41,Bacterial_Leaf_Spot,19.34
35.01,71.06,44.17,21.04,12.59,46.74,6.14,580.7,39.15,Early_Blight,12.03
27.93,91.58,7.62,30.86,38.85,42.61,6.69,800.7,39.86,Early_Blight,28.03
24.38,85.73,30.25,47.81,37.63,33.19,7.57,291.3,43.1,Powdery_Mildew,16.58
35.21,67.87,22.78,33.63,11.12,17.69,6.0,811.0,34.84,Early_Blight,23.99
21.0,53.33,17.81,31.59,31.97,28.96,8.07,859.8,43.3,Healthy,23.98
21.91,78.83,21.77,34.67,35.55,36.1,6.64,561.7,35.65,Healthy,20.98
30.91,74.05,24.72,25.05,15.59,26.91,5.57,740.6,32.88,Early_Blight,20.58
28.22,83.09,46.72,29.61,27.22,22.91,7.37,557.3,46.8,Early_Blight,9.46
19.25,57.75,58.3,49.8,46.76,12.89,5.89,806.8,45.41,Healthy,4.98
27.56,41.34,23.46,44.62,24.3,29.09,5.32,607.9,40.81,Healthy,20.73
24.55,67.22,53.07,21.81,22.75,40.55,5.42,639.4,49.85,Bacterial_Leaf_Spot,7.23
18.73,74.57,15.59,28.46,39.52,28.11,6.69,746.4,36.97,Healthy,23.69
36.96,82.32,56.44,11.96,44.75,44.67,7.79,226.7,47.11,Early_Blight,4.43
41.06,81.54,31.12,31.21,10.39,37.64,6.65,749.4,32.93,Early_Blight,19.15
24.65,49.24,53.94,30.2,14.69,23.14,4.94,860.3,36.87,Root_Rot,7.97
35.22,90.18,33.57,34.53,45.8,27.48,7.41,806.0,56.17,Early_Blight,17.97
27.24,86.85,18.35,34.24,25.37,35.08,5.87,547.9,37.21,Early_Blight,23.23
32.6,80.72,41.44,39.23,45.02,42.13,6.37,328.6,38.69,Healthy,12.32
19.11,93.93,48.07,16.21,10.69,46.27,5.76,274.6,37.56,Rust,8.08
28.3,43.62,30.38,46.37,36.17,29.85,6.58,922.1,37.98,Healthy,19.43
30.87,84.65,24.8,34.89,42.4,19.76,7.63,652.4,39.7,Early_Blight,20.07
22.28,83.0,47.95,46.5,21.13,39.58,5.99,625.0,43.76,Rust,8.85
39.54,87.77,31.57,17.36,43.4,37.27,6.4,805.7,48.54,Early_Blight,19.52
20.27,80.9,52.24,33.95,32.21,13.14,7.95,272.6,51.92,Powdery_Mildew,6.44
17.6,37.6,59.22,47.57,30.03,38.19,5.16,317.2,46.91,Root_Rot,2.18
26.01,88.58,8.62,22.18,14.89,26.76,5.52,342.2,27.91,Powdery_Mildew,25.95
34.16,85.05,52.75,29.34,45.48,24.42,5.77,670.3,51.71,Root_Rot,9.09
35.19,74.75,10.3,28.83,29.71,9.89,4.86,481.1,33.25,Early_Blight,27.08
22.29,91.95,42.89,23.31,17.85,40.38,7.6,269.1,44.28,Powdery_Mildew,9.81
30.61,84.99,60.41,47.02,26.61,37.04,7.5,760.2,56.57,Bacterial_Leaf_Spot,6.13
32.83,90.59,39.4,47.46,35.67,34.66,7.66,916.9,49.65,Bacterial_Leaf_Spot,15.17
23.0,90.71,33.22,21.96,10.26,26.14,5.06,225.4,29.65,Powdery_Mildew,15.01
31.84,34.38,54.8,42.07,19.57,12.95,7.47,834.3,51.04,Healthy,9.62
25.69,81.15,13.06,33.33,42.33,19.62,7.88,571.7,43.68,Root_Rot,24.89
28.51,90.37,38.3,32.67,23.59,17.95,8.12,378.2,50.55,Early_Blight,12.88
36.47,85.72,31.69,40.47,21.67,14.66,5.99,240.0,34.47,Healthy,17.21
37.32,75.12,51.36,34.37,49.12,19.45,5.78,1003.4,41.85,Root_Rot,12.12
32.14,94.14,64.55,12.45,11.09,22.39,7.71,337.7,45.01,Early_Blight,1.88
20.42,90.67,47.84,19.39,41.31,42.11,8.06,287.9,49.99,Powdery_Mildew,8.53
18.81,82.27,63.64,36.45,25.21,47.24,6.21,876.1,55.32,Rust,1.56
13.14,52.28,58.09,16.66,28.36,18.2,5.15,797.4,39.96,Root_Rot,4.34
26.03,79.78,61.02,46.21,18.58,21.94,7.92,444.2,54.33,Bacterial_Leaf_Spot,2.74
31.07,90.46,38.83,49.64,37.83,48.34,7.38,327.3,54.4,Bacterial_Leaf_Spot,13.13
20.22,82.61,29.65,22.85,32.33,35.98,6.85,254.4,34.03,Powdery_Mildew,15.58
34.94,53.88,56.15,11.34,32.02,20.49,5.33,686.7,38.49,Root_Rot,6.97
39.44,90.68,55.74,28.38,11.94,23.32,4.96,218.2,27.97,Root_Rot,5.45
23.6,72.04,13.02,37.94,35.02,9.99,5.17,797.7,35.5,Healthy,25.21
25.22,67.61,56.74,47.53,35.87,35.64,5.64,580.2,46.88,Root_Rot,4.59
24.09,84.41,28.26,46.69,44.67,18.81,5.58,198.6,31.71,Powdery_Mildew,17.32
24.94,89.21,12.92,22.5,12.93,26.08,5.47,306.1,29.49,Powdery_Mildew,25.31
19.79,90.24,51.81,19.54,36.34,12.8,6.02,828.9,37.71,Rust,8.06
42.29,86.19,55.67,15.35,12.42,38.77,7.41,328.9,49.08,Early_Blight,6.0
39.95,51.44,39.33,39.78,32.11,15.04,5.56,423.3,34.58,Healthy,14.57
30.68,82.69,18.92,13.97,25.62,13.18,5.73,603.8,38.1,Early_Blight,23.52
25.63,88.44,48.22,23.78,24.81,40.03,7.61,279.1,46.9,Powdery_Mildew,8.89
11.91,47.95,54.25,11.46,46.73,14.63,5.58,854.4,43.75,Root_Rot,5.06
11.79,85.93,60.54,21.22,27.56,38.23,5.0,696.2,47.99,Root_Rot,2.25
16.88,83.09,36.93,11.7,48.81,21.82,7.16,485.8,43.77,Healthy,13.41
20.81,77.6,20.46,36.35,37.57,32.23,6.43,566.3,39.37,Rust,21.52
26.53,84.52,47.44,47.59,42.27,19.34,8.02,418.1,56.93,Bacterial_Leaf_Spot,9.11
20.93,92.88,41.77,44.68,16.33,26.17,6.75,271.0,44.23,Powdery_Mildew,10.9
20.18,92.55,57.83,16.94,44.0,37.92,6.19,436.2,41.54,Rust,4.68
27.01,88.81,56.56,46.92,35.81,47.64,7.89,532.9,59.13,Bacterial_Leaf_Spot,6.02
14.98,88.8,48.56,18.61,38.5,27.78,7.48,331.5,43.61,Rust,7.93
39.03,80.48,42.0,12.84,23.52,32.99,7.59,288.6,45.58,Early_Blight,12.81
36.0,83.72,61.77,13.91,32.87,37.8,6.28,862.0,46.3,Early_Blight,5.43
32.99,28.36,23.42,13.64,29.85,25.69,7.38,469.0,37.0,Healthy,22.48
20.04,89.94,56.58,28.07,28.1,48.86,7.1,502.1,46.77,Rust,4.95
20.14,85.24,63.33,17.62,14.08,29.25,7.34,642.9,45.33,Rust,3.58
22.16,86.42,51.14,18.39,44.22,49.48,7.5,892.6,47.31,Rust,7.61
20.95,58.24,53.21,31.61,42.98,33.65,5.48,334.9,48.26,Root_Rot,5.79
34.59,89.45,53.51,38.51,48.49,46.5,5.21,526.8,43.57,Root_Rot,7.67
34.25,92.46,41.53,45.85,13.46,19.5,7.68,927.9,46.42,Bacterial_Leaf_Spot,14.63
25.49,84.55,59.95,17.15,31.76,14.41,7.4,330.4,46.86,Powdery_Mildew,4.19
23.36,91.68,45.24,12.06,11.45,15.64,6.37,446.3,33.2,Healthy,9.59
21.44,90.36,36.95,24.98,23.19,45.57,6.48,262.8,46.47,Powdery_Mildew,13.6
12.76,82.74,51.91,46.06,22.44,19.11,5.53,411.1,38.3,Root_Rot,6.68
28.86,46.03,33.66,12.09,40.68,42.96,6.27,338.7,42.44,Healthy,16.03
37.17,84.84,16.38,20.71,44.87,29.02,7.72,760.8,42.2,Early_Blight,25.21
21.14,82.99,62.07,38.72,24.23,31.76,5.56,548.0,43.68,Root_Rot,3.17
20.17,91.6,59.02,19.43,28.98,14.18,6.71,543.1,34.14,Rust,4.26
14.03,91.16,62.83,27.04,23.97,27.75,6.63,449.2,45.94,Rust,1.59
35.09,76.06,48.49,24.74,15.81,16.95,7.83,927.4,43.8,Early_Blight,12.15
37.84,55.43,16.77,15.43,46.74,35.72,6.53,773.1,31.28,Healthy,26.8
18.77,34.26,54.43,36.29,15.84,32.93,5.59,302.0,36.91,Root_Rot,5.42
23.89,90.63,11.17,37.72,13.31,46.11,7.27,331.1,43.43,Powdery_Mildew,25.35
38.58,78.48,56.84,42.3,21.37,13.47,5.31,459.4,38.87,Root_Rot,6.24
19.51,89.33,57.18,46.79,43.34,14.76,7.67,570.9,47.22,Rust,4.06
26.11,92.04,54.29,34.67,49.21,38.01,6.76,345.2,42.65,Early_Blight,5.26
36.34,74.97,20.2,24.46,19.84,35.67,5.43,920.3,37.7,Early_Blight,24.63
37.38,80.5,57.76,38.57,19.27,49.0,5.77,196.5,48.93,Root_Rot,4.4
21.57,84.96,20.93,26.45,47.03,17.21,7.57,282.6,40.0,Powdery_Mildew,20.42
29.64,77.05,58.35,34.94,43.23,41.54,5.51,811.0,43.4,Root_Rot,6.23
24.61,78.2,60.04,40.2,43.47,31.19,5.59,804.7,51.11,Root_Rot,4.77
23.19,93.98,24.47,42.25,31.0,28.77,7.31,305.8,42.79,Powdery_Mildew,18.61
24.66,78.22,30.16,30.45,38.53,49.82,5.16,233.7,36.67,Early_Blight,17.08
36.64,80.06,56.56,28.23,44.65,33.25,5.27,578.1,40.06,Root_Rot,6.62
34.3,30.8,59.75,29.83,44.54,44.25,5.07,273.8,35.75,Root_Rot,3.95
26.15,77.45,20.05,30.22,44.87,23.74,8.03,479.6,48.92,Healthy,21.99
36.87,80.58,20.77,31.89,32.14,29.18,6.35,274.7,37.4,Early_Blight,20.4
20.22,92.0,58.41,49.65,47.35,35.68,7.88,894.8,54.32,Rust,4.15
39.91,72.03,51.0,31.48,41.17,14.67,7.15,755.6,59.19,Early_Blight,11.42
34.83,77.78,42.36,45.04,25.64,33.01,6.31,691.2,40.5,Root_Rot,12.68
15.52,85.39,56.56,23.48,17.58,13.55,7.98,925.5,46.71,Rust,5.29
40.93,84.93,64.47,30.96,46.35,43.54,6.12,718.4,47.97,Early_Blight,5.09
22.44,81.77,38.34,48.34,27.2,43.69,8.02,319.7,54.43,Powdery_Mildew,12.56
37.96,81.58,20.06,15.8,22.35,12.95,5.72,759.8,32.45,Early_Blight,24.39
35.67,74.15,63.93,23.09,15.75,40.08,5.94,478.7,49.45,Early_Blight,3.52
14.82,47.99,53.42,34.46,32.66,19.66,4.92,748.2,42.96,Root_Rot,5.85
29.04,60.07,28.4,22.1,25.66,22.76,6.76,753.5,34.91,Healthy,20.12
38.17,81.14,8.86,19.87,49.46,34.29,6.52,765.7,41.89,Early_Blight,29.03
23.91,85.58,39.18,48.35,13.99,33.49,5.49,317.0,33.38,Powdery_Mildew,12.19
29.31,89.89,62.68,18.46,38.01,19.2,5.39,530.0,42.27,Bacterial_Leaf_Spot,2.45
22.15,62.94,52.26,15.66,27.78,47.36,5.64,325.3,36.83,Healthy,6.77
36.63,95.03,62.93,12.66,20.04,21.32,5.15,706.6,48.34,Root_Rot,4.67
37.22,67.34,38.8,23.6,41.25,25.71,5.39,789.4,33.71,Early_Blight,16.26
23.6,82.95,11.71,30.44,41.1,45.34,6.18,255.4,29.92,Powdery_Mildew,24.0
30.49,78.8,10.23,49.45,27.32,13.05,6.98,942.8,42.36,Healthy,27.85
33.7,49.34,40.8,41.34,40.58,27.48,6.47,898.0,44.53,Healthy,16.22
24.31,89.61,34.29,47.03,33.0,24.21,7.32,355.8,43.62,Healthy,15.64
37.5,70.99,47.88,32.93,37.03,30.52,6.68,916.2,47.82,Early_Blight,13.1
21.58,66.5,52.07,47.26,18.27,25.66,5.06,726.1,42.29,Root_Rot,7.42
30.71,65.32,28.52,22.39,29.08,42.43,5.06,559.7,42.48,Early_Blight,19.3
27.97,84.76,29.06,46.14,11.91,18.15,7.53,417.6,34.11,Bacterial_Leaf_Spot,17.44
22.46,84.7,9.68,21.95,34.21,45.17,5.61,286.8,38.86,Powdery_Mildew,25.36
33.42,47.83,50.52,47.63,47.21,21.42,5.79,576.8,45.52,Root_Rot,9.33
39.06,27.65,54.45,15.15,46.4,26.98,5.21,626.6,40.07,Root_Rot,10.47
23.57,88.28,7.96,46.35,20.01,10.86,5.83,246.6,29.63,Powdery_Mildew,25.0
21.78,48.18,49.93,34.61,40.52,18.36,6.59,691.7,43.67,Healthy,9.16
39.36,77.94,62.67,19.87,38.73,21.74,7.28,807.6,49.52,Early_Blight,5.45
33.8,87.52,64.53,17.96,26.48,23.24,6.44,212.5,41.18,Early_Blight,0.92
27.7,82.57,21.68,14.99,18.27,15.05,7.8,673.4,41.25,Early_Blight,22.58
29.58,85.5,17.2,47.23,14.22,25.2,7.73,366.2,39.51,Bacterial_Leaf_Spot,22.47
38.87,43.08,50.08,18.81,43.09,29.57,7.17,323.0,40.68,Healthy,8.72
29.46,71.76,52.92,14.98,33.64,33.28,5.15,275.3,39.67,Root_Rot,6.47
34.64,92.14,45.0,30.36,27.33,28.25,5.9,528.6,40.35,Early_Blight,11.45
25.5,59.73,61.7,22.38,50.05,19.98,4.94,986.5,49.32,Root_Rot,4.7
19.32,35.47,61.59,34.17,44.9,19.3,5.46,489.5,44.65,Root_Rot,1.95
24.39,91.12,45.54,45.36,19.49,33.06,7.84,269.7,44.36,Powdery_Mildew,9.0
21.57,88.51,23.43,11.28,34.17,35.28,6.35,329.7,36.95,Powdery_Mildew,20.03
23.1,49.6,55.86,24.02,26.19,49.29,5.7,271.6,41.88,Root_Rot,5.01
29.27,81.17,48.77,16.65,15.46,20.71,7.97,809.6,46.66,Root_Rot,10.5
20.23,85.47,28.29,17.47,18.66,49.37,6.4,235.9,38.14,Powdery_Mildew,16.83
13.48,83.22,59.44,15.54,25.84,30.13,7.89,275.3,44.77,Powdery_Mildew,2.35
37.6,92.93,13.76,16.72,45.4,49.16,7.68,925.4,50.24,Early_Blight,28.27
29.51,37.75,54.58,17.32,32.16,40.63,5.3,735.2,39.21,Root_Rot,8.32
21.5,90.72,62.59,15.14,10.21,37.67,7.28,868.0,46.87,Rust,2.61
36.22,51.29,58.1,14.81,24.69,12.92,4.86,468.6,34.3,Root_Rot,6.58
14.52,69.95,63.51,14.27,18.22,16.9,5.78,479.3,40.18,Root_Rot,0.76
26.68,50.67,61.15,40.37,28.96,48.31,5.65,753.7,51.69,Root_Rot,4.44
17.79,94.41,9.32,43.97,42.95,48.66,5.87,237.2,39.7,Healthy,25.37
23.35,87.22,39.97,44.27,17.26,26.59,7.74,291.2,40.58,Powdery_Mildew,11.97
14.5,29.03,13.14,34.28,32.27,10.31,5.76,278.1,30.21,Healthy,23.81
35.17,28.36,27.11,28.56,44.22,23.22,5.15,580.4,36.61,Healthy,22.11
23.54,85.19,13.1,19.89,33.94,43.01,5.78,314.8,35.57,Powdery_Mildew,24.31
20.91,89.62,55.87,17.75,24.66,45.59,6.69,636.8,49.7,Rust,4.15
12.83,37.5,50.38,28.78,45.66,35.35,7.18,870.6,50.84,Healthy,7.38
22.29,79.55,22.41,34.12,36.18,38.4,6.69,561.6,38.85,Healthy,20.51
15.64,71.32,52.9,35.16,28.84,43.12,5.33,717.3,47.55,Root_Rot,6.3
13.7,82.24,56.96,12.39,30.69,18.42,7.66,234.2,38.92,Rust,3.9
39.29,90.55,25.87,24.65,32.47,38.01,6.3,635.5,41.33,Early_Blight,20.85
22.41,92.0,41.08,31.93,15.95,49.22,6.04,257.1,36.4,Powdery_Mildew,11.29
36.49,53.95,17.14,15.6,47.29,34.64,6.51,781.5,39.62,Healthy,26.68
13.94,85.82,58.21,20.84,29.91,13.67,6.74,858.4,42.9,Rust,3.4
20.64,84.13,19.14,46.8,24.25,14.09,7.36,257.1,34.38,Powdery_Mildew,20.67
21.59,87.68,36.24,25.97,20.7,13.86,6.72,321.6,30.65,Powdery_Mildew,15.12
41.52,83.95,57.6,23.92,12.33,31.31,7.45,267.0,45.58,Early_Blight,4.53
25.15,88.67,51.35,46.89,24.01,42.19,7.74,214.1,48.46,Powdery_Mildew,6.77
41.27,85.3,32.27,16.05,38.7,16.68,5.67,679.3,39.05,Early_Blight,17.88
23.86,87.08,61.81,35.87,27.1,38.86,5.55,780.8,47.55,Root_Rot,3.45
27.0,58.25,21.11,30.0,45.23,45.4,6.68,433.0,36.78,Healthy,20.95
28.24,91.17,30.71,47.66,30.71,17.16,7.65,257.4,44.06,Bacterial_Leaf_Spot,16.03
28.73,90.49,29.71,47.73,32.93,16.21,7.7,298.0,35.53,Bacterial_Leaf_Spot,17.38
20.71,89.84,55.6,44.37,37.49,43.75,7.82,205.3,52.22,Powdery_Mildew,4.85
21.75,84.59,56.77,45.6,49.42,45.04,6.93,405.2,55.01,Rust,4.87
23.13,90.07,31.26,21.16,10.41,24.37,5.11,202.1,28.71,Powdery_Mildew,14.76
38.85,85.69,6.16,15.35,10.47,13.76,5.84,818.2,31.01,Early_Blight,31.71
39.33,74.45,22.44,30.31,39.46,16.82,5.76,544.0,34.24,Early_Blight,21.76
25.73,87.43,35.9,47.22,29.54,29.22,7.68,320.7,38.14,Powdery_Mildew,14.77
29.7,85.77,34.43,46.12,17.6,38.18,7.59,354.8,47.5,Bacterial_Leaf_Spot,15.54
40.15,88.42,26.64,10.32,11.82,21.79,6.86,886.5,32.33,Early_Blight,22.32
28.12,69.2,60.57,42.47,43.85,48.46,5.26,722.0,45.72,Root_Rot,4.3
24.34,91.53,50.5,49.08,41.57,23.73,7.52,205.9,40.09,Powdery_Mildew,7.11
22.57,83.0,24.61,42.58,39.11,15.55,5.41,224.1,31.61,Powdery_Mildew,18.47
30.37,84.7,58.64,45.99,38.29,24.99,8.05,432.8,49.71,Bacterial_Leaf_Spot,4.5
38.75,85.2,51.79,14.32,22.82,22.13,5.67,898.6,37.34,Root_Rot,10.56
11.98,47.3,39.89,19.3,16.72,11.23,5.87,721.2,36.57,Healthy,10.63
17.48,49.52,32.88,26.75,45.04,25.01,6.6,400.0,34.57,Healthy,15.74
24.95,90.25,52.16,49.22,20.96,33.14,7.81,214.7,50.47,Powdery_Mildew,6.3
37.04,76.74,48.84,12.43,20.62,12.13,6.12,720.7,35.63,Early_Blight,10.87
20.51,89.58,18.28,32.12,47.67,20.83,7.82,298.5,51.65,Powdery_Mildew,21.3
27.58,87.59,54.86,19.57,37.63,50.27,4.76,382.3,37.96,Root_Rot,5.95
30.46,61.52,16.33,30.23,18.39,42.98,6.78,681.0,29.64,Healthy,24.54
19.3,91.56,38.92,17.11,47.67,24.18,5.75,241.4,41.17,Healthy,11.0
24.14,92.16,50.68,16.54,19.65,40.87,7.77,274.1,42.07,Powdery_Mildew,7.32
24.75,83.44,60.8,18.16,30.34,15.31,7.26,342.6,46.98,Powdery_Mildew,3.09
21.92,85.08,62.13,19.24,27.17,24.22,6.3,288.0,40.38,Powdery_Mildew,1.82
18.34,87.17,33.08,30.72,44.05,13.84,5.02,478.4,35.36,Healthy,14.51
14.2,86.84,53.68,16.21,33.59,29.39,7.65,309.4,41.84,Rust,5.37
24.36,83.09,54.2,23.12,33.35,43.24,6.8,639.2,42.2,Early_Blight,5.84
27.32,71.33,47.16,31.76,17.38,32.74,6.99,797.9,39.84,Early_Blight,10.36
22.58,88.74,23.43,10.66,36.94,32.27,6.01,284.6,38.0,Powdery_Mildew,18.97
34.91,52.1,63.76,13.94,37.82,27.36,4.91,334.3,35.44,Root_Rot,2.95
19.98,86.59,35.08,39.62,10.42,33.3,7.61,440.6,44.59,Healthy,14.08
20.49,84.52,59.8,20.87,47.99,20.31,7.72,490.0,44.99,Rust,3.07
31.71,65.84,35.4,44.24,23.08,36.45,5.62,985.0,45.66,Healthy,18.89
31.73,94.02,26.53,21.28,36.98,23.91,7.85,511.5,45.61,Early_Blight,19.37
33.76,57.98,44.49,40.97,29.45,26.09,5.09,918.8,42.25,Healthy,14.36
17.26,89.26,51.24,48.77,25.42,16.61,6.85,504.2,43.95,Early_Blight,6.66
20.45,85.78,38.6,30.71,22.92,12.52,6.14,309.7,32.22,Rust,12.17
41.32,89.91,38.04,21.94,41.99,34.46,7.14,930.1,51.08,Early_Blight,16.17
37.99,93.42,43.36,25.51,21.76,39.45,4.96,245.3,38.55,Early_Blight,11.39
29.91,28.21,17.25,30.22,24.87,44.26,7.34,643.9,39.6,Healthy,25.24
30.54,93.24,32.3,33.34,21.5,24.99,6.48,495.2,38.41,Early_Blight,16.36
16.75,83.03,18.9,14.38,15.35,28.58,8.0,712.1,39.39,Healthy,21.58
22.89,86.89,48.93,46.71,46.05,47.53,7.43,321.4,48.93,Powdery_Mildew,8.35
24.49,85.56,26.93,46.13,13.05,45.74,7.7,336.5,45.3,Powdery_Mildew,17.25
15.72,39.51,56.55,38.17,39.64,48.26,5.45,346.3,42.74,Root_Rot,4.02
24.19,90.22,11.63,38.8,12.61,45.47,7.3,342.4,35.97,Powdery_Mildew,24.3
18.2,93.63,59.13,34.31,41.98,35.48,6.48,509.5,53.43,Rust,4.24
18.84,30.23,42.64,25.2,25.04,30.44,5.93,419.8,32.41,Healthy,11.51
33.68,92.97,41.3,29.7,18.85,26.51,5.84,786.1,41.71,Powdery_Mildew,12.75
33.75,31.42,57.06,43.1,21.28,19.86,5.17,754.3,41.43,Root_Rot,7.65
18.88,80.61,61.35,31.48,17.92,18.57,6.55,345.2,40.84,Rust,2.16
23.65,89.2,30.09,47.27,36.47,28.09,7.55,270.0,46.31,Powdery_Mildew,16.13
24.85,75.39,34.75,29.08,16.86,19.03,6.76,221.7,38.64,Early_Blight,13.61
33.32,85.68,60.87,48.21,25.96,28.92,6.92,275.4,50.05,Healthy,4.01
32.61,36.81,17.27,41.8,36.04,36.42,5.4,504.2,30.97,Healthy,24.61
38.75,82.5,8.33,20.82,26.12,29.7,4.97,236.5,33.49,Early_Blight,27.02
26.0,66.41,42.52,24.73,32.13,11.77,8.13,373.4,44.52,Early_Blight,11.05
32.51,84.69,21.32,13.58,28.61,33.68,6.43,349.0,38.72,Early_Blight,21.47
19.09,89.19,55.89,38.72,30.26,43.97,7.62,662.2,51.63,Rust,4.98
32.79,57.24,53.39,17.1,44.24,18.49,5.63,252.7,39.15,Root_Rot,6.4
22.12,62.28,62.58,22.85,26.56,38.92,6.21,642.1,49.3,Healthy,3.11
39.46,65.5,33.31,20.88,15.55,24.74,7.88,546.9,37.71,Early_Blight,16.91
14.67,63.05,40.14,37.89,14.26,36.96,6.52,827.7,41.42,Healthy,12.83
18.72,50.83,52.42,41.46,49.56,11.71,7.37,653.9,56.22,Healthy,7.11
23.11,87.83,60.56,41.88,32.05,44.59,7.16,575.3,60.94,Rust,3.99
25.28,70.96,57.97,22.34,25.34,35.7,8.09,676.2,54.06,Early_Blight,4.76
37.14,68.85,37.15,22.14,10.88,30.44,7.35,371.7,35.31,Early_Blight,14.19
24.84,70.95,15.94,14.48,43.58,44.8,6.28,996.7,40.27,Early_Blight,24.55
34.31,96.64,16.49,23.62,31.7,36.65,7.75,841.8,37.85,Early_Blight,25.34
27.69,47.49,52.21,18.52,12.95,41.95,8.0,668.2,50.02,Healthy,8.67
18.37,92.68,56.08,28.51,40.13,13.12,7.37,903.7,56.47,Rust,5.08
32.99,83.51,61.38,21.72,48.6,34.84,7.65,255.7,50.46,Early_Blight,2.22
21.32,85.46,63.34,39.07,25.01,43.43,7.2,882.3,57.11,Rust,1.94
32.9,80.42,39.3,41.44,27.79,20.99,6.03,594.0,47.71,Healthy,14.14
31.94,87.84,37.09,17.24,17.94,15.42,5.86,910.0,37.02,Early_Blight,15.91
31.69,45.56,65.12,18.62,39.72,10.52,6.14,680.4,42.52,Healthy,3.3
33.64,66.3,63.73,33.16,43.08,31.5,6.01,519.1,46.63,Early_Blight,3.97
31.09,69.08,14.05,13.5,47.66,40.76,5.35,301.3,35.83,Early_Blight,24.22
20.51,91.44,33.56,11.02,35.84,38.0,6.26,324.9,41.45,Powdery_Mildew,15.38
21.82,94.88,57.05,36.53,48.92,21.08,8.05,626.0,48.87,Rust,4.56
20.07,90.29,55.92,38.5,30.45,45.1,7.54,683.1,53.17,Rust,5.42
22.46,84.42,64.19,33.29,40.18,14.11,4.81,876.8,51.76,Root_Rot,2.36
24.59,70.17,49.41,23.1,27.12,16.92,5.94,899.4,42.76,Root_Rot,8.89
27.62,85.09,49.12,47.07,50.28,33.57,7.94,358.2,48.67,Bacterial_Leaf_Spot,9.02
38.79,87.14,29.98,30.05,43.35,47.27,4.86,707.0,34.71,Early_Blight,19.37
25.34,47.62,55.81,15.13,11.34,24.82,5.54,651.4,32.06,Root_Rot,6.94
22.85,91.75,33.18,27.74,35.06,23.7,6.54,221.9,37.8,Powdery_Mildew,14.44
40.54,91.2,7.85,11.33,12.38,38.04,7.45,444.1,31.67,Early_Blight,28.0
31.04,63.04,13.68,13.91,16.32,48.65,6.96,966.7,38.53,Healthy,27.12
28.06,81.94,53.36,43.18,17.73,43.76,5.41,397.5,38.15,Root_Rot,7.21
36.44,54.51,36.7,17.25,24.81,23.03,7.49,695.8,37.38,Healthy,17.17
35.29,39.19,16.18,48.65,10.26,35.59,7.83,722.2,42.89,Healthy,26.85
24.48,93.39,57.48,17.43,22.33,43.09,5.63,242.4,42.31,Root_Rot,4.66
22.86,89.49,21.21,10.93,38.34,32.42,5.72,280.4,34.92,Powdery_Mildew,20.92
36.92,78.93,57.05,46.98,25.26,36.49,7.33,624.8,49.19,Bacterial_Leaf_Spot,7.22
20.11,92.17,57.12,11.94,29.12,45.29,7.58,729.8,51.49,Rust,4.11
23.97,84.74,57.95,22.98,28.06,14.68,7.28,321.1,47.77,Powdery_Mildew,3.65
17.23,89.29,52.79,23.22,48.6,24.93,5.89,848.7,48.68,Rust,6.08
19.18,50.23,59.6,29.74,13.47,34.03,4.86,722.0,40.35,Root_Rot,4.38
39.1,38.56,61.69,20.25,34.31,23.34,7.62,881.2,51.09,Healthy,8.2
21.92,76.96,62.22,37.22,43.53,20.6,5.18,855.0,44.01,Root_Rot,2.56
30.24,86.45,39.63,23.03,16.78,17.23,8.07,745.5,46.89,Bacterial_Leaf_Spot,14.06
21.11,55.69,45.14,28.52,41.45,20.25,7.74,294.5,51.12,Healthy,8.95
25.48,88.32,43.97,37.13,49.66,19.39,7.97,247.9,39.0,Powdery_Mildew,10.12
33.72,83.81,20.77,46.21,43.88,35.03,7.84,657.2,45.55,Bacterial_Leaf_Spot,21.97
22.35,83.65,59.94,14.67,39.06,33.62,6.44,725.1,47.53,Rust,4.21
33.81,89.73,53.92,9.28,34.83,33.02,5.18,535.0,48.5,Root_Rot,7.42
21.52,38.3,57.59,13.07,10.47,20.07,7.85,526.2,47.76,Healthy,5.86
21.16,83.6,59.87,45.12,18.98,20.28,6.76,591.4,57.67,Rust,3.96
39.26,56.44,37.03,21.0,25.07,24.24,7.66,536.2,42.34,Healthy,15.98
34.36,81.04,61.74,15.51,41.51,40.71,5.35,698.2,44.04,Root_Rot,5.11
16.82,86.27,55.47,44.93,36.65,37.24,4.96,899.2,44.27,Root_Rot,4.71
23.82,26.23,47.42,30.48,19.37,31.33,4.8,768.6,37.21,Healthy,10.38
18.79,31.78,59.62,26.09,34.71,44.7,5.19,596.4,44.94,Root_Rot,4.0
24.5,73.29,17.0,12.74,29.62,33.04,6.32,864.9,36.56,Bacterial_Leaf_Spot,23.06
23.85,84.72,57.63,23.78,27.74,14.0,7.38,320.3,42.11,Powdery_Mildew,4.12
33.6,90.06,50.85,39.91,23.83,45.51,5.79,806.5,52.96,Bacterial_Leaf_Spot,9.21
36.42,64.02,16.12,24.66,41.81,38.93,5.76,268.7,36.26,Healthy,23.59
22.22,90.22,62.27,39.29,24.52,43.62,7.39,909.3,56.14,Rust,2.64
31.57,81.63,46.1,21.77,46.61,24.66,7.88,423.2,48.55,Early_Blight,10.45
20.11,83.99,39.34,26.57,24.74,41.7,7.19,249.4,47.36,Powdery_Mildew,12.02
32.18,36.29,62.55,38.97,45.0,30.22,5.14,693.5,43.93,Root_Rot,5.83
16.17,91.35,16.88,11.83,35.32,32.65,6.91,406.9,32.05,Healthy,22.09
20.81,89.83,51.18,22.98,23.36,20.79,8.03,544.2,38.62,Rust,6.87
26.28,85.42,61.35,42.98,39.81,28.42,7.86,369.8,55.48,Bacterial_Leaf_Spot,2.62
37.67,65.12,14.06,30.37,12.95,28.38,7.16,361.0,34.17,Healthy,24.41
38.06,30.79,48.37,11.82,31.34,12.04,4.92,951.3,37.26,Healthy,14.91
19.67,83.57,24.17,41.29,36.0,11.9,5.33,239.4,29.7,Healthy,19.1
28.3,96.65,56.81,12.4,32.1,29.78,8.07,251.5,48.67,Early_Blight,5.68
38.59,94.37,52.44,20.87,23.95,18.1,6.31,778.5,46.11,Early_Blight,9.1
33.34,57.91,46.26,12.73,23.46,40.95,8.06,662.7,51.77,Healthy,11.82
19.08,33.95,47.23,45.13,10.91,15.66,6.9,725.4,46.24,Healthy,9.46
39.19,73.32,62.06,26.89,11.77,49.89,6.7,338.7,46.57,Early_Blight,3.43
24.72,87.85,63.35,33.89,26.22,38.47,7.43,693.6,42.61,Early_Blight,2.77
40.03,57.42,62.82,46.72,29.66,38.63,5.09,983.5,54.45,Root_Rot,7.69
38.44,51.09,40.89,42.62,30.09,36.52,5.53,973.6,44.21,Healthy,17.99
16.82,86.13,24.88,27.81,38.89,25.74,6.93,324.8,46.43,Healthy,18.15
26.15,93.48,17.07,30.73,43.41,14.39,8.13,633.1,46.18,Early_Blight,23.8
16.32,78.35,51.77,19.98,40.28,40.19,4.9,338.8,44.89,Healthy,6.64
32.13,93.58,36.68,23.62,26.42,34.45,5.32,879.6,43.33,Early_Blight,16.05
24.83,84.9,12.91,48.57,34.17,20.33,7.54,234.4,38.93,Powdery_Mildew,23.92
31.27,89.39,26.68,48.19,20.49,23.09,7.83,839.3,50.82,Bacterial_Leaf_Spot,21.62
17.78,81.59,38.82,22.79,46.56,31.93,6.66,876.7,50.44,Healthy,12.66
25.27,87.35,36.24,46.87,29.4,29.83,7.82,331.1,46.84,Powdery_Mildew,14.0
36.22,81.19,18.1,38.34,37.93,15.68,6.98,801.6,41.76,Healthy,24.73
29.56,51.02,61.32,16.78,16.92,14.49,6.61,830.1,37.78,Healthy,6.42
36.33,71.81,27.45,17.1,17.57,47.55,7.46,553.9,37.72,Early_Blight,20.33
32.81,37.49,61.71,39.25,44.48,29.77,5.07,647.4,40.32,Root_Rot,4.98
40.94,69.53,19.66,32.36,39.7,11.59,6.98,427.2,37.96,Early_Blight,23.42
21.42,91.81,59.88,20.3,27.88,12.04,7.32,601.3,46.81,Rust,3.62
31.86,63.44,8.43,24.65,47.55,11.96,7.3,727.0,37.82,Healthy,28.67
28.78,70.6,65.77,13.87,26.91,35.04,7.92,907.5,54.93,Early_Blight,3.91
12.73,58.45,53.89,26.16,20.06,36.87,5.34,826.1,37.54,Root_Rot,5.7
34.43,71.55,18.22,12.96,31.01,24.07,8.14,725.8,40.49,Early_Blight,24.8
23.19,93.59,61.1,37.33,30.6,29.06,7.48,665.7,50.68,Rust,3.23
20.74,26.76,64.25,43.58,15.11,35.25,7.56,212.8,42.54,Healthy,1.19
27.38,88.91,10.33,47.77,35.11,26.75,7.8,577.8,43.64,Bacterial_Leaf_Spot,26.5
37.14,85.82,52.12,15.77,32.79,26.55,5.8,661.7,44.75,Early_Blight,9.11
35.9,67.25,12.47,30.85,42.78,17.35,8.15,931.2,46.16,Early_Blight,28.44
38.21,90.37,21.06,30.33,26.63,15.0,6.39,507.7,38.47,Early_Blight,23.13
14.11,94.81,60.23,18.22,16.97,32.38,4.91,308.8,37.78,Root_Rot,1.83
24.82,84.43,50.83,33.2,32.13,12.09,7.96,332.6,46.84,Powdery_Mildew,7.5
40.33,60.06,39.83,25.51,16.09,27.79,6.75,289.2,37.16,Healthy,13.13
18.48,90.79,51.16,30.53,40.74,20.29,5.96,913.1,43.03,Rust,8.46
19.3,35.2,59.85,29.89,29.73,40.48,5.4,630.8,37.01,Root_Rot,3.41
39.0,65.27,44.72,17.99,16.55,28.57,6.21,953.6,33.61,Early_Blight,14.72
31.37,84.39,32.43,30.51,33.84,31.03,7.33,304.3,41.31,Early_Blight,15.37
21.77,86.4,54.41,13.76,12.67,38.67,6.6,823.5,47.43,Rust,6.69
32.24,62.71,48.0,17.58,20.11,45.28,4.89,745.2,31.99,Healthy,10.6
16.74,71.32,35.31,12.12,46.86,23.01,7.8,487.1,44.83,Rust,13.8
19.99,92.02,58.35,16.32,18.55,17.88,6.88,573.6,43.52,Rust,2.91
25.86,56.76,55.57,29.71,39.59,35.06,6.45,332.9,42.79,Powdery_Mildew,5.57
22.36,81.81,42.39,45.08,41.84,46.08,7.47,326.0,48.6,Powdery_Mildew,10.69
24.08,92.48,36.14,19.75,28.07,14.95,6.83,275.1,34.5,Powdery_Mildew,12.91
20.07,89.27,56.3,38.66,32.34,44.46,7.54,647.9,50.63,Rust,5.61
30.55,35.94,45.29,34.31,41.07,12.78,7.53,601.1,39.04,Healthy,11.46
30.37,87.22,11.1,19.1,34.47,21.49,7.7,887.2,37.91,Early_Blight,27.91
18.5,51.34,57.19,26.03,27.41,46.82,6.43,494.1,49.94,Healthy,4.16
31.64,88.53,24.48,11.55,45.15,29.62,5.08,466.3,37.07,Early_Blight,20.83
33.72,40.99,51.01,47.11,26.69,35.38,7.25,605.1,47.9,Healthy,10.32
19.02,89.94,55.33,41.65,43.07,33.59,6.13,733.9,55.72,Rust,5.01
31.26,82.34,17.9,31.81,44.76,47.88,6.44,938.5,43.93,Root_Rot,24.49
28.36,86.68,13.38,45.51,27.29,31.16,7.89,471.1,34.79,Bacterial_Leaf_Spot,25.1
21.27,93.75,44.39,44.25,14.94,29.36,6.79,250.2,42.5,Powdery_Mildew,9.62
26.72,36.78,53.57,30.48,35.39,37.54,6.94,979.8,48.93,Healthy,9.34
29.7,82.06,53.33,18.68,14.22,45.39,4.9,545.7,35.7,Root_Rot,7.92
31.95,85.35,15.56,47.91,49.62,21.47,7.46,870.4,52.29,Bacterial_Leaf_Spot,25.38
22.0,90.03,21.01,45.06,18.94,15.4,5.87,244.8,38.75,Powdery_Mildew,20.36
25.55,91.12,58.54,46.58,27.28,45.64,7.75,231.4,52.56,Powdery_Mildew,4.01
16.66,37.77,14.65,24.15,35.32,23.25,7.22,789.6,39.6,Healthy,24.43
33.45,73.95,54.43,46.37,25.42,19.57,5.48,735.8,36.28,Root_Rot,8.16
36.91,82.41,20.38,38.16,37.1,15.56,7.06,811.4,39.64,Healthy,24.04
22.2,50.72,56.88,33.89,27.97,24.35,5.77,629.7,42.04,Root_Rot,4.62
23.49,81.11,13.39,34.47,46.95,44.31,6.38,225.4,40.95,Powdery_Mildew,23.27
20.1,56.66,32.93,43.03,36.7,11.43,5.83,373.2,37.17,Healthy,15.46
18.13,34.55,60.2,31.29,30.07,41.71,5.45,610.0,43.47,Root_Rot,3.4
13.96,69.22,36.77,41.79,17.39,33.52,5.24,329.7,39.01,Healthy,13.01
15.38,63.03,42.79,37.1,14.5,36.19,6.52,819.5,41.2,Healthy,11.48
14.71,81.11,52.08,20.83,40.52,39.68,4.87,324.0,36.87,Root_Rot,5.51
20.89,81.95,33.94,28.31,24.36,39.6,7.27,281.3,40.54,Powdery_Mildew,14.44
14.59,32.48,58.68,25.98,27.49,48.07,4.87,468.6,38.53,Root_Rot,3.51
29.57,67.97,22.99,12.91,31.26,17.84,6.54,879.5,35.46,Early_Blight,22.19
39.67,57.85,63.8,32.25,13.99,25.89,5.25,796.5,37.05,Root_Rot,6.63
33.27,76.79,58.05,30.19,29.02,22.51,6.3,546.4,39.33,Early_Blight,6.09
35.27,64.84,13.36,40.83,11.13,30.01,7.55,408.5,38.39,Healthy,25.62
24.6,84.49,57.08,23.29,31.58,13.92,7.48,331.8,53.23,Powdery_Mildew,5.36
25.17,70.8,18.52,33.04,22.82,19.19,6.47,219.0,23.47,Early_Blight,20.85
35.81,61.17,16.41,25.32,42.37,38.89,5.74,298.2,31.53,Healthy,23.57
26.46,66.62,47.94,18.72,17.83,45.65,5.8,303.6,43.18,Early_Blight,8.93
30.17,87.34,12.18,43.3,38.6,40.49,7.97,541.0,46.74,Bacterial_Leaf_Spot,25.28
22.83,83.08,52.51,45.75,46.47,13.15,8.12,261.3,51.96,Powdery_Mildew,6.4
21.08,91.92,40.11,13.34,23.66,22.0,5.92,279.4,30.44,Bacterial_Leaf_Spot,11.18
37.39,30.29,24.91,15.03,35.96,19.91,6.36,820.0,37.27,Healthy,24.48
17.09,33.9,18.33,41.27,49.06,45.61,4.83,510.1,42.67,Healthy,22.49
36.32,76.07,41.52,29.79,22.9,43.44,5.15,849.2,43.3,Early_Blight,15.13
38.06,45.56,34.21,43.58,34.24,46.13,6.4,352.1,46.35,Healthy,15.37
20.1,93.91,61.07,48.1,26.75,13.26,7.39,635.2,47.69,Rust,2.37
19.36,91.27,55.61,12.92,36.97,38.08,6.17,491.1,39.18,Rust,5.31
18.51,81.57,18.6,19.12,17.96,46.34,5.35,867.2,44.09,Healthy,22.29
16.91,62.12,63.84,38.62,26.47,22.74,4.9,270.2,39.11,Root_Rot,0.0
37.82,50.62,63.81,41.98,26.78,13.47,5.29,672.3,37.01,Root_Rot,5.63
26.03,64.92,38.58,16.6,38.65,42.75,7.97,233.1,45.69,Early_Blight,12.76
19.17,94.92,51.13,14.99,18.01,26.84,6.76,486.5,35.86,Rust,6.58
24.66,88.74,48.35,49.19,42.34,23.18,7.55,239.7,44.89,Powdery_Mildew,8.62
20.56,91.59,53.2,18.18,20.58,13.4,6.71,644.4,40.43,Rust,6.15
23.6,93.8,27.73,36.97,18.55,34.35,7.88,477.8,48.16,Healthy,17.53
16.79,47.79,35.66,30.73,49.26,26.97,6.59,440.8,41.77,Powdery_Mildew,14.11
29.28,90.98,38.24,43.71,18.5,20.99,7.61,327.7,39.72,Bacterial_Leaf_Spot,14.03
23.38,83.31,51.34,33.44,31.07,11.86,8.0,334.0,46.48,Powdery_Mildew,7.79
17.31,91.17,10.45,22.32,33.27,45.11,5.71,443.3,36.89,Healthy,25.29
17.25,92.32,48.37,23.83,27.07,17.64,5.91,440.3,33.92,Rust,8.26
34.09,71.96,29.22,14.39,30.8,42.7,7.16,760.3,49.84,Early_Blight,20.25
39.41,81.88,11.67,19.88,17.35,30.29,5.53,949.1,39.14,Early_Blight,28.65
23.93,49.7,55.78,17.32,32.67,45.9,5.77,611.1,44.38,Root_Rot,6.52
36.78,64.56,16.98,30.4,24.58,48.28,6.2,812.9,40.29,Healthy,25.96
39.69,64.29,57.62,48.56,32.19,41.96,5.68,445.6,51.8,Root_Rot,6.35
25.62,53.45,11.55,46.74,46.41,46.21,7.46,445.3,42.96,Healthy,25.57
32.01,79.6,46.22,25.37,30.48,19.21,5.18,719.3,42.56,Early_Blight,11.75
39.0,71.76,27.63,25.33,26.79,15.24,7.49,893.1,46.64,Early_Blight,22.19
32.59,82.13,63.67,47.31,23.48,20.71,7.78,760.2,59.16,Bacterial_Leaf_Spot,2.3
24.01,89.49,53.27,20.37,47.24,30.54,6.6,252.6,40.97,Powdery_Mildew,5.99
22.46,85.06,35.92,27.58,35.27,27.05,7.05,296.7,46.89,Powdery_Mildew,14.09
33.66,53.15,54.11,16.94,17.77,40.97,6.19,531.9,47.31,Healthy,8.08
28.39,48.71,50.1,22.2,27.02,18.38,5.64,183.5,35.07,Root_Rot,7.47
17.71,60.08,44.69,46.05,21.55,19.78,6.45,416.7,40.1,Healthy,10.68
23.46,78.0,24.57,34.43,11.61,18.84,5.6,521.2,29.93,Healthy,19.72
23.14,29.53,19.49,46.13,14.48,39.99,6.87,339.6,41.7,Healthy,21.92
26.21,55.83,50.0,13.92,49.26,29.52,5.45,735.2,45.55,Root_Rot,10.02
20.05,87.2,53.55,46.67,46.29,45.5,7.91,943.6,59.78,Rust,7.05
32.69,73.21,15.19,36.2,11.13,43.66,6.42,737.3,34.06,Healthy,25.36
28.41,62.88,26.51,35.67,18.09,33.68,5.85,628.1,38.3,Healthy,18.64
11.95,90.53,50.0,13.83,38.11,12.74,7.94,810.1,49.28,Rust,6.79
33.47,26.61,41.61,32.94,21.67,38.81,4.87,540.3,35.98,Healthy,14.42
34.77,95.0,23.55,31.75,48.78,23.2,5.31,880.6,43.01,Early_Blight,22.14
23.0,83.4,51.16,42.95,35.03,46.3,6.39,268.4,40.78,Powdery_Mildew,7.28
35.4,77.58,26.45,31.29,13.89,39.14,7.96,376.1,42.23,Early_Blight,19.29
32.55,79.5,13.19,19.71,35.78,41.81,5.83,310.1,28.62,Early_Blight,25.31
23.2,85.58,54.85,30.71,32.27,13.43,6.28,384.6,38.86,Rust,5.35
30.81,72.17,52.25,21.49,39.69,14.09,6.25,487.8,40.17,Early_Blight,8.05
27.96,89.54,15.72,37.72,42.12,43.89,4.82,761.2,33.87,Healthy,24.85
23.16,82.92,34.93,31.46,16.96,16.53,7.03,305.6,33.65,Powdery_Mildew,15.04
31.28,82.22,61.56,47.1,19.87,17.94,7.78,673.0,63.86,Bacterial_Leaf_Spot,3.39
36.84,88.76,42.84,12.98,12.12,45.78,6.93,854.6,45.32,Early_Blight,13.83
12.66,53.3,16.8,31.16,38.08,19.92,8.08,578.1,41.74,Healthy,22.48
13.42,58.37,29.56,43.47,47.08,16.53,6.22,717.9,47.02,Healthy,17.28
14.14,29.48,58.69,23.64,26.23,48.29,5.0,605.0,38.19,Root_Rot,3.64
33.48,89.73,12.41,20.62,12.12,48.97,7.39,457.7,34.51,Root_Rot,25.42
39.38,27.66,20.02,45.45,42.29,19.35,5.45,670.2,29.48,Healthy,26.05
39.72,43.7,22.73,11.99,16.28,18.87,5.52,985.3,35.82,Healthy,26.78
16.45,92.7,11.27,32.66,26.05,45.99,5.77,246.9,37.99,Healthy,24.27
22.99,61.55,55.15,25.21,24.82,14.49,5.32,799.9,42.9,Root_Rot,6.9
34.77,88.8,19.53,49.14,12.77,10.26,7.42,947.3,34.42,Bacterial_Leaf_Spot,25.23
18.49,90.68,62.42,31.18,44.6,17.77,7.32,825.3,59.1,Rust,3.33
18.73,90.95,60.05,30.31,15.35,33.12,7.7,832.9,54.97,Rust,3.87
23.57,90.57,29.85,32.81,42.67,21.13,7.63,292.2,43.08,Powdery_Mildew,16.53
26.54,78.34,51.64,45.08,45.8,31.62,7.52,962.2,52.45,Bacterial_Leaf_Spot,9.08
39.48,83.93,34.49,30.37,19.57,46.06,5.36,260.9,33.42,Root_Rot,15.44
30.21,68.62,60.01,38.61,38.67,19.24,5.61,960.9,42.32,Root_Rot,6.27
15.19,30.88,35.05,19.18,46.49,13.81,7.0,438.5,40.32,Healthy,14.19
27.08,78.53,22.55,29.51,34.38,10.48,5.57,862.8,43.36,Powdery_Mildew,21.44
20.83,85.43,63.16,21.68,27.44,19.42,6.06,256.4,37.78,Powdery_Mildew,1.99
24.94,47.95,57.79,15.56,14.4,16.21,5.45,494.9,38.23,Root_Rot,4.47
14.17,56.62,30.65,20.57,41.33,10.41,5.15,913.9,38.2,Healthy,16.12
19.77,91.92,57.73,13.22,26.99,45.43,7.45,693.3,43.89,Rust,4.49
36.43,86.53,52.19,15.32,32.59,26.2,5.88,687.7,40.95,Early_Blight,10.06
30.66,24.16,17.59,29.93,23.41,43.1,7.32,663.1,36.83,Healthy,24.98
28.19,60.7,28.41,21.33,28.7,47.48,7.7,362.9,41.89,Healthy,17.6
24.19,88.74,60.09,27.78,20.77,12.71,7.69,276.6,43.39,Powdery_Mildew,2.63
38.99,87.53,24.09,39.64,19.6,31.39,7.7,936.8,45.37,Bacterial_Leaf_Spot,24.13
38.06,77.99,9.28,34.37,29.22,26.46,6.8,711.3,39.35,Early_Blight,27.56
20.73,60.67,58.91,34.24,14.69,12.61,5.47,606.7,33.33,Root_Rot,3.69
13.11,34.51,60.03,39.99,44.62,23.23,5.67,751.7,47.41,Root_Rot,4.22
21.69,86.18,15.96,16.72,29.87,26.09,5.89,287.3,36.88,Powdery_Mildew,22.98
38.99,70.0,29.9,15.81,31.59,26.51,5.65,188.5,33.08,Early_Blight,16.38
26.45,68.54,56.56,28.13,11.62,49.06,7.05,468.3,53.96,Early_Blight,5.4
15.8,92.31,54.44,23.16,13.15,29.58,6.95,843.3,45.07,Rust,5.63
20.69,86.74,51.36,33.47,45.59,14.98,6.99,548.5,47.07,Rust,7.62
38.17,74.79,28.66,24.4,18.16,32.54,5.29,307.9,29.61,Early_Blight,19.01
31.49,94.91,43.82,31.42,49.15,42.37,5.55,557.1,48.83,Early_Blight,11.74
40.34,92.88,61.89,21.78,50.24,14.05,6.51,381.9,55.24,Early_Blight,3.12
24.58,88.17,17.16,33.55,32.55,43.56,7.79,348.3,44.63,Powdery_Mildew,22.83
29.55,62.04,55.22,20.08,46.53,20.35,7.96,891.0,49.7,Healthy,7.9
17.9,70.65,60.52,33.4,49.4,48.39,4.94,967.8,48.82,Root_Rot,3.08
22.01,89.31,43.33,15.12,32.94,15.92,7.12,319.0,42.54,Powdery_Mildew,9.55
31.27,76.74,17.76,14.74,18.58,22.95,4.81,455.1,31.83,Early_Blight,22.38
15.78,66.33,14.66,19.94,43.16,15.03,5.33,650.9,31.2,Healthy,23.01
24.92,86.9,31.28,29.41,37.45,20.14,8.08,323.4,48.05,Powdery_Mildew,15.46
29.49,59.46,47.08,19.56,23.85,42.83,7.53,444.3,46.29,Healthy,10.17
29.25,90.15,39.33,45.19,12.07,44.42,7.81,675.4,51.0,Bacterial_Leaf_Spot,13.24
28.29,76.24,18.72,48.93,31.42,34.38,6.41,346.6,42.6,Healthy,20.51
16.03,92.03,49.13,44.46,24.74,22.64,5.98,770.1,53.1,Rust,7.42
17.21,65.56,38.22,22.56,39.62,35.33,6.47,842.9,46.46,Healthy,13.12
33.2,90.87,59.96,48.61,34.22,45.51,7.75,566.9,58.36,Bacterial_Leaf_Spot,4.26
21.8,51.28,57.82,30.46,20.46,20.63,5.2,279.5,35.38,Root_Rot,4.78
28.41,31.0,58.99,39.8,45.61,48.94,6.13,259.9,41.17,Healthy,3.69
37.01,68.73,37.35,29.82,23.42,14.07,5.03,985.9,33.65,Early_Blight,18.48
35.7,79.06,31.22,18.73,45.13,16.98,6.61,817.4,39.13,Powdery_Mildew,19.26
21.89,83.4,43.53,46.55,37.05,34.3,7.88,332.2,42.36,Powdery_Mildew,10.38
27.43,75.86,61.61,14.37,27.37,41.22,7.47,368.8,39.88,Early_Blight,2.38
38.02,92.93,26.76,29.91,28.83,27.7,7.81,683.1,43.12,Early_Blight,20.46
22.6,84.9,49.76,25.95,38.35,36.86,6.0,324.4,39.63,Powdery_Mildew,7.23
22.34,89.21,62.04,13.64,25.56,15.93,7.78,331.4,45.56,Powdery_Mildew,2.14
20.83,36.24,15.31,42.96,22.07,32.03,6.62,939.0,34.66,Healthy,24.91
27.31,39.94,45.5,45.25,15.05,37.49,7.67,327.6,39.37,Healthy,9.75
37.4,87.81,20.5,24.7,27.79,30.25,7.28,934.4,44.48,Early_Blight,25.12
22.98,84.61,49.38,14.09,19.4,25.45,5.54,294.2,29.49,Powdery_Mildew,7.95
29.26,85.33,64.15,49.16,23.74,45.9,7.92,308.0,55.22,Bacterial_Leaf_Spot,1.25
29.62,68.53,31.84,36.22,29.54,36.98,7.69,876.7,42.87,Healthy,18.61
32.31,72.51,52.19,26.31,47.63,37.26,5.74,279.8,54.23,Root_Rot,7.0
20.98,89.31,52.44,25.89,28.33,47.42,7.95,675.4,53.95,Rust,6.53
23.92,46.8,34.51,11.02,16.76,23.88,6.99,511.7,31.4,Healthy,15.5
24.65,91.53,46.77,48.5,22.93,36.96,7.76,211.0,44.08,Powdery_Mildew,8.43
23.17,85.64,16.34,29.96,36.48,21.54,4.88,324.1,25.85,Powdery_Mildew,22.21
13.58,73.34,17.68,49.58,15.44,10.94,6.83,228.9,34.6,Healthy,20.65
18.63,64.88,62.09,26.64,32.16,11.4,5.44,758.7,45.73,Root_Rot,2.55
38.51,76.86,13.88,15.27,33.21,34.89,7.33,589.4,34.31,Early_Blight,26.6
23.18,92.56,57.17,32.63,11.13,46.95,6.33,748.2,51.83,Rust,4.87
23.26,84.62,26.04,36.66,16.12,38.55,5.75,362.1,37.63,Healthy,19.68
23.5,82.4,48.08,16.44,47.91,40.29,6.37,345.3,44.09,Rust,8.93
38.11,54.77,64.22,23.76,26.08,15.68,5.44,662.9,41.72,Root_Rot,5.33
23.64,86.8,47.66,46.57,47.55,47.66,7.46,346.3,50.97,Powdery_Mildew,9.06
32.47,33.43,31.41,18.66,12.87,21.34,5.55,614.8,25.11,Healthy,19.72
20.95,91.07,31.16,15.99,49.32,30.2,5.39,851.3,41.45,Healthy,16.46
27.52,62.92,21.53,33.01,48.2,28.6,5.54,216.3,37.57,Healthy,19.11
20.12,84.72,18.38,42.57,14.99,36.77,7.6,383.3,42.18,Healthy,21.47
22.25,55.96,51.16,34.69,41.38,26.78,5.32,418.3,34.94,Root_Rot,7.69
39.2,53.47,64.33,48.88,32.28,41.69,7.77,553.9,60.79,Healthy,4.17
16.94,25.86,57.15,35.68,36.38,49.11,6.51,890.7,57.15,Healthy,5.39
30.72,62.71,14.35,14.88,16.01,47.93,6.84,962.7,34.78,Healthy,27.83
33.8,40.65,32.89,45.56,19.69,17.11,7.92,701.4,41.31,Healthy,18.9
26.64,42.59,33.81,14.99,29.44,21.9,4.9,568.5,31.21,Healthy,16.82
40.42,54.01,44.81,38.52,36.71,33.5,4.92,819.9,41.98,Healthy,14.44
22.09,85.77,21.26,30.1,39.21,41.85,7.45,295.9,38.53,Powdery_Mildew,19.79
26.99,88.95,39.47,45.43,46.18,18.83,7.69,384.1,46.27,Bacterial_Leaf_Spot,13.46
20.5,91.55,56.57,16.79,17.75,21.44,7.32,572.5,48.03,Rust,4.89
26.42,82.4,61.26,49.58,43.43,47.66,7.62,612.8,60.34,Bacterial_Leaf_Spot,3.26
33.31,41.38,62.93,20.01,26.73,32.68,5.35,460.0,39.94,Root_Rot,3.34
20.66,91.51,59.53,18.0,30.15,13.47,6.84,516.7,45.06,Rust,3.09
29.24,83.69,46.41,46.37,45.96,36.83,7.71,445.6,60.12,Bacterial_Leaf_Spot,9.61
20.47,90.29,58.95,47.49,18.65,18.21,5.98,570.7,50.16,Rust,3.13
41.19,83.26,64.35,30.55,39.57,28.06,7.73,647.9,54.1,Early_Blight,3.32
28.23,56.0,35.68,10.24,13.53,45.11,5.58,449.4,36.2,Healthy,14.98
22.17,90.4,21.73,40.49,13.97,22.74,5.4,320.0,27.71,Powdery_Mildew,19.86
28.28,78.51,16.37,43.13,30.76,48.36,7.77,614.9,48.0,Bacterial_Leaf_Spot,24.62
37.38,88.05,24.65,39.85,18.06,23.02,7.91,493.0,32.6,Bacterial_Leaf_Spot,20.72
15.04,29.6,55.99,21.62,13.51,36.95,5.31,514.5,35.35,Root_Rot,4.89
15.75,88.67,57.43,43.89,22.95,39.42,6.56,374.8,48.34,Root_Rot,3.42
29.04,69.43,59.18,13.69,17.63,50.41,6.27,563.3,41.53,Early_Blight,4.8
21.63,88.69,57.26,27.24,18.31,13.18,7.38,913.4,54.63,Powdery_Mildew,5.56
36.39,58.34,56.27,21.13,42.16,30.63,5.29,810.7,48.94,Root_Rot,9.14
31.94,32.07,62.13,40.4,16.59,16.32,5.7,704.0,48.95,Root_Rot,5.39
35.07,85.49,62.43,11.34,30.4,42.18,4.75,389.7,39.71,Root_Rot,3.49
36.58,26.19,33.25,19.44,49.67,12.88,4.83,436.3,37.33,Healthy,17.52
21.39,37.81,13.65,42.35,20.09,31.07,6.7,908.1,37.99,Healthy,26.19
15.1,54.41,10.39,29.75,32.76,46.96,5.94,973.8,42.78,Bacterial_Leaf_Spot,25.49
31.72,76.94,26.75,18.19,34.78,35.77,4.77,351.8,32.77,Early_Blight,17.81
16.97,90.06,11.65,31.62,26.64,46.45,5.55,256.3,32.25,Healthy,24.46
19.11,75.75,50.7,12.63,37.97,28.72,7.68,213.1,49.68,Healthy,7.18
22.95,90.68,9.99,46.69,40.59,19.85,7.48,345.2,47.75,Powdery_Mildew,25.82
22.15,81.16,43.1,38.83,43.14,45.92,7.3,322.1,50.78,Powdery_Mildew,10.81
13.92,90.74,60.04,35.41,14.35,46.3,6.99,417.1,55.54,Rust,2.34
20.0,82.02,63.42,43.21,16.24,28.17,5.08,815.3,44.17,Bacterial_Leaf_Spot,1.85
31.48,64.77,35.48,43.59,25.02,35.14,5.69,965.8,38.27,Healthy,18.05
31.45,34.75,30.13,43.12,43.4,49.07,6.95,718.3,45.82,Healthy,19.98
28.19,88.15,16.7,47.47,39.61,34.78,7.41,726.2,53.17,Bacterial_Leaf_Spot,23.82
39.91,75.47,39.4,24.12,16.95,12.06,5.43,279.6,32.5,Early_Blight,13.74
40.52,28.44,56.01,33.17,35.6,49.19,5.83,403.9,48.63,Healthy,6.99
41.54,70.34,57.55,27.04,29.01,41.23,5.26,377.0,39.4,Root_Rot,5.53
30.95,26.84,16.5,30.78,30.84,33.89,5.63,582.4,38.6,Healthy,26.02
21.08,26.23,52.46,40.68,12.59,19.96,5.31,922.4,41.24,Root_Rot,8.92
29.76,78.64,25.28,14.46,17.81,45.53,6.59,814.3,43.59,Early_Blight,20.82
39.95,37.49,16.04,28.66,38.1,12.43,5.52,243.5,26.49,Healthy,24.07
21.78,94.45,39.09,11.71,35.78,39.17,6.23,337.6,42.18,Healthy,12.41
34.76,72.14,44.99,41.17,43.9,32.38,5.55,850.5,39.04,Healthy,11.94
18.92,79.74,39.76,22.41,44.7,49.75,5.14,507.2,34.83,Healthy,11.78
11.86,63.35,50.62,18.74,10.45,16.02,5.03,836.1,38.71,Root_Rot,6.79
16.69,57.51,29.86,27.46,38.1,47.85,8.07,599.8,50.12,Healthy,16.55
32.71,81.83,50.63,27.51,11.52,37.21,7.87,247.7,41.24,Early_Blight,7.65
25.35,85.84,22.81,42.45,46.2,18.04,6.05,244.1,32.08,Powdery_Mildew,20.23
37.12,79.23,40.7,27.8,22.71,40.78,6.94,603.8,39.06,Early_Blight,13.94
37.83,79.36,29.29,11.48,48.05,46.21,5.88,825.8,40.7,Early_Blight,19.98
37.53,44.45,19.32,41.27,29.39,41.51,5.29,664.9,37.94,Healthy,25.27
22.87,83.48,16.23,47.83,30.35,17.21,7.35,266.8,38.24,Powdery_Mildew,22.42
36.74,63.75,47.87,32.6,26.37,29.12,8.09,491.9,53.23,Healthy,10.5
22.89,90.3,51.6,16.05,25.67,25.9,7.16,663.1,52.51,Rust,7.38
39.16,66.14,65.2,16.85,18.85,32.48,4.96,691.9,44.12,Root_Rot,5.44
32.06,81.34,40.72,50.32,25.3,31.69,7.91,843.4,48.04,Bacterial_Leaf_Spot,13.34
21.87,92.88,49.92,38.6,26.79,22.79,6.18,842.2,48.71,Rust,8.31
20.74,90.3,20.21,31.22,44.69,19.51,7.91,290.5,42.64,Powdery_Mildew,20.7
21.53,29.98,30.42,12.43,19.03,26.06,4.95,569.4,24.7,Healthy,16.96
22.84,85.2,25.14,37.93,18.29,37.3,5.84,347.9,33.66,Powdery_Mildew,19.21
23.77,91.22,39.66,14.67,34.25,14.31,7.12,302.9,33.88,Powdery_Mildew,12.54
30.98,86.37,8.64,49.02,12.43,26.65,7.93,985.8,45.2,Bacterial_Leaf_Spot,29.1
37.41,78.37,34.77,23.72,15.11,15.95,7.0,965.7,32.93,Early_Blight,18.62
40.51,90.12,8.72,32.52,18.64,20.45,5.05,474.5,34.94,Early_Blight,27.82
21.36,86.83,19.45,48.65,28.13,20.29,7.58,277.8,35.19,Powdery_Mildew,21.02
22.11,89.17,24.29,41.82,15.66,23.28,5.62,290.0,32.42,Powdery_Mildew,18.9
16.45,68.69,22.95,24.33,18.19,30.11,8.06,781.6,46.1,Healthy,19.89
33.11,71.31,46.75,11.01,25.82,32.86,5.43,943.9,44.54,Early_Blight,12.83
26.59,70.23,41.59,30.0,45.33,31.9,6.39,978.2,52.36,Early_Blight,14.28
19.48,35.83,35.36,36.62,43.61,44.04,6.52,451.2,43.18,Healthy,13.85
27.88,77.66,65.6,13.31,28.58,20.84,5.2,938.9,39.0,Root_Rot,2.76
28.53,88.16,33.12,48.45,26.22,19.93,7.96,835.1,53.28,Bacterial_Leaf_Spot,16.24
20.75,88.7,51.52,48.62,12.83,26.87,7.48,448.7,39.1,Rust,7.36
22.82,86.89,18.91,44.79,23.4,13.58,7.41,229.4,34.8,Powdery_Mildew,21.4
17.0,62.04,56.8,18.93,13.82,33.11,4.79,965.9,37.74,Root_Rot,5.44
27.8,80.83,25.07,48.0,13.14,39.57,7.54,752.2,54.07,Bacterial_Leaf_Spot,19.81
39.68,77.4,21.18,18.24,38.26,33.33,8.05,442.0,33.74,Early_Blight,23.18
32.17,30.49,57.21,42.77,21.83,33.16,5.53,998.8,41.85,Root_Rot,9.21
28.06,74.38,45.72,35.25,34.05,37.5,5.56,791.0,40.81,Healthy,11.63
13.78,37.24,58.01,19.95,35.69,43.06,8.06,272.8,43.85,Healthy,3.84
24.08,85.45,16.84,45.53,27.06,16.33,7.4,245.6,43.54,Powdery_Mildew,21.81
32.94,26.59,31.46,23.34,43.34,44.31,5.0,378.6,37.46,Healthy,17.23
35.2,93.77,29.57,18.1,28.48,12.12,5.24,931.3,36.95,Early_Blight,20.02
23.15,90.13,39.84,32.7,16.44,49.35,6.09,254.4,41.22,Powdery_Mildew,13.34
37.92,88.88,37.48,20.31,49.19,50.61,7.99,976.6,60.7,Early_Blight,17.38
36.0,47.91,11.74,45.69,12.19,27.93,6.73,334.1,29.11,Healthy,26.88
39.11,81.4,48.92,20.87,35.56,19.87,7.58,310.2,45.52,Early_Blight,9.55
22.17,93.68,56.72,46.92,17.77,34.91,7.14,635.5,51.74,Rust,5.23
23.74,83.34,27.32,38.72,15.41,40.19,5.53,336.7,36.36,Powdery_Mildew,17.32
25.68,80.79,39.37,30.53,50.81,46.18,6.1,330.4,38.88,Powdery_Mildew,13.05
35.31,67.57,36.85,32.35,44.94,13.11,6.06,353.7,38.09,Early_Blight,13.82
28.41,53.26,52.69,20.53,10.96,41.36,6.16,585.2,37.8,Healthy,8.87
28.91,75.68,60.65,35.98,42.62,43.42,5.47,775.8,49.65,Root_Rot,4.98
32.67,88.05,60.54,46.66,48.65,30.28,7.63,858.0,59.4,Bacterial_Leaf_Spot,4.17
22.69,81.95,51.65,13.21,23.26,30.88,5.9,270.2,41.56,Powdery_Mildew,6.48
20.92,45.7,53.65,22.39,11.48,32.76,4.96,649.5,34.8,Root_Rot,7.19
31.69,89.56,40.0,45.6,21.45,21.41,7.67,430.7,45.08,Bacterial_Leaf_Spot,12.78
33.5,86.28,35.05,11.78,23.32,32.44,4.94,596.7,30.94,Early_Blight,16.39
31.47,59.42,61.69,44.84,42.93,36.8,5.32,401.1,48.71,Root_Rot,3.0
40.34,60.07,7.94,24.21,12.56,19.97,8.2,810.2,40.06,Healthy,30.53
25.84,83.06,20.72,46.55,35.74,19.86,7.43,590.3,40.09,Bacterial_Leaf_Spot,21.64
31.08,88.23,63.47,44.96,12.62,26.13,7.88,490.1,46.74,Bacterial_Leaf_Spot,2.55
32.77,60.44,45.24,44.04,26.03,14.98,6.1,537.6,40.52,Healthy,11.45
25.47,85.68,20.64,45.47,14.73,34.18,7.79,340.9,42.68,Powdery_Mildew,21.54
20.71,90.87,59.05,43.64,24.0,16.41,6.02,936.5,42.54,Root_Rot,4.0
24.92,68.54,41.06,21.89,43.9,49.26,5.79,347.1,38.02,Early_Blight,12.02
41.4,81.67,62.07,14.3,36.85,43.58,5.08,828.3,38.15,Root_Rot,6.28
12.65,92.02,60.81,40.91,10.32,47.76,8.03,376.8,52.13,Rust,1.28
13.72,65.08,51.25,13.26,23.42,20.69,8.08,194.1,44.54,Healthy,5.68
32.26,40.39,45.99,41.27,18.09,32.92,6.41,307.5,42.45,Healthy,10.31
40.11,81.07,40.35,16.48,23.19,13.49,6.58,960.6,43.01,Early_Blight,17.59
31.83,77.02,58.34,24.7,18.42,38.32,5.3,994.8,46.69,Root_Rot,7.56
26.33,94.27,59.2,24.09,23.03,26.17,8.17,778.9,48.76,Early_Blight,3.9
29.67,72.63,52.3,42.25,18.16,39.72,5.49,394.9,43.43,Root_Rot,5.74
23.3,81.43,17.96,25.44,31.96,21.59,8.09,247.0,34.17,Powdery_Mildew,22.16
21.2,90.97,51.23,11.93,25.78,21.05,7.33,727.0,40.68,Rust,7.57
28.82,84.45,44.94,12.57,13.42,16.75,7.75,322.7,36.6,Early_Blight,10.72
26.47,80.17,59.81,45.45,19.31,20.15,7.96,468.4,51.83,Bacterial_Leaf_Spot,3.37
37.8,56.93,63.4,45.03,27.74,17.22,5.18,701.9,43.66,Root_Rot,5.36
20.14,33.53,36.04,47.45,24.33,14.08,5.38,717.3,31.8,Healthy,15.39
20.2,84.6,34.66,45.49,29.19,16.75,5.84,233.7,31.75,Powdery_Mildew,13.87
36.59,46.61,44.56,30.11,40.18,32.97,6.88,823.9,46.52,Healthy,14.36
12.26,36.51,49.13,28.94,44.87,34.58,7.19,872.7,57.61,Powdery_Mildew,7.67
34.46,85.52,33.18,24.53,9.76,19.18,7.56,703.3,46.44,Early_Blight,17.74
13.65,94.42,59.33,20.92,34.79,12.23,6.15,371.4,41.25,Rust,2.77
20.27,87.07,10.7,12.98,32.88,33.09,5.44,232.8,35.44,Powdery_Mildew,25.35
24.65,87.6,31.9,47.53,13.0,47.39,7.55,336.8,42.97,Powdery_Mildew,15.55
37.46,90.36,58.75,19.01,44.09,45.77,6.75,573.7,46.42,Early_Blight,4.91
29.12,80.26,44.08,27.39,15.16,13.74,6.31,319.4,35.1,Early_Blight,11.57
19.02,89.59,58.19,16.72,19.31,17.33,6.66,556.5,42.92,Rust,3.65
23.89,53.86,23.92,12.85,13.29,30.92,4.77,696.6,19.7,Healthy,20.46
24.38,79.2,59.94,39.5,43.39,31.34,5.6,801.0,52.32,Root_Rot,4.47
25.52,58.11,55.23,32.25,45.83,12.02,4.88,569.1,33.13,Root_Rot,6.44
34.9,76.19,48.88,24.58,15.63,16.67,7.85,924.8,45.46,Early_Blight,11.62
15.47,69.06,22.64,22.89,17.7,30.51,8.14,783.3,35.68,Healthy,19.95
28.83,89.62,56.45,33.62,43.09,17.25,5.18,646.2,39.26,Root_Rot,5.98
22.36,83.23,11.25,20.48,34.08,42.13,5.51,275.6,39.28,Powdery_Mildew,24.91
35.26,74.18,54.87,12.47,42.77,35.32,7.3,767.8,51.21,Early_Blight,7.28
19.67,88.22,53.05,38.16,30.04,21.44,6.71,858.9,51.94,Rust,7.8
20.47,94.41,53.79,22.88,46.05,13.22,7.87,627.8,45.84,Rust,6.08
22.2,87.46,45.67,22.29,38.31,36.79,6.08,329.5,45.43,Powdery_Mildew,9.71
20.46,82.89,34.01,45.53,19.82,23.82,6.06,255.9,38.0,Powdery_Mildew,13.76
21.04,87.6,30.01,44.93,17.98,21.24,5.97,247.4,33.97,Bacterial_Leaf_Spot,16.0
22.34,93.68,19.79,48.92,32.59,27.68,7.85,329.9,46.46,Powdery_Mildew,20.7
23.22,92.8,32.04,23.8,25.44,36.65,6.66,291.9,33.97,Powdery_Mildew,16.23
19.73,88.39,57.74,39.34,42.82,40.89,6.12,713.7,45.26,Rust,4.21
19.89,32.13,34.57,35.87,27.37,18.22,5.0,767.8,27.61,Healthy,16.11
12.59,92.31,59.49,17.0,49.32,19.38,4.81,626.8,41.67,Root_Rot,2.43
30.0,81.43,58.43,26.98,35.53,19.44,5.99,803.6,44.16,Early_Blight,5.78
36.05,68.45,60.77,13.89,22.7,41.92,5.18,885.8,44.87,Root_Rot,6.64
34.0,76.5,13.89,24.08,11.11,35.21,7.5,436.6,38.35,Early_Blight,25.71
36.79,86.38,63.29,31.9,33.72,38.72,6.39,327.2,42.48,Early_Blight,1.42
28.06,82.99,55.35,45.31,14.74,44.6,7.61,812.9,59.1,Bacterial_Leaf_Spot,6.43
15.16,93.94,64.63,23.38,27.62,47.82,5.64,701.7,45.02,Root_Rot,0.0
29.61,88.28,29.95,45.57,38.63,37.17,7.71,272.3,38.07,Bacterial_Leaf_Spot,16.18
24.99,90.7,47.46,49.75,22.11,36.0,7.69,216.0,49.57,Early_Blight,8.05
32.7,62.68,56.82,37.04,28.17,10.23,4.74,617.2,37.98,Root_Rot,5.95
38.86,92.68,43.33,10.16,9.96,24.95,5.86,279.5,28.41,Early_Blight,10.77
19.45,41.02,48.93,17.07,23.07,45.28,6.52,690.0,38.19,Healthy,7.88
29.8,80.01,39.05,9.99,17.35,41.29,6.84,344.3,38.73,Early_Blight,12.48
22.32,84.84,46.24,28.84,38.27,37.86,5.98,315.1,42.81,Powdery_Mildew,9.76
41.46,78.0,29.25,17.29,34.26,31.23,6.13,249.5,34.69,Early_Blight,17.82
29.43,77.79,15.41,20.32,41.99,45.35,7.0,288.0,42.3,Bacterial_Leaf_Spot,23.5
20.05,89.58,56.45,39.13,23.53,13.46,7.32,516.1,46.12,Rust,4.26
25.84,64.03,19.18,30.84,20.16,31.95,7.11,473.2,37.47,Healthy,21.48
25.13,61.5,51.53,19.87,22.87,19.89,7.11,935.5,46.29,Healthy,8.63
27.67,50.06,50.25,28.99,22.63,33.46,4.83,799.5,45.74,Rust,10.01
26.14,80.71,62.98,49.07,44.64,47.92,7.55,631.2,60.99,Bacterial_Leaf_Spot,3.29
26.19,66.69,39.8,18.63,44.0,17.29,6.89,312.5,47.64,Early_Blight,12.87
41.54,32.24,35.52,15.1,38.39,46.78,6.29,614.0,38.8,Healthy,18.78
24.14,86.0,10.89,23.91,24.13,46.95,5.73,212.1,38.14,Powdery_Mildew,24.53
21.78,88.64,52.68,29.39,31.92,16.73,7.63,452.8,40.37,Rust,6.51
34.75,56.65,36.56,16.7,25.44,20.15,7.29,864.3,45.84,Healthy,17.54
22.49,81.06,57.52,11.12,48.26,31.61,5.07,730.8,50.2,Root_Rot,5.0
40.74,83.73,35.18,43.12,48.76,43.73,7.98,849.0,50.24,Bacterial_Leaf_Spot,19.29
14.94,82.84,26.98,27.73,27.18,24.57,5.38,442.6,30.62,Healthy,16.64
41.55,86.96,59.3,11.91,22.07,36.73,7.74,997.7,54.72,Early_Blight,8.14
23.28,90.41,42.78,40.51,16.78,30.09,7.95,310.8,43.46,Powdery_Mildew,11.33
22.48,46.61,56.83,24.99,26.44,47.91,5.7,254.2,37.6,Root_Rot,3.72
16.77,88.5,50.62,36.99,29.46,20.07,7.11,967.6,51.66,Rust,7.32
24.05,82.67,57.3,22.94,27.62,14.96,7.3,324.1,43.63,Powdery_Mildew,4.06
23.38,94.33,41.15,14.4,11.44,15.4,6.22,271.6,35.3,Powdery_Mildew,11.24
14.01,41.63,52.13,44.72,19.62,18.85,5.27,254.5,38.81,Root_Rot,5.25
32.2,93.93,50.05,45.69,47.85,49.8,7.86,941.6,59.47,Bacterial_Leaf_Spot,10.57
37.1,76.6,55.53,10.11,28.01,13.94,4.87,375.2,44.14,Root_Rot,6.6
18.8,61.33,62.14,46.98,30.3,46.36,7.23,874.6,51.45,Healthy,3.25
15.14,34.7,28.21,19.91,49.94,25.43,8.17,790.5,41.49,Healthy,17.19
34.47,52.6,9.52,43.54,14.4,30.43,5.03,278.8,19.63,Early_Blight,26.62
13.13,69.73,61.86,44.61,48.52,46.85,5.09,582.7,52.96,Root_Rot,1.34
40.28,39.53,54.26,12.21,27.66,12.2,5.54,423.9,34.47,Root_Rot,7.96
34.59,56.24,58.02,16.67,18.13,40.91,6.09,470.5,38.34,Healthy,6.88
16.32,40.63,52.89,33.41,38.35,11.56,5.24,246.8,35.89,Root_Rot,5.9
22.0,83.72,22.08,31.47,26.46,38.96,7.57,302.7,38.29,Powdery_Mildew,19.4
35.0,84.02,37.52,40.02,36.0,32.6,5.57,517.1,43.81,Rust,14.86
21.65,35.35,15.0,42.49,20.36,31.37,6.67,897.4,35.3,Healthy,24.58
17.36,38.56,63.43,37.11,27.51,46.48,5.21,864.6,46.09,Root_Rot,1.75
15.69,88.05,54.81,46.16,34.33,22.79,5.11,741.3,38.63,Root_Rot,4.82
23.29,93.85,63.12,30.32,22.29,45.29,7.47,864.3,52.25,Rust,2.57
33.67,80.2,51.04,33.82,31.09,35.98,5.22,894.8,50.47,Root_Rot,10.81
32.08,27.5,33.49,31.55,47.31,26.97,5.19,542.7,41.44,Healthy,17.78
38.52,54.21,52.22,12.04,13.35,23.2,5.68,664.1,36.0,Root_Rot,10.43
28.56,94.8,54.77,17.75,30.96,13.64,5.21,427.7,33.85,Root_Rot,5.39
13.12,77.04,57.55,27.27,18.41,33.59,7.21,320.6,52.24,Healthy,3.28
34.88,76.71,9.0,16.61,44.32,15.56,7.23,455.2,44.19,Early_Blight,27.57
41.21,91.52,41.55,37.0,14.52,44.35,8.14,585.1,43.26,Bacterial_Leaf_Spot,13.41
21.31,91.14,50.34,41.7,27.98,17.69,6.34,841.3,51.17,Rust,8.12
22.07,91.82,47.15,38.15,23.8,29.01,6.12,282.7,42.82,Powdery_Mildew,8.84
12.89,92.78,42.1,38.61,18.43,23.75,7.73,294.7,43.28,Healthy,10.28
15.14,92.3,54.47,45.73,47.96,15.88,6.03,782.2,46.94,Rust,5.54
24.24,92.48,23.55,11.95,35.12,22.02,5.7,526.5,36.75,Early_Blight,20.74
15.37,37.85,22.85,40.58,27.16,17.38,6.9,357.1,32.86,Healthy,19.38
22.6,69.13,32.47,14.97,44.54,19.03,6.43,609.9,34.61,Healthy,16.84
16.01,41.72,10.85,24.23,44.32,43.84,5.6,504.4,38.45,Healthy,25.41
23.5,35.35,32.54,44.82,32.92,33.29,5.78,299.6,46.64,Healthy,14.94
14.76,85.85,51.9,44.22,11.27,22.16,8.01,700.0,55.98,Rust,5.95
15.56,59.06,46.89,34.22,39.26,38.38,6.92,275.4,42.16,Healthy,8.08
35.93,85.32,30.31,40.21,21.12,14.71,6.14,240.1,41.02,Healthy,16.33
19.94,87.07,17.45,43.7,15.05,36.22,7.57,366.6,34.71,Healthy,22.01
34.05,51.19,48.95,29.99,39.31,34.55,7.21,217.4,48.78,Healthy,8.77
27.53,25.58,29.63,37.83,49.56,35.5,5.86,797.4,45.97,Healthy,20.45
15.37,85.53,60.26,37.27,44.27,46.6,6.59,885.0,59.1,Rust,3.16
20.78,55.78,58.83,25.36,18.45,34.14,5.73,347.3,37.83,Root_Rot,3.42
37.32,85.42,21.58,18.94,37.78,36.88,6.29,923.9,47.67,Early_Blight,23.13
34.22,58.59,55.13,43.77,47.39,32.67,5.34,580.9,46.02,Root_Rot,7.66
22.0,65.97,51.74,46.34,17.72,26.73,5.07,723.0,37.21,Root_Rot,7.84
20.85,82.62,32.56,29.96,23.91,40.27,7.25,277.3,37.11,Rust,15.25
33.1,40.79,63.09,37.53,38.48,18.08,7.65,757.4,46.06,Healthy,6.37
26.74,89.56,59.63,40.44,38.14,28.49,7.9,362.4,52.29,Bacterial_Leaf_Spot,4.11
38.77,43.85,52.17,39.48,39.06,42.84,5.82,897.6,49.42,Healthy,12.62
25.38,82.14,33.24,47.48,12.75,49.25,7.63,326.0,44.96,Powdery_Mildew,14.76
29.51,65.51,61.13,32.04,37.87,15.29,6.42,951.0,46.48,Early_Blight,5.48
13.77,42.37,50.75,23.76,46.18,38.28,6.93,764.3,47.45,Healthy,7.09
24.45,80.54,40.82,39.86,40.61,44.18,7.18,710.4,49.33,Healthy,12.46
29.47,43.59,49.61,33.28,10.89,37.51,7.87,284.6,45.44,Healthy,8.56
19.87,90.37,57.9,27.26,22.19,29.42,5.87,982.3,55.6,Rust,5.07
41.67,82.29,57.72,23.9,12.23,32.69,7.4,246.9,43.3,Early_Blight,4.2
21.93,64.44,63.76,22.13,26.86,38.6,6.13,656.8,46.99,Healthy,2.86
25.13,91.7,57.12,32.67,27.84,19.61,5.53,873.6,40.33,Root_Rot,5.89
30.86,57.12,53.29,20.07,11.81,38.94,6.32,607.9,45.0,Healthy,7.3
24.48,84.36,25.89,46.21,45.32,18.85,5.68,217.7,32.98,Powdery_Mildew,18.16
34.02,74.69,9.08,11.11,32.02,43.46,8.05,874.2,37.18,Early_Blight,29.51
25.21,90.16,54.41,49.56,19.23,31.24,7.68,216.9,45.08,Powdery_Mildew,5.83
33.89,86.68,41.89,45.58,42.04,20.53,7.41,407.9,46.45,Bacterial_Leaf_Spot,12.0
30.06,73.67,48.14,20.86,33.51,37.16,6.5,984.6,41.73,Early_Blight,11.99
19.21,62.33,63.25,47.3,30.84,45.97,7.24,907.9,54.25,Healthy,2.72
40.07,82.08,38.9,39.62,10.89,41.74,7.29,762.6,46.14,Rust,15.41
36.28,83.8,31.38,40.06,21.65,15.07,6.03,235.6,37.32,Healthy,15.57
13.5,56.63,28.66,44.15,48.64,15.78,6.3,704.9,41.34,Healthy,17.48
31.77,80.36,44.39,38.07,45.59,34.46,7.35,413.7,45.12,Bacterial_Leaf_Spot,11.6
21.6,90.85,46.28,27.84,25.01,40.38,7.52,273.5,50.19,Powdery_Mildew,9.14
21.27,82.85,40.43,46.55,32.57,40.62,8.02,337.0,48.51,Powdery_Mildew,12.52
22.39,47.82,14.98,35.97,42.67,33.48,7.57,544.8,42.85,Healthy,24.68
37.75,79.29,32.94,46.81,38.62,35.88,8.16,296.6,48.91,Bacterial_Leaf_Spot,16.36
38.58,85.14,50.24,40.36,34.18,21.52,7.8,874.1,45.46,Bacterial_Leaf_Spot,10.78
21.42,83.3,24.73,45.62,32.71,28.83,5.73,646.7,39.17,Healthy,20.37
26.99,85.79,31.92,48.77,45.31,47.44,7.57,917.6,48.84,Bacterial_Leaf_Spot,18.0
24.78,84.37,23.14,44.16,46.08,18.24,5.83,229.2,41.12,Powdery_Mildew,19.27
29.88,90.45,43.98,31.66,40.16,30.79,7.8,355.7,48.83,Early_Blight,10.36
23.89,84.87,32.02,47.27,38.72,31.77,7.51,299.9,45.09,Powdery_Mildew,15.74
23.09,87.13,52.75,12.3,22.85,20.08,7.5,338.8,43.06,Powdery_Mildew,5.48
30.56,89.99,43.48,39.0,14.84,36.35,7.14,346.4,44.91,Healthy,11.29
22.14,91.23,55.59,37.04,13.24,36.46,6.14,918.2,57.34,Rust,5.7
36.38,82.77,18.79,37.57,37.14,16.11,7.03,813.0,41.23,Healthy,25.0
22.89,80.54,36.19,48.82,49.01,31.3,7.56,281.2,47.96,Powdery_Mildew,13.4
23.97,85.54,54.12,38.13,34.23,34.29,5.53,347.6,42.53,Root_Rot,5.65
16.24,83.22,50.5,24.53,34.8,34.11,7.27,873.2,55.64,Rust,7.16
23.24,89.49,56.61,30.12,28.37,18.88,6.09,783.4,48.58,Rust,5.53
25.76,89.43,24.65,18.44,46.58,36.81,7.49,628.1,48.85,Early_Blight,20.85
35.87,41.98,19.2,37.48,17.37,46.41,6.8,657.9,41.0,Healthy,25.61
26.08,31.95,57.1,24.65,22.45,40.26,5.39,821.8,35.31,Root_Rot,7.29
22.81,92.82,41.82,23.23,18.28,40.49,7.58,250.5,41.75,Powdery_Mildew,10.97
32.46,93.29,56.85,33.97,15.76,48.46,6.74,637.3,43.35,Early_Blight,6.53
29.93,85.61,13.22,29.69,35.53,37.57,6.86,558.9,43.54,Early_Blight,25.9
22.4,89.27,56.77,42.2,33.47,44.2,6.86,635.9,49.17,Rust,4.69
28.93,84.09,49.92,46.18,25.04,11.98,7.63,503.9,43.94,Bacterial_Leaf_Spot,8.52
19.14,27.88,62.94,11.88,19.12,17.7,7.49,714.8,49.61,Rust,1.82
25.97,88.08,32.83,46.74,40.37,35.55,7.52,748.3,41.22,Bacterial_Leaf_Spot,17.18
20.39,46.09,59.8,12.28,40.61,37.7,5.23,410.4,43.03,Root_Rot,4.42
21.54,83.06,40.1,47.03,36.57,33.42,7.84,332.1,52.66,Powdery_Mildew,11.96
20.09,86.37,57.54,45.91,14.61,29.1,7.64,397.8,49.43,Rust,3.02
41.17,43.37,50.88,42.04,38.49,35.95,5.05,849.7,43.22,Root_Rot,13.3
15.05,26.33,56.77,40.1,21.22,45.9,5.45,362.0,43.63,Root_Rot,3.76
40.28,86.27,29.6,12.05,22.09,46.87,7.49,685.1,41.28,Early_Blight,19.37
30.62,62.28,11.59,37.85,11.79,25.9,6.48,713.8,36.89,Healthy,27.59
17.52,86.44,39.2,42.18,32.6,11.0,6.79,217.6,38.74,Healthy,12.03
19.04,39.26,62.26,44.91,40.41,33.29,5.59,603.1,50.56,Root_Rot,2.39
20.99,89.61,42.29,13.75,20.49,25.99,6.29,278.8,36.81,Powdery_Mildew,10.44
20.08,89.97,57.23,31.79,47.85,19.16,6.8,908.3,48.14,Rust,5.17
34.95,84.05,9.37,22.28,22.7,30.61,7.41,457.3,35.0,Early_Blight,26.95
29.48,26.32,31.27,35.04,47.31,31.47,5.57,687.0,33.42,Healthy,18.34
21.77,89.99,56.24,20.37,43.06,42.44,6.08,850.7,49.59,Rust,5.54
24.79,83.26,32.83,47.95,35.82,30.18,7.23,329.9,50.17,Powdery_Mildew,15.56
32.78,90.58,29.97,45.97,15.37,23.95,7.43,521.6,40.38,Bacterial_Leaf_Spot,17.75
34.51,36.52,60.02,46.91,30.16,33.11,4.91,625.7,46.75,Root_Rot,5.55
31.04,47.97,40.2,30.86,11.62,20.22,7.37,813.5,38.2,Healthy,15.82
20.19,86.89,53.2,39.25,21.49,18.5,6.32,646.0,44.11,Rust,5.13
36.14,38.13,23.04,47.28,22.56,11.62,5.45,920.8,35.86,Healthy,24.89
33.22,89.88,64.02,45.93,48.95,29.74,7.49,872.8,62.84,Early_Blight,3.7
35.65,66.05,31.61,25.2,27.94,37.29,7.87,774.4,47.65,Early_Blight,19.36
24.86,89.37,31.16,34.97,46.98,10.63,7.18,722.0,48.8,Early_Blight,17.41
34.54,53.4,57.93,42.68,28.67,32.07,6.63,959.0,56.83,Healthy,9.26
23.82,77.72,52.44,17.3,16.19,46.81,5.73,615.5,45.12,Root_Rot,6.96
31.5,85.74,27.96,48.57,41.3,13.76,7.58,382.2,45.95,Bacterial_Leaf_Spot,18.46
35.36,53.27,36.34,17.72,24.57,21.89,7.2,798.8,42.07,Healthy,17.75
20.3,89.01,52.57,15.09,21.36,22.73,7.76,678.6,45.87,Rust,5.98
16.2,42.11,48.37,46.18,10.94,21.9,6.35,836.4,37.8,Healthy,9.74
33.84,67.81,40.42,34.57,32.65,33.47,6.04,579.5,40.33,Early_Blight,13.26
23.93,86.91,49.15,11.42,25.9,21.38,7.44,334.0,46.98,Powdery_Mildew,8.18
33.02,86.76,27.19,44.62,29.98,22.21,7.61,308.4,40.23,Bacterial_Leaf_Spot,18.5
17.37,32.99,54.65,31.21,22.13,36.63,4.91,400.0,41.91,Root_Rot,5.58
40.37,72.87,64.41,27.63,15.81,16.17,5.92,955.8,44.76,Early_Blight,5.92
22.42,24.58,14.13,31.53,34.79,18.29,6.58,740.1,36.3,Healthy,25.89
21.93,87.0,47.29,33.58,22.13,26.83,6.18,859.9,46.45,Healthy,9.04
22.22,90.6,62.97,20.28,28.7,19.7,6.11,259.6,42.67,Powdery_Mildew,1.44
30.42,50.88,32.57,27.95,34.26,10.31,6.72,401.4,36.03,Healthy,16.27
36.25,75.53,23.73,29.53,24.65,16.48,7.3,540.4,35.01,Early_Blight,21.06
18.43,64.35,61.16,43.31,34.42,38.28,5.25,295.5,44.68,Root_Rot,2.48
41.79,85.93,29.41,44.02,22.53,43.19,8.12,272.6,45.38,Bacterial_Leaf_Spot,18.14
27.09,77.35,41.38,36.12,35.01,20.14,5.61,338.4,36.88,Healthy,11.59
32.13,92.89,26.25,44.99,45.43,32.1,7.48,577.5,45.14,Bacterial_Leaf_Spot,20.02
25.33,57.53,8.81,15.27,33.59,44.22,8.11,577.1,45.9,Healthy,27.33
26.79,82.67,9.68,26.22,38.9,49.39,6.16,567.3,35.58,Early_Blight,26.24
29.64,72.01,37.36,35.74,16.71,16.74,5.77,618.6,34.14,Healthy,14.8
38.63,80.96,59.9,16.38,42.63,15.72,5.26,783.0,42.02,Root_Rot,6.41
22.09,87.64,60.98,38.72,19.94,21.25,6.54,729.6,51.54,Rust,3.05
13.32,81.31,12.61,24.18,46.36,42.8,5.01,604.6,43.2,Healthy,24.17
13.03,42.74,12.74,45.13,30.9,23.79,6.69,820.6,34.93,Healthy,24.26
21.82,62.32,26.54,9.84,48.6,16.72,6.96,469.0,35.98,Healthy,17.73
30.6,81.24,9.53,41.69,48.12,46.45,7.58,363.6,47.92,Bacterial_Leaf_Spot,25.56
29.92,69.37,10.96,26.22,30.65,49.52,7.87,969.5,45.59,Early_Blight,28.57
21.6,89.96,54.9,22.76,24.84,46.71,7.89,713.0,50.44,Rust,5.59
33.3,85.58,30.32,45.99,13.9,34.15,7.57,229.8,38.07,Bacterial_Leaf_Spot,16.74
20.94,91.97,53.98,16.29,33.27,44.35,7.69,777.7,54.17,Rust,6.82
15.54,66.69,40.03,17.54,44.78,22.08,7.25,537.3,42.38,Healthy,11.24
16.75,69.8,60.86,34.74,28.37,37.0,7.27,347.4,42.23,Healthy,1.65
31.6,53.7,62.56,27.24,11.27,19.47,6.41,698.1,40.69,Healthy,5.46
17.05,58.69,59.93,41.7,22.26,37.03,5.13,962.9,47.33,Root_Rot,3.99
15.85,74.4,52.79,36.49,28.95,43.93,5.33,743.6,45.19,Root_Rot,6.16
16.17,41.92,10.07,24.04,42.37,43.96,5.53,481.0,35.75,Healthy,25.0
27.09,74.56,39.16,34.07,41.34,26.01,4.77,595.8,44.02,Early_Blight,13.42
16.48,92.77,58.4,24.82,47.06,50.59,7.55,413.8,53.34,Rust,2.83
14.33,80.38,52.96,30.09,39.98,18.46,5.53,735.8,43.73,Root_Rot,6.47
16.77,85.93,33.95,12.57,9.93,10.85,6.04,413.7,43.64,Healthy,14.1
37.54,82.55,37.51,13.43,30.56,24.31,5.75,664.0,33.54,Early_Blight,16.35
19.81,74.13,57.3,20.86,25.03,12.62,5.29,834.8,41.89,Root_Rot,4.91
30.02,85.18,13.66,47.89,10.83,21.73,7.73,644.6,40.53,Bacterial_Leaf_Spot,24.95
33.51,90.14,31.36,13.05,48.64,40.73,5.79,419.5,37.64,Early_Blight,16.66
27.56,84.42,29.72,47.24,34.87,15.32,7.63,437.5,42.09,Bacterial_Leaf_Spot,15.98
22.48,95.67,52.78,12.99,17.84,42.69,7.85,298.8,39.82,Powdery_Mildew,6.06
32.95,84.38,32.66,45.81,14.98,37.08,7.57,265.1,42.52,Bacterial_Leaf_Spot,15.59
12.17,87.16,64.61,30.8,35.73,29.52,7.05,212.4,50.86,Rust,0.67
21.66,90.56,53.05,11.57,45.02,20.87,6.77,818.2,40.0,Rust,6.1
31.49,86.69,25.16,46.91,35.01,37.86,7.31,359.8,37.65,Bacterial_Leaf_Spot,19.91
35.89,28.25,45.32,30.77,46.64,10.6,5.43,744.4,39.9,Healthy,14.56
31.34,90.21,53.86,46.18,45.68,45.53,7.57,828.1,55.79,Bacterial_Leaf_Spot,8.74
33.98,91.11,16.13,46.4,35.58,46.82,7.57,854.5,58.23,Bacterial_Leaf_Spot,25.54
15.34,92.71,50.02,44.24,21.6,24.29,5.81,784.2,43.12,Rust,7.97
36.57,85.25,51.61,20.28,33.73,38.55,6.64,502.1,41.22,Early_Blight,7.74
33.81,81.22,11.0,48.84,18.17,32.64,7.42,429.3,42.08,Bacterial_Leaf_Spot,26.6
38.83,80.26,18.27,47.84,24.28,31.75,8.09,283.9,44.69,Bacterial_Leaf_Spot,22.21
28.65,62.66,25.59,35.64,17.98,34.43,5.8,635.4,38.06,Healthy,19.51
18.9,90.68,11.38,44.16,24.12,33.75,8.08,458.0,42.96,Healthy,24.28
20.06,91.92,56.6,46.91,44.82,14.63,7.67,674.4,47.72,Bacterial_Leaf_Spot,4.96
17.59,76.27,56.43,42.94,47.18,23.81,8.02,424.5,54.26,Healthy,4.08
27.28,83.61,55.41,46.7,13.85,45.88,7.59,815.6,57.03,Bacterial_Leaf_Spot,7.13
22.83,91.01,13.57,37.75,27.16,19.11,7.38,251.2,42.4,Powdery_Mildew,22.8
32.51,88.25,29.73,46.25,45.64,17.86,7.93,371.7,44.03,Bacterial_Leaf_Spot,16.3
28.27,85.39,37.32,49.02,29.99,33.38,7.38,838.8,54.0,Bacterial_Leaf_Spot,15.95
39.3,38.03,57.81,42.53,28.85,29.36,5.26,373.7,41.92,Root_Rot,6.52
19.43,87.31,49.07,21.39,42.4,40.03,6.0,863.5,51.11,Rust,8.11
37.41,70.13,10.49,15.15,46.57,35.13,7.71,942.7,42.43,Early_Blight,29.9
14.11,75.65,59.84,27.08,48.68,17.03,7.2,768.7,44.84,Healthy,3.46
28.5,65.05,25.14,23.4,37.76,27.33,6.55,445.6,43.5,Healthy,19.93
33.8,80.04,21.3,24.04,45.86,29.73,5.46,913.1,37.74,Early_Blight,23.91
29.43,48.58,61.9,39.25,21.37,15.2,4.94,692.7,34.18,Root_Rot,5.2
27.12,87.79,40.2,46.72,23.7,22.65,7.45,352.0,41.7,Bacterial_Leaf_Spot,11.88
19.15,28.96,55.02,31.04,13.09,32.23,5.35,233.7,38.33,Root_Rot,5.09
21.09,80.38,22.66,46.35,29.55,38.03,6.44,209.5,32.47,Powdery_Mildew,19.49
35.96,93.34,19.74,15.56,49.58,35.03,7.13,610.0,41.98,Early_Blight,22.93
18.93,86.95,49.37,45.4,42.21,20.32,6.02,772.0,50.79,Rust,8.09
32.87,59.78,43.1,45.59,43.84,20.49,5.87,789.4,47.4,Early_Blight,13.94
18.73,89.5,60.99,29.52,21.83,28.42,5.92,992.1,44.32,Rust,3.35
33.18,78.3,17.32,21.1,29.23,39.69,5.71,877.2,30.94,Early_Blight,24.89
28.71,29.1,26.06,49.52,38.4,16.09,5.2,402.3,36.23,Healthy,19.98
37.36,58.83,33.76,10.8,26.5,30.86,7.6,762.0,42.46,Healthy,18.28
26.67,62.6,22.04,31.49,16.19,17.4,6.88,745.0,34.21,Healthy,21.95
22.11,94.62,22.12,15.37,13.23,45.91,7.19,320.9,38.25,Powdery_Mildew,19.8
27.98,59.98,38.19,33.03,10.84,16.19,7.23,341.7,36.54,Healthy,13.62
21.77,85.41,60.32,44.11,16.97,21.45,6.78,596.5,49.36,Early_Blight,2.33
32.3,83.99,10.91,46.36,26.93,23.08,7.6,467.9,38.69,Bacterial_Leaf_Spot,26.72
17.53,94.46,8.78,43.77,44.67,48.84,5.8,235.5,37.44,Healthy,25.26
30.89,82.89,13.21,27.4,24.68,24.13,7.92,623.1,43.73,Early_Blight,26.35
34.18,59.67,20.34,14.69,44.25,45.36,5.28,780.5,31.57,Healthy,24.1
22.34,90.09,44.56,15.34,34.81,16.61,7.13,317.2,40.04,Powdery_Mildew,9.86
40.68,77.45,19.19,16.19,46.12,31.36,4.9,536.5,31.08,Early_Blight,24.8
38.9,83.29,7.96,15.71,10.83,15.39,5.73,778.1,35.87,Powdery_Mildew,29.73
39.79,80.4,62.54,14.09,32.0,18.19,8.05,755.8,48.21,Early_Blight,6.03
20.76,38.53,7.23,34.45,11.48,29.97,5.06,363.8,19.41,Healthy,27.03
28.95,77.5,47.54,17.06,43.87,48.27,5.32,834.2,49.39,Early_Blight,11.16
30.07,50.21,49.91,21.04,35.85,13.97,7.87,544.8,46.06,Healthy,9.45
15.13,31.49,60.74,22.44,43.28,32.0,5.39,984.5,53.98,Root_Rot,3.7
32.94,83.52,47.63,19.73,19.29,44.13,7.69,428.1,44.44,Early_Blight,9.3
39.66,28.08,22.75,26.97,38.73,18.42,5.18,644.6,34.73,Healthy,23.78
33.19,42.38,31.3,45.45,20.35,17.3,7.91,706.9,43.41,Healthy,18.98
38.63,65.32,22.74,28.07,41.15,47.06,5.78,244.8,36.76,Early_Blight,20.58
28.25,44.71,10.94,29.72,24.94,37.25,7.78,773.8,30.41,Healthy,27.73
28.39,88.26,60.77,45.2,35.77,20.18,7.24,624.3,54.54,Bacterial_Leaf_Spot,4.31
23.55,90.0,21.03,10.03,40.86,30.64,5.62,245.6,34.95,Powdery_Mildew,21.02
27.15,47.11,43.02,44.76,28.41,14.94,8.25,315.5,44.44,Healthy,10.73
37.71,75.05,56.24,11.11,27.99,13.9,4.8,383.3,35.18,Root_Rot,5.7
14.24,59.91,57.42,16.47,35.63,39.39,6.83,323.3,37.04,Healthy,3.0
27.37,88.9,56.57,28.87,16.5,44.67,6.11,335.0,45.91,Early_Blight,5.84
29.38,35.71,57.22,25.08,42.99,28.09,5.34,397.7,36.82,Root_Rot,5.68
24.48,83.23,52.73,23.11,31.54,41.99,6.7,625.4,44.12,Early_Blight,7.45
28.94,92.12,49.95,19.5,12.74,16.08,4.8,295.3,34.93,Early_Blight,7.07
34.1,87.18,62.0,23.77,17.8,22.17,7.72,866.9,54.22,Early_Blight,5.12
12.48,36.09,54.39,22.33,39.31,37.36,5.18,291.6,38.25,Root_Rot,5.22
22.92,33.33,10.65,23.49,28.43,20.78,5.16,764.2,36.29,Healthy,26.96
22.0,87.71,59.27,36.02,45.67,21.17,7.26,895.2,54.7,Rust,5.05
21.8,91.32,55.65,19.51,10.74,42.81,6.3,400.3,44.86,Root_Rot,6.18
20.09,84.9,24.16,41.63,33.56,12.9,5.35,233.5,34.67,Healthy,18.34
39.53,48.39,44.98,13.29,43.53,39.65,6.02,600.4,41.16,Healthy,12.8
14.79,79.67,61.98,32.78,26.07,13.93,5.31,254.5,41.67,Root_Rot,1.15
35.52,73.62,45.89,23.25,10.06,36.71,7.35,526.5,42.55,Early_Blight,12.12
24.86,83.41,32.0,50.11,46.99,48.63,7.85,1003.1,52.01,Healthy,18.15
38.05,92.96,17.35,14.67,35.3,35.35,6.59,258.1,39.3,Early_Blight,22.61
15.12,83.51,63.45,19.88,22.7,36.4,5.84,859.2,42.81,Rust,1.54
28.33,60.29,62.41,27.01,18.46,48.5,5.19,673.4,37.15,Root_Rot,3.52
31.69,66.27,59.28,27.89,24.2,42.73,5.33,523.3,42.85,Root_Rot,5.45
35.08,81.6,35.31,21.13,40.84,30.63,8.07,883.4,49.71,Early_Blight,17.37
21.6,85.72,26.73,28.31,13.43,14.73,5.7,425.5,29.71,Healthy,17.99
32.96,87.4,16.91,46.81,32.07,19.74,7.47,227.3,40.22,Bacterial_Leaf_Spot,22.89
16.15,33.51,34.65,17.72,45.06,48.87,5.55,432.5,40.18,Healthy,14.27
15.75,62.92,64.31,31.97,31.41,34.16,7.87,224.9,46.71,Healthy,0.48
21.03,89.67,36.42,23.94,26.42,12.7,6.18,257.5,33.63,Powdery_Mildew,13.37
19.52,85.76,37.29,45.16,30.02,15.79,5.74,229.3,39.98,Healthy,13.27
36.41,38.77,58.27,47.17,28.67,36.82,7.95,762.6,53.78,Healthy,9.05
36.73,88.39,49.43,24.16,21.77,16.47,5.83,822.5,42.17,Early_Blight,11.23
25.88,92.53,49.62,30.11,41.04,31.83,5.19,229.6,41.89,Powdery_Mildew,7.95
12.55,85.07,58.17,22.71,14.32,12.87,7.98,884.7,41.22,Rust,3.39
22.37,89.95,56.73,19.57,16.38,22.79,7.18,407.2,46.62,Rust,4.25
28.78,70.69,45.22,34.39,23.3,15.07,5.28,515.9,35.98,Early_Blight,11.23
20.4,89.36,56.08,27.08,23.91,32.79,5.92,963.3,42.55,Rust,5.87
32.66,83.36,60.16,30.84,17.58,40.81,8.09,687.3,55.25,Early_Blight,4.37
28.65,56.17,43.12,11.97,34.69,18.05,5.93,582.1,36.88,Healthy,12.18
31.65,81.74,25.06,28.15,49.02,40.65,6.07,936.0,46.24,Early_Blight,21.77
20.87,59.75,54.21,18.55,19.99,27.83,7.27,828.0,46.73,Healthy,6.62
31.24,73.86,52.96,26.04,22.36,48.09,6.61,642.2,43.92,Early_Blight,8.91
31.99,88.75,59.19,24.82,12.08,49.29,5.23,384.5,44.77,Root_Rot,4.36
28.72,27.27,44.4,43.05,44.47,25.36,6.56,380.9,40.04,Healthy,11.93
32.55,84.7,48.41,35.4,33.18,36.84,7.24,562.2,51.68,Bacterial_Leaf_Spot,9.94
22.75,89.42,59.26,28.03,12.91,14.38,7.03,898.5,48.28,Rust,4.65
21.63,85.92,59.53,44.84,46.64,23.06,7.47,825.1,54.97,Rust,3.74
21.85,89.59,53.0,41.15,25.52,39.37,7.83,487.3,54.67,Rust,6.43
33.56,82.01,58.52,33.41,37.13,30.69,4.92,569.5,39.5,Root_Rot,5.46
35.32,77.33,6.5,30.64,33.6,23.55,7.23,559.3,42.82,Early_Blight,28.42
13.11,92.59,50.67,16.62,13.7,36.1,6.57,424.5,38.13,Rust,6.41
30.89,64.41,34.86,43.57,23.92,36.5,5.51,1003.0,42.81,Healthy,17.95
19.24,29.9,45.63,25.62,25.97,32.27,6.02,369.1,33.09,Rust,9.85
34.11,29.67,30.54,16.07,23.5,45.02,6.57,482.7,27.84,Healthy,18.91
41.82,65.35,57.73,25.73,29.16,40.87,5.26,366.6,42.81,Root_Rot,5.49
23.92,92.84,21.94,24.5,30.23,22.62,7.31,434.9,32.92,Healthy,20.65
23.81,85.43,30.94,47.56,37.71,32.58,7.45,297.7,50.22,Powdery_Mildew,15.99
23.77,84.69,42.71,12.93,34.57,13.74,6.92,274.5,42.07,Rust,9.29
37.1,78.68,50.22,16.45,37.57,49.76,6.52,435.7,51.78,Root_Rot,8.7
21.0,92.18,42.63,14.01,15.91,19.55,6.35,264.7,34.62,Powdery_Mildew,11.11
22.64,87.7,57.72,18.2,45.05,49.24,7.41,874.6,57.5,Rust,4.42
31.37,77.48,44.51,22.48,29.6,47.59,7.3,854.8,47.2,Early_Blight,12.86
26.67,35.83,9.36,35.63,42.82,23.58,7.92,358.4,42.05,Healthy,27.4
25.45,59.86,60.23,46.62,47.27,28.12,5.26,684.0,51.75,Root_Rot,4.14
39.04,36.15,27.64,10.57,16.53,29.26,7.6,370.7,28.49,Rust,19.64
34.82,78.2,48.32,16.79,14.58,15.34,5.8,727.4,34.84,Early_Blight,10.37
21.81,91.03,57.93,40.3,19.74,30.67,7.75,880.7,57.17,Rust,5.81
40.27,81.66,43.75,20.29,19.31,46.59,5.54,774.1,44.05,Early_Blight,13.96
18.87,90.97,59.69,14.26,45.11,34.41,6.74,469.3,50.9,Rust,3.14
30.81,50.82,56.86,28.76,32.04,12.2,5.42,743.9,41.8,Root_Rot,8.04
20.97,49.69,53.57,10.43,16.2,42.71,6.86,265.8,43.68,Healthy,6.18
19.87,51.1,57.93,28.51,37.12,36.78,5.11,558.7,42.97,Root_Rot,4.06
14.61,90.76,59.19,33.18,13.97,46.78,6.48,411.9,43.62,Rust,2.62
25.76,46.96,56.23,14.53,12.3,25.46,5.57,641.9,29.45,Root_Rot,6.67
38.9,55.61,61.85,46.49,35.04,19.59,5.74,479.6,40.7,Root_Rot,4.31
33.56,79.92,42.29,31.82,21.59,42.73,7.19,490.5,40.66,Early_Blight,11.38
23.94,40.99,10.76,22.3,23.24,44.97,8.08,518.1,43.82,Healthy,26.22
21.0,29.72,21.5,44.49,43.29,17.12,6.97,304.5,44.81,Healthy,19.75
27.2,78.39,47.83,38.19,36.58,13.48,7.81,903.2,45.67,Bacterial_Leaf_Spot,11.56
22.02,88.05,46.18,15.83,33.17,18.82,7.1,302.3,42.5,Powdery_Mildew,9.21
21.19,88.26,49.51,36.29,33.61,12.43,7.9,958.2,50.32,Rust,8.43
29.04,84.94,34.52,18.77,13.78,43.24,6.71,457.3,34.89,Early_Blight,14.97
17.37,92.31,66.3,38.25,20.74,26.31,5.49,559.4,42.77,Root_Rot,0.0
23.5,93.7,34.22,15.85,33.58,14.83,7.18,315.3,45.18,Powdery_Mildew,14.03
36.38,74.41,60.59,44.35,35.06,29.2,5.5,823.3,45.43,Root_Rot,6.86
33.94,77.81,57.65,32.81,26.04,33.57,5.16,933.5,41.38,Root_Rot,8.79
23.7,85.63,12.16,31.3,11.7,32.1,7.1,217.8,38.57,Powdery_Mildew,24.69
41.12,28.99,50.35,25.6,42.13,15.13,5.59,532.9,45.26,Root_Rot,11.08
19.03,93.98,57.78,14.5,40.09,43.33,6.33,552.2,43.7,Rust,3.88
32.49,39.68,45.59,41.22,42.34,30.84,6.4,324.6,43.84,Healthy,10.13
27.85,56.99,60.19,16.03,39.44,37.88,6.51,859.9,44.27,Healthy,6.71
20.89,82.51,20.19,46.26,23.99,14.79,7.32,237.8,39.08,Powdery_Mildew,20.56
21.08,87.16,55.62,16.33,22.49,41.78,6.53,704.5,45.09,Rust,6.69
34.38,87.05,29.61,28.09,30.15,47.66,5.25,463.8,46.53,Early_Blight,18.67
41.0,91.75,35.79,25.4,41.71,25.52,5.66,768.9,44.31,Early_Blight,16.4
34.28,63.72,19.39,37.89,36.82,39.41,5.56,517.0,40.81,Healthy,22.93
30.92,32.05,58.7,33.07,46.85,35.66,5.42,861.3,53.59,Root_Rot,7.34
37.03,54.1,57.24,14.32,23.82,12.87,4.85,463.5,37.23,Root_Rot,6.38
33.06,90.14,62.22,14.16,49.26,36.28,5.63,377.9,42.47,Root_Rot,2.75
33.78,76.56,14.02,37.98,21.17,23.59,7.42,227.3,39.5,Bacterial_Leaf_Spot,25.51
34.41,83.32,19.11,11.01,33.72,43.42,6.99,666.3,42.2,Early_Blight,23.15
23.85,81.47,50.83,13.96,18.04,26.02,5.61,275.0,35.63,Root_Rot,7.21
21.17,85.06,57.7,44.65,50.31,44.8,7.04,430.8,55.08,Rust,4.48
27.3,82.97,32.12,48.48,27.12,22.6,7.85,502.9,38.82,Bacterial_Leaf_Spot,16.42
41.81,61.98,41.92,20.34,49.1,18.84,5.47,268.8,43.25,Healthy,12.33
19.99,92.6,58.36,15.34,15.22,43.25,6.27,337.4,40.28,Powdery_Mildew,3.04
20.39,27.78,17.61,47.33,30.54,40.51,8.0,544.9,45.07,Healthy,22.94
33.19,85.95,14.85,49.23,35.94,13.93,7.68,219.0,34.19,Bacterial_Leaf_Spot,23.75
20.46,84.66,61.13,42.92,49.23,48.18,8.11,391.4,52.46,Rust,2.66
22.05,92.09,20.47,46.58,34.14,27.93,7.72,310.0,45.8,Powdery_Mildew,20.97
34.72,40.37,36.43,34.61,11.2,45.67,6.62,571.7,38.0,Healthy,17.17
31.45,37.74,13.55,29.42,29.84,22.0,7.24,448.3,35.07,Early_Blight,26.12
25.7,87.58,25.29,33.44,19.51,30.34,6.44,899.4,38.43,Early_Blight,20.45
22.76,90.78,52.62,47.31,26.59,35.55,7.25,579.7,53.69,Rust,6.28
28.37,51.95,23.39,23.28,18.36,43.38,8.04,552.3,36.92,Healthy,20.83
23.76,62.69,35.45,19.0,48.45,48.51,7.76,465.9,46.89,Healthy,14.6
17.87,50.85,16.58,23.87,21.29,39.15,7.57,297.9,39.38,Healthy,22.47
13.85,64.55,30.27,41.39,39.61,46.2,8.16,888.7,54.61,Healthy,16.13
35.76,60.25,54.83,21.08,9.19,34.02,6.99,610.7,43.1,Healthy,7.63
26.58,88.18,45.39,13.94,10.86,16.79,7.69,875.9,57.34,Early_Blight,10.83
27.48,88.67,35.14,46.31,33.8,38.6,7.39,868.2,49.39,Bacterial_Leaf_Spot,15.31
33.91,50.57,49.52,28.76,31.8,11.45,5.7,812.4,36.79,Early_Blight,11.49
12.37,30.44,13.63,31.85,45.12,21.51,5.82,659.4,37.79,Healthy,22.81
21.05,87.75,51.54,23.84,25.89,49.2,7.0,672.3,46.42,Rust,6.89
22.18,92.21,21.73,46.91,33.37,28.36,7.72,328.8,45.95,Powdery_Mildew,19.97
34.1,47.45,61.11,18.87,36.32,13.67,6.16,260.8,39.65,Healthy,2.62
35.47,57.67,26.5,14.4,32.98,12.52,6.45,856.2,44.02,Healthy,22.48
13.49,37.78,50.13,47.46,17.3,17.9,5.36,229.8,39.66,Root_Rot,7.27
23.78,88.08,21.47,11.18,38.74,30.45,5.53,257.7,29.72,Powdery_Mildew,19.95
29.01,89.65,18.77,49.56,11.82,39.08,7.7,578.5,45.89,Bacterial_Leaf_Spot,22.53
22.2,82.46,43.71,40.4,35.5,45.14,6.37,265.2,46.13,Powdery_Mildew,10.46
34.73,78.52,56.38,27.47,45.99,20.21,5.01,440.1,43.57,Root_Rot,5.64
39.45,29.34,19.81,26.23,39.6,49.58,6.42,983.5,42.14,Powdery_Mildew,27.85
26.04,41.24,33.12,15.41,29.86,22.76,4.91,548.5,32.6,Healthy,17.18
27.9,52.4,62.39,34.08,19.42,34.47,5.19,322.9,33.75,Root_Rot,2.98
37.46,87.95,61.5,39.38,27.03,24.4,5.09,372.3,40.78,Root_Rot,3.71
18.84,86.43,57.22,19.36,28.51,47.75,6.92,588.8,42.86,Rust,4.91
38.31,87.34,57.55,19.41,25.82,46.25,5.71,657.8,42.98,Root_Rot,5.72
34.86,82.55,56.29,27.39,44.84,20.41,4.98,430.9,41.19,Root_Rot,6.61
36.14,92.03,59.96,11.48,23.8,22.55,7.36,730.1,45.39,Early_Blight,5.76
13.87,62.41,8.39,15.08,35.59,22.1,8.23,213.0,31.02,Healthy,26.16
38.56,72.23,22.02,32.65,36.21,22.1,4.81,893.7,33.87,Early_Blight,24.75
39.15,67.24,63.22,19.08,22.22,40.64,8.06,217.8,52.29,Early_Blight,2.17
28.77,85.95,50.36,49.12,10.23,11.65,7.67,455.9,48.87,Bacterial_Leaf_Spot,8.01
29.44,88.63,20.97,50.1,15.56,18.32,7.82,293.8,41.01,Bacterial_Leaf_Spot,21.01
21.37,90.92,61.78,36.57,13.11,38.16,6.34,982.2,47.42,Rust,3.24
21.47,85.7,36.19,38.21,33.38,41.13,5.99,275.9,34.25,Powdery_Mildew,13.98
39.76,72.21,64.06,26.51,47.43,35.62,5.34,645.7,48.63,Root_Rot,3.56
26.72,78.96,59.89,29.83,13.11,14.69,7.0,884.1,44.4,Early_Blight,4.89
12.69,86.31,53.59,18.41,47.62,45.24,8.09,640.0,51.83,Rust,6.47
23.28,91.71,36.47,17.05,36.21,14.76,7.21,302.8,40.9,Powdery_Mildew,13.22
24.26,89.82,52.21,23.84,46.34,26.84,6.64,236.0,43.86,Powdery_Mildew,6.23
34.89,38.03,64.62,16.15,38.96,33.0,7.63,828.2,52.31,Healthy,5.07
23.43,31.64,52.44,29.5,28.87,34.9,6.6,292.8,36.31,Healthy,6.88
22.28,82.94,51.66,29.85,26.95,12.55,7.7,294.3,42.02,Powdery_Mildew,6.31
18.0,31.4,57.71,33.67,42.04,46.25,4.98,358.0,44.52,Root_Rot,3.96
38.61,66.21,16.87,45.61,21.18,30.85,5.57,816.4,37.97,Healthy,27.08
24.58,29.73,24.05,43.58,9.64,33.4,5.23,884.1,35.03,Healthy,21.59
22.61,82.5,49.52,47.57,22.4,20.41,7.96,264.0,49.51,Powdery_Mildew,7.99
27.36,76.05,40.13,25.23,29.57,32.6,6.55,808.9,44.91,Early_Blight,14.39
17.53,77.62,33.51,45.91,17.0,32.34,5.72,291.6,34.3,Healthy,15.13
19.65,87.69,53.72,38.91,21.16,19.36,6.51,613.3,45.47,Rust,6.21
28.69,68.46,13.7,24.08,15.29,11.5,5.69,421.5,26.17,Early_Blight,26.36
27.22,54.86,43.24,47.17,43.55,19.38,6.1,858.5,45.59,Healthy,13.75
33.27,84.98,61.28,44.94,20.26,17.72,7.85,609.7,49.0,Bacterial_Leaf_Spot,4.45
21.04,85.08,64.63,21.52,28.05,19.76,6.11,253.5,37.74,Powdery_Mildew,0.24
18.14,82.13,34.26,31.43,23.13,46.87,6.94,309.3,40.18,Healthy,14.26
18.43,86.46,50.8,23.96,21.81,20.17,7.89,593.2,42.53,Rust,8.01
32.53,85.95,60.18,45.19,18.93,17.0,7.78,641.9,58.42,Bacterial_Leaf_Spot,5.66
23.47,85.47,19.96,22.52,44.51,20.28,4.98,366.7,34.5,Healthy,21.91
27.33,66.09,52.59,26.37,13.21,17.37,7.16,280.9,33.42,Early_Blight,7.02
19.05,76.39,60.2,41.14,21.22,13.75,5.48,457.5,40.77,Root_Rot,2.35
14.62,90.61,55.25,41.02,23.09,22.43,5.86,831.9,48.12,Rust,5.3
30.59,68.83,33.38,37.02,28.92,33.79,6.07,848.0,39.61,Healthy,17.27
21.87,89.9,56.5,18.32,16.74,23.2,7.16,443.4,38.72,Rust,4.01
20.88,86.38,63.29,38.52,11.9,17.31,6.88,428.6,52.78,Rust,1.74
18.53,92.86,46.62,17.8,29.32,34.88,6.98,667.7,46.98,Healthy,9.51
39.28,60.51,24.56,30.11,36.91,14.8,8.04,297.4,39.2,Healthy,20.59
31.47,71.76,53.09,13.83,38.96,33.8,4.76,304.5,40.33,Root_Rot,6.95
30.36,82.21,63.44,49.32,23.39,45.52,7.87,362.4,49.92,Bacterial_Leaf_Spot,2.36
27.22,30.48,44.35,27.88,39.48,15.61,5.66,234.5,35.34,Healthy,9.9
26.57,86.56,56.41,48.14,36.71,47.56,7.78,529.1,57.51,Bacterial_Leaf_Spot,5.4
22.7,88.85,40.07,26.91,37.98,21.87,6.87,288.5,44.37,Powdery_Mildew,11.12
37.42,75.53,62.86,19.66,12.44,14.13,5.03,383.7,29.78,Root_Rot,2.06
25.01,59.78,9.02,16.37,34.4,44.1,8.17,569.2,42.59,Healthy,27.48
21.8,90.4,51.92,23.32,26.48,33.95,6.0,948.5,48.7,Rust,7.47
24.81,32.23,16.12,39.41,30.98,48.59,7.29,496.8,44.98,Healthy,24.41
21.75,83.16,37.8,31.44,34.97,31.45,7.56,277.3,43.5,Powdery_Mildew,13.4
18.78,52.13,17.59,47.07,10.97,10.05,4.97,1003.4,35.33,Healthy,23.11
21.8,84.58,49.55,24.91,39.89,36.3,5.97,336.8,40.34,Powdery_Mildew,7.98
24.28,41.6,32.8,47.99,14.95,40.42,5.78,676.1,43.77,Healthy,16.61
39.32,74.06,21.17,10.85,37.24,31.17,7.08,857.9,35.1,Healthy,23.87
21.89,83.31,54.0,14.49,26.63,32.13,6.14,260.7,42.17,Powdery_Mildew,5.59
16.75,37.46,29.45,13.05,26.87,35.66,6.17,934.8,30.25,Healthy,17.4
32.93,79.91,20.67,47.12,48.15,21.47,7.42,843.6,40.99,Bacterial_Leaf_Spot,23.45
20.74,89.08,60.09,36.1,13.17,37.69,6.47,973.4,46.34,Rust,5.05
36.12,77.57,50.12,32.26,24.43,35.34,7.05,506.5,45.77,Early_Blight,8.52
14.22,57.35,32.03,20.52,41.64,9.95,5.12,921.4,37.75,Healthy,15.92
33.0,90.99,51.23,9.87,34.37,31.46,5.29,546.9,40.06,Root_Rot,7.89
23.56,95.09,48.26,13.31,26.24,31.03,6.91,423.8,39.27,Rust,8.95
24.88,85.47,14.19,47.91,34.48,20.75,7.32,224.0,40.55,Powdery_Mildew,23.62
18.83,90.17,51.26,33.03,37.84,17.27,6.5,947.2,44.81,Rust,7.84
15.32,66.13,41.18,17.52,44.07,23.39,7.27,552.9,45.44,Healthy,10.88
25.79,67.06,14.68,29.35,17.69,33.89,6.82,266.5,35.15,Rust,23.16
16.58,86.2,60.6,24.94,45.55,49.3,6.43,267.6,43.08,Rust,2.76
37.35,55.84,59.72,30.77,33.81,38.65,5.58,368.0,55.41,Root_Rot,5.58
17.35,31.09,24.21,24.16,16.88,27.63,6.34,742.8,33.06,Healthy,20.07
30.01,70.79,60.01,28.88,20.22,16.11,5.16,406.5,42.16,Root_Rot,3.48
32.62,71.23,11.31,35.56,23.02,24.4,7.79,232.0,30.08,Healthy,25.41
32.31,88.37,23.62,45.71,21.32,32.54,7.62,579.1,37.75,Bacterial_Leaf_Spot,22.14
18.28,87.75,59.87,19.41,26.78,48.72,6.77,458.4,43.45,Rust,3.04
33.6,77.38,48.96,15.58,10.79,13.32,6.73,986.9,41.14,Early_Blight,12.52
22.53,85.67,17.68,34.5,12.32,30.27,7.79,232.7,31.32,Powdery_Mildew,21.46
30.94,75.72,41.69,14.9,44.34,41.49,7.16,508.0,47.06,Early_Blight,12.58
30.88,36.19,55.48,45.14,19.91,44.2,5.07,380.1,41.51,Root_Rot,6.67
39.95,75.72,42.65,23.72,29.82,35.56,6.18,258.9,33.94,Early_Blight,11.8
34.93,68.47,64.05,44.43,31.63,22.57,5.67,847.2,43.56,Root_Rot,4.49
29.26,85.06,26.73,49.21,27.55,47.41,7.53,322.0,44.17,Bacterial_Leaf_Spot,17.96
34.02,79.46,31.04,29.59,36.35,29.44,5.31,309.4,42.31,Early_Blight,17.21
36.88,69.8,44.38,11.99,50.14,34.36,5.54,1003.9,41.17,Early_Blight,15.5
22.61,83.34,29.86,30.04,39.68,42.59,7.35,301.8,46.04,Powdery_Mildew,17.28
18.35,95.2,56.14,15.16,37.38,46.05,6.32,643.1,45.86,Rust,5.79
39.1,26.93,51.38,17.64,10.46,36.29,5.33,927.4,36.74,Root_Rot,13.67
24.79,85.24,25.07,45.99,13.68,43.32,7.73,334.3,50.58,Powdery_Mildew,18.72
26.59,68.43,31.77,33.29,29.3,14.48,6.19,321.3,35.52,Early_Blight,16.75
13.45,85.79,54.68,37.56,39.88,34.4,6.09,447.0,50.22,Rust,5.28
21.59,85.06,49.46,14.16,33.78,18.13,7.07,272.5,41.52,Powdery_Mildew,7.08
19.76,90.22,52.91,41.72,24.91,12.74,6.25,900.7,54.49,Rust,6.47
25.03,77.05,43.09,32.41,49.81,26.17,6.28,208.6,43.7,Early_Blight,10.72
15.28,89.45,57.49,44.92,48.3,20.48,6.63,780.4,46.6,Rust,4.02
20.4,89.12,26.26,48.32,44.61,33.95,8.07,324.1,42.77,Powdery_Mildew,18.02
14.96,40.7,54.57,24.63,44.74,24.3,5.32,447.6,37.11,Root_Rot,5.8
30.28,41.24,46.36,29.09,25.43,13.67,7.39,243.9,36.13,Healthy,10.02
13.08,26.2,58.97,46.7,20.96,47.43,4.85,494.5,48.73,Root_Rot,3.8
33.36,39.62,62.3,37.2,39.81,18.01,7.62,763.0,45.69,Healthy,4.82
38.85,72.18,18.55,28.86,23.77,19.28,6.24,925.5,43.96,Early_Blight,26.49
36.52,76.57,54.32,43.48,12.13,48.98,5.18,765.7,43.08,Root_Rot,9.16
15.76,63.48,24.55,39.88,21.75,43.45,6.31,395.4,37.68,Healthy,17.94
20.97,84.73,18.46,47.35,26.9,18.38,7.46,274.6,46.71,Powdery_Mildew,21.17
24.75,93.81,59.97,12.27,43.14,46.69,7.8,335.0,51.02,Powdery_Mildew,2.68
17.37,29.25,65.12,30.52,48.79,33.94,6.32,735.7,51.87,Healthy,1.49
35.22,33.1,36.73,23.53,43.0,30.9,6.77,275.5,32.91,Root_Rot,15.39
19.39,41.49,11.92,23.77,25.57,46.62,6.49,461.4,36.81,Rust,26.0
23.29,83.6,54.92,40.42,36.26,44.44,6.31,262.0,45.09,Powdery_Mildew,4.78
16.99,73.8,54.76,39.33,23.14,26.26,5.53,645.2,41.48,Root_Rot,5.78
37.35,32.5,40.42,48.09,11.53,25.81,7.65,636.5,43.85,Healthy,16.01
28.22,94.58,37.27,41.66,17.62,13.02,6.74,896.3,42.76,Healthy,15.43
27.33,52.19,36.81,12.0,14.13,46.05,5.76,440.9,31.48,Healthy,14.69
21.4,86.56,25.68,32.0,40.87,20.81,7.6,820.9,48.49,Healthy,19.54
26.81,74.94,37.91,12.77,22.59,46.5,7.22,358.2,37.97,Early_Blight,14.24
24.58,83.23,20.6,45.95,13.84,39.34,7.81,336.0,41.18,Powdery_Mildew,21.45
29.16,33.49,55.74,14.98,28.79,38.26,5.17,596.7,38.42,Root_Rot,6.68
23.55,48.96,50.47,43.21,36.48,14.13,6.11,917.5,51.3,Healthy,9.94
18.78,63.6,61.65,22.84,38.81,13.72,4.92,577.5,39.35,Root_Rot,3.06
39.51,87.57,16.58,31.23,43.25,26.67,5.15,588.3,35.36,Early_Blight,25.07
29.93,90.46,45.46,23.69,45.01,28.07,5.78,720.2,48.96,Early_Blight,11.87
26.32,44.42,9.49,21.56,14.84,31.41,4.97,376.3,33.62,Healthy,26.6
14.28,65.95,43.84,29.84,23.94,40.18,6.98,852.7,44.59,Healthy,10.4
21.22,91.56,24.25,40.08,22.39,44.8,6.26,267.2,40.52,Powdery_Mildew,18.92
25.66,93.71,44.27,10.66,24.2,42.84,5.96,828.6,41.87,Early_Blight,10.53
39.27,78.88,43.77,43.38,45.85,40.01,5.86,562.0,46.07,Healthy,12.7
27.34,76.19,61.24,13.5,27.55,42.97,7.49,374.1,44.55,Early_Blight,2.64
30.06,45.1,29.41,26.5,26.38,49.46,4.86,821.2,36.24,Healthy,19.51
22.41,89.14,22.86,26.3,26.09,13.86,7.5,228.2,39.23,Powdery_Mildew,20.18
27.72,71.79,11.55,24.33,40.05,15.38,7.07,434.0,38.22,Early_Blight,25.88
36.31,92.22,55.86,13.55,41.59,45.75,5.36,928.6,43.71,Root_Rot,8.31
31.37,84.42,51.04,37.89,39.86,40.03,6.0,730.7,45.25,Healthy,8.89
27.0,79.52,48.47,31.44,19.1,29.08,6.69,339.0,38.33,Early_Blight,8.7
21.69,86.26,48.63,33.27,22.28,26.41,6.19,865.3,47.31,Rust,9.7
32.24,77.43,17.28,22.0,28.88,24.12,7.37,959.2,41.77,Early_Blight,25.24
19.44,34.24,47.68,45.06,9.98,15.52,6.92,718.6,46.35,Healthy,9.59
25.4,88.27,48.04,23.28,25.18,40.35,7.66,271.7,43.78,Powdery_Mildew,8.81
30.11,71.66,40.3,31.15,26.12,14.7,5.4,589.1,37.75,Early_Blight,12.58
23.64,74.01,55.2,35.0,12.8,34.53,5.62,248.4,41.31,Root_Rot,5.06
23.06,93.04,41.84,23.66,17.22,41.23,7.6,273.6,35.61,Powdery_Mildew,10.82
21.33,83.74,61.68,18.86,28.02,24.54,6.34,264.6,40.24,Powdery_Mildew,1.98
20.44,84.7,23.03,40.9,34.91,12.4,5.19,240.3,31.33,Powdery_Mildew,19.1
21.84,28.65,44.74,38.49,18.33,15.68,5.43,548.9,34.14,Healthy,10.97
39.5,64.77,58.49,41.01,27.09,46.74,4.83,730.4,44.41,Root_Rot,8.55
13.96,58.13,26.82,18.17,23.32,13.96,4.98,711.7,30.39,Healthy,17.66
31.39,65.61,32.91,21.86,28.42,27.55,5.93,868.3,44.59,Early_Blight,18.58
36.92,61.31,21.55,47.21,15.09,48.48,5.58,197.1,31.88,Powdery_Mildew,21.73
41.67,48.5,56.03,31.79,34.23,20.88,5.41,803.1,40.4,Root_Rot,9.93
14.48,86.87,49.55,47.74,43.69,18.42,5.63,266.9,41.14,Rust,8.08
21.03,86.81,59.0,45.82,12.7,22.97,6.11,886.4,47.63,Rust,4.47
39.49,47.87,53.87,17.73,33.67,34.92,4.93,593.8,33.76,Root_Rot,10.16
29.85,66.65,64.63,32.05,27.68,31.88,7.52,845.3,52.98,Early_Blight,4.12
16.83,45.94,24.33,17.88,28.21,35.7,6.88,815.7,33.82,Healthy,19.83
17.33,92.13,24.5,37.1,11.88,26.89,8.12,343.4,41.81,Healthy,18.63
40.67,52.39,27.98,16.37,17.78,50.18,6.37,606.2,41.83,Healthy,20.74
12.63,93.62,10.19,41.24,48.33,14.3,7.76,975.8,45.75,Healthy,25.14
20.47,93.79,51.39,30.04,29.97,44.38,7.65,731.3,51.6,Rust,7.87
28.41,79.34,37.07,28.16,14.55,11.35,5.18,425.7,26.44,Rust,14.07
15.19,63.29,10.55,10.91,18.58,29.88,5.02,247.1,25.13,Healthy,24.62
18.97,85.28,56.92,31.67,45.68,44.12,7.03,319.6,44.07,Rust,4.04
32.56,66.23,38.59,19.95,16.96,46.62,7.39,824.5,52.26,Early_Blight,16.36
30.26,69.58,20.28,27.17,41.37,44.35,5.39,292.9,32.17,Bacterial_Leaf_Spot,21.97
41.19,36.09,43.5,18.77,12.47,31.66,7.39,270.8,39.04,Healthy,11.56
22.07,33.8,28.81,45.99,49.18,31.01,4.98,950.6,36.14,Healthy,19.0
37.56,71.93,52.36,33.19,27.85,18.66,5.17,853.4,44.98,Root_Rot,10.7
39.45,87.99,59.58,21.27,26.53,48.35,5.73,616.9,40.79,Root_Rot,6.46
27.83,92.36,25.03,24.64,17.47,14.42,7.82,400.0,30.94,Early_Blight,19.79
40.21,33.43,58.97,14.56,43.55,21.36,7.35,764.2,52.8,Healthy,8.24
24.05,69.77,34.95,11.18,47.11,31.86,7.71,744.7,44.86,Early_Blight,15.57
15.06,65.35,15.37,31.19,13.33,38.28,7.48,246.8,37.87,Healthy,22.14
29.48,47.43,57.2,45.15,47.64,24.14,5.09,544.4,47.75,Root_Rot,5.97
32.2,44.82,50.62,38.24,37.99,43.8,5.65,380.6,35.03,Root_Rot,9.37
34.51,81.63,57.22,26.29,44.34,19.62,5.06,418.4,37.72,Root_Rot,4.73
36.99,73.75,21.12,22.27,37.39,21.89,7.28,463.6,37.05,Early_Blight,21.46
22.13,87.93,51.32,45.27,42.17,45.47,7.66,257.5,43.18,Powdery_Mildew,6.3
26.41,88.27,49.14,22.07,13.8,14.25,5.03,635.5,37.18,Early_Blight,9.14
24.23,74.65,16.34,42.67,10.89,40.46,5.64,443.3,40.86,Healthy,23.47
27.3,83.57,55.71,45.32,30.34,20.91,7.41,306.9,45.47,Bacterial_Leaf_Spot,5.39
21.74,81.69,41.48,42.54,41.84,44.45,7.35,305.7,51.95,Powdery_Mildew,11.85
34.28,40.55,15.35,45.93,34.0,16.67,4.91,909.1,40.04,Healthy,27.09
39.38,84.01,55.1,20.22,46.98,17.4,5.23,806.5,48.27,Powdery_Mildew,9.45
20.48,92.23,57.42,46.94,43.91,16.43,7.7,721.9,54.65,Rust,4.56
17.17,78.84,63.95,41.11,46.04,46.27,5.17,606.9,50.93,Root_Rot,1.68
21.45,66.07,22.03,13.49,28.78,23.32,7.04,929.2,38.69,Healthy,20.95
31.18,82.85,57.78,46.56,24.65,39.27,7.76,942.6,56.82,Bacterial_Leaf_Spot,6.99
22.56,91.75,23.63,44.08,33.04,28.48,7.45,311.4,43.97,Powdery_Mildew,19.41
35.86,69.2,26.58,11.68,37.41,45.04,7.89,926.5,37.3,Early_Blight,22.88
17.74,85.54,57.37,25.01,49.98,14.56,6.0,556.8,45.8,Rust,3.43
29.12,76.08,59.97,17.95,23.81,44.11,7.84,995.4,58.6,Early_Blight,6.05
19.09,88.13,56.25,20.02,22.91,48.37,7.17,792.5,49.84,Rust,4.68
35.72,50.38,58.52,19.29,34.81,46.42,5.41,951.8,49.66,Root_Rot,9.03
25.43,82.12,47.86,25.53,23.24,11.0,4.83,467.2,36.32,Early_Blight,9.46
22.14,87.69,51.1,30.62,43.6,19.55,7.27,258.6,44.76,Powdery_Mildew,7.46
16.37,79.08,57.9,24.55,27.39,23.07,5.57,569.3,44.95,Root_Rot,3.63
20.79,89.42,52.97,12.76,23.39,21.97,7.52,717.6,49.21,Rust,7.25
24.26,86.59,58.14,28.4,47.66,24.77,8.08,895.0,54.71,Early_Blight,6.08
24.33,83.65,57.89,22.59,33.52,41.69,6.77,634.7,46.06,Early_Blight,4.07
18.35,78.24,8.24,15.14,26.91,21.55,5.04,759.8,37.11,Healthy,27.08
38.01,46.64,40.36,28.73,21.98,29.08,6.0,873.3,46.07,Healthy,17.57
14.33,46.13,58.46,39.5,22.44,35.5,5.1,781.8,40.91,Root_Rot,3.65
26.98,84.35,25.6,31.4,35.9,28.42,6.09,496.7,37.14,Early_Blight,18.69
21.35,91.53,39.5,28.4,17.16,49.61,6.38,232.2,45.28,Powdery_Mildew,12.4
33.57,65.75,7.18,29.86,33.14,40.34,6.47,281.3,30.74,Early_Blight,26.84
34.17,75.61,43.6,34.84,49.17,23.33,6.39,704.4,44.03,Early_Blight,12.93
36.29,69.16,32.4,23.34,43.86,48.94,8.15,287.4,43.81,Early_Blight,16.23
32.21,37.67,62.13,38.09,44.31,30.33,5.13,695.8,39.49,Root_Rot,5.66
20.54,92.54,49.56,23.86,14.39,15.03,6.97,973.6,45.2,Rust,8.4
36.63,79.61,44.22,27.81,21.28,30.27,6.89,312.9,45.28,Early_Blight,10.61
17.21,77.18,39.61,16.52,26.44,13.67,4.86,867.7,35.23,Healthy,12.7
25.0,93.66,31.21,28.93,40.54,18.36,7.16,235.5,34.94,Powdery_Mildew,16.31
22.47,74.44,33.18,16.43,10.12,31.62,6.19,902.1,32.56,Healthy,17.72
23.81,84.77,58.24,34.62,28.79,35.97,5.62,737.4,46.72,Root_Rot,4.17
33.92,53.26,10.18,45.17,15.6,29.0,4.94,297.0,25.67,Healthy,26.49
42.08,56.09,20.49,33.87,33.46,42.89,4.86,845.6,39.59,Healthy,25.73
15.83,53.08,56.82,34.58,40.92,25.9,5.4,236.4,46.35,Root_Rot,4.51
21.48,90.35,46.04,25.14,24.04,38.33,7.57,303.2,40.91,Powdery_Mildew,8.67
32.22,87.67,12.27,47.68,46.0,17.94,7.33,916.2,46.18,Bacterial_Leaf_Spot,27.05
17.97,84.42,56.89,25.39,48.91,14.54,6.02,541.3,45.9,Rust,4.15
31.82,81.89,63.55,36.37,17.57,40.24,7.49,859.3,49.24,Bacterial_Leaf_Spot,4.16
16.06,43.55,47.74,40.61,31.55,48.92,6.08,421.6,49.82,Healthy,8.57
21.76,93.38,47.46,38.7,24.42,30.11,6.09,269.6,44.08,Powdery_Mildew,8.68
20.92,87.99,11.38,13.11,31.88,30.34,5.62,255.5,34.94,Powdery_Mildew,24.63
36.13,49.0,12.3,44.2,12.3,29.33,6.87,338.9,38.7,Healthy,25.19
20.89,84.59,23.21,35.81,36.86,24.13,7.03,197.8,31.85,Powdery_Mildew,19.57
21.4,39.8,58.39,28.81,22.78,42.98,5.94,431.9,38.77,Healthy,4.21
28.36,63.76,29.95,42.35,14.0,48.42,5.32,388.0,39.52,Healthy,17.91
22.55,94.86,54.54,13.87,29.54,40.82,7.55,734.7,51.39,Rust,5.9
13.97,76.46,62.86,36.64,43.68,46.34,5.05,667.4,50.3,Root_Rot,0.69
19.72,77.07,17.52,37.35,38.0,31.34,6.34,587.0,35.15,Healthy,22.47
21.96,89.8,28.0,44.65,19.72,19.47,5.93,225.9,36.98,Powdery_Mildew,17.77
35.0,60.24,14.8,27.62,10.39,30.97,5.65,445.8,33.51,Healthy,25.16
20.56,90.02,41.71,14.53,21.06,25.71,6.38,281.5,40.51,Powdery_Mildew,10.9
16.28,66.25,9.29,11.34,42.75,44.72,7.88,577.4,46.52,Rust,25.41
28.89,90.05,26.93,48.64,22.99,21.27,7.58,353.8,42.41,Bacterial_Leaf_Spot,19.19
38.6,65.8,36.95,12.93,11.35,26.41,6.94,757.3,34.95,Early_Blight,16.76
23.88,71.37,59.07,15.71,29.24,35.27,7.72,941.9,49.52,Healthy,5.0
38.93,93.66,37.61,39.95,37.21,23.54,7.82,875.6,53.42,Bacterial_Leaf_Spot,16.92
29.9,88.12,40.41,48.53,47.38,22.44,7.31,812.8,51.74,Bacterial_Leaf_Spot,13.03
20.83,90.93,43.3,45.21,16.17,27.64,6.81,276.6,46.37,Powdery_Mildew,10.93
24.95,84.21,25.7,47.25,13.84,43.65,7.77,347.4,48.48,Powdery_Mildew,18.96
22.82,76.84,61.37,27.61,37.89,11.66,7.36,953.7,55.35,Healthy,4.49
35.71,86.82,8.63,22.74,19.67,33.51,5.14,223.3,26.56,Early_Blight,26.69
14.45,91.29,60.21,32.03,15.57,45.74,6.59,447.0,54.65,Rust,2.42
15.31,56.47,35.9,29.56,17.4,43.64,5.69,528.3,44.67,Healthy,13.21
23.98,80.94,33.38,48.71,17.92,47.26,7.78,322.3,48.09,Powdery_Mildew,15.02
39.94,79.87,53.88,31.14,36.76,24.39,5.03,681.0,43.86,Root_Rot,8.44
32.87,75.93,10.95,30.65,17.72,49.28,7.17,633.4,44.8,Early_Blight,27.44
15.76,88.68,63.43,24.23,20.26,16.09,8.16,827.4,49.51,Rust,1.96
24.25,89.91,47.4,49.57,44.39,24.68,7.5,199.7,46.25,Powdery_Mildew,9.16
33.55,66.57,53.15,31.38,22.31,34.63,6.7,589.8,40.7,Early_Blight,8.48
31.53,90.74,27.98,23.89,29.57,14.91,6.74,777.9,36.76,Healthy,20.05
39.99,33.92,28.39,9.77,13.17,31.74,7.41,387.4,34.23,Bacterial_Leaf_Spot,19.41
22.64,69.31,34.34,42.02,28.46,46.32,4.99,699.6,45.15,Healthy,15.41
30.57,82.08,56.78,20.45,49.94,34.92,5.13,226.6,38.69,Root_Rot,4.82
29.21,86.31,31.7,47.92,24.77,47.64,7.74,326.6,44.72,Bacterial_Leaf_Spot,15.93
27.23,82.81,12.49,29.52,25.31,37.01,6.1,794.5,36.13,Rust,26.33
35.31,84.71,32.25,50.04,31.76,44.54,7.53,524.1,53.2,Bacterial_Leaf_Spot,16.65
31.87,76.1,44.76,45.36,30.07,30.26,7.47,656.0,47.17,Bacterial_Leaf_Spot,11.51
34.47,79.47,59.03,17.62,49.61,41.97,5.25,791.3,47.06,Root_Rot,6.74
21.36,80.32,34.86,44.83,17.64,21.89,6.06,267.2,34.45,Powdery_Mildew,14.59
15.98,32.01,52.91,28.91,16.88,23.88,5.26,679.8,42.41,Root_Rot,6.04
33.29,77.57,48.24,36.13,16.74,14.49,6.89,363.5,43.04,Healthy,9.54
17.11,92.88,33.12,27.96,43.39,15.88,5.9,395.1,33.98,Healthy,14.56
25.03,83.35,40.89,48.84,47.53,19.11,7.83,292.4,43.34,Powdery_Mildew,11.68
18.35,58.94,58.38,10.58,27.2,46.15,5.69,553.5,44.91,Root_Rot,4.73
41.7,92.01,50.07,41.11,44.9,22.2,5.44,910.5,45.7,Root_Rot,12.11
18.37,30.43,57.96,12.88,39.14,47.11,5.82,292.1,38.98,Healthy,4.23
21.65,91.1,49.69,23.59,23.97,29.43,6.09,908.6,50.46,Rust,9.69
28.88,88.71,36.99,27.27,37.26,21.49,7.05,416.9,38.87,Early_Blight,13.65
18.6,93.15,48.58,13.95,45.89,36.68,7.43,411.0,45.7,Rust,7.5
12.14,37.62,44.77,21.29,17.21,15.56,8.05,667.2,43.48,Healthy,9.11
29.12,85.6,54.85,38.04,18.49,43.73,7.29,553.9,53.85,Bacterial_Leaf_Spot,6.38
25.92,88.0,49.62,22.55,14.71,12.9,4.97,638.6,35.43,Early_Blight,7.57
25.7,37.21,56.35,44.43,32.67,15.65,5.58,961.0,43.29,Root_Rot,7.72
39.31,66.22,21.18,30.1,26.62,34.09,8.16,840.4,49.39,Early_Blight,24.72
39.69,79.27,29.41,15.17,49.89,11.98,6.61,412.6,36.23,Early_Blight,18.77
35.94,90.31,63.95,30.48,40.68,47.85,5.05,703.7,50.55,Root_Rot,3.85
25.42,45.46,26.01,21.97,41.03,45.8,6.12,528.9,39.82,Healthy,19.26
24.87,92.65,39.5,17.85,11.5,18.93,6.19,275.4,34.24,Powdery_Mildew,12.47
31.83,75.65,39.86,40.92,15.49,27.33,5.88,882.4,45.3,Healthy,15.51
42.06,88.64,48.41,24.17,23.03,48.9,8.1,982.8,55.87,Bacterial_Leaf_Spot,12.7
15.0,28.2,33.6,38.43,24.98,36.81,4.87,829.7,35.79,Healthy,15.02
19.81,44.47,18.94,41.9,23.77,13.93,8.03,221.6,40.5,Healthy,20.16
28.82,88.48,28.38,46.52,25.64,20.07,7.56,414.2,42.26,Bacterial_Leaf_Spot,17.32
29.74,88.25,33.07,45.66,18.18,39.77,7.63,326.5,38.67,Bacterial_Leaf_Spot,15.15
32.76,84.82,56.76,45.38,31.64,24.51,7.8,283.6,52.63,Bacterial_Leaf_Spot,4.93
21.31,86.7,37.12,27.36,18.16,16.47,6.87,280.4,36.51,Powdery_Mildew,12.65
21.68,91.25,39.83,12.45,40.03,38.74,6.28,328.9,42.25,Powdery_Mildew,11.74
13.45,58.18,13.76,25.48,31.84,33.65,6.02,553.6,41.63,Healthy,22.88
31.87,45.87,46.26,46.12,46.76,18.45,5.57,541.4,45.66,Healthy,11.44
28.8,73.13,24.54,30.91,36.78,29.53,6.37,259.5,32.81,Early_Blight,19.41
33.91,65.33,59.33,11.79,33.33,39.95,6.77,867.5,51.8,Early_Blight,7.22
24.98,84.98,32.97,47.87,13.12,48.4,7.64,327.2,43.21,Powdery_Mildew,15.32
12.17,87.51,52.04,42.15,47.84,11.77,5.92,313.2,39.47,Rust,5.18
28.2,72.77,18.57,18.71,23.2,42.6,6.88,700.1,38.93,Early_Blight,23.18
24.14,89.21,20.4,41.27,21.63,15.05,7.51,242.8,42.2,Powdery_Mildew,20.47
19.57,26.69,46.07,26.31,47.53,17.31,5.31,648.4,39.47,Healthy,10.04
20.85,45.65,50.38,31.02,42.99,16.29,6.84,822.0,47.56,Healthy,8.82
23.69,82.16,9.0,25.68,37.63,43.58,5.86,265.1,36.89,Powdery_Mildew,26.6
26.57,93.79,14.42,36.98,21.53,15.51,8.06,373.6,36.76,Bacterial_Leaf_Spot,24.22
30.08,29.13,51.97,29.85,35.05,16.4,5.44,980.7,38.38,Root_Rot,10.75
32.48,77.66,43.58,21.39,46.74,13.55,6.51,714.1,35.92,Early_Blight,13.12
30.88,89.75,33.12,49.39,41.93,43.25,7.37,754.0,53.7,Bacterial_Leaf_Spot,17.44
21.49,91.02,52.34,14.13,12.41,28.22,6.26,639.3,34.45,Rust,6.57
24.02,67.99,31.56,9.39,30.19,44.89,5.13,956.8,38.87,Early_Blight,18.31
37.94,40.73,21.72,22.75,45.79,41.43,5.4,426.8,31.22,Healthy,22.43
21.49,83.71,45.61,46.85,35.75,34.58,7.99,336.6,51.9,Powdery_Mildew,8.74
22.78,82.48,56.8,47.74,30.71,46.47,6.75,245.4,47.69,Powdery_Mildew,4.51
27.18,84.47,48.51,47.64,50.69,34.83,7.88,353.9,48.84,Bacterial_Leaf_Spot,8.65
30.18,94.73,35.29,32.48,25.21,21.86,6.21,573.7,39.76,Early_Blight,15.21
18.55,88.28,51.5,13.82,45.93,33.23,6.74,472.1,49.51,Rust,6.78
24.27,96.09,16.32,29.9,43.1,18.35,7.44,291.8,39.4,Powdery_Mildew,22.24
25.57,89.5,38.69,47.35,33.11,47.14,7.49,628.9,49.06,Bacterial_Leaf_Spot,13.88
30.24,62.98,63.14,45.35,40.67,35.67,5.29,414.0,49.87,Root_Rot,2.65
21.43,88.08,41.44,43.85,14.97,29.92,6.74,250.8,39.75,Powdery_Mildew,11.2
20.39,54.85,23.84,49.48,14.46,38.74,6.7,931.3,42.14,Healthy,20.95
36.89,45.14,56.85,26.98,41.39,25.71,4.83,381.4,37.98,Root_Rot,5.63
25.8,91.69,18.24,22.54,23.21,11.2,7.82,945.4,39.43,Early_Blight,23.18
21.05,89.74,46.01,20.18,41.12,41.08,8.04,282.4,44.89,Powdery_Mildew,7.99
31.05,85.79,58.03,45.99,40.14,27.59,7.69,405.1,60.41,Bacterial_Leaf_Spot,4.98
25.1,82.72,25.98,41.77,41.3,17.91,5.32,253.8,29.35,Powdery_Mildew,17.67
40.88,37.66,37.96,14.56,39.77,42.17,6.24,613.5,35.2,Healthy,17.16
25.36,36.63,52.39,38.75,44.45,38.68,6.77,365.9,46.43,Healthy,7.33
38.21,79.71,41.59,38.91,10.61,43.92,7.48,672.6,51.55,Bacterial_Leaf_Spot,14.49
22.39,90.1,56.36,39.41,28.61,29.76,7.52,712.1,52.79,Rust,4.84
25.38,89.14,63.17,45.9,28.09,16.11,7.74,732.1,59.02,Bacterial_Leaf_Spot,2.79
31.14,43.97,10.08,21.86,29.94,18.99,7.84,907.4,37.0,Healthy,30.34
13.85,55.03,21.08,14.4,19.8,25.8,6.1,595.2,30.99,Healthy,21.15
30.09,91.97,60.61,19.03,14.92,38.55,7.39,677.4,49.29,Early_Blight,4.82
28.26,52.04,17.35,26.73,15.44,34.07,7.4,205.6,29.84,Healthy,22.5
23.87,80.0,63.9,37.55,39.9,34.1,6.67,260.5,44.0,Powdery_Mildew,0.69
21.08,88.58,46.18,24.9,24.86,39.82,7.61,331.7,48.8,Powdery_Mildew,9.48
23.07,29.29,60.77,42.78,41.85,46.65,4.96,821.0,44.89,Root_Rot,4.76
23.95,27.28,49.74,34.51,29.87,41.87,5.85,448.7,48.4,Healthy,8.88
30.83,40.97,53.07,15.85,30.92,39.54,5.15,732.8,32.58,Root_Rot,8.94
21.46,89.01,51.82,44.11,32.71,45.09,5.68,343.3,45.63,Root_Rot,6.54
28.35,56.76,62.8,23.24,20.52,50.6,5.02,213.0,39.5,Root_Rot,1.97
36.85,78.04,11.87,19.52,39.6,12.08,5.06,655.0,30.18,Early_Blight,27.46
19.89,85.84,64.04,18.43,11.37,31.6,7.28,676.1,52.73,Rust,1.9
39.19,48.48,39.97,29.51,34.13,32.35,5.07,738.9,48.37,Healthy,16.2
24.18,86.67,10.12,39.97,37.29,34.33,7.67,671.1,40.26,Healthy,25.75
36.89,87.78,39.61,11.56,44.49,16.6,7.87,376.1,40.77,Early_Blight,14.05
23.74,83.38,28.55,45.27,43.55,19.52,5.46,220.8,36.33,Powdery_Mildew,18.21
19.62,69.46,40.77,26.95,11.3,29.25,6.56,919.8,48.02,Healthy,12.98
15.96,89.55,34.26,12.12,31.38,19.14,5.0,427.7,36.5,Healthy,13.62
33.31,36.9,37.57,38.72,16.11,17.82,5.0,481.9,31.26,Healthy,14.89
34.09,71.78,20.43,29.04,16.45,12.0,7.98,440.4,34.39,Early_Blight,22.49
28.91,94.63,54.66,17.67,30.73,14.25,5.22,419.8,31.07,Root_Rot,6.66
22.58,26.27,55.55,18.12,32.09,37.36,5.19,323.5,40.19,Root_Rot,4.78
15.24,93.35,51.32,35.26,47.6,10.57,6.87,574.7,53.22,Rust,6.61
25.47,88.86,46.4,32.9,10.47,47.14,6.47,300.0,40.92,Powdery_Mildew,9.29
35.44,78.29,25.97,18.73,15.92,20.36,7.48,975.8,47.09,Early_Blight,22.83
31.95,44.29,33.54,26.45,26.17,33.95,5.52,438.7,31.31,Healthy,16.38
39.25,50.55,24.38,23.1,26.84,24.29,5.01,252.9,36.65,Healthy,19.27
18.11,68.7,48.37,25.31,28.13,16.74,5.7,225.8,42.85,Healthy,8.18
17.26,41.06,47.02,45.13,10.03,21.8,6.19,834.5,40.24,Root_Rot,10.19
17.48,50.41,43.24,28.12,31.2,42.95,7.29,535.5,46.4,Healthy,10.71
31.49,84.41,25.01,48.05,30.35,13.86,7.82,350.4,45.8,Bacterial_Leaf_Spot,19.59
41.17,74.27,40.26,45.32,37.48,36.04,6.33,355.4,49.3,Healthy,13.12
37.76,42.75,31.7,44.75,34.0,45.93,6.29,369.0,34.59,Healthy,17.14
25.0,90.34,28.4,23.31,32.64,35.9,6.82,1009.0,52.19,Early_Blight,19.64
18.03,88.44,49.48,49.92,25.66,15.59,6.72,431.2,50.15,Bacterial_Leaf_Spot,7.8
15.77,40.86,16.88,17.04,17.33,46.64,6.64,987.1,34.73,Healthy,23.35
39.27,30.85,56.22,31.39,45.37,10.66,5.07,903.3,47.56,Root_Rot,11.86
23.01,81.09,58.48,24.2,11.17,15.85,5.57,978.1,44.99,Root_Rot,4.83
23.7,59.32,55.12,11.64,29.98,32.27,5.73,534.8,41.73,Root_Rot,5.82
22.16,88.63,19.11,37.34,12.22,22.46,5.57,253.3,34.38,Powdery_Mildew,21.28
34.53,45.83,60.73,36.26,40.53,17.73,7.42,821.8,48.44,Healthy,6.61
26.16,46.96,53.21,31.08,37.53,27.55,4.81,244.6,31.35,Root_Rot,6.66
30.59,50.05,22.3,42.26,10.22,26.79,8.11,525.6,41.99,Healthy,21.72
24.55,94.01,26.98,20.46,12.63,22.38,5.73,328.8,25.67,Powdery_Mildew,17.42
14.5,90.98,59.48,35.8,14.24,46.54,6.95,439.1,46.69,Rust,2.86
37.68,29.76,31.33,16.09,23.08,38.68,5.88,564.0,27.79,Healthy,19.49
21.21,45.98,56.28,47.87,41.25,46.67,5.51,876.1,53.61,Root_Rot,6.81
13.64,69.0,41.67,30.81,22.6,39.13,6.99,836.6,51.75,Healthy,11.33
16.48,91.91,49.34,27.54,46.32,22.73,5.61,829.8,46.58,Rust,8.21
36.34,89.47,24.14,39.83,17.99,21.49,8.02,497.2,31.81,Bacterial_Leaf_Spot,20.86
27.21,51.89,42.76,44.84,28.41,15.63,8.16,301.9,43.07,Healthy,11.15
32.18,91.81,20.35,16.14,16.87,26.53,6.56,696.7,29.19,Early_Blight,22.41
21.55,87.88,41.89,43.71,14.74,28.06,6.73,250.1,38.61,Powdery_Mildew,11.06
22.84,84.38,55.97,26.03,23.36,15.31,7.44,296.5,39.65,Powdery_Mildew,4.6
26.09,57.39,63.62,20.67,44.41,42.61,4.91,274.1,43.73,Root_Rot,2.47
21.49,92.56,51.05,38.75,26.49,23.21,6.24,844.2,44.21,Rust,8.62
26.24,60.8,14.78,12.44,24.86,46.11,7.37,862.9,36.69,Healthy,26.04
21.85,88.8,56.9,45.3,37.0,43.75,7.84,218.8,49.11,Root_Rot,4.3
14.67,89.35,54.57,21.8,45.56,46.18,7.81,527.2,57.43,Rust,5.09
26.12,94.24,58.35,23.94,24.03,26.56,8.11,787.2,52.25,Early_Blight,4.51
35.18,91.92,41.44,29.2,13.38,41.87,6.83,720.7,41.49,Early_Blight,13.63
35.64,74.17,54.13,10.99,42.64,34.98,7.41,749.4,53.11,Early_Blight,8.81
41.45,43.73,53.43,16.91,17.85,47.82,7.55,528.5,41.11,Healthy,9.48
34.95,94.27,22.13,38.1,16.41,38.42,5.88,705.4,43.9,Healthy,22.5
30.05,74.7,55.54,16.02,35.33,37.2,5.99,931.9,50.19,Early_Blight,8.46
38.64,73.67,54.92,36.2,40.51,14.98,5.79,785.4,46.57,Root_Rot,8.74
35.78,82.99,19.61,17.02,47.21,29.17,5.8,820.3,37.52,Early_Blight,24.04
22.98,89.39,60.85,30.47,12.23,14.53,6.97,882.5,46.79,Rust,4.62
28.75,90.72,31.93,47.88,36.74,34.29,7.57,325.6,51.73,Bacterial_Leaf_Spot,16.33
22.98,92.66,43.2,31.24,26.98,40.69,7.27,212.1,46.14,Powdery_Mildew,10.09
24.57,71.67,29.75,20.33,12.77,49.29,6.48,971.9,41.79,Early_Blight,18.72
31.96,89.23,40.37,31.85,25.25,37.8,4.93,484.5,34.87,Early_Blight,12.92
38.53,41.25,50.74,18.68,43.3,28.96,7.29,328.6,51.89,Healthy,8.81
21.77,62.47,21.1,17.62,17.75,28.5,6.66,232.0,30.26,Healthy,20.59
33.22,86.12,17.24,23.31,44.71,28.42,5.48,428.8,36.55,Early_Blight,24.57
25.45,88.33,17.45,46.64,19.03,23.71,7.87,300.8,42.29,Powdery_Mildew,22.32
29.17,93.59,19.32,38.87,12.64,24.51,5.24,274.9,28.79,Healthy,21.78
31.13,76.99,61.68,28.43,26.35,35.79,4.9,675.5,36.44,Root_Rot,3.46
22.97,94.81,22.98,25.79,31.1,22.19,7.37,401.9,34.22,Healthy,19.54
23.56,93.0,59.58,16.63,46.23,25.48,7.62,395.1,49.07,Rust,3.97
19.25,75.04,59.1,22.81,31.55,20.74,5.61,355.1,40.47,Root_Rot,3.51
18.94,92.69,52.89,18.8,13.83,14.64,6.99,581.0,45.9,Rust,4.15
22.12,94.42,22.44,15.19,12.62,46.18,7.16,318.4,33.45,Powdery_Mildew,20.14
25.98,81.74,33.49,46.11,12.53,40.59,7.68,333.8,42.15,Powdery_Mildew,16.15
22.87,83.58,51.74,42.22,36.5,47.07,6.37,262.7,51.68,Early_Blight,5.6
41.63,71.36,41.05,32.46,48.3,36.73,4.86,820.9,41.03,Early_Blight,16.88
19.05,88.22,51.41,44.84,46.77,47.31,7.04,484.2,53.0,Rust,5.51
19.08,86.2,61.11,20.09,18.68,39.89,6.78,717.8,45.12,Rust,3.41
24.63,90.98,46.71,48.69,21.53,36.04,7.74,232.6,51.24,Powdery_Mildew,8.82
23.8,82.51,61.83,41.76,36.97,38.53,6.73,247.8,47.88,Powdery_Mildew,0.89
21.88,90.73,58.34,28.11,26.86,47.0,7.04,507.1,50.97,Rust,4.27
35.28,92.5,16.38,29.85,39.16,39.65,6.25,894.4,39.08,Early_Blight,26.34
25.97,86.91,30.65,31.9,47.0,40.71,8.18,845.2,50.4,Early_Blight,18.08
13.09,91.87,53.57,19.37,13.72,31.35,6.59,543.3,43.1,Rust,5.73
28.04,78.27,20.05,34.3,10.93,13.88,8.22,271.7,35.51,Early_Blight,20.98
16.44,92.02,64.07,18.39,33.96,28.77,8.12,424.2,54.42,Rust,0.0
31.4,65.35,26.84,18.38,34.53,45.64,6.31,621.5,37.46,Early_Blight,20.38
37.19,28.98,40.36,49.08,29.81,30.85,5.03,306.6,32.46,Healthy,14.24
20.0,86.23,32.02,18.44,43.13,35.46,7.65,287.8,40.96,Powdery_Mildew,15.93
30.39,55.99,31.89,20.16,12.35,11.13,6.84,925.2,34.24,Healthy,18.25
27.47,76.03,61.54,14.32,20.53,19.18,7.13,587.1,36.29,Early_Blight,2.83
28.19,81.12,14.63,17.26,43.28,31.14,7.52,452.9,42.5,Early_Blight,23.81
33.87,68.51,29.69,38.48,19.75,49.07,7.71,570.4,45.38,Healthy,17.96
21.29,87.96,38.09,30.26,21.59,13.77,6.18,318.5,38.89,Powdery_Mildew,12.78
21.65,84.19,10.96,17.41,34.81,38.43,5.45,237.2,33.13,Powdery_Mildew,25.03
37.99,29.41,25.65,14.65,36.86,19.15,6.48,814.9,28.05,Healthy,23.22
20.85,37.31,60.32,28.03,30.37,11.69,5.55,889.9,39.81,Root_Rot,5.01
35.32,71.52,64.3,49.76,38.06,46.5,5.53,389.9,44.74,Root_Rot,2.64
22.59,93.83,21.37,37.26,41.03,43.49,7.12,285.3,43.92,Powdery_Mildew,19.97
41.2,60.81,10.88,40.95,19.29,31.88,6.75,216.4,34.39,Healthy,25.77
25.06,28.09,47.42,31.73,19.45,29.86,6.3,263.6,40.79,Healthy,8.03
13.17,26.5,45.3,41.84,18.74,40.24,5.99,731.2,49.82,Healthy,9.34
20.57,94.68,8.89,12.03,27.72,16.46,7.05,329.8,36.08,Powdery_Mildew,25.84
26.06,88.03,18.78,47.71,11.87,21.08,7.98,462.6,38.87,Bacterial_Leaf_Spot,22.21
27.69,45.0,23.5,19.54,20.26,37.8,7.13,530.7,35.43,Healthy,21.19
38.68,50.18,21.92,23.21,26.6,22.6,5.03,259.3,15.38,Healthy,21.29
19.33,84.17,55.17,37.93,42.07,37.66,7.61,931.2,55.28,Rust,5.9
41.75,84.59,60.82,13.34,42.93,42.77,5.2,729.2,49.73,Root_Rot,6.3
24.89,88.01,12.84,32.25,35.47,44.6,7.87,355.8,47.25,Early_Blight,24.92
22.34,93.75,57.2,40.16,20.45,32.27,7.66,888.4,52.68,Rust,5.33
39.44,35.61,25.29,47.18,12.9,39.24,6.28,753.6,39.2,Healthy,23.86
21.96,88.16,31.85,36.01,15.74,35.93,6.08,275.3,38.28,Powdery_Mildew,15.41
39.48,28.59,64.5,31.47,24.57,25.31,6.71,426.2,50.96,Healthy,3.35
34.83,70.85,63.61,46.93,31.07,22.48,5.54,878.9,45.66,Root_Rot,5.4
31.99,84.29,15.73,29.6,12.69,33.59,5.93,499.3,32.17,Early_Blight,23.93
27.93,71.52,41.22,18.89,9.84,47.5,6.68,496.0,47.21,Early_Blight,12.72
29.88,86.86,12.1,20.99,48.03,40.23,6.32,862.6,44.88,Early_Blight,26.92
26.41,61.15,21.63,31.94,14.95,18.06,6.82,755.5,31.27,Healthy,22.12
21.84,84.44,17.89,35.97,18.96,24.49,5.38,268.0,27.78,Powdery_Mildew,21.62
18.13,89.8,50.77,30.54,23.79,15.05,8.05,562.2,49.59,Early_Blight,6.96
28.14,87.54,10.86,47.07,30.33,25.51,7.8,547.2,38.29,Bacterial_Leaf_Spot,25.33
24.58,91.35,51.57,24.11,45.93,29.16,6.15,259.7,48.5,Powdery_Mildew,6.89
37.06,80.23,62.4,46.05,29.54,33.84,7.96,994.0,55.54,Bacterial_Leaf_Spot,6.44
38.79,32.19,28.87,20.01,12.36,30.26,7.71,429.3,33.6,Healthy,20.0
29.78,93.44,59.68,49.04,36.48,23.93,5.14,797.6,44.46,Root_Rot,4.82
41.06,93.08,36.44,25.02,40.52,27.04,5.74,787.3,42.66,Early_Blight,17.98
21.8,82.14,40.32,43.79,42.49,45.48,7.58,323.2,48.27,Powdery_Mildew,11.64
20.88,93.0,55.47,31.42,25.66,44.52,7.61,800.6,51.96,Rust,5.34
14.04,82.3,55.82,25.24,41.13,32.51,7.36,973.1,53.67,Rust,4.37
25.66,76.6,57.03,44.39,20.12,15.5,7.45,222.4,40.29,Bacterial_Leaf_Spot,3.41
32.31,28.88,31.38,23.89,44.52,47.09,5.05,346.2,39.01,Healthy,18.01
35.65,45.58,52.76,15.13,32.7,13.04,5.07,319.7,33.44,Root_Rot,8.22
29.7,86.47,37.15,48.57,38.06,48.67,7.8,332.2,54.19,Bacterial_Leaf_Spot,14.02
28.62,88.92,62.36,46.26,34.55,43.57,7.85,630.5,56.67,Bacterial_Leaf_Spot,2.83
13.07,58.88,55.49,20.58,26.23,16.88,5.33,834.3,39.89,Root_Rot,5.76
24.41,42.14,53.24,21.26,37.57,47.51,5.04,623.1,40.35,Root_Rot,7.38
19.68,90.26,50.44,31.15,43.24,14.5,6.64,544.3,44.92,Rust,7.34
33.33,84.97,16.21,49.9,36.57,13.62,7.78,205.6,43.82,Bacterial_Leaf_Spot,23.56
28.22,85.96,31.17,30.26,14.6,18.93,6.47,294.4,33.25,Early_Blight,16.53
22.56,91.56,23.9,16.45,25.7,45.14,7.74,342.7,40.33,Powdery_Mildew,20.34
32.68,82.42,21.18,47.01,45.59,37.67,7.75,664.9,48.46,Bacterial_Leaf_Spot,22.68
13.72,47.47,64.76,21.05,38.12,12.64,5.44,679.6,41.03,Root_Rot,0.53
32.66,92.61,23.71,42.72,26.09,28.32,7.38,462.7,42.93,Bacterial_Leaf_Spot,20.08
31.2,93.8,22.66,23.79,43.96,29.06,5.26,414.6,33.55,Early_Blight,19.62
29.13,88.79,32.22,46.31,39.58,37.4,7.69,255.4,49.47,Bacterial_Leaf_Spot,15.48
19.95,90.42,44.63,20.0,29.19,20.68,5.36,936.9,44.85,Healthy,11.37
41.27,34.42,30.21,35.27,10.99,26.28,6.47,521.9,35.77,Powdery_Mildew,20.28
26.18,83.03,17.64,28.52,47.69,32.35,6.46,560.0,44.33,Early_Blight,23.02
29.12,68.8,24.6,12.53,30.37,19.0,6.57,878.7,42.64,Early_Blight,21.21
23.82,94.29,34.97,48.32,11.12,35.17,5.73,251.3,34.21,Powdery_Mildew,14.21
26.32,78.86,56.47,25.19,37.88,43.11,5.49,378.3,48.62,Root_Rot,5.54
21.92,90.13,60.94,12.42,22.61,16.61,7.79,343.5,49.8,Powdery_Mildew,2.76
21.6,85.33,42.42,26.41,25.19,41.08,7.2,232.6,43.0,Powdery_Mildew,10.74
38.1,52.56,60.72,42.29,45.59,21.29,6.15,439.6,52.35,Healthy,4.44
24.45,92.09,27.91,11.91,42.86,20.46,5.15,244.0,34.23,Powdery_Mildew,17.73
24.54,85.52,34.57,29.42,38.02,30.29,5.31,669.7,41.14,Early_Blight,13.91
20.67,93.72,10.36,34.42,31.48,24.78,7.24,257.6,44.55,Powdery_Mildew,25.25
27.94,92.82,64.22,20.7,44.78,26.47,7.41,569.8,51.08,Early_Blight,3.39
13.77,84.27,49.9,20.02,15.15,24.86,7.22,400.5,36.42,Rust,6.32
40.45,28.86,51.74,17.8,44.54,27.46,5.63,683.1,38.56,Root_Rot,11.54
34.77,29.01,43.52,26.78,17.61,44.81,6.38,899.3,42.59,Healthy,15.76
13.74,68.48,37.51,43.12,19.12,34.62,5.3,336.3,40.39,Healthy,12.4
35.81,85.5,45.35,12.24,12.84,35.81,7.05,896.1,35.47,Early_Blight,13.6
14.4,83.83,10.11,25.95,35.31,33.7,6.21,324.1,44.04,Healthy,25.2
34.48,67.94,36.6,18.55,36.12,33.01,4.9,372.8,31.18,Early_Blight,14.78
30.88,82.76,21.2,28.34,11.12,31.84,5.4,708.2,40.07,Early_Blight,22.88
22.59,84.8,49.65,26.73,38.51,36.83,6.08,323.9,44.64,Powdery_Mildew,7.67
35.15,75.88,31.7,48.69,34.43,37.94,8.12,923.2,45.52,Bacterial_Leaf_Spot,21.19
32.95,78.12,45.48,40.33,28.58,33.67,7.73,655.4,50.28,Bacterial_Leaf_Spot,11.79
18.37,90.61,51.15,29.63,50.0,33.39,8.15,391.3,53.52,Rust,6.9
19.39,42.36,61.6,41.01,36.7,39.79,4.93,288.2,40.82,Root_Rot,1.36
20.53,90.91,42.24,45.67,15.33,25.61,6.8,281.2,33.28,Powdery_Mildew,10.49
34.84,79.06,47.35,34.54,36.84,37.21,5.07,348.6,38.85,Early_Blight,10.19
16.46,88.56,49.42,37.37,29.28,20.83,7.1,984.4,47.29,Rust,7.48
26.73,85.4,30.84,46.42,44.79,45.17,7.76,840.2,55.51,Bacterial_Leaf_Spot,16.87
30.7,85.34,60.55,37.16,17.08,38.14,6.23,865.7,48.91,Healthy,5.31
35.57,94.49,47.09,30.39,34.69,31.11,6.49,935.6,42.9,Early_Blight,12.78
21.16,89.53,24.13,41.8,15.47,21.45,5.72,249.7,32.69,Powdery_Mildew,18.91
22.79,90.81,34.71,27.66,35.84,24.86,6.63,261.9,39.61,Powdery_Mildew,14.05
28.32,92.27,26.11,19.68,12.27,33.76,6.6,392.8,34.68,Early_Blight,17.81
31.12,66.97,45.91,21.11,31.39,46.14,6.28,808.4,49.0,Early_Blight,12.45
29.17,85.53,19.49,48.27,11.87,44.97,7.73,268.8,47.29,Bacterial_Leaf_Spot,21.75
17.31,90.21,55.26,37.57,11.09,32.67,7.22,257.1,44.5,Rust,3.82
23.07,91.7,42.63,40.74,16.82,30.49,7.94,310.1,42.76,Powdery_Mildew,11.34
20.56,29.49,21.93,46.54,44.17,17.29,7.07,306.6,33.97,Healthy,20.65
38.29,93.76,9.57,16.32,43.35,20.59,5.54,515.6,26.55,Early_Blight,27.99
17.25,87.38,61.87,25.89,35.93,38.93,6.21,599.4,49.96,Rust,2.48
39.35,33.1,59.75,39.51,27.83,29.14,5.79,477.2,42.3,Root_Rot,6.43
22.57,91.86,34.16,26.43,35.25,23.19,6.66,222.2,44.8,Powdery_Mildew,14.62
21.13,92.62,56.43,34.27,37.93,17.46,5.72,329.1,48.45,Early_Blight,4.92
34.82,53.74,53.28,40.31,36.02,45.94,7.8,224.2,54.44,Healthy,5.67
26.67,36.18,53.61,47.86,23.53,19.39,5.0,607.6,39.56,Root_Rot,7.03
14.17,48.96,64.11,20.5,37.41,11.33,5.4,697.0,36.88,Root_Rot,0.73
28.61,80.02,37.82,45.75,38.38,49.03,7.75,544.6,53.1,Bacterial_Leaf_Spot,14.11
17.53,60.95,65.03,12.66,44.73,11.51,4.91,470.6,42.71,Root_Rot,0.98
28.21,27.48,44.94,43.57,45.47,26.85,6.51,406.7,43.48,Healthy,11.23
33.62,76.92,48.46,16.49,11.17,12.81,6.8,986.3,42.22,Early_Blight,12.59
17.93,90.99,16.7,34.89,32.7,44.69,6.47,472.5,35.61,Healthy,22.96
18.01,62.74,61.53,19.11,12.2,37.3,7.92,245.6,46.69,Healthy,1.56
21.25,87.69,38.05,20.08,14.13,15.16,6.64,276.6,34.23,Powdery_Mildew,12.81
31.72,82.55,44.88,37.41,43.78,34.65,7.41,434.5,45.15,Bacterial_Leaf_Spot,10.4
17.81,86.76,61.69,23.9,45.79,49.37,6.54,316.1,45.01,Rust,1.84
21.15,87.51,40.24,25.37,23.82,44.56,6.87,248.1,39.95,Powdery_Mildew,11.8
40.63,71.75,35.68,25.78,29.45,15.55,8.19,805.9,38.71,Early_Blight,16.55
34.87,28.91,65.41,20.24,48.01,47.56,5.21,764.0,48.91,Root_Rot,6.41
28.53,81.3,40.44,19.93,28.45,27.13,7.36,884.2,47.54,Early_Blight,14.45
21.62,26.63,14.41,30.09,34.83,18.11,6.54,736.7,35.52,Healthy,24.84
35.21,74.43,10.09,27.96,29.59,12.34,4.93,515.3,23.38,Early_Blight,28.28
37.02,91.75,15.61,22.35,13.48,17.69,7.49,192.5,39.74,Early_Blight,22.95
21.1,49.14,55.68,29.06,19.97,21.59,5.04,270.0,35.38,Root_Rot,4.98
41.72,64.43,53.09,14.18,19.91,37.61,6.68,725.9,43.02,Healthy,10.11
32.11,88.21,48.12,49.92,11.7,49.07,7.82,251.4,48.38,Bacterial_Leaf_Spot,9.42
21.12,82.43,41.67,22.92,38.38,33.71,7.64,269.8,41.09,Powdery_Mildew,11.01
20.51,82.18,43.84,34.51,22.18,14.9,8.18,471.4,48.29,Healthy,10.53
32.69,42.82,36.08,29.85,24.35,36.46,5.29,399.9,39.63,Healthy,15.9
30.44,69.47,8.66,23.84,16.09,47.53,5.25,973.7,33.5,Early_Blight,29.8
21.75,84.95,41.37,36.82,36.46,36.05,7.55,303.2,44.46,Powdery_Mildew,11.26
16.85,59.93,31.11,29.75,41.98,45.92,5.29,678.3,39.71,Healthy,16.85
22.94,61.42,14.13,49.46,30.17,40.32,5.96,643.7,40.26,Healthy,26.01
20.18,84.76,36.52,45.96,28.25,15.07,5.71,231.5,45.93,Rust,13.41
23.96,85.23,30.83,47.28,37.24,33.16,7.47,282.4,45.32,Powdery_Mildew,16.16
28.21,76.72,46.89,31.8,12.14,46.33,6.4,320.5,34.55,Early_Blight,9.39
41.25,83.34,57.42,12.7,45.58,10.59,7.63,826.8,50.24,Early_Blight,8.89
23.46,92.49,20.25,24.96,46.16,30.79,5.57,332.8,38.53,Powdery_Mildew,20.61
20.27,30.4,23.02,41.72,21.6,32.05,4.92,368.2,34.21,Healthy,19.78
25.12,24.97,60.31,34.12,24.37,33.45,5.07,761.8,39.47,Root_Rot,4.57
39.97,46.04,58.27,14.7,22.48,38.39,8.14,797.3,49.32,Healthy,8.32
23.17,81.05,34.02,49.18,47.58,31.58,7.49,303.3,40.55,Powdery_Mildew,14.44
23.73,68.83,29.86,17.73,32.55,15.42,6.36,500.4,25.81,Healthy,17.23
12.86,61.16,57.76,15.54,32.26,36.18,6.51,318.6,41.17,Healthy,4.34
13.39,30.7,64.18,34.38,18.09,22.49,5.09,778.3,45.43,Root_Rot,1.35
28.21,90.12,18.4,37.9,42.56,43.8,4.84,743.2,39.82,Healthy,22.89
38.26,70.1,37.63,22.12,9.91,31.62,7.43,358.0,49.74,Early_Blight,14.06
14.9,41.94,51.49,22.98,11.54,24.74,5.49,426.4,36.78,Root_Rot,7.3
29.78,84.95,20.46,48.72,35.86,43.33,7.44,365.7,42.01,Bacterial_Leaf_Spot,21.94
29.46,87.1,48.68,29.87,14.5,27.99,5.33,479.6,45.02,Early_Blight,9.04
26.21,68.96,56.69,32.15,14.51,43.51,5.98,573.1,50.31,Early_Blight,5.47
40.77,79.75,62.12,18.11,31.64,43.48,6.66,377.1,49.28,Early_Blight,4.09
33.0,82.21,65.62,48.92,24.41,22.27,7.82,791.4,52.34,Bacterial_Leaf_Spot,2.93
21.04,82.73,43.08,22.43,40.89,33.92,7.58,265.7,47.33,Powdery_Mildew,10.61
34.8,83.01,59.68,26.81,13.16,44.55,5.06,422.5,40.36,Root_Rot,5.49
29.08,68.25,46.0,25.25,21.45,22.33,6.39,889.4,42.05,Early_Blight,12.23
33.66,43.8,53.43,46.52,26.3,35.72,7.19,586.0,40.78,Healthy,8.28
36.31,50.51,62.12,17.95,13.25,33.51,5.45,794.7,39.2,Root_Rot,6.5
26.51,69.66,10.02,12.35,37.98,43.66,7.28,842.1,44.83,Early_Blight,27.41
16.19,94.01,17.4,24.14,21.27,46.9,7.89,227.8,49.89,Healthy,20.96
22.68,94.28,36.86,21.89,20.13,41.99,7.66,294.1,43.72,Powdery_Mildew,13.64
36.34,85.79,40.05,12.3,44.98,16.24,7.89,371.0,45.39,Early_Blight,13.57
18.07,50.88,59.4,28.08,16.78,36.82,5.12,640.3,37.32,Root_Rot,3.6
17.29,84.46,53.54,42.11,22.7,31.21,6.19,350.5,40.85,Rust,5.44
25.78,84.54,50.19,19.98,13.83,12.85,7.37,287.3,37.7,Powdery_Mildew,7.02
38.79,78.94,34.29,13.52,37.69,33.65,4.77,796.3,33.38,Early_Blight,18.19
39.01,67.19,64.69,19.44,21.39,40.93,8.0,245.3,48.86,Early_Blight,1.37
15.37,90.64,62.42,26.66,23.89,27.51,6.69,467.8,46.75,Rust,1.1
33.32,83.08,63.77,47.46,25.69,22.67,7.68,822.4,56.16,Bacterial_Leaf_Spot,5.09
21.99,91.77,33.49,26.8,34.89,22.87,6.67,237.5,39.24,Powdery_Mildew,14.91
24.31,38.97,58.58,31.12,38.12,32.44,5.61,443.7,41.18,Root_Rot,4.81
20.25,93.37,54.21,14.74,27.47,13.07,6.56,943.4,41.56,Rust,6.95
36.53,64.76,56.12,9.44,41.11,45.56,5.43,877.6,42.21,Root_Rot,9.42
40.88,35.62,54.03,14.54,26.54,13.23,5.48,418.7,30.35,Root_Rot,8.13
35.01,69.96,24.12,36.34,46.1,15.04,7.33,745.4,41.42,Healthy,22.41
33.81,55.02,33.14,31.65,29.28,30.92,5.15,676.6,33.3,Healthy,17.94
17.75,70.67,21.39,30.94,18.02,37.23,6.53,837.1,33.78,Healthy,21.19
24.63,78.47,47.93,15.28,9.63,22.99,7.73,924.6,46.62,Early_Blight,10.48
32.95,32.98,8.82,25.01,28.33,33.61,7.86,721.0,34.38,Healthy,29.51
23.16,88.84,60.47,42.59,31.56,43.01,7.21,570.6,49.73,Rust,2.71
38.02,53.87,58.29,27.57,35.75,22.23,6.4,283.1,43.61,Healthy,4.95
24.36,84.92,17.94,34.73,32.24,42.38,7.73,333.4,46.31,Powdery_Mildew,21.96
31.24,55.54,40.83,17.54,13.74,39.22,6.7,687.0,35.96,Healthy,13.3
20.74,31.23,34.2,35.12,26.43,17.5,4.92,759.9,33.1,Healthy,16.32
30.56,90.1,53.08,21.6,47.11,31.49,7.93,728.8,55.98,Early_Blight,8.48
21.01,84.92,37.21,49.02,30.48,42.82,8.1,337.6,48.83,Powdery_Mildew,14.45
24.44,81.92,40.04,35.03,41.04,48.18,6.01,680.2,44.63,Early_Blight,12.89
17.55,81.09,39.23,22.45,45.97,31.62,6.54,870.2,47.6,Healthy,12.58
21.81,89.74,62.68,22.54,29.0,18.17,5.97,249.7,47.8,Powdery_Mildew,1.01
34.07,47.79,56.45,41.49,45.56,24.25,4.81,584.1,47.31,Root_Rot,7.38
31.92,93.59,54.8,29.8,16.63,46.43,7.46,874.8,53.07,Early_Blight,7.96
26.56,55.04,18.58,10.5,22.07,40.4,8.24,560.9,38.05,Healthy,22.64
25.78,79.55,11.36,17.99,33.08,32.26,8.22,196.3,41.29,Early_Blight,24.65
29.26,71.09,47.66,12.53,21.87,45.26,7.39,254.5,36.62,Early_Blight,7.82
32.0,82.91,48.59,11.74,28.68,51.42,7.79,848.0,66.73,Early_Blight,11.34
19.5,49.22,46.27,27.9,32.81,41.37,7.3,554.1,49.09,Healthy,9.31
34.66,76.51,56.75,46.58,14.14,16.57,7.71,705.5,56.43,Bacterial_Leaf_Spot,7.13
22.19,91.49,46.22,39.39,23.57,29.45,6.21,281.3,45.5,Powdery_Mildew,8.33
25.29,87.1,14.96,43.57,13.78,27.55,5.6,230.4,40.14,Powdery_Mildew,22.86
27.86,62.31,55.73,23.99,35.11,42.3,5.01,370.4,39.77,Root_Rot,5.49
18.66,77.27,31.51,19.58,43.64,33.85,5.5,958.9,44.47,Healthy,16.7
23.51,84.09,15.25,31.89,28.9,25.69,5.14,270.5,31.16,Powdery_Mildew,23.31
16.16,87.72,58.42,45.76,11.93,37.45,6.87,312.8,43.41,Rust,4.03
36.99,68.54,62.16,29.45,20.56,39.38,6.07,217.4,37.46,Early_Blight,2.88
32.95,84.32,13.94,42.83,24.99,45.9,5.77,871.1,41.3,Healthy,27.16
23.54,90.41,21.28,12.51,40.96,29.85,5.51,279.2,31.36,Root_Rot,21.06
36.73,93.54,55.1,17.5,16.94,35.6,4.99,382.5,44.08,Root_Rot,6.48
23.28,70.67,55.28,34.78,13.02,33.57,5.62,247.0,27.61,Root_Rot,5.03
41.36,91.33,23.12,36.62,26.25,17.07,8.16,701.4,45.26,Bacterial_Leaf_Spot,23.18
33.93,93.17,32.71,38.28,37.92,47.5,6.11,711.2,44.43,Healthy,17.98
25.96,62.73,53.04,43.11,17.94,39.88,5.51,366.7,40.56,Root_Rot,6.99
22.93,56.73,63.74,12.58,13.37,13.22,5.36,585.4,29.6,Root_Rot,1.57
34.29,81.76,58.6,47.03,32.65,31.02,7.73,314.4,51.53,Bacterial_Leaf_Spot,3.9
20.06,83.82,54.66,30.82,15.99,44.6,6.03,686.9,45.54,Rust,5.8
24.12,59.54,51.39,17.8,13.31,45.15,7.36,693.7,48.23,Healthy,8.72
16.77,39.33,61.44,18.33,13.15,41.6,5.13,539.2,38.2,Root_Rot,2.53
35.24,74.09,20.2,19.57,17.9,13.6,5.44,284.0,27.98,Early_Blight,22.17
20.43,92.85,52.52,10.85,41.59,17.42,6.64,512.3,43.53,Rust,7.19
36.27,94.35,64.67,11.61,19.27,23.33,5.0,702.2,40.43,Root_Rot,3.87
25.6,88.52,57.48,47.15,28.48,47.07,7.48,208.6,47.89,Powdery_Mildew,4.57
16.61,43.68,13.63,14.53,15.42,22.3,7.92,813.6,30.12,Healthy,23.94
26.57,50.84,48.03,38.24,37.37,25.31,7.83,220.2,46.51,Healthy,8.75
16.84,57.45,13.74,48.71,16.96,29.58,7.53,359.0,39.23,Healthy,23.32
21.57,62.29,59.69,41.0,29.28,23.49,5.05,784.1,36.09,Root_Rot,3.56
30.77,91.06,16.09,46.5,24.44,42.82,5.4,782.4,38.39,Healthy,24.7
40.03,65.95,44.94,24.47,45.94,26.71,5.56,355.5,37.07,Early_Blight,11.98
24.2,83.45,45.61,13.06,35.13,13.72,6.89,222.8,42.48,Powdery_Mildew,9.55
32.04,26.96,41.55,32.41,28.6,45.39,6.44,986.2,42.48,Healthy,17.58
20.12,89.52,54.41,39.5,34.04,44.84,7.76,705.4,53.32,Powdery_Mildew,6.12
22.92,72.81,35.52,17.33,10.86,32.24,6.14,901.7,39.04,Rust,16.86
33.47,93.44,36.17,20.32,19.0,17.49,7.26,489.6,39.61,Early_Blight,15.02
23.01,90.39,39.84,32.26,17.12,48.35,6.13,272.4,36.97,Powdery_Mildew,11.95
41.18,86.21,32.5,15.76,40.36,18.08,5.81,694.7,45.32,Early_Blight,17.93
36.49,65.27,33.12,29.02,35.71,34.59,4.94,375.6,39.04,Early_Blight,17.05
26.13,83.0,62.88,18.1,40.12,28.86,5.85,930.3,47.05,Early_Blight,3.51
37.14,91.16,64.39,32.13,39.33,47.05,5.04,598.3,39.59,Root_Rot,2.78
17.39,68.9,59.19,46.15,46.44,18.48,5.29,915.8,50.0,Root_Rot,4.67
14.59,35.34,17.85,20.98,25.07,21.77,7.33,761.8,36.63,Healthy,22.72
12.58,88.69,59.75,43.77,46.51,32.99,5.13,656.2,49.45,Root_Rot,3.23
28.18,89.24,63.73,40.59,19.81,22.72,6.61,659.2,49.79,Healthy,2.51
13.88,90.75,28.15,32.23,39.62,22.94,5.66,815.7,44.34,Healthy,17.11
37.74,86.26,50.41,16.48,22.55,29.96,7.35,451.3,36.19,Early_Blight,8.81
21.1,90.1,54.82,46.0,47.56,32.59,7.44,865.0,58.57,Rust,6.66
37.49,90.76,13.17,16.89,44.42,29.72,4.85,816.5,34.35,Early_Blight,28.02
36.93,85.79,35.43,20.09,18.64,46.52,6.23,468.7,36.9,Early_Blight,15.8
30.2,43.17,52.09,32.76,11.94,38.01,7.78,282.1,48.22,Healthy,8.23
32.0,73.46,52.52,23.56,13.98,28.14,7.6,398.9,44.56,Early_Blight,7.84
26.7,82.74,10.27,26.98,34.82,24.21,4.8,990.4,36.69,Early_Blight,27.61
34.78,56.13,13.62,26.04,37.92,29.76,7.58,725.3,36.75,Root_Rot,27.67
24.4,75.05,29.37,12.72,43.63,42.58,6.72,468.6,38.6,Early_Blight,18.24
37.08,90.2,16.47,22.7,13.39,17.15,7.54,196.4,28.61,Early_Blight,23.77
40.95,81.32,64.03,24.99,25.45,19.8,6.76,836.3,51.29,Early_Blight,5.94
27.89,83.64,20.8,48.35,11.82,36.92,7.62,751.9,45.73,Bacterial_Leaf_Spot,22.41
12.59,41.84,37.1,44.86,22.91,36.76,7.62,314.5,40.01,Healthy,12.65
26.32,78.37,58.11,46.57,22.43,41.51,5.64,594.5,46.64,Root_Rot,5.28
18.89,74.71,52.48,12.96,36.05,29.16,7.64,198.3,45.11,Healthy,6.82
30.7,84.19,22.02,45.3,26.46,21.18,7.45,894.3,43.51,Bacterial_Leaf_Spot,22.99
30.95,78.17,32.47,30.62,29.14,24.15,5.82,484.6,39.18,Early_Blight,16.84
26.82,87.01,30.26,17.12,13.69,21.65,6.33,455.4,34.03,Early_Blight,17.04
27.71,60.94,6.83,28.92,39.7,33.86,7.62,579.5,36.92,Healthy,28.3
16.46,81.89,52.57,28.69,47.82,21.09,7.3,244.3,55.37,Rust,5.81
24.01,81.04,17.96,34.92,25.07,25.93,5.32,217.8,29.99,Powdery_Mildew,21.82
36.94,70.74,47.5,24.67,43.82,40.15,6.8,983.5,52.6,Early_Blight,14.21
27.7,81.25,18.13,47.2,36.56,45.5,7.38,746.0,49.12,Healthy,23.48
24.72,81.13,34.37,48.29,38.43,42.8,7.67,328.8,49.71,Powdery_Mildew,14.73
36.31,65.35,26.33,18.3,39.35,46.57,7.92,476.4,41.93,Bacterial_Leaf_Spot,19.67
26.84,32.68,43.98,25.05,15.9,20.87,7.17,926.3,42.98,Healthy,13.99
34.3,87.72,49.06,38.98,23.7,12.93,7.34,872.6,48.47,Bacterial_Leaf_Spot,11.67
36.3,82.18,54.05,44.07,12.21,26.83,6.16,1006.1,45.62,Healthy,10.73
20.48,40.5,28.46,25.75,14.23,29.86,6.37,726.9,32.26,Healthy,18.49
37.81,90.85,13.52,16.77,44.01,30.66,4.91,814.6,28.07,Early_Blight,27.41
29.73,90.08,10.29,48.18,25.67,30.1,7.46,507.6,45.21,Bacterial_Leaf_Spot,26.3
29.24,81.41,47.11,47.07,47.21,26.94,7.6,204.5,50.42,Bacterial_Leaf_Spot,9.06
30.77,40.28,46.91,28.33,26.61,14.29,7.25,217.0,43.7,Healthy,9.45
35.87,80.68,44.59,43.82,25.79,32.42,6.28,660.9,44.52,Healthy,12.48
22.36,82.91,57.85,16.54,27.07,30.96,6.4,268.3,48.21,Powdery_Mildew,3.91
28.29,84.39,38.18,31.95,26.06,47.17,7.61,807.5,44.44,Early_Blight,15.03
27.64,27.78,43.9,26.21,43.81,16.04,5.84,238.1,37.48,Healthy,10.51
13.33,73.4,41.7,41.62,20.98,32.7,5.8,359.3,33.95,Healthy,10.61
14.34,32.39,61.73,30.63,49.24,45.15,5.04,326.6,48.62,Root_Rot,2.71
40.82,82.95,56.55,26.32,30.75,38.68,6.22,806.8,46.01,Early_Blight,9.81
23.5,91.21,26.8,43.42,33.66,29.59,7.59,295.7,53.48,Powdery_Mildew,17.28
34.56,27.17,57.82,16.77,16.1,10.06,6.38,222.7,28.41,Healthy,4.11
23.83,87.95,30.01,31.1,37.74,20.22,8.04,328.2,45.48,Powdery_Mildew,16.08
33.16,69.75,27.55,15.1,18.5,36.87,4.81,736.1,30.3,Early_Blight,20.35
12.26,95.05,57.52,19.25,37.9,10.92,6.26,416.8,39.64,Rust,3.97
23.46,81.32,44.83,47.43,47.89,15.48,8.08,297.2,44.25,Powdery_Mildew,10.13
13.69,59.09,55.32,32.89,21.54,36.3,5.38,849.7,49.79,Root_Rot,5.15
24.99,83.24,34.18,47.16,14.28,48.34,7.68,319.8,48.31,Powdery_Mildew,15.03
31.38,68.17,45.22,19.32,12.25,22.39,4.97,801.4,39.26,Early_Blight,12.17
24.73,85.14,13.27,46.15,32.19,20.47,7.49,236.4,44.34,Powdery_Mildew,23.8
21.74,89.43,52.46,46.45,26.36,35.27,7.12,595.3,52.07,Rust,6.87
34.07,46.36,13.7,41.03,45.29,34.62,5.91,727.8,42.65,Healthy,26.6
25.38,29.62,64.23,12.48,22.06,29.56,5.32,722.3,38.43,Root_Rot,2.79
22.27,82.97,48.67,45.99,22.51,40.6,6.03,633.8,42.75,Rust,8.24
38.46,80.56,9.79,25.38,20.74,40.19,5.97,884.8,36.26,Early_Blight,30.04
37.98,70.04,13.01,23.42,23.76,47.23,5.67,570.0,35.21,Early_Blight,26.83
28.5,53.47,52.26,20.4,11.25,41.55,6.11,582.6,37.84,Healthy,8.57
29.34,87.43,59.65,47.79,46.69,12.64,7.68,637.9,57.42,Bacterial_Leaf_Spot,3.71
26.38,38.12,23.17,10.7,43.87,35.78,5.89,992.6,39.74,Healthy,22.29
26.92,81.86,32.53,41.31,16.28,40.34,7.65,339.9,43.58,Bacterial_Leaf_Spot,16.03
21.27,91.17,44.6,14.45,20.9,28.04,6.4,264.2,36.04,Powdery_Mildew,8.31
33.16,38.36,61.67,43.69,44.41,26.96,4.93,316.5,44.0,Root_Rot,4.01
15.8,86.73,52.35,25.4,14.92,33.22,6.2,816.1,37.69,Rust,5.64
39.31,66.24,58.34,40.98,26.96,47.39,4.78,734.6,49.7,Root_Rot,8.03
21.31,56.21,59.08,23.38,19.84,35.66,5.67,326.7,49.73,Root_Rot,3.07
12.72,90.18,52.37,23.36,36.23,21.47,6.99,905.9,47.06,Rust,6.64
19.46,41.64,36.01,34.07,22.03,21.43,5.8,711.4,34.69,Healthy,16.35
27.92,82.05,63.35,46.39,35.29,19.59,7.46,254.3,47.18,Bacterial_Leaf_Spot,0.47
29.52,85.82,10.2,44.66,49.21,49.42,7.59,236.6,46.04,Bacterial_Leaf_Spot,25.85
20.51,90.53,63.76,26.74,11.51,12.64,5.96,662.1,27.98,Rust,0.87
31.41,81.36,42.75,37.15,44.78,33.95,7.38,428.6,46.51,Bacterial_Leaf_Spot,11.97
36.8,75.78,23.11,24.78,19.01,35.0,5.43,935.1,30.17,Early_Blight,23.73
26.68,86.93,42.73,18.41,44.91,28.37,6.55,786.7,50.98,Early_Blight,12.46
30.55,81.09,61.7,29.83,17.47,31.31,6.26,314.2,44.78,Early_Blight,2.26
18.12,95.44,53.76,33.1,10.14,21.97,5.1,259.4,30.27,Root_Rot,5.8
38.31,79.5,52.79,11.87,13.71,38.23,6.12,560.9,39.91,Early_Blight,7.83
41.38,61.91,12.88,41.06,16.84,33.02,6.76,222.6,34.58,Healthy,25.62
39.54,53.49,63.24,23.72,18.94,25.5,5.28,821.4,44.49,Root_Rot,6.28
14.2,61.28,10.59,11.24,19.28,32.62,4.99,243.7,23.4,Healthy,24.01
28.35,84.1,23.77,46.79,35.12,25.7,7.98,723.7,43.01,Bacterial_Leaf_Spot,21.81
29.35,79.36,55.27,31.87,50.2,44.55,4.9,515.3,55.57,Root_Rot,6.27
27.38,55.92,61.34,32.91,42.75,31.57,7.94,610.8,51.43,Healthy,5.05
15.92,40.85,48.93,43.57,10.51,22.2,6.44,817.8,48.18,Healthy,9.07
12.4,90.9,23.0,20.07,16.29,36.88,7.17,756.7,41.4,Healthy,18.82
17.86,29.64,64.49,30.9,48.83,33.9,6.4,732.4,52.62,Healthy,1.76
25.46,92.96,59.82,40.18,17.44,23.66,7.68,336.2,46.81,Powdery_Mildew,3.28
21.49,43.15,58.76,44.98,45.08,14.9,5.01,303.9,36.34,Root_Rot,4.45
13.43,49.9,10.64,27.82,26.63,31.79,4.87,849.0,34.53,Healthy,25.38
29.14,88.19,28.43,31.9,46.18,26.49,6.33,360.5,45.62,Early_Blight,17.78
18.79,89.03,58.61,16.86,16.73,22.1,7.48,592.7,45.01,Rust,3.7
19.98,31.49,57.43,9.65,11.09,42.07,5.47,609.7,36.24,Root_Rot,5.02
21.34,26.72,58.12,37.72,31.0,29.49,5.18,709.8,39.05,Root_Rot,5.98
30.89,89.54,23.49,42.67,25.23,29.91,7.36,452.1,46.43,Bacterial_Leaf_Spot,20.35
25.65,87.78,35.25,45.38,39.39,19.43,7.46,394.3,45.09,Bacterial_Leaf_Spot,14.3
17.23,63.11,63.77,17.04,44.37,11.76,4.76,477.4,36.32,Root_Rot,1.03
20.37,90.02,60.62,48.44,47.18,41.04,7.72,921.1,61.33,Rust,3.37
30.14,87.76,53.27,21.86,46.71,31.28,8.02,696.4,52.3,Early_Blight,7.1
20.73,94.33,61.89,34.32,46.42,47.54,7.29,539.7,53.51,Rust,2.0
39.33,39.91,60.17,14.12,10.83,25.22,7.16,989.2,43.85,Healthy,10.35
33.35,80.27,55.05,25.12,10.98,20.89,6.87,374.7,36.54,Early_Blight,6.05
28.42,90.57,48.51,45.69,33.56,32.35,7.56,332.1,56.06,Root_Rot,8.84
35.37,67.02,31.39,24.19,44.75,31.35,4.82,499.4,41.69,Early_Blight,16.58
17.88,92.57,57.65,16.94,23.47,16.43,6.48,890.8,42.72,Rust,4.8
23.35,82.38,59.48,17.18,27.12,27.72,5.93,227.3,39.98,Powdery_Mildew,2.97
19.05,91.29,44.99,20.46,29.98,21.86,5.25,953.9,38.16,Healthy,10.27
24.38,70.33,27.23,46.8,39.42,15.07,7.45,511.3,40.72,Healthy,18.61
31.31,83.39,33.69,30.04,32.47,31.1,7.52,291.2,33.48,Early_Blight,15.0
38.45,45.86,29.02,43.04,33.76,45.05,6.47,377.9,41.56,Healthy,17.78
35.68,92.45,51.55,43.88,38.34,39.74,5.79,849.7,54.28,Root_Rot,10.27
19.57,91.81,45.89,20.88,28.8,21.88,5.27,969.3,43.25,Healthy,10.33
30.19,60.98,42.84,19.41,24.09,42.95,7.6,474.2,46.76,Healthy,11.94
11.7,36.18,47.0,24.19,13.88,14.64,8.1,767.6,45.88,Healthy,7.96
19.74,85.06,56.69,31.0,18.23,24.56,7.54,703.8,44.39,Rust,4.27
20.96,91.38,59.5,45.51,32.31,36.91,5.41,365.3,43.77,Root_Rot,3.28
24.59,83.49,28.54,23.62,29.35,15.29,6.63,341.1,35.18,Early_Blight,18.14
30.89,79.8,48.6,30.89,35.36,10.2,5.01,820.4,41.34,Early_Blight,10.78
31.06,62.89,57.35,14.38,16.86,21.36,5.04,811.7,37.57,Root_Rot,6.5
33.15,56.15,25.53,26.42,36.95,11.89,6.77,517.2,40.26,Early_Blight,20.63
24.85,88.44,23.4,29.17,47.48,40.48,5.43,223.4,38.73,Powdery_Mildew,19.29
27.98,56.73,36.0,12.1,34.46,14.65,5.72,508.3,34.61,Healthy,15.58
33.34,89.23,29.48,37.63,14.65,34.42,5.77,746.5,42.01,Healthy,19.38
17.52,42.67,38.2,37.75,24.06,7.71,5.64,460.2,35.86,Healthy,11.44
20.22,93.8,36.81,47.3,26.45,26.12,5.51,859.0,46.79,Healthy,14.45
35.98,23.09,60.14,33.92,28.54,46.27,6.74,347.2,42.0,Healthy,4.24
18.93,90.11,57.36,15.83,48.01,33.44,7.82,858.6,53.26,Rust,4.08
40.03,53.77,27.86,19.48,47.34,29.58,7.31,601.9,38.81,Healthy,20.85
21.09,88.09,38.93,30.1,21.61,14.05,6.18,301.3,41.82,Powdery_Mildew,12.54
19.85,86.9,29.99,45.18,44.2,20.09,7.5,880.7,44.36,Healthy,16.5
31.29,32.89,34.42,41.57,28.72,44.73,5.15,280.3,36.22,Healthy,15.71
21.07,91.74,38.68,29.23,14.77,49.01,6.36,236.0,48.25,Powdery_Mildew,12.68
37.35,37.72,20.85,49.18,25.17,46.07,7.34,972.5,41.68,Healthy,26.8
26.43,64.75,56.93,27.9,35.49,13.58,7.32,698.1,47.72,Healthy,5.68
20.23,88.01,52.73,37.54,23.86,48.25,7.52,750.7,52.35,Rust,6.41
21.56,85.95,39.44,36.31,33.64,33.02,7.47,301.1,44.17,Powdery_Mildew,12.65
16.3,44.65,60.02,9.83,18.32,24.77,6.7,586.6,37.63,Healthy,2.4
36.47,45.69,35.59,30.32,24.05,18.46,7.84,755.1,40.11,Healthy,18.7
32.98,72.46,49.46,25.51,12.91,24.47,7.85,369.7,43.33,Early_Blight,8.64
35.07,61.96,54.56,24.89,44.02,42.79,7.52,416.6,51.75,Healthy,6.96
28.58,56.31,9.99,34.16,47.84,50.17,7.03,881.1,40.56,Healthy,27.66
31.59,88.33,19.14,48.53,40.07,37.23,7.8,926.2,47.06,Bacterial_Leaf_Spot,24.14
26.25,92.68,18.73,29.16,43.13,14.83,8.09,618.7,35.44,Early_Blight,22.85
30.71,75.98,38.88,15.86,43.93,19.15,6.36,469.2,39.04,Early_Blight,13.01
19.3,82.31,26.06,42.45,32.78,13.54,5.23,232.1,34.24,Powdery_Mildew,18.18
23.11,47.09,20.96,49.32,9.76,26.31,6.16,571.6,35.63,Healthy,21.7
13.22,56.18,35.19,11.37,43.89,13.57,5.32,414.0,35.19,Healthy,13.4
23.5,91.73,33.22,29.93,33.77,23.75,6.3,230.7,40.35,Powdery_Mildew,15.27
23.6,81.79,38.24,48.79,34.33,44.93,8.1,329.5,46.57,Powdery_Mildew,11.79
30.57,89.41,34.48,45.44,28.95,32.88,6.96,784.2,45.25,Healthy,16.76
19.75,87.19,55.77,43.49,38.92,20.78,7.6,502.0,52.73,Rust,5.85
30.49,57.64,59.7,48.42,49.34,13.54,5.69,951.8,49.59,Root_Rot,7.55
19.71,91.53,49.22,41.05,25.09,23.4,6.06,838.9,46.87,Rust,8.71
23.12,80.4,47.06,47.47,46.37,16.11,8.08,296.4,45.21,Powdery_Mildew,8.67
23.22,81.78,59.65,39.37,38.0,38.69,6.55,247.4,45.94,Powdery_Mildew,2.71
39.35,89.73,49.48,41.46,16.52,12.77,5.76,505.6,40.57,Healthy,9.45
36.09,89.2,53.37,20.79,14.7,46.26,7.11,240.7,39.91,Early_Blight,6.62
28.07,40.58,18.99,40.11,43.73,42.4,6.28,471.2,27.07,Healthy,22.47
28.76,37.27,18.63,11.52,28.73,17.82,7.44,1000.1,39.04,Healthy,26.13
24.42,90.27,29.79,19.42,10.6,22.89,5.16,209.5,30.63,Powdery_Mildew,17.44
34.68,86.65,63.44,32.88,46.16,39.85,7.64,360.2,51.17,Early_Blight,2.28
36.02,88.91,13.38,34.55,31.66,19.1,7.17,565.2,34.24,Healthy,25.17
22.34,90.13,52.79,27.1,28.04,32.74,6.19,975.0,48.39,Bacterial_Leaf_Spot,6.94
24.51,93.9,64.05,19.55,44.31,22.75,5.13,984.7,49.63,Root_Rot,3.24
26.37,81.48,54.4,18.66,28.97,27.24,6.79,623.6,53.52,Early_Blight,6.68
30.71,92.65,39.55,48.23,42.9,26.52,7.51,868.2,55.94,Bacterial_Leaf_Spot,14.98
20.69,82.46,40.38,48.42,46.85,22.4,4.92,244.2,44.12,Powdery_Mildew,11.3
22.8,88.82,33.65,26.33,35.07,23.24,6.67,295.9,32.79,Powdery_Mildew,15.2
14.2,46.29,12.65,40.38,44.86,30.63,6.04,376.9,37.15,Healthy,23.87
24.81,34.65,56.97,22.28,23.64,39.89,5.43,829.4,36.68,Root_Rot,6.5
22.49,82.14,36.58,29.17,35.25,31.99,7.68,262.7,50.74,Powdery_Mildew,13.21
34.4,39.22,14.78,45.34,33.63,16.37,4.85,925.0,36.87,Healthy,27.81
18.11,48.25,42.31,27.75,31.93,41.09,7.27,536.0,43.25,Healthy,12.26
31.39,72.33,34.23,47.0,32.49,23.7,6.44,350.6,39.78,Healthy,15.33
27.81,86.44,53.38,24.71,31.45,27.16,7.29,635.2,43.71,Early_Blight,7.61
36.12,81.97,9.93,42.96,20.43,30.91,7.59,635.6,46.29,Bacterial_Leaf_Spot,27.65
33.96,69.72,58.22,27.1,22.94,13.86,6.78,746.0,47.87,Early_Blight,6.25
30.14,94.67,61.18,36.82,38.42,28.16,8.22,233.5,55.5,Bacterial_Leaf_Spot,2.39
34.37,68.75,8.68,32.2,43.53,14.63,7.62,617.2,36.44,Early_Blight,29.05
18.68,59.97,37.9,25.88,16.4,15.45,6.07,847.0,45.4,Healthy,13.58
21.37,87.96,59.11,20.95,23.27,19.57,6.82,240.8,35.57,Powdery_Mildew,2.71
35.69,30.21,47.36,30.67,45.6,10.81,5.38,757.1,36.25,Healthy,13.3
23.41,77.1,59.81,14.43,36.9,32.66,5.3,495.2,30.83,Root_Rot,3.89
18.57,93.0,17.01,34.17,17.61,27.58,6.62,313.2,29.34,Healthy,22.88
26.27,88.58,25.68,46.66,28.03,36.7,7.81,928.4,44.53,Bacterial_Leaf_Spot,20.56
30.17,63.98,59.17,29.08,18.55,39.28,5.32,406.7,44.33,Root_Rot,4.73
15.49,92.43,55.19,47.7,27.28,17.14,6.87,523.5,46.3,Rust,5.27
34.2,74.35,48.99,42.26,35.55,45.86,5.07,906.8,50.4,Healthy,11.04
13.7,41.5,20.32,11.53,17.9,16.99,6.27,452.5,29.32,Healthy,20.05
17.02,29.72,60.12,32.53,45.95,43.79,5.05,308.6,48.86,Root_Rot,2.24
26.0,90.45,42.9,21.93,34.95,11.46,7.02,406.7,40.11,Early_Blight,10.42
35.6,96.33,45.82,24.88,22.14,33.35,6.02,983.7,40.87,Early_Blight,13.21
41.31,53.28,58.32,50.68,26.04,39.5,7.43,337.5,47.98,Healthy,5.63
22.01,67.03,50.07,10.1,38.29,25.5,7.71,846.1,39.19,Healthy,8.92
25.36,87.21,12.24,19.71,16.09,25.0,5.33,337.4,36.59,Rust,23.38
19.07,93.63,50.09,22.15,46.06,14.21,8.07,688.7,52.57,Rust,8.8
32.46,52.14,20.17,18.41,19.34,22.8,7.93,659.7,38.9,Bacterial_Leaf_Spot,23.23
29.72,87.78,60.13,49.23,35.1,26.69,7.75,501.4,60.12,Bacterial_Leaf_Spot,4.99
20.63,90.24,21.36,32.55,48.13,21.12,7.6,261.7,30.53,Powdery_Mildew,19.4
14.98,28.62,56.26,19.44,45.6,31.05,5.41,426.4,42.5,Root_Rot,4.11
28.94,51.64,60.28,16.45,17.86,13.7,6.57,843.4,34.95,Healthy,4.81
37.29,78.85,9.3,33.88,29.01,26.52,6.74,707.6,43.56,Early_Blight,28.99
30.67,86.24,62.47,47.97,28.09,39.49,7.6,842.3,58.44,Bacterial_Leaf_Spot,3.76
28.9,87.36,48.88,46.08,47.24,40.65,7.54,274.1,58.49,Bacterial_Leaf_Spot,7.65
22.3,87.15,58.5,25.05,23.27,46.26,7.79,811.6,42.36,Rust,4.04
25.21,75.38,44.67,20.26,43.16,28.98,8.15,670.2,51.02,Early_Blight,11.57
31.82,43.49,33.07,33.68,37.07,40.18,7.7,346.9,42.13,Healthy,16.62
42.56,92.21,17.7,22.36,46.15,31.43,6.35,719.6,42.53,Early_Blight,26.23
23.08,89.43,14.85,32.57,12.56,24.0,5.62,293.7,30.4,Powdery_Mildew,22.9
17.1,34.3,59.44,41.88,31.83,48.88,5.24,710.6,45.17,Root_Rot,3.95
19.18,64.05,25.66,16.45,14.63,35.98,6.64,649.6,42.71,Healthy,18.36
15.98,30.7,54.35,28.31,16.35,25.1,5.29,685.2,46.88,Root_Rot,5.73
20.13,84.72,42.96,25.82,24.84,43.31,7.03,229.6,34.82,Healthy,10.09
32.51,85.69,51.44,9.67,37.9,31.42,5.42,542.3,46.03,Root_Rot,8.57
28.31,71.93,45.59,33.3,22.72,15.58,5.28,525.5,26.94,Early_Blight,11.21
18.01,48.02,58.05,32.63,16.57,34.68,5.05,205.3,48.15,Root_Rot,4.02
14.85,71.37,38.74,22.37,43.6,37.8,6.11,246.0,46.43,Healthy,11.64
38.8,75.42,61.69,25.34,33.13,37.55,5.91,467.2,42.83,Early_Blight,4.67
29.58,25.55,32.18,47.18,32.96,49.06,5.05,257.9,43.9,Healthy,16.16
19.52,86.52,55.96,40.15,38.38,33.04,6.84,757.0,55.34,Rust,5.21
39.59,76.34,37.47,16.56,36.6,28.54,5.61,789.9,48.3,Early_Blight,16.66
39.6,87.41,55.83,16.95,42.86,22.06,6.2,874.1,52.91,Early_Blight,8.51
25.11,83.21,31.61,46.87,13.93,48.79,7.72,327.2,46.9,Powdery_Mildew,16.82
30.21,53.42,37.02,11.58,10.27,24.53,5.09,654.8,28.3,Healthy,15.85
25.41,89.28,59.06,13.35,19.13,48.42,5.7,958.4,49.0,Root_Rot,5.38
34.37,64.99,12.0,38.25,25.08,21.43,6.52,690.3,34.15,Healthy,27.35
19.6,29.27,45.51,26.12,47.65,16.3,5.39,665.8,39.42,Healthy,11.74
23.61,89.48,57.88,44.57,34.12,43.78,7.74,262.4,53.48,Powdery_Mildew,4.49
23.77,93.8,60.5,24.48,46.94,13.48,7.58,506.1,47.85,Rust,2.85
27.23,85.25,16.91,46.3,26.61,35.1,7.39,405.8,41.94,Bacterial_Leaf_Spot,22.79
30.54,83.74,63.41,46.42,29.28,34.63,7.41,968.2,59.67,Bacterial_Leaf_Spot,4.31
29.2,60.62,27.57,21.78,27.93,47.93,7.73,358.7,42.58,Healthy,18.45
19.18,83.42,16.09,19.0,18.71,47.06,5.31,851.6,33.17,Healthy,23.12
31.22,82.47,56.42,47.18,45.74,32.64,7.55,400.1,54.01,Bacterial_Leaf_Spot,5.68
24.71,47.76,46.36,45.69,26.71,50.28,6.53,936.0,48.09,Healthy,12.47
35.58,34.62,9.6,45.3,32.81,47.42,5.77,326.3,35.47,Healthy,26.48
24.75,81.94,34.85,48.99,38.13,42.03,7.78,336.2,49.77,Powdery_Mildew,13.94
31.85,86.49,48.31,11.32,43.86,18.8,6.36,226.0,40.34,Early_Blight,8.17
31.8,48.34,60.62,37.32,25.14,35.63,5.24,827.2,39.28,Root_Rot,6.13
18.88,90.29,33.14,29.63,45.21,13.32,4.94,474.0,33.88,Healthy,16.08
26.0,58.74,16.44,11.82,26.51,46.18,7.41,865.6,37.97,Healthy,25.48
20.43,64.17,54.73,34.66,10.69,17.38,5.15,925.1,41.48,Root_Rot,7.19
21.38,82.68,27.47,31.12,23.61,37.92,7.44,286.6,44.08,Powdery_Mildew,17.37
38.37,66.09,58.41,17.15,46.46,39.65,5.69,366.7,43.92,Root_Rot,5.05
26.98,88.24,8.71,13.91,24.9,46.76,5.97,795.4,42.66,Early_Blight,27.02
28.68,61.46,54.9,19.94,45.92,21.29,7.97,912.9,54.14,Healthy,8.72
21.32,94.06,27.16,35.17,50.85,21.36,7.29,261.7,43.1,Powdery_Mildew,17.78
29.99,66.71,9.19,29.95,16.07,28.47,6.47,753.8,40.94,Early_Blight,28.97
31.45,65.23,18.1,10.54,47.98,13.65,6.8,479.9,34.04,Healthy,23.22
33.92,87.75,11.45,30.45,41.8,30.22,7.17,422.4,40.4,Early_Blight,25.84
20.61,39.02,7.16,34.41,9.96,29.31,5.09,399.5,29.51,Rust,27.2
35.17,88.47,63.73,28.77,41.76,46.48,5.1,753.4,48.75,Root_Rot,4.4
18.02,55.67,21.54,11.99,25.32,47.3,5.16,234.7,26.82,Healthy,19.26
35.44,84.02,8.33,47.65,20.21,10.47,5.87,946.4,40.07,Healthy,30.34
26.05,73.75,21.72,18.98,14.18,33.37,5.49,883.9,40.58,Early_Blight,22.33
26.93,42.4,30.9,47.96,32.5,38.82,7.82,653.5,48.76,Healthy,17.61
26.35,56.37,50.27,22.81,16.51,34.3,5.91,964.0,44.84,Rust,9.21
31.08,71.81,59.28,33.77,43.95,44.46,5.43,754.9,39.84,Root_Rot,5.77
31.64,28.92,42.85,32.32,29.31,47.07,6.44,971.6,44.91,Healthy,16.45
30.19,73.95,51.01,28.9,21.09,40.86,7.54,421.0,51.57,Early_Blight,8.85
26.75,77.01,35.73,22.7,38.41,19.34,6.27,579.1,39.64,Early_Blight,15.26
22.85,73.83,26.81,44.87,29.76,15.87,6.9,862.3,45.7,Healthy,20.4
30.02,88.39,20.67,47.67,39.96,21.25,7.64,399.6,51.26,Bacterial_Leaf_Spot,21.36
30.48,80.39,9.96,16.71,48.12,36.45,5.06,911.7,34.86,Early_Blight,28.82
20.04,85.93,11.23,15.0,34.2,35.04,5.27,222.7,31.37,Healthy,24.38
28.7,84.17,64.54,29.76,32.58,47.96,6.34,887.4,51.01,Early_Blight,3.03
27.94,87.37,63.03,46.44,35.19,43.49,7.69,630.2,52.44,Bacterial_Leaf_Spot,2.59
29.94,68.22,21.24,48.51,12.41,38.97,6.92,669.8,48.45,Healthy,21.48
24.02,93.33,32.56,15.95,35.52,13.94,7.19,331.5,37.62,Powdery_Mildew,16.03
25.29,87.1,20.89,48.18,15.42,23.22,7.9,341.0,36.37,Powdery_Mildew,20.47
23.06,89.84,52.57,41.46,43.84,18.34,8.06,525.0,42.3,Rust,6.4
24.48,75.22,61.84,12.0,45.99,49.79,5.83,836.2,49.16,Early_Blight,3.25
20.76,27.4,36.4,16.7,29.97,28.3,5.39,761.0,34.54,Healthy,15.03
18.57,81.1,53.35,43.64,22.49,46.57,5.67,294.9,44.83,Root_Rot,6.61
31.54,84.45,22.38,20.05,16.75,17.77,6.28,443.7,33.92,Early_Blight,21.99
27.57,75.43,54.77,16.96,33.64,45.98,5.77,450.2,45.7,Root_Rot,5.35
23.66,74.16,62.31,41.73,38.31,23.11,5.65,954.1,47.82,Root_Rot,3.66
38.19,46.88,56.64,30.45,20.0,32.69,6.19,699.9,43.25,Healthy,8.08
22.49,93.74,60.42,42.36,47.78,14.6,7.76,461.8,53.04,Rust,3.54
35.36,64.24,21.11,41.91,14.54,14.62,5.94,694.1,32.15,Healthy,23.72
22.35,94.2,22.36,16.8,21.85,46.8,7.48,321.2,39.86,Powdery_Mildew,19.54
31.0,86.14,23.04,46.33,22.59,23.66,7.41,902.8,44.76,Bacterial_Leaf_Spot,22.37
34.86,80.08,40.74,27.74,48.32,15.19,7.68,441.1,45.26,Early_Blight,12.78
19.3,85.29,49.23,45.36,43.95,18.14,5.95,775.7,43.95,Rust,9.23
19.77,32.99,31.49,13.71,37.41,27.66,5.07,966.4,28.78,Healthy,17.88
18.91,92.56,56.06,12.89,31.71,37.59,5.99,419.9,41.11,Rust,5.0
38.85,59.94,51.71,24.38,34.16,27.76,8.33,904.3,50.31,Healthy,10.49
19.16,79.17,13.82,31.36,27.02,26.7,5.31,728.9,36.73,Healthy,24.29
36.04,95.38,29.31,19.09,23.23,27.88,5.62,492.7,31.1,Early_Blight,19.25
21.6,30.54,16.06,43.92,17.44,32.25,6.73,898.6,32.58,Healthy,25.51
18.83,84.37,61.07,46.31,46.81,10.45,7.16,867.3,52.65,Rust,2.26
30.3,65.63,57.92,12.79,20.0,21.05,5.1,849.2,40.35,Root_Rot,6.74
25.46,93.18,55.95,37.69,19.32,22.55,6.61,723.7,44.82,Healthy,5.38
18.36,91.29,57.33,17.33,33.99,47.74,6.68,600.4,49.17,Rust,5.18
24.16,87.75,43.65,46.28,17.72,27.8,7.63,260.1,41.32,Powdery_Mildew,10.39
39.12,56.83,60.19,40.2,14.68,41.12,6.68,443.7,45.98,Healthy,4.74
38.25,67.82,51.47,33.77,28.5,16.03,6.0,809.8,38.85,Early_Blight,10.94
19.99,90.2,51.29,27.01,27.94,21.65,6.55,817.6,44.25,Rust,6.3
23.48,37.42,41.88,44.03,21.92,40.61,5.77,923.7,33.94,Healthy,13.1
21.02,24.73,44.26,19.65,35.86,13.01,8.06,419.5,48.73,Healthy,10.65
23.7,61.26,25.19,19.45,39.53,41.09,8.13,971.5,51.22,Healthy,21.29
32.83,43.66,65.54,18.1,40.25,9.98,6.15,688.6,45.13,Healthy,2.96
26.61,72.27,47.47,10.19,33.39,31.91,8.06,556.5,50.96,Early_Blight,9.59
26.34,88.86,33.52,47.19,12.05,47.6,7.44,311.2,44.37,Bacterial_Leaf_Spot,15.58
32.11,57.88,25.49,36.76,15.1,27.99,7.44,619.5,41.36,Healthy,20.17
28.38,60.03,29.62,42.19,24.15,11.18,6.94,749.2,37.19,Healthy,19.12
20.52,86.63,40.38,24.95,15.37,23.26,7.09,283.4,37.61,Powdery_Mildew,11.65
19.34,74.95,39.99,44.93,16.67,25.38,7.7,779.9,40.82,Healthy,13.57
17.03,91.6,58.05,22.77,43.17,46.62,7.84,366.4,51.94,Rust,3.46
36.75,78.83,8.76,41.27,20.61,30.02,7.59,682.0,38.94,Bacterial_Leaf_Spot,28.76
30.92,80.24,63.84,12.73,26.42,38.11,5.11,615.2,46.19,Root_Rot,3.42
25.86,59.96,23.19,31.34,14.93,17.83,6.84,763.0,35.97,Healthy,20.86
21.76,86.84,19.11,38.47,12.36,22.9,5.52,252.4,26.32,Powdery_Mildew,21.08
37.93,76.23,27.75,39.62,24.41,12.4,6.31,226.9,33.36,Healthy,17.79
29.11,84.85,23.03,22.7,43.89,46.29,7.04,698.7,43.34,Early_Blight,21.28
34.91,53.41,63.48,16.2,12.61,33.99,5.52,784.7,43.9,Root_Rot,5.69
31.71,92.41,16.27,45.84,24.58,42.79,5.36,783.9,38.15,Healthy,25.14
14.73,41.54,41.89,37.44,23.81,31.12,6.63,676.5,36.62,Healthy,10.84
17.0,53.32,27.0,28.68,23.45,35.28,6.96,919.5,34.98,Healthy,18.68
18.64,84.28,16.78,43.01,44.44,9.29,7.5,867.1,39.33,Healthy,23.83
36.56,74.65,46.92,27.1,10.85,10.83,7.17,815.3,36.03,Early_Blight,12.06
19.38,83.68,57.6,23.18,48.32,21.58,6.27,941.1,57.54,Rust,5.05
15.28,62.27,24.29,11.36,19.12,28.85,6.17,675.5,29.69,Healthy,19.01
28.14,75.92,34.22,31.31,26.48,18.57,7.35,950.9,43.12,Root_Rot,17.24
31.97,90.11,49.3,47.5,42.59,43.72,7.94,530.5,59.44,Bacterial_Leaf_Spot,8.3
25.02,68.22,23.1,10.6,29.72,33.05,7.76,574.5,39.87,Early_Blight,21.38
22.5,37.67,10.27,50.72,41.97,16.66,7.78,814.9,40.37,Healthy,26.89
24.9,81.19,55.29,12.42,43.72,24.79,6.71,231.3,44.42,Powdery_Mildew,5.54
39.62,33.7,58.8,36.59,37.51,47.67,5.46,422.8,36.73,Root_Rot,5.81
21.71,83.45,54.08,13.59,26.75,32.59,6.23,247.1,40.59,Powdery_Mildew,5.14
27.88,89.18,47.91,36.62,48.06,15.92,6.46,977.9,45.08,Healthy,11.4
18.65,88.91,54.83,42.43,36.55,46.02,6.38,702.3,53.96,Root_Rot,6.15
28.02,74.65,27.27,20.85,18.76,31.03,7.63,918.0,42.08,Early_Blight,20.4
39.95,88.09,50.15,21.82,48.84,20.42,5.18,822.3,42.89,Root_Rot,11.47
21.61,84.44,30.02,31.66,22.51,37.54,7.48,286.5,44.95,Powdery_Mildew,16.21
21.07,60.66,27.1,46.28,36.09,29.82,6.11,578.9,43.07,Healthy,18.48
38.51,91.48,22.52,46.31,43.47,28.3,7.6,480.5,49.32,Bacterial_Leaf_Spot,21.16
20.78,86.37,19.09,47.06,28.01,19.96,7.56,284.2,47.68,Powdery_Mildew,21.67
34.79,82.14,21.86,28.82,24.53,17.08,5.62,678.8,34.4,Early_Blight,22.24
28.11,66.69,56.07,29.36,28.11,12.55,6.75,494.1,46.42,Early_Blight,6.67
16.96,74.26,56.69,40.93,46.39,25.12,7.98,432.6,57.05,Healthy,4.19
16.94,93.0,54.5,13.78,28.27,33.82,6.24,319.0,45.08,Rust,5.11
18.7,85.67,60.24,37.65,17.42,38.59,7.7,601.4,59.02,Rust,3.48
19.09,55.84,56.29,27.28,30.19,45.43,6.11,533.2,48.38,Healthy,5.05
14.28,32.6,48.24,15.03,39.7,40.78,8.07,878.4,55.58,Healthy,8.4
21.46,89.45,60.21,24.16,48.48,14.61,7.66,501.7,47.02,Rust,3.16
30.5,67.81,57.92,9.79,16.17,13.0,8.1,731.4,49.64,Early_Blight,6.8
22.71,82.51,54.96,48.18,31.61,45.87,6.72,238.4,46.48,Powdery_Mildew,4.76
36.82,28.99,15.65,28.81,40.96,41.84,5.72,252.1,30.56,Healthy,23.99
28.43,89.15,17.1,49.34,10.43,36.01,7.49,670.0,40.67,Bacterial_Leaf_Spot,23.75
24.3,87.71,61.73,42.43,23.38,34.71,5.64,723.7,47.3,Root_Rot,3.76
25.16,87.28,46.69,26.67,24.48,39.2,7.49,274.3,51.97,Powdery_Mildew,8.94
16.88,69.25,59.96,33.57,28.17,36.43,7.33,343.9,50.9,Healthy,3.67
13.47,87.03,41.04,27.03,24.92,12.66,6.31,415.4,38.72,Healthy,10.96
23.14,81.07,62.18,22.62,27.76,25.01,4.98,426.1,37.25,Root_Rot,2.22
30.15,72.21,44.54,21.49,32.73,37.39,6.44,1001.0,48.81,Early_Blight,13.25
21.79,82.53,56.38,47.2,33.34,47.91,6.21,270.5,48.66,Powdery_Mildew,3.82
26.13,92.76,62.56,39.98,16.0,22.49,7.68,359.9,42.2,Bacterial_Leaf_Spot,1.58
29.56,94.09,54.67,41.3,14.37,43.6,5.12,479.9,43.1,Root_Rot,5.97
21.16,85.76,21.71,44.63,16.6,36.48,7.61,358.8,44.86,Healthy,20.78
27.07,27.03,37.76,31.1,29.32,31.58,6.08,399.0,33.13,Healthy,14.13
31.18,85.65,18.73,16.71,36.11,29.22,7.79,590.8,35.02,Early_Blight,22.87
32.8,71.53,53.87,14.4,13.11,15.87,5.28,307.2,39.43,Root_Rot,7.06
14.06,89.3,62.23,32.86,32.38,30.38,6.74,512.8,54.0,Rust,2.39
27.64,66.14,23.73,20.1,22.2,20.67,6.78,320.0,39.34,Early_Blight,20.41
17.41,61.23,61.28,13.56,46.4,12.93,4.96,493.3,38.76,Root_Rot,2.06
24.82,61.32,51.11,25.91,36.21,19.82,6.53,365.1,43.6,Healthy,7.2
18.81,75.11,17.04,13.74,30.02,19.31,6.47,871.5,36.92,Healthy,24.02
33.09,86.67,62.77,48.89,41.4,27.0,7.45,386.8,52.68,Bacterial_Leaf_Spot,2.74
29.33,87.14,26.14,47.24,38.87,17.7,7.72,375.4,45.84,Bacterial_Leaf_Spot,18.66
31.46,84.27,54.31,45.33,13.69,44.36,7.47,824.0,55.26,Bacterial_Leaf_Spot,8.44
16.89,90.42,52.46,49.28,24.79,16.68,6.85,522.1,47.04,Rust,6.78
31.09,76.09,42.98,46.28,30.44,27.26,7.26,617.5,46.02,Bacterial_Leaf_Spot,12.21
19.62,86.41,55.95,26.98,50.47,13.15,6.12,940.3,47.34,Rust,5.83
30.89,40.74,14.74,30.11,30.68,21.53,7.37,455.8,41.87,Healthy,25.51
26.69,86.41,62.19,49.84,25.13,46.37,6.7,319.9,49.66,Healthy,1.65
17.84,95.07,32.7,26.74,43.23,17.56,6.05,356.5,43.73,Healthy,15.01
22.53,51.72,59.06,48.5,46.76,19.2,5.18,924.0,41.53,Root_Rot,4.86
30.97,76.29,49.35,28.46,36.21,22.72,6.41,301.8,43.65,Early_Blight,7.8
28.96,70.85,8.58,33.2,31.28,22.29,8.28,776.0,39.77,Early_Blight,28.15
36.37,83.18,20.88,37.8,37.25,15.71,7.09,794.0,33.37,Healthy,24.01
42.0,76.25,40.91,20.36,34.78,30.26,7.73,341.7,44.78,Early_Blight,12.84
35.69,50.43,58.95,47.79,13.78,49.44,6.93,392.6,48.29,Healthy,4.81
24.24,81.63,15.73,33.84,36.94,25.4,6.21,896.8,39.89,Powdery_Mildew,24.62
20.41,92.87,61.56,44.51,22.68,33.19,5.1,908.6,50.83,Root_Rot,2.6
38.66,72.57,8.89,33.17,32.16,45.57,6.79,887.1,40.99,Early_Blight,30.65
23.08,87.62,46.69,24.43,24.76,39.04,7.58,313.6,45.46,Powdery_Mildew,9.54
34.69,68.01,28.37,40.02,20.96,49.95,7.63,570.2,42.13,Root_Rot,19.42
23.04,81.36,40.93,32.51,42.9,44.12,7.32,335.0,43.89,Powdery_Mildew,11.56
30.64,83.37,46.05,47.41,27.45,10.87,7.43,580.2,46.65,Bacterial_Leaf_Spot,10.95
34.68,33.73,56.59,41.94,20.39,20.04,5.05,768.5,42.65,Root_Rot,7.82
24.56,88.08,30.95,28.46,37.58,21.34,8.02,326.5,47.62,Early_Blight,16.44
30.36,80.56,64.87,14.32,44.3,25.43,6.61,678.9,43.23,Early_Blight,4.25
20.4,84.77,10.79,13.61,35.12,36.92,5.24,197.7,27.98,Powdery_Mildew,24.71
20.39,75.95,24.97,27.05,34.34,36.0,6.69,277.4,36.32,Healthy,18.53
19.3,37.48,30.57,34.43,35.69,46.94,6.07,659.1,45.68,Healthy,17.46
36.34,57.5,36.7,17.94,25.63,23.89,7.46,669.8,36.4,Healthy,17.58
40.76,91.41,64.1,27.66,46.99,14.96,6.64,292.5,49.09,Early_Blight,2.46
25.12,65.31,39.51,26.43,34.59,16.6,5.65,386.4,38.36,Early_Blight,11.65
20.36,93.31,19.51,40.21,23.76,45.28,6.24,288.4,34.68,Powdery_Mildew,21.26
23.27,89.62,52.73,22.49,12.58,16.7,6.2,867.4,40.06,Rust,8.84
39.27,60.04,55.12,13.81,11.34,28.29,4.87,990.2,45.06,Root_Rot,11.25
34.96,81.73,40.47,42.74,25.93,31.96,6.22,650.1,45.8,Healthy,13.53
37.08,92.26,22.73,16.88,16.11,38.86,4.98,870.2,31.93,Early_Blight,23.22
28.37,83.83,47.55,46.84,48.58,34.21,7.82,348.2,54.44,Bacterial_Leaf_Spot,8.4
30.23,89.7,41.88,48.55,42.01,25.04,7.52,885.1,55.06,Bacterial_Leaf_Spot,14.18
40.53,42.82,60.12,11.08,21.13,12.51,7.23,575.8,40.96,Healthy,6.14
22.79,61.59,13.47,49.41,29.22,39.83,6.02,663.4,36.28,Healthy,25.1
23.59,63.8,43.82,47.21,46.99,36.09,7.21,525.1,48.27,Healthy,10.66
18.02,88.19,50.99,25.49,25.86,17.05,6.42,827.9,48.26,Rust,7.22
23.86,90.21,45.12,26.3,18.93,42.62,6.15,468.7,44.87,Healthy,10.83
35.82,39.89,24.73,43.81,24.29,13.42,5.36,882.1,41.94,Healthy,24.01
28.87,70.86,16.16,18.72,41.49,36.07,6.51,867.6,39.6,Early_Blight,25.08
25.73,86.59,52.92,26.37,9.39,21.18,5.83,782.0,45.35,Early_Blight,7.1
14.14,69.02,60.15,37.04,25.08,19.26,7.51,857.5,48.78,Healthy,1.99
25.86,79.05,49.63,26.52,10.06,40.7,7.09,261.6,40.37,Early_Blight,7.09
24.87,90.41,47.39,49.03,20.93,35.02,7.7,211.1,46.62,Powdery_Mildew,8.53
24.96,85.59,41.78,48.43,47.22,20.2,7.78,300.2,48.66,Powdery_Mildew,11.76
26.43,57.01,54.93,34.51,14.03,29.2,5.76,990.7,39.98,Root_Rot,7.98
21.92,92.61,50.94,17.77,41.23,43.69,7.99,286.8,39.92,Powdery_Mildew,7.7
26.49,81.73,43.74,45.2,17.73,15.28,7.44,713.2,46.32,Bacterial_Leaf_Spot,11.43
28.13,25.58,60.44,32.32,21.1,34.39,4.94,791.4,41.17,Root_Rot,5.94
29.38,67.59,56.66,11.16,15.85,14.41,8.18,722.3,50.76,Early_Blight,6.18
21.3,83.89,57.09,16.2,23.89,37.77,7.69,640.6,51.77,Root_Rot,5.4
25.9,72.42,31.78,28.46,21.61,40.32,7.93,871.4,48.38,Early_Blight,18.83
39.66,69.25,23.39,37.15,16.83,41.28,8.08,968.1,37.14,Healthy,23.85
21.35,91.88,63.48,46.18,15.93,36.63,6.38,752.0,50.53,Rust,1.99
41.44,84.38,49.89,31.55,21.55,15.55,7.96,343.7,39.8,Early_Blight,9.43
30.29,91.8,39.63,50.48,38.27,46.92,7.36,308.4,50.38,Bacterial_Leaf_Spot,11.78
31.48,80.63,40.4,18.15,37.65,40.03,7.25,799.1,42.75,Early_Blight,14.63
20.45,90.23,26.66,41.81,26.58,31.4,6.14,319.6,36.95,Powdery_Mildew,18.45
18.98,89.29,54.51,22.39,22.12,37.68,8.1,899.8,52.47,Early_Blight,6.19
25.46,78.55,27.49,18.02,34.83,29.08,7.24,676.6,41.12,Early_Blight,19.19
34.97,79.02,28.44,29.33,17.68,23.49,6.53,887.9,42.06,Early_Blight,21.62
33.71,33.54,50.73,22.18,40.35,34.86,5.17,915.6,44.36,Root_Rot,13.18
22.4,81.28,37.78,45.82,16.85,28.95,5.46,321.8,35.25,Powdery_Mildew,12.98
41.15,79.68,13.29,33.65,29.02,45.36,5.2,606.4,35.24,Early_Blight,26.64
21.16,91.47,54.51,45.98,35.05,43.57,7.03,822.9,55.23,Rust,5.86
12.24,66.16,30.6,39.38,19.61,46.37,6.44,343.6,40.8,Healthy,16.13
19.58,90.36,50.94,27.1,27.9,21.4,6.5,804.3,42.74,Rust,6.99
27.09,68.36,52.24,17.56,25.06,23.37,8.22,665.2,48.95,Early_Blight,8.01
17.04,45.0,8.73,46.61,32.55,37.19,6.04,728.9,44.99,Healthy,26.65
32.47,91.9,55.61,33.43,15.74,47.14,6.62,595.5,45.37,Early_Blight,6.29
24.43,85.22,14.91,16.85,16.92,24.61,5.14,339.2,30.44,Powdery_Mildew,23.58
23.63,90.93,36.18,14.74,26.06,16.59,6.34,227.3,32.44,Healthy,14.79
37.46,31.54,21.56,36.7,33.88,19.13,6.52,836.8,40.76,Healthy,25.68
41.85,75.02,31.61,46.77,13.69,48.58,7.84,320.7,41.14,Bacterial_Leaf_Spot,16.85
18.09,71.16,52.06,32.76,12.76,20.14,5.32,815.3,41.44,Root_Rot,7.69
40.55,53.31,36.08,32.22,28.38,42.41,6.41,916.2,50.93,Healthy,19.7
32.38,77.92,45.75,21.74,46.57,14.29,6.55,726.5,54.38,Early_Blight,12.56
29.83,89.55,17.24,34.35,13.5,48.57,6.6,861.2,45.93,Early_Blight,24.59
20.45,86.65,54.88,47.83,12.93,26.76,7.55,416.4,42.37,Rust,5.22
35.31,69.49,60.73,29.68,33.21,18.58,5.53,606.9,41.41,Root_Rot,4.24
30.14,81.02,33.04,30.9,24.53,44.23,7.09,319.9,43.13,Early_Blight,14.8
27.53,88.36,17.07,24.21,47.32,42.15,6.41,234.0,34.85,Early_Blight,21.38
37.95,95.47,21.37,23.74,40.84,35.91,6.24,632.0,39.0,Early_Blight,22.78
20.29,92.41,21.73,41.52,24.41,46.25,6.29,318.9,33.85,Powdery_Mildew,19.36
32.36,84.08,40.14,48.91,9.27,32.77,7.7,424.5,38.74,Bacterial_Leaf_Spot,13.58
41.4,64.7,37.44,20.0,11.41,16.24,6.53,564.8,28.72,Healthy,16.26
13.34,71.26,37.36,29.85,20.53,30.95,6.67,758.7,41.71,Healthy,12.84
14.1,89.9,62.08,28.32,22.73,29.55,6.14,976.8,41.48,Rust,1.6
28.6,87.15,29.39,18.01,20.04,15.82,5.03,422.9,32.19,Early_Blight,17.76
41.6,74.98,45.04,22.06,26.46,44.88,6.7,720.9,51.44,Early_Blight,13.14
34.69,90.06,54.23,17.92,23.61,21.02,4.94,207.9,38.28,Healthy,5.26
23.6,42.69,54.71,24.66,20.1,15.32,5.52,386.0,45.95,Root_Rot,6.55
23.65,26.62,48.51,30.9,19.71,30.39,4.8,754.9,39.27,Healthy,10.46
30.76,72.65,47.04,17.44,12.87,39.3,7.21,742.4,38.53,Early_Blight,11.1
36.86,43.61,64.22,28.88,49.35,11.07,5.02,388.4,45.93,Root_Rot,3.28
26.24,28.05,43.9,23.91,42.29,16.39,5.9,226.6,29.74,Healthy,10.51
18.59,88.05,24.97,25.19,13.63,47.07,5.57,837.1,37.91,Healthy,19.49
30.12,83.58,63.14,46.8,33.04,33.89,7.62,924.6,60.85,Bacterial_Leaf_Spot,3.89
39.09,24.93,19.38,31.77,41.72,15.91,5.99,803.5,39.04,Healthy,28.11
23.64,85.79,45.21,25.04,25.07,40.0,7.49,268.9,45.67,Powdery_Mildew,9.29
23.95,88.17,64.56,11.65,10.27,37.32,7.07,648.8,45.09,Rust,2.6
21.59,92.96,53.35,11.71,38.77,31.3,7.57,976.8,55.98,Rust,7.09
40.66,48.14,55.46,15.32,26.24,42.94,7.96,921.2,52.54,Healthy,11.56
39.49,71.45,12.62,26.36,35.27,9.79,6.56,466.1,27.18,Early_Blight,26.77
23.64,64.54,19.23,16.63,13.12,29.66,7.49,844.4,39.44,Healthy,23.67
12.7,58.82,48.57,19.4,28.63,12.76,5.18,895.1,33.93,Healthy,7.52
24.04,36.16,30.63,45.57,32.39,34.16,5.73,289.8,35.61,Healthy,17.07
26.97,82.21,25.86,48.7,32.46,13.36,7.3,573.3,44.24,Bacterial_Leaf_Spot,20.37
21.07,93.06,64.33,37.18,10.11,37.44,6.68,999.8,43.25,Rust,2.07
32.7,40.03,20.15,25.8,10.74,40.29,7.89,637.9,42.03,Healthy,23.91
14.77,41.96,54.86,10.43,46.59,30.19,4.87,733.5,45.32,Healthy,5.19
12.26,86.03,56.54,32.82,33.11,17.88,5.93,340.2,37.96,Rust,3.77
33.77,86.21,59.4,49.17,31.95,46.91,7.51,547.8,57.93,Bacterial_Leaf_Spot,5.75
27.52,63.46,46.94,43.04,22.22,32.38,6.57,945.5,43.29,Healthy,11.24
19.62,72.41,59.81,17.86,24.33,42.59,5.79,871.9,48.0,Root_Rot,3.58
34.73,32.7,39.92,48.09,25.94,13.56,5.49,795.3,51.62,Healthy,17.36
22.73,43.58,40.16,16.39,18.59,36.67,6.1,275.9,36.3,Healthy,12.37
24.88,91.32,7.91,46.65,49.29,22.42,7.6,355.5,44.27,Healthy,27.67
25.22,50.56,46.54,38.34,38.69,24.54,7.87,228.2,40.53,Healthy,8.91
12.82,50.19,12.58,27.51,25.82,32.72,4.8,869.9,34.35,Healthy,24.24
32.49,76.63,41.88,33.81,34.14,46.5,5.45,441.3,38.61,Early_Blight,12.03
16.16,28.03,63.14,41.36,21.33,13.56,4.79,877.9,43.19,Root_Rot,2.4
19.79,87.87,34.53,38.36,11.17,33.64,7.61,446.8,46.11,Healthy,13.61
22.15,84.32,43.94,41.14,36.2,38.34,7.64,302.7,48.21,Powdery_Mildew,10.5
22.37,32.43,52.67,12.24,23.36,48.99,4.97,838.9,41.78,Root_Rot,8.49
38.78,93.09,42.48,28.51,28.16,13.17,7.97,702.1,47.31,Early_Blight,13.56
32.61,69.29,14.85,16.96,35.58,39.95,8.07,703.9,43.21,Early_Blight,25.7
38.87,53.04,63.72,19.37,18.18,28.33,5.31,835.7,42.89,Root_Rot,5.8
36.95,59.69,28.08,17.07,24.94,14.22,5.86,281.8,23.62,Healthy,18.68
40.41,63.26,61.51,28.1,33.26,40.45,5.33,349.9,41.25,Root_Rot,3.31
16.95,39.78,53.15,34.66,38.23,11.28,5.23,256.2,31.88,Root_Rot,6.04
20.14,83.1,35.02,15.76,22.89,26.73,5.59,209.8,30.46,Powdery_Mildew,14.93
16.76,88.7,56.27,16.68,12.83,36.64,8.13,370.2,47.08,Rust,5.12
24.4,61.7,13.59,21.52,43.9,17.05,7.15,287.8,37.75,Healthy,23.3
24.7,77.36,58.4,23.4,44.22,29.14,5.5,905.9,44.24,Root_Rot,5.31
21.67,88.88,53.63,28.02,26.14,17.99,6.32,782.5,53.99,Rust,6.95
16.23,78.79,41.34,32.89,46.75,18.95,7.06,983.7,48.24,Healthy,11.8
20.41,89.29,57.89,45.32,42.0,16.63,7.72,706.6,49.69,Rust,3.8
26.56,91.08,57.5,48.33,20.97,49.48,7.53,947.1,60.15,Bacterial_Leaf_Spot,6.3
40.79,48.33,52.42,22.26,27.19,31.7,5.01,607.0,40.1,Root_Rot,10.19
28.28,72.5,42.38,45.96,17.94,17.8,6.86,800.6,44.8,Healthy,14.12
17.86,78.29,24.98,13.89,35.43,14.82,5.11,627.9,33.18,Healthy,18.84
22.89,67.86,15.95,27.91,31.81,26.72,7.72,515.8,40.68,Healthy,24.06
32.87,81.55,39.66,41.35,26.81,21.84,5.89,581.6,39.13,Healthy,13.29
41.06,58.18,17.33,17.65,45.86,11.18,7.35,330.8,36.26,Healthy,23.27
29.36,91.09,45.74,22.87,44.15,28.86,5.97,721.1,45.95,Early_Blight,11.46
30.79,45.18,50.15,31.92,11.56,37.49,7.67,287.2,47.84,Healthy,8.7
22.36,61.21,7.71,15.64,27.22,45.52,7.93,206.9,34.09,Healthy,25.87
27.42,68.29,33.59,32.39,46.4,15.15,6.33,549.5,44.96,Early_Blight,16.16
18.88,88.14,50.19,32.68,47.94,17.5,7.03,564.4,50.91,Rust,6.87
26.93,79.13,16.06,22.83,44.68,46.43,7.45,325.0,41.8,Bacterial_Leaf_Spot,23.0
39.49,72.05,51.94,32.2,17.21,35.67,8.1,425.0,51.92,Early_Blight,8.86
40.7,66.99,39.82,13.08,39.27,16.37,5.51,220.4,32.61,Early_Blight,12.55
24.4,88.05,57.85,16.52,22.46,43.52,5.59,270.2,40.54,Root_Rot,3.79
24.25,60.45,51.6,40.1,46.62,20.83,5.01,935.3,48.48,Bacterial_Leaf_Spot,8.44
26.36,87.97,34.91,48.01,40.54,30.41,7.41,795.1,46.05,Bacterial_Leaf_Spot,15.55
34.05,82.22,13.92,39.13,20.69,24.46,7.56,256.3,34.95,Bacterial_Leaf_Spot,25.03
12.58,58.2,12.23,24.66,32.36,35.22,6.11,555.1,36.11,Healthy,24.11
24.83,84.61,12.13,47.96,34.25,20.5,7.54,233.8,40.41,Powdery_Mildew,23.93
18.98,91.0,50.91,30.52,16.97,30.07,7.5,970.0,42.93,Rust,7.7
18.02,93.05,58.09,28.45,18.63,40.43,5.35,675.9,47.76,Root_Rot,3.24
31.05,72.86,50.1,13.89,23.88,30.35,6.92,463.9,44.09,Early_Blight,8.18
31.0,84.15,12.46,27.57,25.46,23.24,7.92,667.7,33.9,Early_Blight,26.92
38.88,44.36,55.78,16.41,39.51,16.75,4.97,786.5,35.07,Root_Rot,9.73
21.57,91.45,52.66,16.84,37.35,19.86,6.6,784.1,51.42,Rust,8.07
31.84,71.38,53.95,13.67,37.28,34.05,4.89,322.5,31.01,Root_Rot,6.37
21.29,82.65,47.79,48.58,38.47,37.23,6.31,637.7,46.67,Rust,9.08
40.49,82.06,21.59,12.09,21.68,24.15,8.06,773.6,34.34,Early_Blight,24.31
18.59,90.2,57.03,33.23,26.27,38.3,7.06,223.4,43.12,Rust,2.59
27.09,88.42,32.77,43.66,21.37,14.01,6.81,896.8,36.69,Healthy,17.34
25.6,59.17,12.25,27.2,31.96,42.14,5.45,329.7,33.34,Healthy,24.87
35.83,71.14,19.04,23.01,22.55,49.42,6.93,887.0,40.07,Early_Blight,26.15
17.04,83.67,36.99,11.52,48.16,21.23,7.1,464.1,38.87,Healthy,13.69
15.83,61.45,62.14,30.47,40.28,41.78,5.73,404.8,44.73,Root_Rot,1.24
27.0,89.05,63.97,49.14,24.84,47.05,6.71,326.7,46.1,Healthy,2.07
13.38,89.25,55.79,25.1,32.29,46.0,6.09,723.8,46.91,Rust,4.45
17.02,85.34,55.35,31.83,31.85,13.16,6.04,351.1,46.31,Rust,4.34
20.87,93.46,57.78,17.13,18.03,19.48,7.04,526.2,41.84,Rust,4.32
34.52,92.4,17.19,11.35,36.15,10.24,7.46,927.8,38.91,Early_Blight,25.33
21.86,81.37,30.91,44.05,22.39,21.8,6.18,259.5,34.47,Powdery_Mildew,16.69
22.82,91.2,17.37,39.31,12.27,24.02,5.18,336.4,32.0,Powdery_Mildew,22.35
22.03,87.62,24.33,13.71,33.06,33.1,6.17,304.4,33.46,Powdery_Mildew,19.06
21.89,51.97,47.64,46.77,48.21,27.35,5.64,218.8,39.93,Healthy,8.88
32.04,87.5,26.93,49.36,45.64,11.5,7.61,419.8,47.57,Root_Rot,19.34
17.77,85.89,57.87,26.33,50.49,14.26,5.86,536.7,42.58,Rust,4.36
26.7,41.75,52.03,16.9,15.5,44.3,8.09,879.8,45.94,Healthy,10.27
33.54,30.86,8.07,25.17,28.65,33.61,7.93,702.8,37.55,Healthy,30.4
12.02,38.36,40.98,38.39,49.21,46.87,5.86,815.8,42.68,Healthy,11.32
25.55,88.24,59.24,44.84,31.58,43.91,7.55,278.2,52.63,Powdery_Mildew,3.99
27.98,81.82,13.78,47.11,12.51,25.17,7.84,377.0,40.47,Bacterial_Leaf_Spot,24.29
34.66,78.26,17.43,27.06,18.56,47.51,7.56,669.8,43.58,Early_Blight,24.64
36.59,51.01,58.65,13.7,32.79,18.24,5.28,714.6,39.93,Root_Rot,8.25
20.63,87.29,63.75,24.58,12.89,14.19,5.92,506.0,39.06,Rust,2.34
13.58,54.76,61.89,34.33,40.98,15.65,5.66,265.7,44.95,Root_Rot,1.62
37.66,77.51,58.49,16.45,43.85,19.59,6.17,223.6,46.5,Early_Blight,3.91
21.48,28.59,22.18,33.63,32.29,16.65,7.13,579.9,39.32,Healthy,21.83
28.59,92.44,52.89,26.85,48.22,18.14,7.67,366.0,46.19,Early_Blight,7.02
41.09,40.7,33.5,38.75,40.15,37.86,7.32,783.9,51.06,Healthy,20.54
27.75,81.71,20.27,25.57,10.62,32.12,7.33,286.8,33.86,Early_Blight,20.93
24.48,32.3,17.39,37.38,31.01,47.32,7.29,499.3,40.64,Healthy,23.53
25.48,66.65,53.49,22.75,23.26,40.34,5.49,665.3,44.46,Root_Rot,7.37
17.01,43.33,46.29,41.14,32.52,49.41,6.01,400.2,47.28,Healthy,8.79
24.78,86.68,42.67,48.47,47.03,19.57,7.75,258.8,52.01,Powdery_Mildew,10.81
40.23,45.62,53.78,17.36,34.28,35.88,5.17,574.4,42.38,Root_Rot,9.47
25.12,75.01,22.3,34.75,27.81,29.52,5.99,813.2,39.03,Early_Blight,21.49
27.31,88.42,55.65,24.23,46.86,24.48,5.0,681.5,38.13,Root_Rot,6.77
24.01,84.75,43.06,13.57,25.01,31.43,5.72,567.3,32.09,Early_Blight,11.98
41.69,50.78,47.58,16.78,48.23,11.22,5.24,720.2,37.47,Healthy,13.77
26.96,64.02,20.95,26.46,28.04,23.73,7.84,527.6,39.8,Healthy,21.63
39.41,79.14,22.5,47.64,28.49,26.21,7.73,314.8,43.41,Bacterial_Leaf_Spot,21.29
27.07,43.57,59.47,31.85,34.97,22.2,6.02,904.6,54.87,Healthy,6.39
35.8,52.2,58.14,47.02,16.4,49.79,6.85,459.9,45.81,Healthy,5.28
25.09,87.04,65.49,16.22,35.02,10.85,5.94,514.1,43.1,Early_Blight,1.74
22.07,89.63,54.34,44.95,40.25,44.97,7.86,209.7,55.56,Powdery_Mildew,5.32
20.93,88.4,60.68,19.82,47.12,21.5,7.76,471.7,52.25,Rust,4.16
34.8,59.23,52.91,12.92,46.43,46.12,5.58,315.3,45.52,Root_Rot,7.93
13.35,35.97,42.62,22.28,17.09,15.29,8.14,668.7,46.87,Healthy,11.01
31.27,89.07,19.91,49.67,44.16,35.26,7.41,509.0,42.26,Bacterial_Leaf_Spot,22.34
29.34,83.11,44.95,47.54,24.26,11.65,7.44,898.3,37.64,Bacterial_Leaf_Spot,12.35
25.96,50.33,47.52,37.65,38.41,25.74,7.81,215.5,41.63,Healthy,8.19
36.05,80.5,55.73,11.87,24.35,27.83,6.61,632.3,34.79,Early_Blight,6.45
15.0,56.31,57.44,38.67,22.24,33.09,5.44,848.2,47.11,Root_Rot,3.94
22.39,60.25,48.77,38.43,49.69,25.06,6.43,616.8,45.47,Healthy,8.99
17.14,61.0,51.97,22.45,21.82,33.72,6.64,631.7,48.06,Healthy,5.81
36.2,83.57,63.89,18.78,21.64,29.33,6.35,473.4,45.06,Early_Blight,2.54
22.55,30.76,27.65,17.38,32.27,13.13,7.16,523.9,32.83,Healthy,18.46
26.66,44.93,20.94,44.91,23.73,29.54,5.35,592.7,33.63,Healthy,22.17
37.45,95.36,51.17,20.24,21.66,31.39,5.22,736.5,39.3,Early_Blight,9.28
20.11,93.19,54.3,49.15,45.56,30.67,7.98,908.3,54.67,Rust,6.21
33.37,89.3,52.25,24.51,30.64,32.32,8.17,594.8,48.46,Early_Blight,9.06
34.07,64.73,39.51,28.27,36.7,31.14,5.37,547.3,44.31,Healthy,14.65
21.79,82.0,25.24,46.14,33.29,28.84,5.68,639.1,43.56,Healthy,19.03
15.28,82.64,51.04,39.6,33.39,45.81,5.05,808.6,44.56,Root_Rot,7.05
31.71,69.01,65.21,15.23,22.08,17.42,7.21,274.3,45.85,Early_Blight,1.23
36.34,28.81,58.68,46.41,21.52,38.01,5.5,776.7,54.89,Root_Rot,8.06
39.94,53.9,57.98,12.87,44.01,27.16,6.52,494.1,43.84,Healthy,6.23
16.21,88.48,55.18,19.49,10.64,41.0,6.2,262.8,38.66,Rust,5.22
29.19,59.56,55.37,18.61,46.47,20.37,8.02,906.0,56.21,Healthy,8.03
39.81,35.27,24.51,48.57,13.63,38.57,6.22,766.8,38.57,Healthy,23.7
26.44,70.06,17.32,21.63,9.67,20.43,5.54,512.2,29.6,Early_Blight,23.19
39.13,88.42,28.87,19.01,25.32,15.42,7.14,487.9,34.45,Early_Blight,18.85
31.71,28.37,43.1,32.68,28.19,47.42,6.48,980.5,45.47,Healthy,14.71
37.88,87.72,17.78,39.28,32.63,15.99,7.1,756.8,41.44,Healthy,25.02
23.27,87.38,29.75,47.17,39.83,29.47,7.6,246.1,46.98,Powdery_Mildew,16.88
37.29,57.47,36.44,18.89,24.02,22.89,7.42,701.7,45.15,Bacterial_Leaf_Spot,17.44
27.1,32.06,54.28,20.63,29.45,43.13,5.65,771.7,41.62,Root_Rot,9.48
26.97,82.17,33.57,47.35,22.55,14.58,7.62,863.0,39.31,Bacterial_Leaf_Spot,17.53
22.37,87.01,35.96,26.43,35.56,26.03,6.98,275.5,41.25,Powdery_Mildew,14.41
24.03,95.33,24.67,19.65,23.33,18.94,4.77,913.6,30.81,Early_Blight,21.7
20.74,85.82,21.77,23.66,38.57,46.27,5.81,465.7,41.17,Healthy,20.75
26.58,27.9,42.36,35.89,34.47,10.87,8.03,978.4,48.63,Healthy,14.74
32.05,63.79,47.14,23.28,9.83,40.54,5.99,304.1,38.7,Healthy,9.99
33.27,82.36,27.44,23.65,44.64,16.06,6.81,830.5,43.34,Early_Blight,20.26
23.13,85.39,48.22,13.48,34.88,15.43,7.0,245.8,38.16,Powdery_Mildew,8.2
19.99,93.91,51.73,25.46,27.83,14.57,7.13,528.6,57.58,Rust,6.54
40.02,83.4,18.79,26.6,13.67,30.67,4.94,825.3,33.6,Early_Blight,25.62
32.31,69.17,30.96,27.84,22.87,17.58,5.5,611.7,25.54,Early_Blight,17.85
39.61,31.41,30.38,11.63,24.62,14.62,5.12,874.3,34.91,Healthy,22.22
19.49,90.12,56.55,26.69,49.27,20.37,8.05,269.6,48.3,Rust,4.46
20.41,70.45,27.04,30.7,16.12,39.5,8.2,722.8,41.95,Healthy,18.57
23.49,53.38,64.68,45.61,18.82,21.35,5.79,892.3,53.64,Root_Rot,2.0
29.42,75.74,43.62,18.29,17.0,49.92,5.73,525.9,44.34,Early_Blight,10.92
35.15,80.88,12.9,38.91,24.07,48.77,6.2,921.1,40.85,Healthy,27.29
31.1,93.54,28.46,30.52,33.24,32.12,8.08,951.2,48.35,Early_Blight,19.42
32.62,41.74,40.93,34.26,24.76,39.58,5.1,331.6,36.21,Healthy,12.94
16.82,51.3,64.86,25.62,21.96,26.78,5.47,985.5,46.37,Root_Rot,1.77
23.46,89.8,41.46,42.52,17.51,28.41,7.88,301.7,44.26,Powdery_Mildew,11.84
25.34,86.2,27.63,32.39,48.24,41.99,5.7,235.5,46.0,Powdery_Mildew,17.85
13.53,28.71,53.28,17.17,45.2,23.18,5.2,299.6,35.64,Root_Rot,6.1
24.64,82.61,23.96,47.61,14.94,42.67,7.69,333.8,38.94,Powdery_Mildew,19.69
34.11,45.37,59.9,38.22,41.89,18.73,7.4,826.4,51.31,Healthy,7.33
21.7,94.66,60.75,31.35,24.57,18.76,5.64,489.4,41.17,Root_Rot,3.43
31.94,54.21,61.74,26.59,9.85,19.86,6.39,703.3,43.44,Healthy,5.53
34.96,91.23,21.7,27.35,29.29,14.06,7.13,884.9,39.22,Early_Blight,23.52
14.34,80.26,53.62,42.66,46.48,19.17,5.09,595.2,41.24,Root_Rot,6.25
31.23,81.3,35.27,36.22,12.21,14.9,6.45,846.9,42.98,Healthy,15.62
26.55,54.33,47.93,22.95,24.08,45.67,7.8,935.9,55.32,Healthy,11.15
21.58,93.28,61.18,33.0,46.07,47.45,7.22,538.3,58.17,Rust,2.63
21.91,90.56,63.22,24.52,24.24,18.4,6.48,575.7,48.87,Rust,2.58
30.13,71.4,20.27,26.04,27.78,43.35,6.16,525.4,38.59,Early_Blight,23.09
23.64,93.13,16.11,22.41,36.14,49.22,8.09,630.5,43.0,Healthy,22.75
22.93,92.31,59.42,16.63,47.48,24.86,7.73,424.3,53.78,Rust,4.16
24.82,33.3,18.88,40.72,31.57,48.39,7.29,533.1,38.14,Healthy,22.28
23.97,32.26,18.32,38.7,31.08,48.37,7.29,503.2,45.66,Healthy,22.32
34.17,58.74,53.3,29.64,49.7,40.28,6.45,458.8,36.19,Healthy,7.65
14.95,80.03,60.94,47.95,17.46,21.08,5.73,354.2,42.44,Root_Rot,2.0
39.46,82.76,30.54,30.84,36.56,25.15,8.13,525.8,44.7,Early_Blight,17.63
20.66,89.15,37.56,27.97,22.75,12.22,6.4,303.6,36.39,Powdery_Mildew,13.25
17.13,81.61,33.36,49.62,18.26,11.43,6.6,340.3,32.14,Bacterial_Leaf_Spot,15.04
40.13,77.65,44.18,47.43,35.14,34.93,6.46,309.1,43.35,Healthy,11.72
22.05,26.29,58.27,38.3,16.83,23.63,5.21,926.1,49.36,Root_Rot,5.91
23.34,89.6,38.65,28.4,23.44,45.69,6.14,288.7,45.4,Powdery_Mildew,12.52
33.15,48.53,48.63,47.51,35.44,39.62,7.62,591.0,54.35,Healthy,10.67
24.97,88.01,10.89,46.65,24.32,24.74,7.89,250.0,39.42,Powdery_Mildew,25.86
25.33,80.66,31.32,36.74,50.09,29.09,6.75,696.9,46.92,Healthy,15.78
19.65,84.83,64.01,45.81,12.76,23.4,7.21,306.2,51.3,Rust,0.51
27.45,62.44,18.67,49.83,28.69,18.44,7.37,838.5,47.59,Healthy,24.07
41.88,79.71,10.74,15.88,40.74,50.8,6.82,856.0,43.7,Early_Blight,29.13
36.04,28.83,37.67,27.47,45.79,43.75,5.85,710.0,49.91,Healthy,17.23
28.45,83.7,47.68,20.69,43.34,46.08,7.02,349.5,48.18,Early_Blight,8.93
41.42,75.24,33.26,30.01,25.08,47.7,6.95,506.4,40.04,Early_Blight,17.13
23.9,33.33,56.48,21.24,24.07,40.76,5.41,829.3,53.17,Root_Rot,6.94
28.86,31.59,58.09,23.4,21.56,35.35,5.65,414.3,38.15,Root_Rot,5.53
18.69,83.36,63.56,31.69,46.54,48.43,7.3,381.8,55.48,Rust,1.15
15.9,91.54,50.78,21.36,36.09,21.52,7.11,850.4,47.78,Rust,7.04
36.54,52.24,58.26,17.31,32.05,40.34,5.44,904.9,44.79,Root_Rot,8.63
39.34,87.28,28.29,27.6,37.91,41.59,7.74,764.1,49.91,Early_Blight,20.56
31.84,47.63,47.82,45.78,47.66,19.02,5.53,576.8,43.8,Healthy,9.93
22.96,44.24,19.59,41.44,30.03,14.51,7.62,566.9,41.71,Healthy,22.5
25.35,70.81,50.36,11.95,37.1,37.43,8.08,795.5,51.19,Early_Blight,8.89
21.96,28.66,44.97,39.67,18.58,14.15,5.41,571.0,33.82,Healthy,11.52
28.83,57.92,57.6,27.15,31.22,14.82,5.48,698.9,42.11,Root_Rot,6.62
35.25,90.18,57.2,38.75,42.24,14.19,5.38,523.6,47.87,Root_Rot,6.42
14.49,51.71,8.39,46.11,25.6,39.42,7.93,605.3,37.52,Healthy,25.61
27.05,92.48,57.45,48.06,22.08,49.52,7.37,964.6,62.74,Bacterial_Leaf_Spot,6.04
28.91,32.54,52.71,13.45,23.18,20.26,5.29,215.8,41.95,Root_Rot,6.0
13.48,84.12,41.89,42.07,43.85,18.04,6.5,279.2,40.99,Root_Rot,10.23
26.24,88.87,32.17,46.42,40.66,40.09,7.8,721.3,49.46,Bacterial_Leaf_Spot,17.48
22.24,92.89,49.54,25.41,23.44,23.88,6.47,886.4,38.2,Rust,9.56
16.07,80.12,11.2,45.61,15.48,37.62,6.67,323.2,30.88,Healthy,24.01
22.43,82.84,54.16,45.26,35.33,46.76,6.21,270.1,51.52,Powdery_Mildew,5.28
34.04,89.13,25.38,18.55,15.88,28.34,6.18,744.5,31.43,Early_Blight,20.97
21.12,87.76,41.59,23.03,15.79,26.34,7.38,295.6,41.97,Powdery_Mildew,11.42
32.16,77.01,45.7,45.14,30.0,29.78,7.58,653.0,51.92,Bacterial_Leaf_Spot,10.65
19.71,95.1,52.58,22.23,45.59,14.2,7.91,639.5,49.71,Rust,5.83
31.34,41.59,49.0,30.58,23.24,31.42,5.6,886.9,46.59,Healthy,12.24
27.05,89.53,61.01,44.92,32.54,44.11,7.66,310.2,59.11,Bacterial_Leaf_Spot,1.76
19.77,51.57,58.11,27.81,12.9,34.49,4.91,701.2,45.8,Root_Rot,4.5
41.57,78.66,44.65,20.34,23.27,36.43,8.15,261.0,45.63,Early_Blight,10.84
34.25,62.87,31.82,11.61,30.38,33.47,5.55,317.7,28.62,Healthy,16.83
27.28,94.35,59.13,26.63,23.52,17.84,7.31,451.0,42.92,Early_Blight,3.89
39.46,26.88,23.33,19.7,35.39,42.19,6.68,989.8,42.87,Healthy,26.65
34.14,68.89,46.4,42.41,44.5,32.84,5.6,860.7,47.24,Healthy,13.15
32.44,73.74,62.58,16.57,20.69,49.27,5.97,941.5,44.09,Early_Blight,5.5
21.95,67.07,50.13,17.9,12.65,46.69,7.12,709.4,44.08,Root_Rot,8.17
22.1,83.43,45.83,49.1,35.44,48.97,6.02,338.5,42.61,Powdery_Mildew,9.41
18.09,29.53,57.8,13.0,37.72,45.31,5.82,293.3,41.72,Healthy,4.08
35.26,68.02,21.19,22.87,33.6,30.88,5.57,823.8,37.3,Early_Blight,24.97
29.52,77.83,25.52,14.82,17.41,45.63,6.63,806.0,35.01,Early_Blight,21.23
27.6,53.63,53.96,19.99,9.83,41.26,6.13,617.2,42.03,Healthy,8.12
15.44,86.37,51.46,27.48,14.62,18.96,7.28,598.6,44.81,Rust,6.38
39.26,78.22,24.37,11.84,40.79,34.6,8.08,427.9,46.87,Early_Blight,20.46
27.65,80.8,20.02,25.8,21.94,14.03,7.6,951.9,38.18,Early_Blight,23.33
36.67,58.24,29.21,27.31,47.88,47.93,8.06,241.0,40.91,Healthy,17.49
18.89,57.02,61.28,19.61,19.74,24.51,5.07,318.7,41.34,Root_Rot,1.82
13.48,92.26,61.52,38.61,39.88,12.66,5.18,875.8,46.47,Root_Rot,2.72
32.86,85.71,54.84,30.67,50.55,25.09,6.91,489.8,55.13,Early_Blight,7.06
39.05,54.43,62.5,31.77,34.94,39.46,5.47,365.8,39.55,Root_Rot,3.45
16.11,61.35,46.26,46.71,22.02,20.24,6.46,378.6,41.75,Healthy,9.27
39.97,64.48,55.73,18.46,12.28,28.04,5.0,924.1,38.96,Root_Rot,10.29
26.72,82.87,59.88,48.44,35.01,44.06,7.58,577.3,54.5,Bacterial_Leaf_Spot,4.47
28.77,65.25,42.55,11.44,50.28,41.48,5.15,237.9,33.26,Early_Blight,10.39
25.76,89.08,25.57,33.31,19.69,30.06,6.42,913.3,42.7,Early_Blight,20.23
27.47,94.29,63.49,47.06,16.58,33.67,6.95,725.4,50.63,Healthy,2.79
30.18,89.6,42.08,48.74,41.89,25.16,7.52,876.6,55.0,Bacterial_Leaf_Spot,13.75
16.0,37.8,25.32,19.39,16.12,45.42,7.23,566.4,44.02,Healthy,18.42
38.61,84.84,46.73,46.89,27.93,36.22,7.75,196.6,47.42,Bacterial_Leaf_Spot,8.01
19.76,52.76,23.1,49.66,14.0,38.87,6.66,965.5,43.49,Healthy,20.53
19.48,32.31,59.03,34.31,35.16,28.48,5.73,903.4,43.4,Root_Rot,4.95
26.77,82.05,8.38,26.26,39.18,48.3,6.27,571.2,37.27,Early_Blight,27.32
32.43,63.54,15.64,30.37,43.41,18.49,7.57,507.2,40.99,Healthy,25.54
25.94,82.48,63.06,18.15,39.71,30.05,5.83,942.3,43.31,Early_Blight,3.99
36.82,35.84,60.03,38.99,19.95,30.77,5.24,210.0,42.65,Root_Rot,3.76
27.26,85.31,61.72,47.24,40.77,26.46,7.65,372.8,58.59,Bacterial_Leaf_Spot,2.64
18.72,89.82,51.53,31.6,39.32,17.82,6.21,905.7,42.37,Rust,8.01
39.79,68.96,51.85,43.36,14.15,48.87,5.44,766.7,50.31,Root_Rot,10.41
41.34,59.04,22.1,15.03,40.36,45.0,4.99,216.3,27.02,Rust,20.76
35.94,65.3,17.18,37.69,47.83,12.66,7.97,588.9,42.14,Healthy,24.27
31.11,84.4,23.37,13.2,17.78,38.37,5.37,442.8,35.84,Early_Blight,21.17
16.3,39.0,51.63,25.74,24.94,22.88,4.89,748.4,31.09,Root_Rot,7.43
22.61,53.41,52.78,16.95,24.03,48.33,6.56,270.5,46.78,Healthy,5.95
26.59,33.63,56.06,21.43,28.88,43.38,5.59,786.5,46.2,Root_Rot,7.44
24.71,67.92,22.94,10.41,29.06,32.62,7.76,587.8,37.1,Early_Blight,21.01
26.94,42.08,32.37,41.62,10.38,43.38,5.61,657.8,35.21,Healthy,17.37
34.08,58.02,51.73,22.79,44.16,26.08,4.97,371.5,41.2,Root_Rot,7.74
30.86,85.64,49.71,49.93,12.63,16.06,7.32,649.8,46.11,Bacterial_Leaf_Spot,9.03
21.62,91.62,19.91,47.89,32.59,25.95,7.76,302.4,41.61,Powdery_Mildew,21.07
41.88,70.91,62.47,18.79,29.99,34.16,7.37,353.1,47.34,Early_Blight,3.28
18.33,90.22,28.6,37.88,12.08,30.04,7.91,357.7,35.54,Healthy,16.68
36.31,49.8,58.54,18.8,28.59,35.37,4.92,523.2,37.18,Root_Rot,5.55
35.9,42.7,60.84,20.57,29.43,47.9,5.22,942.3,51.46,Root_Rot,8.05
20.68,83.2,63.96,21.62,38.83,38.73,6.73,397.6,42.51,Rust,1.17
39.49,70.94,45.16,21.07,20.71,27.5,5.18,287.6,32.69,Early_Blight,10.52
39.85,64.73,26.53,30.85,37.5,14.21,7.94,311.8,43.38,Healthy,19.43
22.12,91.64,33.41,28.16,34.41,22.14,6.38,251.8,38.44,Powdery_Mildew,15.12
31.02,89.91,23.53,45.74,19.34,13.81,7.8,506.4,31.98,Bacterial_Leaf_Spot,20.89
25.56,73.54,29.54,32.82,10.5,46.12,5.64,991.3,32.42,Early_Blight,19.35
32.55,91.02,9.05,11.95,47.53,48.31,6.92,250.0,41.53,Early_Blight,26.04
31.98,65.29,18.48,11.95,50.33,41.12,7.15,472.4,35.67,Early_Blight,22.89
30.24,89.37,10.99,46.75,43.33,15.03,7.24,863.3,44.82,Bacterial_Leaf_Spot,26.88
16.92,32.48,55.58,23.47,24.21,10.09,5.15,848.1,35.38,Root_Rot,5.52
22.47,94.8,20.68,15.13,13.35,47.84,7.2,335.6,37.43,Powdery_Mildew,20.66
21.84,86.05,51.61,44.28,41.4,44.15,5.63,590.3,52.01,Root_Rot,6.91
37.71,25.39,11.89,24.3,11.87,47.55,7.6,943.5,41.36,Healthy,31.25
24.16,75.61,43.47,11.56,16.02,41.37,7.47,867.5,42.67,Early_Blight,11.65
20.95,90.27,35.05,22.01,29.67,13.61,5.55,271.5,35.48,Powdery_Mildew,13.17
22.54,29.26,27.45,18.44,30.36,14.13,7.26,558.6,42.16,Healthy,19.22
25.05,90.23,25.19,46.31,35.0,31.91,7.59,918.7,50.72,Bacterial_Leaf_Spot,20.11
21.06,87.61,58.1,41.53,35.16,22.09,7.42,615.4,47.02,Rust,3.91
30.13,70.3,35.02,25.81,38.81,42.36,7.61,914.3,47.24,Early_Blight,16.76
31.26,84.17,33.64,47.04,40.86,48.21,8.04,353.0,48.65,Bacterial_Leaf_Spot,15.71
32.97,50.18,15.9,34.92,16.16,35.99,7.96,955.2,42.33,Healthy,28.04
38.41,51.93,39.43,41.87,31.56,36.43,5.51,991.4,37.21,Healthy,17.98
26.26,91.71,45.86,30.38,26.99,17.31,5.56,857.4,41.1,Early_Blight,10.92
16.73,66.86,28.18,36.3,15.04,44.85,5.65,508.9,34.73,Healthy,17.83
26.73,83.71,27.67,45.48,19.02,30.62,7.32,789.0,42.31,Bacterial_Leaf_Spot,18.35
24.75,85.96,45.44,47.86,46.33,21.24,7.76,265.5,50.62,Powdery_Mildew,10.5
27.43,65.35,29.94,33.22,28.89,41.79,6.74,265.8,38.4,Early_Blight,18.0
39.03,80.05,16.81,33.79,17.1,48.03,6.93,601.7,41.43,Early_Blight,23.68
23.42,90.11,17.05,32.92,43.86,27.01,5.13,739.0,37.1,Healthy,23.27
18.81,89.34,56.85,20.25,17.09,25.49,7.44,545.9,48.26,Rust,4.16
33.44,72.16,40.56,29.04,34.86,31.73,5.12,826.6,44.17,Early_Blight,14.83
26.14,81.77,33.17,45.91,13.41,42.79,7.56,358.6,45.46,Bacterial_Leaf_Spot,15.21
34.25,80.15,37.69,27.09,31.03,13.86,5.33,274.8,33.71,Early_Blight,13.97
30.29,85.81,54.0,47.39,45.27,47.01,7.45,886.1,60.67,Bacterial_Leaf_Spot,8.18
14.54,90.48,47.3,10.3,34.79,20.45,6.26,963.1,46.62,Healthy,8.28
20.01,82.61,22.71,40.5,34.4,13.28,5.21,243.8,28.04,Powdery_Mildew,19.4
14.47,39.64,58.78,32.78,42.5,21.95,5.18,836.0,41.27,Root_Rot,4.02
36.89,91.5,60.24,11.41,23.34,23.0,7.25,729.1,50.59,Early_Blight,4.95
12.98,80.63,23.56,15.12,32.25,38.73,6.24,945.9,35.64,Healthy,18.36
40.18,41.31,47.53,37.75,35.24,36.79,6.43,296.4,37.63,Healthy,11.13
26.32,31.36,62.76,27.3,29.24,50.46,4.86,340.6,44.39,Root_Rot,2.19
21.97,92.05,49.35,19.36,34.69,19.89,7.41,746.6,42.26,Rust,8.52
31.19,83.16,33.39,30.81,34.65,31.14,7.42,292.5,38.53,Early_Blight,15.18
34.38,85.07,64.27,11.59,31.64,38.8,4.85,476.9,45.43,Root_Rot,2.74
22.44,83.65,51.3,27.61,35.05,14.62,4.82,284.9,32.53,Root_Rot,7.71
18.69,90.5,52.31,20.34,19.49,11.56,7.04,575.1,40.51,Rust,6.88
23.72,80.94,36.76,29.74,17.07,17.63,7.13,320.1,43.65,Powdery_Mildew,12.79
18.92,95.15,50.38,21.04,44.57,14.05,8.05,683.3,53.55,Rust,6.91
37.82,35.18,38.1,43.93,23.34,22.78,5.71,454.5,37.43,Healthy,15.24
15.17,64.51,16.9,31.72,12.91,41.05,7.4,212.8,34.72,Healthy,21.75
12.89,74.83,18.04,49.8,14.36,12.63,6.96,236.0,37.29,Healthy,20.41
21.81,92.12,47.83,43.92,29.57,30.69,6.13,268.6,42.19,Powdery_Mildew,8.68
34.84,38.13,55.89,25.87,12.21,42.95,5.38,949.0,42.41,Root_Rot,9.66
41.62,75.94,54.35,43.56,12.17,21.83,8.1,869.3,47.86,Bacterial_Leaf_Spot,11.0
39.72,30.48,30.89,20.02,12.33,29.44,7.72,422.9,40.01,Healthy,19.67
19.56,36.04,29.71,33.07,35.23,46.52,6.06,637.9,41.96,Healthy,17.36
18.92,64.69,26.85,33.24,15.31,12.12,7.3,995.4,36.4,Healthy,19.31
24.29,90.78,26.91,24.98,42.86,49.03,6.56,316.9,39.61,Powdery_Mildew,17.32
21.35,27.33,37.12,16.86,30.37,28.13,5.51,757.0,34.83,Healthy,15.23
22.48,82.93,57.14,48.35,31.96,45.84,6.75,227.5,47.36,Rust,3.82
39.93,29.72,59.11,41.05,16.73,48.01,5.43,499.8,37.29,Root_Rot,6.18
31.08,90.76,61.05,10.1,30.04,19.15,7.04,436.6,48.58,Early_Blight,3.24
32.7,54.31,8.79,30.39,34.13,38.35,7.87,300.9,41.42,Healthy,26.65
37.35,57.61,28.71,16.63,24.33,13.6,5.82,274.3,28.88,Healthy,17.88
20.04,44.22,14.24,37.21,43.24,34.78,7.44,524.1,43.96,Healthy,24.63
33.16,89.57,23.02,48.31,31.41,39.66,7.88,530.8,53.9,Bacterial_Leaf_Spot,20.67
21.58,89.9,27.91,11.36,35.09,35.45,6.36,308.0,33.29,Powdery_Mildew,18.19
21.64,65.95,59.18,40.04,30.81,23.82,4.99,804.1,47.78,Root_Rot,3.96
14.03,81.93,53.15,41.46,31.35,23.32,5.36,690.3,45.53,Root_Rot,6.67
32.35,87.09,17.19,33.17,46.0,34.41,6.52,613.9,42.94,Early_Blight,23.48
19.23,89.68,49.55,33.21,14.75,30.05,7.88,869.2,56.42,Rust,8.37
24.34,90.17,63.91,38.39,23.48,44.51,5.49,838.2,46.38,Root_Rot,2.36
25.76,54.38,50.33,17.11,13.29,22.84,5.8,698.6,38.16,Healthy,8.99
21.36,90.45,54.66,36.76,29.89,25.7,6.62,910.1,47.0,Rust,6.87
35.91,69.26,32.72,15.14,25.86,25.85,7.24,662.4,39.07,Early_Blight,18.87
23.93,74.12,52.4,31.06,37.69,18.44,7.31,843.2,44.86,Healthy,8.63
27.57,30.5,25.31,35.46,42.88,13.91,5.63,230.4,33.44,Healthy,18.76
22.15,23.66,21.47,9.54,46.17,19.61,4.91,331.9,30.94,Healthy,20.82
19.51,90.76,58.69,47.0,45.43,13.52,7.45,777.6,52.85,Rust,3.74
21.02,91.51,53.82,24.66,25.39,47.5,7.92,684.1,56.93,Rust,5.84
21.68,57.99,25.08,17.7,39.62,38.27,7.94,942.2,47.5,Healthy,19.89
24.34,69.59,14.31,8.11,19.83,30.44,7.05,623.5,35.3,Early_Blight,24.46
26.14,83.97,56.43,38.41,33.83,35.34,5.55,407.7,47.41,Early_Blight,5.2
20.19,88.85,51.65,39.47,29.95,20.11,6.54,804.3,43.14,Rust,6.51
38.64,81.81,7.02,20.95,25.22,29.76,4.98,223.1,26.95,Early_Blight,27.28
24.36,28.53,55.14,18.3,34.64,43.14,5.39,670.8,45.42,Root_Rot,7.84
40.7,93.89,29.79,18.71,45.89,46.02,5.65,965.7,43.52,Early_Blight,21.44
26.77,66.69,8.07,24.64,36.04,46.02,6.85,552.2,37.61,Early_Blight,27.3
20.36,54.5,48.55,47.38,18.97,31.26,7.4,291.8,39.73,Healthy,7.41
21.0,89.07,36.0,37.59,15.38,36.1,6.35,246.7,35.57,Root_Rot,13.76
26.41,87.79,13.35,38.91,44.2,13.1,8.09,230.3,29.94,Bacterial_Leaf_Spot,22.76
21.36,86.39,56.54,31.72,23.41,9.51,7.38,647.0,53.24,Rust,5.7
23.84,92.13,35.81,19.99,28.54,14.54,6.73,233.9,39.57,Powdery_Mildew,13.59
37.71,82.7,19.78,13.52,22.6,13.45,5.61,731.1,31.76,Early_Blight,25.07
31.55,91.85,10.73,45.67,37.25,11.48,7.49,596.6,45.41,Early_Blight,25.78
18.88,30.92,59.58,24.22,36.1,45.2,5.07,602.9,39.98,Root_Rot,4.35
28.27,77.27,10.97,31.31,32.81,41.91,7.71,800.7,44.92,Early_Blight,27.14
30.57,85.84,23.22,13.33,15.94,37.6,5.44,440.3,30.03,Early_Blight,20.29
19.74,90.04,57.61,16.07,15.79,17.28,6.75,553.2,44.78,Rust,3.59
30.87,48.24,38.76,41.56,48.87,12.65,5.25,562.0,43.49,Healthy,14.95
37.73,95.01,36.82,17.87,33.79,32.29,5.33,410.0,37.63,Early_Blight,14.93
41.28,60.0,14.5,17.38,44.55,11.67,7.41,325.6,34.98,Healthy,25.9
21.34,87.84,42.04,27.93,25.1,42.85,7.12,242.2,41.31,Early_Blight,11.33
21.81,94.15,58.87,38.62,34.39,26.06,7.44,681.7,49.33,Rust,3.83
22.98,89.46,51.43,27.6,44.6,23.82,7.02,237.3,45.83,Powdery_Mildew,6.15
33.9,26.61,15.16,31.81,25.49,37.2,4.77,897.0,32.03,Healthy,27.69
24.33,74.55,62.14,12.49,47.59,48.59,5.7,836.1,48.98,Root_Rot,4.43
16.46,80.75,58.37,27.76,26.19,15.96,5.65,271.9,37.02,Root_Rot,2.93
20.99,90.42,52.27,11.3,45.75,20.99,6.87,805.2,41.92,Rust,8.02
27.56,60.14,46.71,43.31,43.12,19.12,5.32,801.4,44.78,Healthy,11.64
39.8,76.86,15.76,32.37,46.23,38.71,6.41,352.0,34.63,Early_Blight,24.39
14.54,82.96,54.03,10.21,47.52,41.12,7.25,640.6,48.25,Rust,5.33
40.01,52.94,21.74,42.17,43.25,34.81,7.25,914.9,44.55,Healthy,26.26
20.49,72.85,51.53,48.77,30.73,29.19,5.72,946.4,50.76,Root_Rot,8.07
15.72,93.6,56.81,18.02,37.81,33.27,5.13,955.1,48.25,Root_Rot,4.43
25.29,94.14,22.52,36.2,28.99,48.09,7.68,285.9,39.87,Powdery_Mildew,20.2
20.77,84.11,54.96,44.8,48.23,46.35,7.02,439.7,54.11,Rust,5.32
38.11,71.0,41.26,39.71,37.86,41.57,6.51,734.3,42.7,Healthy,14.54
25.25,92.23,56.68,43.82,24.61,9.32,5.0,630.6,44.91,Root_Rot,5.7
14.97,32.13,49.02,49.34,49.53,24.16,6.58,722.0,50.25,Healthy,8.12
26.99,87.26,29.92,17.12,13.61,22.01,6.33,463.8,32.89,Early_Blight,17.45
13.53,46.17,17.77,39.17,38.02,27.38,7.73,844.6,40.5,Healthy,21.76
28.98,54.02,60.65,20.54,23.72,49.31,7.98,874.6,61.57,Healthy,5.23
18.3,86.31,64.32,13.3,23.54,39.72,7.27,397.8,52.89,Rust,1.77
26.98,71.47,47.31,9.96,43.72,32.88,7.71,518.5,48.25,Early_Blight,10.54
24.14,94.89,11.06,19.3,23.97,29.65,5.44,559.3,32.9,Early_Blight,26.04
38.45,79.32,28.87,30.79,35.51,46.26,7.49,424.2,44.3,Early_Blight,18.39
13.09,74.88,38.38,38.06,33.5,12.04,7.08,342.6,43.35,Healthy,12.04
11.74,45.65,21.7,15.05,20.14,27.58,6.12,439.0,31.24,Healthy,20.36
32.3,51.42,26.68,39.04,22.9,47.53,6.88,855.4,44.42,Healthy,21.6
24.77,92.69,8.06,33.62,40.12,23.66,5.35,948.0,41.37,Early_Blight,27.71
30.21,57.95,20.92,36.45,10.29,27.83,6.31,712.1,30.09,Healthy,24.04
30.26,86.92,63.72,48.46,28.81,40.37,7.55,835.7,57.98,Root_Rot,3.62
27.63,85.64,28.98,29.56,14.68,19.04,6.44,281.9,36.46,Early_Blight,18.0
28.27,54.31,16.69,49.0,24.91,12.63,7.94,331.5,37.79,Healthy,22.45
24.13,40.66,32.41,31.12,26.53,16.74,8.0,502.3,36.13,Healthy,16.73
21.85,89.82,52.22,15.24,36.42,20.07,6.67,781.8,50.6,Rust,8.42
38.66,90.12,26.28,25.13,47.09,48.76,6.29,986.6,53.35,Early_Blight,22.41
18.19,70.39,64.57,42.82,49.12,16.27,4.9,902.6,48.68,Root_Rot,1.59
24.12,75.18,45.17,31.93,50.82,27.42,6.36,223.5,48.85,Early_Blight,8.97
32.89,71.28,53.03,20.77,35.95,42.12,8.12,282.4,50.49,Early_Blight,7.26
29.23,71.56,18.8,19.67,22.57,43.04,6.85,703.8,38.09,Early_Blight,23.19
40.97,91.02,28.89,16.03,39.52,39.65,6.93,764.0,42.63,Early_Blight,20.33
37.64,71.8,25.79,28.81,30.76,20.11,7.59,837.0,33.31,Early_Blight,21.77
13.33,71.0,59.3,19.28,22.99,42.92,5.78,932.0,49.96,Early_Blight,3.98
36.22,82.02,60.76,32.46,47.7,28.27,5.41,710.0,43.61,Root_Rot,6.0
21.01,72.31,35.7,29.62,29.03,20.47,5.95,305.0,39.23,Healthy,13.86
29.6,67.14,47.37,25.59,23.1,22.93,6.42,900.8,44.5,Early_Blight,11.11
31.58,87.78,15.62,32.5,26.31,32.68,5.66,757.1,41.88,Early_Blight,25.92
20.25,59.99,59.08,11.2,27.14,42.69,5.71,586.7,46.88,Root_Rot,3.83
13.97,26.14,58.76,26.4,25.37,20.29,4.81,329.9,33.79,Root_Rot,2.62
28.78,41.38,29.83,35.2,29.15,48.6,4.84,662.3,37.15,Healthy,18.1
36.42,86.11,56.74,36.21,20.1,36.01,7.31,384.0,45.86,Bacterial_Leaf_Spot,5.24
30.79,82.93,39.07,42.01,26.92,27.05,7.89,705.6,44.05,Bacterial_Leaf_Spot,13.69
21.99,87.21,57.09,41.87,19.81,30.41,8.05,892.0,59.91,Rust,5.18
22.95,80.66,52.02,23.41,17.72,15.32,7.01,462.8,38.93,Rust,7.36
34.96,80.65,34.6,46.64,19.69,13.56,7.46,809.0,45.48,Bacterial_Leaf_Spot,17.35
18.69,30.82,59.65,23.78,36.85,45.83,5.05,600.9,47.55,Root_Rot,4.0
22.33,85.49,58.01,20.22,22.57,15.66,7.63,309.8,42.18,Powdery_Mildew,3.48
12.47,65.16,50.76,13.58,22.95,20.85,8.11,208.6,49.44,Healthy,6.55
20.91,83.76,55.0,45.36,47.93,47.09,7.0,434.7,56.78,Rust,6.34
25.74,40.15,48.98,17.07,28.74,17.14,6.79,781.4,42.95,Healthy,10.18
22.67,84.45,38.71,48.16,16.17,29.67,5.32,316.6,35.8,Powdery_Mildew,12.76
16.22,39.23,58.01,21.38,36.69,34.6,6.75,666.1,47.41,Healthy,3.43
35.64,86.72,43.21,46.72,30.88,37.51,7.35,863.3,51.03,Bacterial_Leaf_Spot,14.58
26.87,91.95,28.91,16.66,44.66,28.42,5.84,800.4,41.06,Early_Blight,18.34
12.63,51.23,63.06,18.95,37.3,11.75,5.53,731.2,49.7,Root_Rot,1.86
30.97,68.22,57.55,27.08,20.84,41.19,5.38,455.8,35.15,Root_Rot,5.31
31.95,85.16,22.03,45.9,36.65,42.99,7.52,736.6,44.73,Bacterial_Leaf_Spot,22.61
37.53,91.0,61.82,39.86,27.91,12.05,5.14,345.6,38.62,Root_Rot,3.43
28.63,71.53,33.95,21.81,37.0,18.78,5.61,562.6,40.6,Early_Blight,15.9
23.13,87.27,25.24,33.34,18.11,29.9,6.48,247.6,33.08,Powdery_Mildew,19.02
13.69,36.99,37.58,28.52,39.15,40.13,4.78,962.5,45.42,Healthy,12.89
16.82,33.85,56.11,38.89,38.61,49.02,8.16,983.5,52.06,Healthy,6.17
19.65,58.82,63.85,17.78,24.83,25.67,5.12,314.7,35.51,Root_Rot,1.01
36.59,29.5,38.49,26.41,46.3,44.02,5.8,735.3,42.42,Healthy,17.44
23.66,92.1,32.47,11.69,37.04,18.99,5.37,246.5,29.76,Powdery_Mildew,14.99
23.97,34.22,44.91,31.53,22.5,35.47,6.35,538.0,37.44,Healthy,11.06
39.74,95.03,46.23,13.17,35.76,42.11,5.57,561.7,43.4,Early_Blight,10.71
35.62,74.3,12.24,12.21,36.8,13.07,5.96,209.4,20.71,Early_Blight,24.94
19.82,81.57,61.14,47.41,46.62,11.15,4.74,630.6,47.79,Root_Rot,2.93
38.69,79.18,35.53,30.89,49.29,49.99,4.87,565.9,41.14,Early_Blight,16.13
15.36,81.21,29.89,12.06,29.43,12.89,5.48,482.0,30.95,Healthy,16.26
11.78,40.7,23.11,46.96,44.68,31.76,5.35,385.8,38.9,Healthy,19.09
27.83,66.82,52.26,12.18,11.5,49.18,5.55,671.9,42.31,Root_Rot,7.98
25.64,93.55,16.78,14.94,10.15,23.1,6.74,265.4,34.53,Powdery_Mildew,22.34
21.33,83.95,43.96,44.95,35.69,35.18,7.91,340.5,47.34,Powdery_Mildew,9.68
34.51,48.05,61.11,38.1,40.44,18.27,7.49,823.0,48.71,Healthy,7.83
29.0,49.97,61.42,45.68,48.02,41.99,7.15,720.8,52.85,Healthy,5.43
15.71,65.09,62.94,49.83,46.31,48.57,4.92,668.1,45.73,Root_Rot,1.89
20.92,84.97,64.7,22.69,29.54,18.04,6.0,240.8,43.05,Powdery_Mildew,1.21
18.25,50.3,59.82,21.48,12.56,21.81,4.76,322.7,31.67,Root_Rot,1.98
17.96,38.39,13.0,28.66,34.96,22.98,7.62,752.3,39.57,Healthy,23.67
24.24,88.15,21.15,45.4,14.71,24.8,7.84,309.3,43.47,Powdery_Mildew,20.32
23.91,63.15,55.46,30.02,43.63,47.83,5.46,950.6,47.7,Root_Rot,6.5
27.25,92.11,28.1,17.24,45.3,27.77,5.82,794.7,34.57,Early_Blight,18.85
27.74,69.64,49.35,14.28,35.69,25.15,6.63,257.5,40.95,Early_Blight,8.1
33.3,88.69,22.52,46.12,21.18,33.52,7.6,580.8,42.62,Bacterial_Leaf_Spot,21.99
35.33,61.05,18.77,15.41,44.8,45.47,5.34,783.4,39.24,Powdery_Mildew,24.65
13.88,55.54,54.09,29.2,20.49,36.75,5.19,822.0,43.77,Root_Rot,5.85
32.01,86.65,17.48,45.34,36.74,46.45,7.77,748.4,50.5,Bacterial_Leaf_Spot,24.38
15.85,62.46,61.35,40.94,10.05,46.49,5.57,234.7,43.65,Root_Rot,2.12
19.09,83.25,61.64,30.95,49.32,12.85,6.02,502.7,50.07,Rust,2.11
37.45,79.21,24.4,39.29,20.69,29.06,7.93,306.3,39.75,Bacterial_Leaf_Spot,20.59
20.38,91.55,52.37,26.18,29.45,14.86,7.16,503.4,45.12,Rust,6.54
24.96,88.8,16.37,28.89,47.95,41.81,7.97,618.2,41.82,Early_Blight,24.42
35.43,72.8,36.64,14.8,26.04,18.16,7.32,479.7,30.32,Early_Blight,14.85
40.17,29.1,42.93,12.9,40.22,46.97,6.77,610.7,46.69,Healthy,15.34
20.54,83.04,23.77,40.34,33.73,11.8,5.25,219.6,28.42,Powdery_Mildew,18.96
38.65,77.79,14.33,24.61,46.79,50.4,7.37,668.5,46.17,Early_Blight,26.38
34.98,86.71,41.36,44.6,49.94,47.13,7.95,939.6,56.11,Bacterial_Leaf_Spot,15.21
20.16,81.05,57.11,10.86,27.96,46.03,6.83,210.5,48.46,Powdery_Mildew,3.81
21.37,84.99,38.79,25.49,15.85,17.76,7.02,291.6,44.06,Powdery_Mildew,11.07
37.18,91.94,32.06,36.99,20.98,13.81,8.01,319.6,46.7,Bacterial_Leaf_Spot,14.79
17.65,79.6,56.06,22.86,35.74,21.35,5.56,651.5,46.67,Root_Rot,5.62
18.17,73.11,38.64,45.43,18.23,27.24,7.65,764.0,51.01,Healthy,13.74
39.76,84.45,19.34,18.52,40.97,48.95,6.3,820.6,37.47,Early_Blight,26.01
38.77,72.26,18.92,32.01,35.89,21.23,4.92,864.5,40.69,Early_Blight,25.81
12.37,38.98,52.5,10.88,20.09,17.97,5.13,807.2,33.75,Root_Rot,5.47
17.01,85.09,53.99,18.01,44.89,28.71,7.07,292.4,43.75,Rust,5.12
17.9,46.71,34.85,26.81,44.71,27.68,6.41,421.2,45.4,Healthy,14.39
21.75,89.33,46.31,21.72,38.95,36.88,6.08,335.2,40.04,Powdery_Mildew,8.6
31.03,68.08,34.95,10.06,26.84,23.47,7.94,540.5,42.04,Early_Blight,16.75
30.15,73.5,40.46,32.1,45.04,27.77,5.12,693.5,49.07,Early_Blight,14.99
21.5,91.45,30.3,44.84,16.98,21.02,5.94,254.3,33.78,Powdery_Mildew,16.36
17.12,80.8,11.88,11.76,31.71,15.66,4.95,271.3,26.27,Healthy,24.27
20.04,59.49,59.47,17.24,40.02,15.06,8.2,324.1,45.45,Early_Blight,2.57
24.63,49.3,58.45,47.64,27.46,23.02,5.51,781.3,48.97,Root_Rot,6.48
17.65,62.03,56.63,17.73,14.08,33.38,4.84,964.1,37.84,Root_Rot,5.43
41.07,95.1,38.97,25.17,24.97,28.95,7.52,991.0,53.88,Early_Blight,16.74
35.54,89.23,8.57,17.06,25.92,32.5,8.18,787.7,41.99,Early_Blight,29.2
21.59,92.83,40.9,45.02,15.78,25.95,6.74,284.8,31.96,Powdery_Mildew,11.12
24.02,72.86,62.06,18.45,14.19,45.42,5.08,773.8,44.11,Root_Rot,3.6
21.83,64.66,50.43,36.35,29.23,48.83,7.0,938.0,55.69,Healthy,8.24
22.11,82.81,37.63,28.17,36.33,30.59,7.64,268.0,45.62,Powdery_Mildew,13.47
40.44,80.57,64.35,11.08,35.91,33.1,7.02,918.5,52.79,Early_Blight,5.58
12.37,51.78,57.36,25.45,28.93,17.24,6.14,741.1,41.72,Healthy,4.43
31.85,85.91,61.5,45.33,32.57,43.81,7.42,331.4,58.63,Bacterial_Leaf_Spot,2.8
41.15,51.52,60.32,21.09,33.4,37.71,5.69,458.8,37.71,Root_Rot,5.43
21.19,90.11,61.4,32.38,46.16,18.04,7.13,986.4,55.02,Rust,2.95
21.92,89.61,57.82,28.13,47.64,40.75,5.94,461.2,49.38,Rust,4.58
34.35,78.65,37.68,14.69,27.4,19.03,6.21,530.2,42.54,Early_Blight,14.36
37.14,64.15,57.96,39.45,28.18,19.66,5.07,696.0,39.88,Root_Rot,7.03
19.9,90.5,62.47,22.3,17.17,39.57,6.82,733.5,43.26,Rust,2.41
21.61,67.98,56.95,12.03,19.04,27.52,7.63,269.9,43.23,Healthy,4.35
33.67,85.24,28.59,49.64,43.86,12.2,7.56,487.8,41.27,Bacterial_Leaf_Spot,17.65
37.81,78.76,32.98,15.0,25.12,43.3,5.77,957.5,41.82,Early_Blight,19.46
29.38,24.9,31.37,46.86,32.54,49.56,5.15,245.1,37.76,Healthy,16.86
23.05,79.17,36.77,26.75,35.98,31.85,7.76,254.4,43.92,Healthy,13.16
35.09,30.62,49.88,27.12,13.02,41.22,5.54,995.9,38.96,Root_Rot,13.46
18.87,87.25,59.39,19.65,28.34,48.55,6.9,538.9,46.12,Rust,3.47
21.07,54.35,17.23,42.17,11.69,39.99,7.41,622.9,41.37,Healthy,23.04
36.66,81.5,63.78,24.89,36.6,20.23,7.72,340.6,52.76,Early_Blight,1.76
25.96,55.46,49.19,22.33,22.97,46.04,7.9,911.1,43.46,Healthy,10.46
25.54,77.6,38.76,15.82,23.46,33.52,4.94,586.6,34.16,Early_Blight,14.09
22.61,87.27,17.6,36.12,30.18,34.31,5.39,358.1,34.18,Healthy,21.62
21.51,56.78,34.47,11.39,27.41,16.85,5.47,884.6,29.68,Healthy,15.88
22.97,86.47,58.7,15.91,41.57,31.37,6.74,665.8,48.96,Rust,3.71
37.69,37.26,20.23,47.49,25.42,44.79,7.17,956.2,42.18,Healthy,27.51
34.1,85.83,15.88,42.59,24.54,45.88,5.87,858.6,35.84,Healthy,25.84
37.08,87.17,25.96,30.11,30.91,26.54,5.05,722.1,35.96,Rust,20.67
12.31,58.04,49.19,18.63,29.59,11.46,5.15,860.6,35.59,Healthy,7.61
26.52,88.24,12.33,46.53,32.32,24.25,7.64,509.1,44.04,Bacterial_Leaf_Spot,24.6
16.96,36.11,52.86,40.35,42.09,41.3,4.95,545.2,40.92,Root_Rot,5.94
17.97,88.47,59.94,23.49,23.89,24.24,7.99,342.8,50.7,Rust,2.03
26.1,58.11,57.06,31.85,45.99,10.92,4.8,573.8,42.18,Root_Rot,5.14
15.46,61.64,12.52,39.96,46.36,28.45,6.09,369.5,39.67,Healthy,24.74
14.82,44.76,63.28,46.2,43.92,15.54,5.39,960.3,52.1,Root_Rot,1.56
15.86,89.53,56.14,17.83,13.23,37.59,8.04,359.8,43.05,Rust,4.59
23.42,79.91,62.52,43.69,29.2,19.13,7.51,529.6,52.26,Healthy,2.06
40.61,81.0,27.43,30.19,13.84,18.77,5.22,302.5,38.22,Early_Blight,19.05
37.36,81.26,65.61,45.81,24.34,13.43,5.59,883.0,45.62,Root_Rot,4.08
40.52,60.65,8.43,25.06,10.82,20.93,8.2,799.1,42.0,Healthy,30.91
41.45,78.99,42.19,21.36,24.27,35.66,8.1,281.9,42.22,Early_Blight,12.01
21.41,73.88,62.89,40.63,46.17,22.05,5.26,844.9,42.12,Root_Rot,4.06
37.21,71.27,60.07,34.3,32.77,13.04,5.46,509.2,37.02,Root_Rot,5.39
31.05,88.92,42.9,40.73,14.14,27.36,5.42,949.8,39.02,Healthy,13.2
28.89,77.57,16.87,42.4,30.45,47.53,7.68,595.8,49.61,Bacterial_Leaf_Spot,24.21
40.48,84.76,34.19,43.67,48.42,43.95,7.92,867.8,54.71,Bacterial_Leaf_Spot,19.81
28.57,26.2,56.62,46.04,26.28,47.1,6.35,203.7,44.45,Healthy,4.01
34.12,83.45,18.72,11.97,34.69,43.81,6.97,669.1,35.0,Early_Blight,23.41
34.99,51.08,59.53,47.94,49.52,45.21,4.85,741.9,48.63,Root_Rot,6.76
23.23,74.24,62.86,12.9,36.21,26.92,5.32,436.7,44.5,Root_Rot,1.92
13.16,85.82,58.33,16.05,9.71,48.67,6.53,471.2,38.89,Rust,3.11
29.93,84.41,49.43,46.79,47.41,35.32,7.7,343.5,58.67,Bacterial_Leaf_Spot,7.62
22.24,80.27,62.05,44.15,29.84,20.16,7.5,529.7,49.11,Rust,3.27
38.19,41.61,62.64,12.85,42.72,22.12,5.5,309.5,43.03,Root_Rot,2.56
22.96,91.48,20.88,23.05,43.51,30.13,5.11,332.7,36.6,Powdery_Mildew,20.5
36.07,68.27,54.09,14.05,28.3,42.82,6.64,398.4,48.03,Early_Blight,7.62
17.36,34.07,50.15,47.24,33.73,31.51,5.44,687.5,42.95,Root_Rot,8.01
15.37,49.98,63.46,13.83,38.2,20.74,5.72,182.3,36.79,Root_Rot,0.44
22.07,61.59,50.02,38.76,50.21,26.16,6.45,605.2,48.46,Healthy,7.68
33.22,69.07,17.49,12.25,49.74,37.64,6.18,837.1,36.61,Early_Blight,25.34
23.5,81.06,62.5,40.33,16.66,30.51,5.28,796.3,42.0,Root_Rot,2.79
18.93,87.82,53.66,16.07,19.02,22.58,7.9,683.9,45.25,Powdery_Mildew,6.3
17.72,53.16,51.36,23.74,13.67,22.04,5.64,387.0,40.65,Root_Rot,6.14
33.06,84.76,10.82,49.4,46.71,20.71,7.28,931.8,47.09,Bacterial_Leaf_Spot,28.75
27.03,26.68,55.24,31.21,37.41,18.4,5.3,984.8,40.55,Root_Rot,9.1
31.7,85.88,20.58,44.04,47.93,23.36,7.44,853.0,48.05,Bacterial_Leaf_Spot,23.46
27.14,52.35,65.24,23.68,40.03,44.09,5.08,276.5,46.31,Root_Rot,1.84
16.16,80.73,52.05,14.21,24.54,42.09,7.97,881.4,51.73,Rust,6.64
41.82,86.1,36.26,32.7,40.03,27.23,6.35,732.0,44.4,Early_Blight,16.81
21.63,86.52,23.14,22.13,39.53,28.94,4.86,324.1,34.87,Powdery_Mildew,19.25
29.57,83.34,41.73,45.17,25.94,12.59,7.48,847.4,46.09,Bacterial_Leaf_Spot,13.47
24.32,86.88,62.14,46.4,16.35,43.05,7.26,788.8,54.93,Healthy,3.29
19.7,86.51,63.0,29.62,45.37,47.57,7.3,363.3,47.73,Rust,1.12
25.54,27.87,16.56,45.7,37.93,34.27,7.15,695.8,42.6,Healthy,23.76
22.67,95.4,53.37,28.27,29.77,23.49,6.15,780.2,45.31,Root_Rot,6.61
29.34,90.6,19.49,47.47,16.2,20.37,7.67,369.4,51.1,Bacterial_Leaf_Spot,21.91
22.6,69.28,50.46,17.6,12.96,46.58,7.1,701.5,48.01,Healthy,8.46
23.58,91.62,28.07,44.75,34.24,28.7,7.49,276.9,47.55,Healthy,17.87
31.68,87.41,19.35,47.45,24.7,47.08,7.8,967.7,51.21,Bacterial_Leaf_Spot,25.3
28.36,55.73,52.33,47.69,15.38,19.27,5.77,634.6,39.92,Root_Rot,8.77
12.39,53.76,61.28,36.07,43.21,45.04,5.64,852.9,47.23,Root_Rot,2.84
24.72,86.33,30.43,18.94,35.88,19.58,7.71,285.8,42.91,Powdery_Mildew,16.71
32.44,89.87,51.31,31.11,30.32,19.71,5.86,566.7,47.1,Early_Blight,9.26
20.42,55.82,42.44,39.14,35.46,48.53,6.93,296.5,47.22,Healthy,11.79
17.06,77.99,54.59,47.74,34.59,47.13,5.99,699.0,48.9,Healthy,6.12
35.62,88.43,60.35,30.28,45.16,10.04,6.93,700.3,42.03,Early_Blight,5.65
37.53,77.77,9.64,25.3,43.26,27.59,6.46,752.1,38.75,Early_Blight,28.86
25.32,88.29,46.03,24.63,25.3,38.81,7.61,269.7,50.27,Powdery_Mildew,9.25
18.24,73.99,61.75,37.9,18.21,9.52,5.38,465.5,40.38,Root_Rot,2.07
23.78,87.98,30.35,31.12,38.0,20.38,8.02,328.8,38.4,Powdery_Mildew,16.72
14.3,62.11,59.33,44.97,23.8,11.05,5.52,991.8,44.91,Root_Rot,3.13
27.79,93.13,24.66,25.02,17.36,14.01,7.72,430.1,36.7,Early_Blight,19.37
36.46,47.17,44.54,29.73,41.32,33.67,6.96,805.9,39.77,Healthy,13.24
22.35,81.39,48.72,46.92,24.2,39.65,6.05,649.5,50.27,Rust,9.71
40.25,74.93,47.93,13.95,34.11,10.25,7.68,530.1,43.03,Early_Blight,10.78
40.25,74.27,45.03,24.14,12.68,39.18,5.26,651.6,35.89,Early_Blight,13.18
30.54,54.86,54.09,35.01,16.72,29.6,7.9,395.6,41.56,Healthy,7.53
24.59,89.92,17.85,42.89,27.31,27.22,7.54,266.5,36.34,Powdery_Mildew,22.05
28.94,44.86,43.06,16.12,40.02,40.73,4.81,988.9,37.55,Healthy,15.24
34.94,86.87,28.78,15.37,27.61,16.79,5.29,259.3,36.4,Early_Blight,16.85
30.55,72.78,41.53,31.23,27.03,15.24,5.5,603.8,39.26,Powdery_Mildew,14.29
15.8,91.33,54.96,47.3,49.11,17.72,6.02,805.4,55.15,Rust,5.87
28.76,72.85,41.78,23.75,25.52,31.3,5.31,811.2,36.79,Early_Blight,13.65
31.31,47.05,10.21,46.98,49.82,48.81,6.4,927.4,45.59,Healthy,30.2
29.92,84.61,63.49,19.85,17.94,17.43,5.27,550.4,45.31,Root_Rot,2.12
23.05,93.74,55.84,47.54,32.4,37.54,6.84,561.8,57.86,Rust,5.22
33.69,83.25,24.11,31.19,29.44,15.26,5.87,451.9,35.74,Early_Blight,21.12
27.94,69.61,12.66,24.21,45.67,11.44,5.0,742.0,21.36,Early_Blight,25.4
32.15,75.36,13.27,20.96,19.98,11.24,5.07,793.8,37.88,Early_Blight,27.07
37.83,86.7,29.02,15.89,46.91,40.16,7.75,910.6,49.65,Early_Blight,21.05
22.5,90.47,51.36,23.99,25.62,32.49,6.05,943.7,40.32,Rust,9.19
17.92,59.37,55.93,21.25,10.6,47.86,5.22,232.9,36.49,Root_Rot,3.71
22.16,93.76,22.45,16.64,18.26,46.45,7.47,326.4,37.56,Powdery_Mildew,20.63
25.26,77.47,24.17,16.52,24.38,19.34,7.62,397.8,33.89,Early_Blight,19.28
22.75,41.41,51.64,17.75,45.14,45.6,6.39,309.0,38.91,Healthy,6.79
37.12,70.78,11.46,25.31,35.12,41.71,7.36,575.1,50.28,Early_Blight,26.71
29.11,87.43,61.79,43.11,34.68,44.31,7.4,993.1,62.97,Bacterial_Leaf_Spot,4.32
33.57,56.44,21.53,45.56,18.51,24.27,5.22,378.3,30.07,Healthy,21.81
22.75,85.0,63.66,48.9,11.26,36.61,7.74,208.7,54.54,Powdery_Mildew,0.54
30.48,70.34,51.12,33.55,17.44,42.85,7.05,482.9,47.17,Early_Blight,8.67
28.46,87.25,48.44,15.91,39.34,38.76,4.99,445.4,32.47,Early_Blight,8.6
13.69,34.42,63.41,39.84,42.84,31.3,5.56,673.1,49.67,Root_Rot,0.77
41.41,78.83,60.71,47.11,35.54,17.11,5.25,618.4,46.79,Root_Rot,5.43
33.15,73.91,49.25,33.63,38.89,46.63,5.98,719.1,44.45,Root_Rot,10.61
38.7,72.94,56.35,10.95,51.42,40.14,6.35,979.1,49.45,Healthy,9.47
25.95,53.33,10.58,47.0,46.58,46.98,7.48,438.4,44.86,Healthy,26.15
20.28,40.67,28.38,25.59,13.3,31.44,6.44,731.2,33.27,Healthy,18.74
20.58,39.35,58.17,28.53,23.5,44.0,5.83,396.8,44.64,Healthy,4.69
26.12,84.2,58.4,14.69,32.87,43.18,6.87,547.3,40.6,Early_Blight,4.45
29.21,81.59,58.74,40.27,15.41,38.63,7.73,834.4,53.88,Bacterial_Leaf_Spot,5.33
13.15,56.31,12.99,26.38,32.17,35.08,5.94,589.4,28.23,Healthy,23.87
32.23,82.05,26.95,47.03,45.07,47.82,7.96,269.4,44.18,Bacterial_Leaf_Spot,18.49
24.83,87.17,52.18,18.71,14.88,17.41,7.21,357.8,46.45,Early_Blight,6.0
13.83,72.76,42.9,41.09,21.12,31.74,5.86,339.5,37.79,Healthy,9.76
37.75,47.92,15.72,24.69,14.43,28.01,6.43,264.9,26.18,Healthy,23.61
19.23,95.55,43.99,32.31,25.02,22.39,6.84,673.4,42.94,Bacterial_Leaf_Spot,10.39
15.89,44.4,21.61,17.56,30.31,36.37,6.9,766.3,45.19,Healthy,20.27
20.53,84.17,48.04,22.95,10.57,38.92,5.68,282.0,30.52,Powdery_Mildew,8.54
34.39,81.38,63.49,10.48,23.44,37.98,5.34,492.7,42.89,Root_Rot,2.16
31.74,91.36,52.15,29.53,11.9,46.69,5.84,870.5,47.04,Early_Blight,8.28
21.48,91.51,54.48,46.71,36.42,40.77,7.3,863.1,53.01,Rust,6.29
28.56,83.39,19.66,49.02,12.38,39.57,7.44,648.4,41.71,Bacterial_Leaf_Spot,22.56
23.21,86.49,18.27,38.75,17.05,20.0,7.55,243.5,40.71,Powdery_Mildew,20.89
38.19,77.49,33.26,14.67,25.57,42.39,5.71,952.5,39.54,Early_Blight,19.24
25.29,91.65,18.85,20.46,24.15,29.48,7.12,676.2,33.46,Early_Blight,22.36
22.51,86.67,59.05,27.38,21.31,46.06,7.76,835.4,53.25,Rust,4.38
40.79,60.39,12.3,16.1,30.07,28.82,7.85,618.7,43.1,Healthy,28.05
15.87,38.57,41.52,34.44,34.58,39.95,8.3,243.9,45.66,Healthy,10.6
36.76,73.56,38.26,42.72,48.24,47.61,5.89,248.1,44.32,Healthy,14.12
12.86,95.01,13.25,23.52,34.3,45.96,6.06,726.3,46.93,Healthy,23.88
14.78,88.42,51.0,31.69,49.12,22.38,6.51,375.4,48.4,Rust,6.22
31.22,83.45,47.84,11.39,29.61,49.36,7.78,855.0,46.93,Early_Blight,11.15
23.31,45.12,47.58,27.64,33.75,46.94,7.87,448.6,55.24,Healthy,9.38
32.48,70.22,58.37,29.62,37.22,15.9,5.74,919.5,51.28,Root_Rot,7.88
31.78,82.99,12.97,31.76,30.45,47.17,7.51,776.6,43.21,Early_Blight,26.28
27.85,79.9,46.99,18.98,40.13,34.7,7.7,844.9,53.36,Early_Blight,11.39
17.83,73.46,23.41,29.98,17.21,35.68,6.46,826.9,40.91,Healthy,20.05
13.7,82.75,57.56,12.99,28.68,21.24,7.83,226.8,45.39,Rust,4.25
16.55,90.32,50.29,17.11,16.48,26.08,6.9,453.3,37.65,Rust,7.79
20.78,91.34,54.51,36.35,19.32,31.39,7.6,936.4,47.26,Rust,6.57
26.18,82.12,28.63,22.71,11.7,37.31,7.53,642.5,38.29,Early_Blight,18.2
23.71,89.67,26.85,19.54,11.31,23.84,5.03,217.2,22.1,Powdery_Mildew,17.95
23.72,92.86,34.21,17.84,31.44,13.84,7.01,277.9,37.43,Powdery_Mildew,14.42
21.3,88.84,47.32,24.51,25.53,38.61,7.65,323.9,45.27,Powdery_Mildew,9.45
12.9,82.64,57.09,46.26,40.56,14.15,7.73,718.6,53.76,Rust,3.99
18.67,87.73,59.52,39.88,16.17,38.04,7.54,585.2,51.18,Rust,3.17
22.48,88.41,32.2,26.75,36.4,23.75,6.8,280.2,39.28,Powdery_Mildew,15.15
32.03,68.42,46.36,16.14,49.55,17.4,6.48,586.7,45.65,Early_Blight,10.5
29.26,86.57,61.29,46.27,35.02,34.01,7.82,814.7,57.63,Bacterial_Leaf_Spot,4.8
30.33,83.44,37.44,32.37,32.33,28.97,8.17,986.5,54.07,Early_Blight,15.73
37.76,62.67,46.7,30.41,33.6,39.36,8.06,732.4,50.79,Healthy,13.25
22.59,82.14,30.13,26.72,21.02,32.5,6.1,314.4,33.37,Powdery_Mildew,15.79
26.18,48.8,60.69,35.45,34.16,46.26,5.29,872.4,53.44,Root_Rot,5.42
12.48,34.82,37.64,44.37,31.18,30.01,6.88,875.7,44.84,Healthy,13.46
28.21,87.91,20.07,29.68,13.88,30.89,8.11,721.6,45.73,Early_Blight,21.5
27.15,37.0,49.65,49.27,35.91,41.41,5.66,623.3,40.39,Healthy,10.7
35.21,65.62,55.11,32.97,15.03,16.72,4.94,427.7,37.55,Root_Rot,6.56
37.61,82.41,48.12,49.64,30.83,34.68,6.7,225.8,40.9,Healthy,8.84
20.49,55.25,26.7,20.53,38.85,25.79,6.32,410.3,35.76,Healthy,18.52
26.35,72.71,49.77,23.32,36.86,15.32,6.16,305.0,45.59,Early_Blight,8.23
13.78,50.9,46.16,21.88,15.36,20.31,7.83,675.6,41.73,Healthy,9.22
37.3,91.7,26.44,32.14,35.58,15.09,6.34,545.4,36.66,Early_Blight,20.43
36.2,30.96,38.18,40.7,45.45,12.94,6.48,690.4,46.84,Healthy,17.22
15.38,74.11,47.39,31.03,14.05,30.34,6.33,553.2,46.66,Healthy,9.4
23.76,29.65,49.38,35.53,30.35,41.11,5.72,491.2,44.62,Healthy,9.13
34.79,50.05,50.36,29.77,40.66,34.03,7.19,211.2,47.12,Healthy,8.83
39.95,25.49,35.2,40.27,24.16,23.72,5.72,528.4,42.43,Healthy,18.28
39.87,31.68,49.08,43.75,35.82,22.44,5.2,334.0,41.15,Bacterial_Leaf_Spot,8.95
33.86,88.91,36.87,48.89,34.61,33.37,7.62,886.3,52.12,Bacterial_Leaf_Spot,17.72
22.5,89.74,35.72,24.71,24.8,13.04,6.6,286.3,33.68,Powdery_Mildew,13.52
22.05,88.36,20.45,22.31,41.49,29.2,4.83,318.2,31.73,Powdery_Mildew,21.48
22.83,82.81,34.03,41.93,49.69,27.17,7.81,329.3,51.1,Powdery_Mildew,14.74
22.63,86.4,62.01,42.38,19.05,43.09,7.33,823.6,49.53,Rust,3.77
33.46,72.45,8.47,48.76,15.21,16.85,6.19,735.0,36.98,Healthy,28.61
21.3,90.6,28.16,45.25,18.02,20.27,5.94,237.4,41.19,Powdery_Mildew,17.36
28.89,79.79,46.35,25.44,11.51,26.05,6.36,769.3,43.11,Early_Blight,11.06
21.69,84.04,47.58,39.01,41.12,27.01,5.62,200.5,44.07,Powdery_Mildew,9.06
33.4,82.63,59.63,46.87,32.0,32.05,7.73,293.0,52.59,Bacterial_Leaf_Spot,3.92
35.06,46.37,49.03,46.31,35.58,40.47,7.69,577.4,45.16,Healthy,11.21
30.97,73.87,12.03,29.92,29.19,27.52,7.46,255.4,35.83,Early_Blight,23.84
28.96,90.31,18.23,24.03,40.94,49.08,5.66,542.8,43.49,Early_Blight,22.81
18.28,75.83,14.42,27.05,39.07,28.13,6.74,764.7,40.59,Healthy,24.22
40.22,80.89,56.97,28.91,15.33,19.1,6.48,465.9,47.19,Early_Blight,6.41
33.39,59.33,59.23,29.77,48.57,19.55,4.98,405.8,41.28,Root_Rot,5.21
28.62,60.92,43.29,22.55,25.41,46.09,7.18,406.2,39.11,Healthy,11.27
26.96,87.18,19.77,34.03,25.33,35.11,5.84,567.3,39.51,Early_Blight,22.11
16.73,47.34,57.27,46.28,39.69,15.84,4.83,329.8,39.51,Root_Rot,4.61
24.15,90.23,45.26,19.74,27.12,19.46,6.27,674.2,42.99,Early_Blight,9.42
35.29,37.1,30.66,40.12,30.09,26.16,5.67,611.4,33.63,Healthy,19.78
14.01,49.18,11.96,27.43,27.81,32.88,4.87,875.4,28.79,Early_Blight,24.55
39.89,82.55,37.85,16.18,22.6,13.11,6.52,979.7,38.5,Early_Blight,17.26
13.46,80.81,7.58,14.8,37.66,47.2,7.53,645.4,36.42,Healthy,26.43
21.43,31.22,33.56,35.91,27.44,19.27,5.01,761.3,35.17,Root_Rot,17.11
16.8,47.68,56.31,46.8,37.03,15.66,4.91,357.9,36.55,Root_Rot,5.02
25.47,56.6,59.46,41.17,15.11,36.59,5.12,726.3,43.61,Root_Rot,5.0
25.68,87.74,46.28,37.37,48.82,19.25,7.89,276.9,49.14,Powdery_Mildew,9.64
21.44,87.99,61.69,28.01,20.83,12.51,7.88,267.3,50.53,Powdery_Mildew,2.47
30.38,89.67,35.48,16.64,30.53,27.54,6.14,804.4,43.38,Early_Blight,16.13
22.92,90.43,61.69,41.5,12.65,19.55,7.21,575.5,52.47,Rust,2.45
25.48,68.84,15.59,23.42,23.12,44.83,5.88,949.4,39.68,Early_Blight,25.0
26.18,43.41,58.8,32.21,30.73,40.49,5.0,296.3,42.16,Early_Blight,4.41
12.35,90.52,22.32,20.47,16.14,38.4,7.21,770.4,37.23,Healthy,19.5
28.46,62.58,25.44,21.4,27.09,49.24,7.78,348.1,45.67,Healthy,18.69
23.71,57.7,54.76,24.61,17.13,13.2,7.36,860.8,49.93,Early_Blight,6.45
41.72,67.0,8.07,29.18,48.62,38.93,7.65,702.8,52.57,Early_Blight,30.78
23.64,35.6,11.32,25.87,29.07,19.67,5.11,761.8,31.4,Healthy,26.62
31.94,48.8,20.32,42.97,10.14,29.01,8.09,561.1,39.29,Healthy,23.25
22.8,89.04,39.87,23.78,10.76,28.32,5.04,281.9,33.36,Powdery_Mildew,12.57
37.12,87.81,24.01,46.94,31.45,12.25,5.48,316.4,32.7,Healthy,19.33
19.12,62.21,60.14,12.14,19.94,46.33,4.99,835.5,38.2,Root_Rot,3.84
34.53,80.32,35.83,15.4,26.5,19.6,6.15,556.4,36.23,Early_Blight,15.65
27.09,89.04,46.36,37.28,48.18,16.1,6.58,1015.5,50.84,Rust,11.66
41.03,90.1,24.52,18.02,19.23,36.6,5.58,522.3,38.21,Early_Blight,21.69
23.11,90.2,52.15,25.76,45.2,25.23,6.88,241.1,46.26,Powdery_Mildew,5.67
23.37,91.86,55.42,26.0,18.63,47.54,5.44,265.6,38.44,Root_Rot,5.21
18.38,41.18,48.65,13.63,20.13,21.42,5.03,495.4,33.1,Healthy,8.93
22.95,88.3,61.6,15.4,41.96,27.55,6.91,425.8,46.39,Rust,2.42
22.48,94.58,26.73,47.41,26.21,14.4,7.5,329.2,42.51,Powdery_Mildew,17.85
25.17,83.25,20.47,47.58,13.99,36.03,7.84,337.5,43.72,Powdery_Mildew,21.2
19.59,88.59,54.69,19.68,32.53,14.71,6.5,804.3,43.69,Rust,6.19
15.8,68.25,30.68,22.19,17.69,29.44,7.89,705.5,50.33,Healthy,16.6
40.96,66.71,55.08,30.35,45.41,17.16,6.18,741.1,38.38,Early_Blight,9.64
19.03,42.31,64.99,17.56,12.29,44.66,5.14,566.6,39.75,Root_Rot,0.8
20.05,84.55,40.84,26.82,24.96,42.23,7.13,236.0,39.52,Powdery_Mildew,11.81
27.59,91.03,40.54,48.35,44.13,24.9,7.38,878.4,49.12,Bacterial_Leaf_Spot,14.28
38.46,73.51,29.16,24.58,19.57,31.06,5.29,315.4,35.86,Early_Blight,18.04
38.04,76.5,27.87,14.43,22.69,46.52,7.78,731.5,44.15,Early_Blight,20.01
38.6,82.91,55.02,48.87,38.27,26.32,4.83,606.9,40.61,Root_Rot,7.69
27.07,68.74,58.74,33.81,41.69,41.4,5.88,556.5,49.81,Early_Blight,4.91
27.82,31.31,25.51,33.81,43.09,13.13,5.55,219.5,40.29,Healthy,18.25
29.93,83.37,39.87,11.18,39.66,20.08,7.14,683.8,40.66,Early_Blight,13.67
27.31,71.72,52.19,24.43,13.4,46.52,5.47,791.5,42.29,Root_Rot,7.87
37.49,86.22,63.25,15.22,22.85,14.36,6.72,818.4,48.81,Early_Blight,5.19
28.08,61.42,21.4,33.84,49.36,29.21,5.49,225.1,35.12,Healthy,20.61
17.14,79.81,34.0,47.76,17.24,32.79,5.72,273.1,31.64,Healthy,13.5
13.31,55.16,59.08,11.62,28.94,41.97,5.56,439.3,36.87,Early_Blight,3.18
21.9,86.96,59.35,42.16,12.51,17.84,6.06,863.8,41.14,Rust,4.37
13.82,91.21,59.24,48.38,28.5,29.02,6.28,462.9,44.9,Rust,3.16
36.66,83.85,29.39,27.66,41.5,46.17,4.88,1012.4,38.72,Early_Blight,20.84
23.47,82.85,19.93,36.48,20.72,23.7,5.44,261.0,33.24,Powdery_Mildew,20.54
15.92,62.21,15.25,30.13,12.23,40.35,7.45,221.9,38.17,Healthy,22.29
25.16,46.94,18.13,22.48,23.25,44.42,8.0,521.7,40.89,Healthy,22.76
36.24,69.22,24.76,15.69,44.36,16.94,7.91,480.2,36.82,Early_Blight,20.75
37.79,78.08,12.13,27.72,30.6,15.97,5.87,972.0,42.01,Early_Blight,29.13
17.71,60.33,19.67,30.93,47.87,34.76,7.72,341.3,38.3,Healthy,20.89
25.9,83.34,55.35,12.05,49.69,40.37,6.2,271.1,45.17,Powdery_Mildew,4.94
24.99,88.56,12.33,33.07,36.05,45.57,7.98,359.0,49.26,Early_Blight,24.49
20.31,67.8,21.77,20.7,39.63,18.29,5.84,597.4,43.32,Healthy,22.01
35.08,82.05,12.21,16.64,19.46,22.07,5.45,736.0,32.84,Early_Blight,26.85
17.72,85.5,51.09,45.42,10.37,16.28,7.86,746.1,51.16,Rust,7.04
41.53,31.58,54.54,43.15,15.58,46.01,7.98,226.3,42.39,Healthy,8.28
37.63,80.37,29.12,39.27,39.7,11.67,8.14,477.1,36.2,Bacterial_Leaf_Spot,18.88
41.93,31.33,53.53,43.44,17.51,45.94,7.99,236.3,44.69,Healthy,6.51
16.41,88.57,8.09,45.03,24.17,33.22,8.27,461.9,41.07,Healthy,26.56
35.1,57.03,24.7,33.68,22.15,15.05,6.18,496.4,33.04,Healthy,20.53
38.03,66.47,34.97,31.13,11.77,21.55,6.79,548.0,39.22,Early_Blight,17.25
39.02,76.23,52.52,38.84,37.48,24.25,7.46,868.2,52.13,Bacterial_Leaf_Spot,10.5
20.52,56.0,17.01,44.38,28.52,17.51,6.06,962.4,35.36,Healthy,23.71
25.85,83.48,27.18,44.38,15.25,12.74,8.09,945.5,46.23,Bacterial_Leaf_Spot,20.62
29.75,29.93,65.4,42.56,40.94,33.23,6.94,511.9,51.75,Healthy,3.03
19.97,25.83,19.94,18.75,47.22,20.29,7.92,319.7,29.35,Healthy,21.65
25.79,90.09,19.96,50.13,12.15,38.81,7.97,346.8,39.0,Powdery_Mildew,21.45
13.55,47.78,18.26,38.8,37.96,26.91,7.69,860.0,39.8,Healthy,21.55
13.77,87.55,63.0,41.87,23.9,39.35,7.74,680.2,60.45,Rust,1.67
28.8,41.29,35.25,42.19,42.95,49.48,6.84,780.2,44.94,Healthy,17.72
13.35,75.33,51.7,18.6,32.66,27.81,5.39,257.7,28.32,Root_Rot,6.22
38.8,31.11,31.17,32.21,46.39,37.22,4.91,261.7,32.43,Healthy,18.16
24.27,89.85,12.77,34.81,16.84,41.13,5.52,407.7,32.07,Early_Blight,24.95
22.96,83.26,63.89,40.09,38.25,36.26,6.67,260.2,50.54,Powdery_Mildew,1.24
14.18,53.25,22.46,13.62,18.2,27.86,6.11,559.3,39.33,Healthy,19.82
20.45,89.89,54.59,17.39,25.19,14.38,7.21,401.0,38.95,Rust,5.49
13.14,78.91,65.01,35.51,43.13,45.69,5.03,683.9,47.93,Root_Rot,0.0
35.67,55.74,29.52,26.48,46.45,48.3,8.05,220.6,43.52,Healthy,17.23
34.55,58.5,48.65,12.83,41.5,20.72,5.3,833.3,36.19,Healthy,12.1
24.13,87.73,61.22,47.07,15.43,43.8,7.23,790.7,55.21,Healthy,3.5
21.82,61.11,55.67,25.28,26.69,12.29,5.57,805.6,45.42,Root_Rot,6.48
26.87,58.32,54.0,17.23,30.44,44.8,5.69,814.0,47.78,Root_Rot,8.07
21.95,91.57,46.25,38.78,23.32,30.02,6.33,249.8,46.85,Powdery_Mildew,9.34
18.25,89.2,61.99,18.98,15.4,40.98,6.26,327.3,45.51,Rust,2.16
19.84,55.91,61.15,29.08,15.24,29.87,5.57,408.4,40.07,Root_Rot,2.74
23.71,81.07,38.98,31.95,46.17,45.22,6.84,322.3,47.94,Powdery_Mildew,11.87
40.66,82.02,63.49,34.46,42.55,37.23,5.0,822.8,54.96,Root_Rot,6.34
15.72,78.61,64.79,42.96,47.64,30.27,5.15,598.0,44.88,Root_Rot,0.69
16.99,66.84,24.78,40.12,15.23,46.1,5.9,508.4,37.19,Powdery_Mildew,18.82
20.46,32.62,48.93,46.26,9.68,15.18,6.96,718.8,52.78,Healthy,9.07
29.29,89.88,28.07,47.18,24.03,18.86,7.47,382.4,40.31,Bacterial_Leaf_Spot,17.67
19.94,87.17,53.64,32.32,23.47,13.33,7.63,630.3,52.24,Rust,7.02
33.33,28.59,11.11,23.98,33.07,33.63,7.57,792.2,41.7,Healthy,30.01
30.67,72.39,58.16,25.59,18.7,15.34,5.14,442.5,39.35,Root_Rot,5.17
23.81,88.64,19.58,43.01,22.01,14.91,7.51,225.4,32.46,Powdery_Mildew,20.94
20.83,90.22,21.86,30.91,44.46,20.1,7.89,280.0,51.52,Powdery_Mildew,20.26
19.06,90.14,55.88,18.35,21.29,14.52,6.89,524.4,40.89,Rust,4.98
21.98,83.24,21.79,31.64,19.48,35.7,7.33,290.7,35.17,Powdery_Mildew,20.0
35.68,81.98,18.82,43.05,49.01,26.11,7.43,402.6,47.64,Bacterial_Leaf_Spot,22.9
41.81,82.63,31.52,21.81,18.49,22.54,5.28,276.8,28.49,Early_Blight,16.5
15.31,41.95,16.54,15.3,14.47,21.75,7.99,827.4,34.76,Healthy,23.04
33.06,35.9,63.99,17.87,16.96,28.66,5.15,404.2,36.19,Root_Rot,3.0
22.65,81.32,38.18,28.2,35.01,30.54,7.68,242.1,41.12,Powdery_Mildew,12.95
19.79,91.55,56.41,27.43,40.47,34.45,6.58,725.4,47.29,Rust,4.79
40.16,46.96,55.73,16.44,39.65,16.07,5.05,821.0,43.08,Root_Rot,10.59
24.76,89.9,59.73,44.66,33.72,43.57,7.59,292.4,61.63,Powdery_Mildew,2.68
33.47,78.5,45.47,17.87,14.08,39.33,5.66,384.4,40.27,Early_Blight,10.26
24.9,87.77,20.61,41.25,48.19,18.45,6.44,260.9,37.0,Powdery_Mildew,20.41
32.91,93.76,18.02,33.37,44.0,43.09,5.87,789.0,40.9,Early_Blight,23.68
33.45,54.08,21.56,46.84,14.39,23.12,5.01,357.4,32.69,Healthy,22.01
30.59,56.58,59.55,21.66,24.37,21.79,5.98,431.9,39.76,Healthy,4.01
21.07,87.16,37.59,38.0,14.99,34.13,6.45,239.0,43.58,Powdery_Mildew,12.46
28.31,64.19,55.71,40.72,20.41,44.84,6.33,392.7,47.11,Healthy,6.37
20.38,45.3,58.93,12.23,40.35,37.68,5.24,416.4,33.41,Root_Rot,3.52
24.24,88.94,39.21,23.13,12.42,19.68,6.58,294.3,35.34,Powdery_Mildew,12.26
13.91,56.72,28.01,47.49,33.47,42.15,7.91,851.6,39.63,Healthy,16.9
28.75,44.45,30.76,46.45,36.16,28.53,6.68,971.7,44.17,Healthy,20.36
23.22,59.93,63.13,39.9,30.9,40.92,4.98,698.0,43.77,Bacterial_Leaf_Spot,3.33
22.43,71.35,12.04,39.86,34.48,8.87,5.16,802.8,30.62,Healthy,26.26
29.91,76.2,12.6,26.47,28.19,40.15,5.22,713.5,40.15,Early_Blight,26.66
36.84,52.26,55.69,18.31,29.92,40.46,5.4,885.3,43.25,Root_Rot,9.84
29.82,33.1,41.11,12.2,43.39,13.52,7.62,740.4,41.07,Healthy,14.41
27.67,82.43,28.11,24.74,32.59,38.96,6.05,344.8,36.58,Early_Blight,17.34
32.37,44.45,47.48,21.7,21.64,35.81,7.45,385.3,43.82,Healthy,10.67
13.74,92.19,61.04,46.39,32.59,27.49,6.16,344.9,47.98,Rust,2.39
21.69,85.31,60.15,43.25,17.45,21.64,6.79,604.4,42.77,Rust,3.13
24.79,41.53,59.79,22.2,40.67,45.71,7.36,605.7,53.53,Early_Blight,4.64
33.54,70.43,56.34,14.75,23.17,20.89,8.0,780.1,44.66,Early_Blight,7.55
28.91,83.81,46.75,21.06,43.14,46.98,7.21,347.3,45.89,Early_Blight,8.87
35.0,93.35,12.72,41.81,20.92,28.57,7.88,259.7,42.96,Bacterial_Leaf_Spot,24.72
17.05,87.67,36.27,12.43,31.11,18.89,4.91,410.1,34.24,Rust,13.24
30.02,81.69,20.67,32.49,45.14,15.5,6.01,302.5,30.05,Early_Blight,20.62
20.09,95.44,53.23,49.51,45.92,28.93,8.08,901.8,53.87,Rust,6.08
28.19,68.03,23.77,15.04,33.53,34.22,5.99,899.7,38.48,Early_Blight,21.23
31.39,86.43,25.47,20.25,29.37,13.44,6.32,682.0,34.33,Early_Blight,20.25
12.61,85.88,58.65,49.5,46.51,20.17,7.32,379.3,52.13,Rust,3.0
23.74,85.57,15.22,48.2,33.15,21.87,7.48,278.2,36.56,Powdery_Mildew,22.66
23.54,60.63,39.29,49.92,14.9,15.15,6.23,272.5,34.87,Healthy,12.72
29.5,87.65,18.76,49.43,30.69,39.44,7.62,309.0,50.4,Bacterial_Leaf_Spot,21.86
15.5,70.34,11.35,29.05,24.1,39.08,5.32,691.7,35.53,Healthy,25.22
36.56,84.53,38.79,14.04,11.68,18.64,5.31,575.5,37.59,Early_Blight,14.53
21.23,88.07,54.01,41.78,39.31,20.11,7.91,431.7,51.16,Rust,5.42
34.58,82.99,8.99,46.87,19.83,10.44,5.92,945.4,41.4,Healthy,29.61
33.15,92.14,14.63,30.65,22.25,34.01,5.1,468.6,34.3,Early_Blight,23.91
31.66,92.35,41.13,21.4,50.87,47.02,4.83,713.5,41.42,Early_Blight,13.67
23.13,90.71,52.86,25.8,46.0,24.76,6.9,251.5,45.53,Powdery_Mildew,5.57
30.18,85.91,59.52,48.51,37.81,32.8,7.85,848.8,55.54,Bacterial_Leaf_Spot,6.05
35.78,34.31,8.17,45.12,32.55,46.83,5.88,333.6,34.59,Healthy,27.68
27.84,41.51,28.49,30.37,21.88,20.25,5.34,524.0,29.75,Healthy,19.33
30.97,70.7,11.48,29.94,28.78,36.15,7.63,840.3,46.43,Early_Blight,27.17
13.95,55.33,22.02,14.41,19.47,27.9,6.25,586.2,32.18,Healthy,19.54
25.13,75.21,60.75,14.39,32.85,40.31,4.87,865.9,45.0,Root_Rot,4.72
35.02,74.53,33.61,18.01,42.89,46.8,6.92,698.7,45.03,Early_Blight,18.22
24.91,87.01,44.33,48.17,44.81,22.64,7.6,247.1,51.84,Powdery_Mildew,10.8
33.09,83.34,21.98,46.73,48.33,21.62,7.62,833.0,42.58,Bacterial_Leaf_Spot,22.97
26.09,87.63,49.66,21.24,29.02,41.54,7.61,297.2,43.61,Early_Blight,8.68
16.56,88.21,53.91,45.89,47.18,21.96,6.56,773.1,57.14,Rust,5.75
23.97,92.58,60.25,16.27,45.66,25.14,7.59,393.1,49.48,Rust,3.63
26.1,73.24,20.65,20.42,14.77,33.17,5.58,881.5,32.44,Early_Blight,22.36
33.66,71.91,51.22,15.78,31.4,20.99,4.88,601.8,37.69,Root_Rot,9.33
20.79,89.33,34.6,36.07,15.55,36.26,6.28,216.3,40.52,Powdery_Mildew,12.92
18.19,48.85,55.45,26.03,26.3,46.04,6.49,471.5,47.37,Healthy,4.67
30.34,83.96,58.85,37.01,31.79,37.3,5.43,489.9,34.8,Root_Rot,4.85
22.48,93.74,26.7,35.92,49.84,21.59,7.08,230.5,43.23,Powdery_Mildew,17.07
32.06,57.02,25.55,25.78,36.72,11.39,6.71,524.5,30.69,Healthy,20.61
23.97,34.42,44.62,30.34,22.5,34.68,6.36,527.3,41.04,Healthy,11.58
31.45,76.21,45.7,48.94,25.37,10.76,7.26,570.2,46.51,Healthy,10.86
18.65,68.83,29.96,15.57,15.95,42.53,5.67,475.3,32.36,Healthy,16.15
28.38,51.52,18.15,26.09,15.96,35.44,7.37,221.7,35.3,Healthy,21.81
39.76,27.86,26.06,50.05,11.53,17.14,6.73,589.6,37.39,Healthy,21.87
22.13,93.75,47.12,38.59,24.57,30.66,6.09,282.5,42.69,Powdery_Mildew,8.58
32.17,66.42,55.55,25.3,26.21,45.35,6.39,953.4,54.67,Early_Blight,8.82
34.14,73.31,31.05,13.49,31.37,41.01,7.17,739.5,40.37,Early_Blight,18.74
22.37,93.08,51.38,15.48,19.45,41.16,7.76,297.0,44.08,Powdery_Mildew,7.59
17.94,59.02,56.16,22.05,9.7,47.85,5.04,253.6,31.27,Root_Rot,4.07
20.35,87.78,53.19,22.18,26.95,39.06,6.21,634.0,42.39,Rust,7.19
13.68,90.4,12.24,42.23,48.32,14.33,7.77,983.0,44.55,Healthy,23.86
23.77,88.19,29.96,30.5,40.01,19.95,7.99,317.5,46.89,Powdery_Mildew,16.59
20.28,37.37,60.85,26.4,30.11,10.91,5.58,876.7,37.39,Root_Rot,4.8
21.31,30.91,9.31,24.22,17.45,38.53,5.92,567.9,33.83,Healthy,27.36
42.47,25.65,53.78,24.2,11.85,29.93,5.85,459.6,32.19,Healthy,9.0
30.49,90.67,36.71,50.06,37.62,48.08,7.38,298.7,49.78,Bacterial_Leaf_Spot,14.08
30.57,81.01,41.45,46.5,27.53,37.08,7.99,857.8,53.09,Bacterial_Leaf_Spot,14.17
21.99,60.3,49.25,30.46,28.72,38.55,7.63,808.1,53.99,Healthy,8.98
13.47,49.51,59.65,33.46,39.27,14.05,5.58,234.9,42.23,Root_Rot,2.91
23.05,93.34,20.22,22.68,45.83,29.97,5.4,331.4,32.73,Powdery_Mildew,21.82
34.58,79.16,58.54,44.35,20.07,46.08,7.63,867.5,56.01,Bacterial_Leaf_Spot,7.27
34.6,82.19,16.76,11.8,32.15,42.21,5.83,290.9,39.59,Early_Blight,23.34
21.57,83.4,55.57,32.33,31.68,13.94,7.09,410.8,49.01,Rust,5.47
19.88,87.28,63.54,45.53,13.14,24.42,7.07,337.2,53.31,Rust,0.53
22.53,87.46,58.65,38.58,44.95,24.03,7.38,792.6,46.67,Rust,4.88
28.89,78.94,29.01,16.45,32.17,13.43,7.55,1020.2,38.35,Early_Blight,19.42
19.15,88.78,55.14,18.33,17.77,23.01,7.78,643.7,47.17,Rust,5.19
22.78,94.45,53.75,13.76,17.43,42.48,7.84,292.8,40.32,Powdery_Mildew,6.78
21.0,88.05,45.34,24.81,25.74,39.75,7.51,300.5,44.47,Powdery_Mildew,9.31
29.97,70.48,22.23,10.42,35.42,16.26,7.7,970.4,43.62,Early_Blight,22.89
34.26,27.63,59.52,44.1,49.62,30.56,7.46,973.4,57.87,Healthy,9.56
29.96,26.43,30.1,45.59,32.27,48.95,5.11,240.7,35.69,Healthy,16.57
16.0,57.25,61.88,11.48,22.7,47.4,5.32,446.5,44.9,Root_Rot,1.79
15.42,84.82,57.97,11.79,44.29,15.83,5.6,765.1,38.4,Root_Rot,4.55
33.67,75.32,64.73,16.9,14.08,25.6,5.17,919.6,39.76,Root_Rot,4.49
39.82,89.65,55.28,41.52,18.4,22.25,5.16,402.2,36.11,Root_Rot,5.71
15.05,92.23,48.72,22.27,48.93,22.52,5.57,743.6,48.21,Rust,8.25
31.13,78.61,55.84,45.83,31.15,20.11,5.54,284.0,36.1,Root_Rot,5.09
20.74,92.14,50.32,40.76,27.69,20.91,6.25,807.0,45.12,Rust,8.87
16.31,41.93,48.93,29.07,10.43,15.62,5.62,213.1,35.95,Healthy,7.27
34.8,83.98,15.26,22.81,21.74,34.28,5.06,862.2,33.2,Early_Blight,26.88
16.91,33.84,49.21,47.29,33.11,30.23,5.48,681.1,47.08,Healthy,9.24
24.05,72.94,36.54,11.76,39.63,31.48,6.22,514.3,37.33,Early_Blight,13.85
15.72,79.63,60.5,34.7,35.34,41.36,5.75,384.9,49.72,Root_Rot,2.35
15.47,51.52,56.41,47.13,49.89,35.47,6.88,884.4,58.22,Healthy,5.21
40.1,77.81,62.73,16.48,11.25,12.87,4.98,391.1,35.5,Root_Rot,2.89
37.02,25.93,33.2,19.47,49.49,13.34,4.99,441.5,27.0,Healthy,17.77
21.06,70.34,40.67,26.68,10.28,29.21,6.5,916.5,34.79,Healthy,12.94
21.35,68.84,29.65,20.4,38.03,20.66,6.04,569.9,34.56,Healthy,17.14
32.14,68.53,51.11,34.78,46.5,25.71,6.61,591.7,38.0,Bacterial_Leaf_Spot,9.03
21.2,89.6,42.28,43.53,30.36,31.14,6.23,258.4,43.01,Powdery_Mildew,10.77
13.85,54.34,16.7,36.67,46.64,14.54,4.94,824.3,36.27,Healthy,22.56
28.42,83.03,32.84,44.56,27.43,32.9,7.86,670.6,40.84,Bacterial_Leaf_Spot,16.48
22.48,41.9,56.83,13.08,39.56,33.99,5.2,849.6,39.36,Root_Rot,6.08
27.5,57.51,22.82,26.96,42.74,44.4,6.5,450.1,46.45,Rust,20.72
18.36,94.36,58.64,43.43,43.44,17.42,5.36,970.3,52.81,Root_Rot,4.21
18.84,89.39,56.61,37.35,21.47,30.06,7.53,661.1,47.48,Early_Blight,4.59
14.05,89.14,56.69,45.76,15.18,45.4,5.35,821.4,41.84,Powdery_Mildew,4.49
37.72,36.76,51.05,30.56,32.12,16.09,4.96,898.5,35.78,Root_Rot,11.88
26.86,77.36,37.42,20.5,36.54,47.04,6.43,983.4,48.48,Early_Blight,15.3
32.36,84.06,48.5,15.21,40.86,35.75,5.25,300.9,42.89,Early_Blight,8.53
26.2,91.46,51.51,13.05,48.45,18.33,6.19,686.2,39.75,Early_Blight,7.57
37.02,55.63,55.38,32.84,18.65,20.64,5.09,438.4,37.45,Root_Rot,7.88
21.72,87.11,51.02,15.51,33.38,19.35,7.19,287.1,47.21,Powdery_Mildew,6.91
20.91,84.88,59.21,35.67,34.63,38.94,5.76,369.7,51.45,Root_Rot,3.44
18.44,88.06,31.71,29.68,44.72,13.9,4.92,473.3,30.0,Healthy,15.45
19.68,86.78,26.31,23.87,13.94,46.8,5.57,839.7,35.85,Healthy,18.88
33.1,76.02,64.3,41.76,42.96,43.15,5.15,243.1,40.71,Root_Rot,0.82
16.21,84.93,62.77,15.38,26.64,39.2,6.83,687.6,50.09,Rust,1.7
40.08,44.9,25.71,34.28,33.91,39.83,6.52,363.1,40.89,Healthy,19.92
19.46,89.86,53.46,14.28,31.62,11.16,6.54,819.7,49.19,Rust,6.42
13.25,88.41,59.3,18.59,11.32,48.15,6.52,445.0,55.42,Rust,1.54
25.43,81.78,32.06,46.39,20.02,38.26,7.44,259.6,38.2,Powdery_Mildew,15.02
18.7,54.1,54.61,28.08,30.29,45.57,6.12,543.2,46.16,Healthy,6.51
30.56,53.31,53.01,18.24,44.42,18.42,5.78,244.1,38.73,Root_Rot,6.99
27.98,47.2,41.17,30.29,25.28,28.54,7.08,842.0,46.36,Healthy,15.08
17.47,89.79,51.1,49.09,26.51,15.8,6.85,489.2,46.41,Rust,7.59
40.22,86.84,56.62,24.44,22.1,45.01,6.33,658.3,48.86,Early_Blight,7.71
23.41,74.69,12.26,39.71,34.78,11.8,5.18,806.8,33.67,Healthy,25.68
22.28,87.7,20.45,31.9,28.22,33.35,5.47,386.5,27.92,Early_Blight,20.38
22.5,82.74,44.14,48.99,34.32,48.28,6.03,300.6,47.5,Powdery_Mildew,10.67
20.63,84.04,61.69,32.33,19.09,15.87,6.85,414.9,41.89,Rust,2.34
19.66,88.17,54.2,16.58,32.56,15.09,6.28,818.4,44.13,Rust,7.52
25.25,39.89,53.43,23.37,19.16,16.75,5.5,351.4,30.08,Root_Rot,6.4
25.97,87.07,13.83,46.33,24.12,25.73,7.86,265.2,38.33,Powdery_Mildew,24.78
33.94,70.36,64.99,27.47,47.5,12.94,6.62,554.9,43.44,Healthy,2.68
31.99,85.1,56.91,45.98,30.5,20.49,7.79,301.0,50.43,Bacterial_Leaf_Spot,5.53
14.22,27.45,59.74,20.99,24.06,47.37,5.15,735.3,36.54,Powdery_Mildew,4.07
22.49,86.95,22.83,13.72,32.6,32.84,6.27,306.2,38.57,Powdery_Mildew,19.16
19.03,89.8,59.07,16.15,17.64,21.99,7.44,572.2,45.88,Rust,3.34
30.22,90.26,13.01,23.27,40.87,27.6,5.27,434.8,34.9,Early_Blight,24.42
20.71,88.25,50.17,21.96,25.02,49.29,7.01,709.1,50.45,Rust,7.42
11.41,80.1,63.96,32.61,35.97,43.08,5.76,512.8,51.18,Root_Rot,0.94
20.68,42.67,17.15,38.37,42.97,34.4,7.55,520.0,49.08,Healthy,22.83
21.97,79.54,62.7,47.77,24.47,21.37,7.63,352.0,43.7,Healthy,1.87
30.93,39.11,51.0,19.24,23.56,32.55,5.51,829.7,36.62,Root_Rot,11.05
14.66,37.81,58.07,20.79,37.57,36.11,6.71,661.0,48.62,Rust,2.99
20.76,94.78,57.65,16.53,43.85,37.87,6.28,455.9,44.45,Rust,4.78
29.23,43.57,19.24,24.28,31.32,13.73,7.25,766.2,35.78,Healthy,24.11
25.83,91.61,34.38,18.82,37.71,21.2,5.29,944.2,40.73,Early_Blight,16.64
37.8,78.68,38.16,39.25,46.29,13.08,6.08,740.8,44.93,Healthy,16.39
33.65,64.75,21.76,33.08,39.26,34.85,6.86,448.1,40.79,Healthy,22.44
30.75,68.81,35.14,33.31,27.05,29.63,6.91,293.6,44.99,Early_Blight,14.66
35.52,87.55,50.69,21.14,40.69,23.4,4.94,375.3,34.7,Root_Rot,7.1
18.94,33.93,35.38,17.55,26.42,23.57,5.1,741.4,31.34,Healthy,15.12
20.59,83.24,22.42,33.74,38.42,24.34,6.9,218.7,33.83,Powdery_Mildew,19.69
40.52,74.83,50.07,18.9,24.96,15.15,5.93,593.5,46.57,Early_Blight,9.83
21.16,81.16,23.82,31.06,21.0,36.53,7.55,315.0,39.47,Powdery_Mildew,19.27
22.15,88.1,54.06,31.1,13.19,47.98,6.16,721.6,46.19,Rust,6.31
21.6,82.43,61.51,22.43,23.65,36.01,6.0,798.9,46.85,Rust,2.64
17.04,88.87,50.01,29.47,24.58,18.57,8.08,603.4,49.49,Rust,7.84
33.08,47.05,60.76,19.66,36.88,13.04,6.26,228.8,46.5,Healthy,2.92
22.75,88.38,61.3,28.08,21.55,11.83,7.88,252.7,40.62,Powdery_Mildew,2.04
27.31,80.78,30.21,39.19,33.02,47.38,7.09,422.5,35.2,Healthy,16.82
32.98,75.51,52.89,13.21,12.32,38.44,7.22,799.9,44.0,Early_Blight,9.73
35.59,86.96,11.55,29.05,12.49,36.0,7.59,556.2,39.73,Early_Blight,26.61
28.0,68.55,50.19,18.23,26.26,24.03,8.03,661.9,46.18,Early_Blight,9.21
26.28,94.47,47.17,32.84,39.86,31.92,5.11,254.5,41.07,Early_Blight,8.5
22.56,83.04,54.79,38.37,39.52,36.49,7.05,259.2,53.37,Powdery_Mildew,5.44
15.78,87.58,51.75,30.76,45.92,24.65,5.34,900.4,49.55,Root_Rot,7.57
25.28,89.93,62.44,46.98,12.79,48.36,7.92,227.8,49.48,Powdery_Mildew,2.09
22.7,85.9,44.9,17.26,15.89,26.93,5.34,277.3,33.58,Powdery_Mildew,10.03
25.77,78.21,20.91,21.69,16.39,16.75,7.16,978.5,38.29,Early_Blight,23.15
19.66,50.82,62.37,43.51,37.51,39.48,5.08,332.3,39.9,Root_Rot,1.26
37.67,80.58,22.59,17.3,45.72,15.4,4.84,525.8,31.37,Early_Blight,21.43
20.64,90.48,21.97,32.75,48.29,20.18,7.67,262.9,38.66,Powdery_Mildew,19.75
35.63,71.57,36.28,22.74,25.58,49.07,8.12,645.9,51.5,Root_Rot,15.96
25.12,80.47,22.57,11.99,39.12,46.05,7.32,719.3,46.25,Early_Blight,20.64
22.96,75.81,55.76,33.45,12.56,40.04,5.5,212.9,38.56,Root_Rot,3.77
40.53,71.39,13.77,32.62,35.84,25.66,5.85,713.2,32.44,Root_Rot,26.86
21.64,87.58,46.25,14.47,20.25,26.66,6.18,290.6,35.02,Powdery_Mildew,8.92
29.92,57.15,56.44,17.3,35.74,49.44,7.23,560.8,47.59,Healthy,6.37
15.65,87.96,51.09,43.57,31.35,37.96,6.43,842.3,54.78,Rust,6.72
35.87,84.12,54.65,28.08,44.48,29.47,5.47,610.6,44.11,Root_Rot,7.63
20.38,61.42,18.48,44.57,31.19,18.45,6.05,947.4,35.51,Healthy,22.9
29.33,27.42,45.56,17.14,48.68,35.69,8.1,351.4,49.72,Healthy,11.17
30.31,94.33,54.97,23.4,33.99,9.35,5.89,538.0,46.49,Early_Blight,6.28
30.17,75.93,50.43,33.46,30.44,34.98,5.21,853.4,45.1,Root_Rot,10.32
34.96,66.63,58.03,35.09,30.69,11.12,5.22,576.3,42.81,Root_Rot,6.31
38.06,87.37,64.06,26.62,32.03,15.65,5.05,823.8,48.41,Root_Rot,3.89
23.21,87.42,59.51,31.03,16.96,17.69,6.08,420.4,45.89,Rust,3.43
18.66,88.34,55.73,47.23,31.59,19.5,6.18,823.0,31.17,Rust,4.83
38.98,50.87,53.18,22.65,24.3,31.49,4.93,590.8,37.71,Root_Rot,9.35
41.79,66.92,57.42,26.94,30.62,41.18,5.12,381.1,45.88,Root_Rot,5.62
15.08,66.3,54.92,14.24,19.2,26.46,8.02,246.3,46.85,Healthy,4.99
31.83,62.59,13.23,14.45,16.78,49.04,6.92,968.0,36.34,Healthy,27.27
18.85,48.73,51.66,49.59,31.29,29.4,5.22,557.4,42.6,Root_Rot,7.2
29.82,95.11,24.02,25.27,24.83,11.37,8.04,280.7,38.07,Early_Blight,19.66
20.14,90.77,51.63,41.24,25.25,15.05,6.34,873.9,43.78,Rust,8.02
31.37,49.34,62.4,30.83,48.64,21.76,7.68,804.5,49.08,Healthy,4.93
22.54,91.65,54.31,24.39,21.08,22.8,6.6,836.9,46.01,Rust,6.64
22.6,82.97,19.39,20.19,32.36,26.91,5.74,308.0,30.77,Powdery_Mildew,21.34
29.82,47.33,56.42,11.62,37.78,42.56,5.88,994.6,52.09,Healthy,9.45
32.14,86.59,44.62,47.6,36.77,25.8,7.99,563.6,55.36,Bacterial_Leaf_Spot,10.69
21.22,90.35,56.19,39.28,28.52,44.35,7.69,756.4,59.08,Rust,5.0
31.73,93.2,38.05,45.41,30.12,31.89,7.35,731.1,52.07,Bacterial_Leaf_Spot,16.24
26.32,35.23,11.16,34.26,42.79,23.33,7.93,336.3,44.74,Healthy,25.54
37.17,42.33,64.08,18.45,32.93,13.36,5.47,546.3,35.6,Root_Rot,3.21
14.33,74.84,63.36,15.73,33.62,36.44,6.12,473.7,43.23,Healthy,0.86
22.58,61.24,53.59,30.93,44.2,35.76,5.42,374.7,37.99,Root_Rot,4.8
30.4,67.27,52.38,17.14,48.97,25.33,6.63,835.2,54.16,Early_Blight,9.42
17.99,88.33,53.54,46.42,13.69,13.79,7.88,854.4,59.02,Rust,6.78
14.6,80.39,12.64,22.26,40.55,21.49,7.96,324.3,40.64,Healthy,23.39
31.09,65.75,43.93,28.24,48.61,17.47,6.13,637.0,39.63,Early_Blight,12.13
18.95,82.04,62.66,15.99,22.45,37.33,7.39,359.2,49.29,Rust,2.12
34.7,68.11,47.74,16.62,39.75,16.54,7.33,242.1,35.32,Early_Blight,8.15
39.29,81.85,10.43,22.61,25.08,35.24,8.1,207.9,37.75,Early_Blight,25.05
19.88,24.95,50.1,46.3,45.68,47.92,5.5,592.3,48.36,Root_Rot,8.23
22.59,82.79,36.97,27.56,36.08,29.44,7.49,264.8,41.39,Powdery_Mildew,12.86
23.87,60.63,54.64,34.83,25.12,19.43,6.69,251.0,37.67,Healthy,5.29
25.95,76.65,60.14,30.3,47.83,41.02,5.58,619.8,54.69,Root_Rot,3.51
24.26,89.72,54.52,29.42,36.14,46.96,6.31,987.3,53.29,Early_Blight,7.31
12.37,42.07,12.59,13.76,34.68,20.69,5.84,530.7,29.75,Healthy,23.83
22.35,48.45,22.16,49.05,11.43,25.44,6.19,589.9,30.85,Healthy,21.32
17.5,28.31,39.2,15.47,38.13,43.29,6.54,769.9,37.89,Healthy,13.3
13.1,64.16,14.42,50.46,37.94,32.76,6.4,955.5,36.29,Healthy,23.51
23.05,31.33,58.73,14.2,22.0,37.4,5.29,878.4,42.21,Root_Rot,5.19
30.78,79.98,58.62,11.17,20.81,12.97,6.33,759.2,40.29,Early_Blight,6.15
39.63,48.92,63.81,31.0,23.84,42.92,6.28,521.2,55.35,Healthy,4.1
19.81,64.64,16.68,24.55,33.16,16.62,5.98,799.7,34.22,Healthy,23.36
31.92,59.72,53.48,42.2,47.92,31.81,5.5,571.5,47.61,Root_Rot,8.52
21.47,67.87,49.53,10.31,39.48,26.49,7.73,847.2,51.64,Healthy,8.66
19.86,86.61,35.94,44.88,27.45,15.34,5.76,228.7,36.79,Healthy,14.16
20.68,90.23,43.16,14.29,19.6,24.87,6.4,280.2,42.23,Powdery_Mildew,11.08
39.07,34.81,27.69,10.56,12.93,32.71,7.42,404.9,28.92,Rust,20.28
18.31,88.47,62.14,44.27,17.08,23.98,7.83,373.1,38.97,Rust,1.35
22.24,89.54,19.62,22.66,43.4,28.61,5.09,336.2,37.69,Powdery_Mildew,20.06
41.55,74.54,36.83,32.64,30.95,13.42,4.88,406.1,31.77,Early_Blight,15.79
38.58,38.95,25.54,37.33,17.04,19.83,6.55,958.3,35.62,Healthy,24.87
31.63,63.71,31.74,13.62,24.04,48.39,6.88,224.2,40.58,Healthy,15.65
31.37,82.22,60.06,46.41,23.06,38.9,7.64,925.0,50.51,Bacterial_Leaf_Spot,6.53
32.08,89.03,60.15,45.92,41.17,27.69,7.96,399.4,54.75,Bacterial_Leaf_Spot,3.32
27.8,50.49,51.54,30.07,23.17,32.94,4.82,783.6,40.34,Root_Rot,9.18
20.15,85.17,41.64,26.92,24.85,42.76,7.1,232.6,34.84,Powdery_Mildew,11.21
21.42,72.18,25.59,46.57,31.13,14.56,6.92,879.5,42.65,Healthy,19.23
16.75,89.8,48.38,30.09,24.42,17.71,8.12,583.4,49.28,Rust,8.12
27.59,93.58,13.58,37.86,21.14,15.75,8.02,377.4,38.04,Bacterial_Leaf_Spot,24.81
19.03,62.64,25.55,32.55,14.41,13.28,7.29,981.5,44.11,Healthy,19.81
21.65,90.23,37.18,27.1,19.24,46.98,6.36,261.8,39.41,Powdery_Mildew,13.68
23.44,83.08,36.3,29.0,37.12,28.01,7.73,264.7,46.67,Powdery_Mildew,14.15
18.2,96.03,58.55,34.65,42.25,36.47,6.49,499.8,49.68,Rust,3.59
21.76,91.29,51.69,11.84,37.85,19.19,6.43,688.6,41.3,Rust,6.23
33.35,35.3,51.79,43.75,10.8,31.04,5.3,283.8,35.3,Root_Rot,7.14
37.52,84.33,59.05,20.52,46.17,18.12,5.42,766.6,46.97,Early_Blight,6.96
33.61,91.32,61.68,11.12,49.68,36.67,5.67,347.5,45.07,Root_Rot,2.15
27.05,86.2,41.62,18.8,45.71,27.31,6.56,776.0,42.47,Early_Blight,12.77
25.28,84.22,35.32,48.53,27.64,30.52,7.61,984.7,51.16,Bacterial_Leaf_Spot,16.31
18.48,86.69,53.85,21.58,23.03,37.76,6.95,787.2,45.38,Rust,6.96
17.5,85.9,62.62,23.64,45.43,49.06,6.43,294.3,46.59,Rust,1.19
20.17,35.57,35.02,37.17,42.75,44.19,6.56,422.2,46.68,Healthy,14.3
20.72,94.66,57.53,16.58,43.5,39.12,6.23,445.1,44.98,Rust,4.14
20.67,83.16,39.37,46.99,42.61,21.59,5.14,248.1,38.94,Powdery_Mildew,12.2
31.0,60.6,44.24,16.67,48.76,22.46,4.94,604.1,38.89,Healthy,12.09
26.66,67.85,57.34,34.61,41.63,42.41,5.86,557.1,51.76,Early_Blight,5.93
23.79,95.66,47.96,12.83,26.05,30.24,6.94,414.8,40.44,Healthy,8.22
21.95,84.32,59.34,35.76,35.3,41.08,5.79,391.3,51.3,Root_Rot,3.47
16.14,63.23,60.78,43.26,23.48,12.4,5.49,945.6,49.25,Root_Rot,3.39
26.04,90.91,7.77,47.73,19.99,10.61,7.91,950.4,39.54,Bacterial_Leaf_Spot,28.21
19.31,33.93,38.44,11.7,10.46,45.74,6.19,812.7,42.44,Healthy,14.38
22.89,82.07,17.36,22.02,32.2,24.87,7.0,573.8,38.65,Healthy,22.91
28.38,81.74,62.94,46.19,33.78,21.02,7.45,285.4,55.42,Bacterial_Leaf_Spot,2.31
29.41,79.42,36.09,46.63,38.82,48.84,7.77,536.2,51.76,Bacterial_Leaf_Spot,15.11
14.68,38.97,25.19,16.72,41.02,50.42,7.73,281.1,38.23,Healthy,18.44
33.86,69.66,23.52,47.83,41.61,16.61,6.39,772.1,35.76,Healthy,22.19
26.89,85.84,16.16,48.79,49.48,23.25,7.6,887.4,51.71,Bacterial_Leaf_Spot,24.4
21.54,81.49,51.03,32.66,31.69,11.97,7.93,294.6,45.24,Powdery_Mildew,7.54
15.49,61.76,54.28,29.59,10.18,36.79,5.32,240.4,38.43,Root_Rot,5.43
32.39,86.86,24.99,49.87,31.24,40.26,7.63,462.6,37.85,Bacterial_Leaf_Spot,19.37
20.61,90.56,56.15,27.71,41.4,34.42,6.47,705.8,48.07,Rust,5.38
32.93,75.81,60.79,32.18,42.28,20.41,6.03,918.1,45.57,Early_Blight,4.89
39.4,74.1,62.74,38.5,28.47,24.41,5.75,468.2,39.47,Root_Rot,3.5
24.54,69.96,57.68,38.75,36.43,46.94,5.7,675.0,41.54,Root_Rot,5.82
15.72,87.74,61.17,21.59,20.83,34.42,5.95,827.8,52.28,Healthy,2.51
17.34,77.32,54.0,12.28,16.9,41.44,5.44,929.5,44.08,Root_Rot,6.35
22.52,92.04,40.71,23.43,17.53,39.74,7.58,261.0,42.2,Powdery_Mildew,9.99
25.15,79.65,12.51,45.14,41.45,12.68,7.77,346.4,46.92,Bacterial_Leaf_Spot,24.43
20.17,30.18,59.26,34.14,45.07,33.28,5.0,257.5,44.07,Root_Rot,3.46
39.88,59.62,34.08,45.75,37.69,17.58,4.77,437.6,39.78,Healthy,17.08
18.53,61.58,37.46,26.33,17.34,14.79,6.08,832.1,39.13,Healthy,14.45
29.54,80.89,49.68,29.41,30.52,20.19,7.04,801.7,47.87,Early_Blight,9.77
22.06,87.12,54.87,40.72,11.8,30.41,5.17,573.6,42.09,Root_Rot,5.73
36.25,38.14,62.23,16.32,41.67,29.95,7.69,832.8,57.06,Healthy,6.24
28.91,85.01,41.51,43.36,28.4,13.14,7.5,734.1,49.06,Bacterial_Leaf_Spot,13.02
21.7,92.28,55.76,14.02,28.31,40.13,7.59,720.4,46.96,Rust,4.98
28.9,90.94,57.3,40.57,16.1,45.5,4.91,323.4,48.91,Root_Rot,3.61
25.55,70.47,63.21,29.83,30.62,37.04,5.04,676.3,42.23,Root_Rot,2.44
18.09,91.26,56.92,47.7,17.91,12.43,7.85,997.0,56.24,Rust,5.79
22.26,90.0,53.93,10.89,41.85,17.07,6.63,530.5,45.71,Rust,5.99
14.88,87.88,46.63,22.29,24.41,33.1,5.08,217.0,35.06,Healthy,8.57
26.31,69.4,54.34,31.14,31.93,12.98,6.26,609.1,38.45,Early_Blight,6.62
35.93,48.3,43.39,30.48,18.68,32.08,6.03,197.8,39.94,Healthy,10.07
24.11,89.77,48.28,28.19,40.02,33.05,5.54,295.4,34.8,Powdery_Mildew,8.73
36.22,27.93,41.25,30.74,44.61,11.17,5.39,710.9,40.68,Healthy,14.73
22.81,81.42,46.14,15.6,46.44,39.98,6.34,363.1,42.86,Healthy,9.09
16.71,36.33,57.92,22.23,23.22,12.09,5.27,867.5,40.48,Root_Rot,4.68
22.5,50.82,33.32,39.27,46.73,34.53,7.43,427.7,48.76,Healthy,15.65
22.16,91.29,56.59,21.25,43.64,39.64,5.99,882.4,54.8,Rust,5.29
23.24,92.1,22.06,23.25,47.16,29.44,5.38,328.3,36.03,Powdery_Mildew,19.15
36.88,33.78,57.66,19.06,31.1,33.13,5.64,736.7,41.42,Root_Rot,8.17
29.17,85.86,57.28,41.75,20.2,44.69,7.29,528.8,50.39,Bacterial_Leaf_Spot,4.95
27.46,44.38,17.26,45.05,26.37,25.46,5.14,679.6,37.24,Healthy,24.05
40.7,67.83,11.6,12.94,21.49,46.21,7.59,789.2,44.73,Early_Blight,29.64
18.41,89.26,11.23,17.11,36.61,44.59,5.67,510.6,32.97,Healthy,24.35
31.67,82.19,56.16,45.35,42.73,27.56,7.52,448.8,45.19,Bacterial_Leaf_Spot,5.96
25.25,88.86,26.19,47.31,34.12,30.91,7.71,915.2,48.71,Bacterial_Leaf_Spot,20.03
31.66,68.37,26.82,27.5,47.13,39.52,5.96,341.7,35.34,Early_Blight,19.22
21.69,82.84,25.24,43.12,38.07,15.16,5.26,233.7,32.57,Powdery_Mildew,18.34
32.05,80.05,50.84,40.42,29.17,16.28,5.38,705.6,42.45,Root_Rot,9.75
33.96,94.27,51.06,33.06,18.53,31.9,4.85,537.1,42.95,Root_Rot,8.36
19.89,83.24,64.41,21.68,37.29,38.39,6.85,364.5,48.48,Bacterial_Leaf_Spot,1.16
20.31,88.91,54.83,44.97,49.1,46.66,7.03,431.0,48.32,Rust,4.61
23.59,82.36,41.29,47.27,34.52,48.61,5.96,310.8,38.85,Powdery_Mildew,10.15
21.6,89.67,27.66,41.52,22.85,34.12,6.0,330.2,30.04,Powdery_Mildew,17.67
24.11,69.67,60.7,31.88,24.6,21.69,7.65,371.7,46.06,Early_Blight,3.24
28.95,53.39,55.88,42.1,14.08,47.9,5.01,576.3,41.54,Root_Rot,6.9
41.25,67.57,14.0,26.23,38.62,49.36,6.82,483.4,42.1,Early_Blight,25.89
15.07,40.01,56.35,36.77,39.02,48.26,5.42,311.1,43.64,Root_Rot,5.04
30.93,83.85,50.25,25.97,38.67,24.05,6.08,878.5,35.92,Early_Blight,9.82
21.68,77.1,43.6,37.04,30.14,49.37,5.89,952.7,46.51,Healthy,12.03
13.74,85.07,58.5,23.84,15.49,13.85,7.91,897.2,51.04,Rust,3.84
18.99,87.77,64.69,19.63,23.24,47.13,6.47,373.5,56.66,Rust,1.6
25.85,68.35,35.51,15.98,39.74,37.79,5.54,877.0,37.39,Early_Blight,16.04
28.04,87.94,33.35,48.59,25.11,19.98,7.77,830.8,47.18,Bacterial_Leaf_Spot,16.6
32.3,83.18,24.93,46.79,36.01,42.83,7.3,750.1,48.23,Bacterial_Leaf_Spot,20.41
20.41,91.08,55.4,26.17,39.99,36.37,6.54,759.1,49.45,Rust,6.47
23.49,73.31,59.58,38.76,37.01,18.5,5.67,940.4,49.2,Root_Rot,5.22
19.62,85.3,22.43,41.82,33.48,12.71,5.22,233.0,27.31,Healthy,19.79
25.74,87.96,59.0,42.75,26.69,45.66,5.5,807.2,50.53,Root_Rot,6.54
39.41,81.4,50.67,48.28,9.61,28.83,5.24,891.6,43.86,Root_Rot,11.59
34.95,47.62,27.05,45.16,9.48,34.52,6.93,787.4,42.0,Healthy,21.22
40.11,80.01,12.31,30.41,35.29,38.39,7.3,873.6,51.9,Root_Rot,28.66
23.42,48.59,33.99,35.41,23.34,12.41,6.54,993.5,40.68,Healthy,16.7
14.03,53.41,54.25,16.9,46.05,39.06,5.59,223.0,40.29,Root_Rot,4.85
31.2,77.09,58.25,17.31,29.4,26.25,6.99,341.6,40.15,Early_Blight,4.26
38.23,92.84,46.92,13.62,25.1,12.56,5.28,270.1,25.9,Early_Blight,9.15
41.07,64.75,57.23,28.58,36.95,49.27,7.55,738.7,54.18,Healthy,7.77
27.04,91.15,52.93,22.7,45.55,27.22,4.88,645.2,45.83,Root_Rot,8.14
20.94,94.16,52.76,49.2,40.5,27.52,7.15,688.8,60.07,Rust,6.93
28.66,90.22,17.41,37.0,41.96,44.8,4.86,739.0,40.28,Healthy,23.72
24.32,75.6,52.24,22.5,11.15,47.38,7.55,197.4,44.69,Early_Blight,6.68
29.23,77.88,52.33,23.69,41.48,36.36,7.59,321.5,58.06,Early_Blight,7.15
27.04,82.12,55.03,22.96,43.02,26.93,6.25,452.8,34.95,Early_Blight,6.08
38.23,59.41,30.99,42.1,49.38,33.57,8.18,431.2,42.57,Healthy,18.39
27.07,81.59,48.49,30.35,26.18,49.22,7.87,318.4,47.77,Early_Blight,8.53
34.96,81.61,16.33,42.9,30.41,12.52,7.68,379.8,40.32,Bacterial_Leaf_Spot,24.03
28.44,66.31,61.83,42.21,42.41,49.27,5.32,705.1,46.32,Root_Rot,4.58
21.77,90.28,42.57,22.91,16.54,31.97,7.55,273.9,43.08,Powdery_Mildew,10.74
24.43,73.71,38.5,11.83,38.37,31.81,5.1,873.4,38.43,Early_Blight,14.36
18.95,69.12,41.7,14.95,47.64,26.84,6.2,898.3,35.17,Healthy,12.93
20.84,90.26,40.31,45.54,14.98,27.26,6.85,259.4,33.98,Powdery_Mildew,11.37
25.59,69.26,44.07,22.42,25.24,48.7,6.68,838.0,50.75,Early_Blight,12.35
21.3,90.75,39.55,27.63,23.45,45.63,6.56,240.9,44.03,Powdery_Mildew,12.14
21.3,85.8,42.32,23.74,16.04,24.23,7.25,309.4,29.02,Powdery_Mildew,10.54
14.98,58.4,24.21,45.07,33.57,43.2,7.9,859.0,49.18,Healthy,18.92
22.23,82.73,61.65,47.26,29.24,21.26,7.55,284.3,47.73,Powdery_Mildew,1.98
29.35,76.77,54.98,21.65,25.34,33.97,5.27,790.3,51.06,Healthy,7.28
33.63,82.09,23.19,47.54,10.36,25.3,7.8,585.3,49.73,Bacterial_Leaf_Spot,20.69
36.16,72.05,53.99,25.11,19.68,25.89,4.87,229.9,36.94,Root_Rot,5.86
30.24,71.32,14.99,15.82,29.65,36.31,6.38,988.8,39.77,Early_Blight,26.76
27.26,92.39,57.39,27.56,37.93,27.68,6.12,414.1,44.54,Early_Blight,5.29
29.72,68.13,52.65,12.0,13.68,48.22,5.49,624.8,43.79,Root_Rot,8.43
32.38,79.46,65.12,17.25,24.46,15.44,5.37,354.3,44.93,Root_Rot,0.23
20.01,91.7,58.6,25.95,42.65,32.1,5.71,415.3,46.59,Root_Rot,3.92
22.99,83.54,31.99,29.84,39.97,16.92,6.47,431.9,37.16,Healthy,15.62
23.94,86.34,47.17,12.07,29.79,16.07,7.3,310.7,36.8,Powdery_Mildew,9.04
19.71,93.05,50.68,45.12,21.8,15.3,6.14,762.6,40.92,Rust,7.7
33.53,88.65,10.1,47.48,27.08,43.66,7.47,507.9,43.57,Bacterial_Leaf_Spot,26.74
37.81,86.99,55.53,40.36,22.78,42.37,7.94,708.8,62.57,Bacterial_Leaf_Spot,7.77
36.15,27.05,28.56,28.21,44.75,22.83,5.18,596.6,29.85,Healthy,20.7
12.71,70.39,43.96,50.68,31.24,31.03,7.0,892.9,51.21,Healthy,10.64
37.29,67.8,58.78,47.0,22.38,27.48,4.91,498.7,43.4,Root_Rot,5.67
33.49,31.66,59.91,29.9,44.84,44.01,5.08,272.1,41.68,Root_Rot,4.55
23.87,36.79,22.46,42.85,35.51,33.13,5.0,229.3,29.15,Healthy,20.44
17.15,46.32,10.42,30.86,32.99,47.25,6.5,927.9,41.39,Healthy,26.53
21.73,90.24,55.79,46.2,48.85,26.99,7.29,849.7,55.7,Rust,5.0
28.58,85.77,31.24,48.59,15.32,47.39,7.8,827.6,44.89,Bacterial_Leaf_Spot,18.56
19.08,61.61,19.34,22.67,24.34,26.11,6.23,915.6,34.03,Healthy,22.16
17.6,43.31,9.16,32.23,32.01,47.39,6.82,946.8,39.95,Healthy,27.29
38.62,31.43,44.66,34.97,21.26,16.3,7.13,908.6,39.37,Healthy,15.68
21.85,53.47,57.58,46.61,27.23,18.08,5.64,698.3,48.4,Root_Rot,4.69
21.24,88.91,26.47,16.82,16.48,48.33,6.67,265.1,30.47,Powdery_Mildew,18.86
21.39,56.44,24.66,15.41,39.9,38.54,7.96,952.7,35.0,Healthy,20.17
21.61,87.67,14.52,13.67,37.55,32.55,5.25,207.9,39.9,Powdery_Mildew,23.72
24.35,74.33,34.34,32.75,39.14,43.46,7.31,616.6,43.58,Early_Blight,15.64
20.16,43.22,11.84,24.11,26.31,46.54,6.39,491.3,38.01,Healthy,24.96
32.7,48.24,39.61,28.85,25.79,22.82,6.73,906.2,36.98,Healthy,16.4
20.97,61.14,21.41,17.58,17.92,28.33,6.65,195.3,27.62,Healthy,19.44
17.77,93.4,57.57,29.04,20.8,42.31,5.17,773.5,46.32,Root_Rot,4.36
31.83,49.35,39.38,30.98,10.67,20.61,7.47,832.7,47.48,Healthy,15.37
21.94,83.09,26.69,30.44,23.29,36.62,7.47,289.5,42.94,Powdery_Mildew,17.69
23.21,83.35,47.63,15.15,45.09,39.72,6.36,344.9,42.57,Powdery_Mildew,9.13
26.46,90.89,17.67,47.49,42.11,39.96,7.7,745.8,43.44,Bacterial_Leaf_Spot,23.57
36.87,75.74,48.63,27.27,37.84,42.16,7.72,932.9,58.84,Early_Blight,11.61
26.64,85.13,29.57,46.95,43.91,45.75,7.72,890.4,49.98,Bacterial_Leaf_Spot,19.09
14.09,45.66,64.77,20.7,37.42,12.77,5.43,692.4,46.07,Root_Rot,0.8
39.02,40.77,62.21,18.21,35.28,14.43,5.27,779.2,45.18,Root_Rot,6.75
30.68,67.4,55.83,27.62,29.82,42.78,5.55,695.9,41.85,Root_Rot,7.55
26.99,77.49,21.75,30.23,34.71,9.78,5.64,864.1,37.67,Early_Blight,22.26
18.55,89.8,61.06,27.53,21.27,29.72,5.88,983.1,36.83,Rust,2.67
35.34,72.29,22.74,23.61,26.3,47.94,4.94,771.2,35.8,Early_Blight,23.93
35.15,68.75,48.66,33.63,39.9,37.35,7.91,713.5,44.27,Early_Blight,11.11
36.29,87.31,25.54,38.73,14.48,46.7,7.99,452.2,48.11,Bacterial_Leaf_Spot,19.86
29.47,59.51,42.66,11.81,34.59,17.75,6.04,502.7,34.52,Healthy,12.05
31.31,33.69,55.13,44.97,18.97,41.97,5.04,355.7,36.51,Root_Rot,7.05
33.43,71.91,27.41,36.62,44.06,14.28,7.05,887.9,42.22,Healthy,20.92
17.9,28.3,63.74,46.58,36.39,41.77,5.5,856.0,56.56,Root_Rot,1.65
24.35,85.83,30.06,14.14,36.53,11.52,5.32,456.6,36.52,Early_Blight,16.58
27.06,84.88,34.2,40.61,16.52,14.84,8.06,921.6,46.0,Bacterial_Leaf_Spot,17.42
16.56,34.03,35.57,17.38,44.85,49.03,5.53,443.3,44.88,Healthy,14.43
33.69,89.31,35.69,19.46,41.4,42.23,6.25,922.7,44.94,Early_Blight,16.93
21.38,88.21,52.57,22.19,40.36,31.83,7.2,747.7,56.07,Rust,7.8
41.85,65.02,17.82,21.32,16.06,9.0,7.32,998.3,46.78,Early_Blight,28.47
30.86,73.23,39.28,41.53,15.53,28.57,5.68,864.3,41.03,Healthy,15.1
25.13,39.33,60.25,21.69,41.29,45.81,7.35,603.2,46.43,Healthy,4.4
13.73,49.66,43.25,23.75,15.04,19.83,7.8,692.8,38.83,Healthy,10.57
27.97,39.99,64.23,11.17,10.36,17.18,5.25,955.3,41.16,Root_Rot,4.33
23.15,95.3,61.48,36.88,31.26,28.71,7.49,637.8,59.83,Rust,2.99
33.58,56.45,53.29,29.09,48.12,40.06,6.46,486.0,44.66,Healthy,8.06
12.36,47.71,20.99,16.0,18.44,27.05,6.16,439.9,35.06,Healthy,19.21
29.49,56.25,27.84,36.91,14.86,26.52,7.41,953.3,40.36,Healthy,20.9
28.86,90.27,17.46,48.59,15.8,23.59,7.52,411.1,39.94,Bacterial_Leaf_Spot,22.6
39.43,32.08,30.62,27.56,49.21,37.32,7.84,507.0,38.48,Healthy,19.99
20.77,82.2,24.01,44.59,33.23,29.1,5.9,639.4,43.27,Healthy,18.82
21.84,88.67,63.49,23.01,27.92,17.78,6.07,258.6,43.06,Powdery_Mildew,1.03
32.09,65.45,18.01,31.79,41.86,23.09,7.06,829.8,41.45,Early_Blight,24.85
35.89,40.54,58.44,47.29,28.07,35.99,7.91,770.7,55.32,Healthy,8.52
25.64,82.91,36.05,49.51,38.66,47.99,7.94,315.6,50.3,Powdery_Mildew,13.93
24.19,72.09,46.41,11.87,42.33,26.16,6.62,296.5,37.2,Early_Blight,10.12
23.02,88.99,38.5,24.84,36.67,14.63,7.41,330.9,40.05,Powdery_Mildew,13.02
31.55,27.63,66.04,36.99,34.7,20.27,7.94,606.7,59.01,Healthy,3.4
18.98,50.37,11.99,40.99,28.05,30.54,6.64,970.2,38.05,Healthy,26.06
27.51,78.39,32.34,10.61,32.84,46.71,6.59,588.3,44.1,Early_Blight,16.52
32.9,82.56,22.37,47.95,10.95,25.48,7.87,565.6,43.64,Bacterial_Leaf_Spot,22.05
25.85,69.73,52.13,19.37,39.29,20.99,7.23,823.8,39.92,Early_Blight,7.85
27.87,86.43,59.48,37.07,13.95,19.56,5.26,299.2,37.65,Root_Rot,3.04
21.38,92.3,39.52,29.54,11.71,49.43,6.2,217.8,34.7,Powdery_Mildew,12.12
23.69,95.72,10.9,18.66,24.22,30.59,5.52,562.2,35.41,Healthy,26.24
22.5,86.12,49.74,13.23,29.3,19.62,7.39,296.1,48.13,Powdery_Mildew,6.44
20.61,79.85,60.14,19.74,15.32,24.11,5.0,744.5,39.83,Root_Rot,4.39
31.84,25.41,45.54,17.37,9.81,19.5,8.12,389.7,40.29,Healthy,11.06
34.99,81.72,35.97,22.1,40.86,30.84,8.14,877.1,51.04,Early_Blight,16.27
30.74,90.77,57.46,12.72,19.47,46.2,6.47,671.4,39.22,Early_Blight,4.33
19.38,91.87,57.44,34.99,34.36,23.66,6.61,894.0,48.64,Rust,4.09
32.69,65.47,40.27,30.08,46.08,11.91,6.05,498.4,35.25,Early_Blight,13.55
20.72,53.03,17.76,30.96,31.99,29.46,8.12,841.7,47.26,Healthy,23.35
17.68,85.9,51.43,20.14,22.92,39.52,8.11,891.5,43.05,Rust,7.67
19.02,88.95,51.42,14.68,33.0,14.32,6.48,726.9,48.2,Rust,7.0
19.37,87.1,56.61,38.83,36.46,32.24,6.88,805.0,50.45,Healthy,4.58
35.53,58.91,52.02,10.71,18.6,47.83,5.22,518.7,25.77,Root_Rot,8.62
15.56,89.18,56.0,47.73,27.78,29.79,6.62,584.7,52.23,Rust,4.64
40.28,77.2,63.84,17.16,12.69,13.44,5.06,364.6,41.11,Root_Rot,2.81
27.77,51.64,24.76,10.46,40.15,15.62,7.06,438.7,36.06,Healthy,19.56
14.45,33.86,63.9,34.0,26.17,26.88,5.48,394.9,34.66,Root_Rot,1.41
22.79,93.05,61.64,22.78,20.95,25.41,7.0,724.2,43.86,Rust,2.79
17.51,29.42,56.06,13.7,39.1,46.64,5.84,272.7,40.6,Healthy,4.15
28.76,91.09,35.15,45.88,48.29,21.14,7.64,491.7,47.63,Bacterial_Leaf_Spot,14.77
27.6,69.22,33.42,20.19,18.37,38.96,5.77,794.4,39.53,Early_Blight,17.67
20.4,90.6,17.58,31.61,47.84,18.87,7.84,271.9,35.53,Root_Rot,21.77
32.74,83.39,9.22,11.55,50.2,47.48,8.16,861.5,46.37,Early_Blight,28.41
36.74,29.33,57.19,20.72,30.06,33.05,5.74,714.1,36.43,Root_Rot,9.19
18.66,63.12,58.34,44.1,41.54,38.77,5.61,316.9,42.87,Root_Rot,4.67
18.24,92.64,9.14,43.78,42.7,49.12,5.95,287.0,44.57,Healthy,25.65
39.56,47.14,31.64,24.18,25.99,19.81,7.65,604.5,34.85,Healthy,20.0
40.9,93.82,55.76,11.71,42.62,35.5,6.35,879.7,49.96,Early_Blight,9.29
17.54,67.83,11.01,29.7,46.68,31.38,6.86,939.5,42.1,Healthy,25.49
28.58,81.26,57.36,23.67,17.61,30.1,6.62,860.4,55.5,Early_Blight,6.49
25.35,81.04,43.5,24.03,48.48,44.07,6.24,355.8,43.44,Early_Blight,10.07
33.16,81.9,20.88,48.24,11.26,24.84,7.83,571.7,38.56,Bacterial_Leaf_Spot,22.25
23.57,86.78,15.56,33.91,11.96,31.71,7.48,230.9,37.62,Powdery_Mildew,22.5
28.74,89.92,62.62,29.94,20.11,36.23,6.2,648.5,48.81,Early_Blight,3.01
18.92,84.23,60.57,22.56,48.17,23.47,6.4,858.8,57.92,Rust,3.04
20.39,88.09,52.53,31.59,31.04,13.6,7.87,441.7,52.7,Rust,6.29
19.57,67.3,59.83,45.72,50.25,18.73,5.12,254.8,45.61,Root_Rot,3.11
18.99,88.48,57.72,48.21,29.93,19.96,6.41,817.8,41.02,Rust,4.53
34.28,83.39,16.79,27.4,41.85,41.58,7.5,441.0,46.28,Early_Blight,22.76
24.92,48.85,59.22,40.17,47.92,12.38,5.62,280.5,48.4,Root_Rot,3.24
13.84,44.91,31.57,43.86,45.43,44.91,5.16,223.0,40.2,Healthy,14.5
32.07,89.81,48.27,46.95,42.16,42.56,7.66,555.8,54.17,Bacterial_Leaf_Spot,9.81
30.27,79.08,66.55,17.44,48.05,41.85,7.04,257.1,42.94,Early_Blight,1.26
39.38,54.1,60.22,34.98,14.49,23.11,5.43,789.6,44.77,Root_Rot,7.69
22.56,93.78,48.89,39.72,23.85,36.74,7.89,443.5,49.8,Rust,7.8
24.85,94.06,64.07,20.28,13.78,28.18,7.37,683.9,46.73,Early_Blight,2.26
21.49,73.85,17.66,47.65,39.5,17.24,6.15,891.2,45.25,Healthy,23.13
22.84,53.98,49.42,27.87,48.62,47.07,5.0,210.0,42.15,Healthy,7.07
39.58,69.91,28.26,26.72,13.33,41.43,7.92,996.5,45.73,Early_Blight,23.04
41.05,90.31,51.02,17.17,26.27,13.03,5.61,646.0,32.61,Root_Rot,10.22
31.18,53.83,60.66,44.06,33.81,34.9,5.76,941.6,51.12,Root_Rot,7.09
25.38,86.29,51.08,46.04,43.78,24.86,7.72,443.5,53.93,Bacterial_Leaf_Spot,7.2
25.01,83.52,30.08,21.56,34.91,21.58,7.89,260.6,46.34,Powdery_Mildew,17.03
24.12,36.14,35.19,45.27,30.14,36.09,5.71,246.9,38.51,Healthy,14.08
21.31,89.59,40.03,26.23,22.56,45.12,6.69,257.7,36.01,Powdery_Mildew,12.08
22.33,93.58,34.56,26.61,34.48,21.24,6.68,224.0,34.95,Powdery_Mildew,13.91
19.79,83.37,60.58,31.06,18.65,18.38,6.78,364.7,44.87,Rust,2.54
26.16,82.85,24.4,49.3,29.05,10.83,7.27,617.4,41.31,Bacterial_Leaf_Spot,18.93
29.24,69.35,50.39,40.88,20.97,12.21,5.57,953.1,43.37,Root_Rot,10.26
18.06,55.0,19.71,29.35,35.3,21.07,5.77,354.5,34.42,Healthy,21.09
28.18,87.76,31.31,46.38,39.23,36.6,7.75,247.6,39.06,Bacterial_Leaf_Spot,15.76
22.71,87.92,12.18,28.39,33.19,25.2,4.96,305.8,30.74,Powdery_Mildew,25.34
18.79,31.43,34.34,16.86,25.87,24.74,5.11,742.6,27.05,Healthy,14.98
25.41,83.01,38.2,47.85,49.3,17.89,7.74,316.2,48.55,Powdery_Mildew,12.69
32.4,90.38,23.3,30.86,30.37,39.88,7.83,726.8,35.98,Early_Blight,21.17
21.63,50.83,57.82,31.42,22.48,20.91,5.13,287.6,39.75,Root_Rot,3.75
21.77,88.71,65.27,22.68,28.95,16.93,6.05,258.4,36.62,Powdery_Mildew,1.06
17.42,47.01,63.0,27.46,26.19,14.11,5.21,287.8,39.72,Root_Rot,2.16
26.43,86.53,65.2,15.46,12.93,17.95,6.26,956.7,48.01,Early_Blight,2.5
20.38,91.08,19.82,31.79,47.69,21.06,7.81,263.8,40.64,Powdery_Mildew,20.45
12.59,66.26,13.72,49.91,36.62,32.13,6.33,958.1,45.99,Healthy,23.03
25.63,81.91,34.11,45.16,20.69,38.73,7.44,275.5,46.23,Powdery_Mildew,15.37
35.23,82.55,42.54,30.35,36.15,25.32,7.99,562.4,42.57,Early_Blight,13.33
37.94,85.05,63.17,11.35,22.17,46.56,6.6,720.7,48.17,Early_Blight,4.47
25.44,85.35,45.01,34.05,44.26,30.44,6.59,921.1,51.55,Early_Blight,10.91
40.68,87.16,14.78,29.96,30.24,41.89,7.52,706.2,44.41,Early_Blight,25.86
23.21,93.14,56.81,46.44,36.24,38.89,6.68,544.0,46.36,Rust,5.0
16.79,84.8,49.83,18.37,43.46,28.06,7.25,300.5,45.15,Rust,7.48
32.27,92.51,45.01,45.38,46.56,26.64,7.45,830.5,52.12,Bacterial_Leaf_Spot,11.14
13.02,71.38,25.19,36.93,18.7,13.79,5.59,668.0,31.95,Healthy,18.17
33.88,85.52,40.25,47.23,38.05,21.43,7.57,395.8,52.58,Bacterial_Leaf_Spot,13.68
13.9,29.81,63.2,13.33,27.32,13.14,5.26,726.2,38.18,Root_Rot,1.47
33.95,71.97,24.93,46.05,30.35,19.81,5.37,557.0,37.2,Healthy,21.51
37.9,75.5,40.33,9.56,23.24,42.23,7.8,197.4,34.46,Early_Blight,12.52
16.93,57.88,46.93,47.32,20.93,20.23,6.45,416.9,46.39,Healthy,8.25
34.8,94.6,47.89,11.58,47.94,49.47,5.53,454.2,49.34,Early_Blight,9.45
22.1,93.41,8.85,46.73,41.57,19.24,7.48,331.0,45.79,Powdery_Mildew,25.89
37.87,92.14,11.76,11.89,26.67,17.07,6.77,862.2,31.87,Early_Blight,27.63
29.22,70.87,17.91,14.07,26.5,28.94,5.39,700.3,25.65,Early_Blight,23.49
22.62,85.28,16.92,34.19,12.44,31.33,7.34,218.1,34.7,Powdery_Mildew,22.89
35.6,82.47,46.52,28.8,12.49,22.12,6.42,945.6,43.8,Early_Blight,12.38
21.33,47.14,49.34,31.61,44.12,16.82,6.93,796.7,44.68,Healthy,9.79
34.87,95.15,44.39,24.19,22.34,33.3,5.99,986.4,40.92,Early_Blight,13.17
17.2,86.38,59.5,29.9,22.42,12.22,7.82,244.5,48.83,Rust,2.78
30.35,82.26,56.6,10.97,22.55,23.33,7.64,557.1,41.87,Early_Blight,6.2
18.0,94.5,46.36,17.68,31.21,35.05,6.82,631.1,40.27,Healthy,8.94
20.77,85.85,57.24,15.11,24.92,38.72,7.63,679.6,52.57,Rust,5.11
14.37,84.47,57.24,31.61,31.81,16.8,6.02,343.8,40.09,Rust,2.75
28.61,59.84,26.3,20.61,25.37,23.51,6.63,744.6,35.92,Healthy,20.74
28.45,84.21,28.68,27.6,28.46,35.98,5.2,400.8,34.56,Early_Blight,16.48
31.99,27.73,25.48,27.63,49.99,46.35,7.05,741.8,45.03,Healthy,22.17
22.13,83.82,46.49,38.85,37.26,37.57,7.54,295.9,58.68,Powdery_Mildew,9.42
32.3,91.46,25.68,48.54,31.88,12.82,7.71,298.1,34.55,Bacterial_Leaf_Spot,19.16
40.33,63.29,30.55,23.06,42.09,47.04,5.4,278.4,39.64,Healthy,16.7
38.5,81.44,28.34,20.81,23.46,48.45,7.05,934.7,45.12,Early_Blight,20.97
24.72,71.53,29.63,20.5,13.95,49.98,6.5,967.3,41.0,Early_Blight,18.5
14.58,66.08,42.91,19.03,44.19,22.26,7.17,559.9,48.97,Healthy,10.58
25.7,40.18,39.3,45.91,34.66,32.85,7.41,662.8,37.67,Healthy,13.21
41.2,56.45,21.04,34.38,33.17,43.01,4.89,853.2,35.25,Healthy,25.89
41.84,83.52,55.53,24.39,13.06,32.0,7.39,263.4,42.73,Early_Blight,5.98
19.75,86.1,18.23,43.06,15.08,36.04,7.5,387.0,42.02,Healthy,21.59
20.07,89.38,51.78,20.53,36.02,41.92,6.57,792.5,48.24,Rust,7.62
18.87,91.89,50.64,26.94,25.29,21.35,8.07,576.2,43.92,Rust,7.46
37.48,94.81,63.55,37.81,17.12,34.69,7.56,985.7,52.58,Bacterial_Leaf_Spot,4.94
33.96,55.4,54.31,15.02,27.77,46.43,5.69,972.4,40.52,Root_Rot,9.23
26.23,80.29,55.95,22.5,35.92,44.18,6.13,927.3,55.67,Early_Blight,7.02
31.95,88.26,14.56,48.25,10.41,46.63,7.87,296.2,41.42,Bacterial_Leaf_Spot,23.38
23.72,59.95,53.35,33.48,26.08,20.54,6.63,237.4,40.66,Healthy,5.68
16.5,94.27,42.97,23.85,24.18,39.9,7.08,412.8,46.36,Healthy,10.61
26.35,81.54,30.59,12.27,10.45,16.1,5.38,376.0,31.55,Early_Blight,17.36
21.92,89.47,63.21,32.43,24.16,45.35,7.09,891.4,54.15,Rust,2.67
25.18,76.21,45.96,30.23,14.09,41.53,8.2,869.6,51.78,Early_Blight,11.46
38.71,71.8,30.92,26.99,12.92,25.6,7.79,765.0,39.64,Early_Blight,19.12
22.39,85.6,27.58,39.23,20.84,36.92,5.94,350.1,34.71,Powdery_Mildew,17.76
26.77,66.76,39.02,25.2,39.16,26.42,5.56,248.5,39.07,Early_Blight,12.55
32.81,77.28,41.8,11.01,46.11,13.35,8.11,306.6,36.94,Early_Blight,12.43
25.63,86.52,61.04,39.98,17.68,10.91,5.7,562.3,37.41,Root_Rot,3.11
25.11,84.54,63.92,48.97,31.08,43.11,7.44,537.0,54.76,Bacterial_Leaf_Spot,1.86
30.85,38.78,27.89,48.94,22.65,21.19,5.48,397.8,34.47,Healthy,19.37
41.81,67.26,45.23,32.45,40.06,25.3,6.75,456.0,51.7,Early_Blight,11.93
38.36,33.77,56.14,31.57,44.1,11.35,5.11,899.8,36.78,Root_Rot,10.22
21.65,91.84,54.95,33.9,37.72,16.29,5.89,341.3,40.49,Powdery_Mildew,6.49
26.44,89.74,16.43,47.16,40.57,36.85,7.68,759.7,46.09,Bacterial_Leaf_Spot,23.52
14.79,47.16,52.85,37.15,33.11,19.62,4.87,734.7,33.85,Root_Rot,6.3
23.49,87.65,12.79,36.59,12.17,39.78,7.18,291.5,41.13,Powdery_Mildew,24.37
37.38,82.05,34.17,19.4,16.29,35.39,7.08,610.6,38.03,Early_Blight,17.16
33.6,84.23,23.93,34.61,28.23,47.52,7.73,924.1,45.05,Early_Blight,22.43
27.9,33.99,54.39,15.6,29.65,39.52,5.23,622.9,40.25,Root_Rot,7.64
34.67,89.67,11.41,12.39,22.99,22.55,5.91,235.3,23.82,Early_Blight,25.02
19.88,29.9,46.33,27.07,48.21,16.74,5.41,610.5,42.17,Healthy,9.49
37.97,84.13,10.42,30.41,29.37,9.85,6.32,800.6,35.05,Early_Blight,29.79
34.56,81.99,31.98,31.66,11.55,49.11,5.13,828.8,35.89,Healthy,18.59
23.49,88.16,62.23,15.26,41.33,25.45,6.99,404.4,46.22,Rust,2.52
31.46,89.57,62.13,45.74,39.52,27.14,7.96,405.9,46.0,Bacterial_Leaf_Spot,2.66
24.07,86.83,61.17,48.77,36.93,23.39,7.55,792.5,65.13,Healthy,3.57
19.73,26.05,45.24,19.82,9.73,39.75,6.07,794.6,36.87,Healthy,10.82
33.04,93.32,47.89,29.86,38.43,14.81,7.68,777.9,44.09,Early_Blight,9.98
21.82,82.64,25.43,22.76,43.48,14.01,7.5,283.9,36.12,Powdery_Mildew,18.36
18.66,94.36,25.98,22.7,42.22,39.21,7.4,278.9,40.12,Healthy,17.76
25.17,64.22,51.6,48.76,18.8,17.91,5.21,228.3,41.55,Root_Rot,7.37
20.8,82.67,19.76,46.98,25.26,15.5,7.38,255.7,41.87,Powdery_Mildew,20.28
20.92,87.19,38.72,31.22,22.78,13.65,6.17,312.1,32.08,Powdery_Mildew,12.15
40.96,54.83,27.32,36.56,10.27,38.75,6.35,303.8,33.57,Healthy,18.69
38.07,71.9,48.14,14.18,12.35,40.97,6.54,851.8,40.8,Early_Blight,13.21
40.19,83.35,49.89,30.51,48.84,39.56,5.4,508.6,47.98,Early_Blight,9.23
32.28,30.66,55.41,47.06,46.04,22.43,4.97,509.0,46.71,Root_Rot,7.67
14.83,64.36,8.17,21.78,11.22,14.36,8.03,579.0,45.87,Healthy,26.67
29.26,77.24,59.94,35.68,14.2,47.06,7.13,421.6,51.02,Early_Blight,3.8
27.41,81.45,50.62,16.69,45.23,45.45,8.07,563.9,49.85,Early_Blight,7.64
11.76,40.52,42.07,19.73,17.09,33.97,5.89,589.3,28.83,Healthy,9.9
40.27,83.82,34.98,16.64,37.83,23.3,6.16,377.5,34.62,Early_Blight,16.06
32.8,91.03,9.08,12.83,47.32,46.86,6.9,275.3,38.43,Early_Blight,25.63
20.87,84.29,56.31,36.32,43.01,27.94,7.42,854.5,52.63,Rust,5.83
21.52,93.26,51.48,46.12,50.18,29.9,7.13,869.3,56.87,Rust,7.85
32.86,69.72,65.09,28.03,21.61,47.5,7.73,1002.1,51.73,Early_Blight,4.96
28.35,83.03,18.29,47.4,12.95,12.17,7.88,985.0,43.4,Bacterial_Leaf_Spot,24.64
22.86,86.93,56.02,39.63,44.18,25.21,7.3,817.3,49.52,Rust,5.48
22.21,90.67,44.22,24.19,21.43,39.56,7.64,281.0,42.05,Powdery_Mildew,9.46
21.12,90.37,35.7,28.38,13.21,49.38,6.31,229.5,35.77,Powdery_Mildew,13.99
21.77,93.73,46.97,38.83,24.02,29.08,6.22,272.1,39.21,Powdery_Mildew,8.34
39.48,41.42,46.44,35.06,34.85,31.39,5.94,248.0,32.68,Healthy,8.83
22.39,85.55,56.43,39.0,36.09,32.37,5.57,347.9,45.28,Root_Rot,4.97
30.06,93.15,14.12,44.07,19.34,18.2,8.04,566.8,51.86,Bacterial_Leaf_Spot,24.32
17.47,92.63,56.33,19.51,24.99,13.86,6.98,314.0,35.99,Rust,4.54
18.44,39.78,52.3,37.44,15.4,17.2,5.2,675.9,39.39,Root_Rot,7.87
33.96,33.63,34.68,46.12,23.25,17.24,6.22,549.9,29.9,Healthy,17.16
18.05,30.98,58.97,25.52,32.04,46.56,5.05,539.3,45.47,Powdery_Mildew,4.39
24.38,87.67,44.87,46.31,17.85,26.98,7.72,257.4,48.49,Powdery_Mildew,9.8
30.32,92.24,22.64,20.07,32.23,19.63,6.48,342.6,37.09,Early_Blight,21.06
25.65,88.43,59.83,46.17,32.07,42.05,7.53,308.2,53.43,Powdery_Mildew,2.66
23.96,62.51,36.55,20.06,48.12,48.2,7.69,488.8,46.42,Healthy,14.3
36.84,71.79,20.83,29.64,14.01,17.55,5.94,698.6,38.5,Early_Blight,24.06
40.14,85.17,60.21,25.14,25.38,48.07,5.62,577.7,46.81,Root_Rot,5.26
29.37,90.1,65.51,44.67,35.35,43.52,7.86,657.6,57.29,Bacterial_Leaf_Spot,2.82
31.21,83.95,40.45,17.68,37.01,26.14,7.36,952.5,46.71,Early_Blight,14.58
33.68,85.89,58.59,17.54,23.1,18.72,5.15,279.2,36.36,Root_Rot,5.13
21.53,87.17,40.06,40.49,13.82,36.15,6.61,242.3,40.32,Powdery_Mildew,12.79
27.3,49.27,17.15,22.46,22.7,23.39,7.8,679.7,43.62,Healthy,24.51
19.76,29.34,63.38,44.64,38.79,43.53,5.3,849.1,60.04,Root_Rot,3.27
27.86,86.67,52.56,25.51,31.64,26.23,7.28,670.1,47.93,Early_Blight,8.36
13.14,45.12,56.4,40.1,46.0,32.11,4.84,760.0,46.93,Root_Rot,3.87
29.4,86.12,37.22,48.97,38.07,48.05,7.72,307.9,47.63,Bacterial_Leaf_Spot,12.93
28.46,71.4,50.04,15.5,34.43,25.51,6.6,256.9,40.35,Early_Blight,8.34
28.67,91.93,58.16,12.6,32.14,29.29,8.01,267.5,42.51,Early_Blight,4.08
32.7,91.13,58.74,18.84,46.44,19.76,6.0,616.6,44.89,Early_Blight,5.14
21.77,87.39,64.54,15.02,10.54,34.98,7.13,668.9,48.26,Rust,1.63
17.57,73.89,58.51,29.86,42.04,32.59,5.14,721.8,45.27,Root_Rot,2.83
35.98,77.27,14.33,14.65,34.68,16.43,7.94,307.2,40.76,Early_Blight,24.27
18.06,81.36,20.52,13.41,15.88,29.66,8.04,740.5,43.4,Healthy,20.77
25.57,70.29,50.19,18.09,10.6,45.42,4.88,492.3,38.16,Root_Rot,8.71
37.46,89.8,34.85,23.52,12.9,31.23,7.7,728.3,51.57,Early_Blight,17.59
16.34,89.06,10.41,43.82,22.95,40.59,8.21,403.6,41.44,Healthy,25.31
20.9,90.91,51.96,48.13,23.38,42.25,7.9,876.6,55.92,Rust,7.73
20.54,89.96,57.32,16.11,16.7,21.48,7.48,540.2,47.63,Rust,3.71
25.28,80.48,43.54,39.3,41.4,45.43,7.07,716.4,49.65,Healthy,12.05
26.86,49.42,52.8,27.34,33.48,27.21,5.82,939.1,44.53,Healthy,9.62
15.84,43.33,55.19,41.66,35.25,10.51,4.98,258.3,38.55,Root_Rot,5.42
36.67,90.43,12.42,22.41,21.63,41.45,5.7,621.2,41.84,Early_Blight,27.62
38.81,71.25,53.54,42.9,13.14,49.02,5.32,778.2,42.45,Root_Rot,8.93
37.71,79.75,52.26,16.65,18.6,13.46,7.06,192.2,45.39,Early_Blight,6.56
38.59,68.65,51.31,35.93,17.03,13.15,5.59,585.8,36.74,Root_Rot,9.31
13.6,85.79,53.67,16.52,32.43,28.78,7.63,306.7,48.81,Rust,5.39
34.61,80.51,61.14,15.91,41.86,40.6,5.32,717.6,45.68,Root_Rot,5.12
33.23,77.66,22.64,17.22,38.23,20.5,6.98,281.7,44.07,Healthy,20.23
34.68,70.12,24.27,45.57,29.02,18.39,5.39,502.5,34.2,Healthy,21.42
23.16,46.52,56.75,47.35,40.03,46.59,5.54,861.3,47.34,Root_Rot,5.95
26.21,84.57,60.25,46.6,13.64,15.74,7.94,712.3,52.69,Bacterial_Leaf_Spot,3.75
21.32,68.81,60.89,37.28,40.64,27.9,5.6,738.7,49.96,Root_Rot,3.09
37.97,74.78,10.01,29.16,10.77,50.61,7.81,889.1,47.05,Early_Blight,29.55
18.35,30.92,23.56,37.05,33.84,16.0,7.16,550.6,35.12,Healthy,19.28
39.15,67.76,58.69,20.27,12.4,29.27,5.1,901.8,49.37,Root_Rot,8.38
14.64,26.99,48.85,48.88,23.2,33.03,7.94,819.4,47.36,Healthy,8.24
35.29,33.42,22.94,20.58,22.06,15.32,5.36,543.5,35.2,Healthy,22.2
24.04,68.96,14.76,9.99,19.99,29.36,6.98,609.4,31.03,Healthy,24.84
39.7,53.99,62.97,47.48,30.25,42.51,7.67,518.9,53.05,Healthy,4.48
27.49,89.24,27.11,46.33,40.9,29.96,7.79,683.4,44.61,Bacterial_Leaf_Spot,19.7
39.59,29.96,29.23,28.85,9.95,26.32,7.9,452.3,36.67,Bacterial_Leaf_Spot,19.64
38.59,66.33,23.05,9.75,43.39,26.84,5.66,683.6,27.28,Early_Blight,23.05
24.83,85.64,33.71,47.08,13.83,49.58,7.64,332.6,37.89,Powdery_Mildew,14.7
30.17,33.44,56.17,42.11,19.01,13.22,7.39,731.2,48.81,Healthy,7.9
26.0,86.43,34.69,45.31,39.14,19.87,7.51,412.2,47.02,Bacterial_Leaf_Spot,15.19
26.56,94.47,62.11,45.08,16.7,34.02,6.92,721.0,55.08,Healthy,3.11
30.72,88.23,10.19,46.35,35.83,18.02,7.65,605.6,46.44,Bacterial_Leaf_Spot,27.17
21.56,88.21,56.65,44.15,35.84,43.93,7.89,209.4,61.32,Healthy,3.78
29.09,50.94,61.86,37.69,22.72,19.54,4.92,821.4,42.88,Root_Rot,5.53
28.75,66.74,38.93,22.06,11.39,28.03,7.96,749.0,42.79,Early_Blight,14.44
20.6,89.77,16.67,30.78,45.31,20.51,7.86,274.7,39.91,Powdery_Mildew,22.69
36.37,61.33,52.34,35.12,35.02,13.62,7.35,974.3,51.22,Healthy,11.43
40.38,54.55,60.02,17.05,28.69,37.91,8.03,984.6,50.35,Healthy,9.96
25.9,58.49,53.42,28.26,27.23,13.11,5.54,930.1,40.16,Root_Rot,7.98
30.94,89.17,27.05,41.72,44.84,34.31,7.34,706.6,49.79,Bacterial_Leaf_Spot,18.96
40.09,86.25,34.47,42.3,41.3,10.01,7.79,371.8,44.12,Bacterial_Leaf_Spot,15.47
35.39,53.46,63.06,24.78,10.3,43.32,5.24,886.9,36.69,Powdery_Mildew,5.46
20.91,45.14,49.79,31.98,39.99,17.48,6.49,689.6,41.67,Healthy,8.02
31.5,86.4,56.95,45.97,43.28,17.73,4.89,500.0,40.66,Root_Rot,5.89
16.99,68.35,60.05,34.1,48.35,48.07,5.06,950.3,46.17,Root_Rot,3.62
21.81,87.84,55.94,20.55,44.26,29.06,7.07,749.6,51.73,Rust,5.43
22.57,93.11,54.59,40.26,12.91,35.84,6.33,849.6,54.25,Rust,6.32
20.8,90.19,54.83,16.2,34.95,46.27,7.67,787.2,51.23,Rust,5.77
18.76,90.55,53.85,43.32,27.41,39.1,7.46,776.6,46.41,Rust,7.03
25.86,79.51,39.01,14.32,23.84,33.61,4.93,615.3,35.5,Early_Blight,13.21
13.47,86.73,61.37,21.06,48.94,17.33,7.17,258.0,50.31,Rust,1.13
18.98,88.93,53.42,27.97,29.36,49.85,7.19,509.0,47.28,Rust,6.42
25.21,40.48,60.54,21.49,40.06,45.73,7.36,641.6,48.8,Healthy,4.39
32.71,86.13,14.4,43.5,24.75,45.81,5.77,893.1,35.93,Healthy,27.48
33.58,67.94,55.38,31.76,17.1,17.32,5.0,432.3,36.23,Root_Rot,6.22
28.31,84.77,60.85,24.51,49.13,19.82,5.24,726.6,43.73,Root_Rot,4.74
35.82,75.85,59.81,45.31,28.08,23.32,5.42,730.4,46.2,Root_Rot,6.62
20.55,62.4,29.08,46.44,36.61,30.73,6.07,590.1,40.7,Healthy,17.27
29.75,85.52,11.46,47.06,33.37,23.67,7.76,628.7,44.53,Bacterial_Leaf_Spot,26.0
40.93,92.47,24.99,34.7,21.27,32.56,7.7,904.4,45.82,Early_Blight,23.19
20.55,83.92,43.36,21.97,41.04,33.95,7.52,251.7,44.06,Powdery_Mildew,10.52
27.09,72.44,43.69,17.84,31.78,10.08,5.5,384.4,35.41,Root_Rot,10.22
20.44,90.41,21.32,31.68,47.85,20.34,7.63,261.5,42.43,Powdery_Mildew,19.57
23.4,94.34,58.52,16.15,47.13,24.59,7.77,408.3,56.57,Rust,2.57
35.5,83.96,43.7,32.9,35.77,43.68,6.25,406.3,39.51,Early_Blight,11.81
30.94,77.5,44.86,12.76,46.56,21.62,7.39,415.9,37.37,Early_Blight,10.64
20.84,91.24,60.51,18.85,30.25,13.6,6.75,544.1,42.22,Rust,2.97
30.62,75.53,59.02,45.35,30.56,18.03,5.46,374.0,43.13,Root_Rot,3.38
38.44,92.79,60.38,34.09,34.74,24.06,6.64,896.1,45.79,Early_Blight,5.9
35.31,70.82,64.22,44.29,31.22,22.85,5.74,848.8,46.14,Root_Rot,4.55
18.94,39.72,60.86,29.27,25.95,40.29,5.43,598.2,35.96,Root_Rot,2.9
24.79,87.55,60.31,46.06,16.97,42.77,7.15,740.7,59.29,Bacterial_Leaf_Spot,4.14
25.49,83.05,31.1,24.12,34.73,22.98,8.05,263.4,37.03,Powdery_Mildew,16.31
18.33,84.51,55.04,13.36,26.77,48.87,7.76,453.6,47.56,Rust,6.32
13.43,90.55,62.56,27.83,19.14,47.13,6.81,253.6,48.2,Rust,1.24
23.47,90.46,32.54,20.89,11.67,25.43,5.03,226.7,33.47,Powdery_Mildew,15.7
21.52,88.55,24.56,12.54,33.79,34.41,6.39,329.7,43.31,Powdery_Mildew,18.46
32.3,24.89,44.9,29.01,38.01,42.3,5.21,578.2,37.24,Healthy,11.82
25.61,79.71,53.8,31.09,47.91,23.51,7.65,457.4,45.36,Early_Blight,6.24
12.91,35.36,58.98,19.78,35.04,44.72,8.07,277.7,49.24,Healthy,2.12
27.59,66.14,41.54,23.21,37.51,32.37,5.22,293.5,38.8,Early_Blight,11.67
41.81,85.74,62.21,14.94,42.97,26.69,6.81,884.7,55.88,Early_Blight,6.01
40.03,67.3,12.93,29.17,38.27,45.06,6.74,462.2,42.7,Early_Blight,25.4
16.39,56.72,10.26,49.05,16.11,30.05,7.48,356.0,39.56,Healthy,26.02
28.41,49.7,57.11,15.56,20.01,13.94,6.73,795.3,44.52,Healthy,6.8
30.0,94.15,36.43,32.54,25.42,24.06,6.04,586.7,37.14,Early_Blight,14.02
25.39,88.57,12.97,22.17,12.94,26.39,5.53,322.0,30.22,Powdery_Mildew,24.75
15.22,80.22,62.21,28.04,10.16,10.69,4.8,838.5,44.29,Bacterial_Leaf_Spot,1.73
20.88,89.62,50.96,38.63,27.27,22.57,6.37,851.1,46.95,Rust,8.5
14.91,53.75,64.36,27.78,23.76,30.98,4.88,525.7,36.62,Root_Rot,0.53
33.7,43.53,49.22,47.29,46.49,22.26,5.74,580.4,36.08,Healthy,10.27
25.98,87.82,42.67,36.2,13.76,43.99,8.05,324.8,46.49,Powdery_Mildew,11.15
23.18,82.68,38.75,49.67,47.68,29.28,7.45,260.2,46.0,Powdery_Mildew,12.75
23.67,49.67,53.32,35.91,35.05,18.59,6.05,513.5,41.25,Healthy,7.33
34.34,88.96,27.3,19.82,22.56,39.43,7.56,390.2,40.32,Early_Blight,18.61
36.13,56.85,54.83,32.32,17.94,20.69,5.07,449.0,41.49,Root_Rot,7.53
22.85,93.94,37.95,46.93,12.94,31.37,6.08,277.5,40.96,Powdery_Mildew,13.15
37.95,73.92,63.11,17.31,39.5,14.95,7.06,513.7,56.0,Early_Blight,3.85
38.78,36.68,29.35,11.74,15.95,29.1,7.67,362.0,39.85,Healthy,18.69
27.8,70.31,57.05,12.07,37.53,11.4,6.37,832.3,38.98,Early_Blight,5.93
20.66,93.53,55.65,24.27,12.57,15.92,5.79,252.2,42.25,Root_Rot,4.97
25.66,79.29,26.53,17.85,34.18,29.22,7.27,676.2,38.18,Early_Blight,19.38
31.07,66.14,35.63,10.64,44.09,10.86,5.52,948.7,42.79,Early_Blight,17.29
25.42,89.96,49.27,47.01,26.91,34.38,7.69,229.7,49.9,Powdery_Mildew,8.34
20.11,88.88,52.12,17.85,36.34,19.43,6.58,790.4,52.54,Rust,6.5
32.66,60.14,45.37,41.42,30.0,23.55,4.98,912.6,42.65,Healthy,14.28
29.71,92.68,26.09,25.54,47.46,21.67,7.88,868.9,44.57,Early_Blight,20.44
35.98,51.93,58.05,16.96,20.1,15.28,5.04,537.5,40.67,Root_Rot,6.59
36.0,57.97,20.0,15.8,44.48,41.28,5.69,781.1,38.75,Healthy,24.67
21.48,81.36,34.98,45.38,19.19,24.29,5.99,283.2,43.43,Powdery_Mildew,13.29
31.28,72.92,52.34,42.83,27.49,12.3,5.83,684.0,46.52,Healthy,8.59
30.65,68.61,45.71,21.38,31.82,44.47,6.4,821.4,40.83,Early_Blight,12.41
20.99,88.89,39.29,30.93,20.71,43.88,7.2,292.2,46.54,Powdery_Mildew,12.48
24.75,83.31,41.54,47.52,42.24,49.53,7.72,332.9,53.18,Powdery_Mildew,11.37
21.93,93.98,62.62,41.61,48.8,13.86,7.64,481.8,57.36,Rust,0.95
15.36,88.49,63.95,28.54,18.49,30.14,6.08,984.3,44.98,Rust,0.64
22.44,81.16,56.04,31.96,11.76,48.51,5.09,233.9,39.45,Root_Rot,5.61
21.05,88.79,59.27,50.31,15.67,35.89,7.07,649.3,47.38,Rust,3.31
27.37,77.94,58.96,11.68,37.4,49.62,6.42,650.2,41.09,Early_Blight,5.64
19.16,59.64,17.22,43.08,25.31,42.7,6.13,511.0,35.45,Healthy,22.09
40.06,71.43,51.64,32.19,39.8,14.47,7.23,761.4,41.37,Early_Blight,10.63
19.34,56.68,59.26,15.3,39.31,14.31,8.24,261.5,44.62,Healthy,3.46
30.22,94.39,56.58,14.17,49.41,47.78,6.81,941.0,54.3,Early_Blight,6.59
24.04,62.37,25.35,42.92,31.95,40.05,5.89,673.6,44.92,Healthy,20.72
29.82,86.61,38.37,49.73,36.64,47.19,7.69,305.3,51.41,Bacterial_Leaf_Spot,13.12
26.87,81.3,13.74,14.44,13.75,32.95,7.4,861.1,45.37,Early_Blight,26.06
30.12,55.69,16.4,38.75,45.43,35.03,7.05,884.9,52.44,Healthy,25.85
25.38,76.68,35.38,28.54,18.52,19.31,6.68,244.8,35.85,Early_Blight,14.4
33.75,83.65,23.4,24.07,43.16,38.71,7.54,765.1,50.91,Early_Blight,22.89
19.06,84.72,64.79,37.38,11.71,16.11,6.74,366.1,44.08,Rust,0.64
16.15,94.29,60.43,25.6,23.78,44.15,5.36,743.8,48.34,Root_Rot,3.7
35.86,80.04,37.67,32.7,22.71,13.23,6.6,267.5,35.27,Early_Blight,13.32
33.78,73.88,21.69,12.27,46.94,42.33,6.19,921.6,42.49,Early_Blight,24.29
20.54,57.64,28.05,19.3,39.97,26.72,6.38,402.3,36.03,Healthy,17.84
24.26,52.06,59.5,47.35,26.72,21.95,5.55,761.0,49.13,Root_Rot,4.51
19.06,32.92,58.18,31.37,35.8,28.04,5.84,911.3,43.01,Healthy,5.38
16.19,91.41,62.89,39.64,24.76,42.38,6.43,342.3,53.11,Rust,1.32
24.34,81.44,11.87,15.26,47.51,36.88,7.67,274.3,45.16,Powdery_Mildew,24.23
17.42,45.92,60.14,31.3,16.34,11.87,5.89,261.3,40.91,Healthy,2.84
17.65,30.81,65.06,10.98,19.18,19.34,7.53,747.3,43.94,Healthy,1.62
14.89,89.75,10.25,45.8,31.08,35.64,6.71,326.3,44.29,Healthy,24.88
37.49,69.95,43.66,16.6,43.22,36.36,5.74,726.3,43.57,Early_Blight,13.72
39.85,75.92,23.77,20.06,23.93,42.49,7.47,756.9,41.22,Early_Blight,22.99
29.89,82.72,9.91,46.74,11.18,25.68,7.81,420.1,40.2,Bacterial_Leaf_Spot,26.17
20.21,82.93,44.45,22.7,41.69,35.21,7.54,256.4,51.63,Powdery_Mildew,9.81
35.75,91.56,51.65,32.72,35.02,47.04,7.3,250.1,53.2,Early_Blight,6.8
21.17,87.07,46.64,33.26,20.87,26.55,6.34,862.4,43.89,Healthy,11.33
16.5,72.64,15.22,39.69,30.45,43.86,6.55,783.3,41.76,Healthy,22.73
14.5,28.02,12.31,34.04,32.56,11.82,5.83,274.1,25.84,Healthy,23.76
23.92,44.86,48.7,26.94,32.29,48.45,8.08,436.4,46.48,Healthy,8.59
12.1,48.49,53.28,10.06,46.62,13.19,5.62,852.7,42.77,Root_Rot,6.73
15.9,92.42,12.44,29.69,37.15,30.83,6.63,832.5,40.08,Healthy,23.84
32.77,86.64,39.02,49.63,26.09,19.21,7.39,922.4,50.75,Bacterial_Leaf_Spot,15.71
21.98,33.98,47.29,29.44,18.0,43.53,6.67,759.5,50.59,Healthy,10.51
20.53,58.34,64.24,31.6,11.79,26.08,5.55,465.6,34.54,Root_Rot,1.62
12.95,94.99,39.73,36.9,17.07,23.47,7.97,314.1,44.73,Healthy,12.15
22.32,92.17,38.49,12.27,13.54,13.35,6.14,264.5,43.07,Powdery_Mildew,13.1
31.1,88.75,47.23,20.51,28.12,12.9,4.81,429.1,31.09,Early_Blight,9.38
33.02,83.66,53.84,45.85,14.63,45.95,7.32,785.1,53.74,Bacterial_Leaf_Spot,8.48
35.56,58.17,53.21,43.27,29.62,23.89,6.95,846.5,53.75,Healthy,9.28
26.96,87.14,14.59,36.15,21.9,28.06,7.43,676.1,46.63,Bacterial_Leaf_Spot,24.8
25.42,86.21,23.61,16.74,32.46,35.76,5.66,327.0,33.34,Powdery_Mildew,19.15
24.3,73.71,15.71,17.89,11.72,43.93,7.2,320.8,26.0,Early_Blight,23.01
35.42,82.78,22.88,10.27,17.41,26.7,6.07,581.2,37.46,Early_Blight,20.88
20.96,38.79,15.31,42.6,20.54,31.86,6.6,906.1,40.43,Healthy,25.12
31.54,90.35,31.14,12.02,32.91,39.87,4.99,207.3,31.79,Early_Blight,15.17
41.02,53.66,59.96,48.18,25.41,41.36,7.49,303.5,53.71,Healthy,4.55
36.22,62.49,14.76,28.22,10.63,30.79,5.68,439.9,34.13,Healthy,24.53
16.58,84.97,51.18,26.78,16.37,21.42,7.26,629.9,51.48,Rust,6.56
21.86,82.46,32.02,28.77,40.08,17.75,6.47,415.2,37.51,Healthy,16.34
29.36,83.12,39.09,41.39,25.9,30.71,7.91,691.1,48.66,Bacterial_Leaf_Spot,14.46
29.81,74.27,12.32,13.79,46.76,42.34,6.01,496.5,35.36,Powdery_Mildew,26.26
33.11,91.55,58.95,49.8,35.02,44.67,7.78,575.6,55.75,Bacterial_Leaf_Spot,5.81
16.82,36.64,55.92,25.75,35.57,13.38,4.74,440.2,35.8,Root_Rot,4.48
31.39,86.16,58.16,46.15,13.16,47.97,7.57,813.5,54.86,Bacterial_Leaf_Spot,7.0
25.26,60.13,59.19,46.15,46.43,25.72,5.36,637.6,45.2,Root_Rot,4.06
35.54,52.24,12.81,24.08,22.2,24.02,7.73,591.5,36.4,Healthy,27.43
30.45,87.16,24.9,47.82,18.1,47.56,7.78,977.0,54.92,Bacterial_Leaf_Spot,21.41
39.73,73.22,20.54,30.24,38.79,16.73,5.82,520.0,31.19,Early_Blight,22.68
33.54,89.32,28.71,44.58,29.89,23.43,7.59,358.8,36.33,Bacterial_Leaf_Spot,18.13
22.86,80.47,58.83,38.78,40.01,35.51,6.83,247.3,47.52,Powdery_Mildew,3.86
15.77,35.15,42.22,35.27,33.77,38.75,8.18,239.4,49.35,Healthy,11.07
18.44,86.08,64.3,31.55,13.17,34.8,6.15,959.8,46.68,Rust,1.9
23.44,82.18,51.14,32.56,31.75,13.0,7.94,319.2,44.83,Powdery_Mildew,7.11
41.87,91.6,43.02,37.65,14.83,43.81,8.14,586.8,49.11,Bacterial_Leaf_Spot,13.4
20.67,82.85,61.68,38.6,20.79,30.46,5.55,554.7,45.0,Root_Rot,2.76
18.35,87.99,64.33,11.96,23.43,40.31,7.13,366.5,47.82,Rust,1.12
26.55,73.09,31.64,40.88,31.11,46.28,7.91,783.8,45.2,Healthy,17.75
25.55,87.28,11.2,47.42,26.29,26.18,7.77,248.4,33.05,Powdery_Mildew,25.33
39.39,78.58,29.71,26.88,21.6,32.54,5.97,937.8,40.57,Early_Blight,20.42
21.83,83.12,45.19,41.6,36.65,36.79,7.72,288.6,46.52,Powdery_Mildew,9.49
38.43,68.37,60.69,21.5,17.18,16.92,7.21,204.9,39.72,Early_Blight,2.47
33.82,41.42,37.56,29.34,45.72,20.69,7.5,836.8,41.43,Healthy,17.54
41.21,88.56,41.85,14.12,17.33,37.21,8.16,482.5,42.33,Early_Blight,13.92
24.54,90.27,50.57,47.92,42.65,22.87,7.6,218.1,46.52,Powdery_Mildew,6.81
24.36,89.42,41.02,48.75,18.69,40.89,7.67,268.8,40.26,Powdery_Mildew,11.54
38.92,54.79,16.16,40.11,26.72,23.73,6.51,861.9,37.67,Healthy,28.15
18.13,82.46,60.35,24.29,48.55,18.72,7.68,526.8,47.58,Rust,1.86
27.62,74.05,27.55,39.86,31.87,48.87,8.02,834.0,52.81,Healthy,19.55
39.43,75.43,46.88,14.24,33.68,10.82,7.64,516.3,41.75,Early_Blight,11.36
21.4,32.9,60.37,49.46,28.97,17.1,5.65,855.8,47.73,Root_Rot,3.24
38.04,37.42,19.85,48.11,25.91,46.25,7.19,965.5,47.25,Healthy,26.87
29.7,87.29,21.93,49.18,14.19,19.21,7.74,320.3,45.98,Bacterial_Leaf_Spot,21.07
36.29,77.4,42.69,33.82,49.84,49.62,7.86,531.8,49.57,Early_Blight,13.28
37.15,87.12,24.03,39.89,18.41,23.72,7.93,484.2,42.34,Bacterial_Leaf_Spot,21.0
14.39,90.17,50.34,21.54,19.24,48.85,5.16,746.5,41.97,Powdery_Mildew,7.61
30.41,87.49,19.37,47.54,38.99,37.31,7.61,835.6,44.96,Bacterial_Leaf_Spot,23.71
27.27,56.44,22.5,28.12,43.25,44.65,6.45,443.7,35.18,Healthy,21.16
18.51,85.72,63.28,29.56,40.39,16.41,5.62,848.2,53.01,Root_Rot,1.94
21.55,74.61,58.48,22.1,32.36,22.77,5.72,376.9,39.52,Root_Rot,3.87
29.39,86.65,15.78,47.17,35.97,28.74,7.88,781.0,45.51,Bacterial_Leaf_Spot,24.58
20.52,46.18,49.09,30.25,42.28,16.46,6.8,801.1,48.38,Healthy,9.87
40.78,73.67,44.49,23.9,46.69,17.41,5.72,233.4,42.0,Early_Blight,11.44
36.47,79.99,57.61,34.8,26.82,35.68,5.06,979.4,43.71,Root_Rot,8.99
14.69,69.46,61.11,36.32,24.78,20.51,7.46,877.0,51.85,Healthy,2.41
37.08,40.96,55.84,37.75,25.17,17.88,4.99,686.0,39.42,Root_Rot,8.37
16.37,86.9,48.5,36.3,30.97,19.91,6.98,972.7,46.41,Rust,9.18
20.64,89.58,17.62,30.96,44.46,20.46,7.85,271.6,36.53,Powdery_Mildew,22.1
22.05,86.57,45.42,34.27,49.18,49.48,6.07,748.0,51.01,Healthy,10.61
41.87,84.4,27.8,31.86,23.0,44.51,7.84,656.2,42.76,Early_Blight,20.29
22.03,88.53,45.03,14.31,19.51,26.86,6.04,276.0,33.12,Powdery_Mildew,9.79
38.49,36.64,28.32,11.41,17.01,28.82,7.66,366.1,36.27,Healthy,18.69
39.65,72.31,63.99,25.74,12.49,50.52,6.71,318.6,50.81,Root_Rot,2.7
25.73,80.58,49.68,34.1,38.51,33.02,5.78,680.1,48.45,Early_Blight,9.63
26.64,75.78,9.07,32.54,25.62,13.03,5.63,229.1,26.74,Early_Blight,26.74
39.01,92.58,54.7,21.33,24.78,17.84,6.29,778.2,40.11,Early_Blight,8.87
19.06,37.65,61.35,32.39,29.5,42.09,5.47,615.7,48.65,Root_Rot,2.4
34.86,39.87,55.59,25.32,41.11,27.29,5.07,417.6,38.8,Root_Rot,6.99
23.8,91.59,20.63,14.42,40.86,31.0,5.55,248.7,31.05,Powdery_Mildew,21.63
26.67,65.65,42.68,29.53,38.24,19.37,4.89,630.6,34.53,Early_Blight,11.87
23.91,92.74,17.35,36.3,38.5,44.81,7.38,321.3,41.59,Powdery_Mildew,22.18
13.87,60.58,9.82,14.78,35.53,21.38,8.14,227.0,42.09,Healthy,25.73
12.51,72.88,23.49,37.02,18.69,13.95,5.64,687.5,35.3,Healthy,19.34
27.76,87.84,53.67,46.22,47.17,17.17,7.97,324.2,44.55,Root_Rot,7.37
26.38,77.28,25.67,19.34,48.92,9.82,6.84,704.3,40.55,Early_Blight,19.6
32.32,84.41,14.03,33.07,35.7,29.29,7.81,569.6,38.97,Early_Blight,24.79
22.65,94.2,51.14,17.09,18.32,14.4,6.6,717.1,49.25,Rust,8.38
38.54,50.66,64.27,30.14,41.19,32.96,7.16,476.3,46.84,Healthy,2.98
37.95,82.65,19.83,12.16,46.26,42.31,7.11,669.7,38.63,Early_Blight,23.74
12.52,93.7,51.63,30.03,31.75,20.53,5.48,872.6,47.07,Powdery_Mildew,6.36
13.36,34.68,64.75,39.28,48.86,41.19,8.0,588.5,54.31,Healthy,1.15
25.46,89.15,50.08,47.96,25.92,40.46,7.7,204.1,49.75,Powdery_Mildew,7.58
18.69,81.66,22.23,15.81,25.91,26.95,5.93,769.0,36.84,Healthy,20.74
24.02,67.08,50.39,26.48,17.61,10.6,5.19,792.2,37.66,Root_Rot,8.74
40.18,59.38,56.87,17.57,25.98,39.12,5.47,804.2,46.88,Root_Rot,9.73
29.47,83.84,55.85,26.09,13.87,48.93,7.8,840.6,47.18,Early_Blight,9.17
13.93,48.93,13.72,40.42,45.94,29.68,5.89,367.9,38.93,Healthy,23.77
26.53,78.8,64.0,26.85,45.76,28.34,7.05,701.1,51.27,Early_Blight,2.75
22.97,86.39,50.66,12.09,28.19,20.23,7.37,327.2,47.33,Powdery_Mildew,6.58
23.96,82.49,39.33,47.95,49.69,16.95,8.0,309.7,46.96,Powdery_Mildew,12.05
13.01,48.84,55.22,34.7,21.92,36.79,5.12,809.9,40.84,Root_Rot,4.88
36.04,32.62,35.73,23.37,44.06,29.59,6.74,292.7,40.11,Healthy,14.95
15.64,27.32,13.81,33.6,32.3,11.11,5.88,280.6,28.23,Healthy,23.46
23.06,90.89,58.89,15.56,47.24,24.55,7.54,414.9,44.75,Rust,4.58
18.15,74.52,16.35,14.32,31.16,20.08,6.57,877.5,32.24,Healthy,23.95
30.25,94.18,55.4,13.01,48.69,46.72,6.72,928.1,55.9,Early_Blight,7.42
21.27,92.75,56.44,36.53,48.46,20.35,8.02,634.9,56.34,Root_Rot,4.48
28.57,42.32,24.48,17.49,19.81,35.95,7.15,524.9,38.75,Healthy,21.36
16.32,92.47,55.16,17.8,36.22,45.52,6.18,664.0,52.32,Rust,5.13
31.55,81.2,23.57,9.87,48.86,19.53,5.52,651.1,40.15,Healthy,20.45
39.4,74.46,62.51,25.17,16.19,13.29,5.08,849.8,44.39,Root_Rot,6.5
27.06,79.57,44.83,32.0,37.39,22.99,5.29,223.9,32.76,Early_Blight,10.33
38.89,85.44,54.28,34.17,31.95,36.59,5.22,926.3,44.78,Root_Rot,8.52
39.76,90.21,41.52,31.67,26.68,30.21,6.17,461.5,40.5,Early_Blight,12.57
22.65,93.33,55.91,16.21,41.81,46.54,7.87,297.4,49.42,Powdery_Mildew,4.68
17.08,81.15,62.0,48.31,17.99,22.72,5.7,382.4,37.68,Root_Rot,2.23
18.75,88.22,54.87,32.15,49.62,21.36,6.48,806.4,46.5,Rust,5.56
23.2,28.53,62.28,37.88,34.07,11.18,6.46,717.2,50.22,Healthy,3.41
30.31,56.72,62.75,25.56,18.29,26.38,4.93,664.1,39.8,Root_Rot,4.47
29.13,72.58,28.44,13.05,22.39,26.18,6.12,863.8,31.37,Early_Blight,19.59
36.49,84.65,20.67,37.51,24.91,27.76,7.54,350.8,45.8,Bacterial_Leaf_Spot,21.93
11.89,35.26,36.24,44.46,32.47,30.64,6.88,885.0,53.84,Healthy,12.83
21.26,84.63,18.36,45.99,23.57,16.23,7.43,235.1,46.4,Powdery_Mildew,20.8
30.06,89.05,37.69,48.54,44.8,27.71,7.52,877.8,50.94,Root_Rot,15.79
20.16,83.15,23.06,40.8,34.28,12.33,5.29,242.3,25.92,Powdery_Mildew,19.46
16.43,56.06,9.75,49.7,15.06,29.5,7.44,346.5,37.39,Healthy,25.84
21.64,94.09,21.83,14.78,13.02,46.93,7.18,348.0,30.92,Powdery_Mildew,19.85
34.99,84.03,61.6,12.68,45.39,13.59,7.65,362.3,42.65,Early_Blight,2.81
29.69,72.3,19.85,11.93,15.61,14.53,6.4,861.0,32.93,Early_Blight,24.46
17.84,81.73,59.97,24.25,48.81,31.71,5.36,720.1,48.78,Root_Rot,2.57
20.47,90.08,31.02,15.46,28.84,10.28,5.67,228.5,29.69,Powdery_Mildew,16.34
25.61,85.89,18.63,40.72,47.15,17.54,6.25,243.3,36.73,Powdery_Mildew,22.22
21.85,91.08,45.1,24.2,20.4,40.75,7.58,275.5,45.78,Powdery_Mildew,9.95
31.36,82.47,22.53,47.17,31.38,15.27,7.75,272.1,43.47,Bacterial_Leaf_Spot,19.86
18.22,51.18,15.29,48.59,42.98,43.85,6.97,779.3,50.8,Healthy,23.49
35.16,91.42,52.28,45.29,37.94,36.6,5.67,862.6,48.5,Root_Rot,9.39
30.28,68.12,61.58,32.19,37.43,15.81,6.39,950.8,56.09,Early_Blight,4.96
14.7,69.17,11.84,29.24,24.76,39.65,5.34,675.9,40.29,Healthy,24.11
21.25,92.95,51.96,13.38,12.87,25.97,5.96,585.5,40.52,Rust,7.32
23.97,92.71,31.6,42.08,30.59,26.48,7.24,316.2,48.4,Powdery_Mildew,16.11
17.07,94.69,23.33,31.01,19.72,15.87,6.23,585.3,33.39,Healthy,18.92
34.76,89.8,16.43,11.95,49.13,28.16,6.01,698.2,39.84,Early_Blight,25.24
31.47,50.62,22.35,42.84,10.38,28.02,8.08,517.3,49.28,Healthy,22.07
34.26,42.55,32.12,36.84,39.35,42.45,7.29,783.2,49.69,Healthy,20.34
13.19,26.39,43.28,40.19,17.89,40.66,5.94,769.5,45.9,Healthy,10.74
34.86,70.36,32.95,21.31,25.13,48.17,8.12,231.0,38.69,Early_Blight,16.14
36.06,79.94,49.85,33.93,23.32,36.54,7.04,516.4,42.82,Early_Blight,9.64
38.59,28.27,27.98,14.32,35.64,19.27,6.37,822.2,24.1,Healthy,23.61
22.39,85.39,26.75,39.7,20.57,36.38,5.92,347.0,41.3,Powdery_Mildew,17.36
19.89,69.98,24.32,31.95,9.94,14.7,7.39,485.5,34.75,Healthy,19.24
13.8,79.96,14.67,25.06,45.02,44.6,4.94,581.7,37.48,Healthy,23.05
24.12,93.39,34.7,17.97,30.24,14.47,6.96,276.7,45.07,Powdery_Mildew,14.18
23.4,91.64,31.3,43.58,31.15,25.54,7.3,303.6,44.01,Powdery_Mildew,16.09
19.0,85.88,50.45,36.47,22.37,50.16,7.45,721.1,47.08,Rust,8.05
38.07,72.68,47.58,24.08,21.63,11.15,5.39,356.5,27.58,Early_Blight,10.07
21.13,29.19,23.55,43.04,22.16,30.78,4.93,378.9,27.7,Healthy,19.72
32.58,40.61,33.81,26.61,25.95,34.66,5.39,444.5,26.5,Healthy,16.23
21.89,93.69,58.51,35.34,47.51,33.94,6.67,712.4,48.51,Rust,4.91
26.73,78.43,14.91,23.64,27.03,26.14,7.24,668.3,33.52,Early_Blight,24.89
41.57,80.03,45.34,20.41,22.57,36.23,8.14,275.0,47.62,Early_Blight,10.0
29.69,34.66,58.54,30.74,47.36,15.09,5.44,553.7,35.49,Root_Rot,5.69
23.51,52.0,31.32,47.42,36.27,37.1,7.97,847.8,40.34,Healthy,17.0
27.99,86.91,22.28,15.12,39.0,40.42,8.05,258.9,44.54,Early_Blight,20.08
15.5,38.33,24.48,44.2,22.8,17.07,6.67,204.3,35.27,Healthy,18.43
23.71,83.63,55.12,44.8,21.35,19.86,7.79,266.1,44.08,Powdery_Mildew,4.84
18.67,88.65,54.19,43.24,28.39,39.21,7.51,748.0,47.52,Rust,6.81
26.36,76.38,7.64,32.53,26.75,13.96,5.67,194.4,32.46,Early_Blight,25.86
14.75,26.12,33.14,37.94,26.02,37.26,4.95,805.5,41.99,Healthy,15.75
23.23,93.28,60.88,41.5,47.09,14.5,7.72,477.4,52.8,Rust,4.03
16.14,86.48,40.81,40.97,34.86,11.49,6.68,251.2,44.36,Healthy,11.7
28.58,91.34,51.46,48.72,22.36,44.31,7.9,994.8,56.41,Bacterial_Leaf_Spot,9.29
37.92,94.92,20.48,29.41,43.57,11.34,5.26,639.5,33.73,Early_Blight,22.47
32.96,83.85,21.88,46.89,45.07,35.8,7.7,648.7,43.97,Bacterial_Leaf_Spot,21.49
34.28,35.69,53.23,42.91,22.08,44.11,7.41,270.3,44.0,Healthy,6.82
15.83,40.37,52.32,29.69,27.54,21.65,4.88,715.0,32.94,Root_Rot,6.43
16.59,64.11,47.06,31.54,50.58,35.4,5.79,886.8,46.61,Healthy,8.98
18.54,36.27,51.57,24.23,26.9,17.21,5.36,786.7,41.75,Root_Rot,7.64
37.3,36.33,61.91,26.97,22.84,17.41,5.69,556.6,35.75,Root_Rot,5.32
41.38,77.06,51.7,32.84,12.4,30.68,7.82,298.1,53.41,Early_Blight,8.07
14.61,47.09,31.77,30.41,18.7,41.2,6.0,404.5,35.34,Healthy,14.79
37.12,74.7,27.99,34.36,23.6,14.75,6.96,1004.5,35.11,Early_Blight,21.77
30.66,70.21,63.54,25.65,17.13,23.17,5.47,910.6,43.99,Root_Rot,4.48
20.83,91.47,31.36,43.32,33.32,45.64,6.43,203.6,39.49,Powdery_Mildew,15.42
21.87,90.96,34.66,12.15,27.61,16.47,5.52,283.2,30.4,Powdery_Mildew,15.16
31.41,27.46,26.17,29.26,49.25,45.9,7.16,709.9,38.14,Healthy,21.79
21.57,83.25,30.46,44.45,27.01,17.78,5.91,236.8,41.49,Powdery_Mildew,15.25
41.14,72.81,20.17,28.59,43.57,16.27,7.69,867.4,49.63,Early_Blight,25.88
20.04,89.75,25.17,24.45,26.16,29.49,5.54,435.9,47.07,Healthy,18.97
28.82,43.99,60.57,23.88,29.99,34.61,5.63,965.6,44.54,Root_Rot,6.47
23.41,78.98,59.3,40.04,41.36,31.09,5.55,783.1,45.04,Root_Rot,3.99
20.62,90.81,22.18,43.13,24.57,44.34,6.28,271.8,43.58,Powdery_Mildew,20.65
26.78,94.39,59.88,33.4,33.49,41.03,7.45,683.8,49.11,Early_Blight,3.71
25.91,88.7,12.89,47.58,27.66,23.58,7.71,256.9,38.83,Powdery_Mildew,24.51
28.23,89.79,43.4,46.68,13.89,20.07,7.82,891.2,47.9,Bacterial_Leaf_Spot,12.68
19.98,89.34,26.31,45.1,39.42,32.92,7.9,327.0,41.74,Powdery_Mildew,18.29
27.32,79.92,64.72,48.95,34.78,33.11,7.41,711.9,51.52,Bacterial_Leaf_Spot,3.35
32.24,86.94,52.05,38.06,40.64,39.52,5.96,750.5,55.24,Healthy,9.13
18.19,66.1,63.53,41.85,29.96,38.83,5.09,234.5,44.35,Root_Rot,0.79
12.77,49.96,45.49,32.04,17.95,10.74,6.67,985.9,41.54,Healthy,9.99
37.01,89.2,51.53,12.67,25.1,19.12,7.51,865.8,47.7,Early_Blight,9.89
33.18,40.56,61.79,38.03,38.48,18.87,7.63,782.9,49.79,Healthy,6.16
15.55,88.22,50.53,43.63,12.18,49.73,6.07,246.9,50.69,Early_Blight,6.11
22.28,89.3,49.79,48.11,21.59,44.47,7.77,951.6,50.5,Rust,8.4
30.92,67.86,56.62,16.68,32.48,28.27,6.04,325.3,27.08,Early_Blight,5.24
18.08,59.62,49.21,45.15,47.67,41.8,6.41,295.8,44.62,Healthy,7.83
23.52,88.76,11.24,12.26,16.83,15.71,6.78,258.7,33.67,Powdery_Mildew,23.96
17.03,92.27,46.09,18.3,30.8,33.45,6.84,647.7,45.32,Healthy,9.54
38.4,89.65,58.01,39.8,23.14,25.96,5.2,535.5,42.96,Root_Rot,5.42
27.34,83.33,25.25,32.24,35.54,43.32,5.68,236.7,34.82,Early_Blight,19.29
29.94,73.56,40.83,22.68,13.9,33.45,5.39,386.4,28.94,Early_Blight,12.26
39.94,52.51,41.63,39.39,32.1,14.27,5.41,412.5,30.4,Healthy,12.87
28.9,78.95,64.84,47.79,34.92,19.51,7.51,248.3,54.38,Bacterial_Leaf_Spot,1.02
34.9,59.08,34.8,35.01,15.02,39.48,5.39,819.4,41.58,Healthy,17.73
18.53,73.87,38.81,44.26,15.1,26.38,7.63,790.4,46.13,Healthy,13.78
36.32,77.58,18.46,14.87,44.17,27.56,7.52,952.1,39.36,Early_Blight,25.85
40.61,29.93,55.56,20.83,26.07,13.76,5.57,436.2,40.31,Root_Rot,7.81
16.64,52.14,63.21,24.49,28.44,27.42,4.99,710.9,52.91,Root_Rot,2.22
20.05,86.54,11.47,13.95,33.53,35.47,5.31,220.4,35.3,Powdery_Mildew,23.99
18.68,89.92,52.59,45.8,13.68,29.08,5.96,812.3,49.08,Rust,6.18
22.15,92.55,30.49,33.52,45.77,22.5,7.58,300.0,48.45,Powdery_Mildew,16.36
21.13,90.08,58.89,50.49,15.4,35.83,6.97,626.3,49.02,Rust,3.43
23.31,82.01,45.19,20.52,27.89,33.15,7.96,694.7,47.03,Healthy,10.11
15.38,87.35,53.38,46.65,23.07,35.29,6.61,455.9,38.12,Rust,6.09
21.98,91.06,38.02,27.7,21.82,46.3,6.39,250.4,41.04,Powdery_Mildew,12.93
15.34,56.58,56.73,17.49,39.04,43.05,7.19,310.0,46.14,Healthy,3.47
35.64,70.24,54.1,33.45,33.87,47.27,5.4,768.3,51.12,Powdery_Mildew,8.69
25.71,91.93,44.36,21.99,24.1,35.89,6.97,730.9,42.87,Early_Blight,10.82
32.54,85.46,41.15,30.38,17.47,45.56,6.11,684.5,44.73,Early_Blight,14.45
22.16,83.45,26.23,44.31,24.76,21.2,6.08,242.6,38.65,Powdery_Mildew,18.45
29.25,81.22,20.07,32.38,45.62,15.87,6.08,296.0,31.51,Early_Blight,21.09
22.95,82.82,44.53,47.61,21.22,22.38,7.88,255.9,42.56,Powdery_Mildew,10.12
15.88,45.9,62.01,17.23,22.51,21.22,6.79,373.5,44.26,Healthy,1.21
19.22,59.48,54.75,42.49,12.79,32.64,5.75,952.1,47.88,Root_Rot,6.25
32.55,67.02,52.32,10.58,27.57,14.93,5.91,524.3,35.85,Early_Blight,8.27
16.07,65.8,65.84,32.01,32.55,35.23,7.88,187.5,50.61,Healthy,0.47
23.45,91.04,56.34,24.25,32.47,18.27,5.88,812.3,42.52,Rust,5.75
24.6,83.33,61.92,16.42,19.97,48.59,6.08,210.3,49.6,Powdery_Mildew,2.08
23.01,93.52,63.14,45.34,14.71,27.6,6.56,483.9,47.52,Rust,1.95
20.05,71.52,28.76,30.92,9.33,15.52,7.43,498.1,39.77,Bacterial_Leaf_Spot,17.26
25.53,87.73,24.03,46.59,15.78,23.48,7.91,343.9,39.11,Powdery_Mildew,19.25
34.03,75.04,57.74,45.38,26.06,21.44,5.39,710.7,43.09,Rust,6.47
22.44,88.42,56.57,28.99,29.28,48.91,7.15,522.2,44.84,Rust,5.07
34.2,88.75,59.03,30.62,37.54,10.75,7.35,222.8,44.14,Early_Blight,3.85
25.02,39.87,41.66,40.21,42.55,45.99,7.26,798.3,51.46,Healthy,13.67
28.69,88.99,51.94,46.25,29.5,49.09,7.43,610.2,59.08,Bacterial_Leaf_Spot,7.31
22.01,84.47,31.56,29.94,39.34,18.75,6.47,423.0,37.62,Healthy,15.49
20.72,88.84,53.94,22.89,44.73,30.26,7.12,766.9,45.31,Rust,6.64
30.07,89.86,21.02,46.45,13.55,10.87,7.44,477.5,40.48,Bacterial_Leaf_Spot,22.22
23.39,81.59,9.87,29.36,41.13,44.29,6.11,269.2,40.88,Powdery_Mildew,25.57
30.22,30.9,63.77,24.64,14.34,41.45,4.76,251.8,37.09,Root_Rot,1.73
28.15,60.99,40.56,15.31,24.52,48.71,6.81,242.0,39.02,Healthy,12.09
30.39,68.07,59.28,19.85,24.13,32.74,5.75,348.1,41.34,Root_Rot,3.5
21.52,86.05,56.7,14.09,12.76,39.53,6.57,832.3,44.32,Rust,6.14
14.67,91.23,62.98,26.83,25.49,26.0,6.71,467.7,44.4,Rust,1.38
23.85,30.93,22.42,42.23,11.03,32.83,5.36,891.3,39.13,Healthy,22.17
23.0,86.92,55.77,40.5,44.61,25.1,7.32,818.4,53.78,Rust,6.0
38.68,55.59,47.06,46.3,15.51,39.92,5.33,757.4,44.5,Healthy,12.83
32.59,76.63,15.97,11.26,48.43,41.62,5.23,259.6,39.54,Early_Blight,23.88
25.84,91.37,54.13,47.76,36.01,25.3,7.78,792.5,47.22,Bacterial_Leaf_Spot,6.97
32.2,86.25,59.29,48.5,44.8,16.81,5.06,514.9,46.51,Root_Rot,4.73
29.12,84.68,7.63,47.52,42.63,19.31,7.45,358.1,40.97,Bacterial_Leaf_Spot,27.37
39.36,93.76,40.67,10.87,10.22,25.94,5.77,281.9,24.98,Early_Blight,11.99
36.67,92.72,21.33,33.74,37.55,49.21,5.84,230.3,41.63,Early_Blight,20.8
16.36,81.62,60.33,35.14,36.58,41.6,5.92,373.9,41.55,Rust,2.69
36.5,80.78,40.08,17.79,44.4,49.76,7.4,899.5,48.89,Early_Blight,14.98
25.45,95.61,47.1,37.59,38.12,32.47,4.99,277.7,41.52,Powdery_Mildew,8.9
38.85,88.4,33.51,19.93,42.79,32.72,5.87,476.5,35.39,Early_Blight,16.6
20.98,83.73,23.6,41.87,35.42,13.58,5.31,244.4,30.31,Powdery_Mildew,19.19
41.77,74.16,22.61,28.08,27.35,35.2,8.09,814.5,48.41,Early_Blight,24.3
25.13,84.38,43.41,49.0,43.15,47.72,7.69,322.2,50.24,Rust,10.75
22.13,44.66,12.07,34.88,20.89,26.29,6.52,885.7,33.05,Healthy,27.16
20.17,89.81,53.21,40.81,15.65,47.59,6.67,569.9,49.93,Rust,5.74
25.58,83.35,40.02,47.59,48.84,17.5,7.79,323.0,43.32,Powdery_Mildew,12.01
40.51,87.5,55.71,37.93,36.1,42.37,5.1,950.5,49.24,Root_Rot,9.73
36.99,91.18,48.13,14.3,50.45,41.3,7.62,326.6,47.66,Early_Blight,9.37
32.83,34.69,46.18,25.15,44.17,32.78,6.26,635.8,47.02,Healthy,12.54
19.7,81.84,53.19,43.22,25.38,46.79,5.69,318.4,43.18,Root_Rot,7.28
30.35,68.6,13.42,12.53,12.49,24.08,6.8,810.4,30.61,Early_Blight,26.99
29.34,83.01,8.28,46.87,43.61,19.1,7.66,317.8,29.47,Bacterial_Leaf_Spot,27.24
30.57,40.22,48.83,34.18,10.51,36.07,7.84,289.8,47.29,Healthy,8.65
33.5,69.23,23.65,48.22,42.48,15.4,6.39,788.3,43.33,Healthy,21.99
29.31,28.68,59.21,49.39,45.89,34.35,5.58,373.3,43.92,Root_Rot,4.42
17.93,89.64,59.76,18.97,32.63,21.73,6.55,597.4,45.66,Rust,3.55
23.02,93.37,19.91,24.09,45.92,30.38,5.4,338.7,37.02,Powdery_Mildew,21.25
25.8,92.37,52.52,10.43,19.3,14.63,5.8,708.1,38.14,Root_Rot,7.74
22.56,50.39,57.45,48.55,29.26,24.42,5.47,702.4,49.0,Root_Rot,5.4
40.76,52.14,22.07,41.63,43.82,32.83,7.06,921.9,50.65,Healthy,25.84
29.27,86.21,47.73,47.64,25.19,12.42,7.56,531.7,50.48,Root_Rot,9.55
19.22,83.55,55.26,32.06,31.88,12.91,6.25,373.2,48.3,Rust,5.39
39.61,87.62,25.79,41.34,17.27,25.68,7.97,463.4,45.41,Bacterial_Leaf_Spot,20.53
22.02,81.5,37.12,27.29,35.03,30.59,7.63,262.6,44.41,Powdery_Mildew,12.64
38.71,88.45,38.15,41.71,49.13,48.0,8.15,921.5,53.31,Bacterial_Leaf_Spot,17.19
19.94,51.73,17.97,35.96,29.69,36.11,5.52,961.4,42.08,Healthy,23.11
26.2,90.24,27.13,46.49,28.81,36.42,7.75,874.2,41.58,Bacterial_Leaf_Spot,19.76
20.84,69.93,17.63,47.1,37.5,18.84,6.17,877.7,39.86,Healthy,23.2
17.26,93.14,57.16,29.16,15.04,38.96,5.52,490.3,41.07,Root_Rot,4.92
15.02,60.9,10.39,10.71,19.57,31.47,5.05,257.4,27.29,Healthy,24.65
20.99,90.52,29.82,47.53,30.9,16.86,7.66,190.6,41.55,Powdery_Mildew,16.29
22.86,83.4,62.92,42.22,21.81,28.56,5.81,448.6,51.06,Rust,2.32
32.25,89.35,23.61,46.85,44.94,32.22,7.56,563.3,47.97,Bacterial_Leaf_Spot,20.41
25.34,86.55,26.89,28.88,35.64,39.39,7.89,805.0,46.66,Early_Blight,19.35
14.97,49.81,45.39,34.52,25.24,37.45,5.27,811.3,45.01,Healthy,9.66
24.19,84.04,10.04,15.01,27.59,32.94,7.59,435.7,36.48,Early_Blight,25.62
17.59,85.21,63.17,27.28,36.79,38.46,6.06,627.2,50.31,Rust,1.48
34.72,84.1,61.51,28.16,44.91,46.87,7.81,744.5,57.87,Early_Blight,5.54
27.69,61.73,42.96,42.22,18.28,26.81,8.05,786.8,50.67,Healthy,12.7
26.08,66.04,50.25,22.47,35.89,44.9,7.76,251.3,52.93,Early_Blight,7.79
26.39,91.11,39.72,49.2,42.49,24.56,7.34,849.8,52.28,Bacterial_Leaf_Spot,13.96
29.86,52.57,51.54,20.33,35.53,13.32,7.96,577.2,43.71,Healthy,8.06
16.32,88.35,53.1,22.58,14.89,25.18,6.96,669.6,44.08,Rust,6.37
31.68,73.29,52.16,14.14,38.18,34.27,4.87,326.8,37.32,Root_Rot,6.51
21.9,83.86,45.92,42.22,34.74,44.95,6.33,275.7,49.27,Powdery_Mildew,9.51
15.13,91.92,55.77,22.36,13.56,27.79,7.08,830.4,50.0,Rust,4.64
41.46,92.47,36.27,25.41,41.83,25.2,5.71,755.5,45.41,Early_Blight,17.02
20.87,82.78,60.76,43.2,36.41,22.1,8.14,734.8,53.13,Rust,2.76
26.35,57.6,53.41,47.55,16.98,17.77,5.28,225.0,45.79,Healthy,6.11
33.75,71.86,15.44,19.63,12.77,13.01,4.96,908.2,31.99,Early_Blight,27.19
34.76,66.87,50.51,11.26,50.25,47.44,6.83,986.3,52.45,Early_Blight,11.32
12.48,44.49,52.74,48.47,23.66,40.44,7.99,706.3,55.44,Healthy,5.65
21.65,73.06,10.97,12.85,36.5,9.94,6.59,706.0,35.76,Healthy,26.21
30.13,90.69,27.94,45.7,18.41,30.98,8.01,259.5,43.58,Bacterial_Leaf_Spot,17.83
37.34,37.67,7.75,39.72,22.91,21.19,5.89,598.6,37.17,Healthy,28.8
15.78,69.3,58.63,33.07,31.32,41.32,5.75,456.8,47.56,Root_Rot,4.43
30.16,80.28,33.32,31.44,23.13,44.09,7.14,318.6,35.11,Early_Blight,15.75
32.08,73.76,49.51,12.15,22.06,29.65,7.26,660.1,37.6,Early_Blight,10.26
27.48,37.1,46.46,38.48,14.55,34.56,6.35,394.6,39.88,Healthy,10.07
36.4,78.05,56.84,33.54,33.39,29.29,8.07,289.9,49.28,Early_Blight,4.24
16.86,58.74,40.48,23.24,36.58,38.67,6.6,814.9,44.96,Healthy,12.63
27.95,84.45,54.7,45.75,15.09,44.35,7.7,793.5,51.7,Bacterial_Leaf_Spot,6.99
33.38,68.08,28.77,13.37,35.46,13.66,7.86,888.1,35.44,Early_Blight,20.96
24.6,87.91,46.84,46.38,17.87,26.72,7.77,239.5,43.44,Powdery_Mildew,8.69
38.49,95.59,11.8,17.88,36.87,12.61,8.07,772.3,39.99,Early_Blight,27.73
37.61,90.15,53.64,23.06,49.39,20.81,5.42,809.3,46.28,Root_Rot,8.65
21.88,35.51,27.65,43.24,36.12,29.61,6.13,450.1,39.1,Healthy,18.65
20.59,88.27,45.39,25.03,25.94,40.39,7.36,282.8,40.45,Powdery_Mildew,8.77
18.51,29.57,54.78,29.0,23.25,22.98,5.38,747.1,41.47,Root_Rot,7.46
39.77,81.41,50.88,45.56,21.73,12.76,5.31,729.0,44.78,Root_Rot,11.59
32.09,91.51,37.59,27.07,31.06,18.08,7.58,405.7,41.25,Early_Blight,14.71
12.96,87.67,54.42,29.63,32.71,34.61,7.4,836.3,50.87,Rust,5.84
14.88,77.28,29.21,38.66,21.14,38.79,7.88,358.7,39.68,Healthy,16.41
34.5,43.74,9.68,23.38,33.26,35.8,7.17,443.3,35.9,Healthy,28.19
30.51,92.54,40.08,46.59,25.4,32.67,7.46,723.8,50.97,Bacterial_Leaf_Spot,13.72
21.98,92.84,32.95,26.59,37.07,22.22,6.68,221.7,43.4,Powdery_Mildew,14.1
36.56,29.21,62.79,29.67,32.07,31.12,5.26,391.2,43.17,Root_Rot,4.59
39.23,26.56,42.5,21.8,31.44,38.81,7.75,953.5,40.59,Healthy,18.42
23.74,87.12,41.05,45.08,17.71,25.82,7.66,265.0,46.25,Powdery_Mildew,11.42
21.41,91.96,42.56,43.97,19.32,26.23,6.58,274.7,42.36,Powdery_Mildew,10.03
25.12,88.66,65.1,15.63,28.4,38.35,5.16,709.3,44.09,Early_Blight,1.62
30.03,87.44,62.58,32.17,43.8,48.1,5.24,666.5,51.53,Root_Rot,2.58
36.57,71.88,38.39,42.19,49.36,48.9,5.83,240.4,48.94,Healthy,13.76
20.41,85.89,62.59,22.22,21.88,36.81,6.3,732.6,46.78,Rust,1.68
